1776410011.529258 jaka_arm_left success 0.276758 0.310873 -0.447983 0.697589 0.361590 0.263263 0.559745 -1.159081 1.043442 1.344227 -1.242240 0.815116 -1.032958 0.475620
1776410011.537481 jaka_arm_left success 0.276747 0.310857 -0.447987 0.697609 0.361550 0.263294 0.559731 -1.159081 1.043442 1.344227 -1.242240 0.815116 -1.032958 0.475620
1776410011.545756 jaka_arm_left success 0.276729 0.310831 -0.447989 0.697617 0.361519 0.263363 0.559709 -1.159081 1.043442 1.344227 -1.242240 0.815116 -1.032958 0.475620
1776410011.554115 jaka_arm_left success 0.276713 0.310807 -0.447994 0.697627 0.361491 0.263398 0.559698 -1.159081 1.043442 1.344227 -1.242240 0.815116 -1.032958 0.475620
1776410011.562480 jaka_arm_left success 0.276751 0.310815 -0.447992 0.697856 0.360936 0.263266 0.559833 -1.159199 1.043104 1.344468 -1.242576 0.815449 -1.033287 0.475919
1776410011.570845 jaka_arm_left success 0.276737 0.310722 -0.448010 0.697665 0.360944 0.263082 0.560152 -1.159199 1.043104 1.344468 -1.242576 0.815449 -1.033287 0.475919
1776410011.579131 jaka_arm_left success 0.276701 0.310703 -0.447991 0.697671 0.360955 0.263266 0.560051 -1.159199 1.043104 1.344468 -1.242576 0.815449 -1.033287 0.475919
1776410011.587435 jaka_arm_left success 0.276664 0.310698 -0.447962 0.697796 0.361060 0.263354 0.559787 -1.159199 1.043104 1.344468 -1.242576 0.815449 -1.033287 0.475919
1776410011.595873 jaka_arm_left success 0.276645 0.310683 -0.447953 0.697797 0.361156 0.263449 0.559679 -1.159199 1.043104 1.344468 -1.242576 0.815449 -1.033287 0.475919
1776410011.604113 jaka_arm_left success 0.276645 0.310643 -0.447973 0.697658 0.361187 0.263633 0.559746 -1.159199 1.043104 1.344468 -1.242576 0.815449 -1.033287 0.475919
1776410011.612446 jaka_arm_left success 0.276629 0.310645 -0.447952 0.697769 0.361250 0.263634 0.559566 -1.159199 1.043104 1.344468 -1.242576 0.815449 -1.033287 0.475919
1776410011.620890 jaka_arm_left success 0.276618 0.310625 -0.447955 0.697771 0.361287 0.263651 0.559531 -1.159199 1.043104 1.344468 -1.242576 0.815449 -1.033287 0.475919
1776410011.629202 jaka_arm_left success 0.276612 0.310599 -0.447958 0.697803 0.361259 0.263632 0.559519 -1.159199 1.043104 1.344468 -1.242576 0.815449 -1.033287 0.475919
1776410011.637466 jaka_arm_left success 0.276605 0.310666 -0.447948 0.698081 0.360973 0.263759 0.559297 -1.159199 1.043104 1.344468 -1.242576 0.815449 -1.033287 0.475919
1776410011.645775 jaka_arm_left success 0.276609 0.310587 -0.447978 0.697798 0.361044 0.263869 0.559552 -1.159199 1.043104 1.344468 -1.242576 0.815449 -1.033287 0.475919
1776410011.654106 jaka_arm_left success 0.276598 0.310570 -0.448008 0.697648 0.361050 0.264427 0.559471 -1.159609 1.042984 1.343787 -1.242668 0.815344 -1.032849 0.476339
1776410011.662501 jaka_arm_left success 0.276580 0.310660 -0.447963 0.698117 0.360793 0.264140 0.559188 -1.159609 1.042984 1.343787 -1.242668 0.815344 -1.032849 0.476339
1776410011.670797 jaka_arm_left success 0.276568 0.310674 -0.447953 0.698211 0.360721 0.264068 0.559151 -1.159609 1.042984 1.343787 -1.242668 0.815344 -1.032849 0.476339
1776410011.679116 jaka_arm_left success 0.276548 0.310641 -0.447964 0.698115 0.360702 0.263910 0.559357 -1.159609 1.042984 1.343787 -1.242668 0.815344 -1.032849 0.476339
1776410011.687488 jaka_arm_left success 0.276533 0.310564 -0.448007 0.697744 0.360824 0.264219 0.559596 -1.159609 1.042984 1.343787 -1.242668 0.815344 -1.032849 0.476339
1776410011.695821 jaka_arm_left success 0.276522 0.310629 -0.447967 0.698076 0.360579 0.263826 0.559525 -1.159609 1.042984 1.343787 -1.242668 0.815344 -1.032849 0.476339
1776410011.704171 jaka_arm_left success 0.276507 0.310633 -0.447959 0.698141 0.360446 0.263802 0.559541 -1.159440 1.042652 1.344236 -1.242863 0.815839 -1.033194 0.476583
1776410011.712404 jaka_arm_left success 0.276450 0.310724 -0.447925 0.698521 0.360208 0.263973 0.559140 -1.159440 1.042652 1.344236 -1.242863 0.815839 -1.033194 0.476583
1776410011.720754 jaka_arm_left success 0.276416 0.310717 -0.447913 0.698591 0.360145 0.264129 0.559019 -1.159437 1.042165 1.344124 -1.242933 0.816288 -1.033051 0.477041
1776410011.729148 jaka_arm_left success 0.276408 0.310630 -0.447962 0.698195 0.360299 0.264543 0.559219 -1.159437 1.042165 1.344124 -1.242933 0.816288 -1.033051 0.477041
1776410011.737453 jaka_arm_left success 0.276428 0.310631 -0.447988 0.698173 0.360097 0.264585 0.559356 -1.159750 1.042367 1.343845 -1.243114 0.816016 -1.033019 0.477167
1776410011.745792 jaka_arm_left success 0.276355 0.310484 -0.448012 0.698047 0.360362 0.263800 0.559715 -1.159430 1.042761 1.344258 -1.242954 0.815878 -1.033250 0.476765
1776410011.754054 jaka_arm_left success 0.276341 0.310393 -0.448023 0.697798 0.360477 0.263731 0.559983 -1.159430 1.042761 1.344258 -1.242954 0.815878 -1.033250 0.476765
1776410011.762527 jaka_arm_left success 0.276330 0.310344 -0.448030 0.697720 0.360538 0.263813 0.560002 -1.159430 1.042761 1.344258 -1.242954 0.815878 -1.033250 0.476765
1776410011.770802 jaka_arm_left success 0.276324 0.310321 -0.448028 0.697761 0.360546 0.263858 0.559924 -1.159430 1.042761 1.344258 -1.242954 0.815878 -1.033250 0.476765
1776410011.779159 jaka_arm_left success 0.276323 0.310309 -0.448026 0.697770 0.360556 0.263936 0.559869 -1.159430 1.042761 1.344258 -1.242954 0.815878 -1.033250 0.476765
1776410011.787570 jaka_arm_left success 0.276320 0.310294 -0.448024 0.697790 0.360578 0.263954 0.559822 -1.159430 1.042761 1.344258 -1.242954 0.815878 -1.033250 0.476765
1776410011.795874 jaka_arm_left success 0.276324 0.310296 -0.448023 0.697828 0.360574 0.264017 0.559748 -1.159430 1.042761 1.344258 -1.242954 0.815878 -1.033250 0.476765
1776410011.804146 jaka_arm_left success 0.276331 0.310297 -0.448019 0.697857 0.360589 0.264090 0.559668 -1.159430 1.042761 1.344258 -1.242954 0.815878 -1.033250 0.476765
1776410011.812501 jaka_arm_left success 0.276344 0.310307 -0.448016 0.697886 0.360601 0.264161 0.559590 -1.159430 1.042761 1.344258 -1.242954 0.815878 -1.033250 0.476765
1776410011.820908 jaka_arm_left success 0.276351 0.310306 -0.448022 0.697889 0.360635 0.264166 0.559562 -1.159430 1.042761 1.344258 -1.242954 0.815878 -1.033250 0.476765
1776410011.829199 jaka_arm_left success 0.276366 0.310317 -0.448026 0.697892 0.360685 0.264209 0.559506 -1.159430 1.042761 1.344258 -1.242954 0.815878 -1.033250 0.476765
1776410011.837483 jaka_arm_left success 0.276372 0.310311 -0.448031 0.697862 0.360788 0.264185 0.559488 -1.159430 1.042761 1.344258 -1.242954 0.815878 -1.033250 0.476765
1776410011.845824 jaka_arm_left success 0.276388 0.310265 -0.448045 0.697566 0.361091 0.264170 0.559669 -1.159361 1.043293 1.344043 -1.242662 0.815422 -1.032981 0.476430
1776410011.854134 jaka_arm_left success 0.276405 0.310268 -0.448036 0.697543 0.361177 0.264170 0.559642 -1.159361 1.043293 1.344043 -1.242662 0.815422 -1.032981 0.476430
1776410011.862540 jaka_arm_left success 0.276442 0.310278 -0.448028 0.697607 0.361198 0.263980 0.559639 -1.159361 1.043293 1.344043 -1.242662 0.815422 -1.032981 0.476430
1776410011.870821 jaka_arm_left success 0.276462 0.310301 -0.448020 0.697665 0.361242 0.263891 0.559579 -1.159361 1.043293 1.344043 -1.242662 0.815422 -1.032981 0.476430
1776410011.879180 jaka_arm_left success 0.276533 0.310326 -0.448006 0.697464 0.361370 0.264522 0.559449 -1.159462 1.043526 1.343516 -1.242452 0.815153 -1.032471 0.476477
1776410011.887514 jaka_arm_left success 0.276556 0.310376 -0.447971 0.697648 0.361412 0.264213 0.559339 -1.159462 1.043526 1.343516 -1.242452 0.815153 -1.032471 0.476477
1776410011.896047 jaka_arm_left success 0.276622 0.310377 -0.447998 0.697502 0.361606 0.264656 0.559187 -1.159462 1.043526 1.343516 -1.242452 0.815153 -1.032471 0.476477
1776410011.904127 jaka_arm_left success 0.276648 0.310369 -0.448008 0.697420 0.361822 0.264569 0.559189 -1.159266 1.043667 1.343353 -1.242143 0.815122 -1.032104 0.476404
1776410011.912471 jaka_arm_left success 0.276698 0.310467 -0.447965 0.697782 0.361702 0.264254 0.558965 -1.159266 1.043667 1.343353 -1.242143 0.815122 -1.032104 0.476404
1776410011.920837 jaka_arm_left success 0.276729 0.310473 -0.447964 0.697700 0.361911 0.263861 0.559118 -1.159266 1.043667 1.343353 -1.242143 0.815122 -1.032104 0.476404
1776410011.929233 jaka_arm_left success 0.276766 0.310438 -0.448005 0.697313 0.362176 0.264195 0.559271 -1.159266 1.043667 1.343353 -1.242143 0.815122 -1.032104 0.476404
1776410011.937472 jaka_arm_left success 0.276810 0.310535 -0.447985 0.697523 0.362144 0.263809 0.559212 -1.159266 1.043667 1.343353 -1.242143 0.815122 -1.032104 0.476404
1776410011.945895 jaka_arm_left success 0.276769 0.310573 -0.448011 0.697202 0.362803 0.264260 0.558973 -1.158864 1.043999 1.343292 -1.241598 0.814957 -1.031691 0.476003
1776410011.954210 jaka_arm_left success 0.276797 0.310693 -0.447975 0.697554 0.362742 0.263779 0.558800 -1.158532 1.043920 1.343493 -1.241372 0.815195 -1.031586 0.475907
1776410011.962527 jaka_arm_left success 0.276820 0.310759 -0.447968 0.697592 0.362897 0.263687 0.558695 -1.158532 1.043920 1.343493 -1.241372 0.815195 -1.031586 0.475907
1776410011.970846 jaka_arm_left success 0.276843 0.310795 -0.447974 0.697524 0.362968 0.263633 0.558759 -1.158532 1.043920 1.343493 -1.241372 0.815195 -1.031586 0.475907
1776410011.979169 jaka_arm_left success 0.276819 0.310773 -0.448004 0.697132 0.363518 0.263538 0.558936 -1.158260 1.044283 1.343554 -1.241018 0.814964 -1.031406 0.475464
1776410011.987569 jaka_arm_left success 0.276807 0.310753 -0.448016 0.696957 0.363589 0.263282 0.559228 -1.158183 1.044605 1.343717 -1.240946 0.814737 -1.031484 0.475123
1776410011.995852 jaka_arm_left success 0.276814 0.310802 -0.448018 0.696932 0.363699 0.263452 0.559108 -1.158183 1.044605 1.343717 -1.240946 0.814737 -1.031484 0.475123
1776410012.004155 jaka_arm_left success 0.276804 0.310844 -0.448003 0.696987 0.363704 0.263543 0.558993 -1.158183 1.044605 1.343717 -1.240946 0.814737 -1.031484 0.475123
1776410012.012540 jaka_arm_left success 0.276793 0.310851 -0.447999 0.696974 0.363653 0.263549 0.559041 -1.158183 1.044605 1.343717 -1.240946 0.814737 -1.031484 0.475123
1776410012.020872 jaka_arm_left success 0.276770 0.310840 -0.447999 0.696935 0.363627 0.263555 0.559103 -1.158183 1.044605 1.343717 -1.240946 0.814737 -1.031484 0.475123
1776410012.029234 jaka_arm_left success 0.276728 0.310814 -0.448006 0.696897 0.363609 0.263679 0.559103 -1.158183 1.044605 1.343717 -1.240946 0.814737 -1.031484 0.475123
1776410012.037462 jaka_arm_left success 0.276704 0.310801 -0.448010 0.696952 0.363478 0.263737 0.559093 -1.158183 1.044605 1.343717 -1.240946 0.814737 -1.031484 0.475123
1776410012.045951 jaka_arm_left success 0.276710 0.310807 -0.448002 0.697153 0.362978 0.263823 0.559126 -1.158506 1.044379 1.343568 -1.241274 0.814835 -1.031536 0.475460
1776410012.054271 jaka_arm_left success 0.276693 0.310797 -0.447997 0.697304 0.362734 0.263968 0.559027 -1.158506 1.044379 1.343568 -1.241274 0.814835 -1.031536 0.475460
1776410012.062481 jaka_arm_left success 0.276664 0.310752 -0.447996 0.697330 0.362636 0.264099 0.558997 -1.158732 1.044125 1.343440 -1.241525 0.815004 -1.031533 0.475802
1776410012.070877 jaka_arm_left success 0.276605 0.310693 -0.447989 0.697390 0.362663 0.264350 0.558786 -1.158732 1.044125 1.343440 -1.241525 0.815004 -1.031533 0.475802
1776410012.079126 jaka_arm_left success 0.276639 0.310593 -0.448005 0.697371 0.362175 0.264345 0.559128 -1.158994 1.043970 1.343376 -1.241843 0.815106 -1.031637 0.476110
1776410012.087537 jaka_arm_left success 0.276618 0.310554 -0.448003 0.697497 0.361935 0.264484 0.559061 -1.158994 1.043970 1.343376 -1.241843 0.815106 -1.031637 0.476110
1776410012.095856 jaka_arm_left success 0.276550 0.310418 -0.448024 0.697170 0.362021 0.264960 0.559188 -1.159272 1.044969 1.343048 -1.242468 0.814986 -1.031358 0.477049
1776410012.104173 jaka_arm_left success 0.276496 0.310350 -0.448020 0.697211 0.361922 0.264944 0.559209 -1.159272 1.044969 1.343048 -1.242468 0.814986 -1.031358 0.477049
1776410012.112456 jaka_arm_left success 0.276474 0.310300 -0.448018 0.697220 0.361829 0.265115 0.559176 -1.159272 1.044969 1.343048 -1.242468 0.814986 -1.031358 0.477049
1776410012.120882 jaka_arm_left success 0.276424 0.310334 -0.447988 0.697522 0.361630 0.265425 0.558781 -1.158846 1.045209 1.342830 -1.242978 0.815974 -1.030708 0.478744
1776410012.129225 jaka_arm_left success 0.276370 0.310233 -0.448022 0.697508 0.361592 0.264856 0.559094 -1.158594 1.045542 1.343228 -1.242923 0.815872 -1.030965 0.478417
1776410012.137479 jaka_arm_left success 0.276335 0.310179 -0.448044 0.697389 0.361579 0.264872 0.559243 -1.158594 1.045542 1.343228 -1.242923 0.815872 -1.030965 0.478417
1776410012.145808 jaka_arm_left success 0.276321 0.310106 -0.448067 0.697170 0.361556 0.264834 0.559548 -1.158745 1.045984 1.343421 -1.243177 0.815521 -1.031336 0.478224
1776410012.154198 jaka_arm_left success 0.276302 0.310153 -0.448049 0.697498 0.361258 0.264803 0.559347 -1.158745 1.045984 1.343421 -1.243177 0.815521 -1.031336 0.478224
1776410012.162520 jaka_arm_left success 0.276303 0.310086 -0.448074 0.697168 0.361433 0.264835 0.559630 -1.158745 1.045984 1.343421 -1.243177 0.815521 -1.031336 0.478224
1776410012.170945 jaka_arm_left success 0.276302 0.310073 -0.448081 0.697097 0.361459 0.264847 0.559696 -1.158745 1.045984 1.343421 -1.243177 0.815521 -1.031336 0.478224
1776410012.179241 jaka_arm_left success 0.276294 0.310085 -0.448076 0.697145 0.361416 0.264754 0.559708 -1.158745 1.045984 1.343421 -1.243177 0.815521 -1.031336 0.478224
1776410012.187587 jaka_arm_left success 0.276293 0.310046 -0.448110 0.696855 0.361491 0.265061 0.559875 -1.158998 1.046290 1.343342 -1.243407 0.815203 -1.031498 0.478219
1776410012.195858 jaka_arm_left success 0.276284 0.310120 -0.448072 0.697149 0.361280 0.264660 0.559835 -1.158998 1.046290 1.343342 -1.243407 0.815203 -1.031498 0.478219
1776410012.204161 jaka_arm_left success 0.276276 0.310164 -0.448076 0.697241 0.361117 0.264956 0.559685 -1.158998 1.046290 1.343342 -1.243407 0.815203 -1.031498 0.478219
1776410012.212488 jaka_arm_left success 0.276274 0.310193 -0.448073 0.697289 0.361044 0.265040 0.559633 -1.159005 1.045974 1.343396 -1.243576 0.815528 -1.031586 0.478556
1776410012.220868 jaka_arm_left success 0.276285 0.310275 -0.448035 0.697618 0.360802 0.264717 0.559532 -1.159005 1.045974 1.343396 -1.243576 0.815528 -1.031586 0.478556
1776410012.229177 jaka_arm_left success 0.276279 0.310281 -0.448041 0.697598 0.360830 0.264547 0.559619 -1.158699 1.045709 1.343834 -1.243611 0.815955 -1.031861 0.478649
1776410012.237468 jaka_arm_left success 0.276281 0.310289 -0.448049 0.697572 0.360794 0.264528 0.559684 -1.158699 1.045709 1.343834 -1.243611 0.815955 -1.031861 0.478649
1776410012.245855 jaka_arm_left success 0.276279 0.310294 -0.448051 0.697570 0.360797 0.264479 0.559708 -1.158699 1.045709 1.343834 -1.243611 0.815955 -1.031861 0.478649
1776410012.254206 jaka_arm_left success 0.276282 0.310304 -0.448049 0.697608 0.360734 0.264464 0.559707 -1.158699 1.045709 1.343834 -1.243611 0.815955 -1.031861 0.478649
1776410012.262470 jaka_arm_left success 0.276271 0.310302 -0.448048 0.697591 0.360700 0.264458 0.559754 -1.158699 1.045709 1.343834 -1.243611 0.815955 -1.031861 0.478649
1776410012.270758 jaka_arm_left success 0.276254 0.310303 -0.448041 0.697654 0.360646 0.264398 0.559739 -1.158699 1.045709 1.343834 -1.243611 0.815955 -1.031861 0.478649
1776410012.279134 jaka_arm_left success 0.276239 0.310239 -0.448054 0.697421 0.360594 0.264254 0.560131 -1.158773 1.045930 1.344231 -1.243919 0.815807 -1.032437 0.478509
1776410012.287686 jaka_arm_left success 0.276214 0.310253 -0.448043 0.697307 0.360619 0.264600 0.560093 -1.158773 1.045930 1.344231 -1.243919 0.815807 -1.032437 0.478509
1776410012.295867 jaka_arm_left success 0.276198 0.310206 -0.448073 0.697145 0.360510 0.264411 0.560454 -1.158977 1.046139 1.344193 -1.244104 0.815530 -1.032650 0.478470
1776410012.304173 jaka_arm_left success 0.276184 0.310186 -0.448086 0.697094 0.360580 0.264382 0.560485 -1.158977 1.046139 1.344193 -1.244104 0.815530 -1.032650 0.478470
1776410012.312525 jaka_arm_left success 0.276182 0.310222 -0.448077 0.697304 0.360601 0.264582 0.560116 -1.158977 1.046139 1.344193 -1.244104 0.815530 -1.032650 0.478470
1776410012.320966 jaka_arm_left success 0.276195 0.310157 -0.448117 0.697040 0.360738 0.264937 0.560190 -1.159101 1.046190 1.343671 -1.243964 0.815329 -1.032270 0.478605
1776410012.329237 jaka_arm_left success 0.276161 0.310152 -0.448100 0.697047 0.360760 0.264995 0.560139 -1.159101 1.046190 1.343671 -1.243964 0.815329 -1.032270 0.478605
1776410012.337526 jaka_arm_left success 0.276156 0.310155 -0.448102 0.697020 0.360606 0.265013 0.560263 -1.159101 1.046190 1.343671 -1.243964 0.815329 -1.032270 0.478605
1776410012.345841 jaka_arm_left success 0.276162 0.310152 -0.448084 0.697088 0.360351 0.264568 0.560552 -1.159101 1.046190 1.343671 -1.243964 0.815329 -1.032270 0.478605
1776410012.354213 jaka_arm_left success 0.276149 0.310089 -0.448108 0.696760 0.360516 0.264981 0.560660 -1.159332 1.046452 1.343684 -1.244232 0.815053 -1.032571 0.478621
1776410012.362525 jaka_arm_left success 0.276158 0.310083 -0.448118 0.696722 0.360511 0.264937 0.560730 -1.159332 1.046452 1.343684 -1.244232 0.815053 -1.032571 0.478621
1776410012.370808 jaka_arm_left success 0.276164 0.310096 -0.448116 0.696789 0.360521 0.264860 0.560677 -1.159332 1.046452 1.343684 -1.244232 0.815053 -1.032571 0.478621
1776410012.379169 jaka_arm_left success 0.276180 0.310120 -0.448120 0.696871 0.360486 0.264790 0.560632 -1.159332 1.046452 1.343684 -1.244232 0.815053 -1.032571 0.478621
1776410012.387500 jaka_arm_left success 0.276187 0.310178 -0.448098 0.697143 0.360401 0.264337 0.560561 -1.158928 1.046310 1.344157 -1.244136 0.815383 -1.032849 0.478567
1776410012.395810 jaka_arm_left success 0.276223 0.310130 -0.448145 0.696812 0.360562 0.264668 0.560713 -1.158928 1.046310 1.344157 -1.244136 0.815383 -1.032849 0.478567
1776410012.404146 jaka_arm_left success 0.276241 0.310185 -0.448137 0.696905 0.360549 0.264799 0.560544 -1.158928 1.046310 1.344157 -1.244136 0.815383 -1.032849 0.478567
1776410012.412456 jaka_arm_left success 0.276257 0.310232 -0.448114 0.697197 0.360295 0.264011 0.560715 -1.158928 1.046310 1.344157 -1.244136 0.815383 -1.032849 0.478567
1776410012.420839 jaka_arm_left success 0.276261 0.310277 -0.448098 0.697139 0.360343 0.264211 0.560663 -1.158928 1.046310 1.344157 -1.244136 0.815383 -1.032849 0.478567
1776410012.429218 jaka_arm_left success 0.276253 0.310265 -0.448085 0.697223 0.360392 0.263705 0.560765 -1.158617 1.046338 1.344683 -1.244094 0.815500 -1.033265 0.478329
1776410012.437485 jaka_arm_left success 0.276267 0.310288 -0.448079 0.697260 0.360445 0.263651 0.560711 -1.158617 1.046338 1.344683 -1.244094 0.815500 -1.033265 0.478329
1776410012.445798 jaka_arm_left success 0.276287 0.310423 -0.448021 0.697815 0.360365 0.263395 0.560191 -1.158230 1.045764 1.344894 -1.243883 0.816076 -1.033230 0.478472
1776410012.454208 jaka_arm_left success 0.276347 0.310582 -0.447969 0.698186 0.360180 0.263989 0.559568 -1.158350 1.045126 1.344475 -1.243873 0.816446 -1.032883 0.478957
1776410012.462556 jaka_arm_left success 0.276407 0.310640 -0.448000 0.698144 0.360141 0.264434 0.559435 -1.158350 1.045126 1.344475 -1.243873 0.816446 -1.032883 0.478957
1776410012.470929 jaka_arm_left success 0.276439 0.310661 -0.448016 0.698113 0.360130 0.264455 0.559472 -1.158350 1.045126 1.344475 -1.243873 0.816446 -1.032883 0.478957
1776410012.479099 jaka_arm_left success 0.276450 0.310730 -0.447982 0.698391 0.360030 0.264028 0.559390 -1.158350 1.045126 1.344475 -1.243873 0.816446 -1.032883 0.478957
1776410012.487534 jaka_arm_left success 0.276458 0.310761 -0.447972 0.698453 0.360048 0.263880 0.559372 -1.158350 1.045126 1.344475 -1.243873 0.816446 -1.032883 0.478957
1776410012.495922 jaka_arm_left success 0.276515 0.310783 -0.447974 0.698523 0.359882 0.263613 0.559517 -1.158350 1.045126 1.344475 -1.243873 0.816446 -1.032883 0.478957
1776410012.504140 jaka_arm_left success 0.276546 0.310725 -0.447994 0.698166 0.360133 0.263601 0.559807 -1.158350 1.045126 1.344475 -1.243873 0.816446 -1.032883 0.478957
1776410012.512597 jaka_arm_left success 0.276561 0.310714 -0.447993 0.698164 0.360247 0.263552 0.559758 -1.158350 1.045126 1.344475 -1.243873 0.816446 -1.032883 0.478957
1776410012.520875 jaka_arm_left success 0.276588 0.310749 -0.447978 0.698255 0.360267 0.263552 0.559632 -1.158350 1.045126 1.344475 -1.243873 0.816446 -1.032883 0.478957
1776410012.529186 jaka_arm_left success 0.276603 0.310750 -0.447980 0.698227 0.360413 0.263463 0.559615 -1.158350 1.045126 1.344475 -1.243873 0.816446 -1.032883 0.478957
1776410012.537505 jaka_arm_left success 0.276617 0.310747 -0.447982 0.698227 0.360543 0.263368 0.559576 -1.158209 1.043992 1.344660 -1.243067 0.816211 -1.033117 0.477439
1776410012.545980 jaka_arm_left success 0.276650 0.310646 -0.448012 0.697820 0.360820 0.263395 0.559893 -1.158209 1.043992 1.344660 -1.243067 0.816211 -1.033117 0.477439
1776410012.554361 jaka_arm_left success 0.276678 0.310631 -0.448011 0.697790 0.361002 0.263196 0.559906 -1.158209 1.043992 1.344660 -1.243067 0.816211 -1.033117 0.477439
1776410012.562542 jaka_arm_left success 0.276668 0.310644 -0.448000 0.697826 0.361049 0.263212 0.559823 -1.158209 1.043992 1.344660 -1.243067 0.816211 -1.033117 0.477439
1776410012.570835 jaka_arm_left success 0.276692 0.310656 -0.448000 0.697843 0.361080 0.263291 0.559744 -1.158209 1.043992 1.344660 -1.243067 0.816211 -1.033117 0.477439
1776410012.579172 jaka_arm_left success 0.276705 0.310634 -0.448014 0.697766 0.361220 0.263481 0.559661 -1.158209 1.043992 1.344660 -1.243067 0.816211 -1.033117 0.477439
1776410012.587501 jaka_arm_left success 0.276717 0.310602 -0.448025 0.697609 0.361325 0.263501 0.559780 -1.158315 1.044475 1.344389 -1.242854 0.815642 -1.032912 0.477033
1776410012.595813 jaka_arm_left success 0.276750 0.310638 -0.448027 0.697730 0.361131 0.263443 0.559782 -1.158315 1.044475 1.344389 -1.242854 0.815642 -1.032912 0.477033
1776410012.604183 jaka_arm_left success 0.276771 0.310613 -0.448038 0.697601 0.361219 0.263402 0.559905 -1.158315 1.044475 1.344389 -1.242854 0.815642 -1.032912 0.477033
1776410012.612538 jaka_arm_left success 0.276760 0.310625 -0.448012 0.697727 0.361336 0.263370 0.559688 -1.158315 1.044475 1.344389 -1.242854 0.815642 -1.032912 0.477033
1776410012.620984 jaka_arm_left success 0.276765 0.310615 -0.448015 0.697722 0.361343 0.263361 0.559694 -1.158315 1.044475 1.344389 -1.242854 0.815642 -1.032912 0.477033
1776410012.629194 jaka_arm_left success 0.276765 0.310610 -0.448009 0.697719 0.361397 0.263336 0.559674 -1.158315 1.044475 1.344389 -1.242854 0.815642 -1.032912 0.477033
1776410012.637501 jaka_arm_left success 0.276760 0.310599 -0.448011 0.697693 0.361427 0.263357 0.559676 -1.158315 1.044475 1.344389 -1.242854 0.815642 -1.032912 0.477033
1776410012.645793 jaka_arm_left success 0.276763 0.310602 -0.448013 0.697702 0.361375 0.263345 0.559705 -1.158315 1.044475 1.344389 -1.242854 0.815642 -1.032912 0.477033
1776410012.654254 jaka_arm_left success 0.276754 0.310607 -0.448010 0.697729 0.361354 0.263337 0.559688 -1.158315 1.044475 1.344389 -1.242854 0.815642 -1.032912 0.477033
1776410012.662517 jaka_arm_left success 0.276737 0.310620 -0.448016 0.697811 0.361239 0.263392 0.559634 -1.158315 1.044475 1.344389 -1.242854 0.815642 -1.032912 0.477033
1776410012.670820 jaka_arm_left success 0.276728 0.310634 -0.448020 0.697880 0.361117 0.263378 0.559633 -1.158315 1.044475 1.344389 -1.242854 0.815642 -1.032912 0.477033
1776410012.679107 jaka_arm_left success 0.276694 0.310623 -0.448021 0.697846 0.361161 0.263324 0.559673 -1.158315 1.044475 1.344389 -1.242854 0.815642 -1.032912 0.477033
1776410012.687609 jaka_arm_left success 0.276655 0.310627 -0.448008 0.697846 0.361046 0.263297 0.559760 -1.158315 1.044475 1.344389 -1.242854 0.815642 -1.032912 0.477033
1776410012.695836 jaka_arm_left success 0.276651 0.310647 -0.447995 0.697933 0.360910 0.263325 0.559727 -1.158315 1.044475 1.344389 -1.242854 0.815642 -1.032912 0.477033
1776410012.704129 jaka_arm_left success 0.276634 0.310725 -0.447983 0.698266 0.360586 0.263494 0.559440 -1.158452 1.043927 1.344408 -1.243106 0.816076 -1.033006 0.477464
1776410012.712492 jaka_arm_left success 0.276610 0.310719 -0.447987 0.698319 0.360532 0.263583 0.559366 -1.158452 1.043927 1.344408 -1.243106 0.816076 -1.033006 0.477464
1776410012.720891 jaka_arm_left success 0.276593 0.310695 -0.447986 0.698355 0.360416 0.263535 0.559419 -1.158452 1.043927 1.344408 -1.243106 0.816076 -1.033006 0.477464
1776410012.729172 jaka_arm_left success 0.276583 0.310651 -0.447986 0.698281 0.360461 0.263584 0.559460 -1.158452 1.043927 1.344408 -1.243106 0.816076 -1.033006 0.477464
1776410012.737472 jaka_arm_left success 0.276581 0.310572 -0.448022 0.697988 0.360575 0.263985 0.559563 -1.158452 1.043927 1.344408 -1.243106 0.816076 -1.033006 0.477464
1776410012.745952 jaka_arm_left success 0.276568 0.310594 -0.447994 0.698248 0.360457 0.263693 0.559452 -1.158452 1.043927 1.344408 -1.243106 0.816076 -1.033006 0.477464
1776410012.754258 jaka_arm_left success 0.276549 0.310597 -0.447962 0.698424 0.360465 0.263644 0.559250 -1.158452 1.043927 1.344408 -1.243106 0.816076 -1.033006 0.477464
1776410012.762520 jaka_arm_left success 0.276538 0.310510 -0.448005 0.698112 0.360603 0.264088 0.559341 -1.158452 1.043927 1.344408 -1.243106 0.816076 -1.033006 0.477464
1776410012.770821 jaka_arm_left success 0.276534 0.310535 -0.447980 0.698317 0.360485 0.263875 0.559262 -1.158452 1.043927 1.344408 -1.243106 0.816076 -1.033006 0.477464
1776410012.779253 jaka_arm_left success 0.276490 0.310369 -0.448047 0.697896 0.360815 0.263424 0.559787 -1.158452 1.043927 1.344408 -1.243106 0.816076 -1.033006 0.477464
1776410012.787602 jaka_arm_left success 0.276491 0.310355 -0.448056 0.697876 0.360803 0.263453 0.559806 -1.158452 1.043927 1.344408 -1.243106 0.816076 -1.033006 0.477464
1776410012.795823 jaka_arm_left success 0.276503 0.310345 -0.448079 0.697802 0.360772 0.263500 0.559896 -1.158452 1.043927 1.344408 -1.243106 0.816076 -1.033006 0.477464
1776410012.804147 jaka_arm_left success 0.276488 0.310339 -0.448076 0.697785 0.360808 0.263399 0.559942 -1.158452 1.043927 1.344408 -1.243106 0.816076 -1.033006 0.477464
1776410012.812485 jaka_arm_left success 0.276484 0.310354 -0.448075 0.697793 0.360729 0.263389 0.559987 -1.158452 1.043927 1.344408 -1.243106 0.816076 -1.033006 0.477464
1776410012.820837 jaka_arm_left success 0.276485 0.310432 -0.448025 0.698170 0.360594 0.262983 0.559796 -1.158249 1.043990 1.344931 -1.243140 0.816158 -1.033411 0.477208
1776410012.829193 jaka_arm_left success 0.276505 0.310424 -0.448065 0.697957 0.360573 0.263218 0.559963 -1.158249 1.043990 1.344931 -1.243140 0.816158 -1.033411 0.477208
1776410012.837490 jaka_arm_left success 0.276546 0.310515 -0.448042 0.697988 0.360394 0.263933 0.559704 -1.158735 1.043868 1.344450 -1.243390 0.816016 -1.033262 0.477536
1776410012.845809 jaka_arm_left success 0.276546 0.310597 -0.448004 0.698256 0.360232 0.263654 0.559605 -1.158735 1.043868 1.344450 -1.243390 0.816016 -1.033262 0.477536
1776410012.854226 jaka_arm_left success 0.276555 0.310651 -0.447979 0.698402 0.360117 0.263515 0.559562 -1.158735 1.043868 1.344450 -1.243390 0.816016 -1.033262 0.477536
1776410012.862523 jaka_arm_left success 0.276566 0.310666 -0.447981 0.698367 0.360097 0.263512 0.559621 -1.158735 1.043868 1.344450 -1.243390 0.816016 -1.033262 0.477536
1776410012.870802 jaka_arm_left success 0.276569 0.310666 -0.447994 0.698273 0.360186 0.263523 0.559675 -1.158735 1.043868 1.344450 -1.243390 0.816016 -1.033262 0.477536
1776410012.879250 jaka_arm_left success 0.276580 0.310677 -0.448000 0.698264 0.360246 0.263439 0.559687 -1.158735 1.043868 1.344450 -1.243390 0.816016 -1.033262 0.477536
1776410012.887512 jaka_arm_left success 0.276595 0.310712 -0.447997 0.698327 0.360317 0.263357 0.559602 -1.158735 1.043868 1.344450 -1.243390 0.816016 -1.033262 0.477536
1776410012.895920 jaka_arm_left success 0.276618 0.310741 -0.447995 0.698382 0.360318 0.263472 0.559478 -1.158735 1.043868 1.344450 -1.243390 0.816016 -1.033262 0.477536
1776410012.904149 jaka_arm_left success 0.276632 0.310757 -0.447988 0.698358 0.360364 0.263386 0.559519 -1.158735 1.043868 1.344450 -1.243390 0.816016 -1.033262 0.477536
1776410012.912500 jaka_arm_left success 0.276660 0.310737 -0.448023 0.698162 0.360318 0.263130 0.559914 -1.158519 1.043860 1.344845 -1.243329 0.816116 -1.033531 0.477317
1776410012.920876 jaka_arm_left success 0.276688 0.310784 -0.448019 0.698214 0.360150 0.263224 0.559912 -1.158519 1.043860 1.344845 -1.243329 0.816116 -1.033531 0.477317
1776410012.929240 jaka_arm_left success 0.276696 0.310812 -0.448015 0.698235 0.360108 0.263148 0.559949 -1.158519 1.043860 1.344845 -1.243329 0.816116 -1.033531 0.477317
1776410012.937489 jaka_arm_left success 0.276702 0.310831 -0.448014 0.698215 0.360135 0.263120 0.559970 -1.158519 1.043860 1.344845 -1.243329 0.816116 -1.033531 0.477317
1776410012.945828 jaka_arm_left success 0.276715 0.310844 -0.448016 0.698200 0.360136 0.263084 0.560005 -1.158519 1.043860 1.344845 -1.243329 0.816116 -1.033531 0.477317
1776410012.954260 jaka_arm_left success 0.276737 0.310767 -0.448029 0.697892 0.360416 0.262879 0.560305 -1.158519 1.043860 1.344845 -1.243329 0.816116 -1.033531 0.477317
1776410012.962522 jaka_arm_left success 0.276777 0.310749 -0.448050 0.697787 0.360531 0.262747 0.560423 -1.159560 1.042645 1.344871 -1.242252 0.814832 -1.034533 0.474980
1776410012.970852 jaka_arm_left success 0.276804 0.310767 -0.448058 0.697786 0.360530 0.262641 0.560475 -1.159560 1.042645 1.344871 -1.242252 0.814832 -1.034533 0.474980
1776410012.979104 jaka_arm_left success 0.276810 0.310856 -0.448044 0.697960 0.360547 0.262735 0.560203 -1.159560 1.042645 1.344871 -1.242252 0.814832 -1.034533 0.474980
1776410012.987549 jaka_arm_left success 0.276757 0.310886 -0.448040 0.697875 0.361056 0.262934 0.559889 -1.159348 1.042254 1.344750 -1.241984 0.815212 -1.034190 0.475174
1776410012.995855 jaka_arm_left success 0.276762 0.310880 -0.448045 0.697759 0.361135 0.262879 0.560007 -1.159348 1.042254 1.344750 -1.241984 0.815212 -1.034190 0.475174
1776410013.004113 jaka_arm_left success 0.276758 0.310883 -0.448055 0.697675 0.361136 0.262845 0.560127 -1.159348 1.042254 1.344750 -1.241984 0.815212 -1.034190 0.475174
1776410013.012516 jaka_arm_left success 0.276758 0.310897 -0.448058 0.697627 0.361143 0.262815 0.560197 -1.159348 1.042254 1.344750 -1.241984 0.815212 -1.034190 0.475174
1776410013.020833 jaka_arm_left success 0.276755 0.310919 -0.448060 0.697624 0.361065 0.262740 0.560286 -1.159348 1.042254 1.344750 -1.241984 0.815212 -1.034190 0.475174
1776410013.029199 jaka_arm_left success 0.276742 0.310935 -0.448068 0.697607 0.361073 0.262698 0.560321 -1.159348 1.042254 1.344750 -1.241984 0.815212 -1.034190 0.475174
1776410013.037481 jaka_arm_left success 0.276736 0.310948 -0.448070 0.697602 0.361060 0.262666 0.560352 -1.159348 1.042254 1.344750 -1.241984 0.815212 -1.034190 0.475174
1776410013.045797 jaka_arm_left success 0.276737 0.310978 -0.448064 0.697658 0.360970 0.262725 0.560312 -1.159348 1.042254 1.344750 -1.241984 0.815212 -1.034190 0.475174
1776410013.054153 jaka_arm_left success 0.276712 0.310980 -0.448053 0.697636 0.360933 0.262668 0.560389 -1.159348 1.042254 1.344750 -1.241984 0.815212 -1.034190 0.475174
1776410013.062508 jaka_arm_left success 0.276701 0.310960 -0.448059 0.697544 0.360877 0.262569 0.560587 -1.159483 1.042608 1.345088 -1.242214 0.814915 -1.034693 0.474905
1776410013.070819 jaka_arm_left success 0.276689 0.311001 -0.448040 0.697794 0.360686 0.262615 0.560377 -1.159483 1.042608 1.345088 -1.242214 0.814915 -1.034693 0.474905
1776410013.079190 jaka_arm_left success 0.276683 0.310991 -0.448040 0.697841 0.360621 0.262636 0.560350 -1.159483 1.042608 1.345088 -1.242214 0.814915 -1.034693 0.474905
1776410013.087610 jaka_arm_left success 0.276678 0.310999 -0.448037 0.698009 0.360499 0.262717 0.560182 -1.159533 1.042154 1.345074 -1.242325 0.815292 -1.034700 0.475257
1776410013.095821 jaka_arm_left success 0.276733 0.310952 -0.448047 0.698125 0.360026 0.262524 0.560432 -1.159643 1.041926 1.345320 -1.242597 0.815506 -1.035050 0.475437
1776410013.104136 jaka_arm_left success 0.276748 0.310911 -0.448057 0.698071 0.360022 0.262552 0.560488 -1.159643 1.041926 1.345320 -1.242597 0.815506 -1.035050 0.475437
1776410013.112466 jaka_arm_left success 0.276752 0.310952 -0.448033 0.698311 0.360003 0.262679 0.560143 -1.159643 1.041926 1.345320 -1.242597 0.815506 -1.035050 0.475437
1776410013.120902 jaka_arm_left success 0.276757 0.310948 -0.448041 0.698360 0.359926 0.262628 0.560155 -1.159643 1.041926 1.345320 -1.242597 0.815506 -1.035050 0.475437
1776410013.129204 jaka_arm_left success 0.276742 0.310945 -0.448034 0.698385 0.360035 0.262590 0.560071 -1.159643 1.041926 1.345320 -1.242597 0.815506 -1.035050 0.475437
1776410013.137491 jaka_arm_left success 0.276740 0.310947 -0.448032 0.698415 0.360019 0.262574 0.560052 -1.159643 1.041926 1.345320 -1.242597 0.815506 -1.035050 0.475437
1776410013.145884 jaka_arm_left success 0.276746 0.310916 -0.448041 0.698257 0.359943 0.262567 0.560301 -1.159643 1.041926 1.345320 -1.242597 0.815506 -1.035050 0.475437
1776410013.154219 jaka_arm_left success 0.276725 0.310898 -0.448039 0.698217 0.359938 0.262556 0.560359 -1.159643 1.041926 1.345320 -1.242597 0.815506 -1.035050 0.475437
1776410013.162514 jaka_arm_left success 0.276712 0.310900 -0.448026 0.698248 0.359898 0.262522 0.560362 -1.159643 1.041926 1.345320 -1.242597 0.815506 -1.035050 0.475437
1776410013.170846 jaka_arm_left success 0.276706 0.310888 -0.448033 0.698197 0.359904 0.262509 0.560427 -1.159643 1.041926 1.345320 -1.242597 0.815506 -1.035050 0.475437
1776410013.179194 jaka_arm_left success 0.276717 0.310889 -0.448039 0.698161 0.359851 0.262537 0.560493 -1.159643 1.041926 1.345320 -1.242597 0.815506 -1.035050 0.475437
1776410013.187615 jaka_arm_left success 0.276732 0.310893 -0.448050 0.698175 0.359817 0.262452 0.560537 -1.159643 1.041926 1.345320 -1.242597 0.815506 -1.035050 0.475437
1776410013.195823 jaka_arm_left success 0.276739 0.310898 -0.448045 0.698239 0.359815 0.262407 0.560481 -1.159643 1.041926 1.345320 -1.242597 0.815506 -1.035050 0.475437
1776410013.204156 jaka_arm_left success 0.276743 0.310888 -0.448049 0.698155 0.359885 0.262477 0.560506 -1.159643 1.041926 1.345320 -1.242597 0.815506 -1.035050 0.475437
1776410013.212516 jaka_arm_left success 0.276731 0.310876 -0.448058 0.698128 0.359939 0.262471 0.560509 -1.159643 1.041926 1.345320 -1.242597 0.815506 -1.035050 0.475437
1776410013.220869 jaka_arm_left success 0.276727 0.310878 -0.448049 0.698184 0.359909 0.262480 0.560455 -1.159643 1.041926 1.345320 -1.242597 0.815506 -1.035050 0.475437
1776410013.229186 jaka_arm_left success 0.276723 0.310887 -0.448036 0.698249 0.359794 0.262560 0.560409 -1.159643 1.041926 1.345320 -1.242597 0.815506 -1.035050 0.475437
1776410013.237508 jaka_arm_left success 0.276693 0.310879 -0.448038 0.698270 0.359792 0.262596 0.560367 -1.159643 1.041926 1.345320 -1.242597 0.815506 -1.035050 0.475437
1776410013.245829 jaka_arm_left success 0.276676 0.310882 -0.448034 0.698287 0.359765 0.262666 0.560331 -1.159643 1.041926 1.345320 -1.242597 0.815506 -1.035050 0.475437
1776410013.254164 jaka_arm_left success 0.276673 0.310881 -0.448032 0.698320 0.359662 0.262663 0.560357 -1.159643 1.041926 1.345320 -1.242597 0.815506 -1.035050 0.475437
1776410013.262505 jaka_arm_left success 0.276657 0.310849 -0.448040 0.698279 0.359636 0.262528 0.560489 -1.159753 1.041721 1.345488 -1.242823 0.815683 -1.035323 0.475614
1776410013.270808 jaka_arm_left success 0.276645 0.310829 -0.448042 0.698257 0.359560 0.262583 0.560540 -1.159753 1.041721 1.345488 -1.242823 0.815683 -1.035323 0.475614
1776410013.279217 jaka_arm_left success 0.276615 0.310881 -0.448027 0.698606 0.359248 0.262699 0.560250 -1.159845 1.041352 1.345501 -1.242976 0.815980 -1.035405 0.475929
1776410013.287499 jaka_arm_left success 0.276586 0.310865 -0.448033 0.698632 0.359133 0.262858 0.560217 -1.159845 1.041352 1.345501 -1.242976 0.815980 -1.035405 0.475929
1776410013.295829 jaka_arm_left success 0.276522 0.310825 -0.448020 0.698589 0.359202 0.263128 0.560099 -1.159845 1.041352 1.345501 -1.242976 0.815980 -1.035405 0.475929
1776410013.304136 jaka_arm_left success 0.276467 0.310683 -0.448066 0.698456 0.359274 0.262415 0.560553 -1.159845 1.041352 1.345501 -1.242976 0.815980 -1.035405 0.475929
1776410013.312432 jaka_arm_left success 0.276405 0.310587 -0.448050 0.698335 0.359514 0.262438 0.560539 -1.159845 1.041352 1.345501 -1.242976 0.815980 -1.035405 0.475929
1776410013.320865 jaka_arm_left success 0.276386 0.310379 -0.448115 0.697644 0.359705 0.262369 0.561309 -1.159890 1.042274 1.345807 -1.242983 0.815205 -1.035856 0.475236
1776410013.329112 jaka_arm_left success 0.276390 0.310388 -0.448115 0.697763 0.359694 0.262521 0.561097 -1.159890 1.042274 1.345807 -1.242983 0.815205 -1.035856 0.475236
1776410013.337510 jaka_arm_left success 0.276387 0.310443 -0.448096 0.698080 0.359605 0.262840 0.560610 -1.159985 1.041906 1.345513 -1.242971 0.815454 -1.035613 0.475626
1776410013.345824 jaka_arm_left success 0.276380 0.310381 -0.448107 0.697999 0.359593 0.262717 0.560777 -1.159985 1.041906 1.345513 -1.242971 0.815454 -1.035613 0.475626
1776410013.354289 jaka_arm_left success 0.276366 0.310378 -0.448091 0.698137 0.359633 0.262946 0.560472 -1.159985 1.041906 1.345513 -1.242971 0.815454 -1.035613 0.475626
1776410013.362561 jaka_arm_left success 0.276351 0.310277 -0.448102 0.697897 0.359715 0.262930 0.560725 -1.159985 1.041906 1.345513 -1.242971 0.815454 -1.035613 0.475626
1776410013.370864 jaka_arm_left success 0.276345 0.310235 -0.448110 0.697774 0.359723 0.263059 0.560812 -1.159985 1.041906 1.345513 -1.242971 0.815454 -1.035613 0.475626
1776410013.379120 jaka_arm_left success 0.276344 0.310243 -0.448107 0.697840 0.359655 0.263166 0.560724 -1.159985 1.041906 1.345513 -1.242971 0.815454 -1.035613 0.475626
1776410013.387496 jaka_arm_left success 0.276346 0.310250 -0.448109 0.697853 0.359591 0.263178 0.560743 -1.159985 1.041906 1.345513 -1.242971 0.815454 -1.035613 0.475626
1776410013.395921 jaka_arm_left success 0.276352 0.310256 -0.448105 0.697874 0.359646 0.263147 0.560697 -1.159985 1.041906 1.345513 -1.242971 0.815454 -1.035613 0.475626
1776410013.404159 jaka_arm_left success 0.276351 0.310261 -0.448101 0.697871 0.359730 0.263047 0.560694 -1.159985 1.041906 1.345513 -1.242971 0.815454 -1.035613 0.475626
1776410013.412571 jaka_arm_left success 0.276354 0.310272 -0.448098 0.697858 0.359805 0.263038 0.560666 -1.159985 1.041906 1.345513 -1.242971 0.815454 -1.035613 0.475626
1776410013.420900 jaka_arm_left success 0.276356 0.310335 -0.448078 0.698049 0.359787 0.263109 0.560405 -1.159985 1.041906 1.345513 -1.242971 0.815454 -1.035613 0.475626
1776410013.429216 jaka_arm_left success 0.276354 0.310372 -0.448067 0.698143 0.359734 0.263177 0.560291 -1.159985 1.041906 1.345513 -1.242971 0.815454 -1.035613 0.475626
1776410013.437464 jaka_arm_left success 0.276347 0.310305 -0.448089 0.697863 0.359753 0.263008 0.560707 -1.159985 1.041906 1.345513 -1.242971 0.815454 -1.035613 0.475626
1776410013.445847 jaka_arm_left success 0.276358 0.310394 -0.448071 0.698125 0.359463 0.262596 0.560759 -1.159985 1.041906 1.345513 -1.242971 0.815454 -1.035613 0.475626
1776410013.454242 jaka_arm_left success 0.276344 0.310341 -0.448088 0.697876 0.359655 0.262857 0.560824 -1.159985 1.041906 1.345513 -1.242971 0.815454 -1.035613 0.475626
1776410013.462549 jaka_arm_left success 0.276358 0.310348 -0.448089 0.697814 0.359636 0.262763 0.560957 -1.159985 1.041906 1.345513 -1.242971 0.815454 -1.035613 0.475626
1776410013.470809 jaka_arm_left success 0.276343 0.310389 -0.448056 0.698054 0.359600 0.262500 0.560805 -1.159985 1.041906 1.345513 -1.242971 0.815454 -1.035613 0.475626
1776410013.479199 jaka_arm_left success 0.276354 0.310336 -0.448097 0.697781 0.359742 0.262842 0.560894 -1.159985 1.041906 1.345513 -1.242971 0.815454 -1.035613 0.475626
1776410013.487592 jaka_arm_left success 0.276346 0.310319 -0.448102 0.697721 0.359810 0.262911 0.560892 -1.159985 1.041906 1.345513 -1.242971 0.815454 -1.035613 0.475626
1776410013.495895 jaka_arm_left success 0.276336 0.310331 -0.448100 0.697778 0.359756 0.262921 0.560851 -1.159985 1.041906 1.345513 -1.242971 0.815454 -1.035613 0.475626
1776410013.504215 jaka_arm_left success 0.276314 0.310329 -0.448064 0.697928 0.359697 0.262551 0.560875 -1.159985 1.041906 1.345513 -1.242971 0.815454 -1.035613 0.475626
1776410013.512588 jaka_arm_left success 0.276325 0.310308 -0.448084 0.697798 0.359759 0.262943 0.560813 -1.159985 1.041906 1.345513 -1.242971 0.815454 -1.035613 0.475626
1776410013.520831 jaka_arm_left success 0.276321 0.310317 -0.448080 0.697842 0.359724 0.263156 0.560682 -1.159985 1.041906 1.345513 -1.242971 0.815454 -1.035613 0.475626
1776410013.529197 jaka_arm_left success 0.276329 0.310298 -0.448098 0.697783 0.359708 0.263167 0.560759 -1.159985 1.041906 1.345513 -1.242971 0.815454 -1.035613 0.475626
1776410013.537490 jaka_arm_left success 0.276324 0.310292 -0.448111 0.697767 0.359648 0.263148 0.560828 -1.159985 1.041906 1.345513 -1.242971 0.815454 -1.035613 0.475626
1776410013.545991 jaka_arm_left success 0.276317 0.310289 -0.448101 0.697824 0.359621 0.263155 0.560770 -1.159985 1.041906 1.345513 -1.242971 0.815454 -1.035613 0.475626
1776410013.554168 jaka_arm_left success 0.276320 0.310267 -0.448106 0.697810 0.359641 0.263239 0.560735 -1.159985 1.041906 1.345513 -1.242971 0.815454 -1.035613 0.475626
1776410013.562506 jaka_arm_left success 0.276297 0.310287 -0.448077 0.698003 0.359589 0.263129 0.560580 -1.159985 1.041906 1.345513 -1.242971 0.815454 -1.035613 0.475626
1776410013.570855 jaka_arm_left success 0.276315 0.310245 -0.448100 0.697862 0.359632 0.263314 0.560641 -1.159985 1.041906 1.345513 -1.242971 0.815454 -1.035613 0.475626
1776410013.579218 jaka_arm_left success 0.276319 0.310162 -0.448137 0.697525 0.359841 0.263739 0.560728 -1.159760 1.044346 1.344388 -1.242480 0.815168 -1.034895 0.478191
1776410013.587560 jaka_arm_left success 0.276319 0.310164 -0.448145 0.697505 0.359778 0.263737 0.560794 -1.159760 1.044346 1.344388 -1.242480 0.815168 -1.034895 0.478191
1776410013.595799 jaka_arm_left success 0.276344 0.310246 -0.448096 0.697976 0.359275 0.263310 0.560731 -1.159659 1.043982 1.345032 -1.242829 0.815670 -1.035538 0.478411
1776410013.604150 jaka_arm_left success 0.276323 0.310243 -0.448093 0.697888 0.359605 0.263277 0.560644 -1.159659 1.043982 1.345032 -1.242829 0.815670 -1.035538 0.478411
1776410013.612632 jaka_arm_left success 0.276325 0.310185 -0.448138 0.697521 0.359854 0.263655 0.560764 -1.159659 1.043982 1.345032 -1.242829 0.815670 -1.035538 0.478411
1776410013.620855 jaka_arm_left success 0.276334 0.310254 -0.448112 0.697814 0.359734 0.263320 0.560633 -1.159659 1.043982 1.345032 -1.242829 0.815670 -1.035538 0.478411
1776410013.629214 jaka_arm_left success 0.276344 0.310264 -0.448120 0.697838 0.359770 0.263303 0.560588 -1.159659 1.043982 1.345032 -1.242829 0.815670 -1.035538 0.478411
1776410013.637463 jaka_arm_left success 0.276343 0.310271 -0.448118 0.697809 0.359836 0.263247 0.560608 -1.159659 1.043982 1.345032 -1.242829 0.815670 -1.035538 0.478411
1776410013.645886 jaka_arm_left success 0.276340 0.310269 -0.448121 0.697721 0.359910 0.263177 0.560703 -1.159422 1.044216 1.345086 -1.242521 0.815508 -1.035446 0.478088
1776410013.654225 jaka_arm_left success 0.276330 0.310288 -0.448107 0.697729 0.359945 0.263140 0.560687 -1.159422 1.044216 1.345086 -1.242521 0.815508 -1.035446 0.478088
1776410013.662649 jaka_arm_left success 0.276327 0.310311 -0.448094 0.697762 0.359919 0.263057 0.560703 -1.159422 1.044216 1.345086 -1.242521 0.815508 -1.035446 0.478088
1776410013.670833 jaka_arm_left success 0.276327 0.310300 -0.448097 0.697668 0.359975 0.263094 0.560767 -1.159422 1.044216 1.345086 -1.242521 0.815508 -1.035446 0.478088
1776410013.679242 jaka_arm_left success 0.276336 0.310321 -0.448087 0.697754 0.359872 0.263085 0.560730 -1.159422 1.044216 1.345086 -1.242521 0.815508 -1.035446 0.478088
1776410013.687620 jaka_arm_left success 0.276331 0.310323 -0.448085 0.697743 0.359930 0.263102 0.560699 -1.159422 1.044216 1.345086 -1.242521 0.815508 -1.035446 0.478088
1776410013.695863 jaka_arm_left success 0.276342 0.310326 -0.448097 0.697764 0.359873 0.263083 0.560718 -1.159422 1.044216 1.345086 -1.242521 0.815508 -1.035446 0.478088
1776410013.704166 jaka_arm_left success 0.276345 0.310325 -0.448093 0.697769 0.359859 0.262974 0.560772 -1.159422 1.044216 1.345086 -1.242521 0.815508 -1.035446 0.478088
1776410013.712551 jaka_arm_left success 0.276337 0.310381 -0.448057 0.698080 0.359690 0.262749 0.560598 -1.159422 1.044216 1.345086 -1.242521 0.815508 -1.035446 0.478088
1776410013.720906 jaka_arm_left success 0.276345 0.310394 -0.448054 0.698163 0.359586 0.262556 0.560652 -1.159079 1.043959 1.345596 -1.242448 0.815879 -1.035755 0.477996
1776410013.729198 jaka_arm_left success 0.276349 0.310313 -0.448092 0.697857 0.359718 0.263019 0.560732 -1.159079 1.043959 1.345596 -1.242448 0.815879 -1.035755 0.477996
1776410013.737469 jaka_arm_left success 0.276343 0.310274 -0.448106 0.697745 0.359810 0.263151 0.560750 -1.159079 1.043959 1.345596 -1.242448 0.815879 -1.035755 0.477996
1776410013.745761 jaka_arm_left success 0.276337 0.310292 -0.448103 0.697819 0.359733 0.263222 0.560674 -1.159079 1.043959 1.345596 -1.242448 0.815879 -1.035755 0.477996
1776410013.754194 jaka_arm_left success 0.276332 0.310274 -0.448097 0.697825 0.359808 0.263209 0.560625 -1.159079 1.043959 1.345596 -1.242448 0.815879 -1.035755 0.477996
1776410013.762541 jaka_arm_left success 0.276344 0.310263 -0.448100 0.697763 0.359857 0.263192 0.560677 -1.159079 1.043959 1.345596 -1.242448 0.815879 -1.035755 0.477996
1776410013.770783 jaka_arm_left success 0.276357 0.310331 -0.448090 0.697950 0.359842 0.263326 0.560392 -1.159377 1.043909 1.344986 -1.242367 0.815656 -1.035343 0.478148
1776410013.779181 jaka_arm_left success 0.276366 0.310376 -0.448081 0.698081 0.359785 0.263284 0.560284 -1.159377 1.043909 1.344986 -1.242367 0.815656 -1.035343 0.478148
1776410013.787505 jaka_arm_left success 0.276378 0.310392 -0.448079 0.698079 0.359826 0.263291 0.560258 -1.159377 1.043909 1.344986 -1.242367 0.815656 -1.035343 0.478148
1776410013.795842 jaka_arm_left success 0.276374 0.310397 -0.448072 0.698019 0.359923 0.263324 0.560255 -1.159377 1.043909 1.344986 -1.242367 0.815656 -1.035343 0.478148
1776410013.804162 jaka_arm_left success 0.276375 0.310414 -0.448064 0.698006 0.359965 0.263322 0.560245 -1.159377 1.043909 1.344986 -1.242367 0.815656 -1.035343 0.478148
1776410013.812478 jaka_arm_left success 0.276364 0.310480 -0.448028 0.698239 0.359936 0.262951 0.560147 -1.159377 1.043909 1.344986 -1.242367 0.815656 -1.035343 0.478148
1776410013.820858 jaka_arm_left success 0.276387 0.310540 -0.448037 0.698346 0.359778 0.262809 0.560182 -1.159377 1.043909 1.344986 -1.242367 0.815656 -1.035343 0.478148
1776410013.829135 jaka_arm_left success 0.276395 0.310506 -0.448078 0.698003 0.359967 0.263121 0.560341 -1.159377 1.043909 1.344986 -1.242367 0.815656 -1.035343 0.478148
1776410013.837570 jaka_arm_left success 0.276392 0.310607 -0.448047 0.698360 0.359877 0.262849 0.560083 -1.159013 1.043633 1.345173 -1.242088 0.815987 -1.035265 0.478092
1776410013.845774 jaka_arm_left success 0.276422 0.310635 -0.448068 0.698341 0.359675 0.262710 0.560301 -1.159013 1.043633 1.345173 -1.242088 0.815987 -1.035265 0.478092
1776410013.854315 jaka_arm_left success 0.276434 0.310657 -0.448064 0.698350 0.359624 0.262621 0.560365 -1.159455 1.042203 1.345337 -1.241589 0.815682 -1.036164 0.476961
1776410013.862770 jaka_arm_left success 0.276435 0.310601 -0.448106 0.698024 0.359725 0.263046 0.560507 -1.159822 1.042361 1.345049 -1.241752 0.815370 -1.036151 0.477021
1776410013.870855 jaka_arm_left success 0.276427 0.310643 -0.448078 0.698237 0.359597 0.262769 0.560453 -1.159822 1.042361 1.345049 -1.241752 0.815370 -1.036151 0.477021
1776410013.879356 jaka_arm_left success 0.276398 0.310608 -0.448079 0.698072 0.359839 0.263130 0.560334 -1.159822 1.042361 1.345049 -1.241752 0.815370 -1.036151 0.477021
1776410013.887499 jaka_arm_left success 0.276441 0.310629 -0.448061 0.697951 0.359464 0.263178 0.560703 -1.159822 1.042361 1.345049 -1.241752 0.815370 -1.036151 0.477021
1776410013.895869 jaka_arm_left success 0.276393 0.310592 -0.448036 0.697936 0.359545 0.263010 0.560749 -1.159822 1.042361 1.345049 -1.241752 0.815370 -1.036151 0.477021
1776410013.904157 jaka_arm_left success 0.276321 0.310464 -0.448077 0.697754 0.359806 0.262237 0.561169 -1.159658 1.042880 1.345587 -1.241747 0.815047 -1.036663 0.476481
1776410013.912510 jaka_arm_left success 0.276311 0.310451 -0.448078 0.697731 0.359764 0.262351 0.561172 -1.159658 1.042880 1.345587 -1.241747 0.815047 -1.036663 0.476481
1776410013.920857 jaka_arm_left success 0.276309 0.310393 -0.448116 0.697503 0.359651 0.262483 0.561466 -1.159980 1.043062 1.345577 -1.242023 0.814775 -1.036952 0.476481
1776410013.929198 jaka_arm_left success 0.276285 0.310367 -0.448126 0.697473 0.359576 0.262658 0.561469 -1.159980 1.043062 1.345577 -1.242023 0.814775 -1.036952 0.476481
1776410013.937469 jaka_arm_left success 0.276297 0.310302 -0.448155 0.697311 0.359613 0.262915 0.561526 -1.160193 1.043512 1.344993 -1.241258 0.814322 -1.037569 0.477523
1776410013.945904 jaka_arm_left success 0.276265 0.310195 -0.448185 0.696997 0.359757 0.263337 0.561626 -1.160209 1.045382 1.344191 -1.239962 0.813691 -1.038177 0.479732
1776410013.954237 jaka_arm_left success 0.276274 0.310169 -0.448194 0.697021 0.359700 0.263484 0.561564 -1.160209 1.045382 1.344191 -1.239962 0.813691 -1.038177 0.479732
1776410013.962453 jaka_arm_left success 0.276269 0.310199 -0.448162 0.697350 0.359539 0.263099 0.561439 -1.159952 1.044959 1.344658 -1.240009 0.814232 -1.038475 0.479889
1776410013.970818 jaka_arm_left success 0.276268 0.310122 -0.448192 0.697059 0.359679 0.263389 0.561574 -1.159952 1.044959 1.344658 -1.240009 0.814232 -1.038475 0.479889
1776410013.979240 jaka_arm_left success 0.276269 0.310119 -0.448190 0.697050 0.359677 0.263516 0.561527 -1.159952 1.044959 1.344658 -1.240009 0.814232 -1.038475 0.479889
1776410013.987528 jaka_arm_left success 0.276273 0.310195 -0.448135 0.697456 0.359491 0.263101 0.561337 -1.159952 1.044959 1.344658 -1.240009 0.814232 -1.038475 0.479889
1776410013.995792 jaka_arm_left success 0.276279 0.310220 -0.448123 0.697511 0.359403 0.263098 0.561326 -1.159952 1.044959 1.344658 -1.240009 0.814232 -1.038475 0.479889
1776410014.004119 jaka_arm_left success 0.276282 0.310278 -0.448087 0.697731 0.359351 0.262851 0.561202 -1.159952 1.044959 1.344658 -1.240009 0.814232 -1.038475 0.479889
1776410014.020908 jaka_arm_left success 0.276292 0.310315 -0.448074 0.697861 0.359286 0.262575 0.561212 -1.160021 1.043409 1.345147 -1.239651 0.814854 -1.039045 0.479514
1776410014.029171 jaka_arm_left success 0.276324 0.310353 -0.448086 0.697737 0.359706 0.263214 0.560797 -1.160095 1.043595 1.344570 -1.239279 0.814509 -1.038465 0.479388
1776410014.037453 jaka_arm_left success 0.276342 0.310352 -0.448107 0.697611 0.359884 0.263347 0.560778 -1.160095 1.043595 1.344570 -1.239279 0.814509 -1.038465 0.479388
1776410014.045937 jaka_arm_left success 0.276350 0.310371 -0.448108 0.697587 0.359992 0.263257 0.560779 -1.160095 1.043595 1.344570 -1.239279 0.814509 -1.038465 0.479388
1776410014.054318 jaka_arm_left success 0.276376 0.310400 -0.448102 0.697596 0.360001 0.263136 0.560820 -1.160095 1.043595 1.344570 -1.239279 0.814509 -1.038465 0.479388
1776410014.062459 jaka_arm_left success 0.276365 0.310382 -0.448103 0.697486 0.360028 0.262930 0.561036 -1.160095 1.043595 1.344570 -1.239279 0.814509 -1.038465 0.479388
1776410014.070819 jaka_arm_left success 0.276405 0.310441 -0.448103 0.697529 0.359992 0.262987 0.560978 -1.160095 1.043595 1.344570 -1.239279 0.814509 -1.038465 0.479388
1776410014.079152 jaka_arm_left success 0.276413 0.310453 -0.448096 0.697533 0.359901 0.262674 0.561179 -1.159978 1.043867 1.344795 -1.239170 0.814323 -1.038621 0.479046
1776410014.087589 jaka_arm_left success 0.276455 0.310569 -0.448070 0.697664 0.359819 0.263278 0.560785 -1.159978 1.043867 1.344795 -1.239170 0.814323 -1.038621 0.479046
1776410014.095811 jaka_arm_left success 0.276450 0.310557 -0.448074 0.697564 0.359895 0.263151 0.560920 -1.159978 1.043867 1.344795 -1.239170 0.814323 -1.038621 0.479046
1776410014.104155 jaka_arm_left success 0.276469 0.310606 -0.448070 0.697649 0.359942 0.263350 0.560691 -1.159978 1.043867 1.344795 -1.239170 0.814323 -1.038621 0.479046
1776410014.112635 jaka_arm_left success 0.276466 0.310599 -0.448080 0.697622 0.360006 0.263424 0.560649 -1.160212 1.043618 1.344218 -1.239077 0.814332 -1.038143 0.479338
1776410014.120867 jaka_arm_left success 0.276470 0.310593 -0.448082 0.697585 0.360086 0.263389 0.560660 -1.160212 1.043618 1.344218 -1.239077 0.814332 -1.038143 0.479338
1776410014.129180 jaka_arm_left success 0.276473 0.310590 -0.448085 0.697602 0.360052 0.263477 0.560620 -1.160212 1.043618 1.344218 -1.239077 0.814332 -1.038143 0.479338
1776410014.137463 jaka_arm_left success 0.276467 0.310573 -0.448086 0.697580 0.360027 0.263434 0.560683 -1.160212 1.043618 1.344218 -1.239077 0.814332 -1.038143 0.479338
1776410014.146272 jaka_arm_left success 0.276424 0.310476 -0.448115 0.697493 0.360077 0.262876 0.561021 -1.160212 1.043618 1.344218 -1.239077 0.814332 -1.038143 0.479338
1776410014.154318 jaka_arm_left success 0.276417 0.310478 -0.448100 0.697602 0.359981 0.262878 0.560946 -1.160212 1.043618 1.344218 -1.239077 0.814332 -1.038143 0.479338
1776410014.162486 jaka_arm_left success 0.276385 0.310417 -0.448096 0.697563 0.359954 0.262799 0.561049 -1.160212 1.043618 1.344218 -1.239077 0.814332 -1.038143 0.479338
1776410014.170827 jaka_arm_left success 0.276372 0.310407 -0.448097 0.697578 0.360009 0.263019 0.560892 -1.160212 1.043618 1.344218 -1.239077 0.814332 -1.038143 0.479338
1776410014.179111 jaka_arm_left success 0.276357 0.310361 -0.448102 0.697527 0.360034 0.262949 0.560972 -1.160212 1.043618 1.344218 -1.239077 0.814332 -1.038143 0.479338
1776410014.187489 jaka_arm_left success 0.276368 0.310370 -0.448107 0.697581 0.359999 0.263178 0.560820 -1.160212 1.043618 1.344218 -1.239077 0.814332 -1.038143 0.479338
1776410014.195786 jaka_arm_left success 0.276370 0.310365 -0.448110 0.697593 0.359999 0.263230 0.560780 -1.160212 1.043618 1.344218 -1.239077 0.814332 -1.038143 0.479338
1776410014.204155 jaka_arm_left success 0.276360 0.310372 -0.448103 0.697639 0.359979 0.263334 0.560687 -1.160212 1.043618 1.344218 -1.239077 0.814332 -1.038143 0.479338
1776410014.212507 jaka_arm_left success 0.276359 0.310368 -0.448098 0.697614 0.359992 0.263317 0.560718 -1.160212 1.043618 1.344218 -1.239077 0.814332 -1.038143 0.479338
1776410014.220876 jaka_arm_left success 0.276355 0.310374 -0.448094 0.697670 0.359935 0.263310 0.560688 -1.160212 1.043618 1.344218 -1.239077 0.814332 -1.038143 0.479338
1776410014.229182 jaka_arm_left success 0.276339 0.310363 -0.448094 0.697622 0.359951 0.263304 0.560740 -1.160212 1.043618 1.344218 -1.239077 0.814332 -1.038143 0.479338
1776410014.237545 jaka_arm_left success 0.276330 0.310331 -0.448100 0.697510 0.359934 0.263126 0.560975 -1.160212 1.043618 1.344218 -1.239077 0.814332 -1.038143 0.479338
1776410014.245956 jaka_arm_left success 0.276317 0.310335 -0.448105 0.697501 0.359934 0.263105 0.560996 -1.160212 1.043618 1.344218 -1.239077 0.814332 -1.038143 0.479338
1776410014.254274 jaka_arm_left success 0.276321 0.310348 -0.448106 0.697472 0.359973 0.263049 0.561032 -1.160212 1.043618 1.344218 -1.239077 0.814332 -1.038143 0.479338
1776410014.262565 jaka_arm_left success 0.276330 0.310374 -0.448101 0.697508 0.359942 0.262958 0.561050 -1.160212 1.043618 1.344218 -1.239077 0.814332 -1.038143 0.479338
1776410014.270874 jaka_arm_left success 0.276344 0.310411 -0.448104 0.697557 0.359949 0.263141 0.560898 -1.160212 1.043618 1.344218 -1.239077 0.814332 -1.038143 0.479338
1776410014.279327 jaka_arm_left success 0.276350 0.310432 -0.448102 0.697578 0.359968 0.263136 0.560863 -1.160212 1.043618 1.344218 -1.239077 0.814332 -1.038143 0.479338
1776410014.287506 jaka_arm_left success 0.276358 0.310445 -0.448103 0.697605 0.359928 0.263152 0.560848 -1.160212 1.043618 1.344218 -1.239077 0.814332 -1.038143 0.479338
1776410014.295928 jaka_arm_left success 0.276362 0.310443 -0.448103 0.697595 0.359926 0.263170 0.560852 -1.160212 1.043618 1.344218 -1.239077 0.814332 -1.038143 0.479338
1776410014.304125 jaka_arm_left success 0.276357 0.310440 -0.448097 0.697611 0.359928 0.263185 0.560825 -1.160212 1.043618 1.344218 -1.239077 0.814332 -1.038143 0.479338
1776410014.312493 jaka_arm_left success 0.276340 0.310381 -0.448097 0.697503 0.359948 0.262980 0.561042 -1.160212 1.043618 1.344218 -1.239077 0.814332 -1.038143 0.479338
1776410014.320897 jaka_arm_left success 0.276333 0.310369 -0.448091 0.697538 0.359984 0.262950 0.560990 -1.160212 1.043618 1.344218 -1.239077 0.814332 -1.038143 0.479338
1776410014.329149 jaka_arm_left success 0.276332 0.310355 -0.448094 0.697519 0.360043 0.262992 0.560955 -1.160212 1.043618 1.344218 -1.239077 0.814332 -1.038143 0.479338
1776410014.337493 jaka_arm_left success 0.276330 0.310340 -0.448106 0.697476 0.360116 0.263088 0.560917 -1.160212 1.043618 1.344218 -1.239077 0.814332 -1.038143 0.479338
1776410014.345811 jaka_arm_left success 0.276352 0.310376 -0.448103 0.697604 0.360095 0.263210 0.560714 -1.160212 1.043618 1.344218 -1.239077 0.814332 -1.038143 0.479338
1776410014.354196 jaka_arm_left success 0.276364 0.310378 -0.448105 0.697613 0.360075 0.263254 0.560696 -1.160212 1.043618 1.344218 -1.239077 0.814332 -1.038143 0.479338
1776410014.362514 jaka_arm_left success 0.276362 0.310381 -0.448104 0.697604 0.360049 0.263259 0.560721 -1.160212 1.043618 1.344218 -1.239077 0.814332 -1.038143 0.479338
1776410014.370827 jaka_arm_left success 0.276365 0.310399 -0.448101 0.697627 0.360009 0.263286 0.560705 -1.160212 1.043618 1.344218 -1.239077 0.814332 -1.038143 0.479338
1776410014.379183 jaka_arm_left success 0.276360 0.310399 -0.448104 0.697575 0.360029 0.263279 0.560761 -1.160212 1.043618 1.344218 -1.239077 0.814332 -1.038143 0.479338
1776410014.387506 jaka_arm_left success 0.276345 0.310396 -0.448103 0.697540 0.360037 0.263306 0.560787 -1.160212 1.043618 1.344218 -1.239077 0.814332 -1.038143 0.479338
1776410014.395865 jaka_arm_left success 0.276334 0.310403 -0.448097 0.697549 0.360079 0.263241 0.560779 -1.160212 1.043618 1.344218 -1.239077 0.814332 -1.038143 0.479338
1776410014.404197 jaka_arm_left success 0.276338 0.310386 -0.448090 0.697484 0.360091 0.263010 0.560961 -1.160212 1.043618 1.344218 -1.239077 0.814332 -1.038143 0.479338
1776410014.412438 jaka_arm_left success 0.276357 0.310388 -0.448094 0.697497 0.360088 0.263011 0.560946 -1.160212 1.043618 1.344218 -1.239077 0.814332 -1.038143 0.479338
1776410014.420916 jaka_arm_left success 0.276386 0.310430 -0.448088 0.697577 0.360141 0.263070 0.560784 -1.160212 1.043618 1.344218 -1.239077 0.814332 -1.038143 0.479338
1776410014.429147 jaka_arm_left success 0.276404 0.310443 -0.448090 0.697592 0.360197 0.263051 0.560738 -1.160212 1.043618 1.344218 -1.239077 0.814332 -1.038143 0.479338
1776410014.437439 jaka_arm_left success 0.276435 0.310439 -0.448117 0.697576 0.360224 0.263186 0.560677 -1.160212 1.043618 1.344218 -1.239077 0.814332 -1.038143 0.479338
1776410014.445754 jaka_arm_left success 0.276439 0.310444 -0.448119 0.697540 0.360271 0.263010 0.560775 -1.160212 1.043618 1.344218 -1.239077 0.814332 -1.038143 0.479338
1776410014.454221 jaka_arm_left success 0.276441 0.310461 -0.448122 0.697563 0.360261 0.263003 0.560756 -1.160212 1.043618 1.344218 -1.239077 0.814332 -1.038143 0.479338
1776410014.462516 jaka_arm_left success 0.276447 0.310465 -0.448120 0.697531 0.360295 0.262954 0.560797 -1.159998 1.043791 1.344390 -1.238868 0.814268 -1.038147 0.479062
1776410014.470779 jaka_arm_left success 0.276445 0.310485 -0.448106 0.697575 0.360326 0.262839 0.560777 -1.159998 1.043791 1.344390 -1.238868 0.814268 -1.038147 0.479062
1776410014.479194 jaka_arm_left success 0.276454 0.310562 -0.448085 0.697785 0.360256 0.262911 0.560526 -1.159998 1.043791 1.344390 -1.238868 0.814268 -1.038147 0.479062
1776410014.487468 jaka_arm_left success 0.276477 0.310643 -0.448058 0.697882 0.360156 0.263470 0.560208 -1.159998 1.043791 1.344390 -1.238868 0.814268 -1.038147 0.479062
1776410014.495804 jaka_arm_left success 0.276482 0.310660 -0.448053 0.697923 0.360157 0.263497 0.560142 -1.160049 1.043306 1.344041 -1.238777 0.814608 -1.037743 0.479452
1776410014.504150 jaka_arm_left success 0.276494 0.310604 -0.448075 0.697649 0.360334 0.263461 0.560387 -1.160049 1.043306 1.344041 -1.238777 0.814608 -1.037743 0.479452
1776410014.512566 jaka_arm_left success 0.276510 0.310599 -0.448077 0.697602 0.360351 0.263444 0.560443 -1.160049 1.043306 1.344041 -1.238777 0.814608 -1.037743 0.479452
1776410014.520859 jaka_arm_left success 0.276510 0.310584 -0.448088 0.697539 0.360405 0.263591 0.560417 -1.160049 1.043306 1.344041 -1.238777 0.814608 -1.037743 0.479452
1776410014.529157 jaka_arm_left success 0.276483 0.310510 -0.448117 0.697446 0.360574 0.262952 0.560724 -1.159871 1.043789 1.344294 -1.238586 0.814276 -1.037871 0.478938
1776410014.537602 jaka_arm_left success 0.276486 0.310508 -0.448121 0.697432 0.360628 0.263022 0.560675 -1.159871 1.043789 1.344294 -1.238586 0.814276 -1.037871 0.478938
1776410014.545961 jaka_arm_left success 0.276479 0.310502 -0.448126 0.697439 0.360650 0.263117 0.560607 -1.159871 1.043789 1.344294 -1.238586 0.814276 -1.037871 0.478938
1776410014.554254 jaka_arm_left success 0.276522 0.310589 -0.448082 0.697645 0.360509 0.263699 0.560168 -1.159871 1.043789 1.344294 -1.238586 0.814276 -1.037871 0.478938
1776410014.562504 jaka_arm_left success 0.276509 0.310583 -0.448068 0.697666 0.360566 0.263821 0.560047 -1.160134 1.043486 1.343698 -1.238553 0.814360 -1.037361 0.479329
1776410014.570801 jaka_arm_left success 0.276509 0.310475 -0.448077 0.697331 0.360903 0.263642 0.560332 -1.160134 1.043486 1.343698 -1.238553 0.814360 -1.037361 0.479329
1776410014.579318 jaka_arm_left success 0.276516 0.310457 -0.448087 0.697296 0.360905 0.263670 0.560360 -1.160134 1.043486 1.343698 -1.238553 0.814360 -1.037361 0.479329
1776410014.587572 jaka_arm_left success 0.276478 0.310349 -0.448101 0.697213 0.361159 0.263147 0.560546 -1.159851 1.044015 1.343960 -1.238257 0.814038 -1.037405 0.478760
1776410014.595790 jaka_arm_left success 0.276504 0.310339 -0.448114 0.697203 0.361127 0.263231 0.560540 -1.159851 1.044015 1.343960 -1.238257 0.814038 -1.037405 0.478760
1776410014.604132 jaka_arm_left success 0.276516 0.310312 -0.448127 0.697135 0.361128 0.263314 0.560585 -1.159851 1.044015 1.343960 -1.238257 0.814038 -1.037405 0.478760
1776410014.612555 jaka_arm_left success 0.276521 0.310304 -0.448128 0.697099 0.361203 0.263362 0.560558 -1.159851 1.044015 1.343960 -1.238257 0.814038 -1.037405 0.478760
1776410014.620810 jaka_arm_left success 0.276531 0.310303 -0.448126 0.697110 0.361256 0.263360 0.560512 -1.159851 1.044015 1.343960 -1.238257 0.814038 -1.037405 0.478760
1776410014.629459 jaka_arm_left success 0.276558 0.310367 -0.448103 0.697194 0.361204 0.263825 0.560221 -1.160514 1.044150 1.342784 -1.238192 0.813593 -1.036452 0.479102
1776410014.637493 jaka_arm_left success 0.276541 0.310326 -0.448116 0.697155 0.361367 0.263233 0.560444 -1.159910 1.044391 1.343704 -1.238023 0.813806 -1.036927 0.478612
1776410014.646003 jaka_arm_left success 0.276542 0.310332 -0.448115 0.697150 0.361426 0.263157 0.560447 -1.159910 1.044391 1.343704 -1.238023 0.813806 -1.036927 0.478612
1776410014.654386 jaka_arm_left success 0.276569 0.310414 -0.448086 0.697271 0.361311 0.263667 0.560131 -1.159910 1.044391 1.343704 -1.238023 0.813806 -1.036927 0.478612
1776410014.662456 jaka_arm_left success 0.276581 0.310448 -0.448082 0.697303 0.361325 0.263741 0.560048 -1.159910 1.044391 1.343704 -1.238023 0.813806 -1.036927 0.478612
1776410014.670985 jaka_arm_left success 0.276584 0.310439 -0.448090 0.697250 0.361341 0.263759 0.560095 -1.159910 1.044391 1.343704 -1.238023 0.813806 -1.036927 0.478612
1776410014.679184 jaka_arm_left success 0.276600 0.310450 -0.448095 0.697275 0.361343 0.263730 0.560076 -1.159910 1.044391 1.343704 -1.238023 0.813806 -1.036927 0.478612
1776410014.687594 jaka_arm_left success 0.276617 0.310438 -0.448102 0.697224 0.361379 0.263711 0.560126 -1.159910 1.044391 1.343704 -1.238023 0.813806 -1.036927 0.478612
1776410014.695871 jaka_arm_left success 0.276615 0.310421 -0.448104 0.697202 0.361469 0.263715 0.560092 -1.159910 1.044391 1.343704 -1.238023 0.813806 -1.036927 0.478612
1776410014.704141 jaka_arm_left success 0.276623 0.310410 -0.448107 0.697164 0.361564 0.263709 0.560081 -1.159910 1.044391 1.343704 -1.238023 0.813806 -1.036927 0.478612
1776410014.712594 jaka_arm_left success 0.276606 0.310356 -0.448116 0.697180 0.361735 0.263189 0.560196 -1.159910 1.044391 1.343704 -1.238023 0.813806 -1.036927 0.478612
1776410014.720898 jaka_arm_left success 0.276643 0.310416 -0.448088 0.697295 0.361741 0.263738 0.559790 -1.159910 1.044391 1.343704 -1.238023 0.813806 -1.036927 0.478612
1776410014.729122 jaka_arm_left success 0.276657 0.310434 -0.448074 0.697362 0.361785 0.263812 0.559644 -1.159769 1.044072 1.343333 -1.237686 0.814094 -1.036285 0.478820
1776410014.737429 jaka_arm_left success 0.276664 0.310443 -0.448065 0.697392 0.361830 0.263782 0.559592 -1.159769 1.044072 1.343333 -1.237686 0.814094 -1.036285 0.478820
1776410014.745873 jaka_arm_left success 0.276653 0.310434 -0.448066 0.697345 0.361937 0.263790 0.559577 -1.159769 1.044072 1.343333 -1.237686 0.814094 -1.036285 0.478820
1776410014.754316 jaka_arm_left success 0.276651 0.310448 -0.448062 0.697381 0.361944 0.263856 0.559496 -1.159769 1.044072 1.343333 -1.237686 0.814094 -1.036285 0.478820
1776410014.762504 jaka_arm_left success 0.276644 0.310450 -0.448061 0.697363 0.361978 0.263881 0.559486 -1.159769 1.044072 1.343333 -1.237686 0.814094 -1.036285 0.478820
1776410014.770827 jaka_arm_left success 0.276633 0.310420 -0.448074 0.697247 0.362028 0.263964 0.559558 -1.159769 1.044072 1.343333 -1.237686 0.814094 -1.036285 0.478820
1776410014.779236 jaka_arm_left success 0.276627 0.310407 -0.448083 0.697189 0.362068 0.264076 0.559551 -1.159827 1.044247 1.343014 -1.237519 0.813925 -1.035873 0.478773
1776410014.787528 jaka_arm_left success 0.276622 0.310399 -0.448082 0.697229 0.362042 0.264077 0.559518 -1.159827 1.044247 1.343014 -1.237519 0.813925 -1.035873 0.478773
1776410014.795779 jaka_arm_left success 0.276617 0.310391 -0.448094 0.697252 0.362004 0.264085 0.559510 -1.159827 1.044247 1.343014 -1.237519 0.813925 -1.035873 0.478773
1776410014.804088 jaka_arm_left success 0.276562 0.310296 -0.448129 0.697144 0.362146 0.263584 0.559789 -1.159827 1.044247 1.343014 -1.237519 0.813925 -1.035873 0.478773
1776410014.812485 jaka_arm_left success 0.276536 0.310270 -0.448128 0.697135 0.362079 0.263645 0.559815 -1.159827 1.044247 1.343014 -1.237519 0.813925 -1.035873 0.478773
1776410014.820921 jaka_arm_left success 0.276507 0.310245 -0.448132 0.697156 0.361994 0.263729 0.559805 -1.159827 1.044247 1.343014 -1.237519 0.813925 -1.035873 0.478773
1776410014.829215 jaka_arm_left success 0.276473 0.310211 -0.448133 0.697122 0.361967 0.263970 0.559751 -1.159827 1.044247 1.343014 -1.237519 0.813925 -1.035873 0.478773
1776410014.837538 jaka_arm_left success 0.276449 0.310193 -0.448131 0.697160 0.361798 0.264165 0.559720 -1.160386 1.044345 1.343131 -1.238295 0.814001 -1.036196 0.479246
1776410014.845922 jaka_arm_left success 0.276416 0.310168 -0.448144 0.697140 0.361635 0.264277 0.559797 -1.160386 1.044345 1.343131 -1.238295 0.814001 -1.036196 0.479246
1776410014.854237 jaka_arm_left success 0.276383 0.310127 -0.448150 0.697080 0.361517 0.264459 0.559862 -1.160386 1.044345 1.343131 -1.238295 0.814001 -1.036196 0.479246
1776410014.862478 jaka_arm_left success 0.276335 0.310221 -0.448120 0.697654 0.360985 0.264659 0.559396 -1.159856 1.044393 1.343435 -1.238446 0.815158 -1.035504 0.480247
1776410014.870780 jaka_arm_left success 0.276294 0.310216 -0.448104 0.697903 0.360741 0.264906 0.559126 -1.160137 1.044258 1.343151 -1.238661 0.815199 -1.035372 0.480582
1776410014.879159 jaka_arm_left success 0.276258 0.310097 -0.448111 0.697785 0.360721 0.264955 0.559263 -1.159547 1.046728 1.343394 -1.239792 0.815895 -1.034072 0.482326
1776410014.887538 jaka_arm_left success 0.276223 0.310069 -0.448108 0.698191 0.360429 0.265182 0.558837 -1.159547 1.046728 1.343394 -1.239792 0.815895 -1.034072 0.482326
1776410014.895837 jaka_arm_left success 0.276171 0.310025 -0.448092 0.698301 0.360422 0.265664 0.558474 -1.159644 1.046101 1.342988 -1.239856 0.816365 -1.033665 0.482934
1776410014.904175 jaka_arm_left success 0.276185 0.310054 -0.448043 0.698947 0.359747 0.265949 0.557966 -1.159371 1.045350 1.342989 -1.240258 0.817439 -1.033265 0.483873
1776410014.912589 jaka_arm_left success 0.276164 0.309981 -0.448038 0.699102 0.359607 0.265858 0.557905 -1.159371 1.045350 1.342989 -1.240258 0.817439 -1.033265 0.483873
1776410014.920900 jaka_arm_left success 0.276141 0.309835 -0.448049 0.698979 0.359593 0.265712 0.558138 -1.159485 1.045618 1.343300 -1.240726 0.817373 -1.033631 0.483873
1776410014.929206 jaka_arm_left success 0.276137 0.309742 -0.448069 0.698857 0.359652 0.265801 0.558210 -1.159485 1.045618 1.343300 -1.240726 0.817373 -1.033631 0.483873
1776410014.937456 jaka_arm_left success 0.276144 0.309748 -0.448075 0.698958 0.359694 0.266161 0.557886 -1.158920 1.047384 1.342820 -1.241930 0.817742 -1.031853 0.485051
1776410014.945993 jaka_arm_left success 0.276144 0.309743 -0.448079 0.699093 0.359638 0.266293 0.557690 -1.158646 1.047095 1.342856 -1.241779 0.818093 -1.031657 0.485163
1776410014.954212 jaka_arm_left success 0.276148 0.309724 -0.448082 0.699122 0.359634 0.266356 0.557626 -1.158646 1.047095 1.342856 -1.241779 0.818093 -1.031657 0.485163
1776410014.962492 jaka_arm_left success 0.276151 0.309703 -0.448090 0.699021 0.359700 0.266344 0.557716 -1.158646 1.047095 1.342856 -1.241779 0.818093 -1.031657 0.485163
1776410014.970879 jaka_arm_left success 0.276154 0.309721 -0.448077 0.699047 0.359677 0.266334 0.557703 -1.158646 1.047095 1.342856 -1.241779 0.818093 -1.031657 0.485163
1776410014.979112 jaka_arm_left success 0.276154 0.309737 -0.448069 0.699028 0.359719 0.266274 0.557728 -1.158646 1.047095 1.342856 -1.241779 0.818093 -1.031657 0.485163
1776410014.987578 jaka_arm_left success 0.276154 0.309773 -0.448056 0.699045 0.359749 0.266187 0.557729 -1.158646 1.047095 1.342856 -1.241779 0.818093 -1.031657 0.485163
1776410014.995831 jaka_arm_left success 0.276156 0.309807 -0.448049 0.699026 0.359817 0.266108 0.557745 -1.158646 1.047095 1.342856 -1.241779 0.818093 -1.031657 0.485163
1776410015.004140 jaka_arm_left success 0.276168 0.309853 -0.448046 0.699036 0.359828 0.266055 0.557752 -1.158646 1.047095 1.342856 -1.241779 0.818093 -1.031657 0.485163
1776410015.020885 jaka_arm_left success 0.276122 0.310152 -0.447987 0.700201 0.359728 0.266019 0.556370 -1.156131 1.043445 1.343458 -1.249886 0.820464 -1.024815 0.478630
1776410015.029183 jaka_arm_left success 0.276189 0.310250 -0.448003 0.699982 0.359659 0.266463 0.556478 -1.156131 1.043445 1.343458 -1.249886 0.820464 -1.024815 0.478630
1776410015.037489 jaka_arm_left success 0.276216 0.310156 -0.448038 0.699413 0.359922 0.266394 0.557057 -1.156588 1.044188 1.343177 -1.250146 0.819661 -1.024937 0.478410
1776410015.045861 jaka_arm_left success 0.276237 0.310082 -0.448044 0.699036 0.360135 0.265823 0.557665 -1.156468 1.044834 1.343519 -1.250148 0.819220 -1.025295 0.477931
1776410015.054201 jaka_arm_left success 0.276238 0.310015 -0.448086 0.698667 0.360362 0.266128 0.557835 -1.156651 1.045296 1.343339 -1.250218 0.818758 -1.025318 0.477797
1776410015.062489 jaka_arm_left success 0.276235 0.310164 -0.448024 0.699429 0.359960 0.265935 0.557231 -1.156419 1.044685 1.343449 -1.250235 0.819428 -1.025273 0.478264
1776410015.070820 jaka_arm_left success 0.276235 0.310188 -0.448000 0.699651 0.359904 0.265921 0.556995 -1.156419 1.044685 1.343449 -1.250235 0.819428 -1.025273 0.478264
1776410015.079201 jaka_arm_left success 0.276232 0.310103 -0.448029 0.699338 0.360127 0.266368 0.557030 -1.156419 1.044685 1.343449 -1.250235 0.819428 -1.025273 0.478264
1776410015.087518 jaka_arm_left success 0.276230 0.310075 -0.448031 0.699324 0.360191 0.266377 0.557002 -1.156390 1.044642 1.343023 -1.250055 0.819441 -1.024822 0.478468
1776410015.095796 jaka_arm_left success 0.276236 0.310062 -0.448039 0.699338 0.360219 0.266401 0.556955 -1.156390 1.044642 1.343023 -1.250055 0.819441 -1.024822 0.478468
1776410015.104142 jaka_arm_left success 0.276264 0.310091 -0.448031 0.699555 0.360089 0.266273 0.556827 -1.156390 1.044642 1.343023 -1.250055 0.819441 -1.024822 0.478468
1776410015.112457 jaka_arm_left success 0.276235 0.310067 -0.448016 0.699557 0.360299 0.266503 0.556579 -1.156390 1.044642 1.343023 -1.250055 0.819441 -1.024822 0.478468
1776410015.120853 jaka_arm_left success 0.276240 0.310070 -0.448009 0.699600 0.360290 0.266573 0.556498 -1.156390 1.044642 1.343023 -1.250055 0.819441 -1.024822 0.478468
1776410015.129140 jaka_arm_left success 0.276244 0.310065 -0.448011 0.699578 0.360244 0.266570 0.556557 -1.156390 1.044642 1.343023 -1.250055 0.819441 -1.024822 0.478468
1776410015.137491 jaka_arm_left success 0.276229 0.310124 -0.447973 0.699899 0.360087 0.266212 0.556426 -1.156052 1.044192 1.343103 -1.249914 0.820011 -1.024634 0.478775
1776410015.145947 jaka_arm_left success 0.276249 0.310058 -0.448032 0.699485 0.360071 0.266412 0.556862 -1.156052 1.044192 1.343103 -1.249914 0.820011 -1.024634 0.478775
1776410015.154231 jaka_arm_left success 0.276251 0.310103 -0.448007 0.699704 0.359888 0.266085 0.556861 -1.156052 1.044192 1.343103 -1.249914 0.820011 -1.024634 0.478775
1776410015.162471 jaka_arm_left success 0.276251 0.310118 -0.448000 0.699745 0.359859 0.265935 0.556900 -1.156052 1.044192 1.343103 -1.249914 0.820011 -1.024634 0.478775
1776410015.170849 jaka_arm_left success 0.276252 0.310065 -0.448035 0.699458 0.360061 0.266339 0.556937 -1.156052 1.044192 1.343103 -1.249914 0.820011 -1.024634 0.478775
1776410015.179162 jaka_arm_left success 0.276263 0.310124 -0.448006 0.699742 0.359945 0.265889 0.556870 -1.156052 1.044192 1.343103 -1.249914 0.820011 -1.024634 0.478775
1776410015.187513 jaka_arm_left success 0.276291 0.310117 -0.448024 0.699666 0.360001 0.265992 0.556880 -1.156052 1.044192 1.343103 -1.249914 0.820011 -1.024634 0.478775
1776410015.195906 jaka_arm_left success 0.276305 0.310129 -0.448027 0.699679 0.360004 0.266063 0.556827 -1.156052 1.044192 1.343103 -1.249914 0.820011 -1.024634 0.478775
1776410015.204141 jaka_arm_left success 0.276301 0.310156 -0.448011 0.699775 0.359963 0.265856 0.556832 -1.156052 1.044192 1.343103 -1.249914 0.820011 -1.024634 0.478775
1776410015.212533 jaka_arm_left success 0.276302 0.310167 -0.448009 0.699766 0.359982 0.265834 0.556842 -1.156052 1.044192 1.343103 -1.249914 0.820011 -1.024634 0.478775
1776410015.220919 jaka_arm_left success 0.276311 0.310145 -0.448029 0.699604 0.360069 0.266012 0.556904 -1.156052 1.044192 1.343103 -1.249914 0.820011 -1.024634 0.478775
1776410015.229205 jaka_arm_left success 0.276307 0.310185 -0.448005 0.699753 0.359947 0.265831 0.556882 -1.156052 1.044192 1.343103 -1.249914 0.820011 -1.024634 0.478775
1776410015.237464 jaka_arm_left success 0.276308 0.310118 -0.448037 0.699392 0.360117 0.266128 0.557084 -1.156195 1.044693 1.343209 -1.250097 0.819589 -1.024907 0.478542
1776410015.245841 jaka_arm_left success 0.276305 0.310193 -0.447997 0.699752 0.359950 0.265721 0.556934 -1.156195 1.044693 1.343209 -1.250097 0.819589 -1.024907 0.478542
1776410015.254158 jaka_arm_left success 0.276307 0.310139 -0.448035 0.699452 0.360086 0.266006 0.557088 -1.156195 1.044693 1.343209 -1.250097 0.819589 -1.024907 0.478542
1776410015.262527 jaka_arm_left success 0.276306 0.310191 -0.448012 0.699745 0.359973 0.265696 0.556939 -1.156195 1.044693 1.343209 -1.250097 0.819589 -1.024907 0.478542
1776410015.270820 jaka_arm_left success 0.276314 0.310192 -0.448012 0.699731 0.359970 0.265671 0.556972 -1.156195 1.044693 1.343209 -1.250097 0.819589 -1.024907 0.478542
1776410015.279135 jaka_arm_left success 0.276318 0.310093 -0.448063 0.699241 0.360208 0.266139 0.557209 -1.156195 1.044693 1.343209 -1.250097 0.819589 -1.024907 0.478542
1776410015.287498 jaka_arm_left success 0.276316 0.310144 -0.448026 0.699504 0.360094 0.265840 0.557095 -1.156195 1.044693 1.343209 -1.250097 0.819589 -1.024907 0.478542
1776410015.295816 jaka_arm_left success 0.276323 0.310169 -0.448018 0.699600 0.359976 0.265726 0.557106 -1.156195 1.044693 1.343209 -1.250097 0.819589 -1.024907 0.478542
1776410015.304196 jaka_arm_left success 0.276312 0.310123 -0.448049 0.699373 0.360180 0.266131 0.557066 -1.156195 1.044693 1.343209 -1.250097 0.819589 -1.024907 0.478542
1776410015.312540 jaka_arm_left success 0.276309 0.310183 -0.448011 0.699697 0.360055 0.265831 0.556882 -1.156195 1.044693 1.343209 -1.250097 0.819589 -1.024907 0.478542
1776410015.320959 jaka_arm_left success 0.276312 0.310135 -0.448041 0.699441 0.360167 0.266122 0.556992 -1.156195 1.044693 1.343209 -1.250097 0.819589 -1.024907 0.478542
1776410015.329211 jaka_arm_left success 0.276310 0.310211 -0.447994 0.699772 0.360021 0.265770 0.556840 -1.156195 1.044693 1.343209 -1.250097 0.819589 -1.024907 0.478542
1776410015.337488 jaka_arm_left success 0.276314 0.310177 -0.448021 0.699562 0.360103 0.266092 0.556897 -1.156195 1.044693 1.343209 -1.250097 0.819589 -1.024907 0.478542
1776410015.345860 jaka_arm_left success 0.276322 0.310146 -0.448042 0.699381 0.360127 0.266162 0.557075 -1.156195 1.044693 1.343209 -1.250097 0.819589 -1.024907 0.478542
1776410015.354171 jaka_arm_left success 0.276321 0.310198 -0.448021 0.699600 0.359968 0.265754 0.557097 -1.156195 1.044693 1.343209 -1.250097 0.819589 -1.024907 0.478542
1776410015.362517 jaka_arm_left success 0.276321 0.310209 -0.448017 0.699654 0.359910 0.265656 0.557114 -1.156195 1.044693 1.343209 -1.250097 0.819589 -1.024907 0.478542
1776410015.370827 jaka_arm_left success 0.276317 0.310129 -0.448062 0.699255 0.360092 0.266066 0.557302 -1.156195 1.044693 1.343209 -1.250097 0.819589 -1.024907 0.478542
1776410015.379161 jaka_arm_left success 0.276324 0.310096 -0.448050 0.699149 0.360145 0.265617 0.557615 -1.156195 1.044693 1.343209 -1.250097 0.819589 -1.024907 0.478542
1776410015.387535 jaka_arm_left success 0.276317 0.310169 -0.448024 0.699550 0.359936 0.265594 0.557258 -1.156195 1.044693 1.343209 -1.250097 0.819589 -1.024907 0.478542
1776410015.395864 jaka_arm_left success 0.276306 0.310199 -0.448008 0.699728 0.359877 0.265659 0.557042 -1.156195 1.044693 1.343209 -1.250097 0.819589 -1.024907 0.478542
1776410015.404147 jaka_arm_left success 0.276284 0.310204 -0.448002 0.699777 0.359967 0.265708 0.556898 -1.156195 1.044693 1.343209 -1.250097 0.819589 -1.024907 0.478542
1776410015.412485 jaka_arm_left success 0.276286 0.310196 -0.447999 0.699763 0.360000 0.265728 0.556884 -1.156195 1.044693 1.343209 -1.250097 0.819589 -1.024907 0.478542
1776410015.420851 jaka_arm_left success 0.276298 0.310131 -0.448034 0.699486 0.360096 0.266126 0.556980 -1.156195 1.044693 1.343209 -1.250097 0.819589 -1.024907 0.478542
1776410015.429092 jaka_arm_left success 0.276305 0.310113 -0.448033 0.699505 0.360064 0.266180 0.556951 -1.156195 1.044693 1.343209 -1.250097 0.819589 -1.024907 0.478542
1776410015.437478 jaka_arm_left success 0.276272 0.310164 -0.447966 0.699975 0.360086 0.265958 0.556453 -1.155853 1.044270 1.343304 -1.249932 0.820115 -1.024729 0.478779
1776410015.445768 jaka_arm_left success 0.276342 0.310150 -0.447979 0.700119 0.359656 0.266104 0.556479 -1.155853 1.044270 1.343304 -1.249932 0.820115 -1.024729 0.478779
1776410015.454149 jaka_arm_left success 0.276341 0.310164 -0.447965 0.700335 0.359531 0.265948 0.556363 -1.155912 1.043901 1.343398 -1.250181 0.820483 -1.024858 0.479139
1776410015.462495 jaka_arm_left success 0.276289 0.310047 -0.448021 0.699694 0.360260 0.266418 0.556473 -1.155937 1.044401 1.343025 -1.249934 0.819987 -1.024491 0.478869
1776410015.470824 jaka_arm_left success 0.276300 0.310037 -0.448022 0.699673 0.360302 0.266359 0.556501 -1.155937 1.044401 1.343025 -1.249934 0.819987 -1.024491 0.478869
1776410015.479154 jaka_arm_left success 0.276299 0.309950 -0.448040 0.699237 0.360681 0.266201 0.556878 -1.155890 1.044970 1.343026 -1.249817 0.819532 -1.024480 0.478487
1776410015.487562 jaka_arm_left success 0.276316 0.309977 -0.448023 0.699345 0.360645 0.265941 0.556891 -1.155890 1.044970 1.343026 -1.249817 0.819532 -1.024480 0.478487
1776410015.495836 jaka_arm_left success 0.276340 0.309967 -0.448049 0.699156 0.360560 0.265603 0.557344 -1.155890 1.044970 1.343026 -1.249817 0.819532 -1.024480 0.478487
1776410015.504167 jaka_arm_left success 0.276336 0.309982 -0.448054 0.699140 0.360554 0.265619 0.557360 -1.155890 1.044970 1.343026 -1.249817 0.819532 -1.024480 0.478487
1776410015.512460 jaka_arm_left success 0.276334 0.309993 -0.448053 0.699118 0.360563 0.265642 0.557372 -1.155890 1.044970 1.343026 -1.249817 0.819532 -1.024480 0.478487
1776410015.520936 jaka_arm_left success 0.276339 0.310000 -0.448058 0.699047 0.360575 0.265680 0.557435 -1.155890 1.044970 1.343026 -1.249817 0.819532 -1.024480 0.478487
1776410015.529156 jaka_arm_left success 0.276340 0.310048 -0.448055 0.699195 0.360439 0.265668 0.557343 -1.155890 1.044970 1.343026 -1.249817 0.819532 -1.024480 0.478487
1776410015.537629 jaka_arm_left success 0.276354 0.310069 -0.448062 0.699233 0.360372 0.265637 0.557352 -1.155883 1.045274 1.343549 -1.250114 0.819406 -1.025078 0.478278
1776410015.545842 jaka_arm_left success 0.276369 0.310020 -0.448078 0.699054 0.360494 0.265546 0.557542 -1.155883 1.045274 1.343549 -1.250114 0.819406 -1.025078 0.478278
1776410015.554171 jaka_arm_left success 0.276367 0.310000 -0.448079 0.698994 0.360601 0.265521 0.557559 -1.155883 1.045274 1.343549 -1.250114 0.819406 -1.025078 0.478278
1776410015.562495 jaka_arm_left success 0.276355 0.309974 -0.448077 0.698914 0.360782 0.265526 0.557542 -1.155883 1.045274 1.343549 -1.250114 0.819406 -1.025078 0.478278
1776410015.570795 jaka_arm_left success 0.276376 0.309977 -0.448072 0.698969 0.360770 0.265501 0.557491 -1.155883 1.045274 1.343549 -1.250114 0.819406 -1.025078 0.478278
1776410015.579135 jaka_arm_left success 0.276400 0.309959 -0.448076 0.698882 0.360868 0.265734 0.557425 -1.155883 1.045274 1.343549 -1.250114 0.819406 -1.025078 0.478278
1776410015.587512 jaka_arm_left success 0.276409 0.309962 -0.448077 0.698884 0.360876 0.265746 0.557413 -1.155883 1.045274 1.343549 -1.250114 0.819406 -1.025078 0.478278
1776410015.595770 jaka_arm_left success 0.276404 0.310006 -0.448061 0.699040 0.360830 0.265588 0.557322 -1.155883 1.045274 1.343549 -1.250114 0.819406 -1.025078 0.478278
1776410015.604113 jaka_arm_left success 0.276423 0.309985 -0.448081 0.698896 0.360948 0.265718 0.557365 -1.155883 1.045274 1.343549 -1.250114 0.819406 -1.025078 0.478278
1776410015.612461 jaka_arm_left success 0.276388 0.309965 -0.448090 0.698737 0.361435 0.265595 0.557307 -1.155600 1.045763 1.343451 -1.249650 0.819023 -1.024771 0.477782
1776410015.620870 jaka_arm_left success 0.276383 0.309967 -0.448082 0.698820 0.361534 0.265552 0.557159 -1.155600 1.045763 1.343451 -1.249650 0.819023 -1.024771 0.477782
1776410015.629192 jaka_arm_left success 0.276396 0.309992 -0.448061 0.699057 0.361220 0.265666 0.557011 -1.155600 1.045763 1.343451 -1.249650 0.819023 -1.024771 0.477782
1776410015.637518 jaka_arm_left success 0.276362 0.309954 -0.448081 0.698773 0.361757 0.265611 0.557046 -1.155410 1.045915 1.343288 -1.249334 0.818912 -1.024439 0.477602
1776410015.645945 jaka_arm_left success 0.276396 0.309965 -0.448086 0.698791 0.361778 0.265657 0.556986 -1.155410 1.045915 1.343288 -1.249334 0.818912 -1.024439 0.477602
1776410015.654186 jaka_arm_left success 0.276409 0.309938 -0.448099 0.698620 0.361901 0.265753 0.557076 -1.155410 1.045915 1.343288 -1.249334 0.818912 -1.024439 0.477602
1776410015.662635 jaka_arm_left success 0.276390 0.309979 -0.448069 0.698709 0.361878 0.265515 0.557092 -1.155410 1.045915 1.343288 -1.249334 0.818912 -1.024439 0.477602
1776410015.670810 jaka_arm_left success 0.276424 0.309982 -0.448089 0.698612 0.361854 0.265648 0.557166 -1.155410 1.045915 1.343288 -1.249334 0.818912 -1.024439 0.477602
1776410015.679166 jaka_arm_left success 0.276413 0.310012 -0.448072 0.698668 0.361869 0.265510 0.557153 -1.155410 1.045915 1.343288 -1.249334 0.818912 -1.024439 0.477602
1776410015.687488 jaka_arm_left success 0.276424 0.310075 -0.448059 0.698831 0.361838 0.265632 0.556909 -1.155410 1.045915 1.343288 -1.249334 0.818912 -1.024439 0.477602
1776410015.695875 jaka_arm_left success 0.276441 0.310091 -0.448068 0.698809 0.361838 0.265639 0.556934 -1.155410 1.045915 1.343288 -1.249334 0.818912 -1.024439 0.477602
1776410015.704187 jaka_arm_left success 0.276458 0.310099 -0.448083 0.698712 0.361895 0.265654 0.557012 -1.155410 1.045915 1.343288 -1.249334 0.818912 -1.024439 0.477602
1776410015.712684 jaka_arm_left success 0.276470 0.310103 -0.448086 0.698677 0.361938 0.265628 0.557039 -1.155410 1.045915 1.343288 -1.249334 0.818912 -1.024439 0.477602
1776410015.720872 jaka_arm_left success 0.276483 0.310104 -0.448086 0.698629 0.361996 0.265579 0.557085 -1.155410 1.045915 1.343288 -1.249334 0.818912 -1.024439 0.477602
1776410015.729157 jaka_arm_left success 0.276485 0.310108 -0.448087 0.698594 0.362129 0.265562 0.557051 -1.155410 1.045915 1.343288 -1.249334 0.818912 -1.024439 0.477602
1776410015.737497 jaka_arm_left success 0.276475 0.310097 -0.448087 0.698533 0.362304 0.265478 0.557054 -1.155227 1.046186 1.343185 -1.249024 0.818696 -1.024179 0.477302
1776410015.745884 jaka_arm_left success 0.276477 0.310121 -0.448072 0.698610 0.362335 0.265412 0.556968 -1.155227 1.046186 1.343185 -1.249024 0.818696 -1.024179 0.477302
1776410015.754185 jaka_arm_left success 0.276483 0.310135 -0.448080 0.698563 0.362304 0.265331 0.557086 -1.155227 1.046186 1.343185 -1.249024 0.818696 -1.024179 0.477302
1776410015.762524 jaka_arm_left success 0.276483 0.310087 -0.448082 0.698182 0.362581 0.265178 0.557456 -1.155143 1.046617 1.343272 -1.248901 0.818342 -1.024214 0.476896
1776410015.770834 jaka_arm_left success 0.276495 0.310096 -0.448083 0.698174 0.362500 0.265244 0.557488 -1.155143 1.046617 1.343272 -1.248901 0.818342 -1.024214 0.476896
1776410015.779310 jaka_arm_left success 0.276503 0.310014 -0.448107 0.697731 0.362750 0.265172 0.557914 -1.155298 1.047166 1.343297 -1.248982 0.817806 -1.024382 0.476518
1776410015.787584 jaka_arm_left success 0.276517 0.310095 -0.448091 0.698148 0.362468 0.265227 0.557548 -1.155298 1.047166 1.343297 -1.248982 0.817806 -1.024382 0.476518
1776410015.795862 jaka_arm_left success 0.276519 0.310102 -0.448097 0.698245 0.362366 0.265355 0.557434 -1.155364 1.046743 1.343216 -1.249117 0.818155 -1.024314 0.476881
1776410015.804119 jaka_arm_left success 0.276513 0.310063 -0.448097 0.698193 0.362497 0.265332 0.557423 -1.155364 1.046743 1.343216 -1.249117 0.818155 -1.024314 0.476881
1776410015.812558 jaka_arm_left success 0.276509 0.310095 -0.448090 0.698559 0.362241 0.265413 0.557092 -1.155265 1.046321 1.343169 -1.249095 0.818562 -1.024143 0.477167
1776410015.820952 jaka_arm_left success 0.276512 0.310087 -0.448084 0.698638 0.362214 0.265435 0.557001 -1.155265 1.046321 1.343169 -1.249095 0.818562 -1.024143 0.477167
1776410015.829157 jaka_arm_left success 0.276506 0.310083 -0.448073 0.698714 0.362257 0.265456 0.556867 -1.155265 1.046321 1.343169 -1.249095 0.818562 -1.024143 0.477167
1776410015.837501 jaka_arm_left success 0.276499 0.310076 -0.448064 0.698735 0.362311 0.265441 0.556813 -1.155265 1.046321 1.343169 -1.249095 0.818562 -1.024143 0.477167
1776410015.845835 jaka_arm_left success 0.276503 0.310082 -0.448060 0.698733 0.362320 0.265574 0.556747 -1.155265 1.046321 1.343169 -1.249095 0.818562 -1.024143 0.477167
1776410015.854200 jaka_arm_left success 0.276526 0.310106 -0.448063 0.698790 0.362260 0.265471 0.556763 -1.155113 1.046020 1.343094 -1.248970 0.818870 -1.023887 0.477327
1776410015.862501 jaka_arm_left success 0.276547 0.310023 -0.448096 0.698275 0.362546 0.265342 0.557284 -1.155147 1.046507 1.343157 -1.248954 0.818446 -1.023975 0.476947
1776410015.870789 jaka_arm_left success 0.276553 0.309974 -0.448131 0.697729 0.362908 0.265204 0.557799 -1.155211 1.047146 1.343230 -1.248941 0.817871 -1.024117 0.476458
1776410015.879227 jaka_arm_left success 0.276571 0.310028 -0.448112 0.697852 0.362855 0.265099 0.557729 -1.155211 1.047146 1.343230 -1.248941 0.817871 -1.024117 0.476458
1776410015.887537 jaka_arm_left success 0.276570 0.310028 -0.448102 0.697853 0.362925 0.265080 0.557690 -1.155211 1.047146 1.343230 -1.248941 0.817871 -1.024117 0.476458
1776410015.895778 jaka_arm_left success 0.276575 0.310031 -0.448096 0.697844 0.362955 0.265010 0.557716 -1.155211 1.047146 1.343230 -1.248941 0.817871 -1.024117 0.476458
1776410015.904152 jaka_arm_left success 0.276565 0.310023 -0.448086 0.697861 0.363004 0.265039 0.557649 -1.155211 1.047146 1.343230 -1.248941 0.817871 -1.024117 0.476458
1776410015.912504 jaka_arm_left success 0.276565 0.310005 -0.448095 0.697815 0.363016 0.265098 0.557672 -1.155211 1.047146 1.343230 -1.248941 0.817871 -1.024117 0.476458
1776410015.920882 jaka_arm_left success 0.276578 0.309959 -0.448129 0.697659 0.363037 0.265379 0.557719 -1.155211 1.047146 1.343230 -1.248941 0.817871 -1.024117 0.476458
1776410015.929142 jaka_arm_left success 0.276565 0.309981 -0.448106 0.697808 0.363019 0.265177 0.557640 -1.155211 1.047146 1.343230 -1.248941 0.817871 -1.024117 0.476458
1776410015.937470 jaka_arm_left success 0.276569 0.310038 -0.448093 0.698190 0.362745 0.265173 0.557341 -1.155211 1.047146 1.343230 -1.248941 0.817871 -1.024117 0.476458
1776410015.945897 jaka_arm_left success 0.276570 0.310125 -0.448081 0.698622 0.362483 0.265258 0.556930 -1.155099 1.046400 1.343205 -1.248981 0.818573 -1.023931 0.476971
1776410015.954274 jaka_arm_left success 0.276561 0.309990 -0.448124 0.697892 0.362929 0.265165 0.557599 -1.155103 1.046966 1.343256 -1.248900 0.818074 -1.023992 0.476504
1776410015.962507 jaka_arm_left success 0.276561 0.310043 -0.448112 0.698210 0.362572 0.265085 0.557471 -1.155103 1.046966 1.343256 -1.248900 0.818074 -1.023992 0.476504
1776410015.970784 jaka_arm_left success 0.276557 0.310070 -0.448098 0.698347 0.362543 0.265272 0.557230 -1.155103 1.046966 1.343256 -1.248900 0.818074 -1.023992 0.476504
1776410015.979211 jaka_arm_left success 0.276535 0.310117 -0.448064 0.698821 0.362265 0.265530 0.556693 -1.155188 1.046162 1.343079 -1.249090 0.818753 -1.023795 0.477185
1776410015.987540 jaka_arm_left success 0.276480 0.310075 -0.448057 0.698809 0.362410 0.265600 0.556580 -1.155188 1.046162 1.343079 -1.249090 0.818753 -1.023795 0.477185
1776410015.995858 jaka_arm_left success 0.276464 0.310055 -0.448049 0.698828 0.362399 0.265676 0.556527 -1.155188 1.046162 1.343079 -1.249090 0.818753 -1.023795 0.477185
1776410016.004129 jaka_arm_left success 0.276452 0.310029 -0.448051 0.698828 0.362429 0.265650 0.556520 -1.155188 1.046162 1.343079 -1.249090 0.818753 -1.023795 0.477185
1776410016.012621 jaka_arm_left success 0.276448 0.310006 -0.448056 0.698811 0.362465 0.265652 0.556518 -1.155188 1.046162 1.343079 -1.249090 0.818753 -1.023795 0.477185
1776410016.020913 jaka_arm_left success 0.276477 0.309927 -0.448090 0.698638 0.362455 0.265719 0.556709 -1.155188 1.046162 1.343079 -1.249090 0.818753 -1.023795 0.477185
1776410016.029154 jaka_arm_left success 0.276470 0.309913 -0.448089 0.698632 0.362452 0.265509 0.556819 -1.155188 1.046162 1.343079 -1.249090 0.818753 -1.023795 0.477185
1776410016.037565 jaka_arm_left success 0.276481 0.309977 -0.448085 0.698727 0.362471 0.265722 0.556585 -1.155188 1.046162 1.343079 -1.249090 0.818753 -1.023795 0.477185
1776410016.046058 jaka_arm_left success 0.276477 0.310028 -0.448065 0.698844 0.362460 0.265752 0.556431 -1.155056 1.045905 1.342829 -1.248895 0.819000 -1.023353 0.477365
1776410016.054189 jaka_arm_left success 0.276482 0.310051 -0.448063 0.698804 0.362373 0.265745 0.556541 -1.155056 1.045905 1.342829 -1.248895 0.819000 -1.023353 0.477365
1776410016.062479 jaka_arm_left success 0.276496 0.310070 -0.448067 0.698685 0.362362 0.265563 0.556785 -1.155056 1.045905 1.342829 -1.248895 0.819000 -1.023353 0.477365
1776410016.070838 jaka_arm_left success 0.276509 0.310062 -0.448079 0.698250 0.362532 0.265297 0.557347 -1.155144 1.046594 1.343171 -1.249077 0.818445 -1.023804 0.476842
1776410016.079358 jaka_arm_left success 0.276509 0.310015 -0.448096 0.697809 0.362727 0.264977 0.557924 -1.155186 1.047182 1.343467 -1.249187 0.817960 -1.024184 0.476355
1776410016.087571 jaka_arm_left success 0.276514 0.310018 -0.448107 0.697672 0.362657 0.264817 0.558217 -1.155186 1.047182 1.343467 -1.249187 0.817960 -1.024184 0.476355
1776410016.095865 jaka_arm_left success 0.276500 0.310038 -0.448107 0.697572 0.362596 0.264790 0.558394 -1.155186 1.047182 1.343467 -1.249187 0.817960 -1.024184 0.476355
1776410016.104134 jaka_arm_left success 0.276485 0.310112 -0.448082 0.697655 0.362265 0.264844 0.558479 -1.155518 1.047346 1.343733 -1.249691 0.817751 -1.024775 0.476326
1776410016.112560 jaka_arm_left success 0.276460 0.310108 -0.448098 0.697455 0.362002 0.264915 0.558866 -1.155776 1.047509 1.343848 -1.250018 0.817521 -1.025166 0.476282
1776410016.120912 jaka_arm_left success 0.276401 0.310070 -0.448107 0.697015 0.362055 0.264923 0.559376 -1.155962 1.047958 1.343911 -1.250174 0.817029 -1.025487 0.475993
1776410016.129182 jaka_arm_left success 0.276340 0.310235 -0.448065 0.697532 0.361375 0.264955 0.559156 -1.156077 1.047498 1.343971 -1.250454 0.817383 -1.025703 0.476392
1776410016.137452 jaka_arm_left success 0.276283 0.310272 -0.448040 0.697613 0.361035 0.264689 0.559401 -1.156078 1.047262 1.344306 -1.250721 0.817591 -1.026185 0.476518
1776410016.145851 jaka_arm_left success 0.276244 0.310223 -0.448055 0.697182 0.360937 0.265036 0.559837 -1.156316 1.047558 1.344055 -1.250829 0.816916 -1.026685 0.476402
1776410016.154233 jaka_arm_left success 0.276159 0.310252 -0.448007 0.697059 0.360563 0.264705 0.560388 -1.155805 1.046359 1.342279 -1.247071 0.814517 -1.032322 0.478619
1776410016.162624 jaka_arm_left success 0.276162 0.310335 -0.447990 0.696962 0.360110 0.265483 0.560431 -1.156304 1.047288 1.341954 -1.246224 0.814698 -1.032949 0.480936
1776410016.170805 jaka_arm_left success 0.276082 0.310469 -0.447899 0.697324 0.359586 0.265270 0.560419 -1.156347 1.047014 1.342131 -1.246402 0.814948 -1.033201 0.481142
1776410016.179251 jaka_arm_left success 0.275997 0.310521 -0.447844 0.697277 0.359244 0.265240 0.560710 -1.156511 1.046953 1.342293 -1.246661 0.814953 -1.033571 0.481234
1776410016.187630 jaka_arm_left success 0.275850 0.310806 -0.447708 0.698285 0.358321 0.265545 0.559901 -1.156602 1.045946 1.342228 -1.246932 0.815776 -1.033602 0.482050
1776410016.196114 jaka_arm_left success 0.275662 0.310855 -0.447606 0.698088 0.358408 0.265974 0.559888 -1.156602 1.045946 1.342228 -1.246932 0.815776 -1.033602 0.482050
1776410016.204202 jaka_arm_left success 0.275567 0.310668 -0.447540 0.696876 0.358625 0.266031 0.561231 -1.154753 1.046792 1.339156 -1.243708 0.812040 -1.039357 0.485275
1776410016.212585 jaka_arm_left success 0.275476 0.310602 -0.447395 0.696493 0.358395 0.265539 0.562085 -1.158135 1.045518 1.340110 -1.239218 0.811022 -1.042906 0.484878
1776410016.220814 jaka_arm_left success 0.275279 0.310615 -0.447268 0.695786 0.359003 0.266196 0.562261 -1.157972 1.047070 1.339126 -1.238661 0.810259 -1.042220 0.485613
1776410016.229174 jaka_arm_left success 0.275075 0.310688 -0.447091 0.695155 0.358866 0.265626 0.563398 -1.157241 1.048019 1.339068 -1.238266 0.808853 -1.045214 0.486449
1776410016.237466 jaka_arm_left success 0.274957 0.310808 -0.446903 0.694159 0.357981 0.264781 0.565583 -1.159740 1.047058 1.337857 -1.226725 0.804157 -1.058749 0.491607
1776410016.245931 jaka_arm_left success 0.274799 0.311103 -0.446695 0.694073 0.356787 0.263982 0.566816 -1.164117 1.044982 1.339387 -1.221869 0.803295 -1.063517 0.491210
1776410016.254381 jaka_arm_left success 0.274537 0.311126 -0.446480 0.692565 0.356520 0.262264 0.569618 -1.166566 1.044071 1.339086 -1.211673 0.798403 -1.076139 0.493716
1776410016.262551 jaka_arm_left success 0.274385 0.311208 -0.446277 0.691213 0.355335 0.260984 0.572582 -1.173791 1.042621 1.340400 -1.198639 0.794538 -1.089151 0.496581
1776410016.270891 jaka_arm_left success 0.274297 0.311541 -0.445934 0.691246 0.352770 0.260628 0.574287 -1.174658 1.041786 1.339764 -1.193873 0.792797 -1.097254 0.501117
1776410016.279144 jaka_arm_left success 0.274156 0.311355 -0.445676 0.689021 0.351505 0.259569 0.578203 -1.184564 1.041890 1.340906 -1.173266 0.786855 -1.116987 0.508227
1776410016.287579 jaka_arm_left success 0.273833 0.311347 -0.445261 0.687994 0.350607 0.259305 0.580087 -1.185150 1.043129 1.341742 -1.174095 0.785918 -1.118632 0.507745
1776410016.295860 jaka_arm_left success 0.273547 0.311518 -0.444791 0.687686 0.348608 0.260602 0.581074 -1.185638 1.043265 1.339244 -1.168920 0.783695 -1.126740 0.515101
1776410016.304156 jaka_arm_left success 0.273260 0.311177 -0.444351 0.685436 0.346965 0.261442 0.584329 -1.189633 1.046289 1.336970 -1.155382 0.778098 -1.142318 0.525616
1776410016.312454 jaka_arm_left success 0.272643 0.311141 -0.443741 0.684767 0.345902 0.263376 0.584875 -1.189976 1.049005 1.335666 -1.155540 0.777470 -1.142495 0.529191
1776410016.320937 jaka_arm_left success 0.272261 0.310818 -0.443223 0.682766 0.343547 0.266086 0.587371 -1.190073 1.052658 1.330755 -1.146908 0.772010 -1.155559 0.541650
1776410016.329196 jaka_arm_left success 0.271641 0.310534 -0.442706 0.680988 0.342160 0.268608 0.589094 -1.191101 1.057632 1.328011 -1.141381 0.768890 -1.162727 0.551156
1776410016.337501 jaka_arm_left success 0.271190 0.310038 -0.442179 0.678342 0.340088 0.271188 0.592157 -1.193302 1.062479 1.325049 -1.131932 0.763950 -1.175253 0.562378
1776410016.345839 jaka_arm_left success 0.270652 0.309903 -0.441582 0.677010 0.337696 0.272181 0.594589 -1.197446 1.064442 1.324080 -1.121131 0.760759 -1.188007 0.571821
1776410016.354343 jaka_arm_left success 0.270207 0.308993 -0.441099 0.672255 0.337505 0.271801 0.600240 -1.204730 1.069219 1.323940 -1.100565 0.752778 -1.208193 0.580013
1776410016.362576 jaka_arm_left success 0.269761 0.308604 -0.440440 0.669967 0.336038 0.270881 0.604025 -1.211694 1.068162 1.325803 -1.088144 0.749164 -1.221909 0.582292
1776410016.370824 jaka_arm_left success 0.269437 0.307955 -0.439754 0.666058 0.334920 0.269403 0.609604 -1.217922 1.071435 1.326706 -1.071268 0.742449 -1.240930 0.588108
1776410016.379119 jaka_arm_left success 0.269068 0.307370 -0.439011 0.663536 0.332698 0.266964 0.614623 -1.227804 1.070599 1.330709 -1.055747 0.739004 -1.258008 0.590256
1776410016.387584 jaka_arm_left success 0.268743 0.306503 -0.438109 0.659770 0.331438 0.265233 0.620083 -1.232372 1.070558 1.331855 -1.040937 0.732179 -1.277984 0.592407
1776410016.395842 jaka_arm_left success 0.268344 0.305789 -0.437066 0.657895 0.329312 0.263782 0.623817 -1.242333 1.069037 1.335142 -1.026183 0.730122 -1.291754 0.594817
1776410016.404150 jaka_arm_left success 0.267967 0.304530 -0.435930 0.654682 0.328330 0.261638 0.628599 -1.243504 1.071315 1.336276 -1.021863 0.725248 -1.302804 0.594133
1776410016.412468 jaka_arm_left success 0.267692 0.303251 -0.434546 0.653245 0.326448 0.259522 0.631942 -1.248124 1.070792 1.339778 -1.017916 0.723639 -1.311274 0.591808
1776410016.420851 jaka_arm_left success 0.267278 0.301962 -0.433030 0.652445 0.325523 0.259064 0.633432 -1.248875 1.071399 1.340288 -1.018971 0.723220 -1.312594 0.591765
1776410016.429205 jaka_arm_left success 0.266984 0.300354 -0.431469 0.652145 0.323935 0.258931 0.634608 -1.249544 1.072118 1.341447 -1.020549 0.723055 -1.314679 0.591729
1776410016.437515 jaka_arm_left success 0.266757 0.298610 -0.429811 0.652148 0.321541 0.259747 0.635488 -1.245102 1.073668 1.339528 -1.028229 0.722293 -1.315731 0.595105
1776410016.445906 jaka_arm_left success 0.266395 0.296819 -0.428167 0.653265 0.319052 0.260477 0.635297 -1.237795 1.074436 1.338991 -1.046630 0.724226 -1.307516 0.592043
1776410016.454220 jaka_arm_left success 0.266036 0.294683 -0.426398 0.654076 0.316750 0.261735 0.635097 -1.230378 1.078339 1.337398 -1.064147 0.725732 -1.299786 0.593185
1776410016.462585 jaka_arm_left success 0.265689 0.292356 -0.424665 0.654871 0.313944 0.263376 0.634993 -1.227313 1.080749 1.336770 -1.074969 0.727697 -1.295114 0.595690
1776410016.470844 jaka_arm_left success 0.265235 0.290112 -0.422828 0.657030 0.310788 0.264536 0.633832 -1.216001 1.082173 1.335266 -1.102396 0.731360 -1.281020 0.592130
1776410016.479248 jaka_arm_left success 0.264937 0.287688 -0.421048 0.659169 0.306279 0.265453 0.633422 -1.217220 1.080113 1.336375 -1.106152 0.734159 -1.282469 0.595344
1776410016.487559 jaka_arm_left success 0.264499 0.285057 -0.419226 0.660372 0.303321 0.267794 0.632606 -1.204450 1.084357 1.332911 -1.134162 0.736781 -1.268340 0.595030
1776410016.495884 jaka_arm_left success 0.264117 0.282294 -0.417394 0.662232 0.299317 0.269452 0.631865 -1.201773 1.086354 1.333976 -1.147913 0.741658 -1.261506 0.597581
1776410016.504167 jaka_arm_left success 0.263676 0.279859 -0.415554 0.665416 0.295108 0.272409 0.629226 -1.189108 1.088030 1.330632 -1.177049 0.746658 -1.246476 0.597904
1776410016.512538 jaka_arm_left success 0.263339 0.277109 -0.413826 0.667187 0.290742 0.275092 0.628216 -1.188095 1.091280 1.331128 -1.185473 0.750969 -1.242918 0.604497
1776410016.520878 jaka_arm_left success 0.262947 0.274409 -0.412024 0.669476 0.286422 0.277962 0.626499 -1.179082 1.093719 1.328845 -1.208927 0.755941 -1.231356 0.606983
1776410016.529211 jaka_arm_left success 0.262697 0.271421 -0.410364 0.670584 0.282141 0.280951 0.625924 -1.174482 1.099462 1.328208 -1.223898 0.760017 -1.223907 0.612620
1776410016.537491 jaka_arm_left success 0.262279 0.268658 -0.408638 0.672516 0.278243 0.283898 0.624263 -1.168140 1.101974 1.327147 -1.242223 0.764926 -1.215060 0.615708
1776410016.545925 jaka_arm_left success 0.261909 0.265784 -0.407057 0.673827 0.274409 0.286231 0.623481 -1.161290 1.106330 1.326466 -1.261643 0.769432 -1.205195 0.617902
1776410016.554218 jaka_arm_left success 0.261635 0.263025 -0.405415 0.675525 0.270142 0.288709 0.622363 -1.157886 1.109362 1.326445 -1.275220 0.774255 -1.198757 0.622265
1776410016.562513 jaka_arm_left success 0.261379 0.260321 -0.403873 0.677055 0.265820 0.290682 0.621644 -1.155730 1.111858 1.326979 -1.285252 0.778745 -1.194767 0.627187
1776410016.570802 jaka_arm_left success 0.261054 0.257660 -0.402344 0.678179 0.262225 0.292071 0.621293 -1.151955 1.113590 1.327381 -1.298889 0.782506 -1.189107 0.628363
1776410016.579222 jaka_arm_left success 0.260835 0.255001 -0.400907 0.678790 0.258887 0.292340 0.621900 -1.150393 1.115335 1.329600 -1.309027 0.785651 -1.185896 0.628529
1776410016.587548 jaka_arm_left success 0.260694 0.252358 -0.399554 0.679171 0.255827 0.292320 0.622759 -1.149792 1.117792 1.332166 -1.316956 0.788451 -1.183796 0.629487
1776410016.595889 jaka_arm_left success 0.260619 0.250076 -0.398089 0.680494 0.252737 0.291934 0.622757 -1.149055 1.117315 1.335499 -1.330000 0.793113 -1.176065 0.624417
1776410016.604123 jaka_arm_left success 0.260752 0.247469 -0.396850 0.679955 0.250088 0.290827 0.624929 -1.150121 1.117585 1.337884 -1.332573 0.793026 -1.179424 0.624416
1776410016.612556 jaka_arm_left success 0.260889 0.245185 -0.395496 0.680852 0.247756 0.290575 0.624999 -1.148608 1.118737 1.340742 -1.344382 0.797242 -1.173437 0.622175
1776410016.620873 jaka_arm_left success 0.260969 0.242881 -0.394290 0.681299 0.246044 0.289205 0.625823 -1.149930 1.116797 1.343677 -1.350177 0.798716 -1.171746 0.617210
1776410016.629196 jaka_arm_left success 0.261110 0.240473 -0.393110 0.680645 0.246127 0.289078 0.626560 -1.144448 1.120692 1.345083 -1.365379 0.801419 -1.161894 0.612444
1776410016.637487 jaka_arm_left success 0.261417 0.238276 -0.391989 0.680802 0.244627 0.289186 0.626927 -1.145472 1.121199 1.346186 -1.367394 0.801927 -1.162769 0.613211
1776410016.645865 jaka_arm_left success 0.261557 0.235995 -0.390846 0.681317 0.244419 0.288291 0.626861 -1.144442 1.123781 1.350834 -1.382052 0.807724 -1.149681 0.605465
1776410016.654258 jaka_arm_left success 0.261849 0.234070 -0.389644 0.682818 0.243385 0.289008 0.625299 -1.137645 1.124983 1.351366 -1.399234 0.813215 -1.138292 0.602111
1776410016.662532 jaka_arm_left success 0.262167 0.231648 -0.388626 0.681971 0.244628 0.289088 0.625701 -1.136424 1.129451 1.353596 -1.409152 0.815338 -1.129562 0.597713
1776410016.670826 jaka_arm_left success 0.262545 0.229580 -0.387594 0.682760 0.245147 0.289205 0.624581 -1.132739 1.130972 1.355902 -1.423412 0.820500 -1.117521 0.591581
1776410016.679222 jaka_arm_left success 0.262907 0.227346 -0.386605 0.682754 0.246262 0.288141 0.624642 -1.129445 1.131964 1.358576 -1.437376 0.823442 -1.106551 0.582052
1776410016.687572 jaka_arm_left success 0.263452 0.225216 -0.385570 0.682563 0.247441 0.288056 0.624424 -1.126989 1.135083 1.361264 -1.449520 0.827587 -1.095427 0.576352
1776410016.695806 jaka_arm_left success 0.263854 0.223278 -0.384474 0.683700 0.248666 0.286139 0.623573 -1.124596 1.133149 1.365716 -1.463403 0.833019 -1.082306 0.563727
1776410016.704142 jaka_arm_left success 0.264383 0.221462 -0.383374 0.684643 0.249379 0.285126 0.622718 -1.122041 1.134878 1.369912 -1.477829 0.839037 -1.068934 0.555335
1776410016.712488 jaka_arm_left success 0.264863 0.219611 -0.382274 0.685595 0.249827 0.282717 0.622589 -1.120119 1.130249 1.372245 -1.488587 0.841751 -1.061479 0.544441
1776410016.720811 jaka_arm_left success 0.265475 0.217820 -0.381259 0.686520 0.249979 0.280914 0.622325 -1.121900 1.127670 1.377389 -1.497615 0.846519 -1.052417 0.534002
1776410016.729130 jaka_arm_left success 0.265979 0.216008 -0.380225 0.686536 0.250686 0.278907 0.622926 -1.120535 1.126969 1.381247 -1.508743 0.849632 -1.043501 0.523995
1776410016.737477 jaka_arm_left success 0.266369 0.214128 -0.379219 0.686689 0.250952 0.276257 0.623829 -1.121184 1.124275 1.385163 -1.513339 0.850745 -1.040864 0.515662
1776410016.745924 jaka_arm_left success 0.266783 0.212523 -0.378239 0.687157 0.250981 0.275631 0.623579 -1.118500 1.125708 1.388903 -1.527345 0.856258 -1.029008 0.508182
1776410016.754185 jaka_arm_left success 0.267061 0.210790 -0.377225 0.687362 0.251703 0.274242 0.623675 -1.118624 1.124560 1.391613 -1.533220 0.858199 -1.023720 0.501344
1776410016.762499 jaka_arm_left success 0.267392 0.209098 -0.376200 0.687480 0.252474 0.273970 0.623353 -1.115052 1.126280 1.394625 -1.546431 0.862910 -1.013216 0.494996
1776410016.770807 jaka_arm_left success 0.267754 0.207134 -0.375133 0.687637 0.252574 0.273189 0.623481 -1.115636 1.127011 1.399252 -1.554728 0.867625 -1.004345 0.488077
1776410016.779132 jaka_arm_left success 0.268130 0.205909 -0.373966 0.689931 0.251447 0.273823 0.621121 -1.109421 1.125011 1.400444 -1.572785 0.874977 -0.991229 0.481363
1776410016.787594 jaka_arm_left success 0.268401 0.204071 -0.373033 0.689920 0.252195 0.273970 0.620765 -1.109519 1.127071 1.403817 -1.579743 0.879208 -0.983012 0.477013
1776410016.795844 jaka_arm_left success 0.268694 0.202439 -0.371917 0.691253 0.251817 0.273551 0.619619 -1.108215 1.122236 1.406071 -1.593279 0.884183 -0.972272 0.466027
1776410016.804115 jaka_arm_left success 0.269022 0.200791 -0.370844 0.692847 0.251186 0.272780 0.618434 -1.105722 1.122746 1.410834 -1.604333 0.891192 -0.962310 0.460355
1776410016.812615 jaka_arm_left success 0.269381 0.199273 -0.369695 0.694536 0.250180 0.272939 0.616875 -1.104905 1.119009 1.414037 -1.618048 0.898533 -0.950243 0.451201
1776410016.820864 jaka_arm_left success 0.269608 0.197673 -0.368677 0.696051 0.249176 0.272526 0.615755 -1.102171 1.118331 1.417841 -1.629276 0.905225 -0.941356 0.446073
1776410016.829221 jaka_arm_left success 0.269961 0.196094 -0.367616 0.697542 0.247271 0.271870 0.615125 -1.104578 1.112803 1.419849 -1.633751 0.907721 -0.938959 0.440062
1776410016.837503 jaka_arm_left success 0.270158 0.194873 -0.366565 0.699410 0.245815 0.272912 0.613123 -1.100185 1.112117 1.423284 -1.650852 0.917483 -0.924535 0.433582
1776410016.845893 jaka_arm_left success 0.270299 0.193316 -0.365582 0.700434 0.244719 0.273163 0.612280 -1.099830 1.113455 1.426602 -1.657321 0.922516 -0.918611 0.431792
1776410016.854155 jaka_arm_left success 0.270510 0.191924 -0.364579 0.701458 0.243059 0.274271 0.611273 -1.097983 1.112705 1.428662 -1.668048 0.928275 -0.910448 0.427942
1776410016.862462 jaka_arm_left success 0.270744 0.190504 -0.363604 0.702564 0.241182 0.274539 0.610626 -1.099595 1.109853 1.430846 -1.673118 0.931899 -0.906724 0.424140
1776410016.870804 jaka_arm_left success 0.270914 0.189222 -0.362654 0.703242 0.240298 0.276178 0.609453 -1.096858 1.112464 1.432209 -1.682183 0.937427 -0.899603 0.424780
1776410016.879144 jaka_arm_left success 0.271147 0.188031 -0.361705 0.704379 0.238608 0.276939 0.608458 -1.096889 1.111334 1.435418 -1.690799 0.943211 -0.891871 0.419827
1776410016.887583 jaka_arm_left success 0.271243 0.186847 -0.360856 0.705140 0.237719 0.276908 0.607939 -1.096322 1.109376 1.436623 -1.696824 0.946095 -0.887681 0.416046
1776410016.895828 jaka_arm_left success 0.271437 0.185897 -0.359958 0.706121 0.236747 0.278617 0.606396 -1.093424 1.110783 1.438817 -1.707128 0.953082 -0.879096 0.414910
1776410016.904144 jaka_arm_left success 0.271787 0.185093 -0.359087 0.707459 0.234435 0.279285 0.605427 -1.095410 1.106391 1.439779 -1.711159 0.956029 -0.876290 0.411014
1776410016.912467 jaka_arm_left success 0.272028 0.184081 -0.358336 0.707340 0.233902 0.278846 0.605975 -1.096051 1.107694 1.442687 -1.715559 0.959089 -0.872522 0.409108
1776410016.920812 jaka_arm_left success 0.272261 0.183176 -0.357779 0.707013 0.233355 0.277409 0.607225 -1.096041 1.107863 1.444461 -1.716400 0.958477 -0.874290 0.408302
1776410016.929215 jaka_arm_left success 0.272777 0.182520 -0.357175 0.706986 0.231555 0.276576 0.608325 -1.100343 1.103655 1.445843 -1.716681 0.957741 -0.876279 0.404467
1776410016.937454 jaka_arm_left success 0.272979 0.182033 -0.356607 0.707297 0.231568 0.275477 0.608457 -1.102018 1.101783 1.447540 -1.716605 0.958107 -0.875549 0.400664
1776410016.945914 jaka_arm_left success 0.273647 0.181485 -0.356093 0.707025 0.229652 0.275154 0.609644 -1.103538 1.101382 1.448960 -1.718428 0.958031 -0.877487 0.400864
1776410016.954198 jaka_arm_left success 0.274091 0.181132 -0.355628 0.707251 0.229187 0.274905 0.609669 -1.107743 1.098974 1.450696 -1.717932 0.958907 -0.876870 0.397659
1776410016.962718 jaka_arm_left success 0.274395 0.180809 -0.355264 0.707002 0.229813 0.274656 0.609834 -1.108913 1.099326 1.452398 -1.718229 0.959832 -0.874896 0.395276
1776410016.970848 jaka_arm_left success 0.274836 0.180519 -0.354965 0.706641 0.229920 0.275256 0.609943 -1.109412 1.099732 1.451813 -1.718387 0.959509 -0.874376 0.395370
1776410016.979192 jaka_arm_left success 0.275204 0.180291 -0.354751 0.706477 0.230499 0.275284 0.609901 -1.110241 1.101020 1.453928 -1.719601 0.961323 -0.871334 0.393415
1776410016.987528 jaka_arm_left success 0.275849 0.180141 -0.354515 0.706539 0.229790 0.275628 0.609942 -1.110736 1.100801 1.453702 -1.720027 0.961513 -0.871369 0.393834
1776410016.995828 jaka_arm_left success 0.276350 0.180248 -0.354358 0.706765 0.229713 0.276498 0.609314 -1.112625 1.100387 1.454369 -1.721000 0.963209 -0.869004 0.392662
1776410017.004168 jaka_arm_left success 0.276922 0.180160 -0.354344 0.706422 0.230450 0.275344 0.609956 -1.114803 1.099047 1.455909 -1.720636 0.963066 -0.867911 0.388465
1776410017.012578 jaka_arm_left success 0.277321 0.180290 -0.354417 0.706295 0.232002 0.274797 0.609762 -1.115154 1.098865 1.456574 -1.720348 0.963437 -0.866031 0.386008
1776410017.020906 jaka_arm_left success 0.277974 0.180567 -0.354435 0.706976 0.232450 0.273504 0.609383 -1.118465 1.094131 1.458287 -1.720139 0.964338 -0.863709 0.378651
1776410017.029152 jaka_arm_left success 0.278691 0.180671 -0.354608 0.706801 0.233047 0.271810 0.610115 -1.119939 1.092892 1.460337 -1.719716 0.964429 -0.863567 0.375251
1776410017.037484 jaka_arm_left success 0.279182 0.180868 -0.354794 0.706700 0.235311 0.269710 0.610295 -1.122326 1.089752 1.462534 -1.718192 0.963903 -0.862001 0.367558
1776410017.045877 jaka_arm_left success 0.279905 0.181208 -0.354955 0.707318 0.235808 0.267792 0.610232 -1.126052 1.085141 1.464970 -1.717337 0.964628 -0.860656 0.360351
1776410017.054216 jaka_arm_left success 0.280530 0.181348 -0.355256 0.706894 0.237763 0.266061 0.610721 -1.126699 1.084819 1.466919 -1.716162 0.964382 -0.859307 0.356026
1776410017.062510 jaka_arm_left success 0.281121 0.181657 -0.355455 0.707464 0.239159 0.264298 0.610282 -1.130577 1.079752 1.469043 -1.715410 0.965344 -0.856523 0.347513
1776410017.070807 jaka_arm_left success 0.281602 0.181749 -0.355774 0.706737 0.242132 0.262709 0.610638 -1.132260 1.080030 1.472989 -1.717185 0.967658 -0.850164 0.339662
1776410017.079161 jaka_arm_left success 0.282195 0.181984 -0.355990 0.707078 0.243496 0.261855 0.610067 -1.132200 1.077849 1.473658 -1.717692 0.968345 -0.848003 0.335435
1776410017.087494 jaka_arm_left success 0.282575 0.182016 -0.356249 0.706765 0.246578 0.260188 0.609906 -1.132544 1.076028 1.475770 -1.718898 0.969502 -0.842768 0.327226
1776410017.095861 jaka_arm_left success 0.283156 0.182426 -0.356427 0.707945 0.247273 0.259759 0.608436 -1.133282 1.072120 1.478594 -1.722721 0.973988 -0.835892 0.319178
1776410017.104145 jaka_arm_left success 0.283628 0.182462 -0.356674 0.707822 0.248925 0.258863 0.608288 -1.132770 1.072532 1.479239 -1.722728 0.974053 -0.834456 0.317283
1776410017.112441 jaka_arm_left success 0.283985 0.182444 -0.356922 0.707686 0.251593 0.257828 0.607788 -1.133680 1.070766 1.481801 -1.725620 0.976683 -0.827591 0.308968
1776410017.120820 jaka_arm_left success 0.284477 0.182432 -0.357121 0.707970 0.252457 0.256796 0.607536 -1.134280 1.069010 1.483681 -1.726580 0.978041 -0.825035 0.304343
1776410017.129158 jaka_arm_left success 0.284897 0.182609 -0.357197 0.708920 0.253066 0.256257 0.606401 -1.135343 1.065221 1.486133 -1.729127 0.981460 -0.819726 0.297091
1776410017.137477 jaka_arm_left success 0.285153 0.182572 -0.357392 0.708811 0.254943 0.255605 0.606017 -1.133901 1.066615 1.488507 -1.733232 0.984486 -0.813865 0.293369
1776410017.145782 jaka_arm_left success 0.285347 0.182519 -0.357575 0.708445 0.257043 0.255745 0.605499 -1.132764 1.066832 1.488309 -1.733925 0.984916 -0.810612 0.290726
1776410017.154213 jaka_arm_left success 0.285605 0.182502 -0.357661 0.708525 0.257920 0.255279 0.605230 -1.132624 1.066211 1.488990 -1.734487 0.985489 -0.808856 0.288239
1776410017.162462 jaka_arm_left success 0.285907 0.182365 -0.357769 0.708235 0.258519 0.254727 0.605545 -1.132353 1.066722 1.489375 -1.734248 0.984968 -0.808737 0.287383
1776410017.170858 jaka_arm_left success 0.286070 0.182242 -0.357874 0.708096 0.259410 0.253905 0.605672 -1.134539 1.064814 1.491523 -1.734560 0.985743 -0.806442 0.281926
1776410017.179154 jaka_arm_left success 0.286140 0.182048 -0.357992 0.708193 0.259832 0.251764 0.606272 -1.134846 1.063488 1.493227 -1.734398 0.985629 -0.806989 0.279223
1776410017.187486 jaka_arm_left success 0.286305 0.182034 -0.358007 0.708863 0.259527 0.250979 0.605944 -1.135992 1.060800 1.494633 -1.734259 0.986392 -0.807046 0.276364
1776410017.195779 jaka_arm_left success 0.286411 0.181848 -0.358081 0.708960 0.259543 0.250639 0.605965 -1.136114 1.060612 1.494939 -1.734311 0.986573 -0.807013 0.276069
1776410017.204178 jaka_arm_left success 0.286580 0.181558 -0.358130 0.709088 0.258264 0.249960 0.606642 -1.136929 1.060053 1.496184 -1.735160 0.986727 -0.808323 0.275854
1776410017.212446 jaka_arm_left success 0.286663 0.181174 -0.358248 0.708703 0.258293 0.249641 0.607210 -1.138382 1.060366 1.497031 -1.734919 0.986310 -0.808348 0.274724
1776410017.220891 jaka_arm_left success 0.286641 0.180969 -0.358267 0.709452 0.257882 0.248919 0.606806 -1.141161 1.057367 1.499395 -1.733783 0.988167 -0.808482 0.272217
1776410017.229172 jaka_arm_left success 0.286654 0.180734 -0.358317 0.709945 0.257655 0.248936 0.606320 -1.141280 1.057327 1.499442 -1.733535 0.988705 -0.807734 0.272070
1776410017.237515 jaka_arm_left success 0.286764 0.180483 -0.358309 0.710362 0.257332 0.249024 0.605931 -1.142644 1.057409 1.501260 -1.734428 0.991000 -0.805807 0.271273
1776410017.245945 jaka_arm_left success 0.286946 0.180060 -0.358336 0.710530 0.256651 0.248472 0.606251 -1.142539 1.057147 1.502033 -1.734746 0.991182 -0.806563 0.271230
1776410017.254226 jaka_arm_left success 0.286907 0.179491 -0.358444 0.710238 0.257505 0.246303 0.607114 -1.145638 1.055071 1.504890 -1.733739 0.990788 -0.806716 0.265821
1776410017.262629 jaka_arm_left success 0.287012 0.179316 -0.358440 0.711288 0.257172 0.245533 0.606338 -1.147700 1.051989 1.508064 -1.734152 0.993735 -0.804816 0.261482
1776410017.270869 jaka_arm_left success 0.287299 0.179120 -0.358385 0.712477 0.255523 0.245047 0.605835 -1.148162 1.050330 1.508797 -1.734806 0.995237 -0.805449 0.261956
1776410017.279250 jaka_arm_left success 0.287387 0.178466 -0.358446 0.712241 0.255711 0.243024 0.606847 -1.152006 1.047785 1.511723 -1.734204 0.994895 -0.805633 0.256122
1776410017.287522 jaka_arm_left success 0.287420 0.178058 -0.358460 0.712387 0.256360 0.242050 0.606791 -1.152469 1.047652 1.513851 -1.734497 0.996224 -0.804151 0.253781
1776410017.295779 jaka_arm_left success 0.287688 0.177862 -0.358364 0.713842 0.255204 0.241712 0.605703 -1.155889 1.042721 1.517233 -1.736617 1.000536 -0.800935 0.247919
1776410017.304129 jaka_arm_left success 0.287906 0.176909 -0.358510 0.712783 0.255453 0.239225 0.607828 -1.155749 1.044261 1.519346 -1.737519 0.998757 -0.802776 0.246425
1776410017.312507 jaka_arm_left success 0.288003 0.176583 -0.358445 0.713497 0.255499 0.238027 0.607442 -1.157925 1.041844 1.521356 -1.736182 0.999363 -0.802567 0.242535
1776410017.320911 jaka_arm_left success 0.288270 0.176169 -0.358395 0.714176 0.254421 0.236873 0.607547 -1.162033 1.038453 1.524290 -1.735805 1.001005 -0.803068 0.239003
1776410017.329195 jaka_arm_left success 0.288313 0.175317 -0.358476 0.713421 0.255527 0.234643 0.608834 -1.163491 1.039017 1.527457 -1.735182 1.000369 -0.803288 0.235213
1776410017.337478 jaka_arm_left success 0.288805 0.175130 -0.358292 0.715187 0.253355 0.234252 0.607820 -1.169472 1.033655 1.530600 -1.735113 1.003604 -0.802664 0.230593
1776410017.345859 jaka_arm_left success 0.288939 0.174235 -0.358336 0.713767 0.254779 0.232953 0.609391 -1.168717 1.035864 1.531844 -1.734776 1.001856 -0.802746 0.228770
1776410017.354334 jaka_arm_left success 0.289182 0.173616 -0.358311 0.714507 0.254008 0.230287 0.609859 -1.173529 1.032408 1.536171 -1.733381 1.002935 -0.804115 0.223640
1776410017.362524 jaka_arm_left success 0.289497 0.172917 -0.358202 0.714524 0.254613 0.229144 0.610017 -1.174649 1.032654 1.538804 -1.733250 1.004295 -0.802737 0.221158
1776410017.370833 jaka_arm_left success 0.289863 0.172156 -0.358119 0.714829 0.253929 0.227283 0.610641 -1.178167 1.029992 1.542496 -1.732840 1.004908 -0.803822 0.216438
1776410017.379119 jaka_arm_left success 0.290081 0.171367 -0.357950 0.715162 0.254581 0.225713 0.610561 -1.183615 1.027839 1.547821 -1.733789 1.008360 -0.799459 0.208128
1776410017.387557 jaka_arm_left success 0.290428 0.170345 -0.357914 0.714916 0.254968 0.223915 0.611350 -1.182970 1.028153 1.549626 -1.734086 1.007992 -0.800731 0.207173
1776410017.395868 jaka_arm_left success 0.290820 0.169716 -0.357614 0.716396 0.254092 0.222663 0.610439 -1.190122 1.023017 1.557282 -1.738397 1.015588 -0.792689 0.194834
1776410017.404168 jaka_arm_left success 0.291117 0.168636 -0.357516 0.716192 0.254450 0.220442 0.611334 -1.189323 1.023239 1.559594 -1.738869 1.015022 -0.794616 0.193657
1776410017.412492 jaka_arm_left success 0.291424 0.167638 -0.357365 0.715809 0.255637 0.219901 0.611482 -1.192359 1.022730 1.562829 -1.739710 1.017505 -0.790089 0.187628
1776410017.420890 jaka_arm_left success 0.291674 0.166749 -0.357151 0.716576 0.255700 0.218283 0.611137 -1.195867 1.019230 1.567081 -1.742497 1.020263 -0.786398 0.178811
1776410017.429216 jaka_arm_left success 0.292181 0.166076 -0.356748 0.718399 0.254227 0.217006 0.610065 -1.200702 1.013167 1.573652 -1.747466 1.027314 -0.780597 0.168345
1776410017.437470 jaka_arm_left success 0.292308 0.164723 -0.356584 0.717643 0.255572 0.214781 0.611180 -1.200133 1.014763 1.576680 -1.748671 1.027519 -0.779697 0.165426
1776410017.445851 jaka_arm_left success 0.292794 0.163720 -0.356280 0.718281 0.254273 0.213527 0.611412 -1.204585 1.011423 1.580514 -1.749153 1.029601 -0.779647 0.160398
1776410017.454188 jaka_arm_left success 0.292960 0.162421 -0.356090 0.717607 0.255486 0.212334 0.612112 -1.206367 1.015142 1.586408 -1.751897 1.033589 -0.773868 0.155696
1776410017.462454 jaka_arm_left success 0.293204 0.161392 -0.355727 0.718043 0.256073 0.211352 0.611696 -1.208211 1.011034 1.588102 -1.754280 1.034916 -0.770960 0.148060
1776410017.470780 jaka_arm_left success 0.293458 0.160164 -0.355459 0.718151 0.255848 0.209024 0.612462 -1.213980 1.008977 1.595378 -1.756226 1.038987 -0.767865 0.139164
1776410017.479159 jaka_arm_left success 0.293843 0.159189 -0.355109 0.718762 0.254788 0.207775 0.612612 -1.215326 1.007495 1.597973 -1.757959 1.040770 -0.767542 0.136654
1776410017.487572 jaka_arm_left success 0.293966 0.158071 -0.354765 0.718940 0.255013 0.206310 0.612805 -1.218265 1.006040 1.601967 -1.759845 1.043167 -0.764904 0.130482
1776410017.495794 jaka_arm_left success 0.294330 0.156926 -0.354388 0.719334 0.254291 0.204010 0.613412 -1.224494 1.001571 1.607316 -1.760730 1.044607 -0.765157 0.121562
1776410017.504142 jaka_arm_left success 0.294566 0.155518 -0.354123 0.718216 0.254865 0.202904 0.614849 -1.224045 1.004855 1.609554 -1.761473 1.045094 -0.763903 0.121193
1776410017.512536 jaka_arm_left success 0.295003 0.154369 -0.353679 0.719142 0.253369 0.199089 0.615632 -1.231457 0.999874 1.615717 -1.760412 1.046088 -0.766569 0.112839
1776410017.521066 jaka_arm_left success 0.295429 0.153403 -0.353222 0.720130 0.251717 0.197144 0.615781 -1.237935 0.995970 1.620756 -1.760124 1.048008 -0.767729 0.106429
1776410017.529175 jaka_arm_left success 0.295593 0.151905 -0.352852 0.719177 0.252782 0.194950 0.617155 -1.239251 0.997968 1.624627 -1.760706 1.048713 -0.766733 0.103210
1776410017.537544 jaka_arm_left success 0.295815 0.150400 -0.352476 0.718358 0.253489 0.192523 0.618579 -1.244798 0.997552 1.629798 -1.760524 1.049424 -0.765619 0.095515
1776410017.545889 jaka_arm_left success 0.296182 0.149259 -0.351945 0.719041 0.252281 0.190609 0.618872 -1.250055 0.994476 1.635142 -1.761396 1.051739 -0.765717 0.088722
1776410017.554162 jaka_arm_left success 0.296443 0.147852 -0.351549 0.718757 0.252308 0.188629 0.619796 -1.252736 0.995157 1.639399 -1.762299 1.053782 -0.764104 0.084706
1776410017.562530 jaka_arm_left success 0.296828 0.146459 -0.351095 0.718191 0.251953 0.187725 0.620871 -1.254391 0.996353 1.641941 -1.763286 1.053872 -0.764209 0.082728
1776410017.570819 jaka_arm_left success 0.297147 0.145352 -0.350456 0.720114 0.249743 0.184342 0.620549 -1.265055 0.988956 1.650736 -1.763603 1.059255 -0.764001 0.070537
1776410017.579190 jaka_arm_left success 0.297410 0.143902 -0.349978 0.719997 0.249594 0.183848 0.620892 -1.266910 0.991174 1.656641 -1.768133 1.064845 -0.757915 0.065440
1776410017.587556 jaka_arm_left success 0.297663 0.142391 -0.349412 0.719858 0.248802 0.181814 0.621969 -1.269246 0.989398 1.658971 -1.768989 1.063741 -0.760348 0.061763
1776410017.595837 jaka_arm_left success 0.297974 0.140744 -0.349016 0.719134 0.248486 0.181485 0.623028 -1.271662 0.991670 1.661735 -1.769416 1.065050 -0.759104 0.060496
1776410017.604135 jaka_arm_left success 0.298258 0.139577 -0.348345 0.720192 0.247387 0.180474 0.622537 -1.279600 0.988191 1.667697 -1.770856 1.069641 -0.756950 0.052202
1776410017.612458 jaka_arm_left success 0.298561 0.138023 -0.347755 0.720789 0.246372 0.179796 0.622445 -1.282346 0.987950 1.674682 -1.777031 1.077168 -0.749367 0.043720
1776410017.620875 jaka_arm_left success 0.298886 0.136423 -0.347254 0.720376 0.245399 0.177799 0.623879 -1.282547 0.988452 1.676724 -1.778600 1.076537 -0.751644 0.043450
1776410017.629265 jaka_arm_left success 0.299158 0.135096 -0.346612 0.720999 0.245613 0.178528 0.622867 -1.288676 0.988234 1.684493 -1.782080 1.085547 -0.742873 0.033998
1776410017.637460 jaka_arm_left success 0.299573 0.133685 -0.345982 0.721864 0.244060 0.177231 0.622845 -1.291968 0.985018 1.686843 -1.783831 1.086931 -0.743753 0.030209
1776410017.645841 jaka_arm_left success 0.299668 0.131791 -0.345462 0.720878 0.244696 0.175786 0.624146 -1.296174 0.987947 1.694815 -1.787280 1.092130 -0.737832 0.021723
1776410017.654220 jaka_arm_left success 0.300173 0.130496 -0.344767 0.721995 0.242918 0.175710 0.623570 -1.301763 0.984270 1.699225 -1.790998 1.097201 -0.735002 0.014756
1776410017.662465 jaka_arm_left success 0.300500 0.128880 -0.344188 0.721952 0.242129 0.175000 0.624127 -1.303241 0.987136 1.704391 -1.793552 1.101872 -0.731711 0.012913
1776410017.670790 jaka_arm_left success 0.300710 0.127360 -0.343637 0.721738 0.241660 0.175140 0.624517 -1.304242 0.987579 1.705350 -1.794816 1.102428 -0.731282 0.012122
1776410017.679172 jaka_arm_left success 0.301124 0.125918 -0.343004 0.721990 0.240629 0.174179 0.624892 -1.311420 0.986997 1.711940 -1.795780 1.106859 -0.728850 0.004416
1776410017.687520 jaka_arm_left success 0.301555 0.124371 -0.342499 0.721663 0.239955 0.173180 0.625805 -1.313461 0.988454 1.715667 -1.797579 1.109082 -0.727845 0.002300
1776410017.695846 jaka_arm_left success 0.301958 0.122905 -0.341721 0.722154 0.239419 0.172422 0.625654 -1.321008 0.985974 1.722905 -1.801207 1.116312 -0.721855 -0.009271
1776410017.704166 jaka_arm_left success 0.302405 0.121617 -0.341134 0.722548 0.238604 0.171215 0.625842 -1.324895 0.984495 1.728115 -1.804539 1.120167 -0.719697 -0.016230
1776410017.712474 jaka_arm_left success 0.302749 0.119964 -0.340613 0.721682 0.239167 0.170340 0.626864 -1.325009 0.986925 1.729921 -1.805368 1.120688 -0.718373 -0.017298
1776410017.720896 jaka_arm_left success 0.303242 0.118409 -0.340068 0.720790 0.238550 0.168490 0.628623 -1.332238 0.988218 1.735295 -1.803785 1.121498 -0.719401 -0.022499
1776410017.729207 jaka_arm_left success 0.303732 0.117131 -0.339444 0.721298 0.238032 0.167904 0.628393 -1.337165 0.989372 1.742257 -1.806077 1.128456 -0.714188 -0.029155
1776410017.737492 jaka_arm_left success 0.304230 0.115806 -0.338819 0.721351 0.237963 0.166633 0.628696 -1.339811 0.986696 1.743685 -1.807338 1.128407 -0.714347 -0.034558
1776410017.745989 jaka_arm_left success 0.304641 0.114345 -0.338275 0.720682 0.238676 0.166546 0.629217 -1.341959 0.989814 1.749371 -1.811273 1.134494 -0.707658 -0.040194
1776410017.754218 jaka_arm_left success 0.305153 0.112942 -0.337712 0.720940 0.238098 0.165201 0.629494 -1.347166 0.987552 1.753251 -1.811517 1.136047 -0.707897 -0.046885
1776410017.762504 jaka_arm_left success 0.305821 0.111681 -0.337202 0.721390 0.236993 0.164653 0.629539 -1.353379 0.988556 1.760496 -1.813129 1.143267 -0.703438 -0.053454
1776410017.770793 jaka_arm_left success 0.306377 0.110002 -0.336760 0.720310 0.237191 0.163741 0.630939 -1.353959 0.990352 1.761396 -1.814252 1.142038 -0.703848 -0.054264
1776410017.779217 jaka_arm_left success 0.306939 0.108517 -0.336315 0.720290 0.237229 0.163437 0.631025 -1.360819 0.992523 1.769009 -1.814363 1.149510 -0.698324 -0.061593
1776410017.787552 jaka_arm_left success 0.307315 0.107133 -0.335821 0.720601 0.238281 0.163526 0.630250 -1.360738 0.992227 1.775997 -1.823297 1.160257 -0.686569 -0.073140
1776410017.795874 jaka_arm_left success 0.307999 0.105763 -0.335404 0.721068 0.237515 0.163706 0.629959 -1.364545 0.990743 1.777977 -1.823647 1.162209 -0.686516 -0.075969
1776410017.804140 jaka_arm_left success 0.308611 0.104335 -0.335081 0.721068 0.237131 0.163917 0.630048 -1.371140 0.993749 1.786442 -1.825024 1.170940 -0.679851 -0.083997
1776410017.812459 jaka_arm_left success 0.309137 0.102981 -0.334753 0.720641 0.238467 0.164978 0.629755 -1.369267 0.994114 1.789842 -1.832085 1.178123 -0.670793 -0.090853
1776410017.820857 jaka_arm_left success 0.309725 0.101909 -0.334482 0.721312 0.238649 0.165748 0.628715 -1.374465 0.993512 1.796764 -1.836148 1.188812 -0.661492 -0.101606
1776410017.829162 jaka_arm_left success 0.310348 0.100726 -0.334321 0.720911 0.239488 0.166920 0.628546 -1.373943 0.995580 1.796840 -1.836627 1.190217 -0.658707 -0.101321
1776410017.837455 jaka_arm_left success 0.311044 0.099371 -0.334288 0.719839 0.240745 0.166039 0.629527 -1.376537 0.999946 1.802454 -1.836662 1.194418 -0.654422 -0.106141
1776410017.845770 jaka_arm_left success 0.311853 0.098364 -0.334164 0.719896 0.241723 0.165873 0.629131 -1.382534 1.000607 1.809698 -1.838052 1.202902 -0.647831 -0.115897
1776410017.854227 jaka_arm_left success 0.312661 0.097211 -0.334245 0.719147 0.243706 0.164837 0.629495 -1.382763 1.001562 1.810855 -1.837900 1.203332 -0.645387 -0.119914
1776410017.862519 jaka_arm_left success 0.313543 0.096126 -0.334268 0.718534 0.245160 0.163540 0.629969 -1.390259 1.003406 1.817538 -1.835670 1.207955 -0.641972 -0.129236
1776410017.870798 jaka_arm_left success 0.314292 0.095317 -0.334347 0.718866 0.247563 0.162364 0.628953 -1.391954 1.000066 1.824639 -1.842006 1.218049 -0.631891 -0.145382
1776410017.879092 jaka_arm_left success 0.315074 0.094222 -0.334584 0.717380 0.250561 0.160942 0.629828 -1.392131 1.003389 1.826292 -1.840457 1.217887 -0.629029 -0.149143
1776410017.887517 jaka_arm_left success 0.315948 0.093263 -0.334893 0.716674 0.252573 0.157994 0.630574 -1.398676 1.003250 1.830403 -1.836381 1.217281 -0.630072 -0.157776
1776410017.895843 jaka_arm_left success 0.316732 0.092501 -0.335126 0.716186 0.255679 0.156181 0.630328 -1.404321 1.002510 1.840104 -1.839316 1.227707 -0.619959 -0.176449
1776410017.904171 jaka_arm_left success 0.317515 0.091804 -0.335391 0.715894 0.258220 0.152538 0.630516 -1.407646 1.000826 1.842371 -1.836410 1.226187 -0.621047 -0.184230
1776410017.912455 jaka_arm_left success 0.318291 0.091050 -0.335797 0.714735 0.260877 0.148962 0.631591 -1.411963 1.001952 1.846151 -1.832619 1.224827 -0.621872 -0.191811
1776410017.920831 jaka_arm_left success 0.319095 0.090308 -0.336232 0.713130 0.263786 0.144824 0.633158 -1.417375 1.003236 1.849508 -1.828266 1.221930 -0.623609 -0.199956
1776410017.929204 jaka_arm_left success 0.319872 0.089729 -0.336726 0.711510 0.266643 0.140380 0.634782 -1.422067 1.004290 1.852724 -1.823068 1.218418 -0.626032 -0.207758
1776410017.937480 jaka_arm_left success 0.320562 0.089009 -0.337325 0.709224 0.269203 0.134670 0.637492 -1.428431 1.006161 1.855633 -1.817579 1.211980 -0.631299 -0.214990
1776410017.945959 jaka_arm_left success 0.321259 0.088672 -0.337833 0.708182 0.272097 0.131369 0.638110 -1.432797 1.007494 1.857998 -1.810965 1.209270 -0.633318 -0.220326
1776410017.954186 jaka_arm_left success 0.321816 0.087901 -0.338459 0.705436 0.275992 0.126784 0.640402 -1.433957 1.011463 1.859754 -1.806980 1.203953 -0.634754 -0.225532
1776410017.962465 jaka_arm_left success 0.322457 0.087516 -0.339111 0.703839 0.278711 0.122652 0.641784 -1.440643 1.012288 1.862036 -1.798512 1.198534 -0.640174 -0.231366
1776410017.970761 jaka_arm_left success 0.322972 0.086919 -0.339735 0.702122 0.282367 0.118700 0.642810 -1.440646 1.015161 1.863519 -1.794526 1.195032 -0.640720 -0.235416
1776410017.979167 jaka_arm_left success 0.323634 0.086445 -0.340349 0.701353 0.284806 0.114816 0.643278 -1.444160 1.014705 1.865723 -1.788700 1.191695 -0.643909 -0.241438
1776410017.987547 jaka_arm_left success 0.324021 0.085855 -0.340984 0.700012 0.288820 0.111133 0.643595 -1.448781 1.016558 1.868772 -1.782810 1.189191 -0.645058 -0.248519
1776410017.995786 jaka_arm_left success 0.324527 0.085293 -0.341672 0.699255 0.291795 0.108964 0.643448 -1.449361 1.017974 1.870629 -1.779208 1.189408 -0.643343 -0.252460
1776410018.004151 jaka_arm_left success 0.325076 0.084699 -0.342379 0.698522 0.293960 0.106168 0.643726 -1.454900 1.018615 1.874450 -1.774497 1.188979 -0.644038 -0.259877
1776410018.020864 jaka_arm_left success 0.325587 0.084071 -0.343072 0.698595 0.295714 0.103285 0.643312 -1.459870 1.018036 1.879163 -1.770602 1.190519 -0.644420 -0.267195
1776410018.029170 jaka_arm_left success 0.325972 0.082558 -0.344472 0.697197 0.303484 0.100063 0.641717 -1.464931 1.017978 1.895859 -1.777363 1.208798 -0.622272 -0.300160
1776410018.037493 jaka_arm_left success 0.326325 0.081789 -0.345175 0.697067 0.306376 0.098378 0.640744 -1.462590 1.017840 1.898322 -1.778673 1.212012 -0.617178 -0.305992
1776410018.045780 jaka_arm_left success 0.326651 0.081036 -0.345942 0.696972 0.308704 0.095825 0.640117 -1.467316 1.016583 1.903471 -1.776470 1.214356 -0.615712 -0.316629
1776410018.054220 jaka_arm_left success 0.326829 0.080141 -0.346695 0.696458 0.311903 0.092707 0.639584 -1.472006 1.015739 1.913741 -1.778472 1.223523 -0.607282 -0.335071
1776410018.062466 jaka_arm_left success 0.327082 0.079225 -0.347433 0.695707 0.314420 0.088859 0.639715 -1.471007 1.016424 1.914833 -1.777025 1.221201 -0.607931 -0.338591
1776410018.070814 jaka_arm_left success 0.327456 0.078540 -0.348185 0.695892 0.316159 0.086138 0.639029 -1.477500 1.013834 1.918383 -1.772374 1.220960 -0.610221 -0.347518
1776410018.079132 jaka_arm_left success 0.327698 0.077496 -0.348980 0.694761 0.318845 0.082596 0.639392 -1.480913 1.016684 1.923024 -1.768338 1.221835 -0.609035 -0.354434
1776410018.087487 jaka_arm_left success 0.327947 0.076643 -0.349712 0.694390 0.320609 0.078226 0.639463 -1.486300 1.015114 1.927156 -1.764742 1.220086 -0.612472 -0.363558
1776410018.095845 jaka_arm_left success 0.328297 0.075783 -0.350478 0.694169 0.322415 0.075223 0.639155 -1.491869 1.016832 1.933350 -1.760355 1.222908 -0.611811 -0.371528
1776410018.104166 jaka_arm_left success 0.328417 0.074854 -0.351082 0.693699 0.325230 0.071072 0.638714 -1.496379 1.015615 1.939303 -1.759095 1.224849 -0.610530 -0.384451
1776410018.112520 jaka_arm_left success 0.328653 0.073844 -0.351752 0.692730 0.327685 0.067003 0.638951 -1.497658 1.015900 1.941844 -1.756570 1.223347 -0.611174 -0.390863
1776410018.120797 jaka_arm_left success 0.328926 0.072790 -0.352468 0.691423 0.330304 0.064352 0.639291 -1.503071 1.019450 1.947853 -1.752303 1.225957 -0.609005 -0.399359
1776410018.129251 jaka_arm_left success 0.329205 0.071875 -0.353129 0.690504 0.332801 0.060861 0.639331 -1.504801 1.019043 1.950139 -1.750440 1.224509 -0.609479 -0.406561
1776410018.137536 jaka_arm_left success 0.329580 0.071011 -0.353782 0.689562 0.334789 0.057493 0.639621 -1.509223 1.020372 1.954161 -1.746890 1.224119 -0.610447 -0.413743
1776410018.145828 jaka_arm_left success 0.329953 0.069978 -0.354487 0.687368 0.337848 0.055188 0.640577 -1.508243 1.024550 1.955775 -1.744771 1.223259 -0.607960 -0.416935
1776410018.154174 jaka_arm_left success 0.330314 0.069208 -0.355137 0.686395 0.340057 0.051434 0.640763 -1.513753 1.024971 1.959160 -1.740284 1.221203 -0.610543 -0.424895
1776410018.162523 jaka_arm_left success 0.330803 0.068288 -0.355834 0.684510 0.342498 0.048602 0.641700 -1.514117 1.028913 1.961439 -1.736950 1.220277 -0.609414 -0.428214
1776410018.170815 jaka_arm_left success 0.331416 0.067667 -0.356459 0.683704 0.343855 0.045441 0.642065 -1.517562 1.029662 1.963655 -1.733581 1.218017 -0.612157 -0.432784
1776410018.179179 jaka_arm_left success 0.331943 0.066814 -0.357082 0.681406 0.346672 0.042391 0.643201 -1.519862 1.033448 1.965397 -1.728738 1.215415 -0.612477 -0.437002
1776410018.187520 jaka_arm_left success 0.332682 0.066323 -0.357617 0.680619 0.348496 0.040307 0.643183 -1.523320 1.035051 1.967073 -1.724238 1.214080 -0.613548 -0.440729
1776410018.195857 jaka_arm_left success 0.333153 0.065443 -0.358156 0.677841 0.352658 0.038495 0.643958 -1.522003 1.039148 1.967434 -1.721224 1.211789 -0.611040 -0.444142
1776410018.204137 jaka_arm_left success 0.333931 0.064996 -0.358627 0.676530 0.354697 0.037435 0.644279 -1.523972 1.042988 1.969294 -1.717112 1.212346 -0.609139 -0.446285
1776410018.212439 jaka_arm_left success 0.334753 0.064725 -0.359089 0.676211 0.356216 0.037384 0.643779 -1.525916 1.044469 1.970899 -1.713705 1.213669 -0.607433 -0.448860
1776410018.220825 jaka_arm_left success 0.335431 0.064321 -0.359487 0.674678 0.359411 0.037125 0.643627 -1.525243 1.046649 1.971110 -1.711595 1.214103 -0.603809 -0.451364
1776410018.229211 jaka_arm_left success 0.336118 0.064044 -0.359879 0.673353 0.362447 0.037707 0.643277 -1.526710 1.049869 1.976713 -1.713323 1.221842 -0.593613 -0.460573
1776410018.237523 jaka_arm_left success 0.336861 0.063682 -0.360278 0.671151 0.365694 0.038404 0.643700 -1.524233 1.052736 1.975281 -1.712602 1.221610 -0.588254 -0.462367
1776410018.245847 jaka_arm_left success 0.337747 0.063582 -0.360694 0.669481 0.367691 0.039211 0.644252 -1.523182 1.055232 1.974194 -1.711934 1.221408 -0.584587 -0.463259
1776410018.254161 jaka_arm_left success 0.338599 0.063570 -0.361098 0.667610 0.369930 0.039272 0.644907 -1.522671 1.056520 1.972960 -1.711094 1.220039 -0.582823 -0.464597
1776410018.262509 jaka_arm_left success 0.339469 0.063421 -0.361484 0.664842 0.372878 0.038564 0.646111 -1.521269 1.060303 1.971946 -1.709834 1.217369 -0.580056 -0.467056
1776410018.270833 jaka_arm_left success 0.340374 0.063548 -0.361887 0.662248 0.375947 0.037778 0.647043 -1.519672 1.065129 1.971683 -1.707351 1.216486 -0.576288 -0.467983
1776410018.279242 jaka_arm_left success 0.341168 0.063634 -0.362251 0.658714 0.379708 0.035205 0.648597 -1.518532 1.068570 1.970585 -1.705541 1.212543 -0.574619 -0.471399
1776410018.287497 jaka_arm_left success 0.342115 0.063692 -0.362666 0.654304 0.383451 0.032643 0.650988 -1.521368 1.077876 1.966281 -1.692306 1.201219 -0.581212 -0.466503
1776410018.295825 jaka_arm_left success 0.343082 0.063974 -0.363031 0.650002 0.386865 0.028502 0.653468 -1.519157 1.081108 1.958053 -1.684403 1.185480 -0.591900 -0.461138
1776410018.304134 jaka_arm_left success 0.344222 0.064502 -0.363560 0.646373 0.388775 0.024608 0.656086 -1.522968 1.091042 1.951216 -1.665395 1.169828 -0.606773 -0.448854
1776410018.312540 jaka_arm_left success 0.345161 0.064983 -0.363849 0.641692 0.391779 0.019430 0.659062 -1.521354 1.093463 1.942907 -1.657361 1.152923 -0.619281 -0.445165
1776410018.320820 jaka_arm_left success 0.346101 0.065373 -0.364142 0.636469 0.394915 0.014123 0.662382 -1.524523 1.103348 1.934483 -1.637372 1.134280 -0.636369 -0.433869
1776410018.329252 jaka_arm_left success 0.346955 0.065735 -0.364485 0.630811 0.398037 0.009682 0.665995 -1.519362 1.110127 1.923537 -1.627158 1.116075 -0.649611 -0.423290
1776410018.337512 jaka_arm_left success 0.347693 0.066100 -0.364679 0.625429 0.401533 0.004887 0.669019 -1.523158 1.118609 1.918340 -1.610975 1.102183 -0.661030 -0.418734
1776410018.345969 jaka_arm_left success 0.348417 0.066461 -0.364875 0.620056 0.404654 -0.000149 0.672150 -1.520097 1.123589 1.909492 -1.600410 1.085499 -0.674436 -0.412193
1776410018.354190 jaka_arm_left success 0.349200 0.066966 -0.365110 0.615820 0.406584 -0.003696 0.674864 -1.523392 1.130597 1.904182 -1.585821 1.073257 -0.686278 -0.406015
1776410018.362500 jaka_arm_left success 0.349789 0.067349 -0.365303 0.611405 0.408939 -0.007541 0.677419 -1.521494 1.133864 1.897784 -1.578607 1.061060 -0.695652 -0.402878
1776410018.370839 jaka_arm_left success 0.350359 0.067730 -0.365464 0.607706 0.410669 -0.011171 0.679647 -1.524555 1.140677 1.893274 -1.563378 1.049993 -0.707783 -0.396134
1776410018.379184 jaka_arm_left success 0.350852 0.068038 -0.365637 0.604050 0.412802 -0.012948 0.681580 -1.520580 1.145002 1.889304 -1.561658 1.043989 -0.709076 -0.394026
1776410018.387491 jaka_arm_left success 0.351433 0.068285 -0.365858 0.601097 0.413809 -0.014143 0.683553 -1.521210 1.148905 1.882285 -1.550505 1.033581 -0.720218 -0.385825
1776410018.395854 jaka_arm_left success 0.351648 0.068386 -0.365917 0.598220 0.416222 -0.015887 0.684572 -1.519712 1.151959 1.881655 -1.549322 1.030434 -0.719093 -0.388378
1776410018.404175 jaka_arm_left success 0.352008 0.068663 -0.366088 0.597004 0.417126 -0.016272 0.685074 -1.519486 1.153226 1.880990 -1.548910 1.029244 -0.718502 -0.388927
1776410018.412553 jaka_arm_left success 0.352161 0.068776 -0.366178 0.595912 0.419003 -0.016456 0.684875 -1.518649 1.153660 1.880606 -1.547957 1.028508 -0.717730 -0.389839
1776410018.420854 jaka_arm_left success 0.352407 0.069011 -0.366446 0.596478 0.419364 -0.015987 0.684173 -1.518400 1.153140 1.880149 -1.547279 1.028858 -0.717017 -0.389752
1776410018.429191 jaka_arm_left success 0.352545 0.068844 -0.366643 0.595518 0.420562 -0.016202 0.684269 -1.517810 1.153607 1.879820 -1.546598 1.028223 -0.716379 -0.390473
1776410018.437473 jaka_arm_left success 0.352658 0.068894 -0.366897 0.596007 0.421199 -0.016340 0.683447 -1.517308 1.153474 1.879983 -1.545550 1.028836 -0.715501 -0.390596
1776410018.445910 jaka_arm_left success 0.352847 0.068855 -0.367207 0.596501 0.421657 -0.016735 0.682724 -1.518570 1.154250 1.882006 -1.543942 1.030443 -0.714136 -0.391988
1776410018.454177 jaka_arm_left success 0.352851 0.068621 -0.367478 0.596081 0.422947 -0.017898 0.682263 -1.517752 1.154410 1.882372 -1.543253 1.030106 -0.714071 -0.392764
1776410018.462500 jaka_arm_left success 0.353058 0.068588 -0.367888 0.596867 0.422629 -0.018996 0.681743 -1.521037 1.152726 1.884868 -1.541338 1.030677 -0.714977 -0.396837
1776410018.470863 jaka_arm_left success 0.353241 0.068340 -0.368243 0.596592 0.423383 -0.020056 0.681485 -1.521615 1.152796 1.886091 -1.540178 1.030809 -0.714761 -0.398725
1776410018.479194 jaka_arm_left success 0.353437 0.068042 -0.368653 0.595905 0.424297 -0.022682 0.681436 -1.525638 1.151813 1.888693 -1.537616 1.029995 -0.716330 -0.404220
1776410018.487489 jaka_arm_left success 0.353706 0.067825 -0.369062 0.595639 0.425084 -0.024696 0.681108 -1.525662 1.152149 1.890133 -1.536091 1.029216 -0.716835 -0.406785
1776410018.495910 jaka_arm_left success 0.354071 0.067661 -0.369599 0.594819 0.425661 -0.026986 0.681377 -1.531204 1.151000 1.892296 -1.532285 1.027797 -0.719474 -0.412146
1776410018.504131 jaka_arm_left success 0.354459 0.067443 -0.370000 0.593581 0.426513 -0.030761 0.681764 -1.535498 1.150969 1.894363 -1.527751 1.024694 -0.723384 -0.417525
1776410018.512512 jaka_arm_left success 0.354698 0.067266 -0.370397 0.591685 0.427667 -0.035656 0.682451 -1.540323 1.151767 1.895960 -1.519942 1.019333 -0.730018 -0.422598
1776410018.520852 jaka_arm_left success 0.354994 0.066983 -0.370674 0.589041 0.428953 -0.040970 0.683631 -1.545214 1.154003 1.896009 -1.508525 1.011627 -0.740202 -0.424432
1776410018.529155 jaka_arm_left success 0.355317 0.066892 -0.370987 0.586452 0.430049 -0.045813 0.684859 -1.548974 1.155973 1.894298 -1.497022 1.002827 -0.751712 -0.424121
1776410018.537520 jaka_arm_left success 0.355736 0.066799 -0.371258 0.584419 0.430123 -0.049768 0.686274 -1.553246 1.158996 1.892344 -1.484630 0.994697 -0.763997 -0.420833
1776410018.545818 jaka_arm_left success 0.355977 0.066678 -0.371403 0.581514 0.431360 -0.053913 0.687651 -1.555408 1.160823 1.890449 -1.476507 0.987110 -0.772817 -0.420876
1776410018.554190 jaka_arm_left success 0.356176 0.066517 -0.371469 0.578810 0.432065 -0.057191 0.689223 -1.556724 1.164863 1.887873 -1.467205 0.979631 -0.781534 -0.417762
1776410018.562544 jaka_arm_left success 0.356395 0.066526 -0.371612 0.577358 0.431733 -0.059633 0.690441 -1.559999 1.166259 1.886322 -1.458162 0.974125 -0.791075 -0.414790
1776410018.570839 jaka_arm_left success 0.356562 0.066116 -0.371652 0.573790 0.432915 -0.061458 0.692512 -1.556188 1.174186 1.882700 -1.452118 0.968035 -0.795765 -0.407214
1776410018.579169 jaka_arm_left success 0.356671 0.065858 -0.371659 0.571542 0.433556 -0.062682 0.693859 -1.556626 1.176774 1.881514 -1.450311 0.964841 -0.796935 -0.407742
1776410018.587535 jaka_arm_left success 0.356820 0.065347 -0.371682 0.568473 0.434258 -0.063384 0.695874 -1.553420 1.184182 1.875998 -1.441109 0.957828 -0.804584 -0.396666
1776410018.595861 jaka_arm_left success 0.356994 0.065103 -0.371705 0.567257 0.434537 -0.063503 0.696681 -1.553552 1.185205 1.875622 -1.441277 0.956798 -0.804481 -0.397191
1776410018.604125 jaka_arm_left success 0.356926 0.064639 -0.371609 0.565264 0.436033 -0.064887 0.697239 -1.553210 1.187553 1.874604 -1.440824 0.954253 -0.803674 -0.398879
1776410018.612475 jaka_arm_left success 0.357027 0.064265 -0.371699 0.564221 0.436570 -0.064752 0.697760 -1.552848 1.187976 1.874541 -1.440498 0.953801 -0.803466 -0.399328
1776410018.620787 jaka_arm_left success 0.357062 0.063755 -0.371647 0.562726 0.437884 -0.065635 0.698061 -1.551939 1.190022 1.874189 -1.439574 0.952277 -0.802491 -0.400483
1776410018.629143 jaka_arm_left success 0.357239 0.063346 -0.371847 0.562411 0.437893 -0.065581 0.698314 -1.551958 1.193320 1.874914 -1.438688 0.953310 -0.801045 -0.398466
1776410018.637467 jaka_arm_left success 0.357296 0.062839 -0.371983 0.561197 0.438666 -0.066341 0.698734 -1.551442 1.194120 1.875025 -1.438384 0.952483 -0.801034 -0.399269
1776410018.645762 jaka_arm_left success 0.357534 0.062523 -0.372314 0.561395 0.437734 -0.067625 0.699036 -1.556712 1.196836 1.876677 -1.431578 0.951754 -0.804826 -0.398358
1776410018.654202 jaka_arm_left success 0.357625 0.061790 -0.372554 0.559300 0.438698 -0.069650 0.699912 -1.554774 1.200674 1.875369 -1.426823 0.947808 -0.808690 -0.395639
1776410018.662483 jaka_arm_left success 0.357786 0.061540 -0.372890 0.559770 0.438863 -0.071697 0.699225 -1.556955 1.199112 1.877114 -1.424406 0.947343 -0.811034 -0.398616
1776410018.670814 jaka_arm_left success 0.358035 0.061242 -0.373394 0.559996 0.438851 -0.072999 0.698918 -1.560291 1.198701 1.878954 -1.421359 0.947368 -0.812814 -0.400825
1776410018.679177 jaka_arm_left success 0.358253 0.060590 -0.373924 0.558085 0.439579 -0.075300 0.699744 -1.565423 1.202556 1.880033 -1.412596 0.944676 -0.817104 -0.401101
1776410018.687539 jaka_arm_left success 0.358559 0.060253 -0.374468 0.557792 0.439728 -0.077447 0.699649 -1.566980 1.202051 1.880623 -1.408427 0.942596 -0.821556 -0.402041
1776410018.695797 jaka_arm_left success 0.358884 0.060057 -0.375085 0.558159 0.439983 -0.078655 0.699061 -1.570223 1.203207 1.882565 -1.403252 0.942981 -0.823040 -0.402771
1776410018.704140 jaka_arm_left success 0.359043 0.059786 -0.375589 0.557656 0.441150 -0.081151 0.698442 -1.571471 1.202406 1.884129 -1.400112 0.941577 -0.825420 -0.406295
1776410018.712446 jaka_arm_left success 0.359134 0.059917 -0.375979 0.559225 0.442166 -0.084362 0.696161 -1.575128 1.198264 1.887790 -1.396494 0.941854 -0.828047 -0.413335
1776410018.720848 jaka_arm_left success 0.359414 0.059321 -0.376554 0.556370 0.443731 -0.086715 0.697162 -1.574074 1.200733 1.888007 -1.395268 0.939319 -0.827902 -0.415981
1776410018.729168 jaka_arm_left success 0.359560 0.059074 -0.377008 0.554891 0.444869 -0.091130 0.697053 -1.580431 1.199470 1.891037 -1.388960 0.936556 -0.832590 -0.423825
1776410018.737489 jaka_arm_left success 0.360066 0.059292 -0.377589 0.555515 0.444722 -0.093120 0.696386 -1.586496 1.199145 1.893540 -1.381827 0.936114 -0.837151 -0.425981
1776410018.745805 jaka_arm_left success 0.360226 0.058687 -0.377926 0.550744 0.447531 -0.097340 0.697798 -1.585499 1.204275 1.891155 -1.372480 0.927882 -0.843727 -0.425940
1776410018.754166 jaka_arm_left success 0.360587 0.058541 -0.378325 0.548702 0.448354 -0.101308 0.698313 -1.590411 1.206764 1.892320 -1.363385 0.923733 -0.850243 -0.428159
1776410018.762509 jaka_arm_left success 0.360882 0.058377 -0.378751 0.546412 0.448987 -0.105098 0.699142 -1.592968 1.207936 1.891692 -1.354445 0.917946 -0.858787 -0.428984
1776410018.770857 jaka_arm_left success 0.361237 0.058304 -0.379094 0.544432 0.449276 -0.108845 0.699927 -1.598097 1.210580 1.891289 -1.341277 0.912199 -0.869227 -0.427807
1776410018.779353 jaka_arm_left success 0.361498 0.058287 -0.379390 0.543259 0.448933 -0.111617 0.700621 -1.600947 1.211145 1.890412 -1.333495 0.907535 -0.877914 -0.426757
1776410018.787471 jaka_arm_left success 0.361705 0.058077 -0.379524 0.541011 0.448926 -0.114128 0.701960 -1.603097 1.216137 1.887684 -1.319894 0.901284 -0.889204 -0.419227
1776410018.795878 jaka_arm_left success 0.361878 0.057852 -0.379697 0.538989 0.448103 -0.115750 0.703773 -1.603756 1.219461 1.885848 -1.314736 0.897272 -0.894886 -0.415520
1776410018.804135 jaka_arm_left success 0.361867 0.057648 -0.379642 0.537055 0.447869 -0.117225 0.705155 -1.604820 1.222305 1.883068 -1.305542 0.891580 -0.904282 -0.410315
1776410018.812475 jaka_arm_left success 0.361775 0.057411 -0.379493 0.535089 0.447578 -0.118515 0.706617 -1.604623 1.227177 1.882547 -1.302290 0.889349 -0.906439 -0.407375
1776410018.820849 jaka_arm_left success 0.361785 0.057117 -0.379343 0.532833 0.446950 -0.118657 0.708693 -1.604016 1.231254 1.878029 -1.294001 0.883613 -0.914909 -0.398861
1776410018.829194 jaka_arm_left success 0.361734 0.056913 -0.379144 0.531112 0.446150 -0.118718 0.710476 -1.603138 1.235322 1.875016 -1.288345 0.879908 -0.920507 -0.391758
1776410018.837439 jaka_arm_left success 0.361630 0.056689 -0.378899 0.529267 0.445518 -0.118595 0.712268 -1.602153 1.239312 1.872285 -1.284917 0.876463 -0.924918 -0.385842
1776410018.845887 jaka_arm_left success 0.361768 0.056652 -0.378868 0.528833 0.443061 -0.117055 0.714374 -1.602873 1.242726 1.867637 -1.276895 0.872851 -0.933996 -0.373505
1776410018.854178 jaka_arm_left success 0.361707 0.056492 -0.378505 0.527084 0.441944 -0.117603 0.716267 -1.602716 1.246600 1.865387 -1.272637 0.869258 -0.938957 -0.368473
1776410018.862500 jaka_arm_left success 0.361654 0.056422 -0.378150 0.525837 0.440946 -0.117703 0.717780 -1.602892 1.248087 1.863127 -1.269342 0.866044 -0.943869 -0.364871
1776410018.870779 jaka_arm_left success 0.361607 0.056223 -0.377737 0.523440 0.440513 -0.117459 0.719835 -1.600503 1.254078 1.859385 -1.262939 0.861634 -0.949689 -0.355718
1776410018.879230 jaka_arm_left success 0.361640 0.056113 -0.377441 0.521670 0.439510 -0.116716 0.721851 -1.601156 1.258186 1.855780 -1.256450 0.857735 -0.956243 -0.347553
1776410018.887508 jaka_arm_left success 0.361733 0.056049 -0.377119 0.520087 0.437859 -0.116165 0.724082 -1.602009 1.261985 1.851725 -1.248401 0.853445 -0.964504 -0.338064
1776410018.895808 jaka_arm_left success 0.361790 0.055998 -0.376761 0.518004 0.436567 -0.115353 0.726481 -1.600717 1.266393 1.847982 -1.244578 0.849538 -0.969666 -0.330257
1776410018.904248 jaka_arm_left success 0.361801 0.055822 -0.376434 0.515397 0.435260 -0.115328 0.729119 -1.602906 1.271352 1.844317 -1.231576 0.843563 -0.981209 -0.320984
1776410018.912542 jaka_arm_left success 0.361765 0.055899 -0.376068 0.513582 0.434207 -0.115212 0.731043 -1.601007 1.275192 1.841131 -1.230909 0.840479 -0.984053 -0.315072
1776410018.920873 jaka_arm_left success 0.361783 0.055845 -0.375720 0.511310 0.433854 -0.114708 0.732922 -1.600205 1.278852 1.837590 -1.226218 0.836523 -0.988948 -0.308771
1776410018.929148 jaka_arm_left success 0.361802 0.056052 -0.375402 0.510414 0.432798 -0.114938 0.734134 -1.600842 1.278902 1.835707 -1.222508 0.833362 -0.994897 -0.306220
1776410018.937517 jaka_arm_left success 0.361869 0.056327 -0.375054 0.509883 0.432273 -0.114493 0.734881 -1.601459 1.279597 1.835134 -1.222715 0.833053 -0.994933 -0.305356
1776410018.945922 jaka_arm_left success 0.362151 0.056350 -0.374946 0.507413 0.430452 -0.113936 0.737741 -1.601244 1.286124 1.828821 -1.207888 0.825478 -1.009987 -0.289585
1776410018.954233 jaka_arm_left success 0.362365 0.056666 -0.374726 0.505930 0.428399 -0.114696 0.739833 -1.606841 1.287100 1.827207 -1.197862 0.821230 -1.019950 -0.286338
1776410018.962445 jaka_arm_left success 0.362527 0.056968 -0.374543 0.504847 0.426570 -0.114966 0.741586 -1.608402 1.291782 1.824588 -1.186871 0.817555 -1.030764 -0.275323
1776410018.970814 jaka_arm_left success 0.362682 0.057386 -0.374371 0.503424 0.424252 -0.115599 0.743782 -1.613583 1.294654 1.821729 -1.171062 0.812099 -1.045831 -0.265873
1776410018.979234 jaka_arm_left success 0.362776 0.057574 -0.374047 0.500590 0.423194 -0.116912 0.746089 -1.613488 1.296691 1.819223 -1.165267 0.806741 -1.053843 -0.262937
1776410018.987484 jaka_arm_left success 0.363003 0.057838 -0.373856 0.497960 0.421446 -0.117334 0.748767 -1.620131 1.303586 1.815869 -1.144858 0.800705 -1.068969 -0.250653
1776410018.995846 jaka_arm_left success 0.363195 0.058331 -0.373738 0.496845 0.419192 -0.117751 0.750704 -1.621658 1.305110 1.813764 -1.137947 0.797276 -1.078103 -0.244428
1776410019.004144 jaka_arm_left success 0.363356 0.058704 -0.373559 0.494272 0.417416 -0.118919 0.753205 -1.624692 1.308255 1.810450 -1.122458 0.790639 -1.093832 -0.235475
1776410019.020880 jaka_arm_left success 0.363465 0.058999 -0.373190 0.491645 0.415890 -0.120434 0.755524 -1.630106 1.311586 1.808569 -1.108476 0.785029 -1.106584 -0.230246
1776410019.029202 jaka_arm_left success 0.363473 0.059896 -0.372519 0.486604 0.410782 -0.125212 0.760787 -1.639512 1.318721 1.804532 -1.073942 0.772080 -1.141987 -0.213358
1776410019.037492 jaka_arm_left success 0.363599 0.060388 -0.372305 0.485359 0.407628 -0.124930 0.763321 -1.645088 1.319067 1.801806 -1.062431 0.767622 -1.155426 -0.206316
1776410019.045976 jaka_arm_left success 0.363390 0.060724 -0.371771 0.483119 0.405136 -0.127416 0.765654 -1.652436 1.323074 1.800985 -1.042278 0.761996 -1.173229 -0.198916
1776410019.054205 jaka_arm_left success 0.363504 0.061273 -0.371518 0.483494 0.401834 -0.126281 0.767344 -1.655188 1.323732 1.799714 -1.037567 0.761135 -1.179834 -0.192307
1776410019.062464 jaka_arm_left success 0.363456 0.061832 -0.371088 0.483807 0.399772 -0.124971 0.768437 -1.657769 1.324611 1.798229 -1.029566 0.759720 -1.188167 -0.184674
1776410019.070838 jaka_arm_left success 0.363421 0.062205 -0.370645 0.483844 0.397407 -0.123803 0.769828 -1.659480 1.324547 1.797150 -1.031154 0.759333 -1.188987 -0.182960
1776410019.079106 jaka_arm_left success 0.363066 0.062531 -0.370023 0.483061 0.397131 -0.123742 0.770472 -1.658026 1.324597 1.795979 -1.031454 0.757620 -1.191206 -0.181953
1776410019.087498 jaka_arm_left success 0.362867 0.062942 -0.369593 0.483615 0.397276 -0.121798 0.770360 -1.658574 1.323560 1.794993 -1.031601 0.757983 -1.190476 -0.180774
1776410019.095903 jaka_arm_left success 0.362808 0.063479 -0.369229 0.484796 0.396308 -0.120099 0.770382 -1.657645 1.322263 1.793908 -1.032784 0.758840 -1.190853 -0.177244
1776410019.104191 jaka_arm_left success 0.362767 0.064156 -0.368974 0.486982 0.395015 -0.118815 0.769866 -1.658658 1.320829 1.793846 -1.033582 0.760154 -1.190908 -0.175665
1776410019.112523 jaka_arm_left success 0.362499 0.064355 -0.368379 0.485344 0.395361 -0.119789 0.770572 -1.656604 1.321100 1.793036 -1.033994 0.758081 -1.192669 -0.176283
1776410019.120866 jaka_arm_left success 0.362539 0.064968 -0.368175 0.486820 0.394105 -0.119170 0.770380 -1.657092 1.318959 1.793657 -1.034599 0.760010 -1.193123 -0.174951
1776410019.129176 jaka_arm_left success 0.362521 0.065420 -0.367899 0.486177 0.392657 -0.120464 0.771325 -1.657333 1.317719 1.793056 -1.035700 0.757690 -1.197440 -0.176076
1776410019.137440 jaka_arm_left success 0.362629 0.065866 -0.367767 0.486480 0.391044 -0.120896 0.771884 -1.659672 1.315912 1.792693 -1.028907 0.755829 -1.206446 -0.173452
1776410019.145909 jaka_arm_left success 0.362839 0.066603 -0.367795 0.488518 0.388897 -0.120603 0.771728 -1.664993 1.312522 1.793507 -1.024847 0.756647 -1.211411 -0.173074
1776410019.154234 jaka_arm_left success 0.362866 0.067099 -0.367636 0.488429 0.387393 -0.122033 0.772316 -1.669835 1.313454 1.793801 -1.011403 0.754985 -1.222308 -0.167817
1776410019.162446 jaka_arm_left success 0.362904 0.067716 -0.367557 0.489534 0.385836 -0.124073 0.772070 -1.673230 1.309630 1.795646 -1.010921 0.755025 -1.226514 -0.172078
1776410019.170809 jaka_arm_left success 0.363161 0.068195 -0.367500 0.490661 0.384947 -0.123675 0.771863 -1.674483 1.308616 1.795877 -1.010542 0.755743 -1.227190 -0.171545
1776410019.179474 jaka_arm_left success 0.363066 0.068247 -0.367093 0.488671 0.386010 -0.124922 0.772393 -1.673587 1.310057 1.795752 -1.009883 0.754285 -1.227263 -0.172986
1776410019.187456 jaka_arm_left success 0.362772 0.068734 -0.366684 0.489242 0.386734 -0.126546 0.771404 -1.673660 1.308519 1.796462 -1.008783 0.753833 -1.228059 -0.176205
1776410019.195838 jaka_arm_left success 0.362699 0.069267 -0.366422 0.490699 0.387652 -0.125989 0.770109 -1.675312 1.304958 1.796947 -1.008672 0.755023 -1.227254 -0.178847
1776410019.204181 jaka_arm_left success 0.362749 0.069749 -0.366214 0.491556 0.387175 -0.124746 0.770004 -1.675177 1.302473 1.796431 -1.012709 0.755657 -1.225368 -0.180195
1776410019.212586 jaka_arm_left success 0.362606 0.070251 -0.365853 0.492614 0.386704 -0.124384 0.769623 -1.674524 1.299956 1.796444 -1.016592 0.756343 -1.224679 -0.181426
1776410019.220870 jaka_arm_left success 0.362409 0.070680 -0.365430 0.493125 0.386198 -0.124346 0.769556 -1.674703 1.299584 1.796803 -1.017092 0.756820 -1.224985 -0.181238
1776410019.229158 jaka_arm_left success 0.362324 0.071083 -0.365044 0.493291 0.385397 -0.123145 0.770044 -1.675181 1.299104 1.795945 -1.018237 0.756660 -1.225173 -0.180111
1776410019.237482 jaka_arm_left success 0.362306 0.071805 -0.364753 0.495579 0.384028 -0.121591 0.769506 -1.673777 1.295262 1.795136 -1.021552 0.758020 -1.225569 -0.178137
1776410019.245835 jaka_arm_left success 0.362072 0.072433 -0.364162 0.496620 0.383760 -0.120662 0.769115 -1.672138 1.291462 1.794751 -1.030048 0.758823 -1.221164 -0.182562
1776410019.254176 jaka_arm_left success 0.361830 0.073005 -0.363608 0.497720 0.384192 -0.118154 0.768577 -1.665527 1.289875 1.792787 -1.042157 0.760413 -1.213409 -0.181915
1776410019.262494 jaka_arm_left success 0.361793 0.073929 -0.363139 0.500402 0.382988 -0.115134 0.767894 -1.664404 1.287927 1.792805 -1.048472 0.764080 -1.208630 -0.179827
1776410019.270815 jaka_arm_left success 0.361517 0.074342 -0.362505 0.499754 0.383344 -0.113250 0.768419 -1.659756 1.286652 1.790041 -1.054474 0.762721 -1.206520 -0.179066
1776410019.279240 jaka_arm_left success 0.361253 0.075064 -0.361895 0.500517 0.384002 -0.110567 0.767984 -1.652920 1.285487 1.788039 -1.068790 0.764687 -1.196173 -0.179675
1776410019.287567 jaka_arm_left success 0.360939 0.075959 -0.361224 0.501796 0.383179 -0.109729 0.767681 -1.654167 1.282752 1.787859 -1.070146 0.765063 -1.197144 -0.180336
1776410019.295842 jaka_arm_left success 0.360829 0.076745 -0.360623 0.502706 0.382053 -0.107277 0.767994 -1.651587 1.279290 1.785232 -1.075266 0.764677 -1.196688 -0.178785
1776410019.304161 jaka_arm_left success 0.360730 0.077758 -0.359941 0.504376 0.380731 -0.104222 0.767976 -1.649269 1.277702 1.783449 -1.080507 0.766212 -1.194353 -0.175010
1776410019.312620 jaka_arm_left success 0.360593 0.078754 -0.359322 0.505706 0.380904 -0.100301 0.767537 -1.641005 1.274262 1.780575 -1.098099 0.768441 -1.183659 -0.175634
1776410019.320796 jaka_arm_left success 0.360271 0.079823 -0.358614 0.507194 0.380574 -0.098204 0.766990 -1.640864 1.269405 1.779088 -1.103981 0.769007 -1.180576 -0.178633
1776410019.329114 jaka_arm_left success 0.360113 0.080825 -0.357833 0.508117 0.379971 -0.096043 0.766952 -1.637505 1.268620 1.777337 -1.108772 0.769873 -1.178421 -0.175405
1776410019.337461 jaka_arm_left success 0.360117 0.082094 -0.357149 0.510413 0.378249 -0.092565 0.766706 -1.635609 1.264415 1.775131 -1.114456 0.771307 -1.177439 -0.172436
1776410019.345929 jaka_arm_left success 0.359988 0.083275 -0.356363 0.511755 0.377816 -0.089688 0.766367 -1.629751 1.261826 1.772849 -1.127810 0.772975 -1.169729 -0.172803
1776410019.354172 jaka_arm_left success 0.359867 0.084370 -0.355518 0.512350 0.376459 -0.088518 0.766773 -1.630995 1.260694 1.772217 -1.128774 0.773381 -1.169969 -0.171808
1776410019.362489 jaka_arm_left success 0.359694 0.085624 -0.354699 0.514491 0.374502 -0.085986 0.766586 -1.631234 1.255083 1.769936 -1.131894 0.773027 -1.172516 -0.170889
1776410019.370828 jaka_arm_left success 0.359639 0.086852 -0.353835 0.516426 0.373017 -0.081870 0.766459 -1.627677 1.252348 1.766760 -1.139053 0.774807 -1.169409 -0.165852
1776410019.379102 jaka_arm_left success 0.359240 0.088039 -0.352735 0.517537 0.372639 -0.079142 0.766180 -1.622212 1.248663 1.763713 -1.148126 0.774787 -1.166349 -0.165170
1776410019.387509 jaka_arm_left success 0.358946 0.089405 -0.351645 0.519456 0.371653 -0.076079 0.765671 -1.618196 1.243497 1.762371 -1.164276 0.777472 -1.156918 -0.169833
1776410019.395796 jaka_arm_left success 0.358679 0.091001 -0.350639 0.522869 0.369713 -0.072159 0.764665 -1.616380 1.238672 1.759914 -1.169985 0.780011 -1.155801 -0.165328
1776410019.404176 jaka_arm_left success 0.358380 0.092512 -0.349503 0.525067 0.368263 -0.068887 0.764161 -1.613003 1.233162 1.756934 -1.179798 0.780881 -1.153166 -0.164877
1776410019.412591 jaka_arm_left success 0.358126 0.094176 -0.348474 0.527734 0.367183 -0.064274 0.763244 -1.607265 1.229688 1.754479 -1.194027 0.784769 -1.144163 -0.163245
1776410019.420873 jaka_arm_left success 0.357880 0.095891 -0.347289 0.530423 0.365117 -0.061393 0.762609 -1.607387 1.222361 1.752400 -1.200652 0.786179 -1.143398 -0.164110
1776410019.429223 jaka_arm_left success 0.357635 0.098040 -0.346160 0.535073 0.362702 -0.057770 0.760793 -1.605378 1.212666 1.750180 -1.212335 0.789187 -1.139851 -0.166067
1776410019.437606 jaka_arm_left success 0.357307 0.099928 -0.345023 0.537964 0.362000 -0.053584 0.759394 -1.598073 1.207974 1.747623 -1.228358 0.793251 -1.130060 -0.165916
1776410019.445796 jaka_arm_left success 0.356975 0.101695 -0.343743 0.539437 0.360299 -0.051602 0.759296 -1.599748 1.205787 1.746657 -1.229993 0.794056 -1.130602 -0.164479
1776410019.454156 jaka_arm_left success 0.356611 0.103275 -0.342454 0.539796 0.360172 -0.048658 0.759295 -1.591918 1.199781 1.740773 -1.241251 0.791607 -1.127751 -0.165385
1776410019.462500 jaka_arm_left success 0.356351 0.105461 -0.341276 0.543516 0.358013 -0.044867 0.757895 -1.590665 1.190804 1.738344 -1.252766 0.794268 -1.123680 -0.167940
1776410019.470810 jaka_arm_left success 0.356143 0.107353 -0.339924 0.545713 0.358171 -0.039704 0.756528 -1.581615 1.186793 1.734206 -1.269722 0.797963 -1.112695 -0.166432
1776410019.479202 jaka_arm_left success 0.355842 0.109007 -0.338579 0.546571 0.356714 -0.036472 0.756760 -1.580510 1.182989 1.730437 -1.273919 0.797006 -1.112506 -0.165194
1776410019.487531 jaka_arm_left success 0.355466 0.110811 -0.337146 0.547699 0.356973 -0.032427 0.756006 -1.571013 1.178164 1.725519 -1.291317 0.798359 -1.102975 -0.166188
1776410019.495877 jaka_arm_left success 0.355180 0.113150 -0.335697 0.552094 0.356106 -0.027576 0.753406 -1.567877 1.167753 1.722999 -1.309917 0.803302 -1.090778 -0.173528
1776410019.504174 jaka_arm_left success 0.354708 0.114941 -0.334157 0.554061 0.356703 -0.024425 0.751787 -1.558582 1.162531 1.719052 -1.322969 0.805145 -1.083738 -0.173747
1776410019.512537 jaka_arm_left success 0.354623 0.117225 -0.332751 0.557819 0.355349 -0.018744 0.749809 -1.556536 1.153343 1.716124 -1.337860 0.810212 -1.073854 -0.177441
1776410019.520818 jaka_arm_left success 0.354264 0.119254 -0.331154 0.560517 0.355060 -0.015228 0.748011 -1.549147 1.146408 1.712282 -1.354639 0.812848 -1.064689 -0.180586
1776410019.529231 jaka_arm_left success 0.354078 0.121167 -0.329549 0.562636 0.355604 -0.009537 0.746254 -1.539738 1.141790 1.707975 -1.374455 0.817541 -1.050106 -0.182363
1776410019.537517 jaka_arm_left success 0.353767 0.123397 -0.328036 0.566042 0.354409 -0.006196 0.744280 -1.539000 1.131456 1.705120 -1.386153 0.820103 -1.044191 -0.188370
1776410019.546021 jaka_arm_left success 0.353509 0.125462 -0.326363 0.568320 0.354760 -0.001297 0.742399 -1.529399 1.125623 1.700049 -1.402917 0.823317 -1.033480 -0.189322
1776410019.554125 jaka_arm_left success 0.353260 0.127691 -0.324757 0.570949 0.353522 0.002802 0.740967 -1.527437 1.117683 1.696037 -1.413083 0.824994 -1.028550 -0.192021
1776410019.562544 jaka_arm_left success 0.352986 0.129650 -0.323223 0.571291 0.353798 0.007815 0.740536 -1.518144 1.116443 1.689683 -1.424313 0.826007 -1.021116 -0.187905
1776410019.570886 jaka_arm_left success 0.352655 0.131976 -0.321808 0.573516 0.352936 0.012604 0.739160 -1.512990 1.109437 1.684468 -1.437198 0.827801 -1.014368 -0.189325
1776410019.579362 jaka_arm_left success 0.352105 0.134088 -0.320187 0.574414 0.354195 0.017252 0.737765 -1.502057 1.104155 1.678173 -1.454554 0.829727 -1.002526 -0.191691
1776410019.587483 jaka_arm_left success 0.351563 0.136297 -0.318764 0.575264 0.354341 0.021264 0.736927 -1.496338 1.099578 1.672033 -1.463077 0.829050 -0.998073 -0.191654
1776410019.595887 jaka_arm_left success 0.351247 0.138285 -0.317469 0.574152 0.353777 0.024624 0.737960 -1.492793 1.099875 1.666913 -1.467239 0.827753 -0.996737 -0.187172
1776410019.604174 jaka_arm_left success 0.350836 0.140517 -0.316075 0.574835 0.354718 0.029906 0.736781 -1.482227 1.096897 1.658281 -1.478145 0.826950 -0.990198 -0.184108
1776410019.612594 jaka_arm_left success 0.350541 0.142609 -0.314842 0.574948 0.355163 0.034742 0.736266 -1.474528 1.094644 1.651776 -1.488954 0.827470 -0.982782 -0.182549
1776410019.620889 jaka_arm_left success 0.350277 0.144810 -0.313588 0.576277 0.355371 0.039270 0.734898 -1.467121 1.088395 1.645979 -1.503726 0.829289 -0.973513 -0.185297
1776410019.629227 jaka_arm_left success 0.349988 0.146906 -0.312232 0.577473 0.356037 0.042878 0.733433 -1.462813 1.083524 1.641041 -1.511034 0.829753 -0.967803 -0.187158
1776410019.637592 jaka_arm_left success 0.349872 0.148922 -0.310914 0.579755 0.356368 0.047131 0.731208 -1.453404 1.076853 1.636668 -1.529065 0.834164 -0.955351 -0.191272
1776410019.645882 jaka_arm_left success 0.349783 0.150867 -0.309505 0.582138 0.356928 0.052070 0.728702 -1.448403 1.069953 1.633046 -1.544857 0.839504 -0.941322 -0.197043
1776410019.654190 jaka_arm_left success 0.349595 0.152576 -0.308143 0.583925 0.358292 0.056348 0.726280 -1.439556 1.065361 1.628736 -1.559249 0.843722 -0.929503 -0.199526
1776410019.662494 jaka_arm_left success 0.349597 0.154536 -0.306809 0.587342 0.357748 0.061572 0.723363 -1.437534 1.054765 1.624748 -1.571701 0.848636 -0.919506 -0.205409
1776410019.670853 jaka_arm_left success 0.349493 0.156179 -0.305462 0.588457 0.358527 0.065978 0.721681 -1.428642 1.053186 1.620444 -1.586184 0.853183 -0.907397 -0.205398
1776410019.679446 jaka_arm_left success 0.349499 0.157956 -0.304231 0.590638 0.358353 0.070764 0.719529 -1.424273 1.047568 1.615959 -1.595274 0.856288 -0.899632 -0.207105
1776410019.687576 jaka_arm_left success 0.349563 0.159968 -0.303142 0.593896 0.357820 0.075756 0.716599 -1.417804 1.039838 1.612306 -1.610482 0.862629 -0.888141 -0.210369
1776410019.695810 jaka_arm_left success 0.349538 0.161631 -0.301965 0.594522 0.358516 0.079524 0.715322 -1.414037 1.037873 1.608410 -1.616743 0.864465 -0.881722 -0.210504
1776410019.704163 jaka_arm_left success 0.349658 0.163511 -0.300955 0.596329 0.358094 0.083511 0.713573 -1.410880 1.031786 1.603214 -1.623720 0.866141 -0.876655 -0.211657
1776410019.712534 jaka_arm_left success 0.349904 0.165398 -0.300023 0.598152 0.357325 0.087309 0.711976 -1.405969 1.028261 1.599541 -1.633110 0.869283 -0.870421 -0.211426
1776410019.720895 jaka_arm_left success 0.350049 0.167070 -0.299122 0.598959 0.357905 0.090378 0.710622 -1.405630 1.025131 1.596540 -1.634148 0.870661 -0.867232 -0.211541
1776410019.729189 jaka_arm_left success 0.350229 0.168752 -0.298278 0.599576 0.358422 0.093520 0.709434 -1.399015 1.020795 1.591048 -1.643379 0.871415 -0.861104 -0.213231
1776410019.737482 jaka_arm_left success 0.350333 0.170410 -0.297538 0.600370 0.359187 0.096370 0.707993 -1.395644 1.017487 1.588310 -1.650177 0.873791 -0.854134 -0.215825
1776410019.745910 jaka_arm_left success 0.350727 0.172138 -0.296910 0.601615 0.358865 0.100437 0.706532 -1.393345 1.015661 1.584339 -1.654556 0.876544 -0.848939 -0.213712
1776410019.754239 jaka_arm_left success 0.350999 0.173642 -0.296325 0.602416 0.359048 0.103717 0.705282 -1.389778 1.012468 1.580281 -1.659844 0.877795 -0.844488 -0.214083
1776410019.762469 jaka_arm_left success 0.351335 0.174971 -0.295851 0.602790 0.359602 0.106742 0.704228 -1.388644 1.011681 1.577788 -1.661356 0.879556 -0.840810 -0.212844
1776410019.770904 jaka_arm_left success 0.351686 0.176230 -0.295423 0.603594 0.359906 0.109493 0.702961 -1.384134 1.009352 1.574438 -1.667948 0.881453 -0.835187 -0.213507
1776410019.779168 jaka_arm_left success 0.352121 0.177584 -0.295124 0.605152 0.360240 0.113364 0.700832 -1.381661 1.007100 1.572243 -1.672840 0.885806 -0.828093 -0.213358
1776410019.787534 jaka_arm_left success 0.352550 0.178699 -0.294802 0.605944 0.361486 0.116657 0.698964 -1.376648 1.004594 1.570310 -1.682102 0.890370 -0.817787 -0.216368
1776410019.795846 jaka_arm_left success 0.353202 0.179918 -0.294597 0.608548 0.360406 0.119761 0.696731 -1.379059 0.997372 1.569149 -1.684953 0.894226 -0.814419 -0.218808
1776410019.804137 jaka_arm_left success 0.353622 0.180918 -0.294374 0.610204 0.361356 0.121842 0.694426 -1.376647 0.995785 1.569140 -1.689149 0.898828 -0.806789 -0.220727
1776410019.812529 jaka_arm_left success 0.354306 0.181890 -0.294194 0.612172 0.361029 0.124805 0.692335 -1.376356 0.989852 1.568751 -1.695063 0.903751 -0.799766 -0.224846
1776410019.820870 jaka_arm_left success 0.354925 0.183033 -0.294121 0.614959 0.360790 0.127645 0.689466 -1.375809 0.985338 1.569208 -1.699918 0.909836 -0.792589 -0.227276
1776410019.829201 jaka_arm_left success 0.355504 0.183701 -0.294072 0.615491 0.360955 0.128889 0.688672 -1.376139 0.984220 1.568071 -1.699613 0.910953 -0.791342 -0.226589
1776410019.837486 jaka_arm_left success 0.356208 0.184721 -0.294097 0.617281 0.360993 0.132304 0.686399 -1.374288 0.981605 1.569579 -1.708382 0.918729 -0.779983 -0.230163
1776410019.845941 jaka_arm_left success 0.356747 0.185349 -0.294141 0.617794 0.361490 0.134381 0.685272 -1.374464 0.980554 1.568028 -1.707500 0.919811 -0.778365 -0.229388
1776410019.854309 jaka_arm_left success 0.357652 0.186538 -0.294326 0.620620 0.360001 0.138117 0.682754 -1.375631 0.976575 1.565970 -1.707574 0.923983 -0.776895 -0.226073
1776410019.862511 jaka_arm_left success 0.358275 0.186760 -0.294438 0.618523 0.361758 0.139357 0.683476 -1.374560 0.981293 1.565535 -1.708561 0.924125 -0.771856 -0.226240
1776410019.870834 jaka_arm_left success 0.359028 0.187525 -0.294649 0.619436 0.361458 0.140583 0.682557 -1.374801 0.979569 1.564972 -1.708339 0.925747 -0.771298 -0.225333
1776410019.879277 jaka_arm_left success 0.359768 0.188485 -0.294877 0.621028 0.361503 0.142872 0.680608 -1.375762 0.976505 1.564684 -1.708559 0.928782 -0.767950 -0.226470
1776410019.887562 jaka_arm_left success 0.360410 0.188933 -0.295083 0.620206 0.362675 0.144348 0.680423 -1.375747 0.977627 1.564030 -1.708737 0.929871 -0.764790 -0.226301
1776410019.895806 jaka_arm_left success 0.361070 0.189424 -0.295327 0.619157 0.364173 0.146438 0.680131 -1.374587 0.980917 1.563504 -1.709536 0.931824 -0.759607 -0.225184
1776410019.904162 jaka_arm_left success 0.361877 0.190077 -0.295608 0.619101 0.363884 0.148712 0.679843 -1.375627 0.980801 1.561683 -1.709614 0.932566 -0.757872 -0.223945
1776410019.912561 jaka_arm_left success 0.362670 0.190728 -0.295945 0.618735 0.364151 0.150997 0.679529 -1.376157 0.980974 1.559979 -1.709062 0.932917 -0.756031 -0.223242
1776410019.920932 jaka_arm_left success 0.363371 0.191456 -0.296288 0.619142 0.364556 0.153972 0.678273 -1.375124 0.984147 1.559632 -1.709575 0.936803 -0.751690 -0.218943
1776410019.929191 jaka_arm_left success 0.364259 0.192045 -0.296572 0.618763 0.363463 0.155931 0.678758 -1.376027 0.986423 1.558923 -1.709941 0.937901 -0.750408 -0.216003
1776410019.937482 jaka_arm_left success 0.365013 0.192696 -0.296875 0.618478 0.363872 0.158311 0.678248 -1.375734 0.989684 1.558026 -1.708941 0.939951 -0.747712 -0.212073
1776410019.945811 jaka_arm_left success 0.365827 0.193231 -0.297259 0.618269 0.363173 0.159694 0.678488 -1.377018 0.990844 1.557204 -1.708123 0.940071 -0.747829 -0.209972
1776410019.954174 jaka_arm_left success 0.366748 0.193929 -0.297504 0.618880 0.362486 0.162206 0.677702 -1.378339 0.992093 1.556187 -1.705952 0.941861 -0.747274 -0.205884
1776410019.962505 jaka_arm_left success 0.367665 0.194466 -0.297884 0.618485 0.362341 0.164230 0.677653 -1.380238 0.996988 1.555506 -1.701293 0.942776 -0.747916 -0.199249
1776410019.970832 jaka_arm_left success 0.368525 0.194982 -0.298226 0.618637 0.362117 0.166539 0.677070 -1.381223 0.996480 1.553821 -1.700840 0.943537 -0.746854 -0.197803
1776410019.979141 jaka_arm_left success 0.369441 0.195635 -0.298562 0.618778 0.362063 0.168635 0.676451 -1.382210 0.998695 1.553264 -1.698223 0.945014 -0.746188 -0.193930
1776410019.987544 jaka_arm_left success 0.370293 0.196203 -0.298924 0.619443 0.361774 0.170259 0.675590 -1.382605 0.997657 1.551917 -1.697373 0.946228 -0.744968 -0.192788
1776410019.995848 jaka_arm_left success 0.371168 0.196583 -0.299280 0.618594 0.362333 0.171287 0.675808 -1.385664 1.002038 1.552776 -1.693014 0.947007 -0.745086 -0.188842
1776410020.004171 jaka_arm_left success 0.371952 0.197205 -0.299591 0.619509 0.362749 0.173279 0.674238 -1.385822 1.000943 1.551666 -1.692374 0.948156 -0.744028 -0.187929
1776410020.012487 jaka_arm_left success 0.372845 0.197900 -0.299951 0.620599 0.361813 0.174472 0.673430 -1.385806 0.999090 1.551037 -1.691377 0.950048 -0.743340 -0.186745
1776410020.020916 jaka_arm_left success 0.373512 0.198292 -0.300262 0.620378 0.363141 0.176277 0.672448 -1.387656 1.000711 1.551283 -1.688627 0.951941 -0.740278 -0.185857
1776410020.029284 jaka_arm_left success 0.374182 0.198751 -0.300627 0.620988 0.362565 0.177147 0.671966 -1.388209 1.000195 1.550933 -1.688980 0.952475 -0.740261 -0.185152
1776410020.037485 jaka_arm_left success 0.374842 0.199168 -0.301028 0.621140 0.362040 0.178507 0.671750 -1.389601 0.999794 1.550391 -1.688596 0.953728 -0.739771 -0.183554
1776410020.045816 jaka_arm_left success 0.375439 0.199503 -0.301391 0.621222 0.361819 0.180153 0.671353 -1.392805 1.004043 1.551943 -1.684555 0.956027 -0.738828 -0.179265
1776410020.054179 jaka_arm_left success 0.375855 0.199886 -0.301723 0.622114 0.361650 0.181349 0.670296 -1.392996 1.003102 1.551391 -1.684352 0.956979 -0.738422 -0.178465
1776410020.062488 jaka_arm_left success 0.376384 0.200174 -0.302077 0.622750 0.361025 0.183189 0.669541 -1.393209 1.001702 1.550205 -1.683459 0.958713 -0.737185 -0.177037
1776410020.070857 jaka_arm_left success 0.376816 0.200550 -0.302436 0.624071 0.360499 0.185357 0.667996 -1.394009 1.000551 1.549661 -1.683350 0.961156 -0.736400 -0.174623
1776410020.079199 jaka_arm_left success 0.377139 0.200691 -0.302762 0.624775 0.360419 0.186629 0.667026 -1.394240 1.001256 1.550077 -1.682532 0.963357 -0.734895 -0.172761
1776410020.087469 jaka_arm_left success 0.377558 0.200845 -0.303117 0.625918 0.359870 0.188349 0.665766 -1.394772 1.001092 1.550203 -1.682167 0.965862 -0.733571 -0.170685
1776410020.095802 jaka_arm_left success 0.377813 0.200834 -0.303386 0.626726 0.360454 0.190260 0.664144 -1.394421 1.004228 1.552217 -1.682111 0.970940 -0.728437 -0.167911
1776410020.104098 jaka_arm_left success 0.378087 0.200944 -0.303721 0.628020 0.360560 0.191732 0.662440 -1.395353 1.003464 1.555549 -1.685097 0.976904 -0.721218 -0.170591
1776410020.112511 jaka_arm_left success 0.378319 0.200958 -0.304000 0.629352 0.360699 0.192925 0.660752 -1.394916 0.999634 1.556432 -1.688307 0.980348 -0.716638 -0.174282
1776410020.120825 jaka_arm_left success 0.378570 0.201077 -0.304298 0.630815 0.360441 0.194247 0.659108 -1.394526 0.998276 1.557054 -1.688858 0.983550 -0.714679 -0.173375
1776410020.129171 jaka_arm_left success 0.378768 0.200954 -0.304606 0.630937 0.361142 0.194844 0.658430 -1.394043 0.999205 1.561109 -1.693948 0.989065 -0.706303 -0.177295
1776410020.137466 jaka_arm_left success 0.379040 0.201310 -0.304902 0.633013 0.360145 0.196273 0.656556 -1.394363 0.996233 1.560780 -1.694082 0.991407 -0.705988 -0.176323
1776410020.145953 jaka_arm_left success 0.379261 0.201378 -0.305165 0.633611 0.359827 0.196933 0.655956 -1.394510 0.995461 1.560510 -1.694064 0.992189 -0.705818 -0.175703
1776410020.154172 jaka_arm_left success 0.379419 0.201419 -0.305443 0.634150 0.359408 0.197069 0.655624 -1.394508 0.994763 1.560552 -1.694062 0.992893 -0.705890 -0.175236
1776410020.162508 jaka_arm_left success 0.379516 0.201430 -0.305718 0.634429 0.359088 0.196857 0.655594 -1.394183 0.993710 1.561568 -1.694193 0.993912 -0.706782 -0.174850
1776410020.170797 jaka_arm_left success 0.379661 0.201426 -0.305977 0.634569 0.358346 0.196953 0.655835 -1.394793 0.994050 1.561270 -1.694587 0.993590 -0.706692 -0.174795
1776410020.179168 jaka_arm_left success 0.379759 0.201387 -0.306175 0.634790 0.357956 0.197415 0.655695 -1.395052 0.993893 1.561132 -1.694724 0.993780 -0.706657 -0.174533
1776410020.187507 jaka_arm_left success 0.379863 0.201522 -0.306359 0.636160 0.356800 0.198589 0.654642 -1.396693 0.993022 1.561779 -1.694336 0.996361 -0.706209 -0.172642
1776410020.195867 jaka_arm_left success 0.379868 0.201474 -0.306483 0.636758 0.356218 0.199830 0.654000 -1.396984 0.992429 1.561455 -1.694418 0.997034 -0.706026 -0.171984
1776410020.204148 jaka_arm_left success 0.379955 0.201281 -0.306635 0.637049 0.354919 0.200891 0.654098 -1.397969 0.993193 1.561779 -1.694731 0.999072 -0.705352 -0.169383
1776410020.212612 jaka_arm_left success 0.380120 0.201267 -0.306745 0.638569 0.352766 0.202763 0.653202 -1.398832 0.993259 1.562665 -1.695287 1.001697 -0.705589 -0.166204
1776410020.220854 jaka_arm_left success 0.380064 0.200875 -0.306809 0.638577 0.352641 0.204281 0.652789 -1.399152 0.994981 1.562407 -1.695495 1.003328 -0.703972 -0.163705
1776410020.229206 jaka_arm_left success 0.380092 0.200529 -0.306900 0.638565 0.351781 0.206433 0.652587 -1.398162 1.000707 1.563013 -1.696605 1.006537 -0.701024 -0.157794
1776410020.237494 jaka_arm_left success 0.380182 0.200315 -0.306985 0.638868 0.350341 0.208141 0.652523 -1.398514 1.001873 1.562437 -1.697236 1.007814 -0.700676 -0.154633
1776410020.245945 jaka_arm_left success 0.380238 0.200114 -0.307028 0.639175 0.349096 0.209383 0.652492 -1.398396 1.004228 1.562170 -1.697582 1.008955 -0.700823 -0.150486
1776410020.254161 jaka_arm_left success 0.380375 0.199929 -0.307078 0.639303 0.347945 0.210617 0.652584 -1.398640 1.006123 1.561574 -1.697419 1.009465 -0.701432 -0.146812
1776410020.262543 jaka_arm_left success 0.380551 0.199743 -0.307104 0.639558 0.346750 0.211778 0.652595 -1.399133 1.007682 1.561024 -1.696931 1.010005 -0.702349 -0.143108
1776410020.270866 jaka_arm_left success 0.380740 0.199484 -0.307162 0.639323 0.346377 0.212856 0.652672 -1.399085 1.010340 1.560609 -1.696049 1.010455 -0.702602 -0.139430
1776410020.279227 jaka_arm_left success 0.380979 0.199252 -0.307252 0.639150 0.345726 0.213467 0.652987 -1.399728 1.012166 1.560110 -1.694667 1.010231 -0.703714 -0.136472
1776410020.287503 jaka_arm_left success 0.381306 0.198907 -0.307354 0.638512 0.344668 0.213671 0.654103 -1.402751 1.018973 1.559077 -1.686460 1.007219 -0.710894 -0.126421
1776410020.295834 jaka_arm_left success 0.381507 0.198605 -0.307468 0.637947 0.344010 0.214088 0.654864 -1.403452 1.019331 1.558830 -1.687103 1.006811 -0.711056 -0.126264
1776410020.304171 jaka_arm_left success 0.381718 0.198371 -0.307543 0.638174 0.343097 0.214520 0.654981 -1.404905 1.020353 1.557447 -1.684011 1.004978 -0.715348 -0.122057
1776410020.312499 jaka_arm_left success 0.381936 0.198117 -0.307667 0.637877 0.342529 0.215523 0.655238 -1.404974 1.022798 1.557122 -1.683249 1.005465 -0.715348 -0.118845
1776410020.320821 jaka_arm_left success 0.382155 0.197795 -0.307801 0.637213 0.342289 0.216674 0.655630 -1.404863 1.027203 1.556481 -1.682213 1.005676 -0.715079 -0.114270
1776410020.329140 jaka_arm_left success 0.382412 0.197329 -0.307929 0.635892 0.342422 0.217728 0.656493 -1.404529 1.032339 1.555583 -1.680859 1.005063 -0.714993 -0.109814
1776410020.337507 jaka_arm_left success 0.382661 0.196920 -0.308063 0.634851 0.341993 0.218171 0.657576 -1.405503 1.036406 1.554329 -1.677776 1.003164 -0.718265 -0.104291
1776410020.345949 jaka_arm_left success 0.382955 0.196668 -0.308178 0.634479 0.341259 0.218999 0.658041 -1.407022 1.040349 1.552894 -1.673108 1.001312 -0.722465 -0.097622
1776410020.354193 jaka_arm_left success 0.383294 0.196415 -0.308330 0.633970 0.340284 0.219698 0.658803 -1.409024 1.043929 1.551005 -1.667259 0.998599 -0.728069 -0.090558
1776410020.362549 jaka_arm_left success 0.383648 0.196241 -0.308482 0.633879 0.339166 0.220880 0.659072 -1.409671 1.043757 1.550570 -1.667720 0.998790 -0.727994 -0.089991
1776410020.370835 jaka_arm_left success 0.383981 0.195967 -0.308649 0.633342 0.338453 0.221892 0.659615 -1.410660 1.049328 1.549751 -1.664774 0.998379 -0.729772 -0.082949
1776410020.379113 jaka_arm_left success 0.384141 0.195621 -0.308779 0.632760 0.338773 0.222800 0.659703 -1.410623 1.051291 1.549190 -1.664061 0.998518 -0.729435 -0.080736
1776410020.387532 jaka_arm_left success 0.384537 0.195144 -0.308983 0.631514 0.337862 0.223212 0.661223 -1.412985 1.058579 1.546862 -1.655495 0.994224 -0.737168 -0.070074
1776410020.395860 jaka_arm_left success 0.384881 0.194851 -0.309199 0.630761 0.337032 0.224257 0.662011 -1.413619 1.060339 1.546361 -1.655291 0.994012 -0.737600 -0.067815
1776410020.404145 jaka_arm_left success 0.385251 0.194566 -0.309432 0.630285 0.336247 0.224934 0.662634 -1.415119 1.065793 1.545648 -1.650622 0.992772 -0.741122 -0.060400
1776410020.412481 jaka_arm_left success 0.385650 0.194380 -0.309655 0.630256 0.335120 0.225655 0.662987 -1.417164 1.066260 1.544785 -1.647532 0.991492 -0.744437 -0.057417
1776410020.420806 jaka_arm_left success 0.386036 0.194086 -0.309926 0.629469 0.334622 0.226152 0.663817 -1.418482 1.071819 1.544274 -1.643101 0.990486 -0.747282 -0.050483
1776410020.429177 jaka_arm_left success 0.386410 0.193941 -0.310184 0.629219 0.334218 0.227021 0.663960 -1.418970 1.071693 1.543906 -1.643404 0.990594 -0.747199 -0.050073
1776410020.437429 jaka_arm_left success 0.386795 0.193409 -0.310478 0.627819 0.334309 0.226310 0.665481 -1.422782 1.078598 1.544190 -1.634474 0.987582 -0.753050 -0.042737
1776410020.445872 jaka_arm_left success 0.387229 0.193250 -0.310797 0.627899 0.333379 0.226969 0.665648 -1.423586 1.078125 1.543662 -1.634780 0.987734 -0.753453 -0.041854
1776410020.454114 jaka_arm_left success 0.387700 0.193191 -0.311117 0.628353 0.332387 0.227916 0.665391 -1.425662 1.079570 1.543170 -1.631134 0.987668 -0.756104 -0.037272
1776410020.462470 jaka_arm_left success 0.388137 0.192865 -0.311471 0.627898 0.331853 0.227873 0.666101 -1.428875 1.082866 1.543051 -1.625067 0.985626 -0.760615 -0.032547
1776410020.470821 jaka_arm_left success 0.388461 0.192477 -0.311862 0.627400 0.331765 0.227676 0.666682 -1.429843 1.085233 1.542868 -1.620362 0.984259 -0.763705 -0.029076
1776410020.479214 jaka_arm_left success 0.388860 0.192181 -0.312270 0.627292 0.331479 0.228096 0.666782 -1.431015 1.086707 1.542863 -1.618708 0.984496 -0.764406 -0.026632
1776410020.487500 jaka_arm_left success 0.389374 0.191964 -0.312646 0.627733 0.330606 0.228916 0.666519 -1.432731 1.088059 1.543560 -1.616500 0.985618 -0.765236 -0.023617
1776410020.495827 jaka_arm_left success 0.389768 0.191675 -0.313057 0.628008 0.330107 0.228716 0.666577 -1.433689 1.088011 1.544005 -1.615913 0.985669 -0.766182 -0.023095
1776410020.504171 jaka_arm_left success 0.390170 0.191441 -0.313476 0.628460 0.329876 0.229082 0.666139 -1.433436 1.087492 1.543975 -1.615058 0.986439 -0.765807 -0.022726
1776410020.512491 jaka_arm_left success 0.390562 0.191218 -0.313904 0.628884 0.329700 0.229843 0.665564 -1.435782 1.089247 1.545373 -1.613253 0.988545 -0.765264 -0.020097
1776410020.520864 jaka_arm_left success 0.390966 0.190988 -0.314428 0.629027 0.329068 0.229851 0.665738 -1.440470 1.092216 1.548203 -1.607348 0.989321 -0.767341 -0.017367
1776410020.529175 jaka_arm_left success 0.391416 0.190880 -0.314917 0.629594 0.328195 0.229878 0.665624 -1.443654 1.090842 1.547115 -1.602081 0.987691 -0.771765 -0.015036
1776410020.537505 jaka_arm_left success 0.391832 0.190578 -0.315437 0.628803 0.328374 0.229419 0.666442 -1.443961 1.093973 1.547803 -1.600627 0.987268 -0.772278 -0.013190
1776410020.545834 jaka_arm_left success 0.392284 0.190453 -0.315924 0.628984 0.327711 0.228503 0.666912 -1.449853 1.093752 1.548486 -1.591658 0.985042 -0.778838 -0.010603
1776410020.554164 jaka_arm_left success 0.392709 0.190338 -0.316373 0.629098 0.327631 0.228407 0.666876 -1.449660 1.094687 1.548983 -1.591117 0.985364 -0.779178 -0.009514
1776410020.562533 jaka_arm_left success 0.393099 0.190454 -0.316793 0.629737 0.327395 0.228579 0.666330 -1.449297 1.094097 1.548967 -1.590377 0.986108 -0.778891 -0.009157
1776410020.570804 jaka_arm_left success 0.393435 0.190491 -0.317204 0.629841 0.327923 0.228496 0.666000 -1.449127 1.094034 1.548977 -1.589839 0.986316 -0.778648 -0.009157
1776410020.579166 jaka_arm_left success 0.393914 0.190542 -0.317630 0.630019 0.327130 0.228284 0.666295 -1.456049 1.095846 1.551486 -1.583095 0.986866 -0.781320 -0.006802
1776410020.587564 jaka_arm_left success 0.394226 0.190368 -0.318032 0.629236 0.327394 0.226819 0.667403 -1.457742 1.095412 1.550515 -1.576904 0.982643 -0.787555 -0.006006
1776410020.595795 jaka_arm_left success 0.394534 0.190532 -0.318397 0.629907 0.326986 0.227029 0.666900 -1.457740 1.094858 1.550777 -1.576845 0.983482 -0.787760 -0.005274
1776410020.604137 jaka_arm_left success 0.394763 0.190617 -0.318735 0.629722 0.327156 0.227078 0.666974 -1.458556 1.097009 1.551088 -1.575271 0.983752 -0.787532 -0.003515
1776410020.612543 jaka_arm_left success 0.395033 0.190665 -0.319066 0.629468 0.327158 0.227522 0.667062 -1.459757 1.099306 1.551086 -1.572417 0.983781 -0.788374 -0.000461
1776410020.620881 jaka_arm_left success 0.395443 0.190667 -0.319397 0.628934 0.326506 0.227047 0.668046 -1.464045 1.099084 1.549627 -1.563734 0.979477 -0.796410 0.002989
1776410020.629158 jaka_arm_left success 0.395709 0.190915 -0.319584 0.629641 0.326199 0.227651 0.667324 -1.463888 1.098366 1.549445 -1.563417 0.980506 -0.796050 0.003846
1776410020.637509 jaka_arm_left success 0.395950 0.191031 -0.319797 0.629403 0.325896 0.227792 0.667649 -1.464375 1.100361 1.549732 -1.562857 0.980704 -0.796348 0.005942
1776410020.645843 jaka_arm_left success 0.396303 0.191278 -0.319980 0.629189 0.325368 0.228192 0.667971 -1.465690 1.101680 1.549066 -1.560100 0.980009 -0.798420 0.009127
1776410020.654162 jaka_arm_left success 0.396495 0.191241 -0.320099 0.627972 0.325650 0.227931 0.669067 -1.466793 1.105249 1.546911 -1.551567 0.975559 -0.805969 0.016066
1776410020.662491 jaka_arm_left success 0.396780 0.191371 -0.320239 0.627683 0.323915 0.226913 0.670525 -1.472174 1.104439 1.545810 -1.544657 0.971153 -0.814153 0.018491
1776410020.670806 jaka_arm_left success 0.396971 0.191496 -0.320292 0.626988 0.323135 0.226933 0.671544 -1.472114 1.107718 1.545155 -1.542661 0.969594 -0.816462 0.022263
1776410020.679251 jaka_arm_left success 0.397117 0.191570 -0.320377 0.626140 0.321898 0.226542 0.673059 -1.476518 1.110604 1.541483 -1.528258 0.962639 -0.830418 0.033400
1776410020.687463 jaka_arm_left success 0.397293 0.191729 -0.320359 0.625885 0.320997 0.227481 0.673410 -1.477197 1.110520 1.541131 -1.528827 0.962680 -0.830461 0.033920
1776410020.695831 jaka_arm_left success 0.397427 0.191946 -0.320326 0.625860 0.320235 0.228493 0.673453 -1.477005 1.112241 1.540096 -1.528827 0.962719 -0.830829 0.037316
1776410020.704178 jaka_arm_left success 0.397579 0.192049 -0.320321 0.625696 0.318968 0.228427 0.674229 -1.478167 1.111990 1.538122 -1.525342 0.959824 -0.836108 0.040622
1776410020.712483 jaka_arm_left success 0.397685 0.192171 -0.320316 0.625886 0.317823 0.228619 0.674529 -1.479777 1.113460 1.538050 -1.522071 0.959071 -0.839503 0.044506
1776410020.720807 jaka_arm_left success 0.397748 0.192155 -0.320323 0.625812 0.316914 0.228081 0.675207 -1.482857 1.112157 1.536923 -1.515411 0.955733 -0.847118 0.047543
1776410020.729144 jaka_arm_left success 0.397798 0.192178 -0.320339 0.625911 0.316046 0.227938 0.675570 -1.483266 1.112215 1.537169 -1.515546 0.956176 -0.847732 0.048670
1776410020.737500 jaka_arm_left success 0.397818 0.192151 -0.320374 0.626013 0.315343 0.227862 0.675829 -1.484184 1.113620 1.537150 -1.513154 0.955259 -0.850379 0.051335
1776410020.745833 jaka_arm_left success 0.397772 0.192034 -0.320420 0.626070 0.314780 0.227717 0.676089 -1.484428 1.113694 1.537394 -1.513516 0.955186 -0.850828 0.051443
1776410020.754147 jaka_arm_left success 0.397721 0.191903 -0.320477 0.626313 0.314305 0.227489 0.676161 -1.485755 1.112958 1.537032 -1.510841 0.954189 -0.853864 0.052896
1776410020.762500 jaka_arm_left success 0.397669 0.191791 -0.320596 0.627076 0.313654 0.227115 0.675881 -1.485544 1.112458 1.537767 -1.510971 0.954782 -0.854533 0.053137
1776410020.770816 jaka_arm_left success 0.397670 0.191855 -0.320735 0.628489 0.312787 0.227683 0.674778 -1.485666 1.111209 1.537849 -1.511140 0.956028 -0.854675 0.054099
1776410020.779194 jaka_arm_left success 0.397684 0.191794 -0.320888 0.629455 0.312369 0.227891 0.674001 -1.485493 1.110014 1.538114 -1.511058 0.957264 -0.854805 0.054825
1776410020.787448 jaka_arm_left success 0.397708 0.191798 -0.321110 0.630478 0.312003 0.227735 0.673267 -1.485086 1.108878 1.538678 -1.510835 0.958473 -0.855083 0.055307
1776410020.795840 jaka_arm_left success 0.397694 0.191764 -0.321375 0.631063 0.312180 0.226821 0.672946 -1.485283 1.107926 1.539857 -1.509804 0.959064 -0.855415 0.054165
1776410020.804149 jaka_arm_left success 0.397747 0.191910 -0.321672 0.632057 0.312103 0.225483 0.672498 -1.486576 1.105289 1.541883 -1.508326 0.959790 -0.856651 0.051529
1776410020.812501 jaka_arm_left success 0.397799 0.192158 -0.321937 0.632916 0.312622 0.225266 0.671521 -1.489178 1.101999 1.543084 -1.506718 0.961338 -0.855869 0.048620
1776410020.820835 jaka_arm_left success 0.397902 0.192339 -0.322305 0.632959 0.313465 0.224435 0.671366 -1.488651 1.102325 1.543367 -1.506210 0.961058 -0.855801 0.047979
1776410020.829183 jaka_arm_left success 0.397898 0.192411 -0.322670 0.632765 0.314045 0.222516 0.671916 -1.488578 1.102238 1.544860 -1.505122 0.960172 -0.856650 0.045279
1776410020.837502 jaka_arm_left success 0.397929 0.192797 -0.323042 0.633179 0.314854 0.221740 0.671403 -1.490805 1.099058 1.545660 -1.503288 0.960086 -0.856704 0.041176
1776410020.845855 jaka_arm_left success 0.397957 0.193040 -0.323399 0.633338 0.315456 0.220539 0.671366 -1.490169 1.099100 1.546272 -1.502836 0.960096 -0.856939 0.040630
1776410020.854206 jaka_arm_left success 0.397881 0.193380 -0.323765 0.633423 0.316894 0.220288 0.670691 -1.491502 1.096734 1.546985 -1.501421 0.960398 -0.855903 0.036850
1776410020.862494 jaka_arm_left success 0.397861 0.193653 -0.324146 0.633348 0.317535 0.219602 0.670684 -1.491002 1.096867 1.547209 -1.500950 0.960294 -0.855813 0.036380
1776410020.870905 jaka_arm_left success 0.397683 0.193772 -0.324515 0.632609 0.319036 0.218755 0.670945 -1.490173 1.097675 1.547138 -1.499797 0.959348 -0.855109 0.034856
1776410020.879176 jaka_arm_left success 0.397668 0.194228 -0.324888 0.633103 0.318989 0.218979 0.670429 -1.490011 1.097039 1.547201 -1.499637 0.959942 -0.855049 0.035108
1776410020.887504 jaka_arm_left success 0.397471 0.194580 -0.325215 0.632970 0.319853 0.219254 0.670053 -1.489584 1.096908 1.546897 -1.498987 0.960006 -0.854450 0.034856
1776410020.895840 jaka_arm_left success 0.397446 0.195141 -0.325602 0.633531 0.318770 0.219769 0.669870 -1.489969 1.096335 1.546744 -1.499354 0.960500 -0.854537 0.035468
1776410020.904161 jaka_arm_left success 0.397230 0.195362 -0.325998 0.632188 0.319419 0.219972 0.670763 -1.490161 1.097207 1.546233 -1.499308 0.959534 -0.854210 0.035005
1776410020.912603 jaka_arm_left success 0.397048 0.195775 -0.326402 0.632046 0.318849 0.219542 0.671309 -1.487121 1.096119 1.542087 -1.497447 0.955106 -0.860456 0.038954
1776410020.920796 jaka_arm_left success 0.396858 0.196125 -0.326793 0.631480 0.318822 0.219400 0.671900 -1.487605 1.099651 1.542052 -1.493553 0.954115 -0.862782 0.043142
1776410020.929161 jaka_arm_left success 0.396763 0.196679 -0.327187 0.631744 0.317995 0.219570 0.671988 -1.488754 1.097566 1.539847 -1.489159 0.951514 -0.868247 0.045804
1776410020.937477 jaka_arm_left success 0.396479 0.197019 -0.327599 0.630895 0.318954 0.218981 0.672523 -1.487999 1.098720 1.539862 -1.488177 0.950517 -0.868310 0.045218
1776410020.945835 jaka_arm_left success 0.396448 0.197676 -0.328055 0.631379 0.317156 0.218344 0.673126 -1.490559 1.097688 1.536581 -1.476544 0.944816 -0.881995 0.054008
1776410020.954361 jaka_arm_left success 0.396155 0.198166 -0.328513 0.631114 0.317811 0.217781 0.673248 -1.490219 1.097981 1.536553 -1.476104 0.944549 -0.881762 0.053605
1776410020.962468 jaka_arm_left success 0.395891 0.198476 -0.329016 0.629786 0.318891 0.217711 0.674003 -1.488730 1.101182 1.535169 -1.474213 0.942694 -0.882274 0.055866
1776410020.970816 jaka_arm_left success 0.395784 0.199198 -0.329561 0.630555 0.317167 0.217397 0.674199 -1.490916 1.098726 1.533085 -1.465972 0.939065 -0.892378 0.061254
1776410020.979222 jaka_arm_left success 0.395564 0.199392 -0.330142 0.629619 0.317558 0.216265 0.675252 -1.491796 1.101573 1.532144 -1.460794 0.936143 -0.896193 0.064368
1776410020.987455 jaka_arm_left success 0.395431 0.199721 -0.330614 0.629738 0.317602 0.215951 0.675222 -1.491343 1.101379 1.532592 -1.460509 0.936394 -0.896432 0.064221
1776410020.995840 jaka_arm_left success 0.395227 0.199874 -0.331128 0.629408 0.318333 0.214891 0.675523 -1.491524 1.100035 1.532269 -1.457691 0.934621 -0.899181 0.063341
1776410021.004142 jaka_arm_left success 0.395152 0.200082 -0.331600 0.629652 0.318567 0.214665 0.675258 -1.491188 1.099928 1.532416 -1.457162 0.934821 -0.899200 0.063383
1776410021.012527 jaka_arm_left success 0.395132 0.200432 -0.332063 0.630967 0.318438 0.214478 0.674149 -1.490661 1.098772 1.532771 -1.456743 0.936021 -0.899212 0.063850
1776410021.020821 jaka_arm_left success 0.395153 0.200530 -0.332532 0.630931 0.318792 0.213906 0.674198 -1.492731 1.097639 1.533266 -1.453299 0.935248 -0.901142 0.062908
1776410021.029139 jaka_arm_left success 0.395237 0.201056 -0.332964 0.632484 0.318002 0.213656 0.673194 -1.492817 1.095113 1.533971 -1.452431 0.937334 -0.901868 0.063908
1776410021.037453 jaka_arm_left success 0.395329 0.201338 -0.333402 0.632788 0.317592 0.212985 0.673315 -1.494696 1.093913 1.534559 -1.449785 0.936089 -0.904578 0.062781
1776410021.045865 jaka_arm_left success 0.395289 0.201648 -0.333790 0.633026 0.317963 0.212787 0.672978 -1.494448 1.093702 1.534644 -1.449491 0.936322 -0.904514 0.062786
1776410021.054123 jaka_arm_left success 0.395315 0.201923 -0.334206 0.632719 0.317879 0.212017 0.673549 -1.498588 1.092826 1.533992 -1.439975 0.933133 -0.912177 0.065797
1776410021.062503 jaka_arm_left success 0.395203 0.202128 -0.334554 0.632282 0.318610 0.212254 0.673540 -1.498131 1.093669 1.533249 -1.439214 0.932871 -0.911093 0.066029
1776410021.070833 jaka_arm_left success 0.395217 0.202309 -0.334915 0.631912 0.318065 0.212147 0.674178 -1.497187 1.096505 1.533345 -1.438480 0.932226 -0.912830 0.069263
1776410021.079187 jaka_arm_left success 0.394896 0.202234 -0.335202 0.630961 0.319300 0.211297 0.674751 -1.496691 1.097256 1.533377 -1.437901 0.931496 -0.912646 0.068438
1776410021.087533 jaka_arm_left success 0.394720 0.202408 -0.335468 0.631656 0.319195 0.210663 0.674349 -1.496205 1.097119 1.533785 -1.437573 0.931665 -0.912847 0.068210
1776410021.095827 jaka_arm_left success 0.394542 0.202390 -0.335679 0.631726 0.319303 0.210650 0.674237 -1.496205 1.097119 1.533785 -1.437573 0.931665 -0.912847 0.068210
1776410021.104154 jaka_arm_left success 0.394295 0.202417 -0.335897 0.632211 0.319285 0.210694 0.673776 -1.495763 1.096447 1.533998 -1.437232 0.932323 -0.912858 0.068409
1776410021.112527 jaka_arm_left success 0.394015 0.202427 -0.336051 0.632517 0.319510 0.211487 0.673134 -1.495712 1.095851 1.533565 -1.437000 0.932819 -0.912401 0.068849
1776410021.120821 jaka_arm_left success 0.393708 0.202424 -0.336243 0.632632 0.319590 0.212168 0.672773 -1.495721 1.095460 1.533081 -1.436851 0.933148 -0.911939 0.069264
1776410021.129311 jaka_arm_left success 0.393332 0.202582 -0.336369 0.633597 0.319146 0.212765 0.671887 -1.495694 1.094527 1.532872 -1.436878 0.934071 -0.911725 0.070067
1776410021.137434 jaka_arm_left success 0.393005 0.202773 -0.336509 0.634247 0.318598 0.213939 0.671161 -1.491302 1.096396 1.531245 -1.438923 0.935212 -0.911198 0.075450
1776410021.145878 jaka_arm_left success 0.392728 0.202928 -0.336651 0.634558 0.318073 0.215102 0.670743 -1.491655 1.095845 1.530728 -1.439139 0.935649 -0.910899 0.076136
1776410021.154194 jaka_arm_left success 0.392363 0.202897 -0.336744 0.634248 0.318215 0.215240 0.670925 -1.490721 1.096240 1.530163 -1.439407 0.935472 -0.910799 0.076875
1776410021.162464 jaka_arm_left success 0.392096 0.203164 -0.336826 0.634748 0.317561 0.215790 0.670586 -1.488753 1.096192 1.528983 -1.441046 0.935784 -0.911635 0.079910
1776410021.170775 jaka_arm_left success 0.391735 0.203284 -0.336971 0.634495 0.317451 0.215382 0.671008 -1.487617 1.096813 1.528598 -1.440886 0.934696 -0.912161 0.079682
1776410021.179180 jaka_arm_left success 0.391511 0.203628 -0.337071 0.634363 0.317498 0.216102 0.670878 -1.486759 1.096670 1.527134 -1.441140 0.934442 -0.912085 0.081108
1776410021.187489 jaka_arm_left success 0.391199 0.203894 -0.337229 0.634095 0.316937 0.215160 0.671700 -1.483844 1.095833 1.525049 -1.440691 0.931027 -0.916759 0.082326
1776410021.195827 jaka_arm_left success 0.390898 0.204165 -0.337376 0.633446 0.317041 0.214504 0.672472 -1.482389 1.096355 1.522528 -1.437006 0.927243 -0.922646 0.086163
1776410021.204277 jaka_arm_left success 0.390550 0.204499 -0.337537 0.632700 0.317432 0.213961 0.673163 -1.482207 1.097022 1.522630 -1.436784 0.926612 -0.922691 0.085587
1776410021.212492 jaka_arm_left success 0.390149 0.204797 -0.337701 0.632276 0.317795 0.213396 0.673569 -1.481980 1.097597 1.522792 -1.436577 0.926049 -0.922818 0.085043
1776410021.220873 jaka_arm_left success 0.389848 0.205051 -0.337892 0.631739 0.318014 0.213426 0.673961 -1.480322 1.097547 1.520364 -1.434266 0.923001 -0.926275 0.086841
1776410021.229149 jaka_arm_left success 0.389498 0.205430 -0.338084 0.631832 0.317980 0.214190 0.673647 -1.479382 1.098940 1.519131 -1.433211 0.922756 -0.927335 0.090586
1776410021.237516 jaka_arm_left success 0.389056 0.205730 -0.338314 0.631950 0.317988 0.214770 0.673347 -1.479433 1.098554 1.518699 -1.433070 0.923038 -0.926962 0.090945
1776410021.245872 jaka_arm_left success 0.388639 0.205821 -0.338644 0.631455 0.318375 0.215042 0.673542 -1.476865 1.100299 1.516877 -1.432415 0.921786 -0.927713 0.093708
1776410021.254179 jaka_arm_left success 0.388197 0.205987 -0.338933 0.631061 0.319139 0.215618 0.673366 -1.476739 1.100373 1.516235 -1.431998 0.921626 -0.927051 0.093719
1776410021.262537 jaka_arm_left success 0.387902 0.206329 -0.339311 0.631520 0.318435 0.215433 0.673327 -1.473967 1.100628 1.514466 -1.431802 0.920492 -0.929984 0.097523
1776410021.270812 jaka_arm_left success 0.387670 0.206608 -0.339712 0.631879 0.318211 0.215596 0.673045 -1.473752 1.100237 1.514555 -1.431637 0.920889 -0.929998 0.097718
1776410021.279171 jaka_arm_left success 0.387518 0.206693 -0.340178 0.631359 0.318347 0.215130 0.673617 -1.472168 1.100986 1.512819 -1.428215 0.918334 -0.934090 0.100768
1776410021.287710 jaka_arm_left success 0.387262 0.207025 -0.340568 0.632111 0.318878 0.214781 0.672771 -1.471587 1.100406 1.513039 -1.427666 0.918963 -0.933928 0.100789
1776410021.295848 jaka_arm_left success 0.387060 0.207205 -0.340989 0.632156 0.319586 0.214235 0.672567 -1.471039 1.100379 1.513255 -1.427130 0.919038 -0.933812 0.100428
1776410021.304160 jaka_arm_left success 0.386990 0.207394 -0.341433 0.632801 0.319426 0.214188 0.672051 -1.470628 1.099666 1.513509 -1.426781 0.919766 -0.933796 0.100613
1776410021.312608 jaka_arm_left success 0.386837 0.207458 -0.341917 0.632901 0.319892 0.213496 0.671956 -1.470456 1.099106 1.513987 -1.425708 0.919688 -0.934276 0.099760
1776410021.320889 jaka_arm_left success 0.386678 0.207708 -0.342350 0.634160 0.319787 0.213615 0.670781 -1.470112 1.097853 1.514127 -1.425401 0.920923 -0.934130 0.100354
1776410021.329202 jaka_arm_left success 0.386473 0.207741 -0.342804 0.634296 0.320939 0.213885 0.670016 -1.469395 1.097474 1.513904 -1.424445 0.921305 -0.933370 0.100136
1776410021.337513 jaka_arm_left success 0.386390 0.207754 -0.343271 0.634648 0.320821 0.213445 0.669878 -1.469027 1.097133 1.514210 -1.424161 0.921723 -0.933397 0.100107
1776410021.345823 jaka_arm_left success 0.386081 0.207456 -0.343865 0.634046 0.322314 0.212438 0.670052 -1.468246 1.097676 1.514521 -1.423387 0.921317 -0.933215 0.099217
1776410021.354202 jaka_arm_left success 0.386061 0.207538 -0.344349 0.635109 0.321759 0.212400 0.669324 -1.467824 1.096893 1.514975 -1.423131 0.922220 -0.933307 0.099466
1776410021.362490 jaka_arm_left success 0.385990 0.207778 -0.344758 0.636611 0.321132 0.212277 0.668236 -1.467517 1.095460 1.515528 -1.423074 0.923739 -0.933535 0.100192
1776410021.370794 jaka_arm_left success 0.385712 0.207599 -0.345265 0.636867 0.321927 0.210868 0.668056 -1.466688 1.095018 1.517068 -1.421982 0.924206 -0.933918 0.098696
1776410021.379080 jaka_arm_left success 0.385500 0.207506 -0.345730 0.637407 0.322209 0.211160 0.667312 -1.467222 1.094072 1.517090 -1.421435 0.925223 -0.932930 0.098521
1776410021.387527 jaka_arm_left success 0.385353 0.207293 -0.346174 0.637598 0.322138 0.210323 0.667428 -1.466819 1.094224 1.517889 -1.421330 0.925262 -0.933440 0.098083
1776410021.395879 jaka_arm_left success 0.385191 0.207280 -0.346562 0.638628 0.321757 0.210273 0.666642 -1.466946 1.093017 1.518941 -1.421236 0.926653 -0.933733 0.098154
1776410021.404117 jaka_arm_left success 0.385058 0.207120 -0.346955 0.639337 0.321135 0.209845 0.666397 -1.466932 1.092347 1.519897 -1.421219 0.927489 -0.934227 0.098109
1776410021.412477 jaka_arm_left success 0.384846 0.206896 -0.347293 0.639895 0.321280 0.208526 0.666206 -1.467721 1.091589 1.521448 -1.420543 0.927913 -0.934633 0.096320
1776410021.420800 jaka_arm_left success 0.384815 0.206767 -0.347604 0.641002 0.320291 0.207898 0.665814 -1.468458 1.089984 1.522882 -1.420619 0.929313 -0.935534 0.096144
1776410021.429234 jaka_arm_left success 0.384679 0.206587 -0.347895 0.641744 0.320262 0.207201 0.665330 -1.469979 1.088106 1.524565 -1.419509 0.930459 -0.935608 0.094023
1776410021.437504 jaka_arm_left success 0.384589 0.206285 -0.348176 0.642106 0.320483 0.206899 0.664969 -1.470331 1.087698 1.525448 -1.419053 0.931193 -0.935331 0.093328
1776410021.445816 jaka_arm_left success 0.384468 0.206161 -0.348378 0.643560 0.320037 0.206639 0.663858 -1.471599 1.085897 1.526903 -1.418882 0.933269 -0.934672 0.092440
1776410021.454184 jaka_arm_left success 0.384195 0.205710 -0.348702 0.643785 0.320622 0.205727 0.663641 -1.473741 1.085563 1.529714 -1.419040 0.934943 -0.932446 0.088526
1776410021.462450 jaka_arm_left success 0.384088 0.205326 -0.348948 0.644471 0.320329 0.205970 0.663041 -1.473619 1.084811 1.529876 -1.419063 0.935779 -0.932421 0.089014
1776410021.470863 jaka_arm_left success 0.383923 0.204827 -0.349255 0.644620 0.320129 0.205884 0.663019 -1.473105 1.086759 1.531653 -1.420463 0.937919 -0.930553 0.089931
1776410021.479131 jaka_arm_left success 0.383788 0.204469 -0.349577 0.645698 0.319491 0.206278 0.662155 -1.473128 1.085899 1.531689 -1.420575 0.938801 -0.930494 0.090555
1776410021.487486 jaka_arm_left success 0.383499 0.204095 -0.349861 0.646880 0.319829 0.207023 0.660604 -1.470935 1.086422 1.534635 -1.427738 0.944848 -0.922134 0.088022
1776410021.495774 jaka_arm_left success 0.383355 0.203522 -0.350190 0.647496 0.319578 0.206671 0.660231 -1.470552 1.086103 1.535040 -1.427599 0.945241 -0.922295 0.087970
1776410021.504131 jaka_arm_left success 0.383146 0.202960 -0.350606 0.647998 0.319365 0.206007 0.660050 -1.470090 1.085804 1.535855 -1.427590 0.945728 -0.922811 0.087879
1776410021.512511 jaka_arm_left success 0.382980 0.202829 -0.350915 0.650083 0.319105 0.207375 0.657693 -1.469486 1.084578 1.539464 -1.435626 0.953460 -0.912938 0.083920
1776410021.520872 jaka_arm_left success 0.382665 0.202419 -0.351343 0.650932 0.319337 0.207209 0.656792 -1.468044 1.083204 1.539564 -1.436805 0.954113 -0.912154 0.082671
1776410021.529200 jaka_arm_left success 0.382528 0.202217 -0.351776 0.651994 0.318655 0.207801 0.655882 -1.467394 1.083065 1.540123 -1.438202 0.955798 -0.910944 0.083303
1776410021.537447 jaka_arm_left success 0.382264 0.202053 -0.352271 0.652751 0.318657 0.208610 0.654871 -1.466335 1.082816 1.540316 -1.439261 0.958056 -0.908995 0.084549
1776410021.545862 jaka_arm_left success 0.381930 0.201758 -0.352831 0.652523 0.319251 0.208604 0.654810 -1.465035 1.083933 1.540554 -1.439757 0.958561 -0.907722 0.084693
1776410021.554196 jaka_arm_left success 0.381669 0.201847 -0.353410 0.652973 0.319656 0.209172 0.653983 -1.462187 1.085722 1.540592 -1.442499 0.960709 -0.904202 0.086119
1776410021.562534 jaka_arm_left success 0.381359 0.201842 -0.354022 0.653742 0.319533 0.207817 0.653706 -1.461803 1.083609 1.541666 -1.442690 0.960907 -0.905354 0.084099
1776410021.570840 jaka_arm_left success 0.381120 0.201847 -0.354728 0.653477 0.321213 0.208299 0.652995 -1.460162 1.084625 1.541363 -1.442910 0.961941 -0.902215 0.083770
1776410021.579296 jaka_arm_left success 0.381072 0.202021 -0.355422 0.653656 0.322057 0.208037 0.652483 -1.459544 1.084567 1.541395 -1.442258 0.962037 -0.901841 0.083395
1776410021.587528 jaka_arm_left success 0.380876 0.201943 -0.356143 0.652691 0.324723 0.206041 0.652761 -1.458321 1.084850 1.542250 -1.441536 0.961374 -0.899837 0.078904
1776410021.595838 jaka_arm_left success 0.380854 0.202149 -0.356912 0.652785 0.326010 0.204381 0.652547 -1.457621 1.084095 1.543637 -1.440792 0.961462 -0.899786 0.076171
1776410021.604155 jaka_arm_left success 0.381009 0.202639 -0.357731 0.653309 0.327221 0.204387 0.651414 -1.457424 1.083062 1.543916 -1.439981 0.962562 -0.897952 0.074631
1776410021.612557 jaka_arm_left success 0.381108 0.202806 -0.358533 0.652837 0.329517 0.202398 0.651351 -1.458277 1.081739 1.545731 -1.438647 0.962433 -0.896325 0.068577
1776410021.620826 jaka_arm_left success 0.381158 0.202949 -0.359407 0.652168 0.332165 0.199848 0.651463 -1.458323 1.080861 1.547799 -1.436870 0.961941 -0.895280 0.062568
1776410021.629167 jaka_arm_left success 0.381348 0.203195 -0.360235 0.652090 0.334796 0.198930 0.650475 -1.458579 1.080517 1.549390 -1.436353 0.963716 -0.891462 0.058718
1776410021.637516 jaka_arm_left success 0.381571 0.203678 -0.361046 0.652928 0.336036 0.197266 0.649501 -1.460011 1.076813 1.551472 -1.435655 0.964806 -0.890050 0.052387
1776410021.645853 jaka_arm_left success 0.381684 0.203619 -0.361895 0.651876 0.339309 0.195116 0.649505 -1.459527 1.077712 1.553448 -1.434565 0.964905 -0.886943 0.046948
1776410021.654148 jaka_arm_left success 0.382006 0.204047 -0.362653 0.653029 0.340346 0.193800 0.648196 -1.462031 1.073468 1.557440 -1.435407 0.968053 -0.883732 0.038889
1776410021.662527 jaka_arm_left success 0.382195 0.204353 -0.363381 0.653518 0.342486 0.192395 0.646994 -1.461579 1.071979 1.559005 -1.435204 0.969598 -0.880944 0.034704
1776410021.670809 jaka_arm_left success 0.382291 0.204554 -0.364069 0.654032 0.343735 0.190275 0.646439 -1.463153 1.068316 1.561952 -1.435201 0.970507 -0.879732 0.026982
1776410021.679201 jaka_arm_left success 0.382440 0.205002 -0.364706 0.654395 0.344083 0.189906 0.645995 -1.462658 1.068069 1.562146 -1.434757 0.970821 -0.879575 0.026834
1776410021.687540 jaka_arm_left success 0.382448 0.205301 -0.365257 0.653579 0.344783 0.189271 0.646634 -1.462295 1.068646 1.562281 -1.434403 0.970292 -0.879530 0.026182
1776410021.695850 jaka_arm_left success 0.382386 0.205427 -0.365603 0.651856 0.346033 0.188339 0.647977 -1.462517 1.071066 1.561710 -1.434206 0.967722 -0.879346 0.024543
1776410021.704177 jaka_arm_left success 0.382302 0.205639 -0.365840 0.651054 0.346307 0.186955 0.649036 -1.462173 1.071021 1.562068 -1.433028 0.965945 -0.881570 0.023272
1776410021.712472 jaka_arm_left success 0.382341 0.206068 -0.365864 0.651545 0.346079 0.187392 0.648539 -1.462144 1.070363 1.561860 -1.432824 0.966468 -0.881376 0.023675
1776410021.720818 jaka_arm_left success 0.382278 0.206302 -0.365746 0.652167 0.345822 0.186422 0.648331 -1.462717 1.067421 1.562196 -1.431497 0.965865 -0.884124 0.022357
1776410021.729126 jaka_arm_left success 0.382161 0.206304 -0.365535 0.652590 0.345403 0.185620 0.648358 -1.463391 1.065960 1.562823 -1.430768 0.965505 -0.886046 0.021526
1776410021.737442 jaka_arm_left success 0.382061 0.206255 -0.365282 0.653243 0.344354 0.185899 0.648178 -1.463868 1.065542 1.562775 -1.431251 0.965874 -0.886269 0.022112
1776410021.745809 jaka_arm_left success 0.381828 0.205817 -0.364994 0.652965 0.344400 0.186801 0.648175 -1.464297 1.065432 1.562366 -1.431499 0.965923 -0.886072 0.022493
1776410021.754170 jaka_arm_left success 0.381502 0.205331 -0.364670 0.653465 0.344139 0.187827 0.647513 -1.464112 1.065727 1.561854 -1.432084 0.967059 -0.884926 0.024303
1776410021.762549 jaka_arm_left success 0.381187 0.205025 -0.364349 0.654822 0.343561 0.189713 0.645897 -1.460615 1.068122 1.561980 -1.436380 0.971196 -0.879896 0.028142
1776410021.770781 jaka_arm_left success 0.380843 0.204573 -0.364050 0.655688 0.342863 0.191484 0.644866 -1.455972 1.068081 1.561609 -1.445486 0.974764 -0.873371 0.027596
1776410021.779158 jaka_arm_left success 0.380454 0.204129 -0.363733 0.656731 0.342720 0.194133 0.643086 -1.450832 1.067192 1.561689 -1.457520 0.980385 -0.862832 0.024590
1776410021.787470 jaka_arm_left success 0.380172 0.203829 -0.363436 0.658130 0.341884 0.195983 0.641538 -1.449410 1.067693 1.562474 -1.461428 0.984147 -0.858595 0.025733
1776410021.795836 jaka_arm_left success 0.379808 0.203335 -0.363236 0.658068 0.342057 0.197360 0.641087 -1.447814 1.068716 1.561818 -1.464054 0.985372 -0.855865 0.026730
1776410021.804162 jaka_arm_left success 0.379556 0.203078 -0.363021 0.658918 0.341319 0.198302 0.640316 -1.443294 1.068561 1.562070 -1.472486 0.988797 -0.850030 0.025524
1776410021.812505 jaka_arm_left success 0.379193 0.202670 -0.362810 0.658867 0.341454 0.197198 0.640637 -1.443262 1.068344 1.562663 -1.472676 0.987828 -0.850800 0.023611
1776410021.820812 jaka_arm_left success 0.379057 0.202359 -0.362626 0.658543 0.341199 0.196728 0.641250 -1.443349 1.068483 1.563155 -1.473081 0.987701 -0.851412 0.023501
1776410021.829171 jaka_arm_left success 0.378892 0.202307 -0.362411 0.659134 0.341158 0.197250 0.640505 -1.443412 1.065821 1.563068 -1.474603 0.988552 -0.850485 0.021486
1776410021.837477 jaka_arm_left success 0.378717 0.202244 -0.362345 0.659066 0.340727 0.196964 0.640892 -1.443412 1.065821 1.563068 -1.474603 0.988552 -0.850485 0.021486
1776410021.845807 jaka_arm_left success 0.378591 0.202205 -0.362235 0.659248 0.340387 0.196503 0.641027 -1.443531 1.066083 1.563766 -1.475211 0.988374 -0.851352 0.021397
1776410021.854179 jaka_arm_left success 0.378442 0.202073 -0.362123 0.659265 0.340054 0.195969 0.641350 -1.443508 1.066246 1.564323 -1.475558 0.988235 -0.851999 0.021234
1776410021.862513 jaka_arm_left success 0.378339 0.201940 -0.362076 0.658879 0.340219 0.195861 0.641692 -1.443508 1.066246 1.564323 -1.475558 0.988235 -0.851999 0.021234
1776410021.870839 jaka_arm_left success 0.378295 0.201817 -0.362013 0.658594 0.340088 0.195689 0.642106 -1.443641 1.066888 1.564468 -1.475830 0.987562 -0.852318 0.020825
1776410021.879346 jaka_arm_left success 0.378255 0.201742 -0.361951 0.658425 0.340095 0.195556 0.642316 -1.443641 1.066888 1.564468 -1.475830 0.987562 -0.852318 0.020825
1776410021.887503 jaka_arm_left success 0.378288 0.201732 -0.361880 0.658584 0.339669 0.195799 0.642304 -1.443641 1.066888 1.564468 -1.475830 0.987562 -0.852318 0.020825
1776410021.895907 jaka_arm_left success 0.378291 0.201527 -0.361789 0.658174 0.339494 0.195629 0.642868 -1.444227 1.067419 1.564550 -1.476587 0.986986 -0.852850 0.020816
1776410021.904200 jaka_arm_left success 0.378338 0.201536 -0.361734 0.658257 0.338487 0.195854 0.643246 -1.444792 1.067391 1.564596 -1.477293 0.986964 -0.853312 0.021214
1776410021.912530 jaka_arm_left success 0.378326 0.201486 -0.361662 0.658012 0.338111 0.196618 0.643461 -1.445334 1.067417 1.564282 -1.477771 0.986862 -0.853365 0.021584
1776410021.920837 jaka_arm_left success 0.378287 0.201381 -0.361587 0.657812 0.337813 0.197351 0.643597 -1.442756 1.069133 1.562023 -1.478284 0.985873 -0.854339 0.025920
1776410021.929154 jaka_arm_left success 0.378305 0.201512 -0.361484 0.658375 0.337260 0.199689 0.642591 -1.443309 1.068223 1.560327 -1.478189 0.986798 -0.852827 0.027415
1776410021.937494 jaka_arm_left success 0.378308 0.201532 -0.361437 0.658033 0.336939 0.201264 0.642618 -1.440699 1.072614 1.559159 -1.479795 0.987739 -0.851259 0.033196
1776410021.945877 jaka_arm_left success 0.378273 0.201341 -0.361325 0.656512 0.338022 0.202737 0.643141 -1.441308 1.073806 1.557574 -1.479640 0.986390 -0.849976 0.032825
1776410021.954211 jaka_arm_left success 0.378230 0.201170 -0.361217 0.654994 0.339018 0.203435 0.643944 -1.439146 1.078283 1.555838 -1.480371 0.984965 -0.848238 0.035139
1776410021.962438 jaka_arm_left success 0.378292 0.201216 -0.361108 0.654258 0.339806 0.204907 0.643810 -1.434714 1.082711 1.553777 -1.482150 0.985569 -0.845779 0.040563
1776410021.970814 jaka_arm_left success 0.378408 0.201188 -0.361007 0.653013 0.340512 0.206103 0.644319 -1.435325 1.083660 1.552338 -1.482083 0.984425 -0.844671 0.040300
1776410021.979217 jaka_arm_left success 0.378531 0.201213 -0.360898 0.652230 0.340834 0.206511 0.644811 -1.435651 1.084438 1.551626 -1.482167 0.983609 -0.844194 0.040109
1776410021.987501 jaka_arm_left success 0.378580 0.201067 -0.360804 0.650849 0.341964 0.206733 0.645537 -1.434298 1.087225 1.550520 -1.482319 0.982116 -0.843285 0.040694
1776410021.995837 jaka_arm_left success 0.378617 0.201129 -0.360675 0.650333 0.342952 0.207234 0.645372 -1.429912 1.090903 1.548786 -1.483487 0.982051 -0.841314 0.044251
1776410022.004173 jaka_arm_left success 0.378661 0.201078 -0.360606 0.649279 0.344153 0.207433 0.645730 -1.429895 1.091616 1.548216 -1.483184 0.981249 -0.840752 0.043713
1776410022.020872 jaka_arm_left success 0.378728 0.200913 -0.360491 0.647787 0.345427 0.207008 0.646683 -1.430209 1.093512 1.547061 -1.483165 0.979211 -0.839941 0.042708
1776410022.029159 jaka_arm_left success 0.378880 0.201068 -0.360440 0.646043 0.346533 0.207976 0.647526 -1.429538 1.095555 1.545711 -1.482926 0.977662 -0.838726 0.042489
1776410022.037478 jaka_arm_left success 0.378930 0.201063 -0.360397 0.645277 0.347613 0.208435 0.647562 -1.428099 1.097183 1.544778 -1.483027 0.977244 -0.837570 0.043294
1776410022.045853 jaka_arm_left success 0.378942 0.201059 -0.360335 0.644502 0.348865 0.208439 0.647660 -1.426620 1.098695 1.544023 -1.483034 0.976652 -0.836452 0.043477
1776410022.054121 jaka_arm_left success 0.378916 0.201044 -0.360289 0.643936 0.350580 0.209374 0.646996 -1.422232 1.102502 1.542700 -1.485983 0.977797 -0.831923 0.045755
1776410022.062511 jaka_arm_left success 0.378976 0.201170 -0.360274 0.643814 0.351719 0.210541 0.646119 -1.418148 1.102903 1.541947 -1.492148 0.979891 -0.825684 0.043774
1776410022.070762 jaka_arm_left success 0.379055 0.201149 -0.360294 0.643021 0.353226 0.211982 0.645615 -1.415943 1.105055 1.541366 -1.495821 0.981498 -0.819671 0.042655
1776410022.079209 jaka_arm_left success 0.379133 0.201208 -0.360274 0.642479 0.354606 0.213371 0.644940 -1.413315 1.106663 1.540717 -1.499498 0.983303 -0.814073 0.041903
1776410022.087558 jaka_arm_left success 0.379088 0.201247 -0.360230 0.641716 0.356461 0.213729 0.644559 -1.409328 1.107089 1.541398 -1.507225 0.985648 -0.806297 0.036714
1776410022.095801 jaka_arm_left success 0.379035 0.201279 -0.360192 0.641116 0.358120 0.214374 0.644022 -1.408850 1.107417 1.540554 -1.506238 0.985241 -0.805083 0.036125
1776410022.104194 jaka_arm_left success 0.379005 0.201167 -0.360185 0.639730 0.360207 0.215692 0.643796 -1.404277 1.110353 1.539598 -1.513096 0.986794 -0.796995 0.033798
1776410022.112586 jaka_arm_left success 0.378886 0.201261 -0.360100 0.639132 0.361930 0.216431 0.643175 -1.401063 1.112390 1.539946 -1.518241 0.989489 -0.789694 0.031713
1776410022.120849 jaka_arm_left success 0.378774 0.201419 -0.360006 0.638167 0.364046 0.218490 0.642243 -1.396200 1.115181 1.538331 -1.524315 0.991492 -0.781561 0.030805
1776410022.129107 jaka_arm_left success 0.378680 0.201605 -0.359884 0.637331 0.365733 0.220182 0.641536 -1.391643 1.116683 1.537527 -1.531707 0.993848 -0.773468 0.028279
1776410022.137504 jaka_arm_left success 0.378530 0.201720 -0.359760 0.635796 0.368282 0.222005 0.640972 -1.387769 1.118670 1.536133 -1.536394 0.995203 -0.766599 0.026630
1776410022.146056 jaka_arm_left success 0.378432 0.202016 -0.359562 0.634779 0.370204 0.224075 0.640153 -1.383518 1.121481 1.534220 -1.541766 0.997020 -0.758776 0.026108
1776410022.154331 jaka_arm_left success 0.378185 0.202261 -0.359356 0.633163 0.373158 0.225026 0.639704 -1.376548 1.123811 1.533977 -1.552088 0.999375 -0.748454 0.021134
1776410022.162611 jaka_arm_left success 0.378086 0.202829 -0.359104 0.632350 0.374776 0.226600 0.639006 -1.376545 1.123998 1.532118 -1.551113 0.999045 -0.746431 0.020952
1776410022.170794 jaka_arm_left success 0.377867 0.203187 -0.358933 0.630002 0.377079 0.225857 0.640232 -1.375989 1.126576 1.531037 -1.550486 0.996394 -0.745063 0.018759
1776410022.179175 jaka_arm_left success 0.377743 0.204036 -0.358688 0.629430 0.378346 0.226352 0.639873 -1.374971 1.127026 1.529705 -1.550819 0.995508 -0.743826 0.018025
1776410022.187504 jaka_arm_left success 0.377640 0.204716 -0.358508 0.627807 0.379207 0.225656 0.641202 -1.372969 1.127168 1.528055 -1.552489 0.992465 -0.744775 0.016131
1776410022.195831 jaka_arm_left success 0.377567 0.205366 -0.358363 0.625148 0.380404 0.224933 0.643341 -1.371652 1.128581 1.525551 -1.553213 0.988465 -0.745875 0.015020
1776410022.204231 jaka_arm_left success 0.377399 0.206201 -0.358164 0.622785 0.381416 0.223680 0.645467 -1.368226 1.129121 1.519401 -1.551024 0.980138 -0.753082 0.016807
1776410022.212430 jaka_arm_left success 0.377197 0.207177 -0.357915 0.620894 0.382179 0.222804 0.647138 -1.368329 1.129965 1.514885 -1.544801 0.973219 -0.761044 0.020010
1776410022.220856 jaka_arm_left success 0.377026 0.208129 -0.357688 0.618527 0.382889 0.221438 0.649450 -1.368864 1.131226 1.510681 -1.538178 0.965578 -0.769885 0.022873
1776410022.229200 jaka_arm_left success 0.376795 0.208953 -0.357416 0.615671 0.383598 0.219552 0.652379 -1.369243 1.132001 1.505906 -1.530386 0.956403 -0.780717 0.025456
1776410022.237466 jaka_arm_left success 0.376592 0.209878 -0.357094 0.613190 0.384170 0.219157 0.654509 -1.368758 1.138900 1.501751 -1.523946 0.950384 -0.787846 0.033835
1776410022.245803 jaka_arm_left success 0.376399 0.210717 -0.356741 0.610480 0.384554 0.218384 0.657070 -1.370401 1.140260 1.496322 -1.515106 0.941364 -0.798975 0.038228
1776410022.254166 jaka_arm_left success 0.376250 0.211568 -0.356420 0.607785 0.384856 0.219809 0.658914 -1.369188 1.145473 1.492592 -1.514556 0.938242 -0.800258 0.043409
1776410022.262476 jaka_arm_left success 0.375944 0.212339 -0.355986 0.605231 0.385856 0.219867 0.660658 -1.366347 1.147564 1.486297 -1.510797 0.930681 -0.807447 0.047529
1776410022.270815 jaka_arm_left success 0.375744 0.213044 -0.355589 0.602681 0.386620 0.220852 0.662212 -1.365658 1.153222 1.483378 -1.508944 0.927474 -0.809163 0.052353
1776410022.279153 jaka_arm_left success 0.375510 0.214026 -0.355119 0.601809 0.386258 0.221386 0.663038 -1.365140 1.152099 1.478403 -1.504760 0.922052 -0.816265 0.055591
1776410022.287477 jaka_arm_left success 0.375287 0.214585 -0.354767 0.599541 0.386152 0.221552 0.665096 -1.363963 1.157371 1.474027 -1.499626 0.916449 -0.823816 0.063563
1776410022.295879 jaka_arm_left success 0.375088 0.215333 -0.354338 0.598232 0.385462 0.222473 0.666366 -1.365162 1.156886 1.469845 -1.495517 0.911672 -0.830183 0.066811
1776410022.304172 jaka_arm_left success 0.374675 0.216064 -0.353809 0.597203 0.386370 0.223800 0.666318 -1.365555 1.157494 1.468212 -1.495137 0.910944 -0.828761 0.066839
1776410022.312506 jaka_arm_left success 0.374452 0.216687 -0.353357 0.595693 0.385478 0.225093 0.667750 -1.361466 1.163367 1.463624 -1.495627 0.907491 -0.832628 0.075176
1776410022.320958 jaka_arm_left success 0.373927 0.217420 -0.352818 0.595367 0.386000 0.226625 0.667221 -1.361834 1.163033 1.462331 -1.495501 0.907605 -0.831642 0.075768
1776410022.329183 jaka_arm_left success 0.373547 0.218185 -0.352290 0.594726 0.385732 0.228391 0.667345 -1.357915 1.164781 1.457505 -1.497598 0.905591 -0.832508 0.080347
1776410022.337516 jaka_arm_left success 0.373014 0.218665 -0.351801 0.592477 0.386566 0.231138 0.667917 -1.353655 1.171104 1.452604 -1.499674 0.903487 -0.831093 0.086465
1776410022.345834 jaka_arm_left success 0.372559 0.219520 -0.351294 0.592831 0.386191 0.234153 0.666769 -1.351580 1.171247 1.449471 -1.501340 0.903754 -0.830523 0.090064
1776410022.354197 jaka_arm_left success 0.372038 0.220167 -0.350847 0.591723 0.386538 0.236292 0.666797 -1.346758 1.174985 1.444476 -1.504451 0.902472 -0.829516 0.095701
1776410022.362482 jaka_arm_left success 0.371543 0.220940 -0.350374 0.591453 0.386956 0.239216 0.665751 -1.343498 1.176306 1.441304 -1.507102 0.902808 -0.828153 0.099509
1776410022.370832 jaka_arm_left success 0.371019 0.221748 -0.349924 0.591016 0.387368 0.242005 0.664891 -1.340785 1.178417 1.437545 -1.509527 0.902643 -0.825639 0.102834
1776410022.379153 jaka_arm_left success 0.370552 0.222627 -0.349493 0.590856 0.387561 0.245029 0.663812 -1.334481 1.182135 1.433032 -1.514654 0.903058 -0.822648 0.108413
1776410022.387481 jaka_arm_left success 0.370035 0.223311 -0.349133 0.589760 0.388352 0.246671 0.663716 -1.331010 1.183651 1.429272 -1.517840 0.901349 -0.821148 0.109582
1776410022.395859 jaka_arm_left success 0.369526 0.224393 -0.348684 0.590493 0.388626 0.248844 0.662091 -1.324989 1.183124 1.426101 -1.523623 0.902458 -0.818079 0.111007
1776410022.404377 jaka_arm_left success 0.369060 0.225258 -0.348348 0.589611 0.388940 0.250959 0.661895 -1.325009 1.183906 1.423523 -1.524846 0.901958 -0.816278 0.112206
1776410022.412541 jaka_arm_left success 0.368427 0.226330 -0.347929 0.589819 0.389905 0.252557 0.660532 -1.317021 1.184771 1.419613 -1.531447 0.902236 -0.812992 0.113819
1776410022.420780 jaka_arm_left success 0.367802 0.227401 -0.347536 0.589365 0.390646 0.253380 0.660185 -1.315473 1.183533 1.417547 -1.532849 0.901377 -0.811715 0.112462
1776410022.429186 jaka_arm_left success 0.367208 0.228641 -0.347243 0.588940 0.390892 0.254664 0.659924 -1.314954 1.183400 1.415400 -1.534042 0.900672 -0.810969 0.112965
1776410022.437504 jaka_arm_left success 0.366523 0.229967 -0.346909 0.589074 0.391403 0.256115 0.658939 -1.308692 1.181994 1.410678 -1.538254 0.899650 -0.810433 0.114289
1776410022.445924 jaka_arm_left success 0.365893 0.231291 -0.346627 0.588438 0.391617 0.256787 0.659119 -1.306019 1.181188 1.407496 -1.540381 0.897229 -0.811199 0.113828
1776410022.454174 jaka_arm_left success 0.365192 0.232797 -0.346295 0.588701 0.391999 0.258140 0.658127 -1.302803 1.179894 1.404546 -1.542029 0.897125 -0.810619 0.114973
1776410022.462507 jaka_arm_left success 0.364494 0.234182 -0.346076 0.587792 0.392218 0.259487 0.658279 -1.297251 1.180714 1.399026 -1.545622 0.893824 -0.811636 0.116910
1776410022.470838 jaka_arm_left success 0.363757 0.235833 -0.345753 0.588098 0.392752 0.261228 0.656999 -1.296668 1.179755 1.396646 -1.545494 0.894279 -0.810090 0.118016
1776410022.479161 jaka_arm_left success 0.363008 0.237245 -0.345446 0.587368 0.393895 0.262307 0.656537 -1.290438 1.179354 1.391793 -1.548042 0.891627 -0.810377 0.118353
1776410022.487538 jaka_arm_left success 0.362259 0.238902 -0.345136 0.587624 0.394426 0.264091 0.655273 -1.287932 1.178315 1.387983 -1.550108 0.891516 -0.809250 0.120176
1776410022.495828 jaka_arm_left success 0.361493 0.240643 -0.344793 0.588206 0.394839 0.265652 0.653869 -1.282608 1.176148 1.383418 -1.553344 0.890500 -0.808798 0.120690
1776410022.504157 jaka_arm_left success 0.360692 0.242290 -0.344499 0.588139 0.395670 0.267376 0.652723 -1.278601 1.175762 1.379345 -1.555948 0.889964 -0.807036 0.121809
1776410022.512558 jaka_arm_left success 0.359870 0.244026 -0.344122 0.589097 0.396581 0.269372 0.650482 -1.269462 1.173536 1.373795 -1.563678 0.889795 -0.803652 0.121285
1776410022.520809 jaka_arm_left success 0.359075 0.245811 -0.343811 0.590053 0.396565 0.270682 0.649080 -1.267355 1.170361 1.371520 -1.565928 0.890371 -0.801924 0.120194
1776410022.529209 jaka_arm_left success 0.358315 0.247798 -0.343484 0.591875 0.396082 0.271976 0.647173 -1.264343 1.165623 1.368316 -1.568429 0.890984 -0.801026 0.119494
1776410022.537481 jaka_arm_left success 0.357490 0.249569 -0.343115 0.592733 0.396803 0.273629 0.645246 -1.256730 1.162375 1.363365 -1.575392 0.890998 -0.798009 0.118211
1776410022.545921 jaka_arm_left success 0.356621 0.251496 -0.342808 0.594340 0.397285 0.274563 0.643070 -1.252864 1.156654 1.360745 -1.579554 0.892109 -0.794610 0.114411
1776410022.554132 jaka_arm_left success 0.355797 0.253460 -0.342500 0.595878 0.397569 0.276246 0.640747 -1.246384 1.153749 1.357291 -1.586404 0.893878 -0.790102 0.113200
1776410022.562497 jaka_arm_left success 0.354912 0.255443 -0.342170 0.597598 0.397836 0.277414 0.638471 -1.242592 1.147475 1.354245 -1.590130 0.895001 -0.787395 0.110013
1776410022.570875 jaka_arm_left success 0.354017 0.257487 -0.341865 0.599440 0.398017 0.278897 0.635980 -1.235754 1.143002 1.350282 -1.597139 0.896526 -0.783173 0.107835
1776410022.579247 jaka_arm_left success 0.353058 0.259506 -0.341577 0.601133 0.398929 0.280371 0.633157 -1.229906 1.138252 1.347305 -1.603568 0.898756 -0.777346 0.104169
1776410022.587438 jaka_arm_left success 0.352163 0.261589 -0.341305 0.603481 0.398881 0.281860 0.630285 -1.224855 1.132134 1.344280 -1.608720 0.901163 -0.773386 0.101527
1776410022.596010 jaka_arm_left success 0.351153 0.263638 -0.341012 0.605643 0.399445 0.283039 0.627320 -1.217633 1.125605 1.340699 -1.616453 0.903311 -0.767993 0.097000
1776410022.604135 jaka_arm_left success 0.350174 0.265693 -0.340733 0.608040 0.399665 0.284216 0.624321 -1.212007 1.119587 1.338277 -1.622916 0.906315 -0.762399 0.093047
1776410022.612553 jaka_arm_left success 0.349211 0.267787 -0.340506 0.610602 0.399659 0.286177 0.620919 -1.205495 1.115040 1.335285 -1.629539 0.909954 -0.756857 0.091547
1776410022.620886 jaka_arm_left success 0.348280 0.269841 -0.340268 0.613238 0.399217 0.287522 0.617977 -1.200688 1.106895 1.331706 -1.634947 0.912394 -0.753228 0.088101
1776410022.629180 jaka_arm_left success 0.347270 0.271905 -0.340096 0.615875 0.398984 0.289426 0.614607 -1.193590 1.103427 1.328595 -1.641581 0.915827 -0.748147 0.087419
1776410022.637527 jaka_arm_left success 0.346182 0.274105 -0.339898 0.619188 0.398434 0.291212 0.610780 -1.187310 1.094184 1.324739 -1.648776 0.919674 -0.742814 0.083486
1776410022.645906 jaka_arm_left success 0.345084 0.276338 -0.339733 0.622618 0.397939 0.292943 0.606775 -1.180810 1.087916 1.321498 -1.654365 0.923344 -0.738017 0.081357
1776410022.654221 jaka_arm_left success 0.343977 0.278350 -0.339666 0.625024 0.397816 0.294885 0.603432 -1.173519 1.083931 1.317887 -1.661145 0.926791 -0.732847 0.080442
1776410022.662565 jaka_arm_left success 0.342911 0.280585 -0.339581 0.628324 0.396868 0.296849 0.599655 -1.168987 1.076679 1.314215 -1.664529 0.930099 -0.729873 0.079409
1776410022.670834 jaka_arm_left success 0.341773 0.282755 -0.339551 0.631048 0.396622 0.298396 0.596179 -1.160808 1.070407 1.309369 -1.671432 0.932682 -0.725681 0.077206
1776410022.679245 jaka_arm_left success 0.340713 0.284970 -0.339577 0.634305 0.395714 0.299344 0.592841 -1.156813 1.062847 1.306708 -1.673917 0.935587 -0.723629 0.075271
1776410022.687497 jaka_arm_left success 0.339654 0.287193 -0.339586 0.637377 0.395455 0.300326 0.589212 -1.149641 1.054751 1.302599 -1.679477 0.938372 -0.719933 0.071814
1776410022.695813 jaka_arm_left success 0.338593 0.289418 -0.339586 0.640881 0.395168 0.300862 0.585317 -1.143511 1.045710 1.300091 -1.684424 0.942098 -0.715541 0.067048
1776410022.704185 jaka_arm_left success 0.337489 0.291628 -0.339627 0.644315 0.395680 0.301359 0.580928 -1.134659 1.036213 1.297811 -1.693492 0.947315 -0.706801 0.059163
1776410022.712453 jaka_arm_left success 0.336445 0.293852 -0.339669 0.648124 0.395374 0.301816 0.576648 -1.128738 1.027155 1.296526 -1.698968 0.952595 -0.700628 0.053803
1776410022.720828 jaka_arm_left success 0.335374 0.295897 -0.339792 0.650922 0.396080 0.302402 0.572690 -1.121106 1.018799 1.293510 -1.705005 0.956259 -0.694357 0.047688
1776410022.729172 jaka_arm_left success 0.334304 0.298026 -0.339988 0.654633 0.395550 0.302826 0.568587 -1.115201 1.009762 1.291275 -1.709409 0.960484 -0.689855 0.043146
1776410022.737479 jaka_arm_left success 0.333214 0.300225 -0.340217 0.658402 0.394568 0.303651 0.564463 -1.109202 1.001821 1.288595 -1.712826 0.964436 -0.686847 0.040738
1776410022.745832 jaka_arm_left success 0.332027 0.302281 -0.340570 0.661637 0.393726 0.304152 0.560988 -1.103111 0.994292 1.285205 -1.716247 0.967383 -0.684598 0.038470
1776410022.754186 jaka_arm_left success 0.330838 0.304443 -0.341038 0.665228 0.392252 0.305078 0.557258 -1.099138 0.989049 1.283126 -1.717031 0.971271 -0.683445 0.039652
1776410022.762493 jaka_arm_left success 0.329635 0.306579 -0.341548 0.668691 0.390948 0.306093 0.553461 -1.093119 0.981822 1.278753 -1.719180 0.973922 -0.682721 0.039387
1776410022.770805 jaka_arm_left success 0.328452 0.308498 -0.342233 0.671055 0.389866 0.306789 0.550972 -1.087804 0.977983 1.274620 -1.721180 0.975450 -0.682787 0.040797
1776410022.779140 jaka_arm_left success 0.327179 0.310493 -0.342951 0.673492 0.389356 0.307767 0.547805 -1.084483 0.974528 1.272620 -1.720627 0.978539 -0.682239 0.042807
1776410022.787514 jaka_arm_left success 0.326041 0.312427 -0.343779 0.675627 0.388627 0.308355 0.545357 -1.078056 0.970280 1.266823 -1.721390 0.978356 -0.683501 0.043682
1776410022.795834 jaka_arm_left success 0.324914 0.314215 -0.344722 0.677073 0.388567 0.308592 0.543470 -1.073886 0.968627 1.263252 -1.720954 0.978503 -0.684732 0.045662
1776410022.804144 jaka_arm_left success 0.323877 0.316208 -0.345694 0.679000 0.388073 0.309134 0.541106 -1.069929 0.965610 1.259716 -1.719220 0.979186 -0.686391 0.047776
1776410022.812482 jaka_arm_left success 0.322842 0.318134 -0.346773 0.680841 0.387929 0.308916 0.539015 -1.066638 0.962380 1.256873 -1.717067 0.979177 -0.688813 0.049060
1776410022.820926 jaka_arm_left success 0.321810 0.320012 -0.347926 0.682637 0.387998 0.307905 0.537269 -1.063563 0.958391 1.254693 -1.714072 0.979121 -0.691270 0.049215
1776410022.829173 jaka_arm_left success 0.320804 0.321845 -0.349187 0.684536 0.388275 0.306767 0.535301 -1.060041 0.953943 1.250060 -1.709464 0.976797 -0.696655 0.050568
1776410022.837539 jaka_arm_left success 0.319883 0.323405 -0.350631 0.685661 0.388921 0.304797 0.534517 -1.058521 0.951206 1.245989 -1.700268 0.972213 -0.706028 0.053960
1776410022.845927 jaka_arm_left success 0.319062 0.324936 -0.352172 0.687007 0.389206 0.303032 0.533584 -1.057464 0.947358 1.245897 -1.696083 0.971443 -0.709666 0.053117
1776410022.854245 jaka_arm_left success 0.318225 0.326428 -0.353819 0.688754 0.389457 0.301215 0.532175 -1.057453 0.943716 1.244150 -1.687152 0.969297 -0.716687 0.055507
1776410022.862532 jaka_arm_left success 0.317397 0.327695 -0.355633 0.689971 0.389972 0.299384 0.531255 -1.055511 0.942290 1.245358 -1.685012 0.970117 -0.718295 0.055438
1776410022.870808 jaka_arm_left success 0.316601 0.328883 -0.357506 0.691245 0.390612 0.297804 0.530015 -1.057282 0.940145 1.243418 -1.673263 0.967046 -0.726625 0.059702
1776410022.879187 jaka_arm_left success 0.315951 0.329915 -0.359577 0.692271 0.390848 0.296675 0.529135 -1.056938 0.939504 1.244231 -1.668792 0.967283 -0.730037 0.062025
1776410022.887503 jaka_arm_left success 0.315141 0.330920 -0.361626 0.693973 0.391340 0.295745 0.527057 -1.054371 0.938233 1.244766 -1.666277 0.969356 -0.729566 0.062273
1776410022.895768 jaka_arm_left success 0.314421 0.331829 -0.363832 0.695672 0.391302 0.294459 0.525563 -1.057440 0.934959 1.245542 -1.656093 0.968813 -0.735941 0.065459
1776410022.904129 jaka_arm_left success 0.313713 0.332546 -0.366140 0.696677 0.391684 0.293528 0.524468 -1.056372 0.938255 1.247274 -1.652428 0.970600 -0.737704 0.070530
1776410022.912438 jaka_arm_left success 0.312984 0.333280 -0.368502 0.697698 0.391978 0.293154 0.523098 -1.057921 0.939581 1.247822 -1.643322 0.970626 -0.742998 0.076900
1776410022.920839 jaka_arm_left success 0.312261 0.333843 -0.370955 0.698511 0.392057 0.292284 0.522440 -1.059278 0.941627 1.248399 -1.635897 0.969964 -0.747940 0.082399
1776410022.929151 jaka_arm_left success 0.311581 0.334258 -0.373507 0.698844 0.392592 0.291533 0.522013 -1.062083 0.946322 1.249528 -1.625460 0.969524 -0.753905 0.091376
1776410022.937509 jaka_arm_left success 0.310902 0.334677 -0.376062 0.699502 0.393019 0.291135 0.521031 -1.061383 0.946244 1.249860 -1.621751 0.970272 -0.755175 0.093178
1776410022.945850 jaka_arm_left success 0.310338 0.334890 -0.378733 0.699762 0.393527 0.290306 0.520760 -1.065689 0.951859 1.252356 -1.610518 0.970172 -0.761178 0.102681
1776410022.954187 jaka_arm_left success 0.309765 0.335054 -0.381361 0.700482 0.394140 0.288981 0.520067 -1.068099 0.950298 1.253558 -1.602138 0.969064 -0.766413 0.104613
1776410022.962477 jaka_arm_left success 0.309342 0.335172 -0.383994 0.701450 0.394591 0.287883 0.519026 -1.067553 0.952836 1.256052 -1.598556 0.971297 -0.766509 0.107576
1776410022.970827 jaka_arm_left success 0.308985 0.334749 -0.386761 0.701130 0.395999 0.285466 0.519721 -1.076492 0.956201 1.262577 -1.584793 0.971088 -0.772293 0.112216
1776410022.979288 jaka_arm_left success 0.308651 0.334571 -0.389386 0.702257 0.396943 0.283217 0.518710 -1.074359 0.955411 1.264310 -1.582370 0.972140 -0.773155 0.111610
1776410022.987489 jaka_arm_left success 0.308410 0.334320 -0.391893 0.703358 0.398280 0.281114 0.517335 -1.073909 0.954476 1.267292 -1.578521 0.973929 -0.773461 0.110704
1776410022.995829 jaka_arm_left success 0.308222 0.334037 -0.394444 0.705253 0.399209 0.278877 0.515245 -1.081028 0.951820 1.276130 -1.570449 0.979404 -0.771400 0.107957
1776410023.004147 jaka_arm_left success 0.308047 0.333517 -0.397030 0.706355 0.400865 0.277100 0.513406 -1.079793 0.952158 1.279435 -1.567699 0.981844 -0.770383 0.107161
1776410023.020812 jaka_arm_left success 0.307787 0.333112 -0.399580 0.708600 0.402046 0.275110 0.510450 -1.082508 0.950394 1.286668 -1.564147 0.988991 -0.765370 0.104912
1776410023.029212 jaka_arm_left success 0.307586 0.331947 -0.404393 0.713291 0.404076 0.273067 0.503362 -1.087041 0.944315 1.304456 -1.567363 1.008082 -0.744446 0.090160
1776410023.037451 jaka_arm_left success 0.307638 0.331043 -0.406841 0.715633 0.404998 0.271905 0.499913 -1.086567 0.943569 1.313948 -1.572434 1.019599 -0.731090 0.083208
1776410023.045844 jaka_arm_left success 0.307718 0.330157 -0.409134 0.718840 0.405864 0.270183 0.495525 -1.088849 0.937064 1.324428 -1.575565 1.030592 -0.719749 0.072065
1776410023.054217 jaka_arm_left success 0.307843 0.329398 -0.411294 0.722722 0.406846 0.268731 0.489829 -1.086672 0.929262 1.338185 -1.588118 1.048740 -0.697220 0.053990
1776410023.062529 jaka_arm_left success 0.308019 0.328440 -0.413489 0.726158 0.407968 0.267473 0.484473 -1.085175 0.921043 1.351134 -1.599501 1.064956 -0.676849 0.035539
1776410023.070846 jaka_arm_left success 0.308249 0.327447 -0.415689 0.729940 0.408260 0.266273 0.479175 -1.085157 0.914648 1.364266 -1.606487 1.080371 -0.660889 0.022292
1776410023.079184 jaka_arm_left success 0.308458 0.326461 -0.417849 0.733610 0.408641 0.265045 0.473898 -1.086197 0.905051 1.379021 -1.615911 1.098256 -0.640955 0.003608
1776410023.087514 jaka_arm_left success 0.308654 0.325435 -0.419978 0.737080 0.409242 0.265125 0.467913 -1.083805 0.899236 1.392254 -1.627459 1.116646 -0.618878 -0.012868
1776410023.095809 jaka_arm_left success 0.308911 0.324398 -0.422084 0.740071 0.409849 0.265735 0.462281 -1.084040 0.894189 1.406778 -1.636831 1.135740 -0.596977 -0.028632
1776410023.104154 jaka_arm_left success 0.309130 0.323360 -0.424078 0.743492 0.410144 0.265232 0.456785 -1.084606 0.884889 1.424324 -1.647211 1.157169 -0.574004 -0.049805
1776410023.112512 jaka_arm_left success 0.309471 0.322296 -0.426086 0.746735 0.410347 0.264491 0.451716 -1.086075 0.876686 1.440374 -1.654681 1.175821 -0.555127 -0.068406
1776410023.120844 jaka_arm_left success 0.309913 0.321450 -0.427867 0.750389 0.410113 0.265128 0.445456 -1.083132 0.865124 1.456056 -1.670010 1.198580 -0.529184 -0.093028
1776410023.129191 jaka_arm_left success 0.310300 0.320499 -0.429583 0.753759 0.410513 0.264542 0.439709 -1.087180 0.853461 1.474762 -1.675616 1.219779 -0.509037 -0.116962
1776410023.137468 jaka_arm_left success 0.310706 0.319601 -0.431152 0.757257 0.410983 0.263790 0.433669 -1.092195 0.838427 1.500679 -1.686058 1.249046 -0.480984 -0.151538
1776410023.145841 jaka_arm_left success 0.311146 0.318765 -0.432593 0.760728 0.411133 0.264323 0.427079 -1.087491 0.825552 1.523300 -1.703816 1.282183 -0.446877 -0.185199
1776410023.154147 jaka_arm_left success 0.311481 0.317804 -0.433992 0.763301 0.412480 0.264562 0.420998 -1.095906 0.809450 1.549859 -1.710400 1.311656 -0.420675 -0.224505
1776410023.162490 jaka_arm_left success 0.312033 0.317111 -0.435239 0.766779 0.412258 0.264514 0.414880 -1.094948 0.788260 1.578176 -1.728800 1.351312 -0.384899 -0.273271
1776410023.170888 jaka_arm_left success 0.312443 0.316161 -0.436498 0.768443 0.413911 0.265569 0.409445 -1.102693 0.776668 1.606132 -1.733637 1.387318 -0.356315 -0.313905
1776410023.179295 jaka_arm_left success 0.312891 0.315268 -0.437745 0.769946 0.415073 0.265994 0.405148 -1.099301 0.760893 1.628941 -1.749935 1.425647 -0.325064 -0.360969
1776410023.187554 jaka_arm_left success 0.313466 0.314537 -0.438875 0.772112 0.415159 0.265820 0.401031 -1.111254 0.745715 1.656011 -1.753622 1.465311 -0.304482 -0.408334
1776410023.195785 jaka_arm_left success 0.314060 0.313840 -0.440112 0.773498 0.415401 0.265599 0.398247 -1.116141 0.739440 1.669592 -1.753963 1.487881 -0.295374 -0.432825
1776410023.204331 jaka_arm_left success 0.314584 0.313259 -0.441224 0.774803 0.415907 0.264833 0.395683 -1.124313 0.728553 1.693911 -1.761545 1.534332 -0.275668 -0.487365
1776410023.212627 jaka_arm_left success 0.315084 0.312717 -0.442367 0.776423 0.416045 0.262489 0.393921 -1.128535 0.724649 1.696911 -1.756568 1.534713 -0.281266 -0.490986
1776410023.220896 jaka_arm_left success 0.315786 0.312125 -0.443651 0.777002 0.416339 0.261007 0.393452 -1.140018 0.726322 1.710229 -1.752984 1.556435 -0.279007 -0.511839
1776410023.229220 jaka_arm_left success 0.316346 0.311776 -0.444583 0.778982 0.416601 0.258901 0.390642 -1.146691 0.714113 1.724604 -1.760540 1.605932 -0.273294 -0.571946
1776410023.237457 jaka_arm_left success 0.316964 0.311287 -0.445643 0.780351 0.416845 0.256917 0.388955 -1.152727 0.711702 1.727876 -1.755666 1.606439 -0.279626 -0.575369
1776410023.245967 jaka_arm_left success 0.317546 0.310971 -0.446560 0.782114 0.417305 0.254754 0.386334 -1.162064 0.708265 1.738260 -1.761613 1.666502 -0.281435 -0.639194
1776410023.254203 jaka_arm_left success 0.318235 0.310950 -0.447309 0.784911 0.416280 0.253443 0.382611 -1.169228 0.707226 1.739998 -1.763633 1.703733 -0.291420 -0.673732
1776410023.262543 jaka_arm_left success 0.318732 0.310424 -0.448263 0.785318 0.417738 0.252351 0.380906 -1.175948 0.713025 1.740471 -1.762419 1.731787 -0.300174 -0.700488
1776410023.270783 jaka_arm_left success 0.319320 0.309732 -0.449082 0.786154 0.419388 0.250485 0.378593 -1.179063 0.717963 1.736075 -1.766451 1.769439 -0.313426 -0.736767
1776410023.279299 jaka_arm_left success 0.319911 0.309175 -0.449330 0.787600 0.421246 0.250554 0.373445 -1.181530 0.734519 1.719503 -1.781308 1.853774 -0.343548 -0.808322
1776410023.287467 jaka_arm_left success 0.320366 0.308445 -0.449548 0.787721 0.424044 0.252082 0.368969 -1.184195 0.754793 1.701246 -1.790369 1.913232 -0.369419 -0.853411
1776410023.295856 jaka_arm_left success 0.320780 0.307503 -0.449979 0.786260 0.426702 0.254496 0.367359 -1.174620 0.771199 1.684481 -1.800946 1.950781 -0.379576 -0.877530
1776410023.304151 jaka_arm_left success 0.320953 0.306692 -0.450094 0.785237 0.429575 0.257634 0.363997 -1.178296 0.796462 1.669316 -1.807526 1.999223 -0.402556 -0.905992
1776410023.312475 jaka_arm_left success 0.321153 0.305984 -0.450414 0.784167 0.431916 0.259471 0.362222 -1.169312 0.811525 1.652166 -1.820201 2.031177 -0.415100 -0.926265
1776410023.320894 jaka_arm_left success 0.321226 0.305699 -0.450400 0.784704 0.433037 0.261482 0.358254 -1.175424 0.828994 1.642442 -1.824500 2.066021 -0.435981 -0.943895
1776410023.329148 jaka_arm_left success 0.321349 0.305872 -0.450245 0.786340 0.432882 0.263000 0.353713 -1.170034 0.840767 1.625904 -1.840480 2.100958 -0.457833 -0.964022
1776410023.337449 jaka_arm_left success 0.321581 0.305915 -0.450190 0.787077 0.432704 0.263248 0.352104 -1.171909 0.840810 1.625560 -1.838120 2.103447 -0.460342 -0.964848
1776410023.345959 jaka_arm_left success 0.321773 0.305988 -0.450150 0.787504 0.432529 0.262605 0.351845 -1.174112 0.839986 1.626140 -1.838465 2.103775 -0.463513 -0.965998
1776410023.354182 jaka_arm_left success 0.321974 0.306158 -0.450105 0.788101 0.432041 0.260959 0.352331 -1.174573 0.839134 1.627557 -1.839171 2.102793 -0.465472 -0.966314
1776410023.362598 jaka_arm_left success 0.322103 0.306365 -0.450231 0.787830 0.432119 0.259146 0.354174 -1.179529 0.834440 1.629247 -1.840204 2.095226 -0.469743 -0.968786
1776410023.370804 jaka_arm_left success 0.322148 0.306667 -0.450189 0.787877 0.432493 0.257999 0.354453 -1.181816 0.829963 1.632083 -1.836909 2.087405 -0.468848 -0.966607
1776410023.379200 jaka_arm_left success 0.322183 0.306771 -0.450278 0.787122 0.433202 0.257289 0.355776 -1.179890 0.826830 1.634558 -1.833656 2.077778 -0.461691 -0.961640
1776410023.387476 jaka_arm_left success 0.322228 0.306560 -0.450549 0.785312 0.434592 0.256024 0.358979 -1.183097 0.820641 1.641415 -1.826020 2.057121 -0.451330 -0.953431
1776410023.395813 jaka_arm_left success 0.322325 0.306531 -0.450782 0.783150 0.436338 0.256817 0.361013 -1.179902 0.826477 1.641692 -1.825456 2.057179 -0.444529 -0.951628
1776410023.404164 jaka_arm_left success 0.322336 0.306813 -0.450711 0.783290 0.436711 0.256720 0.360328 -1.179603 0.825903 1.641155 -1.824487 2.057419 -0.444643 -0.951698
1776410023.412547 jaka_arm_left success 0.322376 0.306825 -0.450797 0.782315 0.438025 0.256855 0.360753 -1.179557 0.826838 1.640836 -1.824187 2.056535 -0.444292 -0.952701
1776410023.420871 jaka_arm_left success 0.322438 0.307034 -0.450702 0.782345 0.438767 0.256567 0.359990 -1.178956 0.826987 1.640513 -1.823077 2.056307 -0.444484 -0.953364
1776410023.429270 jaka_arm_left success 0.322482 0.307124 -0.450670 0.781933 0.439933 0.256356 0.359612 -1.178502 0.827465 1.639571 -1.821596 2.055815 -0.444298 -0.954559
1776410023.437518 jaka_arm_left success 0.322533 0.307353 -0.450546 0.782134 0.440682 0.256143 0.358409 -1.179619 0.825847 1.635182 -1.823824 2.059639 -0.451125 -0.960792
1776410023.445868 jaka_arm_left success 0.322654 0.307396 -0.450704 0.781371 0.441742 0.256224 0.358710 -1.179129 0.827472 1.634390 -1.822837 2.060044 -0.450343 -0.961706
1776410023.454169 jaka_arm_left success 0.322835 0.307614 -0.450714 0.781492 0.442337 0.256553 0.357476 -1.180437 0.835132 1.630678 -1.825716 2.075192 -0.458770 -0.969291
1776410023.462448 jaka_arm_left success 0.322941 0.307351 -0.450977 0.779835 0.444480 0.256336 0.358591 -1.180711 0.837184 1.628967 -1.824728 2.073509 -0.457414 -0.971692
1776410023.470790 jaka_arm_left success 0.323075 0.307321 -0.451050 0.779425 0.445605 0.255917 0.358385 -1.180222 0.837565 1.629166 -1.824294 2.073102 -0.457699 -0.972220
1776410023.479231 jaka_arm_left success 0.323218 0.307286 -0.451118 0.779194 0.446392 0.255304 0.358344 -1.180624 0.837653 1.627992 -1.823788 2.073092 -0.459852 -0.974933
1776410023.487528 jaka_arm_left success 0.323339 0.307215 -0.451149 0.779112 0.447243 0.255140 0.357578 -1.183398 0.841529 1.625682 -1.825946 2.081302 -0.467593 -0.981537
1776410023.495764 jaka_arm_left success 0.323557 0.307355 -0.451101 0.779769 0.447229 0.255088 0.356197 -1.183563 0.844055 1.620606 -1.830071 2.091435 -0.476232 -0.989456
1776410023.504148 jaka_arm_left success 0.323738 0.307487 -0.451068 0.780741 0.446872 0.253976 0.355309 -1.183874 0.842794 1.621742 -1.830541 2.091750 -0.478435 -0.989308
1776410023.512610 jaka_arm_left success 0.323853 0.307550 -0.451065 0.781163 0.446930 0.253260 0.354821 -1.185728 0.841152 1.621645 -1.830473 2.091283 -0.481582 -0.990954
1776410023.520818 jaka_arm_left success 0.323947 0.307520 -0.451141 0.781039 0.447431 0.252474 0.355021 -1.186518 0.841111 1.621772 -1.830317 2.090652 -0.483119 -0.992305
1776410023.529195 jaka_arm_left success 0.324044 0.307592 -0.451194 0.781111 0.447563 0.251860 0.355132 -1.187172 0.840756 1.622203 -1.830413 2.090088 -0.484523 -0.993072
1776410023.537495 jaka_arm_left success 0.324134 0.307761 -0.451172 0.781329 0.447656 0.251322 0.354918 -1.189887 0.838627 1.621994 -1.830382 2.089042 -0.488018 -0.995009
1776410023.545890 jaka_arm_left success 0.324173 0.307821 -0.451187 0.781118 0.447977 0.250984 0.355215 -1.189771 0.838910 1.622072 -1.830300 2.088768 -0.488062 -0.995295
1776410023.554171 jaka_arm_left success 0.324230 0.307871 -0.451157 0.781034 0.448386 0.250594 0.355160 -1.189580 0.839133 1.622156 -1.830115 2.088525 -0.488181 -0.995588
1776410023.562608 jaka_arm_left success 0.324364 0.307975 -0.451192 0.781068 0.448252 0.250060 0.355632 -1.189479 0.839389 1.622407 -1.830187 2.088199 -0.488321 -0.995813
1776410023.571161 jaka_arm_left success 0.324456 0.308047 -0.451222 0.781086 0.448272 0.249514 0.355949 -1.189368 0.839647 1.622803 -1.830355 2.087804 -0.488548 -0.996022
1776410023.579364 jaka_arm_left success 0.324515 0.308100 -0.451220 0.781158 0.448363 0.249163 0.355922 -1.191515 0.837482 1.622676 -1.830177 2.085860 -0.490669 -0.997183
1776410023.587501 jaka_arm_left success 0.324600 0.308220 -0.451183 0.781436 0.448291 0.248974 0.355536 -1.191515 0.837482 1.622676 -1.830177 2.085860 -0.490669 -0.997183
1776410023.595803 jaka_arm_left success 0.324632 0.308254 -0.451156 0.781538 0.448434 0.248593 0.355398 -1.191172 0.837347 1.623057 -1.830020 2.085857 -0.491105 -0.997152
1776410023.604165 jaka_arm_left success 0.324650 0.308289 -0.451140 0.781605 0.448506 0.248362 0.355320 -1.191006 0.837261 1.623285 -1.829950 2.085821 -0.491379 -0.997153
1776410023.612642 jaka_arm_left success 0.324661 0.308299 -0.451142 0.781843 0.448374 0.247918 0.355274 -1.192642 0.835329 1.623775 -1.830053 2.084220 -0.493806 -0.998070
1776410023.620837 jaka_arm_left success 0.324665 0.308307 -0.451151 0.781841 0.448447 0.247760 0.355296 -1.192642 0.835329 1.623775 -1.830053 2.084220 -0.493806 -0.998070
1776410023.629237 jaka_arm_left success 0.324690 0.308095 -0.451306 0.780868 0.449189 0.247772 0.356488 -1.193026 0.836222 1.623516 -1.830308 2.083388 -0.493291 -0.998807
1776410023.637467 jaka_arm_left success 0.324628 0.308225 -0.451197 0.781356 0.449168 0.247657 0.355523 -1.192769 0.835940 1.623576 -1.829952 2.083573 -0.493587 -0.998745
1776410023.645915 jaka_arm_left success 0.324636 0.308283 -0.451159 0.781635 0.449001 0.247622 0.355145 -1.192657 0.835543 1.623569 -1.829715 2.083872 -0.493814 -0.998548
1776410023.654168 jaka_arm_left success 0.324657 0.308290 -0.451158 0.781698 0.448958 0.247575 0.355094 -1.192657 0.835543 1.623569 -1.829715 2.083872 -0.493814 -0.998548
1776410023.662466 jaka_arm_left success 0.324672 0.308279 -0.451157 0.781691 0.448987 0.247475 0.355143 -1.192657 0.835543 1.623569 -1.829715 2.083872 -0.493814 -0.998548
1776410023.670812 jaka_arm_left success 0.324693 0.308034 -0.451326 0.780593 0.449804 0.247505 0.356500 -1.192941 0.836485 1.623354 -1.829879 2.082984 -0.493371 -0.999368
1776410023.679247 jaka_arm_left success 0.324754 0.308071 -0.451328 0.780782 0.449393 0.247525 0.356589 -1.192941 0.836485 1.623354 -1.829879 2.082984 -0.493371 -0.999368
1776410023.687486 jaka_arm_left success 0.324751 0.308074 -0.451324 0.780830 0.449376 0.247455 0.356555 -1.192941 0.836485 1.623354 -1.829879 2.082984 -0.493371 -0.999368
1776410023.695803 jaka_arm_left success 0.324758 0.308081 -0.451325 0.780839 0.449350 0.247453 0.356570 -1.192941 0.836485 1.623354 -1.829879 2.082984 -0.493371 -0.999368
1776410023.704277 jaka_arm_left success 0.324760 0.308077 -0.451324 0.780774 0.449463 0.247413 0.356597 -1.192941 0.836485 1.623354 -1.829879 2.082984 -0.493371 -0.999368
1776410023.713473 jaka_arm_left success 0.324770 0.308083 -0.451319 0.780790 0.449467 0.247359 0.356596 -1.192941 0.836485 1.623354 -1.829879 2.082984 -0.493371 -0.999368
