1776409956.241433 jaka_arm_left success 0.271843 0.299407 -0.447930 0.717839 0.309294 0.271920 0.561340 -1.172410 1.006661 1.413537 -1.215921 0.761228 -1.062412 0.605520
1776409956.249627 jaka_arm_left success 0.271851 0.299309 -0.447981 0.717476 0.309607 0.272538 0.561333 -1.172802 1.006645 1.412945 -1.215914 0.761089 -1.061974 0.605846
1776409956.258143 jaka_arm_left success 0.271856 0.299215 -0.447990 0.717258 0.309751 0.271892 0.561845 -1.172609 1.007068 1.413332 -1.215822 0.760929 -1.062190 0.605468
1776409956.266338 jaka_arm_left success 0.271840 0.299221 -0.447987 0.717319 0.309753 0.272401 0.561519 -1.172609 1.007068 1.413332 -1.215822 0.760929 -1.062190 0.605468
1776409956.274584 jaka_arm_left success 0.271806 0.299323 -0.447911 0.717898 0.309530 0.272134 0.561032 -1.172556 1.006491 1.413239 -1.215728 0.761514 -1.061877 0.605933
1776409956.282973 jaka_arm_left success 0.271812 0.299248 -0.447952 0.717601 0.309649 0.272586 0.561127 -1.172556 1.006491 1.413239 -1.215728 0.761514 -1.061877 0.605933
1776409956.291318 jaka_arm_left success 0.271809 0.299224 -0.447966 0.717476 0.309679 0.272660 0.561234 -1.172896 1.006801 1.412862 -1.215773 0.761172 -1.061662 0.606008
1776409956.299664 jaka_arm_left success 0.271818 0.299235 -0.447977 0.717528 0.309556 0.272628 0.561251 -1.172896 1.006801 1.412862 -1.215773 0.761172 -1.061662 0.606008
1776409956.307949 jaka_arm_left success 0.271813 0.299237 -0.447981 0.717549 0.309568 0.272617 0.561223 -1.172896 1.006801 1.412862 -1.215773 0.761172 -1.061662 0.606008
1776409956.316310 jaka_arm_left success 0.271771 0.299262 -0.447979 0.717517 0.309774 0.272792 0.561065 -1.172896 1.006801 1.412862 -1.215773 0.761172 -1.061662 0.606008
1776409956.324573 jaka_arm_left success 0.271805 0.299259 -0.447961 0.717652 0.309648 0.272681 0.561015 -1.172896 1.006801 1.412862 -1.215773 0.761172 -1.061662 0.606008
1776409956.332979 jaka_arm_left success 0.271787 0.299254 -0.447942 0.717720 0.309743 0.272657 0.560887 -1.172896 1.006801 1.412862 -1.215773 0.761172 -1.061662 0.606008
1776409956.341383 jaka_arm_left success 0.271796 0.299237 -0.447953 0.717644 0.309693 0.272662 0.561010 -1.172896 1.006801 1.412862 -1.215773 0.761172 -1.061662 0.606008
1776409956.349548 jaka_arm_left success 0.271778 0.299233 -0.447946 0.717675 0.309732 0.272740 0.560912 -1.172896 1.006801 1.412862 -1.215773 0.761172 -1.061662 0.606008
1776409956.358029 jaka_arm_left success 0.271730 0.299157 -0.447961 0.717360 0.310019 0.272786 0.561134 -1.172818 1.007073 1.412709 -1.215515 0.761023 -1.061344 0.605917
1776409956.366302 jaka_arm_left success 0.271725 0.299175 -0.447953 0.717502 0.309873 0.272868 0.560992 -1.172818 1.007073 1.412709 -1.215515 0.761023 -1.061344 0.605917
1776409956.374569 jaka_arm_left success 0.271776 0.299120 -0.447976 0.717392 0.309750 0.272721 0.561272 -1.172818 1.007073 1.412709 -1.215515 0.761023 -1.061344 0.605917
1776409956.382906 jaka_arm_left success 0.271726 0.299156 -0.447954 0.717565 0.309806 0.272861 0.560953 -1.172818 1.007073 1.412709 -1.215515 0.761023 -1.061344 0.605917
1776409956.391257 jaka_arm_left success 0.271715 0.299165 -0.447949 0.717652 0.309797 0.272846 0.560853 -1.172818 1.007073 1.412709 -1.215515 0.761023 -1.061344 0.605917
1776409956.399617 jaka_arm_left success 0.271708 0.299172 -0.447947 0.717708 0.309783 0.272832 0.560796 -1.172837 1.006783 1.412665 -1.215542 0.761399 -1.061175 0.606296
1776409956.407967 jaka_arm_left success 0.271696 0.299185 -0.447937 0.717768 0.309793 0.272864 0.560698 -1.172837 1.006783 1.412665 -1.215542 0.761399 -1.061175 0.606296
1776409956.416308 jaka_arm_left success 0.271692 0.299200 -0.447929 0.717859 0.309705 0.272878 0.560623 -1.172837 1.006783 1.412665 -1.215542 0.761399 -1.061175 0.606296
1776409956.424578 jaka_arm_left success 0.271691 0.299194 -0.447926 0.717860 0.309659 0.272892 0.560641 -1.172837 1.006783 1.412665 -1.215542 0.761399 -1.061175 0.606296
1776409956.433021 jaka_arm_left success 0.271688 0.299184 -0.447930 0.717857 0.309639 0.272922 0.560641 -1.172837 1.006783 1.412665 -1.215542 0.761399 -1.061175 0.606296
1776409956.441263 jaka_arm_left success 0.271680 0.299240 -0.447890 0.718215 0.309438 0.272526 0.560486 -1.172620 1.006353 1.412948 -1.215533 0.762029 -1.061151 0.606612
1776409956.449651 jaka_arm_left success 0.271693 0.299141 -0.447943 0.717827 0.309662 0.272932 0.560662 -1.172620 1.006353 1.412948 -1.215533 0.762029 -1.061151 0.606612
1776409956.458007 jaka_arm_left success 0.271665 0.298998 -0.448006 0.717658 0.309826 0.272145 0.561170 -1.172506 1.007023 1.413296 -1.215498 0.761637 -1.061405 0.606117
1776409956.466372 jaka_arm_left success 0.271667 0.298974 -0.448000 0.717672 0.309851 0.272169 0.561127 -1.172506 1.007023 1.413296 -1.215498 0.761637 -1.061405 0.606117
1776409956.474613 jaka_arm_left success 0.271666 0.298956 -0.447994 0.717675 0.309889 0.272184 0.561095 -1.172506 1.007023 1.413296 -1.215498 0.761637 -1.061405 0.606117
1776409956.483057 jaka_arm_left success 0.271719 0.298969 -0.447991 0.717862 0.309641 0.272052 0.561057 -1.172506 1.007023 1.413296 -1.215498 0.761637 -1.061405 0.606117
1776409956.491339 jaka_arm_left success 0.271681 0.298808 -0.448033 0.717116 0.310445 0.272219 0.561484 -1.172526 1.007765 1.413289 -1.215365 0.761053 -1.061379 0.605657
1776409956.499679 jaka_arm_left success 0.271733 0.298799 -0.448039 0.717202 0.310267 0.272025 0.561567 -1.172526 1.007765 1.413289 -1.215365 0.761053 -1.061379 0.605657
1776409956.508007 jaka_arm_left success 0.271752 0.298822 -0.448038 0.717275 0.310263 0.271996 0.561491 -1.172526 1.007765 1.413289 -1.215365 0.761053 -1.061379 0.605657
1776409956.516407 jaka_arm_left success 0.271762 0.298840 -0.448036 0.717319 0.310288 0.272035 0.561402 -1.172526 1.007765 1.413289 -1.215365 0.761053 -1.061379 0.605657
1776409956.524660 jaka_arm_left success 0.271778 0.298854 -0.448034 0.717352 0.310290 0.272112 0.561322 -1.172526 1.007765 1.413289 -1.215365 0.761053 -1.061379 0.605657
1776409956.532976 jaka_arm_left success 0.271816 0.298925 -0.448010 0.717393 0.310233 0.272772 0.560980 -1.172812 1.007543 1.412889 -1.215435 0.761193 -1.061042 0.606099
1776409956.541373 jaka_arm_left success 0.271795 0.298838 -0.448052 0.717307 0.310364 0.272167 0.561311 -1.172812 1.007543 1.412889 -1.215435 0.761193 -1.061042 0.606099
1776409956.549640 jaka_arm_left success 0.271793 0.298801 -0.448063 0.717233 0.310500 0.272087 0.561369 -1.172543 1.007881 1.413241 -1.215273 0.761127 -1.061136 0.605762
1776409956.558052 jaka_arm_left success 0.271799 0.298783 -0.448068 0.717222 0.310554 0.272058 0.561367 -1.172543 1.007881 1.413241 -1.215273 0.761127 -1.061136 0.605762
1776409956.566364 jaka_arm_left success 0.271801 0.298775 -0.448065 0.717219 0.310609 0.272125 0.561308 -1.172543 1.007881 1.413241 -1.215273 0.761127 -1.061136 0.605762
1776409956.574642 jaka_arm_left success 0.271798 0.298744 -0.448070 0.717159 0.310744 0.272096 0.561324 -1.172543 1.007881 1.413241 -1.215273 0.761127 -1.061136 0.605762
1776409956.583077 jaka_arm_left success 0.271794 0.298712 -0.448035 0.717097 0.311117 0.271920 0.561282 -1.172297 1.008191 1.413360 -1.214982 0.760995 -1.060988 0.605438
1776409956.591299 jaka_arm_left success 0.271794 0.298719 -0.448024 0.717186 0.311176 0.271879 0.561156 -1.172297 1.008191 1.413360 -1.214982 0.760995 -1.060988 0.605438
1776409956.599690 jaka_arm_left success 0.271799 0.298719 -0.448021 0.717212 0.311220 0.271901 0.561087 -1.172297 1.008191 1.413360 -1.214982 0.760995 -1.060988 0.605438
1776409956.608030 jaka_arm_left success 0.271809 0.298689 -0.448042 0.717064 0.311335 0.272238 0.561049 -1.172485 1.008598 1.413095 -1.214811 0.760996 -1.060257 0.605602
1776409956.616300 jaka_arm_left success 0.271798 0.298750 -0.447979 0.717497 0.311301 0.272060 0.560601 -1.172289 1.008352 1.413426 -1.214718 0.761711 -1.059850 0.605842
1776409956.624607 jaka_arm_left success 0.271802 0.298747 -0.447972 0.717558 0.311271 0.272043 0.560548 -1.172289 1.008352 1.413426 -1.214718 0.761711 -1.059850 0.605842
1776409956.633018 jaka_arm_left success 0.271803 0.298732 -0.447978 0.717566 0.311262 0.272061 0.560534 -1.172289 1.008352 1.413426 -1.214718 0.761711 -1.059850 0.605842
1776409956.641331 jaka_arm_left success 0.271799 0.298703 -0.447990 0.717534 0.311301 0.272074 0.560546 -1.172289 1.008352 1.413426 -1.214718 0.761711 -1.059850 0.605842
1776409956.649554 jaka_arm_left success 0.271799 0.298675 -0.447997 0.717515 0.311299 0.272023 0.560596 -1.172175 1.008651 1.413684 -1.214629 0.761769 -1.059675 0.605644
1776409956.657952 jaka_arm_left success 0.271797 0.298710 -0.447997 0.717741 0.311205 0.272189 0.560278 -1.172336 1.008366 1.413520 -1.214731 0.762018 -1.059483 0.605977
1776409956.666295 jaka_arm_left success 0.271796 0.298709 -0.448005 0.717801 0.311182 0.272176 0.560220 -1.172336 1.008366 1.413520 -1.214731 0.762018 -1.059483 0.605977
1776409956.674618 jaka_arm_left success 0.271796 0.298735 -0.447996 0.717971 0.311100 0.272243 0.560017 -1.172333 1.008211 1.413569 -1.214716 0.762521 -1.058936 0.606243
1776409956.682991 jaka_arm_left success 0.271797 0.298697 -0.447991 0.717838 0.311237 0.272265 0.560099 -1.172333 1.008211 1.413569 -1.214716 0.762521 -1.058936 0.606243
1776409956.691443 jaka_arm_left success 0.271798 0.298724 -0.447960 0.717977 0.311188 0.272291 0.559936 -1.172333 1.008211 1.413569 -1.214716 0.762521 -1.058936 0.606243
1776409956.699677 jaka_arm_left success 0.271798 0.298719 -0.447961 0.717981 0.311111 0.272400 0.559920 -1.172333 1.008211 1.413569 -1.214716 0.762521 -1.058936 0.606243
1776409956.707965 jaka_arm_left success 0.271795 0.298708 -0.447957 0.718000 0.311084 0.272500 0.559863 -1.172333 1.008211 1.413569 -1.214716 0.762521 -1.058936 0.606243
1776409956.716284 jaka_arm_left success 0.271776 0.298648 -0.447971 0.717838 0.311152 0.272464 0.560050 -1.172867 1.008619 1.413242 -1.215050 0.762200 -1.058703 0.606378
1776409956.724557 jaka_arm_left success 0.271808 0.298613 -0.448010 0.717701 0.310959 0.272944 0.560100 -1.172867 1.008619 1.413242 -1.215050 0.762200 -1.058703 0.606378
1776409956.733143 jaka_arm_left success 0.271804 0.298585 -0.448011 0.717721 0.310901 0.273050 0.560055 -1.172867 1.008619 1.413242 -1.215050 0.762200 -1.058703 0.606378
1776409956.741455 jaka_arm_left success 0.271765 0.298761 -0.447900 0.718897 0.310386 0.272917 0.558895 -1.172685 1.009613 1.414702 -1.218373 0.765697 -1.053657 0.607188
1776409956.749639 jaka_arm_left success 0.271752 0.298753 -0.447912 0.719060 0.310295 0.273080 0.558657 -1.172685 1.009613 1.414702 -1.218373 0.765697 -1.053657 0.607188
1776409956.757998 jaka_arm_left success 0.271762 0.298679 -0.447982 0.718727 0.310358 0.273221 0.558981 -1.172685 1.009613 1.414702 -1.218373 0.765697 -1.053657 0.607188
1776409956.766508 jaka_arm_left success 0.271763 0.298645 -0.448001 0.718655 0.310409 0.273288 0.559013 -1.172685 1.009613 1.414702 -1.218373 0.765697 -1.053657 0.607188
1776409956.774657 jaka_arm_left success 0.271737 0.298706 -0.447936 0.719112 0.310328 0.273188 0.558518 -1.172685 1.009613 1.414702 -1.218373 0.765697 -1.053657 0.607188
1776409956.783032 jaka_arm_left success 0.271724 0.298703 -0.447921 0.719203 0.310212 0.273307 0.558408 -1.172685 1.009613 1.414702 -1.218373 0.765697 -1.053657 0.607188
1776409956.791350 jaka_arm_left success 0.271692 0.298755 -0.447875 0.719547 0.309875 0.273131 0.558238 -1.171951 1.008536 1.414519 -1.219701 0.766297 -1.052927 0.606935
1776409956.799665 jaka_arm_left success 0.271726 0.298789 -0.447857 0.719799 0.309173 0.273204 0.558266 -1.172147 1.008184 1.414571 -1.220063 0.766596 -1.053118 0.607304
1776409956.807972 jaka_arm_left success 0.271722 0.298789 -0.447846 0.719900 0.309005 0.273256 0.558203 -1.172147 1.008184 1.414571 -1.220063 0.766596 -1.053118 0.607304
1776409956.816378 jaka_arm_left success 0.271717 0.298744 -0.447851 0.719867 0.309013 0.273227 0.558256 -1.172147 1.008184 1.414571 -1.220063 0.766596 -1.053118 0.607304
1776409956.824667 jaka_arm_left success 0.271808 0.298728 -0.447843 0.720156 0.308339 0.273221 0.558259 -1.172372 1.007700 1.414735 -1.220546 0.767048 -1.053439 0.607787
1776409956.833088 jaka_arm_left success 0.271827 0.298712 -0.447835 0.720261 0.308209 0.273309 0.558152 -1.172372 1.007700 1.414735 -1.220546 0.767048 -1.053439 0.607787
1776409956.841384 jaka_arm_left success 0.271816 0.298677 -0.447845 0.720244 0.308329 0.273341 0.558092 -1.172372 1.007700 1.414735 -1.220546 0.767048 -1.053439 0.607787
1776409956.849582 jaka_arm_left success 0.271825 0.298660 -0.447858 0.720261 0.308249 0.273506 0.558034 -1.172372 1.007700 1.414735 -1.220546 0.767048 -1.053439 0.607787
1776409956.857995 jaka_arm_left success 0.271796 0.298654 -0.447842 0.720343 0.308366 0.273680 0.557778 -1.172421 1.007314 1.414511 -1.220565 0.767350 -1.053178 0.608146
1776409956.866439 jaka_arm_left success 0.271815 0.298657 -0.447860 0.720340 0.308179 0.273644 0.557902 -1.172421 1.007314 1.414511 -1.220565 0.767350 -1.053178 0.608146
1776409956.874597 jaka_arm_left success 0.271799 0.298641 -0.447871 0.720309 0.308243 0.273487 0.557983 -1.172421 1.007314 1.414511 -1.220565 0.767350 -1.053178 0.608146
1776409956.883294 jaka_arm_left success 0.271788 0.298650 -0.447861 0.720334 0.308275 0.273475 0.557940 -1.172421 1.007314 1.414511 -1.220565 0.767350 -1.053178 0.608146
1776409956.891367 jaka_arm_left success 0.271781 0.298664 -0.447848 0.720381 0.308263 0.273483 0.557882 -1.172421 1.007314 1.414511 -1.220565 0.767350 -1.053178 0.608146
1776409956.899635 jaka_arm_left success 0.271778 0.298679 -0.447826 0.720434 0.308242 0.273354 0.557888 -1.172421 1.007314 1.414511 -1.220565 0.767350 -1.053178 0.608146
1776409956.907983 jaka_arm_left success 0.271802 0.298679 -0.447823 0.720369 0.308167 0.273461 0.557960 -1.172421 1.007314 1.414511 -1.220565 0.767350 -1.053178 0.608146
1776409956.916341 jaka_arm_left success 0.271796 0.298658 -0.447835 0.720309 0.308176 0.273508 0.558010 -1.172421 1.007314 1.414511 -1.220565 0.767350 -1.053178 0.608146
1776409956.924683 jaka_arm_left success 0.271776 0.298566 -0.447881 0.719891 0.308459 0.274008 0.558148 -1.172421 1.007314 1.414511 -1.220565 0.767350 -1.053178 0.608146
1776409956.933091 jaka_arm_left success 0.271751 0.298599 -0.447831 0.720169 0.308470 0.273854 0.557859 -1.172421 1.007314 1.414511 -1.220565 0.767350 -1.053178 0.608146
1776409956.941362 jaka_arm_left success 0.271733 0.298546 -0.447840 0.720092 0.308421 0.273454 0.558181 -1.172421 1.007314 1.414511 -1.220565 0.767350 -1.053178 0.608146
1776409956.949630 jaka_arm_left success 0.271728 0.298533 -0.447844 0.720105 0.308380 0.273420 0.558204 -1.172421 1.007314 1.414511 -1.220565 0.767350 -1.053178 0.608146
1776409956.958112 jaka_arm_left success 0.271723 0.298545 -0.447840 0.720208 0.308287 0.273537 0.558066 -1.172421 1.007314 1.414511 -1.220565 0.767350 -1.053178 0.608146
1776409956.966348 jaka_arm_left success 0.271723 0.298648 -0.447810 0.720650 0.308023 0.273843 0.557490 -1.172460 1.006932 1.414405 -1.220663 0.767696 -1.053039 0.608513
1776409956.974631 jaka_arm_left success 0.271710 0.298684 -0.447802 0.720880 0.307809 0.273825 0.557320 -1.172460 1.006932 1.414405 -1.220663 0.767696 -1.053039 0.608513
1776409956.983027 jaka_arm_left success 0.271695 0.298671 -0.447808 0.720877 0.307729 0.273831 0.557365 -1.172460 1.006932 1.414405 -1.220663 0.767696 -1.053039 0.608513
1776409956.991383 jaka_arm_left success 0.271647 0.298650 -0.447810 0.720956 0.307679 0.273709 0.557351 -1.172460 1.006932 1.414405 -1.220663 0.767696 -1.053039 0.608513
1776409956.999752 jaka_arm_left success 0.271540 0.298514 -0.447824 0.720597 0.308055 0.273564 0.557678 -1.171924 1.007172 1.415053 -1.220674 0.767882 -1.053308 0.608221
1776409957.008010 jaka_arm_left success 0.271530 0.298452 -0.447844 0.720497 0.308036 0.273614 0.557793 -1.171924 1.007172 1.415053 -1.220674 0.767882 -1.053308 0.608221
1776409957.016229 jaka_arm_left success 0.271510 0.298383 -0.447878 0.720360 0.308052 0.274207 0.557669 -1.172110 1.007969 1.414164 -1.221433 0.767703 -1.052515 0.609267
1776409957.024575 jaka_arm_left success 0.271497 0.298330 -0.447895 0.720353 0.307887 0.274192 0.557777 -1.172110 1.007969 1.414164 -1.221433 0.767703 -1.052515 0.609267
1776409957.032987 jaka_arm_left success 0.271483 0.298289 -0.447906 0.720330 0.307779 0.274222 0.557852 -1.172264 1.008091 1.414389 -1.222007 0.767780 -1.052927 0.609542
1776409957.041291 jaka_arm_left success 0.271451 0.298224 -0.447927 0.720139 0.307827 0.274631 0.557872 -1.171514 1.009338 1.413734 -1.222277 0.767711 -1.051954 0.610520
1776409957.049553 jaka_arm_left success 0.271428 0.298308 -0.447845 0.720732 0.307500 0.274245 0.557475 -1.171181 1.008821 1.414124 -1.222309 0.768368 -1.052071 0.610753
1776409957.057931 jaka_arm_left success 0.271379 0.298218 -0.447878 0.720350 0.307711 0.274928 0.557517 -1.171466 1.009021 1.413672 -1.222397 0.768033 -1.051846 0.610841
1776409957.066359 jaka_arm_left success 0.271344 0.298201 -0.447877 0.720371 0.307636 0.275111 0.557440 -1.171466 1.009021 1.413672 -1.222397 0.768033 -1.051846 0.610841
1776409957.074620 jaka_arm_left success 0.271345 0.298244 -0.447860 0.720633 0.307351 0.274861 0.557382 -1.171466 1.009021 1.413672 -1.222397 0.768033 -1.051846 0.610841
1776409957.083029 jaka_arm_left success 0.271337 0.298251 -0.447860 0.720734 0.307285 0.274842 0.557298 -1.171466 1.009021 1.413672 -1.222397 0.768033 -1.051846 0.610841
1776409957.091385 jaka_arm_left success 0.271348 0.298237 -0.447864 0.720792 0.307274 0.274989 0.557156 -1.171190 1.008630 1.413633 -1.222517 0.768612 -1.051582 0.611374
1776409957.099617 jaka_arm_left success 0.271341 0.298225 -0.447856 0.720882 0.307297 0.275006 0.557019 -1.171190 1.008630 1.413633 -1.222517 0.768612 -1.051582 0.611374
1776409957.108071 jaka_arm_left success 0.271335 0.298234 -0.447846 0.720982 0.307170 0.274780 0.557071 -1.171190 1.008630 1.413633 -1.222517 0.768612 -1.051582 0.611374
1776409957.116360 jaka_arm_left success 0.271379 0.298187 -0.447867 0.720898 0.306787 0.275208 0.557179 -1.171364 1.008607 1.413597 -1.223076 0.768788 -1.051735 0.611889
1776409957.124716 jaka_arm_left success 0.271376 0.298109 -0.447893 0.720657 0.306829 0.275005 0.557568 -1.171364 1.008607 1.413597 -1.223076 0.768788 -1.051735 0.611889
1776409957.133003 jaka_arm_left success 0.271371 0.298076 -0.447904 0.720576 0.306840 0.274883 0.557726 -1.171364 1.008607 1.413597 -1.223076 0.768788 -1.051735 0.611889
1776409957.141356 jaka_arm_left success 0.271379 0.298119 -0.447889 0.720772 0.306706 0.274941 0.557519 -1.171364 1.008607 1.413597 -1.223076 0.768788 -1.051735 0.611889
1776409957.149541 jaka_arm_left success 0.271399 0.298124 -0.447875 0.720865 0.306656 0.274522 0.557632 -1.171364 1.008607 1.413597 -1.223076 0.768788 -1.051735 0.611889
1776409957.157986 jaka_arm_left success 0.271380 0.298109 -0.447888 0.720713 0.306788 0.274684 0.557676 -1.171364 1.008607 1.413597 -1.223076 0.768788 -1.051735 0.611889
1776409957.166461 jaka_arm_left success 0.271393 0.298178 -0.447872 0.720944 0.306715 0.274829 0.557346 -1.171364 1.008607 1.413597 -1.223076 0.768788 -1.051735 0.611889
1776409957.174584 jaka_arm_left success 0.271360 0.298179 -0.447894 0.720749 0.307192 0.274863 0.557319 -1.171135 1.008861 1.413710 -1.222906 0.768653 -1.051702 0.611620
1776409957.182977 jaka_arm_left success 0.271387 0.298201 -0.447886 0.720801 0.307171 0.274862 0.557263 -1.171135 1.008861 1.413710 -1.222906 0.768653 -1.051702 0.611620
1776409957.191287 jaka_arm_left success 0.271400 0.298214 -0.447881 0.720844 0.307153 0.274850 0.557223 -1.171135 1.008861 1.413710 -1.222906 0.768653 -1.051702 0.611620
1776409957.199679 jaka_arm_left success 0.271447 0.298308 -0.447829 0.721376 0.306708 0.273974 0.557213 -1.170701 1.008302 1.414594 -1.223201 0.769369 -1.052263 0.611539
1776409957.207965 jaka_arm_left success 0.271483 0.298337 -0.447796 0.721671 0.306250 0.273860 0.557139 -1.170701 1.008302 1.414594 -1.223201 0.769369 -1.052263 0.611539
1776409957.216272 jaka_arm_left success 0.271480 0.298184 -0.447881 0.720954 0.306544 0.274449 0.557615 -1.170701 1.008302 1.414594 -1.223201 0.769369 -1.052263 0.611539
1776409957.224688 jaka_arm_left success 0.271484 0.298217 -0.447847 0.721164 0.306404 0.273986 0.557647 -1.170701 1.008302 1.414594 -1.223201 0.769369 -1.052263 0.611539
1776409957.233086 jaka_arm_left success 0.271480 0.298152 -0.447888 0.720834 0.306607 0.274330 0.557793 -1.171048 1.008711 1.414432 -1.223460 0.768871 -1.052423 0.611400
1776409957.241355 jaka_arm_left success 0.271454 0.298219 -0.447841 0.721198 0.306542 0.273970 0.557535 -1.171048 1.008711 1.414432 -1.223460 0.768871 -1.052423 0.611400
1776409957.249574 jaka_arm_left success 0.271457 0.298231 -0.447847 0.721237 0.306524 0.273951 0.557504 -1.171048 1.008711 1.414432 -1.223460 0.768871 -1.052423 0.611400
1776409957.258093 jaka_arm_left success 0.271456 0.298219 -0.447880 0.721064 0.306469 0.274304 0.557585 -1.171048 1.008711 1.414432 -1.223460 0.768871 -1.052423 0.611400
1776409957.266361 jaka_arm_left success 0.271470 0.298295 -0.447846 0.721342 0.306174 0.274056 0.557510 -1.171048 1.008711 1.414432 -1.223460 0.768871 -1.052423 0.611400
1776409957.274623 jaka_arm_left success 0.271402 0.298230 -0.447889 0.720885 0.306812 0.274523 0.557520 -1.171048 1.008711 1.414432 -1.223460 0.768871 -1.052423 0.611400
1776409957.282888 jaka_arm_left success 0.271401 0.298234 -0.447873 0.720938 0.306663 0.274067 0.557757 -1.171048 1.008711 1.414432 -1.223460 0.768871 -1.052423 0.611400
1776409957.291360 jaka_arm_left success 0.271391 0.298086 -0.447940 0.720844 0.306326 0.273512 0.558336 -1.170841 1.008963 1.415186 -1.223704 0.768859 -1.053139 0.611022
1776409957.299718 jaka_arm_left success 0.271404 0.298090 -0.447921 0.721030 0.306178 0.273298 0.558282 -1.170841 1.008963 1.415186 -1.223704 0.768859 -1.053139 0.611022
1776409957.316320 jaka_arm_left success 0.271424 0.297906 -0.447949 0.720796 0.305751 0.273284 0.558825 -1.171096 1.008938 1.415569 -1.224251 0.768896 -1.053804 0.611092
1776409957.324587 jaka_arm_left success 0.271452 0.297895 -0.447934 0.721011 0.305481 0.272994 0.558837 -1.170977 1.008695 1.416011 -1.224409 0.769184 -1.054205 0.611070
1776409957.333102 jaka_arm_left success 0.271419 0.297855 -0.447950 0.720944 0.305440 0.273412 0.558741 -1.170977 1.008695 1.416011 -1.224409 0.769184 -1.054205 0.611070
1776409957.341325 jaka_arm_left success 0.271405 0.297855 -0.447950 0.720890 0.305503 0.273977 0.558499 -1.171399 1.008540 1.415346 -1.224470 0.769023 -1.053832 0.611397
1776409957.349611 jaka_arm_left success 0.271386 0.297858 -0.447948 0.721010 0.305353 0.274135 0.558350 -1.171399 1.008540 1.415346 -1.224470 0.769023 -1.053832 0.611397
1776409957.358009 jaka_arm_left success 0.271345 0.297857 -0.447957 0.721206 0.305164 0.274077 0.558228 -1.171399 1.008540 1.415346 -1.224470 0.769023 -1.053832 0.611397
1776409957.366341 jaka_arm_left success 0.271337 0.297871 -0.447954 0.721354 0.304975 0.274121 0.558119 -1.171498 1.008044 1.415177 -1.224564 0.769402 -1.053703 0.611840
1776409957.374625 jaka_arm_left success 0.271311 0.297948 -0.447920 0.721900 0.304524 0.274319 0.557562 -1.171510 1.007338 1.415029 -1.224616 0.770007 -1.053498 0.612408
1776409957.382965 jaka_arm_left success 0.271293 0.298012 -0.447874 0.722378 0.304195 0.274217 0.557172 -1.171346 1.006724 1.415090 -1.224590 0.770616 -1.053379 0.612794
1776409957.391337 jaka_arm_left success 0.271264 0.298014 -0.447869 0.722514 0.304030 0.274366 0.557013 -1.171346 1.006724 1.415090 -1.224590 0.770616 -1.053379 0.612794
1776409957.399651 jaka_arm_left success 0.271243 0.297984 -0.447874 0.722499 0.303981 0.274388 0.557048 -1.171346 1.006724 1.415090 -1.224590 0.770616 -1.053379 0.612794
1776409957.407995 jaka_arm_left success 0.271253 0.297883 -0.447928 0.722302 0.303844 0.274053 0.557542 -1.171346 1.006724 1.415090 -1.224590 0.770616 -1.053379 0.612794
1776409957.416309 jaka_arm_left success 0.271260 0.297858 -0.447925 0.722305 0.303725 0.274153 0.557554 -1.171346 1.006724 1.415090 -1.224590 0.770616 -1.053379 0.612794
1776409957.424698 jaka_arm_left success 0.271255 0.297831 -0.447926 0.722297 0.303696 0.274172 0.557571 -1.171346 1.006724 1.415090 -1.224590 0.770616 -1.053379 0.612794
1776409957.433006 jaka_arm_left success 0.271262 0.297832 -0.447919 0.722375 0.303586 0.274272 0.557481 -1.171346 1.006724 1.415090 -1.224590 0.770616 -1.053379 0.612794
1776409957.441338 jaka_arm_left success 0.271262 0.297826 -0.447921 0.722415 0.303562 0.274280 0.557437 -1.171346 1.006724 1.415090 -1.224590 0.770616 -1.053379 0.612794
1776409957.449596 jaka_arm_left success 0.271264 0.297836 -0.447920 0.722487 0.303542 0.274322 0.557335 -1.171544 1.006483 1.415171 -1.224937 0.770840 -1.053615 0.613111
1776409957.457985 jaka_arm_left success 0.271259 0.297847 -0.447913 0.722584 0.303567 0.274337 0.557189 -1.171544 1.006483 1.415171 -1.224937 0.770840 -1.053615 0.613111
1776409957.466269 jaka_arm_left success 0.271254 0.297850 -0.447914 0.722617 0.303608 0.274324 0.557130 -1.171544 1.006483 1.415171 -1.224937 0.770840 -1.053615 0.613111
1776409957.474630 jaka_arm_left success 0.271245 0.297870 -0.447885 0.722813 0.303666 0.274216 0.556896 -1.171292 1.006155 1.415254 -1.224777 0.771223 -1.053457 0.613241
1776409957.482971 jaka_arm_left success 0.271245 0.297867 -0.447879 0.722820 0.303765 0.274151 0.556866 -1.171292 1.006155 1.415254 -1.224777 0.771223 -1.053457 0.613241
1776409957.491304 jaka_arm_left success 0.271260 0.297868 -0.447884 0.722822 0.303746 0.274128 0.556885 -1.171292 1.006155 1.415254 -1.224777 0.771223 -1.053457 0.613241
1776409957.499695 jaka_arm_left success 0.271295 0.297827 -0.447914 0.722590 0.303911 0.274011 0.557154 -1.171292 1.006155 1.415254 -1.224777 0.771223 -1.053457 0.613241
1776409957.508000 jaka_arm_left success 0.271309 0.297806 -0.447929 0.722496 0.303926 0.274034 0.557256 -1.171292 1.006155 1.415254 -1.224777 0.771223 -1.053457 0.613241
1776409957.516304 jaka_arm_left success 0.271311 0.297797 -0.447922 0.722399 0.304066 0.273813 0.557414 -1.171126 1.006585 1.415489 -1.224679 0.770926 -1.053611 0.612805
1776409957.524714 jaka_arm_left success 0.271344 0.297832 -0.447905 0.722436 0.303986 0.273953 0.557340 -1.171126 1.006585 1.415489 -1.224679 0.770926 -1.053611 0.612805
1776409957.533057 jaka_arm_left success 0.271357 0.297857 -0.447894 0.722474 0.303993 0.273927 0.557300 -1.171126 1.006585 1.415489 -1.224679 0.770926 -1.053611 0.612805
1776409957.541264 jaka_arm_left success 0.271377 0.297865 -0.447901 0.722405 0.304027 0.273878 0.557395 -1.171126 1.006585 1.415489 -1.224679 0.770926 -1.053611 0.612805
1776409957.549579 jaka_arm_left success 0.271377 0.297917 -0.447878 0.722430 0.304124 0.274204 0.557149 -1.171126 1.006585 1.415489 -1.224679 0.770926 -1.053611 0.612805
1776409957.558057 jaka_arm_left success 0.271401 0.297927 -0.447875 0.722540 0.303999 0.273883 0.557233 -1.171126 1.006585 1.415489 -1.224679 0.770926 -1.053611 0.612805
1776409957.566382 jaka_arm_left success 0.271419 0.297922 -0.447875 0.722473 0.304095 0.273707 0.557353 -1.171126 1.006585 1.415489 -1.224679 0.770926 -1.053611 0.612805
1776409957.574597 jaka_arm_left success 0.271412 0.297914 -0.447876 0.722440 0.304168 0.273675 0.557373 -1.171126 1.006585 1.415489 -1.224679 0.770926 -1.053611 0.612805
1776409957.582957 jaka_arm_left success 0.271422 0.297897 -0.447890 0.722392 0.304187 0.273716 0.557405 -1.171126 1.006585 1.415489 -1.224679 0.770926 -1.053611 0.612805
1776409957.591303 jaka_arm_left success 0.271450 0.297908 -0.447896 0.722432 0.304163 0.273638 0.557404 -1.171126 1.006585 1.415489 -1.224679 0.770926 -1.053611 0.612805
1776409957.599658 jaka_arm_left success 0.271459 0.297910 -0.447895 0.722604 0.304102 0.273279 0.557389 -1.171126 1.006585 1.415489 -1.224679 0.770926 -1.053611 0.612805
1776409957.607970 jaka_arm_left success 0.271461 0.297855 -0.447931 0.722298 0.304321 0.273563 0.557528 -1.171004 1.006827 1.415643 -1.224584 0.770752 -1.053685 0.612499
1776409957.616216 jaka_arm_left success 0.271472 0.297852 -0.447925 0.722333 0.304341 0.273626 0.557441 -1.171004 1.006827 1.415643 -1.224584 0.770752 -1.053685 0.612499
1776409957.624635 jaka_arm_left success 0.271494 0.297861 -0.447906 0.722365 0.304349 0.273697 0.557360 -1.171004 1.006827 1.415643 -1.224584 0.770752 -1.053685 0.612499
1776409957.633006 jaka_arm_left success 0.271489 0.297851 -0.447899 0.722396 0.304368 0.273637 0.557339 -1.171004 1.006827 1.415643 -1.224584 0.770752 -1.053685 0.612499
1776409957.641339 jaka_arm_left success 0.271485 0.297862 -0.447884 0.722479 0.304386 0.273623 0.557228 -1.171004 1.006827 1.415643 -1.224584 0.770752 -1.053685 0.612499
1776409957.649602 jaka_arm_left success 0.271477 0.297870 -0.447865 0.722548 0.304416 0.273635 0.557117 -1.171004 1.006827 1.415643 -1.224584 0.770752 -1.053685 0.612499
1776409957.657929 jaka_arm_left success 0.271475 0.297867 -0.447858 0.722591 0.304410 0.273681 0.557042 -1.170686 1.006129 1.415343 -1.224062 0.771296 -1.052909 0.612659
1776409957.666382 jaka_arm_left success 0.271478 0.297876 -0.447848 0.722698 0.304314 0.273794 0.556900 -1.170686 1.006129 1.415343 -1.224062 0.771296 -1.052909 0.612659
1776409957.674585 jaka_arm_left success 0.271461 0.297856 -0.447856 0.722695 0.304287 0.273914 0.556859 -1.170686 1.006129 1.415343 -1.224062 0.771296 -1.052909 0.612659
1776409957.682937 jaka_arm_left success 0.271458 0.297834 -0.447868 0.722683 0.304287 0.273930 0.556867 -1.170686 1.006129 1.415343 -1.224062 0.771296 -1.052909 0.612659
1776409957.691326 jaka_arm_left success 0.271439 0.297807 -0.447877 0.722742 0.304265 0.274048 0.556745 -1.170686 1.006129 1.415343 -1.224062 0.771296 -1.052909 0.612659
1776409957.699636 jaka_arm_left success 0.271433 0.297851 -0.447869 0.723001 0.304234 0.274352 0.556276 -1.170995 1.005901 1.415043 -1.224266 0.771380 -1.052766 0.613002
1776409957.707956 jaka_arm_left success 0.271440 0.297887 -0.447853 0.723215 0.304146 0.274383 0.556029 -1.170995 1.005901 1.415043 -1.224266 0.771380 -1.052766 0.613002
1776409957.716324 jaka_arm_left success 0.271450 0.297880 -0.447852 0.723256 0.304153 0.274371 0.555979 -1.170997 1.005579 1.414903 -1.224243 0.771667 -1.052512 0.613255
1776409957.724655 jaka_arm_left success 0.271441 0.297626 -0.447936 0.722330 0.304713 0.273922 0.557097 -1.170940 1.006589 1.415234 -1.224252 0.770878 -1.052877 0.612453
1776409957.733013 jaka_arm_left success 0.271430 0.297598 -0.447928 0.722232 0.304837 0.273847 0.557192 -1.170940 1.006589 1.415234 -1.224252 0.770878 -1.052877 0.612453
1776409957.741351 jaka_arm_left success 0.271427 0.297607 -0.447917 0.722264 0.304848 0.273842 0.557147 -1.170940 1.006589 1.415234 -1.224252 0.770878 -1.052877 0.612453
1776409957.749574 jaka_arm_left success 0.271437 0.297617 -0.447907 0.722292 0.304842 0.273809 0.557130 -1.170940 1.006589 1.415234 -1.224252 0.770878 -1.052877 0.612453
1776409957.757950 jaka_arm_left success 0.271433 0.297632 -0.447903 0.722345 0.304750 0.273857 0.557088 -1.170940 1.006589 1.415234 -1.224252 0.770878 -1.052877 0.612453
1776409957.766332 jaka_arm_left success 0.271457 0.297646 -0.447903 0.722380 0.304651 0.273924 0.557065 -1.170940 1.006589 1.415234 -1.224252 0.770878 -1.052877 0.612453
1776409957.774599 jaka_arm_left success 0.271451 0.297642 -0.447900 0.722407 0.304633 0.274042 0.556981 -1.170940 1.006589 1.415234 -1.224252 0.770878 -1.052877 0.612453
1776409957.782959 jaka_arm_left success 0.271451 0.297630 -0.447889 0.722435 0.304634 0.274076 0.556928 -1.170940 1.006589 1.415234 -1.224252 0.770878 -1.052877 0.612453
1776409957.791321 jaka_arm_left success 0.271429 0.297622 -0.447877 0.722531 0.304698 0.274268 0.556673 -1.170940 1.006589 1.415234 -1.224252 0.770878 -1.052877 0.612453
1776409957.799629 jaka_arm_left success 0.271405 0.297586 -0.447888 0.722555 0.304750 0.274198 0.556648 -1.170940 1.006589 1.415234 -1.224252 0.770878 -1.052877 0.612453
1776409957.808036 jaka_arm_left success 0.271386 0.297576 -0.447880 0.722651 0.304851 0.274217 0.556459 -1.170940 1.006589 1.415234 -1.224252 0.770878 -1.052877 0.612453
1776409957.816266 jaka_arm_left success 0.271380 0.297570 -0.447876 0.722721 0.304883 0.274221 0.556348 -1.170859 1.006351 1.414964 -1.224041 0.771081 -1.052401 0.612618
1776409957.824621 jaka_arm_left success 0.271392 0.297583 -0.447859 0.722827 0.304819 0.274207 0.556252 -1.170859 1.006351 1.414964 -1.224041 0.771081 -1.052401 0.612618
1776409957.832995 jaka_arm_left success 0.271398 0.297552 -0.447863 0.722689 0.304916 0.274135 0.556414 -1.170859 1.006351 1.414964 -1.224041 0.771081 -1.052401 0.612618
1776409957.841317 jaka_arm_left success 0.271399 0.297570 -0.447855 0.722812 0.304809 0.274162 0.556299 -1.170859 1.006351 1.414964 -1.224041 0.771081 -1.052401 0.612618
1776409957.849618 jaka_arm_left success 0.271374 0.297560 -0.447860 0.722834 0.304807 0.274297 0.556205 -1.170859 1.006351 1.414964 -1.224041 0.771081 -1.052401 0.612618
1776409957.858077 jaka_arm_left success 0.271372 0.297548 -0.447865 0.722848 0.304770 0.274349 0.556183 -1.170859 1.006351 1.414964 -1.224041 0.771081 -1.052401 0.612618
1776409957.866321 jaka_arm_left success 0.271386 0.297556 -0.447850 0.722939 0.304722 0.274257 0.556135 -1.170859 1.006351 1.414964 -1.224041 0.771081 -1.052401 0.612618
1776409957.874579 jaka_arm_left success 0.271359 0.297525 -0.447853 0.722880 0.304757 0.274210 0.556216 -1.170859 1.006351 1.414964 -1.224041 0.771081 -1.052401 0.612618
1776409957.882935 jaka_arm_left success 0.271361 0.297516 -0.447856 0.722903 0.304767 0.274310 0.556131 -1.170859 1.006351 1.414964 -1.224041 0.771081 -1.052401 0.612618
1776409957.891352 jaka_arm_left success 0.271345 0.297504 -0.447858 0.722913 0.304785 0.274317 0.556105 -1.170859 1.006351 1.414964 -1.224041 0.771081 -1.052401 0.612618
1776409957.899662 jaka_arm_left success 0.271330 0.297488 -0.447864 0.722930 0.304817 0.274450 0.555999 -1.170859 1.006351 1.414964 -1.224041 0.771081 -1.052401 0.612618
1776409957.907951 jaka_arm_left success 0.271316 0.297467 -0.447871 0.722882 0.304852 0.274402 0.556067 -1.170859 1.006351 1.414964 -1.224041 0.771081 -1.052401 0.612618
1776409957.916300 jaka_arm_left success 0.271312 0.297468 -0.447877 0.722911 0.304861 0.274427 0.556013 -1.170859 1.006351 1.414964 -1.224041 0.771081 -1.052401 0.612618
1776409957.924605 jaka_arm_left success 0.271328 0.297501 -0.447864 0.723137 0.304752 0.274255 0.555864 -1.169991 1.007247 1.416045 -1.229232 0.773121 -1.047267 0.610992
1776409957.933028 jaka_arm_left success 0.271314 0.297444 -0.447897 0.722925 0.304898 0.274694 0.555841 -1.169991 1.007247 1.416045 -1.229232 0.773121 -1.047267 0.610992
1776409957.941365 jaka_arm_left success 0.271351 0.297462 -0.447871 0.723173 0.304364 0.274872 0.555724 -1.170239 1.007013 1.415768 -1.229427 0.773214 -1.047168 0.611337
1776409957.949576 jaka_arm_left success 0.271320 0.297471 -0.447840 0.723303 0.304144 0.274817 0.555702 -1.170239 1.007013 1.415768 -1.229427 0.773214 -1.047168 0.611337
1776409957.957956 jaka_arm_left success 0.271306 0.297410 -0.447853 0.723110 0.304068 0.274722 0.556042 -1.170239 1.007013 1.415768 -1.229427 0.773214 -1.047168 0.611337
1776409957.966315 jaka_arm_left success 0.271282 0.297259 -0.447904 0.722634 0.304241 0.274422 0.556714 -1.170395 1.007604 1.416140 -1.229842 0.772753 -1.047826 0.611010
1776409957.974590 jaka_arm_left success 0.271290 0.297192 -0.447940 0.722419 0.304409 0.274631 0.556797 -1.170395 1.007604 1.416140 -1.229842 0.772753 -1.047826 0.611010
1776409957.982983 jaka_arm_left success 0.271284 0.297198 -0.447936 0.722486 0.304376 0.274518 0.556785 -1.170395 1.007604 1.416140 -1.229842 0.772753 -1.047826 0.611010
1776409957.991344 jaka_arm_left success 0.271293 0.297290 -0.447887 0.722913 0.304417 0.274927 0.556005 -1.170354 1.007266 1.415690 -1.229629 0.772955 -1.047304 0.611325
1776409957.999632 jaka_arm_left success 0.271296 0.297321 -0.447877 0.723038 0.304371 0.274949 0.555858 -1.170354 1.007266 1.415690 -1.229629 0.772955 -1.047304 0.611325
1776409958.016352 jaka_arm_left success 0.271260 0.297148 -0.447926 0.722457 0.304726 0.274512 0.556634 -1.170202 1.007813 1.415922 -1.229591 0.772561 -1.047526 0.610877
1776409958.024660 jaka_arm_left success 0.271259 0.297277 -0.447915 0.722685 0.304641 0.274945 0.556171 -1.170202 1.007813 1.415922 -1.229591 0.772561 -1.047526 0.610877
1776409958.032996 jaka_arm_left success 0.271254 0.297320 -0.447905 0.722772 0.304468 0.275045 0.556103 -1.170369 1.007512 1.415609 -1.229695 0.772733 -1.047329 0.611270
1776409958.041309 jaka_arm_left success 0.271292 0.297362 -0.447874 0.723107 0.303739 0.275078 0.556049 -1.170526 1.007116 1.415600 -1.230003 0.773083 -1.047453 0.611723
1776409958.049547 jaka_arm_left success 0.271282 0.297364 -0.447865 0.723214 0.303512 0.275119 0.556013 -1.170526 1.007116 1.415600 -1.230003 0.773083 -1.047453 0.611723
1776409958.058036 jaka_arm_left success 0.271270 0.297324 -0.447882 0.723137 0.303395 0.275153 0.556161 -1.170526 1.007116 1.415600 -1.230003 0.773083 -1.047453 0.611723
1776409958.066368 jaka_arm_left success 0.271262 0.297277 -0.447898 0.723058 0.303325 0.275237 0.556261 -1.170526 1.007116 1.415600 -1.230003 0.773083 -1.047453 0.611723
1776409958.074571 jaka_arm_left success 0.271257 0.297235 -0.447906 0.723019 0.303257 0.275376 0.556280 -1.170784 1.007002 1.415561 -1.230366 0.773161 -1.047657 0.612042
1776409958.082932 jaka_arm_left success 0.271243 0.297207 -0.447920 0.722984 0.303272 0.275462 0.556273 -1.170784 1.007002 1.415561 -1.230366 0.773161 -1.047657 0.612042
1776409958.091383 jaka_arm_left success 0.271246 0.297191 -0.447930 0.723051 0.303176 0.275562 0.556190 -1.170784 1.007002 1.415561 -1.230366 0.773161 -1.047657 0.612042
1776409958.099680 jaka_arm_left success 0.271244 0.297190 -0.447929 0.723177 0.303131 0.275623 0.556021 -1.170877 1.006819 1.415429 -1.230500 0.773325 -1.047613 0.612364
1776409958.107993 jaka_arm_left success 0.271233 0.297196 -0.447919 0.723297 0.303101 0.275728 0.555829 -1.170877 1.006819 1.415429 -1.230500 0.773325 -1.047613 0.612364
1776409958.116318 jaka_arm_left success 0.271214 0.297205 -0.447896 0.723394 0.303108 0.275786 0.555670 -1.170877 1.006819 1.415429 -1.230500 0.773325 -1.047613 0.612364
1776409958.124626 jaka_arm_left success 0.271205 0.297214 -0.447879 0.723438 0.303044 0.275885 0.555598 -1.170065 1.007272 1.414868 -1.230691 0.773857 -1.046942 0.613874
1776409958.133035 jaka_arm_left success 0.271182 0.297226 -0.447860 0.723502 0.302991 0.275896 0.555539 -1.170065 1.007272 1.414868 -1.230691 0.773857 -1.046942 0.613874
1776409958.141274 jaka_arm_left success 0.271168 0.297212 -0.447852 0.723458 0.302937 0.275864 0.555641 -1.170065 1.007272 1.414868 -1.230691 0.773857 -1.046942 0.613874
1776409958.149546 jaka_arm_left success 0.271167 0.297233 -0.447844 0.723595 0.302729 0.275842 0.555587 -1.170065 1.007272 1.414868 -1.230691 0.773857 -1.046942 0.613874
1776409958.158006 jaka_arm_left success 0.271169 0.297211 -0.447859 0.723542 0.302697 0.275778 0.555705 -1.170065 1.007272 1.414868 -1.230691 0.773857 -1.046942 0.613874
1776409958.166325 jaka_arm_left success 0.271177 0.297190 -0.447883 0.723487 0.302685 0.275722 0.555811 -1.170065 1.007272 1.414868 -1.230691 0.773857 -1.046942 0.613874
1776409958.174655 jaka_arm_left success 0.271192 0.297180 -0.447907 0.723473 0.302648 0.275724 0.555848 -1.170065 1.007272 1.414868 -1.230691 0.773857 -1.046942 0.613874
1776409958.183048 jaka_arm_left success 0.271204 0.297179 -0.447920 0.723482 0.302595 0.275758 0.555849 -1.170065 1.007272 1.414868 -1.230691 0.773857 -1.046942 0.613874
1776409958.191336 jaka_arm_left success 0.271203 0.297183 -0.447929 0.723442 0.302620 0.275820 0.555855 -1.170065 1.007272 1.414868 -1.230691 0.773857 -1.046942 0.613874
1776409958.199651 jaka_arm_left success 0.271202 0.297221 -0.447920 0.723540 0.302513 0.275847 0.555773 -1.170065 1.007272 1.414868 -1.230691 0.773857 -1.046942 0.613874
1776409958.208070 jaka_arm_left success 0.271199 0.297245 -0.447914 0.723530 0.302468 0.275821 0.555824 -1.170065 1.007272 1.414868 -1.230691 0.773857 -1.046942 0.613874
1776409958.216489 jaka_arm_left success 0.271188 0.297256 -0.447908 0.723521 0.302489 0.275695 0.555888 -1.170065 1.007272 1.414868 -1.230691 0.773857 -1.046942 0.613874
1776409958.224639 jaka_arm_left success 0.271183 0.297281 -0.447885 0.723616 0.302426 0.275630 0.555829 -1.170130 1.007190 1.415273 -1.231142 0.774062 -1.047500 0.614055
1776409958.233026 jaka_arm_left success 0.271186 0.297288 -0.447870 0.723648 0.302430 0.275504 0.555848 -1.170130 1.007190 1.415273 -1.231142 0.774062 -1.047500 0.614055
1776409958.241361 jaka_arm_left success 0.271194 0.297283 -0.447857 0.723660 0.302466 0.275395 0.555867 -1.170130 1.007190 1.415273 -1.231142 0.774062 -1.047500 0.614055
1776409958.249537 jaka_arm_left success 0.271214 0.297270 -0.447856 0.723614 0.302544 0.275390 0.555886 -1.170130 1.007190 1.415273 -1.231142 0.774062 -1.047500 0.614055
1776409958.258011 jaka_arm_left success 0.271242 0.297228 -0.447875 0.723425 0.302698 0.275375 0.556056 -1.170130 1.007190 1.415273 -1.231142 0.774062 -1.047500 0.614055
1776409958.266508 jaka_arm_left success 0.271262 0.297212 -0.447884 0.723365 0.302798 0.275317 0.556109 -1.169912 1.007525 1.415497 -1.231032 0.773859 -1.047639 0.613713
1776409958.274645 jaka_arm_left success 0.271282 0.297198 -0.447895 0.723283 0.302888 0.275230 0.556210 -1.169912 1.007525 1.415497 -1.231032 0.773859 -1.047639 0.613713
1776409958.282987 jaka_arm_left success 0.271299 0.297211 -0.447897 0.723290 0.302943 0.275216 0.556177 -1.169912 1.007525 1.415497 -1.231032 0.773859 -1.047639 0.613713
1776409958.291367 jaka_arm_left success 0.271320 0.297217 -0.447909 0.723232 0.303014 0.275230 0.556207 -1.169912 1.007525 1.415497 -1.231032 0.773859 -1.047639 0.613713
1776409958.299754 jaka_arm_left success 0.271327 0.297253 -0.447907 0.723300 0.303094 0.275213 0.556083 -1.169912 1.007525 1.415497 -1.231032 0.773859 -1.047639 0.613713
1776409958.308011 jaka_arm_left success 0.271335 0.297288 -0.447897 0.723344 0.303171 0.275174 0.556004 -1.169912 1.007525 1.415497 -1.231032 0.773859 -1.047639 0.613713
1776409958.316322 jaka_arm_left success 0.271354 0.297308 -0.447897 0.723282 0.303297 0.275126 0.556040 -1.169681 1.007740 1.415557 -1.230795 0.773707 -1.047562 0.613424
1776409958.324614 jaka_arm_left success 0.271376 0.297330 -0.447899 0.723266 0.303348 0.274997 0.556096 -1.169681 1.007740 1.415557 -1.230795 0.773707 -1.047562 0.613424
1776409958.333110 jaka_arm_left success 0.271387 0.297350 -0.447892 0.723265 0.303451 0.274870 0.556104 -1.169681 1.007740 1.415557 -1.230795 0.773707 -1.047562 0.613424
1776409958.341377 jaka_arm_left success 0.271408 0.297355 -0.447891 0.723212 0.303526 0.274774 0.556180 -1.169468 1.007933 1.415709 -1.230632 0.773582 -1.047597 0.613126
1776409958.349595 jaka_arm_left success 0.271418 0.297354 -0.447877 0.723238 0.303585 0.274708 0.556145 -1.169468 1.007933 1.415709 -1.230632 0.773582 -1.047597 0.613126
1776409958.358016 jaka_arm_left success 0.271427 0.297318 -0.447886 0.723080 0.303701 0.274712 0.556286 -1.169468 1.007933 1.415709 -1.230632 0.773582 -1.047597 0.613126
1776409958.366323 jaka_arm_left success 0.271440 0.297298 -0.447891 0.723004 0.303700 0.274739 0.556373 -1.169468 1.007933 1.415709 -1.230632 0.773582 -1.047597 0.613126
1776409958.374626 jaka_arm_left success 0.271436 0.297284 -0.447884 0.723037 0.303669 0.274727 0.556352 -1.169468 1.007933 1.415709 -1.230632 0.773582 -1.047597 0.613126
1776409958.383038 jaka_arm_left success 0.271432 0.297283 -0.447871 0.723082 0.303642 0.274786 0.556279 -1.169468 1.007933 1.415709 -1.230632 0.773582 -1.047597 0.613126
1776409958.391363 jaka_arm_left success 0.271420 0.297289 -0.447856 0.723156 0.303679 0.274868 0.556122 -1.169468 1.007933 1.415709 -1.230632 0.773582 -1.047597 0.613126
1776409958.399776 jaka_arm_left success 0.271414 0.297287 -0.447855 0.723220 0.303679 0.274908 0.556020 -1.169468 1.007933 1.415709 -1.230632 0.773582 -1.047597 0.613126
1776409958.408139 jaka_arm_left success 0.271403 0.297290 -0.447857 0.723294 0.303741 0.275014 0.555837 -1.169468 1.007933 1.415709 -1.230632 0.773582 -1.047597 0.613126
1776409958.416271 jaka_arm_left success 0.271397 0.297279 -0.447862 0.723356 0.303781 0.275175 0.555654 -1.169468 1.007933 1.415709 -1.230632 0.773582 -1.047597 0.613126
1776409958.424582 jaka_arm_left success 0.271401 0.297250 -0.447876 0.723346 0.303831 0.275371 0.555543 -1.169434 1.007753 1.415159 -1.230291 0.773589 -1.046950 0.613258
1776409958.433087 jaka_arm_left success 0.271410 0.297228 -0.447877 0.723393 0.303778 0.275510 0.555442 -1.169434 1.007753 1.415159 -1.230291 0.773589 -1.046950 0.613258
1776409958.441370 jaka_arm_left success 0.271414 0.297184 -0.447894 0.723336 0.303776 0.275548 0.555499 -1.169434 1.007753 1.415159 -1.230291 0.773589 -1.046950 0.613258
1776409958.449546 jaka_arm_left success 0.271428 0.297134 -0.447915 0.723215 0.303759 0.275610 0.555634 -1.169434 1.007753 1.415159 -1.230291 0.773589 -1.046950 0.613258
1776409958.457936 jaka_arm_left success 0.271430 0.297097 -0.447911 0.723187 0.303777 0.275621 0.555656 -1.169434 1.007753 1.415159 -1.230291 0.773589 -1.046950 0.613258
1776409958.466388 jaka_arm_left success 0.271430 0.297071 -0.447906 0.723175 0.303773 0.275629 0.555669 -1.169434 1.007753 1.415159 -1.230291 0.773589 -1.046950 0.613258
1776409958.474607 jaka_arm_left success 0.271415 0.297056 -0.447891 0.723177 0.303829 0.275630 0.555636 -1.169434 1.007753 1.415159 -1.230291 0.773589 -1.046950 0.613258
1776409958.482899 jaka_arm_left success 0.271400 0.297065 -0.447873 0.723239 0.303855 0.275612 0.555550 -1.169434 1.007753 1.415159 -1.230291 0.773589 -1.046950 0.613258
1776409958.491265 jaka_arm_left success 0.271388 0.297072 -0.447863 0.723274 0.303920 0.275621 0.555464 -1.169434 1.007753 1.415159 -1.230291 0.773589 -1.046950 0.613258
1776409958.499608 jaka_arm_left success 0.271378 0.297093 -0.447857 0.723367 0.303941 0.275709 0.555288 -1.169434 1.007753 1.415159 -1.230291 0.773589 -1.046950 0.613258
1776409958.507959 jaka_arm_left success 0.271372 0.297114 -0.447854 0.723465 0.303962 0.275769 0.555119 -1.169471 1.007560 1.414721 -1.230145 0.773677 -1.046459 0.613504
1776409958.516324 jaka_arm_left success 0.271378 0.297113 -0.447863 0.723488 0.303943 0.275868 0.555050 -1.169471 1.007560 1.414721 -1.230145 0.773677 -1.046459 0.613504
1776409958.524600 jaka_arm_left success 0.271379 0.297116 -0.447852 0.723583 0.303937 0.275961 0.554883 -1.169471 1.007560 1.414721 -1.230145 0.773677 -1.046459 0.613504
1776409958.533070 jaka_arm_left success 0.271397 0.297082 -0.447865 0.723556 0.303901 0.276100 0.554869 -1.169471 1.007560 1.414721 -1.230145 0.773677 -1.046459 0.613504
1776409958.541344 jaka_arm_left success 0.271425 0.297034 -0.447883 0.723551 0.303909 0.276268 0.554787 -1.168632 1.009503 1.414628 -1.231799 0.774603 -1.044795 0.615439
1776409958.549593 jaka_arm_left success 0.271421 0.296977 -0.447887 0.723530 0.303985 0.276307 0.554754 -1.168632 1.009503 1.414628 -1.231799 0.774603 -1.044795 0.615439
1776409958.558023 jaka_arm_left success 0.271381 0.296879 -0.447927 0.723617 0.304019 0.275540 0.555003 -1.168116 1.009449 1.415027 -1.231804 0.774364 -1.044761 0.614244
1776409958.566354 jaka_arm_left success 0.271380 0.296899 -0.447915 0.723953 0.303888 0.275530 0.554642 -1.167896 1.007918 1.415189 -1.233416 0.775030 -1.043532 0.612846
1776409958.574721 jaka_arm_left success 0.271407 0.296891 -0.447904 0.724065 0.303851 0.275547 0.554507 -1.167896 1.007918 1.415189 -1.233416 0.775030 -1.043532 0.612846
1776409958.582928 jaka_arm_left success 0.271414 0.296902 -0.447886 0.724164 0.303861 0.275615 0.554338 -1.167896 1.007918 1.415189 -1.233416 0.775030 -1.043532 0.612846
1776409958.591343 jaka_arm_left success 0.271429 0.296894 -0.447874 0.724095 0.303910 0.275708 0.554356 -1.167896 1.007918 1.415189 -1.233416 0.775030 -1.043532 0.612846
1776409958.599702 jaka_arm_left success 0.271440 0.296921 -0.447849 0.724154 0.303868 0.275846 0.554233 -1.167896 1.007918 1.415189 -1.233416 0.775030 -1.043532 0.612846
1776409958.608021 jaka_arm_left success 0.271474 0.297012 -0.447805 0.724231 0.303770 0.276495 0.553862 -1.168207 1.007440 1.414453 -1.233422 0.775243 -1.042902 0.613448
1776409958.616287 jaka_arm_left success 0.271453 0.296961 -0.447835 0.724235 0.303875 0.276107 0.553993 -1.168207 1.007440 1.414453 -1.233422 0.775243 -1.042902 0.613448
1776409958.624604 jaka_arm_left success 0.271450 0.296932 -0.447845 0.724237 0.304014 0.275953 0.553991 -1.167921 1.007556 1.414614 -1.233229 0.775266 -1.042828 0.613240
1776409958.633026 jaka_arm_left success 0.271465 0.296923 -0.447848 0.724295 0.304074 0.275878 0.553920 -1.167921 1.007556 1.414614 -1.233229 0.775266 -1.042828 0.613240
1776409958.641317 jaka_arm_left success 0.271472 0.296900 -0.447855 0.724247 0.304295 0.275822 0.553889 -1.167921 1.007556 1.414614 -1.233229 0.775266 -1.042828 0.613240
1776409958.649565 jaka_arm_left success 0.271486 0.296870 -0.447863 0.724168 0.304498 0.275707 0.553938 -1.166485 1.009469 1.415888 -1.237684 0.776716 -1.038214 0.611438
1776409958.658046 jaka_arm_left success 0.271505 0.296884 -0.447852 0.724249 0.304593 0.275730 0.553768 -1.166485 1.009469 1.415888 -1.237684 0.776716 -1.038214 0.611438
1776409958.666391 jaka_arm_left success 0.271532 0.296929 -0.447821 0.724202 0.304743 0.276276 0.553475 -1.166454 1.009099 1.415011 -1.237674 0.776606 -1.037480 0.611603
1776409958.674600 jaka_arm_left success 0.271579 0.296969 -0.447804 0.724265 0.304731 0.276544 0.553266 -1.166605 1.008704 1.414452 -1.237771 0.776749 -1.037034 0.612009
1776409958.683015 jaka_arm_left success 0.271611 0.296946 -0.447821 0.724044 0.304973 0.276603 0.553391 -1.166434 1.009087 1.414598 -1.237685 0.776473 -1.037109 0.611647
1776409958.691411 jaka_arm_left success 0.271674 0.296995 -0.447812 0.724169 0.304844 0.276755 0.553223 -1.166434 1.009087 1.414598 -1.237685 0.776473 -1.037109 0.611647
1776409958.699642 jaka_arm_left success 0.271690 0.296956 -0.447841 0.723809 0.305243 0.276781 0.553461 -1.166434 1.009087 1.414598 -1.237685 0.776473 -1.037109 0.611647
1776409958.707965 jaka_arm_left success 0.271695 0.296972 -0.447827 0.723858 0.305390 0.276756 0.553329 -1.166434 1.009087 1.414598 -1.237685 0.776473 -1.037109 0.611647
1776409958.716391 jaka_arm_left success 0.271691 0.296925 -0.447829 0.723628 0.305705 0.276665 0.553501 -1.166403 1.009844 1.414216 -1.237608 0.775695 -1.036787 0.611148
1776409958.724559 jaka_arm_left success 0.271688 0.296922 -0.447814 0.723629 0.305804 0.276637 0.553459 -1.166403 1.009844 1.414216 -1.237608 0.775695 -1.036787 0.611148
1776409958.733090 jaka_arm_left success 0.271684 0.296906 -0.447807 0.723603 0.305881 0.276633 0.553453 -1.166403 1.009844 1.414216 -1.237608 0.775695 -1.036787 0.611148
1776409958.741297 jaka_arm_left success 0.271683 0.296960 -0.447778 0.724017 0.305551 0.276725 0.553047 -1.162315 1.010185 1.413776 -1.243552 0.776949 -1.033049 0.610567
1776409958.749535 jaka_arm_left success 0.271687 0.296968 -0.447767 0.724179 0.305392 0.276877 0.552846 -1.162315 1.010185 1.413776 -1.243552 0.776949 -1.033049 0.610567
1776409958.757937 jaka_arm_left success 0.271680 0.296945 -0.447753 0.724258 0.305388 0.276911 0.552729 -1.162315 1.010185 1.413776 -1.243552 0.776949 -1.033049 0.610567
1776409958.766382 jaka_arm_left success 0.271647 0.296877 -0.447780 0.724190 0.305560 0.276686 0.552835 -1.162315 1.010185 1.413776 -1.243552 0.776949 -1.033049 0.610567
1776409958.774616 jaka_arm_left success 0.271643 0.296839 -0.447810 0.724175 0.305649 0.276831 0.552733 -1.162315 1.010185 1.413776 -1.243552 0.776949 -1.033049 0.610567
1776409958.782906 jaka_arm_left success 0.271639 0.296819 -0.447824 0.724227 0.305721 0.276876 0.552602 -1.162315 1.010185 1.413776 -1.243552 0.776949 -1.033049 0.610567
1776409958.791462 jaka_arm_left success 0.271638 0.296820 -0.447822 0.724318 0.305750 0.276976 0.552417 -1.162239 1.009977 1.413412 -1.243264 0.777041 -1.032522 0.610638
1776409958.799718 jaka_arm_left success 0.271624 0.296819 -0.447815 0.724404 0.305842 0.277057 0.552213 -1.162239 1.009977 1.413412 -1.243264 0.777041 -1.032522 0.610638
1776409958.807988 jaka_arm_left success 0.271613 0.296811 -0.447800 0.724466 0.305894 0.277117 0.552072 -1.162176 1.009885 1.413425 -1.244965 0.777773 -1.030093 0.609797
1776409958.816319 jaka_arm_left success 0.271605 0.296787 -0.447789 0.724489 0.305931 0.277170 0.551994 -1.162176 1.009885 1.413425 -1.244965 0.777773 -1.030093 0.609797
1776409958.824693 jaka_arm_left success 0.271596 0.296737 -0.447781 0.724450 0.306057 0.277222 0.551951 -1.162176 1.009885 1.413425 -1.244965 0.777773 -1.030093 0.609797
1776409958.832938 jaka_arm_left success 0.271617 0.296614 -0.447855 0.723941 0.306203 0.277653 0.552321 -1.162176 1.009885 1.413425 -1.244965 0.777773 -1.030093 0.609797
1776409958.841363 jaka_arm_left success 0.271654 0.296566 -0.447867 0.723813 0.306206 0.277866 0.552380 -1.162521 1.010506 1.413089 -1.245117 0.777092 -1.030047 0.609590
1776409958.849544 jaka_arm_left success 0.271672 0.296553 -0.447862 0.723870 0.306247 0.277977 0.552226 -1.162521 1.010506 1.413089 -1.245117 0.777092 -1.030047 0.609590
1776409958.858093 jaka_arm_left success 0.271691 0.296533 -0.447863 0.723873 0.306334 0.278040 0.552141 -1.161591 1.011907 1.412949 -1.245828 0.777464 -1.028836 0.610475
1776409958.866318 jaka_arm_left success 0.271701 0.296512 -0.447861 0.723889 0.306483 0.277964 0.552077 -1.161591 1.011907 1.412949 -1.245828 0.777464 -1.028836 0.610475
1776409958.874628 jaka_arm_left success 0.271724 0.296471 -0.447871 0.723719 0.306772 0.277980 0.552132 -1.161591 1.011907 1.412949 -1.245828 0.777464 -1.028836 0.610475
1776409958.882978 jaka_arm_left success 0.271734 0.296479 -0.447860 0.723775 0.306923 0.277998 0.551964 -1.161591 1.011907 1.412949 -1.245828 0.777464 -1.028836 0.610475
1776409958.891416 jaka_arm_left success 0.271742 0.296478 -0.447862 0.723789 0.307078 0.277876 0.551922 -1.161591 1.011907 1.412949 -1.245828 0.777464 -1.028836 0.610475
1776409958.899755 jaka_arm_left success 0.271732 0.296550 -0.447792 0.724230 0.307241 0.277489 0.551446 -1.160567 1.010482 1.413750 -1.250074 0.778520 -1.024700 0.606338
1776409958.908035 jaka_arm_left success 0.271739 0.296570 -0.447766 0.724381 0.307472 0.277391 0.551169 -1.160269 1.010430 1.413652 -1.249734 0.778607 -1.024342 0.606247
1776409958.916284 jaka_arm_left success 0.271784 0.296490 -0.447842 0.723882 0.307678 0.277761 0.551523 -1.160508 1.010858 1.413318 -1.249806 0.778115 -1.024207 0.606122
1776409958.924668 jaka_arm_left success 0.271811 0.296484 -0.447851 0.723813 0.307793 0.277790 0.551535 -1.160508 1.010858 1.413318 -1.249806 0.778115 -1.024207 0.606122
1776409958.933008 jaka_arm_left success 0.271828 0.296479 -0.447850 0.723793 0.307928 0.277743 0.551510 -1.160508 1.010858 1.413318 -1.249806 0.778115 -1.024207 0.606122
1776409958.941354 jaka_arm_left success 0.271872 0.296505 -0.447842 0.723878 0.307867 0.277719 0.551444 -1.160508 1.010858 1.413318 -1.249806 0.778115 -1.024207 0.606122
1776409958.949702 jaka_arm_left success 0.271890 0.296509 -0.447843 0.723838 0.307999 0.277711 0.551427 -1.160508 1.010858 1.413318 -1.249806 0.778115 -1.024207 0.606122
1776409958.957950 jaka_arm_left success 0.271899 0.296506 -0.447841 0.723800 0.308134 0.277651 0.551432 -1.160508 1.010858 1.413318 -1.249806 0.778115 -1.024207 0.606122
1776409958.966401 jaka_arm_left success 0.271908 0.296525 -0.447829 0.723866 0.308251 0.277613 0.551299 -1.160508 1.010858 1.413318 -1.249806 0.778115 -1.024207 0.606122
1776409958.974592 jaka_arm_left success 0.271910 0.296538 -0.447847 0.723948 0.308375 0.277449 0.551205 -1.160137 1.011005 1.413317 -1.249400 0.778069 -1.023892 0.605838
1776409958.982933 jaka_arm_left success 0.271901 0.296527 -0.447859 0.723942 0.308636 0.277317 0.551133 -1.160137 1.011005 1.413317 -1.249400 0.778069 -1.023892 0.605838
1776409958.991343 jaka_arm_left success 0.271895 0.296530 -0.447873 0.724013 0.308772 0.277303 0.550970 -1.157938 1.012631 1.414180 -1.254375 0.779649 -1.019006 0.604308
1776409958.999644 jaka_arm_left success 0.271888 0.296522 -0.447877 0.724081 0.308866 0.277298 0.550830 -1.157938 1.012631 1.414180 -1.254375 0.779649 -1.019006 0.604308
1776409959.016348 jaka_arm_left success 0.271854 0.296686 -0.447812 0.724904 0.308614 0.277124 0.549976 -1.157268 1.009219 1.413426 -1.255591 0.779999 -1.017843 0.602093
1776409959.024775 jaka_arm_left success 0.271900 0.296540 -0.447787 0.724553 0.307957 0.277427 0.550654 -1.157789 1.009429 1.413500 -1.256267 0.779766 -1.018365 0.602263
1776409959.032920 jaka_arm_left success 0.271871 0.296407 -0.447818 0.724185 0.307957 0.277514 0.551094 -1.158050 1.009920 1.413595 -1.256627 0.779341 -1.018735 0.602122
1776409959.041616 jaka_arm_left success 0.271843 0.296347 -0.447849 0.724141 0.308050 0.277512 0.551100 -1.158050 1.009920 1.413595 -1.256627 0.779341 -1.018735 0.602122
1776409959.049546 jaka_arm_left success 0.271854 0.296281 -0.447888 0.724045 0.308237 0.277867 0.550943 -1.157876 1.010549 1.413451 -1.256547 0.779061 -1.018487 0.602114
1776409959.058007 jaka_arm_left success 0.271850 0.296308 -0.447848 0.724401 0.308309 0.277535 0.550603 -1.157636 1.010196 1.413468 -1.256404 0.779493 -1.018271 0.602353
1776409959.066329 jaka_arm_left success 0.271863 0.296313 -0.447842 0.724561 0.308437 0.277421 0.550378 -1.157636 1.010196 1.413468 -1.256404 0.779493 -1.018271 0.602353
1776409959.074599 jaka_arm_left success 0.271854 0.296266 -0.447862 0.724419 0.308660 0.277730 0.550284 -1.157459 1.010192 1.413225 -1.256113 0.779538 -1.017822 0.602378
1776409959.082951 jaka_arm_left success 0.271856 0.296304 -0.447820 0.724602 0.308461 0.277674 0.550182 -1.157459 1.010192 1.413225 -1.256113 0.779538 -1.017822 0.602378
1776409959.091385 jaka_arm_left success 0.271806 0.296189 -0.447841 0.724124 0.308537 0.277816 0.550698 -1.157658 1.010554 1.413282 -1.256463 0.779300 -1.018060 0.602400
1776409959.099687 jaka_arm_left success 0.271758 0.296204 -0.447822 0.724252 0.308306 0.277694 0.550721 -1.157658 1.010554 1.413282 -1.256463 0.779300 -1.018060 0.602400
1776409959.107995 jaka_arm_left success 0.271739 0.296197 -0.447824 0.724258 0.308142 0.277838 0.550732 -1.157593 1.010590 1.413376 -1.256799 0.779569 -1.018136 0.602834
1776409959.116304 jaka_arm_left success 0.271707 0.296116 -0.447860 0.724029 0.308330 0.278249 0.550720 -1.156673 1.012817 1.412729 -1.257566 0.779620 -1.017062 0.604671
1776409959.124677 jaka_arm_left success 0.271668 0.296041 -0.447899 0.723866 0.308593 0.278501 0.550659 -1.156673 1.012817 1.412729 -1.257566 0.779620 -1.017062 0.604671
1776409959.133024 jaka_arm_left success 0.271694 0.296038 -0.447891 0.724272 0.308291 0.277709 0.550694 -1.156243 1.012725 1.413252 -1.257475 0.779919 -1.017293 0.604502
1776409959.141363 jaka_arm_left success 0.271637 0.295912 -0.447942 0.723963 0.308843 0.278127 0.550580 -1.156223 1.012980 1.412970 -1.257276 0.779625 -1.016982 0.604330
1776409959.149596 jaka_arm_left success 0.271644 0.295775 -0.447978 0.723602 0.309117 0.277795 0.551069 -1.156147 1.013439 1.413128 -1.257264 0.779270 -1.017129 0.603954
1776409959.158055 jaka_arm_left success 0.271630 0.295760 -0.447969 0.723623 0.309106 0.277842 0.551024 -1.156147 1.013439 1.413128 -1.257264 0.779270 -1.017129 0.603954
1776409959.166396 jaka_arm_left success 0.271626 0.295742 -0.447969 0.723525 0.309060 0.278360 0.550917 -1.156147 1.013439 1.413128 -1.257264 0.779270 -1.017129 0.603954
1776409959.174596 jaka_arm_left success 0.271612 0.295764 -0.447934 0.723690 0.308922 0.278301 0.550807 -1.156147 1.013439 1.413128 -1.257264 0.779270 -1.017129 0.603954
1776409959.182959 jaka_arm_left success 0.271613 0.295842 -0.447908 0.724077 0.308527 0.278541 0.550398 -1.156455 1.012943 1.412752 -1.257508 0.779603 -1.016927 0.604563
1776409959.191407 jaka_arm_left success 0.271601 0.295909 -0.447860 0.724504 0.308237 0.278169 0.550187 -1.156259 1.012451 1.412902 -1.257527 0.780160 -1.016890 0.604879
1776409959.199706 jaka_arm_left success 0.271580 0.295846 -0.447888 0.724323 0.308383 0.278500 0.550176 -1.156259 1.012451 1.412902 -1.257527 0.780160 -1.016890 0.604879
1776409959.208026 jaka_arm_left success 0.271561 0.295766 -0.447926 0.724029 0.308620 0.278837 0.550260 -1.155897 1.013976 1.412182 -1.258147 0.779850 -1.015847 0.605696
1776409959.216236 jaka_arm_left success 0.271597 0.295789 -0.447904 0.724311 0.308095 0.278896 0.550154 -1.155929 1.013625 1.412321 -1.258401 0.780232 -1.016007 0.606032
1776409959.224623 jaka_arm_left success 0.271576 0.295801 -0.447874 0.724471 0.307964 0.278595 0.550167 -1.155929 1.013625 1.412321 -1.258401 0.780232 -1.016007 0.606032
1776409959.232980 jaka_arm_left success 0.271592 0.295746 -0.447895 0.724348 0.307883 0.278634 0.550355 -1.155929 1.013625 1.412321 -1.258401 0.780232 -1.016007 0.606032
1776409959.241329 jaka_arm_left success 0.271553 0.295760 -0.447886 0.724489 0.307759 0.278986 0.550061 -1.155929 1.013625 1.412321 -1.258401 0.780232 -1.016007 0.606032
1776409959.249598 jaka_arm_left success 0.271535 0.295689 -0.447921 0.724227 0.307816 0.279105 0.550313 -1.155929 1.013625 1.412321 -1.258401 0.780232 -1.016007 0.606032
1776409959.257997 jaka_arm_left success 0.271548 0.295759 -0.447892 0.724710 0.307462 0.278984 0.549937 -1.156006 1.013150 1.412411 -1.258693 0.780710 -1.016141 0.606491
1776409959.266379 jaka_arm_left success 0.271534 0.295825 -0.447856 0.725169 0.307206 0.278859 0.549538 -1.155799 1.012601 1.412560 -1.258711 0.781318 -1.016095 0.606842
1776409959.274624 jaka_arm_left success 0.271541 0.295771 -0.447885 0.725020 0.307330 0.279320 0.549431 -1.155799 1.012601 1.412560 -1.258711 0.781318 -1.016095 0.606842
1776409959.282949 jaka_arm_left success 0.271556 0.295778 -0.447861 0.725252 0.307325 0.279234 0.549172 -1.155799 1.012601 1.412560 -1.258711 0.781318 -1.016095 0.606842
1776409959.291384 jaka_arm_left success 0.271523 0.295719 -0.447858 0.725125 0.307641 0.279381 0.549087 -1.153079 1.013817 1.411961 -1.262847 0.782140 -1.012574 0.606792
1776409959.299692 jaka_arm_left success 0.271663 0.295751 -0.447835 0.725594 0.306760 0.279017 0.549145 -1.153198 1.013423 1.412252 -1.263244 0.782535 -1.012952 0.607093
1776409959.307977 jaka_arm_left success 0.271694 0.295620 -0.447876 0.725171 0.307026 0.278983 0.549573 -1.153198 1.013423 1.412252 -1.263244 0.782535 -1.012952 0.607093
1776409959.316288 jaka_arm_left success 0.271678 0.295546 -0.447904 0.724851 0.307334 0.279282 0.549671 -1.153322 1.014064 1.412192 -1.263248 0.781895 -1.013021 0.606640
1776409959.324604 jaka_arm_left success 0.271723 0.295535 -0.447908 0.724796 0.307372 0.279020 0.549856 -1.153322 1.014064 1.412192 -1.263248 0.781895 -1.013021 0.606640
1776409959.333050 jaka_arm_left success 0.271716 0.295516 -0.447920 0.724680 0.307602 0.279188 0.549795 -1.153322 1.014064 1.412192 -1.263248 0.781895 -1.013021 0.606640
1776409959.341317 jaka_arm_left success 0.271653 0.295536 -0.447932 0.724667 0.308335 0.278902 0.549546 -1.152951 1.014457 1.412228 -1.262776 0.781596 -1.012766 0.606105
1776409959.349644 jaka_arm_left success 0.271734 0.295644 -0.447906 0.725027 0.308155 0.279011 0.549117 -1.152850 1.014165 1.412066 -1.262591 0.781825 -1.012436 0.606211
1776409959.358089 jaka_arm_left success 0.271753 0.295680 -0.447895 0.725131 0.308212 0.278968 0.548969 -1.152850 1.014165 1.412066 -1.262591 0.781825 -1.012436 0.606211
1776409959.366298 jaka_arm_left success 0.271775 0.295696 -0.447900 0.725123 0.308298 0.278857 0.548988 -1.152850 1.014165 1.412066 -1.262591 0.781825 -1.012436 0.606211
1776409959.374633 jaka_arm_left success 0.271757 0.295682 -0.447897 0.725011 0.308454 0.278929 0.549011 -1.152850 1.014165 1.412066 -1.262591 0.781825 -1.012436 0.606211
1776409959.383005 jaka_arm_left success 0.271791 0.295687 -0.447888 0.725028 0.308398 0.278704 0.549135 -1.152850 1.014165 1.412066 -1.262591 0.781825 -1.012436 0.606211
1776409959.391342 jaka_arm_left success 0.271796 0.295676 -0.447889 0.724967 0.308424 0.278636 0.549235 -1.152850 1.014165 1.412066 -1.262591 0.781825 -1.012436 0.606211
1776409959.399677 jaka_arm_left success 0.271795 0.295660 -0.447877 0.724968 0.308514 0.278546 0.549229 -1.153061 1.013422 1.412639 -1.262828 0.781748 -1.011917 0.604217
1776409959.407960 jaka_arm_left success 0.271784 0.295620 -0.447890 0.724802 0.308720 0.278794 0.549207 -1.153061 1.013422 1.412639 -1.262828 0.781748 -1.011917 0.604217
1776409959.416299 jaka_arm_left success 0.271823 0.295630 -0.447875 0.725017 0.308800 0.278807 0.548871 -1.153061 1.013422 1.412639 -1.262828 0.781748 -1.011917 0.604217
1776409959.424644 jaka_arm_left success 0.271837 0.295625 -0.447874 0.725118 0.308910 0.278792 0.548684 -1.153312 1.013978 1.413453 -1.265834 0.783364 -1.007202 0.602454
1776409959.433022 jaka_arm_left success 0.271884 0.295653 -0.447872 0.725488 0.308635 0.279195 0.548144 -1.153425 1.013529 1.413286 -1.265986 0.783704 -1.007103 0.602864
1776409959.441335 jaka_arm_left success 0.271902 0.295700 -0.447834 0.725834 0.308546 0.278937 0.547867 -1.152419 1.012245 1.413162 -1.267086 0.784175 -1.006592 0.602226
1776409959.449613 jaka_arm_left success 0.271860 0.295676 -0.447831 0.725700 0.309136 0.278933 0.547715 -1.152302 1.012640 1.412780 -1.266863 0.783756 -1.006045 0.601870
1776409959.458008 jaka_arm_left success 0.271836 0.295650 -0.447830 0.725555 0.309376 0.279093 0.547689 -1.152302 1.012640 1.412780 -1.266863 0.783756 -1.006045 0.601870
1776409959.466427 jaka_arm_left success 0.271931 0.295491 -0.447870 0.724863 0.309490 0.278851 0.548664 -1.152382 1.013495 1.413003 -1.267021 0.783018 -1.006419 0.601264
1776409959.474616 jaka_arm_left success 0.271892 0.295436 -0.447895 0.724582 0.310140 0.278704 0.548742 -1.152215 1.013942 1.413037 -1.266820 0.782648 -1.006350 0.600840
1776409959.482930 jaka_arm_left success 0.271970 0.295430 -0.447887 0.724701 0.309735 0.278787 0.548772 -1.152215 1.013942 1.413037 -1.266820 0.782648 -1.006350 0.600840
1776409959.491301 jaka_arm_left success 0.271991 0.295430 -0.447881 0.724849 0.309744 0.278823 0.548553 -1.152215 1.013942 1.413037 -1.266820 0.782648 -1.006350 0.600840
1776409959.499743 jaka_arm_left success 0.272028 0.295572 -0.447851 0.725532 0.309449 0.279231 0.547609 -1.152326 1.013037 1.412657 -1.266888 0.783395 -1.005921 0.601626
1776409959.507934 jaka_arm_left success 0.272010 0.295562 -0.447873 0.725463 0.310019 0.279290 0.547348 -1.150492 1.014971 1.413100 -1.271117 0.784843 -1.001318 0.601005
1776409959.516349 jaka_arm_left success 0.272008 0.295533 -0.447883 0.725355 0.310338 0.279195 0.547358 -1.150492 1.014971 1.413100 -1.271117 0.784843 -1.001318 0.601005
1776409959.524581 jaka_arm_left success 0.272014 0.295548 -0.447871 0.725389 0.310431 0.279235 0.547240 -1.150492 1.014971 1.413100 -1.271117 0.784843 -1.001318 0.601005
1776409959.533074 jaka_arm_left success 0.272016 0.295564 -0.447847 0.725448 0.310498 0.279146 0.547169 -1.149905 1.014314 1.412849 -1.271444 0.784190 -1.000874 0.599179
1776409959.541323 jaka_arm_left success 0.272019 0.295481 -0.447868 0.724923 0.310901 0.279107 0.547655 -1.149905 1.014314 1.412849 -1.271444 0.784190 -1.000874 0.599179
1776409959.549558 jaka_arm_left success 0.271997 0.295485 -0.447855 0.724951 0.310967 0.279197 0.547534 -1.149905 1.014314 1.412849 -1.271444 0.784190 -1.000874 0.599179
1776409959.557948 jaka_arm_left success 0.271999 0.295501 -0.447842 0.725074 0.310890 0.279245 0.547392 -1.149905 1.014314 1.412849 -1.271444 0.784190 -1.000874 0.599179
1776409959.566476 jaka_arm_left success 0.271975 0.295461 -0.447851 0.724980 0.311026 0.279464 0.547327 -1.150050 1.014435 1.412420 -1.271381 0.783950 -1.000522 0.599184
1776409959.574587 jaka_arm_left success 0.271988 0.295553 -0.447803 0.725646 0.310592 0.279511 0.546666 -1.148150 1.014542 1.412581 -1.275308 0.785308 -0.997591 0.598693
1776409959.582916 jaka_arm_left success 0.272011 0.295534 -0.447822 0.725719 0.310488 0.279531 0.546619 -1.148150 1.014542 1.412581 -1.275308 0.785308 -0.997591 0.598693
1776409959.591329 jaka_arm_left success 0.272052 0.295486 -0.447818 0.725770 0.310119 0.279661 0.546693 -1.148326 1.014251 1.412510 -1.275535 0.785515 -0.997639 0.598990
1776409959.599700 jaka_arm_left success 0.272061 0.295427 -0.447838 0.725735 0.310042 0.279875 0.546675 -1.148326 1.014251 1.412510 -1.275535 0.785515 -0.997639 0.598990
1776409959.607995 jaka_arm_left success 0.272146 0.295415 -0.447828 0.726076 0.309281 0.279855 0.546663 -1.148620 1.013804 1.412510 -1.275966 0.785875 -0.997846 0.599481
1776409959.616243 jaka_arm_left success 0.272143 0.295369 -0.447821 0.726206 0.309200 0.280099 0.546410 -1.148620 1.013804 1.412510 -1.275966 0.785875 -0.997846 0.599481
1776409959.624579 jaka_arm_left success 0.272115 0.295310 -0.447834 0.726252 0.309277 0.280121 0.546295 -1.148620 1.013804 1.412510 -1.275966 0.785875 -0.997846 0.599481
1776409959.633075 jaka_arm_left success 0.272093 0.295289 -0.447827 0.726381 0.309295 0.280213 0.546066 -1.148632 1.013316 1.412284 -1.275947 0.786299 -0.997547 0.599901
1776409959.641339 jaka_arm_left success 0.272075 0.295266 -0.447814 0.726487 0.309372 0.280419 0.545776 -1.148632 1.013316 1.412284 -1.275947 0.786299 -0.997547 0.599901
1776409959.649542 jaka_arm_left success 0.272030 0.295157 -0.447844 0.726539 0.309514 0.279654 0.546019 -1.148258 1.013294 1.412544 -1.275719 0.786473 -0.997497 0.599724
1776409959.657968 jaka_arm_left success 0.272017 0.295136 -0.447835 0.726593 0.309570 0.279731 0.545874 -1.148258 1.013294 1.412544 -1.275719 0.786473 -0.997497 0.599724
1776409959.666415 jaka_arm_left success 0.272018 0.295109 -0.447833 0.726603 0.309661 0.279745 0.545803 -1.148258 1.013294 1.412544 -1.275719 0.786473 -0.997497 0.599724
1776409959.674649 jaka_arm_left success 0.272027 0.295131 -0.447802 0.726859 0.309621 0.279459 0.545631 -1.148032 1.012865 1.413836 -1.278465 0.787943 -0.994175 0.597299
1776409959.682994 jaka_arm_left success 0.272031 0.295054 -0.447832 0.726586 0.309909 0.279934 0.545589 -1.148306 1.013010 1.413357 -1.278524 0.787659 -0.993886 0.597386
1776409959.691388 jaka_arm_left success 0.272061 0.294836 -0.447866 0.726055 0.310451 0.279299 0.546312 -1.148053 1.013688 1.413689 -1.278398 0.787166 -0.994100 0.596745
1776409959.699640 jaka_arm_left success 0.272074 0.294788 -0.447864 0.725960 0.310734 0.279176 0.546339 -1.148053 1.013688 1.413689 -1.278398 0.787166 -0.994100 0.596745
1776409959.708008 jaka_arm_left success 0.272133 0.294836 -0.447836 0.726100 0.310652 0.279673 0.545946 -1.148053 1.013688 1.413689 -1.278398 0.787166 -0.994100 0.596745
1776409959.716248 jaka_arm_left success 0.272178 0.294862 -0.447832 0.726114 0.310921 0.279970 0.545622 -1.148068 1.013756 1.413037 -1.278053 0.786983 -0.993365 0.596776
1776409959.724714 jaka_arm_left success 0.272224 0.294853 -0.447841 0.726054 0.311169 0.279841 0.545627 -1.148068 1.013756 1.413037 -1.278053 0.786983 -0.993365 0.596776
1776409959.732970 jaka_arm_left success 0.272242 0.294868 -0.447833 0.726146 0.311311 0.279756 0.545467 -1.148068 1.013756 1.413037 -1.278053 0.786983 -0.993365 0.596776
1776409959.741353 jaka_arm_left success 0.272305 0.294904 -0.447824 0.726278 0.311262 0.279818 0.545287 -1.146140 1.015710 1.413860 -1.282696 0.788696 -0.988893 0.596192
1776409959.749622 jaka_arm_left success 0.272324 0.294917 -0.447821 0.726321 0.311341 0.279747 0.545221 -1.146140 1.015710 1.413860 -1.282696 0.788696 -0.988893 0.596192
1776409959.758008 jaka_arm_left success 0.272326 0.294908 -0.447815 0.726319 0.311518 0.279863 0.545063 -1.146140 1.015710 1.413860 -1.282696 0.788696 -0.988893 0.596192
1776409959.766393 jaka_arm_left success 0.272318 0.294919 -0.447782 0.726434 0.311661 0.279932 0.544792 -1.145346 1.014097 1.413134 -1.283815 0.788404 -0.987797 0.594308
1776409959.774684 jaka_arm_left success 0.272320 0.294869 -0.447789 0.726226 0.311878 0.279934 0.544946 -1.145346 1.014097 1.413134 -1.283815 0.788404 -0.987797 0.594308
1776409959.782979 jaka_arm_left success 0.272325 0.294855 -0.447786 0.726199 0.311869 0.279942 0.544983 -1.145346 1.014097 1.413134 -1.283815 0.788404 -0.987797 0.594308
1776409959.791436 jaka_arm_left success 0.272315 0.294879 -0.447767 0.726357 0.311729 0.279942 0.544851 -1.145346 1.014097 1.413134 -1.283815 0.788404 -0.987797 0.594308
1776409959.799701 jaka_arm_left success 0.272315 0.294867 -0.447787 0.726247 0.311567 0.279862 0.545132 -1.145346 1.014097 1.413134 -1.283815 0.788404 -0.987797 0.594308
1776409959.808005 jaka_arm_left success 0.272302 0.294857 -0.447786 0.726204 0.311433 0.279814 0.545290 -1.145346 1.014097 1.413134 -1.283815 0.788404 -0.987797 0.594308
1776409959.816352 jaka_arm_left success 0.272263 0.294859 -0.447780 0.726207 0.311355 0.279772 0.545353 -1.145346 1.014097 1.413134 -1.283815 0.788404 -0.987797 0.594308
1776409959.824694 jaka_arm_left success 0.272236 0.294879 -0.447767 0.726258 0.311235 0.279844 0.545316 -1.145346 1.014097 1.413134 -1.283815 0.788404 -0.987797 0.594308
1776409959.832976 jaka_arm_left success 0.272196 0.294925 -0.447746 0.726411 0.310947 0.279946 0.545224 -1.145346 1.014097 1.413134 -1.283815 0.788404 -0.987797 0.594308
1776409959.841286 jaka_arm_left success 0.272164 0.295020 -0.447715 0.726803 0.310471 0.280071 0.544909 -1.145654 1.013636 1.413195 -1.284338 0.788794 -0.988104 0.594839
1776409959.849581 jaka_arm_left success 0.272157 0.295053 -0.447712 0.726852 0.310192 0.280065 0.545005 -1.145654 1.013636 1.413195 -1.284338 0.788794 -0.988104 0.594839
1776409959.858012 jaka_arm_left success 0.272019 0.294964 -0.447734 0.726587 0.310518 0.279767 0.545325 -1.145654 1.013636 1.413195 -1.284338 0.788794 -0.988104 0.594839
1776409959.866284 jaka_arm_left success 0.271944 0.294794 -0.447790 0.725879 0.310567 0.279772 0.546237 -1.145914 1.014506 1.413693 -1.284912 0.788048 -0.989001 0.594335
1776409959.874672 jaka_arm_left success 0.271854 0.294752 -0.447775 0.725637 0.310521 0.280387 0.546270 -1.146244 1.014655 1.413399 -1.285158 0.787786 -0.989034 0.594486
1776409959.882996 jaka_arm_left success 0.271709 0.294696 -0.447712 0.725621 0.310892 0.280328 0.546110 -1.146244 1.014655 1.413399 -1.285158 0.787786 -0.989034 0.594486
1776409959.891311 jaka_arm_left success 0.271512 0.294623 -0.447611 0.725815 0.311787 0.279522 0.545755 -1.145462 1.014906 1.413584 -1.284419 0.787735 -0.988683 0.593926
1776409959.899656 jaka_arm_left success 0.271376 0.294628 -0.447474 0.726236 0.312322 0.278692 0.545314 -1.142739 1.013100 1.412931 -1.285931 0.787448 -0.987996 0.591841
1776409959.908023 jaka_arm_left success 0.271242 0.294461 -0.447391 0.725996 0.313042 0.276934 0.546116 -1.142266 1.011569 1.414209 -1.286762 0.786669 -0.988419 0.587690
1776409959.916388 jaka_arm_left success 0.271104 0.294479 -0.447257 0.726222 0.313592 0.275327 0.546312 -1.141895 1.009667 1.415459 -1.287174 0.786607 -0.988404 0.584188
1776409959.924633 jaka_arm_left success 0.270969 0.294561 -0.447076 0.726796 0.313920 0.272912 0.546571 -1.142189 1.004660 1.417581 -1.287632 0.786743 -0.988865 0.577748
1776409959.933088 jaka_arm_left success 0.270797 0.294609 -0.446909 0.727020 0.314381 0.270557 0.547180 -1.142592 1.001527 1.419771 -1.288393 0.786435 -0.989483 0.572122
1776409959.941289 jaka_arm_left success 0.270651 0.294706 -0.446743 0.727739 0.314202 0.268128 0.547522 -1.142737 0.998035 1.421995 -1.288694 0.786711 -0.990505 0.567488
1776409959.949546 jaka_arm_left success 0.270380 0.294585 -0.446648 0.727341 0.314859 0.266944 0.548251 -1.142352 0.998447 1.423221 -1.288968 0.786435 -0.991503 0.566414
1776409959.957991 jaka_arm_left success 0.270037 0.294747 -0.446387 0.728374 0.314242 0.266359 0.547518 -1.142364 0.993770 1.423393 -1.289853 0.787123 -0.990927 0.563019
1776409959.966365 jaka_arm_left success 0.269877 0.294623 -0.446220 0.728991 0.312239 0.265507 0.548257 -1.142270 0.993175 1.425285 -1.291205 0.788008 -0.992989 0.563172
1776409959.974592 jaka_arm_left success 0.269338 0.294383 -0.446031 0.729117 0.311851 0.265870 0.548134 -1.142705 0.992866 1.424884 -1.291533 0.788108 -0.992907 0.563646
1776409959.982897 jaka_arm_left success 0.268977 0.294155 -0.445800 0.729522 0.309584 0.267014 0.548324 -1.143723 0.991875 1.424505 -1.293202 0.788932 -0.993687 0.565614
1776409959.991289 jaka_arm_left success 0.268471 0.293880 -0.445611 0.729335 0.308219 0.268417 0.548656 -1.139877 0.996329 1.421596 -1.295273 0.788429 -0.994975 0.573030
1776409959.999664 jaka_arm_left success 0.268002 0.293530 -0.445410 0.729145 0.306265 0.269789 0.549330 -1.137538 0.997791 1.419424 -1.296310 0.787504 -0.998287 0.578123
1776409960.007973 jaka_arm_left success 0.267388 0.293285 -0.445147 0.728829 0.304976 0.271502 0.549623 -1.135336 1.000824 1.416529 -1.296655 0.786626 -1.000172 0.584413
1776409960.016271 jaka_arm_left success 0.266947 0.292968 -0.444930 0.728584 0.302357 0.271661 0.551313 -1.135629 1.000192 1.414570 -1.291338 0.783713 -1.011318 0.591065
1776409960.024571 jaka_arm_left success 0.266398 0.292920 -0.444649 0.728790 0.300414 0.272071 0.551900 -1.136455 1.000933 1.414455 -1.289706 0.783405 -1.014533 0.594175
1776409960.032991 jaka_arm_left success 0.265973 0.292707 -0.444441 0.728382 0.297600 0.271925 0.554032 -1.139342 0.999715 1.413136 -1.279580 0.780106 -1.029211 0.602215
1776409960.041303 jaka_arm_left success 0.265371 0.292240 -0.444374 0.726370 0.297051 0.270875 0.557470 -1.145064 1.000736 1.413480 -1.266494 0.775008 -1.042961 0.606173
1776409960.049565 jaka_arm_left success 0.265119 0.292323 -0.444069 0.726824 0.293590 0.269698 0.559281 -1.151089 0.998701 1.416157 -1.257975 0.774767 -1.053363 0.609983
1776409960.058056 jaka_arm_left success 0.264736 0.292419 -0.443815 0.726657 0.291757 0.269067 0.560758 -1.152583 0.998288 1.415968 -1.252022 0.772865 -1.062111 0.614248
1776409960.066427 jaka_arm_left success 0.264208 0.292116 -0.443707 0.724863 0.291638 0.267932 0.563678 -1.155668 0.998433 1.416086 -1.242945 0.768170 -1.073313 0.615827
1776409960.074659 jaka_arm_left success 0.263800 0.291926 -0.443504 0.723758 0.290503 0.265590 0.566785 -1.161882 0.998845 1.419440 -1.233298 0.766348 -1.084052 0.618006
1776409960.082979 jaka_arm_left success 0.263607 0.291804 -0.443362 0.722937 0.288462 0.264584 0.569339 -1.166248 0.997181 1.419825 -1.220675 0.762936 -1.098161 0.622566
1776409960.091360 jaka_arm_left success 0.263084 0.291397 -0.443316 0.720838 0.289146 0.263509 0.572146 -1.169140 0.998022 1.420286 -1.214120 0.758755 -1.106469 0.622470
1776409960.099681 jaka_arm_left success 0.262774 0.291466 -0.443134 0.720425 0.287954 0.262953 0.573520 -1.171130 0.999487 1.420922 -1.207402 0.757553 -1.114067 0.627341
1776409960.107934 jaka_arm_left success 0.262440 0.291209 -0.443098 0.719005 0.287402 0.261801 0.576101 -1.177438 1.000131 1.423123 -1.196017 0.755178 -1.124471 0.629906
1776409960.116291 jaka_arm_left success 0.262191 0.291285 -0.442888 0.719380 0.285497 0.260516 0.577161 -1.178513 0.996293 1.424099 -1.195854 0.754812 -1.128785 0.628197
1776409960.124601 jaka_arm_left success 0.261943 0.290608 -0.443006 0.716932 0.285292 0.257413 0.581683 -1.188725 0.996147 1.428312 -1.175188 0.749684 -1.148443 0.630167
1776409960.133015 jaka_arm_left success 0.261736 0.290448 -0.442974 0.716339 0.284477 0.257067 0.582965 -1.189181 0.997107 1.428816 -1.175629 0.749422 -1.149758 0.630874
1776409960.141289 jaka_arm_left success 0.261565 0.290396 -0.442949 0.716030 0.283746 0.257215 0.583635 -1.188886 0.998587 1.428111 -1.173137 0.748546 -1.153341 0.634694
1776409960.149594 jaka_arm_left success 0.261438 0.290024 -0.443046 0.714966 0.283420 0.255910 0.585668 -1.197323 0.997515 1.431334 -1.159186 0.746743 -1.164785 0.636083
1776409960.157998 jaka_arm_left success 0.261342 0.289776 -0.443129 0.714485 0.283295 0.256147 0.586211 -1.197654 0.997986 1.431124 -1.159398 0.746257 -1.164923 0.636085
1776409960.166428 jaka_arm_left success 0.261388 0.289636 -0.443178 0.714602 0.281927 0.255633 0.586952 -1.197605 0.999093 1.431941 -1.159203 0.746616 -1.167296 0.638400
1776409960.174617 jaka_arm_left success 0.261388 0.289457 -0.443301 0.714054 0.281999 0.255263 0.587746 -1.200237 0.998127 1.432213 -1.152452 0.744998 -1.173223 0.639470
1776409960.182977 jaka_arm_left success 0.261449 0.289326 -0.443465 0.713574 0.281994 0.254841 0.588513 -1.200663 0.999485 1.432879 -1.152129 0.744740 -1.173648 0.639467
1776409960.191447 jaka_arm_left success 0.261590 0.289333 -0.443626 0.713474 0.281776 0.254601 0.588843 -1.203129 0.999941 1.434034 -1.149684 0.745276 -1.174694 0.640192
1776409960.208084 jaka_arm_left success 0.261814 0.289430 -0.443973 0.713075 0.283085 0.254021 0.588948 -1.202539 1.000493 1.434264 -1.149006 0.744949 -1.174502 0.639408
1776409960.216249 jaka_arm_left success 0.262086 0.289342 -0.444169 0.712522 0.283594 0.253412 0.589635 -1.206754 1.000202 1.436121 -1.144306 0.744234 -1.176744 0.637135
1776409960.224702 jaka_arm_left success 0.262317 0.289176 -0.444349 0.711503 0.285065 0.252613 0.590498 -1.206225 1.001266 1.436393 -1.143667 0.743469 -1.176733 0.636044
1776409960.232984 jaka_arm_left success 0.262689 0.289451 -0.444453 0.712092 0.285172 0.252879 0.589623 -1.206098 1.000961 1.436049 -1.143197 0.743618 -1.176125 0.636115
1776409960.241309 jaka_arm_left success 0.262909 0.289500 -0.444648 0.711233 0.287311 0.252976 0.589579 -1.205578 1.001879 1.435638 -1.142071 0.742730 -1.175269 0.635104
1776409960.249545 jaka_arm_left success 0.263197 0.289741 -0.444716 0.711551 0.287906 0.252628 0.589054 -1.205600 1.001791 1.435129 -1.141162 0.742594 -1.174104 0.634641
1776409960.258045 jaka_arm_left success 0.263408 0.289868 -0.444839 0.710595 0.290148 0.253255 0.588839 -1.205873 1.003194 1.433843 -1.139954 0.740955 -1.172460 0.633531
1776409960.266461 jaka_arm_left success 0.263736 0.290193 -0.444934 0.710466 0.291075 0.253135 0.588588 -1.206862 1.003706 1.435370 -1.139274 0.741472 -1.170794 0.631098
1776409960.274639 jaka_arm_left success 0.264095 0.290629 -0.444965 0.710282 0.291962 0.254220 0.587903 -1.207242 1.003286 1.433953 -1.138742 0.741262 -1.169390 0.631603
1776409960.283002 jaka_arm_left success 0.264384 0.290913 -0.445049 0.709348 0.293787 0.254606 0.587954 -1.207490 1.004644 1.432606 -1.137821 0.739712 -1.167859 0.630817
1776409960.291352 jaka_arm_left success 0.264636 0.291254 -0.445113 0.708213 0.295657 0.253463 0.588878 -1.206565 1.006205 1.433693 -1.136796 0.738706 -1.167860 0.628243
1776409960.299729 jaka_arm_left success 0.264897 0.291693 -0.445164 0.707839 0.296574 0.252442 0.589306 -1.207499 1.005075 1.434526 -1.136270 0.738060 -1.167838 0.624693
1776409960.307998 jaka_arm_left success 0.265186 0.292325 -0.445185 0.707377 0.298308 0.253685 0.588450 -1.207553 1.005332 1.432967 -1.135164 0.737184 -1.166138 0.624451
1776409960.316265 jaka_arm_left success 0.265390 0.292599 -0.445289 0.706093 0.299966 0.252146 0.589809 -1.207225 1.006873 1.433765 -1.134469 0.735587 -1.166585 0.621657
1776409960.324650 jaka_arm_left success 0.265822 0.293084 -0.445333 0.705221 0.300603 0.251699 0.590719 -1.209268 1.005104 1.434004 -1.133896 0.733903 -1.167504 0.617501
1776409960.333010 jaka_arm_left success 0.265968 0.293369 -0.445432 0.703634 0.302633 0.251134 0.591814 -1.209456 1.007088 1.433734 -1.133265 0.731743 -1.167610 0.615606
1776409960.341385 jaka_arm_left success 0.266193 0.294018 -0.445416 0.704113 0.302526 0.249960 0.591797 -1.211019 1.002549 1.434991 -1.131557 0.731732 -1.169164 0.611020
1776409960.349555 jaka_arm_left success 0.266281 0.294371 -0.445517 0.703086 0.304278 0.249762 0.592202 -1.210628 1.003453 1.434807 -1.130772 0.730900 -1.168739 0.610095
1776409960.358087 jaka_arm_left success 0.266529 0.294689 -0.445591 0.702012 0.304877 0.249886 0.593115 -1.214114 1.003033 1.434587 -1.125270 0.728535 -1.172367 0.609010
1776409960.366480 jaka_arm_left success 0.266480 0.294823 -0.445704 0.700821 0.306856 0.249499 0.593666 -1.213548 1.004256 1.434564 -1.124399 0.727561 -1.172030 0.607851
1776409960.374668 jaka_arm_left success 0.266630 0.295157 -0.445727 0.700965 0.306700 0.248585 0.593960 -1.213282 1.004622 1.435024 -1.124283 0.727432 -1.172355 0.607361
1776409960.382993 jaka_arm_left success 0.266723 0.295539 -0.445733 0.701339 0.306660 0.248341 0.593642 -1.213771 1.003040 1.435389 -1.123565 0.727653 -1.173009 0.606407
1776409960.391433 jaka_arm_left success 0.266695 0.295767 -0.445802 0.700862 0.307603 0.249033 0.593427 -1.213854 1.003534 1.434538 -1.122941 0.726843 -1.172243 0.606090
1776409960.399613 jaka_arm_left success 0.266719 0.295822 -0.445908 0.700372 0.308138 0.248602 0.593908 -1.213698 1.004096 1.434627 -1.122687 0.726388 -1.172301 0.605564
1776409960.408060 jaka_arm_left success 0.266719 0.295787 -0.446011 0.699559 0.308584 0.248244 0.594784 -1.216515 1.003408 1.434829 -1.116515 0.724254 -1.177632 0.605241
1776409960.416330 jaka_arm_left success 0.266712 0.295836 -0.446082 0.699427 0.308618 0.248032 0.595010 -1.216409 1.003777 1.435138 -1.116422 0.724206 -1.177832 0.605084
1776409960.424756 jaka_arm_left success 0.266648 0.295857 -0.446147 0.699253 0.308816 0.248015 0.595118 -1.216840 1.004962 1.435214 -1.115315 0.724413 -1.177825 0.606436
1776409960.433070 jaka_arm_left success 0.266600 0.295842 -0.446211 0.699170 0.308887 0.247699 0.595311 -1.216840 1.004962 1.435214 -1.115315 0.724413 -1.177825 0.606436
1776409960.441350 jaka_arm_left success 0.266560 0.295825 -0.446263 0.699189 0.308908 0.247412 0.595397 -1.216564 1.005157 1.435683 -1.115234 0.724452 -1.178133 0.606085
1776409960.449542 jaka_arm_left success 0.266512 0.295884 -0.446293 0.699796 0.308549 0.247017 0.595035 -1.216660 1.003870 1.436349 -1.114911 0.725197 -1.178714 0.605774
1776409960.458072 jaka_arm_left success 0.266464 0.295824 -0.446345 0.700015 0.308433 0.246367 0.595106 -1.216909 1.003256 1.436889 -1.114763 0.725459 -1.179265 0.605311
1776409960.466524 jaka_arm_left success 0.266424 0.295809 -0.446374 0.700305 0.308350 0.246340 0.594819 -1.216909 1.003256 1.436889 -1.114763 0.725459 -1.179265 0.605311
1776409960.474608 jaka_arm_left success 0.266383 0.295775 -0.446405 0.700540 0.308333 0.246429 0.594514 -1.216714 1.002819 1.436867 -1.114495 0.725840 -1.178960 0.605440
1776409960.482907 jaka_arm_left success 0.266338 0.295758 -0.446433 0.700968 0.308316 0.246586 0.593953 -1.216629 1.002249 1.436709 -1.114286 0.726283 -1.178558 0.605746
1776409960.491348 jaka_arm_left success 0.266346 0.295735 -0.446477 0.701347 0.308204 0.247371 0.593237 -1.216875 1.001629 1.436110 -1.114198 0.726585 -1.177938 0.606364
1776409960.499703 jaka_arm_left success 0.266303 0.295557 -0.446557 0.701129 0.308744 0.248076 0.592919 -1.216942 1.001757 1.435327 -1.113714 0.726265 -1.177042 0.606471
1776409960.507928 jaka_arm_left success 0.266295 0.295507 -0.446590 0.701400 0.308877 0.248559 0.592328 -1.216766 1.004254 1.435364 -1.114133 0.727670 -1.174379 0.609105
1776409960.516301 jaka_arm_left success 0.266329 0.295428 -0.446621 0.701562 0.308999 0.248834 0.591957 -1.216766 1.004254 1.435364 -1.114133 0.727670 -1.174379 0.609105
1776409960.524728 jaka_arm_left success 0.266365 0.295406 -0.446640 0.701715 0.308948 0.249144 0.591671 -1.216710 1.003904 1.435078 -1.113966 0.727930 -1.173899 0.609403
1776409960.533066 jaka_arm_left success 0.266344 0.295280 -0.446709 0.701514 0.309257 0.248745 0.591916 -1.216500 1.004196 1.435273 -1.113841 0.727830 -1.173918 0.609108
1776409960.541371 jaka_arm_left success 0.266355 0.295232 -0.446748 0.701446 0.309405 0.248590 0.591984 -1.216500 1.004196 1.435273 -1.113841 0.727830 -1.173918 0.609108
1776409960.549543 jaka_arm_left success 0.266375 0.295223 -0.446781 0.701451 0.309519 0.248542 0.591939 -1.216500 1.004196 1.435273 -1.113841 0.727830 -1.173918 0.609108
1776409960.557934 jaka_arm_left success 0.266425 0.295297 -0.446799 0.701850 0.309477 0.248606 0.591460 -1.216224 1.004092 1.435360 -1.113603 0.728040 -1.173672 0.609041
1776409960.566401 jaka_arm_left success 0.266464 0.295203 -0.446844 0.701161 0.310013 0.248310 0.592122 -1.216090 1.004796 1.435526 -1.113464 0.727551 -1.173760 0.608451
1776409960.574607 jaka_arm_left success 0.266530 0.295195 -0.446881 0.701081 0.309961 0.247758 0.592474 -1.215990 1.005183 1.436002 -1.113591 0.727437 -1.174148 0.608044
1776409960.582975 jaka_arm_left success 0.266639 0.295347 -0.446846 0.701060 0.309890 0.248727 0.592130 -1.216437 1.005009 1.435441 -1.113744 0.727317 -1.173833 0.608428
1776409960.591366 jaka_arm_left success 0.266695 0.295324 -0.446845 0.700684 0.310171 0.248707 0.592436 -1.216437 1.005009 1.435441 -1.113744 0.727317 -1.173833 0.608428
1776409960.599704 jaka_arm_left success 0.266750 0.295390 -0.446823 0.700562 0.310114 0.248694 0.592616 -1.216437 1.005009 1.435441 -1.113744 0.727317 -1.173833 0.608428
1776409960.608005 jaka_arm_left success 0.266778 0.295438 -0.446802 0.700416 0.310179 0.248618 0.592786 -1.216604 1.005673 1.435327 -1.113753 0.726681 -1.173896 0.608026
1776409960.616245 jaka_arm_left success 0.266793 0.295432 -0.446785 0.700041 0.310496 0.248580 0.593079 -1.216604 1.005673 1.435327 -1.113753 0.726681 -1.173896 0.608026
1776409960.624628 jaka_arm_left success 0.266793 0.295440 -0.446764 0.699694 0.310730 0.248507 0.593396 -1.216632 1.006532 1.435325 -1.113654 0.725931 -1.174017 0.607398
1776409960.633046 jaka_arm_left success 0.266794 0.295622 -0.446671 0.700136 0.310503 0.248010 0.593202 -1.216632 1.006532 1.435325 -1.113654 0.725931 -1.174017 0.607398
1776409960.641319 jaka_arm_left success 0.266811 0.295616 -0.446657 0.699588 0.310639 0.247711 0.593901 -1.216479 1.006939 1.435929 -1.113793 0.725792 -1.174592 0.606882
1776409960.649618 jaka_arm_left success 0.266822 0.295687 -0.446599 0.699444 0.310616 0.247299 0.594256 -1.216455 1.007164 1.436372 -1.113965 0.725673 -1.175096 0.606489
1776409960.657968 jaka_arm_left success 0.266774 0.295762 -0.446556 0.699112 0.311105 0.246907 0.594553 -1.216654 1.006640 1.436565 -1.113611 0.724899 -1.175663 0.604674
1776409960.666427 jaka_arm_left success 0.266741 0.295762 -0.446571 0.698092 0.311957 0.247086 0.595230 -1.216804 1.007488 1.436242 -1.113407 0.723924 -1.175622 0.604037
1776409960.674634 jaka_arm_left success 0.266713 0.295855 -0.446521 0.698098 0.311791 0.246943 0.595370 -1.216804 1.007488 1.436242 -1.113407 0.723924 -1.175622 0.604037
1776409960.682950 jaka_arm_left success 0.266714 0.295940 -0.446490 0.698090 0.311556 0.246862 0.595536 -1.216804 1.007488 1.436242 -1.113407 0.723924 -1.175622 0.604037
1776409960.691507 jaka_arm_left success 0.266677 0.295954 -0.446463 0.697954 0.311523 0.246984 0.595662 -1.217105 1.007605 1.436288 -1.113749 0.723710 -1.176033 0.604016
1776409960.699666 jaka_arm_left success 0.266625 0.295740 -0.446485 0.697163 0.311809 0.246400 0.596680 -1.217164 1.007241 1.436230 -1.112821 0.721788 -1.178025 0.601676
1776409960.708085 jaka_arm_left success 0.266626 0.295677 -0.446451 0.697235 0.311472 0.246199 0.596855 -1.217450 1.006924 1.436472 -1.113324 0.722091 -1.178524 0.602027
1776409960.716334 jaka_arm_left success 0.266618 0.295595 -0.446455 0.697180 0.311449 0.246049 0.596992 -1.217408 1.006919 1.436812 -1.113438 0.722192 -1.178904 0.601938
1776409960.724552 jaka_arm_left success 0.266672 0.295540 -0.446445 0.697493 0.310844 0.245780 0.597052 -1.219396 1.004653 1.437281 -1.110345 0.721957 -1.181944 0.601476
1776409960.732998 jaka_arm_left success 0.266665 0.295461 -0.446466 0.697537 0.310797 0.245754 0.597037 -1.219396 1.004653 1.437281 -1.110345 0.721957 -1.181944 0.601476
1776409960.741352 jaka_arm_left success 0.266695 0.295534 -0.446462 0.698380 0.310358 0.245943 0.596201 -1.219434 1.003724 1.437157 -1.110390 0.722763 -1.181643 0.602230
1776409960.749549 jaka_arm_left success 0.266695 0.295512 -0.446478 0.698587 0.310403 0.246099 0.595871 -1.219434 1.003724 1.437157 -1.110390 0.722763 -1.181643 0.602230
1776409960.758027 jaka_arm_left success 0.266691 0.295466 -0.446499 0.698654 0.310522 0.246147 0.595710 -1.219243 1.003314 1.436976 -1.110061 0.723154 -1.181127 0.602510
1776409960.766347 jaka_arm_left success 0.266689 0.295379 -0.446529 0.698500 0.310849 0.245998 0.595782 -1.219243 1.003314 1.436976 -1.110061 0.723154 -1.181127 0.602510
1776409960.774601 jaka_arm_left success 0.266688 0.295413 -0.446530 0.698818 0.310910 0.246006 0.595373 -1.219243 1.003314 1.436976 -1.110061 0.723154 -1.181127 0.602510
1776409960.782933 jaka_arm_left success 0.266685 0.295431 -0.446531 0.699068 0.310986 0.245832 0.595112 -1.218809 1.003112 1.437058 -1.109603 0.723490 -1.180704 0.602447
1776409960.791379 jaka_arm_left success 0.266682 0.295401 -0.446540 0.699028 0.311255 0.245524 0.595146 -1.218809 1.003112 1.437058 -1.109603 0.723490 -1.180704 0.602447
1776409960.799648 jaka_arm_left success 0.266730 0.295321 -0.446560 0.698732 0.311621 0.245153 0.595454 -1.218437 1.003467 1.437350 -1.109269 0.723394 -1.180650 0.601963
1776409960.808025 jaka_arm_left success 0.266737 0.295209 -0.446582 0.698263 0.312086 0.244877 0.595874 -1.218248 1.004129 1.437596 -1.109057 0.722981 -1.180740 0.601340
1776409960.816232 jaka_arm_left success 0.266742 0.295195 -0.446583 0.698099 0.312332 0.244854 0.595948 -1.218248 1.004129 1.437596 -1.109057 0.722981 -1.180740 0.601340
1776409960.824635 jaka_arm_left success 0.266739 0.295241 -0.446559 0.698213 0.312478 0.244551 0.595861 -1.218063 1.004397 1.437768 -1.108853 0.722860 -1.180702 0.600977
1776409960.833004 jaka_arm_left success 0.266633 0.295054 -0.446600 0.696853 0.314164 0.244368 0.596641 -1.217716 1.005875 1.437749 -1.108162 0.721624 -1.180511 0.599648
1776409960.841320 jaka_arm_left success 0.266629 0.295086 -0.446596 0.696727 0.314381 0.244126 0.596773 -1.217707 1.006408 1.437791 -1.108030 0.721176 -1.180530 0.599167
1776409960.849532 jaka_arm_left success 0.266573 0.295108 -0.446599 0.696353 0.315092 0.243855 0.596945 -1.217502 1.006887 1.437862 -1.107708 0.720804 -1.180423 0.598608
1776409960.858072 jaka_arm_left success 0.266601 0.295238 -0.446587 0.696453 0.315067 0.243592 0.596949 -1.217502 1.006887 1.437862 -1.107708 0.720804 -1.180423 0.598608
1776409960.866356 jaka_arm_left success 0.266612 0.295466 -0.446519 0.697015 0.314948 0.243524 0.596384 -1.217237 1.006404 1.438044 -1.107492 0.721284 -1.180210 0.598612
1776409960.874611 jaka_arm_left success 0.266599 0.295584 -0.446487 0.697269 0.314914 0.243329 0.596184 -1.219259 1.003403 1.438931 -1.107692 0.721792 -1.179362 0.595053
1776409960.883018 jaka_arm_left success 0.266588 0.295644 -0.446458 0.697378 0.314985 0.242930 0.596182 -1.219259 1.003403 1.438931 -1.107692 0.721792 -1.179362 0.595053
1776409960.891307 jaka_arm_left success 0.266559 0.295659 -0.446447 0.697457 0.315055 0.242732 0.596134 -1.219259 1.003403 1.438931 -1.107692 0.721792 -1.179362 0.595053
1776409960.899636 jaka_arm_left success 0.266537 0.295651 -0.446452 0.697461 0.315153 0.242677 0.596099 -1.219259 1.003403 1.438931 -1.107692 0.721792 -1.179362 0.595053
1776409960.908048 jaka_arm_left success 0.266491 0.295615 -0.446475 0.697423 0.315265 0.242611 0.596112 -1.218957 1.003521 1.439203 -1.107501 0.721845 -1.179368 0.594750
1776409960.916391 jaka_arm_left success 0.266433 0.295544 -0.446506 0.697364 0.315423 0.242371 0.596195 -1.218957 1.003521 1.439203 -1.107501 0.721845 -1.179368 0.594750
1776409960.924604 jaka_arm_left success 0.266388 0.295490 -0.446534 0.697388 0.315520 0.242351 0.596123 -1.218722 1.003646 1.439418 -1.107348 0.721857 -1.179369 0.594475
1776409960.933133 jaka_arm_left success 0.266338 0.295306 -0.446606 0.696914 0.315728 0.241975 0.596720 -1.218605 1.004256 1.439797 -1.107366 0.721489 -1.179720 0.593888
1776409960.941368 jaka_arm_left success 0.266312 0.295313 -0.446662 0.697018 0.315562 0.242231 0.596582 -1.218605 1.004256 1.439797 -1.107366 0.721489 -1.179720 0.593888
1776409960.949599 jaka_arm_left success 0.266294 0.295334 -0.446693 0.697269 0.315411 0.242201 0.596381 -1.218605 1.004256 1.439797 -1.107366 0.721489 -1.179720 0.593888
1776409960.958030 jaka_arm_left success 0.266259 0.295488 -0.446687 0.698249 0.314888 0.241982 0.595599 -1.218532 1.002933 1.439948 -1.107531 0.722702 -1.179526 0.594706
1776409960.966403 jaka_arm_left success 0.266236 0.295525 -0.446683 0.698923 0.314712 0.241770 0.594988 -1.219883 1.000732 1.440884 -1.108691 0.724133 -1.177503 0.592508
1776409960.974594 jaka_arm_left success 0.266225 0.295503 -0.446704 0.699135 0.314793 0.241636 0.594749 -1.219634 1.000678 1.441019 -1.108529 0.724286 -1.177392 0.592404
1776409960.982929 jaka_arm_left success 0.266232 0.295384 -0.446753 0.698841 0.315232 0.241544 0.594900 -1.219634 1.000678 1.441019 -1.108529 0.724286 -1.177392 0.592404
1776409960.991316 jaka_arm_left success 0.266229 0.295559 -0.446733 0.699939 0.314637 0.241611 0.593896 -1.219605 1.000458 1.442343 -1.113026 0.726648 -1.172226 0.590300
1776409960.999656 jaka_arm_left success 0.266207 0.295546 -0.446744 0.700276 0.314508 0.241370 0.593665 -1.219344 1.000010 1.442462 -1.113197 0.726960 -1.172336 0.590377
1776409961.007966 jaka_arm_left success 0.266170 0.295491 -0.446756 0.700382 0.314596 0.241106 0.593600 -1.219344 1.000010 1.442462 -1.113197 0.726960 -1.172336 0.590377
1776409961.016310 jaka_arm_left success 0.266148 0.295354 -0.446800 0.700519 0.314144 0.239747 0.594228 -1.218769 0.999027 1.443832 -1.113692 0.727059 -1.173790 0.588468
1776409961.024594 jaka_arm_left success 0.266117 0.295282 -0.446835 0.700378 0.314078 0.239567 0.594503 -1.218769 0.999027 1.443832 -1.113692 0.727059 -1.173790 0.588468
1776409961.033087 jaka_arm_left success 0.266125 0.295236 -0.446817 0.700498 0.313587 0.239141 0.594792 -1.218829 0.998925 1.444375 -1.114144 0.727269 -1.174454 0.588406
1776409961.041309 jaka_arm_left success 0.266119 0.295225 -0.446825 0.700601 0.313341 0.239133 0.594804 -1.218829 0.998925 1.444375 -1.114144 0.727269 -1.174454 0.588406
1776409961.049628 jaka_arm_left success 0.266105 0.295249 -0.446816 0.700839 0.313012 0.239216 0.594663 -1.218829 0.998925 1.444375 -1.114144 0.727269 -1.174454 0.588406
1776409961.057929 jaka_arm_left success 0.266084 0.295238 -0.446806 0.700932 0.312881 0.239246 0.594610 -1.219016 0.998403 1.444450 -1.114472 0.727658 -1.174644 0.588770
1776409961.066368 jaka_arm_left success 0.266059 0.295178 -0.446819 0.700730 0.312869 0.239598 0.594713 -1.219016 0.998403 1.444450 -1.114472 0.727658 -1.174644 0.588770
1776409961.074611 jaka_arm_left success 0.266034 0.295204 -0.446800 0.700792 0.312858 0.240123 0.594434 -1.219358 0.998199 1.443974 -1.114588 0.727554 -1.174430 0.589082
1776409961.082964 jaka_arm_left success 0.266009 0.295178 -0.446807 0.700804 0.312653 0.240082 0.594544 -1.219358 0.998199 1.443974 -1.114588 0.727554 -1.174430 0.589082
1776409961.091343 jaka_arm_left success 0.265983 0.295035 -0.446853 0.700500 0.312687 0.240058 0.594895 -1.219358 0.998199 1.443974 -1.114588 0.727554 -1.174430 0.589082
1776409961.099646 jaka_arm_left success 0.265965 0.294980 -0.446855 0.700442 0.312659 0.239984 0.595006 -1.219563 0.998493 1.444010 -1.114849 0.727260 -1.174748 0.588986
1776409961.107961 jaka_arm_left success 0.265952 0.294847 -0.446903 0.700005 0.312800 0.240464 0.595252 -1.219841 0.998883 1.443698 -1.114961 0.726754 -1.174776 0.588931
1776409961.116286 jaka_arm_left success 0.265913 0.294695 -0.446922 0.699563 0.312887 0.240157 0.595851 -1.219827 0.999516 1.443898 -1.115057 0.726290 -1.175161 0.588535
1776409961.124594 jaka_arm_left success 0.265904 0.294708 -0.446904 0.699687 0.312597 0.240151 0.595860 -1.219827 0.999516 1.443898 -1.115057 0.726290 -1.175161 0.588535
1776409961.133076 jaka_arm_left success 0.265883 0.294806 -0.446843 0.700165 0.312118 0.239811 0.595687 -1.219840 0.998988 1.444269 -1.115437 0.726880 -1.175571 0.588934
1776409961.141298 jaka_arm_left success 0.265871 0.294803 -0.446826 0.700134 0.311894 0.239765 0.595858 -1.219840 0.998988 1.444269 -1.115437 0.726880 -1.175571 0.588934
1776409961.149554 jaka_arm_left success 0.265847 0.294883 -0.446762 0.700236 0.311606 0.239888 0.595839 -1.219840 0.998988 1.444269 -1.115437 0.726880 -1.175571 0.588934
1776409961.158007 jaka_arm_left success 0.265837 0.294893 -0.446722 0.700156 0.311384 0.240015 0.595998 -1.220152 0.998823 1.444322 -1.115894 0.726973 -1.175966 0.589248
1776409961.166363 jaka_arm_left success 0.265806 0.294861 -0.446700 0.699798 0.311214 0.239985 0.596520 -1.220160 0.999163 1.444581 -1.116200 0.726592 -1.176893 0.589115
1776409961.174586 jaka_arm_left success 0.265724 0.294803 -0.446644 0.699242 0.311303 0.240079 0.597087 -1.217936 0.998612 1.441724 -1.113981 0.723824 -1.181115 0.591363
1776409961.182911 jaka_arm_left success 0.265661 0.294779 -0.446558 0.698929 0.311028 0.239853 0.597687 -1.219513 0.999210 1.443075 -1.112711 0.724021 -1.182546 0.591308
1776409961.191314 jaka_arm_left success 0.265681 0.294729 -0.446477 0.698506 0.310137 0.239703 0.598705 -1.222031 0.997931 1.442847 -1.105904 0.722266 -1.190061 0.593683
1776409961.199634 jaka_arm_left success 0.265670 0.294779 -0.446392 0.698536 0.308629 0.239548 0.599510 -1.225797 1.000045 1.445186 -1.102131 0.723913 -1.192647 0.597295
1776409961.207968 jaka_arm_left success 0.265584 0.294724 -0.446303 0.698227 0.308072 0.239277 0.600264 -1.227106 0.998593 1.444735 -1.098710 0.722511 -1.197164 0.597965
1776409961.216246 jaka_arm_left success 0.265529 0.294438 -0.446271 0.696836 0.308033 0.239175 0.601939 -1.227748 0.999814 1.443846 -1.093714 0.720047 -1.204060 0.599641
1776409961.224589 jaka_arm_left success 0.265431 0.294331 -0.446181 0.696283 0.307606 0.239066 0.602840 -1.232266 1.002328 1.445852 -1.089333 0.720670 -1.205914 0.601615
1776409961.233008 jaka_arm_left success 0.265221 0.294282 -0.446036 0.695598 0.307629 0.239420 0.603479 -1.232212 1.002790 1.445449 -1.089279 0.719586 -1.207054 0.601510
1776409961.241293 jaka_arm_left success 0.265140 0.294051 -0.445995 0.694320 0.307221 0.238709 0.605436 -1.232572 1.002629 1.444694 -1.080965 0.716218 -1.217868 0.604964
1776409961.249521 jaka_arm_left success 0.265047 0.293878 -0.445879 0.693363 0.306912 0.237657 0.607101 -1.240073 1.002567 1.447842 -1.073074 0.715860 -1.223363 0.603979
1776409961.257960 jaka_arm_left success 0.264998 0.293755 -0.445766 0.692887 0.306050 0.236962 0.608351 -1.239099 1.002086 1.446844 -1.068822 0.713762 -1.230116 0.606599
1776409961.266550 jaka_arm_left success 0.264975 0.293693 -0.445613 0.692904 0.304575 0.235839 0.609506 -1.246687 1.001756 1.450821 -1.061210 0.715374 -1.235215 0.607426
1776409961.274567 jaka_arm_left success 0.264840 0.293377 -0.445520 0.691950 0.304118 0.234638 0.611280 -1.248451 1.001526 1.451328 -1.054377 0.712862 -1.244414 0.608978
1776409961.282951 jaka_arm_left success 0.264721 0.292954 -0.445483 0.690216 0.304359 0.234295 0.613249 -1.250047 1.003537 1.452194 -1.051838 0.711453 -1.247307 0.608810
1776409961.291244 jaka_arm_left success 0.264658 0.292621 -0.445372 0.689207 0.303745 0.233983 0.614804 -1.252294 1.003603 1.451950 -1.044453 0.709065 -1.255839 0.611734
1776409961.299614 jaka_arm_left success 0.264611 0.292365 -0.445234 0.688945 0.302639 0.233458 0.615843 -1.257194 1.005067 1.454876 -1.041684 0.710409 -1.257433 0.612146
1776409961.307960 jaka_arm_left success 0.264381 0.291933 -0.445060 0.688201 0.302888 0.232960 0.616740 -1.257063 1.005889 1.455269 -1.041719 0.709890 -1.258020 0.611512
1776409961.316273 jaka_arm_left success 0.264302 0.291576 -0.444812 0.688318 0.301427 0.232302 0.617572 -1.258233 1.004436 1.455322 -1.036214 0.708680 -1.265620 0.614043
1776409961.324802 jaka_arm_left success 0.264152 0.290911 -0.444643 0.687020 0.301814 0.232396 0.618793 -1.258767 1.006396 1.455653 -1.036223 0.707683 -1.266490 0.613845
1776409961.333011 jaka_arm_left success 0.263933 0.290409 -0.444357 0.687499 0.300971 0.231787 0.618900 -1.258833 1.006051 1.456340 -1.036777 0.708332 -1.267176 0.614139
1776409961.341290 jaka_arm_left success 0.263776 0.289766 -0.444083 0.687039 0.300753 0.232196 0.619363 -1.259189 1.006374 1.456296 -1.037127 0.708043 -1.267500 0.614218
1776409961.349552 jaka_arm_left success 0.263645 0.289141 -0.443749 0.687155 0.300008 0.232924 0.619322 -1.259666 1.006303 1.456094 -1.037594 0.708024 -1.267680 0.614708
1776409961.358059 jaka_arm_left success 0.263446 0.288641 -0.443288 0.688541 0.298568 0.233162 0.618387 -1.258862 1.007584 1.456598 -1.039061 0.710466 -1.266659 0.618998
1776409961.366375 jaka_arm_left success 0.263231 0.287907 -0.442866 0.688951 0.297422 0.234091 0.618132 -1.257959 1.008902 1.456198 -1.040785 0.711407 -1.265805 0.622070
1776409961.374573 jaka_arm_left success 0.262984 0.287044 -0.442505 0.689298 0.296177 0.234665 0.618126 -1.257134 1.009848 1.456103 -1.042857 0.712179 -1.265428 0.624278
1776409961.382931 jaka_arm_left success 0.262787 0.286296 -0.442066 0.689974 0.294479 0.235758 0.617767 -1.254036 1.010780 1.454891 -1.048770 0.713322 -1.263150 0.627514
1776409961.391312 jaka_arm_left success 0.262553 0.285384 -0.441621 0.690137 0.293119 0.237033 0.617744 -1.248448 1.012093 1.452799 -1.058897 0.713321 -1.258657 0.628227
1776409961.399655 jaka_arm_left success 0.262272 0.284486 -0.441171 0.690915 0.291406 0.237791 0.617393 -1.248925 1.010886 1.453180 -1.060043 0.714804 -1.258953 0.629768
1776409961.407993 jaka_arm_left success 0.262048 0.283692 -0.440644 0.691954 0.289302 0.239178 0.616683 -1.247015 1.013573 1.452541 -1.065577 0.716925 -1.255533 0.634570
1776409961.416276 jaka_arm_left success 0.261948 0.282867 -0.440113 0.693299 0.286369 0.240338 0.616090 -1.247614 1.012355 1.452585 -1.067907 0.718799 -1.255598 0.637335
1776409961.424587 jaka_arm_left success 0.261763 0.281851 -0.439652 0.693892 0.284479 0.240875 0.616088 -1.243671 1.013889 1.452220 -1.076756 0.720279 -1.252300 0.639105
1776409961.433006 jaka_arm_left success 0.261641 0.281081 -0.439001 0.695601 0.282147 0.242861 0.614452 -1.238539 1.013588 1.449775 -1.088929 0.722542 -1.244112 0.640361
1776409961.441362 jaka_arm_left success 0.261499 0.280037 -0.438443 0.696611 0.280093 0.243219 0.614106 -1.238937 1.012343 1.450556 -1.090231 0.724120 -1.244893 0.641680
1776409961.449600 jaka_arm_left success 0.261438 0.278829 -0.437868 0.697466 0.278277 0.243595 0.613812 -1.236971 1.014244 1.451749 -1.099503 0.727183 -1.239448 0.642409
1776409961.458019 jaka_arm_left success 0.261422 0.277848 -0.437195 0.699015 0.276120 0.244382 0.612710 -1.231155 1.014531 1.450795 -1.114361 0.730188 -1.230346 0.641848
1776409961.466365 jaka_arm_left success 0.261349 0.276719 -0.436589 0.700107 0.274805 0.244365 0.612061 -1.231378 1.012985 1.451507 -1.116456 0.731727 -1.229175 0.641235
1776409961.474619 jaka_arm_left success 0.261421 0.275572 -0.435954 0.700794 0.273369 0.245334 0.611530 -1.227248 1.014665 1.451053 -1.128674 0.734236 -1.221378 0.641244
1776409961.482935 jaka_arm_left success 0.261433 0.274407 -0.435288 0.702057 0.271583 0.244788 0.611095 -1.227864 1.012315 1.452459 -1.131269 0.736060 -1.220778 0.639761
1776409961.491360 jaka_arm_left success 0.261436 0.273314 -0.434655 0.702645 0.270486 0.245791 0.610503 -1.222864 1.014689 1.451931 -1.143546 0.738609 -1.212357 0.639854
1776409961.499735 jaka_arm_left success 0.261450 0.272256 -0.433997 0.703815 0.268967 0.245700 0.609863 -1.223433 1.012014 1.452861 -1.148941 0.740249 -1.209454 0.636554
1776409961.508004 jaka_arm_left success 0.261573 0.271140 -0.433323 0.704431 0.267205 0.246294 0.609686 -1.220917 1.012988 1.452809 -1.155180 0.741888 -1.206946 0.638153
1776409961.516281 jaka_arm_left success 0.261752 0.270258 -0.432546 0.706027 0.264929 0.246625 0.608699 -1.220068 1.012369 1.454021 -1.164124 0.745737 -1.200747 0.637328
1776409961.524572 jaka_arm_left success 0.261771 0.268859 -0.431911 0.705412 0.264690 0.245811 0.609844 -1.219290 1.012598 1.454695 -1.166670 0.744863 -1.201061 0.634907
1776409961.533105 jaka_arm_left success 0.261992 0.267786 -0.431153 0.706223 0.262669 0.245896 0.609745 -1.219195 1.012978 1.456234 -1.173945 0.747713 -1.196894 0.634338
1776409961.541393 jaka_arm_left success 0.262293 0.266815 -0.430377 0.707253 0.260418 0.246340 0.609338 -1.217797 1.011834 1.456640 -1.180893 0.749662 -1.193750 0.633355
1776409961.549571 jaka_arm_left success 0.262510 0.265713 -0.429594 0.708263 0.258399 0.244946 0.609586 -1.219531 1.008607 1.458800 -1.183839 0.751230 -1.194528 0.630635
1776409961.557987 jaka_arm_left success 0.262758 0.264412 -0.428817 0.708029 0.257310 0.245160 0.610233 -1.218971 1.010665 1.459900 -1.189886 0.752447 -1.191050 0.629772
1776409961.566367 jaka_arm_left success 0.263132 0.263266 -0.428006 0.708505 0.255389 0.245860 0.610205 -1.220065 1.009935 1.459875 -1.191619 0.753326 -1.191446 0.631259
1776409961.574601 jaka_arm_left success 0.263275 0.262269 -0.427117 0.709938 0.253985 0.245271 0.609361 -1.217806 1.008458 1.462545 -1.205825 0.757855 -1.181006 0.624387
1776409961.583020 jaka_arm_left success 0.263557 0.261093 -0.426258 0.709969 0.252965 0.245568 0.609630 -1.215255 1.009979 1.461862 -1.210903 0.758270 -1.179293 0.625828
1776409961.591413 jaka_arm_left success 0.264068 0.259714 -0.425440 0.709433 0.251413 0.247004 0.610316 -1.216872 1.010638 1.461441 -1.212641 0.757616 -1.180004 0.626723
1776409961.599833 jaka_arm_left success 0.264352 0.258730 -0.424455 0.710450 0.250462 0.247372 0.609374 -1.210523 1.010659 1.461377 -1.231417 0.761294 -1.166938 0.621283
1776409961.607958 jaka_arm_left success 0.264659 0.257534 -0.423542 0.710516 0.249558 0.247617 0.609568 -1.211003 1.010532 1.461432 -1.232040 0.761410 -1.167322 0.621682
1776409961.616308 jaka_arm_left success 0.265043 0.256267 -0.422651 0.710059 0.248818 0.247747 0.610350 -1.212140 1.011864 1.462510 -1.233998 0.761697 -1.167489 0.621931
1776409961.624674 jaka_arm_left success 0.265441 0.255078 -0.421726 0.709326 0.248768 0.248401 0.610957 -1.212036 1.015135 1.463707 -1.241534 0.762882 -1.160421 0.618795
1776409961.632967 jaka_arm_left success 0.265838 0.254032 -0.420796 0.709243 0.248018 0.248508 0.611314 -1.210155 1.015549 1.464422 -1.250026 0.764445 -1.155543 0.616275
1776409961.641343 jaka_arm_left success 0.266365 0.253140 -0.419744 0.710202 0.246165 0.248182 0.611083 -1.211600 1.012427 1.465389 -1.252932 0.765632 -1.155538 0.614215
1776409961.649550 jaka_arm_left success 0.266862 0.252164 -0.418763 0.710233 0.245634 0.248086 0.611299 -1.212505 1.013392 1.467673 -1.259990 0.768120 -1.149578 0.610688
1776409961.658016 jaka_arm_left success 0.267496 0.251006 -0.417812 0.709577 0.244492 0.246973 0.612967 -1.213081 1.013826 1.469152 -1.261679 0.767459 -1.151870 0.609692
1776409961.666441 jaka_arm_left success 0.267971 0.249943 -0.416940 0.708862 0.244347 0.246372 0.614093 -1.214591 1.013194 1.470005 -1.263171 0.766277 -1.152519 0.606446
1776409961.674611 jaka_arm_left success 0.268630 0.249289 -0.415915 0.709770 0.242196 0.246250 0.613945 -1.217572 1.010129 1.471670 -1.266394 0.768425 -1.150540 0.603413
1776409961.683007 jaka_arm_left success 0.269383 0.248251 -0.414971 0.709443 0.241006 0.245899 0.614932 -1.219352 1.010563 1.473525 -1.269510 0.769112 -1.149816 0.601638
1776409961.691382 jaka_arm_left success 0.269815 0.247179 -0.414045 0.708468 0.241987 0.245498 0.615830 -1.220262 1.011539 1.475401 -1.275766 0.769753 -1.144073 0.595688
1776409961.699628 jaka_arm_left success 0.270557 0.246367 -0.413052 0.708801 0.240827 0.245232 0.616007 -1.220134 1.009280 1.475912 -1.282007 0.770165 -1.141795 0.591548
1776409961.707964 jaka_arm_left success 0.271085 0.245327 -0.412158 0.707618 0.241667 0.245137 0.617074 -1.220200 1.010619 1.476011 -1.282076 0.768994 -1.142019 0.590769
1776409961.716295 jaka_arm_left success 0.271757 0.244769 -0.411143 0.708652 0.240570 0.245582 0.616139 -1.219361 1.009894 1.477604 -1.294380 0.773040 -1.131711 0.585403
1776409961.724599 jaka_arm_left success 0.272458 0.243863 -0.410240 0.708085 0.240053 0.245641 0.616968 -1.220022 1.010549 1.477728 -1.295230 0.772392 -1.132431 0.585389
1776409961.733019 jaka_arm_left success 0.272966 0.242861 -0.409373 0.707080 0.240428 0.244623 0.618378 -1.221580 1.010984 1.479388 -1.297517 0.771493 -1.131739 0.581249
1776409961.741383 jaka_arm_left success 0.273688 0.242153 -0.408388 0.707259 0.239023 0.244446 0.618789 -1.224034 1.009986 1.481233 -1.301074 0.772646 -1.129973 0.578189
1776409961.749542 jaka_arm_left success 0.274341 0.241302 -0.407532 0.706302 0.238521 0.244242 0.620155 -1.224683 1.010829 1.481677 -1.302089 0.771907 -1.131032 0.578009
1776409961.758057 jaka_arm_left success 0.274930 0.240694 -0.406610 0.706547 0.237453 0.244473 0.620193 -1.226658 1.010251 1.482841 -1.304689 0.772984 -1.129292 0.576199
1776409961.766522 jaka_arm_left success 0.275578 0.239961 -0.405615 0.706241 0.236442 0.243718 0.621225 -1.228779 1.008979 1.484580 -1.307311 0.772997 -1.129493 0.572832
1776409961.774618 jaka_arm_left success 0.276216 0.239508 -0.404618 0.706742 0.234883 0.244069 0.621109 -1.231264 1.007790 1.486616 -1.312676 0.775289 -1.125246 0.569024
1776409961.782939 jaka_arm_left success 0.276923 0.238942 -0.403678 0.706898 0.232780 0.243912 0.621784 -1.232142 1.007143 1.487666 -1.314617 0.775967 -1.127149 0.569791
1776409961.791392 jaka_arm_left success 0.277423 0.238283 -0.402832 0.706100 0.232194 0.244246 0.622779 -1.233072 1.007646 1.487286 -1.315407 0.775266 -1.127509 0.570027
1776409961.799657 jaka_arm_left success 0.277951 0.237738 -0.401922 0.705925 0.231071 0.244695 0.623218 -1.234219 1.008081 1.487364 -1.316724 0.774689 -1.128365 0.570188
1776409961.808069 jaka_arm_left success 0.278466 0.237019 -0.401085 0.705164 0.230229 0.244628 0.624416 -1.235001 1.008474 1.487515 -1.317676 0.774253 -1.129134 0.570332
1776409961.816256 jaka_arm_left success 0.279006 0.236797 -0.400163 0.705664 0.228713 0.245414 0.624100 -1.237891 1.006739 1.488339 -1.319853 0.775260 -1.128085 0.568552
1776409961.824629 jaka_arm_left success 0.279566 0.236172 -0.399290 0.704873 0.227563 0.244974 0.625586 -1.238768 1.007328 1.488845 -1.321158 0.774715 -1.129361 0.568621
1776409961.832989 jaka_arm_left success 0.280042 0.235848 -0.398408 0.704923 0.226479 0.245456 0.625734 -1.239732 1.007210 1.489288 -1.322374 0.774720 -1.130277 0.568761
1776409961.841353 jaka_arm_left success 0.280547 0.235407 -0.397577 0.704571 0.225220 0.245561 0.626543 -1.240894 1.007307 1.489710 -1.323660 0.774429 -1.131290 0.568733
1776409961.849523 jaka_arm_left success 0.281052 0.234908 -0.396806 0.703804 0.224676 0.246013 0.627422 -1.242099 1.008002 1.489522 -1.324474 0.773464 -1.131628 0.568424
1776409961.857945 jaka_arm_left success 0.281586 0.234555 -0.395986 0.703441 0.223349 0.246577 0.628081 -1.243536 1.007840 1.489700 -1.325873 0.773419 -1.132497 0.568834
1776409961.866344 jaka_arm_left success 0.282130 0.234498 -0.395058 0.704313 0.221428 0.246515 0.627808 -1.245676 1.005478 1.490192 -1.327070 0.774678 -1.132739 0.568482
1776409961.874603 jaka_arm_left success 0.282495 0.233983 -0.394415 0.702806 0.221592 0.245818 0.629709 -1.249410 1.004615 1.492089 -1.327360 0.773055 -1.133478 0.563157
1776409961.882876 jaka_arm_left success 0.283139 0.234041 -0.393635 0.703278 0.219814 0.245962 0.629749 -1.250203 1.004095 1.492094 -1.328283 0.773459 -1.134029 0.563913
1776409961.891348 jaka_arm_left success 0.283619 0.233917 -0.392949 0.702794 0.219492 0.245405 0.630619 -1.253289 1.002472 1.493190 -1.329150 0.772903 -1.135332 0.561322
1776409961.899633 jaka_arm_left success 0.284127 0.233615 -0.392334 0.701269 0.220353 0.244619 0.632320 -1.255205 1.003000 1.494295 -1.328268 0.770868 -1.135954 0.557486
1776409961.908001 jaka_arm_left success 0.284865 0.233712 -0.391623 0.701330 0.219013 0.243658 0.633088 -1.258790 1.000029 1.495802 -1.328193 0.770763 -1.138038 0.554552
1776409961.916246 jaka_arm_left success 0.285367 0.233617 -0.391008 0.700500 0.220017 0.242864 0.633964 -1.260191 1.000200 1.496689 -1.327216 0.769511 -1.138374 0.551721
1776409961.924584 jaka_arm_left success 0.286018 0.233698 -0.390417 0.700356 0.219221 0.242212 0.634648 -1.263008 0.998692 1.497738 -1.327230 0.768888 -1.139978 0.549418
1776409961.932984 jaka_arm_left success 0.286458 0.233619 -0.389885 0.699018 0.220520 0.241250 0.636037 -1.264213 0.999066 1.498519 -1.325964 0.767091 -1.140655 0.546308
1776409961.941341 jaka_arm_left success 0.287002 0.233580 -0.389373 0.698370 0.220773 0.239876 0.637180 -1.267014 0.997206 1.500098 -1.324531 0.765726 -1.142480 0.541861
1776409961.949550 jaka_arm_left success 0.287568 0.233814 -0.388823 0.698195 0.220740 0.239349 0.637581 -1.269475 0.996168 1.500808 -1.323863 0.764913 -1.143507 0.539619
1776409961.957992 jaka_arm_left success 0.288146 0.233938 -0.388313 0.697742 0.221079 0.238490 0.638281 -1.272164 0.994425 1.501929 -1.322279 0.764144 -1.144486 0.536180
1776409961.966341 jaka_arm_left success 0.288693 0.233841 -0.387897 0.696469 0.221586 0.237376 0.639908 -1.274058 0.994971 1.503040 -1.321281 0.762429 -1.146171 0.533784
1776409961.974615 jaka_arm_left success 0.289173 0.234093 -0.387433 0.695931 0.222133 0.237936 0.640096 -1.274434 0.995615 1.502451 -1.321129 0.761588 -1.145834 0.533573
1776409961.982970 jaka_arm_left success 0.289793 0.234267 -0.387051 0.695263 0.221473 0.237005 0.641395 -1.283524 0.995029 1.505702 -1.311482 0.760788 -1.151993 0.532906
1776409961.991350 jaka_arm_left success 0.290261 0.234412 -0.386687 0.694072 0.222401 0.237817 0.642063 -1.283928 0.996279 1.504854 -1.311303 0.759291 -1.151588 0.532476
1776409961.999629 jaka_arm_left success 0.290678 0.234546 -0.386345 0.693085 0.223000 0.236229 0.643507 -1.284173 0.995663 1.505154 -1.310335 0.756948 -1.154160 0.529840
1776409962.016325 jaka_arm_left success 0.291141 0.234628 -0.385971 0.691948 0.223619 0.235851 0.644652 -1.285238 0.995845 1.505060 -1.309112 0.754874 -1.155803 0.528196
1776409962.024639 jaka_arm_left success 0.292001 0.235285 -0.385367 0.690928 0.224614 0.233889 0.646114 -1.292727 0.994504 1.508071 -1.299880 0.752730 -1.161574 0.524403
1776409962.032994 jaka_arm_left success 0.292526 0.235497 -0.385159 0.689784 0.224328 0.233914 0.647425 -1.293452 0.995473 1.507981 -1.300578 0.751639 -1.162284 0.524237
1776409962.041345 jaka_arm_left success 0.292743 0.235714 -0.384971 0.688693 0.225370 0.233491 0.648377 -1.295402 0.994968 1.506592 -1.292782 0.747412 -1.169144 0.524884
1776409962.049549 jaka_arm_left success 0.293080 0.235832 -0.384915 0.687035 0.225494 0.233162 0.650209 -1.300031 0.995819 1.507461 -1.285652 0.745001 -1.175233 0.525804
1776409962.057996 jaka_arm_left success 0.293345 0.236099 -0.384816 0.686212 0.225536 0.232764 0.651205 -1.300594 0.996953 1.507954 -1.284387 0.743866 -1.176985 0.525683
1776409962.066371 jaka_arm_left success 0.293609 0.236417 -0.384753 0.685631 0.225344 0.231922 0.652183 -1.306942 0.997004 1.509662 -1.272531 0.742416 -1.185442 0.528313
1776409962.074602 jaka_arm_left success 0.293841 0.236538 -0.384780 0.684477 0.225631 0.231227 0.653541 -1.306830 0.998261 1.510188 -1.272638 0.741340 -1.186136 0.527373
1776409962.082991 jaka_arm_left success 0.294058 0.236695 -0.384811 0.683798 0.225686 0.230826 0.654374 -1.309681 0.996463 1.510003 -1.267783 0.738821 -1.191070 0.526196
1776409962.091264 jaka_arm_left success 0.294099 0.236919 -0.384819 0.683208 0.227047 0.231110 0.654420 -1.309401 0.997215 1.509632 -1.267110 0.738064 -1.190494 0.525652
1776409962.099664 jaka_arm_left success 0.294388 0.237025 -0.384911 0.682769 0.226369 0.229928 0.655528 -1.314382 0.996798 1.511464 -1.260117 0.737037 -1.196230 0.525882
1776409962.108041 jaka_arm_left success 0.294538 0.237113 -0.385023 0.682527 0.226907 0.229445 0.655763 -1.314074 0.997157 1.511673 -1.259850 0.736818 -1.196239 0.525485
1776409962.116341 jaka_arm_left success 0.294669 0.237191 -0.385085 0.682818 0.227293 0.229433 0.655331 -1.314074 0.997157 1.511673 -1.259850 0.736818 -1.196239 0.525485
1776409962.124591 jaka_arm_left success 0.294743 0.237176 -0.385183 0.683123 0.227880 0.229397 0.654821 -1.313458 0.996954 1.511602 -1.259032 0.737066 -1.195543 0.525212
1776409962.133066 jaka_arm_left success 0.294770 0.237110 -0.385281 0.683599 0.228452 0.228979 0.654271 -1.312880 0.996644 1.511687 -1.258367 0.737460 -1.195006 0.524985
1776409962.141316 jaka_arm_left success 0.294786 0.237038 -0.385366 0.684475 0.229020 0.229349 0.653026 -1.313529 0.997001 1.512640 -1.258828 0.739868 -1.190950 0.524495
1776409962.149596 jaka_arm_left success 0.294798 0.236942 -0.385438 0.685173 0.229370 0.229476 0.652126 -1.313445 0.996750 1.513968 -1.264594 0.742685 -1.184162 0.521186
1776409962.157993 jaka_arm_left success 0.294847 0.236709 -0.385582 0.685296 0.229363 0.229875 0.651859 -1.313445 0.996750 1.513968 -1.264594 0.742685 -1.184162 0.521186
1776409962.166347 jaka_arm_left success 0.294864 0.236599 -0.385652 0.686173 0.229217 0.229771 0.651023 -1.313260 0.995738 1.513648 -1.264310 0.743567 -1.183528 0.521743
1776409962.174617 jaka_arm_left success 0.294798 0.236347 -0.385799 0.686577 0.229180 0.229624 0.650663 -1.309355 0.996278 1.513452 -1.271751 0.744985 -1.178491 0.520395
1776409962.182885 jaka_arm_left success 0.294772 0.236166 -0.385823 0.687368 0.229002 0.230157 0.649700 -1.309286 0.995298 1.513080 -1.271507 0.745812 -1.177860 0.520967
1776409962.191242 jaka_arm_left success 0.294742 0.236026 -0.385853 0.688135 0.228379 0.229843 0.649219 -1.309397 0.994301 1.513809 -1.273493 0.747372 -1.176076 0.520066
1776409962.199687 jaka_arm_left success 0.294716 0.235792 -0.385916 0.688327 0.227900 0.229196 0.649412 -1.309167 0.994138 1.514608 -1.273830 0.747788 -1.176727 0.519932
1776409962.208071 jaka_arm_left success 0.294683 0.235440 -0.385985 0.688395 0.227209 0.228725 0.649749 -1.309321 0.994056 1.515197 -1.274432 0.748033 -1.177460 0.519997
1776409962.216357 jaka_arm_left success 0.294558 0.235056 -0.386030 0.688489 0.226812 0.227703 0.650146 -1.308969 0.994122 1.516272 -1.274722 0.748304 -1.178307 0.519549
1776409962.224618 jaka_arm_left success 0.294539 0.234735 -0.386079 0.688435 0.226079 0.227465 0.650542 -1.309333 0.994082 1.516693 -1.275382 0.748425 -1.179007 0.519687
1776409962.233112 jaka_arm_left success 0.294413 0.234474 -0.386087 0.688578 0.225615 0.228020 0.650358 -1.309644 0.993872 1.516602 -1.275662 0.748587 -1.179081 0.519998
1776409962.241308 jaka_arm_left success 0.294357 0.234182 -0.386033 0.688918 0.224566 0.228224 0.650289 -1.310130 0.993434 1.516635 -1.276254 0.749018 -1.179399 0.520590
1776409962.249612 jaka_arm_left success 0.294148 0.233794 -0.386024 0.688923 0.224374 0.227744 0.650518 -1.310061 0.993365 1.517319 -1.276607 0.749371 -1.179978 0.520558
1776409962.257995 jaka_arm_left success 0.293970 0.233521 -0.385957 0.689398 0.223850 0.228613 0.649890 -1.310469 0.992849 1.516937 -1.276842 0.749801 -1.179731 0.521233
1776409962.266457 jaka_arm_left success 0.293849 0.233196 -0.385919 0.689316 0.223074 0.228682 0.650220 -1.310831 0.992752 1.516980 -1.277316 0.749984 -1.179989 0.521635
1776409962.274620 jaka_arm_left success 0.293666 0.232873 -0.385841 0.689381 0.222894 0.229489 0.649928 -1.310425 0.995605 1.517371 -1.278310 0.751779 -1.177913 0.524792
1776409962.282916 jaka_arm_left success 0.293470 0.232648 -0.385713 0.689876 0.222570 0.229761 0.649418 -1.310410 0.995190 1.517357 -1.278373 0.752229 -1.177796 0.525107
1776409962.291340 jaka_arm_left success 0.293401 0.232523 -0.385542 0.690830 0.221359 0.230293 0.648629 -1.309996 0.995084 1.517567 -1.280044 0.754083 -1.176579 0.526749
1776409962.299677 jaka_arm_left success 0.293164 0.232240 -0.385431 0.690962 0.221329 0.230159 0.648546 -1.307173 0.996403 1.517798 -1.285543 0.755524 -1.172733 0.526494
1776409962.308028 jaka_arm_left success 0.292940 0.231943 -0.385324 0.691254 0.221016 0.229404 0.648609 -1.307016 0.995454 1.518440 -1.286086 0.755419 -1.173485 0.525116
1776409962.316321 jaka_arm_left success 0.292684 0.231734 -0.385231 0.691197 0.221281 0.229517 0.648540 -1.307016 0.995454 1.518440 -1.286086 0.755419 -1.173485 0.525116
1776409962.324604 jaka_arm_left success 0.292545 0.231605 -0.385080 0.691517 0.220544 0.229895 0.648316 -1.307126 0.994804 1.518050 -1.286730 0.755836 -1.173226 0.525626
1776409962.333009 jaka_arm_left success 0.292331 0.231391 -0.384942 0.691352 0.220586 0.229970 0.648450 -1.305752 0.995330 1.517564 -1.288397 0.755567 -1.172445 0.525634
1776409962.341392 jaka_arm_left success 0.292084 0.231276 -0.384793 0.691331 0.220322 0.229821 0.648615 -1.305250 0.995083 1.517769 -1.289251 0.755676 -1.172681 0.525460
1776409962.349571 jaka_arm_left success 0.291882 0.231230 -0.384629 0.691575 0.219794 0.229894 0.648509 -1.305009 0.994633 1.517538 -1.290141 0.755879 -1.172668 0.525732
1776409962.358020 jaka_arm_left success 0.291507 0.231192 -0.384504 0.691563 0.219994 0.230546 0.648222 -1.299657 0.994828 1.515372 -1.295737 0.755493 -1.170119 0.526082
1776409962.366368 jaka_arm_left success 0.291275 0.231297 -0.384290 0.692204 0.218892 0.230941 0.647770 -1.300128 0.994208 1.515156 -1.296223 0.755983 -1.170201 0.526783
1776409962.374588 jaka_arm_left success 0.290981 0.231381 -0.384076 0.692467 0.218862 0.231945 0.647140 -1.298630 0.994372 1.514023 -1.297949 0.756586 -1.168724 0.528301
1776409962.382987 jaka_arm_left success 0.290654 0.231422 -0.383908 0.692275 0.219140 0.232721 0.646973 -1.295674 0.995398 1.512224 -1.300547 0.756243 -1.167190 0.529885
1776409962.391422 jaka_arm_left success 0.290464 0.231626 -0.383733 0.692504 0.218050 0.232837 0.647054 -1.295963 0.995022 1.512324 -1.301059 0.756569 -1.167560 0.530280
1776409962.399669 jaka_arm_left success 0.290249 0.231786 -0.383579 0.692487 0.217629 0.233286 0.647053 -1.296231 0.994819 1.512198 -1.301387 0.756668 -1.167699 0.530596
1776409962.407972 jaka_arm_left success 0.289947 0.231907 -0.383412 0.692201 0.218042 0.233074 0.647295 -1.295918 0.995027 1.512072 -1.301526 0.756129 -1.167958 0.530281
1776409962.416271 jaka_arm_left success 0.289584 0.232167 -0.383170 0.692598 0.218565 0.233303 0.646612 -1.290657 0.992303 1.508654 -1.303977 0.754131 -1.168297 0.529707
1776409962.424620 jaka_arm_left success 0.289331 0.232367 -0.383003 0.692461 0.218845 0.233206 0.646699 -1.290763 0.992492 1.508813 -1.304446 0.753998 -1.168626 0.529707
1776409962.433060 jaka_arm_left success 0.289183 0.232704 -0.382833 0.692404 0.218154 0.233474 0.646897 -1.290763 0.992492 1.508813 -1.304446 0.753998 -1.168626 0.529707
1776409962.441369 jaka_arm_left success 0.288915 0.233069 -0.382633 0.692615 0.217918 0.233174 0.646858 -1.290330 0.991357 1.508700 -1.305235 0.754262 -1.169344 0.529901
1776409962.449553 jaka_arm_left success 0.288591 0.233351 -0.382509 0.692077 0.218771 0.233280 0.647109 -1.290206 0.992108 1.507627 -1.304912 0.752948 -1.168748 0.529489
1776409962.457938 jaka_arm_left success 0.288386 0.233723 -0.382347 0.692106 0.218528 0.233329 0.647141 -1.286863 0.989835 1.505250 -1.306308 0.750963 -1.170781 0.529327
1776409962.466400 jaka_arm_left success 0.288121 0.234119 -0.382122 0.692000 0.219214 0.234306 0.646670 -1.284141 0.990989 1.503188 -1.307470 0.750552 -1.169168 0.531202
1776409962.474714 jaka_arm_left success 0.287860 0.234490 -0.381973 0.691822 0.219115 0.233935 0.647028 -1.283906 0.991110 1.503688 -1.307642 0.750511 -1.169660 0.530896
1776409962.483025 jaka_arm_left success 0.287573 0.234788 -0.381847 0.691433 0.219561 0.233658 0.647393 -1.283300 0.990698 1.503097 -1.307982 0.749223 -1.170484 0.529964
1776409962.491263 jaka_arm_left success 0.287495 0.235257 -0.381656 0.691596 0.218990 0.234255 0.647197 -1.283315 0.989890 1.502533 -1.308137 0.749479 -1.170419 0.530464
1776409962.499684 jaka_arm_left success 0.287399 0.235615 -0.381505 0.691539 0.218652 0.234316 0.647349 -1.282456 0.988359 1.501316 -1.308818 0.748645 -1.171776 0.530671
1776409962.507987 jaka_arm_left success 0.287150 0.235808 -0.381407 0.690638 0.219530 0.234314 0.648014 -1.280745 0.989111 1.500400 -1.308464 0.746484 -1.172718 0.529841
1776409962.516248 jaka_arm_left success 0.286973 0.236077 -0.381298 0.690285 0.219802 0.234189 0.648343 -1.280680 0.989457 1.500105 -1.308528 0.745809 -1.172956 0.529680
1776409962.524620 jaka_arm_left success 0.286913 0.236531 -0.381126 0.690348 0.219493 0.235019 0.648080 -1.279938 0.988505 1.498388 -1.308913 0.745288 -1.173687 0.531126
1776409962.533004 jaka_arm_left success 0.286849 0.236826 -0.381051 0.689971 0.219405 0.234984 0.648525 -1.278930 0.988783 1.497581 -1.308670 0.743785 -1.174856 0.531038
1776409962.541314 jaka_arm_left success 0.286597 0.237085 -0.380959 0.689505 0.220850 0.234840 0.648582 -1.278405 0.989419 1.496976 -1.307924 0.742822 -1.174349 0.530452
1776409962.549537 jaka_arm_left success 0.286619 0.237300 -0.380922 0.688984 0.220622 0.234223 0.649435 -1.277455 0.988667 1.496968 -1.307857 0.741638 -1.176697 0.529789
1776409962.557908 jaka_arm_left success 0.286678 0.237557 -0.380840 0.688550 0.220510 0.234751 0.649744 -1.277684 0.988903 1.496021 -1.307875 0.740644 -1.177331 0.530341
1776409962.566325 jaka_arm_left success 0.286719 0.237789 -0.380788 0.688242 0.220579 0.234473 0.650147 -1.277415 0.989010 1.495919 -1.307545 0.739825 -1.178340 0.530082
1776409962.574649 jaka_arm_left success 0.286691 0.237980 -0.380721 0.688014 0.220965 0.234478 0.650255 -1.277142 0.988915 1.495347 -1.306878 0.739147 -1.178670 0.530003
1776409962.582997 jaka_arm_left success 0.286635 0.238050 -0.380726 0.687436 0.221514 0.234177 0.650787 -1.276866 0.989478 1.495371 -1.306486 0.738207 -1.179316 0.529450
1776409962.591263 jaka_arm_left success 0.286755 0.238102 -0.380752 0.686861 0.221010 0.233914 0.651660 -1.278162 0.988621 1.494538 -1.299678 0.735574 -1.187164 0.532374
1776409962.599668 jaka_arm_left success 0.286796 0.238127 -0.380753 0.686544 0.220879 0.233812 0.652074 -1.278427 0.989042 1.494620 -1.299665 0.735249 -1.187380 0.532292
1776409962.608041 jaka_arm_left success 0.286833 0.238105 -0.380765 0.686247 0.220754 0.233640 0.652492 -1.282200 0.990149 1.496014 -1.294468 0.734983 -1.189938 0.533199
1776409962.616353 jaka_arm_left success 0.286879 0.238096 -0.380766 0.686184 0.220526 0.233257 0.652771 -1.282245 0.989922 1.496431 -1.294812 0.735289 -1.190470 0.533326
1776409962.624568 jaka_arm_left success 0.286957 0.237997 -0.380811 0.685863 0.220427 0.233131 0.653187 -1.282324 0.990235 1.496655 -1.294987 0.735021 -1.190857 0.533154
1776409962.632994 jaka_arm_left success 0.287115 0.237904 -0.380827 0.685997 0.219640 0.232236 0.653631 -1.285992 0.988437 1.497893 -1.290502 0.734490 -1.194917 0.532538
1776409962.641317 jaka_arm_left success 0.287211 0.237794 -0.380883 0.685989 0.219421 0.231856 0.653848 -1.285899 0.988476 1.498459 -1.290725 0.734652 -1.195464 0.532437
1776409962.649588 jaka_arm_left success 0.287360 0.237661 -0.380955 0.686090 0.219111 0.231594 0.653938 -1.287031 0.988376 1.499406 -1.289758 0.735274 -1.196252 0.532685
1776409962.657956 jaka_arm_left success 0.287541 0.237494 -0.381065 0.686266 0.218843 0.231691 0.653809 -1.287031 0.988376 1.499406 -1.289758 0.735274 -1.196252 0.532685
1776409962.666365 jaka_arm_left success 0.287675 0.237269 -0.381171 0.686282 0.218883 0.231372 0.653892 -1.287114 0.988296 1.499826 -1.289504 0.735661 -1.196307 0.532667
1776409962.674608 jaka_arm_left success 0.287747 0.236870 -0.381360 0.686100 0.219080 0.230512 0.654320 -1.288312 0.989087 1.501276 -1.288451 0.735828 -1.196530 0.531709
1776409962.682911 jaka_arm_left success 0.287837 0.236610 -0.381474 0.686299 0.219481 0.230839 0.653861 -1.288312 0.989087 1.501276 -1.288451 0.735828 -1.196530 0.531709
1776409962.691288 jaka_arm_left success 0.288040 0.236423 -0.381559 0.687097 0.218608 0.230439 0.653457 -1.288459 0.988114 1.501386 -1.288609 0.736838 -1.196499 0.532336
1776409962.699655 jaka_arm_left success 0.288294 0.236254 -0.381700 0.687924 0.217499 0.229585 0.653257 -1.293334 0.986661 1.505069 -1.287508 0.739934 -1.195931 0.530394
1776409962.708009 jaka_arm_left success 0.288427 0.235787 -0.381933 0.687948 0.217406 0.228308 0.653711 -1.295570 0.986703 1.507154 -1.285953 0.740398 -1.196396 0.528542
1776409962.716297 jaka_arm_left success 0.288580 0.235411 -0.382120 0.688166 0.217333 0.228324 0.653500 -1.295570 0.986703 1.507154 -1.285953 0.740398 -1.196396 0.528542
1776409962.724576 jaka_arm_left success 0.288790 0.234994 -0.382304 0.688694 0.216623 0.227580 0.653439 -1.295498 0.986063 1.508077 -1.286394 0.741371 -1.197111 0.528780
1776409962.733023 jaka_arm_left success 0.288910 0.234692 -0.382465 0.689256 0.216533 0.227552 0.652885 -1.296896 0.986165 1.509158 -1.285777 0.742962 -1.195825 0.528840
1776409962.741435 jaka_arm_left success 0.289075 0.234326 -0.382638 0.689652 0.216143 0.227349 0.652667 -1.298681 0.986592 1.510744 -1.285455 0.744468 -1.194910 0.528606
1776409962.758012 jaka_arm_left success 0.289279 0.233654 -0.382928 0.690953 0.215714 0.226268 0.651809 -1.302152 0.985596 1.514121 -1.284978 0.747747 -1.192686 0.526241
1776409962.766332 jaka_arm_left success 0.289390 0.233350 -0.383104 0.691345 0.215176 0.225729 0.651757 -1.302065 0.985183 1.514930 -1.285394 0.748422 -1.193360 0.526326
1776409962.774619 jaka_arm_left success 0.289527 0.233028 -0.383251 0.691906 0.214416 0.225394 0.651528 -1.302184 0.984493 1.515823 -1.285661 0.749459 -1.193735 0.526391
1776409962.782929 jaka_arm_left success 0.289575 0.232658 -0.383388 0.692221 0.214418 0.225102 0.651294 -1.304197 0.984628 1.517312 -1.285364 0.750790 -1.192188 0.525188
1776409962.791337 jaka_arm_left success 0.289570 0.232404 -0.383450 0.693106 0.214328 0.225551 0.650227 -1.304695 0.983945 1.517371 -1.285492 0.752236 -1.190888 0.525807
1776409962.799673 jaka_arm_left success 0.289599 0.232045 -0.383597 0.693463 0.213805 0.224843 0.650263 -1.305094 0.983815 1.518793 -1.286045 0.753295 -1.190958 0.525332
1776409962.807954 jaka_arm_left success 0.289685 0.231813 -0.383662 0.694104 0.212824 0.224703 0.649949 -1.306168 0.983223 1.519552 -1.286759 0.754545 -1.190617 0.525473
1776409962.816251 jaka_arm_left success 0.289749 0.231571 -0.383777 0.694355 0.212447 0.225374 0.649572 -1.307478 0.984019 1.520163 -1.287724 0.755871 -1.189161 0.526254
1776409962.824645 jaka_arm_left success 0.289809 0.231279 -0.383873 0.694271 0.212259 0.225697 0.649612 -1.307478 0.984019 1.520163 -1.287724 0.755871 -1.189161 0.526254
1776409962.832975 jaka_arm_left success 0.289729 0.231079 -0.383886 0.694517 0.212668 0.225698 0.649214 -1.307088 0.983924 1.520035 -1.287161 0.756025 -1.188567 0.526086
1776409962.841275 jaka_arm_left success 0.289783 0.230902 -0.383966 0.694377 0.212221 0.225245 0.649667 -1.307155 0.984108 1.520439 -1.287498 0.756065 -1.188963 0.526039
1776409962.849580 jaka_arm_left success 0.289721 0.230769 -0.384011 0.694650 0.212141 0.224526 0.649650 -1.307003 0.983949 1.521339 -1.287734 0.756701 -1.189278 0.525829
1776409962.857991 jaka_arm_left success 0.289699 0.230676 -0.384033 0.694800 0.211889 0.224217 0.649679 -1.307090 0.983898 1.521814 -1.287868 0.757029 -1.189299 0.525613
1776409962.866363 jaka_arm_left success 0.289663 0.230624 -0.384040 0.694829 0.211859 0.224249 0.649647 -1.307090 0.983898 1.521814 -1.287868 0.757029 -1.189299 0.525613
1776409962.874596 jaka_arm_left success 0.289577 0.230598 -0.384025 0.694770 0.212036 0.224495 0.649567 -1.307090 0.983898 1.521814 -1.287868 0.757029 -1.189299 0.525613
1776409962.882902 jaka_arm_left success 0.289534 0.230625 -0.384002 0.694907 0.211873 0.224686 0.649407 -1.307090 0.983898 1.521814 -1.287868 0.757029 -1.189299 0.525613
1776409962.891445 jaka_arm_left success 0.289510 0.230643 -0.383986 0.694815 0.211703 0.224795 0.649524 -1.307090 0.983898 1.521814 -1.287868 0.757029 -1.189299 0.525613
1776409962.899851 jaka_arm_left success 0.289494 0.230696 -0.383960 0.694725 0.211516 0.225012 0.649605 -1.307509 0.983840 1.521435 -1.288087 0.756985 -1.189146 0.525966
1776409962.908021 jaka_arm_left success 0.289478 0.230772 -0.383925 0.694576 0.211315 0.225367 0.649708 -1.307509 0.983840 1.521435 -1.288087 0.756985 -1.189146 0.525966
1776409962.916340 jaka_arm_left success 0.289407 0.230792 -0.383903 0.694017 0.211537 0.225375 0.650230 -1.307996 0.984465 1.521066 -1.288383 0.756308 -1.189176 0.526017
1776409962.924616 jaka_arm_left success 0.289425 0.230936 -0.383857 0.693564 0.211676 0.226436 0.650299 -1.308552 0.984906 1.520230 -1.288477 0.755695 -1.188741 0.526337
1776409962.932938 jaka_arm_left success 0.289362 0.231049 -0.383827 0.693266 0.211667 0.226393 0.650635 -1.308599 0.986201 1.520056 -1.288550 0.754658 -1.188826 0.526104
1776409962.941390 jaka_arm_left success 0.289325 0.231137 -0.383799 0.692868 0.211702 0.226235 0.651102 -1.308599 0.986201 1.520056 -1.288550 0.754658 -1.188826 0.526104
1776409962.949548 jaka_arm_left success 0.289238 0.231270 -0.383756 0.692545 0.211935 0.225787 0.651526 -1.308599 0.986201 1.520056 -1.288550 0.754658 -1.188826 0.526104
1776409962.958012 jaka_arm_left success 0.289081 0.231340 -0.383766 0.691802 0.213038 0.225636 0.652007 -1.308111 0.987957 1.520259 -1.288347 0.753122 -1.189340 0.525210
1776409962.966344 jaka_arm_left success 0.289073 0.231454 -0.383748 0.691223 0.213299 0.225962 0.652422 -1.307229 0.988750 1.519548 -1.287848 0.752352 -1.189630 0.525947
1776409962.974623 jaka_arm_left success 0.289107 0.231673 -0.383678 0.691328 0.212738 0.225830 0.652540 -1.307008 0.988374 1.519712 -1.288061 0.752547 -1.190611 0.526528
1776409962.982909 jaka_arm_left success 0.289103 0.231767 -0.383661 0.691033 0.212690 0.225842 0.652864 -1.305207 0.988217 1.518024 -1.286016 0.750486 -1.194192 0.528601
1776409962.991261 jaka_arm_left success 0.289075 0.231866 -0.383649 0.690746 0.212981 0.226042 0.653004 -1.305207 0.988217 1.518024 -1.286016 0.750486 -1.194192 0.528601
1776409962.999649 jaka_arm_left success 0.289072 0.231945 -0.383635 0.690590 0.212974 0.226032 0.653175 -1.305207 0.988217 1.518024 -1.286016 0.750486 -1.194192 0.528601
1776409963.016296 jaka_arm_left success 0.289078 0.232009 -0.383682 0.690314 0.213064 0.226240 0.653365 -1.305390 0.990419 1.517249 -1.282207 0.749358 -1.196622 0.532025
1776409963.024635 jaka_arm_left success 0.289058 0.231979 -0.383633 0.689767 0.213193 0.225392 0.654193 -1.305741 0.990272 1.518083 -1.281779 0.748677 -1.197915 0.530590
1776409963.033001 jaka_arm_left success 0.288957 0.232143 -0.383603 0.689801 0.214161 0.225854 0.653682 -1.305523 0.990254 1.517571 -1.281095 0.748515 -1.197152 0.530424
1776409963.041342 jaka_arm_left success 0.288938 0.232163 -0.383582 0.689676 0.214351 0.225974 0.653710 -1.305523 0.990254 1.517571 -1.281095 0.748515 -1.197152 0.530424
1776409963.049540 jaka_arm_left success 0.288920 0.232194 -0.383547 0.689662 0.214522 0.226033 0.653648 -1.305523 0.990254 1.517571 -1.281095 0.748515 -1.197152 0.530424
1776409963.057932 jaka_arm_left success 0.288893 0.232223 -0.383525 0.689595 0.214637 0.226411 0.653550 -1.305684 0.990413 1.516830 -1.280736 0.748109 -1.196494 0.530481
1776409963.066386 jaka_arm_left success 0.288853 0.232228 -0.383517 0.689520 0.214765 0.226449 0.653574 -1.305684 0.990413 1.516830 -1.280736 0.748109 -1.196494 0.530481
1776409963.074566 jaka_arm_left success 0.288833 0.232210 -0.383515 0.689417 0.214833 0.226439 0.653664 -1.305684 0.990413 1.516830 -1.280736 0.748109 -1.196494 0.530481
1776409963.082917 jaka_arm_left success 0.288810 0.232196 -0.383511 0.689288 0.214814 0.226435 0.653808 -1.305684 0.990413 1.516830 -1.280736 0.748109 -1.196494 0.530481
1776409963.091266 jaka_arm_left success 0.288779 0.232172 -0.383500 0.689211 0.214814 0.226322 0.653927 -1.305684 0.990413 1.516830 -1.280736 0.748109 -1.196494 0.530481
1776409963.099620 jaka_arm_left success 0.288700 0.232083 -0.383493 0.688926 0.214970 0.225977 0.654296 -1.305513 0.991166 1.517106 -1.280701 0.747477 -1.196805 0.529922
1776409963.107938 jaka_arm_left success 0.288673 0.232060 -0.383478 0.688893 0.214953 0.225863 0.654376 -1.305513 0.991166 1.517106 -1.280701 0.747477 -1.196805 0.529922
1776409963.116255 jaka_arm_left success 0.288622 0.232067 -0.383453 0.688945 0.214866 0.225671 0.654415 -1.305513 0.991166 1.517106 -1.280701 0.747477 -1.196805 0.529922
1776409963.124598 jaka_arm_left success 0.288581 0.232036 -0.383423 0.688908 0.214874 0.225557 0.654491 -1.305513 0.991166 1.517106 -1.280701 0.747477 -1.196805 0.529922
1776409963.132973 jaka_arm_left success 0.288529 0.232075 -0.383325 0.689597 0.214323 0.225881 0.653834 -1.305622 0.990613 1.517234 -1.280985 0.748009 -1.197031 0.530323
1776409963.141373 jaka_arm_left success 0.288446 0.232068 -0.383261 0.689802 0.214330 0.226017 0.653569 -1.305622 0.990613 1.517234 -1.280985 0.748009 -1.197031 0.530323
1776409963.149599 jaka_arm_left success 0.288377 0.232037 -0.383217 0.689877 0.214374 0.226171 0.653422 -1.305622 0.990613 1.517234 -1.280985 0.748009 -1.197031 0.530323
1776409963.157939 jaka_arm_left success 0.288288 0.231876 -0.383219 0.689487 0.214210 0.225819 0.654009 -1.305622 0.990613 1.517234 -1.280985 0.748009 -1.197031 0.530323
1776409963.166382 jaka_arm_left success 0.288211 0.231806 -0.383198 0.689391 0.214167 0.226053 0.654044 -1.305622 0.990613 1.517234 -1.280985 0.748009 -1.197031 0.530323
1776409963.174621 jaka_arm_left success 0.288118 0.231773 -0.383139 0.689518 0.214290 0.226306 0.653782 -1.305622 0.990613 1.517234 -1.280985 0.748009 -1.197031 0.530323
1776409963.182972 jaka_arm_left success 0.287992 0.231740 -0.383056 0.689877 0.214197 0.226215 0.653464 -1.305622 0.990613 1.517234 -1.280985 0.748009 -1.197031 0.530323
1776409963.191296 jaka_arm_left success 0.287890 0.231655 -0.383008 0.689742 0.214429 0.226383 0.653473 -1.305622 0.990613 1.517234 -1.280985 0.748009 -1.197031 0.530323
1776409963.199735 jaka_arm_left success 0.287775 0.231609 -0.382949 0.689751 0.214487 0.226309 0.653470 -1.305622 0.990613 1.517234 -1.280985 0.748009 -1.197031 0.530323
1776409963.208009 jaka_arm_left success 0.287672 0.231616 -0.382875 0.689770 0.214438 0.226460 0.653414 -1.305622 0.990613 1.517234 -1.280985 0.748009 -1.197031 0.530323
1776409963.216275 jaka_arm_left success 0.287552 0.231618 -0.382813 0.689759 0.214438 0.226366 0.653458 -1.304039 0.990476 1.516363 -1.281478 0.748182 -1.196781 0.531550
1776409963.224579 jaka_arm_left success 0.287375 0.231679 -0.382733 0.689833 0.214483 0.225956 0.653507 -1.304039 0.990476 1.516363 -1.281478 0.748182 -1.196781 0.531550
1776409963.233032 jaka_arm_left success 0.287222 0.231675 -0.382682 0.689594 0.214702 0.226343 0.653553 -1.303607 0.990907 1.516609 -1.281771 0.747792 -1.197258 0.531285
1776409963.241384 jaka_arm_left success 0.287062 0.231567 -0.382598 0.689204 0.214672 0.225863 0.654140 -1.303607 0.990907 1.516609 -1.281771 0.747792 -1.197258 0.531285
1776409963.249618 jaka_arm_left success 0.286949 0.231619 -0.382512 0.689251 0.214372 0.225931 0.654166 -1.303607 0.990907 1.516609 -1.281771 0.747792 -1.197258 0.531285
1776409963.257994 jaka_arm_left success 0.286825 0.231764 -0.382399 0.689849 0.213760 0.225925 0.653738 -1.303767 0.990547 1.516727 -1.282224 0.748103 -1.197638 0.531640
1776409963.266358 jaka_arm_left success 0.286683 0.231848 -0.382284 0.689995 0.213555 0.226267 0.653532 -1.303463 0.989970 1.516433 -1.282455 0.748345 -1.197726 0.532049
1776409963.274606 jaka_arm_left success 0.286461 0.231752 -0.382229 0.688954 0.214250 0.227309 0.654042 -1.300167 0.992202 1.513678 -1.283630 0.745818 -1.198121 0.534260
1776409963.282897 jaka_arm_left success 0.286364 0.231888 -0.382096 0.689051 0.213759 0.227621 0.653991 -1.300323 0.991825 1.513582 -1.283898 0.746116 -1.198212 0.534657
1776409963.291319 jaka_arm_left success 0.286199 0.231872 -0.381989 0.688706 0.213772 0.227679 0.654330 -1.300368 0.992047 1.513553 -1.284117 0.745859 -1.198433 0.534667
1776409963.299632 jaka_arm_left success 0.285945 0.232015 -0.381879 0.689065 0.213750 0.227459 0.654035 -1.299643 0.991584 1.513780 -1.284220 0.746176 -1.198794 0.534700
1776409963.307946 jaka_arm_left success 0.285783 0.232187 -0.381779 0.689222 0.213708 0.228317 0.653585 -1.297377 0.991260 1.511483 -1.285382 0.745452 -1.198731 0.536580
1776409963.316325 jaka_arm_left success 0.285642 0.232347 -0.381680 0.689463 0.213427 0.228433 0.653382 -1.297377 0.991260 1.511483 -1.285382 0.745452 -1.198731 0.536580
1776409963.324610 jaka_arm_left success 0.285465 0.232539 -0.381580 0.689579 0.213456 0.228267 0.653308 -1.293842 0.989303 1.509443 -1.287115 0.744608 -1.199441 0.536985
1776409963.333066 jaka_arm_left success 0.285313 0.232701 -0.381466 0.689660 0.213411 0.228137 0.653283 -1.293842 0.989303 1.509443 -1.287115 0.744608 -1.199441 0.536985
1776409963.341327 jaka_arm_left success 0.285188 0.232762 -0.381386 0.689299 0.213310 0.227970 0.653755 -1.293842 0.989303 1.509443 -1.287115 0.744608 -1.199441 0.536985
1776409963.349550 jaka_arm_left success 0.285132 0.232875 -0.381317 0.688503 0.213285 0.228487 0.654420 -1.294340 0.990422 1.509385 -1.287717 0.743454 -1.200057 0.536715
1776409963.357982 jaka_arm_left success 0.284920 0.233129 -0.381205 0.688643 0.213446 0.228377 0.654260 -1.294142 0.990458 1.509398 -1.287594 0.743392 -1.200034 0.536591
1776409963.366365 jaka_arm_left success 0.284740 0.233262 -0.381112 0.688679 0.213786 0.228549 0.654051 -1.293546 0.990354 1.508739 -1.286871 0.743161 -1.199271 0.536437
1776409963.374638 jaka_arm_left success 0.284656 0.233459 -0.381077 0.688689 0.213377 0.228553 0.654172 -1.292909 0.989750 1.508227 -1.287995 0.742648 -1.200739 0.537061
1776409963.382971 jaka_arm_left success 0.284532 0.233651 -0.381029 0.688867 0.213011 0.228270 0.654203 -1.292494 0.989271 1.508430 -1.288189 0.742843 -1.201274 0.537077
1776409963.391331 jaka_arm_left success 0.284436 0.233720 -0.380988 0.688678 0.212893 0.227669 0.654649 -1.290096 0.987519 1.506827 -1.288517 0.740712 -1.204157 0.536779
1776409963.399626 jaka_arm_left success 0.284253 0.233819 -0.380980 0.688293 0.213956 0.228237 0.654510 -1.289883 0.987971 1.506278 -1.287882 0.740158 -1.203424 0.536465
1776409963.407997 jaka_arm_left success 0.284237 0.234096 -0.380903 0.688679 0.213686 0.228872 0.653970 -1.290189 0.987568 1.505697 -1.287934 0.740371 -1.203024 0.537032
1776409963.416329 jaka_arm_left success 0.284225 0.234274 -0.380847 0.688716 0.213560 0.229379 0.653796 -1.290398 0.987363 1.505217 -1.287957 0.740443 -1.202697 0.537443
1776409963.424622 jaka_arm_left success 0.284265 0.234464 -0.380799 0.688778 0.213162 0.229970 0.653652 -1.289119 0.987915 1.504401 -1.288968 0.740908 -1.202756 0.539928
1776409963.433001 jaka_arm_left success 0.284135 0.234444 -0.380834 0.687771 0.214200 0.229998 0.654363 -1.288682 0.989162 1.504235 -1.288321 0.739711 -1.202409 0.538980
1776409963.441391 jaka_arm_left success 0.284115 0.234509 -0.380806 0.687625 0.214205 0.230029 0.654503 -1.288809 0.989652 1.503981 -1.288375 0.739157 -1.202404 0.538894
1776409963.449542 jaka_arm_left success 0.284110 0.234652 -0.380734 0.687902 0.213929 0.229865 0.654360 -1.288809 0.989652 1.503981 -1.288375 0.739157 -1.202404 0.538894
1776409963.457960 jaka_arm_left success 0.284149 0.234613 -0.380755 0.687471 0.214125 0.230317 0.654590 -1.288809 0.989652 1.503981 -1.288375 0.739157 -1.202404 0.538894
1776409963.466367 jaka_arm_left success 0.284172 0.234565 -0.380775 0.687172 0.214401 0.230129 0.654880 -1.288851 0.990194 1.503835 -1.288403 0.738591 -1.202469 0.538723
1776409963.474592 jaka_arm_left success 0.284252 0.234530 -0.380810 0.686923 0.214481 0.230077 0.655133 -1.288851 0.990194 1.503835 -1.288403 0.738591 -1.202469 0.538723
1776409963.482942 jaka_arm_left success 0.284322 0.234474 -0.380851 0.686593 0.214553 0.229921 0.655510 -1.288834 0.990890 1.503964 -1.288510 0.737965 -1.202798 0.538385
1776409963.491304 jaka_arm_left success 0.284501 0.234590 -0.380809 0.687057 0.214042 0.229488 0.655343 -1.288768 0.990462 1.504309 -1.288753 0.738438 -1.203194 0.538591
1776409963.499634 jaka_arm_left success 0.284589 0.234562 -0.380851 0.687002 0.213956 0.229475 0.655433 -1.288768 0.990462 1.504309 -1.288753 0.738438 -1.203194 0.538591
1776409963.507995 jaka_arm_left success 0.284699 0.234590 -0.380885 0.687130 0.213961 0.229462 0.655302 -1.288768 0.990462 1.504309 -1.288753 0.738438 -1.203194 0.538591
1776409963.516289 jaka_arm_left success 0.284799 0.234525 -0.380943 0.687101 0.214386 0.229854 0.655056 -1.288768 0.990462 1.504309 -1.288753 0.738438 -1.203194 0.538591
1776409963.524608 jaka_arm_left success 0.284869 0.234450 -0.380985 0.687228 0.214566 0.229655 0.654934 -1.288768 0.990462 1.504309 -1.288753 0.738438 -1.203194 0.538591
1776409963.533010 jaka_arm_left success 0.284983 0.234153 -0.381107 0.686603 0.214686 0.229078 0.655751 -1.288456 0.990928 1.504552 -1.288484 0.738085 -1.203251 0.538076
1776409963.541274 jaka_arm_left success 0.285106 0.233909 -0.381178 0.686538 0.214394 0.228280 0.656193 -1.288273 0.991283 1.505285 -1.288670 0.737952 -1.203932 0.537615
1776409963.549606 jaka_arm_left success 0.285102 0.233686 -0.381271 0.686972 0.214401 0.227347 0.656060 -1.290084 0.989668 1.506694 -1.287451 0.738323 -1.204633 0.535342
1776409963.557967 jaka_arm_left success 0.285286 0.233329 -0.381353 0.686682 0.213764 0.227111 0.656653 -1.290499 0.990033 1.507450 -1.288004 0.738268 -1.205609 0.535276
1776409963.566346 jaka_arm_left success 0.285439 0.233086 -0.381393 0.686900 0.212779 0.227008 0.656780 -1.295591 0.990615 1.509727 -1.284503 0.739953 -1.206377 0.536063
1776409963.574604 jaka_arm_left success 0.285498 0.232764 -0.381435 0.686938 0.212470 0.226690 0.656950 -1.295590 0.990604 1.510206 -1.284808 0.740104 -1.206945 0.536051
1776409963.583002 jaka_arm_left success 0.285529 0.232325 -0.381552 0.686874 0.212469 0.226190 0.657191 -1.295388 0.990770 1.510650 -1.284806 0.740108 -1.207270 0.535783
1776409963.591305 jaka_arm_left success 0.285741 0.231828 -0.381543 0.686956 0.211184 0.225284 0.657830 -1.300971 0.989955 1.513700 -1.281015 0.740991 -1.210271 0.534718
1776409963.599734 jaka_arm_left success 0.285819 0.231479 -0.381477 0.687591 0.210257 0.224800 0.657628 -1.301075 0.989326 1.514237 -1.281525 0.741782 -1.210875 0.535163
1776409963.607966 jaka_arm_left success 0.285881 0.230930 -0.381450 0.687851 0.209409 0.223554 0.658052 -1.300778 0.989128 1.515680 -1.282094 0.742445 -1.212150 0.534922
1776409963.616513 jaka_arm_left success 0.285881 0.230287 -0.381390 0.687998 0.209115 0.222805 0.658245 -1.303527 0.988352 1.518001 -1.281140 0.743707 -1.212521 0.533172
1776409963.624644 jaka_arm_left success 0.286049 0.229414 -0.381322 0.687506 0.207880 0.222231 0.659344 -1.308103 0.990436 1.520955 -1.278853 0.744766 -1.213930 0.533647
1776409963.633042 jaka_arm_left success 0.286059 0.228409 -0.381224 0.687249 0.206928 0.220389 0.660529 -1.308955 0.990523 1.522956 -1.279023 0.744307 -1.216576 0.532149
1776409963.641290 jaka_arm_left success 0.286200 0.227544 -0.381093 0.687516 0.204877 0.219598 0.661153 -1.315140 0.989487 1.526285 -1.275321 0.745829 -1.220139 0.531910
1776409963.649542 jaka_arm_left success 0.286185 0.226453 -0.380982 0.687441 0.203549 0.218333 0.662060 -1.317907 0.990495 1.528990 -1.273301 0.746645 -1.222822 0.532358
1776409963.657947 jaka_arm_left success 0.286237 0.225488 -0.380756 0.688008 0.201777 0.218134 0.662079 -1.318201 0.989625 1.530422 -1.274444 0.748091 -1.224341 0.533063
1776409963.666384 jaka_arm_left success 0.286254 0.224094 -0.380610 0.687602 0.199920 0.216710 0.663530 -1.324287 0.991825 1.534667 -1.272339 0.749645 -1.226170 0.532732
1776409963.674621 jaka_arm_left success 0.286156 0.222893 -0.380357 0.688122 0.198686 0.215618 0.663717 -1.324354 0.991319 1.535907 -1.273278 0.750546 -1.227521 0.532992
1776409963.682958 jaka_arm_left success 0.286305 0.221760 -0.380013 0.689123 0.196309 0.215600 0.663392 -1.324778 0.989734 1.537574 -1.274588 0.752829 -1.228954 0.533998
1776409963.691316 jaka_arm_left success 0.286319 0.220509 -0.379685 0.690101 0.194447 0.214444 0.663299 -1.329651 0.989725 1.541128 -1.275740 0.755975 -1.227926 0.532788
1776409963.699667 jaka_arm_left success 0.286289 0.219114 -0.379368 0.690835 0.193264 0.213633 0.663142 -1.330645 0.989716 1.543548 -1.276855 0.757796 -1.228165 0.532179
1776409963.708048 jaka_arm_left success 0.286391 0.217608 -0.379037 0.691502 0.190755 0.211931 0.663719 -1.335274 0.988679 1.547767 -1.278751 0.760975 -1.227927 0.529641
1776409963.716363 jaka_arm_left success 0.286552 0.216296 -0.378641 0.692486 0.189016 0.212008 0.663166 -1.337274 0.989473 1.549699 -1.280640 0.763684 -1.225893 0.530004
1776409963.724608 jaka_arm_left success 0.286781 0.214735 -0.378299 0.692682 0.187177 0.211097 0.663773 -1.340292 0.989777 1.553182 -1.283150 0.766321 -1.225279 0.528561
1776409963.733037 jaka_arm_left success 0.286784 0.213210 -0.377911 0.693333 0.186257 0.209491 0.663861 -1.342682 0.989168 1.556741 -1.285263 0.768725 -1.223604 0.524752
1776409963.741484 jaka_arm_left success 0.287109 0.211991 -0.377463 0.694974 0.183442 0.208484 0.663245 -1.346000 0.987208 1.559983 -1.288739 0.772396 -1.222677 0.523020
1776409963.749604 jaka_arm_left success 0.287337 0.210595 -0.377080 0.695223 0.182113 0.207471 0.663668 -1.347179 0.987347 1.561956 -1.290499 0.773598 -1.222827 0.522099
1776409963.757964 jaka_arm_left success 0.287487 0.209136 -0.376723 0.695262 0.181743 0.206833 0.663928 -1.349903 0.988474 1.565491 -1.296219 0.776736 -1.216497 0.516802
1776409963.766381 jaka_arm_left success 0.287813 0.207851 -0.376294 0.695924 0.179554 0.205309 0.664303 -1.350251 0.987933 1.567169 -1.297838 0.777807 -1.218501 0.517229
1776409963.774601 jaka_arm_left success 0.288020 0.206679 -0.375925 0.696153 0.178563 0.205018 0.664420 -1.353920 0.987880 1.570097 -1.300161 0.780243 -1.216406 0.514538
1776409963.782946 jaka_arm_left success 0.288202 0.205355 -0.375581 0.695899 0.178413 0.203493 0.665195 -1.356362 0.988484 1.573647 -1.302126 0.781482 -1.214663 0.509740
1776409963.791270 jaka_arm_left success 0.288620 0.204445 -0.375155 0.696786 0.176187 0.203022 0.665003 -1.357344 0.987320 1.574717 -1.303843 0.783090 -1.215800 0.510666
1776409963.799629 jaka_arm_left success 0.288779 0.203220 -0.374905 0.695866 0.176116 0.201416 0.666472 -1.359739 0.988563 1.577601 -1.304750 0.783286 -1.215444 0.507080
1776409963.808038 jaka_arm_left success 0.289053 0.202281 -0.374561 0.695525 0.175431 0.201104 0.667103 -1.360851 0.989461 1.578644 -1.305848 0.783295 -1.215907 0.506650
1776409963.816244 jaka_arm_left success 0.289383 0.201421 -0.374237 0.695616 0.174221 0.200483 0.667512 -1.364485 0.989819 1.581322 -1.307106 0.785226 -1.214875 0.504822
1776409963.824594 jaka_arm_left success 0.289617 0.200583 -0.374005 0.695426 0.173226 0.199424 0.668285 -1.364427 0.990273 1.582608 -1.307859 0.785228 -1.216223 0.504416
1776409963.832993 jaka_arm_left success 0.289886 0.199763 -0.373740 0.694855 0.172697 0.198754 0.669215 -1.366960 0.991169 1.584629 -1.308477 0.785266 -1.216863 0.502569
1776409963.841330 jaka_arm_left success 0.290242 0.199250 -0.373455 0.695118 0.171729 0.198378 0.669303 -1.369144 0.990614 1.586016 -1.308813 0.786490 -1.216840 0.501759
1776409963.849533 jaka_arm_left success 0.290385 0.198812 -0.373145 0.695614 0.172066 0.198341 0.668712 -1.370521 0.990507 1.586957 -1.308439 0.787733 -1.214775 0.500215
1776409963.857952 jaka_arm_left success 0.290877 0.198426 -0.372924 0.695766 0.170260 0.198730 0.668900 -1.371661 0.990044 1.587811 -1.310002 0.788648 -1.215998 0.501048
1776409963.866351 jaka_arm_left success 0.290891 0.197767 -0.372847 0.694779 0.170866 0.196853 0.670325 -1.374263 0.991163 1.590104 -1.309384 0.788103 -1.216022 0.497376
1776409963.874625 jaka_arm_left success 0.291086 0.197560 -0.372660 0.695014 0.170983 0.196370 0.670193 -1.374263 0.991163 1.590104 -1.309384 0.788103 -1.216022 0.497376
1776409963.882901 jaka_arm_left success 0.291439 0.197383 -0.372544 0.695131 0.169827 0.196256 0.670399 -1.376679 0.990591 1.591495 -1.309907 0.788993 -1.216506 0.496438
1776409963.891306 jaka_arm_left success 0.291781 0.197267 -0.372482 0.695188 0.169456 0.196275 0.670428 -1.376679 0.990591 1.591495 -1.309907 0.788993 -1.216506 0.496438
1776409963.899699 jaka_arm_left success 0.292014 0.197196 -0.372465 0.695145 0.169448 0.196419 0.670433 -1.378684 0.990665 1.592117 -1.309566 0.789455 -1.215918 0.495645
1776409963.907931 jaka_arm_left success 0.292230 0.197106 -0.372514 0.694686 0.169654 0.196074 0.670957 -1.379380 0.991429 1.593008 -1.308834 0.789114 -1.215954 0.494337
1776409963.916283 jaka_arm_left success 0.292448 0.197234 -0.372500 0.695137 0.169764 0.195955 0.670497 -1.380458 0.990477 1.593657 -1.308405 0.790155 -1.215692 0.493841
1776409963.924770 jaka_arm_left success 0.292586 0.197285 -0.372524 0.695219 0.170808 0.196066 0.670114 -1.380136 0.990601 1.593467 -1.307786 0.789973 -1.215139 0.493448
1776409963.933033 jaka_arm_left success 0.292714 0.197558 -0.372637 0.695238 0.171960 0.196021 0.669812 -1.379667 0.990712 1.593214 -1.306951 0.789770 -1.214394 0.492930
1776409963.941313 jaka_arm_left success 0.292968 0.197659 -0.372743 0.695004 0.171986 0.195181 0.670294 -1.381844 0.990533 1.594176 -1.306052 0.789119 -1.214015 0.489652
1776409963.949597 jaka_arm_left success 0.293198 0.197755 -0.372889 0.694635 0.172636 0.194665 0.670660 -1.381844 0.990533 1.594176 -1.306052 0.789119 -1.214015 0.489652
1776409963.958094 jaka_arm_left success 0.293361 0.198167 -0.372921 0.695845 0.172708 0.194156 0.669534 -1.382029 0.988790 1.595098 -1.305365 0.790416 -1.213750 0.488415
1776409963.966559 jaka_arm_left success 0.293361 0.198350 -0.373049 0.695597 0.175116 0.193863 0.669251 -1.381126 0.989179 1.595003 -1.304134 0.789951 -1.212896 0.487368
1776409963.974661 jaka_arm_left success 0.293536 0.198558 -0.373190 0.695645 0.175789 0.193874 0.669021 -1.381244 0.989262 1.594168 -1.303291 0.789395 -1.211593 0.486644
1776409963.982976 jaka_arm_left success 0.293638 0.198699 -0.373292 0.695733 0.176377 0.193187 0.668974 -1.382173 0.988102 1.595416 -1.303128 0.789554 -1.211139 0.483294
1776409963.991395 jaka_arm_left success 0.293665 0.198962 -0.373418 0.695846 0.177730 0.192525 0.668689 -1.384039 0.986520 1.596164 -1.303812 0.789490 -1.209088 0.478448
1776409963.999775 jaka_arm_left success 0.293828 0.199313 -0.373445 0.696738 0.177545 0.192303 0.667873 -1.383756 0.985474 1.596245 -1.303524 0.790512 -1.208720 0.478722
1776409964.008045 jaka_arm_left success 0.293935 0.199660 -0.373483 0.697596 0.177824 0.191223 0.667212 -1.384694 0.982828 1.597333 -1.304274 0.791280 -1.207827 0.474845
1776409964.016350 jaka_arm_left success 0.294061 0.199917 -0.373526 0.697934 0.177620 0.190743 0.667050 -1.385053 0.981607 1.597974 -1.304905 0.792078 -1.207668 0.473820
1776409964.024642 jaka_arm_left success 0.294181 0.200065 -0.373579 0.697893 0.177690 0.190518 0.667139 -1.385053 0.981607 1.597974 -1.304905 0.792078 -1.207668 0.473820
1776409964.032990 jaka_arm_left success 0.294073 0.200229 -0.373662 0.697578 0.179328 0.189971 0.667186 -1.384651 0.981640 1.597873 -1.304428 0.791054 -1.206646 0.471321
1776409964.041373 jaka_arm_left success 0.294201 0.200333 -0.373749 0.697153 0.179316 0.189593 0.667741 -1.384577 0.982084 1.598194 -1.304574 0.790694 -1.207017 0.470951
1776409964.049566 jaka_arm_left success 0.294297 0.200471 -0.373778 0.697011 0.179528 0.189407 0.667885 -1.384577 0.982084 1.598194 -1.304574 0.790694 -1.207017 0.470951
1776409964.058006 jaka_arm_left success 0.294396 0.200563 -0.373806 0.696390 0.179898 0.189776 0.668328 -1.384646 0.982953 1.597964 -1.304481 0.789722 -1.206972 0.470456
1776409964.066302 jaka_arm_left success 0.294555 0.200792 -0.373787 0.696602 0.179676 0.190279 0.668023 -1.384950 0.982720 1.597602 -1.304566 0.789790 -1.206776 0.470758
1776409964.074624 jaka_arm_left success 0.294526 0.200872 -0.373815 0.695973 0.181294 0.190481 0.668185 -1.384464 0.983317 1.597136 -1.303664 0.789016 -1.205977 0.470034
1776409964.082896 jaka_arm_left success 0.294729 0.201054 -0.373788 0.696168 0.180644 0.190448 0.668167 -1.384464 0.983317 1.597136 -1.303664 0.789016 -1.205977 0.470034
1776409964.091327 jaka_arm_left success 0.294911 0.201317 -0.373768 0.696517 0.180459 0.190192 0.667926 -1.384464 0.983317 1.597136 -1.303664 0.789016 -1.205977 0.470034
1776409964.099649 jaka_arm_left success 0.295043 0.201378 -0.373822 0.695992 0.180369 0.189803 0.668608 -1.384759 0.983386 1.597396 -1.304157 0.788934 -1.206570 0.470083
1776409964.108022 jaka_arm_left success 0.295151 0.201337 -0.373883 0.694824 0.181337 0.189575 0.669625 -1.385041 0.984786 1.597114 -1.304029 0.787045 -1.206963 0.469026
1776409964.116292 jaka_arm_left success 0.295286 0.201398 -0.373916 0.694455 0.181418 0.189203 0.670091 -1.385639 0.983573 1.597289 -1.302829 0.785951 -1.208623 0.467301
1776409964.124670 jaka_arm_left success 0.295487 0.201454 -0.373984 0.694074 0.181156 0.188621 0.670721 -1.389957 0.983037 1.598104 -1.296468 0.784838 -1.213273 0.467828
1776409964.133058 jaka_arm_left success 0.295661 0.201675 -0.374019 0.694174 0.181175 0.188922 0.670527 -1.389957 0.983037 1.598104 -1.296468 0.784838 -1.213273 0.467828
1776409964.141356 jaka_arm_left success 0.295823 0.201829 -0.374052 0.694093 0.181334 0.188848 0.670588 -1.389957 0.983037 1.598104 -1.296468 0.784838 -1.213273 0.467828
1776409964.149544 jaka_arm_left success 0.296036 0.201901 -0.374173 0.693577 0.181621 0.188773 0.671066 -1.391099 0.983776 1.598243 -1.293460 0.783987 -1.214938 0.468375
1776409964.158094 jaka_arm_left success 0.296290 0.202043 -0.374236 0.693863 0.181560 0.188503 0.670863 -1.391099 0.983776 1.598243 -1.293460 0.783987 -1.214938 0.468375
1776409964.166347 jaka_arm_left success 0.296430 0.201877 -0.374368 0.692803 0.182883 0.188371 0.671635 -1.390737 0.984591 1.598227 -1.292933 0.783191 -1.214742 0.467639
1776409964.174618 jaka_arm_left success 0.296613 0.202057 -0.374410 0.693369 0.182722 0.188032 0.671190 -1.391316 0.983878 1.598577 -1.292271 0.783662 -1.214875 0.467297
1776409964.182966 jaka_arm_left success 0.296752 0.202100 -0.374493 0.693482 0.182857 0.187858 0.671085 -1.392589 0.983524 1.599004 -1.291184 0.783784 -1.215007 0.466543
1776409964.191436 jaka_arm_left success 0.296835 0.202085 -0.374604 0.693403 0.183066 0.187485 0.671214 -1.392589 0.983524 1.599004 -1.291184 0.783784 -1.215007 0.466543
1776409964.199714 jaka_arm_left success 0.296927 0.202219 -0.374655 0.693892 0.182928 0.187622 0.670708 -1.392589 0.983524 1.599004 -1.291184 0.783784 -1.215007 0.466543
1776409964.208015 jaka_arm_left success 0.296972 0.202269 -0.374709 0.694233 0.182923 0.187421 0.670413 -1.392952 0.982548 1.599589 -1.290396 0.784684 -1.214847 0.466025
1776409964.216341 jaka_arm_left success 0.296926 0.202259 -0.374763 0.694408 0.183037 0.186919 0.670341 -1.392952 0.982548 1.599589 -1.290396 0.784684 -1.214847 0.466025
1776409964.224748 jaka_arm_left success 0.296862 0.202279 -0.374818 0.694319 0.183446 0.187194 0.670244 -1.392952 0.982548 1.599589 -1.290396 0.784684 -1.214847 0.466025
1776409964.233070 jaka_arm_left success 0.296865 0.202273 -0.374856 0.694571 0.182803 0.186780 0.670274 -1.393919 0.981552 1.600414 -1.289437 0.785336 -1.214945 0.464882
1776409964.241360 jaka_arm_left success 0.296849 0.202303 -0.374892 0.694824 0.182431 0.186742 0.670124 -1.394230 0.981452 1.600583 -1.289853 0.785494 -1.215327 0.465124
1776409964.249547 jaka_arm_left success 0.296777 0.202364 -0.374935 0.695145 0.182396 0.186766 0.669793 -1.394230 0.981452 1.600583 -1.289853 0.785494 -1.215327 0.465124
1776409964.258104 jaka_arm_left success 0.296760 0.202375 -0.374975 0.695323 0.182053 0.186599 0.669748 -1.394254 0.980821 1.600912 -1.289993 0.786196 -1.215546 0.465387
1776409964.266428 jaka_arm_left success 0.296746 0.202375 -0.375020 0.695439 0.181553 0.186252 0.669861 -1.395236 0.980173 1.601752 -1.289818 0.786605 -1.216379 0.464822
1776409964.274605 jaka_arm_left success 0.296838 0.202396 -0.375053 0.695735 0.180615 0.186172 0.669829 -1.396281 0.979635 1.602120 -1.289904 0.787044 -1.217021 0.465018
1776409964.282965 jaka_arm_left success 0.296858 0.202358 -0.375117 0.695766 0.180292 0.186019 0.669927 -1.397353 0.979342 1.602780 -1.289215 0.787293 -1.217764 0.464723
1776409964.291323 jaka_arm_left success 0.296887 0.202377 -0.375185 0.696182 0.179953 0.185935 0.669608 -1.397353 0.979342 1.602780 -1.289215 0.787293 -1.217764 0.464723
1776409964.299738 jaka_arm_left success 0.296926 0.202366 -0.375247 0.696497 0.179973 0.186063 0.669240 -1.397428 0.978596 1.602712 -1.289113 0.787991 -1.217540 0.465116
1776409964.307971 jaka_arm_left success 0.297028 0.202347 -0.375341 0.696660 0.179878 0.186190 0.669060 -1.397428 0.978596 1.602712 -1.289113 0.787991 -1.217540 0.465116
1776409964.316267 jaka_arm_left success 0.297199 0.202221 -0.375498 0.696528 0.179906 0.186496 0.669105 -1.397679 0.978401 1.602449 -1.288655 0.788320 -1.216943 0.465362
1776409964.324576 jaka_arm_left success 0.297438 0.202301 -0.375583 0.697222 0.179201 0.186741 0.668503 -1.398098 0.977539 1.602906 -1.288890 0.789545 -1.217129 0.466041
1776409964.332981 jaka_arm_left success 0.297554 0.202095 -0.375762 0.696989 0.179232 0.185705 0.669026 -1.402185 0.978669 1.605657 -1.286341 0.790370 -1.217492 0.464064
1776409964.341338 jaka_arm_left success 0.297736 0.201926 -0.375938 0.696562 0.179274 0.185467 0.669526 -1.406184 0.981090 1.607258 -1.280400 0.790406 -1.220266 0.466180
1776409964.349538 jaka_arm_left success 0.297945 0.201934 -0.376002 0.696971 0.179312 0.185037 0.669209 -1.405846 0.980631 1.607572 -1.280160 0.790897 -1.220278 0.466088
1776409964.358064 jaka_arm_left success 0.298117 0.201652 -0.376185 0.696025 0.179959 0.184385 0.670199 -1.405960 0.981846 1.607881 -1.280168 0.789645 -1.220945 0.465174
1776409964.366350 jaka_arm_left success 0.298306 0.201631 -0.376313 0.696101 0.179855 0.184210 0.670195 -1.407287 0.980743 1.608440 -1.278697 0.789767 -1.221663 0.464018
1776409964.374599 jaka_arm_left success 0.298528 0.201626 -0.376461 0.696150 0.179412 0.184112 0.670291 -1.407287 0.980743 1.608440 -1.278697 0.789767 -1.221663 0.464018
1776409964.382921 jaka_arm_left success 0.298836 0.201522 -0.376607 0.696030 0.178792 0.183328 0.670795 -1.414908 0.981145 1.611930 -1.271310 0.790583 -1.226502 0.464119
1776409964.391369 jaka_arm_left success 0.299102 0.201539 -0.376730 0.696482 0.178260 0.182812 0.670609 -1.414884 0.980643 1.612247 -1.271420 0.791159 -1.226753 0.464345
1776409964.399645 jaka_arm_left success 0.299364 0.201451 -0.376879 0.696471 0.178139 0.182481 0.670743 -1.414884 0.980643 1.612247 -1.271420 0.791159 -1.226753 0.464345
1776409964.408035 jaka_arm_left success 0.299507 0.201330 -0.377032 0.696414 0.178265 0.181749 0.670967 -1.421480 0.980358 1.615668 -1.264490 0.792253 -1.230542 0.463376
1776409964.416245 jaka_arm_left success 0.299649 0.201051 -0.377210 0.695800 0.179226 0.181625 0.671381 -1.421053 0.981390 1.615389 -1.263800 0.791182 -1.230111 0.462570
1776409964.424719 jaka_arm_left success 0.299826 0.200849 -0.377403 0.695319 0.179512 0.181772 0.671763 -1.420942 0.983064 1.614960 -1.263343 0.790335 -1.229898 0.463215
1776409964.433006 jaka_arm_left success 0.300029 0.200852 -0.377572 0.695632 0.179112 0.181422 0.671641 -1.420842 0.982654 1.615408 -1.263466 0.790926 -1.230218 0.463396
1776409964.441341 jaka_arm_left success 0.300271 0.200806 -0.377769 0.695710 0.178780 0.180438 0.671913 -1.422868 0.982300 1.616981 -1.261445 0.791269 -1.231745 0.462280
1776409964.449587 jaka_arm_left success 0.300574 0.200708 -0.377942 0.695598 0.178143 0.180281 0.672240 -1.427926 0.983746 1.618756 -1.255860 0.791943 -1.234468 0.464073
1776409964.458076 jaka_arm_left success 0.300825 0.200704 -0.378091 0.696139 0.177949 0.180609 0.671643 -1.427923 0.983043 1.618773 -1.255803 0.792624 -1.234338 0.464457
1776409964.466305 jaka_arm_left success 0.300980 0.200597 -0.378318 0.695946 0.178417 0.180636 0.671712 -1.427750 0.983178 1.618744 -1.255534 0.792506 -1.234175 0.464278
1776409964.474670 jaka_arm_left success 0.301158 0.200477 -0.378522 0.696164 0.178743 0.179724 0.671644 -1.427303 0.983216 1.619143 -1.255212 0.792617 -1.234226 0.463886
1776409964.482931 jaka_arm_left success 0.301310 0.200193 -0.378737 0.695760 0.179008 0.178357 0.672356 -1.429646 0.983309 1.621202 -1.253432 0.792678 -1.235298 0.461346
1776409964.491434 jaka_arm_left success 0.301590 0.200226 -0.378867 0.696493 0.178933 0.178734 0.671517 -1.429716 0.982612 1.621050 -1.253240 0.793313 -1.234919 0.461708
1776409964.500470 jaka_arm_left success 0.301840 0.200116 -0.378989 0.696806 0.178972 0.178602 0.671217 -1.429716 0.982612 1.621050 -1.253240 0.793313 -1.234919 0.461708
1776409964.508039 jaka_arm_left success 0.302060 0.199974 -0.379204 0.696723 0.178881 0.178051 0.671474 -1.432847 0.983154 1.623499 -1.251474 0.795118 -1.234132 0.460146
1776409964.516328 jaka_arm_left success 0.302189 0.199865 -0.379395 0.696392 0.179226 0.177924 0.671758 -1.432893 0.983628 1.623510 -1.251435 0.794702 -1.234216 0.459914
1776409964.524597 jaka_arm_left success 0.302284 0.199766 -0.379511 0.696320 0.179722 0.178031 0.671672 -1.432775 0.983780 1.623367 -1.251078 0.794534 -1.233908 0.459723
1776409964.532977 jaka_arm_left success 0.302321 0.199816 -0.379562 0.697092 0.179785 0.177635 0.670959 -1.432441 0.983169 1.623595 -1.250683 0.795208 -1.233648 0.459707
1776409964.541307 jaka_arm_left success 0.302316 0.199811 -0.379613 0.697836 0.179757 0.177351 0.670268 -1.432179 0.982304 1.623890 -1.250381 0.796144 -1.233414 0.459821
1776409964.549544 jaka_arm_left success 0.302307 0.199644 -0.379684 0.697520 0.180199 0.177791 0.670361 -1.432707 0.982767 1.623545 -1.250239 0.795856 -1.232835 0.459765
1776409964.557977 jaka_arm_left success 0.302381 0.199634 -0.379668 0.697963 0.179578 0.177815 0.670060 -1.432896 0.982199 1.624136 -1.250349 0.796839 -1.232864 0.459945
1776409964.566314 jaka_arm_left success 0.302346 0.199648 -0.379633 0.698328 0.179417 0.178418 0.669563 -1.433590 0.981947 1.623834 -1.250294 0.797502 -1.231873 0.460420
1776409964.574610 jaka_arm_left success 0.302292 0.199624 -0.379592 0.698618 0.179407 0.179120 0.669076 -1.433945 0.981933 1.623655 -1.250335 0.798136 -1.230942 0.460930
1776409964.582949 jaka_arm_left success 0.302150 0.199436 -0.379595 0.698158 0.179400 0.178948 0.669604 -1.434007 0.982553 1.623847 -1.250565 0.797716 -1.231249 0.460724
1776409964.591255 jaka_arm_left success 0.302027 0.199355 -0.379554 0.697994 0.179087 0.179104 0.669816 -1.434007 0.982553 1.623847 -1.250565 0.797716 -1.231249 0.460724
1776409964.599682 jaka_arm_left success 0.301942 0.199186 -0.379465 0.697616 0.178709 0.179225 0.670279 -1.434519 0.983032 1.623817 -1.251195 0.797360 -1.231682 0.460984
1776409964.607991 jaka_arm_left success 0.301724 0.199089 -0.379397 0.697271 0.179029 0.179475 0.670485 -1.434600 0.983706 1.623652 -1.251264 0.796792 -1.231674 0.460893
1776409964.616330 jaka_arm_left success 0.301545 0.199060 -0.379266 0.697192 0.178751 0.179264 0.670698 -1.434601 0.984270 1.624187 -1.251873 0.796734 -1.232404 0.461084
1776409964.633018 jaka_arm_left success 0.301231 0.199097 -0.378963 0.697364 0.177465 0.179762 0.670727 -1.435094 0.983912 1.623920 -1.252330 0.797043 -1.232454 0.461786
1776409964.641344 jaka_arm_left success 0.301082 0.199053 -0.378795 0.697287 0.176987 0.179947 0.670884 -1.435129 0.983865 1.623964 -1.252881 0.797393 -1.232831 0.462652
1776409964.649538 jaka_arm_left success 0.300912 0.199108 -0.378634 0.697179 0.176702 0.181739 0.670589 -1.432459 0.986147 1.622087 -1.253708 0.797478 -1.232033 0.467700
1776409964.657981 jaka_arm_left success 0.300734 0.199034 -0.378483 0.696871 0.176686 0.182448 0.670721 -1.431226 0.986874 1.620891 -1.253932 0.796856 -1.231771 0.469223
1776409964.666388 jaka_arm_left success 0.300580 0.199036 -0.378301 0.696659 0.176323 0.183285 0.670808 -1.429993 0.987504 1.619616 -1.254669 0.796455 -1.231802 0.471468
1776409964.674602 jaka_arm_left success 0.300431 0.199120 -0.378101 0.697217 0.175756 0.184438 0.670061 -1.427649 0.987648 1.618254 -1.255888 0.796951 -1.231181 0.474428
1776409964.682930 jaka_arm_left success 0.300319 0.199147 -0.377901 0.697352 0.175546 0.185616 0.669649 -1.425984 0.987937 1.616869 -1.257200 0.797028 -1.230144 0.476367
1776409964.691260 jaka_arm_left success 0.300234 0.198911 -0.377745 0.696660 0.175239 0.185690 0.670430 -1.426308 0.988484 1.616798 -1.257643 0.796501 -1.230491 0.476396
1776409964.699608 jaka_arm_left success 0.300175 0.198628 -0.377663 0.695747 0.175125 0.185756 0.671388 -1.426610 0.989569 1.616789 -1.258147 0.795508 -1.231036 0.476195
1776409964.708030 jaka_arm_left success 0.300080 0.198602 -0.377502 0.695712 0.175323 0.186485 0.671170 -1.424854 0.990611 1.615631 -1.258577 0.795023 -1.230629 0.478063
1776409964.716303 jaka_arm_left success 0.300069 0.198487 -0.377349 0.695110 0.175674 0.186909 0.671585 -1.424985 0.991180 1.615174 -1.258555 0.794338 -1.230428 0.477992
1776409964.724583 jaka_arm_left success 0.300161 0.198462 -0.377196 0.694940 0.175632 0.187658 0.671562 -1.424005 0.991996 1.614374 -1.259053 0.793998 -1.230133 0.479334
1776409964.732979 jaka_arm_left success 0.300247 0.198486 -0.376931 0.695485 0.175702 0.188006 0.670883 -1.423745 0.991242 1.613881 -1.258815 0.794607 -1.229350 0.479818
1776409964.741359 jaka_arm_left success 0.300307 0.198348 -0.376670 0.695472 0.176236 0.187867 0.670794 -1.419028 0.991883 1.612966 -1.264464 0.794767 -1.225886 0.479194
1776409964.749543 jaka_arm_left success 0.300371 0.198191 -0.376382 0.695572 0.177197 0.188049 0.670387 -1.419416 0.990365 1.612743 -1.266841 0.794737 -1.223119 0.475391
1776409964.757965 jaka_arm_left success 0.300698 0.197901 -0.376064 0.695456 0.176857 0.188497 0.670472 -1.419810 0.990449 1.612464 -1.267155 0.794605 -1.223100 0.475684
1776409964.766345 jaka_arm_left success 0.300952 0.197820 -0.375694 0.696187 0.177203 0.189871 0.669232 -1.415036 0.991436 1.611297 -1.278507 0.797269 -1.212383 0.473190
1776409964.774686 jaka_arm_left success 0.301055 0.197446 -0.375307 0.696357 0.178230 0.189681 0.668836 -1.414716 0.990010 1.611217 -1.280832 0.797103 -1.210492 0.469867
1776409964.782933 jaka_arm_left success 0.301344 0.197162 -0.374771 0.697485 0.178136 0.189512 0.667733 -1.415655 0.988673 1.613116 -1.287430 0.800699 -1.203463 0.464764
1776409964.791316 jaka_arm_left success 0.301644 0.196935 -0.374241 0.698456 0.178916 0.190974 0.666091 -1.405364 0.987628 1.609394 -1.303470 0.802189 -1.192049 0.462128
1776409964.799669 jaka_arm_left success 0.302060 0.196578 -0.373753 0.699308 0.178330 0.190744 0.665420 -1.406717 0.985646 1.610489 -1.304106 0.803516 -1.192000 0.460586
1776409964.807961 jaka_arm_left success 0.302227 0.196142 -0.373221 0.699347 0.179576 0.191503 0.664825 -1.408507 0.986944 1.611993 -1.309827 0.805830 -1.183568 0.455000
1776409964.816321 jaka_arm_left success 0.302682 0.196074 -0.372594 0.700813 0.179412 0.193713 0.662682 -1.400505 0.985419 1.608315 -1.322859 0.808425 -1.173334 0.454526
1776409964.824587 jaka_arm_left success 0.302815 0.195513 -0.372054 0.700119 0.181609 0.193808 0.662790 -1.400693 0.984995 1.608405 -1.325929 0.807619 -1.169523 0.448896
1776409964.833010 jaka_arm_left success 0.303282 0.195446 -0.371348 0.701801 0.180612 0.194733 0.661009 -1.399131 0.984016 1.609468 -1.337177 0.812552 -1.159235 0.444655
1776409964.841299 jaka_arm_left success 0.303545 0.194914 -0.370678 0.701589 0.182708 0.194676 0.660676 -1.396557 0.981622 1.607776 -1.341025 0.811337 -1.155987 0.440048
1776409964.849528 jaka_arm_left success 0.304010 0.194802 -0.369868 0.703372 0.181988 0.195295 0.658793 -1.395908 0.980216 1.609919 -1.353368 0.817097 -1.143990 0.433274
1776409964.857923 jaka_arm_left success 0.304447 0.194432 -0.369047 0.703925 0.182020 0.194948 0.658296 -1.395233 0.976335 1.608901 -1.356606 0.816160 -1.143566 0.429299
1776409964.866399 jaka_arm_left success 0.304631 0.193804 -0.368245 0.703743 0.183690 0.194480 0.658165 -1.392624 0.977963 1.610281 -1.366695 0.818586 -1.133284 0.422748
1776409964.874626 jaka_arm_left success 0.305183 0.193558 -0.367302 0.705027 0.182697 0.195178 0.656860 -1.391844 0.972444 1.609640 -1.375569 0.820141 -1.128477 0.416486
1776409964.882969 jaka_arm_left success 0.305729 0.193284 -0.366407 0.705597 0.181390 0.196041 0.656352 -1.392624 0.971896 1.609210 -1.376216 0.820642 -1.128461 0.417418
1776409964.891320 jaka_arm_left success 0.306264 0.192829 -0.365462 0.705781 0.181018 0.195111 0.656535 -1.394804 0.971151 1.611572 -1.379268 0.822408 -1.126669 0.414060
1776409964.899631 jaka_arm_left success 0.306605 0.192628 -0.364389 0.706825 0.181437 0.195337 0.655227 -1.393748 0.968198 1.612819 -1.392497 0.826051 -1.114942 0.403895
1776409964.908066 jaka_arm_left success 0.307064 0.192328 -0.363362 0.707434 0.181305 0.195610 0.654525 -1.392924 0.966428 1.612073 -1.395863 0.826656 -1.112822 0.402336
1776409964.916302 jaka_arm_left success 0.307682 0.191961 -0.362390 0.707310 0.180801 0.196482 0.654537 -1.391907 0.966787 1.612982 -1.405530 0.829576 -1.104580 0.397973
1776409964.924596 jaka_arm_left success 0.308107 0.191737 -0.361475 0.706859 0.181354 0.197463 0.654576 -1.392269 0.967271 1.611743 -1.405664 0.828523 -1.103823 0.397852
1776409964.932973 jaka_arm_left success 0.308739 0.191484 -0.360470 0.706717 0.180168 0.196464 0.655357 -1.393407 0.965920 1.612497 -1.407394 0.827877 -1.105804 0.396276
1776409964.941362 jaka_arm_left success 0.309480 0.191063 -0.359479 0.706234 0.180513 0.196337 0.655820 -1.395726 0.963923 1.612612 -1.408483 0.826718 -1.104809 0.391272
1776409964.949551 jaka_arm_left success 0.310222 0.191014 -0.358300 0.707566 0.180922 0.195817 0.654425 -1.398495 0.960514 1.615112 -1.415408 0.830061 -1.097493 0.382351
1776409964.957959 jaka_arm_left success 0.311027 0.190494 -0.357287 0.707524 0.180830 0.194554 0.654873 -1.400625 0.957769 1.616570 -1.418125 0.829852 -1.096653 0.376295
1776409964.966317 jaka_arm_left success 0.312058 0.190199 -0.356198 0.708231 0.180070 0.194171 0.654432 -1.403653 0.955872 1.618226 -1.420886 0.831652 -1.094686 0.372798
1776409964.974637 jaka_arm_left success 0.312787 0.189869 -0.355242 0.708252 0.181572 0.194416 0.653922 -1.403837 0.955132 1.619991 -1.431360 0.834704 -1.083301 0.363099
1776409964.982976 jaka_arm_left success 0.313581 0.189519 -0.354190 0.708696 0.182588 0.193616 0.653395 -1.404666 0.951583 1.620816 -1.433905 0.834831 -1.081273 0.356713
1776409964.991451 jaka_arm_left success 0.314702 0.189148 -0.353191 0.709054 0.181569 0.193603 0.653294 -1.408334 0.950637 1.622798 -1.437737 0.837109 -1.077520 0.352579
1776409964.999706 jaka_arm_left success 0.315775 0.188796 -0.352156 0.709619 0.181859 0.194171 0.652431 -1.410951 0.948938 1.625373 -1.445543 0.840798 -1.068837 0.344304
1776409965.008031 jaka_arm_left success 0.316758 0.188496 -0.351190 0.710319 0.182007 0.193317 0.651881 -1.412267 0.945122 1.626033 -1.448269 0.841217 -1.067089 0.338619
1776409965.016273 jaka_arm_left success 0.317878 0.188099 -0.350291 0.710709 0.181329 0.193436 0.651610 -1.415452 0.945017 1.628182 -1.451684 0.843774 -1.063334 0.335454
1776409965.024697 jaka_arm_left success 0.318912 0.187719 -0.349386 0.710631 0.181831 0.193914 0.651412 -1.418419 0.943892 1.630042 -1.456935 0.845662 -1.057105 0.328273
1776409965.034093 jaka_arm_left success 0.319999 0.187358 -0.348391 0.711528 0.182232 0.193013 0.650589 -1.420835 0.939953 1.632038 -1.460946 0.847638 -1.053338 0.320861
1776409965.041341 jaka_arm_left success 0.321008 0.186819 -0.347545 0.711505 0.183084 0.191684 0.650768 -1.423685 0.938745 1.634859 -1.463468 0.848666 -1.050058 0.313731
1776409965.049556 jaka_arm_left success 0.322180 0.186355 -0.346710 0.712146 0.182667 0.190098 0.650649 -1.427364 0.935777 1.637733 -1.464883 0.849921 -1.049241 0.307613
1776409965.057964 jaka_arm_left success 0.323357 0.185901 -0.345995 0.712476 0.183223 0.189205 0.650391 -1.433613 0.934024 1.641914 -1.467250 0.852521 -1.044934 0.299112
1776409965.066299 jaka_arm_left success 0.324548 0.185264 -0.345250 0.712771 0.183639 0.187590 0.650419 -1.437730 0.932043 1.645229 -1.468838 0.854028 -1.042317 0.291782
1776409965.074604 jaka_arm_left success 0.325895 0.184724 -0.344517 0.713628 0.183404 0.186607 0.649828 -1.444189 0.929402 1.649526 -1.471271 0.857300 -1.038886 0.284106
1776409965.082939 jaka_arm_left success 0.327063 0.183989 -0.343937 0.713519 0.184649 0.185051 0.650039 -1.446844 0.929522 1.652581 -1.472272 0.858298 -1.035809 0.277929
1776409965.091501 jaka_arm_left success 0.328327 0.183410 -0.343303 0.714373 0.185760 0.183827 0.649132 -1.453035 0.926765 1.658022 -1.476736 0.862742 -1.028851 0.266692
1776409965.099837 jaka_arm_left success 0.329776 0.182812 -0.342773 0.715170 0.185283 0.182657 0.648721 -1.457211 0.924336 1.661224 -1.478090 0.864539 -1.027305 0.260514
1776409965.108047 jaka_arm_left success 0.330869 0.182049 -0.342289 0.715601 0.188195 0.181253 0.647800 -1.461353 0.923546 1.667038 -1.484250 0.869811 -1.015742 0.247343
1776409965.116291 jaka_arm_left success 0.332327 0.181374 -0.341828 0.717105 0.188337 0.179127 0.646687 -1.467119 0.917992 1.671229 -1.486393 0.872251 -1.014060 0.237405
1776409965.124602 jaka_arm_left success 0.333727 0.180622 -0.341448 0.718331 0.188523 0.177935 0.645600 -1.474219 0.916875 1.677902 -1.488678 0.877897 -1.007530 0.227803
1776409965.132986 jaka_arm_left success 0.334956 0.179799 -0.341073 0.719008 0.191112 0.177057 0.644325 -1.475884 0.915114 1.682828 -1.497717 0.883695 -0.995457 0.215388
1776409965.141346 jaka_arm_left success 0.336409 0.179228 -0.340692 0.721377 0.190752 0.176273 0.641994 -1.482405 0.909690 1.687917 -1.501859 0.889149 -0.989997 0.204827
1776409965.149571 jaka_arm_left success 0.337721 0.178452 -0.340471 0.722630 0.191387 0.176543 0.640320 -1.485467 0.909705 1.692959 -1.508029 0.896443 -0.979499 0.197506
1776409965.158050 jaka_arm_left success 0.338869 0.177378 -0.340350 0.722816 0.193351 0.174513 0.640076 -1.488483 0.907135 1.696046 -1.508920 0.897104 -0.977172 0.188655
1776409965.166427 jaka_arm_left success 0.340334 0.176788 -0.340053 0.725376 0.192652 0.175249 0.637184 -1.495815 0.905224 1.704168 -1.516396 0.908002 -0.965010 0.178100
1776409965.174669 jaka_arm_left success 0.341685 0.176016 -0.339855 0.726917 0.192693 0.174451 0.635632 -1.500392 0.900957 1.707985 -1.520077 0.912085 -0.960539 0.169334
1776409965.183034 jaka_arm_left success 0.342894 0.174923 -0.339830 0.727160 0.194357 0.173387 0.635138 -1.504912 0.903001 1.714590 -1.523271 0.918014 -0.951902 0.160776
1776409965.191336 jaka_arm_left success 0.344148 0.174042 -0.339744 0.728274 0.195382 0.171652 0.634018 -1.509765 0.897898 1.718447 -1.524996 0.920330 -0.949605 0.150502
1776409965.199630 jaka_arm_left success 0.345651 0.173225 -0.339637 0.729853 0.195362 0.170581 0.632496 -1.518252 0.897213 1.726969 -1.526972 0.928186 -0.942552 0.140296
1776409965.208013 jaka_arm_left success 0.347001 0.172316 -0.339507 0.731112 0.196051 0.169182 0.631203 -1.524568 0.893761 1.732730 -1.530416 0.933093 -0.937548 0.129399
1776409965.216295 jaka_arm_left success 0.348452 0.171619 -0.339408 0.733260 0.196418 0.168644 0.628736 -1.532076 0.891453 1.740894 -1.534719 0.942002 -0.928688 0.117720
1776409965.224607 jaka_arm_left success 0.349937 0.170873 -0.339269 0.734838 0.196778 0.168307 0.626869 -1.537033 0.888417 1.746472 -1.539927 0.948602 -0.920945 0.107183
1776409965.232954 jaka_arm_left success 0.351264 0.169809 -0.339321 0.735304 0.198599 0.167217 0.626039 -1.540287 0.888601 1.751190 -1.541782 0.952846 -0.915387 0.099975
1776409965.241353 jaka_arm_left success 0.352709 0.169245 -0.339166 0.737315 0.198330 0.167237 0.623749 -1.548123 0.884645 1.758374 -1.546058 0.961030 -0.907779 0.087901
1776409965.249576 jaka_arm_left success 0.354118 0.168497 -0.339253 0.737957 0.198869 0.167193 0.622830 -1.550950 0.886177 1.762497 -1.547829 0.966193 -0.901702 0.083724
1776409965.257958 jaka_arm_left success 0.355416 0.167645 -0.339372 0.737280 0.200782 0.168300 0.622720 -1.551784 0.889470 1.764444 -1.549728 0.969257 -0.894839 0.080792
1776409965.266386 jaka_arm_left success 0.356850 0.167272 -0.339372 0.738290 0.200710 0.168765 0.621419 -1.555246 0.886880 1.765776 -1.550079 0.971496 -0.893320 0.077274
1776409965.274605 jaka_arm_left success 0.358213 0.166722 -0.339528 0.738159 0.201474 0.166859 0.621842 -1.563857 0.886090 1.771631 -1.547945 0.973428 -0.892680 0.067585
1776409965.282909 jaka_arm_left success 0.359559 0.166182 -0.339530 0.738419 0.202862 0.165295 0.621500 -1.566782 0.886518 1.775239 -1.546486 0.975487 -0.891133 0.063132
1776409965.291296 jaka_arm_left success 0.360949 0.165542 -0.339625 0.738335 0.204036 0.164601 0.621399 -1.573436 0.887970 1.780457 -1.544711 0.978535 -0.888399 0.056361
1776409965.299648 jaka_arm_left success 0.362405 0.165019 -0.339663 0.739132 0.204432 0.162305 0.620926 -1.583138 0.885044 1.786378 -1.542355 0.981163 -0.889073 0.046559
1776409965.307995 jaka_arm_left success 0.363740 0.164687 -0.339508 0.740887 0.205611 0.161142 0.618744 -1.591169 0.883175 1.793422 -1.541279 0.987538 -0.884176 0.035950
1776409965.316230 jaka_arm_left success 0.365171 0.163890 -0.339528 0.741170 0.206217 0.160126 0.618467 -1.595950 0.883865 1.798478 -1.541268 0.991112 -0.881671 0.029999
1776409965.324601 jaka_arm_left success 0.366526 0.163391 -0.339399 0.742773 0.206808 0.159489 0.616507 -1.605579 0.880844 1.806025 -1.543046 0.998811 -0.875815 0.017704
1776409965.332978 jaka_arm_left success 0.367803 0.162964 -0.339092 0.745062 0.207672 0.159707 0.613391 -1.611508 0.876243 1.815032 -1.552882 1.011199 -0.862309 0.000979
1776409965.341316 jaka_arm_left success 0.369101 0.162202 -0.338992 0.745906 0.208169 0.159551 0.612236 -1.613842 0.875265 1.817892 -1.553689 1.013974 -0.859782 -0.003917
1776409965.349520 jaka_arm_left success 0.370373 0.161597 -0.338750 0.747265 0.208545 0.160650 0.610161 -1.619919 0.873859 1.824660 -1.559150 1.023696 -0.849881 -0.014366
1776409965.357945 jaka_arm_left success 0.371527 0.160907 -0.338479 0.748225 0.209659 0.162617 0.608078 -1.620523 0.873177 1.828431 -1.567413 1.032170 -0.837005 -0.023224
1776409965.366445 jaka_arm_left success 0.372644 0.160134 -0.338187 0.749105 0.209976 0.163233 0.606718 -1.626336 0.871251 1.834417 -1.572016 1.039708 -0.829825 -0.033454
1776409965.374640 jaka_arm_left success 0.373798 0.159808 -0.337844 0.750716 0.209549 0.164723 0.604467 -1.628139 0.870160 1.838733 -1.577186 1.047665 -0.821851 -0.039098
1776409965.382926 jaka_arm_left success 0.374990 0.159087 -0.337655 0.750324 0.209296 0.165912 0.604716 -1.628898 0.870173 1.838065 -1.577538 1.047725 -0.821440 -0.038648
1776409965.391306 jaka_arm_left success 0.376081 0.158777 -0.337393 0.750824 0.208995 0.166686 0.603987 -1.631784 0.870731 1.839603 -1.577627 1.050526 -0.819159 -0.039898
1776409965.399610 jaka_arm_left success 0.377156 0.158485 -0.337127 0.751028 0.208747 0.167069 0.603713 -1.638250 0.871049 1.843462 -1.577070 1.054402 -0.817037 -0.044652
1776409965.407961 jaka_arm_left success 0.378275 0.158064 -0.336964 0.750338 0.208464 0.166505 0.604824 -1.638315 0.872139 1.843704 -1.577532 1.053446 -0.817422 -0.045143
1776409965.416277 jaka_arm_left success 0.379384 0.157595 -0.336850 0.749443 0.209405 0.165027 0.606013 -1.645308 0.873369 1.846417 -1.573441 1.052273 -0.820110 -0.049723
1776409965.424563 jaka_arm_left success 0.380661 0.157406 -0.336663 0.749673 0.209324 0.163569 0.606150 -1.653339 0.873451 1.850207 -1.568109 1.052616 -0.823525 -0.054215
1776409965.432963 jaka_arm_left success 0.381836 0.157066 -0.336406 0.750023 0.210014 0.161841 0.605944 -1.659393 0.873594 1.853987 -1.564087 1.053487 -0.825408 -0.059033
1776409965.441316 jaka_arm_left success 0.383051 0.156933 -0.336029 0.751637 0.210272 0.161225 0.604015 -1.668195 0.870528 1.859385 -1.561138 1.058365 -0.825443 -0.066562
1776409965.449548 jaka_arm_left success 0.384030 0.156491 -0.335780 0.752020 0.211738 0.160450 0.603232 -1.674679 0.872567 1.866021 -1.560944 1.064428 -0.819967 -0.075472
1776409965.457978 jaka_arm_left success 0.385120 0.155916 -0.335544 0.752680 0.211618 0.159535 0.602693 -1.677472 0.870399 1.867803 -1.561008 1.065037 -0.820970 -0.079646
1776409965.466412 jaka_arm_left success 0.386203 0.155670 -0.335266 0.754059 0.211295 0.161135 0.600654 -1.684603 0.870303 1.874575 -1.563633 1.075213 -0.813023 -0.087603
1776409965.474619 jaka_arm_left success 0.387074 0.155177 -0.335018 0.754634 0.211524 0.162037 0.599607 -1.686806 0.869239 1.877378 -1.567798 1.079656 -0.807989 -0.093691
1776409965.482873 jaka_arm_left success 0.388047 0.154866 -0.334719 0.755988 0.211251 0.163571 0.597578 -1.690304 0.868487 1.882700 -1.571940 1.088612 -0.799913 -0.100853
1776409965.491381 jaka_arm_left success 0.388840 0.154331 -0.334402 0.756891 0.211903 0.165140 0.595770 -1.691627 0.865669 1.885721 -1.578163 1.095414 -0.792009 -0.108743
1776409965.499792 jaka_arm_left success 0.389702 0.154131 -0.334036 0.758639 0.211904 0.166569 0.593143 -1.697837 0.861711 1.893209 -1.586052 1.106880 -0.781864 -0.123338
1776409965.508000 jaka_arm_left success 0.390601 0.153610 -0.333850 0.758976 0.211522 0.166495 0.592868 -1.697837 0.861711 1.893209 -1.586052 1.106880 -0.781864 -0.123338
1776409965.516322 jaka_arm_left success 0.391215 0.152880 -0.333684 0.758644 0.213190 0.166646 0.592654 -1.700572 0.863499 1.897913 -1.588631 1.112944 -0.774911 -0.130531
1776409965.524623 jaka_arm_left success 0.392040 0.152648 -0.333452 0.759556 0.212822 0.166822 0.591566 -1.703404 0.860111 1.899034 -1.589310 1.114487 -0.775626 -0.133821
1776409965.532981 jaka_arm_left success 0.392714 0.152301 -0.333249 0.760041 0.212927 0.166706 0.590939 -1.708729 0.860893 1.904632 -1.589695 1.119804 -0.772494 -0.141112
1776409965.541277 jaka_arm_left success 0.393536 0.151923 -0.333098 0.760298 0.212266 0.165715 0.591124 -1.709182 0.860899 1.905135 -1.590335 1.119851 -0.773282 -0.141066
1776409965.549526 jaka_arm_left success 0.394150 0.151771 -0.332956 0.760729 0.212484 0.165710 0.590493 -1.715516 0.858290 1.906683 -1.588893 1.121052 -0.774074 -0.146680
1776409965.557912 jaka_arm_left success 0.394804 0.151466 -0.332866 0.760860 0.212100 0.164285 0.590860 -1.717067 0.859160 1.909082 -1.588457 1.121474 -0.775562 -0.148222
1776409965.566367 jaka_arm_left success 0.395462 0.151059 -0.332847 0.760924 0.211269 0.163049 0.591418 -1.721290 0.859484 1.911483 -1.586372 1.121418 -0.778365 -0.150682
1776409965.574635 jaka_arm_left success 0.395867 0.150723 -0.332709 0.761291 0.211848 0.162521 0.590883 -1.728508 0.860852 1.916312 -1.583542 1.125206 -0.777856 -0.156116
1776409965.583018 jaka_arm_left success 0.396456 0.150433 -0.332664 0.761463 0.211463 0.162442 0.590822 -1.728508 0.860852 1.916312 -1.583542 1.125206 -0.777856 -0.156116
1776409965.591347 jaka_arm_left success 0.396958 0.150286 -0.332501 0.762417 0.211023 0.162475 0.589739 -1.732718 0.859354 1.918768 -1.582422 1.127838 -0.779161 -0.158012
1776409965.599638 jaka_arm_left success 0.397410 0.149858 -0.332420 0.762737 0.211026 0.161963 0.589464 -1.734287 0.859809 1.920539 -1.581407 1.128784 -0.779247 -0.159986
1776409965.607971 jaka_arm_left success 0.397819 0.149416 -0.332407 0.762735 0.211047 0.162520 0.589306 -1.737636 0.862431 1.923159 -1.580631 1.132376 -0.776549 -0.161494
1776409965.616297 jaka_arm_left success 0.398197 0.149078 -0.332384 0.763151 0.210967 0.162484 0.588805 -1.739505 0.861175 1.924455 -1.580381 1.133690 -0.776773 -0.163697
1776409965.624608 jaka_arm_left success 0.398692 0.148827 -0.332333 0.763956 0.210142 0.162693 0.587999 -1.743121 0.860976 1.927006 -1.580550 1.136800 -0.776442 -0.165723
1776409965.633031 jaka_arm_left success 0.399107 0.148588 -0.332215 0.765026 0.209548 0.162666 0.586825 -1.749013 0.859335 1.931177 -1.580406 1.141172 -0.775928 -0.171875
1776409965.641327 jaka_arm_left success 0.399310 0.148088 -0.332360 0.764597 0.210421 0.162465 0.587129 -1.748643 0.859879 1.931132 -1.580083 1.140565 -0.775658 -0.172534
1776409965.649554 jaka_arm_left success 0.399782 0.147685 -0.332432 0.764810 0.210205 0.162378 0.586952 -1.748892 0.861080 1.931984 -1.580128 1.141833 -0.774404 -0.172614
1776409965.658021 jaka_arm_left success 0.400086 0.147540 -0.332317 0.765954 0.210383 0.162404 0.585387 -1.755926 0.861116 1.939812 -1.581012 1.151009 -0.769514 -0.182896
1776409965.666435 jaka_arm_left success 0.400481 0.147347 -0.332341 0.766741 0.209447 0.162108 0.584775 -1.756477 0.860165 1.940452 -1.582041 1.151714 -0.770495 -0.182744
1776409965.674625 jaka_arm_left success 0.400864 0.146917 -0.332382 0.766681 0.209161 0.161462 0.585134 -1.756715 0.860617 1.940844 -1.582560 1.151367 -0.771043 -0.182993
1776409965.682925 jaka_arm_left success 0.401077 0.146477 -0.332470 0.766365 0.210053 0.160746 0.585425 -1.756338 0.861066 1.940799 -1.581767 1.150600 -0.770652 -0.184252
1776409965.691319 jaka_arm_left success 0.401376 0.146140 -0.332490 0.766543 0.209803 0.160035 0.585477 -1.759899 0.860611 1.943010 -1.580742 1.151292 -0.772325 -0.187538
1776409965.699650 jaka_arm_left success 0.401696 0.145984 -0.332424 0.767411 0.209312 0.160076 0.584504 -1.764172 0.860062 1.945918 -1.580150 1.154788 -0.772527 -0.189819
1776409965.707956 jaka_arm_left success 0.401988 0.145724 -0.332372 0.767963 0.208792 0.159739 0.584057 -1.767061 0.860097 1.948270 -1.579658 1.156410 -0.772876 -0.192846
1776409965.716351 jaka_arm_left success 0.402231 0.145352 -0.332429 0.767940 0.208555 0.159222 0.584312 -1.767061 0.860097 1.948270 -1.579658 1.156410 -0.772876 -0.192846
1776409965.724561 jaka_arm_left success 0.402362 0.144866 -0.332479 0.767448 0.209024 0.158733 0.584925 -1.767331 0.861345 1.948868 -1.579765 1.155859 -0.773062 -0.193627
1776409965.733026 jaka_arm_left success 0.402519 0.144672 -0.332396 0.768006 0.209193 0.159056 0.584043 -1.770474 0.862037 1.951385 -1.578856 1.159388 -0.771427 -0.195930
1776409965.741365 jaka_arm_left success 0.402770 0.144482 -0.332302 0.768689 0.208605 0.159193 0.583317 -1.774533 0.860944 1.954160 -1.579121 1.162564 -0.771157 -0.199949
1776409965.749550 jaka_arm_left success 0.402983 0.144090 -0.332340 0.768400 0.208152 0.159213 0.583854 -1.774685 0.861556 1.954245 -1.579576 1.162176 -0.771327 -0.200001
1776409965.757946 jaka_arm_left success 0.403198 0.143871 -0.332329 0.768905 0.207216 0.159211 0.583523 -1.775036 0.861317 1.954539 -1.580101 1.162737 -0.771741 -0.199367
1776409965.766339 jaka_arm_left success 0.403276 0.143523 -0.332281 0.769082 0.207202 0.159088 0.583328 -1.776076 0.862601 1.956551 -1.579539 1.164702 -0.771092 -0.200128
1776409965.774606 jaka_arm_left success 0.403340 0.143265 -0.332239 0.769298 0.206885 0.159070 0.583161 -1.776076 0.862601 1.956551 -1.579539 1.164702 -0.771092 -0.200128
1776409965.782960 jaka_arm_left success 0.403364 0.142822 -0.332302 0.768710 0.207361 0.159050 0.583772 -1.776268 0.863167 1.956367 -1.579732 1.164265 -0.770924 -0.200324
1776409965.791328 jaka_arm_left success 0.403485 0.142598 -0.332233 0.769295 0.206389 0.158941 0.583375 -1.777316 0.863250 1.957671 -1.580048 1.165753 -0.771375 -0.200082
1776409965.799628 jaka_arm_left success 0.403564 0.142086 -0.332314 0.768984 0.205966 0.158019 0.584185 -1.777726 0.864477 1.958146 -1.580825 1.165030 -0.772007 -0.200336
1776409965.807955 jaka_arm_left success 0.403584 0.141909 -0.332228 0.769790 0.205160 0.157373 0.583581 -1.782548 0.863538 1.961326 -1.578825 1.166810 -0.774902 -0.203215
1776409965.816237 jaka_arm_left success 0.403572 0.141494 -0.332259 0.769506 0.204859 0.157042 0.584150 -1.782729 0.864175 1.961235 -1.579097 1.166331 -0.774874 -0.203374
1776409965.824624 jaka_arm_left success 0.403617 0.141234 -0.332235 0.770017 0.203910 0.156342 0.583996 -1.782731 0.864201 1.962067 -1.579655 1.166649 -0.775805 -0.203016
1776409965.832972 jaka_arm_left success 0.403683 0.141043 -0.332206 0.770977 0.202507 0.156447 0.583189 -1.787504 0.863983 1.964735 -1.578096 1.169250 -0.778038 -0.203448
1776409965.841348 jaka_arm_left success 0.403595 0.140762 -0.332154 0.771674 0.201745 0.156227 0.582590 -1.787427 0.863521 1.965281 -1.578149 1.169852 -0.778535 -0.203141
1776409965.849555 jaka_arm_left success 0.403478 0.140250 -0.332243 0.771179 0.201627 0.155910 0.583371 -1.787894 0.864544 1.965356 -1.578625 1.169279 -0.778684 -0.203292
1776409965.858045 jaka_arm_left success 0.403383 0.139856 -0.332333 0.771278 0.201014 0.155876 0.583461 -1.788508 0.865294 1.966138 -1.578451 1.169870 -0.778911 -0.203009
1776409965.866413 jaka_arm_left success 0.403092 0.139210 -0.332504 0.770672 0.201903 0.155382 0.584086 -1.788290 0.866475 1.965955 -1.578063 1.168905 -0.778376 -0.203866
1776409965.874655 jaka_arm_left success 0.403038 0.139092 -0.332377 0.772118 0.200588 0.155421 0.582617 -1.790882 0.865974 1.969183 -1.577197 1.172988 -0.779129 -0.204052
1776409965.882932 jaka_arm_left success 0.403021 0.138845 -0.332400 0.772851 0.199282 0.155491 0.582074 -1.791267 0.865578 1.969665 -1.577823 1.173740 -0.779772 -0.203285
1776409965.891361 jaka_arm_left success 0.402811 0.138238 -0.332614 0.772143 0.200063 0.154268 0.583071 -1.790821 0.866927 1.970356 -1.577625 1.172564 -0.780174 -0.204602
1776409965.899660 jaka_arm_left success 0.402924 0.138095 -0.332607 0.773305 0.197859 0.154455 0.582232 -1.792044 0.865894 1.971504 -1.578708 1.174432 -0.781655 -0.203021
1776409965.908067 jaka_arm_left success 0.402853 0.137765 -0.332626 0.773697 0.197417 0.153966 0.581992 -1.794478 0.865938 1.973249 -1.577673 1.175235 -0.783071 -0.204570
1776409965.916350 jaka_arm_left success 0.402823 0.137481 -0.332698 0.774356 0.196364 0.152499 0.581857 -1.801643 0.865106 1.976482 -1.575216 1.175893 -0.787870 -0.208318
1776409965.924592 jaka_arm_left success 0.402773 0.137032 -0.332831 0.774184 0.196082 0.151341 0.582484 -1.801331 0.865671 1.976929 -1.575352 1.175439 -0.788281 -0.208661
1776409965.933108 jaka_arm_left success 0.402759 0.136727 -0.332930 0.774341 0.195518 0.150892 0.582581 -1.801305 0.866090 1.977488 -1.575810 1.175312 -0.788919 -0.208584
1776409965.941308 jaka_arm_left success 0.402671 0.136420 -0.333011 0.774807 0.195223 0.149914 0.582313 -1.804279 0.866977 1.979744 -1.573075 1.176292 -0.790715 -0.209715
1776409965.949547 jaka_arm_left success 0.402589 0.136255 -0.333006 0.775622 0.194684 0.149502 0.581513 -1.804291 0.866383 1.980619 -1.573431 1.177169 -0.791642 -0.209100
1776409965.957908 jaka_arm_left success 0.402551 0.136023 -0.333064 0.776083 0.194131 0.149286 0.581138 -1.807681 0.865895 1.982378 -1.572346 1.178543 -0.793443 -0.210268
1776409965.966379 jaka_arm_left success 0.402514 0.135697 -0.333180 0.776014 0.193731 0.148927 0.581456 -1.807599 0.866330 1.982600 -1.572498 1.178212 -0.793674 -0.210469
1776409965.974631 jaka_arm_left success 0.402550 0.135453 -0.333266 0.776368 0.192828 0.148142 0.581484 -1.811721 0.867360 1.985092 -1.570376 1.178854 -0.796634 -0.211512
1776409965.982933 jaka_arm_left success 0.402557 0.135137 -0.333421 0.776169 0.192991 0.148279 0.581661 -1.811721 0.867360 1.985092 -1.570376 1.178854 -0.796634 -0.211512
1776409965.991267 jaka_arm_left success 0.402547 0.134936 -0.333467 0.776650 0.192772 0.147996 0.581163 -1.811721 0.867360 1.985092 -1.570376 1.178854 -0.796634 -0.211512
1776409965.999641 jaka_arm_left success 0.402487 0.134577 -0.333576 0.776501 0.192803 0.146774 0.581662 -1.811637 0.868163 1.985901 -1.570251 1.178511 -0.797269 -0.211963
1776409966.016258 jaka_arm_left success 0.402515 0.134270 -0.333632 0.777699 0.192216 0.146224 0.580392 -1.816137 0.867667 1.989372 -1.567494 1.181301 -0.799337 -0.214697
1776409966.024623 jaka_arm_left success 0.402634 0.134120 -0.333683 0.778140 0.191515 0.145966 0.580098 -1.816523 0.867434 1.989622 -1.567941 1.181824 -0.799711 -0.214128
1776409966.033005 jaka_arm_left success 0.402677 0.133761 -0.333837 0.777698 0.191789 0.145888 0.580620 -1.816845 0.868375 1.989834 -1.567773 1.181523 -0.799592 -0.214538
1776409966.041383 jaka_arm_left success 0.402765 0.133352 -0.334001 0.777161 0.191615 0.144724 0.581687 -1.818594 0.870560 1.991133 -1.566406 1.181156 -0.800701 -0.215014
1776409966.049567 jaka_arm_left success 0.402867 0.133185 -0.334068 0.777471 0.191220 0.144162 0.581542 -1.821085 0.871105 1.992498 -1.564189 1.181245 -0.802664 -0.215759
1776409966.058015 jaka_arm_left success 0.402921 0.132934 -0.334183 0.777531 0.191149 0.143549 0.581637 -1.821487 0.871474 1.993088 -1.563703 1.181244 -0.803309 -0.215874
1776409966.066381 jaka_arm_left success 0.403052 0.132700 -0.334240 0.777840 0.190926 0.143232 0.581374 -1.824990 0.872303 1.994834 -1.561325 1.182024 -0.805289 -0.216489
1776409966.074612 jaka_arm_left success 0.403188 0.132481 -0.334296 0.778458 0.190255 0.142546 0.580936 -1.825174 0.871870 1.995587 -1.561459 1.182699 -0.806125 -0.216095
1776409966.082966 jaka_arm_left success 0.403295 0.132191 -0.334405 0.778629 0.190149 0.142217 0.580822 -1.828599 0.872773 1.997050 -1.558742 1.182994 -0.807474 -0.218027
1776409966.091402 jaka_arm_left success 0.403299 0.131648 -0.334623 0.777792 0.191118 0.141426 0.581818 -1.828185 0.873550 1.997226 -1.558642 1.182190 -0.807568 -0.218689
1776409966.099775 jaka_arm_left success 0.403498 0.131235 -0.334808 0.777563 0.190491 0.140774 0.582487 -1.829302 0.876352 1.998130 -1.557242 1.181724 -0.808336 -0.217838
1776409966.107992 jaka_arm_left success 0.403582 0.130886 -0.334912 0.778050 0.190171 0.139078 0.582349 -1.831974 0.875947 1.999576 -1.554893 1.181058 -0.811726 -0.219154
1776409966.116251 jaka_arm_left success 0.403712 0.130504 -0.335047 0.778261 0.189746 0.138884 0.582252 -1.834339 0.877565 2.001259 -1.552935 1.182026 -0.813222 -0.218323
1776409966.124655 jaka_arm_left success 0.403814 0.130187 -0.335105 0.778992 0.189557 0.138337 0.581466 -1.834246 0.876717 2.001933 -1.552430 1.182896 -0.813735 -0.218215
1776409966.133008 jaka_arm_left success 0.403925 0.129559 -0.335331 0.778701 0.189176 0.136648 0.582379 -1.839837 0.878473 2.004017 -1.548728 1.181657 -0.817795 -0.220641
1776409966.141386 jaka_arm_left success 0.404123 0.129120 -0.335532 0.778875 0.188549 0.136370 0.582414 -1.840347 0.879665 2.005143 -1.547930 1.182179 -0.818462 -0.220021
1776409966.149566 jaka_arm_left success 0.404209 0.128650 -0.335694 0.779429 0.188253 0.135304 0.582017 -1.842812 0.880404 2.007137 -1.545509 1.182969 -0.820347 -0.220832
1776409966.157922 jaka_arm_left success 0.404273 0.128184 -0.335828 0.779992 0.188239 0.134461 0.581463 -1.843839 0.880516 2.008444 -1.544612 1.183636 -0.821381 -0.221440
1776409966.166325 jaka_arm_left success 0.404248 0.127337 -0.336191 0.779165 0.189060 0.132991 0.582642 -1.846694 0.883710 2.010358 -1.541676 1.183300 -0.822446 -0.223171
1776409966.174597 jaka_arm_left success 0.404510 0.126900 -0.336331 0.780133 0.187545 0.132516 0.581944 -1.852342 0.884058 2.013351 -1.538358 1.185238 -0.825903 -0.224171
1776409966.182981 jaka_arm_left success 0.404572 0.126397 -0.336485 0.780969 0.187197 0.131628 0.581135 -1.851857 0.883866 2.014195 -1.538286 1.185546 -0.826601 -0.224224
1776409966.191349 jaka_arm_left success 0.404693 0.125767 -0.336741 0.781241 0.186706 0.130979 0.581074 -1.856162 0.885798 2.017793 -1.535683 1.188035 -0.828194 -0.226016
1776409966.199824 jaka_arm_left success 0.404763 0.125034 -0.337000 0.781397 0.186662 0.129855 0.581132 -1.855893 0.886103 2.018179 -1.535708 1.187797 -0.828536 -0.226277
1776409966.207993 jaka_arm_left success 0.404790 0.124417 -0.337193 0.782171 0.186675 0.129491 0.580166 -1.859211 0.887297 2.021417 -1.533749 1.190422 -0.829029 -0.229113
1776409966.216320 jaka_arm_left success 0.404962 0.123756 -0.337394 0.782716 0.186177 0.129381 0.579616 -1.863171 0.888841 2.024605 -1.532768 1.194472 -0.828418 -0.230923
1776409966.224776 jaka_arm_left success 0.404956 0.122886 -0.337652 0.782899 0.186450 0.128076 0.579571 -1.864888 0.889749 2.026918 -1.531756 1.195121 -0.829089 -0.234489
1776409966.232988 jaka_arm_left success 0.405043 0.122129 -0.337939 0.783274 0.186352 0.127279 0.579271 -1.866961 0.890914 2.029352 -1.531070 1.197222 -0.828964 -0.236698
1776409966.241343 jaka_arm_left success 0.405214 0.121597 -0.338111 0.784135 0.185766 0.127003 0.578354 -1.871594 0.891337 2.032762 -1.530678 1.201360 -0.828925 -0.239966
1776409966.249604 jaka_arm_left success 0.405255 0.120875 -0.338340 0.784753 0.185818 0.125956 0.577727 -1.873071 0.891602 2.035035 -1.530370 1.202950 -0.829208 -0.242851
1776409966.258039 jaka_arm_left success 0.405440 0.120142 -0.338585 0.785131 0.185293 0.124799 0.577634 -1.875498 0.892313 2.037558 -1.529764 1.204419 -0.830178 -0.245601
1776409966.266349 jaka_arm_left success 0.405614 0.119551 -0.338709 0.786309 0.184836 0.124308 0.576283 -1.882283 0.892844 2.043087 -1.528541 1.210101 -0.830575 -0.252236
1776409966.274602 jaka_arm_left success 0.405717 0.118862 -0.338965 0.786910 0.184585 0.122777 0.575871 -1.883713 0.892976 2.045074 -1.528655 1.211186 -0.831540 -0.254407
1776409966.282886 jaka_arm_left success 0.405771 0.118048 -0.339195 0.786957 0.185388 0.122141 0.575684 -1.885885 0.895342 2.048409 -1.528121 1.214484 -0.829571 -0.258816
1776409966.291391 jaka_arm_left success 0.405920 0.117438 -0.339367 0.787958 0.184744 0.121296 0.574699 -1.889422 0.893971 2.051456 -1.528540 1.217044 -0.831538 -0.262534
1776409966.299707 jaka_arm_left success 0.406146 0.116570 -0.339647 0.787866 0.184553 0.120630 0.575027 -1.889793 0.895607 2.052429 -1.528492 1.217440 -0.831073 -0.263425
1776409966.307982 jaka_arm_left success 0.406239 0.115844 -0.339767 0.788423 0.185315 0.120353 0.574076 -1.894474 0.898563 2.057916 -1.527849 1.224663 -0.827188 -0.270461
1776409966.316318 jaka_arm_left success 0.406283 0.114909 -0.339973 0.788491 0.186005 0.119077 0.574025 -1.895936 0.897838 2.059557 -1.528643 1.225175 -0.827705 -0.275241
1776409966.324590 jaka_arm_left success 0.406490 0.114254 -0.340062 0.789533 0.185602 0.118145 0.572914 -1.901173 0.898006 2.064536 -1.528694 1.230326 -0.827853 -0.281977
1776409966.332957 jaka_arm_left success 0.406584 0.113230 -0.340252 0.789334 0.186541 0.117218 0.573075 -1.901044 0.900689 2.066779 -1.529622 1.232755 -0.824924 -0.285109
1776409966.341301 jaka_arm_left success 0.406845 0.112681 -0.340291 0.790710 0.185520 0.116388 0.571676 -1.906740 0.897948 2.069992 -1.529895 1.235447 -0.827998 -0.291032
1776409966.349581 jaka_arm_left success 0.406949 0.111745 -0.340445 0.790714 0.185807 0.115281 0.571801 -1.907418 0.900979 2.072646 -1.529591 1.237921 -0.826114 -0.293466
1776409966.357993 jaka_arm_left success 0.407157 0.111031 -0.340468 0.791432 0.185592 0.114451 0.571045 -1.913096 0.900545 2.076561 -1.529332 1.241341 -0.827534 -0.300210
1776409966.366299 jaka_arm_left success 0.407308 0.110052 -0.340589 0.791462 0.186154 0.113009 0.571108 -1.913737 0.902429 2.078451 -1.529247 1.242577 -0.826765 -0.302581
1776409966.374589 jaka_arm_left success 0.407735 0.109303 -0.340530 0.792691 0.184571 0.111493 0.570213 -1.921271 0.901872 2.083057 -1.528379 1.245181 -0.831572 -0.308249
1776409966.382915 jaka_arm_left success 0.407887 0.108338 -0.340498 0.793183 0.185765 0.109578 0.569512 -1.926457 0.904259 2.088096 -1.526213 1.249991 -0.830628 -0.316100
1776409966.391278 jaka_arm_left success 0.408064 0.107339 -0.340441 0.794074 0.185999 0.107277 0.568632 -1.932266 0.903342 2.092118 -1.525923 1.251835 -0.833800 -0.324493
1776409966.399598 jaka_arm_left success 0.408372 0.106381 -0.340358 0.795101 0.185748 0.106156 0.567489 -1.938833 0.906333 2.099111 -1.525363 1.259635 -0.832326 -0.333420
1776409966.407948 jaka_arm_left success 0.408621 0.105414 -0.340300 0.796173 0.185678 0.104512 0.566312 -1.944189 0.904636 2.103258 -1.527179 1.263224 -0.834156 -0.342092
1776409966.416302 jaka_arm_left success 0.408687 0.103989 -0.340306 0.795505 0.187434 0.102681 0.567006 -1.943858 0.907934 2.105340 -1.527053 1.264535 -0.831589 -0.346276
1776409966.424585 jaka_arm_left success 0.408910 0.102888 -0.340145 0.796540 0.187376 0.101417 0.565800 -1.951629 0.908366 2.112028 -1.528536 1.271813 -0.831367 -0.358613
1776409966.432960 jaka_arm_left success 0.409272 0.102060 -0.339888 0.798424 0.186113 0.100453 0.563729 -1.958880 0.907806 2.118061 -1.530836 1.279000 -0.831875 -0.368760
1776409966.441370 jaka_arm_left success 0.409493 0.100940 -0.339739 0.799326 0.186780 0.099965 0.562315 -1.963517 0.907925 2.124343 -1.535907 1.288410 -0.827589 -0.382077
1776409966.449550 jaka_arm_left success 0.409692 0.099698 -0.339648 0.799720 0.187339 0.099072 0.561726 -1.966478 0.909032 2.128456 -1.537720 1.293722 -0.825359 -0.390251
1776409966.457966 jaka_arm_left success 0.409839 0.098485 -0.339477 0.800628 0.187766 0.097239 0.560610 -1.971566 0.908293 2.132781 -1.538541 1.297056 -0.827368 -0.399468
1776409966.466327 jaka_arm_left success 0.410104 0.097164 -0.339404 0.801014 0.188064 0.095763 0.560212 -1.976295 0.912490 2.138288 -1.538315 1.302965 -0.825656 -0.407495
1776409966.474600 jaka_arm_left success 0.410506 0.096038 -0.339250 0.802299 0.187301 0.094138 0.558902 -1.981609 0.909986 2.141414 -1.538332 1.304961 -0.830006 -0.413322
1776409966.482898 jaka_arm_left success 0.410713 0.094712 -0.339219 0.802475 0.188414 0.092595 0.558534 -1.986110 0.915298 2.147124 -1.537161 1.311268 -0.827423 -0.421739
1776409966.491335 jaka_arm_left success 0.411162 0.093643 -0.339060 0.804136 0.187931 0.091614 0.556465 -1.994736 0.915130 2.154384 -1.540423 1.320980 -0.827000 -0.436411
1776409966.499733 jaka_arm_left success 0.411394 0.092326 -0.339002 0.804663 0.189247 0.089387 0.555619 -1.999291 0.914869 2.158455 -1.541257 1.324080 -0.828422 -0.446902
1776409966.507940 jaka_arm_left success 0.411735 0.090946 -0.339024 0.804965 0.190315 0.088147 0.555015 -2.002950 0.918655 2.163837 -1.540697 1.331071 -0.825704 -0.455225
1776409966.524652 jaka_arm_left success 0.412635 0.088346 -0.339034 0.806069 0.192220 0.085276 0.553201 -2.013499 0.922811 2.174225 -1.541673 1.343442 -0.823701 -0.477025
1776409966.532974 jaka_arm_left success 0.413201 0.087179 -0.339072 0.807121 0.192687 0.083493 0.551775 -2.019720 0.921485 2.178193 -1.542175 1.346686 -0.827116 -0.486475
1776409966.541306 jaka_arm_left success 0.413589 0.085720 -0.339226 0.806953 0.195219 0.081697 0.551400 -2.023446 0.926102 2.183845 -1.541771 1.353997 -0.823045 -0.499538
1776409966.549568 jaka_arm_left success 0.414135 0.084552 -0.339285 0.807686 0.196922 0.079726 0.550008 -2.029426 0.926898 2.189789 -1.543443 1.361351 -0.822470 -0.514416
1776409966.558069 jaka_arm_left success 0.414655 0.083335 -0.339435 0.808223 0.199167 0.077585 0.548715 -2.035266 0.928232 2.195384 -1.543824 1.367926 -0.822121 -0.528814
1776409966.566411 jaka_arm_left success 0.415250 0.082091 -0.339621 0.808548 0.201746 0.075797 0.547542 -2.040298 0.930183 2.201069 -1.544814 1.375784 -0.819833 -0.544165
1776409966.574660 jaka_arm_left success 0.416010 0.081019 -0.339855 0.809266 0.203613 0.073828 0.546058 -2.045969 0.931748 2.206561 -1.544510 1.382522 -0.819873 -0.556787
1776409966.582922 jaka_arm_left success 0.416639 0.079812 -0.340118 0.809545 0.206754 0.071638 0.544755 -2.051392 0.934338 2.213045 -1.545533 1.391595 -0.817199 -0.574737
1776409966.591381 jaka_arm_left success 0.417265 0.078604 -0.340352 0.809715 0.210217 0.069120 0.543501 -2.057286 0.936207 2.218799 -1.545705 1.399023 -0.816146 -0.592126
1776409966.599630 jaka_arm_left success 0.418082 0.077499 -0.340769 0.809863 0.212419 0.066711 0.542725 -2.059585 0.936265 2.220353 -1.543503 1.399274 -0.817907 -0.597826
1776409966.607976 jaka_arm_left success 0.418670 0.076308 -0.341144 0.810114 0.216078 0.064079 0.541220 -2.067039 0.941421 2.228667 -1.541979 1.409917 -0.816004 -0.618279
1776409966.616204 jaka_arm_left success 0.419568 0.075274 -0.341534 0.811000 0.217406 0.062056 0.539596 -2.071751 0.940872 2.231038 -1.540069 1.411242 -0.819607 -0.624364
1776409966.624753 jaka_arm_left success 0.420120 0.073950 -0.342013 0.810958 0.220945 0.058659 0.538599 -2.079518 0.947019 2.239034 -1.536729 1.420337 -0.819018 -0.643662
1776409966.632944 jaka_arm_left success 0.421030 0.072970 -0.342413 0.812501 0.222276 0.057114 0.535886 -2.088748 0.949071 2.246215 -1.535637 1.430398 -0.820714 -0.659392
1776409966.641336 jaka_arm_left success 0.421656 0.071652 -0.342945 0.812911 0.224700 0.054316 0.534542 -2.094560 0.950611 2.250356 -1.533298 1.433464 -0.823828 -0.671074
1776409966.649558 jaka_arm_left success 0.422505 0.070433 -0.343612 0.813756 0.225625 0.051846 0.533111 -2.099342 0.953152 2.254369 -1.530025 1.436355 -0.826911 -0.677127
1776409966.658001 jaka_arm_left success 0.422951 0.069108 -0.344183 0.814268 0.228550 0.049838 0.531271 -2.105196 0.957184 2.261890 -1.530362 1.447927 -0.824600 -0.697145
1776409966.666430 jaka_arm_left success 0.423696 0.067899 -0.344822 0.815159 0.229536 0.047785 0.529666 -2.112532 0.959393 2.265692 -1.526203 1.450957 -0.828830 -0.704742
1776409966.674671 jaka_arm_left success 0.424491 0.066867 -0.345372 0.817170 0.229376 0.045944 0.526791 -2.122044 0.963378 2.272524 -1.521359 1.457951 -0.833949 -0.713549
1776409966.682921 jaka_arm_left success 0.424902 0.065553 -0.346028 0.817853 0.231995 0.043695 0.524771 -2.126534 0.966942 2.278927 -1.520612 1.466866 -0.833395 -0.729082
1776409966.691381 jaka_arm_left success 0.425532 0.064405 -0.346626 0.819293 0.232839 0.042247 0.522265 -2.134469 0.970391 2.285567 -1.518447 1.476168 -0.835571 -0.741421
1776409966.699820 jaka_arm_left success 0.426165 0.063045 -0.347368 0.820067 0.233720 0.040199 0.520816 -2.139605 0.972647 2.289085 -1.515677 1.478353 -0.839432 -0.748046
1776409966.708032 jaka_arm_left success 0.426699 0.061927 -0.347964 0.821707 0.234842 0.038853 0.517820 -2.147168 0.976903 2.296786 -1.513428 1.490149 -0.840395 -0.762666
1776409966.716246 jaka_arm_left success 0.427392 0.060844 -0.348554 0.823641 0.234580 0.037531 0.514956 -2.155737 0.979716 2.302319 -1.511054 1.496695 -0.844999 -0.772041
1776409966.724567 jaka_arm_left success 0.427739 0.059467 -0.349241 0.824260 0.236223 0.035713 0.513341 -2.159712 0.983199 2.307316 -1.509316 1.503191 -0.845917 -0.782712
1776409966.732975 jaka_arm_left success 0.428168 0.058237 -0.349875 0.825091 0.237511 0.034545 0.511488 -2.164239 0.986382 2.312712 -1.509215 1.512086 -0.845867 -0.795320
1776409966.741373 jaka_arm_left success 0.428613 0.057071 -0.350521 0.825671 0.238163 0.033530 0.510315 -2.168370 0.989595 2.315733 -1.506841 1.515529 -0.847504 -0.800705
1776409966.749551 jaka_arm_left success 0.429108 0.056025 -0.351114 0.826567 0.238617 0.033027 0.508683 -2.171687 0.992738 2.319175 -1.503912 1.520792 -0.847849 -0.805998
1776409966.758044 jaka_arm_left success 0.429416 0.054979 -0.351680 0.827057 0.239935 0.031850 0.507341 -2.175933 0.995999 2.323600 -1.502654 1.527322 -0.848764 -0.815974
1776409966.766715 jaka_arm_left success 0.429931 0.053912 -0.352286 0.827201 0.240466 0.030996 0.506906 -2.175528 0.996014 2.323860 -1.502395 1.527176 -0.848978 -0.816306
1776409966.774621 jaka_arm_left success 0.430161 0.052832 -0.352907 0.826639 0.242282 0.029543 0.507046 -2.176087 1.000043 2.325755 -1.499292 1.529093 -0.848035 -0.820392
1776409966.782932 jaka_arm_left success 0.430705 0.052193 -0.353277 0.827649 0.242338 0.029373 0.505378 -2.181961 1.003981 2.329484 -1.495161 1.534365 -0.849926 -0.826871
1776409966.791447 jaka_arm_left success 0.431042 0.051373 -0.353744 0.827418 0.243360 0.028319 0.505325 -2.181413 1.004065 2.329690 -1.494792 1.534033 -0.850093 -0.827414
1776409966.799634 jaka_arm_left success 0.431351 0.050601 -0.354130 0.827159 0.244697 0.026984 0.505176 -2.183039 1.007751 2.331695 -1.491828 1.535996 -0.850099 -0.831790
1776409966.807982 jaka_arm_left success 0.431754 0.049819 -0.354546 0.826606 0.245142 0.026060 0.505915 -2.182573 1.008999 2.331394 -1.491336 1.534876 -0.849635 -0.833090
1776409966.816292 jaka_arm_left success 0.431964 0.049051 -0.354809 0.825745 0.246836 0.025376 0.506531 -2.182325 1.013074 2.332125 -1.488270 1.536108 -0.847267 -0.835973
1776409966.824623 jaka_arm_left success 0.432328 0.048486 -0.355072 0.825289 0.246892 0.025093 0.507260 -2.182325 1.013074 2.332125 -1.488270 1.536108 -0.847267 -0.835973
1776409966.833081 jaka_arm_left success 0.432734 0.048137 -0.355214 0.825260 0.246755 0.025415 0.507358 -2.182873 1.014935 2.332010 -1.487794 1.536601 -0.846078 -0.835784
1776409966.841335 jaka_arm_left success 0.432707 0.047388 -0.355420 0.823479 0.249013 0.024518 0.509190 -2.180938 1.017039 2.330727 -1.486193 1.534377 -0.843849 -0.838111
1776409966.849547 jaka_arm_left success 0.432855 0.046749 -0.355630 0.821901 0.249908 0.024053 0.511319 -2.177992 1.020311 2.329748 -1.485426 1.533830 -0.839657 -0.836600
1776409966.858023 jaka_arm_left success 0.433330 0.046562 -0.355688 0.821830 0.248743 0.024787 0.511965 -2.175839 1.022146 2.327990 -1.480068 1.529678 -0.839004 -0.825275
1776409966.866291 jaka_arm_left success 0.433514 0.046242 -0.355777 0.820838 0.249517 0.025235 0.513156 -2.175945 1.022720 2.326679 -1.479860 1.528669 -0.837773 -0.826043
1776409966.874630 jaka_arm_left success 0.433786 0.046096 -0.355786 0.820426 0.249519 0.025749 0.513789 -2.173851 1.024162 2.326192 -1.479321 1.529081 -0.834928 -0.824064
1776409966.882968 jaka_arm_left success 0.434030 0.045915 -0.355809 0.819752 0.249705 0.025858 0.514767 -2.173473 1.024930 2.325452 -1.479235 1.528031 -0.834157 -0.824506
1776409966.891358 jaka_arm_left success 0.434198 0.045566 -0.355854 0.818281 0.251123 0.025990 0.516408 -2.169014 1.026832 2.323425 -1.478549 1.526760 -0.829072 -0.821905
1776409966.899690 jaka_arm_left success 0.434372 0.045308 -0.355921 0.817021 0.252562 0.025865 0.517707 -2.164989 1.027367 2.321529 -1.477347 1.524432 -0.826033 -0.819099
1776409966.908020 jaka_arm_left success 0.434859 0.045537 -0.355869 0.817603 0.251871 0.026405 0.517098 -2.167443 1.026731 2.321646 -1.476543 1.524147 -0.828220 -0.817916
1776409966.916301 jaka_arm_left success 0.435066 0.045176 -0.355988 0.815939 0.253292 0.025601 0.519067 -2.163316 1.028904 2.318877 -1.472395 1.518852 -0.825820 -0.811960
1776409966.924603 jaka_arm_left success 0.435444 0.045117 -0.356056 0.815325 0.253841 0.025415 0.519773 -2.164782 1.029928 2.317473 -1.469478 1.515707 -0.826970 -0.810542
1776409966.933118 jaka_arm_left success 0.435919 0.045300 -0.356113 0.815635 0.253161 0.024945 0.519641 -2.166745 1.030470 2.317365 -1.466414 1.513220 -0.829969 -0.807847
1776409966.941275 jaka_arm_left success 0.436142 0.045127 -0.356242 0.814590 0.254373 0.024133 0.520726 -2.163904 1.032343 2.315866 -1.462997 1.510215 -0.828250 -0.803695
1776409966.949553 jaka_arm_left success 0.436391 0.045113 -0.356369 0.814076 0.255335 0.023504 0.521087 -2.163645 1.032856 2.314939 -1.462440 1.508893 -0.827629 -0.804771
1776409966.957960 jaka_arm_left success 0.436788 0.045108 -0.356506 0.813804 0.255284 0.022616 0.521575 -2.166492 1.033043 2.314179 -1.458686 1.504523 -0.832082 -0.802593
1776409966.966386 jaka_arm_left success 0.437057 0.045106 -0.356633 0.813599 0.255704 0.021997 0.521717 -2.165061 1.036179 2.313960 -1.453208 1.502699 -0.831385 -0.797495
1776409966.974647 jaka_arm_left success 0.437323 0.044997 -0.356861 0.812873 0.256726 0.021673 0.522359 -2.164919 1.036564 2.312905 -1.452748 1.501520 -0.830620 -0.798349
1776409966.982933 jaka_arm_left success 0.437700 0.045049 -0.357116 0.812639 0.257144 0.021209 0.522537 -2.166439 1.036462 2.311675 -1.448194 1.497253 -0.833939 -0.794835
1776409966.991276 jaka_arm_left success 0.437978 0.045058 -0.357338 0.812452 0.258139 0.020986 0.522347 -2.165951 1.036287 2.311606 -1.447592 1.497017 -0.833822 -0.795381
1776409966.999638 jaka_arm_left success 0.438411 0.045224 -0.357586 0.812913 0.258344 0.020867 0.521531 -2.165656 1.035818 2.311841 -1.447056 1.497293 -0.833963 -0.795545
1776409967.016328 jaka_arm_left success 0.438745 0.045195 -0.357917 0.812471 0.259507 0.020400 0.521662 -2.166259 1.038403 2.312568 -1.443152 1.498095 -0.833116 -0.796717
1776409967.024663 jaka_arm_left success 0.439487 0.045201 -0.358543 0.812589 0.260984 0.019139 0.520788 -2.167915 1.038842 2.313088 -1.440035 1.498037 -0.834402 -0.798648
1776409967.032981 jaka_arm_left success 0.439912 0.045374 -0.358752 0.813374 0.261358 0.018587 0.519394 -2.172010 1.039994 2.314945 -1.436557 1.498580 -0.837931 -0.801348
1776409967.041276 jaka_arm_left success 0.440396 0.045676 -0.359038 0.814364 0.261079 0.018766 0.517973 -2.172612 1.038777 2.316066 -1.436042 1.500425 -0.838860 -0.800512
1776409967.049550 jaka_arm_left success 0.440631 0.045453 -0.359450 0.813204 0.263078 0.018063 0.518808 -2.173521 1.041628 2.315803 -1.432060 1.499908 -0.837694 -0.803646
1776409967.058069 jaka_arm_left success 0.440773 0.045266 -0.359880 0.812152 0.264921 0.016497 0.519570 -2.172500 1.042451 2.315225 -1.431243 1.498206 -0.837291 -0.805321
1776409967.066378 jaka_arm_left success 0.440945 0.045185 -0.360249 0.811454 0.266946 0.015410 0.519659 -2.171380 1.042630 2.314610 -1.429802 1.496864 -0.836767 -0.807194
1776409967.074635 jaka_arm_left success 0.441574 0.045694 -0.360460 0.813444 0.265552 0.015918 0.517240 -2.177816 1.043101 2.317961 -1.425755 1.499859 -0.841902 -0.808961
1776409967.082977 jaka_arm_left success 0.441987 0.045759 -0.360861 0.813245 0.265984 0.015567 0.517343 -2.177790 1.043282 2.317318 -1.425207 1.499406 -0.841258 -0.809519
1776409967.091343 jaka_arm_left success 0.442203 0.045460 -0.361300 0.812120 0.268065 0.014667 0.518061 -2.176652 1.044673 2.316922 -1.423250 1.498351 -0.840180 -0.810979
1776409967.099660 jaka_arm_left success 0.442359 0.045454 -0.361592 0.811707 0.270084 0.013523 0.517691 -2.175764 1.044990 2.316881 -1.421291 1.497636 -0.839957 -0.812749
1776409967.107962 jaka_arm_left success 0.442790 0.045708 -0.361882 0.812347 0.270294 0.013813 0.516568 -2.179980 1.047373 2.318980 -1.416656 1.500686 -0.841009 -0.814726
1776409967.116250 jaka_arm_left success 0.443019 0.045586 -0.362193 0.811612 0.272150 0.012861 0.516774 -2.179035 1.047483 2.318810 -1.415803 1.499805 -0.840896 -0.815929
1776409967.124697 jaka_arm_left success 0.443397 0.045700 -0.362562 0.811174 0.272714 0.012088 0.517183 -2.178778 1.048303 2.317808 -1.415254 1.498394 -0.840126 -0.817103
1776409967.133028 jaka_arm_left success 0.443607 0.045633 -0.362867 0.810175 0.274291 0.010359 0.517951 -2.180364 1.050541 2.317451 -1.410116 1.495191 -0.842320 -0.817352
1776409967.141275 jaka_arm_left success 0.443726 0.045458 -0.363239 0.808642 0.276216 0.008018 0.519363 -2.176340 1.052013 2.313818 -1.403209 1.485950 -0.843797 -0.808839
1776409967.149596 jaka_arm_left success 0.444058 0.045669 -0.363504 0.808489 0.277305 0.007366 0.519032 -2.175864 1.051734 2.313540 -1.401945 1.485422 -0.843656 -0.810050
1776409967.158021 jaka_arm_left success 0.444416 0.045798 -0.363793 0.807989 0.278036 0.005847 0.519438 -2.180340 1.053267 2.313872 -1.397637 1.482910 -0.848021 -0.811893
1776409967.166350 jaka_arm_left success 0.444596 0.045631 -0.364141 0.806287 0.279463 0.002382 0.521341 -2.178558 1.056028 2.308608 -1.383942 1.467531 -0.854808 -0.797283
1776409967.174608 jaka_arm_left success 0.444860 0.045508 -0.364427 0.804919 0.281134 0.000331 0.522561 -2.178086 1.059329 2.307953 -1.380944 1.465263 -0.854045 -0.798004
1776409967.183035 jaka_arm_left success 0.444907 0.045402 -0.364656 0.803588 0.283125 -0.002481 0.523526 -2.178978 1.060032 2.306125 -1.376043 1.458662 -0.858185 -0.798115
1776409967.191295 jaka_arm_left success 0.445482 0.045716 -0.364929 0.804301 0.281389 -0.003937 0.523359 -2.184178 1.061648 2.305059 -1.366132 1.451378 -0.867470 -0.788295
1776409967.199642 jaka_arm_left success 0.445609 0.045489 -0.365167 0.802849 0.283211 -0.005425 0.524591 -2.180215 1.064789 2.302829 -1.361036 1.446889 -0.865872 -0.783070
1776409967.208006 jaka_arm_left success 0.445706 0.045248 -0.365417 0.801627 0.284570 -0.006808 0.525707 -2.178526 1.066914 2.300730 -1.355897 1.442574 -0.865914 -0.779225
1776409967.216286 jaka_arm_left success 0.445859 0.045230 -0.365560 0.801416 0.284849 -0.009012 0.525845 -2.181303 1.067250 2.300590 -1.352689 1.438472 -0.871239 -0.780051
1776409967.224696 jaka_arm_left success 0.445808 0.045025 -0.365707 0.800658 0.285971 -0.010626 0.526360 -2.181691 1.069317 2.299582 -1.347829 1.435004 -0.873015 -0.777422
1776409967.233077 jaka_arm_left success 0.445890 0.044814 -0.365890 0.800275 0.286255 -0.011635 0.526766 -2.181213 1.070136 2.299176 -1.346270 1.433137 -0.873827 -0.776841
1776409967.241351 jaka_arm_left success 0.445979 0.044542 -0.366041 0.799936 0.286481 -0.012649 0.527134 -2.181820 1.071206 2.298699 -1.343587 1.430834 -0.875625 -0.775343
1776409967.249527 jaka_arm_left success 0.445967 0.043937 -0.366278 0.798605 0.287473 -0.013071 0.528601 -2.178494 1.073803 2.296795 -1.341139 1.428163 -0.873148 -0.771957
1776409967.258025 jaka_arm_left success 0.445974 0.043683 -0.366401 0.798423 0.287688 -0.013323 0.528753 -2.178494 1.073803 2.296795 -1.341139 1.428163 -0.873148 -0.771957
1776409967.266491 jaka_arm_left success 0.445931 0.043344 -0.366530 0.798082 0.287730 -0.014525 0.529212 -2.179873 1.075228 2.295840 -1.336870 1.424266 -0.876392 -0.769644
1776409967.274657 jaka_arm_left success 0.445871 0.043067 -0.366637 0.798141 0.287626 -0.015826 0.529143 -2.181280 1.077345 2.296160 -1.332806 1.422323 -0.879025 -0.767464
1776409967.282972 jaka_arm_left success 0.445881 0.042790 -0.366653 0.798474 0.287394 -0.016209 0.528754 -2.180970 1.077327 2.296637 -1.332719 1.422426 -0.879453 -0.767477
1776409967.291416 jaka_arm_left success 0.445835 0.042426 -0.366735 0.798478 0.287961 -0.016596 0.528428 -2.180621 1.077240 2.296874 -1.332418 1.422397 -0.879643 -0.767733
1776409967.299616 jaka_arm_left success 0.445490 0.041595 -0.366921 0.796802 0.289866 -0.018115 0.529865 -2.179423 1.078574 2.295793 -1.331585 1.420035 -0.878894 -0.769816
1776409967.308067 jaka_arm_left success 0.445379 0.041212 -0.366965 0.797209 0.290284 -0.017745 0.529034 -2.179230 1.079468 2.296957 -1.330152 1.421643 -0.878115 -0.770529
1776409967.316316 jaka_arm_left success 0.445166 0.040731 -0.367052 0.797276 0.291145 -0.017774 0.528459 -2.179219 1.079716 2.297343 -1.328952 1.422670 -0.877182 -0.771726
1776409967.324735 jaka_arm_left success 0.445207 0.040363 -0.367182 0.797983 0.289975 -0.018091 0.528025 -2.180443 1.081124 2.299011 -1.329439 1.424018 -0.878075 -0.771701
1776409967.333141 jaka_arm_left success 0.445126 0.039925 -0.367223 0.798802 0.289845 -0.017568 0.526875 -2.185103 1.084675 2.303325 -1.326802 1.430354 -0.877041 -0.777409
1776409967.341371 jaka_arm_left success 0.444856 0.039289 -0.367346 0.798355 0.290336 -0.019105 0.527227 -2.184470 1.085435 2.303370 -1.326811 1.429383 -0.877301 -0.778126
1776409967.349554 jaka_arm_left success 0.444722 0.038845 -0.367432 0.798969 0.290055 -0.019266 0.526445 -2.184304 1.085415 2.303870 -1.326860 1.429578 -0.877753 -0.778081
1776409967.358059 jaka_arm_left success 0.444472 0.038221 -0.367462 0.798752 0.291214 -0.019327 0.526134 -2.186620 1.086119 2.306827 -1.331563 1.435438 -0.874482 -0.789667
1776409967.366373 jaka_arm_left success 0.444396 0.037768 -0.367545 0.799281 0.290352 -0.019848 0.525786 -2.186431 1.086359 2.307802 -1.332009 1.435764 -0.875404 -0.789245
1776409967.374781 jaka_arm_left success 0.444248 0.037424 -0.367588 0.799882 0.289854 -0.021240 0.525093 -2.186668 1.086617 2.309181 -1.332251 1.435705 -0.877416 -0.789668
1776409967.382940 jaka_arm_left success 0.444349 0.037296 -0.367578 0.801742 0.287516 -0.021909 0.523512 -2.194046 1.085393 2.312104 -1.331249 1.436275 -0.885314 -0.792294
1776409967.391546 jaka_arm_left success 0.444130 0.036721 -0.367696 0.801195 0.287647 -0.022524 0.524251 -2.194108 1.086170 2.311665 -1.331544 1.435599 -0.885000 -0.792475
1776409967.399678 jaka_arm_left success 0.443876 0.036221 -0.367776 0.801068 0.287314 -0.024260 0.524550 -2.193678 1.089603 2.312408 -1.328779 1.434482 -0.885500 -0.791110
1776409967.407991 jaka_arm_left success 0.443841 0.036201 -0.367732 0.802630 0.285476 -0.024183 0.523166 -2.194317 1.088723 2.314416 -1.329253 1.436423 -0.887415 -0.789556
1776409967.416355 jaka_arm_left success 0.443805 0.036039 -0.367736 0.803534 0.284457 -0.023921 0.522346 -2.198883 1.088444 2.315376 -1.328283 1.436926 -0.890851 -0.790008
1776409967.424600 jaka_arm_left success 0.443586 0.035748 -0.367734 0.803670 0.284567 -0.024657 0.522042 -2.198411 1.088601 2.315736 -1.328102 1.436711 -0.891222 -0.790317
1776409967.433021 jaka_arm_left success 0.443507 0.035528 -0.367791 0.804120 0.283388 -0.025547 0.521947 -2.200950 1.089686 2.316767 -1.326937 1.436065 -0.894245 -0.790445
1776409967.441292 jaka_arm_left success 0.443294 0.035186 -0.367802 0.803919 0.283523 -0.026253 0.522149 -2.200560 1.090071 2.316973 -1.326905 1.435656 -0.894531 -0.790732
1776409967.449591 jaka_arm_left success 0.443184 0.034965 -0.367846 0.804268 0.282931 -0.026523 0.521919 -2.201811 1.091036 2.317463 -1.325626 1.435435 -0.895762 -0.790215
1776409967.458082 jaka_arm_left success 0.443171 0.035011 -0.367838 0.805305 0.281748 -0.026875 0.520941 -2.205067 1.091125 2.318863 -1.323892 1.435448 -0.899634 -0.789715
1776409967.466436 jaka_arm_left success 0.443130 0.034927 -0.367777 0.806252 0.281082 -0.027284 0.519813 -2.205464 1.090683 2.320111 -1.323969 1.436661 -0.900741 -0.788892
1776409967.474776 jaka_arm_left success 0.443184 0.034911 -0.367752 0.807041 0.280165 -0.027249 0.519085 -2.209472 1.091388 2.321642 -1.321888 1.437141 -0.904143 -0.789925
1776409967.482909 jaka_arm_left success 0.443129 0.034864 -0.367768 0.807379 0.279782 -0.027271 0.518765 -2.209472 1.091388 2.321642 -1.321888 1.437141 -0.904143 -0.789925
1776409967.491382 jaka_arm_left success 0.443059 0.034854 -0.367751 0.807610 0.279764 -0.027260 0.518416 -2.209572 1.091067 2.322157 -1.321881 1.437770 -0.904503 -0.789539
1776409967.499651 jaka_arm_left success 0.442986 0.034887 -0.367687 0.808065 0.279654 -0.026993 0.517779 -2.209722 1.090568 2.322569 -1.321726 1.438475 -0.904734 -0.789237
1776409967.507955 jaka_arm_left success 0.442915 0.034923 -0.367612 0.808373 0.279570 -0.026614 0.517364 -2.209993 1.090196 2.322770 -1.321653 1.439048 -0.904792 -0.788970
1776409967.516247 jaka_arm_left success 0.442839 0.034957 -0.367549 0.808476 0.279489 -0.026035 0.517277 -2.210306 1.090007 2.322709 -1.321667 1.439377 -0.904645 -0.788776
1776409967.524712 jaka_arm_left success 0.442809 0.035095 -0.367447 0.808811 0.278876 -0.025710 0.517099 -2.210744 1.089905 2.322912 -1.321955 1.439904 -0.904747 -0.788278
1776409967.533057 jaka_arm_left success 0.442772 0.035224 -0.367316 0.809136 0.277938 -0.025674 0.517098 -2.211146 1.090101 2.323318 -1.322511 1.440309 -0.905125 -0.787672
1776409967.541383 jaka_arm_left success 0.442825 0.035530 -0.367136 0.810062 0.276554 -0.024842 0.516430 -2.212025 1.089595 2.324275 -1.323149 1.441807 -0.905870 -0.786367
1776409967.549563 jaka_arm_left success 0.442545 0.035546 -0.367002 0.809514 0.276849 -0.025395 0.517105 -2.211878 1.090156 2.324011 -1.323242 1.441077 -0.905834 -0.786792
1776409967.558032 jaka_arm_left success 0.442336 0.035725 -0.366810 0.809397 0.276165 -0.026380 0.517603 -2.211743 1.090938 2.324242 -1.323749 1.440480 -0.906339 -0.786831
1776409967.566395 jaka_arm_left success 0.442227 0.035804 -0.366693 0.809360 0.275367 -0.025517 0.518130 -2.212734 1.090707 2.323514 -1.324701 1.440122 -0.906475 -0.785880
1776409967.574624 jaka_arm_left success 0.442201 0.035970 -0.366497 0.809835 0.274335 -0.024418 0.517988 -2.213421 1.090521 2.323539 -1.325222 1.440715 -0.906477 -0.785060
1776409967.582963 jaka_arm_left success 0.442051 0.036047 -0.366303 0.809942 0.273764 -0.024000 0.518142 -2.213729 1.090093 2.323862 -1.325867 1.441253 -0.906932 -0.784016
1776409967.591427 jaka_arm_left success 0.441916 0.036220 -0.366061 0.810386 0.272560 -0.023361 0.518113 -2.212690 1.087451 2.322254 -1.328066 1.439456 -0.907793 -0.780970
1776409967.599658 jaka_arm_left success 0.441762 0.036238 -0.365786 0.810435 0.271875 -0.021986 0.518456 -2.213422 1.087143 2.322135 -1.328811 1.440342 -0.907436 -0.779656
1776409967.607986 jaka_arm_left success 0.441379 0.036035 -0.365607 0.809460 0.271849 -0.021527 0.520009 -2.208798 1.087264 2.319882 -1.331006 1.439066 -0.903480 -0.776054
1776409967.616362 jaka_arm_left success 0.441228 0.036108 -0.365281 0.809775 0.270945 -0.020085 0.520048 -2.209324 1.086927 2.319936 -1.331785 1.439872 -0.903352 -0.774848
1776409967.624673 jaka_arm_left success 0.441096 0.036129 -0.364967 0.809848 0.269941 -0.018589 0.520511 -2.204234 1.085275 2.318411 -1.335596 1.440459 -0.899336 -0.769968
1776409967.633167 jaka_arm_left success 0.440797 0.036122 -0.364643 0.809559 0.269260 -0.018831 0.521305 -2.204368 1.086187 2.318278 -1.336318 1.439782 -0.899482 -0.769886
1776409967.641411 jaka_arm_left success 0.440618 0.036284 -0.364249 0.810015 0.267465 -0.018735 0.521523 -2.204960 1.084580 2.317566 -1.338656 1.438033 -0.901760 -0.768183
1776409967.649551 jaka_arm_left success 0.440115 0.035985 -0.363938 0.808684 0.267366 -0.018505 0.523644 -2.201186 1.084306 2.314624 -1.341350 1.434764 -0.899614 -0.764739
1776409967.658091 jaka_arm_left success 0.440062 0.036158 -0.363601 0.809365 0.264616 -0.016513 0.524055 -2.199243 1.082674 2.313763 -1.344215 1.434707 -0.899212 -0.758773
1776409967.666341 jaka_arm_left success 0.439697 0.036090 -0.363160 0.809246 0.263666 -0.015467 0.524749 -2.196608 1.081499 2.312244 -1.346421 1.433836 -0.897864 -0.754291
1776409967.674563 jaka_arm_left success 0.439326 0.035989 -0.362671 0.809417 0.262265 -0.014718 0.525209 -2.197354 1.081820 2.312051 -1.347192 1.434017 -0.897755 -0.753566
1776409967.682977 jaka_arm_left success 0.438987 0.035954 -0.362217 0.809795 0.260650 -0.012933 0.525478 -2.197374 1.081239 2.311669 -1.349340 1.434929 -0.897057 -0.750570
1776409967.691333 jaka_arm_left success 0.438621 0.035904 -0.361700 0.810042 0.259654 -0.011502 0.525622 -2.198203 1.080864 2.311563 -1.350418 1.435978 -0.896708 -0.748995
1776409967.699658 jaka_arm_left success 0.438264 0.035764 -0.361259 0.810256 0.258163 -0.009258 0.526072 -2.192188 1.079738 2.310156 -1.355374 1.437565 -0.891186 -0.743641
1776409967.707965 jaka_arm_left success 0.438081 0.035760 -0.360768 0.811255 0.256091 -0.006776 0.525582 -2.190435 1.076264 2.310206 -1.361721 1.440430 -0.889297 -0.742610
1776409967.716347 jaka_arm_left success 0.437808 0.035756 -0.360334 0.811596 0.254140 -0.005999 0.526013 -2.191566 1.076857 2.310894 -1.363612 1.441221 -0.890057 -0.740902
1776409967.724662 jaka_arm_left success 0.437243 0.035588 -0.359891 0.811457 0.253915 -0.004967 0.526347 -2.188032 1.074788 2.309653 -1.368480 1.442110 -0.886526 -0.740753
1776409967.732965 jaka_arm_left success 0.436945 0.035570 -0.359447 0.811935 0.251980 -0.004601 0.526543 -2.188879 1.075225 2.309907 -1.369616 1.442532 -0.886860 -0.739709
1776409967.741353 jaka_arm_left success 0.436730 0.035661 -0.359043 0.812422 0.250413 -0.002470 0.526553 -2.188897 1.073385 2.309801 -1.373121 1.444071 -0.886418 -0.737755
1776409967.749545 jaka_arm_left success 0.436670 0.035905 -0.358637 0.813614 0.247494 -0.000613 0.526098 -2.190582 1.072882 2.310724 -1.374891 1.446240 -0.887119 -0.735156
1776409967.758026 jaka_arm_left success 0.436426 0.035941 -0.358219 0.814122 0.245982 0.000144 0.526022 -2.191516 1.072675 2.311373 -1.376396 1.447446 -0.887711 -0.733418
1776409967.766415 jaka_arm_left success 0.436094 0.035801 -0.357929 0.813296 0.245844 -0.000292 0.527361 -2.187280 1.070536 2.308447 -1.380840 1.443678 -0.886423 -0.731881
1776409967.774626 jaka_arm_left success 0.435809 0.035918 -0.357583 0.813310 0.245069 -0.000401 0.527700 -2.187599 1.070759 2.308567 -1.381365 1.443800 -0.886599 -0.731436
1776409967.782971 jaka_arm_left success 0.435681 0.036154 -0.357285 0.813578 0.243661 0.000833 0.527938 -2.188571 1.070429 2.308452 -1.382827 1.444579 -0.886627 -0.729715
1776409967.791361 jaka_arm_left success 0.435615 0.036551 -0.356900 0.814333 0.241883 0.001888 0.527590 -2.187676 1.067329 2.307698 -1.386309 1.444058 -0.887722 -0.726530
1776409967.799695 jaka_arm_left success 0.435602 0.036846 -0.356573 0.814575 0.240061 0.002388 0.528046 -2.188381 1.067703 2.307741 -1.387230 1.444315 -0.887855 -0.725658
1776409967.807959 jaka_arm_left success 0.435419 0.037119 -0.356231 0.814432 0.239744 0.003605 0.528403 -2.184601 1.064629 2.305530 -1.390612 1.442758 -0.886540 -0.721157
1776409967.816254 jaka_arm_left success 0.435314 0.037425 -0.355864 0.814451 0.239293 0.004718 0.528571 -2.185137 1.064517 2.305233 -1.390889 1.443044 -0.886251 -0.720731
1776409967.825766 jaka_arm_left success 0.435195 0.037736 -0.355484 0.814265 0.239062 0.005262 0.528956 -2.185583 1.064499 2.304887 -1.391169 1.443167 -0.885942 -0.720406
1776409967.833015 jaka_arm_left success 0.435022 0.038097 -0.355012 0.814222 0.239300 0.006482 0.528900 -2.182564 1.061863 2.303389 -1.394315 1.443176 -0.883800 -0.718800
1776409967.841334 jaka_arm_left success 0.434895 0.038642 -0.354522 0.814512 0.238551 0.006966 0.528786 -2.183084 1.061299 2.303579 -1.394938 1.443843 -0.884103 -0.718065
1776409967.849547 jaka_arm_left success 0.434667 0.039019 -0.354096 0.813584 0.239230 0.007802 0.529895 -2.179731 1.058529 2.300146 -1.399189 1.441241 -0.881553 -0.717584
1776409967.857967 jaka_arm_left success 0.434580 0.039419 -0.353572 0.812958 0.239228 0.008199 0.530850 -2.179040 1.057961 2.299353 -1.400869 1.440535 -0.881135 -0.717135
1776409967.866282 jaka_arm_left success 0.434651 0.040003 -0.352955 0.813167 0.238145 0.009539 0.530995 -2.178489 1.055955 2.298474 -1.403248 1.440628 -0.880806 -0.715647
1776409967.874628 jaka_arm_left success 0.434432 0.040539 -0.352301 0.812274 0.238984 0.010489 0.531966 -2.172739 1.052004 2.295067 -1.408866 1.438809 -0.876986 -0.714311
1776409967.882907 jaka_arm_left success 0.434208 0.041027 -0.351576 0.811374 0.239477 0.010609 0.533114 -2.172829 1.052556 2.294132 -1.408967 1.437852 -0.876279 -0.714859
1776409967.891261 jaka_arm_left success 0.433968 0.041462 -0.350880 0.810122 0.240371 0.010952 0.534606 -2.169304 1.049686 2.290376 -1.413192 1.433957 -0.874477 -0.714854
1776409967.899630 jaka_arm_left success 0.433827 0.042031 -0.350142 0.809209 0.240713 0.012156 0.535808 -2.166282 1.047744 2.288533 -1.416609 1.433422 -0.872080 -0.713324
1776409967.908000 jaka_arm_left success 0.433667 0.042610 -0.349325 0.808424 0.240899 0.012519 0.536900 -2.163375 1.044388 2.285287 -1.420745 1.430159 -0.870988 -0.713269
1776409967.916222 jaka_arm_left success 0.433584 0.043372 -0.348389 0.807868 0.241096 0.014218 0.537606 -2.160294 1.041955 2.283623 -1.424613 1.430658 -0.867995 -0.712191
1776409967.924595 jaka_arm_left success 0.433497 0.044095 -0.347572 0.807067 0.240105 0.015038 0.539228 -2.158238 1.039700 2.280830 -1.429210 1.427721 -0.867453 -0.710133
1776409967.933048 jaka_arm_left success 0.433103 0.044643 -0.346628 0.805670 0.240720 0.014590 0.541052 -2.156195 1.038337 2.277982 -1.431926 1.423993 -0.866914 -0.709389
1776409967.941259 jaka_arm_left success 0.432870 0.045220 -0.345656 0.804439 0.241178 0.015291 0.542657 -2.153389 1.036823 2.274503 -1.433988 1.420899 -0.864580 -0.708494
1776409967.949574 jaka_arm_left success 0.432776 0.045974 -0.344700 0.803629 0.240279 0.016823 0.544208 -2.147787 1.033061 2.270616 -1.439540 1.417331 -0.862770 -0.702981
1776409967.957984 jaka_arm_left success 0.432610 0.046635 -0.343697 0.802718 0.239626 0.018549 0.545783 -2.146095 1.031959 2.268006 -1.442252 1.415742 -0.860957 -0.700146
1776409967.966305 jaka_arm_left success 0.432331 0.047245 -0.342682 0.801468 0.239957 0.019865 0.547425 -2.142069 1.029793 2.264478 -1.446003 1.413287 -0.858189 -0.696724
1776409967.974659 jaka_arm_left success 0.432051 0.047983 -0.341599 0.801239 0.239269 0.021065 0.548017 -2.138932 1.025064 2.260961 -1.450826 1.410232 -0.857774 -0.694032
1776409967.982908 jaka_arm_left success 0.431646 0.048716 -0.340506 0.800320 0.239394 0.021957 0.549269 -2.138755 1.025266 2.259241 -1.452097 1.408986 -0.856465 -0.693741
1776409967.991383 jaka_arm_left success 0.431378 0.049466 -0.339439 0.800118 0.238659 0.023726 0.549810 -2.134438 1.020636 2.256040 -1.458260 1.407450 -0.854523 -0.690235
1776409967.999641 jaka_arm_left success 0.431090 0.050088 -0.338363 0.799288 0.237912 0.024927 0.551285 -2.133868 1.020105 2.254341 -1.460345 1.406326 -0.853473 -0.689258
1776409968.008004 jaka_arm_left success 0.430509 0.050465 -0.337335 0.797279 0.238945 0.026373 0.553675 -2.123132 1.016718 2.248298 -1.467885 1.402180 -0.846367 -0.684671
1776409968.016316 jaka_arm_left success 0.429872 0.050943 -0.336259 0.795717 0.240203 0.027599 0.555316 -2.117174 1.012292 2.244171 -1.475019 1.399326 -0.842839 -0.684470
1776409968.024635 jaka_arm_left success 0.429638 0.051728 -0.335092 0.796137 0.239028 0.029829 0.555106 -2.116655 1.008175 2.243527 -1.481507 1.401574 -0.841402 -0.686352
1776409968.033028 jaka_arm_left success 0.429334 0.052310 -0.334033 0.795364 0.238839 0.032688 0.556132 -2.111927 1.007090 2.241353 -1.487659 1.404074 -0.834429 -0.685111
1776409968.041405 jaka_arm_left success 0.429064 0.053077 -0.332928 0.795137 0.238522 0.034957 0.556455 -2.108544 1.000540 2.238855 -1.497477 1.404969 -0.831442 -0.687986
1776409968.049567 jaka_arm_left success 0.428730 0.053774 -0.331802 0.794773 0.238599 0.036345 0.556853 -2.105458 0.997946 2.238914 -1.506636 1.409465 -0.825788 -0.694103
1776409968.057937 jaka_arm_left success 0.428227 0.054391 -0.330752 0.793866 0.239888 0.038235 0.557467 -2.101447 0.993883 2.236817 -1.514684 1.411281 -0.820487 -0.698474
1776409968.066396 jaka_arm_left success 0.427863 0.054999 -0.329703 0.792984 0.240472 0.039344 0.558392 -2.099270 0.990527 2.234749 -1.521039 1.411462 -0.817472 -0.702207
1776409968.074634 jaka_arm_left success 0.427515 0.055669 -0.328647 0.792223 0.240585 0.040647 0.559330 -2.097459 0.989509 2.233229 -1.524009 1.411788 -0.814708 -0.702415
1776409968.082935 jaka_arm_left success 0.427154 0.056353 -0.327619 0.791613 0.240930 0.042319 0.559919 -2.093011 0.985527 2.230673 -1.531098 1.412045 -0.810769 -0.703263
1776409968.091297 jaka_arm_left success 0.426668 0.056917 -0.326613 0.790092 0.242466 0.043587 0.561306 -2.087603 0.982734 2.228038 -1.538507 1.412673 -0.804722 -0.706430
1776409968.099629 jaka_arm_left success 0.426032 0.057349 -0.325618 0.788001 0.245170 0.044579 0.562991 -2.080888 0.978513 2.225190 -1.549146 1.413976 -0.796935 -0.714164
1776409968.107912 jaka_arm_left success 0.425965 0.058266 -0.324580 0.787795 0.244447 0.046756 0.563417 -2.080489 0.976884 2.223649 -1.552232 1.415574 -0.794245 -0.713926
1776409968.116266 jaka_arm_left success 0.425699 0.059015 -0.323587 0.786925 0.245050 0.049124 0.564169 -2.075117 0.974455 2.221261 -1.558036 1.416896 -0.788498 -0.713841
1776409968.124598 jaka_arm_left success 0.425408 0.060007 -0.322517 0.786773 0.245265 0.050727 0.564146 -2.073846 0.968071 2.219231 -1.567093 1.418567 -0.786076 -0.719787
1776409968.132996 jaka_arm_left success 0.424928 0.060712 -0.321483 0.785563 0.247227 0.051588 0.564897 -2.069092 0.965082 2.218245 -1.574647 1.421437 -0.780001 -0.726810
1776409968.141351 jaka_arm_left success 0.424658 0.061345 -0.320586 0.784137 0.248269 0.052979 0.566290 -2.064637 0.964161 2.215693 -1.579521 1.421532 -0.774656 -0.727313
1776409968.149516 jaka_arm_left success 0.424314 0.062199 -0.319624 0.783408 0.249059 0.054445 0.566814 -2.062012 0.958733 2.212637 -1.586141 1.421129 -0.772133 -0.730135
1776409968.157971 jaka_arm_left success 0.424063 0.062749 -0.318783 0.781648 0.249771 0.055457 0.568829 -2.059087 0.960029 2.210206 -1.587970 1.420132 -0.767551 -0.730071
1776409968.166324 jaka_arm_left success 0.423585 0.063358 -0.317850 0.780239 0.251236 0.056432 0.570019 -2.051579 0.956452 2.206605 -1.594226 1.418946 -0.762035 -0.729922
1776409968.174613 jaka_arm_left success 0.423356 0.064203 -0.316949 0.779866 0.250595 0.057823 0.570672 -2.051673 0.954988 2.205316 -1.597394 1.418391 -0.761821 -0.729472
1776409968.182893 jaka_arm_left success 0.422973 0.064760 -0.316072 0.778555 0.251388 0.059678 0.571922 -2.044321 0.952166 2.201548 -1.603251 1.418412 -0.755023 -0.728053
1776409968.191298 jaka_arm_left success 0.422652 0.065513 -0.315185 0.778229 0.251276 0.061675 0.572203 -2.041562 0.947072 2.198977 -1.610152 1.418452 -0.752908 -0.729260
1776409968.199643 jaka_arm_left success 0.422084 0.065999 -0.314345 0.776731 0.252365 0.061720 0.573751 -2.038340 0.947266 2.196937 -1.613317 1.416919 -0.749537 -0.730338
1776409968.207952 jaka_arm_left success 0.421681 0.066666 -0.313458 0.776556 0.252505 0.063816 0.573698 -2.033096 0.942537 2.194873 -1.620812 1.419165 -0.744704 -0.731848
1776409968.216291 jaka_arm_left success 0.421317 0.067222 -0.312699 0.775730 0.252178 0.064646 0.574866 -2.033795 0.942955 2.194098 -1.621320 1.418959 -0.744045 -0.731645
1776409968.224583 jaka_arm_left success 0.420857 0.067749 -0.311903 0.774939 0.252489 0.065149 0.575738 -2.029038 0.938596 2.190304 -1.628157 1.415994 -0.741626 -0.731974
1776409968.232977 jaka_arm_left success 0.420516 0.068449 -0.311103 0.774956 0.251586 0.066272 0.575982 -2.029700 0.938516 2.189952 -1.628622 1.416363 -0.741393 -0.731390
1776409968.241346 jaka_arm_left success 0.420136 0.069005 -0.310368 0.774485 0.251139 0.067288 0.576693 -2.027161 0.936116 2.187659 -1.633021 1.415437 -0.739623 -0.729970
1776409968.249535 jaka_arm_left success 0.419549 0.069458 -0.309693 0.773554 0.251890 0.067509 0.577588 -2.023648 0.934377 2.185163 -1.636674 1.413203 -0.737405 -0.730242
1776409968.258052 jaka_arm_left success 0.419261 0.069937 -0.309064 0.773176 0.250888 0.068418 0.578423 -2.020669 0.931927 2.183307 -1.640691 1.412168 -0.736255 -0.728172
1776409968.266442 jaka_arm_left success 0.418945 0.070535 -0.308342 0.773450 0.249879 0.068902 0.578436 -2.020559 0.929649 2.182063 -1.643059 1.411100 -0.736991 -0.727420
1776409968.274602 jaka_arm_left success 0.418174 0.070705 -0.307751 0.771739 0.251936 0.068625 0.579860 -2.017778 0.930042 2.180037 -1.644269 1.408484 -0.734576 -0.728751
1776409968.282961 jaka_arm_left success 0.417961 0.071417 -0.307086 0.772796 0.249997 0.069462 0.579191 -2.017450 0.925619 2.178962 -1.648779 1.408186 -0.736328 -0.726823
1776409968.291413 jaka_arm_left success 0.417585 0.071788 -0.306559 0.772228 0.249631 0.070360 0.579999 -2.017578 0.925819 2.177844 -1.649499 1.407851 -0.735211 -0.726470
1776409968.299655 jaka_arm_left success 0.417086 0.072291 -0.305883 0.772614 0.249710 0.070794 0.579397 -2.012645 0.919716 2.175525 -1.656023 1.406606 -0.734379 -0.726199
1776409968.307965 jaka_arm_left success 0.416651 0.072651 -0.305323 0.772389 0.249853 0.071919 0.579497 -2.011131 0.919291 2.174907 -1.657671 1.407639 -0.732209 -0.726278
1776409968.316371 jaka_arm_left success 0.416317 0.073211 -0.304716 0.772791 0.249467 0.072823 0.579014 -2.009968 0.915424 2.173774 -1.662175 1.408393 -0.731305 -0.728515
1776409968.324668 jaka_arm_left success 0.415791 0.073537 -0.304153 0.772528 0.249642 0.073157 0.579248 -2.007454 0.913345 2.173169 -1.666950 1.409922 -0.728783 -0.730426
1776409968.332971 jaka_arm_left success 0.415333 0.073907 -0.303617 0.772078 0.249958 0.073483 0.579670 -2.006462 0.912115 2.172148 -1.669355 1.409495 -0.727588 -0.732344
1776409968.341361 jaka_arm_left success 0.415040 0.074436 -0.303045 0.772476 0.248995 0.074076 0.579478 -2.006854 0.911417 2.172785 -1.670231 1.410467 -0.728472 -0.731355
1776409968.349564 jaka_arm_left success 0.414686 0.074971 -0.302471 0.772740 0.248408 0.075007 0.579259 -2.006058 0.906655 2.170492 -1.675390 1.409705 -0.728169 -0.733051
1776409968.357964 jaka_arm_left success 0.414227 0.075448 -0.301891 0.772626 0.248230 0.075110 0.579473 -2.005453 0.905942 2.170062 -1.677157 1.409768 -0.727617 -0.733341
1776409968.366339 jaka_arm_left success 0.413739 0.075757 -0.301367 0.771756 0.249030 0.076159 0.580152 -1.999621 0.904111 2.167920 -1.682394 1.410434 -0.722327 -0.733891
1776409968.374673 jaka_arm_left success 0.413607 0.076702 -0.300681 0.773504 0.246870 0.077046 0.578629 -2.002521 0.900024 2.168696 -1.684665 1.411855 -0.726144 -0.733741
1776409968.382970 jaka_arm_left success 0.413061 0.076994 -0.300148 0.772414 0.247766 0.077572 0.579631 -1.998921 0.897505 2.166043 -1.689797 1.410751 -0.722649 -0.736451
1776409968.391337 jaka_arm_left success 0.412678 0.077628 -0.299497 0.772610 0.247673 0.077830 0.579374 -1.999074 0.897136 2.166074 -1.689852 1.411119 -0.722757 -0.736206
1776409968.399643 jaka_arm_left success 0.412390 0.078138 -0.298994 0.772197 0.246699 0.078009 0.580315 -1.999558 0.896217 2.165194 -1.692767 1.409685 -0.723589 -0.736085
1776409968.407982 jaka_arm_left success 0.411834 0.078552 -0.298382 0.771246 0.247637 0.079066 0.581037 -1.993928 0.892905 2.161626 -1.697145 1.408339 -0.719113 -0.736463
1776409968.416295 jaka_arm_left success 0.411452 0.079154 -0.297703 0.771293 0.247076 0.079099 0.581209 -1.994251 0.891788 2.161370 -1.699244 1.407842 -0.720073 -0.736193
1776409968.424612 jaka_arm_left success 0.411082 0.079729 -0.297078 0.771358 0.246270 0.079863 0.581360 -1.994365 0.889881 2.160033 -1.701364 1.407444 -0.720030 -0.735630
1776409968.433004 jaka_arm_left success 0.410600 0.080280 -0.296388 0.771041 0.246394 0.080557 0.581632 -1.991401 0.886197 2.157451 -1.705922 1.405188 -0.719081 -0.736085
1776409968.441358 jaka_arm_left success 0.410143 0.080907 -0.295683 0.771121 0.245950 0.081515 0.581581 -1.989350 0.883525 2.156063 -1.709259 1.405123 -0.718006 -0.735746
1776409968.449561 jaka_arm_left success 0.409812 0.081506 -0.295007 0.771158 0.244699 0.081941 0.581999 -1.988953 0.881664 2.154956 -1.711902 1.404319 -0.718336 -0.734956
1776409968.457962 jaka_arm_left success 0.409209 0.082118 -0.294311 0.770773 0.245311 0.082926 0.582112 -1.983354 0.876492 2.151422 -1.718437 1.402765 -0.715281 -0.735037
1776409968.466334 jaka_arm_left success 0.408738 0.082674 -0.293629 0.770531 0.244743 0.083753 0.582553 -1.983812 0.876514 2.151132 -1.718792 1.402956 -0.715091 -0.734661
1776409968.474605 jaka_arm_left success 0.408099 0.083227 -0.292934 0.769971 0.244906 0.083884 0.583206 -1.982149 0.874771 2.149404 -1.721928 1.401489 -0.714290 -0.734458
1776409968.482883 jaka_arm_left success 0.407640 0.083832 -0.292224 0.770014 0.244268 0.084979 0.583259 -1.979962 0.871524 2.147216 -1.725855 1.400930 -0.713059 -0.733444
1776409968.491308 jaka_arm_left success 0.407153 0.084507 -0.291478 0.770165 0.243157 0.086185 0.583346 -1.977143 0.868076 2.145019 -1.730278 1.399942 -0.711956 -0.732381
1776409968.499650 jaka_arm_left success 0.406475 0.085230 -0.290712 0.770441 0.242800 0.086745 0.583047 -1.976854 0.866203 2.144329 -1.732538 1.399754 -0.712308 -0.732021
1776409968.507984 jaka_arm_left success 0.405777 0.085796 -0.290011 0.769904 0.243232 0.087817 0.583416 -1.972420 0.862197 2.141185 -1.738115 1.398661 -0.709270 -0.732309
1776409968.516275 jaka_arm_left success 0.405301 0.086481 -0.289346 0.770132 0.242091 0.089273 0.583369 -1.970811 0.860034 2.140080 -1.741196 1.399125 -0.708204 -0.731604
1776409968.524561 jaka_arm_left success 0.404728 0.087212 -0.288641 0.770473 0.241078 0.090233 0.583191 -1.969476 0.857019 2.138637 -1.745158 1.398701 -0.707953 -0.731235
1776409968.532996 jaka_arm_left success 0.404102 0.087998 -0.287977 0.770698 0.240913 0.091404 0.582778 -1.965450 0.851171 2.136086 -1.751621 1.398703 -0.706056 -0.731928
1776409968.541420 jaka_arm_left success 0.403513 0.088628 -0.287403 0.770113 0.240871 0.092094 0.583460 -1.962586 0.849864 2.134616 -1.754999 1.398658 -0.703652 -0.731659
1776409968.549540 jaka_arm_left success 0.403121 0.089572 -0.286755 0.770971 0.239343 0.093903 0.582667 -1.963242 0.847852 2.134092 -1.756663 1.400082 -0.703882 -0.730222
1776409968.557960 jaka_arm_left success 0.402572 0.090286 -0.286139 0.770697 0.239528 0.094505 0.582856 -1.960978 0.844018 2.131606 -1.761162 1.398693 -0.702806 -0.730876
1776409968.566316 jaka_arm_left success 0.401917 0.090910 -0.285576 0.770032 0.240335 0.094864 0.583344 -1.954115 0.839620 2.128390 -1.767721 1.397138 -0.698769 -0.732131
1776409968.574652 jaka_arm_left success 0.401386 0.091747 -0.285007 0.770235 0.240706 0.096393 0.582672 -1.950812 0.834654 2.126914 -1.773672 1.399724 -0.695663 -0.734813
1776409968.582959 jaka_arm_left success 0.401001 0.092607 -0.284505 0.770208 0.240040 0.097524 0.582795 -1.951407 0.834495 2.126434 -1.773925 1.400097 -0.695324 -0.734351
1776409968.591333 jaka_arm_left success 0.400552 0.093370 -0.284076 0.769311 0.240382 0.098831 0.583617 -1.948686 0.833236 2.124321 -1.776789 1.400108 -0.692293 -0.733515
1776409968.599663 jaka_arm_left success 0.399947 0.094265 -0.283514 0.769208 0.241076 0.099987 0.583270 -1.941927 0.826891 2.120365 -1.783967 1.399825 -0.687769 -0.734387
1776409968.607967 jaka_arm_left success 0.399565 0.095192 -0.283139 0.768673 0.240863 0.101153 0.583862 -1.941893 0.826962 2.119475 -1.784844 1.399726 -0.686769 -0.734067
1776409968.616265 jaka_arm_left success 0.398988 0.096149 -0.282618 0.768600 0.241351 0.101883 0.583630 -1.936113 0.821323 2.116217 -1.791303 1.398629 -0.683987 -0.734178
1776409968.624595 jaka_arm_left success 0.398486 0.097039 -0.282147 0.768041 0.242186 0.103363 0.583759 -1.929546 0.818474 2.113588 -1.795740 1.399555 -0.678394 -0.734446
1776409968.632985 jaka_arm_left success 0.398069 0.097963 -0.281748 0.767521 0.241746 0.104550 0.584414 -1.930221 0.818435 2.112589 -1.796700 1.399597 -0.677672 -0.733838
1776409968.641302 jaka_arm_left success 0.397327 0.098875 -0.281244 0.766591 0.243971 0.105760 0.584493 -1.918967 0.811464 2.107650 -1.804740 1.398608 -0.670502 -0.735108
1776409968.649604 jaka_arm_left success 0.397048 0.100100 -0.280802 0.767015 0.242480 0.107906 0.584164 -1.920451 0.810574 2.107294 -1.806222 1.400211 -0.670798 -0.733059
1776409968.657920 jaka_arm_left success 0.396385 0.101187 -0.280278 0.766465 0.243947 0.110071 0.583872 -1.909805 0.803848 2.102291 -1.814888 1.401325 -0.662371 -0.733860
1776409968.666351 jaka_arm_left success 0.395926 0.102418 -0.279785 0.765973 0.243657 0.111008 0.584460 -1.910369 0.803942 2.101331 -1.815552 1.401003 -0.661677 -0.733769
1776409968.674622 jaka_arm_left success 0.395273 0.103697 -0.279195 0.765479 0.245169 0.112909 0.584111 -1.902448 0.796053 2.095773 -1.823234 1.399813 -0.656057 -0.735606
1776409968.682954 jaka_arm_left success 0.394717 0.105112 -0.278684 0.765117 0.245812 0.114699 0.583966 -1.895793 0.791935 2.093354 -1.829145 1.401352 -0.651206 -0.735608
1776409968.691313 jaka_arm_left success 0.394429 0.106624 -0.278197 0.764947 0.245042 0.116085 0.584239 -1.895226 0.788920 2.090647 -1.831876 1.399927 -0.650599 -0.735146
1776409968.699630 jaka_arm_left success 0.393809 0.108056 -0.277775 0.763568 0.246748 0.116639 0.585213 -1.889539 0.786810 2.086547 -1.835087 1.397084 -0.646183 -0.734540
1776409968.707962 jaka_arm_left success 0.393422 0.109819 -0.277185 0.763730 0.246949 0.118331 0.584577 -1.886602 0.781299 2.083336 -1.837761 1.396047 -0.645184 -0.733668
1776409968.716294 jaka_arm_left success 0.392907 0.111347 -0.276736 0.762165 0.248441 0.118703 0.585911 -1.876408 0.776906 2.077134 -1.843930 1.389948 -0.640215 -0.731260
1776409968.724655 jaka_arm_left success 0.392385 0.112880 -0.276337 0.760633 0.249219 0.118869 0.587535 -1.865876 0.774478 2.068240 -1.842825 1.375992 -0.639969 -0.716590
1776409968.733143 jaka_arm_left success 0.392028 0.114659 -0.275842 0.760033 0.249575 0.120633 0.587801 -1.864411 0.772156 2.064941 -1.844067 1.373638 -0.638943 -0.714925
1776409968.741302 jaka_arm_left success 0.391501 0.116356 -0.275343 0.759125 0.250396 0.121155 0.588518 -1.856772 0.766670 2.058195 -1.848114 1.366446 -0.637235 -0.710269
1776409968.749576 jaka_arm_left success 0.391042 0.118250 -0.274834 0.758233 0.250731 0.122522 0.589241 -1.847771 0.763333 2.050141 -1.848151 1.356353 -0.636631 -0.698531
1776409968.758039 jaka_arm_left success 0.390478 0.119830 -0.274410 0.756549 0.252033 0.123634 0.590617 -1.838664 0.761142 2.042370 -1.849401 1.347867 -0.633820 -0.689662
1776409968.766383 jaka_arm_left success 0.389938 0.121626 -0.273861 0.755712 0.252725 0.124652 0.591178 -1.833263 0.757569 2.036338 -1.851439 1.341664 -0.632495 -0.685611
1776409968.774582 jaka_arm_left success 0.389395 0.123401 -0.273297 0.755174 0.253362 0.125273 0.591462 -1.827872 0.753415 2.030643 -1.853036 1.335037 -0.632702 -0.680811
1776409968.782969 jaka_arm_left success 0.388766 0.125107 -0.272773 0.754287 0.255082 0.126724 0.591545 -1.821760 0.751611 2.026528 -1.853981 1.333235 -0.628166 -0.678888
1776409968.791417 jaka_arm_left success 0.388356 0.126858 -0.272237 0.753668 0.255045 0.127848 0.592108 -1.814885 0.746326 2.019364 -1.857913 1.326057 -0.627635 -0.673238
1776409968.799653 jaka_arm_left success 0.387734 0.128530 -0.271704 0.753173 0.255643 0.129334 0.592156 -1.807463 0.742990 2.014004 -1.860932 1.322179 -0.625087 -0.668106
1776409968.816313 jaka_arm_left success 0.386500 0.131943 -0.270593 0.751900 0.256146 0.132284 0.592905 -1.792289 0.736466 2.001037 -1.865582 1.311434 -0.620938 -0.655189
1776409968.824591 jaka_arm_left success 0.385876 0.133482 -0.270122 0.750690 0.256991 0.134095 0.593665 -1.784209 0.732693 1.993365 -1.869152 1.304928 -0.618253 -0.649843
1776409968.832952 jaka_arm_left success 0.385332 0.135261 -0.269615 0.750305 0.257063 0.135829 0.593726 -1.779423 0.730388 1.989028 -1.870314 1.301752 -0.617197 -0.645170
1776409968.841317 jaka_arm_left success 0.384630 0.136879 -0.269211 0.748990 0.258607 0.137168 0.594408 -1.768091 0.727169 1.980919 -1.874210 1.296042 -0.612005 -0.639447
1776409968.849543 jaka_arm_left success 0.383989 0.138530 -0.268740 0.748088 0.259524 0.137427 0.595084 -1.758930 0.723069 1.970878 -1.874194 1.283522 -0.614596 -0.628528
1776409968.857970 jaka_arm_left success 0.383537 0.140229 -0.268302 0.747796 0.259692 0.138597 0.595107 -1.755753 0.719897 1.965379 -1.874130 1.277747 -0.615804 -0.624453
1776409968.866329 jaka_arm_left success 0.383166 0.141935 -0.267899 0.747947 0.259426 0.139630 0.594791 -1.753471 0.718158 1.962817 -1.874477 1.275945 -0.615997 -0.621528
1776409968.874631 jaka_arm_left success 0.382582 0.143295 -0.267597 0.746700 0.260663 0.139807 0.595776 -1.742844 0.714633 1.953655 -1.877116 1.266681 -0.614789 -0.614208
1776409968.882957 jaka_arm_left success 0.382273 0.144927 -0.267246 0.747072 0.260228 0.140325 0.595377 -1.741415 0.711757 1.948027 -1.873475 1.258595 -0.620672 -0.606607
1776409968.891334 jaka_arm_left success 0.381763 0.146250 -0.266974 0.746413 0.261245 0.141076 0.595581 -1.735405 0.711753 1.944372 -1.874474 1.256531 -0.617391 -0.603392
1776409968.899636 jaka_arm_left success 0.381387 0.147695 -0.266671 0.746270 0.262027 0.141746 0.595257 -1.733700 0.707627 1.940583 -1.875273 1.253325 -0.617732 -0.603687
1776409968.907933 jaka_arm_left success 0.380922 0.149138 -0.266373 0.746624 0.263105 0.143590 0.593894 -1.726261 0.702568 1.936347 -1.878735 1.253387 -0.613917 -0.602060
1776409968.916257 jaka_arm_left success 0.380507 0.150425 -0.266167 0.746188 0.264206 0.144753 0.593671 -1.723224 0.700784 1.933529 -1.879505 1.252387 -0.611331 -0.602265
1776409968.924571 jaka_arm_left success 0.380147 0.151978 -0.265916 0.746729 0.264287 0.145903 0.592672 -1.720165 0.696247 1.930385 -1.882192 1.251213 -0.610686 -0.601991
1776409968.932975 jaka_arm_left success 0.379682 0.153343 -0.265742 0.746541 0.265179 0.146719 0.592309 -1.715090 0.692653 1.926490 -1.884428 1.249711 -0.608032 -0.601624
1776409968.941335 jaka_arm_left success 0.379317 0.154840 -0.265594 0.746682 0.265277 0.147642 0.591858 -1.706678 0.686830 1.920290 -1.889376 1.245695 -0.606521 -0.598841
1776409968.949632 jaka_arm_left success 0.378803 0.156102 -0.265539 0.746148 0.266197 0.147984 0.592033 -1.702851 0.686301 1.917055 -1.889986 1.243248 -0.605098 -0.596532
1776409968.957949 jaka_arm_left success 0.378470 0.157405 -0.265456 0.745523 0.266741 0.148775 0.592378 -1.693247 0.683076 1.908918 -1.892518 1.236125 -0.604443 -0.589737
1776409968.966333 jaka_arm_left success 0.378053 0.158915 -0.265357 0.745718 0.266921 0.149347 0.591906 -1.692589 0.681051 1.907022 -1.891435 1.234508 -0.605711 -0.588348
1776409968.974613 jaka_arm_left success 0.377491 0.160020 -0.265376 0.744106 0.268744 0.149889 0.592972 -1.679317 0.680365 1.897052 -1.892863 1.225100 -0.604006 -0.578616
1776409968.982902 jaka_arm_left success 0.377212 0.161661 -0.265290 0.744793 0.267819 0.150744 0.592311 -1.678457 0.678205 1.890843 -1.888478 1.217657 -0.610411 -0.569952
1776409968.991345 jaka_arm_left success 0.376809 0.162913 -0.265307 0.744064 0.268668 0.151610 0.592623 -1.671481 0.679495 1.887537 -1.889128 1.215943 -0.607479 -0.565424
1776409968.999927 jaka_arm_left success 0.376483 0.164336 -0.265300 0.743976 0.268664 0.152383 0.592537 -1.666753 0.675850 1.880490 -1.889114 1.209326 -0.609521 -0.560650
1776409969.007994 jaka_arm_left success 0.375988 0.165465 -0.265399 0.742674 0.270090 0.152443 0.593505 -1.656334 0.677144 1.873284 -1.888842 1.202327 -0.609245 -0.551365
1776409969.016271 jaka_arm_left success 0.375768 0.166883 -0.265454 0.742733 0.269884 0.152808 0.593431 -1.655467 0.675057 1.868429 -1.885886 1.195954 -0.613985 -0.547040
1776409969.024732 jaka_arm_left success 0.375486 0.168154 -0.265543 0.742267 0.270285 0.153202 0.593729 -1.650437 0.675775 1.863252 -1.884869 1.191597 -0.614086 -0.540950
1776409969.033223 jaka_arm_left success 0.375266 0.169373 -0.265660 0.741930 0.270866 0.153971 0.593687 -1.644170 0.672495 1.855962 -1.884071 1.184701 -0.616612 -0.535227
1776409969.041361 jaka_arm_left success 0.374827 0.170366 -0.265865 0.740882 0.272505 0.153230 0.594438 -1.638306 0.675828 1.852460 -1.882080 1.180252 -0.616803 -0.529215
1776409969.049591 jaka_arm_left success 0.374624 0.171432 -0.265977 0.740698 0.272884 0.153563 0.594407 -1.636570 0.673624 1.848481 -1.880749 1.175907 -0.618908 -0.527459
1776409969.058126 jaka_arm_left success 0.374310 0.172507 -0.266188 0.740363 0.274042 0.154414 0.594070 -1.629568 0.673213 1.844330 -1.880845 1.174051 -0.616820 -0.523383
1776409969.066612 jaka_arm_left success 0.374160 0.173509 -0.266433 0.740098 0.274056 0.154536 0.594362 -1.625376 0.671899 1.836944 -1.878253 1.165206 -0.622354 -0.515973
1776409969.074964 jaka_arm_left success 0.373842 0.174377 -0.266694 0.739189 0.275434 0.154894 0.594764 -1.623577 0.673357 1.835871 -1.877224 1.164732 -0.620477 -0.515236
1776409969.083016 jaka_arm_left success 0.373856 0.175451 -0.266959 0.739766 0.274331 0.155678 0.594351 -1.617936 0.673290 1.830910 -1.876143 1.160821 -0.623162 -0.506858
1776409969.091398 jaka_arm_left success 0.373741 0.176333 -0.267268 0.739442 0.274630 0.156114 0.594503 -1.615863 0.672910 1.826891 -1.874567 1.156908 -0.625482 -0.502528
1776409969.099652 jaka_arm_left success 0.373529 0.177157 -0.267528 0.738937 0.275580 0.156819 0.594505 -1.609071 0.674714 1.823039 -1.873441 1.155129 -0.623773 -0.496700
1776409969.108032 jaka_arm_left success 0.373341 0.178033 -0.267857 0.738805 0.276220 0.156914 0.594346 -1.608671 0.673071 1.821220 -1.872404 1.153204 -0.624466 -0.497206
1776409969.116268 jaka_arm_left success 0.373231 0.178897 -0.268146 0.738544 0.277271 0.157345 0.594068 -1.605433 0.672003 1.818405 -1.871802 1.151222 -0.624304 -0.495666
1776409969.124724 jaka_arm_left success 0.373246 0.179841 -0.268448 0.738633 0.277352 0.157743 0.593814 -1.602012 0.671306 1.814345 -1.871273 1.147833 -0.626196 -0.491114
1776409969.132994 jaka_arm_left success 0.373084 0.180536 -0.268817 0.737802 0.278442 0.157369 0.594436 -1.598148 0.673218 1.810975 -1.869063 1.143859 -0.627045 -0.487172
1776409969.141330 jaka_arm_left success 0.373043 0.181374 -0.269114 0.737719 0.278142 0.157303 0.594697 -1.595446 0.672524 1.803611 -1.862940 1.134298 -0.635560 -0.478308
1776409969.149580 jaka_arm_left success 0.373082 0.182339 -0.269380 0.738071 0.277245 0.157091 0.594734 -1.595257 0.673175 1.803526 -1.862408 1.134257 -0.637208 -0.475413
1776409969.157941 jaka_arm_left success 0.372992 0.182977 -0.269749 0.737085 0.277531 0.156494 0.595980 -1.591961 0.678616 1.797017 -1.853538 1.124234 -0.645255 -0.463215
1776409969.166305 jaka_arm_left success 0.372838 0.183988 -0.269929 0.737685 0.277448 0.156758 0.595206 -1.591502 0.675657 1.795619 -1.853232 1.123665 -0.646937 -0.462532
1776409969.174583 jaka_arm_left success 0.372765 0.184586 -0.270233 0.737055 0.277053 0.157010 0.596104 -1.584905 0.680139 1.789442 -1.849783 1.117666 -0.650530 -0.450817
1776409969.182925 jaka_arm_left success 0.372568 0.185240 -0.270548 0.736425 0.277098 0.156948 0.596877 -1.584292 0.678863 1.784707 -1.846750 1.111559 -0.655580 -0.447361
1776409969.191461 jaka_arm_left success 0.372478 0.185862 -0.270816 0.736053 0.276623 0.156699 0.597621 -1.580581 0.684419 1.781415 -1.841420 1.107114 -0.660177 -0.436681
1776409969.199733 jaka_arm_left success 0.372357 0.186585 -0.270996 0.736345 0.276363 0.157032 0.597294 -1.581185 0.681767 1.779252 -1.840947 1.105113 -0.662083 -0.436808
1776409969.208028 jaka_arm_left success 0.372500 0.187385 -0.271202 0.737031 0.274884 0.157573 0.596988 -1.580823 0.680626 1.773914 -1.835435 1.098783 -0.670580 -0.428620
1776409969.216334 jaka_arm_left success 0.372355 0.187804 -0.271450 0.736430 0.275410 0.157340 0.597549 -1.578869 0.683380 1.773728 -1.834786 1.098372 -0.669748 -0.426724
1776409969.224847 jaka_arm_left success 0.372301 0.188340 -0.271660 0.736451 0.275394 0.157521 0.597483 -1.578602 0.683143 1.773107 -1.834498 1.098205 -0.669991 -0.425926
1776409969.233047 jaka_arm_left success 0.372144 0.188814 -0.271861 0.736447 0.275812 0.157963 0.597177 -1.570620 0.683445 1.767108 -1.833292 1.094131 -0.671731 -0.418308
1776409969.241312 jaka_arm_left success 0.372093 0.189308 -0.272142 0.736138 0.275451 0.158108 0.597687 -1.571063 0.683878 1.766811 -1.833669 1.093788 -0.671632 -0.418225
1776409969.249568 jaka_arm_left success 0.372039 0.189665 -0.272467 0.735324 0.275521 0.158612 0.598522 -1.569203 0.688216 1.764018 -1.829591 1.090910 -0.673912 -0.410997
1776409969.258161 jaka_arm_left success 0.372027 0.189954 -0.272799 0.734580 0.275275 0.158105 0.599682 -1.568335 0.689603 1.757342 -1.821482 1.080856 -0.684474 -0.401650
1776409969.266463 jaka_arm_left success 0.371847 0.190190 -0.273162 0.733393 0.276029 0.157323 0.600993 -1.566404 0.693618 1.757101 -1.820743 1.079364 -0.683925 -0.399780
1776409969.274615 jaka_arm_left success 0.371907 0.190585 -0.273473 0.733446 0.274995 0.157234 0.601426 -1.565896 0.695653 1.753456 -1.815747 1.073995 -0.691550 -0.391231
1776409969.282919 jaka_arm_left success 0.372010 0.190758 -0.273833 0.732564 0.274426 0.156986 0.602823 -1.563587 0.702053 1.750833 -1.809522 1.070074 -0.696054 -0.381251
1776409969.291345 jaka_arm_left success 0.371973 0.191172 -0.274074 0.732794 0.274546 0.157443 0.602370 -1.563485 0.701087 1.750304 -1.808861 1.070206 -0.696048 -0.381224
1776409969.299620 jaka_arm_left success 0.372010 0.191347 -0.274326 0.732446 0.274456 0.157587 0.602797 -1.563714 0.701215 1.749214 -1.808798 1.068924 -0.696680 -0.380754
1776409969.308006 jaka_arm_left success 0.372165 0.191581 -0.274599 0.732285 0.273532 0.157760 0.603366 -1.562668 0.704140 1.745828 -1.804261 1.064545 -0.702845 -0.372071
1776409969.316293 jaka_arm_left success 0.372148 0.191573 -0.274867 0.731324 0.274382 0.157776 0.604141 -1.562299 0.704916 1.745637 -1.803597 1.063702 -0.702229 -0.372913
1776409969.324728 jaka_arm_left success 0.372251 0.191708 -0.275046 0.731093 0.274491 0.158187 0.604264 -1.560729 0.707057 1.744292 -1.802301 1.063333 -0.701487 -0.370096
1776409969.333122 jaka_arm_left success 0.372390 0.191863 -0.275177 0.731193 0.274199 0.158469 0.604202 -1.560729 0.707057 1.744292 -1.802301 1.063333 -0.701487 -0.370096
1776409969.341392 jaka_arm_left success 0.372522 0.191960 -0.275327 0.730977 0.274373 0.158890 0.604273 -1.560729 0.707057 1.744292 -1.802301 1.063333 -0.701487 -0.370096
1776409969.349589 jaka_arm_left success 0.372847 0.192121 -0.275493 0.731013 0.273563 0.159395 0.604463 -1.559300 0.711223 1.742631 -1.798448 1.062467 -0.704132 -0.361744
1776409969.358087 jaka_arm_left success 0.373100 0.192276 -0.275620 0.731093 0.273070 0.159870 0.604464 -1.559926 0.710870 1.742009 -1.798470 1.062335 -0.704396 -0.361271
1776409969.366460 jaka_arm_left success 0.373299 0.192361 -0.275759 0.730592 0.273305 0.160453 0.604809 -1.560102 0.711436 1.741438 -1.798121 1.061763 -0.703901 -0.361414
1776409969.374668 jaka_arm_left success 0.373577 0.192407 -0.275900 0.730072 0.272931 0.160563 0.605577 -1.559809 0.716526 1.739230 -1.792611 1.058591 -0.708426 -0.352862
1776409969.383079 jaka_arm_left success 0.373823 0.192425 -0.276038 0.728980 0.273472 0.161542 0.606387 -1.559171 0.717873 1.737689 -1.791581 1.057515 -0.707905 -0.351531
1776409969.391362 jaka_arm_left success 0.374243 0.192466 -0.276230 0.728231 0.272314 0.161692 0.607766 -1.557790 0.725655 1.734301 -1.783385 1.052749 -0.714659 -0.338391
1776409969.399758 jaka_arm_left success 0.374544 0.192470 -0.276353 0.727387 0.272379 0.161619 0.608767 -1.558534 0.726194 1.733530 -1.783515 1.050771 -0.715529 -0.338856
1776409969.408096 jaka_arm_left success 0.374879 0.192405 -0.276474 0.726300 0.272653 0.161800 0.609893 -1.558500 0.728259 1.732178 -1.781322 1.048469 -0.716923 -0.336822
1776409969.416383 jaka_arm_left success 0.375323 0.192460 -0.276591 0.725544 0.272318 0.161983 0.610893 -1.559150 0.733529 1.730182 -1.776032 1.045280 -0.721065 -0.329251
1776409969.424728 jaka_arm_left success 0.375699 0.192419 -0.276744 0.724190 0.272694 0.161838 0.612369 -1.559247 0.736715 1.726328 -1.768849 1.038899 -0.727418 -0.323079
1776409969.433075 jaka_arm_left success 0.376193 0.192685 -0.276808 0.724329 0.272052 0.163080 0.612159 -1.559806 0.736278 1.725847 -1.769056 1.039463 -0.727219 -0.322386
1776409969.441339 jaka_arm_left success 0.376510 0.192543 -0.276951 0.722842 0.273226 0.163101 0.613388 -1.558607 0.740885 1.725597 -1.767778 1.039064 -0.725524 -0.320067
1776409969.449608 jaka_arm_left success 0.376933 0.192644 -0.277065 0.722397 0.272970 0.163782 0.613845 -1.558586 0.742589 1.724985 -1.766534 1.038903 -0.725982 -0.317405
1776409969.458128 jaka_arm_left success 0.377237 0.192600 -0.277186 0.721582 0.273752 0.164377 0.614295 -1.558182 0.744767 1.723980 -1.765201 1.038174 -0.724880 -0.316297
1776409969.466410 jaka_arm_left success 0.377614 0.192531 -0.277338 0.720878 0.274042 0.165309 0.614743 -1.557557 0.747572 1.723278 -1.764287 1.038371 -0.723852 -0.313560
1776409969.474642 jaka_arm_left success 0.378123 0.192612 -0.277551 0.720556 0.273407 0.165848 0.615258 -1.557852 0.749434 1.722836 -1.762724 1.038076 -0.724953 -0.310514
1776409969.482977 jaka_arm_left success 0.378536 0.192696 -0.277690 0.720736 0.272854 0.166091 0.615226 -1.559188 0.750169 1.722310 -1.760355 1.037268 -0.726993 -0.308278
1776409969.491468 jaka_arm_left success 0.378789 0.192615 -0.277835 0.720264 0.273625 0.166640 0.615289 -1.559107 0.750537 1.721974 -1.759859 1.036929 -0.726430 -0.308609
1776409969.499743 jaka_arm_left success 0.379106 0.192306 -0.278124 0.718644 0.274999 0.167520 0.616331 -1.557078 0.756651 1.721772 -1.758154 1.037579 -0.723154 -0.305105
1776409969.508079 jaka_arm_left success 0.379429 0.192333 -0.278307 0.718439 0.275286 0.168255 0.616241 -1.557329 0.756653 1.721311 -1.757998 1.037630 -0.722719 -0.304969
1776409969.516377 jaka_arm_left success 0.379762 0.192297 -0.278516 0.718148 0.275199 0.168814 0.616466 -1.556980 0.758772 1.721087 -1.757124 1.038117 -0.722068 -0.302705
1776409969.524592 jaka_arm_left success 0.380057 0.192173 -0.278756 0.717637 0.275688 0.169425 0.616676 -1.556924 0.759904 1.720450 -1.756379 1.037895 -0.721008 -0.302346
1776409969.532961 jaka_arm_left success 0.380439 0.192150 -0.279042 0.717166 0.275889 0.170336 0.616882 -1.556211 0.762773 1.720496 -1.755540 1.038969 -0.719762 -0.299503
1776409969.541314 jaka_arm_left success 0.380755 0.192082 -0.279307 0.717082 0.276005 0.170574 0.616862 -1.556211 0.762773 1.720496 -1.755540 1.038969 -0.719762 -0.299503
1776409969.549528 jaka_arm_left success 0.380990 0.192013 -0.279621 0.716767 0.276993 0.170269 0.616870 -1.555736 0.763143 1.720491 -1.754832 1.038559 -0.719342 -0.300127
1776409969.557913 jaka_arm_left success 0.381494 0.192140 -0.279929 0.717380 0.276053 0.170340 0.616559 -1.557393 0.764683 1.721608 -1.752606 1.039703 -0.720149 -0.297956
1776409969.566335 jaka_arm_left success 0.381847 0.192018 -0.280264 0.716990 0.276543 0.169983 0.616891 -1.558743 0.766160 1.722623 -1.750049 1.039312 -0.721314 -0.297464
1776409969.574635 jaka_arm_left success 0.382228 0.192031 -0.280547 0.717082 0.277125 0.170518 0.616376 -1.558710 0.765819 1.722197 -1.749361 1.039656 -0.720690 -0.297415
1776409969.582937 jaka_arm_left success 0.382635 0.192136 -0.280827 0.717561 0.276752 0.171015 0.615848 -1.558853 0.765330 1.722063 -1.749241 1.040207 -0.720601 -0.297013
1776409969.591329 jaka_arm_left success 0.382934 0.192061 -0.281150 0.717344 0.277287 0.171077 0.615842 -1.559753 0.767310 1.723494 -1.746983 1.041489 -0.719665 -0.296470
1776409969.599695 jaka_arm_left success 0.383261 0.192141 -0.281529 0.717183 0.277884 0.171473 0.615651 -1.559753 0.767310 1.723494 -1.746983 1.041489 -0.719665 -0.296470
1776409969.607994 jaka_arm_left success 0.383635 0.192145 -0.281914 0.716894 0.277863 0.171417 0.616013 -1.561082 0.770419 1.724995 -1.744206 1.042616 -0.718778 -0.295244
1776409969.616264 jaka_arm_left success 0.383947 0.192087 -0.282230 0.716948 0.277822 0.170491 0.616226 -1.563777 0.770466 1.726340 -1.741840 1.041870 -0.721210 -0.295873
1776409969.624624 jaka_arm_left success 0.384308 0.192188 -0.282536 0.717318 0.277870 0.171069 0.615612 -1.563956 0.769955 1.726154 -1.741711 1.042429 -0.721086 -0.295455
1776409969.633062 jaka_arm_left success 0.384696 0.192090 -0.282870 0.717144 0.277624 0.170961 0.615956 -1.565084 0.771186 1.727012 -1.740130 1.043022 -0.721234 -0.294666
1776409969.641299 jaka_arm_left success 0.384985 0.192189 -0.283085 0.717854 0.277685 0.170990 0.615092 -1.566399 0.770652 1.728289 -1.738323 1.044279 -0.722003 -0.294414
1776409969.649552 jaka_arm_left success 0.385344 0.192245 -0.283360 0.718029 0.277965 0.171608 0.614591 -1.568559 0.771783 1.729647 -1.736376 1.045727 -0.721618 -0.293967
1776409969.657983 jaka_arm_left success 0.385598 0.192146 -0.283656 0.717768 0.278091 0.171780 0.614789 -1.568559 0.771783 1.729647 -1.736376 1.045727 -0.721618 -0.293967
1776409969.666297 jaka_arm_left success 0.385743 0.192048 -0.283884 0.718003 0.278301 0.170888 0.614668 -1.569034 0.772343 1.730818 -1.735159 1.045619 -0.722107 -0.294726
1776409969.674613 jaka_arm_left success 0.386039 0.191957 -0.284138 0.718416 0.277661 0.170654 0.614541 -1.577173 0.773668 1.735082 -1.729177 1.047349 -0.725150 -0.294988
1776409969.682918 jaka_arm_left success 0.386299 0.191884 -0.284358 0.718737 0.277681 0.171094 0.614033 -1.577173 0.773668 1.735082 -1.729177 1.047349 -0.725150 -0.294988
1776409969.691356 jaka_arm_left success 0.386488 0.191700 -0.284556 0.718780 0.278033 0.171274 0.613774 -1.577079 0.773161 1.734811 -1.728616 1.047886 -0.724680 -0.294812
1776409969.699650 jaka_arm_left success 0.386682 0.191575 -0.284750 0.719298 0.278136 0.171773 0.612980 -1.576833 0.774312 1.736915 -1.728387 1.051404 -0.722548 -0.293794
1776409969.708060 jaka_arm_left success 0.386886 0.191429 -0.284986 0.719907 0.277731 0.171079 0.612643 -1.576543 0.774254 1.737369 -1.728378 1.051405 -0.722919 -0.293969
1776409969.716257 jaka_arm_left success 0.387053 0.191223 -0.285257 0.719989 0.277853 0.170982 0.612519 -1.578405 0.773625 1.738843 -1.727713 1.052027 -0.723228 -0.295722
1776409969.724647 jaka_arm_left success 0.387298 0.191200 -0.285442 0.720791 0.277194 0.171879 0.611622 -1.580635 0.773636 1.740965 -1.727493 1.055095 -0.722020 -0.295986
1776409969.733001 jaka_arm_left success 0.387481 0.191087 -0.285644 0.721213 0.276954 0.172593 0.611031 -1.580939 0.773112 1.740650 -1.727451 1.055680 -0.721783 -0.295513
1776409969.741302 jaka_arm_left success 0.387547 0.190850 -0.285860 0.721622 0.276943 0.172368 0.610618 -1.583993 0.774239 1.745600 -1.727428 1.060771 -0.718572 -0.298200
1776409969.749549 jaka_arm_left success 0.387803 0.190708 -0.286076 0.722161 0.276077 0.172413 0.610360 -1.584298 0.773899 1.745758 -1.727936 1.061156 -0.719002 -0.297726
1776409969.757978 jaka_arm_left success 0.388003 0.190523 -0.286273 0.722090 0.275775 0.172852 0.610456 -1.584298 0.773899 1.745758 -1.727936 1.061156 -0.719002 -0.297726
1776409969.766327 jaka_arm_left success 0.388179 0.190441 -0.286450 0.722413 0.275454 0.173686 0.609981 -1.584813 0.773484 1.745398 -1.728164 1.061689 -0.718854 -0.297114
1776409969.774636 jaka_arm_left success 0.388309 0.190491 -0.286597 0.722975 0.275440 0.174415 0.609113 -1.585483 0.773927 1.746835 -1.727776 1.064771 -0.716969 -0.296473
1776409969.782937 jaka_arm_left success 0.388491 0.190576 -0.286701 0.723707 0.275148 0.174668 0.608303 -1.585491 0.773143 1.746957 -1.727715 1.065552 -0.717122 -0.296021
1776409969.791403 jaka_arm_left success 0.388755 0.190525 -0.286862 0.723557 0.274995 0.174983 0.608460 -1.586432 0.773435 1.747636 -1.727619 1.066348 -0.716584 -0.296377
1776409969.799651 jaka_arm_left success 0.388880 0.190479 -0.287036 0.722969 0.275856 0.174934 0.608783 -1.586314 0.774135 1.747559 -1.727067 1.065908 -0.715858 -0.297113
1776409969.808018 jaka_arm_left success 0.389178 0.190624 -0.287171 0.723169 0.275666 0.175058 0.608596 -1.586958 0.774210 1.748087 -1.727026 1.066677 -0.715662 -0.297017
1776409969.816324 jaka_arm_left success 0.389454 0.190740 -0.287289 0.723171 0.275781 0.175239 0.608490 -1.587127 0.774291 1.748182 -1.726671 1.066891 -0.715338 -0.297181
1776409969.824730 jaka_arm_left success 0.389727 0.190728 -0.287418 0.722854 0.275861 0.175008 0.608897 -1.587860 0.775169 1.748747 -1.726384 1.066839 -0.715217 -0.297552
1776409969.833956 jaka_arm_left success 0.390010 0.190784 -0.287583 0.722856 0.275623 0.174526 0.609140 -1.587787 0.775273 1.749060 -1.726496 1.066753 -0.715526 -0.297637
1776409969.841375 jaka_arm_left success 0.390282 0.190799 -0.287777 0.722516 0.275210 0.174321 0.609788 -1.593692 0.777891 1.751097 -1.722553 1.066356 -0.718090 -0.297036
1776409969.849563 jaka_arm_left success 0.390501 0.190919 -0.287936 0.722528 0.275190 0.174669 0.609685 -1.593439 0.777433 1.751156 -1.722084 1.066778 -0.718005 -0.296948
1776409969.858027 jaka_arm_left success 0.390665 0.191039 -0.288105 0.722355 0.275795 0.175007 0.609519 -1.593293 0.777412 1.750825 -1.721421 1.066785 -0.717421 -0.297151
1776409969.866496 jaka_arm_left success 0.391072 0.191031 -0.288307 0.721973 0.275597 0.174789 0.610123 -1.593716 0.778720 1.751110 -1.721082 1.066402 -0.717586 -0.296807
1776409969.874664 jaka_arm_left success 0.391520 0.191175 -0.288494 0.722271 0.274742 0.174523 0.610232 -1.601222 0.781756 1.754588 -1.714995 1.068563 -0.721471 -0.296299
1776409969.882965 jaka_arm_left success 0.391816 0.191123 -0.288760 0.721682 0.275452 0.174112 0.610726 -1.600564 0.782992 1.753887 -1.713516 1.067119 -0.721955 -0.295571
1776409969.891355 jaka_arm_left success 0.392257 0.191228 -0.288956 0.721867 0.275493 0.174129 0.610484 -1.600511 0.782378 1.753851 -1.713141 1.067671 -0.722003 -0.295184
1776409969.900376 jaka_arm_left success 0.392648 0.191313 -0.289176 0.722047 0.275677 0.174134 0.610187 -1.601211 0.782924 1.754036 -1.711202 1.067045 -0.723080 -0.294764
1776409969.907994 jaka_arm_left success 0.393061 0.191264 -0.289379 0.722035 0.276338 0.173919 0.609964 -1.601063 0.782670 1.753814 -1.710199 1.067228 -0.722607 -0.294939
1776409969.916262 jaka_arm_left success 0.393534 0.191215 -0.289689 0.721896 0.276666 0.174011 0.609953 -1.602388 0.784129 1.754851 -1.708257 1.067243 -0.723168 -0.294677
1776409969.924724 jaka_arm_left success 0.394028 0.191091 -0.290013 0.721623 0.276996 0.174111 0.610098 -1.603037 0.784901 1.754949 -1.707181 1.067331 -0.722861 -0.294482
1776409969.933031 jaka_arm_left success 0.394571 0.191191 -0.290271 0.722625 0.276629 0.174302 0.609022 -1.607039 0.784577 1.757579 -1.703524 1.069775 -0.724358 -0.294044
1776409969.941420 jaka_arm_left success 0.395098 0.191103 -0.290633 0.722882 0.276710 0.173344 0.608954 -1.610503 0.784898 1.759578 -1.700662 1.069367 -0.726491 -0.295594
1776409969.949594 jaka_arm_left success 0.395471 0.190885 -0.291062 0.722728 0.277971 0.172381 0.608835 -1.611291 0.785468 1.760896 -1.698697 1.069542 -0.726556 -0.296834
1776409969.958113 jaka_arm_left success 0.396052 0.190905 -0.291508 0.723064 0.278182 0.172050 0.608434 -1.614339 0.785961 1.763237 -1.695991 1.070461 -0.727299 -0.298277
1776409969.966405 jaka_arm_left success 0.396449 0.190940 -0.291949 0.723835 0.279003 0.171335 0.607342 -1.620110 0.783884 1.767209 -1.692196 1.072981 -0.728107 -0.302807
1776409969.974638 jaka_arm_left success 0.397061 0.190766 -0.292476 0.724076 0.278451 0.170283 0.607604 -1.620565 0.784677 1.768413 -1.692452 1.072870 -0.729123 -0.302883
1776409969.982933 jaka_arm_left success 0.397597 0.190679 -0.292941 0.724527 0.278784 0.169274 0.607195 -1.624584 0.784937 1.771256 -1.688972 1.073546 -0.730812 -0.304865
1776409969.991284 jaka_arm_left success 0.397821 0.190584 -0.293430 0.724618 0.280667 0.169551 0.606142 -1.625483 0.785824 1.773612 -1.686125 1.076686 -0.727868 -0.306501
1776409969.999593 jaka_arm_left success 0.398314 0.190598 -0.293894 0.725145 0.280620 0.169449 0.605562 -1.630884 0.785046 1.777348 -1.684663 1.079474 -0.727962 -0.309957
1776409970.016274 jaka_arm_left success 0.398591 0.190259 -0.294373 0.724219 0.281535 0.168056 0.606632 -1.630280 0.786085 1.777795 -1.684433 1.078395 -0.728093 -0.310995
1776409970.024673 jaka_arm_left success 0.399539 0.190561 -0.295043 0.725422 0.281042 0.168751 0.605229 -1.634760 0.787894 1.781665 -1.680626 1.082276 -0.727779 -0.310679
1776409970.033098 jaka_arm_left success 0.399903 0.190590 -0.295371 0.725210 0.281965 0.169264 0.604909 -1.634597 0.787834 1.781105 -1.679712 1.082199 -0.726876 -0.311089
1776409970.041348 jaka_arm_left success 0.400295 0.190725 -0.295649 0.725675 0.281812 0.168871 0.604533 -1.634322 0.787479 1.781500 -1.679542 1.082527 -0.727165 -0.311072
1776409970.049580 jaka_arm_left success 0.400689 0.190749 -0.295935 0.726007 0.281413 0.168552 0.604410 -1.636530 0.786952 1.782994 -1.678397 1.083192 -0.728518 -0.311791
1776409970.058095 jaka_arm_left success 0.401083 0.190844 -0.296205 0.726210 0.281096 0.168483 0.604333 -1.641393 0.787835 1.785256 -1.675312 1.084249 -0.730047 -0.312278
1776409970.066396 jaka_arm_left success 0.401417 0.190952 -0.296463 0.726009 0.281108 0.168950 0.604438 -1.641393 0.787835 1.785256 -1.675312 1.084249 -0.730047 -0.312278
1776409970.074769 jaka_arm_left success 0.401647 0.191049 -0.296660 0.725778 0.281707 0.169328 0.604330 -1.641528 0.787958 1.784443 -1.674556 1.084105 -0.728983 -0.312517
1776409970.082937 jaka_arm_left success 0.401888 0.191164 -0.296778 0.725720 0.282524 0.169588 0.603946 -1.641164 0.788241 1.784365 -1.673286 1.084528 -0.727905 -0.312687
1776409970.091463 jaka_arm_left success 0.402204 0.191216 -0.296978 0.725286 0.282601 0.169635 0.604417 -1.641343 0.788805 1.784234 -1.673393 1.084125 -0.727746 -0.312836
1776409970.099681 jaka_arm_left success 0.402561 0.191302 -0.297142 0.724992 0.282470 0.170013 0.604725 -1.642014 0.791509 1.784873 -1.672330 1.085129 -0.726785 -0.310965
1776409970.108023 jaka_arm_left success 0.402844 0.191491 -0.297222 0.724922 0.283022 0.170880 0.604307 -1.642050 0.791205 1.784377 -1.671710 1.085413 -0.726102 -0.310912
1776409970.116328 jaka_arm_left success 0.403142 0.191710 -0.297322 0.724844 0.283116 0.171554 0.604166 -1.642232 0.791055 1.783970 -1.671435 1.085620 -0.725626 -0.310751
1776409970.124758 jaka_arm_left success 0.403407 0.191755 -0.297418 0.724087 0.283660 0.171634 0.604795 -1.642081 0.793356 1.783995 -1.670446 1.085435 -0.724417 -0.310309
1776409970.133101 jaka_arm_left success 0.403691 0.191888 -0.297517 0.723590 0.283343 0.171610 0.605545 -1.642784 0.798008 1.784649 -1.667286 1.085593 -0.725026 -0.305928
1776409970.141338 jaka_arm_left success 0.403941 0.192039 -0.297593 0.722963 0.283277 0.171536 0.606345 -1.644112 0.798059 1.783068 -1.664816 1.082326 -0.728441 -0.304800
1776409970.149573 jaka_arm_left success 0.404223 0.192209 -0.297674 0.722305 0.283021 0.171212 0.607339 -1.644449 0.804248 1.780581 -1.656129 1.078091 -0.734452 -0.294241
1776409970.158029 jaka_arm_left success 0.404451 0.192485 -0.297644 0.722266 0.283052 0.171470 0.607299 -1.644449 0.804248 1.780581 -1.656129 1.078091 -0.734452 -0.294241
1776409970.166438 jaka_arm_left success 0.404815 0.192647 -0.297694 0.721480 0.282969 0.172088 0.608096 -1.645039 0.804545 1.779844 -1.656245 1.077767 -0.733938 -0.294157
1776409970.174626 jaka_arm_left success 0.405257 0.192847 -0.297746 0.721231 0.281992 0.172197 0.608814 -1.646790 0.805345 1.775296 -1.647853 1.070890 -0.743482 -0.286073
1776409970.182926 jaka_arm_left success 0.405596 0.192963 -0.297775 0.720915 0.281629 0.171840 0.609457 -1.647140 0.807290 1.775395 -1.647597 1.070182 -0.743878 -0.285081
1776409970.191462 jaka_arm_left success 0.405869 0.192974 -0.297804 0.720278 0.282120 0.171747 0.610010 -1.647241 0.808230 1.775063 -1.646912 1.069529 -0.743730 -0.284924
1776409970.199910 jaka_arm_left success 0.406188 0.193084 -0.297808 0.720188 0.282545 0.171852 0.609889 -1.647149 0.808185 1.774855 -1.646479 1.069519 -0.743406 -0.285039
1776409970.216321 jaka_arm_left success 0.406800 0.193195 -0.297882 0.719703 0.283167 0.171549 0.610259 -1.648980 0.810045 1.775249 -1.642569 1.068456 -0.744824 -0.284319
1776409970.224697 jaka_arm_left success 0.407038 0.193192 -0.297916 0.719291 0.284153 0.171700 0.610243 -1.648870 0.810193 1.774825 -1.641947 1.068211 -0.744189 -0.284677
1776409970.232970 jaka_arm_left success 0.407324 0.193279 -0.297946 0.719323 0.284386 0.172113 0.609980 -1.648870 0.810193 1.774825 -1.641947 1.068211 -0.744189 -0.284677
1776409970.241346 jaka_arm_left success 0.407543 0.193380 -0.297991 0.719132 0.284670 0.172488 0.609967 -1.649064 0.809983 1.774193 -1.641463 1.068390 -0.743447 -0.284590
1776409970.249566 jaka_arm_left success 0.407740 0.193506 -0.298059 0.718861 0.284679 0.172271 0.610343 -1.649064 0.809983 1.774193 -1.641463 1.068390 -0.743447 -0.284590
1776409970.258074 jaka_arm_left success 0.407906 0.193555 -0.298168 0.718386 0.285018 0.172174 0.610773 -1.648964 0.810745 1.774053 -1.641244 1.067644 -0.743176 -0.285159
1776409970.266452 jaka_arm_left success 0.408081 0.193692 -0.298247 0.718443 0.284456 0.171793 0.611074 -1.653331 0.815652 1.775458 -1.633623 1.067187 -0.747315 -0.279381
1776409970.274642 jaka_arm_left success 0.408082 0.193818 -0.298325 0.718377 0.285310 0.171546 0.610823 -1.652729 0.815712 1.775619 -1.632989 1.066931 -0.747192 -0.279975
1776409970.282979 jaka_arm_left success 0.408146 0.193878 -0.298499 0.718114 0.285390 0.171208 0.611190 -1.652532 0.815928 1.775656 -1.632806 1.066606 -0.747177 -0.280319
1776409970.291358 jaka_arm_left success 0.408212 0.193995 -0.298662 0.718346 0.285335 0.170953 0.611014 -1.652532 0.815928 1.775656 -1.632806 1.066606 -0.747177 -0.280319
1776409970.299622 jaka_arm_left success 0.408250 0.194049 -0.298872 0.718630 0.285019 0.170127 0.611058 -1.653681 0.813581 1.775415 -1.631719 1.064610 -0.750512 -0.281703
1776409970.308046 jaka_arm_left success 0.408364 0.194213 -0.299067 0.719357 0.284544 0.170307 0.610373 -1.653795 0.812799 1.775536 -1.631783 1.065407 -0.750743 -0.281089
1776409970.316250 jaka_arm_left success 0.408420 0.194260 -0.299281 0.719770 0.284607 0.170434 0.609822 -1.653554 0.812082 1.775774 -1.631463 1.066072 -0.750880 -0.280827
1776409970.324617 jaka_arm_left success 0.408439 0.194371 -0.299501 0.720438 0.284777 0.170532 0.608925 -1.653178 0.811165 1.776027 -1.630913 1.066889 -0.750921 -0.280612
1776409970.333950 jaka_arm_left success 0.408419 0.194441 -0.299726 0.720773 0.285700 0.170868 0.608002 -1.652596 0.810346 1.775966 -1.629786 1.067508 -0.750380 -0.280806
1776409970.341389 jaka_arm_left success 0.408528 0.194527 -0.299944 0.721347 0.285784 0.170968 0.607253 -1.653068 0.809320 1.776645 -1.629186 1.068752 -0.750120 -0.281282
1776409970.349569 jaka_arm_left success 0.408663 0.194733 -0.300148 0.722384 0.285592 0.171014 0.606096 -1.656988 0.806950 1.779341 -1.628828 1.071442 -0.749736 -0.285038
1776409970.358011 jaka_arm_left success 0.408812 0.194963 -0.300341 0.723212 0.285251 0.170985 0.605278 -1.656653 0.806124 1.779884 -1.628671 1.072287 -0.750120 -0.284725
1776409970.366297 jaka_arm_left success 0.408920 0.195065 -0.300585 0.723575 0.285206 0.170450 0.605015 -1.658853 0.805249 1.781870 -1.628242 1.073253 -0.750492 -0.287329
1776409970.374606 jaka_arm_left success 0.408960 0.195217 -0.300850 0.723528 0.285816 0.170299 0.604826 -1.658853 0.805249 1.781870 -1.628242 1.073253 -0.750492 -0.287329
1776409970.382997 jaka_arm_left success 0.409194 0.195541 -0.301026 0.724132 0.285133 0.170693 0.604314 -1.658876 0.804472 1.781865 -1.628023 1.074023 -0.750416 -0.286912
1776409970.391366 jaka_arm_left success 0.409361 0.195825 -0.301155 0.724174 0.285137 0.171290 0.604093 -1.659015 0.804102 1.781647 -1.627843 1.074396 -0.750149 -0.286689
1776409970.399617 jaka_arm_left success 0.409418 0.195999 -0.301267 0.723615 0.286139 0.170806 0.604426 -1.658571 0.804465 1.781698 -1.627285 1.073938 -0.749889 -0.287370
1776409970.407944 jaka_arm_left success 0.409588 0.196239 -0.301391 0.723172 0.286295 0.170565 0.604951 -1.658517 0.805006 1.781573 -1.627099 1.073370 -0.749661 -0.287854
1776409970.416293 jaka_arm_left success 0.409793 0.196601 -0.301426 0.723488 0.285936 0.170446 0.604776 -1.658517 0.805006 1.781573 -1.627099 1.073370 -0.749661 -0.287854
1776409970.424680 jaka_arm_left success 0.409962 0.196892 -0.301457 0.723504 0.285827 0.170165 0.604888 -1.663310 0.803147 1.782073 -1.624227 1.072338 -0.753016 -0.289402
1776409970.433144 jaka_arm_left success 0.410080 0.197092 -0.301518 0.723068 0.285973 0.169596 0.605499 -1.663046 0.803677 1.782329 -1.624184 1.071835 -0.753185 -0.289831
1776409970.441328 jaka_arm_left success 0.410137 0.197338 -0.301540 0.722808 0.286544 0.169258 0.605634 -1.662778 0.804074 1.782413 -1.623929 1.071398 -0.753138 -0.290279
1776409970.449555 jaka_arm_left success 0.410221 0.197534 -0.301599 0.722425 0.286589 0.169022 0.606136 -1.663851 0.806064 1.781828 -1.620453 1.069299 -0.755438 -0.288295
1776409970.458058 jaka_arm_left success 0.410336 0.197792 -0.301624 0.722377 0.286381 0.169293 0.606215 -1.664090 0.805906 1.781645 -1.620546 1.069473 -0.755376 -0.288018
1776409970.466431 jaka_arm_left success 0.410283 0.197970 -0.301685 0.722184 0.286986 0.169112 0.606210 -1.663863 0.805972 1.781602 -1.620186 1.069318 -0.755223 -0.288268
1776409970.474600 jaka_arm_left success 0.410331 0.198089 -0.301780 0.721880 0.287006 0.168668 0.606686 -1.663901 0.806203 1.780581 -1.617880 1.067157 -0.757785 -0.286802
1776409970.482957 jaka_arm_left success 0.410334 0.198230 -0.301846 0.721776 0.287142 0.168445 0.606808 -1.663901 0.806203 1.780581 -1.617880 1.067157 -0.757785 -0.286802
1776409970.491377 jaka_arm_left success 0.410332 0.198350 -0.301891 0.721897 0.287001 0.168296 0.606772 -1.664378 0.806538 1.779454 -1.615258 1.064917 -0.760792 -0.284774
1776409970.499653 jaka_arm_left success 0.410348 0.198525 -0.301922 0.722351 0.286621 0.168428 0.606374 -1.664501 0.806022 1.779440 -1.615287 1.065451 -0.760859 -0.284321
1776409970.508061 jaka_arm_left success 0.410357 0.198677 -0.301957 0.722899 0.286000 0.168456 0.606006 -1.664585 0.805408 1.779697 -1.615499 1.066112 -0.761261 -0.283750
1776409970.516303 jaka_arm_left success 0.410356 0.198751 -0.302002 0.723053 0.285767 0.168466 0.605930 -1.664585 0.805408 1.779697 -1.615499 1.066112 -0.761261 -0.283750
1776409970.524598 jaka_arm_left success 0.410393 0.198804 -0.302081 0.723014 0.285348 0.168330 0.606211 -1.667462 0.804989 1.778375 -1.609779 1.063036 -0.767739 -0.279882
1776409970.533564 jaka_arm_left success 0.410406 0.198852 -0.302136 0.723027 0.285283 0.168300 0.606234 -1.667462 0.804989 1.778375 -1.609779 1.063036 -0.767739 -0.279882
1776409970.541371 jaka_arm_left success 0.410446 0.198899 -0.302182 0.723183 0.285177 0.168333 0.606089 -1.667462 0.804989 1.778375 -1.609779 1.063036 -0.767739 -0.279882
1776409970.549531 jaka_arm_left success 0.410498 0.198944 -0.302235 0.723326 0.285126 0.168338 0.605941 -1.667223 0.804636 1.778772 -1.609715 1.063587 -0.768039 -0.279496
1776409970.558035 jaka_arm_left success 0.410563 0.199031 -0.302279 0.723694 0.284969 0.168509 0.605528 -1.667223 0.804636 1.778772 -1.609715 1.063587 -0.768039 -0.279496
1776409970.566338 jaka_arm_left success 0.410640 0.199059 -0.302349 0.723745 0.284841 0.168311 0.605582 -1.667223 0.804636 1.778772 -1.609715 1.063587 -0.768039 -0.279496
1776409970.574640 jaka_arm_left success 0.410682 0.199010 -0.302409 0.723558 0.285231 0.167959 0.605720 -1.667223 0.804636 1.778772 -1.609715 1.063587 -0.768039 -0.279496
1776409970.582926 jaka_arm_left success 0.410595 0.198971 -0.302486 0.723165 0.286211 0.167323 0.605904 -1.666592 0.805067 1.779056 -1.609174 1.063069 -0.768005 -0.280249
1776409970.591358 jaka_arm_left success 0.410587 0.199007 -0.302523 0.723157 0.286300 0.166905 0.605986 -1.666312 0.805285 1.779227 -1.608955 1.062813 -0.768050 -0.280596
1776409970.599637 jaka_arm_left success 0.410576 0.199161 -0.302539 0.723648 0.285748 0.166811 0.605687 -1.666771 0.804731 1.779669 -1.608743 1.063093 -0.768966 -0.280370
1776409970.607996 jaka_arm_left success 0.410542 0.199235 -0.302572 0.723676 0.285398 0.166630 0.605867 -1.668091 0.804680 1.779799 -1.607896 1.062332 -0.770558 -0.280293
1776409970.616261 jaka_arm_left success 0.410485 0.199297 -0.302576 0.723706 0.285164 0.166599 0.605950 -1.668091 0.804680 1.779799 -1.607896 1.062332 -0.770558 -0.280293
1776409970.624564 jaka_arm_left success 0.410359 0.199362 -0.302555 0.723671 0.285189 0.166769 0.605934 -1.668091 0.804680 1.779799 -1.607896 1.062332 -0.770558 -0.280293
1776409970.632967 jaka_arm_left success 0.410280 0.199438 -0.302536 0.723778 0.284882 0.166891 0.605916 -1.668316 0.804530 1.779662 -1.608018 1.062503 -0.770542 -0.280021
1776409970.641287 jaka_arm_left success 0.410253 0.199531 -0.302527 0.723950 0.284089 0.167056 0.606038 -1.668942 0.804772 1.779053 -1.607033 1.061894 -0.772425 -0.277629
1776409970.649548 jaka_arm_left success 0.410161 0.199593 -0.302490 0.724083 0.283716 0.167113 0.606038 -1.668942 0.804772 1.779053 -1.607033 1.061894 -0.772425 -0.277629
1776409970.657966 jaka_arm_left success 0.410062 0.199661 -0.302462 0.724059 0.283533 0.167056 0.606168 -1.669102 0.804775 1.779170 -1.607369 1.061944 -0.772758 -0.277361
1776409970.666313 jaka_arm_left success 0.409997 0.199721 -0.302460 0.723983 0.283222 0.166884 0.606451 -1.668769 0.804599 1.775687 -1.602275 1.056946 -0.779671 -0.271486
1776409970.674641 jaka_arm_left success 0.409946 0.199864 -0.302443 0.724225 0.282857 0.166931 0.606320 -1.668769 0.804599 1.775687 -1.602275 1.056946 -0.779671 -0.271486
1776409970.682915 jaka_arm_left success 0.409807 0.199975 -0.302453 0.724220 0.283066 0.166847 0.606252 -1.668769 0.804599 1.775687 -1.602275 1.056946 -0.779671 -0.271486
1776409970.691276 jaka_arm_left success 0.409707 0.200092 -0.302433 0.724369 0.282867 0.166674 0.606214 -1.668769 0.804599 1.775687 -1.602275 1.056946 -0.779671 -0.271486
1776409970.699613 jaka_arm_left success 0.409643 0.200196 -0.302416 0.724433 0.282526 0.166337 0.606389 -1.668624 0.804423 1.776146 -1.602494 1.057177 -0.780213 -0.271288
1776409970.708009 jaka_arm_left success 0.409555 0.200318 -0.302379 0.724663 0.282220 0.166164 0.606305 -1.668624 0.804423 1.776146 -1.602494 1.057177 -0.780213 -0.271288
1776409970.716268 jaka_arm_left success 0.409367 0.200330 -0.302350 0.724393 0.282553 0.165844 0.606560 -1.668463 0.804553 1.776370 -1.602527 1.057021 -0.780461 -0.271422
1776409970.724638 jaka_arm_left success 0.409204 0.200356 -0.302315 0.724270 0.282811 0.165755 0.606610 -1.668463 0.804553 1.776370 -1.602527 1.057021 -0.780461 -0.271422
1776409970.732921 jaka_arm_left success 0.409111 0.200440 -0.302254 0.724503 0.282581 0.165656 0.606466 -1.668463 0.804553 1.776370 -1.602527 1.057021 -0.780461 -0.271422
1776409970.741287 jaka_arm_left success 0.408941 0.200455 -0.302212 0.724419 0.282883 0.165453 0.606481 -1.668099 0.804421 1.776554 -1.602316 1.056734 -0.780864 -0.271719
1776409970.749532 jaka_arm_left success 0.408784 0.200544 -0.302153 0.724632 0.282856 0.165365 0.606264 -1.667840 0.803791 1.776765 -1.602176 1.057027 -0.781262 -0.271616
1776409970.757899 jaka_arm_left success 0.408618 0.200561 -0.302149 0.724394 0.282959 0.165392 0.606492 -1.667803 0.803362 1.775401 -1.602167 1.055169 -0.782047 -0.271970
1776409970.766341 jaka_arm_left success 0.408457 0.200621 -0.302113 0.724426 0.283070 0.165264 0.606437 -1.667803 0.803362 1.775401 -1.602167 1.055169 -0.782047 -0.271970
1776409970.774611 jaka_arm_left success 0.408296 0.200809 -0.302039 0.725036 0.282762 0.165096 0.605898 -1.667471 0.802224 1.775585 -1.601935 1.055902 -0.782409 -0.271612
1776409970.783010 jaka_arm_left success 0.408105 0.200899 -0.301990 0.725206 0.282677 0.164897 0.605788 -1.667293 0.801649 1.775723 -1.602269 1.055571 -0.783361 -0.271712
1776409970.791272 jaka_arm_left success 0.407796 0.200969 -0.301935 0.725154 0.283254 0.164901 0.605580 -1.666755 0.800181 1.774620 -1.601970 1.055127 -0.783272 -0.272091
1776409970.799634 jaka_arm_left success 0.407531 0.201068 -0.301879 0.725186 0.283420 0.164687 0.605522 -1.666472 0.800394 1.774858 -1.601937 1.054861 -0.783462 -0.272388
1776409970.807966 jaka_arm_left success 0.407203 0.201140 -0.301850 0.724882 0.283640 0.164910 0.605721 -1.664480 0.799662 1.773143 -1.603363 1.053091 -0.783641 -0.272521
1776409970.816226 jaka_arm_left success 0.406965 0.201333 -0.301792 0.725261 0.282944 0.165353 0.605473 -1.664796 0.799185 1.772955 -1.603608 1.053594 -0.783631 -0.271953
1776409970.824632 jaka_arm_left success 0.406613 0.201472 -0.301681 0.725525 0.282850 0.165322 0.605209 -1.664043 0.798261 1.772807 -1.604184 1.053874 -0.784023 -0.271452
1776409970.832965 jaka_arm_left success 0.406240 0.201580 -0.301611 0.725506 0.282998 0.165452 0.605128 -1.661794 0.797315 1.771105 -1.605681 1.053084 -0.783494 -0.270992
1776409970.841316 jaka_arm_left success 0.405798 0.201675 -0.301564 0.725560 0.282733 0.165336 0.605218 -1.661181 0.797244 1.770917 -1.606339 1.052777 -0.783701 -0.270838
1776409970.849576 jaka_arm_left success 0.405392 0.201810 -0.301480 0.725862 0.282250 0.165111 0.605143 -1.659731 0.795869 1.770145 -1.607880 1.052041 -0.784772 -0.270440
1776409970.857958 jaka_arm_left success 0.404899 0.201875 -0.301449 0.725536 0.282338 0.164838 0.605567 -1.655112 0.794798 1.767103 -1.610253 1.049428 -0.785168 -0.269187
1776409970.866381 jaka_arm_left success 0.404364 0.201990 -0.301381 0.725687 0.282068 0.164774 0.605530 -1.655112 0.794798 1.767103 -1.610253 1.049428 -0.785168 -0.269187
1776409970.874662 jaka_arm_left success 0.403857 0.202114 -0.301292 0.725896 0.281940 0.164646 0.605374 -1.654312 0.793932 1.766903 -1.610992 1.049475 -0.785742 -0.268708
1776409970.882916 jaka_arm_left success 0.403148 0.202054 -0.301274 0.725139 0.282646 0.164771 0.605916 -1.648890 0.794822 1.763917 -1.613247 1.047371 -0.783884 -0.267376
1776409970.891366 jaka_arm_left success 0.402571 0.202235 -0.301160 0.725564 0.282114 0.164955 0.605606 -1.648478 0.793444 1.763529 -1.614553 1.047790 -0.784621 -0.266408
1776409970.900525 jaka_arm_left success 0.401889 0.202229 -0.301132 0.725052 0.282175 0.165393 0.606071 -1.643043 0.794122 1.759808 -1.617600 1.045810 -0.782673 -0.264074
1776409970.908011 jaka_arm_left success 0.401339 0.202321 -0.301071 0.725091 0.281217 0.165919 0.606326 -1.640285 0.793268 1.757944 -1.619969 1.044860 -0.783633 -0.261641
1776409970.916317 jaka_arm_left success 0.400626 0.202408 -0.300957 0.725264 0.281119 0.166297 0.606061 -1.639725 0.792739 1.757985 -1.619828 1.045222 -0.783653 -0.261456
1776409970.924631 jaka_arm_left success 0.400087 0.202504 -0.300922 0.725376 0.280366 0.166964 0.606092 -1.635184 0.792957 1.755074 -1.622847 1.044516 -0.782621 -0.257936
1776409970.932958 jaka_arm_left success 0.399449 0.202579 -0.300873 0.725441 0.280266 0.166943 0.606066 -1.633583 0.792130 1.754023 -1.624147 1.043534 -0.783154 -0.257650
1776409970.941324 jaka_arm_left success 0.398949 0.202705 -0.300861 0.725577 0.279690 0.167253 0.606084 -1.631815 0.791319 1.752526 -1.625428 1.043422 -0.783058 -0.255973
1776409970.949557 jaka_arm_left success 0.398428 0.202773 -0.300840 0.725617 0.279750 0.167226 0.606015 -1.627882 0.790702 1.750618 -1.627148 1.041865 -0.783081 -0.255133
1776409970.958037 jaka_arm_left success 0.397977 0.202852 -0.300902 0.725467 0.279691 0.167414 0.606171 -1.627882 0.790702 1.750618 -1.627148 1.041865 -0.783081 -0.255133
1776409970.966559 jaka_arm_left success 0.397511 0.203079 -0.300872 0.726268 0.279514 0.167692 0.605215 -1.627051 0.789312 1.750146 -1.628138 1.042757 -0.783166 -0.253999
1776409970.974644 jaka_arm_left success 0.397088 0.203201 -0.300896 0.726581 0.279480 0.167591 0.604884 -1.625357 0.788569 1.749773 -1.628662 1.042511 -0.783086 -0.254218
1776409970.982971 jaka_arm_left success 0.396656 0.203254 -0.300970 0.726365 0.279962 0.167667 0.604899 -1.617124 0.787271 1.745207 -1.634642 1.040870 -0.779896 -0.252953
1776409970.991463 jaka_arm_left success 0.396225 0.203510 -0.300944 0.727407 0.279756 0.167815 0.603699 -1.616649 0.785983 1.745775 -1.634395 1.042062 -0.780329 -0.252500
1776409970.999758 jaka_arm_left success 0.395877 0.203611 -0.301006 0.727852 0.279487 0.167645 0.603336 -1.616642 0.783669 1.746022 -1.635319 1.042269 -0.781163 -0.253784
1776409971.016293 jaka_arm_left success 0.395410 0.203746 -0.301173 0.727685 0.280121 0.167926 0.603166 -1.615161 0.783686 1.745186 -1.636324 1.042134 -0.779038 -0.254929
1776409971.024621 jaka_arm_left success 0.394553 0.204012 -0.301318 0.728241 0.279872 0.167874 0.602623 -1.612538 0.781105 1.744540 -1.639531 1.042856 -0.778518 -0.255279
1776409971.033078 jaka_arm_left success 0.394097 0.204302 -0.301414 0.728924 0.280008 0.168930 0.601438 -1.606818 0.779872 1.743648 -1.645409 1.045878 -0.772972 -0.255592
1776409971.041450 jaka_arm_left success 0.393742 0.204531 -0.301555 0.729524 0.279715 0.169254 0.600755 -1.606831 0.779272 1.743632 -1.645361 1.046405 -0.772986 -0.255293
1776409971.049603 jaka_arm_left success 0.393443 0.204881 -0.301706 0.730839 0.279373 0.169991 0.599106 -1.606282 0.772748 1.742979 -1.649555 1.047707 -0.771946 -0.259726
1776409971.058055 jaka_arm_left success 0.392960 0.204976 -0.301974 0.730773 0.280819 0.170525 0.598358 -1.601454 0.774558 1.743935 -1.653514 1.051766 -0.764653 -0.260610
1776409971.066534 jaka_arm_left success 0.392659 0.205473 -0.302175 0.732238 0.280430 0.171576 0.596446 -1.600674 0.768046 1.743568 -1.657744 1.053987 -0.762541 -0.265269
1776409971.074656 jaka_arm_left success 0.392506 0.205909 -0.302541 0.733055 0.279540 0.172044 0.595725 -1.600913 0.767305 1.743552 -1.657982 1.054839 -0.762655 -0.264531
1776409971.082964 jaka_arm_left success 0.392204 0.206131 -0.302955 0.732836 0.280710 0.171705 0.595543 -1.598397 0.768579 1.744392 -1.658399 1.056208 -0.760300 -0.264622
1776409971.091433 jaka_arm_left success 0.392163 0.206759 -0.303341 0.733843 0.280450 0.172339 0.594240 -1.598168 0.767095 1.744445 -1.657991 1.057583 -0.760235 -0.263977
1776409971.100031 jaka_arm_left success 0.392033 0.207156 -0.303826 0.733602 0.281580 0.172093 0.594074 -1.597590 0.767072 1.744459 -1.657229 1.057452 -0.759861 -0.264543
1776409971.108123 jaka_arm_left success 0.392070 0.207829 -0.304324 0.734073 0.281740 0.171585 0.593564 -1.596977 0.766559 1.744790 -1.656671 1.057797 -0.759929 -0.264753
1776409971.116323 jaka_arm_left success 0.392057 0.208444 -0.304824 0.734131 0.282511 0.171069 0.593274 -1.596346 0.766353 1.745034 -1.656024 1.057801 -0.759876 -0.265223
1776409971.124722 jaka_arm_left success 0.392055 0.209101 -0.305305 0.734275 0.283686 0.171046 0.592542 -1.595425 0.765714 1.745006 -1.654604 1.058065 -0.759282 -0.265878
1776409971.133230 jaka_arm_left success 0.392112 0.209712 -0.305909 0.733909 0.284404 0.170270 0.592874 -1.594948 0.765664 1.744737 -1.653740 1.057387 -0.758967 -0.266875
1776409971.141315 jaka_arm_left success 0.392092 0.210170 -0.306555 0.732754 0.286072 0.169567 0.593702 -1.594073 0.766188 1.744283 -1.652570 1.055562 -0.758769 -0.268628
1776409971.149561 jaka_arm_left success 0.392140 0.210914 -0.307069 0.732829 0.287325 0.169682 0.592971 -1.593425 0.765307 1.743688 -1.651359 1.055404 -0.758336 -0.269204
1776409971.158167 jaka_arm_left success 0.392280 0.211662 -0.307638 0.732549 0.288166 0.169555 0.592945 -1.592774 0.764830 1.742890 -1.650418 1.054391 -0.758451 -0.269787
1776409971.166832 jaka_arm_left success 0.392403 0.212376 -0.308125 0.732008 0.289756 0.169931 0.592730 -1.591802 0.764658 1.741743 -1.648899 1.053755 -0.757422 -0.270259
1776409971.174636 jaka_arm_left success 0.392651 0.213093 -0.308672 0.731469 0.290672 0.169393 0.593102 -1.590460 0.764560 1.740191 -1.647631 1.051580 -0.758756 -0.269557
1776409971.183011 jaka_arm_left success 0.392846 0.213591 -0.309217 0.730142 0.292354 0.168271 0.594228 -1.587858 0.766131 1.735380 -1.641728 1.044836 -0.764048 -0.264634
1776409971.191398 jaka_arm_left success 0.393208 0.214321 -0.309668 0.730022 0.292372 0.167312 0.594637 -1.591305 0.766720 1.734706 -1.633537 1.040651 -0.771753 -0.261327
1776409971.199715 jaka_arm_left success 0.393367 0.214845 -0.310130 0.729057 0.294204 0.165830 0.595332 -1.590079 0.768161 1.734984 -1.632154 1.039071 -0.771406 -0.263022
1776409971.207980 jaka_arm_left success 0.393760 0.215780 -0.310459 0.729505 0.294412 0.165970 0.594641 -1.590100 0.767150 1.734716 -1.630978 1.039510 -0.771639 -0.262611
1776409971.216287 jaka_arm_left success 0.393922 0.216222 -0.310883 0.728485 0.295631 0.165044 0.595543 -1.592131 0.767980 1.732185 -1.622526 1.033542 -0.779036 -0.259307
1776409971.224662 jaka_arm_left success 0.394034 0.216751 -0.311217 0.728068 0.296653 0.164261 0.595762 -1.591609 0.768411 1.732364 -1.622017 1.033060 -0.778915 -0.259962
1776409971.232966 jaka_arm_left success 0.394236 0.217271 -0.311558 0.727874 0.296707 0.163462 0.596192 -1.591965 0.769194 1.732160 -1.619682 1.031546 -0.780870 -0.259111
1776409971.241283 jaka_arm_left success 0.394197 0.217514 -0.311899 0.726720 0.298228 0.162701 0.597048 -1.591504 0.771356 1.730824 -1.616162 1.028643 -0.782646 -0.257529
1776409971.249558 jaka_arm_left success 0.394326 0.217965 -0.312145 0.727123 0.297712 0.163267 0.596661 -1.591375 0.770697 1.730860 -1.615816 1.029274 -0.782776 -0.257009
1776409971.258063 jaka_arm_left success 0.394439 0.218304 -0.312378 0.727432 0.297054 0.163167 0.596640 -1.592945 0.771129 1.728842 -1.609947 1.026588 -0.788314 -0.251721
1776409971.266374 jaka_arm_left success 0.394254 0.218346 -0.312644 0.726568 0.298779 0.163736 0.596674 -1.592440 0.771756 1.728495 -1.608972 1.025879 -0.787484 -0.252616
1776409971.274628 jaka_arm_left success 0.394220 0.218478 -0.312872 0.726659 0.298699 0.163813 0.596582 -1.592157 0.771979 1.728258 -1.608591 1.026016 -0.786938 -0.252405
1776409971.282995 jaka_arm_left success 0.394258 0.218595 -0.313068 0.726930 0.298449 0.164205 0.596270 -1.591929 0.772079 1.728203 -1.608715 1.026830 -0.786634 -0.251213
1776409971.291428 jaka_arm_left success 0.394325 0.218821 -0.313243 0.727836 0.297585 0.164655 0.595472 -1.591606 0.771154 1.728771 -1.608861 1.028103 -0.787136 -0.250214
1776409971.299666 jaka_arm_left success 0.394354 0.218938 -0.313411 0.728561 0.297120 0.164753 0.594790 -1.591800 0.770670 1.728678 -1.608970 1.028647 -0.787130 -0.249704
1776409971.308038 jaka_arm_left success 0.394340 0.218852 -0.313622 0.728688 0.297364 0.164772 0.594506 -1.591800 0.770670 1.728678 -1.608970 1.028647 -0.787130 -0.249704
1776409971.316272 jaka_arm_left success 0.394403 0.218890 -0.313793 0.729259 0.297187 0.165100 0.593804 -1.591572 0.769649 1.728787 -1.608596 1.029715 -0.787039 -0.249168
1776409971.324616 jaka_arm_left success 0.394368 0.218859 -0.313983 0.729592 0.297618 0.165176 0.593158 -1.590996 0.769049 1.729015 -1.607909 1.030335 -0.786833 -0.249193
1776409971.332997 jaka_arm_left success 0.394322 0.218665 -0.314221 0.729607 0.298011 0.164539 0.593119 -1.590620 0.769149 1.729321 -1.607693 1.030275 -0.786918 -0.249470
1776409971.341323 jaka_arm_left success 0.394348 0.218628 -0.314404 0.730174 0.297896 0.164436 0.592507 -1.590414 0.769191 1.730744 -1.607562 1.031990 -0.786293 -0.249483
1776409971.349605 jaka_arm_left success 0.394435 0.218605 -0.314601 0.730934 0.297603 0.164727 0.591636 -1.591738 0.768943 1.732685 -1.608013 1.034830 -0.784564 -0.250405
1776409971.358041 jaka_arm_left success 0.394465 0.218395 -0.314835 0.730826 0.297967 0.164441 0.591666 -1.591517 0.769132 1.732863 -1.607886 1.034644 -0.784603 -0.250701
1776409971.366393 jaka_arm_left success 0.394473 0.218183 -0.315090 0.730860 0.298145 0.163215 0.591873 -1.591023 0.769448 1.733450 -1.607804 1.034332 -0.785007 -0.251201
1776409971.374628 jaka_arm_left success 0.394547 0.218111 -0.315293 0.731380 0.297952 0.163152 0.591346 -1.594309 0.768006 1.736208 -1.607562 1.035891 -0.785265 -0.254722
1776409971.382916 jaka_arm_left success 0.394618 0.218050 -0.315497 0.732018 0.297652 0.163119 0.590716 -1.594432 0.767285 1.736637 -1.607572 1.036924 -0.785316 -0.254353
1776409971.391375 jaka_arm_left success 0.394735 0.217952 -0.315700 0.732392 0.297128 0.162799 0.590604 -1.595330 0.767280 1.737999 -1.607825 1.037803 -0.785769 -0.254678
1776409971.399703 jaka_arm_left success 0.394800 0.217764 -0.315911 0.732613 0.296910 0.162028 0.590651 -1.595531 0.767361 1.738789 -1.607856 1.037859 -0.786328 -0.255098
1776409971.408035 jaka_arm_left success 0.394847 0.217607 -0.316105 0.732659 0.296778 0.161845 0.590712 -1.598592 0.767895 1.740667 -1.606542 1.038821 -0.786372 -0.256588
1776409971.416275 jaka_arm_left success 0.394855 0.217523 -0.316258 0.733110 0.296513 0.161727 0.590317 -1.598517 0.767394 1.741042 -1.606655 1.039388 -0.786739 -0.256258
1776409971.424601 jaka_arm_left success 0.394878 0.217372 -0.316403 0.733310 0.296306 0.161667 0.590189 -1.598517 0.767394 1.741042 -1.606655 1.039388 -0.786739 -0.256258
1776409971.433001 jaka_arm_left success 0.394900 0.217262 -0.316520 0.733638 0.295931 0.161689 0.589963 -1.599483 0.767194 1.742076 -1.606702 1.040502 -0.787125 -0.255994
1776409971.441297 jaka_arm_left success 0.394855 0.217042 -0.316640 0.733763 0.295518 0.160660 0.590296 -1.599160 0.767455 1.742741 -1.606889 1.040302 -0.787752 -0.256258
1776409971.449647 jaka_arm_left success 0.394798 0.216700 -0.316736 0.733120 0.295767 0.160278 0.591074 -1.599990 0.768785 1.743231 -1.606631 1.039312 -0.788121 -0.257110
1776409971.458033 jaka_arm_left success 0.394793 0.216488 -0.316811 0.732927 0.295519 0.160292 0.591433 -1.599990 0.768785 1.743231 -1.606631 1.039312 -0.788121 -0.257110
1776409971.466405 jaka_arm_left success 0.394862 0.216247 -0.316806 0.733045 0.295016 0.160608 0.591452 -1.600903 0.769059 1.743448 -1.607291 1.039665 -0.788550 -0.256307
1776409971.474557 jaka_arm_left success 0.394884 0.216069 -0.316801 0.733299 0.294553 0.160574 0.591378 -1.601223 0.769150 1.743951 -1.607102 1.040179 -0.788795 -0.255934
1776409971.482975 jaka_arm_left success 0.394812 0.215888 -0.316743 0.733481 0.294904 0.161013 0.590857 -1.601781 0.769443 1.744352 -1.606373 1.041110 -0.788145 -0.255670
1776409971.491437 jaka_arm_left success 0.394813 0.215502 -0.316768 0.732900 0.294444 0.160596 0.591919 -1.602024 0.770428 1.744560 -1.606986 1.040314 -0.788546 -0.255916
1776409971.499861 jaka_arm_left success 0.394867 0.215297 -0.316685 0.733311 0.293328 0.160662 0.591948 -1.602608 0.770331 1.744654 -1.607782 1.040628 -0.789011 -0.255221
1776409971.508030 jaka_arm_left success 0.394737 0.214914 -0.316623 0.733251 0.293520 0.160592 0.591946 -1.602757 0.770729 1.745051 -1.607896 1.040684 -0.789274 -0.255075
1776409971.516317 jaka_arm_left success 0.394659 0.214641 -0.316548 0.733296 0.293357 0.161287 0.591782 -1.603234 0.771226 1.745056 -1.607565 1.041505 -0.788506 -0.254301
1776409971.525008 jaka_arm_left success 0.394689 0.214297 -0.316510 0.733427 0.291913 0.161481 0.592279 -1.603852 0.771966 1.745763 -1.608884 1.041548 -0.789552 -0.253485
1776409971.533009 jaka_arm_left success 0.394612 0.214097 -0.316410 0.734242 0.291185 0.162145 0.591446 -1.604506 0.772392 1.746535 -1.607950 1.044149 -0.788453 -0.251495
1776409971.541367 jaka_arm_left success 0.394448 0.213804 -0.316372 0.734509 0.291296 0.162370 0.590999 -1.604506 0.772392 1.746535 -1.607950 1.044149 -0.788453 -0.251495
1776409971.549625 jaka_arm_left success 0.394351 0.213235 -0.316443 0.734066 0.290980 0.161328 0.591989 -1.604356 0.773084 1.747136 -1.608424 1.043625 -0.789108 -0.251779
1776409971.558079 jaka_arm_left success 0.394371 0.212920 -0.316469 0.734490 0.290276 0.161165 0.591853 -1.604650 0.773258 1.747916 -1.609178 1.043937 -0.789993 -0.251302
1776409971.567082 jaka_arm_left success 0.394336 0.212779 -0.316454 0.735540 0.289889 0.161736 0.590582 -1.605941 0.772767 1.749366 -1.608409 1.046736 -0.789098 -0.250882
1776409971.574609 jaka_arm_left success 0.394402 0.212592 -0.316487 0.736329 0.288993 0.161790 0.590022 -1.609020 0.772418 1.751968 -1.608409 1.049152 -0.789379 -0.251802
1776409971.582950 jaka_arm_left success 0.394469 0.212091 -0.316652 0.736063 0.288352 0.160971 0.590891 -1.608996 0.773153 1.752433 -1.608910 1.048548 -0.789956 -0.252090
1776409971.591447 jaka_arm_left success 0.394407 0.211793 -0.316769 0.736221 0.288391 0.160537 0.590794 -1.608883 0.773300 1.752780 -1.609041 1.048467 -0.790288 -0.252187
1776409971.599823 jaka_arm_left success 0.394337 0.211618 -0.316807 0.736829 0.288462 0.160833 0.589919 -1.611841 0.773157 1.755448 -1.607911 1.051448 -0.789330 -0.253613
1776409971.608004 jaka_arm_left success 0.394313 0.211427 -0.316893 0.737098 0.288084 0.160571 0.589840 -1.611767 0.773229 1.755836 -1.608174 1.051448 -0.789754 -0.253612
1776409971.616343 jaka_arm_left success 0.394277 0.211174 -0.317030 0.736832 0.287872 0.160300 0.590349 -1.611902 0.773687 1.756025 -1.608570 1.051093 -0.790060 -0.253701
1776409971.624630 jaka_arm_left success 0.394260 0.210908 -0.317182 0.736769 0.287320 0.159444 0.590928 -1.611883 0.774215 1.756596 -1.609145 1.050702 -0.790792 -0.253818
1776409971.632953 jaka_arm_left success 0.394152 0.210641 -0.317269 0.736510 0.287531 0.158885 0.591299 -1.611771 0.774638 1.756876 -1.609265 1.050319 -0.791075 -0.254097
1776409971.641346 jaka_arm_left success 0.394087 0.210526 -0.317332 0.736676 0.287274 0.158658 0.591279 -1.613317 0.774893 1.757822 -1.608354 1.050255 -0.792364 -0.254273
1776409971.649550 jaka_arm_left success 0.393989 0.210361 -0.317388 0.736666 0.287065 0.158358 0.591473 -1.613317 0.774893 1.757822 -1.608354 1.050255 -0.792364 -0.254273
1776409971.658039 jaka_arm_left success 0.393943 0.210278 -0.317449 0.736936 0.286701 0.158553 0.591260 -1.613545 0.774747 1.757937 -1.608677 1.050500 -0.792635 -0.253919
1776409971.666659 jaka_arm_left success 0.393789 0.210147 -0.317516 0.736800 0.286958 0.158613 0.591288 -1.613545 0.774747 1.757937 -1.608677 1.050500 -0.792635 -0.253919
1776409971.674616 jaka_arm_left success 0.393539 0.209952 -0.317632 0.736400 0.287546 0.158169 0.591620 -1.613209 0.775189 1.758105 -1.608408 1.050052 -0.792615 -0.254424
1776409971.682935 jaka_arm_left success 0.393496 0.209842 -0.317709 0.736715 0.286712 0.157744 0.591746 -1.613272 0.775389 1.758560 -1.608921 1.050012 -0.793240 -0.254255
1776409971.691345 jaka_arm_left success 0.393472 0.209722 -0.317822 0.736896 0.285860 0.157244 0.592066 -1.616590 0.776800 1.760005 -1.605669 1.049846 -0.796750 -0.251958
1776409971.699807 jaka_arm_left success 0.393388 0.209534 -0.318016 0.736653 0.285855 0.157381 0.592335 -1.616591 0.777186 1.759855 -1.605535 1.049474 -0.796562 -0.252185
1776409971.708043 jaka_arm_left success 0.393326 0.209410 -0.318209 0.736485 0.285633 0.157458 0.592630 -1.616095 0.779934 1.759861 -1.604101 1.049545 -0.796426 -0.249361
1776409971.716375 jaka_arm_left success 0.393186 0.209325 -0.318390 0.736513 0.285770 0.157279 0.592577 -1.616095 0.779934 1.759861 -1.604101 1.049545 -0.796426 -0.249361
1776409971.724731 jaka_arm_left success 0.393059 0.209201 -0.318610 0.736644 0.285781 0.156781 0.592541 -1.615712 0.779934 1.760325 -1.604036 1.049540 -0.796814 -0.249523
1776409971.733081 jaka_arm_left success 0.393064 0.209029 -0.318858 0.736890 0.285080 0.155689 0.592860 -1.618273 0.778689 1.760703 -1.600758 1.047249 -0.802463 -0.248813
1776409971.741338 jaka_arm_left success 0.393032 0.208870 -0.319122 0.737097 0.284630 0.155006 0.592998 -1.619298 0.782039 1.762082 -1.596985 1.047390 -0.804653 -0.244978
1776409971.749591 jaka_arm_left success 0.392932 0.208698 -0.319364 0.737432 0.284882 0.154858 0.592499 -1.619014 0.781620 1.762205 -1.596599 1.047706 -0.804633 -0.245015
1776409971.758107 jaka_arm_left success 0.392887 0.208513 -0.319690 0.737959 0.284412 0.153815 0.592341 -1.619622 0.780424 1.763228 -1.596084 1.047596 -0.806673 -0.245666
1776409971.766375 jaka_arm_left success 0.392779 0.208320 -0.320012 0.738022 0.284481 0.153369 0.592345 -1.619622 0.780424 1.763228 -1.596084 1.047596 -0.806673 -0.245666
1776409971.774654 jaka_arm_left success 0.392717 0.208076 -0.320389 0.737895 0.284352 0.153741 0.592468 -1.619622 0.780424 1.763228 -1.596084 1.047596 -0.806673 -0.245666
1776409971.783017 jaka_arm_left success 0.392633 0.207861 -0.320775 0.738164 0.284004 0.153382 0.592394 -1.619547 0.780569 1.763703 -1.596400 1.047628 -0.807199 -0.245556
1776409971.791322 jaka_arm_left success 0.392512 0.207712 -0.321095 0.738355 0.284124 0.153091 0.592174 -1.619318 0.780513 1.764012 -1.596289 1.047767 -0.807389 -0.245577
1776409971.799611 jaka_arm_left success 0.392403 0.207576 -0.321440 0.738461 0.284276 0.153162 0.591949 -1.619189 0.780539 1.764273 -1.595861 1.048248 -0.807241 -0.245318
1776409971.808018 jaka_arm_left success 0.392228 0.207482 -0.321777 0.738615 0.284893 0.153090 0.591479 -1.618774 0.781480 1.765146 -1.594710 1.049200 -0.806496 -0.245018
1776409971.816209 jaka_arm_left success 0.392158 0.207421 -0.322118 0.738927 0.284871 0.152594 0.591228 -1.618774 0.781480 1.765146 -1.594710 1.049200 -0.806496 -0.245018
1776409971.824563 jaka_arm_left success 0.391992 0.207265 -0.322499 0.738263 0.285720 0.151582 0.591908 -1.618110 0.782001 1.765721 -1.594407 1.048695 -0.806791 -0.245720
1776409971.832974 jaka_arm_left success 0.392012 0.207348 -0.322835 0.738345 0.285603 0.151344 0.591923 -1.618110 0.782001 1.765721 -1.594407 1.048695 -0.806791 -0.245720
1776409971.841301 jaka_arm_left success 0.392022 0.207328 -0.323153 0.738074 0.285405 0.151126 0.592413 -1.620359 0.786992 1.768196 -1.589521 1.049337 -0.808316 -0.242386
1776409971.849555 jaka_arm_left success 0.391852 0.207278 -0.323443 0.738041 0.285430 0.149794 0.592779 -1.621826 0.785316 1.768114 -1.587786 1.047005 -0.811983 -0.243663
1776409971.858003 jaka_arm_left success 0.391788 0.207217 -0.323708 0.738184 0.285186 0.149006 0.592917 -1.622663 0.785809 1.768724 -1.586094 1.046338 -0.814024 -0.242957
1776409971.866370 jaka_arm_left success 0.391754 0.207220 -0.323965 0.738504 0.284972 0.149410 0.592519 -1.622824 0.785460 1.768653 -1.586132 1.046729 -0.814013 -0.242589
1776409971.874627 jaka_arm_left success 0.391621 0.207228 -0.324210 0.738742 0.285167 0.149566 0.592090 -1.622638 0.784977 1.768716 -1.585793 1.047227 -0.813922 -0.242400
1776409971.882940 jaka_arm_left success 0.391537 0.207196 -0.324459 0.738866 0.285198 0.149452 0.591949 -1.622432 0.784879 1.768903 -1.585630 1.047380 -0.813996 -0.242394
1776409971.891403 jaka_arm_left success 0.391379 0.207209 -0.324701 0.739163 0.285661 0.149529 0.591334 -1.622022 0.784406 1.769009 -1.585028 1.047843 -0.813780 -0.242415
1776409971.899734 jaka_arm_left success 0.391262 0.207135 -0.325008 0.739048 0.285965 0.149361 0.591374 -1.622022 0.784406 1.769009 -1.585028 1.047843 -0.813780 -0.242415
1776409971.907987 jaka_arm_left success 0.391167 0.207114 -0.325328 0.739077 0.285860 0.148983 0.591484 -1.621571 0.784811 1.769455 -1.584758 1.047808 -0.813892 -0.242528
1776409971.916350 jaka_arm_left success 0.391013 0.206988 -0.325639 0.738710 0.286512 0.148779 0.591679 -1.620943 0.785844 1.769436 -1.583764 1.047670 -0.812996 -0.242638
1776409971.924669 jaka_arm_left success 0.390954 0.207036 -0.325878 0.739122 0.286306 0.148445 0.591348 -1.620783 0.785632 1.770020 -1.584070 1.048069 -0.813609 -0.242317
1776409971.932961 jaka_arm_left success 0.390886 0.206962 -0.326127 0.739143 0.286366 0.148094 0.591380 -1.620613 0.785717 1.770249 -1.584045 1.048050 -0.813775 -0.242383
1776409971.941298 jaka_arm_left success 0.390731 0.206857 -0.326372 0.739350 0.286519 0.147745 0.591135 -1.620299 0.785668 1.770582 -1.583893 1.048151 -0.813966 -0.242477
1776409971.949558 jaka_arm_left success 0.390615 0.206863 -0.326586 0.740065 0.285961 0.147199 0.590646 -1.619931 0.785114 1.771394 -1.584023 1.048841 -0.814718 -0.242148
1776409971.958006 jaka_arm_left success 0.390514 0.206700 -0.326898 0.739881 0.285763 0.147339 0.590937 -1.619931 0.785114 1.771394 -1.584023 1.048841 -0.814718 -0.242148
1776409971.966885 jaka_arm_left success 0.390321 0.206628 -0.327148 0.740243 0.285753 0.147661 0.590408 -1.619941 0.784858 1.771643 -1.583925 1.049572 -0.814747 -0.241543
1776409971.974604 jaka_arm_left success 0.390210 0.206375 -0.327560 0.739393 0.285563 0.146907 0.591752 -1.621055 0.790519 1.772235 -1.578794 1.048322 -0.817329 -0.235945
1776409971.982946 jaka_arm_left success 0.390087 0.206253 -0.327851 0.739514 0.285316 0.146209 0.591893 -1.620797 0.790755 1.772642 -1.578869 1.048104 -0.817738 -0.236161
1776409971.991408 jaka_arm_left success 0.389909 0.206168 -0.328116 0.739740 0.285520 0.146482 0.591444 -1.620797 0.790755 1.772642 -1.578869 1.048104 -0.817738 -0.236161
1776409971.999784 jaka_arm_left success 0.389727 0.205996 -0.328403 0.739416 0.286071 0.146749 0.591516 -1.620532 0.790623 1.772460 -1.578275 1.048170 -0.817308 -0.236347
1776409972.008010 jaka_arm_left success 0.389583 0.206057 -0.328604 0.740177 0.285342 0.146647 0.590941 -1.620531 0.789966 1.772800 -1.578492 1.048946 -0.817712 -0.235739
1776409972.016278 jaka_arm_left success 0.389469 0.206069 -0.328784 0.740712 0.284784 0.147262 0.590388 -1.620748 0.789362 1.772772 -1.578647 1.049648 -0.817764 -0.235102
1776409972.024635 jaka_arm_left success 0.389199 0.205883 -0.329056 0.740131 0.285389 0.147012 0.590886 -1.619944 0.790512 1.772829 -1.578028 1.049296 -0.817192 -0.235122
1776409972.033976 jaka_arm_left success 0.389041 0.205868 -0.329237 0.740524 0.284804 0.147082 0.590659 -1.619886 0.790302 1.773425 -1.578627 1.049978 -0.817912 -0.234229
1776409972.041353 jaka_arm_left success 0.388891 0.205797 -0.329438 0.740367 0.284947 0.147663 0.590642 -1.618262 0.792721 1.772891 -1.578232 1.050860 -0.816087 -0.231208
1776409972.049554 jaka_arm_left success 0.388699 0.205789 -0.329679 0.740123 0.285428 0.148488 0.590508 -1.618356 0.792674 1.772298 -1.577822 1.050841 -0.815387 -0.231219
1776409972.058002 jaka_arm_left success 0.388509 0.205728 -0.329903 0.739692 0.285983 0.148705 0.590725 -1.617328 0.793788 1.771685 -1.577420 1.050559 -0.814145 -0.230827
1776409972.066334 jaka_arm_left success 0.388263 0.205732 -0.330135 0.739141 0.286894 0.148216 0.591096 -1.616013 0.794815 1.771656 -1.576942 1.049819 -0.813663 -0.231231
1776409972.074610 jaka_arm_left success 0.388178 0.205879 -0.330314 0.739426 0.286909 0.148333 0.590702 -1.616039 0.794463 1.771612 -1.576988 1.050212 -0.813641 -0.230876
1776409972.082956 jaka_arm_left success 0.388112 0.206013 -0.330476 0.739766 0.286720 0.148379 0.590358 -1.615881 0.794008 1.771752 -1.576977 1.050713 -0.813744 -0.230535
1776409972.091372 jaka_arm_left success 0.388077 0.206155 -0.330710 0.739959 0.286317 0.148312 0.590328 -1.615736 0.793595 1.772237 -1.577568 1.051363 -0.814425 -0.229739
1776409972.099804 jaka_arm_left success 0.387965 0.206326 -0.330921 0.740243 0.286567 0.148366 0.589837 -1.615316 0.793486 1.772076 -1.576926 1.051355 -0.813989 -0.230025
1776409972.108009 jaka_arm_left success 0.387735 0.206231 -0.331200 0.739368 0.288299 0.148088 0.590160 -1.611069 0.795614 1.770769 -1.576801 1.050548 -0.811515 -0.228970
1776409972.116325 jaka_arm_left success 0.387609 0.206406 -0.331480 0.739597 0.288239 0.147754 0.589986 -1.611069 0.795614 1.770769 -1.576801 1.050548 -0.811515 -0.228970
1776409972.124613 jaka_arm_left success 0.387436 0.206398 -0.331812 0.739176 0.288618 0.147005 0.590514 -1.610642 0.795948 1.771185 -1.576769 1.050192 -0.811865 -0.229363
1776409972.132961 jaka_arm_left success 0.387306 0.206315 -0.332189 0.738336 0.289264 0.147019 0.591246 -1.607875 0.797426 1.769331 -1.576627 1.047912 -0.811951 -0.227768
1776409972.141372 jaka_arm_left success 0.387222 0.206655 -0.332471 0.738844 0.288853 0.146226 0.591009 -1.607518 0.797097 1.770016 -1.576817 1.048243 -0.812705 -0.227610
1776409972.149540 jaka_arm_left success 0.387192 0.206852 -0.332782 0.739022 0.288482 0.146485 0.590903 -1.607583 0.796586 1.770077 -1.576986 1.048541 -0.813225 -0.227074
1776409972.157943 jaka_arm_left success 0.387109 0.206946 -0.333095 0.738947 0.289014 0.146956 0.590620 -1.607310 0.796441 1.769482 -1.576178 1.048423 -0.812593 -0.227158
1776409972.166295 jaka_arm_left success 0.387066 0.206967 -0.333434 0.738468 0.289245 0.146586 0.591197 -1.605238 0.797836 1.768015 -1.574619 1.046355 -0.814273 -0.224112
1776409972.174659 jaka_arm_left success 0.387001 0.207174 -0.333711 0.738564 0.289901 0.146899 0.590679 -1.605182 0.797460 1.767608 -1.574075 1.046598 -0.813733 -0.224070
1776409972.182891 jaka_arm_left success 0.386978 0.207291 -0.333986 0.738638 0.289890 0.146637 0.590656 -1.604982 0.797443 1.767739 -1.573943 1.046596 -0.813812 -0.224148
1776409972.191320 jaka_arm_left success 0.386830 0.207246 -0.334257 0.738047 0.290885 0.146107 0.591037 -1.604481 0.797899 1.767870 -1.573488 1.046058 -0.813724 -0.224794
1776409972.199688 jaka_arm_left success 0.386764 0.207274 -0.334471 0.737877 0.291251 0.145607 0.591193 -1.603893 0.798434 1.767839 -1.572886 1.045339 -0.813768 -0.225209
1776409972.207975 jaka_arm_left success 0.386748 0.207296 -0.334661 0.737686 0.291534 0.145366 0.591351 -1.603195 0.798948 1.767366 -1.571950 1.044452 -0.814474 -0.224334
1776409972.216261 jaka_arm_left success 0.386797 0.207308 -0.334865 0.737447 0.291300 0.144985 0.591858 -1.602511 0.800451 1.765343 -1.567649 1.040988 -0.819331 -0.219066
1776409972.224571 jaka_arm_left success 0.386689 0.207498 -0.334953 0.737760 0.291897 0.145002 0.591169 -1.602173 0.799749 1.765185 -1.566862 1.041527 -0.818859 -0.219087
1776409972.232913 jaka_arm_left success 0.386670 0.207579 -0.335016 0.737842 0.291927 0.144929 0.591070 -1.602173 0.799749 1.765185 -1.566862 1.041527 -0.818859 -0.219087
1776409972.241331 jaka_arm_left success 0.386634 0.207534 -0.335076 0.737290 0.292022 0.144563 0.591801 -1.602036 0.800195 1.765290 -1.566847 1.041070 -0.818956 -0.219433
1776409972.249546 jaka_arm_left success 0.386571 0.207436 -0.335099 0.736788 0.292174 0.144272 0.592422 -1.602028 0.800908 1.765287 -1.566953 1.040361 -0.819032 -0.219830
1776409972.257956 jaka_arm_left success 0.386502 0.207424 -0.335057 0.736557 0.292270 0.144303 0.592654 -1.602181 0.801315 1.765081 -1.567031 1.039940 -0.818946 -0.219953
1776409972.266335 jaka_arm_left success 0.386489 0.207430 -0.334999 0.736530 0.292056 0.144576 0.592726 -1.602181 0.801315 1.765081 -1.567031 1.039940 -0.818946 -0.219953
1776409972.274627 jaka_arm_left success 0.386375 0.207363 -0.334935 0.736288 0.292523 0.145258 0.592630 -1.602525 0.801286 1.764483 -1.566934 1.039936 -0.818417 -0.219761
1776409972.282910 jaka_arm_left success 0.386292 0.207278 -0.334838 0.736242 0.292010 0.144781 0.593056 -1.601659 0.802384 1.764172 -1.567055 1.039168 -0.819126 -0.218331
1776409972.291391 jaka_arm_left success 0.386221 0.207315 -0.334716 0.736491 0.291505 0.145129 0.592911 -1.601910 0.802109 1.764023 -1.567233 1.039463 -0.819124 -0.217928
1776409972.299931 jaka_arm_left success 0.386244 0.207439 -0.334566 0.737179 0.290184 0.146095 0.592467 -1.602389 0.801025 1.764195 -1.568109 1.040782 -0.819834 -0.216287
1776409972.308081 jaka_arm_left success 0.386208 0.207496 -0.334442 0.737325 0.289481 0.146723 0.592473 -1.601015 0.802059 1.762513 -1.567900 1.040299 -0.819947 -0.212768
1776409972.316267 jaka_arm_left success 0.386170 0.207479 -0.334376 0.736804 0.289010 0.147027 0.593276 -1.599841 0.803244 1.760572 -1.567338 1.038499 -0.821269 -0.209474
1776409972.324682 jaka_arm_left success 0.386062 0.207359 -0.334322 0.735602 0.289264 0.146649 0.594735 -1.596122 0.806236 1.756316 -1.563529 1.032702 -0.826173 -0.202251
1776409972.333009 jaka_arm_left success 0.386018 0.207544 -0.334187 0.735575 0.288748 0.146092 0.595156 -1.596756 0.805846 1.756318 -1.562999 1.031804 -0.827541 -0.202646
1776409972.341344 jaka_arm_left success 0.386102 0.207883 -0.334124 0.735480 0.287965 0.146894 0.595456 -1.597686 0.806012 1.755526 -1.562667 1.031325 -0.828555 -0.200989
1776409972.349542 jaka_arm_left success 0.386082 0.207994 -0.334091 0.734492 0.288365 0.147033 0.596446 -1.596449 0.808599 1.753242 -1.559749 1.028633 -0.830158 -0.196956
1776409972.358116 jaka_arm_left success 0.385928 0.207962 -0.334080 0.732509 0.290047 0.146480 0.598203 -1.594001 0.811352 1.749865 -1.556920 1.023635 -0.832614 -0.193605
1776409972.366530 jaka_arm_left success 0.386020 0.208225 -0.334029 0.731737 0.289615 0.145342 0.599634 -1.595529 0.812496 1.747542 -1.549819 1.017869 -0.840717 -0.188996
1776409972.374804 jaka_arm_left success 0.386240 0.208492 -0.334005 0.730595 0.289357 0.145204 0.601182 -1.595539 0.815475 1.746362 -1.547810 1.015605 -0.842513 -0.185816
1776409972.382989 jaka_arm_left success 0.386393 0.208673 -0.334003 0.728813 0.289991 0.144488 0.603208 -1.594417 0.818191 1.740146 -1.537145 1.005905 -0.853611 -0.175938
1776409972.391476 jaka_arm_left success 0.386634 0.208973 -0.333943 0.727463 0.290716 0.144842 0.604402 -1.594624 0.820403 1.739392 -1.536549 1.004673 -0.852503 -0.176024
1776409972.399768 jaka_arm_left success 0.386753 0.209254 -0.333863 0.726151 0.291904 0.143672 0.605686 -1.594211 0.822184 1.739303 -1.535824 1.002794 -0.852597 -0.177126
1776409972.408104 jaka_arm_left success 0.386839 0.209381 -0.333843 0.723915 0.293499 0.142528 0.607858 -1.592863 0.825509 1.734470 -1.527141 0.994796 -0.860381 -0.170254
1776409972.416247 jaka_arm_left success 0.387050 0.209712 -0.333747 0.722417 0.294522 0.142828 0.609073 -1.592440 0.828723 1.733530 -1.525404 0.993270 -0.859456 -0.169223
1776409972.424693 jaka_arm_left success 0.387023 0.209769 -0.333714 0.720147 0.296778 0.142334 0.610780 -1.591865 0.831336 1.732462 -1.524228 0.990331 -0.858338 -0.171175
1776409972.433074 jaka_arm_left success 0.387218 0.210213 -0.333589 0.719486 0.297182 0.143520 0.611085 -1.589492 0.833126 1.729735 -1.523311 0.989350 -0.857608 -0.167144
1776409972.441412 jaka_arm_left success 0.387312 0.210526 -0.333498 0.718812 0.298141 0.144080 0.611279 -1.589396 0.833600 1.729130 -1.522738 0.988682 -0.856901 -0.167667
1776409972.449569 jaka_arm_left success 0.387270 0.210708 -0.333424 0.717730 0.299907 0.144719 0.611535 -1.589115 0.834289 1.728039 -1.521554 0.987684 -0.855457 -0.168593
1776409972.457996 jaka_arm_left success 0.387374 0.211127 -0.333333 0.717422 0.300664 0.146892 0.611007 -1.583242 0.836936 1.724763 -1.523231 0.988625 -0.850880 -0.163383
1776409972.466518 jaka_arm_left success 0.387397 0.211241 -0.333361 0.715984 0.302330 0.148117 0.611575 -1.578418 0.838667 1.720861 -1.524961 0.986789 -0.847338 -0.161872
1776409972.474602 jaka_arm_left success 0.387507 0.211681 -0.333340 0.716212 0.302533 0.149437 0.610887 -1.578674 0.838141 1.720287 -1.524778 0.987202 -0.846768 -0.161489
1776409972.482995 jaka_arm_left success 0.387624 0.212001 -0.333358 0.715627 0.303017 0.150330 0.611113 -1.573603 0.839473 1.717658 -1.527789 0.986989 -0.843650 -0.159096
1776409972.491419 jaka_arm_left success 0.387681 0.212239 -0.333467 0.714444 0.303259 0.149314 0.612625 -1.573414 0.840697 1.717804 -1.527877 0.985697 -0.843905 -0.160009
1776409972.508028 jaka_arm_left success 0.387792 0.212999 -0.333639 0.713264 0.302680 0.147664 0.614683 -1.573384 0.841282 1.711246 -1.517258 0.974681 -0.858811 -0.151068
1776409972.516299 jaka_arm_left success 0.387826 0.213359 -0.333682 0.712869 0.302304 0.146548 0.615592 -1.574741 0.841001 1.711679 -1.515897 0.973280 -0.861255 -0.151856
1776409972.524661 jaka_arm_left success 0.387945 0.213813 -0.333773 0.712295 0.301645 0.146504 0.616589 -1.577070 0.842825 1.709381 -1.507989 0.969192 -0.868377 -0.145917
1776409972.533814 jaka_arm_left success 0.387829 0.214080 -0.333843 0.711549 0.301424 0.145620 0.617768 -1.578194 0.844506 1.707323 -1.500977 0.964422 -0.876131 -0.140725
1776409972.541334 jaka_arm_left success 0.387711 0.214234 -0.333963 0.710321 0.301654 0.145040 0.619203 -1.577906 0.847070 1.707073 -1.500157 0.962836 -0.876936 -0.139652
1776409972.549586 jaka_arm_left success 0.387678 0.214654 -0.334054 0.710491 0.300283 0.144952 0.619695 -1.578753 0.846439 1.703773 -1.493233 0.958240 -0.886253 -0.132698
1776409972.558028 jaka_arm_left success 0.387487 0.214861 -0.334133 0.710022 0.299800 0.145347 0.620374 -1.578394 0.849565 1.703657 -1.492456 0.958429 -0.885925 -0.129544
1776409972.566350 jaka_arm_left success 0.387261 0.214985 -0.334224 0.709310 0.299203 0.146314 0.621249 -1.577243 0.851739 1.701844 -1.491639 0.957359 -0.886688 -0.125458
1776409972.574622 jaka_arm_left success 0.387005 0.215046 -0.334306 0.708543 0.298624 0.147524 0.622115 -1.575370 0.854407 1.699347 -1.490930 0.955971 -0.887394 -0.120345
1776409972.582895 jaka_arm_left success 0.386833 0.215076 -0.334455 0.707612 0.297171 0.148778 0.623571 -1.570902 0.858355 1.691918 -1.483781 0.948583 -0.897083 -0.106281
1776409972.591297 jaka_arm_left success 0.386491 0.215218 -0.334526 0.707494 0.296115 0.150358 0.623827 -1.571201 0.860206 1.691153 -1.483886 0.949633 -0.896257 -0.102537
1776409972.599632 jaka_arm_left success 0.386201 0.215289 -0.334614 0.707057 0.295120 0.152037 0.624387 -1.568742 0.863870 1.689161 -1.483423 0.949574 -0.895820 -0.096223
1776409972.607939 jaka_arm_left success 0.385829 0.215250 -0.334682 0.706317 0.294637 0.153466 0.625103 -1.566460 0.865882 1.686458 -1.483244 0.948308 -0.896383 -0.091374
1776409972.616249 jaka_arm_left success 0.385609 0.215491 -0.334723 0.706569 0.292901 0.155317 0.625177 -1.564786 0.867301 1.683903 -1.483509 0.947806 -0.897608 -0.085389
1776409972.624700 jaka_arm_left success 0.385166 0.215492 -0.334744 0.705858 0.292950 0.156475 0.625668 -1.561972 0.869417 1.681037 -1.483159 0.946540 -0.897686 -0.080681
1776409972.633889 jaka_arm_left success 0.385027 0.215803 -0.334748 0.706183 0.291052 0.158438 0.625692 -1.560023 0.870564 1.678341 -1.483323 0.946120 -0.898995 -0.074501
1776409972.641314 jaka_arm_left success 0.384674 0.215843 -0.334696 0.705580 0.291083 0.159379 0.626120 -1.557372 0.872251 1.675494 -1.482846 0.944562 -0.899614 -0.070190
1776409972.649560 jaka_arm_left success 0.384393 0.215902 -0.334731 0.704630 0.291095 0.160592 0.626874 -1.554399 0.875101 1.672472 -1.482501 0.942847 -0.899679 -0.065375
1776409972.658050 jaka_arm_left success 0.384136 0.216243 -0.334675 0.704947 0.290219 0.161152 0.626779 -1.554251 0.874524 1.671766 -1.482753 0.942586 -0.900714 -0.064146
1776409972.666353 jaka_arm_left success 0.383840 0.216411 -0.334612 0.704298 0.289919 0.160985 0.627691 -1.549962 0.874690 1.666988 -1.480495 0.937334 -0.906388 -0.058929
1776409972.674599 jaka_arm_left success 0.383626 0.216662 -0.334548 0.703746 0.289735 0.162322 0.628050 -1.549208 0.877018 1.665850 -1.479949 0.937603 -0.905669 -0.055270
1776409972.682930 jaka_arm_left success 0.383392 0.216858 -0.334487 0.702885 0.289576 0.163039 0.628902 -1.547724 0.878844 1.663508 -1.479360 0.935917 -0.906552 -0.051757
1776409972.691327 jaka_arm_left success 0.383114 0.217066 -0.334445 0.701904 0.289442 0.163402 0.629964 -1.543683 0.881393 1.659228 -1.477022 0.931636 -0.910368 -0.045598
1776409972.699673 jaka_arm_left success 0.382736 0.217378 -0.334386 0.700980 0.289572 0.163545 0.630894 -1.543991 0.882155 1.658938 -1.477240 0.930810 -0.910406 -0.045835
1776409972.707971 jaka_arm_left success 0.382619 0.217895 -0.334291 0.700936 0.288317 0.165422 0.631029 -1.542087 0.883407 1.655488 -1.476377 0.929633 -0.912053 -0.039532
1776409972.716292 jaka_arm_left success 0.382331 0.218150 -0.334221 0.699813 0.288803 0.166142 0.631864 -1.538192 0.886041 1.651176 -1.474177 0.925975 -0.914182 -0.034133
1776409972.724684 jaka_arm_left success 0.382071 0.218545 -0.334071 0.698901 0.288691 0.167698 0.632513 -1.536763 0.887476 1.648806 -1.473697 0.924799 -0.914898 -0.030360
1776409972.733001 jaka_arm_left success 0.381832 0.218834 -0.334051 0.697488 0.288546 0.167961 0.634067 -1.533417 0.890789 1.644438 -1.471562 0.919800 -0.918901 -0.024659
1776409972.741303 jaka_arm_left success 0.381578 0.219380 -0.333875 0.697248 0.288689 0.169556 0.633841 -1.533706 0.890138 1.643055 -1.470923 0.920206 -0.917684 -0.023851
1776409972.749581 jaka_arm_left success 0.381370 0.219798 -0.333796 0.696207 0.288221 0.169950 0.635092 -1.530315 0.892821 1.639228 -1.470003 0.917022 -0.920991 -0.017294
1776409972.758007 jaka_arm_left success 0.381121 0.220205 -0.333701 0.694996 0.289055 0.171470 0.635630 -1.528392 0.895223 1.636275 -1.468787 0.914841 -0.920417 -0.014832
1776409972.766847 jaka_arm_left success 0.380894 0.220745 -0.333522 0.694309 0.290015 0.173249 0.635461 -1.525314 0.896664 1.633161 -1.468828 0.914123 -0.919512 -0.010858
1776409972.774615 jaka_arm_left success 0.380701 0.221073 -0.333442 0.692982 0.290548 0.173366 0.636633 -1.521053 0.898234 1.629247 -1.468042 0.910095 -0.921411 -0.008148
1776409972.782917 jaka_arm_left success 0.380482 0.221626 -0.333317 0.691936 0.292199 0.176198 0.636237 -1.516904 0.901765 1.625735 -1.468624 0.910457 -0.917285 -0.003198
1776409972.791389 jaka_arm_left success 0.380280 0.222230 -0.333164 0.691937 0.293048 0.176907 0.635649 -1.516560 0.901296 1.624707 -1.467866 0.910394 -0.916177 -0.003368
1776409972.799762 jaka_arm_left success 0.380126 0.222814 -0.333125 0.690977 0.294109 0.178317 0.635809 -1.507793 0.901633 1.618580 -1.472567 0.907957 -0.914426 0.000451
1776409972.808044 jaka_arm_left success 0.379956 0.223423 -0.333050 0.690367 0.295331 0.179267 0.635638 -1.507589 0.902068 1.617585 -1.471530 0.907270 -0.913096 -0.000218
1776409972.816294 jaka_arm_left success 0.379958 0.224095 -0.332954 0.689916 0.295926 0.180645 0.635462 -1.502601 0.902917 1.613669 -1.475734 0.906552 -0.909706 0.001744
1776409972.824728 jaka_arm_left success 0.379742 0.224670 -0.332886 0.689061 0.297750 0.181062 0.635419 -1.501929 0.903241 1.612829 -1.474362 0.905896 -0.908285 0.000735
1776409972.833840 jaka_arm_left success 0.379665 0.225318 -0.332804 0.688117 0.299118 0.182606 0.635356 -1.496414 0.904190 1.608805 -1.478052 0.904647 -0.904223 0.001349
1776409972.841374 jaka_arm_left success 0.379523 0.225966 -0.332743 0.687385 0.300239 0.182400 0.635680 -1.496065 0.904628 1.608286 -1.477520 0.903759 -0.903637 0.000434
1776409972.849623 jaka_arm_left success 0.379557 0.226763 -0.332711 0.686948 0.300574 0.183913 0.635558 -1.495880 0.904213 1.606512 -1.477820 0.903341 -0.902664 0.000874
1776409972.858069 jaka_arm_left success 0.379358 0.227392 -0.332692 0.685353 0.302262 0.184758 0.636234 -1.489830 0.906288 1.602091 -1.479509 0.900447 -0.900838 0.002533
1776409972.867657 jaka_arm_left success 0.379214 0.228245 -0.332645 0.685342 0.303060 0.185536 0.635639 -1.489439 0.905687 1.601221 -1.478873 0.900647 -0.899860 0.002562
1776409972.874608 jaka_arm_left success 0.379153 0.228755 -0.332681 0.683478 0.304347 0.186940 0.636620 -1.483953 0.908951 1.596068 -1.481269 0.897841 -0.897748 0.006042
1776409972.882957 jaka_arm_left success 0.379040 0.229362 -0.332712 0.682388 0.305297 0.187038 0.637304 -1.482563 0.909185 1.594921 -1.481247 0.896051 -0.898098 0.005285
1776409972.891345 jaka_arm_left success 0.378903 0.230034 -0.332708 0.680935 0.307137 0.188629 0.637506 -1.477696 0.911964 1.590257 -1.482310 0.894018 -0.895522 0.008357
1776409972.899666 jaka_arm_left success 0.378784 0.230650 -0.332731 0.680330 0.307516 0.188939 0.637877 -1.474914 0.911166 1.587857 -1.482427 0.891898 -0.896390 0.008366
1776409972.908008 jaka_arm_left success 0.378585 0.231351 -0.332645 0.679550 0.308795 0.190124 0.637739 -1.475397 0.911369 1.586455 -1.482009 0.891476 -0.895126 0.008504
1776409972.916358 jaka_arm_left success 0.378352 0.231988 -0.332635 0.679103 0.309836 0.190427 0.637619 -1.470916 0.912546 1.583931 -1.482992 0.890158 -0.894181 0.009951
1776409972.924636 jaka_arm_left success 0.378230 0.232680 -0.332614 0.678579 0.310675 0.192174 0.637245 -1.467083 0.913602 1.580443 -1.484715 0.889833 -0.891896 0.012846
1776409972.933167 jaka_arm_left success 0.378152 0.233227 -0.332624 0.678171 0.310975 0.192406 0.637462 -1.467082 0.913947 1.579985 -1.484458 0.889351 -0.891468 0.012564
1776409972.941361 jaka_arm_left success 0.377941 0.233722 -0.332554 0.677626 0.312365 0.193469 0.637041 -1.463238 0.914111 1.576711 -1.485364 0.888079 -0.889524 0.013158
1776409972.949585 jaka_arm_left success 0.377795 0.234214 -0.332581 0.676448 0.313637 0.195097 0.637172 -1.458724 0.917033 1.573212 -1.487896 0.887398 -0.886505 0.016344
1776409972.958070 jaka_arm_left success 0.377534 0.234667 -0.332545 0.675875 0.315440 0.196319 0.636513 -1.450389 0.917169 1.568983 -1.494071 0.886719 -0.881603 0.016234
1776409972.966903 jaka_arm_left success 0.377492 0.235201 -0.332503 0.675896 0.315539 0.197709 0.636012 -1.450854 0.916713 1.568062 -1.493934 0.887022 -0.880804 0.016753
1776409972.974599 jaka_arm_left success 0.377312 0.235754 -0.332497 0.675751 0.316491 0.198533 0.635436 -1.446712 0.917111 1.565983 -1.497561 0.887487 -0.876539 0.016459
1776409972.982969 jaka_arm_left success 0.377211 0.236095 -0.332472 0.675300 0.317315 0.199223 0.635288 -1.446713 0.917104 1.565226 -1.497014 0.887362 -0.875627 0.016359
1776409972.991428 jaka_arm_left success 0.376995 0.236434 -0.332417 0.674704 0.319159 0.199921 0.634778 -1.438748 0.917928 1.562359 -1.505264 0.887956 -0.868257 0.014659
1776409972.999695 jaka_arm_left success 0.376922 0.236848 -0.332370 0.674354 0.319713 0.200793 0.634596 -1.438894 0.917891 1.561608 -1.504850 0.887836 -0.867449 0.014626
1776409973.008044 jaka_arm_left success 0.376853 0.237400 -0.332326 0.674506 0.319763 0.201173 0.634289 -1.438946 0.917583 1.561260 -1.504685 0.888029 -0.867095 0.014777
1776409973.016296 jaka_arm_left success 0.376585 0.237627 -0.332339 0.673127 0.321224 0.200819 0.635128 -1.438523 0.918638 1.561075 -1.504064 0.886902 -0.866640 0.013693
1776409973.024671 jaka_arm_left success 0.376535 0.238258 -0.332273 0.673749 0.320925 0.201756 0.634322 -1.438464 0.917813 1.559967 -1.503677 0.887268 -0.865676 0.014062
1776409973.033017 jaka_arm_left success 0.376481 0.238514 -0.332274 0.673103 0.320713 0.201718 0.635126 -1.437171 0.917409 1.558106 -1.505523 0.884983 -0.867396 0.014054
1776409973.041409 jaka_arm_left success 0.376243 0.238800 -0.332195 0.672363 0.321670 0.201359 0.635540 -1.436341 0.918000 1.557589 -1.504877 0.884055 -0.866906 0.013272
1776409973.049548 jaka_arm_left success 0.376192 0.239237 -0.332102 0.672505 0.321475 0.202623 0.635087 -1.435745 0.917465 1.556076 -1.505427 0.884283 -0.866425 0.014620
1776409973.058033 jaka_arm_left success 0.376035 0.239490 -0.332053 0.671837 0.321796 0.202955 0.635525 -1.433211 0.918832 1.553832 -1.506270 0.882646 -0.866330 0.015886
1776409973.066341 jaka_arm_left success 0.375791 0.239837 -0.331960 0.671731 0.322826 0.203840 0.634831 -1.428541 0.918971 1.551065 -1.507845 0.882615 -0.864513 0.017645
1776409973.074649 jaka_arm_left success 0.375626 0.240145 -0.331890 0.671831 0.322894 0.204458 0.634491 -1.428541 0.918971 1.551065 -1.507845 0.882615 -0.864513 0.017645
1776409973.082978 jaka_arm_left success 0.375559 0.240335 -0.331806 0.671335 0.322973 0.204928 0.634824 -1.429076 0.919058 1.550268 -1.507991 0.882401 -0.864023 0.017928
1776409973.091427 jaka_arm_left success 0.375449 0.240615 -0.331685 0.671144 0.323509 0.206219 0.634335 -1.422876 0.921469 1.546578 -1.511857 0.882120 -0.861198 0.021350
1776409973.099668 jaka_arm_left success 0.375350 0.240858 -0.331569 0.671215 0.323434 0.206695 0.634144 -1.422876 0.921469 1.546578 -1.511857 0.882120 -0.861198 0.021350
1776409973.107974 jaka_arm_left success 0.375100 0.241169 -0.331444 0.671343 0.324344 0.207706 0.633212 -1.416017 0.917909 1.542256 -1.519147 0.882034 -0.856544 0.019050
1776409973.116300 jaka_arm_left success 0.374949 0.241462 -0.331318 0.671456 0.324495 0.208402 0.632787 -1.416179 0.917641 1.541806 -1.519002 0.882292 -0.856063 0.019336
1776409973.124696 jaka_arm_left success 0.374805 0.241659 -0.331169 0.671289 0.324511 0.209108 0.632722 -1.416114 0.918082 1.541205 -1.519345 0.882639 -0.854913 0.019916
1776409973.133247 jaka_arm_left success 0.374675 0.242054 -0.331006 0.671915 0.323832 0.209995 0.632111 -1.415395 0.917832 1.540773 -1.520487 0.883736 -0.854028 0.021103
1776409973.141306 jaka_arm_left success 0.374439 0.242137 -0.330899 0.671348 0.323832 0.209774 0.632787 -1.415535 0.918397 1.540777 -1.520755 0.883160 -0.854195 0.020835
1776409973.149595 jaka_arm_left success 0.374123 0.242393 -0.330731 0.671370 0.324012 0.210381 0.632469 -1.414386 0.918350 1.539590 -1.521760 0.883105 -0.853691 0.021652
1776409973.158082 jaka_arm_left success 0.373911 0.242961 -0.330536 0.672771 0.322898 0.210960 0.631357 -1.414032 0.916487 1.539390 -1.522109 0.884609 -0.853790 0.022755
1776409973.166348 jaka_arm_left success 0.373768 0.243289 -0.330431 0.672891 0.321880 0.211385 0.631607 -1.412265 0.915135 1.537287 -1.523890 0.883640 -0.854990 0.023722
1776409973.174641 jaka_arm_left success 0.373541 0.243617 -0.330244 0.672992 0.321434 0.212240 0.631440 -1.412626 0.914999 1.536915 -1.524144 0.883718 -0.854881 0.024091
1776409973.182913 jaka_arm_left success 0.373183 0.243987 -0.330046 0.673079 0.321772 0.213041 0.630905 -1.408757 0.915355 1.533962 -1.526275 0.883330 -0.854088 0.026497
1776409973.191303 jaka_arm_left success 0.372817 0.244357 -0.329883 0.673318 0.321232 0.212927 0.630964 -1.407684 0.914221 1.533412 -1.527014 0.882987 -0.855097 0.026572
1776409973.199637 jaka_arm_left success 0.372460 0.244792 -0.329602 0.674026 0.320805 0.213703 0.630162 -1.407178 0.912907 1.532412 -1.527571 0.883546 -0.855004 0.027435
1776409973.207961 jaka_arm_left success 0.372151 0.245364 -0.329318 0.674985 0.319645 0.214699 0.629386 -1.404928 0.910929 1.530082 -1.529269 0.883379 -0.855419 0.028620
1776409973.216291 jaka_arm_left success 0.371640 0.245815 -0.329046 0.675453 0.319035 0.215197 0.629023 -1.401969 0.909332 1.527497 -1.531479 0.882727 -0.856083 0.029871
1776409973.224569 jaka_arm_left success 0.371282 0.246491 -0.328718 0.676702 0.317808 0.216605 0.627817 -1.401809 0.907258 1.526969 -1.531560 0.884670 -0.855747 0.031446
1776409973.232971 jaka_arm_left success 0.370801 0.247114 -0.328370 0.677854 0.316341 0.217711 0.626932 -1.399922 0.905465 1.524786 -1.533929 0.884918 -0.856360 0.033426
1776409973.241296 jaka_arm_left success 0.370276 0.247635 -0.328044 0.678347 0.315427 0.218620 0.626544 -1.395747 0.904124 1.520980 -1.537061 0.883974 -0.857097 0.035885
1776409973.249544 jaka_arm_left success 0.369799 0.248486 -0.327653 0.680111 0.313347 0.220256 0.625099 -1.395536 0.901573 1.519946 -1.538206 0.885905 -0.857345 0.038162
1776409973.257913 jaka_arm_left success 0.369277 0.249221 -0.327273 0.681451 0.311804 0.221405 0.624005 -1.393261 0.898941 1.517669 -1.540148 0.886322 -0.858264 0.040039
1776409973.266309 jaka_arm_left success 0.368546 0.250008 -0.326868 0.682678 0.311008 0.222789 0.622567 -1.385898 0.895759 1.511963 -1.545090 0.885699 -0.858094 0.042605
1776409973.274615 jaka_arm_left success 0.367930 0.250834 -0.326429 0.683608 0.310097 0.224970 0.621215 -1.383387 0.895093 1.509632 -1.547423 0.887301 -0.856060 0.045194
1776409973.282948 jaka_arm_left success 0.367252 0.251804 -0.326001 0.685179 0.308839 0.226636 0.619503 -1.380019 0.891865 1.506672 -1.550615 0.888444 -0.855237 0.046712
1776409973.291298 jaka_arm_left success 0.366605 0.252661 -0.325537 0.685859 0.307694 0.228189 0.618750 -1.375095 0.890346 1.502487 -1.554813 0.888359 -0.854567 0.049242
1776409973.299726 jaka_arm_left success 0.365832 0.253869 -0.325049 0.687538 0.307034 0.230763 0.616255 -1.367393 0.887590 1.497115 -1.561515 0.889920 -0.850651 0.051304
1776409973.307947 jaka_arm_left success 0.365091 0.254768 -0.324612 0.687926 0.306515 0.232196 0.615542 -1.366728 0.886174 1.495307 -1.562752 0.890543 -0.849822 0.052316
1776409973.316261 jaka_arm_left success 0.364419 0.255887 -0.324159 0.689100 0.304916 0.233453 0.614546 -1.362702 0.882793 1.491378 -1.566120 0.890054 -0.850782 0.053825
1776409973.324587 jaka_arm_left success 0.363608 0.257074 -0.323670 0.689927 0.304567 0.235453 0.613026 -1.356588 0.881694 1.486399 -1.570148 0.890250 -0.848963 0.056666
1776409973.333002 jaka_arm_left success 0.362894 0.258267 -0.323214 0.690951 0.303263 0.236548 0.612097 -1.353494 0.877931 1.482743 -1.572649 0.889805 -0.849917 0.057601
1776409973.341347 jaka_arm_left success 0.362092 0.259614 -0.322714 0.692011 0.302658 0.238499 0.610441 -1.348107 0.876020 1.477921 -1.575891 0.890041 -0.848740 0.060191
1776409973.349546 jaka_arm_left success 0.361308 0.260946 -0.322310 0.692726 0.301617 0.239758 0.609650 -1.343109 0.872828 1.472523 -1.578990 0.888679 -0.850089 0.062301
1776409973.357963 jaka_arm_left success 0.360493 0.262472 -0.321757 0.694316 0.300392 0.241004 0.607953 -1.339113 0.868688 1.467991 -1.581062 0.888485 -0.850646 0.063702
1776409973.366286 jaka_arm_left success 0.359653 0.263924 -0.321281 0.695177 0.299596 0.242327 0.606836 -1.332487 0.865867 1.461951 -1.584406 0.887030 -0.851820 0.066236
1776409973.374625 jaka_arm_left success 0.358739 0.265232 -0.320876 0.695148 0.299443 0.243092 0.606637 -1.328057 0.864638 1.457174 -1.586043 0.884915 -0.853271 0.068164
1776409973.382930 jaka_arm_left success 0.357925 0.266677 -0.320415 0.695440 0.298982 0.244640 0.605908 -1.324808 0.863783 1.453350 -1.586862 0.884227 -0.853668 0.070592
1776409973.391392 jaka_arm_left success 0.357004 0.268198 -0.319954 0.695710 0.298584 0.246047 0.605224 -1.319854 0.862116 1.447514 -1.588373 0.882143 -0.855520 0.073573
1776409973.399670 jaka_arm_left success 0.356178 0.269710 -0.319504 0.696241 0.297169 0.246655 0.605062 -1.315612 0.858663 1.440928 -1.588499 0.878601 -0.860301 0.076479
1776409973.407960 jaka_arm_left success 0.355211 0.271449 -0.318980 0.697582 0.296271 0.247933 0.603434 -1.311896 0.856377 1.437225 -1.588592 0.878409 -0.861727 0.079086
1776409973.416234 jaka_arm_left success 0.354241 0.273027 -0.318562 0.698039 0.295793 0.249226 0.602606 -1.305532 0.854203 1.430014 -1.589876 0.875621 -0.864879 0.082918
1776409973.424722 jaka_arm_left success 0.353326 0.274617 -0.318191 0.698170 0.295258 0.250934 0.602008 -1.299601 0.854951 1.423532 -1.590690 0.873434 -0.866929 0.088230
1776409973.433137 jaka_arm_left success 0.352320 0.276297 -0.317828 0.698467 0.294918 0.252245 0.601281 -1.294081 0.851792 1.416044 -1.590692 0.870084 -0.870367 0.090930
1776409973.441335 jaka_arm_left success 0.351310 0.277927 -0.317459 0.698846 0.294398 0.253555 0.600544 -1.288663 0.852355 1.410536 -1.591094 0.868520 -0.872436 0.095902
1776409973.449568 jaka_arm_left success 0.350387 0.279661 -0.317090 0.699545 0.293700 0.254652 0.599608 -1.285274 0.848359 1.405198 -1.590731 0.866420 -0.875591 0.097435
1776409973.458052 jaka_arm_left success 0.349448 0.281359 -0.316770 0.700040 0.293067 0.255090 0.599154 -1.282050 0.846131 1.400475 -1.590354 0.864501 -0.878802 0.100092
1776409973.466353 jaka_arm_left success 0.348446 0.283144 -0.316485 0.700593 0.292940 0.255744 0.598289 -1.275956 0.843085 1.393255 -1.589380 0.860931 -0.883221 0.102799
1776409973.474625 jaka_arm_left success 0.347489 0.284919 -0.316262 0.701291 0.292563 0.256101 0.597504 -1.271591 0.840604 1.387969 -1.588118 0.858526 -0.886940 0.105272
1776409973.482976 jaka_arm_left success 0.346563 0.286660 -0.316099 0.702110 0.292001 0.255880 0.596911 -1.268306 0.836398 1.383558 -1.586037 0.855691 -0.891811 0.106016
1776409973.491313 jaka_arm_left success 0.345748 0.288414 -0.315937 0.702748 0.291660 0.256131 0.596219 -1.266038 0.835107 1.380285 -1.584926 0.854316 -0.894507 0.108310
1776409973.499622 jaka_arm_left success 0.344820 0.290061 -0.315848 0.703022 0.292127 0.256321 0.595584 -1.261463 0.832613 1.375462 -1.582712 0.851395 -0.898092 0.109264
1776409973.507999 jaka_arm_left success 0.343923 0.291850 -0.315752 0.703816 0.292451 0.256346 0.594477 -1.256926 0.828803 1.369964 -1.581191 0.849056 -0.901693 0.110651
1776409973.516243 jaka_arm_left success 0.343032 0.293590 -0.315691 0.704902 0.292417 0.256439 0.593164 -1.252413 0.825400 1.365361 -1.579893 0.847497 -0.904639 0.111951
1776409973.524712 jaka_arm_left success 0.342182 0.295236 -0.315672 0.705798 0.292425 0.255845 0.592351 -1.250012 0.822062 1.362925 -1.579001 0.846197 -0.907499 0.111830
1776409973.533049 jaka_arm_left success 0.341106 0.296771 -0.315718 0.705917 0.294201 0.256244 0.591157 -1.245114 0.821168 1.358618 -1.577278 0.844841 -0.906974 0.111906
1776409973.541289 jaka_arm_left success 0.340116 0.298399 -0.315780 0.706873 0.295024 0.255893 0.589754 -1.239913 0.816451 1.353677 -1.577200 0.842981 -0.909124 0.111045
1776409973.549669 jaka_arm_left success 0.339213 0.299956 -0.315922 0.707478 0.295196 0.256135 0.588837 -1.233205 0.814952 1.347538 -1.577591 0.840942 -0.911024 0.113124
1776409973.557992 jaka_arm_left success 0.338284 0.301579 -0.316097 0.708059 0.295905 0.256015 0.587834 -1.229672 0.812543 1.345201 -1.576781 0.840280 -0.912420 0.112900
1776409973.566359 jaka_arm_left success 0.337386 0.303290 -0.316325 0.709483 0.295908 0.255648 0.586274 -1.226711 0.808361 1.342003 -1.576156 0.839681 -0.914278 0.112722
1776409973.574610 jaka_arm_left success 0.336368 0.304800 -0.316657 0.709637 0.297259 0.255778 0.585346 -1.220215 0.807260 1.336485 -1.575142 0.837229 -0.915598 0.113275
1776409973.583045 jaka_arm_left success 0.335479 0.306273 -0.317105 0.710087 0.297533 0.255103 0.584955 -1.215647 0.804412 1.332072 -1.573926 0.834621 -0.919795 0.114092
1776409973.591408 jaka_arm_left success 0.334485 0.307733 -0.317630 0.710622 0.298369 0.255006 0.583921 -1.211761 0.804094 1.329238 -1.572386 0.833870 -0.921018 0.115582
1776409973.599779 jaka_arm_left success 0.333511 0.309092 -0.318246 0.710584 0.299454 0.255202 0.583326 -1.206361 0.804209 1.324751 -1.570466 0.832030 -0.923124 0.117835
1776409973.608052 jaka_arm_left success 0.332612 0.310432 -0.318832 0.711578 0.299419 0.255412 0.582039 -1.203679 0.802185 1.322273 -1.569318 0.832434 -0.924548 0.119727
1776409973.616377 jaka_arm_left success 0.331693 0.311633 -0.319664 0.711759 0.299466 0.255396 0.581801 -1.200159 0.802910 1.318993 -1.567351 0.830557 -0.927976 0.122876
1776409973.624734 jaka_arm_left success 0.330678 0.312679 -0.320569 0.711545 0.300116 0.255998 0.581463 -1.194317 0.806498 1.314402 -1.563976 0.828909 -0.931780 0.129612
1776409973.633091 jaka_arm_left success 0.329676 0.313745 -0.321509 0.711905 0.300094 0.256596 0.580770 -1.192599 0.805688 1.311308 -1.561732 0.828120 -0.934051 0.132376
1776409973.641376 jaka_arm_left success 0.328641 0.314739 -0.322506 0.712196 0.300473 0.257061 0.580011 -1.189019 0.807680 1.309124 -1.559343 0.827747 -0.936057 0.136322
1776409973.649678 jaka_arm_left success 0.327717 0.315811 -0.323504 0.713117 0.300328 0.258075 0.578502 -1.185881 0.807885 1.305771 -1.557367 0.828483 -0.937576 0.141285
1776409973.657988 jaka_arm_left success 0.326661 0.316896 -0.324585 0.714268 0.300824 0.259326 0.576261 -1.181151 0.808654 1.302651 -1.555632 0.829983 -0.937500 0.145682
1776409973.666368 jaka_arm_left success 0.325688 0.317685 -0.325825 0.714439 0.301613 0.259977 0.575342 -1.176323 0.811428 1.299746 -1.554396 0.829751 -0.938436 0.149830
1776409973.674604 jaka_arm_left success 0.324726 0.318468 -0.327125 0.714931 0.301971 0.260468 0.574320 -1.173446 0.811935 1.297412 -1.553046 0.830232 -0.939113 0.152972
1776409973.682944 jaka_arm_left success 0.323841 0.319394 -0.328429 0.716088 0.301740 0.261297 0.572622 -1.170331 0.812486 1.295299 -1.551659 0.831810 -0.939533 0.157226
1776409973.691315 jaka_arm_left success 0.322856 0.319987 -0.329846 0.715976 0.303322 0.261775 0.571706 -1.165959 0.816221 1.293237 -1.550181 0.831689 -0.939725 0.160936
1776409973.699656 jaka_arm_left success 0.321942 0.320874 -0.331249 0.716974 0.303618 0.262844 0.569804 -1.162717 0.816514 1.291036 -1.548698 0.833666 -0.938910 0.164508
1776409973.708024 jaka_arm_left success 0.320957 0.321355 -0.332818 0.716297 0.304948 0.263511 0.569638 -1.158544 0.822297 1.289058 -1.547626 0.833265 -0.939344 0.169660
1776409973.716288 jaka_arm_left success 0.320152 0.322137 -0.334305 0.717206 0.304908 0.263946 0.568313 -1.156449 0.821701 1.287589 -1.545985 0.834500 -0.939862 0.172253
1776409973.724621 jaka_arm_left success 0.319294 0.322653 -0.335926 0.716621 0.306534 0.264444 0.567944 -1.152788 0.827107 1.285957 -1.543690 0.834170 -0.940400 0.177112
1776409973.733001 jaka_arm_left success 0.318540 0.323425 -0.337576 0.717073 0.306978 0.265394 0.566689 -1.150559 0.828651 1.284106 -1.541520 0.835322 -0.940651 0.181438
1776409973.741246 jaka_arm_left success 0.317784 0.323824 -0.339388 0.715796 0.308194 0.265810 0.567449 -1.147986 0.835767 1.281590 -1.535215 0.832526 -0.945875 0.189510
1776409973.749594 jaka_arm_left success 0.317012 0.324403 -0.341246 0.715124 0.309590 0.266519 0.567203 -1.146527 0.840217 1.281084 -1.531594 0.832695 -0.946492 0.193986
1776409973.757996 jaka_arm_left success 0.316520 0.324922 -0.343176 0.713592 0.310140 0.267039 0.568586 -1.148664 0.846990 1.278938 -1.517518 0.828334 -0.958284 0.206501
1776409973.766321 jaka_arm_left success 0.315942 0.325479 -0.345064 0.713297 0.310118 0.265740 0.569576 -1.154870 0.846937 1.281186 -1.502997 0.825694 -0.968607 0.211443
1776409973.774648 jaka_arm_left success 0.315370 0.325875 -0.347092 0.711770 0.311054 0.264011 0.571776 -1.157038 0.853050 1.283455 -1.492372 0.822343 -0.977892 0.218007
1776409973.782959 jaka_arm_left success 0.314896 0.326455 -0.349091 0.711165 0.311542 0.262764 0.572836 -1.163227 0.853564 1.284630 -1.475663 0.818759 -0.989882 0.224478
1776409973.791271 jaka_arm_left success 0.314443 0.326677 -0.351218 0.709675 0.312349 0.259981 0.575509 -1.167461 0.857446 1.288954 -1.466081 0.816313 -0.998428 0.228215
1776409973.799620 jaka_arm_left success 0.314044 0.326913 -0.353276 0.708836 0.313006 0.257350 0.577364 -1.175136 0.857188 1.292709 -1.448599 0.811802 -1.012289 0.231708
1776409973.808019 jaka_arm_left success 0.313546 0.327132 -0.355350 0.708420 0.314206 0.255135 0.578206 -1.177917 0.862271 1.296778 -1.439692 0.812225 -1.016632 0.236756
1776409973.816264 jaka_arm_left success 0.313113 0.327206 -0.357403 0.708145 0.315480 0.253584 0.578531 -1.180064 0.860447 1.298322 -1.432486 0.810422 -1.021020 0.235219
1776409973.824585 jaka_arm_left success 0.312737 0.327253 -0.359501 0.708179 0.316328 0.252167 0.578646 -1.183197 0.864714 1.302620 -1.423513 0.811679 -1.025096 0.240411
1776409973.832944 jaka_arm_left success 0.312318 0.326955 -0.361655 0.707242 0.318315 0.251352 0.579057 -1.182961 0.867619 1.303613 -1.420938 0.811318 -1.025015 0.240968
1776409973.841357 jaka_arm_left success 0.311970 0.326664 -0.363737 0.707168 0.319370 0.250606 0.578890 -1.183238 0.871243 1.305985 -1.417503 0.812806 -1.024953 0.243610
1776409973.849553 jaka_arm_left success 0.311479 0.326122 -0.365853 0.706546 0.321644 0.249934 0.578680 -1.183330 0.875123 1.308060 -1.414065 0.813651 -1.024060 0.244976
1776409973.858002 jaka_arm_left success 0.311110 0.325893 -0.367777 0.707839 0.322294 0.249684 0.576843 -1.181888 0.874044 1.308664 -1.412403 0.815936 -1.022950 0.245568
1776409973.866319 jaka_arm_left success 0.310726 0.325330 -0.369781 0.708805 0.323345 0.249889 0.574977 -1.181710 0.878596 1.311677 -1.410756 0.820365 -1.018885 0.249167
1776409973.874622 jaka_arm_left success 0.310344 0.324644 -0.371786 0.709721 0.324463 0.249697 0.573299 -1.181937 0.880917 1.314608 -1.409843 0.824330 -1.015340 0.250800
1776409973.882965 jaka_arm_left success 0.310064 0.324041 -0.373759 0.711675 0.324070 0.250648 0.570677 -1.181819 0.882612 1.316658 -1.409949 0.830040 -1.010908 0.254897
1776409973.891257 jaka_arm_left success 0.309541 0.323219 -0.375800 0.713185 0.324904 0.251111 0.568109 -1.181812 0.887164 1.321754 -1.414098 0.837417 -1.001336 0.255621
1776409973.899635 jaka_arm_left success 0.309328 0.322320 -0.377790 0.714923 0.324091 0.251915 0.566029 -1.180819 0.885609 1.321830 -1.413729 0.840521 -0.999859 0.257607
1776409973.908019 jaka_arm_left success 0.309043 0.321402 -0.379714 0.717393 0.323681 0.252010 0.563089 -1.179803 0.888013 1.324884 -1.415052 0.846893 -0.995023 0.261507
1776409973.916251 jaka_arm_left success 0.308736 0.320327 -0.381661 0.719757 0.323352 0.252283 0.560131 -1.180059 0.889183 1.331183 -1.422822 0.856393 -0.982123 0.258019
1776409973.924589 jaka_arm_left success 0.308426 0.319191 -0.383639 0.721865 0.323161 0.252858 0.557261 -1.176546 0.891500 1.333281 -1.429029 0.862994 -0.973696 0.259204
1776409973.932947 jaka_arm_left success 0.308021 0.318026 -0.385599 0.723764 0.323261 0.253056 0.554645 -1.174982 0.892439 1.335330 -1.429871 0.867857 -0.970080 0.261571
1776409973.941287 jaka_arm_left success 0.307717 0.317079 -0.387468 0.726411 0.322636 0.254144 0.551039 -1.173619 0.894227 1.340147 -1.438545 0.877606 -0.956753 0.259781
1776409973.949566 jaka_arm_left success 0.307472 0.315858 -0.389379 0.728353 0.322423 0.253547 0.548871 -1.172088 0.894024 1.342312 -1.439158 0.881843 -0.954390 0.261187
1776409973.957927 jaka_arm_left success 0.307235 0.314576 -0.391289 0.729765 0.322581 0.252374 0.547442 -1.173460 0.895758 1.349040 -1.443027 0.889073 -0.946320 0.258584
1776409973.966341 jaka_arm_left success 0.306993 0.313451 -0.393121 0.731979 0.322281 0.251159 0.545217 -1.173248 0.895211 1.353240 -1.444632 0.894317 -0.942556 0.257702
1776409973.974608 jaka_arm_left success 0.306793 0.312219 -0.395028 0.733246 0.322469 0.251118 0.543418 -1.173326 0.897014 1.357472 -1.447454 0.899944 -0.936124 0.256850
1776409973.982960 jaka_arm_left success 0.306650 0.311125 -0.396930 0.735213 0.321438 0.249971 0.541898 -1.173638 0.897001 1.361601 -1.448089 0.904892 -0.933501 0.257289
1776409973.991284 jaka_arm_left success 0.306546 0.310065 -0.398797 0.736862 0.321134 0.249114 0.540230 -1.175758 0.898487 1.367697 -1.449044 0.911187 -0.928587 0.256874
1776409973.999614 jaka_arm_left success 0.306492 0.308945 -0.400607 0.738833 0.320598 0.248082 0.538329 -1.179570 0.897866 1.374807 -1.450395 0.918364 -0.922542 0.253887
1776409974.016336 jaka_arm_left success 0.306302 0.307697 -0.402400 0.739915 0.321903 0.248163 0.536022 -1.177696 0.900139 1.377518 -1.453476 0.923331 -0.915098 0.252622
1776409974.024580 jaka_arm_left success 0.306200 0.305392 -0.406075 0.743455 0.322104 0.247832 0.531133 -1.179613 0.900574 1.388856 -1.461026 0.938260 -0.897820 0.245713
1776409974.032969 jaka_arm_left success 0.306219 0.304360 -0.407753 0.746127 0.322138 0.248394 0.527088 -1.175522 0.901241 1.393776 -1.472809 0.948926 -0.882374 0.240584
1776409974.041300 jaka_arm_left success 0.306127 0.303241 -0.409387 0.749200 0.322722 0.248087 0.522497 -1.173595 0.897675 1.401291 -1.484343 0.961719 -0.865445 0.230494
1776409974.049552 jaka_arm_left success 0.306196 0.302046 -0.411035 0.752456 0.322892 0.247357 0.518040 -1.172007 0.893939 1.409032 -1.494967 0.973709 -0.850182 0.220265
1776409974.058006 jaka_arm_left success 0.306261 0.300783 -0.412691 0.755411 0.323707 0.246675 0.513536 -1.169962 0.890177 1.416277 -1.504845 0.984898 -0.835145 0.209259
1776409974.066294 jaka_arm_left success 0.306464 0.299652 -0.414288 0.758970 0.323500 0.246434 0.508510 -1.169776 0.887118 1.426152 -1.516606 1.000016 -0.816460 0.198224
1776409974.074616 jaka_arm_left success 0.306529 0.298403 -0.416009 0.761684 0.324254 0.245480 0.504417 -1.167124 0.885671 1.430376 -1.527061 1.015551 -0.804949 0.184181
1776409974.082944 jaka_arm_left success 0.306626 0.297205 -0.417775 0.763845 0.325360 0.245435 0.500443 -1.167371 0.883948 1.439663 -1.536374 1.028651 -0.787863 0.172871
1776409974.091240 jaka_arm_left success 0.306668 0.296151 -0.419495 0.765981 0.326813 0.244742 0.496556 -1.165638 0.882329 1.447943 -1.545012 1.040778 -0.772171 0.162403
1776409974.099604 jaka_arm_left success 0.306753 0.295218 -0.421193 0.768012 0.327946 0.244190 0.492930 -1.165408 0.879452 1.456465 -1.552592 1.052149 -0.758151 0.151130
1776409974.107961 jaka_arm_left success 0.306831 0.294333 -0.422923 0.769508 0.329214 0.244317 0.489679 -1.163713 0.878375 1.461714 -1.558243 1.060426 -0.747014 0.143681
1776409974.116272 jaka_arm_left success 0.306879 0.293515 -0.424528 0.770715 0.331121 0.243443 0.486923 -1.164689 0.877531 1.470257 -1.563636 1.070444 -0.734482 0.133691
1776409974.124612 jaka_arm_left success 0.306920 0.292768 -0.426159 0.771710 0.332948 0.242706 0.484461 -1.164028 0.877785 1.477132 -1.567485 1.078859 -0.723800 0.126145
1776409974.132923 jaka_arm_left success 0.306905 0.292071 -0.427780 0.772120 0.335519 0.242413 0.482176 -1.163074 0.876659 1.483500 -1.572908 1.086996 -0.711903 0.115808
1776409974.141351 jaka_arm_left success 0.306967 0.291626 -0.429269 0.773125 0.337051 0.241392 0.480004 -1.164943 0.874485 1.490971 -1.575147 1.094861 -0.702738 0.106102
1776409974.149628 jaka_arm_left success 0.307052 0.291173 -0.430817 0.773271 0.339305 0.241027 0.478363 -1.163232 0.874983 1.494673 -1.577961 1.099911 -0.694971 0.100494
1776409974.157960 jaka_arm_left success 0.307108 0.290740 -0.432327 0.772999 0.341735 0.240261 0.477456 -1.163789 0.877310 1.498809 -1.577455 1.103490 -0.689226 0.096312
1776409974.166325 jaka_arm_left success 0.307276 0.290665 -0.433688 0.773675 0.343010 0.240225 0.475461 -1.165911 0.876748 1.504785 -1.578601 1.110291 -0.681319 0.089781
1776409974.174591 jaka_arm_left success 0.307374 0.290453 -0.435126 0.773719 0.345024 0.239119 0.474488 -1.165710 0.875552 1.506359 -1.577380 1.111398 -0.679385 0.085905
1776409974.182963 jaka_arm_left success 0.307465 0.290268 -0.436500 0.773466 0.347700 0.237341 0.473840 -1.168239 0.874978 1.511555 -1.575497 1.114485 -0.675311 0.078698
1776409974.191256 jaka_arm_left success 0.307616 0.289955 -0.437982 0.772269 0.350602 0.235794 0.474426 -1.167560 0.877214 1.513055 -1.573585 1.113453 -0.674118 0.075468
1776409974.199674 jaka_arm_left success 0.307819 0.289765 -0.439396 0.771064 0.353605 0.234979 0.474562 -1.170198 0.881004 1.517419 -1.570832 1.115640 -0.669905 0.071986
1776409974.207929 jaka_arm_left success 0.307906 0.289888 -0.440630 0.771115 0.356123 0.232650 0.473743 -1.172643 0.876825 1.520505 -1.567497 1.115798 -0.669959 0.064054
1776409974.216319 jaka_arm_left success 0.308153 0.289921 -0.442008 0.770406 0.358366 0.231303 0.473864 -1.175520 0.879659 1.525384 -1.564828 1.118233 -0.666612 0.060399
1776409974.224606 jaka_arm_left success 0.308253 0.289703 -0.443453 0.768741 0.362105 0.229978 0.474371 -1.174699 0.881910 1.525940 -1.562356 1.116486 -0.665261 0.056967
1776409974.232967 jaka_arm_left success 0.308493 0.289707 -0.444826 0.767611 0.364805 0.229221 0.474498 -1.178545 0.884932 1.530386 -1.558577 1.118479 -0.661899 0.053330
1776409974.241238 jaka_arm_left success 0.308775 0.289856 -0.446073 0.767194 0.367127 0.228826 0.473571 -1.178195 0.885574 1.530883 -1.556285 1.118686 -0.660040 0.051266
1776409974.249538 jaka_arm_left success 0.309201 0.289663 -0.446616 0.767988 0.369692 0.228057 0.470651 -1.185452 0.881653 1.543654 -1.558351 1.130489 -0.646540 0.033975
1776409974.257976 jaka_arm_left success 0.309731 0.289234 -0.446705 0.767120 0.373095 0.229865 0.468497 -1.174451 0.879737 1.547110 -1.577710 1.141514 -0.623578 0.017382
1776409974.267857 jaka_arm_left success 0.309946 0.288705 -0.446573 0.766322 0.377022 0.231511 0.465841 -1.174055 0.879413 1.556485 -1.587116 1.153892 -0.603276 0.000336
1776409974.274626 jaka_arm_left success 0.309864 0.288420 -0.446517 0.765649 0.380371 0.234898 0.462517 -1.161384 0.877655 1.556884 -1.605003 1.163976 -0.580972 -0.012829
1776409974.282928 jaka_arm_left success 0.309790 0.288225 -0.446546 0.765106 0.382446 0.238342 0.459936 -1.159666 0.879446 1.563283 -1.613536 1.175868 -0.562395 -0.022508
1776409974.291328 jaka_arm_left success 0.309704 0.288009 -0.446492 0.763890 0.385135 0.242491 0.457538 -1.149535 0.882368 1.562018 -1.625484 1.183737 -0.544214 -0.027489
1776409974.300295 jaka_arm_left success 0.309645 0.287675 -0.446539 0.761904 0.387876 0.244007 0.457728 -1.149368 0.886727 1.561421 -1.624973 1.183995 -0.539479 -0.028064
1776409974.308006 jaka_arm_left success 0.309630 0.287723 -0.446500 0.761433 0.388871 0.244956 0.457160 -1.146776 0.887757 1.564239 -1.630067 1.188612 -0.531776 -0.032502
1776409974.316292 jaka_arm_left success 0.309649 0.287922 -0.446420 0.761370 0.389487 0.245977 0.456193 -1.146898 0.887625 1.562986 -1.629200 1.188826 -0.530242 -0.032568
1776409974.324702 jaka_arm_left success 0.309728 0.288126 -0.446370 0.761262 0.389631 0.245401 0.456559 -1.146898 0.887625 1.562986 -1.629200 1.188826 -0.530242 -0.032568
1776409974.333517 jaka_arm_left success 0.309858 0.288299 -0.446473 0.760527 0.389753 0.243322 0.458787 -1.147956 0.886643 1.563850 -1.629581 1.185811 -0.533743 -0.035463
1776409974.341295 jaka_arm_left success 0.309861 0.288495 -0.446582 0.760134 0.390078 0.241569 0.460087 -1.149432 0.884248 1.563916 -1.628280 1.182648 -0.537723 -0.038322
1776409974.349665 jaka_arm_left success 0.309931 0.288849 -0.446623 0.760468 0.389379 0.240125 0.460882 -1.154379 0.882384 1.563335 -1.622447 1.178656 -0.545365 -0.036606
1776409974.358082 jaka_arm_left success 0.310046 0.289153 -0.446608 0.760379 0.389179 0.240212 0.461153 -1.154379 0.882384 1.563335 -1.622447 1.178656 -0.545365 -0.036606
1776409974.367343 jaka_arm_left success 0.310127 0.289272 -0.446638 0.760117 0.389409 0.239717 0.461647 -1.155546 0.883180 1.559791 -1.617575 1.173017 -0.552824 -0.031599
1776409974.374602 jaka_arm_left success 0.310167 0.289336 -0.446661 0.759904 0.389852 0.239762 0.461601 -1.155381 0.883407 1.559558 -1.617156 1.172845 -0.552440 -0.031863
1776409974.382956 jaka_arm_left success 0.310158 0.289351 -0.446675 0.759488 0.390733 0.239467 0.461694 -1.155099 0.883847 1.559530 -1.616760 1.172448 -0.552233 -0.032362
1776409974.391327 jaka_arm_left success 0.310197 0.289386 -0.446651 0.759540 0.391242 0.239451 0.461186 -1.154673 0.883944 1.559312 -1.616019 1.172402 -0.551734 -0.032693
1776409974.399623 jaka_arm_left success 0.310272 0.289329 -0.446712 0.759233 0.391655 0.238967 0.461592 -1.154512 0.884258 1.559443 -1.615910 1.172114 -0.551778 -0.033016
1776409974.408091 jaka_arm_left success 0.310412 0.289335 -0.446744 0.759751 0.391199 0.239273 0.460966 -1.154544 0.883852 1.559372 -1.615873 1.172540 -0.551700 -0.032664
1776409974.416296 jaka_arm_left success 0.310433 0.289293 -0.446759 0.760252 0.391294 0.239712 0.459831 -1.154078 0.883079 1.559142 -1.615034 1.173476 -0.551055 -0.032279
1776409974.424554 jaka_arm_left success 0.310438 0.289124 -0.446840 0.760347 0.391682 0.240491 0.458936 -1.154267 0.882274 1.565175 -1.620437 1.180931 -0.541510 -0.039964
1776409974.432957 jaka_arm_left success 0.310434 0.288970 -0.446889 0.760823 0.391564 0.240774 0.458097 -1.154318 0.881767 1.564850 -1.620240 1.181460 -0.541139 -0.039566
1776409974.441335 jaka_arm_left success 0.310402 0.288791 -0.446883 0.761216 0.391746 0.241442 0.456936 -1.152010 0.881994 1.568423 -1.625345 1.187376 -0.533105 -0.043891
1776409974.449553 jaka_arm_left success 0.310368 0.288379 -0.446975 0.760767 0.392331 0.242154 0.456805 -1.152230 0.882036 1.567733 -1.625044 1.187371 -0.532323 -0.043947
1776409974.457922 jaka_arm_left success 0.310404 0.288220 -0.446937 0.761523 0.391614 0.242001 0.456241 -1.151601 0.881136 1.572866 -1.629842 1.193806 -0.525538 -0.048961
1776409974.466331 jaka_arm_left success 0.310391 0.288028 -0.446958 0.762037 0.391128 0.242460 0.455556 -1.151718 0.880700 1.572731 -1.629883 1.194217 -0.525451 -0.048595
1776409974.474593 jaka_arm_left success 0.310395 0.287954 -0.446935 0.763383 0.389886 0.242988 0.454085 -1.151463 0.876654 1.576586 -1.633885 1.200635 -0.519594 -0.053930
1776409974.483017 jaka_arm_left success 0.310295 0.287744 -0.447025 0.764017 0.389520 0.243620 0.452992 -1.151567 0.876071 1.576426 -1.633895 1.201243 -0.519448 -0.053404
1776409974.491318 jaka_arm_left success 0.310228 0.287428 -0.447189 0.764225 0.389279 0.244430 0.452411 -1.149422 0.876300 1.580341 -1.639670 1.207796 -0.510865 -0.058001
1776409974.499639 jaka_arm_left success 0.310166 0.287123 -0.447282 0.764812 0.388402 0.243874 0.452473 -1.149396 0.875722 1.581066 -1.640243 1.208350 -0.511742 -0.057419
1776409974.508046 jaka_arm_left success 0.310179 0.286923 -0.447285 0.765712 0.387170 0.244317 0.451767 -1.149638 0.874826 1.581160 -1.640605 1.209232 -0.512001 -0.056536
1776409974.516317 jaka_arm_left success 0.310072 0.286643 -0.447268 0.766292 0.386795 0.244853 0.450814 -1.151131 0.874260 1.586072 -1.642774 1.215297 -0.506752 -0.059945
1776409974.524568 jaka_arm_left success 0.310055 0.286413 -0.447242 0.767232 0.385423 0.244978 0.450321 -1.151237 0.873393 1.586266 -1.643085 1.216120 -0.507099 -0.059155
1776409974.533029 jaka_arm_left success 0.310031 0.285996 -0.447332 0.767468 0.384786 0.245494 0.450183 -1.151481 0.872906 1.586267 -1.643411 1.216616 -0.507221 -0.058609
1776409974.541264 jaka_arm_left success 0.309925 0.285773 -0.447306 0.768288 0.384103 0.246653 0.448732 -1.149281 0.871991 1.589811 -1.649489 1.223936 -0.499148 -0.062106
1776409974.549559 jaka_arm_left success 0.309820 0.285556 -0.447308 0.769355 0.382934 0.247038 0.447690 -1.149800 0.869183 1.591499 -1.650158 1.226545 -0.497992 -0.064184
1776409974.557987 jaka_arm_left success 0.309721 0.285075 -0.447452 0.769465 0.382556 0.247862 0.447369 -1.149804 0.870522 1.591973 -1.651293 1.228258 -0.496136 -0.062950
1776409974.567779 jaka_arm_left success 0.309634 0.284831 -0.447471 0.770197 0.381937 0.248575 0.446242 -1.147737 0.870272 1.595908 -1.655949 1.235048 -0.488696 -0.066575
1776409974.574630 jaka_arm_left success 0.309617 0.284626 -0.447511 0.771004 0.380978 0.249241 0.445294 -1.147932 0.869530 1.595811 -1.656099 1.235788 -0.488701 -0.065878
1776409974.582952 jaka_arm_left success 0.309518 0.284379 -0.447517 0.771829 0.380758 0.249979 0.443637 -1.147018 0.865613 1.604413 -1.664735 1.248379 -0.474853 -0.078340
1776409974.591429 jaka_arm_left success 0.309492 0.284005 -0.447567 0.772483 0.380282 0.250499 0.442613 -1.146934 0.864918 1.604436 -1.664623 1.249062 -0.474889 -0.077814
1776409974.599721 jaka_arm_left success 0.309552 0.283580 -0.447693 0.772405 0.380004 0.251295 0.442535 -1.147181 0.864693 1.604187 -1.664716 1.249345 -0.474667 -0.077511
1776409974.607991 jaka_arm_left success 0.309482 0.283317 -0.447594 0.773437 0.379894 0.252748 0.439994 -1.143781 0.862305 1.613441 -1.674909 1.264115 -0.457448 -0.090509
1776409974.616361 jaka_arm_left success 0.309450 0.282974 -0.447638 0.774216 0.379583 0.253337 0.438550 -1.145899 0.860241 1.620567 -1.677928 1.273448 -0.449259 -0.097828
1776409974.624746 jaka_arm_left success 0.309380 0.282567 -0.447660 0.774583 0.379783 0.254220 0.437216 -1.141634 0.857011 1.622712 -1.684961 1.279349 -0.441042 -0.105188
1776409974.633735 jaka_arm_left success 0.309429 0.282007 -0.447842 0.773891 0.380427 0.255039 0.437406 -1.142026 0.857391 1.622088 -1.684873 1.279063 -0.440351 -0.105428
1776409974.641326 jaka_arm_left success 0.309487 0.281826 -0.447886 0.774877 0.379883 0.255963 0.435588 -1.146575 0.855629 1.633975 -1.687818 1.293249 -0.427938 -0.117290
1776409974.649633 jaka_arm_left success 0.309486 0.281586 -0.447932 0.775803 0.379632 0.255993 0.434139 -1.143098 0.852223 1.634005 -1.691199 1.295506 -0.425251 -0.120567
1776409974.658054 jaka_arm_left success 0.309474 0.281244 -0.447996 0.776403 0.379498 0.255942 0.433213 -1.146336 0.848970 1.643721 -1.694881 1.306894 -0.415194 -0.133095
1776409974.667243 jaka_arm_left success 0.309655 0.281117 -0.448040 0.777677 0.378078 0.256766 0.431679 -1.144363 0.844552 1.645040 -1.698926 1.311571 -0.411981 -0.136094
1776409974.674688 jaka_arm_left success 0.309650 0.280836 -0.448065 0.778387 0.377998 0.256784 0.430457 -1.148358 0.842035 1.653767 -1.700094 1.321002 -0.404291 -0.147222
1776409974.682979 jaka_arm_left success 0.309633 0.280616 -0.448010 0.779486 0.377598 0.257217 0.428556 -1.143176 0.835892 1.656725 -1.708146 1.328963 -0.396098 -0.156331
1776409974.691406 jaka_arm_left success 0.309737 0.280466 -0.447983 0.780875 0.376158 0.257678 0.427015 -1.149060 0.833063 1.663673 -1.707115 1.336627 -0.392788 -0.162539
1776409974.699826 jaka_arm_left success 0.309740 0.280010 -0.448104 0.780641 0.376337 0.258100 0.427029 -1.146507 0.832483 1.665396 -1.711042 1.340185 -0.387885 -0.166942
1776409974.708043 jaka_arm_left success 0.309680 0.279621 -0.448132 0.780754 0.377098 0.258276 0.426045 -1.149530 0.828216 1.677302 -1.715877 1.355227 -0.374792 -0.185127
1776409974.716331 jaka_arm_left success 0.309839 0.279416 -0.448189 0.781576 0.376477 0.258384 0.425020 -1.149483 0.827528 1.677373 -1.715828 1.355873 -0.374949 -0.184571
1776409974.724718 jaka_arm_left success 0.309992 0.279109 -0.448330 0.781922 0.376598 0.258891 0.423966 -1.149097 0.824922 1.683795 -1.719952 1.366160 -0.365833 -0.194592
1776409974.733097 jaka_arm_left success 0.310163 0.278938 -0.448302 0.782861 0.376931 0.259259 0.421706 -1.152470 0.812989 1.699346 -1.729121 1.387900 -0.348659 -0.225516
1776409974.741416 jaka_arm_left success 0.310422 0.278638 -0.448456 0.782823 0.377759 0.259955 0.420606 -1.151859 0.812863 1.698806 -1.727613 1.388327 -0.347576 -0.225697
1776409974.749624 jaka_arm_left success 0.310649 0.278549 -0.448458 0.784021 0.378193 0.259839 0.418049 -1.161028 0.801883 1.721685 -1.733478 1.418644 -0.327611 -0.263657
1776409974.758024 jaka_arm_left success 0.310994 0.278629 -0.448404 0.785831 0.377849 0.259770 0.414993 -1.157410 0.788891 1.734407 -1.745039 1.443755 -0.309984 -0.295336
1776409974.766332 jaka_arm_left success 0.311200 0.278083 -0.448594 0.784533 0.380987 0.259922 0.414484 -1.163020 0.787540 1.741698 -1.743390 1.453715 -0.303469 -0.311269
1776409974.774661 jaka_arm_left success 0.311580 0.278002 -0.448634 0.785273 0.381422 0.259294 0.413075 -1.164946 0.776286 1.753262 -1.751708 1.475630 -0.291550 -0.343133
1776409974.782936 jaka_arm_left success 0.311851 0.277871 -0.448621 0.785903 0.382403 0.259375 0.410913 -1.169570 0.770017 1.767803 -1.755037 1.504239 -0.277875 -0.375621
1776409974.791415 jaka_arm_left success 0.312101 0.277556 -0.448795 0.785958 0.383653 0.258236 0.410359 -1.173215 0.766866 1.776820 -1.756633 1.521388 -0.272143 -0.397984
1776409974.799904 jaka_arm_left success 0.312361 0.277391 -0.448870 0.786521 0.384269 0.257746 0.409011 -1.176796 0.760535 1.784013 -1.759231 1.539571 -0.267877 -0.423511
1776409974.808013 jaka_arm_left success 0.312650 0.277317 -0.448889 0.787033 0.384631 0.257863 0.407609 -1.178061 0.757071 1.792823 -1.765091 1.569151 -0.258478 -0.454714
1776409974.816292 jaka_arm_left success 0.312878 0.277386 -0.448850 0.788346 0.384163 0.257671 0.405629 -1.181833 0.751452 1.799081 -1.768239 1.598103 -0.255718 -0.485711
1776409974.824647 jaka_arm_left success 0.313001 0.277203 -0.448819 0.788616 0.385269 0.257567 0.404119 -1.185003 0.748442 1.804087 -1.773243 1.636946 -0.253744 -0.528733
1776409974.832971 jaka_arm_left success 0.313147 0.276986 -0.448892 0.788489 0.386052 0.258268 0.403170 -1.181169 0.749475 1.802924 -1.775779 1.644758 -0.250734 -0.534621
1776409974.841302 jaka_arm_left success 0.313303 0.276910 -0.448919 0.788847 0.386081 0.258643 0.402202 -1.185029 0.751381 1.803710 -1.776072 1.667309 -0.253202 -0.554465
1776409974.849669 jaka_arm_left success 0.313390 0.276797 -0.448929 0.789326 0.386322 0.258779 0.400940 -1.180962 0.751604 1.799569 -1.782371 1.691621 -0.254634 -0.578326
1776409974.857898 jaka_arm_left success 0.313468 0.276662 -0.448990 0.789769 0.386581 0.258100 0.400256 -1.185353 0.754138 1.800149 -1.781006 1.703817 -0.259599 -0.589099
1776409974.866294 jaka_arm_left success 0.313567 0.276614 -0.448980 0.790157 0.386706 0.258695 0.398983 -1.180194 0.757150 1.793307 -1.788485 1.732554 -0.263212 -0.614327
1776409974.874655 jaka_arm_left success 0.313625 0.276512 -0.448949 0.790442 0.387330 0.258502 0.397937 -1.183574 0.762265 1.789660 -1.788350 1.754419 -0.271721 -0.633906
1776409974.882912 jaka_arm_left success 0.313759 0.276322 -0.449058 0.790355 0.387817 0.259034 0.397289 -1.183598 0.762034 1.789390 -1.788061 1.754684 -0.271545 -0.633760
1776409974.891336 jaka_arm_left success 0.313915 0.276121 -0.449197 0.789991 0.388624 0.259595 0.396859 -1.183141 0.772230 1.782743 -1.790717 1.784322 -0.278752 -0.655831
1776409974.899614 jaka_arm_left success 0.313970 0.275981 -0.449174 0.790205 0.389514 0.260046 0.395261 -1.177887 0.774620 1.772852 -1.798096 1.805083 -0.286538 -0.674846
1776409974.907992 jaka_arm_left success 0.314102 0.275908 -0.449196 0.790478 0.389912 0.259958 0.394380 -1.180346 0.780755 1.769799 -1.797311 1.820309 -0.293411 -0.685157
1776409974.916262 jaka_arm_left success 0.314243 0.275796 -0.449279 0.790532 0.390389 0.259713 0.393961 -1.180026 0.782865 1.767359 -1.798053 1.826175 -0.296153 -0.690548
1776409974.924610 jaka_arm_left success 0.314345 0.275729 -0.449324 0.790534 0.390777 0.259464 0.393736 -1.181175 0.783110 1.766273 -1.798460 1.828571 -0.299180 -0.694110
1776409974.932928 jaka_arm_left success 0.314426 0.275747 -0.449278 0.790898 0.391008 0.258899 0.393147 -1.182294 0.785812 1.761307 -1.801480 1.841538 -0.308155 -0.706446
1776409974.941247 jaka_arm_left success 0.314509 0.275736 -0.449258 0.791117 0.391211 0.259085 0.392380 -1.177825 0.790978 1.755177 -1.806033 1.856850 -0.312402 -0.716318
1776409974.949529 jaka_arm_left success 0.314584 0.275607 -0.449362 0.790453 0.392109 0.259316 0.392669 -1.177913 0.791574 1.754885 -1.805921 1.856334 -0.312026 -0.716890
1776409974.958184 jaka_arm_left success 0.314731 0.275688 -0.449367 0.790701 0.391770 0.259325 0.392503 -1.177913 0.791574 1.754885 -1.805921 1.856334 -0.312026 -0.716890
1776409974.966466 jaka_arm_left success 0.314760 0.275721 -0.449350 0.790738 0.391921 0.259454 0.392193 -1.177902 0.791251 1.754659 -1.805552 1.856665 -0.311981 -0.716704
1776409974.974609 jaka_arm_left success 0.314787 0.275716 -0.449348 0.790606 0.392385 0.259270 0.392116 -1.177678 0.791455 1.754642 -1.805206 1.856442 -0.312001 -0.717036
1776409974.982910 jaka_arm_left success 0.314813 0.275707 -0.449381 0.790330 0.392801 0.259384 0.392181 -1.177705 0.791805 1.754274 -1.804857 1.856159 -0.311674 -0.717469
1776409974.991398 jaka_arm_left success 0.314886 0.275715 -0.449411 0.790332 0.393017 0.259214 0.392072 -1.177501 0.791816 1.754268 -1.804501 1.856138 -0.311754 -0.717616
1776409974.999802 jaka_arm_left success 0.314930 0.275710 -0.449425 0.790310 0.393143 0.259289 0.391940 -1.177501 0.791816 1.754268 -1.804501 1.856138 -0.311754 -0.717616
1776409975.016271 jaka_arm_left success 0.314878 0.275505 -0.449647 0.789318 0.394155 0.259200 0.392981 -1.177605 0.792792 1.753993 -1.804478 1.855293 -0.311280 -0.718490
1776409975.024735 jaka_arm_left success 0.314898 0.275724 -0.449383 0.790407 0.393383 0.259109 0.391624 -1.180713 0.798396 1.751273 -1.804870 1.870376 -0.319751 -0.727179
1776409975.033988 jaka_arm_left success 0.314892 0.275758 -0.449338 0.790573 0.393224 0.258977 0.391537 -1.180713 0.798396 1.751273 -1.804870 1.870376 -0.319751 -0.727179
1776409975.041328 jaka_arm_left success 0.314868 0.275755 -0.449331 0.790551 0.393214 0.258812 0.391699 -1.180713 0.798396 1.751273 -1.804870 1.870376 -0.319751 -0.727179
1776409975.049592 jaka_arm_left success 0.314810 0.275761 -0.449314 0.790517 0.393176 0.258849 0.391781 -1.180713 0.798396 1.751273 -1.804870 1.870376 -0.319751 -0.727179
1776409975.058072 jaka_arm_left success 0.314786 0.275788 -0.449298 0.790576 0.393072 0.258802 0.391799 -1.180713 0.798396 1.751273 -1.804870 1.870376 -0.319751 -0.727179
1776409975.066498 jaka_arm_left success 0.314780 0.275806 -0.449296 0.790591 0.392975 0.258742 0.391905 -1.180713 0.798396 1.751273 -1.804870 1.870376 -0.319751 -0.727179
1776409975.074639 jaka_arm_left success 0.314755 0.275757 -0.449337 0.790385 0.392945 0.258560 0.392470 -1.180793 0.798829 1.751566 -1.805411 1.869927 -0.319824 -0.727444
1776409975.082943 jaka_arm_left success 0.314779 0.275821 -0.449330 0.790651 0.392607 0.258499 0.392312 -1.180793 0.798829 1.751566 -1.805411 1.869927 -0.319824 -0.727444
1776409975.091490 jaka_arm_left success 0.314767 0.275840 -0.449313 0.790751 0.392472 0.258518 0.392234 -1.180847 0.798387 1.751745 -1.805632 1.870291 -0.320067 -0.727010
1776409975.099712 jaka_arm_left success 0.314626 0.275693 -0.449398 0.790159 0.393109 0.258836 0.392579 -1.180988 0.798792 1.751556 -1.805759 1.869913 -0.319790 -0.727362
1776409975.108004 jaka_arm_left success 0.314588 0.275655 -0.449401 0.790142 0.393111 0.258988 0.392511 -1.180988 0.798792 1.751556 -1.805759 1.869913 -0.319790 -0.727362
1776409975.116333 jaka_arm_left success 0.314561 0.275589 -0.449421 0.790161 0.392983 0.259098 0.392527 -1.180988 0.798792 1.751556 -1.805759 1.869913 -0.319790 -0.727362
1776409975.124828 jaka_arm_left success 0.314536 0.275538 -0.449448 0.790099 0.392959 0.259298 0.392545 -1.180988 0.798792 1.751556 -1.805759 1.869913 -0.319790 -0.727362
1776409975.133530 jaka_arm_left success 0.314473 0.275621 -0.449347 0.790793 0.392339 0.259324 0.391750 -1.181084 0.798183 1.751416 -1.805704 1.870511 -0.319821 -0.726814
1776409975.141300 jaka_arm_left success 0.314323 0.275543 -0.449314 0.790764 0.392313 0.259316 0.391840 -1.181084 0.798183 1.751416 -1.805704 1.870511 -0.319821 -0.726814
1776409975.149529 jaka_arm_left success 0.314266 0.275575 -0.449332 0.790854 0.391718 0.258907 0.392522 -1.181203 0.797922 1.752629 -1.807307 1.870766 -0.320591 -0.726000
1776409975.158066 jaka_arm_left success 0.314200 0.275579 -0.449323 0.790833 0.391372 0.258941 0.392887 -1.181371 0.798104 1.752452 -1.807456 1.870603 -0.320359 -0.726122
1776409975.166354 jaka_arm_left success 0.314135 0.275553 -0.449352 0.790647 0.390881 0.259573 0.393333 -1.178941 0.798164 1.752028 -1.809197 1.870049 -0.317710 -0.724658
1776409975.174630 jaka_arm_left success 0.314022 0.275603 -0.449315 0.790704 0.390197 0.259837 0.393724 -1.175269 0.794273 1.752812 -1.811124 1.863980 -0.313025 -0.719753
1776409975.182864 jaka_arm_left success 0.313942 0.275760 -0.449213 0.791385 0.388655 0.259943 0.393811 -1.181293 0.790988 1.759050 -1.806169 1.855179 -0.311048 -0.711591
1776409975.191248 jaka_arm_left success 0.313796 0.275683 -0.449250 0.790965 0.388146 0.260019 0.395103 -1.178408 0.782286 1.767885 -1.803702 1.828971 -0.295351 -0.691289
1776409975.199625 jaka_arm_left success 0.313626 0.275801 -0.449129 0.791434 0.387195 0.259420 0.395491 -1.178450 0.781504 1.768886 -1.804322 1.829148 -0.296413 -0.690619
1776409975.207987 jaka_arm_left success 0.313464 0.275761 -0.449128 0.791278 0.386608 0.259767 0.396150 -1.181609 0.772422 1.778985 -1.798302 1.802238 -0.284950 -0.669747
1776409975.216359 jaka_arm_left success 0.313104 0.275561 -0.449199 0.790136 0.386965 0.259988 0.397931 -1.177216 0.773082 1.780233 -1.800496 1.796219 -0.278475 -0.664577
1776409975.232946 jaka_arm_left success 0.312752 0.276042 -0.448866 0.791939 0.383325 0.259241 0.398359 -1.185226 0.757575 1.798616 -1.790594 1.751161 -0.265850 -0.626654
1776409975.241322 jaka_arm_left success 0.312592 0.276074 -0.448939 0.791405 0.382044 0.259705 0.400341 -1.183637 0.749954 1.808034 -1.787937 1.714770 -0.251672 -0.594504
1776409975.249541 jaka_arm_left success 0.312340 0.276163 -0.448879 0.791307 0.381138 0.259527 0.401512 -1.184057 0.745048 1.810863 -1.786452 1.696523 -0.248022 -0.579459
1776409975.258149 jaka_arm_left success 0.312003 0.276339 -0.448786 0.791405 0.379979 0.258730 0.402929 -1.189428 0.738279 1.821594 -1.776574 1.643481 -0.240522 -0.531613
1776409975.267380 jaka_arm_left success 0.311716 0.276428 -0.448767 0.791208 0.378655 0.259061 0.404348 -1.186092 0.737418 1.822201 -1.777548 1.621137 -0.237334 -0.506292
1776409975.274638 jaka_arm_left success 0.311381 0.276479 -0.448699 0.790982 0.377355 0.258845 0.406139 -1.182477 0.736785 1.819814 -1.773582 1.579489 -0.237719 -0.464819
1776409975.282967 jaka_arm_left success 0.311011 0.276217 -0.448847 0.789034 0.377384 0.259248 0.409630 -1.177882 0.748789 1.808204 -1.761149 1.508773 -0.245879 -0.386461
1776409975.291339 jaka_arm_left success 0.310641 0.276429 -0.448792 0.789002 0.375812 0.258174 0.411811 -1.174536 0.748543 1.799194 -1.762702 1.489316 -0.255078 -0.368114
1776409975.299667 jaka_arm_left success 0.310377 0.276595 -0.448708 0.788503 0.374179 0.259163 0.413628 -1.173760 0.761960 1.781481 -1.750370 1.450643 -0.275322 -0.316233
1776409975.307972 jaka_arm_left success 0.309948 0.276739 -0.448590 0.787954 0.373254 0.259128 0.415527 -1.165766 0.767880 1.766907 -1.750204 1.429634 -0.285289 -0.291167
1776409975.316304 jaka_arm_left success 0.309477 0.277039 -0.448424 0.788073 0.371728 0.259268 0.416580 -1.163715 0.777602 1.754449 -1.743140 1.410089 -0.300103 -0.259920
1776409975.324714 jaka_arm_left success 0.309138 0.277237 -0.448399 0.787375 0.370394 0.259202 0.419123 -1.154658 0.784049 1.737388 -1.743367 1.388574 -0.313260 -0.233671
1776409975.333064 jaka_arm_left success 0.308719 0.277517 -0.448350 0.786747 0.368782 0.258704 0.422021 -1.153962 0.799710 1.715653 -1.728604 1.356150 -0.342092 -0.189641
1776409975.341337 jaka_arm_left success 0.308329 0.277919 -0.448257 0.785804 0.367496 0.259489 0.424411 -1.148647 0.809875 1.699514 -1.724494 1.338017 -0.356282 -0.162185
1776409975.357972 jaka_arm_left success 0.307327 0.278602 -0.447962 0.784887 0.364717 0.259064 0.428742 -1.145236 0.826714 1.670233 -1.707091 1.300156 -0.393834 -0.110127
1776409975.366330 jaka_arm_left success 0.306806 0.279000 -0.447780 0.784062 0.363570 0.260093 0.430599 -1.138799 0.832286 1.660877 -1.709269 1.292249 -0.399308 -0.096500
1776409975.374593 jaka_arm_left success 0.306330 0.279344 -0.447762 0.782931 0.362254 0.261140 0.433124 -1.141444 0.847085 1.644867 -1.693112 1.272004 -0.422307 -0.063372
1776409975.382912 jaka_arm_left success 0.305791 0.279421 -0.447829 0.780581 0.361800 0.261144 0.437720 -1.133501 0.861780 1.623660 -1.685531 1.248466 -0.444344 -0.030564
1776409975.391329 jaka_arm_left success 0.305199 0.279893 -0.447614 0.779996 0.360462 0.263027 0.438736 -1.129806 0.867393 1.614411 -1.684102 1.241214 -0.450957 -0.016603
1776409975.399613 jaka_arm_left success 0.304685 0.280319 -0.447457 0.779308 0.358638 0.263853 0.440952 -1.130930 0.871557 1.601450 -1.674917 1.226294 -0.469284 0.002271
1776409975.407933 jaka_arm_left success 0.304122 0.280538 -0.447523 0.777305 0.357622 0.264480 0.444920 -1.124862 0.889607 1.582458 -1.664394 1.205987 -0.492106 0.038276
1776409975.416231 jaka_arm_left success 0.303631 0.281157 -0.447359 0.777053 0.355009 0.266302 0.446363 -1.126892 0.899090 1.573930 -1.654929 1.197831 -0.504173 0.059254
1776409975.424597 jaka_arm_left success 0.303012 0.281284 -0.447399 0.774911 0.354320 0.266871 0.450278 -1.121010 0.907611 1.556546 -1.648201 1.178845 -0.524541 0.082091
1776409975.432968 jaka_arm_left success 0.302396 0.281592 -0.447323 0.773370 0.352776 0.268213 0.453331 -1.124141 0.919896 1.544256 -1.633447 1.164023 -0.544706 0.108404
1776409975.441267 jaka_arm_left success 0.301793 0.282072 -0.447263 0.772385 0.350504 0.268484 0.456601 -1.121987 0.923298 1.532748 -1.627452 1.151237 -0.561350 0.124284
1776409975.449548 jaka_arm_left success 0.301036 0.282289 -0.447297 0.770077 0.349755 0.268612 0.460977 -1.122089 0.938648 1.519700 -1.611552 1.134322 -0.584484 0.153621
1776409975.457997 jaka_arm_left success 0.300502 0.282893 -0.447147 0.769224 0.347026 0.269849 0.463734 -1.122629 0.941365 1.508024 -1.602845 1.121549 -0.602518 0.170394
1776409975.466530 jaka_arm_left success 0.299752 0.283444 -0.447029 0.768064 0.345435 0.270106 0.466686 -1.122987 0.950334 1.498177 -1.591107 1.109036 -0.621113 0.191569
1776409975.474613 jaka_arm_left success 0.299135 0.283983 -0.446941 0.766862 0.343556 0.271440 0.469269 -1.121396 0.957607 1.488449 -1.583718 1.099352 -0.634859 0.209883
1776409975.482895 jaka_arm_left success 0.298502 0.284169 -0.446989 0.764047 0.343233 0.273140 0.473094 -1.121614 0.968981 1.476306 -1.571521 1.084861 -0.652844 0.231606
1776409975.491408 jaka_arm_left success 0.297926 0.284753 -0.446924 0.763161 0.340749 0.273489 0.476107 -1.124979 0.971156 1.468911 -1.560037 1.074752 -0.669689 0.245414
1776409975.500304 jaka_arm_left success 0.297207 0.285003 -0.446951 0.760919 0.339975 0.274285 0.479778 -1.123008 0.981454 1.457779 -1.548400 1.061366 -0.688881 0.267716
1776409975.507995 jaka_arm_left success 0.296697 0.285469 -0.446961 0.759137 0.337905 0.275862 0.483147 -1.126468 0.990278 1.449228 -1.533532 1.050331 -0.707460 0.289241
1776409975.516301 jaka_arm_left success 0.295941 0.286125 -0.446890 0.757407 0.337045 0.276345 0.486178 -1.126255 0.992681 1.440671 -1.525266 1.039225 -0.722384 0.300048
1776409975.524623 jaka_arm_left success 0.295306 0.286649 -0.446853 0.755757 0.335812 0.277473 0.488947 -1.127777 1.000868 1.433468 -1.513432 1.030083 -0.737481 0.318154
1776409975.533017 jaka_arm_left success 0.294748 0.287242 -0.446818 0.754232 0.333614 0.278068 0.492457 -1.129957 1.004290 1.425391 -1.499761 1.018934 -0.756765 0.334337
1776409975.541251 jaka_arm_left success 0.294175 0.287964 -0.446793 0.752321 0.332160 0.279067 0.495786 -1.131244 1.011236 1.417518 -1.488487 1.008796 -0.772798 0.351363
1776409975.549690 jaka_arm_left success 0.293458 0.288515 -0.446748 0.750730 0.330698 0.278629 0.499409 -1.136525 1.013212 1.412832 -1.472628 0.998318 -0.792064 0.363288
1776409975.558016 jaka_arm_left success 0.292851 0.289120 -0.446784 0.748576 0.328883 0.279677 0.503241 -1.140077 1.019187 1.404920 -1.456943 0.987058 -0.811567 0.381658
1776409975.566724 jaka_arm_left success 0.292239 0.289964 -0.446661 0.747020 0.327071 0.280818 0.506090 -1.141164 1.023327 1.398676 -1.446179 0.978523 -0.826964 0.395885
1776409975.574594 jaka_arm_left success 0.291530 0.290721 -0.446660 0.745498 0.325189 0.281058 0.509403 -1.142721 1.025082 1.392123 -1.433256 0.968483 -0.845280 0.408892
1776409975.582977 jaka_arm_left success 0.291028 0.291176 -0.446843 0.742268 0.323598 0.281908 0.514637 -1.147117 1.032694 1.384338 -1.413677 0.955492 -0.868662 0.429709
1776409975.591298 jaka_arm_left success 0.290232 0.291746 -0.446958 0.739642 0.322801 0.281672 0.519027 -1.154480 1.035888 1.380144 -1.391899 0.944030 -0.890791 0.443241
1776409975.599644 jaka_arm_left success 0.289717 0.292673 -0.446874 0.738645 0.319706 0.283242 0.521504 -1.156508 1.038506 1.374746 -1.381960 0.937776 -0.905051 0.457782
1776409975.607991 jaka_arm_left success 0.288919 0.293301 -0.446922 0.735674 0.319729 0.284287 0.525107 -1.158304 1.044139 1.368960 -1.367749 0.927808 -0.920733 0.470184
1776409975.617763 jaka_arm_left success 0.288279 0.294107 -0.446985 0.733687 0.317537 0.284933 0.528854 -1.163570 1.047093 1.364133 -1.349121 0.918422 -0.942061 0.486542
1776409975.624700 jaka_arm_left success 0.287559 0.294730 -0.447148 0.730837 0.316627 0.285557 0.532994 -1.168647 1.051334 1.359208 -1.329633 0.908763 -0.961750 0.501855
