1776409986.349300 jaka_arm_left success 0.283659 0.295179 -0.448767 0.716740 0.303275 0.298152 0.552643 -1.194859 1.060049 1.374453 -1.225223 0.818454 -1.044116 0.625687
1776409986.357541 jaka_arm_left success 0.283661 0.295196 -0.448753 0.716731 0.303395 0.297986 0.552678 -1.194859 1.060049 1.374453 -1.225223 0.818454 -1.044116 0.625687
1776409986.365908 jaka_arm_left success 0.283677 0.295227 -0.448739 0.716755 0.303405 0.297956 0.552658 -1.194859 1.060049 1.374453 -1.225223 0.818454 -1.044116 0.625687
1776409986.374271 jaka_arm_left success 0.283697 0.295244 -0.448729 0.716684 0.303494 0.297928 0.552716 -1.194859 1.060049 1.374453 -1.225223 0.818454 -1.044116 0.625687
1776409986.382540 jaka_arm_left success 0.283707 0.295273 -0.448717 0.716679 0.303588 0.297881 0.552697 -1.194859 1.060049 1.374453 -1.225223 0.818454 -1.044116 0.625687
1776409986.390893 jaka_arm_left success 0.283716 0.295323 -0.448702 0.716704 0.303586 0.297746 0.552737 -1.194859 1.060049 1.374453 -1.225223 0.818454 -1.044116 0.625687
1776409986.399308 jaka_arm_left success 0.283735 0.295318 -0.448715 0.716459 0.303796 0.297628 0.553003 -1.194681 1.060403 1.374600 -1.225028 0.818207 -1.044146 0.625286
1776409986.407539 jaka_arm_left success 0.283753 0.295351 -0.448717 0.716390 0.303883 0.297521 0.553102 -1.194681 1.060403 1.374600 -1.225028 0.818207 -1.044146 0.625286
1776409986.415930 jaka_arm_left success 0.283777 0.295376 -0.448713 0.716303 0.303969 0.297375 0.553245 -1.194591 1.060702 1.374776 -1.224944 0.817980 -1.044273 0.624939
1776409986.424316 jaka_arm_left success 0.283727 0.295401 -0.448708 0.716091 0.304727 0.297207 0.553193 -1.194354 1.061009 1.374779 -1.224593 0.817724 -1.044101 0.624509
1776409986.432713 jaka_arm_left success 0.283774 0.295397 -0.448740 0.715742 0.304964 0.296971 0.553641 -1.194305 1.061460 1.374891 -1.224474 0.817312 -1.044207 0.624029
1776409986.440926 jaka_arm_left success 0.283829 0.295436 -0.448727 0.715415 0.305210 0.297161 0.553826 -1.194305 1.061460 1.374891 -1.224474 0.817312 -1.044207 0.624029
1776409986.449173 jaka_arm_left success 0.283846 0.295479 -0.448718 0.715308 0.305431 0.297095 0.553879 -1.194400 1.061941 1.374744 -1.224350 0.816757 -1.044158 0.623596
1776409986.457555 jaka_arm_left success 0.283863 0.295549 -0.448695 0.715302 0.305625 0.297166 0.553740 -1.194400 1.061941 1.374744 -1.224350 0.816757 -1.044158 0.623596
1776409986.465901 jaka_arm_left success 0.283871 0.295588 -0.448681 0.715257 0.305804 0.297117 0.553727 -1.194400 1.061941 1.374744 -1.224350 0.816757 -1.044158 0.623596
1776409986.474296 jaka_arm_left success 0.283878 0.295599 -0.448680 0.715146 0.305942 0.297030 0.553840 -1.194306 1.062173 1.374623 -1.224086 0.816476 -1.043971 0.623260
1776409986.482554 jaka_arm_left success 0.283889 0.295602 -0.448676 0.715067 0.305985 0.296987 0.553942 -1.194306 1.062173 1.374623 -1.224086 0.816476 -1.043971 0.623260
1776409986.490903 jaka_arm_left success 0.283898 0.295598 -0.448670 0.715043 0.305941 0.296999 0.553990 -1.194306 1.062173 1.374623 -1.224086 0.816476 -1.043971 0.623260
1776409986.499299 jaka_arm_left success 0.283906 0.295586 -0.448665 0.715039 0.305834 0.297006 0.554051 -1.194306 1.062173 1.374623 -1.224086 0.816476 -1.043971 0.623260
1776409986.507552 jaka_arm_left success 0.283905 0.295537 -0.448671 0.715001 0.305738 0.296960 0.554178 -1.194306 1.062173 1.374623 -1.224086 0.816476 -1.043971 0.623260
1776409986.515897 jaka_arm_left success 0.283900 0.295512 -0.448674 0.715097 0.305651 0.296984 0.554089 -1.194306 1.062173 1.374623 -1.224086 0.816476 -1.043971 0.623260
1776409986.524221 jaka_arm_left success 0.283873 0.295490 -0.448674 0.715275 0.305629 0.297120 0.553797 -1.194306 1.062173 1.374623 -1.224086 0.816476 -1.043971 0.623260
1776409986.532701 jaka_arm_left success 0.283853 0.295458 -0.448681 0.715468 0.305505 0.297233 0.553556 -1.194306 1.062173 1.374623 -1.224086 0.816476 -1.043971 0.623260
1776409986.540962 jaka_arm_left success 0.283828 0.295416 -0.448686 0.715590 0.305339 0.297401 0.553400 -1.194523 1.061704 1.374439 -1.224288 0.816780 -1.043885 0.623682
1776409986.549277 jaka_arm_left success 0.283750 0.295416 -0.448659 0.716178 0.304946 0.297303 0.552909 -1.194419 1.060975 1.374484 -1.224325 0.817458 -1.043760 0.624131
1776409986.557579 jaka_arm_left success 0.283767 0.295408 -0.448629 0.716590 0.304092 0.297448 0.552767 -1.194615 1.060398 1.374558 -1.224688 0.817949 -1.043915 0.624631
1776409986.565906 jaka_arm_left success 0.283743 0.295378 -0.448625 0.716800 0.303543 0.297656 0.552684 -1.194808 1.059982 1.374594 -1.224997 0.818293 -1.044045 0.625024
1776409986.574369 jaka_arm_left success 0.283729 0.295292 -0.448639 0.716828 0.303232 0.297839 0.552720 -1.194808 1.059982 1.374594 -1.224997 0.818293 -1.044045 0.625024
1776409986.582571 jaka_arm_left success 0.283714 0.295216 -0.448645 0.716929 0.302932 0.298040 0.552646 -1.195099 1.059655 1.374549 -1.225362 0.818532 -1.044173 0.625442
1776409986.590944 jaka_arm_left success 0.283699 0.295137 -0.448660 0.717019 0.302665 0.298283 0.552545 -1.195281 1.059432 1.374482 -1.225580 0.818707 -1.044200 0.625749
1776409986.599314 jaka_arm_left success 0.283659 0.295056 -0.448683 0.717065 0.302528 0.298580 0.552400 -1.195281 1.059432 1.374482 -1.225580 0.818707 -1.044200 0.625749
1776409986.607585 jaka_arm_left success 0.283615 0.294972 -0.448692 0.717100 0.302488 0.298781 0.552266 -1.195494 1.059201 1.374219 -1.225741 0.818863 -1.044033 0.626144
1776409986.615920 jaka_arm_left success 0.283549 0.294845 -0.448719 0.716929 0.302484 0.298872 0.552442 -1.195494 1.059201 1.374219 -1.225741 0.818863 -1.044033 0.626144
1776409986.624367 jaka_arm_left success 0.283519 0.294777 -0.448727 0.717024 0.302229 0.298715 0.552543 -1.195849 1.059394 1.374470 -1.226408 0.818955 -1.044503 0.626603
1776409986.640939 jaka_arm_left success 0.283434 0.294848 -0.448666 0.717687 0.301589 0.298945 0.551907 -1.195589 1.058726 1.374331 -1.226231 0.819669 -1.044075 0.627146
1776409986.649234 jaka_arm_left success 0.283415 0.294843 -0.448659 0.717813 0.301429 0.299098 0.551748 -1.195589 1.058726 1.374331 -1.226231 0.819669 -1.044075 0.627146
1776409986.657603 jaka_arm_left success 0.283461 0.294846 -0.448635 0.718067 0.300874 0.299208 0.551661 -1.195497 1.058294 1.374356 -1.226496 0.820479 -1.043880 0.628076
1776409986.665950 jaka_arm_left success 0.283468 0.294824 -0.448633 0.718059 0.300871 0.299345 0.551598 -1.195497 1.058294 1.374356 -1.226496 0.820479 -1.043880 0.628076
1776409986.674302 jaka_arm_left success 0.283468 0.294761 -0.448652 0.717892 0.300999 0.299343 0.551746 -1.195497 1.058294 1.374356 -1.226496 0.820479 -1.043880 0.628076
1776409986.682926 jaka_arm_left success 0.283451 0.294695 -0.448654 0.717732 0.301364 0.299378 0.551736 -1.195183 1.060322 1.374085 -1.226714 0.820179 -1.043053 0.628878
1776409986.691262 jaka_arm_left success 0.283455 0.294668 -0.448660 0.717601 0.301632 0.299423 0.551736 -1.195183 1.060322 1.374085 -1.226714 0.820179 -1.043053 0.628878
1776409986.699300 jaka_arm_left success 0.283473 0.294607 -0.448680 0.717223 0.302012 0.299517 0.551969 -1.195183 1.060322 1.374085 -1.226714 0.820179 -1.043053 0.628878
1776409986.707583 jaka_arm_left success 0.283480 0.294612 -0.448676 0.717143 0.302172 0.299530 0.551978 -1.195094 1.060842 1.373967 -1.226496 0.819749 -1.042891 0.628527
1776409986.716008 jaka_arm_left success 0.283419 0.294590 -0.448691 0.716785 0.302986 0.299611 0.551953 -1.194921 1.061383 1.373718 -1.226112 0.819285 -1.042523 0.628130
1776409986.732607 jaka_arm_left success 0.283432 0.294639 -0.448705 0.716454 0.303655 0.299993 0.551806 -1.194150 1.063542 1.373066 -1.226363 0.818981 -1.041144 0.629028
1776409986.740956 jaka_arm_left success 0.283447 0.294742 -0.448676 0.716628 0.303832 0.300322 0.551305 -1.194115 1.063208 1.372680 -1.226252 0.819231 -1.040671 0.629370
1776409986.749304 jaka_arm_left success 0.283484 0.294818 -0.448644 0.716737 0.303987 0.300582 0.550935 -1.192552 1.065376 1.372282 -1.228260 0.820104 -1.038416 0.631150
1776409986.757635 jaka_arm_left success 0.283502 0.294827 -0.448650 0.716635 0.304246 0.300510 0.550965 -1.192552 1.065376 1.372282 -1.228260 0.820104 -1.038416 0.631150
1776409986.766089 jaka_arm_left success 0.283518 0.294853 -0.448648 0.716579 0.304342 0.300520 0.550979 -1.191793 1.064306 1.372040 -1.229490 0.819574 -1.037874 0.628921
1776409986.774237 jaka_arm_left success 0.283535 0.294860 -0.448641 0.716502 0.304413 0.300519 0.551042 -1.191793 1.064306 1.372040 -1.229490 0.819574 -1.037874 0.628921
1776409986.782546 jaka_arm_left success 0.283540 0.294865 -0.448632 0.716433 0.304404 0.300467 0.551164 -1.191793 1.064306 1.372040 -1.229490 0.819574 -1.037874 0.628921
1776409986.790970 jaka_arm_left success 0.283536 0.294873 -0.448625 0.716374 0.304374 0.300391 0.551299 -1.191793 1.064306 1.372040 -1.229490 0.819574 -1.037874 0.628921
1776409986.799244 jaka_arm_left success 0.283527 0.294898 -0.448614 0.716357 0.304346 0.300410 0.551326 -1.191793 1.064306 1.372040 -1.229490 0.819574 -1.037874 0.628921
1776409986.807545 jaka_arm_left success 0.283523 0.294933 -0.448608 0.716349 0.304342 0.300369 0.551361 -1.191793 1.064306 1.372040 -1.229490 0.819574 -1.037874 0.628921
1776409986.824482 jaka_arm_left success 0.283550 0.294980 -0.448632 0.716116 0.304664 0.300230 0.551561 -1.191754 1.064820 1.372210 -1.229471 0.819153 -1.038071 0.628477
1776409986.832577 jaka_arm_left success 0.283558 0.295024 -0.448632 0.716066 0.304841 0.300232 0.551527 -1.191754 1.064820 1.372210 -1.229471 0.819153 -1.038071 0.628477
1776409986.840951 jaka_arm_left success 0.283574 0.295069 -0.448626 0.715995 0.305052 0.300309 0.551460 -1.191754 1.064820 1.372210 -1.229471 0.819153 -1.038071 0.628477
1776409986.849195 jaka_arm_left success 0.283584 0.295108 -0.448615 0.715900 0.305341 0.300380 0.551386 -1.191634 1.065128 1.371991 -1.229171 0.818821 -1.037773 0.628157
1776409986.857558 jaka_arm_left success 0.283593 0.295182 -0.448588 0.715758 0.305666 0.300803 0.551159 -1.191743 1.065272 1.371392 -1.228963 0.818496 -1.037234 0.628120
1776409986.865935 jaka_arm_left success 0.283602 0.295221 -0.448559 0.715741 0.305940 0.300794 0.551034 -1.191743 1.065272 1.371392 -1.228963 0.818496 -1.037234 0.628120
1776409986.874250 jaka_arm_left success 0.283570 0.295218 -0.448569 0.715429 0.306593 0.300725 0.551114 -1.191471 1.065658 1.371229 -1.228537 0.818164 -1.036879 0.627695
1776409986.882571 jaka_arm_left success 0.283580 0.295190 -0.448579 0.715025 0.306934 0.300572 0.551531 -1.191415 1.066181 1.371196 -1.228403 0.817693 -1.036845 0.627263
1776409986.890954 jaka_arm_left success 0.283581 0.295146 -0.448593 0.714511 0.307450 0.300379 0.552015 -1.191363 1.066846 1.371238 -1.228289 0.817105 -1.036914 0.626712
1776409986.899355 jaka_arm_left success 0.283601 0.295186 -0.448579 0.714377 0.307607 0.300463 0.552056 -1.191363 1.066846 1.371238 -1.228289 0.817105 -1.036914 0.626712
1776409986.907514 jaka_arm_left success 0.283592 0.295219 -0.448571 0.714241 0.307881 0.300359 0.552135 -1.191319 1.067260 1.371157 -1.228158 0.816699 -1.036846 0.626354
1776409986.915876 jaka_arm_left success 0.283615 0.295270 -0.448575 0.714134 0.307996 0.300336 0.552222 -1.191319 1.067260 1.371157 -1.228158 0.816699 -1.036846 0.626354
1776409986.924259 jaka_arm_left success 0.283623 0.295336 -0.448560 0.714047 0.308183 0.300338 0.552230 -1.191319 1.067260 1.371157 -1.228158 0.816699 -1.036846 0.626354
1776409986.932585 jaka_arm_left success 0.283633 0.295432 -0.448536 0.714074 0.308347 0.300332 0.552106 -1.191319 1.067260 1.371157 -1.228158 0.816699 -1.036846 0.626354
1776409986.940963 jaka_arm_left success 0.283625 0.295528 -0.448504 0.713923 0.308683 0.300681 0.551924 -1.191380 1.067620 1.370215 -1.227900 0.816007 -1.036052 0.626094
1776409986.949203 jaka_arm_left success 0.283621 0.295652 -0.448474 0.713996 0.308870 0.300812 0.551653 -1.191380 1.067620 1.370215 -1.227900 0.816007 -1.036052 0.626094
1776409986.957616 jaka_arm_left success 0.283597 0.295696 -0.448482 0.713674 0.309513 0.300854 0.551686 -1.189613 1.067972 1.369561 -1.229220 0.815647 -1.034976 0.625385
1776409986.965933 jaka_arm_left success 0.283635 0.295743 -0.448490 0.713521 0.309548 0.300700 0.551949 -1.189613 1.067972 1.369561 -1.229220 0.815647 -1.034976 0.625385
1776409986.974256 jaka_arm_left success 0.283586 0.295754 -0.448516 0.713044 0.310413 0.300609 0.552129 -1.189574 1.068954 1.369292 -1.229021 0.814600 -1.034780 0.624478
1776409986.982570 jaka_arm_left success 0.283610 0.295792 -0.448518 0.712837 0.310590 0.300387 0.552418 -1.189574 1.068954 1.369292 -1.229021 0.814600 -1.034780 0.624478
1776409986.991067 jaka_arm_left success 0.283618 0.295823 -0.448529 0.712596 0.310697 0.300237 0.552750 -1.189345 1.069355 1.369597 -1.228899 0.814335 -1.034984 0.623992
1776409986.999300 jaka_arm_left success 0.283665 0.295930 -0.448507 0.712550 0.310557 0.300462 0.552766 -1.189345 1.069355 1.369597 -1.228899 0.814335 -1.034984 0.623992
1776409987.015907 jaka_arm_left success 0.283588 0.296178 -0.448436 0.713373 0.310406 0.299906 0.552090 -1.188885 1.066569 1.369679 -1.229472 0.814754 -1.035163 0.622310
1776409987.024359 jaka_arm_left success 0.283681 0.296024 -0.448503 0.711898 0.310576 0.299560 0.554083 -1.189431 1.068191 1.370038 -1.229974 0.813226 -1.036133 0.621261
1776409987.040951 jaka_arm_left success 0.283681 0.296057 -0.448519 0.711387 0.310822 0.299407 0.554684 -1.189602 1.068928 1.370225 -1.230126 0.812510 -1.036595 0.620713
1776409987.049253 jaka_arm_left success 0.283703 0.296085 -0.448544 0.711202 0.310783 0.299274 0.555014 -1.189914 1.069650 1.370654 -1.230551 0.811695 -1.037599 0.620111
1776409987.057585 jaka_arm_left success 0.283697 0.296107 -0.448550 0.711103 0.310848 0.299198 0.555146 -1.189914 1.069650 1.370654 -1.230551 0.811695 -1.037599 0.620111
1776409987.065969 jaka_arm_left success 0.283704 0.296130 -0.448549 0.711049 0.310800 0.299150 0.555267 -1.189914 1.069650 1.370654 -1.230551 0.811695 -1.037599 0.620111
1776409987.074254 jaka_arm_left success 0.283687 0.296163 -0.448523 0.711083 0.310802 0.298982 0.555314 -1.189914 1.069650 1.370654 -1.230551 0.811695 -1.037599 0.620111
1776409987.082537 jaka_arm_left success 0.283666 0.296164 -0.448518 0.711028 0.310918 0.298888 0.555369 -1.189914 1.069650 1.370654 -1.230551 0.811695 -1.037599 0.620111
1776409987.090975 jaka_arm_left success 0.283649 0.296171 -0.448504 0.711045 0.311056 0.298720 0.555361 -1.189914 1.069650 1.370654 -1.230551 0.811695 -1.037599 0.620111
1776409987.099320 jaka_arm_left success 0.283625 0.296169 -0.448500 0.711036 0.311214 0.298461 0.555422 -1.189223 1.068621 1.370726 -1.229569 0.811489 -1.038110 0.619046
1776409987.107523 jaka_arm_left success 0.283617 0.296184 -0.448488 0.711122 0.311181 0.298213 0.555465 -1.189223 1.068621 1.370726 -1.229569 0.811489 -1.038110 0.619046
1776409987.115931 jaka_arm_left success 0.283620 0.296217 -0.448468 0.711328 0.311049 0.297714 0.555542 -1.189678 1.065211 1.370863 -1.228535 0.810811 -1.040269 0.616658
1776409987.124388 jaka_arm_left success 0.283581 0.296206 -0.448477 0.711286 0.311041 0.297668 0.555625 -1.189678 1.065211 1.370863 -1.228535 0.810811 -1.040269 0.616658
1776409987.132582 jaka_arm_left success 0.283562 0.296184 -0.448499 0.711170 0.310966 0.297664 0.555818 -1.189918 1.065373 1.370815 -1.228709 0.810605 -1.040423 0.616669
1776409987.149218 jaka_arm_left success 0.283520 0.296173 -0.448501 0.711340 0.310674 0.297455 0.555875 -1.189918 1.065373 1.370815 -1.228709 0.810605 -1.040423 0.616669
1776409987.157585 jaka_arm_left success 0.283457 0.296167 -0.448503 0.711343 0.310738 0.297546 0.555787 -1.189918 1.065373 1.370815 -1.228709 0.810605 -1.040423 0.616669
1776409987.165936 jaka_arm_left success 0.283436 0.296144 -0.448515 0.711369 0.310681 0.297446 0.555839 -1.189918 1.065373 1.370815 -1.228709 0.810605 -1.040423 0.616669
1776409987.174292 jaka_arm_left success 0.283447 0.296115 -0.448541 0.711387 0.310521 0.297608 0.555818 -1.189918 1.065373 1.370815 -1.228709 0.810605 -1.040423 0.616669
1776409987.182541 jaka_arm_left success 0.283450 0.296105 -0.448541 0.711467 0.310417 0.297632 0.555762 -1.189918 1.065373 1.370815 -1.228709 0.810605 -1.040423 0.616669
1776409987.191026 jaka_arm_left success 0.283437 0.296083 -0.448539 0.711477 0.310443 0.297593 0.555755 -1.189918 1.065373 1.370815 -1.228709 0.810605 -1.040423 0.616669
1776409987.199270 jaka_arm_left success 0.283428 0.296074 -0.448529 0.711534 0.310429 0.297615 0.555678 -1.189999 1.065079 1.370947 -1.228917 0.810906 -1.040612 0.616970
1776409987.207526 jaka_arm_left success 0.283400 0.296076 -0.448502 0.711646 0.310449 0.297510 0.555581 -1.189999 1.065079 1.370947 -1.228917 0.810906 -1.040612 0.616970
1776409987.215894 jaka_arm_left success 0.283388 0.296066 -0.448499 0.711708 0.310422 0.297419 0.555565 -1.189999 1.065079 1.370947 -1.228917 0.810906 -1.040612 0.616970
1776409987.224305 jaka_arm_left success 0.283385 0.296067 -0.448493 0.711769 0.310375 0.297481 0.555480 -1.189999 1.065079 1.370947 -1.228917 0.810906 -1.040612 0.616970
1776409987.232596 jaka_arm_left success 0.283387 0.296047 -0.448510 0.711756 0.310341 0.297574 0.555465 -1.189999 1.065079 1.370947 -1.228917 0.810906 -1.040612 0.616970
1776409987.240958 jaka_arm_left success 0.283383 0.296055 -0.448495 0.711819 0.310307 0.297451 0.555469 -1.189999 1.065079 1.370947 -1.228917 0.810906 -1.040612 0.616970
1776409987.249216 jaka_arm_left success 0.283390 0.296046 -0.448503 0.711772 0.310286 0.297429 0.555553 -1.189999 1.065079 1.370947 -1.228917 0.810906 -1.040612 0.616970
1776409987.257597 jaka_arm_left success 0.283404 0.296038 -0.448523 0.711729 0.310282 0.297541 0.555551 -1.189999 1.065079 1.370947 -1.228917 0.810906 -1.040612 0.616970
1776409987.266140 jaka_arm_left success 0.283439 0.296057 -0.448538 0.711704 0.310216 0.297588 0.555595 -1.189999 1.065079 1.370947 -1.228917 0.810906 -1.040612 0.616970
1776409987.274246 jaka_arm_left success 0.283442 0.296067 -0.448543 0.711663 0.310285 0.297534 0.555637 -1.189999 1.065079 1.370947 -1.228917 0.810906 -1.040612 0.616970
1776409987.282561 jaka_arm_left success 0.283502 0.296086 -0.448545 0.711716 0.310043 0.297311 0.555824 -1.189975 1.064849 1.371352 -1.229128 0.811236 -1.041016 0.617130
1776409987.290965 jaka_arm_left success 0.283454 0.296088 -0.448541 0.711587 0.310337 0.297262 0.555851 -1.189975 1.064849 1.371352 -1.229128 0.811236 -1.041016 0.617130
1776409987.299276 jaka_arm_left success 0.283435 0.296116 -0.448513 0.711625 0.310394 0.297021 0.555899 -1.189975 1.064849 1.371352 -1.229128 0.811236 -1.041016 0.617130
1776409987.307545 jaka_arm_left success 0.283492 0.296144 -0.448501 0.711772 0.310080 0.296798 0.556005 -1.189721 1.064915 1.371776 -1.229016 0.811314 -1.041289 0.616880
1776409987.315936 jaka_arm_left success 0.283498 0.296165 -0.448490 0.711801 0.310051 0.296782 0.555992 -1.189721 1.064915 1.371776 -1.229016 0.811314 -1.041289 0.616880
1776409987.324344 jaka_arm_left success 0.283450 0.296160 -0.448494 0.711636 0.310392 0.296966 0.555915 -1.189721 1.064915 1.371776 -1.229016 0.811314 -1.041289 0.616880
1776409987.332576 jaka_arm_left success 0.283504 0.296162 -0.448498 0.711724 0.310147 0.296853 0.555999 -1.189721 1.064915 1.371776 -1.229016 0.811314 -1.041289 0.616880
1776409987.340867 jaka_arm_left success 0.283519 0.296168 -0.448502 0.711741 0.310118 0.296893 0.555973 -1.189721 1.064915 1.371776 -1.229016 0.811314 -1.041289 0.616880
1776409987.349247 jaka_arm_left success 0.283519 0.296147 -0.448517 0.711659 0.310169 0.296862 0.556067 -1.189721 1.064915 1.371776 -1.229016 0.811314 -1.041289 0.616880
1776409987.357595 jaka_arm_left success 0.283525 0.296134 -0.448535 0.711688 0.310157 0.296835 0.556050 -1.189721 1.064915 1.371776 -1.229016 0.811314 -1.041289 0.616880
1776409987.365966 jaka_arm_left success 0.283534 0.296122 -0.448552 0.711723 0.310051 0.296914 0.556022 -1.189721 1.064915 1.371776 -1.229016 0.811314 -1.041289 0.616880
1776409987.374230 jaka_arm_left success 0.283520 0.296141 -0.448533 0.711843 0.309973 0.296714 0.556019 -1.189721 1.064915 1.371776 -1.229016 0.811314 -1.041289 0.616880
1776409987.382556 jaka_arm_left success 0.283479 0.296109 -0.448546 0.711598 0.310232 0.296968 0.556052 -1.189721 1.064915 1.371776 -1.229016 0.811314 -1.041289 0.616880
1776409987.390896 jaka_arm_left success 0.283518 0.296135 -0.448537 0.711830 0.309838 0.296925 0.555998 -1.189721 1.064915 1.371776 -1.229016 0.811314 -1.041289 0.616880
1776409987.399402 jaka_arm_left success 0.283453 0.296140 -0.448512 0.711795 0.310106 0.296898 0.555908 -1.189721 1.064915 1.371776 -1.229016 0.811314 -1.041289 0.616880
1776409987.407548 jaka_arm_left success 0.283438 0.296141 -0.448502 0.711762 0.310166 0.296927 0.555900 -1.189721 1.064915 1.371776 -1.229016 0.811314 -1.041289 0.616880
1776409987.415918 jaka_arm_left success 0.283428 0.296139 -0.448501 0.711791 0.310180 0.296920 0.555861 -1.189721 1.064915 1.371776 -1.229016 0.811314 -1.041289 0.616880
1776409987.424337 jaka_arm_left success 0.283443 0.296144 -0.448504 0.711823 0.310061 0.296945 0.555872 -1.189721 1.064915 1.371776 -1.229016 0.811314 -1.041289 0.616880
1776409987.441020 jaka_arm_left success 0.283460 0.296090 -0.448561 0.711721 0.309928 0.297019 0.556038 -1.189721 1.064915 1.371776 -1.229016 0.811314 -1.041289 0.616880
1776409987.449275 jaka_arm_left success 0.283456 0.296081 -0.448570 0.711739 0.309875 0.297035 0.556035 -1.189721 1.064915 1.371776 -1.229016 0.811314 -1.041289 0.616880
1776409987.457633 jaka_arm_left success 0.283441 0.296088 -0.448560 0.711812 0.309831 0.297105 0.555928 -1.189721 1.064915 1.371776 -1.229016 0.811314 -1.041289 0.616880
1776409987.465949 jaka_arm_left success 0.283433 0.296116 -0.448539 0.711970 0.309725 0.296910 0.555889 -1.189721 1.064915 1.371776 -1.229016 0.811314 -1.041289 0.616880
1776409987.474294 jaka_arm_left success 0.283418 0.296097 -0.448551 0.711843 0.309764 0.297042 0.555961 -1.189721 1.064915 1.371776 -1.229016 0.811314 -1.041289 0.616880
1776409987.482550 jaka_arm_left success 0.283398 0.296120 -0.448531 0.711921 0.309755 0.296842 0.555972 -1.189721 1.064915 1.371776 -1.229016 0.811314 -1.041289 0.616880
1776409987.491004 jaka_arm_left success 0.283390 0.296128 -0.448528 0.711947 0.309710 0.296845 0.555962 -1.189721 1.064915 1.371776 -1.229016 0.811314 -1.041289 0.616880
1776409987.499342 jaka_arm_left success 0.283399 0.296137 -0.448523 0.711966 0.309677 0.296733 0.556016 -1.189808 1.064654 1.371985 -1.229220 0.811547 -1.041583 0.617057
1776409987.507559 jaka_arm_left success 0.283415 0.296146 -0.448523 0.711978 0.309603 0.296769 0.556023 -1.189808 1.064654 1.371985 -1.229220 0.811547 -1.041583 0.617057
1776409987.515995 jaka_arm_left success 0.283417 0.296148 -0.448524 0.711973 0.309597 0.296812 0.556009 -1.189808 1.064654 1.371985 -1.229220 0.811547 -1.041583 0.617057
1776409987.524266 jaka_arm_left success 0.283419 0.296145 -0.448530 0.711945 0.309610 0.296857 0.556014 -1.189808 1.064654 1.371985 -1.229220 0.811547 -1.041583 0.617057
1776409987.532685 jaka_arm_left success 0.283416 0.296136 -0.448534 0.711951 0.309629 0.296839 0.556006 -1.189808 1.064654 1.371985 -1.229220 0.811547 -1.041583 0.617057
1776409987.540921 jaka_arm_left success 0.283422 0.296104 -0.448558 0.711865 0.309686 0.296968 0.556015 -1.189808 1.064654 1.371985 -1.229220 0.811547 -1.041583 0.617057
1776409987.549284 jaka_arm_left success 0.283414 0.296093 -0.448565 0.711808 0.309752 0.296853 0.556112 -1.189808 1.064654 1.371985 -1.229220 0.811547 -1.041583 0.617057
1776409987.557635 jaka_arm_left success 0.283406 0.296116 -0.448551 0.711884 0.309716 0.296686 0.556124 -1.189808 1.064654 1.371985 -1.229220 0.811547 -1.041583 0.617057
1776409987.566001 jaka_arm_left success 0.283396 0.296138 -0.448543 0.711968 0.309689 0.296621 0.556067 -1.189808 1.064654 1.371985 -1.229220 0.811547 -1.041583 0.617057
1776409987.574213 jaka_arm_left success 0.283404 0.296139 -0.448554 0.711954 0.309630 0.296795 0.556025 -1.189808 1.064654 1.371985 -1.229220 0.811547 -1.041583 0.617057
1776409987.582574 jaka_arm_left success 0.283412 0.296152 -0.448560 0.711886 0.309510 0.296646 0.556258 -1.189808 1.064654 1.371985 -1.229220 0.811547 -1.041583 0.617057
1776409987.591005 jaka_arm_left success 0.283414 0.296156 -0.448564 0.711827 0.309494 0.296677 0.556326 -1.189808 1.064654 1.371985 -1.229220 0.811547 -1.041583 0.617057
1776409987.599337 jaka_arm_left success 0.283405 0.296180 -0.448543 0.711957 0.309533 0.296734 0.556107 -1.189808 1.064654 1.371985 -1.229220 0.811547 -1.041583 0.617057
1776409987.607590 jaka_arm_left success 0.283407 0.296240 -0.448501 0.712312 0.309338 0.296277 0.556006 -1.190344 1.062703 1.372568 -1.228427 0.811713 -1.042984 0.616160
1776409987.615935 jaka_arm_left success 0.283405 0.296178 -0.448535 0.711985 0.309492 0.296619 0.556156 -1.192597 1.063498 1.372120 -1.223912 0.810626 -1.045380 0.618134
1776409987.624352 jaka_arm_left success 0.283400 0.296141 -0.448546 0.711803 0.309601 0.296559 0.556359 -1.192597 1.063498 1.372120 -1.223912 0.810626 -1.045380 0.618134
1776409987.632599 jaka_arm_left success 0.283385 0.296117 -0.448550 0.711706 0.309649 0.296419 0.556532 -1.192597 1.063498 1.372120 -1.223912 0.810626 -1.045380 0.618134
1776409987.640912 jaka_arm_left success 0.283391 0.296184 -0.448516 0.712087 0.309459 0.295993 0.556376 -1.192233 1.063432 1.372673 -1.223804 0.810894 -1.045689 0.617934
1776409987.657644 jaka_arm_left success 0.283366 0.296127 -0.448558 0.711765 0.309694 0.296349 0.556469 -1.192233 1.063432 1.372673 -1.223804 0.810894 -1.045689 0.617934
1776409987.665992 jaka_arm_left success 0.283399 0.296100 -0.448600 0.711524 0.309577 0.296393 0.556819 -1.192598 1.063816 1.372529 -1.224006 0.810405 -1.045871 0.617803
1776409987.674232 jaka_arm_left success 0.283405 0.296112 -0.448600 0.711542 0.309506 0.296453 0.556803 -1.192598 1.063816 1.372529 -1.224006 0.810405 -1.045871 0.617803
1776409987.682545 jaka_arm_left success 0.283389 0.296199 -0.448551 0.712000 0.309203 0.295990 0.556632 -1.192443 1.063442 1.372851 -1.224042 0.810828 -1.046088 0.617946
1776409987.691063 jaka_arm_left success 0.283394 0.296273 -0.448545 0.712220 0.309008 0.296478 0.556199 -1.192596 1.063060 1.372579 -1.224086 0.811039 -1.045903 0.618299
1776409987.699313 jaka_arm_left success 0.283409 0.296143 -0.448585 0.711754 0.309218 0.296471 0.556683 -1.192709 1.063443 1.372537 -1.224071 0.810640 -1.045998 0.618050
1776409987.707517 jaka_arm_left success 0.283373 0.296228 -0.448480 0.712399 0.309131 0.296012 0.556149 -1.192323 1.062985 1.372778 -1.223827 0.811173 -1.045925 0.618146
1776409987.715926 jaka_arm_left success 0.283378 0.296173 -0.448492 0.712241 0.309212 0.295910 0.556361 -1.192323 1.062985 1.372778 -1.223827 0.811173 -1.045925 0.618146
1776409987.724334 jaka_arm_left success 0.283373 0.296226 -0.448513 0.712408 0.309092 0.296585 0.555855 -1.192323 1.062985 1.372778 -1.223827 0.811173 -1.045925 0.618146
1776409987.732577 jaka_arm_left success 0.283374 0.296114 -0.448569 0.711986 0.309450 0.296521 0.556231 -1.192323 1.062985 1.372778 -1.223827 0.811173 -1.045925 0.618146
1776409987.740931 jaka_arm_left success 0.283385 0.296112 -0.448569 0.712003 0.309501 0.296354 0.556269 -1.192323 1.062985 1.372778 -1.223827 0.811173 -1.045925 0.618146
1776409987.749245 jaka_arm_left success 0.283387 0.296116 -0.448567 0.711991 0.309449 0.296417 0.556280 -1.192323 1.062985 1.372778 -1.223827 0.811173 -1.045925 0.618146
1776409987.757632 jaka_arm_left success 0.283415 0.296243 -0.448551 0.712270 0.308895 0.296394 0.556242 -1.192323 1.062985 1.372778 -1.223827 0.811173 -1.045925 0.618146
1776409987.766088 jaka_arm_left success 0.283408 0.296267 -0.448552 0.712228 0.308749 0.296383 0.556383 -1.192323 1.062985 1.372778 -1.223827 0.811173 -1.045925 0.618146
1776409987.774215 jaka_arm_left success 0.283391 0.296318 -0.448543 0.712402 0.308577 0.296386 0.556255 -1.192607 1.062762 1.372701 -1.224108 0.811269 -1.046063 0.618437
1776409987.782558 jaka_arm_left success 0.283405 0.296280 -0.448557 0.712241 0.308730 0.296393 0.556372 -1.192607 1.062762 1.372701 -1.224108 0.811269 -1.046063 0.618437
1776409987.791023 jaka_arm_left success 0.283422 0.296307 -0.448542 0.712400 0.308725 0.296427 0.556153 -1.192607 1.062762 1.372701 -1.224108 0.811269 -1.046063 0.618437
1776409987.799272 jaka_arm_left success 0.283443 0.296366 -0.448506 0.712776 0.308522 0.295825 0.556105 -1.192332 1.062406 1.373084 -1.224024 0.811704 -1.046236 0.618460
1776409987.807559 jaka_arm_left success 0.283439 0.296300 -0.448556 0.712408 0.308719 0.296172 0.556282 -1.192332 1.062406 1.373084 -1.224024 0.811704 -1.046236 0.618460
1776409987.815992 jaka_arm_left success 0.283441 0.296275 -0.448576 0.712264 0.308760 0.296133 0.556464 -1.192595 1.062778 1.372918 -1.224075 0.811220 -1.046309 0.618241
1776409987.824321 jaka_arm_left success 0.283453 0.296149 -0.448616 0.711745 0.309057 0.296039 0.557013 -1.192706 1.063349 1.372967 -1.224052 0.810658 -1.046515 0.617805
1776409987.840964 jaka_arm_left success 0.283449 0.296324 -0.448530 0.712377 0.308627 0.295780 0.556581 -1.192607 1.062799 1.373156 -1.224089 0.811174 -1.046618 0.618087
1776409987.849305 jaka_arm_left success 0.283450 0.296300 -0.448551 0.712151 0.308755 0.295915 0.556728 -1.192607 1.062799 1.373156 -1.224089 0.811174 -1.046618 0.618087
1776409987.857627 jaka_arm_left success 0.283473 0.296182 -0.448611 0.711620 0.309059 0.295805 0.557296 -1.192728 1.063446 1.373198 -1.224045 0.810522 -1.046838 0.617572
1776409987.865963 jaka_arm_left success 0.283488 0.296259 -0.448573 0.712001 0.308897 0.295304 0.557164 -1.193157 1.061923 1.373676 -1.223241 0.810494 -1.047991 0.616586
1776409987.874311 jaka_arm_left success 0.283506 0.296254 -0.448583 0.711918 0.308991 0.295368 0.557184 -1.193157 1.061923 1.373676 -1.223241 0.810494 -1.047991 0.616586
1776409987.882550 jaka_arm_left success 0.283488 0.296238 -0.448603 0.711715 0.309156 0.295612 0.557223 -1.193157 1.061923 1.373676 -1.223241 0.810494 -1.047991 0.616586
1776409987.891069 jaka_arm_left success 0.283499 0.296233 -0.448621 0.711633 0.309097 0.295591 0.557372 -1.195836 1.061569 1.373003 -1.218552 0.809121 -1.050727 0.617760
1776409987.899237 jaka_arm_left success 0.283495 0.296304 -0.448572 0.712018 0.308867 0.295061 0.557289 -1.195369 1.061252 1.373596 -1.218417 0.809691 -1.050955 0.617756
1776409987.907579 jaka_arm_left success 0.283468 0.296414 -0.448530 0.712476 0.308544 0.295087 0.556868 -1.195317 1.060718 1.373678 -1.218477 0.810201 -1.050944 0.618114
1776409987.915916 jaka_arm_left success 0.283468 0.296363 -0.448565 0.712205 0.308565 0.295512 0.556978 -1.195317 1.060718 1.373678 -1.218477 0.810201 -1.050944 0.618114
1776409987.924258 jaka_arm_left success 0.283475 0.296397 -0.448538 0.712471 0.308368 0.295193 0.556916 -1.195317 1.060718 1.373678 -1.218477 0.810201 -1.050944 0.618114
1776409987.932581 jaka_arm_left success 0.283473 0.296345 -0.448569 0.712274 0.308498 0.295546 0.556909 -1.195317 1.060718 1.373678 -1.218477 0.810201 -1.050944 0.618114
1776409987.940959 jaka_arm_left success 0.283484 0.296312 -0.448588 0.712217 0.308511 0.295743 0.556870 -1.195317 1.060718 1.373678 -1.218477 0.810201 -1.050944 0.618114
1776409987.949261 jaka_arm_left success 0.283476 0.296303 -0.448578 0.712294 0.308542 0.295777 0.556737 -1.195317 1.060718 1.373678 -1.218477 0.810201 -1.050944 0.618114
1776409987.957615 jaka_arm_left success 0.283480 0.296309 -0.448573 0.712388 0.308522 0.295890 0.556567 -1.195622 1.060511 1.373184 -1.218545 0.810212 -1.050611 0.618486
1776409987.965947 jaka_arm_left success 0.283464 0.296278 -0.448576 0.712335 0.308523 0.295830 0.556666 -1.195622 1.060511 1.373184 -1.218545 0.810212 -1.050611 0.618486
1776409987.974348 jaka_arm_left success 0.283460 0.296256 -0.448583 0.712310 0.308518 0.295907 0.556660 -1.195622 1.060511 1.373184 -1.218545 0.810212 -1.050611 0.618486
1776409987.982556 jaka_arm_left success 0.283442 0.296279 -0.448569 0.712532 0.308257 0.296028 0.556455 -1.195622 1.060511 1.373184 -1.218545 0.810212 -1.050611 0.618486
1776409987.990973 jaka_arm_left success 0.283436 0.296277 -0.448556 0.712657 0.308117 0.295994 0.556391 -1.195723 1.060236 1.373092 -1.218658 0.810456 -1.050546 0.618818
1776409987.999406 jaka_arm_left success 0.283431 0.296267 -0.448552 0.712695 0.308048 0.296070 0.556341 -1.195723 1.060236 1.373092 -1.218658 0.810456 -1.050546 0.618818
1776409988.007530 jaka_arm_left success 0.283354 0.296162 -0.448600 0.712613 0.308194 0.295585 0.556623 -1.195723 1.060236 1.373092 -1.218658 0.810456 -1.050546 0.618818
1776409988.015938 jaka_arm_left success 0.283307 0.296254 -0.448538 0.713335 0.307961 0.295668 0.555782 -1.195316 1.059617 1.373285 -1.218448 0.811212 -1.050339 0.619146
1776409988.024366 jaka_arm_left success 0.283311 0.296240 -0.448556 0.713319 0.307764 0.295697 0.555896 -1.195316 1.059617 1.373285 -1.218448 0.811212 -1.050339 0.619146
1776409988.032588 jaka_arm_left success 0.283299 0.296297 -0.448538 0.713631 0.307547 0.295809 0.555557 -1.195380 1.059227 1.373283 -1.218599 0.811593 -1.050314 0.619528
1776409988.041050 jaka_arm_left success 0.283224 0.296295 -0.448545 0.713897 0.307496 0.295346 0.555490 -1.195380 1.059227 1.373283 -1.218599 0.811593 -1.050314 0.619528
1776409988.049231 jaka_arm_left success 0.283198 0.296222 -0.448565 0.713583 0.307677 0.295217 0.555861 -1.195380 1.059227 1.373283 -1.218599 0.811593 -1.050314 0.619528
1776409988.057591 jaka_arm_left success 0.283191 0.296238 -0.448553 0.713683 0.307529 0.295266 0.555788 -1.195380 1.059227 1.373283 -1.218599 0.811593 -1.050314 0.619528
1776409988.065978 jaka_arm_left success 0.283176 0.296235 -0.448548 0.713744 0.307431 0.295262 0.555767 -1.195380 1.059227 1.373283 -1.218599 0.811593 -1.050314 0.619528
1776409988.074189 jaka_arm_left success 0.283147 0.296189 -0.448572 0.713662 0.307570 0.295052 0.555906 -1.195015 1.059338 1.373877 -1.218521 0.811770 -1.050637 0.619253
1776409988.082571 jaka_arm_left success 0.283143 0.296201 -0.448562 0.713735 0.307466 0.295316 0.555730 -1.195015 1.059338 1.373877 -1.218521 0.811770 -1.050637 0.619253
1776409988.091011 jaka_arm_left success 0.283186 0.296222 -0.448549 0.714012 0.306903 0.295471 0.555602 -1.195272 1.058920 1.373829 -1.218854 0.812100 -1.050723 0.619724
1776409988.099233 jaka_arm_left success 0.283192 0.296283 -0.448520 0.714403 0.306582 0.295510 0.555256 -1.195300 1.058402 1.373842 -1.218987 0.812593 -1.050676 0.620154
1776409988.107558 jaka_arm_left success 0.283190 0.296280 -0.448516 0.714477 0.306503 0.295537 0.555190 -1.195300 1.058402 1.373842 -1.218987 0.812593 -1.050676 0.620154
1776409988.115896 jaka_arm_left success 0.283183 0.296259 -0.448525 0.714472 0.306479 0.295512 0.555224 -1.195300 1.058402 1.373842 -1.218987 0.812593 -1.050676 0.620154
1776409988.124317 jaka_arm_left success 0.283255 0.296159 -0.448556 0.714361 0.305817 0.295185 0.555905 -1.195545 1.058314 1.374336 -1.219547 0.812781 -1.051356 0.620335
1776409988.132643 jaka_arm_left success 0.283252 0.296185 -0.448538 0.714519 0.305629 0.295178 0.555809 -1.195545 1.058314 1.374336 -1.219547 0.812781 -1.051356 0.620335
1776409988.140868 jaka_arm_left success 0.283239 0.296180 -0.448533 0.714587 0.305499 0.295255 0.555752 -1.195545 1.058314 1.374336 -1.219547 0.812781 -1.051356 0.620335
1776409988.149216 jaka_arm_left success 0.283233 0.296188 -0.448519 0.714707 0.305343 0.295298 0.555661 -1.195545 1.058314 1.374336 -1.219547 0.812781 -1.051356 0.620335
1776409988.157619 jaka_arm_left success 0.283222 0.296186 -0.448512 0.714772 0.305288 0.295405 0.555550 -1.195655 1.057886 1.374402 -1.219771 0.813177 -1.051453 0.620724
1776409988.165955 jaka_arm_left success 0.283211 0.296171 -0.448516 0.714820 0.305230 0.295458 0.555492 -1.195655 1.057886 1.374402 -1.219771 0.813177 -1.051453 0.620724
1776409988.174250 jaka_arm_left success 0.283205 0.296150 -0.448517 0.714875 0.305187 0.295520 0.555412 -1.195655 1.057886 1.374402 -1.219771 0.813177 -1.051453 0.620724
1776409988.182559 jaka_arm_left success 0.283211 0.296118 -0.448534 0.714916 0.305098 0.295668 0.555329 -1.195655 1.057886 1.374402 -1.219771 0.813177 -1.051453 0.620724
1776409988.191008 jaka_arm_left success 0.283210 0.296089 -0.448539 0.714940 0.305055 0.295759 0.555274 -1.195783 1.057562 1.374278 -1.219888 0.813439 -1.051359 0.621079
1776409988.199303 jaka_arm_left success 0.283205 0.296074 -0.448537 0.714977 0.305026 0.295846 0.555195 -1.195783 1.057562 1.374278 -1.219888 0.813439 -1.051359 0.621079
1776409988.207530 jaka_arm_left success 0.283201 0.296049 -0.448545 0.714950 0.305009 0.295837 0.555244 -1.195783 1.057562 1.374278 -1.219888 0.813439 -1.051359 0.621079
1776409988.215878 jaka_arm_left success 0.283198 0.296035 -0.448548 0.714924 0.304980 0.295838 0.555294 -1.195783 1.057562 1.374278 -1.219888 0.813439 -1.051359 0.621079
1776409988.224340 jaka_arm_left success 0.283201 0.296047 -0.448537 0.714976 0.304878 0.295755 0.555327 -1.195783 1.057562 1.374278 -1.219888 0.813439 -1.051359 0.621079
1776409988.232568 jaka_arm_left success 0.283205 0.296064 -0.448532 0.715016 0.304789 0.295707 0.555349 -1.195783 1.057562 1.374278 -1.219888 0.813439 -1.051359 0.621079
1776409988.240949 jaka_arm_left success 0.283179 0.296049 -0.448542 0.714855 0.304914 0.295837 0.555419 -1.195783 1.057562 1.374278 -1.219888 0.813439 -1.051359 0.621079
1776409988.249302 jaka_arm_left success 0.283199 0.296076 -0.448535 0.714962 0.304783 0.295660 0.555448 -1.195783 1.057562 1.374278 -1.219888 0.813439 -1.051359 0.621079
1776409988.257616 jaka_arm_left success 0.283201 0.296078 -0.448534 0.714957 0.304780 0.295694 0.555438 -1.195783 1.057562 1.374278 -1.219888 0.813439 -1.051359 0.621079
1776409988.266003 jaka_arm_left success 0.283194 0.296090 -0.448529 0.715031 0.304740 0.295622 0.555403 -1.195783 1.057562 1.374278 -1.219888 0.813439 -1.051359 0.621079
1776409988.274295 jaka_arm_left success 0.283196 0.296085 -0.448538 0.714991 0.304729 0.295612 0.555465 -1.195783 1.057562 1.374278 -1.219888 0.813439 -1.051359 0.621079
1776409988.282568 jaka_arm_left success 0.283198 0.296082 -0.448550 0.714976 0.304663 0.295548 0.555554 -1.195783 1.057562 1.374278 -1.219888 0.813439 -1.051359 0.621079
1776409988.290958 jaka_arm_left success 0.283181 0.296062 -0.448565 0.714884 0.304679 0.295662 0.555603 -1.195783 1.057562 1.374278 -1.219888 0.813439 -1.051359 0.621079
1776409988.299243 jaka_arm_left success 0.283186 0.296069 -0.448560 0.714977 0.304548 0.295513 0.555635 -1.195913 1.057448 1.374559 -1.220205 0.813625 -1.051730 0.621259
1776409988.307519 jaka_arm_left success 0.283192 0.296069 -0.448556 0.715045 0.304409 0.295476 0.555644 -1.195913 1.057448 1.374559 -1.220205 0.813625 -1.051730 0.621259
1776409988.315862 jaka_arm_left success 0.283170 0.296056 -0.448553 0.715038 0.304413 0.295517 0.555629 -1.195913 1.057448 1.374559 -1.220205 0.813625 -1.051730 0.621259
1776409988.324349 jaka_arm_left success 0.283142 0.296084 -0.448537 0.715250 0.304253 0.295500 0.555452 -1.195913 1.057448 1.374559 -1.220205 0.813625 -1.051730 0.621259
1776409988.332593 jaka_arm_left success 0.283143 0.296085 -0.448535 0.715277 0.304145 0.295487 0.555483 -1.195913 1.057448 1.374559 -1.220205 0.813625 -1.051730 0.621259
1776409988.340951 jaka_arm_left success 0.283130 0.296097 -0.448523 0.715339 0.304079 0.295515 0.555425 -1.195952 1.057083 1.374718 -1.220396 0.814012 -1.051885 0.621579
1776409988.349245 jaka_arm_left success 0.283124 0.296097 -0.448513 0.715366 0.304085 0.295524 0.555382 -1.195952 1.057083 1.374718 -1.220396 0.814012 -1.051885 0.621579
1776409988.357590 jaka_arm_left success 0.283130 0.296094 -0.448513 0.715382 0.304062 0.295542 0.555365 -1.195952 1.057083 1.374718 -1.220396 0.814012 -1.051885 0.621579
1776409988.365903 jaka_arm_left success 0.283116 0.296059 -0.448527 0.715251 0.304195 0.295771 0.555339 -1.195952 1.057083 1.374718 -1.220396 0.814012 -1.051885 0.621579
1776409988.374199 jaka_arm_left success 0.283103 0.296030 -0.448541 0.715216 0.304225 0.295799 0.555352 -1.195952 1.057083 1.374718 -1.220396 0.814012 -1.051885 0.621579
1776409988.382582 jaka_arm_left success 0.283127 0.296012 -0.448546 0.715258 0.304042 0.295522 0.555546 -1.195952 1.057083 1.374718 -1.220396 0.814012 -1.051885 0.621579
1776409988.390969 jaka_arm_left success 0.283103 0.295965 -0.448570 0.715096 0.304042 0.295418 0.555810 -1.195952 1.057083 1.374718 -1.220396 0.814012 -1.051885 0.621579
1776409988.399245 jaka_arm_left success 0.283083 0.295854 -0.448608 0.714720 0.304183 0.295277 0.556291 -1.196058 1.057734 1.375091 -1.220583 0.813529 -1.052421 0.621156
1776409988.407515 jaka_arm_left success 0.283082 0.295857 -0.448606 0.714753 0.304123 0.295194 0.556326 -1.196058 1.057734 1.375091 -1.220583 0.813529 -1.052421 0.621156
1776409988.415890 jaka_arm_left success 0.283075 0.295861 -0.448598 0.714815 0.304107 0.295208 0.556247 -1.196058 1.057734 1.375091 -1.220583 0.813529 -1.052421 0.621156
1776409988.424524 jaka_arm_left success 0.283045 0.295834 -0.448598 0.714674 0.304277 0.295538 0.556161 -1.196058 1.057734 1.375091 -1.220583 0.813529 -1.052421 0.621156
1776409988.432624 jaka_arm_left success 0.283065 0.295867 -0.448569 0.714883 0.304176 0.295344 0.556050 -1.196058 1.057734 1.375091 -1.220583 0.813529 -1.052421 0.621156
1776409988.440922 jaka_arm_left success 0.283078 0.295861 -0.448568 0.714899 0.304149 0.295311 0.556061 -1.196058 1.057734 1.375091 -1.220583 0.813529 -1.052421 0.621156
1776409988.449298 jaka_arm_left success 0.283082 0.295850 -0.448553 0.714942 0.304249 0.295388 0.555910 -1.196058 1.057734 1.375091 -1.220583 0.813529 -1.052421 0.621156
1776409988.457594 jaka_arm_left success 0.283084 0.295843 -0.448549 0.714999 0.304245 0.295427 0.555819 -1.196058 1.057734 1.375091 -1.220583 0.813529 -1.052421 0.621156
1776409988.465927 jaka_arm_left success 0.283087 0.295823 -0.448553 0.714988 0.304235 0.295373 0.555867 -1.196058 1.057734 1.375091 -1.220583 0.813529 -1.052421 0.621156
1776409988.474253 jaka_arm_left success 0.283098 0.295678 -0.448601 0.714418 0.304544 0.295275 0.556482 -1.196058 1.057734 1.375091 -1.220583 0.813529 -1.052421 0.621156
1776409988.483052 jaka_arm_left success 0.283082 0.295598 -0.448659 0.713986 0.304745 0.295747 0.556677 -1.196338 1.059330 1.374750 -1.220256 0.812625 -1.052502 0.621496
1776409988.491004 jaka_arm_left success 0.283082 0.295765 -0.448597 0.714691 0.304304 0.295444 0.556174 -1.196111 1.058617 1.374962 -1.220243 0.813387 -1.052497 0.621942
1776409988.499339 jaka_arm_left success 0.283049 0.295796 -0.448593 0.714758 0.304253 0.295550 0.556058 -1.196111 1.058617 1.374962 -1.220243 0.813387 -1.052497 0.621942
1776409988.507520 jaka_arm_left success 0.283075 0.295829 -0.448590 0.714886 0.304055 0.295355 0.556106 -1.196111 1.058617 1.374962 -1.220243 0.813387 -1.052497 0.621942
1776409988.515952 jaka_arm_left success 0.283072 0.295842 -0.448580 0.714947 0.304026 0.295296 0.556075 -1.196111 1.058617 1.374962 -1.220243 0.813387 -1.052497 0.621942
1776409988.524244 jaka_arm_left success 0.283069 0.295849 -0.448576 0.714975 0.304006 0.295301 0.556048 -1.196111 1.058617 1.374962 -1.220243 0.813387 -1.052497 0.621942
1776409988.532580 jaka_arm_left success 0.283070 0.295855 -0.448575 0.715001 0.303962 0.295303 0.556037 -1.196111 1.058617 1.374962 -1.220243 0.813387 -1.052497 0.621942
1776409988.540943 jaka_arm_left success 0.283064 0.295835 -0.448564 0.714973 0.304049 0.295328 0.556012 -1.196111 1.058617 1.374962 -1.220243 0.813387 -1.052497 0.621942
1776409988.549241 jaka_arm_left success 0.283071 0.295822 -0.448560 0.714975 0.304014 0.295355 0.556013 -1.196111 1.058617 1.374962 -1.220243 0.813387 -1.052497 0.621942
1776409988.557613 jaka_arm_left success 0.283081 0.295673 -0.448604 0.714483 0.304330 0.295251 0.556529 -1.196111 1.058617 1.374962 -1.220243 0.813387 -1.052497 0.621942
1776409988.565917 jaka_arm_left success 0.283077 0.295611 -0.448620 0.714338 0.304394 0.295178 0.556718 -1.196111 1.058617 1.374962 -1.220243 0.813387 -1.052497 0.621942
1776409988.574241 jaka_arm_left success 0.283072 0.295594 -0.448626 0.714362 0.304368 0.295196 0.556692 -1.196111 1.058617 1.374962 -1.220243 0.813387 -1.052497 0.621942
1776409988.582549 jaka_arm_left success 0.283036 0.295540 -0.448657 0.714159 0.304511 0.295467 0.556731 -1.196194 1.059067 1.375058 -1.220278 0.813005 -1.052711 0.621670
1776409988.591015 jaka_arm_left success 0.283028 0.295543 -0.448660 0.714193 0.304446 0.295463 0.556726 -1.196194 1.059067 1.375058 -1.220278 0.813005 -1.052711 0.621670
1776409988.607596 jaka_arm_left success 0.283038 0.295550 -0.448668 0.714050 0.304447 0.295844 0.556705 -1.196194 1.059067 1.375058 -1.220278 0.813005 -1.052711 0.621670
1776409988.615964 jaka_arm_left success 0.283028 0.295684 -0.448630 0.714496 0.304142 0.296004 0.556214 -1.196419 1.058689 1.374764 -1.220417 0.813235 -1.052552 0.622141
1776409988.624350 jaka_arm_left success 0.283007 0.295765 -0.448591 0.714828 0.303989 0.295752 0.556006 -1.196419 1.058689 1.374764 -1.220417 0.813235 -1.052552 0.622141
1776409988.632617 jaka_arm_left success 0.283037 0.295833 -0.448574 0.715086 0.303722 0.295439 0.555986 -1.196138 1.058100 1.375103 -1.220395 0.813927 -1.052658 0.622453
1776409988.640955 jaka_arm_left success 0.283038 0.295830 -0.448558 0.715084 0.303811 0.295375 0.555974 -1.196138 1.058100 1.375103 -1.220395 0.813927 -1.052658 0.622453
1776409988.649247 jaka_arm_left success 0.283029 0.295657 -0.448624 0.714347 0.304291 0.295500 0.556593 -1.196174 1.058761 1.375107 -1.220278 0.813325 -1.052760 0.621977
1776409988.657641 jaka_arm_left success 0.283058 0.295592 -0.448667 0.714078 0.304357 0.295666 0.556813 -1.196499 1.059727 1.374871 -1.219629 0.812682 -1.053428 0.622652
1776409988.665922 jaka_arm_left success 0.283068 0.295637 -0.448637 0.714353 0.304179 0.295207 0.556801 -1.196227 1.059449 1.375257 -1.219560 0.813082 -1.053622 0.622688
1776409988.674264 jaka_arm_left success 0.283063 0.295628 -0.448633 0.714395 0.304059 0.294922 0.556965 -1.196148 1.059398 1.375622 -1.219617 0.813200 -1.053966 0.622596
1776409988.682570 jaka_arm_left success 0.283065 0.295625 -0.448635 0.714404 0.303981 0.294832 0.557042 -1.196148 1.059398 1.375622 -1.219617 0.813200 -1.053966 0.622596
1776409988.699306 jaka_arm_left success 0.283039 0.295776 -0.448598 0.714782 0.303801 0.295409 0.556349 -1.196304 1.058858 1.375284 -1.219641 0.813526 -1.053695 0.623058
1776409988.707550 jaka_arm_left success 0.283057 0.295843 -0.448581 0.715066 0.303594 0.295204 0.556207 -1.196304 1.058858 1.375284 -1.219641 0.813526 -1.053695 0.623058
1776409988.715939 jaka_arm_left success 0.283062 0.295859 -0.448573 0.715134 0.303582 0.295182 0.556138 -1.196304 1.058858 1.375284 -1.219641 0.813526 -1.053695 0.623058
1776409988.724367 jaka_arm_left success 0.283045 0.295827 -0.448587 0.714945 0.303726 0.295456 0.556157 -1.196304 1.058858 1.375284 -1.219641 0.813526 -1.053695 0.623058
1776409988.732580 jaka_arm_left success 0.283065 0.295824 -0.448591 0.714946 0.303672 0.295413 0.556208 -1.196304 1.058858 1.375284 -1.219641 0.813526 -1.053695 0.623058
1776409988.740936 jaka_arm_left success 0.283044 0.295801 -0.448580 0.714956 0.303797 0.295373 0.556147 -1.196304 1.058858 1.375284 -1.219641 0.813526 -1.053695 0.623058
1776409988.749321 jaka_arm_left success 0.283062 0.295648 -0.448633 0.714409 0.304094 0.295240 0.556759 -1.196304 1.058858 1.375284 -1.219641 0.813526 -1.053695 0.623058
1776409988.757581 jaka_arm_left success 0.283102 0.295619 -0.448641 0.714469 0.303907 0.294742 0.557047 -1.196145 1.059217 1.375715 -1.219578 0.813317 -1.054073 0.622611
1776409988.765890 jaka_arm_left success 0.283116 0.295614 -0.448641 0.714472 0.303837 0.294705 0.557102 -1.196145 1.059217 1.375715 -1.219578 0.813317 -1.054073 0.622611
1776409988.774194 jaka_arm_left success 0.283115 0.295604 -0.448639 0.714491 0.303858 0.294676 0.557080 -1.196145 1.059217 1.375715 -1.219578 0.813317 -1.054073 0.622611
1776409988.782593 jaka_arm_left success 0.283094 0.295581 -0.448652 0.714320 0.304052 0.294943 0.557054 -1.196145 1.059217 1.375715 -1.219578 0.813317 -1.054073 0.622611
1776409988.791006 jaka_arm_left success 0.283124 0.295645 -0.448635 0.714552 0.303918 0.294876 0.556864 -1.196145 1.059217 1.375715 -1.219578 0.813317 -1.054073 0.622611
1776409988.799262 jaka_arm_left success 0.283126 0.295667 -0.448632 0.714591 0.303952 0.294805 0.556833 -1.196145 1.059217 1.375715 -1.219578 0.813317 -1.054073 0.622611
1776409988.807555 jaka_arm_left success 0.283123 0.295822 -0.448589 0.715093 0.303613 0.294949 0.556298 -1.196138 1.058544 1.375615 -1.219562 0.813848 -1.053903 0.623036
1776409988.824318 jaka_arm_left success 0.283112 0.295869 -0.448575 0.715168 0.303527 0.294989 0.556226 -1.196138 1.058544 1.375615 -1.219562 0.813848 -1.053903 0.623036
1776409988.832617 jaka_arm_left success 0.283113 0.295882 -0.448574 0.715193 0.303452 0.294865 0.556300 -1.196138 1.058544 1.375615 -1.219562 0.813848 -1.053903 0.623036
1776409988.840893 jaka_arm_left success 0.283068 0.295848 -0.448583 0.715020 0.303594 0.295079 0.556332 -1.196138 1.058544 1.375615 -1.219562 0.813848 -1.053903 0.623036
1776409988.849252 jaka_arm_left success 0.283077 0.295849 -0.448565 0.715143 0.303524 0.294877 0.556319 -1.196138 1.058544 1.375615 -1.219562 0.813848 -1.053903 0.623036
1776409988.857635 jaka_arm_left success 0.283087 0.295702 -0.448615 0.714625 0.303788 0.294823 0.556870 -1.196138 1.058544 1.375615 -1.219562 0.813848 -1.053903 0.623036
1776409988.865976 jaka_arm_left success 0.283075 0.295626 -0.448640 0.714436 0.303864 0.294711 0.557130 -1.196197 1.059121 1.375836 -1.219568 0.813327 -1.054250 0.622529
1776409988.874308 jaka_arm_left success 0.283072 0.295622 -0.448636 0.714533 0.303737 0.294662 0.557100 -1.196197 1.059121 1.375836 -1.219568 0.813327 -1.054250 0.622529
1776409988.882568 jaka_arm_left success 0.283071 0.295615 -0.448636 0.714551 0.303699 0.294734 0.557060 -1.196197 1.059121 1.375836 -1.219568 0.813327 -1.054250 0.622529
1776409988.891007 jaka_arm_left success 0.283055 0.295538 -0.448681 0.714201 0.303878 0.295218 0.557154 -1.196542 1.059250 1.375560 -1.219703 0.813031 -1.054254 0.622584
1776409988.899334 jaka_arm_left success 0.283047 0.295666 -0.448618 0.714864 0.303507 0.294962 0.556642 -1.196542 1.059250 1.375560 -1.219703 0.813031 -1.054254 0.622584
1776409988.915909 jaka_arm_left success 0.282999 0.295633 -0.448636 0.714788 0.303477 0.295317 0.556567 -1.196556 1.058678 1.375440 -1.219712 0.813494 -1.054103 0.623021
1776409988.924424 jaka_arm_left success 0.283012 0.295663 -0.448606 0.715043 0.303296 0.294985 0.556515 -1.196556 1.058678 1.375440 -1.219712 0.813494 -1.054103 0.623021
1776409988.932585 jaka_arm_left success 0.282990 0.295634 -0.448616 0.715033 0.303248 0.294912 0.556593 -1.196348 1.058371 1.375777 -1.219676 0.813881 -1.054288 0.623088
1776409988.940896 jaka_arm_left success 0.282987 0.295622 -0.448616 0.715044 0.303162 0.294938 0.556612 -1.196348 1.058371 1.375777 -1.219676 0.813881 -1.054288 0.623088
1776409988.949263 jaka_arm_left success 0.282982 0.295601 -0.448617 0.715013 0.303129 0.294954 0.556661 -1.196348 1.058371 1.375777 -1.219676 0.813881 -1.054288 0.623088
1776409988.957636 jaka_arm_left success 0.282978 0.295566 -0.448615 0.714963 0.302800 0.295229 0.556758 -1.196348 1.058371 1.375777 -1.219676 0.813881 -1.054288 0.623088
1776409988.965928 jaka_arm_left success 0.282992 0.295598 -0.448597 0.715200 0.302576 0.295081 0.556654 -1.196606 1.058094 1.375830 -1.220002 0.814068 -1.054536 0.623401
1776409988.974212 jaka_arm_left success 0.282986 0.295537 -0.448632 0.714884 0.302717 0.295536 0.556741 -1.196606 1.058094 1.375830 -1.220002 0.814068 -1.054536 0.623401
1776409988.982579 jaka_arm_left success 0.282957 0.295576 -0.448606 0.715105 0.302616 0.295382 0.556594 -1.196606 1.058094 1.375830 -1.220002 0.814068 -1.054536 0.623401
1776409988.990946 jaka_arm_left success 0.282965 0.295603 -0.448601 0.715211 0.302496 0.295353 0.556540 -1.196606 1.058094 1.375830 -1.220002 0.814068 -1.054536 0.623401
1776409989.007546 jaka_arm_left success 0.282988 0.295596 -0.448633 0.715107 0.302452 0.295520 0.556608 -1.196606 1.058094 1.375830 -1.220002 0.814068 -1.054536 0.623401
1776409989.015909 jaka_arm_left success 0.282935 0.295601 -0.448637 0.715042 0.302846 0.295361 0.556562 -1.196606 1.058094 1.375830 -1.220002 0.814068 -1.054536 0.623401
1776409989.024322 jaka_arm_left success 0.282952 0.295625 -0.448627 0.715210 0.302779 0.295034 0.556555 -1.196606 1.058094 1.375830 -1.220002 0.814068 -1.054536 0.623401
1776409989.032588 jaka_arm_left success 0.282937 0.295605 -0.448635 0.715105 0.302840 0.295236 0.556551 -1.196606 1.058094 1.375830 -1.220002 0.814068 -1.054536 0.623401
1776409989.040900 jaka_arm_left success 0.283000 0.295580 -0.448645 0.715051 0.302475 0.295518 0.556668 -1.196606 1.058094 1.375830 -1.220002 0.814068 -1.054536 0.623401
1776409989.049221 jaka_arm_left success 0.282992 0.295610 -0.448619 0.715195 0.302396 0.295303 0.556640 -1.196606 1.058094 1.375830 -1.220002 0.814068 -1.054536 0.623401
1776409989.057606 jaka_arm_left success 0.282997 0.295620 -0.448602 0.715273 0.302439 0.294896 0.556733 -1.196629 1.057916 1.376084 -1.220135 0.814254 -1.054835 0.623480
1776409989.065922 jaka_arm_left success 0.282966 0.295607 -0.448608 0.715144 0.302606 0.295082 0.556710 -1.196629 1.057916 1.376084 -1.220135 0.814254 -1.054835 0.623480
1776409989.074254 jaka_arm_left success 0.283019 0.295636 -0.448603 0.715159 0.302510 0.294834 0.556874 -1.196629 1.057916 1.376084 -1.220135 0.814254 -1.054835 0.623480
1776409989.082560 jaka_arm_left success 0.282984 0.295552 -0.448673 0.714536 0.303243 0.295093 0.557138 -1.196641 1.058598 1.375898 -1.219843 0.813550 -1.054731 0.622931
1776409989.091022 jaka_arm_left success 0.283004 0.295651 -0.448625 0.714915 0.303046 0.294603 0.557017 -1.196641 1.058598 1.375898 -1.219843 0.813550 -1.054731 0.622931
1776409989.099304 jaka_arm_left success 0.282989 0.295654 -0.448643 0.714802 0.303143 0.294699 0.557059 -1.196641 1.058598 1.375898 -1.219843 0.813550 -1.054731 0.622931
1776409989.107569 jaka_arm_left success 0.283018 0.295713 -0.448636 0.714974 0.303045 0.294634 0.556927 -1.196641 1.058598 1.375898 -1.219843 0.813550 -1.054731 0.622931
1776409989.115911 jaka_arm_left success 0.283021 0.295676 -0.448690 0.714651 0.303116 0.295155 0.557026 -1.198253 1.056895 1.375198 -1.216133 0.812470 -1.057542 0.623401
1776409989.124349 jaka_arm_left success 0.283013 0.295690 -0.448661 0.714761 0.303085 0.294921 0.557027 -1.198253 1.056895 1.375198 -1.216133 0.812470 -1.057542 0.623401
1776409989.132577 jaka_arm_left success 0.282999 0.295707 -0.448647 0.714799 0.302991 0.294918 0.557030 -1.198253 1.056895 1.375198 -1.216133 0.812470 -1.057542 0.623401
1776409989.140856 jaka_arm_left success 0.283014 0.295709 -0.448644 0.714807 0.302911 0.294795 0.557128 -1.198253 1.056895 1.375198 -1.216133 0.812470 -1.057542 0.623401
1776409989.149363 jaka_arm_left success 0.282992 0.295658 -0.448654 0.714663 0.303016 0.294646 0.557335 -1.198082 1.057106 1.375709 -1.216163 0.812498 -1.057951 0.623176
1776409989.157619 jaka_arm_left success 0.283019 0.295610 -0.448674 0.714460 0.303152 0.294849 0.557414 -1.198082 1.057106 1.375709 -1.216163 0.812498 -1.057951 0.623176
1776409989.166082 jaka_arm_left success 0.283013 0.295644 -0.448643 0.714654 0.303114 0.294713 0.557257 -1.198082 1.057106 1.375709 -1.216163 0.812498 -1.057951 0.623176
1776409989.174447 jaka_arm_left success 0.283014 0.295646 -0.448643 0.714685 0.303156 0.294713 0.557195 -1.198082 1.057106 1.375709 -1.216163 0.812498 -1.057951 0.623176
1776409989.190985 jaka_arm_left success 0.283030 0.295687 -0.448623 0.714852 0.303042 0.294805 0.556995 -1.198082 1.057106 1.375709 -1.216163 0.812498 -1.057951 0.623176
1776409989.199291 jaka_arm_left success 0.283058 0.295722 -0.448607 0.715016 0.302923 0.294586 0.556964 -1.198082 1.057106 1.375709 -1.216163 0.812498 -1.057951 0.623176
1776409989.207592 jaka_arm_left success 0.283074 0.295756 -0.448599 0.715058 0.302940 0.294652 0.556865 -1.198082 1.057106 1.375709 -1.216163 0.812498 -1.057951 0.623176
1776409989.215901 jaka_arm_left success 0.283079 0.295754 -0.448617 0.714997 0.302987 0.294585 0.556954 -1.198082 1.057106 1.375709 -1.216163 0.812498 -1.057951 0.623176
1776409989.224385 jaka_arm_left success 0.283064 0.295883 -0.448579 0.715525 0.302709 0.294632 0.556402 -1.197878 1.056244 1.375712 -1.216042 0.813332 -1.057677 0.623716
1776409989.232581 jaka_arm_left success 0.283029 0.295718 -0.448643 0.714890 0.303224 0.294774 0.556862 -1.197917 1.056740 1.375613 -1.215880 0.812869 -1.057608 0.623365
1776409989.240949 jaka_arm_left success 0.283033 0.295704 -0.448620 0.715001 0.303246 0.294523 0.556840 -1.197917 1.056740 1.375613 -1.215880 0.812869 -1.057608 0.623365
1776409989.249242 jaka_arm_left success 0.283010 0.295603 -0.448661 0.714609 0.303441 0.294886 0.557045 -1.197917 1.056740 1.375613 -1.215880 0.812869 -1.057608 0.623365
1776409989.257605 jaka_arm_left success 0.283014 0.295657 -0.448622 0.714948 0.303132 0.294540 0.556962 -1.197917 1.056740 1.375613 -1.215880 0.812869 -1.057608 0.623365
1776409989.265975 jaka_arm_left success 0.282991 0.295630 -0.448646 0.714802 0.303102 0.294770 0.557045 -1.197917 1.056740 1.375613 -1.215880 0.812869 -1.057608 0.623365
1776409989.282558 jaka_arm_left success 0.283038 0.295629 -0.448627 0.715033 0.302436 0.294979 0.556999 -1.198268 1.056597 1.375614 -1.216271 0.812950 -1.057850 0.623687
1776409989.290947 jaka_arm_left success 0.283030 0.295610 -0.448617 0.715106 0.302352 0.295093 0.556890 -1.198268 1.056597 1.375614 -1.216271 0.812950 -1.057850 0.623687
1776409989.299203 jaka_arm_left success 0.283032 0.295579 -0.448630 0.715121 0.302335 0.295456 0.556688 -1.198510 1.056412 1.375391 -1.216421 0.813049 -1.057756 0.624030
1776409989.307544 jaka_arm_left success 0.283065 0.295624 -0.448581 0.715682 0.301636 0.295273 0.556443 -1.198573 1.055865 1.375530 -1.216654 0.813621 -1.057871 0.624545
1776409989.315906 jaka_arm_left success 0.283081 0.295642 -0.448555 0.716006 0.301394 0.295076 0.556261 -1.198573 1.055865 1.375530 -1.216654 0.813621 -1.057871 0.624545
1776409989.324324 jaka_arm_left success 0.283040 0.295544 -0.448600 0.715730 0.301692 0.295310 0.556332 -1.198573 1.055865 1.375530 -1.216654 0.813621 -1.057871 0.624545
1776409989.332591 jaka_arm_left success 0.283041 0.295509 -0.448615 0.715614 0.301726 0.295393 0.556418 -1.198573 1.055865 1.375530 -1.216654 0.813621 -1.057871 0.624545
1776409989.340935 jaka_arm_left success 0.283037 0.295503 -0.448613 0.715652 0.301727 0.295361 0.556386 -1.198573 1.055865 1.375530 -1.216654 0.813621 -1.057871 0.624545
1776409989.349236 jaka_arm_left success 0.283042 0.295504 -0.448614 0.715659 0.301735 0.295392 0.556355 -1.198573 1.055865 1.375530 -1.216654 0.813621 -1.057871 0.624545
1776409989.357628 jaka_arm_left success 0.283057 0.295511 -0.448609 0.715674 0.301727 0.295435 0.556317 -1.198573 1.055865 1.375530 -1.216654 0.813621 -1.057871 0.624545
1776409989.365953 jaka_arm_left success 0.283054 0.295542 -0.448585 0.715818 0.301686 0.295232 0.556263 -1.198573 1.055865 1.375530 -1.216654 0.813621 -1.057871 0.624545
1776409989.374198 jaka_arm_left success 0.283042 0.295534 -0.448580 0.715744 0.301934 0.295527 0.556066 -1.198573 1.055865 1.375530 -1.216654 0.813621 -1.057871 0.624545
1776409989.382548 jaka_arm_left success 0.283076 0.295534 -0.448609 0.715603 0.301916 0.295475 0.556285 -1.198573 1.055865 1.375530 -1.216654 0.813621 -1.057871 0.624545
1776409989.390989 jaka_arm_left success 0.283086 0.295603 -0.448575 0.715875 0.301791 0.294861 0.556329 -1.198573 1.055865 1.375530 -1.216654 0.813621 -1.057871 0.624545
1776409989.399276 jaka_arm_left success 0.282981 0.295522 -0.448630 0.715115 0.302864 0.295388 0.556444 -1.198276 1.056370 1.375358 -1.216102 0.813233 -1.057460 0.624078
1776409989.407544 jaka_arm_left success 0.282998 0.295557 -0.448610 0.715054 0.302810 0.295196 0.556654 -1.198276 1.056370 1.375358 -1.216102 0.813233 -1.057460 0.624078
1776409989.415894 jaka_arm_left success 0.282979 0.295512 -0.448662 0.714625 0.303412 0.295265 0.556840 -1.198195 1.057041 1.375265 -1.215807 0.812671 -1.057322 0.623591
1776409989.424328 jaka_arm_left success 0.282960 0.295562 -0.448648 0.714737 0.303405 0.295086 0.556795 -1.198195 1.057041 1.375265 -1.215807 0.812671 -1.057322 0.623591
1776409989.432588 jaka_arm_left success 0.282960 0.295572 -0.448654 0.714758 0.303397 0.295006 0.556814 -1.198195 1.057041 1.375265 -1.215807 0.812671 -1.057322 0.623591
1776409989.440916 jaka_arm_left success 0.282993 0.295598 -0.448645 0.714897 0.303282 0.294802 0.556807 -1.198195 1.057041 1.375265 -1.215807 0.812671 -1.057322 0.623591
1776409989.449239 jaka_arm_left success 0.282980 0.295587 -0.448651 0.714800 0.303352 0.295061 0.556756 -1.198195 1.057041 1.375265 -1.215807 0.812671 -1.057322 0.623591
1776409989.457582 jaka_arm_left success 0.282982 0.295565 -0.448650 0.714740 0.303389 0.295147 0.556767 -1.198195 1.057041 1.375265 -1.215807 0.812671 -1.057322 0.623591
1776409989.465989 jaka_arm_left success 0.283008 0.295524 -0.448680 0.714565 0.303403 0.295445 0.556826 -1.198195 1.057041 1.375265 -1.215807 0.812671 -1.057322 0.623591
1776409989.474258 jaka_arm_left success 0.282988 0.295530 -0.448652 0.714745 0.303379 0.295326 0.556671 -1.198195 1.057041 1.375265 -1.215807 0.812671 -1.057322 0.623591
1776409989.482563 jaka_arm_left success 0.283001 0.295544 -0.448613 0.715158 0.302942 0.294881 0.556615 -1.198195 1.057041 1.375265 -1.215807 0.812671 -1.057322 0.623591
1776409989.490973 jaka_arm_left success 0.282983 0.295534 -0.448593 0.715159 0.302935 0.295274 0.556410 -1.198248 1.056701 1.375244 -1.215907 0.813017 -1.057269 0.623951
1776409989.499315 jaka_arm_left success 0.283033 0.295505 -0.448585 0.715365 0.302564 0.295426 0.556265 -1.198357 1.056427 1.375226 -1.216058 0.813296 -1.057264 0.624292
1776409989.507525 jaka_arm_left success 0.282955 0.295518 -0.448561 0.715449 0.303082 0.295154 0.556020 -1.198357 1.056427 1.375226 -1.216058 0.813296 -1.057264 0.624292
1776409989.515888 jaka_arm_left success 0.282934 0.295449 -0.448609 0.715114 0.303403 0.295519 0.556082 -1.198111 1.056698 1.375049 -1.215622 0.813121 -1.056854 0.624047
1776409989.524308 jaka_arm_left success 0.282949 0.295512 -0.448579 0.715442 0.303213 0.295144 0.555963 -1.198111 1.056698 1.375049 -1.215622 0.813121 -1.056854 0.624047
1776409989.532552 jaka_arm_left success 0.283000 0.295523 -0.448603 0.715381 0.303003 0.295003 0.556230 -1.198111 1.056698 1.375049 -1.215622 0.813121 -1.056854 0.624047
1776409989.540906 jaka_arm_left success 0.282978 0.295453 -0.448667 0.714730 0.303618 0.295664 0.556381 -1.198246 1.057186 1.374825 -1.215545 0.812678 -1.056704 0.623869
1776409989.549275 jaka_arm_left success 0.282999 0.295531 -0.448630 0.715027 0.303403 0.295220 0.556352 -1.198246 1.057186 1.374825 -1.215545 0.812678 -1.056704 0.623869
1776409989.557607 jaka_arm_left success 0.282977 0.295519 -0.448637 0.714869 0.303532 0.295422 0.556378 -1.198246 1.057186 1.374825 -1.215545 0.812678 -1.056704 0.623869
1776409989.565926 jaka_arm_left success 0.283006 0.295486 -0.448667 0.714634 0.303624 0.295553 0.556560 -1.198246 1.057186 1.374825 -1.215545 0.812678 -1.056704 0.623869
1776409989.574231 jaka_arm_left success 0.282989 0.295477 -0.448654 0.714612 0.303719 0.295517 0.556556 -1.198246 1.057186 1.374825 -1.215545 0.812678 -1.056704 0.623869
1776409989.582555 jaka_arm_left success 0.283038 0.295583 -0.448591 0.715186 0.303066 0.295046 0.556423 -1.198108 1.056892 1.375359 -1.215749 0.813188 -1.057088 0.624069
1776409989.591001 jaka_arm_left success 0.283028 0.295592 -0.448577 0.715292 0.303014 0.294948 0.556369 -1.198108 1.056892 1.375359 -1.215749 0.813188 -1.057088 0.624069
1776409989.599348 jaka_arm_left success 0.283030 0.295577 -0.448591 0.715255 0.303001 0.294855 0.556472 -1.198108 1.056892 1.375359 -1.215749 0.813188 -1.057088 0.624069
1776409989.607527 jaka_arm_left success 0.283009 0.295548 -0.448607 0.715090 0.303097 0.295179 0.556460 -1.198108 1.056892 1.375359 -1.215749 0.813188 -1.057088 0.624069
1776409989.615901 jaka_arm_left success 0.283037 0.295537 -0.448617 0.715054 0.303093 0.295285 0.556452 -1.198108 1.056892 1.375359 -1.215749 0.813188 -1.057088 0.624069
1776409989.624268 jaka_arm_left success 0.283048 0.295579 -0.448590 0.715331 0.302908 0.295094 0.556298 -1.198108 1.056892 1.375359 -1.215749 0.813188 -1.057088 0.624069
1776409989.632562 jaka_arm_left success 0.283022 0.295545 -0.448630 0.715079 0.303380 0.295119 0.556351 -1.198108 1.056892 1.375359 -1.215749 0.813188 -1.057088 0.624069
1776409989.640934 jaka_arm_left success 0.283000 0.295463 -0.448668 0.714725 0.303666 0.295648 0.556370 -1.198232 1.057338 1.374899 -1.215516 0.812705 -1.056674 0.623906
1776409989.649328 jaka_arm_left success 0.283038 0.295472 -0.448648 0.714892 0.303255 0.295798 0.556300 -1.198411 1.057198 1.374825 -1.215704 0.812837 -1.056685 0.624199
1776409989.657656 jaka_arm_left success 0.283009 0.295504 -0.448581 0.715160 0.303358 0.295452 0.556082 -1.198411 1.057198 1.374825 -1.215704 0.812837 -1.056685 0.624199
1776409989.665940 jaka_arm_left success 0.282990 0.295531 -0.448563 0.715330 0.303321 0.295502 0.555857 -1.198085 1.056869 1.374955 -1.215485 0.813316 -1.056481 0.624369
1776409989.674232 jaka_arm_left success 0.282987 0.295505 -0.448561 0.715221 0.303489 0.295337 0.555994 -1.198085 1.056869 1.374955 -1.215485 0.813316 -1.056481 0.624369
1776409989.682583 jaka_arm_left success 0.282950 0.295425 -0.448604 0.714900 0.303794 0.295340 0.556239 -1.197977 1.057304 1.375040 -1.215331 0.813027 -1.056478 0.624039
1776409989.691000 jaka_arm_left success 0.282980 0.295452 -0.448591 0.715066 0.303681 0.295104 0.556213 -1.197977 1.057304 1.375040 -1.215331 0.813027 -1.056478 0.624039
1776409989.699307 jaka_arm_left success 0.282987 0.295465 -0.448585 0.715107 0.303641 0.295095 0.556186 -1.197977 1.057304 1.375040 -1.215331 0.813027 -1.056478 0.624039
1776409989.707529 jaka_arm_left success 0.283035 0.295503 -0.448571 0.715204 0.303452 0.295228 0.556094 -1.197977 1.057304 1.375040 -1.215331 0.813027 -1.056478 0.624039
1776409989.715920 jaka_arm_left success 0.283039 0.295489 -0.448588 0.715179 0.303514 0.295081 0.556170 -1.197977 1.057304 1.375040 -1.215331 0.813027 -1.056478 0.624039
1776409989.724310 jaka_arm_left success 0.283039 0.295422 -0.448645 0.714782 0.303776 0.295504 0.556313 -1.197977 1.057304 1.375040 -1.215331 0.813027 -1.056478 0.624039
1776409989.732577 jaka_arm_left success 0.283036 0.295434 -0.448665 0.714706 0.304033 0.294863 0.556610 -1.197818 1.057738 1.375333 -1.215223 0.812793 -1.056656 0.623638
1776409989.740876 jaka_arm_left success 0.283025 0.295514 -0.448606 0.714952 0.304110 0.295011 0.556174 -1.197818 1.057738 1.375333 -1.215223 0.812793 -1.056656 0.623638
1776409989.749221 jaka_arm_left success 0.283028 0.295535 -0.448590 0.714952 0.304153 0.295061 0.556124 -1.197818 1.057738 1.375333 -1.215223 0.812793 -1.056656 0.623638
1776409989.757623 jaka_arm_left success 0.283029 0.295547 -0.448584 0.714932 0.304268 0.295019 0.556108 -1.197818 1.057738 1.375333 -1.215223 0.812793 -1.056656 0.623638
1776409989.765972 jaka_arm_left success 0.283047 0.295558 -0.448581 0.714847 0.304466 0.295049 0.556094 -1.197818 1.057738 1.375333 -1.215223 0.812793 -1.056656 0.623638
1776409989.774223 jaka_arm_left success 0.283064 0.295576 -0.448580 0.714820 0.304507 0.295054 0.556104 -1.197818 1.057738 1.375333 -1.215223 0.812793 -1.056656 0.623638
1776409989.782564 jaka_arm_left success 0.283085 0.295599 -0.448585 0.714772 0.304520 0.295073 0.556148 -1.197818 1.057738 1.375333 -1.215223 0.812793 -1.056656 0.623638
1776409989.790982 jaka_arm_left success 0.283150 0.295587 -0.448634 0.714524 0.304392 0.294880 0.556638 -1.197818 1.057738 1.375333 -1.215223 0.812793 -1.056656 0.623638
1776409989.799219 jaka_arm_left success 0.283148 0.295587 -0.448657 0.714395 0.304496 0.295215 0.556570 -1.197915 1.058127 1.375059 -1.215055 0.812378 -1.056415 0.623415
1776409989.807510 jaka_arm_left success 0.283148 0.295598 -0.448653 0.714385 0.304615 0.295207 0.556522 -1.197915 1.058127 1.375059 -1.215055 0.812378 -1.056415 0.623415
1776409989.815868 jaka_arm_left success 0.283176 0.295663 -0.448623 0.714609 0.304511 0.294977 0.556413 -1.197915 1.058127 1.375059 -1.215055 0.812378 -1.056415 0.623415
1776409989.824301 jaka_arm_left success 0.283184 0.295826 -0.448580 0.715139 0.304166 0.295036 0.555889 -1.197731 1.057458 1.375082 -1.214958 0.813051 -1.056173 0.623823
1776409989.832577 jaka_arm_left success 0.283181 0.295871 -0.448567 0.715251 0.304121 0.295022 0.555777 -1.197731 1.057458 1.375082 -1.214958 0.813051 -1.056173 0.623823
1776409989.840885 jaka_arm_left success 0.283178 0.295878 -0.448562 0.715275 0.304138 0.295001 0.555748 -1.197731 1.057458 1.375082 -1.214958 0.813051 -1.056173 0.623823
1776409989.849240 jaka_arm_left success 0.283176 0.295879 -0.448556 0.715307 0.304147 0.295013 0.555696 -1.197731 1.057458 1.375082 -1.214958 0.813051 -1.056173 0.623823
1776409989.857622 jaka_arm_left success 0.283170 0.295842 -0.448573 0.715127 0.304291 0.295264 0.555716 -1.197731 1.057458 1.375082 -1.214958 0.813051 -1.056173 0.623823
1776409989.865964 jaka_arm_left success 0.283182 0.295843 -0.448572 0.715245 0.304189 0.295170 0.555669 -1.197731 1.057458 1.375082 -1.214958 0.813051 -1.056173 0.623823
1776409989.882753 jaka_arm_left success 0.283137 0.295682 -0.448589 0.714958 0.304770 0.295292 0.555655 -1.197579 1.057584 1.374813 -1.214581 0.812936 -1.055698 0.623668
1776409989.890998 jaka_arm_left success 0.283130 0.295604 -0.448612 0.714747 0.304914 0.295249 0.555871 -1.197579 1.057584 1.374813 -1.214581 0.812936 -1.055698 0.623668
1776409989.899352 jaka_arm_left success 0.283103 0.295594 -0.448599 0.714794 0.304959 0.295268 0.555775 -1.197579 1.057584 1.374813 -1.214581 0.812936 -1.055698 0.623668
1776409989.907656 jaka_arm_left success 0.283089 0.295584 -0.448591 0.714808 0.304945 0.295280 0.555758 -1.197579 1.057584 1.374813 -1.214581 0.812936 -1.055698 0.623668
1776409989.916152 jaka_arm_left success 0.283078 0.295570 -0.448580 0.714822 0.304951 0.295258 0.555749 -1.197579 1.057584 1.374813 -1.214581 0.812936 -1.055698 0.623668
1776409989.924347 jaka_arm_left success 0.283047 0.295563 -0.448570 0.714864 0.304996 0.295298 0.555649 -1.197579 1.057584 1.374813 -1.214581 0.812936 -1.055698 0.623668
1776409989.932770 jaka_arm_left success 0.283063 0.295561 -0.448578 0.714881 0.304975 0.295337 0.555617 -1.197579 1.057584 1.374813 -1.214581 0.812936 -1.055698 0.623668
1776409989.940996 jaka_arm_left success 0.283073 0.295562 -0.448591 0.714862 0.305014 0.295407 0.555584 -1.197579 1.057584 1.374813 -1.214581 0.812936 -1.055698 0.623668
1776409989.949224 jaka_arm_left success 0.283083 0.295580 -0.448591 0.714927 0.305011 0.295473 0.555466 -1.197572 1.057749 1.374066 -1.214089 0.812769 -1.054639 0.623696
1776409989.957624 jaka_arm_left success 0.283105 0.295597 -0.448596 0.714922 0.305038 0.295505 0.555442 -1.197572 1.057749 1.374066 -1.214089 0.812769 -1.054639 0.623696
1776409989.965971 jaka_arm_left success 0.283131 0.295583 -0.448596 0.714842 0.305119 0.295399 0.555556 -1.197572 1.057749 1.374066 -1.214089 0.812769 -1.054639 0.623696
1776409989.974169 jaka_arm_left success 0.283146 0.295574 -0.448607 0.714705 0.305207 0.295385 0.555692 -1.197572 1.057749 1.374066 -1.214089 0.812769 -1.054639 0.623696
1776409989.982715 jaka_arm_left success 0.283142 0.295584 -0.448607 0.714641 0.305285 0.295349 0.555749 -1.197572 1.057749 1.374066 -1.214089 0.812769 -1.054639 0.623696
1776409989.990992 jaka_arm_left success 0.283129 0.295595 -0.448602 0.714593 0.305365 0.295290 0.555799 -1.197572 1.057749 1.374066 -1.214089 0.812769 -1.054639 0.623696
1776409989.999326 jaka_arm_left success 0.283122 0.295611 -0.448585 0.714594 0.305382 0.295245 0.555812 -1.197572 1.057749 1.374066 -1.214089 0.812769 -1.054639 0.623696
1776409990.015891 jaka_arm_left success 0.283124 0.295406 -0.448647 0.713927 0.305714 0.294823 0.556711 -1.197522 1.059007 1.374877 -1.214272 0.811939 -1.055505 0.622708
1776409990.024306 jaka_arm_left success 0.283193 0.295647 -0.448618 0.714472 0.305303 0.295609 0.555819 -1.197822 1.058482 1.374527 -1.214497 0.812292 -1.055258 0.623313
1776409990.032560 jaka_arm_left success 0.283224 0.295746 -0.448618 0.714706 0.305199 0.295936 0.555401 -1.197912 1.058037 1.374169 -1.214479 0.812642 -1.054826 0.623782
1776409990.040910 jaka_arm_left success 0.283245 0.295765 -0.448623 0.714772 0.305207 0.296031 0.555262 -1.197912 1.058037 1.374169 -1.214479 0.812642 -1.054826 0.623782
1776409990.049224 jaka_arm_left success 0.283316 0.295803 -0.448604 0.714984 0.304892 0.296141 0.555103 -1.197992 1.057695 1.374012 -1.214553 0.812968 -1.054604 0.624169
1776409990.065941 jaka_arm_left success 0.283331 0.295816 -0.448587 0.715074 0.304849 0.296149 0.555006 -1.197992 1.057695 1.374012 -1.214553 0.812968 -1.054604 0.624169
1776409990.074170 jaka_arm_left success 0.283320 0.295813 -0.448582 0.715049 0.304919 0.296083 0.555035 -1.197992 1.057695 1.374012 -1.214553 0.812968 -1.054604 0.624169
1776409990.082539 jaka_arm_left success 0.283312 0.295802 -0.448575 0.715049 0.304997 0.295981 0.555046 -1.197992 1.057695 1.374012 -1.214553 0.812968 -1.054604 0.624169
1776409990.090961 jaka_arm_left success 0.283316 0.295791 -0.448561 0.715054 0.305064 0.295866 0.555065 -1.197992 1.057695 1.374012 -1.214553 0.812968 -1.054604 0.624169
1776409990.099341 jaka_arm_left success 0.283325 0.295798 -0.448550 0.715040 0.305143 0.295860 0.555042 -1.197992 1.057695 1.374012 -1.214553 0.812968 -1.054604 0.624169
1776409990.107529 jaka_arm_left success 0.283340 0.295817 -0.448564 0.714976 0.305182 0.295835 0.555117 -1.197992 1.057695 1.374012 -1.214553 0.812968 -1.054604 0.624169
1776409990.115900 jaka_arm_left success 0.283344 0.295813 -0.448584 0.714845 0.305374 0.295767 0.555216 -1.197749 1.057908 1.374126 -1.214312 0.812912 -1.054487 0.623909
1776409990.124344 jaka_arm_left success 0.283383 0.295857 -0.448578 0.714902 0.305289 0.295893 0.555123 -1.197749 1.057908 1.374126 -1.214312 0.812912 -1.054487 0.623909
1776409990.132553 jaka_arm_left success 0.283402 0.295882 -0.448573 0.714944 0.305295 0.295870 0.555078 -1.197749 1.057908 1.374126 -1.214312 0.812912 -1.054487 0.623909
1776409990.140907 jaka_arm_left success 0.283412 0.295940 -0.448559 0.715073 0.305309 0.295964 0.554854 -1.197749 1.057908 1.374126 -1.214312 0.812912 -1.054487 0.623909
1776409990.149220 jaka_arm_left success 0.283418 0.295957 -0.448563 0.715070 0.305389 0.295953 0.554819 -1.197642 1.057726 1.373960 -1.214125 0.813129 -1.054086 0.624037
1776409990.157612 jaka_arm_left success 0.283424 0.295981 -0.448558 0.715131 0.305473 0.295988 0.554676 -1.197642 1.057726 1.373960 -1.214125 0.813129 -1.054086 0.624037
1776409990.165903 jaka_arm_left success 0.283423 0.295984 -0.448545 0.715172 0.305543 0.295920 0.554621 -1.197642 1.057726 1.373960 -1.214125 0.813129 -1.054086 0.624037
1776409990.174289 jaka_arm_left success 0.283436 0.295904 -0.448567 0.714783 0.305867 0.295928 0.554939 -1.197642 1.057726 1.373960 -1.214125 0.813129 -1.054086 0.624037
1776409990.182577 jaka_arm_left success 0.283436 0.295888 -0.448561 0.714709 0.305980 0.295915 0.554979 -1.197547 1.058140 1.373903 -1.213906 0.812819 -1.053893 0.623697
1776409990.191008 jaka_arm_left success 0.283453 0.295890 -0.448557 0.714720 0.305939 0.295961 0.554963 -1.197547 1.058140 1.373903 -1.213906 0.812819 -1.053893 0.623697
1776409990.199248 jaka_arm_left success 0.283460 0.295819 -0.448583 0.714465 0.306107 0.295888 0.555238 -1.197547 1.058140 1.373903 -1.213906 0.812819 -1.053893 0.623697
1776409990.207515 jaka_arm_left success 0.283481 0.295804 -0.448599 0.714406 0.306074 0.295997 0.555273 -1.197547 1.058140 1.373903 -1.213906 0.812819 -1.053893 0.623697
1776409990.215945 jaka_arm_left success 0.283486 0.295798 -0.448606 0.714417 0.306118 0.295997 0.555235 -1.197547 1.058140 1.373903 -1.213906 0.812819 -1.053893 0.623697
1776409990.224319 jaka_arm_left success 0.283500 0.295798 -0.448605 0.714411 0.306084 0.296051 0.555233 -1.197547 1.058140 1.373903 -1.213906 0.812819 -1.053893 0.623697
1776409990.232577 jaka_arm_left success 0.283497 0.295790 -0.448605 0.714391 0.306144 0.296028 0.555237 -1.197547 1.058140 1.373903 -1.213906 0.812819 -1.053893 0.623697
1776409990.240875 jaka_arm_left success 0.283484 0.295861 -0.448582 0.714649 0.306097 0.296119 0.554883 -1.197547 1.058140 1.373903 -1.213906 0.812819 -1.053893 0.623697
1776409990.249210 jaka_arm_left success 0.283471 0.295877 -0.448587 0.714696 0.306151 0.296031 0.554840 -1.197547 1.058140 1.373903 -1.213906 0.812819 -1.053893 0.623697
1776409990.257596 jaka_arm_left success 0.283470 0.295864 -0.448595 0.714666 0.306288 0.295873 0.554887 -1.197547 1.058140 1.373903 -1.213906 0.812819 -1.053893 0.623697
1776409990.265933 jaka_arm_left success 0.283468 0.295861 -0.448595 0.714658 0.306389 0.295848 0.554854 -1.197547 1.058140 1.373903 -1.213906 0.812819 -1.053893 0.623697
1776409990.274220 jaka_arm_left success 0.283456 0.295863 -0.448610 0.714699 0.306437 0.295915 0.554739 -1.197383 1.058339 1.373777 -1.213610 0.812706 -1.053536 0.623493
1776409990.282516 jaka_arm_left success 0.283451 0.295839 -0.448626 0.714661 0.306479 0.296018 0.554710 -1.197383 1.058339 1.373777 -1.213610 0.812706 -1.053536 0.623493
1776409990.290987 jaka_arm_left success 0.283454 0.295834 -0.448623 0.714702 0.306333 0.296178 0.554653 -1.197383 1.058339 1.373777 -1.213610 0.812706 -1.053536 0.623493
1776409990.299273 jaka_arm_left success 0.283439 0.295752 -0.448643 0.714404 0.306348 0.296158 0.555039 -1.197686 1.058627 1.373621 -1.213816 0.812431 -1.053511 0.623501
1776409990.307537 jaka_arm_left success 0.283438 0.295733 -0.448619 0.714398 0.306163 0.296215 0.555118 -1.197686 1.058627 1.373621 -1.213816 0.812431 -1.053511 0.623501
1776409990.315887 jaka_arm_left success 0.283441 0.295718 -0.448603 0.714457 0.306014 0.296244 0.555110 -1.197686 1.058627 1.373621 -1.213816 0.812431 -1.053511 0.623501
1776409990.324335 jaka_arm_left success 0.283444 0.295676 -0.448601 0.714501 0.305996 0.296177 0.555098 -1.197686 1.058627 1.373621 -1.213816 0.812431 -1.053511 0.623501
1776409990.332570 jaka_arm_left success 0.283437 0.295626 -0.448594 0.714609 0.306116 0.296220 0.554871 -1.197686 1.058627 1.373621 -1.213816 0.812431 -1.053511 0.623501
1776409990.340905 jaka_arm_left success 0.283427 0.295574 -0.448595 0.714648 0.306238 0.296353 0.554682 -1.197540 1.061240 1.374970 -1.216741 0.814616 -1.049697 0.624293
1776409990.349234 jaka_arm_left success 0.283396 0.295494 -0.448615 0.714566 0.306470 0.296316 0.554679 -1.197540 1.061240 1.374970 -1.216741 0.814616 -1.049697 0.624293
1776409990.357634 jaka_arm_left success 0.283384 0.295473 -0.448621 0.714542 0.306523 0.296460 0.554603 -1.197540 1.061240 1.374970 -1.216741 0.814616 -1.049697 0.624293
1776409990.365887 jaka_arm_left success 0.283386 0.295482 -0.448619 0.714584 0.306479 0.296555 0.554523 -1.197540 1.061240 1.374970 -1.216741 0.814616 -1.049697 0.624293
1776409990.374265 jaka_arm_left success 0.283404 0.295488 -0.448621 0.714529 0.306437 0.296584 0.554601 -1.197540 1.061240 1.374970 -1.216741 0.814616 -1.049697 0.624293
1776409990.382548 jaka_arm_left success 0.283444 0.295531 -0.448613 0.714515 0.306358 0.296666 0.554619 -1.197540 1.061240 1.374970 -1.216741 0.814616 -1.049697 0.624293
1776409990.390938 jaka_arm_left success 0.283462 0.295553 -0.448618 0.714555 0.306380 0.296467 0.554661 -1.197540 1.061240 1.374970 -1.216741 0.814616 -1.049697 0.624293
1776409990.399273 jaka_arm_left success 0.283460 0.295554 -0.448615 0.714526 0.306522 0.296457 0.554627 -1.197540 1.061240 1.374970 -1.216741 0.814616 -1.049697 0.624293
1776409990.407519 jaka_arm_left success 0.283452 0.295553 -0.448617 0.714474 0.306672 0.296392 0.554645 -1.197540 1.061240 1.374970 -1.216741 0.814616 -1.049697 0.624293
1776409990.415899 jaka_arm_left success 0.283451 0.295594 -0.448602 0.714515 0.306706 0.296449 0.554543 -1.197231 1.061518 1.374795 -1.216815 0.814194 -1.049291 0.623565
1776409990.424277 jaka_arm_left success 0.283454 0.295617 -0.448605 0.714437 0.306780 0.296385 0.554636 -1.197231 1.061518 1.374795 -1.216815 0.814194 -1.049291 0.623565
1776409990.432568 jaka_arm_left success 0.283450 0.295601 -0.448622 0.714214 0.306940 0.296220 0.554923 -1.197231 1.061518 1.374795 -1.216815 0.814194 -1.049291 0.623565
1776409990.440917 jaka_arm_left success 0.283450 0.295670 -0.448603 0.714442 0.306731 0.296140 0.554788 -1.197231 1.061518 1.374795 -1.216815 0.814194 -1.049291 0.623565
1776409990.449297 jaka_arm_left success 0.283457 0.295690 -0.448603 0.714479 0.306638 0.296136 0.554793 -1.197231 1.061518 1.374795 -1.216815 0.814194 -1.049291 0.623565
1776409990.466017 jaka_arm_left success 0.283453 0.295675 -0.448618 0.714514 0.306537 0.296350 0.554690 -1.197231 1.061518 1.374795 -1.216815 0.814194 -1.049291 0.623565
1776409990.474253 jaka_arm_left success 0.283434 0.295656 -0.448619 0.714589 0.306504 0.296497 0.554534 -1.197231 1.061518 1.374795 -1.216815 0.814194 -1.049291 0.623565
1776409990.482566 jaka_arm_left success 0.283412 0.295590 -0.448623 0.714578 0.306553 0.296583 0.554474 -1.197231 1.061518 1.374795 -1.216815 0.814194 -1.049291 0.623565
1776409990.490912 jaka_arm_left success 0.283370 0.295490 -0.448630 0.714494 0.306632 0.296541 0.554562 -1.197231 1.061518 1.374795 -1.216815 0.814194 -1.049291 0.623565
1776409990.499228 jaka_arm_left success 0.283347 0.295446 -0.448617 0.714570 0.306592 0.296632 0.554437 -1.197231 1.061518 1.374795 -1.216815 0.814194 -1.049291 0.623565
1776409990.507523 jaka_arm_left success 0.283310 0.295393 -0.448600 0.714633 0.306668 0.296721 0.554267 -1.196257 1.061931 1.374401 -1.218837 0.814805 -1.047625 0.623986
1776409990.515924 jaka_arm_left success 0.283294 0.295340 -0.448599 0.714667 0.306647 0.296802 0.554190 -1.196257 1.061931 1.374401 -1.218837 0.814805 -1.047625 0.623986
1776409990.524374 jaka_arm_left success 0.283267 0.295277 -0.448605 0.714605 0.306730 0.296992 0.554123 -1.196257 1.061931 1.374401 -1.218837 0.814805 -1.047625 0.623986
1776409990.532567 jaka_arm_left success 0.283264 0.295254 -0.448606 0.714697 0.306673 0.297207 0.553920 -1.194405 1.063521 1.373901 -1.221875 0.815487 -1.044902 0.624585
1776409990.540911 jaka_arm_left success 0.283269 0.295247 -0.448607 0.714773 0.306613 0.297397 0.553754 -1.194405 1.063521 1.373901 -1.221875 0.815487 -1.044902 0.624585
1776409990.549231 jaka_arm_left success 0.283292 0.295237 -0.448624 0.714821 0.306525 0.297340 0.553772 -1.194405 1.063521 1.373901 -1.221875 0.815487 -1.044902 0.624585
1776409990.557615 jaka_arm_left success 0.283291 0.295251 -0.448629 0.714828 0.306551 0.297367 0.553733 -1.194405 1.063521 1.373901 -1.221875 0.815487 -1.044902 0.624585
1776409990.565992 jaka_arm_left success 0.283285 0.295279 -0.448623 0.714849 0.306610 0.297328 0.553694 -1.194405 1.063521 1.373901 -1.221875 0.815487 -1.044902 0.624585
1776409990.574231 jaka_arm_left success 0.283289 0.295299 -0.448619 0.714808 0.306686 0.297186 0.553781 -1.194405 1.063521 1.373901 -1.221875 0.815487 -1.044902 0.624585
1776409990.582631 jaka_arm_left success 0.283289 0.295322 -0.448602 0.714773 0.306742 0.297127 0.553828 -1.194405 1.063521 1.373901 -1.221875 0.815487 -1.044902 0.624585
1776409990.590938 jaka_arm_left success 0.283309 0.295349 -0.448592 0.714755 0.306698 0.297092 0.553893 -1.194405 1.063521 1.373901 -1.221875 0.815487 -1.044902 0.624585
1776409990.599317 jaka_arm_left success 0.283313 0.295356 -0.448594 0.714688 0.306766 0.297059 0.553959 -1.194405 1.063521 1.373901 -1.221875 0.815487 -1.044902 0.624585
1776409990.607514 jaka_arm_left success 0.283321 0.295367 -0.448601 0.714666 0.306807 0.297014 0.553990 -1.194405 1.063521 1.373901 -1.221875 0.815487 -1.044902 0.624585
1776409990.615899 jaka_arm_left success 0.283339 0.295372 -0.448612 0.714623 0.306838 0.297006 0.554033 -1.194405 1.063521 1.373901 -1.221875 0.815487 -1.044902 0.624585
1776409990.624258 jaka_arm_left success 0.283366 0.295380 -0.448618 0.714585 0.306855 0.297002 0.554075 -1.194405 1.063521 1.373901 -1.221875 0.815487 -1.044902 0.624585
1776409990.632562 jaka_arm_left success 0.283373 0.295380 -0.448623 0.714569 0.306922 0.296889 0.554118 -1.194209 1.063659 1.374102 -1.221751 0.815408 -1.044986 0.624277
1776409990.649371 jaka_arm_left success 0.283382 0.295407 -0.448615 0.714686 0.306901 0.296838 0.554006 -1.194209 1.063659 1.374102 -1.221751 0.815408 -1.044986 0.624277
1776409990.657603 jaka_arm_left success 0.283392 0.295397 -0.448635 0.714597 0.306836 0.296806 0.554174 -1.194209 1.063659 1.374102 -1.221751 0.815408 -1.044986 0.624277
1776409990.665917 jaka_arm_left success 0.283380 0.295408 -0.448623 0.714661 0.306833 0.296891 0.554048 -1.194209 1.063659 1.374102 -1.221751 0.815408 -1.044986 0.624277
1776409990.674237 jaka_arm_left success 0.283351 0.295399 -0.448598 0.714727 0.306932 0.296990 0.553855 -1.194346 1.063045 1.373816 -1.221892 0.815538 -1.044779 0.624272
1776409990.682565 jaka_arm_left success 0.283350 0.295387 -0.448590 0.714747 0.306887 0.297068 0.553812 -1.194346 1.063045 1.373816 -1.221892 0.815538 -1.044779 0.624272
1776409990.691009 jaka_arm_left success 0.283348 0.295371 -0.448594 0.714737 0.306891 0.297123 0.553793 -1.194346 1.063045 1.373816 -1.221892 0.815538 -1.044779 0.624272
1776409990.699306 jaka_arm_left success 0.283354 0.295354 -0.448605 0.714730 0.306843 0.297130 0.553825 -1.194346 1.063045 1.373816 -1.221892 0.815538 -1.044779 0.624272
1776409990.707540 jaka_arm_left success 0.283346 0.295332 -0.448611 0.714705 0.306845 0.297111 0.553866 -1.194346 1.063045 1.373816 -1.221892 0.815538 -1.044779 0.624272
1776409990.715924 jaka_arm_left success 0.283347 0.295316 -0.448613 0.714697 0.306802 0.297150 0.553879 -1.194346 1.063045 1.373816 -1.221892 0.815538 -1.044779 0.624272
1776409990.724319 jaka_arm_left success 0.283338 0.295301 -0.448611 0.714711 0.306746 0.297164 0.553885 -1.194346 1.063045 1.373816 -1.221892 0.815538 -1.044779 0.624272
1776409990.732611 jaka_arm_left success 0.283322 0.295287 -0.448608 0.714732 0.306683 0.297174 0.553887 -1.194346 1.063045 1.373816 -1.221892 0.815538 -1.044779 0.624272
1776409990.740864 jaka_arm_left success 0.283260 0.295269 -0.448610 0.714685 0.306841 0.297246 0.553822 -1.194346 1.063045 1.373816 -1.221892 0.815538 -1.044779 0.624272
1776409990.749224 jaka_arm_left success 0.283238 0.295256 -0.448610 0.714714 0.306796 0.297229 0.553818 -1.194346 1.063045 1.373816 -1.221892 0.815538 -1.044779 0.624272
1776409990.757607 jaka_arm_left success 0.283220 0.295263 -0.448602 0.714789 0.306718 0.297339 0.553706 -1.194346 1.063045 1.373816 -1.221892 0.815538 -1.044779 0.624272
1776409990.774286 jaka_arm_left success 0.283210 0.295251 -0.448605 0.714882 0.306563 0.297456 0.553610 -1.194346 1.063045 1.373816 -1.221892 0.815538 -1.044779 0.624272
1776409990.782541 jaka_arm_left success 0.283212 0.295232 -0.448611 0.714888 0.306526 0.297548 0.553573 -1.194346 1.063045 1.373816 -1.221892 0.815538 -1.044779 0.624272
1776409990.790998 jaka_arm_left success 0.283206 0.295278 -0.448589 0.715264 0.306252 0.297679 0.553168 -1.194455 1.062476 1.373630 -1.222061 0.815973 -1.044613 0.624767
1776409990.799282 jaka_arm_left success 0.283209 0.295277 -0.448579 0.715355 0.306159 0.297826 0.553022 -1.194455 1.062476 1.373630 -1.222061 0.815973 -1.044613 0.624767
1776409990.807551 jaka_arm_left success 0.283193 0.295251 -0.448575 0.715331 0.306208 0.297857 0.553010 -1.194455 1.062476 1.373630 -1.222061 0.815973 -1.044613 0.624767
1776409990.815957 jaka_arm_left success 0.283250 0.295275 -0.448545 0.715576 0.305598 0.297857 0.553030 -1.194623 1.062007 1.373590 -1.222360 0.816356 -1.044654 0.625224
1776409990.824299 jaka_arm_left success 0.283242 0.295269 -0.448537 0.715579 0.305501 0.297721 0.553153 -1.194623 1.062007 1.373590 -1.222360 0.816356 -1.044654 0.625224
1776409990.832580 jaka_arm_left success 0.283224 0.295279 -0.448533 0.715516 0.305485 0.297630 0.553292 -1.194623 1.062007 1.373590 -1.222360 0.816356 -1.044654 0.625224
1776409990.840927 jaka_arm_left success 0.283222 0.295233 -0.448552 0.715054 0.305733 0.297563 0.553788 -1.194623 1.062007 1.373590 -1.222360 0.816356 -1.044654 0.625224
1776409990.849299 jaka_arm_left success 0.283160 0.295223 -0.448581 0.714720 0.306290 0.297552 0.553918 -1.194537 1.062772 1.373767 -1.222270 0.815723 -1.044860 0.624579
1776409990.865955 jaka_arm_left success 0.283135 0.295431 -0.448533 0.715229 0.305988 0.297723 0.553335 -1.194537 1.062772 1.373767 -1.222270 0.815723 -1.044860 0.624579
1776409990.874288 jaka_arm_left success 0.283164 0.295475 -0.448543 0.715096 0.305949 0.297914 0.553426 -1.194679 1.062473 1.373566 -1.222417 0.815891 -1.044758 0.624889
1776409990.882551 jaka_arm_left success 0.283169 0.295516 -0.448533 0.715062 0.306031 0.298077 0.553336 -1.194679 1.062473 1.373566 -1.222417 0.815891 -1.044758 0.624889
1776409990.890990 jaka_arm_left success 0.283167 0.295516 -0.448536 0.714890 0.306280 0.298051 0.553435 -1.194679 1.062473 1.373566 -1.222417 0.815891 -1.044758 0.624889
1776409990.899220 jaka_arm_left success 0.283177 0.295393 -0.448560 0.714276 0.306926 0.297955 0.553921 -1.194592 1.063210 1.373354 -1.222108 0.815173 -1.044558 0.624290
1776409990.907513 jaka_arm_left success 0.283186 0.295399 -0.448551 0.714207 0.307072 0.297873 0.553974 -1.194592 1.063210 1.373354 -1.222108 0.815173 -1.044558 0.624290
1776409990.915912 jaka_arm_left success 0.283195 0.295405 -0.448547 0.714191 0.307103 0.297691 0.554075 -1.194592 1.063210 1.373354 -1.222108 0.815173 -1.044558 0.624290
1776409990.924395 jaka_arm_left success 0.283209 0.295418 -0.448540 0.714155 0.307125 0.297606 0.554155 -1.194486 1.063553 1.373435 -1.222020 0.814888 -1.044623 0.623957
1776409990.932571 jaka_arm_left success 0.283221 0.295440 -0.448537 0.714144 0.307125 0.297564 0.554191 -1.194486 1.063553 1.373435 -1.222020 0.814888 -1.044623 0.623957
1776409990.940925 jaka_arm_left success 0.283246 0.295461 -0.448543 0.714128 0.307038 0.297515 0.554287 -1.194486 1.063553 1.373435 -1.222020 0.814888 -1.044623 0.623957
1776409990.949298 jaka_arm_left success 0.283267 0.295481 -0.448574 0.714070 0.306960 0.297340 0.554498 -1.194486 1.063553 1.373435 -1.222020 0.814888 -1.044623 0.623957
1776409990.957597 jaka_arm_left success 0.283288 0.295556 -0.448569 0.714171 0.306913 0.297407 0.554358 -1.194486 1.063553 1.373435 -1.222020 0.814888 -1.044623 0.623957
1776409990.965945 jaka_arm_left success 0.283322 0.295600 -0.448588 0.714156 0.306846 0.297227 0.554511 -1.194486 1.063553 1.373435 -1.222020 0.814888 -1.044623 0.623957
1776409990.974275 jaka_arm_left success 0.283325 0.295647 -0.448592 0.714169 0.306851 0.297066 0.554578 -1.194405 1.063715 1.373967 -1.222241 0.814830 -1.045206 0.623674
1776409990.982546 jaka_arm_left success 0.283339 0.295778 -0.448547 0.714500 0.306685 0.297267 0.554136 -1.194405 1.063715 1.373967 -1.222241 0.814830 -1.045206 0.623674
1776409990.990900 jaka_arm_left success 0.283346 0.295816 -0.448538 0.714499 0.306732 0.297213 0.554140 -1.194405 1.063715 1.373967 -1.222241 0.814830 -1.045206 0.623674
1776409990.999353 jaka_arm_left success 0.283347 0.295823 -0.448537 0.714470 0.306772 0.297092 0.554220 -1.194405 1.063715 1.373967 -1.222241 0.814830 -1.045206 0.623674
1776409991.015906 jaka_arm_left success 0.283295 0.295989 -0.448472 0.715251 0.306733 0.296586 0.553505 -1.194192 1.059510 1.373851 -1.222586 0.815392 -1.045200 0.621202
1776409991.024293 jaka_arm_left success 0.283336 0.295835 -0.448491 0.714320 0.307057 0.296780 0.554423 -1.194441 1.060495 1.373752 -1.222642 0.814433 -1.045370 0.620592
1776409991.032602 jaka_arm_left success 0.283360 0.295815 -0.448503 0.714165 0.307095 0.296756 0.554615 -1.194441 1.060495 1.373752 -1.222642 0.814433 -1.045370 0.620592
1776409991.040907 jaka_arm_left success 0.283392 0.295826 -0.448525 0.714111 0.307057 0.296842 0.554659 -1.194441 1.060495 1.373752 -1.222642 0.814433 -1.045370 0.620592
1776409991.049238 jaka_arm_left success 0.283381 0.295835 -0.448525 0.714132 0.307123 0.296846 0.554593 -1.194441 1.060495 1.373752 -1.222642 0.814433 -1.045370 0.620592
1776409991.057672 jaka_arm_left success 0.283376 0.295926 -0.448497 0.714451 0.307088 0.297116 0.554057 -1.194441 1.060495 1.373752 -1.222642 0.814433 -1.045370 0.620592
1776409991.065918 jaka_arm_left success 0.283401 0.295941 -0.448515 0.714457 0.306910 0.297075 0.554170 -1.194441 1.060495 1.373752 -1.222642 0.814433 -1.045370 0.620592
1776409991.082538 jaka_arm_left success 0.283363 0.296007 -0.448453 0.715091 0.306490 0.296690 0.553790 -1.194412 1.059904 1.373794 -1.222776 0.814991 -1.045338 0.621041
1776409991.090960 jaka_arm_left success 0.283349 0.295778 -0.448516 0.714344 0.306936 0.296426 0.554648 -1.194371 1.060600 1.374029 -1.222752 0.814442 -1.045617 0.620480
1776409991.099269 jaka_arm_left success 0.283373 0.295717 -0.448535 0.714256 0.306958 0.296756 0.554572 -1.194371 1.060600 1.374029 -1.222752 0.814442 -1.045617 0.620480
1776409991.107523 jaka_arm_left success 0.283354 0.295730 -0.448511 0.714481 0.306843 0.296716 0.554368 -1.194371 1.060600 1.374029 -1.222752 0.814442 -1.045617 0.620480
1776409991.115937 jaka_arm_left success 0.283351 0.295714 -0.448508 0.714579 0.306781 0.296774 0.554245 -1.194371 1.060600 1.374029 -1.222752 0.814442 -1.045617 0.620480
1776409991.124302 jaka_arm_left success 0.283358 0.295551 -0.448568 0.714068 0.307074 0.296810 0.554722 -1.194371 1.060600 1.374029 -1.222752 0.814442 -1.045617 0.620480
1776409991.132612 jaka_arm_left success 0.283288 0.295582 -0.448553 0.714391 0.307041 0.296818 0.554320 -1.194371 1.060600 1.374029 -1.222752 0.814442 -1.045617 0.620480
1776409991.140958 jaka_arm_left success 0.283261 0.295581 -0.448545 0.714498 0.306987 0.296840 0.554200 -1.194371 1.060600 1.374029 -1.222752 0.814442 -1.045617 0.620480
1776409991.149500 jaka_arm_left success 0.283252 0.295579 -0.448532 0.714553 0.306906 0.296766 0.554213 -1.194371 1.060600 1.374029 -1.222752 0.814442 -1.045617 0.620480
1776409991.157594 jaka_arm_left success 0.283220 0.295571 -0.448521 0.714565 0.306838 0.296804 0.554216 -1.194371 1.060600 1.374029 -1.222752 0.814442 -1.045617 0.620480
1776409991.174277 jaka_arm_left success 0.283216 0.295525 -0.448548 0.714305 0.306828 0.297516 0.554175 -1.194833 1.060509 1.373409 -1.222976 0.814308 -1.045302 0.620918
1776409991.182592 jaka_arm_left success 0.283121 0.295615 -0.448504 0.714831 0.306782 0.297210 0.553686 -1.194480 1.060143 1.373400 -1.222731 0.814780 -1.044978 0.621146
1776409991.190939 jaka_arm_left success 0.283104 0.295600 -0.448507 0.714883 0.306732 0.297049 0.553733 -1.194480 1.060143 1.373400 -1.222731 0.814780 -1.044978 0.621146
1776409991.199257 jaka_arm_left success 0.283108 0.295596 -0.448511 0.714914 0.306624 0.297102 0.553724 -1.194480 1.060143 1.373400 -1.222731 0.814780 -1.044978 0.621146
1776409991.207553 jaka_arm_left success 0.283095 0.295545 -0.448545 0.714643 0.306706 0.297381 0.553878 -1.194499 1.060597 1.373290 -1.222993 0.814673 -1.044895 0.621436
1776409991.215898 jaka_arm_left success 0.283104 0.295551 -0.448537 0.714760 0.306584 0.297108 0.553941 -1.194499 1.060597 1.373290 -1.222993 0.814673 -1.044895 0.621436
1776409991.224332 jaka_arm_left success 0.283094 0.295555 -0.448523 0.714841 0.306503 0.297023 0.553927 -1.194499 1.060597 1.373290 -1.222993 0.814673 -1.044895 0.621436
1776409991.232567 jaka_arm_left success 0.283076 0.295531 -0.448519 0.714838 0.306485 0.296995 0.553957 -1.194499 1.060597 1.373290 -1.222993 0.814673 -1.044895 0.621436
1776409991.240892 jaka_arm_left success 0.283060 0.295488 -0.448522 0.714771 0.306470 0.296909 0.554098 -1.194282 1.060583 1.373795 -1.223141 0.814932 -1.045270 0.621429
1776409991.249238 jaka_arm_left success 0.283043 0.295480 -0.448514 0.714840 0.306422 0.296970 0.554001 -1.194282 1.060583 1.373795 -1.223141 0.814932 -1.045270 0.621429
1776409991.257588 jaka_arm_left success 0.283043 0.295377 -0.448574 0.714415 0.306636 0.297589 0.554099 -1.194249 1.061634 1.373093 -1.223460 0.814603 -1.044661 0.622253
1776409991.265985 jaka_arm_left success 0.283051 0.295409 -0.448551 0.714712 0.306427 0.297320 0.553977 -1.194249 1.061634 1.373093 -1.223460 0.814603 -1.044661 0.622253
1776409991.274232 jaka_arm_left success 0.283055 0.295359 -0.448589 0.714513 0.306467 0.297711 0.554001 -1.194249 1.061634 1.373093 -1.223460 0.814603 -1.044661 0.622253
1776409991.282660 jaka_arm_left success 0.283055 0.295469 -0.448527 0.715170 0.306067 0.297367 0.553559 -1.194011 1.060927 1.373387 -1.223576 0.815420 -1.044730 0.622750
1776409991.290946 jaka_arm_left success 0.283050 0.295353 -0.448591 0.714624 0.306335 0.297901 0.553829 -1.194249 1.061317 1.373073 -1.223659 0.814992 -1.044616 0.622706
1776409991.299239 jaka_arm_left success 0.283088 0.295347 -0.448613 0.714658 0.306221 0.298154 0.553713 -1.194249 1.061317 1.373073 -1.223659 0.814992 -1.044616 0.622706
1776409991.307557 jaka_arm_left success 0.283161 0.295401 -0.448578 0.714929 0.305753 0.298071 0.553665 -1.194408 1.061055 1.373021 -1.223914 0.815234 -1.044660 0.623094
1776409991.315924 jaka_arm_left success 0.283042 0.295312 -0.448602 0.714411 0.306550 0.297980 0.553943 -1.194221 1.061557 1.372984 -1.223656 0.814866 -1.044524 0.622726
1776409991.324329 jaka_arm_left success 0.283049 0.295422 -0.448529 0.714928 0.306377 0.297107 0.553841 -1.193737 1.061458 1.373512 -1.223505 0.815236 -1.044706 0.622589
1776409991.332541 jaka_arm_left success 0.283061 0.295454 -0.448514 0.714967 0.306430 0.296871 0.553886 -1.193737 1.061458 1.373512 -1.223505 0.815236 -1.044706 0.622589
1776409991.340893 jaka_arm_left success 0.283158 0.295543 -0.448485 0.715237 0.306008 0.296931 0.553740 -1.193737 1.061458 1.373512 -1.223505 0.815236 -1.044706 0.622589
1776409991.349284 jaka_arm_left success 0.283189 0.295574 -0.448486 0.715251 0.305999 0.296910 0.553738 -1.193737 1.061458 1.373512 -1.223505 0.815236 -1.044706 0.622589
1776409991.357570 jaka_arm_left success 0.283199 0.295574 -0.448506 0.715184 0.306141 0.296656 0.553881 -1.193497 1.061211 1.374021 -1.223603 0.815637 -1.045037 0.622598
1776409991.365927 jaka_arm_left success 0.283208 0.295592 -0.448513 0.715168 0.306151 0.296721 0.553862 -1.193497 1.061211 1.374021 -1.223603 0.815637 -1.045037 0.622598
1776409991.374273 jaka_arm_left success 0.283245 0.295517 -0.448553 0.714667 0.306482 0.296694 0.554339 -1.193584 1.061692 1.374033 -1.223610 0.815159 -1.045157 0.622218
1776409991.382622 jaka_arm_left success 0.283248 0.295525 -0.448560 0.714627 0.306524 0.296731 0.554349 -1.193584 1.061692 1.374033 -1.223610 0.815159 -1.045157 0.622218
1776409991.391014 jaka_arm_left success 0.283287 0.295571 -0.448553 0.714702 0.306525 0.296769 0.554230 -1.193584 1.061692 1.374033 -1.223610 0.815159 -1.045157 0.622218
1776409991.399254 jaka_arm_left success 0.283269 0.295583 -0.448543 0.714721 0.306658 0.296676 0.554183 -1.193584 1.061692 1.374033 -1.223610 0.815159 -1.045157 0.622218
1776409991.407525 jaka_arm_left success 0.283305 0.295591 -0.448542 0.714704 0.306639 0.296636 0.554236 -1.193584 1.061692 1.374033 -1.223610 0.815159 -1.045157 0.622218
1776409991.415879 jaka_arm_left success 0.283270 0.295563 -0.448531 0.714657 0.306810 0.296595 0.554224 -1.193584 1.061692 1.374033 -1.223610 0.815159 -1.045157 0.622218
1776409991.424432 jaka_arm_left success 0.283273 0.295567 -0.448516 0.714710 0.306832 0.296554 0.554166 -1.193584 1.061692 1.374033 -1.223610 0.815159 -1.045157 0.622218
1776409991.432629 jaka_arm_left success 0.283315 0.295564 -0.448509 0.714727 0.306651 0.296798 0.554113 -1.193584 1.061692 1.374033 -1.223610 0.815159 -1.045157 0.622218
1776409991.440897 jaka_arm_left success 0.283287 0.295378 -0.448577 0.714137 0.307165 0.296516 0.554741 -1.193497 1.062318 1.374063 -1.223400 0.814598 -1.045170 0.621641
1776409991.449431 jaka_arm_left success 0.283318 0.295390 -0.448573 0.714160 0.306961 0.296865 0.554636 -1.193497 1.062318 1.374063 -1.223400 0.814598 -1.045170 0.621641
1776409991.457622 jaka_arm_left success 0.283294 0.295482 -0.448547 0.714602 0.306776 0.296816 0.554195 -1.193627 1.061937 1.373870 -1.223503 0.814847 -1.045024 0.621975
1776409991.465928 jaka_arm_left success 0.283281 0.295494 -0.448538 0.714690 0.306723 0.296826 0.554106 -1.193627 1.061937 1.373870 -1.223503 0.814847 -1.045024 0.621975
1776409991.482584 jaka_arm_left success 0.283260 0.295466 -0.448553 0.714644 0.306709 0.296938 0.554113 -1.193627 1.061937 1.373870 -1.223503 0.814847 -1.045024 0.621975
1776409991.490959 jaka_arm_left success 0.283247 0.295470 -0.448543 0.714738 0.306696 0.296794 0.554077 -1.193627 1.061937 1.373870 -1.223503 0.814847 -1.045024 0.621975
1776409991.499290 jaka_arm_left success 0.283197 0.295378 -0.448588 0.714306 0.306931 0.297347 0.554206 -1.193887 1.062013 1.373409 -1.223536 0.814608 -1.044736 0.622096
1776409991.507555 jaka_arm_left success 0.283219 0.295443 -0.448546 0.714584 0.306659 0.297276 0.554036 -1.193887 1.062013 1.373409 -1.223536 0.814608 -1.044736 0.622096
1776409991.515910 jaka_arm_left success 0.283215 0.295417 -0.448556 0.714490 0.306702 0.297477 0.554027 -1.193887 1.062013 1.373409 -1.223536 0.814608 -1.044736 0.622096
1776409991.524289 jaka_arm_left success 0.283196 0.295451 -0.448535 0.714658 0.306598 0.297270 0.553978 -1.193887 1.062013 1.373409 -1.223536 0.814608 -1.044736 0.622096
1776409991.532554 jaka_arm_left success 0.283194 0.295470 -0.448533 0.714705 0.306522 0.297225 0.553984 -1.193887 1.062013 1.373409 -1.223536 0.814608 -1.044736 0.622096
1776409991.540916 jaka_arm_left success 0.283120 0.295427 -0.448554 0.714489 0.306980 0.297180 0.554033 -1.193887 1.062013 1.373409 -1.223536 0.814608 -1.044736 0.622096
1776409991.549217 jaka_arm_left success 0.283100 0.295500 -0.448527 0.714842 0.306693 0.297181 0.553737 -1.193655 1.061542 1.373452 -1.223442 0.815113 -1.044561 0.622372
1776409991.557625 jaka_arm_left success 0.283089 0.295514 -0.448517 0.714945 0.306604 0.297213 0.553635 -1.193655 1.061542 1.373452 -1.223442 0.815113 -1.044561 0.622372
1776409991.574248 jaka_arm_left success 0.283083 0.295382 -0.448588 0.714342 0.306959 0.298096 0.553742 -1.193662 1.062568 1.372672 -1.223539 0.814556 -1.043811 0.622738
1776409991.582546 jaka_arm_left success 0.283051 0.295464 -0.448522 0.714848 0.306772 0.297474 0.553527 -1.193373 1.062052 1.373066 -1.223618 0.815223 -1.043965 0.623026
1776409991.590957 jaka_arm_left success 0.283057 0.295394 -0.448565 0.714547 0.306972 0.297876 0.553590 -1.193373 1.062052 1.373066 -1.223618 0.815223 -1.043965 0.623026
1776409991.599251 jaka_arm_left success 0.283069 0.295373 -0.448586 0.714421 0.307014 0.297982 0.553671 -1.193593 1.062351 1.372752 -1.223688 0.814858 -1.043823 0.622995
1776409991.607515 jaka_arm_left success 0.283145 0.295516 -0.448514 0.715109 0.306264 0.297447 0.553486 -1.193434 1.061772 1.373188 -1.223930 0.815555 -1.044113 0.623372
1776409991.615875 jaka_arm_left success 0.283093 0.295527 -0.448513 0.715097 0.306557 0.297270 0.553435 -1.193434 1.061772 1.373188 -1.223930 0.815555 -1.044113 0.623372
1776409991.624285 jaka_arm_left success 0.283101 0.295356 -0.448599 0.714138 0.307209 0.297827 0.554011 -1.193468 1.062628 1.372955 -1.223708 0.814730 -1.043964 0.622782
1776409991.632576 jaka_arm_left success 0.283092 0.295451 -0.448572 0.714485 0.306947 0.297871 0.553685 -1.193468 1.062628 1.372955 -1.223708 0.814730 -1.043964 0.622782
1776409991.640919 jaka_arm_left success 0.283105 0.295534 -0.448527 0.714829 0.306759 0.297336 0.553633 -1.193247 1.062191 1.373216 -1.223746 0.815250 -1.044038 0.623006
1776409991.649320 jaka_arm_left success 0.283118 0.295431 -0.448576 0.714147 0.307253 0.297414 0.554197 -1.193295 1.062806 1.373194 -1.223700 0.814676 -1.044112 0.622560
1776409991.657552 jaka_arm_left success 0.283110 0.295552 -0.448539 0.714680 0.306987 0.296796 0.553989 -1.192965 1.062505 1.373635 -1.223671 0.815112 -1.044310 0.622557
1776409991.665891 jaka_arm_left success 0.283207 0.295583 -0.448528 0.714605 0.306841 0.296717 0.554208 -1.192965 1.062505 1.373635 -1.223671 0.815112 -1.044310 0.622557
1776409991.674254 jaka_arm_left success 0.283245 0.295604 -0.448527 0.714506 0.306913 0.296682 0.554314 -1.192965 1.062505 1.373635 -1.223671 0.815112 -1.044310 0.622557
1776409991.682599 jaka_arm_left success 0.283280 0.295660 -0.448529 0.714523 0.306894 0.296550 0.554375 -1.192965 1.062505 1.373635 -1.223671 0.815112 -1.044310 0.622557
1776409991.691014 jaka_arm_left success 0.283288 0.295697 -0.448530 0.714484 0.306962 0.296443 0.554445 -1.192965 1.062505 1.373635 -1.223671 0.815112 -1.044310 0.622557
1776409991.699269 jaka_arm_left success 0.283332 0.295780 -0.448525 0.714510 0.306724 0.296659 0.554427 -1.192965 1.062505 1.373635 -1.223671 0.815112 -1.044310 0.622557
1776409991.707530 jaka_arm_left success 0.283256 0.295747 -0.448563 0.714127 0.307270 0.296583 0.554659 -1.193015 1.063026 1.373817 -1.223715 0.814611 -1.044612 0.622059
1776409991.716011 jaka_arm_left success 0.283395 0.295803 -0.448580 0.714134 0.306543 0.296422 0.555139 -1.193372 1.062955 1.374116 -1.224264 0.814599 -1.045241 0.622157
1776409991.724316 jaka_arm_left success 0.283342 0.296004 -0.448523 0.714641 0.306563 0.296707 0.554322 -1.193231 1.062315 1.373911 -1.224073 0.815055 -1.044900 0.622444
1776409991.732601 jaka_arm_left success 0.283386 0.296145 -0.448467 0.714947 0.306260 0.297045 0.553913 -1.193353 1.061797 1.373648 -1.224130 0.815350 -1.044699 0.622806
1776409991.740904 jaka_arm_left success 0.283321 0.296064 -0.448502 0.714744 0.306679 0.296531 0.554219 -1.193096 1.061986 1.373835 -1.223897 0.815224 -1.044737 0.622420
1776409991.749253 jaka_arm_left success 0.283324 0.296126 -0.448444 0.714916 0.306671 0.296990 0.553755 -1.193096 1.061986 1.373835 -1.223897 0.815224 -1.044737 0.622420
1776409991.757733 jaka_arm_left success 0.283296 0.296008 -0.448514 0.714493 0.306977 0.296608 0.554336 -1.193053 1.062232 1.373810 -1.223762 0.814931 -1.044722 0.622093
1776409991.765920 jaka_arm_left success 0.283391 0.295973 -0.448519 0.714253 0.306855 0.296843 0.554588 -1.193053 1.062232 1.373810 -1.223762 0.814931 -1.044722 0.622093
1776409991.774269 jaka_arm_left success 0.283345 0.296084 -0.448456 0.714729 0.306812 0.297057 0.553882 -1.193053 1.062232 1.373810 -1.223762 0.814931 -1.044722 0.622093
1776409991.782595 jaka_arm_left success 0.283404 0.296103 -0.448476 0.714775 0.306563 0.297111 0.553932 -1.193316 1.061852 1.373520 -1.223939 0.815085 -1.044600 0.622448
1776409991.790998 jaka_arm_left success 0.283414 0.295976 -0.448524 0.714275 0.306864 0.297017 0.554461 -1.193316 1.061852 1.373520 -1.223939 0.815085 -1.044600 0.622448
1776409991.799284 jaka_arm_left success 0.283421 0.295964 -0.448526 0.714233 0.306900 0.296998 0.554504 -1.193399 1.062290 1.373502 -1.223917 0.814613 -1.044703 0.622072
1776409991.807522 jaka_arm_left success 0.283424 0.295973 -0.448522 0.714243 0.306944 0.297055 0.554438 -1.193399 1.062290 1.373502 -1.223917 0.814613 -1.044703 0.622072
1776409991.815881 jaka_arm_left success 0.283436 0.295926 -0.448544 0.713961 0.307137 0.297002 0.554722 -1.193399 1.062290 1.373502 -1.223917 0.814613 -1.044703 0.622072
1776409991.824300 jaka_arm_left success 0.283424 0.295986 -0.448514 0.714208 0.307019 0.296983 0.554479 -1.193399 1.062290 1.373502 -1.223917 0.814613 -1.044703 0.622072
1776409991.832643 jaka_arm_left success 0.283445 0.295945 -0.448527 0.713939 0.307186 0.296978 0.554736 -1.193399 1.062290 1.373502 -1.223917 0.814613 -1.044703 0.622072
1776409991.840883 jaka_arm_left success 0.283430 0.295932 -0.448522 0.713786 0.307324 0.296857 0.554921 -1.193402 1.062803 1.373537 -1.223822 0.814103 -1.044815 0.621595
1776409991.849249 jaka_arm_left success 0.283446 0.295926 -0.448534 0.713629 0.307425 0.296910 0.555038 -1.193402 1.062803 1.373537 -1.223822 0.814103 -1.044815 0.621595
1776409991.857614 jaka_arm_left success 0.283358 0.295914 -0.448535 0.713349 0.308190 0.296930 0.554964 -1.193272 1.063313 1.373337 -1.223451 0.813565 -1.044572 0.621078
1776409991.865958 jaka_arm_left success 0.283362 0.295926 -0.448534 0.713308 0.308321 0.297005 0.554904 -1.193272 1.063313 1.373337 -1.223451 0.813565 -1.044572 0.621078
1776409991.874213 jaka_arm_left success 0.283386 0.295915 -0.448553 0.713217 0.308380 0.297147 0.554912 -1.193272 1.063313 1.373337 -1.223451 0.813565 -1.044572 0.621078
1776409991.882528 jaka_arm_left success 0.283382 0.295935 -0.448535 0.713239 0.308483 0.297091 0.554856 -1.193272 1.063313 1.373337 -1.223451 0.813565 -1.044572 0.621078
1776409991.890960 jaka_arm_left success 0.283334 0.295932 -0.448538 0.713044 0.309041 0.297109 0.554787 -1.193116 1.063740 1.372935 -1.222960 0.813060 -1.044081 0.620634
1776409991.899247 jaka_arm_left success 0.283347 0.295947 -0.448547 0.712952 0.309099 0.297168 0.554841 -1.193116 1.063740 1.372935 -1.222960 0.813060 -1.044081 0.620634
1776409991.907512 jaka_arm_left success 0.283347 0.295917 -0.448552 0.712671 0.309435 0.297150 0.555024 -1.193159 1.064173 1.372680 -1.222787 0.812555 -1.043904 0.620295
1776409991.915869 jaka_arm_left success 0.283340 0.295912 -0.448551 0.712489 0.309668 0.297056 0.555178 -1.193159 1.064173 1.372680 -1.222787 0.812555 -1.043904 0.620295
1776409991.924331 jaka_arm_left success 0.283340 0.295926 -0.448529 0.712457 0.309846 0.297058 0.555119 -1.193159 1.064173 1.372680 -1.222787 0.812555 -1.043904 0.620295
1776409991.932550 jaka_arm_left success 0.283409 0.295891 -0.448522 0.711887 0.310104 0.297564 0.555436 -1.193416 1.064966 1.372201 -1.222666 0.811630 -1.043697 0.619831
1776409991.940842 jaka_arm_left success 0.283412 0.295925 -0.448518 0.711888 0.310185 0.297746 0.555291 -1.193416 1.064966 1.372201 -1.222666 0.811630 -1.043697 0.619831
1776409991.949237 jaka_arm_left success 0.283415 0.295943 -0.448498 0.711906 0.310275 0.297947 0.555110 -1.193556 1.064972 1.371635 -1.222555 0.811443 -1.043246 0.619979
1776409991.957587 jaka_arm_left success 0.283415 0.295934 -0.448489 0.711775 0.310440 0.298159 0.555072 -1.193556 1.064972 1.371635 -1.222555 0.811443 -1.043246 0.619979
1776409991.965958 jaka_arm_left success 0.283407 0.295922 -0.448491 0.711658 0.310655 0.298331 0.555009 -1.193587 1.065236 1.371184 -1.222367 0.811112 -1.042848 0.619924
1776409991.974248 jaka_arm_left success 0.283407 0.295922 -0.448487 0.711614 0.310853 0.298524 0.554851 -1.191800 1.067462 1.370685 -1.223174 0.811319 -1.041947 0.621850
1776409991.982537 jaka_arm_left success 0.283394 0.295926 -0.448474 0.711655 0.311123 0.298546 0.554635 -1.191800 1.067462 1.370685 -1.223174 0.811319 -1.041947 0.621850
1776409991.990970 jaka_arm_left success 0.283394 0.295919 -0.448471 0.711684 0.311208 0.298528 0.554560 -1.191800 1.067462 1.370685 -1.223174 0.811319 -1.041947 0.621850
1776409991.999318 jaka_arm_left success 0.283381 0.295894 -0.448460 0.711661 0.311345 0.298561 0.554495 -1.191800 1.067462 1.370685 -1.223174 0.811319 -1.041947 0.621850
1776409992.007497 jaka_arm_left success 0.283374 0.295904 -0.448438 0.711780 0.311188 0.298647 0.554384 -1.191800 1.067462 1.370685 -1.223174 0.811319 -1.041947 0.621850
1776409992.015926 jaka_arm_left success 0.283367 0.295877 -0.448444 0.711667 0.311074 0.298837 0.554490 -1.191800 1.067462 1.370685 -1.223174 0.811319 -1.041947 0.621850
1776409992.024306 jaka_arm_left success 0.283368 0.295862 -0.448431 0.711620 0.310982 0.299130 0.554444 -1.192071 1.067246 1.370165 -1.223271 0.811314 -1.041604 0.622204
1776409992.032713 jaka_arm_left success 0.283338 0.295824 -0.448411 0.711585 0.311199 0.299449 0.554194 -1.192069 1.067237 1.369657 -1.223081 0.811222 -1.041074 0.622329
1776409992.040905 jaka_arm_left success 0.283336 0.295888 -0.448350 0.712077 0.311105 0.299677 0.553493 -1.189041 1.068193 1.369206 -1.227143 0.812327 -1.038188 0.622709
1776409992.049201 jaka_arm_left success 0.283361 0.295762 -0.448367 0.711457 0.311803 0.299843 0.553807 -1.189145 1.068804 1.368900 -1.226990 0.811674 -1.037976 0.622299
1776409992.057633 jaka_arm_left success 0.283452 0.295732 -0.448369 0.711312 0.311850 0.299801 0.553989 -1.189145 1.068804 1.368900 -1.226990 0.811674 -1.037976 0.622299
1776409992.065964 jaka_arm_left success 0.283493 0.295731 -0.448349 0.711235 0.311947 0.299582 0.554152 -1.189145 1.068804 1.368900 -1.226990 0.811674 -1.037976 0.622299
1776409992.074182 jaka_arm_left success 0.283561 0.295754 -0.448325 0.711228 0.311850 0.299301 0.554367 -1.189124 1.069259 1.369215 -1.227066 0.811342 -1.038309 0.621876
1776409992.082543 jaka_arm_left success 0.283695 0.295755 -0.448347 0.710964 0.311602 0.298765 0.555135 -1.189248 1.069691 1.369858 -1.227459 0.811048 -1.039115 0.621458
1776409992.090943 jaka_arm_left success 0.283807 0.295862 -0.448291 0.711266 0.311257 0.297894 0.555409 -1.189849 1.067391 1.370985 -1.227359 0.811028 -1.040562 0.619115
1776409992.099285 jaka_arm_left success 0.283874 0.296009 -0.448233 0.711379 0.311243 0.297556 0.555453 -1.189849 1.067391 1.370985 -1.227359 0.811028 -1.040562 0.619115
1776409992.107517 jaka_arm_left success 0.284037 0.296167 -0.448200 0.711445 0.310886 0.297121 0.555801 -1.191113 1.064346 1.371585 -1.226447 0.810690 -1.041587 0.616087
1776409992.115889 jaka_arm_left success 0.284147 0.296330 -0.448160 0.711514 0.310736 0.295806 0.556497 -1.192385 1.062474 1.372984 -1.225907 0.810319 -1.043422 0.613511
1776409992.124306 jaka_arm_left success 0.284211 0.296413 -0.448169 0.710460 0.311617 0.295883 0.557310 -1.192525 1.063415 1.372753 -1.225671 0.809346 -1.043359 0.612813
1776409992.132541 jaka_arm_left success 0.284304 0.296450 -0.448223 0.709001 0.312295 0.295185 0.559156 -1.196292 1.062822 1.372686 -1.217761 0.805474 -1.050514 0.612322
1776409992.140924 jaka_arm_left success 0.284423 0.296948 -0.448058 0.709136 0.311773 0.296322 0.558675 -1.196825 1.062267 1.371468 -1.217760 0.805782 -1.049597 0.613605
1776409992.149331 jaka_arm_left success 0.284518 0.297120 -0.447990 0.708289 0.311719 0.295735 0.560089 -1.197281 1.063904 1.370440 -1.211478 0.802929 -1.057618 0.618596
1776409992.157632 jaka_arm_left success 0.284578 0.297086 -0.447959 0.706134 0.312263 0.295868 0.562431 -1.203266 1.064781 1.371153 -1.202561 0.799711 -1.064190 0.619237
1776409992.165931 jaka_arm_left success 0.284593 0.297219 -0.447891 0.704709 0.312905 0.296895 0.563320 -1.202670 1.068906 1.369598 -1.201951 0.797791 -1.064581 0.621835
1776409992.174185 jaka_arm_left success 0.284658 0.297250 -0.447788 0.703295 0.312668 0.297631 0.564828 -1.204143 1.070998 1.367304 -1.194285 0.793849 -1.073026 0.627640
1776409992.182590 jaka_arm_left success 0.284608 0.297219 -0.447645 0.701729 0.312976 0.299022 0.565869 -1.204302 1.074464 1.366337 -1.193317 0.792717 -1.074060 0.630974
1776409992.190980 jaka_arm_left success 0.284687 0.297345 -0.447380 0.700808 0.312199 0.300784 0.566506 -1.203836 1.077006 1.363788 -1.191472 0.790799 -1.077314 0.636391
1776409992.199292 jaka_arm_left success 0.284486 0.297345 -0.447011 0.700365 0.311955 0.301377 0.566873 -1.204384 1.076750 1.362922 -1.190312 0.789771 -1.079070 0.637262
1776409992.207510 jaka_arm_left success 0.284476 0.297174 -0.446617 0.699179 0.311359 0.302318 0.568163 -1.204129 1.079712 1.361024 -1.187413 0.787264 -1.084061 0.642455
1776409992.215876 jaka_arm_left success 0.284245 0.296978 -0.446123 0.697925 0.311447 0.302607 0.569501 -1.205853 1.079077 1.359975 -1.183007 0.784284 -1.089416 0.642986
1776409992.224299 jaka_arm_left success 0.284118 0.296894 -0.445410 0.697030 0.311445 0.304032 0.569839 -1.206824 1.079515 1.359063 -1.183489 0.783449 -1.089294 0.643321
1776409992.232570 jaka_arm_left success 0.284077 0.296680 -0.444552 0.696717 0.310358 0.303951 0.570856 -1.207374 1.080425 1.359517 -1.184484 0.782826 -1.090651 0.643494
1776409992.249223 jaka_arm_left success 0.283753 0.295776 -0.442453 0.694203 0.310566 0.304305 0.573610 -1.204997 1.083469 1.357263 -1.185932 0.778671 -1.094843 0.644970
1776409992.257609 jaka_arm_left success 0.283653 0.295189 -0.441134 0.693562 0.310224 0.303941 0.574763 -1.205562 1.084173 1.357652 -1.186717 0.777974 -1.095884 0.644654
1776409992.265929 jaka_arm_left success 0.283508 0.294589 -0.439627 0.692528 0.310509 0.305396 0.575085 -1.202775 1.085427 1.354811 -1.189277 0.775631 -1.096904 0.646110
1776409992.274248 jaka_arm_left success 0.283330 0.293808 -0.438080 0.691798 0.310458 0.306188 0.575569 -1.195124 1.086777 1.351651 -1.201371 0.773795 -1.092483 0.643314
1776409992.282645 jaka_arm_left success 0.283279 0.293342 -0.436284 0.692623 0.308827 0.308190 0.574385 -1.189054 1.086890 1.349772 -1.217380 0.775935 -1.083556 0.641251
1776409992.290967 jaka_arm_left success 0.283184 0.292182 -0.434555 0.690981 0.309096 0.309550 0.575486 -1.187712 1.091039 1.348522 -1.220879 0.774528 -1.082715 0.643075
1776409992.299390 jaka_arm_left success 0.283163 0.291389 -0.432463 0.691902 0.307817 0.311667 0.573920 -1.177475 1.091532 1.344828 -1.242234 0.776564 -1.070465 0.639989
1776409992.307538 jaka_arm_left success 0.283184 0.290127 -0.430414 0.691604 0.307581 0.313784 0.573251 -1.172848 1.094408 1.343518 -1.255807 0.778278 -1.060863 0.638130
1776409992.315938 jaka_arm_left success 0.283079 0.288939 -0.428215 0.692036 0.307594 0.315792 0.571618 -1.161473 1.095808 1.340610 -1.280365 0.780527 -1.045507 0.631806
1776409992.324295 jaka_arm_left success 0.283291 0.287613 -0.425906 0.692116 0.306699 0.318170 0.570683 -1.156737 1.097650 1.339127 -1.296027 0.782814 -1.035636 0.629911
1776409992.340882 jaka_arm_left success 0.283515 0.284768 -0.421002 0.694378 0.304949 0.319967 0.567861 -1.142072 1.096272 1.339386 -1.338338 0.791618 -1.006788 0.615346
1776409992.349335 jaka_arm_left success 0.283827 0.283358 -0.418364 0.695897 0.303128 0.321556 0.566076 -1.135506 1.097351 1.338752 -1.355684 0.795769 -0.996306 0.613577
1776409992.357589 jaka_arm_left success 0.283953 0.281642 -0.415735 0.696462 0.302849 0.322515 0.564985 -1.129360 1.093924 1.339303 -1.379337 0.799524 -0.979892 0.600794
1776409992.365954 jaka_arm_left success 0.284179 0.279928 -0.413075 0.697213 0.301811 0.322580 0.564576 -1.121593 1.095290 1.339779 -1.395625 0.802809 -0.970644 0.597086
1776409992.374271 jaka_arm_left success 0.284461 0.278256 -0.410279 0.697962 0.300181 0.323228 0.564148 -1.119433 1.091015 1.340524 -1.411126 0.805438 -0.961223 0.588334
1776409992.382578 jaka_arm_left success 0.284880 0.276559 -0.407409 0.698745 0.297751 0.322838 0.564691 -1.115302 1.087432 1.341502 -1.425939 0.807728 -0.954286 0.581003
1776409992.390937 jaka_arm_left success 0.285183 0.274753 -0.404444 0.699732 0.295769 0.321964 0.565008 -1.113386 1.082430 1.344727 -1.442803 0.811374 -0.945158 0.570521
1776409992.399277 jaka_arm_left success 0.285545 0.272882 -0.401442 0.700385 0.293646 0.321026 0.565840 -1.108004 1.078451 1.345558 -1.459353 0.813039 -0.938719 0.562220
1776409992.407522 jaka_arm_left success 0.285905 0.271054 -0.398333 0.701480 0.290934 0.320991 0.565904 -1.106723 1.077684 1.349735 -1.474316 0.818627 -0.928789 0.556518
1776409992.415898 jaka_arm_left success 0.286250 0.269016 -0.395264 0.702388 0.288151 0.320739 0.566344 -1.103524 1.071354 1.349162 -1.487388 0.819339 -0.925789 0.549878
1776409992.432570 jaka_arm_left success 0.286952 0.264450 -0.388970 0.703583 0.284640 0.320655 0.566684 -1.096363 1.067984 1.355905 -1.526582 0.829442 -0.900572 0.531674
1776409992.440865 jaka_arm_left success 0.287313 0.262185 -0.385769 0.704879 0.282206 0.320350 0.566464 -1.091598 1.060658 1.356178 -1.542974 0.832087 -0.892400 0.521414
1776409992.449256 jaka_arm_left success 0.287698 0.260016 -0.382449 0.706552 0.280042 0.321484 0.564808 -1.085022 1.059208 1.359673 -1.569220 0.841278 -0.872756 0.511729
1776409992.457590 jaka_arm_left success 0.288076 0.257428 -0.379398 0.706255 0.278086 0.322302 0.565679 -1.082706 1.062861 1.361627 -1.581132 0.844154 -0.866687 0.511050
1776409992.465959 jaka_arm_left success 0.288698 0.254878 -0.376181 0.706999 0.275127 0.321972 0.566384 -1.083853 1.054354 1.364620 -1.594247 0.847143 -0.860584 0.500373
1776409992.474212 jaka_arm_left success 0.289130 0.252389 -0.373069 0.708050 0.273212 0.321467 0.566285 -1.079402 1.052633 1.370292 -1.617006 0.855187 -0.843553 0.489144
1776409992.482544 jaka_arm_left success 0.289536 0.249794 -0.370001 0.708471 0.271489 0.321210 0.566734 -1.078025 1.045895 1.371312 -1.629614 0.856586 -0.837554 0.479313
1776409992.490944 jaka_arm_left success 0.289970 0.247475 -0.366801 0.710473 0.268186 0.320523 0.566189 -1.076337 1.041757 1.378870 -1.650704 0.866556 -0.821214 0.467947
1776409992.499245 jaka_arm_left success 0.290537 0.244787 -0.363721 0.711723 0.265410 0.318890 0.566849 -1.076377 1.032739 1.381373 -1.661258 0.868659 -0.816920 0.457549
1776409992.507500 jaka_arm_left success 0.290877 0.241990 -0.360823 0.711777 0.264209 0.317932 0.567879 -1.074471 1.032703 1.388625 -1.679764 0.876055 -0.803078 0.448324
1776409992.515932 jaka_arm_left success 0.291471 0.239305 -0.357845 0.712393 0.261353 0.317041 0.568925 -1.075680 1.024717 1.391911 -1.690932 0.878231 -0.798280 0.437882
1776409992.524301 jaka_arm_left success 0.292118 0.236637 -0.354887 0.713351 0.258172 0.316314 0.569581 -1.078413 1.019243 1.398085 -1.704716 0.883596 -0.788949 0.427278
1776409992.532552 jaka_arm_left success 0.292511 0.233911 -0.352020 0.713792 0.257121 0.315400 0.570012 -1.073977 1.016651 1.403878 -1.724905 0.891062 -0.774669 0.416704
1776409992.540930 jaka_arm_left success 0.293113 0.231321 -0.349204 0.715043 0.253913 0.314691 0.570273 -1.077908 1.008299 1.407515 -1.732177 0.893894 -0.770661 0.407680
1776409992.549193 jaka_arm_left success 0.293608 0.228586 -0.346444 0.716054 0.252276 0.313095 0.570610 -1.078912 1.002051 1.416469 -1.750867 0.902858 -0.754413 0.392419
1776409992.557601 jaka_arm_left success 0.294289 0.225784 -0.343783 0.716676 0.250634 0.311810 0.571255 -1.079995 0.994398 1.422958 -1.764722 0.907963 -0.744133 0.378453
1776409992.565951 jaka_arm_left success 0.294901 0.223022 -0.341194 0.717379 0.250026 0.310688 0.571251 -1.078481 0.994215 1.431989 -1.780358 0.917567 -0.728975 0.369266
1776409992.574222 jaka_arm_left success 0.295622 0.220250 -0.338696 0.718733 0.248563 0.308470 0.571389 -1.082295 0.982852 1.438140 -1.791664 0.922156 -0.718954 0.352656
1776409992.582570 jaka_arm_left success 0.296404 0.217477 -0.336282 0.719933 0.247810 0.306693 0.571162 -1.084989 0.972484 1.449404 -1.809835 0.932284 -0.700260 0.331691
1776409992.590954 jaka_arm_left success 0.297118 0.214657 -0.334021 0.721007 0.247879 0.304136 0.571144 -1.086949 0.961454 1.460039 -1.825096 0.941119 -0.684019 0.311262
1776409992.599277 jaka_arm_left success 0.298041 0.211666 -0.331850 0.722239 0.246927 0.301249 0.571531 -1.093048 0.953516 1.472744 -1.836747 0.950216 -0.669613 0.293875
1776409992.607516 jaka_arm_left success 0.298927 0.208912 -0.329653 0.724162 0.246366 0.298196 0.570940 -1.094865 0.939614 1.485434 -1.855666 0.962508 -0.649596 0.270647
1776409992.615872 jaka_arm_left success 0.299733 0.206008 -0.327680 0.725419 0.247129 0.295685 0.570320 -1.099359 0.928337 1.499453 -1.870435 0.973688 -0.629586 0.247370
1776409992.624354 jaka_arm_left success 0.300569 0.202965 -0.325783 0.726851 0.247582 0.291784 0.570309 -1.103205 0.917097 1.515790 -1.887242 0.986229 -0.608705 0.223223
1776409992.632626 jaka_arm_left success 0.301518 0.199826 -0.324114 0.727436 0.247480 0.288690 0.571181 -1.110466 0.909923 1.525506 -1.890765 0.990001 -0.603190 0.210122
1776409992.640927 jaka_arm_left success 0.302547 0.197056 -0.322503 0.729146 0.245649 0.285786 0.571252 -1.122514 0.895904 1.544464 -1.901986 1.003616 -0.585862 0.186291
1776409992.649313 jaka_arm_left success 0.303427 0.194094 -0.320855 0.730727 0.244899 0.282489 0.571194 -1.127919 0.884662 1.559106 -1.915224 1.014758 -0.569309 0.165287
1776409992.657566 jaka_arm_left success 0.304336 0.190944 -0.319333 0.732014 0.244435 0.279211 0.571357 -1.138685 0.874685 1.578385 -1.924950 1.027296 -0.553374 0.143636
1776409992.665989 jaka_arm_left success 0.305171 0.187759 -0.317895 0.733262 0.244187 0.276159 0.571345 -1.145313 0.863208 1.592475 -1.934905 1.037441 -0.538934 0.123363
1776409992.674254 jaka_arm_left success 0.305927 0.184613 -0.316571 0.734309 0.244278 0.273884 0.571057 -1.156347 0.851537 1.612865 -1.947170 1.052102 -0.518753 0.098069
1776409992.682563 jaka_arm_left success 0.306763 0.181723 -0.315207 0.736402 0.243404 0.272658 0.569318 -1.160209 0.840236 1.633242 -1.964971 1.072541 -0.492861 0.075155
1776409992.690995 jaka_arm_left success 0.307644 0.178660 -0.313988 0.738027 0.242245 0.270136 0.568912 -1.177427 0.828989 1.653740 -1.967882 1.085027 -0.480878 0.053759
1776409992.699273 jaka_arm_left success 0.308336 0.175699 -0.312847 0.739466 0.242680 0.268437 0.567660 -1.180903 0.814890 1.673387 -1.986452 1.104195 -0.453962 0.026464
1776409992.707511 jaka_arm_left success 0.309276 0.172377 -0.311898 0.740162 0.241856 0.265326 0.568567 -1.197669 0.806461 1.694615 -1.989379 1.115649 -0.443775 0.005938
1776409992.724311 jaka_arm_left success 0.311445 0.166019 -0.309951 0.743156 0.239859 0.259030 0.568410 -1.230773 0.782403 1.742058 -2.001808 1.146697 -0.413956 -0.044656
1776409992.732548 jaka_arm_left success 0.312344 0.162913 -0.309098 0.744608 0.240371 0.256222 0.567566 -1.246859 0.766383 1.771801 -2.014873 1.170258 -0.386519 -0.080687
1776409992.740906 jaka_arm_left success 0.313475 0.159705 -0.308375 0.746124 0.240324 0.252804 0.567127 -1.267231 0.751854 1.801297 -2.020473 1.190607 -0.367676 -0.113729
1776409992.749243 jaka_arm_left success 0.314568 0.156385 -0.307704 0.747729 0.240455 0.248261 0.566964 -1.286901 0.740728 1.827565 -2.023647 1.207113 -0.354993 -0.142019
1776409992.757758 jaka_arm_left success 0.315721 0.153312 -0.307037 0.749932 0.240157 0.244904 0.565640 -1.313141 0.719823 1.868267 -2.034073 1.238821 -0.326527 -0.190125
1776409992.765935 jaka_arm_left success 0.316868 0.150131 -0.306486 0.751917 0.240244 0.240822 0.564719 -1.338982 0.701074 1.907986 -2.043489 1.270261 -0.301396 -0.236843
1776409992.774237 jaka_arm_left success 0.318103 0.146770 -0.306023 0.753131 0.240111 0.236810 0.564855 -1.364201 0.689994 1.939594 -2.046854 1.293676 -0.287357 -0.273453
1776409992.782512 jaka_arm_left success 0.319353 0.143571 -0.305620 0.754395 0.240065 0.234063 0.564333 -1.390735 0.678611 1.974892 -2.050578 1.324087 -0.268848 -0.315078
1776409992.790977 jaka_arm_left success 0.320724 0.140813 -0.305140 0.756952 0.238131 0.232480 0.562379 -1.420465 0.663147 2.015133 -2.055593 1.364982 -0.247645 -0.364926
1776409992.799297 jaka_arm_left success 0.321882 0.137237 -0.305043 0.756558 0.239386 0.229570 0.563571 -1.446473 0.661184 2.047479 -2.056474 1.395462 -0.235032 -0.405263
1776409992.815940 jaka_arm_left success 0.324374 0.131159 -0.304555 0.759374 0.240370 0.225607 0.560958 -1.517551 0.629384 2.150565 -2.069043 1.529842 -0.177222 -0.567097
1776409992.824251 jaka_arm_left success 0.325955 0.127740 -0.304605 0.759338 0.240551 0.223049 0.561952 -1.540776 0.636605 2.172431 -2.067010 1.589288 -0.177250 -0.631110
1776409992.832566 jaka_arm_left success 0.327469 0.124889 -0.304505 0.761831 0.240035 0.220931 0.559630 -1.555027 0.640470 2.177312 -2.075340 1.699007 -0.190942 -0.746127
1776409992.840907 jaka_arm_left success 0.328912 0.121527 -0.304597 0.762757 0.241904 0.217918 0.558745 -1.557263 0.658946 2.161500 -2.075894 1.753483 -0.219917 -0.803017
1776409992.849183 jaka_arm_left success 0.330345 0.118229 -0.304789 0.763968 0.243431 0.214513 0.557744 -1.560986 0.679621 2.142542 -2.079110 1.804449 -0.256406 -0.855747
1776409992.857690 jaka_arm_left success 0.331907 0.114942 -0.305031 0.765604 0.244625 0.211168 0.556253 -1.564639 0.703656 2.122483 -2.084947 1.855380 -0.297418 -0.907295
1776409992.865936 jaka_arm_left success 0.333424 0.111503 -0.305388 0.767194 0.246838 0.207332 0.554525 -1.572035 0.724716 2.108405 -2.086822 1.891985 -0.334128 -0.946671
1776409992.874263 jaka_arm_left success 0.334920 0.108043 -0.305756 0.768796 0.249102 0.203801 0.552600 -1.576997 0.747037 2.093096 -2.092623 1.931532 -0.372272 -0.988032
1776409992.882776 jaka_arm_left success 0.336631 0.104796 -0.306132 0.771471 0.250075 0.200018 0.549807 -1.588953 0.764951 2.084032 -2.095791 1.960455 -0.409121 -1.020772
1776409992.890986 jaka_arm_left success 0.338253 0.101059 -0.306802 0.772803 0.252451 0.195125 0.548607 -1.600774 0.782817 2.080948 -2.094680 1.979301 -0.438231 -1.046144
1776409992.899324 jaka_arm_left success 0.339830 0.097781 -0.307158 0.775860 0.254205 0.191844 0.544626 -1.613337 0.802120 2.071890 -2.100257 2.012635 -0.478233 -1.081493
1776409992.907522 jaka_arm_left success 0.341442 0.094489 -0.307763 0.778208 0.256026 0.188073 0.541729 -1.626491 0.820054 2.069914 -2.099889 2.034922 -0.509635 -1.106018
1776409992.915914 jaka_arm_left success 0.343065 0.090868 -0.308611 0.779440 0.257771 0.183405 0.540731 -1.639267 0.834281 2.072154 -2.096681 2.044393 -0.531025 -1.121865
1776409992.924321 jaka_arm_left success 0.344633 0.087418 -0.309405 0.780939 0.259250 0.178690 0.539438 -1.654506 0.847761 2.074985 -2.093084 2.053422 -0.554155 -1.137743
1776409992.932596 jaka_arm_left success 0.346294 0.084117 -0.310205 0.782470 0.260125 0.174990 0.538009 -1.667950 0.860485 2.078527 -2.090160 2.062465 -0.574329 -1.150581
1776409992.940874 jaka_arm_left success 0.347926 0.080883 -0.310951 0.784874 0.261330 0.170888 0.535236 -1.683697 0.876147 2.079820 -2.089155 2.079731 -0.603241 -1.171994
1776409992.949219 jaka_arm_left success 0.349583 0.077404 -0.311957 0.785822 0.262490 0.166596 0.534630 -1.696271 0.882872 2.084218 -2.083981 2.078063 -0.616612 -1.179328
1776409992.957598 jaka_arm_left success 0.351160 0.074191 -0.312919 0.787270 0.263784 0.162608 0.533088 -1.708020 0.897859 2.087962 -2.081281 2.090586 -0.636309 -1.193431
1776409992.965922 jaka_arm_left success 0.352849 0.070740 -0.314082 0.787849 0.265457 0.160110 0.532157 -1.718868 0.912236 2.090113 -2.076210 2.101680 -0.652061 -1.206213
1776409992.974256 jaka_arm_left success 0.354410 0.067661 -0.315069 0.790063 0.266563 0.157302 0.529152 -1.730511 0.926687 2.093978 -2.073976 2.116676 -0.674770 -1.221925
1776409992.982539 jaka_arm_left success 0.356085 0.064575 -0.316130 0.791737 0.267368 0.155351 0.526813 -1.741317 0.941410 2.096327 -2.073603 2.134397 -0.696243 -1.237720
1776409992.990976 jaka_arm_left success 0.357683 0.061082 -0.317488 0.792398 0.270120 0.152513 0.525243 -1.750849 0.956014 2.098196 -2.068277 2.146392 -0.711821 -1.251359
1776409992.999285 jaka_arm_left success 0.359022 0.057843 -0.318653 0.794102 0.273166 0.150104 0.521777 -1.759486 0.974373 2.099331 -2.070847 2.171013 -0.738986 -1.275104
1776409993.007509 jaka_arm_left success 0.360556 0.054608 -0.320012 0.795573 0.275625 0.147695 0.518923 -1.769968 0.987343 2.103129 -2.063217 2.181107 -0.754552 -1.285402
1776409993.016055 jaka_arm_left success 0.362010 0.051583 -0.321214 0.797771 0.277869 0.145119 0.515063 -1.780788 1.003609 2.105927 -2.063747 2.201493 -0.780865 -1.305551
1776409993.024347 jaka_arm_left success 0.363525 0.048499 -0.322571 0.799354 0.280393 0.142614 0.511932 -1.791660 1.017457 2.109246 -2.058591 2.213938 -0.799311 -1.318815
1776409993.032628 jaka_arm_left success 0.365044 0.045416 -0.323934 0.801026 0.283427 0.139140 0.508593 -1.803040 1.032311 2.112819 -2.054993 2.227271 -0.821037 -1.335210
1776409993.040860 jaka_arm_left success 0.366382 0.042434 -0.325364 0.802069 0.286859 0.134880 0.506166 -1.812388 1.044033 2.115693 -2.049866 2.235479 -0.837418 -1.348229
1776409993.049297 jaka_arm_left success 0.367838 0.039445 -0.326865 0.802527 0.289704 0.129621 0.505194 -1.824660 1.054747 2.120887 -2.039123 2.233621 -0.848987 -1.355119
1776409993.057597 jaka_arm_left success 0.369028 0.036579 -0.328358 0.802745 0.294185 0.124253 0.503603 -1.832756 1.067414 2.124313 -2.032342 2.239457 -0.863957 -1.368703
1776409993.065918 jaka_arm_left success 0.370427 0.033746 -0.330054 0.802678 0.296600 0.117483 0.503919 -1.841986 1.075432 2.128084 -2.022540 2.232303 -0.870614 -1.373717
1776409993.074204 jaka_arm_left success 0.371820 0.031459 -0.331431 0.804612 0.297913 0.111732 0.501361 -1.856254 1.081589 2.133788 -2.010974 2.225211 -0.883327 -1.378051
1776409993.082567 jaka_arm_left success 0.373205 0.028850 -0.333243 0.804377 0.299778 0.105356 0.502007 -1.865809 1.089997 2.138734 -1.998902 2.217396 -0.888309 -1.379901
1776409993.090932 jaka_arm_left success 0.374256 0.026432 -0.334797 0.804424 0.303330 0.100981 0.500695 -1.871809 1.097324 2.141481 -1.986982 2.215225 -0.893190 -1.384180
1776409993.099322 jaka_arm_left success 0.375757 0.024343 -0.336483 0.805713 0.303312 0.095782 0.499654 -1.884790 1.104132 2.147850 -1.974743 2.207272 -0.901580 -1.384222
1776409993.107530 jaka_arm_left success 0.376832 0.022093 -0.338140 0.805952 0.305867 0.091744 0.498467 -1.890560 1.111174 2.151119 -1.963329 2.204845 -0.905195 -1.386389
1776409993.115953 jaka_arm_left success 0.378267 0.020183 -0.339885 0.806552 0.307514 0.090428 0.496722 -1.895751 1.118666 2.154903 -1.952398 2.208532 -0.908434 -1.387176
1776409993.124294 jaka_arm_left success 0.379523 0.018226 -0.341564 0.807051 0.309563 0.088081 0.495057 -1.901519 1.126641 2.158187 -1.942343 2.210666 -0.912984 -1.390283
1776409993.132627 jaka_arm_left success 0.380825 0.016380 -0.343230 0.807826 0.312675 0.087227 0.491978 -1.907197 1.137214 2.161443 -1.932602 2.221722 -0.920926 -1.397943
1776409993.140951 jaka_arm_left success 0.382164 0.014739 -0.344879 0.808600 0.315426 0.086206 0.489123 -1.912610 1.147061 2.164102 -1.926384 2.232880 -0.930319 -1.407434
1776409993.149304 jaka_arm_left success 0.383649 0.013120 -0.346667 0.808984 0.318910 0.086048 0.486247 -1.914960 1.157516 2.165953 -1.923088 2.249403 -0.939363 -1.419189
1776409993.157590 jaka_arm_left success 0.385044 0.011623 -0.348368 0.808940 0.323383 0.086193 0.483333 -1.916160 1.169115 2.166277 -1.922110 2.268881 -0.949962 -1.435322
1776409993.165960 jaka_arm_left success 0.386502 0.010377 -0.350082 0.809523 0.326768 0.085199 0.480247 -1.921615 1.176961 2.168121 -1.913792 2.276722 -0.957734 -1.442593
1776409993.174196 jaka_arm_left success 0.388010 0.009157 -0.351834 0.809430 0.331084 0.083951 0.477659 -1.924649 1.186920 2.169080 -1.907447 2.288451 -0.965815 -1.453803
1776409993.182546 jaka_arm_left success 0.389428 0.008075 -0.353552 0.809282 0.334742 0.081913 0.475711 -1.927351 1.191829 2.169470 -1.901456 2.291183 -0.970221 -1.459383
1776409993.190940 jaka_arm_left success 0.390960 0.007317 -0.355183 0.809639 0.338676 0.081218 0.472427 -1.932923 1.201330 2.171170 -1.893411 2.302751 -0.979812 -1.469486
1776409993.199292 jaka_arm_left success 0.392465 0.006221 -0.357063 0.808419 0.342220 0.079080 0.472325 -1.931661 1.204273 2.169689 -1.889317 2.303147 -0.979431 -1.473715
1776409993.207503 jaka_arm_left success 0.393907 0.005686 -0.358628 0.808867 0.345545 0.078025 0.469302 -1.937365 1.211862 2.171282 -1.879129 2.309453 -0.985469 -1.479503
1776409993.216024 jaka_arm_left success 0.395432 0.005226 -0.360294 0.809216 0.347963 0.077666 0.466969 -1.940291 1.216791 2.172251 -1.872367 2.315138 -0.989262 -1.483605
1776409993.224346 jaka_arm_left success 0.396790 0.004417 -0.361991 0.808262 0.351595 0.075753 0.466214 -1.940415 1.220906 2.171747 -1.866557 2.316905 -0.990468 -1.488154
1776409993.232602 jaka_arm_left success 0.398305 0.003983 -0.363589 0.808109 0.354796 0.074088 0.464317 -1.946678 1.228893 2.173375 -1.855690 2.321730 -0.995683 -1.493256
1776409993.240986 jaka_arm_left success 0.399602 0.003693 -0.365071 0.808202 0.358515 0.072933 0.461473 -1.949767 1.233418 2.173386 -1.848670 2.325967 -1.000493 -1.499164
1776409993.249259 jaka_arm_left success 0.401039 0.003521 -0.366410 0.808869 0.361662 0.072145 0.457960 -1.956458 1.240664 2.174955 -1.841212 2.333624 -1.010489 -1.507905
1776409993.257589 jaka_arm_left success 0.402422 0.003056 -0.368031 0.807397 0.365826 0.069174 0.457707 -1.954046 1.241891 2.172526 -1.837894 2.331771 -1.010296 -1.512743
1776409993.265946 jaka_arm_left success 0.403581 0.002699 -0.369451 0.806153 0.370583 0.065495 0.456613 -1.957390 1.246452 2.170996 -1.829029 2.330916 -1.013850 -1.519247
1776409993.274244 jaka_arm_left success 0.404946 0.002278 -0.370933 0.804309 0.375237 0.062532 0.456479 -1.960326 1.252578 2.169820 -1.819722 2.330269 -1.015027 -1.524580
1776409993.282553 jaka_arm_left success 0.406237 0.002314 -0.372132 0.804603 0.377932 0.058122 0.454316 -1.968134 1.255327 2.170130 -1.810325 2.323106 -1.022397 -1.528267
1776409993.290945 jaka_arm_left success 0.407418 0.002037 -0.373530 0.802977 0.381738 0.053873 0.454535 -1.972479 1.258312 2.168507 -1.798713 2.315086 -1.022629 -1.529725
1776409993.299241 jaka_arm_left success 0.408691 0.001906 -0.374683 0.802765 0.383398 0.049214 0.454040 -1.979418 1.258188 2.168291 -1.785599 2.300103 -1.023828 -1.525803
1776409993.307513 jaka_arm_left success 0.409517 0.001252 -0.375965 0.800508 0.387878 0.044601 0.454695 -1.979224 1.261785 2.166404 -1.773054 2.293439 -1.018828 -1.525416
1776409993.315959 jaka_arm_left success 0.410578 0.001123 -0.376952 0.801211 0.389115 0.040998 0.452736 -1.986785 1.262444 2.167113 -1.765155 2.284440 -1.025377 -1.525951
1776409993.324298 jaka_arm_left success 0.411464 0.000605 -0.378107 0.800319 0.390985 0.036886 0.453055 -1.992121 1.263879 2.166618 -1.750586 2.271283 -1.023266 -1.520563
1776409993.332578 jaka_arm_left success 0.412177 0.000349 -0.378853 0.801329 0.392868 0.035650 0.449728 -1.994236 1.264590 2.167893 -1.745852 2.272806 -1.027155 -1.522429
1776409993.340921 jaka_arm_left success 0.412721 -0.000442 -0.379871 0.800481 0.395425 0.033860 0.449136 -1.996627 1.269710 2.168143 -1.739533 2.274127 -1.028923 -1.526776
1776409993.349242 jaka_arm_left success 0.413476 -0.000740 -0.380748 0.801998 0.394891 0.032758 0.446975 -2.002513 1.271843 2.170707 -1.734237 2.273480 -1.034354 -1.527010
1776409993.357620 jaka_arm_left success 0.414070 -0.001417 -0.381674 0.802238 0.396277 0.032613 0.445325 -2.004522 1.275155 2.172099 -1.729112 2.277227 -1.035743 -1.528785
1776409993.365940 jaka_arm_left success 0.414507 -0.002164 -0.382474 0.802754 0.397894 0.032051 0.442989 -2.005755 1.276424 2.172894 -1.725536 2.279494 -1.038370 -1.531140
1776409993.374261 jaka_arm_left success 0.415009 -0.002874 -0.383288 0.803424 0.398828 0.032309 0.440910 -2.011943 1.284494 2.176276 -1.718737 2.287781 -1.043880 -1.536713
1776409993.382538 jaka_arm_left success 0.415416 -0.003571 -0.383936 0.804272 0.400074 0.031748 0.438268 -2.016431 1.288575 2.178051 -1.715187 2.293169 -1.050119 -1.542359
1776409993.390982 jaka_arm_left success 0.415713 -0.004406 -0.384722 0.803951 0.401741 0.031074 0.437379 -2.015992 1.292282 2.179042 -1.713226 2.297666 -1.051439 -1.546468
1776409993.399290 jaka_arm_left success 0.416075 -0.005134 -0.385382 0.804372 0.402729 0.030209 0.435756 -2.019211 1.295291 2.180113 -1.710025 2.300503 -1.055779 -1.550441
1776409993.407514 jaka_arm_left success 0.416407 -0.005802 -0.386032 0.804789 0.403016 0.028384 0.434841 -2.019000 1.296308 2.181317 -1.708844 2.299488 -1.057552 -1.551165
1776409993.415884 jaka_arm_left success 0.416895 -0.006324 -0.386569 0.806085 0.402302 0.028291 0.433104 -2.023427 1.297718 2.183880 -1.705671 2.300780 -1.061994 -1.550976
1776409993.424343 jaka_arm_left success 0.417131 -0.007026 -0.387147 0.806365 0.402929 0.026622 0.432105 -2.026127 1.300413 2.184607 -1.702138 2.299795 -1.064631 -1.552832
1776409993.432601 jaka_arm_left success 0.417164 -0.008028 -0.387689 0.805675 0.404478 0.024814 0.432053 -2.026477 1.303536 2.184624 -1.699267 2.298367 -1.065308 -1.555245
1776409993.440873 jaka_arm_left success 0.417472 -0.008662 -0.388267 0.806386 0.403622 0.023505 0.431600 -2.030364 1.305825 2.186690 -1.694468 2.297271 -1.067990 -1.554331
1776409993.449197 jaka_arm_left success 0.417800 -0.009300 -0.388777 0.807363 0.403091 0.022523 0.430320 -2.034168 1.307907 2.188671 -1.689810 2.295927 -1.070595 -1.553251
1776409993.457575 jaka_arm_left success 0.418025 -0.010048 -0.389307 0.807921 0.403445 0.022159 0.428958 -2.037346 1.310898 2.190008 -1.684558 2.296979 -1.072134 -1.553741
1776409993.465956 jaka_arm_left success 0.418255 -0.010742 -0.389849 0.808331 0.403913 0.021362 0.427783 -2.039252 1.312837 2.191031 -1.680827 2.297646 -1.073626 -1.554413
1776409993.474235 jaka_arm_left success 0.418531 -0.011301 -0.390154 0.809519 0.404652 0.020784 0.424858 -2.045807 1.316581 2.193355 -1.675067 2.300025 -1.080091 -1.557455
1776409993.482550 jaka_arm_left success 0.418963 -0.012083 -0.390861 0.809258 0.404739 0.019158 0.425348 -2.045094 1.318079 2.193901 -1.674448 2.298615 -1.080206 -1.557890
1776409993.490928 jaka_arm_left success 0.419331 -0.012694 -0.391295 0.810123 0.404917 0.019273 0.423522 -2.049935 1.322181 2.196080 -1.668361 2.301070 -1.082890 -1.558702
1776409993.499268 jaka_arm_left success 0.419491 -0.013580 -0.391687 0.809530 0.407430 0.018653 0.422272 -2.050479 1.324653 2.196156 -1.664555 2.303989 -1.083937 -1.562178
1776409993.507527 jaka_arm_left success 0.419934 -0.014334 -0.392222 0.809451 0.408079 0.018421 0.421808 -2.051473 1.328146 2.197329 -1.661249 2.307126 -1.084678 -1.564430
1776409993.524295 jaka_arm_left success 0.420906 -0.015426 -0.393034 0.811363 0.407983 0.019410 0.418168 -2.059826 1.335128 2.201733 -1.653424 2.316182 -1.091697 -1.568792
1776409993.532621 jaka_arm_left success 0.421406 -0.015928 -0.393221 0.812980 0.407861 0.019038 0.415152 -2.065461 1.338126 2.204428 -1.650108 2.318448 -1.098606 -1.571551
1776409993.540945 jaka_arm_left success 0.421722 -0.016805 -0.393627 0.812999 0.409168 0.019212 0.413818 -2.066043 1.340451 2.205487 -1.648031 2.322080 -1.100115 -1.574264
1776409993.549308 jaka_arm_left success 0.422104 -0.017579 -0.393985 0.813564 0.410000 0.020008 0.411843 -2.069853 1.347267 2.208518 -1.644254 2.331522 -1.104459 -1.580583
1776409993.557556 jaka_arm_left success 0.422370 -0.018560 -0.394229 0.813673 0.411757 0.019623 0.409887 -2.072990 1.351762 2.209855 -1.642019 2.337561 -1.109564 -1.587291
1776409993.565935 jaka_arm_left success 0.422946 -0.019436 -0.394639 0.814477 0.411258 0.020286 0.408757 -2.074168 1.353594 2.211675 -1.641124 2.341641 -1.111378 -1.588699
1776409993.574184 jaka_arm_left success 0.423309 -0.020325 -0.394902 0.815086 0.412193 0.021525 0.406533 -2.077569 1.360271 2.214764 -1.638198 2.351335 -1.115830 -1.595168
1776409993.582505 jaka_arm_left success 0.423490 -0.021521 -0.395215 0.814503 0.414432 0.021469 0.405426 -2.078041 1.366255 2.215896 -1.636902 2.360811 -1.118571 -1.603724
1776409993.590985 jaka_arm_left success 0.423967 -0.022242 -0.395460 0.815847 0.414396 0.022757 0.402681 -2.082740 1.369827 2.218730 -1.636031 2.367638 -1.125394 -1.608478
1776409993.599297 jaka_arm_left success 0.424576 -0.022997 -0.395749 0.817188 0.413238 0.022796 0.401145 -2.082837 1.369396 2.220599 -1.636046 2.368291 -1.126731 -1.607073
1776409993.607498 jaka_arm_left success 0.424845 -0.024142 -0.396090 0.816908 0.414812 0.022571 0.400103 -2.086360 1.375073 2.222166 -1.631901 2.372716 -1.130819 -1.612337
1776409993.615924 jaka_arm_left success 0.425298 -0.025016 -0.396379 0.817821 0.414659 0.022225 0.398413 -2.088909 1.377345 2.223603 -1.629524 2.374864 -1.133910 -1.614153
1776409993.624269 jaka_arm_left success 0.425801 -0.025845 -0.396583 0.819260 0.413787 0.021132 0.396419 -2.096657 1.382004 2.226880 -1.624638 2.375319 -1.141639 -1.615722
1776409993.632547 jaka_arm_left success 0.426133 -0.026923 -0.396867 0.819202 0.414973 0.020923 0.395307 -2.096603 1.382753 2.226824 -1.622932 2.376322 -1.142203 -1.617250
1776409993.640920 jaka_arm_left success 0.426712 -0.027702 -0.397102 0.820762 0.413286 0.019444 0.393911 -2.102880 1.387351 2.230516 -1.618223 2.375767 -1.147810 -1.616764
1776409993.649211 jaka_arm_left success 0.426931 -0.028727 -0.397307 0.820998 0.414231 0.018954 0.392449 -2.106751 1.391821 2.231674 -1.612499 2.378285 -1.150598 -1.619715
1776409993.657556 jaka_arm_left success 0.427076 -0.030023 -0.397650 0.819872 0.416576 0.018668 0.392333 -2.106016 1.395089 2.230457 -1.609315 2.381458 -1.149029 -1.624044
1776409993.665931 jaka_arm_left success 0.427586 -0.030730 -0.397789 0.821870 0.414651 0.018051 0.390216 -2.110286 1.398078 2.234965 -1.606649 2.381881 -1.154181 -1.622403
1776409993.674218 jaka_arm_left success 0.427656 -0.031819 -0.397842 0.821940 0.416188 0.017373 0.388459 -2.114640 1.402932 2.235942 -1.601246 2.384462 -1.158613 -1.627038
1776409993.682546 jaka_arm_left success 0.428182 -0.032484 -0.398006 0.823866 0.413891 0.017771 0.386812 -2.119118 1.404783 2.238940 -1.598516 2.386191 -1.162241 -1.625734
1776409993.690931 jaka_arm_left success 0.428267 -0.033573 -0.398255 0.823891 0.414460 0.017211 0.386175 -2.121197 1.408700 2.240159 -1.594865 2.387707 -1.163548 -1.627497
1776409993.699238 jaka_arm_left success 0.428478 -0.034551 -0.398438 0.824590 0.414109 0.018186 0.385012 -2.123150 1.410833 2.242102 -1.592837 2.391609 -1.164374 -1.627800
1776409993.707544 jaka_arm_left success 0.428569 -0.035452 -0.398598 0.825228 0.413893 0.018444 0.383863 -2.124886 1.414872 2.244097 -1.589739 2.394661 -1.166251 -1.629977
1776409993.715918 jaka_arm_left success 0.428682 -0.036338 -0.398938 0.825749 0.413367 0.019088 0.383277 -2.125961 1.415997 2.245778 -1.589154 2.397180 -1.166583 -1.629372
1776409993.724286 jaka_arm_left success 0.428817 -0.036980 -0.399165 0.827034 0.412094 0.019705 0.381843 -2.127470 1.417630 2.248658 -1.587767 2.399626 -1.168512 -1.628596
1776409993.732628 jaka_arm_left success 0.428857 -0.037753 -0.399402 0.827647 0.412164 0.019324 0.380457 -2.131749 1.423726 2.250916 -1.582625 2.403173 -1.172335 -1.632253
1776409993.740915 jaka_arm_left success 0.428984 -0.038452 -0.399821 0.828187 0.411771 0.019721 0.379687 -2.132065 1.423690 2.251871 -1.582597 2.403924 -1.172730 -1.631476
1776409993.749191 jaka_arm_left success 0.429142 -0.039040 -0.400193 0.829064 0.411482 0.020412 0.378046 -2.134273 1.427377 2.254814 -1.578782 2.409164 -1.174866 -1.633125
1776409993.757600 jaka_arm_left success 0.429269 -0.039656 -0.400666 0.828935 0.412438 0.021690 0.377215 -2.134208 1.432348 2.256636 -1.575847 2.417636 -1.173727 -1.637230
1776409993.765898 jaka_arm_left success 0.429476 -0.040215 -0.401310 0.828578 0.412856 0.021073 0.377576 -2.133808 1.432870 2.256407 -1.575800 2.417042 -1.173558 -1.637683
1776409993.774247 jaka_arm_left success 0.429879 -0.040377 -0.401733 0.829562 0.412321 0.020562 0.376026 -2.135291 1.433797 2.257877 -1.573537 2.417083 -1.175507 -1.637160
1776409993.782543 jaka_arm_left success 0.430069 -0.040879 -0.402288 0.828929 0.413994 0.020068 0.375609 -2.135246 1.435101 2.257096 -1.570960 2.417531 -1.175498 -1.639295
1776409993.790932 jaka_arm_left success 0.430487 -0.040858 -0.402782 0.829960 0.413905 0.019400 0.373460 -2.137878 1.436559 2.258634 -1.567436 2.417935 -1.178751 -1.639624
1776409993.799271 jaka_arm_left success 0.430877 -0.041007 -0.403286 0.830190 0.414365 0.018267 0.372495 -2.143298 1.439803 2.259246 -1.561256 2.416583 -1.182438 -1.640306
1776409993.807525 jaka_arm_left success 0.431130 -0.041491 -0.403913 0.828884 0.416597 0.016840 0.372981 -2.141561 1.441587 2.257860 -1.557484 2.416100 -1.179371 -1.641573
1776409993.815947 jaka_arm_left success 0.431261 -0.041687 -0.404320 0.828302 0.418568 0.015341 0.372130 -2.141044 1.442252 2.256883 -1.555151 2.415059 -1.179914 -1.643521
1776409993.824341 jaka_arm_left success 0.431846 -0.041491 -0.404787 0.829512 0.416763 0.013210 0.371543 -2.148442 1.442254 2.256362 -1.543704 2.403947 -1.180242 -1.634653
1776409993.832572 jaka_arm_left success 0.432366 -0.041316 -0.405261 0.829982 0.415826 0.011069 0.371612 -2.151351 1.441011 2.255823 -1.536546 2.394385 -1.178918 -1.626684
1776409993.840942 jaka_arm_left success 0.432370 -0.041653 -0.405699 0.828294 0.418843 0.010140 0.372017 -2.148901 1.443270 2.254134 -1.533244 2.396421 -1.175834 -1.630435
1776409993.849216 jaka_arm_left success 0.432430 -0.041795 -0.406033 0.827391 0.420825 0.008860 0.371823 -2.147900 1.443351 2.252773 -1.532189 2.395590 -1.175655 -1.632309
1776409993.857600 jaka_arm_left success 0.432825 -0.041701 -0.406502 0.827741 0.420139 0.007512 0.371848 -2.151079 1.444248 2.252536 -1.528022 2.390862 -1.177181 -1.630163
1776409993.865966 jaka_arm_left success 0.433218 -0.041520 -0.406814 0.828257 0.419986 0.007443 0.370874 -2.150910 1.443825 2.252978 -1.527653 2.391130 -1.177681 -1.629938
1776409993.874258 jaka_arm_left success 0.433234 -0.041596 -0.407102 0.827291 0.422189 0.007428 0.370528 -2.151308 1.445453 2.252338 -1.523927 2.393488 -1.176786 -1.632285
1776409993.882539 jaka_arm_left success 0.433396 -0.041682 -0.407396 0.826281 0.423581 0.006170 0.371216 -2.150332 1.445978 2.251277 -1.523326 2.392362 -1.176478 -1.633761
1776409993.890991 jaka_arm_left success 0.433645 -0.041553 -0.407450 0.826732 0.423510 0.005403 0.370304 -2.149945 1.445932 2.251444 -1.522968 2.392157 -1.176834 -1.633907
1776409993.899286 jaka_arm_left success 0.434019 -0.041330 -0.407755 0.827163 0.422254 0.005233 0.370776 -2.154131 1.445016 2.250561 -1.515690 2.384738 -1.174789 -1.626224
1776409993.907524 jaka_arm_left success 0.434185 -0.041348 -0.407989 0.826591 0.422821 0.005493 0.371401 -2.153898 1.444886 2.249627 -1.515330 2.384827 -1.174025 -1.626959
1776409993.915852 jaka_arm_left success 0.434352 -0.041192 -0.408080 0.826626 0.423184 0.004910 0.370919 -2.153642 1.444894 2.249735 -1.515137 2.384712 -1.174192 -1.627037
1776409993.924377 jaka_arm_left success 0.434363 -0.041297 -0.408187 0.825649 0.424922 0.004113 0.371118 -2.152737 1.444885 2.248785 -1.514279 2.384060 -1.174114 -1.628425
1776409993.932759 jaka_arm_left success 0.434525 -0.041204 -0.408257 0.825549 0.424980 0.003385 0.371281 -2.152372 1.445340 2.248306 -1.514131 2.383432 -1.173860 -1.629031
1776409993.940936 jaka_arm_left success 0.434681 -0.041183 -0.408414 0.824903 0.425412 0.002972 0.372224 -2.151940 1.445674 2.247063 -1.513737 2.382665 -1.172987 -1.630042
1776409993.949185 jaka_arm_left success 0.434838 -0.041112 -0.408520 0.824630 0.425816 0.003042 0.372365 -2.151676 1.445665 2.246782 -1.513035 2.382569 -1.171353 -1.629108
1776409993.957606 jaka_arm_left success 0.435177 -0.040848 -0.408629 0.825105 0.424909 0.003424 0.372347 -2.151829 1.444852 2.247414 -1.511350 2.381416 -1.169595 -1.625391
1776409993.965997 jaka_arm_left success 0.435587 -0.040517 -0.408645 0.825790 0.423923 0.003214 0.371954 -2.153944 1.444025 2.247542 -1.508918 2.378454 -1.170511 -1.622525
1776409993.974277 jaka_arm_left success 0.435633 -0.040426 -0.408590 0.825222 0.425824 0.003664 0.371037 -2.153590 1.443133 2.246748 -1.507936 2.378775 -1.170619 -1.623503
1776409993.982707 jaka_arm_left success 0.435683 -0.040432 -0.408634 0.824041 0.427773 0.002809 0.371428 -2.153014 1.443076 2.244480 -1.506918 2.378205 -1.169746 -1.625885
1776409993.990968 jaka_arm_left success 0.435818 -0.040345 -0.408713 0.823287 0.428765 0.002648 0.371959 -2.152862 1.443441 2.243141 -1.506136 2.378513 -1.168853 -1.627514
1776409993.999275 jaka_arm_left success 0.435973 -0.040298 -0.408875 0.822299 0.429764 0.002553 0.372989 -2.151893 1.444548 2.241945 -1.505600 2.379192 -1.166722 -1.629057
1776409994.015935 jaka_arm_left success 0.436150 -0.040166 -0.408972 0.821741 0.430165 0.001730 0.373759 -2.151547 1.445087 2.241535 -1.505603 2.378573 -1.166387 -1.629550
1776409994.024302 jaka_arm_left success 0.436553 -0.039513 -0.408915 0.822365 0.430188 0.002467 0.372355 -2.151531 1.444182 2.241910 -1.505089 2.379295 -1.166947 -1.629310
1776409994.032655 jaka_arm_left success 0.436797 -0.039154 -0.408876 0.823159 0.429416 0.003434 0.371482 -2.152259 1.443229 2.242855 -1.505127 2.380589 -1.167501 -1.628146
1776409994.040933 jaka_arm_left success 0.436884 -0.039048 -0.408859 0.822944 0.429871 0.003974 0.371427 -2.152551 1.442791 2.242706 -1.504981 2.381094 -1.167468 -1.628153
1776409994.049358 jaka_arm_left success 0.436952 -0.038914 -0.408771 0.822856 0.430253 0.004240 0.371177 -2.152608 1.442422 2.242505 -1.504689 2.381420 -1.167515 -1.628378
1776409994.057579 jaka_arm_left success 0.436920 -0.038986 -0.408697 0.821795 0.432250 0.006126 0.371180 -2.151534 1.447966 2.243582 -1.503676 2.393213 -1.164798 -1.635878
1776409994.065946 jaka_arm_left success 0.437011 -0.038961 -0.408692 0.820910 0.433399 0.006070 0.371800 -2.151043 1.447905 2.242577 -1.503216 2.392788 -1.164527 -1.637029
1776409994.074235 jaka_arm_left success 0.437160 -0.038768 -0.408606 0.820543 0.434191 0.006026 0.371686 -2.150865 1.447547 2.241744 -1.502829 2.392798 -1.164324 -1.637868
1776409994.082550 jaka_arm_left success 0.437189 -0.038708 -0.408517 0.819502 0.436103 0.006456 0.371738 -2.148140 1.449254 2.241595 -1.507749 2.399988 -1.165495 -1.645867
1776409994.090943 jaka_arm_left success 0.437372 -0.038492 -0.408486 0.819049 0.436836 0.006809 0.371870 -2.148196 1.448813 2.240658 -1.507484 2.400131 -1.165152 -1.646613
1776409994.099317 jaka_arm_left success 0.437540 -0.038265 -0.408392 0.818769 0.437249 0.005715 0.372020 -2.147766 1.448909 2.240022 -1.507648 2.398661 -1.165667 -1.647393
1776409994.107526 jaka_arm_left success 0.437652 -0.038140 -0.408361 0.818069 0.437930 0.004346 0.372776 -2.147277 1.448991 2.238767 -1.507917 2.396292 -1.165777 -1.648198
1776409994.115851 jaka_arm_left success 0.437730 -0.038100 -0.408424 0.817281 0.438748 0.003802 0.373546 -2.147083 1.449242 2.237626 -1.507851 2.395649 -1.165155 -1.649162
1776409994.124367 jaka_arm_left success 0.437677 -0.038131 -0.408396 0.816596 0.439774 0.002967 0.373846 -2.146412 1.449314 2.236782 -1.507360 2.394938 -1.165019 -1.650226
1776409994.132573 jaka_arm_left success 0.437788 -0.038070 -0.408438 0.816713 0.438972 0.002297 0.374538 -2.146241 1.445992 2.235143 -1.509311 2.389589 -1.164490 -1.646803
1776409994.140969 jaka_arm_left success 0.437774 -0.038112 -0.408399 0.816652 0.438681 0.001972 0.375013 -2.145680 1.445610 2.234590 -1.509402 2.387513 -1.163918 -1.645944
1776409994.149221 jaka_arm_left success 0.437716 -0.038181 -0.408307 0.816771 0.438281 0.002038 0.375221 -2.145900 1.445656 2.234793 -1.509637 2.387599 -1.163874 -1.645584
1776409994.157605 jaka_arm_left success 0.437604 -0.038256 -0.408109 0.817151 0.438000 0.002586 0.374717 -2.146158 1.445230 2.235315 -1.509661 2.388119 -1.164185 -1.644984
1776409994.165973 jaka_arm_left success 0.437558 -0.038206 -0.407955 0.817638 0.436962 0.002638 0.374868 -2.146533 1.445551 2.235965 -1.510228 2.388159 -1.164226 -1.644156
1776409994.174218 jaka_arm_left success 0.437375 -0.038357 -0.407795 0.817505 0.436912 0.003343 0.375209 -2.146832 1.445512 2.235978 -1.510463 2.388347 -1.164061 -1.643912
1776409994.182553 jaka_arm_left success 0.437303 -0.038411 -0.407642 0.817526 0.436470 0.002926 0.375683 -2.146924 1.445865 2.236078 -1.510800 2.388125 -1.163895 -1.643699
1776409994.199331 jaka_arm_left success 0.437249 -0.038618 -0.407374 0.818023 0.435156 0.003074 0.376123 -2.147353 1.446419 2.236641 -1.511589 2.388008 -1.163716 -1.642848
1776409994.207503 jaka_arm_left success 0.437132 -0.038770 -0.407230 0.817910 0.435294 0.002806 0.376211 -2.146607 1.445626 2.236848 -1.512131 2.386555 -1.163641 -1.641535
1776409994.215842 jaka_arm_left success 0.437044 -0.038890 -0.407086 0.817928 0.435318 0.002579 0.376146 -2.146607 1.445626 2.236848 -1.512131 2.386555 -1.163641 -1.641535
1776409994.224322 jaka_arm_left success 0.437035 -0.038977 -0.406995 0.818126 0.434822 0.002419 0.376289 -2.146630 1.444782 2.236412 -1.512656 2.384342 -1.163611 -1.640260
1776409994.232603 jaka_arm_left success 0.436983 -0.039092 -0.406906 0.818167 0.434731 0.002271 0.376306 -2.146630 1.444782 2.236412 -1.512656 2.384342 -1.163611 -1.640260
1776409994.240889 jaka_arm_left success 0.436915 -0.039246 -0.406856 0.818118 0.434790 0.002024 0.376348 -2.146630 1.444782 2.236412 -1.512656 2.384342 -1.163611 -1.640260
1776409994.249196 jaka_arm_left success 0.436998 -0.039284 -0.406825 0.818599 0.433776 0.001663 0.376472 -2.147654 1.443903 2.236444 -1.512718 2.380657 -1.164465 -1.637678
1776409994.257619 jaka_arm_left success 0.436992 -0.039421 -0.406818 0.818642 0.433627 0.001487 0.376551 -2.147654 1.443903 2.236444 -1.512718 2.380657 -1.164465 -1.637678
1776409994.265972 jaka_arm_left success 0.436935 -0.039579 -0.406792 0.818478 0.433795 0.001285 0.376716 -2.147654 1.443903 2.236444 -1.512718 2.380657 -1.164465 -1.637678
1776409994.274214 jaka_arm_left success 0.436916 -0.039620 -0.406732 0.818711 0.433574 0.001305 0.376462 -2.147654 1.443903 2.236444 -1.512718 2.380657 -1.164465 -1.637678
1776409994.290985 jaka_arm_left success 0.436827 -0.039721 -0.406571 0.818401 0.434106 0.001256 0.376523 -2.147359 1.443947 2.236348 -1.512482 2.380421 -1.164563 -1.637958
1776409994.299297 jaka_arm_left success 0.436857 -0.039614 -0.406497 0.818250 0.434027 0.000580 0.376945 -2.147087 1.444491 2.236169 -1.512538 2.379761 -1.164426 -1.638244
1776409994.307528 jaka_arm_left success 0.436880 -0.039474 -0.406305 0.818237 0.434503 0.000449 0.376425 -2.146870 1.444298 2.236111 -1.512224 2.379704 -1.164630 -1.638455
1776409994.315836 jaka_arm_left success 0.436888 -0.039417 -0.406176 0.817675 0.435159 0.000134 0.376888 -2.146606 1.444392 2.235243 -1.511908 2.379204 -1.164335 -1.639338
1776409994.324362 jaka_arm_left success 0.436846 -0.039380 -0.405927 0.816948 0.436134 -0.000758 0.377337 -2.146079 1.444716 2.234261 -1.511522 2.378349 -1.164038 -1.640482
1776409994.332558 jaka_arm_left success 0.436822 -0.039255 -0.405698 0.816637 0.436384 -0.001243 0.377719 -2.146097 1.444784 2.233347 -1.511389 2.377486 -1.163868 -1.641152
1776409994.340886 jaka_arm_left success 0.436785 -0.039115 -0.405450 0.816234 0.436463 -0.001508 0.378498 -2.147424 1.442820 2.231633 -1.512435 2.373641 -1.164449 -1.639722
1776409994.349196 jaka_arm_left success 0.436721 -0.038939 -0.405151 0.815899 0.436549 -0.001825 0.379119 -2.147252 1.443258 2.231239 -1.512550 2.373068 -1.164144 -1.640082
1776409994.357611 jaka_arm_left success 0.436697 -0.038727 -0.404848 0.815459 0.436384 -0.002356 0.380250 -2.146345 1.440976 2.229578 -1.514206 2.369357 -1.162847 -1.638008
1776409994.365896 jaka_arm_left success 0.436624 -0.038622 -0.404517 0.815080 0.436362 -0.002596 0.381086 -2.145901 1.441303 2.228819 -1.514303 2.368357 -1.162339 -1.638529
1776409994.374218 jaka_arm_left success 0.436611 -0.038382 -0.404126 0.815321 0.435392 -0.003193 0.381675 -2.145923 1.438480 2.227769 -1.516185 2.364032 -1.161862 -1.635059
1776409994.382546 jaka_arm_left success 0.436470 -0.038215 -0.403694 0.814637 0.435868 -0.003836 0.382585 -2.144867 1.437675 2.226382 -1.516660 2.360946 -1.161224 -1.634672
1776409994.390988 jaka_arm_left success 0.436382 -0.038000 -0.403275 0.814422 0.435450 -0.004116 0.383515 -2.143977 1.434322 2.224860 -1.518556 2.356639 -1.160029 -1.631341
1776409994.399298 jaka_arm_left success 0.436361 -0.037865 -0.402915 0.813920 0.434355 -0.004935 0.385805 -2.141755 1.431779 2.223075 -1.520326 2.351339 -1.156614 -1.627107
1776409994.407507 jaka_arm_left success 0.436118 -0.037891 -0.402466 0.812703 0.434798 -0.005554 0.387857 -2.139003 1.430465 2.220828 -1.521455 2.347824 -1.152554 -1.625142
1776409994.415893 jaka_arm_left success 0.436032 -0.037610 -0.401906 0.812752 0.433428 -0.005839 0.389283 -2.138538 1.427962 2.219589 -1.522936 2.343009 -1.150965 -1.621119
1776409994.424350 jaka_arm_left success 0.435891 -0.037440 -0.401336 0.812710 0.432160 -0.005629 0.390780 -2.138299 1.427561 2.219431 -1.524404 2.341351 -1.149431 -1.618806
1776409994.432582 jaka_arm_left success 0.435614 -0.037396 -0.400750 0.812248 0.431545 -0.005441 0.392418 -2.135967 1.425367 2.218097 -1.526610 2.338758 -1.146130 -1.615862
1776409994.440874 jaka_arm_left success 0.435267 -0.037370 -0.400094 0.811290 0.431404 -0.004932 0.394557 -2.134580 1.424863 2.216712 -1.528630 2.337817 -1.143073 -1.614859
1776409994.449229 jaka_arm_left success 0.435052 -0.037326 -0.399514 0.811099 0.429920 -0.004288 0.396570 -2.130026 1.420644 2.215296 -1.532648 2.334140 -1.137332 -1.608899
1776409994.457626 jaka_arm_left success 0.434833 -0.037082 -0.398783 0.811171 0.428610 -0.003942 0.397843 -2.130645 1.421186 2.215328 -1.533483 2.334059 -1.136818 -1.608374
1776409994.465954 jaka_arm_left success 0.434589 -0.036992 -0.398151 0.810551 0.427791 -0.002920 0.399992 -2.125473 1.417434 2.213874 -1.539192 2.332080 -1.131070 -1.604100
1776409994.474268 jaka_arm_left success 0.434415 -0.036739 -0.397403 0.810753 0.426159 -0.002368 0.401325 -2.126207 1.418139 2.214786 -1.540785 2.331784 -1.130800 -1.602491
1776409994.482512 jaka_arm_left success 0.434230 -0.036477 -0.396609 0.810794 0.424989 -0.001603 0.402485 -2.123910 1.413582 2.212976 -1.545794 2.328276 -1.128390 -1.598858
1776409994.491000 jaka_arm_left success 0.433946 -0.036366 -0.395924 0.809377 0.424770 -0.001906 0.405557 -2.120941 1.412472 2.210764 -1.549004 2.325218 -1.124492 -1.597538
1776409994.499273 jaka_arm_left success 0.433767 -0.036053 -0.395056 0.809133 0.423628 -0.002055 0.407233 -2.117942 1.407673 2.209034 -1.553382 2.320144 -1.122051 -1.593153
1776409994.507514 jaka_arm_left success 0.433460 -0.035853 -0.394235 0.807958 0.423489 -0.001676 0.409706 -2.117270 1.407881 2.207188 -1.555237 2.318876 -1.119329 -1.593052
1776409994.515861 jaka_arm_left success 0.433184 -0.035672 -0.393439 0.806830 0.423150 -0.001079 0.412273 -2.113295 1.405648 2.205450 -1.559275 2.317514 -1.114453 -1.590697
1776409994.524303 jaka_arm_left success 0.432912 -0.035466 -0.392605 0.805748 0.422630 -0.000858 0.414913 -2.106983 1.401590 2.202965 -1.565024 2.314075 -1.108354 -1.587123
1776409994.532573 jaka_arm_left success 0.432694 -0.035051 -0.391585 0.805285 0.422103 -0.000688 0.416346 -2.106933 1.401032 2.201961 -1.566923 2.312520 -1.107422 -1.586549
1776409994.540910 jaka_arm_left success 0.432442 -0.034846 -0.390725 0.804106 0.421841 -0.000039 0.418884 -2.101953 1.397087 2.199296 -1.572640 2.309729 -1.102502 -1.584017
1776409994.549219 jaka_arm_left success 0.432187 -0.034639 -0.389901 0.802679 0.421322 -0.000063 0.422129 -2.097809 1.394579 2.196651 -1.577267 2.306178 -1.097556 -1.581680
1776409994.557593 jaka_arm_left success 0.431986 -0.034217 -0.388933 0.802395 0.420169 0.000503 0.423816 -2.095820 1.391461 2.195283 -1.581655 2.302955 -1.095118 -1.578487
1776409994.565968 jaka_arm_left success 0.431828 -0.033801 -0.387951 0.802170 0.418498 0.001250 0.425888 -2.093617 1.388409 2.194162 -1.585981 2.299649 -1.092278 -1.574686
1776409994.574233 jaka_arm_left success 0.431460 -0.033578 -0.386998 0.800800 0.418548 0.001595 0.428408 -2.090143 1.386272 2.191541 -1.589636 2.297625 -1.087763 -1.573332
1776409994.582583 jaka_arm_left success 0.431283 -0.033157 -0.385998 0.800266 0.417040 0.001639 0.430869 -2.089451 1.385742 2.190687 -1.592626 2.294944 -1.085698 -1.571285
1776409994.599299 jaka_arm_left success 0.430518 -0.032653 -0.383887 0.797076 0.417993 0.002991 0.435824 -2.078946 1.379981 2.185070 -1.602209 2.291942 -1.074708 -1.568387
1776409994.607512 jaka_arm_left success 0.430236 -0.032291 -0.382779 0.795987 0.417301 0.003491 0.438466 -2.076130 1.377445 2.182781 -1.607249 2.288951 -1.071570 -1.566848
1776409994.615860 jaka_arm_left success 0.429847 -0.031957 -0.381690 0.794660 0.417258 0.004826 0.440895 -2.073909 1.376120 2.180700 -1.610968 2.288928 -1.067824 -1.566227
1776409994.624315 jaka_arm_left success 0.429570 -0.031502 -0.380551 0.793917 0.416312 0.005724 0.443110 -2.067757 1.371832 2.178525 -1.618285 2.287251 -1.062841 -1.563718
1776409994.632592 jaka_arm_left success 0.429149 -0.031201 -0.379338 0.792593 0.416608 0.007824 0.445166 -2.062141 1.369647 2.176473 -1.625563 2.290466 -1.057994 -1.564349
1776409994.640931 jaka_arm_left success 0.428719 -0.030704 -0.378058 0.791699 0.416389 0.008375 0.446948 -2.060576 1.367723 2.174542 -1.631089 2.289444 -1.057577 -1.565594
1776409994.649218 jaka_arm_left success 0.428300 -0.030502 -0.376934 0.789577 0.416674 0.010024 0.450388 -2.053780 1.366216 2.171753 -1.638145 2.291522 -1.050492 -1.565658
1776409994.657576 jaka_arm_left success 0.427923 -0.029897 -0.375574 0.788562 0.416144 0.010401 0.452643 -2.050843 1.363638 2.169608 -1.644415 2.289487 -1.048528 -1.565564
1776409994.666029 jaka_arm_left success 0.427579 -0.029276 -0.374236 0.788267 0.414857 0.012513 0.454282 -2.046773 1.359524 2.168002 -1.652782 2.290583 -1.045749 -1.564401
1776409994.674209 jaka_arm_left success 0.426999 -0.029061 -0.372993 0.785490 0.415321 0.013341 0.458623 -2.041729 1.358954 2.164203 -1.658351 2.290160 -1.038933 -1.564941
1776409994.690946 jaka_arm_left success 0.426008 -0.028075 -0.370188 0.783022 0.414091 0.016486 0.463825 -2.028723 1.352844 2.159998 -1.673849 2.290750 -1.027122 -1.561348
1776409994.699275 jaka_arm_left success 0.425531 -0.027450 -0.368721 0.782371 0.413205 0.018079 0.465651 -2.025977 1.349104 2.158018 -1.682440 2.290362 -1.026393 -1.561737
1776409994.707535 jaka_arm_left success 0.425097 -0.027038 -0.367355 0.780994 0.412224 0.019524 0.468763 -2.022722 1.348126 2.156022 -1.687873 2.290476 -1.022095 -1.561167
1776409994.715869 jaka_arm_left success 0.424625 -0.026546 -0.365994 0.779755 0.411513 0.020592 0.471396 -2.017104 1.345088 2.153910 -1.695373 2.289639 -1.017237 -1.559626
1776409994.724318 jaka_arm_left success 0.424175 -0.026002 -0.364475 0.779041 0.410254 0.021132 0.473646 -2.014887 1.342266 2.152090 -1.701370 2.286776 -1.015155 -1.558340
1776409994.732598 jaka_arm_left success 0.423576 -0.025668 -0.363148 0.776879 0.410550 0.022952 0.476844 -2.007571 1.339807 2.148971 -1.708624 2.288085 -1.007823 -1.557444
1776409994.740904 jaka_arm_left success 0.423187 -0.025197 -0.361766 0.775587 0.409139 0.023696 0.480113 -2.004290 1.338042 2.147121 -1.714503 2.285571 -1.003589 -1.555584
1776409994.749339 jaka_arm_left success 0.422655 -0.024562 -0.360320 0.774683 0.408419 0.025459 0.482091 -1.998332 1.333812 2.144704 -1.722390 2.284793 -0.998480 -1.553436
1776409994.757573 jaka_arm_left success 0.422153 -0.024029 -0.358862 0.773580 0.407529 0.026160 0.484571 -1.997211 1.332397 2.143024 -1.726341 2.283441 -0.996207 -1.552651
1776409994.765970 jaka_arm_left success 0.421590 -0.023658 -0.357456 0.771679 0.407436 0.026799 0.487637 -1.990669 1.329072 2.139809 -1.733605 2.281059 -0.990201 -1.551329
1776409994.774243 jaka_arm_left success 0.421104 -0.023201 -0.356081 0.770430 0.406649 0.028262 0.490179 -1.986482 1.326784 2.137705 -1.739654 2.280157 -0.985502 -1.549689
1776409994.782565 jaka_arm_left success 0.420560 -0.022669 -0.354630 0.769424 0.405816 0.029746 0.492358 -1.980792 1.322783 2.135450 -1.747261 2.279738 -0.980720 -1.547676
1776409994.790959 jaka_arm_left success 0.420052 -0.022173 -0.353184 0.768473 0.405054 0.031765 0.494339 -1.978722 1.321371 2.133664 -1.751979 2.280848 -0.977635 -1.547046
1776409994.799268 jaka_arm_left success 0.419397 -0.021952 -0.351822 0.766208 0.405524 0.033151 0.497371 -1.972376 1.320407 2.130483 -1.758125 2.282415 -0.971299 -1.547513
1776409994.807495 jaka_arm_left success 0.418913 -0.021369 -0.350352 0.765656 0.403814 0.034115 0.499541 -1.969006 1.317948 2.129439 -1.765050 2.280655 -0.968560 -1.545824
1776409994.815909 jaka_arm_left success 0.418313 -0.021119 -0.348949 0.763959 0.403985 0.036092 0.501856 -1.962663 1.316108 2.126980 -1.772050 2.283062 -0.963033 -1.545500
1776409994.824319 jaka_arm_left success 0.417710 -0.020613 -0.347450 0.762887 0.403300 0.037907 0.503901 -1.958639 1.313911 2.124964 -1.778550 2.284842 -0.959752 -1.545282
1776409994.832586 jaka_arm_left success 0.417044 -0.020052 -0.345951 0.762123 0.402355 0.039515 0.505686 -1.954409 1.311648 2.122960 -1.786306 2.285608 -0.956838 -1.545353
1776409994.840964 jaka_arm_left success 0.416565 -0.019398 -0.344462 0.761825 0.400631 0.041360 0.507353 -1.953256 1.309607 2.122234 -1.791807 2.286233 -0.955443 -1.543980
1776409994.849275 jaka_arm_left success 0.415935 -0.018973 -0.343004 0.760115 0.400157 0.042816 0.510163 -1.947698 1.307880 2.119709 -1.798918 2.286415 -0.950315 -1.543580
1776409994.857577 jaka_arm_left success 0.415307 -0.018461 -0.341449 0.759056 0.399319 0.044530 0.512246 -1.940884 1.304044 2.117406 -1.808318 2.287710 -0.945521 -1.542262
1776409994.865942 jaka_arm_left success 0.414746 -0.017948 -0.339973 0.757693 0.398359 0.046654 0.514816 -1.938326 1.303466 2.115342 -1.813260 2.288531 -0.941653 -1.541899
1776409994.874246 jaka_arm_left success 0.414175 -0.017295 -0.338421 0.756917 0.397262 0.048976 0.516586 -1.933745 1.300658 2.113469 -1.820239 2.290850 -0.937647 -1.540459
1776409994.882566 jaka_arm_left success 0.413508 -0.016885 -0.336830 0.754889 0.397346 0.049912 0.519391 -1.928646 1.299714 2.110635 -1.826556 2.290750 -0.933044 -1.541208
1776409994.891020 jaka_arm_left success 0.412952 -0.016361 -0.335271 0.753421 0.396750 0.052160 0.521752 -1.922003 1.297373 2.108582 -1.834756 2.293219 -0.927700 -1.539962
1776409994.899292 jaka_arm_left success 0.412400 -0.015676 -0.333652 0.752653 0.395755 0.053919 0.523435 -1.917699 1.294169 2.106023 -1.843129 2.294055 -0.925046 -1.540062
1776409994.907567 jaka_arm_left success 0.411840 -0.014963 -0.331996 0.751316 0.394676 0.055576 0.525991 -1.915464 1.293407 2.104286 -1.848270 2.294000 -0.921776 -1.539554
1776409994.915889 jaka_arm_left success 0.411146 -0.014335 -0.330276 0.749722 0.394617 0.057874 0.528058 -1.910226 1.291284 2.101740 -1.855072 2.296626 -0.917282 -1.539023
1776409994.924312 jaka_arm_left success 0.410566 -0.013565 -0.328544 0.748768 0.393194 0.059812 0.530253 -1.904768 1.288475 2.099303 -1.863614 2.297259 -0.912955 -1.538248
1776409994.932580 jaka_arm_left success 0.410033 -0.012718 -0.326848 0.748111 0.391501 0.061616 0.532222 -1.901267 1.284953 2.097007 -1.871418 2.296695 -0.909823 -1.537094
1776409994.940967 jaka_arm_left success 0.409509 -0.011788 -0.325093 0.747902 0.389923 0.063799 0.533415 -1.900068 1.281985 2.096262 -1.877109 2.297142 -0.909063 -1.535585
1776409994.949276 jaka_arm_left success 0.408956 -0.011049 -0.323364 0.746610 0.389310 0.066582 0.535330 -1.895040 1.279936 2.093808 -1.884371 2.299645 -0.904806 -1.534968
1776409994.957602 jaka_arm_left success 0.408475 -0.010302 -0.321623 0.745010 0.387900 0.067985 0.538398 -1.889372 1.277058 2.090980 -1.892784 2.298769 -0.899211 -1.533674
1776409994.965991 jaka_arm_left success 0.407860 -0.009537 -0.319849 0.743887 0.387279 0.070298 0.540097 -1.887221 1.275334 2.088860 -1.897577 2.300188 -0.896265 -1.532895
1776409994.974251 jaka_arm_left success 0.407250 -0.008846 -0.318040 0.742773 0.386613 0.072996 0.541747 -1.882141 1.273305 2.086622 -1.905023 2.303007 -0.892356 -1.532206
1776409994.982543 jaka_arm_left success 0.406631 -0.007971 -0.316210 0.742284 0.385488 0.075604 0.542861 -1.875720 1.269520 2.083783 -1.915928 2.306883 -0.890430 -1.532957
1776409994.990990 jaka_arm_left success 0.405924 -0.007414 -0.314394 0.740499 0.385812 0.079003 0.544581 -1.867945 1.270654 2.080064 -1.925811 2.317225 -0.887347 -1.536371
1776409994.999316 jaka_arm_left success 0.405326 -0.006584 -0.312635 0.739499 0.384752 0.082838 0.546118 -1.862490 1.269789 2.077577 -1.935190 2.324744 -0.885262 -1.537320
1776409995.015877 jaka_arm_left success 0.404614 -0.005884 -0.310897 0.738169 0.384623 0.086816 0.547389 -1.855455 1.271409 2.074613 -1.947000 2.337240 -0.884958 -1.541292
1776409995.024304 jaka_arm_left success 0.403347 -0.004212 -0.307287 0.736026 0.383153 0.093423 0.550210 -1.845707 1.269615 2.069101 -1.964088 2.349214 -0.880855 -1.543262
1776409995.032664 jaka_arm_left success 0.402660 -0.003114 -0.305392 0.735903 0.382265 0.096947 0.550382 -1.840869 1.268214 2.065817 -1.977289 2.358946 -0.885039 -1.548107
1776409995.040887 jaka_arm_left success 0.401991 -0.002182 -0.303687 0.734972 0.381515 0.100092 0.551584 -1.837280 1.268077 2.063556 -1.984438 2.365295 -0.884184 -1.549204
1776409995.049274 jaka_arm_left success 0.401346 -0.001203 -0.301873 0.734067 0.380839 0.104039 0.552524 -1.831017 1.267768 2.060584 -1.994366 2.374034 -0.882720 -1.550651
1776409995.057646 jaka_arm_left success 0.400798 -0.000015 -0.300073 0.734098 0.379453 0.107518 0.552771 -1.828800 1.265440 2.058157 -2.004535 2.380186 -0.885949 -1.552787
1776409995.065949 jaka_arm_left success 0.400217 0.000999 -0.298393 0.733176 0.379120 0.111000 0.553535 -1.823675 1.265936 2.055155 -2.012683 2.388655 -0.885173 -1.554697
1776409995.074328 jaka_arm_left success 0.399598 0.001988 -0.296726 0.731722 0.379078 0.114191 0.554835 -1.817703 1.265960 2.051869 -2.021751 2.396040 -0.883833 -1.556654
1776409995.082544 jaka_arm_left success 0.399002 0.003133 -0.295078 0.730535 0.379096 0.116288 0.555951 -1.814413 1.264684 2.048701 -2.029336 2.399454 -0.884154 -1.559020
1776409995.091019 jaka_arm_left success 0.398513 0.004370 -0.293463 0.729401 0.378981 0.118598 0.557030 -1.811459 1.263561 2.045459 -2.035492 2.402595 -0.883213 -1.560589
1776409995.099288 jaka_arm_left success 0.398031 0.005880 -0.291791 0.728879 0.378645 0.120774 0.557474 -1.807938 1.260062 2.042099 -2.044482 2.405262 -0.884622 -1.562668
1776409995.107524 jaka_arm_left success 0.397601 0.007391 -0.290215 0.728063 0.377880 0.122209 0.558745 -1.806269 1.257085 2.039256 -2.051311 2.404914 -0.884245 -1.563734
1776409995.115880 jaka_arm_left success 0.397212 0.008931 -0.288627 0.727015 0.377760 0.123473 0.559911 -1.803641 1.253504 2.035721 -2.058107 2.403814 -0.883478 -1.565349
1776409995.124300 jaka_arm_left success 0.396722 0.010461 -0.287028 0.725435 0.377978 0.124840 0.561508 -1.802133 1.252251 2.032417 -2.061572 2.403888 -0.881290 -1.566476
1776409995.132563 jaka_arm_left success 0.396277 0.012256 -0.285415 0.724428 0.377899 0.126106 0.562578 -1.797157 1.246168 2.028258 -2.070924 2.401612 -0.879619 -1.567610
1776409995.140890 jaka_arm_left success 0.395765 0.013895 -0.283869 0.722669 0.378344 0.127108 0.564312 -1.794369 1.243680 2.023939 -2.075226 2.400555 -0.877016 -1.569381
1776409995.149256 jaka_arm_left success 0.395309 0.015765 -0.282299 0.721631 0.377572 0.128014 0.565951 -1.791060 1.238347 2.020929 -2.082315 2.396191 -0.874371 -1.569505
1776409995.157580 jaka_arm_left success 0.394791 0.017615 -0.280723 0.720196 0.378038 0.129867 0.567045 -1.786120 1.232988 2.015881 -2.089376 2.394919 -0.870994 -1.570286
1776409995.165953 jaka_arm_left success 0.394206 0.019359 -0.279167 0.718042 0.378380 0.131401 0.569190 -1.782132 1.230463 2.011172 -2.094031 2.394291 -0.866334 -1.571139
1776409995.182743 jaka_arm_left success 0.393125 0.023382 -0.275983 0.716008 0.377958 0.134421 0.571324 -1.773929 1.219776 2.003716 -2.108443 2.389667 -0.860949 -1.571550
1776409995.190965 jaka_arm_left success 0.392446 0.025544 -0.274350 0.714821 0.378688 0.137042 0.571704 -1.767935 1.213497 1.997241 -2.115727 2.390397 -0.858434 -1.573010
1776409995.199326 jaka_arm_left success 0.391754 0.027562 -0.272708 0.712988 0.379339 0.137856 0.573364 -1.765074 1.211254 1.992573 -2.120053 2.388619 -0.855848 -1.575517
1776409995.207529 jaka_arm_left success 0.391251 0.029860 -0.271142 0.712424 0.377890 0.140396 0.574405 -1.760574 1.203805 1.988515 -2.128820 2.386258 -0.852797 -1.574498
1776409995.215935 jaka_arm_left success 0.390571 0.032012 -0.269504 0.711362 0.378040 0.142719 0.575048 -1.755295 1.198009 1.983408 -2.136600 2.385163 -0.849853 -1.575237
1776409995.224298 jaka_arm_left success 0.389912 0.034301 -0.267924 0.710560 0.377198 0.144721 0.576091 -1.751450 1.191568 1.979003 -2.143789 2.382671 -0.846925 -1.575116
1776409995.232575 jaka_arm_left success 0.389184 0.036592 -0.266252 0.709592 0.377162 0.147500 0.576604 -1.746963 1.186745 1.973715 -2.149963 2.383000 -0.844094 -1.575788
1776409995.240939 jaka_arm_left success 0.388415 0.038793 -0.264652 0.707948 0.377851 0.150228 0.577468 -1.741887 1.183318 1.968893 -2.156344 2.384455 -0.841189 -1.576541
1776409995.249236 jaka_arm_left success 0.387760 0.041283 -0.263007 0.707941 0.376356 0.151955 0.578001 -1.738216 1.175476 1.964290 -2.164653 2.381442 -0.839929 -1.577022
1776409995.257579 jaka_arm_left success 0.387089 0.043482 -0.261492 0.706060 0.376814 0.154709 0.579271 -1.730782 1.170669 1.957833 -2.172947 2.381822 -0.834915 -1.577947
1776409995.265939 jaka_arm_left success 0.386330 0.045822 -0.259847 0.705321 0.377529 0.157303 0.579008 -1.726573 1.166363 1.952020 -2.178649 2.383144 -0.833991 -1.580024
1776409995.274197 jaka_arm_left success 0.385721 0.048316 -0.258344 0.705119 0.377444 0.159607 0.578679 -1.723644 1.160838 1.947869 -2.185232 2.383301 -0.834850 -1.581283
1776409995.282524 jaka_arm_left success 0.385182 0.050909 -0.256859 0.705122 0.376975 0.162291 0.578234 -1.721084 1.154857 1.942898 -2.192037 2.383576 -0.835569 -1.582656
1776409995.291005 jaka_arm_left success 0.384606 0.053100 -0.255424 0.703497 0.377504 0.164503 0.579242 -1.714643 1.149775 1.935160 -2.203224 2.384342 -0.834875 -1.586879
1776409995.299289 jaka_arm_left success 0.383910 0.055147 -0.253963 0.701559 0.379070 0.165377 0.580319 -1.710538 1.147960 1.929819 -2.207272 2.383677 -0.832684 -1.590201
1776409995.307537 jaka_arm_left success 0.383353 0.057557 -0.252562 0.701033 0.379468 0.167708 0.580027 -1.705249 1.141510 1.923247 -2.215181 2.384073 -0.832499 -1.592594
1776409995.315879 jaka_arm_left success 0.382891 0.060076 -0.251208 0.701400 0.379024 0.169737 0.579282 -1.704198 1.136080 1.919702 -2.220273 2.383075 -0.833901 -1.593761
1776409995.324294 jaka_arm_left success 0.382545 0.062476 -0.249908 0.701381 0.378476 0.172151 0.578951 -1.701783 1.128642 1.914354 -2.228023 2.381729 -0.834587 -1.595169
1776409995.332629 jaka_arm_left success 0.382035 0.064605 -0.248605 0.700204 0.379172 0.173455 0.579531 -1.698260 1.124050 1.907800 -2.233881 2.380308 -0.833272 -1.598456
1776409995.340846 jaka_arm_left success 0.381549 0.067069 -0.247258 0.700402 0.379517 0.176209 0.578234 -1.694972 1.117964 1.901946 -2.239997 2.381109 -0.835258 -1.601115
1776409995.349205 jaka_arm_left success 0.381224 0.069511 -0.246002 0.700602 0.379254 0.178136 0.577573 -1.693699 1.111887 1.897440 -2.246539 2.379612 -0.837254 -1.603377
1776409995.357582 jaka_arm_left success 0.380880 0.071622 -0.244904 0.699291 0.380122 0.179958 0.578026 -1.691017 1.109448 1.891970 -2.250341 2.380251 -0.836049 -1.605853
1776409995.365950 jaka_arm_left success 0.380516 0.073966 -0.243781 0.698892 0.380212 0.181250 0.578047 -1.687243 1.102417 1.886267 -2.257405 2.377768 -0.836168 -1.608364
1776409995.374290 jaka_arm_left success 0.380203 0.076326 -0.242670 0.698698 0.380840 0.183469 0.577167 -1.685520 1.098636 1.881041 -2.260146 2.378428 -0.836352 -1.610394
1776409995.382520 jaka_arm_left success 0.379903 0.078566 -0.241698 0.698008 0.381348 0.185497 0.577017 -1.681402 1.093082 1.875340 -2.266464 2.378246 -0.836371 -1.612562
1776409995.390950 jaka_arm_left success 0.379529 0.080844 -0.240786 0.697200 0.382100 0.187129 0.576970 -1.678540 1.088510 1.869784 -2.268928 2.376432 -0.834044 -1.614255
1776409995.399370 jaka_arm_left solver_failed 0.379310 0.083156 -0.239875 0.696182 0.382786 0.189761 0.576886 -1.678540 1.088510 1.869784 -2.268928 2.376432 -0.834044 -1.614255
1776409995.407659 jaka_arm_left solver_failed 0.379124 0.085452 -0.239086 0.695567 0.383334 0.191230 0.576777 -1.678540 1.088510 1.869784 -2.268928 2.376432 -0.834044 -1.614255
1776409995.416001 jaka_arm_left solver_failed 0.378875 0.087805 -0.238299 0.694902 0.384283 0.193404 0.576222 -1.678540 1.088510 1.869784 -2.268928 2.376432 -0.834044 -1.614255
1776409995.424384 jaka_arm_left solver_failed 0.378742 0.090034 -0.237601 0.693943 0.385117 0.195648 0.576064 -1.678540 1.088510 1.869784 -2.268928 2.376432 -0.834044 -1.614255
1776409995.432681 jaka_arm_left solver_failed 0.378506 0.092120 -0.236991 0.692846 0.386446 0.197049 0.576017 -1.678540 1.088510 1.869784 -2.268928 2.376432 -0.834044 -1.614255
1776409995.440995 jaka_arm_left solver_failed 0.378489 0.094412 -0.236396 0.693324 0.386483 0.199100 0.574710 -1.678540 1.088510 1.869784 -2.268928 2.376432 -0.834044 -1.614255
1776409995.449354 jaka_arm_left solver_failed 0.378450 0.096646 -0.235869 0.693425 0.386775 0.200711 0.573831 -1.678540 1.088510 1.869784 -2.268928 2.376432 -0.834044 -1.614255
1776409995.457701 jaka_arm_left solver_failed 0.378414 0.098629 -0.235444 0.692688 0.388203 0.201920 0.573333 -1.678540 1.088510 1.869784 -2.268928 2.376432 -0.834044 -1.614255
1776409995.466182 jaka_arm_left solver_failed 0.378603 0.100762 -0.235105 0.692984 0.388247 0.204259 0.572115 -1.678540 1.088510 1.869784 -2.268928 2.376432 -0.834044 -1.614255
1776409995.474327 jaka_arm_left solver_failed 0.378639 0.102894 -0.234762 0.693786 0.388830 0.204953 0.570497 -1.678540 1.088510 1.869784 -2.268928 2.376432 -0.834044 -1.614255
1776409995.491078 jaka_arm_left solver_failed 0.378862 0.106589 -0.234329 0.693291 0.391056 0.208622 0.568243 -1.678540 1.088510 1.869784 -2.268928 2.376432 -0.834044 -1.614255
1776409995.499681 jaka_arm_left solver_failed 0.379000 0.108557 -0.234145 0.694176 0.391203 0.209997 0.566552 -1.678540 1.088510 1.869784 -2.268928 2.376432 -0.834044 -1.614255
1776409995.507668 jaka_arm_left solver_failed 0.379120 0.110476 -0.234003 0.694791 0.391991 0.211785 0.564585 -1.678540 1.088510 1.869784 -2.268928 2.376432 -0.834044 -1.614255
1776409995.516042 jaka_arm_left solver_failed 0.379329 0.112236 -0.233985 0.694552 0.392717 0.214065 0.563513 -1.678540 1.088510 1.869784 -2.268928 2.376432 -0.834044 -1.614255
1776409995.524374 jaka_arm_left solver_failed 0.379506 0.114046 -0.233990 0.694219 0.393507 0.216072 0.562605 -1.678540 1.088510 1.869784 -2.268928 2.376432 -0.834044 -1.614255
1776409995.532644 jaka_arm_left solver_failed 0.379770 0.115994 -0.234000 0.694758 0.393720 0.218143 0.560989 -1.678540 1.088510 1.869784 -2.268928 2.376432 -0.834044 -1.614255
1776409995.540931 jaka_arm_left solver_failed 0.380009 0.117902 -0.234048 0.695129 0.394045 0.219647 0.559714 -1.678540 1.088510 1.869784 -2.268928 2.376432 -0.834044 -1.614255
1776409995.549273 jaka_arm_left solver_failed 0.380345 0.119473 -0.234264 0.693745 0.395357 0.221106 0.559931 -1.678540 1.088510 1.869784 -2.268928 2.376432 -0.834044 -1.614255
1776409995.557655 jaka_arm_left solver_failed 0.380723 0.121376 -0.234390 0.693619 0.396271 0.222141 0.559031 -1.678540 1.088510 1.869784 -2.268928 2.376432 -0.834044 -1.614255
1776409995.566132 jaka_arm_left solver_failed 0.381048 0.123170 -0.234582 0.692888 0.397807 0.222756 0.558602 -1.678540 1.088510 1.869784 -2.268928 2.376432 -0.834044 -1.614255
1776409995.574289 jaka_arm_left solver_failed 0.381456 0.124962 -0.234767 0.692427 0.398873 0.222939 0.558340 -1.678540 1.088510 1.869784 -2.268928 2.376432 -0.834044 -1.614255
1776409995.582640 jaka_arm_left solver_failed 0.381854 0.126780 -0.234988 0.691766 0.399904 0.223370 0.558249 -1.678540 1.088510 1.869784 -2.268928 2.376432 -0.834044 -1.614255
1776409995.599606 jaka_arm_left solver_failed 0.382656 0.130411 -0.235508 0.691313 0.401075 0.223045 0.558100 -1.678540 1.088510 1.869784 -2.268928 2.376432 -0.834044 -1.614255
1776409995.607782 jaka_arm_left solver_failed 0.383173 0.132263 -0.235811 0.690908 0.401588 0.224106 0.557809 -1.678540 1.088510 1.869784 -2.268928 2.376432 -0.834044 -1.614255
1776409995.616012 jaka_arm_left solver_failed 0.383559 0.133838 -0.236148 0.690021 0.402495 0.223629 0.558443 -1.678540 1.088510 1.869784 -2.268928 2.376432 -0.834044 -1.614255
1776409995.624398 jaka_arm_left solver_failed 0.383993 0.135302 -0.236520 0.688921 0.403470 0.223558 0.559126 -1.678540 1.088510 1.869784 -2.268928 2.376432 -0.834044 -1.614255
1776409995.632658 jaka_arm_left solver_failed 0.384440 0.136829 -0.236862 0.688404 0.404234 0.223952 0.559053 -1.678540 1.088510 1.869784 -2.268928 2.376432 -0.834044 -1.614255
1776409995.640925 jaka_arm_left solver_failed 0.384940 0.138155 -0.237217 0.687770 0.404463 0.224069 0.559621 -1.678540 1.088510 1.869784 -2.268928 2.376432 -0.834044 -1.614255
1776409995.649272 jaka_arm_left solver_failed 0.385504 0.139733 -0.237555 0.687993 0.404483 0.225337 0.558822 -1.678540 1.088510 1.869784 -2.268928 2.376432 -0.834044 -1.614255
1776409995.657631 jaka_arm_left solver_failed 0.386006 0.141028 -0.237915 0.687827 0.405190 0.226545 0.558026 -1.678540 1.088510 1.869784 -2.268928 2.376432 -0.834044 -1.614255
1776409995.666016 jaka_arm_left solver_failed 0.386516 0.142318 -0.238270 0.687663 0.405897 0.227757 0.557220 -1.678540 1.088510 1.869784 -2.268928 2.376432 -0.834044 -1.614255
1776409995.674287 jaka_arm_left solver_failed 0.387012 0.143525 -0.238686 0.687569 0.406454 0.228714 0.556537 -1.678540 1.088510 1.869784 -2.268928 2.376432 -0.834044 -1.614255
1776409995.691154 jaka_arm_left large_joint_change 0.388090 0.145671 -0.239588 0.687055 0.407399 0.230914 0.555572 -1.678540 1.088510 1.869784 -2.268928 2.376432 -0.834044 -1.614255
1776409995.699270 jaka_arm_left success 0.388564 0.146643 -0.240090 0.686817 0.407791 0.231806 0.555207 -1.589610 0.956112 1.742165 -2.268928 2.331928 -0.751799 -1.615184
1776409995.707513 jaka_arm_left success 0.389114 0.147684 -0.240579 0.687122 0.407868 0.232531 0.554469 -1.589624 0.955497 1.741884 -2.268679 2.332493 -0.752088 -1.614822
1776409995.715895 jaka_arm_left success 0.389698 0.148645 -0.241101 0.687153 0.407761 0.233304 0.554185 -1.589826 0.954987 1.741378 -2.268479 2.333113 -0.752145 -1.614480
1776409995.724339 jaka_arm_left success 0.390250 0.149451 -0.241672 0.687103 0.407583 0.233886 0.554132 -1.589776 0.954471 1.740357 -2.267531 2.333799 -0.752135 -1.614489
1776409995.732552 jaka_arm_left success 0.390849 0.150117 -0.242306 0.686829 0.407429 0.234654 0.554261 -1.587739 0.952987 1.741981 -2.261193 2.330781 -0.742088 -1.607371
1776409995.740950 jaka_arm_left success 0.391375 0.150864 -0.242863 0.687262 0.407067 0.235614 0.553583 -1.587489 0.952000 1.741411 -2.260262 2.331553 -0.742557 -1.607015
1776409995.749242 jaka_arm_left success 0.391987 0.151346 -0.243515 0.686697 0.407258 0.236981 0.553559 -1.585547 0.952743 1.741068 -2.256802 2.332700 -0.737177 -1.603558
1776409995.757590 jaka_arm_left success 0.392551 0.152076 -0.244070 0.687361 0.407003 0.238376 0.552322 -1.585611 0.951338 1.740747 -2.256336 2.333909 -0.737773 -1.602482
1776409995.765983 jaka_arm_left success 0.393088 0.152532 -0.244657 0.687217 0.407382 0.239198 0.551866 -1.585143 0.951551 1.740803 -2.253789 2.335114 -0.735949 -1.600602
1776409995.774206 jaka_arm_left success 0.393668 0.153062 -0.245229 0.687585 0.407301 0.240490 0.550906 -1.585236 0.950666 1.740042 -2.253038 2.336257 -0.736190 -1.600011
1776409995.782611 jaka_arm_left success 0.394352 0.153503 -0.245869 0.687925 0.406914 0.241043 0.550525 -1.586010 0.952644 1.743124 -2.247551 2.337372 -0.731987 -1.595207
1776409995.790963 jaka_arm_left success 0.395029 0.153991 -0.246497 0.688262 0.406926 0.242704 0.549365 -1.586048 0.951336 1.742175 -2.246552 2.338898 -0.732478 -1.594415
1776409995.799327 jaka_arm_left success 0.395659 0.154340 -0.247174 0.688202 0.406913 0.243615 0.549046 -1.585615 0.953007 1.743154 -2.243448 2.341284 -0.729900 -1.591529
1776409995.807521 jaka_arm_left success 0.396207 0.154690 -0.247785 0.688065 0.407824 0.244177 0.548292 -1.585262 0.952558 1.742293 -2.242181 2.342046 -0.730266 -1.591704
1776409995.815882 jaka_arm_left success 0.396942 0.155088 -0.248455 0.688114 0.407596 0.245126 0.547976 -1.585337 0.956141 1.744902 -2.237284 2.345308 -0.726585 -1.587462
1776409995.824346 jaka_arm_left success 0.397571 0.155564 -0.249088 0.688922 0.407322 0.245065 0.547191 -1.587025 0.954833 1.745942 -2.234653 2.344132 -0.726128 -1.586009
1776409995.832570 jaka_arm_left success 0.398286 0.156039 -0.249721 0.689562 0.407077 0.246359 0.545986 -1.587132 0.953741 1.745623 -2.234276 2.345141 -0.726592 -1.585187
1776409995.840966 jaka_arm_left success 0.398978 0.156234 -0.250445 0.689183 0.407338 0.247299 0.545844 -1.587638 0.955250 1.746005 -2.230625 2.347100 -0.724901 -1.583423
1776409995.849334 jaka_arm_left success 0.399695 0.156299 -0.251125 0.688892 0.408000 0.247953 0.545420 -1.588083 0.958688 1.747854 -2.226030 2.349997 -0.722550 -1.580778
1776409995.857580 jaka_arm_left success 0.400387 0.156485 -0.251802 0.689034 0.408002 0.248744 0.544879 -1.588162 0.958166 1.747590 -2.225754 2.350580 -0.722734 -1.580378
1776409995.865917 jaka_arm_left success 0.401038 0.156707 -0.252455 0.689540 0.408380 0.250149 0.543311 -1.588463 0.959976 1.748508 -2.221812 2.354601 -0.722740 -1.578261
1776409995.874272 jaka_arm_left success 0.401678 0.156826 -0.253114 0.689995 0.408301 0.251045 0.542378 -1.589617 0.962280 1.750466 -2.219093 2.357840 -0.722708 -1.576024
1776409995.882616 jaka_arm_left success 0.402360 0.157037 -0.253769 0.690574 0.408114 0.252398 0.541152 -1.590988 0.964689 1.751875 -2.215967 2.362441 -0.723151 -1.573693
1776409995.891009 jaka_arm_left success 0.402994 0.157036 -0.254431 0.690373 0.408789 0.253780 0.540252 -1.590936 0.967320 1.751478 -2.213989 2.366543 -0.723371 -1.573246
1776409995.907568 jaka_arm_left success 0.404230 0.157167 -0.255692 0.691058 0.409101 0.255720 0.538221 -1.592534 0.973938 1.754871 -2.209982 2.375960 -0.725523 -1.570164
1776409995.915889 jaka_arm_left success 0.404903 0.157228 -0.256316 0.691494 0.408853 0.256475 0.537491 -1.592640 0.973243 1.754568 -2.209700 2.376696 -0.725821 -1.569662
1776409995.924268 jaka_arm_left success 0.405520 0.157215 -0.256922 0.691595 0.409307 0.257252 0.536643 -1.594825 0.976804 1.756060 -2.206971 2.381482 -0.727847 -1.568780
1776409995.932599 jaka_arm_left success 0.406189 0.157234 -0.257543 0.691848 0.409560 0.257511 0.536000 -1.596484 0.978824 1.756912 -2.205070 2.383795 -0.729588 -1.568835
1776409995.940947 jaka_arm_left success 0.406874 0.157405 -0.258093 0.693077 0.408779 0.257737 0.534898 -1.600337 0.979082 1.759426 -2.203140 2.384778 -0.732346 -1.567665
1776409995.949233 jaka_arm_left success 0.407512 0.157336 -0.258673 0.693233 0.408901 0.256959 0.534977 -1.600301 0.979272 1.760249 -2.202721 2.384297 -0.732853 -1.567787
1776409995.957572 jaka_arm_left success 0.408209 0.157303 -0.259283 0.693153 0.409116 0.257445 0.534682 -1.603900 0.981206 1.761974 -2.199041 2.385537 -0.733078 -1.566562
1776409995.965961 jaka_arm_left success 0.408853 0.157381 -0.259817 0.693671 0.408824 0.256612 0.534635 -1.607298 0.981318 1.763982 -2.195605 2.383510 -0.734040 -1.565987
1776409995.974263 jaka_arm_left success 0.409467 0.157465 -0.260368 0.693768 0.408936 0.256479 0.534487 -1.607209 0.981209 1.764444 -2.195421 2.383396 -0.734284 -1.565805
1776409995.982588 jaka_arm_left success 0.410145 0.157568 -0.260925 0.693822 0.408708 0.256669 0.534500 -1.610366 0.982005 1.766078 -2.191734 2.383350 -0.732811 -1.563698
1776409995.999262 jaka_arm_left success 0.411379 0.157691 -0.261986 0.693485 0.408786 0.256157 0.535123 -1.615539 0.984334 1.771386 -2.181298 2.380340 -0.727922 -1.559124
1776409996.007581 jaka_arm_left success 0.411964 0.157527 -0.262568 0.692265 0.409316 0.255728 0.536500 -1.612679 0.985529 1.772504 -2.175205 2.377597 -0.718295 -1.555098
1776409996.015884 jaka_arm_left success 0.412621 0.157786 -0.262996 0.693240 0.408338 0.255025 0.536322 -1.616811 0.980858 1.774315 -2.172184 2.371214 -0.717246 -1.553344
1776409996.024306 jaka_arm_left success 0.413206 0.157887 -0.263487 0.693168 0.407956 0.255283 0.536582 -1.617474 0.980475 1.776192 -2.167367 2.369197 -0.711829 -1.549373
1776409996.032580 jaka_arm_left success 0.413868 0.157919 -0.263975 0.692705 0.408288 0.255151 0.536990 -1.617706 0.980156 1.778210 -2.162781 2.366570 -0.707174 -1.546259
1776409996.040864 jaka_arm_left success 0.414428 0.157964 -0.264444 0.692321 0.408410 0.254579 0.537664 -1.618833 0.978907 1.779536 -2.158173 2.362217 -0.702127 -1.543730
1776409996.049383 jaka_arm_left success 0.415031 0.158339 -0.264824 0.693104 0.407735 0.254835 0.537045 -1.619847 0.977101 1.780619 -2.156537 2.360812 -0.701405 -1.542008
1776409996.057580 jaka_arm_left success 0.415658 0.158194 -0.265368 0.691579 0.408398 0.253925 0.538935 -1.619850 0.978877 1.783931 -2.147471 2.356070 -0.691004 -1.536873
1776409996.065996 jaka_arm_left success 0.416213 0.158273 -0.265799 0.691040 0.408701 0.253444 0.539624 -1.620017 0.977759 1.783527 -2.146417 2.353269 -0.688918 -1.536823
1776409996.074242 jaka_arm_left success 0.416826 0.158471 -0.266242 0.690988 0.408633 0.252581 0.540146 -1.623403 0.974299 1.785542 -2.140199 2.345923 -0.684388 -1.534137
1776409996.082541 jaka_arm_left success 0.417449 0.158506 -0.266745 0.690123 0.408617 0.252341 0.541375 -1.619882 0.975125 1.788402 -2.134197 2.342892 -0.673488 -1.527933
1776409996.090992 jaka_arm_left success 0.418095 0.158641 -0.267111 0.690293 0.408292 0.250926 0.542061 -1.625576 0.969122 1.790259 -2.129942 2.332629 -0.671938 -1.527080
1776409996.099276 jaka_arm_left success 0.418643 0.158837 -0.267555 0.690673 0.407822 0.250291 0.542225 -1.627147 0.966532 1.794480 -2.121838 2.326092 -0.663766 -1.520623
1776409996.107533 jaka_arm_left success 0.419280 0.158627 -0.268058 0.689469 0.407985 0.249312 0.544081 -1.624434 0.965718 1.796609 -2.116690 2.320040 -0.653202 -1.515743
1776409996.115924 jaka_arm_left success 0.419812 0.158573 -0.268502 0.689185 0.408182 0.249572 0.544173 -1.624434 0.965718 1.796609 -2.116690 2.320040 -0.653202 -1.515743
1776409996.124266 jaka_arm_left success 0.420357 0.158784 -0.268857 0.690299 0.407194 0.249168 0.543687 -1.629796 0.963407 1.799410 -2.112706 2.316183 -0.653694 -1.513897
1776409996.132580 jaka_arm_left success 0.420899 0.158546 -0.269399 0.689438 0.407423 0.248636 0.544850 -1.629528 0.965798 1.802412 -2.106967 2.314333 -0.646894 -1.509782
1776409996.140850 jaka_arm_left success 0.421446 0.158654 -0.269759 0.690057 0.407153 0.249046 0.544080 -1.629565 0.964852 1.802530 -2.106666 2.314855 -0.647378 -1.509112
1776409996.149220 jaka_arm_left success 0.421919 0.158549 -0.270172 0.689995 0.407381 0.248562 0.544210 -1.633021 0.964014 1.804040 -2.103207 2.311770 -0.647016 -1.508441
1776409996.157555 jaka_arm_left success 0.422433 0.158573 -0.270594 0.690088 0.407411 0.248694 0.544010 -1.633021 0.964014 1.804040 -2.103207 2.311770 -0.647016 -1.508441
1776409996.165925 jaka_arm_left success 0.423023 0.158510 -0.271102 0.689645 0.408163 0.248820 0.543950 -1.633156 0.964668 1.803400 -2.101323 2.312176 -0.646384 -1.508655
1776409996.174254 jaka_arm_left success 0.423557 0.158348 -0.271618 0.689421 0.407867 0.247337 0.545131 -1.639128 0.966889 1.809965 -2.091972 2.307255 -0.641334 -1.503524
1776409996.182533 jaka_arm_left success 0.424106 0.158583 -0.272002 0.690523 0.407538 0.246515 0.544354 -1.640594 0.963116 1.811052 -2.090995 2.303636 -0.642146 -1.502783
1776409996.190918 jaka_arm_left success 0.424631 0.158447 -0.272467 0.690126 0.408016 0.245798 0.544824 -1.643773 0.962004 1.813434 -2.085224 2.298189 -0.638407 -1.500400
1776409996.199285 jaka_arm_left success 0.425252 0.158466 -0.272960 0.690356 0.407847 0.244549 0.545220 -1.646248 0.959560 1.815974 -2.081953 2.292218 -0.636211 -1.498490
1776409996.215872 jaka_arm_left success 0.426140 0.158548 -0.273903 0.691130 0.407509 0.243735 0.544856 -1.650772 0.957906 1.820098 -2.074853 2.287493 -0.633882 -1.494557
1776409996.224344 jaka_arm_left success 0.426551 0.158463 -0.274358 0.691060 0.407776 0.242942 0.545100 -1.650593 0.957500 1.821029 -2.073312 2.285144 -0.631999 -1.493696
1776409996.232621 jaka_arm_left success 0.427053 0.158388 -0.274901 0.691177 0.407543 0.242907 0.545141 -1.651202 0.957557 1.822668 -2.070569 2.283862 -0.630226 -1.491861
1776409996.240911 jaka_arm_left success 0.427457 0.158522 -0.275316 0.692488 0.406544 0.242864 0.544242 -1.655949 0.954329 1.826105 -2.066453 2.279514 -0.629799 -1.488444
1776409996.249210 jaka_arm_left success 0.427733 0.158518 -0.275715 0.693050 0.406947 0.243012 0.543158 -1.655602 0.953704 1.826160 -2.065903 2.279937 -0.630324 -1.488200
1776409996.257562 jaka_arm_left success 0.428102 0.158440 -0.276173 0.693160 0.407261 0.243564 0.542536 -1.655488 0.953058 1.825830 -2.065300 2.280583 -0.630623 -1.487924
1776409996.265957 jaka_arm_left success 0.428466 0.158559 -0.276608 0.694576 0.406305 0.243300 0.541558 -1.656329 0.952343 1.827527 -2.064521 2.281229 -0.631765 -1.486365
1776409996.274217 jaka_arm_left success 0.428832 0.158481 -0.277152 0.694446 0.406083 0.243109 0.541978 -1.659683 0.954857 1.830748 -2.060276 2.280527 -0.630461 -1.484170
1776409996.282734 jaka_arm_left success 0.429202 0.158637 -0.277636 0.695181 0.405992 0.243875 0.540757 -1.659599 0.953813 1.830578 -2.059729 2.281424 -0.630983 -1.483528
1776409996.290970 jaka_arm_left success 0.429419 0.158523 -0.278061 0.694925 0.406824 0.243289 0.540725 -1.659175 0.953890 1.830608 -2.059194 2.281249 -0.631232 -1.483906
1776409996.307556 jaka_arm_left success 0.429957 0.159054 -0.278995 0.696361 0.406389 0.243144 0.539269 -1.662586 0.953298 1.832618 -2.055440 2.281112 -0.633011 -1.482514
1776409996.315912 jaka_arm_left success 0.430186 0.159132 -0.279494 0.696000 0.406794 0.243007 0.539491 -1.662373 0.953500 1.832651 -2.055189 2.280885 -0.633055 -1.482813
1776409996.324314 jaka_arm_left success 0.430405 0.159207 -0.279930 0.695746 0.407493 0.242693 0.539432 -1.662203 0.954020 1.831667 -2.053861 2.280713 -0.632659 -1.483790
1776409996.332602 jaka_arm_left success 0.430701 0.159422 -0.280409 0.695715 0.407584 0.242700 0.539400 -1.662678 0.954785 1.833202 -2.052071 2.280733 -0.632251 -1.482635
1776409996.340888 jaka_arm_left success 0.430867 0.159620 -0.280797 0.695783 0.408087 0.242372 0.539080 -1.662534 0.954777 1.832813 -2.051105 2.280776 -0.632246 -1.482948
1776409996.349285 jaka_arm_left success 0.431200 0.160098 -0.281190 0.696665 0.407292 0.242650 0.538416 -1.667274 0.954192 1.836725 -2.045987 2.278403 -0.631165 -1.479040
1776409996.357590 jaka_arm_left success 0.431480 0.160183 -0.281586 0.696190 0.407734 0.242002 0.538988 -1.666962 0.954276 1.836826 -2.044312 2.276587 -0.629267 -1.478788
1776409996.365940 jaka_arm_left success 0.431614 0.160601 -0.281865 0.696937 0.408117 0.241391 0.538006 -1.667963 0.951883 1.837555 -2.042781 2.274345 -0.630151 -1.478362
1776409996.374249 jaka_arm_left success 0.431831 0.160979 -0.282218 0.696798 0.408675 0.241783 0.537586 -1.667647 0.951606 1.837233 -2.042051 2.274523 -0.630362 -1.478568
1776409996.382541 jaka_arm_left success 0.432133 0.161225 -0.282614 0.696277 0.408899 0.241582 0.538180 -1.667662 0.952140 1.836977 -2.040468 2.273647 -0.628495 -1.478304
1776409996.390986 jaka_arm_left success 0.432434 0.161696 -0.282942 0.696544 0.408629 0.241138 0.538239 -1.672013 0.946305 1.841122 -2.032020 2.262828 -0.621868 -1.471842
1776409996.399331 jaka_arm_left success 0.432588 0.162090 -0.283196 0.696430 0.409090 0.240559 0.538296 -1.671727 0.946627 1.841216 -2.031869 2.262450 -0.621873 -1.472237
1776409996.407499 jaka_arm_left success 0.432836 0.162542 -0.283504 0.696200 0.409451 0.240458 0.538364 -1.671484 0.946917 1.841016 -2.031543 2.262146 -0.621752 -1.472716
1776409996.415887 jaka_arm_left success 0.433089 0.162849 -0.283780 0.695678 0.409556 0.239795 0.539254 -1.666753 0.942535 1.842032 -2.028080 2.254259 -0.610709 -1.466823
1776409996.424275 jaka_arm_left success 0.433366 0.163137 -0.284120 0.694596 0.410077 0.239943 0.540186 -1.666755 0.943310 1.840706 -2.027001 2.253799 -0.609811 -1.468017
1776409996.432569 jaka_arm_left success 0.433633 0.163565 -0.284320 0.694833 0.409731 0.239860 0.540180 -1.670258 0.941688 1.845324 -2.019674 2.247513 -0.604092 -1.461984
1776409996.440915 jaka_arm_left success 0.433939 0.164016 -0.284561 0.694505 0.409538 0.239982 0.540694 -1.665694 0.937496 1.845018 -2.019085 2.242743 -0.597108 -1.458408
1776409996.449278 jaka_arm_left success 0.434226 0.164366 -0.284795 0.694130 0.409795 0.240205 0.540882 -1.665992 0.937783 1.844180 -2.018539 2.242661 -0.596528 -1.458849
1776409996.457620 jaka_arm_left success 0.434444 0.164589 -0.284984 0.693518 0.410204 0.239435 0.541698 -1.668782 0.937613 1.846413 -2.014344 2.238588 -0.593635 -1.456548
1776409996.465918 jaka_arm_left success 0.434763 0.164968 -0.285149 0.693382 0.410449 0.239345 0.541726 -1.668614 0.936875 1.846569 -2.013083 2.236816 -0.592310 -1.456057
1776409996.474426 jaka_arm_left success 0.435187 0.165237 -0.285335 0.693085 0.410257 0.239569 0.542152 -1.668785 0.935483 1.849702 -2.007270 2.231830 -0.584861 -1.450117
1776409996.482545 jaka_arm_left success 0.435552 0.165610 -0.285487 0.693424 0.409779 0.238924 0.542365 -1.671710 0.931422 1.850256 -2.006953 2.226366 -0.585442 -1.449995
1776409996.490944 jaka_arm_left success 0.435807 0.166101 -0.285620 0.693709 0.409862 0.239734 0.541579 -1.671783 0.930794 1.849941 -2.006611 2.226975 -0.585559 -1.449605
1776409996.499321 jaka_arm_left success 0.436244 0.166364 -0.285842 0.693814 0.409049 0.238861 0.542444 -1.674902 0.927946 1.854178 -2.000655 2.218866 -0.580380 -1.444436
1776409996.507508 jaka_arm_left success 0.436589 0.166541 -0.286096 0.693454 0.408736 0.238261 0.543403 -1.673099 0.924382 1.857216 -1.996141 2.210430 -0.570785 -1.437881
1776409996.515889 jaka_arm_left success 0.436896 0.166847 -0.286337 0.692989 0.409095 0.238254 0.543730 -1.673461 0.924540 1.856515 -1.995768 2.210231 -0.570151 -1.438138
1776409996.524349 jaka_arm_left success 0.437118 0.167266 -0.286512 0.693724 0.408738 0.237516 0.543385 -1.678448 0.919409 1.859235 -1.991974 2.202086 -0.569808 -1.435822
1776409996.532612 jaka_arm_left success 0.437360 0.167570 -0.286724 0.693917 0.408274 0.236439 0.543957 -1.679613 0.914884 1.863705 -1.986952 2.191236 -0.562452 -1.429509
1776409996.540855 jaka_arm_left success 0.437497 0.167647 -0.287033 0.693006 0.409210 0.235925 0.544637 -1.679434 0.915516 1.863349 -1.986628 2.190687 -0.562076 -1.430268
1776409996.549263 jaka_arm_left success 0.437849 0.168044 -0.287320 0.693549 0.407923 0.235700 0.545008 -1.680007 0.912054 1.869263 -1.978571 2.181471 -0.550634 -1.419503
1776409996.557574 jaka_arm_left success 0.437972 0.168437 -0.287510 0.694585 0.407075 0.235453 0.544429 -1.682538 0.907251 1.870024 -1.979403 2.177219 -0.552913 -1.419306
1776409996.565965 jaka_arm_left success 0.438066 0.168556 -0.287750 0.694569 0.407137 0.235529 0.544371 -1.682538 0.907251 1.870024 -1.979403 2.177219 -0.552913 -1.419306
1776409996.574260 jaka_arm_left success 0.438149 0.168669 -0.287963 0.694728 0.407754 0.236353 0.543348 -1.682254 0.906397 1.869504 -1.978375 2.177957 -0.553231 -1.419140
1776409996.582526 jaka_arm_left success 0.438294 0.168798 -0.288191 0.695176 0.407478 0.237199 0.542612 -1.682419 0.905751 1.869098 -1.978046 2.178678 -0.553265 -1.418690
1776409996.590969 jaka_arm_left success 0.438432 0.168952 -0.288391 0.695707 0.407000 0.237475 0.542170 -1.682431 0.905179 1.869081 -1.977850 2.179245 -0.553499 -1.418216
1776409996.599299 jaka_arm_left success 0.438517 0.169005 -0.288602 0.695488 0.407141 0.237466 0.542348 -1.682431 0.905179 1.869081 -1.977850 2.179245 -0.553499 -1.418216
1776409996.607594 jaka_arm_left success 0.438594 0.169093 -0.288821 0.695048 0.407395 0.237270 0.542808 -1.682098 0.906111 1.868803 -1.977121 2.179210 -0.552769 -1.418589
1776409996.615962 jaka_arm_left success 0.438619 0.169422 -0.288965 0.695288 0.407666 0.237591 0.542156 -1.681991 0.905690 1.868729 -1.976780 2.179625 -0.552960 -1.418337
1776409996.624334 jaka_arm_left success 0.438761 0.169674 -0.289183 0.694912 0.407255 0.237592 0.542947 -1.681254 0.907450 1.869459 -1.975823 2.180450 -0.550668 -1.416807
1776409996.632649 jaka_arm_left success 0.438873 0.170014 -0.289309 0.695165 0.406528 0.236766 0.543527 -1.683792 0.904339 1.874268 -1.970395 2.171199 -0.543708 -1.409990
1776409996.640932 jaka_arm_left success 0.438905 0.170157 -0.289436 0.694425 0.407102 0.236461 0.544176 -1.683491 0.904769 1.874274 -1.970180 2.170711 -0.543628 -1.410528
1776409996.649215 jaka_arm_left success 0.439030 0.170422 -0.289542 0.693858 0.407174 0.237102 0.544567 -1.680793 0.905150 1.873459 -1.969008 2.170705 -0.539409 -1.408991
1776409996.657641 jaka_arm_left success 0.439103 0.170564 -0.289574 0.693326 0.407001 0.237499 0.545200 -1.677623 0.903180 1.875103 -1.966796 2.166030 -0.530810 -1.403339
1776409996.665923 jaka_arm_left success 0.439175 0.170800 -0.289522 0.693122 0.406406 0.238098 0.545642 -1.677927 0.903156 1.874939 -1.967014 2.166148 -0.530583 -1.403158
1776409996.674176 jaka_arm_left success 0.439217 0.171056 -0.289428 0.692800 0.405915 0.239265 0.545906 -1.677319 0.903095 1.874924 -1.966550 2.166539 -0.527715 -1.400951
1776409996.682540 jaka_arm_left success 0.439206 0.171254 -0.289304 0.692513 0.405207 0.239879 0.546527 -1.674210 0.900543 1.877147 -1.964178 2.161583 -0.518446 -1.394242
1776409996.690968 jaka_arm_left success 0.439305 0.171437 -0.289146 0.692083 0.403950 0.240536 0.547711 -1.675894 0.895205 1.882683 -1.958196 2.149435 -0.507062 -1.384472
1776409996.699248 jaka_arm_left success 0.439288 0.171594 -0.288930 0.691634 0.403431 0.241749 0.548127 -1.676482 0.895110 1.882092 -1.958431 2.149786 -0.506537 -1.384192
1776409996.707526 jaka_arm_left success 0.439220 0.171666 -0.288676 0.690490 0.403485 0.243109 0.548928 -1.672673 0.897616 1.880249 -1.958105 2.152695 -0.501276 -1.382681
1776409996.715902 jaka_arm_left success 0.439171 0.171853 -0.288392 0.689705 0.403213 0.244847 0.549342 -1.669817 0.899178 1.879147 -1.958991 2.155338 -0.497326 -1.380845
1776409996.724335 jaka_arm_left success 0.439121 0.172101 -0.288098 0.689293 0.402426 0.246306 0.549784 -1.670420 0.898971 1.878569 -1.959254 2.155809 -0.496827 -1.380434
1776409996.732649 jaka_arm_left success 0.439166 0.172561 -0.287766 0.689556 0.401022 0.246734 0.550288 -1.667179 0.898238 1.878827 -1.960987 2.156371 -0.492692 -1.377309
1776409996.740927 jaka_arm_left success 0.439213 0.172658 -0.287637 0.688144 0.400624 0.246864 0.552283 -1.663723 0.892170 1.882441 -1.957405 2.143649 -0.477015 -1.368175
1776409996.749212 jaka_arm_left success 0.439207 0.172736 -0.287477 0.686826 0.400466 0.246894 0.554022 -1.663054 0.892915 1.885626 -1.953636 2.139223 -0.468805 -1.363008
1776409996.757643 jaka_arm_left success 0.439113 0.172944 -0.287265 0.686156 0.400427 0.246412 0.555094 -1.663717 0.889491 1.885554 -1.954393 2.133643 -0.467307 -1.363258
1776409996.765943 jaka_arm_left success 0.439068 0.173119 -0.287122 0.685431 0.400311 0.246402 0.556078 -1.661606 0.886898 1.889066 -1.950781 2.126276 -0.456753 -1.356406
1776409996.774226 jaka_arm_left success 0.439017 0.173165 -0.287017 0.684707 0.400384 0.245986 0.557099 -1.661601 0.887524 1.889116 -1.950991 2.125689 -0.456486 -1.356878
1776409996.782525 jaka_arm_left success 0.438989 0.173238 -0.286974 0.684563 0.400108 0.246024 0.557459 -1.661934 0.883223 1.891282 -1.949087 2.118418 -0.451429 -1.353437
1776409996.799277 jaka_arm_left success 0.438824 0.173098 -0.287150 0.684014 0.400081 0.245013 0.558595 -1.661311 0.883568 1.895596 -1.945728 2.113501 -0.444438 -1.348243
1776409996.807525 jaka_arm_left success 0.438784 0.173066 -0.287273 0.684672 0.399694 0.244402 0.558333 -1.663664 0.880366 1.896311 -1.946324 2.110241 -0.446429 -1.348675
1776409996.815881 jaka_arm_left success 0.438740 0.173081 -0.287421 0.686136 0.399038 0.244178 0.557103 -1.663613 0.878970 1.897480 -1.946351 2.110703 -0.447853 -1.347683
1776409996.824354 jaka_arm_left success 0.438751 0.172818 -0.287717 0.686472 0.399185 0.243783 0.556756 -1.663382 0.878882 1.897766 -1.946228 2.110636 -0.448157 -1.347711
1776409996.832624 jaka_arm_left success 0.438731 0.172739 -0.287954 0.687313 0.399069 0.243537 0.555908 -1.662994 0.878339 1.898302 -1.945947 2.110872 -0.448878 -1.347435
1776409996.840868 jaka_arm_left success 0.438654 0.172695 -0.288193 0.688410 0.398868 0.242760 0.555035 -1.667720 0.875224 1.899752 -1.945860 2.108399 -0.453912 -1.348368
1776409996.849199 jaka_arm_left success 0.438614 0.172857 -0.288370 0.690462 0.397890 0.241585 0.553699 -1.671757 0.871857 1.902214 -1.946432 2.105848 -0.459128 -1.348625
1776409996.857572 jaka_arm_left success 0.438583 0.172703 -0.288617 0.690905 0.398165 0.240301 0.553508 -1.671251 0.871942 1.902672 -1.946160 2.105506 -0.459570 -1.348939
1776409996.865941 jaka_arm_left success 0.438570 0.172662 -0.288873 0.691617 0.398286 0.240084 0.552625 -1.673029 0.870529 1.903252 -1.945354 2.104438 -0.462042 -1.349607
1776409996.874251 jaka_arm_left success 0.438461 0.172643 -0.289119 0.692610 0.398251 0.239919 0.551477 -1.673750 0.869257 1.903914 -1.944857 2.104517 -0.463973 -1.349497
1776409996.882549 jaka_arm_left success 0.438304 0.172754 -0.289321 0.694318 0.397658 0.239540 0.549919 -1.677365 0.866357 1.905061 -1.945130 2.103664 -0.468927 -1.350037
1776409996.890946 jaka_arm_left success 0.438164 0.172918 -0.289495 0.695738 0.396995 0.240066 0.548373 -1.680162 0.864404 1.905176 -1.944719 2.104345 -0.473160 -1.350842
1776409996.899301 jaka_arm_left success 0.437962 0.172769 -0.289750 0.696003 0.396429 0.240514 0.548249 -1.680345 0.864102 1.905825 -1.945400 2.104959 -0.473542 -1.349979
1776409996.907519 jaka_arm_left success 0.437719 0.172662 -0.290008 0.696093 0.396228 0.241275 0.547946 -1.678703 0.866371 1.905589 -1.945154 2.108509 -0.472483 -1.349163
1776409996.915910 jaka_arm_left success 0.437466 0.172680 -0.290211 0.696758 0.395918 0.241753 0.547112 -1.677909 0.866890 1.904750 -1.945971 2.111491 -0.473736 -1.349673
1776409996.924319 jaka_arm_left success 0.437335 0.172772 -0.290383 0.697706 0.395056 0.241848 0.546486 -1.677809 0.866062 1.905280 -1.946049 2.112167 -0.474420 -1.348878
1776409996.932586 jaka_arm_left success 0.437146 0.172931 -0.290490 0.698688 0.394229 0.241653 0.545915 -1.678118 0.865501 1.907135 -1.947869 2.112529 -0.475588 -1.347501
1776409996.940951 jaka_arm_left success 0.436978 0.173134 -0.290608 0.699560 0.393751 0.241581 0.545174 -1.678587 0.863860 1.907132 -1.947861 2.112587 -0.477270 -1.347645
1776409996.949313 jaka_arm_left success 0.436763 0.173214 -0.290717 0.699638 0.393915 0.241325 0.545068 -1.678435 0.863835 1.907250 -1.947774 2.112506 -0.477433 -1.347736
1776409996.957633 jaka_arm_left success 0.436501 0.173339 -0.290834 0.699715 0.393756 0.240387 0.545499 -1.678459 0.864226 1.908136 -1.948798 2.111657 -0.477828 -1.347953
1776409996.965896 jaka_arm_left success 0.436264 0.173565 -0.290901 0.699791 0.393891 0.240139 0.545413 -1.678230 0.864098 1.908228 -1.948579 2.111583 -0.478057 -1.348075
1776409996.974255 jaka_arm_left success 0.435994 0.173895 -0.290938 0.700053 0.393964 0.239709 0.545213 -1.678678 0.861067 1.907569 -1.949534 2.109282 -0.480039 -1.349552
1776409996.982550 jaka_arm_left success 0.435659 0.173999 -0.291007 0.698982 0.394877 0.239081 0.546203 -1.678445 0.861557 1.906503 -1.949842 2.107746 -0.479067 -1.350986
1776409996.990983 jaka_arm_left success 0.435300 0.174124 -0.291140 0.697767 0.395000 0.239076 0.547667 -1.675325 0.861212 1.905553 -1.951517 2.106056 -0.475613 -1.350806
1776409996.999301 jaka_arm_left success 0.434821 0.174558 -0.291193 0.697744 0.394920 0.239122 0.547734 -1.671237 0.858012 1.904239 -1.953586 2.103797 -0.471694 -1.349502
1776409997.007526 jaka_arm_left success 0.434317 0.174712 -0.291386 0.696461 0.395115 0.239942 0.548866 -1.665672 0.858683 1.904117 -1.953208 2.103266 -0.463915 -1.345941
1776409997.015975 jaka_arm_left success 0.433857 0.175164 -0.291517 0.696618 0.394415 0.240430 0.548957 -1.662498 0.853501 1.904808 -1.954194 2.098086 -0.458585 -1.342190
1776409997.024318 jaka_arm_left success 0.433422 0.175448 -0.291715 0.695962 0.393975 0.240872 0.549910 -1.660927 0.851474 1.908593 -1.950331 2.091364 -0.448121 -1.334276
1776409997.032579 jaka_arm_left success 0.432971 0.175558 -0.291963 0.694875 0.394123 0.240781 0.551217 -1.657196 0.850757 1.909520 -1.949631 2.087915 -0.441470 -1.331147
1776409997.040920 jaka_arm_left success 0.432535 0.175885 -0.292155 0.694571 0.394140 0.241183 0.551413 -1.657196 0.850757 1.909520 -1.949631 2.087915 -0.441470 -1.331147
1776409997.049198 jaka_arm_left success 0.432126 0.176259 -0.292316 0.694800 0.393345 0.241579 0.551519 -1.653132 0.844654 1.911592 -1.949861 2.080774 -0.432762 -1.324823
1776409997.057587 jaka_arm_left success 0.431768 0.176521 -0.292580 0.694317 0.392682 0.242318 0.552274 -1.651468 0.845259 1.913448 -1.947737 2.079394 -0.426203 -1.320023
1776409997.065932 jaka_arm_left success 0.431241 0.177036 -0.292723 0.695041 0.392218 0.242981 0.551402 -1.651423 0.844493 1.913532 -1.947540 2.079997 -0.426580 -1.319447
1776409997.074259 jaka_arm_left success 0.430813 0.177427 -0.292968 0.694839 0.392029 0.244613 0.551069 -1.650709 0.843568 1.912604 -1.947347 2.081229 -0.425508 -1.318385
1776409997.082547 jaka_arm_left success 0.430360 0.177714 -0.293309 0.693782 0.392205 0.245148 0.552036 -1.644244 0.845174 1.911924 -1.948545 2.082471 -0.419014 -1.316111
1776409997.090946 jaka_arm_left success 0.430036 0.178239 -0.293639 0.693787 0.391785 0.245633 0.552113 -1.638455 0.839982 1.911842 -1.949487 2.078021 -0.411072 -1.311954
1776409997.099265 jaka_arm_left success 0.429746 0.178695 -0.294009 0.692642 0.392121 0.245254 0.553479 -1.636974 0.834607 1.919079 -1.943117 2.064295 -0.396573 -1.301721
1776409997.107522 jaka_arm_left success 0.429373 0.179345 -0.294375 0.692232 0.392559 0.244538 0.553998 -1.637373 0.833561 1.918992 -1.943530 2.061925 -0.396093 -1.302266
1776409997.115902 jaka_arm_left success 0.429075 0.179926 -0.294790 0.690847 0.393283 0.244015 0.555442 -1.632222 0.827854 1.921835 -1.941622 2.050729 -0.383042 -1.295968
1776409997.124256 jaka_arm_left success 0.428791 0.180571 -0.295188 0.689574 0.393693 0.242983 0.557183 -1.636170 0.821692 1.932862 -1.932855 2.032032 -0.367877 -1.283561
1776409997.132594 jaka_arm_left success 0.428520 0.181203 -0.295598 0.688363 0.394192 0.241392 0.559017 -1.632500 0.812133 1.941174 -1.929269 2.012620 -0.350831 -1.272543
1776409997.140857 jaka_arm_left success 0.428339 0.181808 -0.296015 0.686861 0.394335 0.239879 0.561409 -1.638416 0.800043 1.956721 -1.918914 1.983082 -0.330013 -1.255374
1776409997.149190 jaka_arm_left success 0.428029 0.182379 -0.296365 0.685641 0.394698 0.238067 0.563413 -1.637222 0.793951 1.961255 -1.919228 1.970075 -0.321298 -1.250473
1776409997.157613 jaka_arm_left success 0.427708 0.182954 -0.296595 0.685001 0.394835 0.237719 0.564242 -1.640517 0.785815 1.975122 -1.911468 1.948479 -0.303805 -1.234091
1776409997.165950 jaka_arm_left success 0.427393 0.183543 -0.296835 0.684816 0.394575 0.237373 0.564793 -1.640517 0.785815 1.975122 -1.911468 1.948479 -0.303805 -1.234091
1776409997.174233 jaka_arm_left success 0.427053 0.183733 -0.297036 0.683597 0.394469 0.237240 0.566398 -1.637366 0.777363 1.980553 -1.912048 1.933533 -0.290064 -1.225435
1776409997.182523 jaka_arm_left success 0.426642 0.184166 -0.297166 0.683630 0.394196 0.238151 0.566166 -1.636705 0.778287 1.981120 -1.911259 1.934596 -0.288551 -1.223818
1776409997.190976 jaka_arm_left success 0.426272 0.184409 -0.297285 0.683692 0.393481 0.238258 0.566543 -1.636050 0.768926 1.989254 -1.909880 1.919331 -0.276135 -1.213048
1776409997.199242 jaka_arm_left success 0.425760 0.184392 -0.297353 0.682720 0.394369 0.238712 0.566906 -1.635685 0.769594 1.988010 -1.908326 1.918940 -0.274867 -1.213920
1776409997.207530 jaka_arm_left success 0.425335 0.184526 -0.297413 0.682884 0.394068 0.239155 0.566731 -1.634126 0.770831 1.988644 -1.908303 1.920979 -0.273195 -1.211943
1776409997.215904 jaka_arm_left success 0.424993 0.184599 -0.297431 0.683113 0.393378 0.238948 0.567023 -1.634070 0.771204 1.989855 -1.909847 1.921092 -0.273597 -1.211314
1776409997.224338 jaka_arm_left success 0.424638 0.184628 -0.297425 0.683281 0.392911 0.238671 0.567261 -1.634256 0.771197 1.989742 -1.910023 1.921195 -0.273445 -1.211170
1776409997.232567 jaka_arm_left success 0.424272 0.184587 -0.297415 0.683216 0.392565 0.238868 0.567496 -1.632380 0.771127 1.989828 -1.911069 1.921594 -0.271310 -1.209854
1776409997.240932 jaka_arm_left success 0.423813 0.184432 -0.297365 0.683218 0.392022 0.238314 0.568100 -1.628790 0.765300 1.992902 -1.913773 1.914037 -0.264365 -1.205477
1776409997.249188 jaka_arm_left success 0.423378 0.184299 -0.297267 0.683295 0.391674 0.238027 0.568368 -1.629055 0.765423 1.993414 -1.914425 1.914071 -0.264440 -1.205043
1776409997.257562 jaka_arm_left success 0.422876 0.184185 -0.297130 0.683715 0.391101 0.238486 0.568066 -1.629245 0.765071 1.993479 -1.914614 1.914499 -0.264553 -1.204549
1776409997.265959 jaka_arm_left success 0.422484 0.184154 -0.297025 0.684379 0.389889 0.239170 0.567812 -1.628752 0.764425 1.994574 -1.916084 1.915473 -0.263924 -1.202350
1776409997.274184 jaka_arm_left success 0.422089 0.183899 -0.296927 0.684601 0.389176 0.239208 0.568018 -1.626382 0.759631 1.997573 -1.917559 1.909595 -0.257665 -1.197698
1776409997.290921 jaka_arm_left success 0.421221 0.183421 -0.296711 0.685229 0.387597 0.240454 0.567813 -1.626643 0.759355 1.998264 -1.918609 1.911392 -0.257276 -1.195404
1776409997.299330 jaka_arm_left success 0.420760 0.183376 -0.296565 0.686257 0.386532 0.241322 0.566928 -1.626920 0.758473 1.998215 -1.918608 1.912345 -0.257511 -1.194452
1776409997.307513 jaka_arm_left success 0.420351 0.183172 -0.296424 0.686870 0.385512 0.241240 0.566916 -1.626878 0.758199 1.999993 -1.920553 1.913095 -0.258605 -1.193093
1776409997.315949 jaka_arm_left success 0.419912 0.182965 -0.296316 0.687079 0.384885 0.241976 0.566775 -1.627297 0.757856 1.999565 -1.920599 1.913603 -0.258322 -1.192611
1776409997.324296 jaka_arm_left success 0.419532 0.182970 -0.296205 0.687603 0.384018 0.242061 0.566691 -1.626668 0.757320 1.999904 -1.921492 1.914631 -0.257925 -1.191295
1776409997.332572 jaka_arm_left success 0.419079 0.182785 -0.296137 0.686930 0.384064 0.241696 0.567631 -1.622414 0.758355 2.000067 -1.923680 1.914642 -0.253910 -1.190203
1776409997.340932 jaka_arm_left success 0.418632 0.182856 -0.296073 0.687165 0.383375 0.241510 0.567891 -1.619423 0.752266 2.005229 -1.924613 1.906777 -0.244743 -1.183092
1776409997.349447 jaka_arm_left success 0.418169 0.182748 -0.296002 0.686611 0.383103 0.240184 0.569306 -1.624882 0.741838 2.018195 -1.921053 1.884930 -0.231284 -1.171369
1776409997.357606 jaka_arm_left success 0.417701 0.182582 -0.295977 0.685704 0.382842 0.239127 0.571018 -1.626211 0.734143 2.029354 -1.921083 1.868066 -0.217582 -1.160102
1776409997.365952 jaka_arm_left success 0.417319 0.182745 -0.295944 0.686155 0.381377 0.238390 0.571763 -1.634597 0.728992 2.043308 -1.915786 1.851967 -0.208330 -1.147563
1776409997.374197 jaka_arm_left success 0.416766 0.182570 -0.295902 0.685735 0.380615 0.236766 0.573447 -1.640333 0.713858 2.064436 -1.914483 1.819557 -0.187356 -1.127324
1776409997.382523 jaka_arm_left success 0.416189 0.182581 -0.295894 0.686034 0.379659 0.236819 0.573701 -1.640826 0.713459 2.064758 -1.915341 1.820295 -0.187528 -1.126273
1776409997.390953 jaka_arm_left success 0.415628 0.182387 -0.295905 0.685870 0.378638 0.236607 0.574659 -1.648435 0.697235 2.092263 -1.911928 1.783420 -0.159645 -1.097234
1776409997.399298 jaka_arm_left success 0.415024 0.182185 -0.295921 0.686001 0.377301 0.236802 0.575301 -1.649001 0.697407 2.092630 -1.913089 1.783964 -0.159746 -1.096435
1776409997.407505 jaka_arm_left success 0.414337 0.181985 -0.295917 0.686118 0.376682 0.237609 0.575235 -1.648097 0.697734 2.092844 -1.913241 1.785170 -0.158444 -1.094980
1776409997.415875 jaka_arm_left success 0.413721 0.181852 -0.295955 0.686616 0.375010 0.237509 0.575774 -1.657894 0.683590 2.117504 -1.910557 1.754056 -0.137428 -1.070348
1776409997.424299 jaka_arm_left success 0.413067 0.181547 -0.296056 0.686112 0.374350 0.238353 0.576455 -1.654934 0.686041 2.117957 -1.911169 1.756266 -0.133421 -1.067852
1776409997.432562 jaka_arm_left success 0.412467 0.181669 -0.296055 0.687332 0.372932 0.239214 0.575563 -1.654983 0.684728 2.118558 -1.911989 1.757954 -0.134125 -1.066018
1776409997.440951 jaka_arm_left success 0.411736 0.181447 -0.296119 0.687195 0.372638 0.238757 0.576107 -1.650944 0.684509 2.118892 -1.914813 1.758354 -0.130933 -1.064814
1776409997.449259 jaka_arm_left success 0.411093 0.181279 -0.296275 0.687071 0.371723 0.238121 0.577108 -1.667023 0.663220 2.157586 -1.911482 1.709889 -0.098315 -1.029845
1776409997.457590 jaka_arm_left success 0.410524 0.181381 -0.296299 0.687870 0.370873 0.238180 0.576679 -1.667206 0.662671 2.157813 -1.911750 1.710614 -0.098726 -1.029089
1776409997.465930 jaka_arm_left success 0.409843 0.181088 -0.296452 0.686811 0.371132 0.237375 0.578104 -1.664611 0.664343 2.158649 -1.914496 1.710513 -0.096219 -1.028520
1776409997.474355 jaka_arm_left success 0.409253 0.181100 -0.296500 0.687012 0.370142 0.236917 0.578688 -1.681416 0.645948 2.197374 -1.912424 1.664867 -0.065940 -0.994256
1776409997.482554 jaka_arm_left success 0.408600 0.181163 -0.296601 0.687004 0.369405 0.237108 0.579090 -1.690877 0.634127 2.221920 -1.913042 1.636879 -0.044381 -0.971258
1776409997.490918 jaka_arm_left success 0.408042 0.181093 -0.296726 0.686301 0.368592 0.237069 0.580456 -1.751824 0.593848 2.335961 -1.908796 1.715552 0.034592 -1.078386
1776409997.507576 jaka_arm_left success 0.406703 0.181065 -0.296902 0.685169 0.367573 0.236937 0.582490 -1.810727 0.557469 2.449004 -1.903786 1.730947 0.113870 -1.118533
1776409997.515884 jaka_arm_left success 0.406053 0.181311 -0.296940 0.685613 0.367012 0.237588 0.582056 -1.810927 0.556992 2.448894 -1.903594 1.731446 0.113803 -1.118016
1776409997.524309 jaka_arm_left success 0.405455 0.181307 -0.297064 0.684936 0.367063 0.238139 0.582595 -1.810501 0.557142 2.448386 -1.903664 1.731789 0.115284 -1.117640
1776409997.532574 jaka_arm_left success 0.404826 0.181415 -0.297191 0.684586 0.366814 0.238287 0.583103 -1.803806 0.557811 2.449606 -1.905731 1.734495 0.121889 -1.115116
1776409997.540895 jaka_arm_left success 0.404260 0.181510 -0.297341 0.683983 0.366378 0.237441 0.584428 -1.813841 0.550486 2.474512 -1.904132 1.757491 0.141781 -1.142166
1776409997.549191 jaka_arm_left success 0.403716 0.181820 -0.297448 0.683846 0.366129 0.237617 0.584673 -1.813841 0.550486 2.474512 -1.904132 1.757491 0.141781 -1.142166
1776409997.557594 jaka_arm_left success 0.403216 0.181997 -0.297581 0.683102 0.365785 0.236611 0.586164 -1.831318 0.539754 2.505625 -1.900989 1.786964 0.164524 -1.180230
1776409997.565924 jaka_arm_left success 0.402646 0.182510 -0.297689 0.682887 0.365823 0.237860 0.585885 -1.831390 0.539355 2.505400 -1.900584 1.787122 0.164655 -1.180008
1776409997.574258 jaka_arm_left success 0.402176 0.182464 -0.297879 0.681000 0.366186 0.236077 0.588569 -1.839140 0.533959 2.526447 -1.898880 1.807845 0.184670 -1.206332
1776409997.582545 jaka_arm_left success 0.401723 0.182906 -0.297974 0.680800 0.365630 0.235697 0.589299 -1.846164 0.526760 2.541174 -1.898758 1.822111 0.195325 -1.225212
1776409997.590993 jaka_arm_left success 0.401220 0.183165 -0.298040 0.679743 0.365949 0.235308 0.590475 -1.848902 0.525773 2.551889 -1.896004 1.833099 0.206454 -1.237618
1776409997.599373 jaka_arm_left success 0.400694 0.183518 -0.298111 0.679235 0.365953 0.234600 0.591339 -1.855744 0.520776 2.564954 -1.894220 1.846422 0.216960 -1.255189
1776409997.607620 jaka_arm_left success 0.400375 0.183921 -0.298174 0.678768 0.365459 0.234325 0.592288 -1.865873 0.517930 2.583186 -1.888206 1.865503 0.229626 -1.277105
1776409997.616045 jaka_arm_left success 0.400047 0.184385 -0.298145 0.678745 0.365300 0.234400 0.592383 -1.865873 0.517930 2.583186 -1.888206 1.865503 0.229626 -1.277105
1776409997.624296 jaka_arm_left success 0.399694 0.184690 -0.298108 0.678427 0.365613 0.233651 0.592850 -1.865541 0.517982 2.583103 -1.888364 1.864741 0.230083 -1.277979
1776409997.632626 jaka_arm_left success 0.399398 0.184824 -0.298065 0.677505 0.366348 0.232746 0.593806 -1.866680 0.513814 2.591493 -1.888295 1.873372 0.240329 -1.289470
1776409997.640895 jaka_arm_left success 0.399207 0.184908 -0.298032 0.676363 0.366732 0.232013 0.595156 -1.875413 0.507747 2.604496 -1.886559 1.886235 0.250062 -1.310306
1776409997.649221 jaka_arm_left success 0.398915 0.185416 -0.297789 0.677086 0.366883 0.232330 0.594116 -1.875181 0.507083 2.604713 -1.885914 1.886439 0.249608 -1.309987
1776409997.657665 jaka_arm_left success 0.398722 0.185815 -0.297550 0.677660 0.366613 0.232496 0.593564 -1.875135 0.506466 2.604833 -1.885465 1.886791 0.249232 -1.309563
1776409997.665951 jaka_arm_left success 0.398506 0.186106 -0.297308 0.677616 0.366508 0.231991 0.593876 -1.874856 0.506836 2.605470 -1.886283 1.886771 0.248752 -1.309818
1776409997.674230 jaka_arm_left success 0.398361 0.186178 -0.297074 0.676764 0.367442 0.232596 0.594034 -1.875101 0.506388 2.604223 -1.885254 1.885748 0.249874 -1.310452
1776409997.682566 jaka_arm_left success 0.398308 0.186435 -0.296752 0.676924 0.367447 0.233334 0.593559 -1.875296 0.505917 2.603952 -1.884896 1.885969 0.249942 -1.310131
1776409997.691006 jaka_arm_left success 0.398266 0.186739 -0.296405 0.677740 0.366931 0.232480 0.593282 -1.876155 0.500797 2.603615 -1.889096 1.884960 0.247658 -1.311544
1776409997.699300 jaka_arm_left success 0.398244 0.186859 -0.296113 0.677636 0.366946 0.231944 0.593602 -1.876155 0.500797 2.603615 -1.889096 1.884960 0.247658 -1.311544
1776409997.707520 jaka_arm_left success 0.398244 0.187034 -0.295854 0.677785 0.366775 0.231783 0.593600 -1.876025 0.501126 2.603843 -1.889520 1.884822 0.247573 -1.311783
1776409997.715894 jaka_arm_left success 0.398230 0.187107 -0.295623 0.677584 0.366800 0.231288 0.594006 -1.875998 0.501551 2.603977 -1.890067 1.884668 0.247604 -1.312065
1776409997.724313 jaka_arm_left success 0.398132 0.187123 -0.295389 0.677585 0.367428 0.231266 0.593626 -1.876874 0.497895 2.603339 -1.892058 1.882968 0.246021 -1.314032
1776409997.732555 jaka_arm_left success 0.398129 0.186984 -0.295252 0.677139 0.367568 0.231036 0.594137 -1.877066 0.498383 2.603157 -1.892540 1.882817 0.246371 -1.314266
1776409997.740912 jaka_arm_left success 0.398057 0.187013 -0.295114 0.677692 0.367544 0.231326 0.593409 -1.877000 0.498006 2.603259 -1.892281 1.882998 0.246119 -1.314040
1776409997.749220 jaka_arm_left success 0.397982 0.187024 -0.295041 0.678459 0.367217 0.231279 0.592752 -1.877454 0.496553 2.603287 -1.892801 1.883102 0.244811 -1.313846
1776409997.757593 jaka_arm_left success 0.397953 0.187020 -0.295012 0.678895 0.366865 0.232131 0.592138 -1.877633 0.495971 2.603202 -1.892451 1.883573 0.244609 -1.313303
1776409997.765982 jaka_arm_left success 0.397887 0.187100 -0.295031 0.679624 0.366263 0.232730 0.591439 -1.872682 0.495718 2.592048 -1.897574 1.872059 0.235368 -1.299465
1776409997.774374 jaka_arm_left success 0.397869 0.187264 -0.295076 0.680595 0.365487 0.233809 0.590376 -1.872624 0.494646 2.592661 -1.897216 1.873540 0.234297 -1.297944
1776409997.782646 jaka_arm_left success 0.397885 0.187373 -0.295171 0.681024 0.365049 0.234541 0.589861 -1.871305 0.495551 2.591945 -1.896085 1.874115 0.235357 -1.295334
1776409997.790981 jaka_arm_left success 0.397977 0.187516 -0.295314 0.681195 0.364674 0.234969 0.589725 -1.871485 0.495362 2.591806 -1.895996 1.874351 0.235381 -1.295069
1776409997.799261 jaka_arm_left success 0.398120 0.187848 -0.295455 0.681609 0.364584 0.235187 0.589215 -1.871475 0.494887 2.591856 -1.895637 1.874639 0.235124 -1.294710
1776409997.807720 jaka_arm_left success 0.398401 0.188041 -0.295651 0.680820 0.365310 0.235439 0.589576 -1.871433 0.495084 2.591217 -1.895031 1.873921 0.235839 -1.295098
1776409997.815869 jaka_arm_left success 0.398695 0.188496 -0.295791 0.681260 0.365417 0.235069 0.589150 -1.871143 0.494932 2.591480 -1.894823 1.873824 0.235547 -1.295158
1776409997.824304 jaka_arm_left success 0.398967 0.188915 -0.295964 0.681393 0.367020 0.235447 0.587847 -1.866829 0.499805 2.580078 -1.893785 1.860464 0.224958 -1.281624
1776409997.832597 jaka_arm_left success 0.399361 0.189138 -0.296228 0.680822 0.367879 0.233603 0.588707 -1.866079 0.500680 2.580640 -1.894819 1.858987 0.224840 -1.283297
1776409997.840885 jaka_arm_left success 0.399723 0.189604 -0.296491 0.680963 0.369115 0.233786 0.587697 -1.865952 0.499263 2.579754 -1.892908 1.857881 0.225141 -1.283904
1776409997.849233 jaka_arm_left success 0.400105 0.189920 -0.296792 0.680492 0.369334 0.232582 0.588582 -1.865855 0.499903 2.580391 -1.894262 1.857124 0.224481 -1.285071
1776409997.857652 jaka_arm_left success 0.400361 0.190422 -0.297009 0.680583 0.369879 0.232256 0.588264 -1.867742 0.497657 2.580176 -1.895026 1.855714 0.222124 -1.287335
1776409997.865929 jaka_arm_left success 0.400712 0.190625 -0.297288 0.679316 0.370432 0.231738 0.589582 -1.883745 0.496814 2.600030 -1.885437 1.876207 0.233789 -1.315682
1776409997.874252 jaka_arm_left success 0.400996 0.191174 -0.297439 0.679482 0.370372 0.231306 0.589598 -1.883745 0.496814 2.600030 -1.885437 1.876207 0.233789 -1.315682
1776409997.882522 jaka_arm_left success 0.401379 0.191343 -0.297588 0.678848 0.369906 0.230754 0.590837 -1.892909 0.491992 2.619885 -1.879814 1.897519 0.250361 -1.340645
1776409997.891012 jaka_arm_left success 0.401722 0.191488 -0.297704 0.678068 0.369699 0.230535 0.591947 -1.897447 0.493175 2.621153 -1.879176 1.898776 0.249231 -1.344377
1776409997.907542 jaka_arm_left success 0.402267 0.191755 -0.297785 0.677675 0.368828 0.229889 0.593189 -1.910453 0.493646 2.642199 -1.868164 1.921510 0.263728 -1.369992
1776409997.915957 jaka_arm_left success 0.402571 0.191831 -0.297747 0.677757 0.368284 0.229673 0.593517 -1.916644 0.488965 2.647219 -1.869865 1.926492 0.264948 -1.379367
1776409997.924290 jaka_arm_left success 0.402802 0.191869 -0.297720 0.677887 0.367806 0.229716 0.593648 -1.916820 0.488796 2.647222 -1.869859 1.926892 0.264855 -1.379012
1776409997.932656 jaka_arm_left success 0.402999 0.191765 -0.297705 0.677551 0.367493 0.229773 0.594203 -1.920615 0.491069 2.652255 -1.865556 1.932906 0.268297 -1.384469
1776409997.940933 jaka_arm_left success 0.403179 0.191678 -0.297640 0.677583 0.366990 0.230790 0.594084 -1.920933 0.490871 2.652004 -1.865485 1.933228 0.268430 -1.384137
1776409997.949214 jaka_arm_left success 0.403268 0.191534 -0.297593 0.677571 0.366476 0.231966 0.593957 -1.921446 0.490518 2.651546 -1.865279 1.933719 0.268679 -1.383590
1776409997.957630 jaka_arm_left success 0.403465 0.191430 -0.297596 0.677828 0.365044 0.233608 0.593901 -1.920244 0.491727 2.651653 -1.863105 1.936610 0.271376 -1.380399
1776409997.965987 jaka_arm_left success 0.403578 0.191203 -0.297532 0.677818 0.364347 0.234779 0.593879 -1.920779 0.491554 2.651172 -1.863050 1.937043 0.271715 -1.379933
1776409997.974259 jaka_arm_left success 0.403739 0.190838 -0.297523 0.677353 0.363839 0.235845 0.594299 -1.918368 0.495093 2.650888 -1.859960 1.939210 0.276185 -1.376531
1776409997.982524 jaka_arm_left success 0.403873 0.190566 -0.297565 0.677212 0.363457 0.236613 0.594388 -1.918561 0.495001 2.650697 -1.859887 1.939386 0.276315 -1.376322
1776409997.990970 jaka_arm_left success 0.404049 0.190263 -0.297637 0.677072 0.363068 0.236577 0.594800 -1.918777 0.495170 2.650539 -1.860072 1.939548 0.276520 -1.376192
1776409997.999292 jaka_arm_left success 0.404233 0.190004 -0.297730 0.677604 0.362206 0.235737 0.595053 -1.918716 0.496516 2.651922 -1.862140 1.940962 0.275715 -1.375498
1776409998.015852 jaka_arm_left success 0.404435 0.189751 -0.297783 0.678072 0.362120 0.235123 0.594815 -1.918535 0.496271 2.652143 -1.861847 1.941028 0.275391 -1.375399
1776409998.024276 jaka_arm_left success 0.404787 0.189365 -0.298114 0.678558 0.361972 0.235027 0.594389 -1.921000 0.498918 2.652579 -1.858925 1.941263 0.272140 -1.375274
1776409998.032605 jaka_arm_left success 0.404845 0.189185 -0.298343 0.678708 0.362289 0.234750 0.594133 -1.921000 0.498918 2.652579 -1.858925 1.941263 0.272140 -1.375274
1776409998.040920 jaka_arm_left success 0.404868 0.189126 -0.298575 0.679426 0.362404 0.234289 0.593425 -1.920641 0.499031 2.653723 -1.859027 1.941438 0.270596 -1.375300
1776409998.049244 jaka_arm_left success 0.404893 0.189065 -0.298840 0.680185 0.362587 0.233938 0.592581 -1.922494 0.498846 2.653733 -1.858312 1.940930 0.267599 -1.375764
1776409998.057590 jaka_arm_left success 0.404941 0.188953 -0.299117 0.680463 0.363018 0.233425 0.592200 -1.922478 0.498952 2.654256 -1.858149 1.940504 0.266364 -1.376196
1776409998.065931 jaka_arm_left success 0.404934 0.188864 -0.299448 0.681059 0.363755 0.232781 0.591316 -1.924854 0.498760 2.654057 -1.857671 1.939216 0.262277 -1.377130
1776409998.074250 jaka_arm_left success 0.404976 0.188845 -0.299702 0.681930 0.364002 0.232233 0.590374 -1.927535 0.498309 2.653781 -1.857537 1.937843 0.257467 -1.377941
1776409998.082554 jaka_arm_left success 0.404933 0.188754 -0.299950 0.682662 0.364612 0.231538 0.589424 -1.928907 0.497813 2.653767 -1.857570 1.936535 0.253593 -1.378448
1776409998.090995 jaka_arm_left success 0.404891 0.188656 -0.300188 0.683581 0.364990 0.231008 0.588333 -1.929239 0.500891 2.648642 -1.858004 1.930232 0.243805 -1.372761
1776409998.099292 jaka_arm_left success 0.404821 0.188600 -0.300378 0.684624 0.365190 0.230875 0.587046 -1.923495 0.499155 2.639502 -1.863646 1.920641 0.235253 -1.362433
1776409998.107513 jaka_arm_left success 0.404788 0.188495 -0.300554 0.685350 0.365565 0.231356 0.585774 -1.911709 0.503582 2.618860 -1.869188 1.901894 0.220853 -1.338204
1776409998.124340 jaka_arm_left success 0.404660 0.188250 -0.300870 0.687416 0.365182 0.231128 0.583678 -1.911462 0.502050 2.620409 -1.869193 1.903152 0.217826 -1.336885
1776409998.132565 jaka_arm_left success 0.404523 0.188116 -0.300994 0.688487 0.365304 0.231255 0.582289 -1.908136 0.504627 2.607949 -1.872026 1.891586 0.204548 -1.324180
1776409998.140999 jaka_arm_left success 0.404450 0.187924 -0.301160 0.689094 0.365364 0.231480 0.581442 -1.902398 0.503168 2.602006 -1.875349 1.886184 0.201350 -1.317289
1776409998.149214 jaka_arm_left success 0.404371 0.187810 -0.301305 0.690076 0.365351 0.231487 0.580283 -1.898781 0.508097 2.593462 -1.874746 1.878914 0.191835 -1.306230
1776409998.157572 jaka_arm_left success 0.404299 0.187669 -0.301488 0.690891 0.365388 0.231262 0.579378 -1.894243 0.506067 2.586208 -1.879501 1.872028 0.185314 -1.299239
1776409998.165959 jaka_arm_left success 0.404255 0.187573 -0.301667 0.691298 0.365760 0.231470 0.578574 -1.889770 0.509092 2.576970 -1.880182 1.864289 0.177299 -1.289167
1776409998.174239 jaka_arm_left success 0.404220 0.187499 -0.301854 0.691775 0.365934 0.231379 0.577930 -1.886139 0.507598 2.572545 -1.882802 1.860526 0.174922 -1.284968
1776409998.182534 jaka_arm_left success 0.404206 0.187456 -0.302040 0.692224 0.366041 0.231203 0.577395 -1.885935 0.507419 2.572843 -1.882409 1.860655 0.174308 -1.284684
1776409998.190974 jaka_arm_left success 0.404164 0.187434 -0.302252 0.692852 0.365979 0.230463 0.576977 -1.885614 0.507357 2.573265 -1.882382 1.860649 0.173866 -1.284697
1776409998.199283 jaka_arm_left success 0.404148 0.187449 -0.302452 0.693304 0.365922 0.229980 0.576662 -1.887622 0.507510 2.573445 -1.882906 1.860179 0.170168 -1.284831
1776409998.207516 jaka_arm_left success 0.404133 0.187420 -0.302659 0.693399 0.365976 0.229447 0.576727 -1.887622 0.507510 2.573445 -1.882906 1.860179 0.170168 -1.284831
1776409998.215879 jaka_arm_left success 0.404147 0.187393 -0.302913 0.693301 0.365929 0.228938 0.577077 -1.887318 0.507874 2.573789 -1.883173 1.859884 0.169981 -1.285172
1776409998.224310 jaka_arm_left success 0.404093 0.187386 -0.303159 0.693551 0.365745 0.228379 0.577114 -1.887065 0.508174 2.574221 -1.883515 1.859796 0.169656 -1.285332
1776409998.232608 jaka_arm_left success 0.403967 0.187251 -0.303461 0.693535 0.365892 0.227561 0.577364 -1.887064 0.508864 2.575096 -1.884453 1.859944 0.168688 -1.285435
1776409998.240939 jaka_arm_left success 0.403919 0.187260 -0.303753 0.694097 0.365239 0.227381 0.577172 -1.890727 0.509521 2.575452 -1.884076 1.859973 0.165149 -1.286323
1776409998.249169 jaka_arm_left success 0.403862 0.187209 -0.304087 0.694523 0.364894 0.227582 0.576798 -1.890751 0.509192 2.575562 -1.883883 1.860321 0.164906 -1.285971
1776409998.257590 jaka_arm_left success 0.403828 0.187060 -0.304460 0.694744 0.364459 0.227107 0.576995 -1.894195 0.511484 2.579035 -1.881599 1.862983 0.164420 -1.288124
1776409998.265969 jaka_arm_left success 0.403778 0.186863 -0.304890 0.695189 0.364423 0.226574 0.576692 -1.897250 0.510169 2.582527 -1.881688 1.864951 0.164189 -1.291731
1776409998.274195 jaka_arm_left success 0.403729 0.186641 -0.305338 0.695484 0.364761 0.226324 0.576220 -1.896958 0.510041 2.582792 -1.881480 1.864877 0.163932 -1.291792
1776409998.282541 jaka_arm_left success 0.403733 0.186592 -0.305805 0.696667 0.364442 0.225459 0.575330 -1.899021 0.510550 2.584553 -1.880644 1.865567 0.160355 -1.292238
1776409998.290984 jaka_arm_left success 0.403729 0.186539 -0.306314 0.697591 0.364884 0.225366 0.573966 -1.898504 0.509897 2.585044 -1.879959 1.865618 0.159679 -1.292116
1776409998.307562 jaka_arm_left success 0.403785 0.186200 -0.307497 0.698880 0.365364 0.223245 0.572921 -1.900870 0.509794 2.586649 -1.879338 1.864881 0.153971 -1.293338
1776409998.315868 jaka_arm_left success 0.403767 0.186079 -0.308106 0.699545 0.365815 0.222281 0.572195 -1.902614 0.510135 2.587410 -1.878594 1.864027 0.150551 -1.294494
1776409998.324320 jaka_arm_left success 0.403789 0.186043 -0.308731 0.700337 0.365895 0.221167 0.571607 -1.906768 0.510861 2.588330 -1.878076 1.863159 0.145069 -1.296270
1776409998.332653 jaka_arm_left success 0.403786 0.185963 -0.309424 0.700865 0.366083 0.220415 0.571129 -1.906340 0.510831 2.588811 -1.877995 1.863047 0.144632 -1.296395
1776409998.340933 jaka_arm_left success 0.403808 0.185895 -0.310121 0.701393 0.366402 0.220724 0.570157 -1.905937 0.510296 2.589244 -1.877426 1.863174 0.144039 -1.296220
1776409998.349222 jaka_arm_left success 0.403772 0.185779 -0.310834 0.701644 0.367214 0.220717 0.569327 -1.906249 0.511831 2.589808 -1.874740 1.863330 0.142619 -1.295806
1776409998.357604 jaka_arm_left success 0.403789 0.185680 -0.311632 0.702010 0.367537 0.219859 0.568999 -1.905744 0.512120 2.590429 -1.874134 1.862863 0.141878 -1.296240
1776409998.365932 jaka_arm_left success 0.403811 0.185607 -0.312436 0.702379 0.368374 0.219358 0.568196 -1.906489 0.513456 2.590810 -1.871938 1.862521 0.140013 -1.296346
1776409998.374258 jaka_arm_left success 0.403840 0.185672 -0.313162 0.703280 0.368978 0.218487 0.567023 -1.908202 0.513994 2.591329 -1.870169 1.861719 0.136059 -1.296893
1776409998.382546 jaka_arm_left success 0.403851 0.185665 -0.313976 0.703768 0.370050 0.217571 0.566071 -1.907821 0.513988 2.592008 -1.869104 1.860769 0.134377 -1.297658
1776409998.390949 jaka_arm_left success 0.403964 0.185658 -0.314907 0.703746 0.371044 0.217357 0.565530 -1.909118 0.516385 2.591667 -1.866021 1.859601 0.131974 -1.298012
1776409998.399292 jaka_arm_left success 0.404135 0.185730 -0.315746 0.704068 0.371677 0.216842 0.564911 -1.908662 0.516234 2.592059 -1.865719 1.859398 0.131569 -1.298186
1776409998.407530 jaka_arm_left success 0.404165 0.185601 -0.316632 0.703479 0.373377 0.215336 0.565100 -1.909011 0.518984 2.592063 -1.862926 1.857105 0.129700 -1.299826
1776409998.415870 jaka_arm_left success 0.404249 0.185929 -0.317366 0.704860 0.373629 0.214696 0.563453 -1.910086 0.518281 2.592879 -1.862265 1.857072 0.125772 -1.299585
1776409998.424330 jaka_arm_left success 0.404308 0.185909 -0.318162 0.705114 0.374992 0.214013 0.562489 -1.898366 0.525422 2.569450 -1.863330 1.842461 0.108031 -1.283303
1776409998.432590 jaka_arm_left success 0.404440 0.185907 -0.319025 0.705109 0.375647 0.213286 0.562334 -1.897906 0.525513 2.569873 -1.863282 1.842194 0.107708 -1.283572
1776409998.440841 jaka_arm_left success 0.404483 0.185959 -0.319820 0.705604 0.376504 0.212516 0.561431 -1.896891 0.525058 2.570702 -1.862293 1.841679 0.106733 -1.284001
1776409998.449217 jaka_arm_left success 0.404552 0.186012 -0.320592 0.705900 0.377452 0.212168 0.560553 -1.897676 0.526579 2.570889 -1.859763 1.840847 0.104359 -1.284351
1776409998.457588 jaka_arm_left success 0.404709 0.186075 -0.321391 0.706405 0.377782 0.212412 0.559602 -1.897519 0.526220 2.570995 -1.858626 1.840924 0.103774 -1.284099
1776409998.465887 jaka_arm_left success 0.404704 0.186015 -0.322173 0.706366 0.379203 0.211644 0.558980 -1.883735 0.535492 2.546982 -1.859256 1.828982 0.086780 -1.267605
1776409998.474568 jaka_arm_left success 0.404817 0.186200 -0.322841 0.707096 0.379289 0.211383 0.558097 -1.883289 0.534984 2.547382 -1.858703 1.829011 0.086251 -1.267539
1776409998.482543 jaka_arm_left success 0.404832 0.186386 -0.323458 0.707548 0.379811 0.211159 0.557254 -1.882769 0.534454 2.547809 -1.858060 1.828953 0.085688 -1.267552
1776409998.491029 jaka_arm_left success 0.404762 0.186418 -0.324009 0.707500 0.380971 0.210766 0.556671 -1.882055 0.534013 2.547769 -1.856449 1.827782 0.085370 -1.268545
1776409998.499258 jaka_arm_left success 0.404766 0.186451 -0.324535 0.706807 0.381600 0.210316 0.557291 -1.881899 0.534466 2.547764 -1.856573 1.827292 0.085538 -1.269035
1776409998.507503 jaka_arm_left success 0.404785 0.186704 -0.324989 0.706841 0.381906 0.210957 0.556795 -1.881200 0.536974 2.547421 -1.853041 1.827791 0.086220 -1.267866
1776409998.515909 jaka_arm_left success 0.404763 0.186878 -0.325305 0.707002 0.381775 0.210890 0.556706 -1.881200 0.536974 2.547421 -1.853041 1.827791 0.086220 -1.267866
1776409998.524276 jaka_arm_left success 0.404697 0.186936 -0.325605 0.706417 0.382365 0.210775 0.557086 -1.881028 0.537253 2.547405 -1.853045 1.827394 0.086366 -1.268255
1776409998.532607 jaka_arm_left success 0.404691 0.187002 -0.325868 0.705902 0.382221 0.210515 0.557937 -1.881176 0.537809 2.547171 -1.853419 1.827121 0.086801 -1.268550
1776409998.540948 jaka_arm_left success 0.404639 0.187252 -0.326003 0.706110 0.382351 0.210836 0.557462 -1.881068 0.537512 2.547135 -1.852995 1.827171 0.086794 -1.268464
1776409998.549209 jaka_arm_left success 0.404603 0.187383 -0.326071 0.706091 0.382405 0.210525 0.557568 -1.881068 0.537512 2.547135 -1.852995 1.827171 0.086794 -1.268464
1776409998.557563 jaka_arm_left success 0.404585 0.187417 -0.326153 0.705720 0.382359 0.210505 0.558077 -1.880534 0.538435 2.547127 -1.853021 1.826967 0.087775 -1.268681
1776409998.565893 jaka_arm_left success 0.404555 0.187511 -0.326150 0.705716 0.382312 0.210153 0.558245 -1.880534 0.538435 2.547127 -1.853021 1.826967 0.087775 -1.268681
1776409998.574273 jaka_arm_left success 0.404496 0.187642 -0.326104 0.706117 0.382017 0.209727 0.558101 -1.880232 0.538538 2.547640 -1.853278 1.827079 0.087366 -1.268606
1776409998.582515 jaka_arm_left success 0.404442 0.187692 -0.326083 0.706110 0.382028 0.209755 0.558092 -1.880232 0.538538 2.547640 -1.853278 1.827079 0.087366 -1.268606
1776409998.591005 jaka_arm_left success 0.404365 0.187761 -0.326022 0.706361 0.381958 0.209462 0.557932 -1.880051 0.538501 2.548140 -1.853582 1.827405 0.086904 -1.268326
1776409998.599293 jaka_arm_left success 0.404292 0.187743 -0.325998 0.706309 0.382039 0.209781 0.557822 -1.880051 0.538501 2.548140 -1.853582 1.827405 0.086904 -1.268326
1776409998.607520 jaka_arm_left success 0.404145 0.187689 -0.325946 0.706306 0.382247 0.209294 0.557867 -1.880051 0.538501 2.548140 -1.853582 1.827405 0.086904 -1.268326
1776409998.615890 jaka_arm_left success 0.404023 0.187613 -0.325938 0.706329 0.382348 0.209095 0.557843 -1.880051 0.538501 2.548140 -1.853582 1.827405 0.086904 -1.268326
1776409998.624275 jaka_arm_left success 0.403880 0.187554 -0.325906 0.706630 0.382491 0.209500 0.557212 -1.880051 0.538501 2.548140 -1.853582 1.827405 0.086904 -1.268326
1776409998.632577 jaka_arm_left success 0.403792 0.187514 -0.325895 0.707138 0.382028 0.208975 0.557081 -1.879684 0.538224 2.548635 -1.853475 1.827526 0.086359 -1.268209
1776409998.640880 jaka_arm_left success 0.403716 0.187481 -0.325939 0.707895 0.381244 0.208917 0.556679 -1.879925 0.537607 2.549473 -1.854462 1.828667 0.085118 -1.267189
1776409998.649234 jaka_arm_left success 0.403633 0.187281 -0.326008 0.708001 0.380998 0.208784 0.556762 -1.879925 0.537607 2.549473 -1.854462 1.828667 0.085118 -1.267189
1776409998.657603 jaka_arm_left success 0.403472 0.187149 -0.326086 0.708548 0.380638 0.208051 0.556588 -1.882680 0.534584 2.549878 -1.857827 1.827461 0.081234 -1.269017
1776409998.665922 jaka_arm_left success 0.403388 0.187029 -0.326189 0.708902 0.380234 0.207985 0.556437 -1.882680 0.534584 2.549878 -1.857827 1.827461 0.081234 -1.269017
1776409998.674227 jaka_arm_left success 0.403304 0.186879 -0.326311 0.709074 0.379981 0.207943 0.556407 -1.882867 0.534372 2.550155 -1.858079 1.828219 0.080855 -1.268297
1776409998.682554 jaka_arm_left success 0.403172 0.186714 -0.326457 0.709268 0.379779 0.207712 0.556383 -1.882662 0.534613 2.550579 -1.858410 1.828275 0.080546 -1.268280
1776409998.690946 jaka_arm_left success 0.403091 0.186559 -0.326639 0.709625 0.379333 0.207992 0.556128 -1.882901 0.534377 2.550602 -1.858453 1.828828 0.080406 -1.267741
1776409998.699219 jaka_arm_left success 0.402985 0.186247 -0.326861 0.709608 0.379743 0.208431 0.555705 -1.882901 0.534377 2.550602 -1.858453 1.828828 0.080406 -1.267741
1776409998.707524 jaka_arm_left success 0.403004 0.186067 -0.327110 0.709874 0.379327 0.208672 0.555560 -1.882935 0.533970 2.550669 -1.858135 1.829248 0.080202 -1.267303
1776409998.715903 jaka_arm_left success 0.403040 0.185928 -0.327323 0.710417 0.378685 0.208632 0.555318 -1.882918 0.534293 2.551525 -1.858636 1.830363 0.079456 -1.266260
1776409998.724314 jaka_arm_left success 0.403045 0.185709 -0.327574 0.710448 0.379087 0.208870 0.554914 -1.882455 0.534883 2.551598 -1.856838 1.830346 0.079659 -1.266142
1776409998.732638 jaka_arm_left success 0.403055 0.185561 -0.327820 0.710630 0.379553 0.208305 0.554575 -1.882275 0.535838 2.551973 -1.855760 1.830272 0.079213 -1.266125
1776409998.740848 jaka_arm_left success 0.403154 0.185452 -0.328096 0.710600 0.379861 0.208240 0.554426 -1.882392 0.536981 2.551998 -1.854725 1.830227 0.079088 -1.266055
1776409998.749220 jaka_arm_left success 0.403210 0.185306 -0.328414 0.710203 0.380326 0.207532 0.554883 -1.882274 0.537732 2.551912 -1.854686 1.829559 0.079366 -1.266714
1776409998.757581 jaka_arm_left success 0.403302 0.185392 -0.328687 0.710681 0.380292 0.207813 0.554188 -1.882676 0.538582 2.552382 -1.853355 1.830142 0.078188 -1.266010
1776409998.765901 jaka_arm_left success 0.403403 0.185310 -0.329074 0.710318 0.380558 0.207590 0.554554 -1.882537 0.538796 2.552345 -1.853216 1.829785 0.078308 -1.266354
1776409998.774182 jaka_arm_left success 0.403407 0.185230 -0.329425 0.710365 0.380959 0.206791 0.554517 -1.882241 0.539525 2.552596 -1.852719 1.829205 0.078139 -1.266908
1776409998.782518 jaka_arm_left success 0.403508 0.185232 -0.329785 0.710637 0.380825 0.207048 0.554164 -1.882904 0.540860 2.553076 -1.851058 1.830211 0.077172 -1.265827
1776409998.790941 jaka_arm_left success 0.403527 0.185079 -0.330229 0.710019 0.381313 0.206493 0.554829 -1.882666 0.541537 2.553100 -1.851284 1.829519 0.077417 -1.266532
1776409998.799271 jaka_arm_left success 0.403542 0.185010 -0.330617 0.710110 0.381449 0.207000 0.554429 -1.882700 0.541920 2.552780 -1.850326 1.829521 0.077906 -1.266462
1776409998.807502 jaka_arm_left success 0.403507 0.184752 -0.331092 0.709664 0.382010 0.206452 0.554818 -1.882016 0.543223 2.553092 -1.849338 1.829068 0.078282 -1.266864
1776409998.815860 jaka_arm_left success 0.403529 0.184733 -0.331449 0.710033 0.381840 0.206451 0.554463 -1.881786 0.544780 2.553783 -1.847705 1.830103 0.078153 -1.265770
1776409998.824304 jaka_arm_left success 0.403518 0.184709 -0.331811 0.710208 0.381943 0.206303 0.554224 -1.881786 0.544780 2.553783 -1.847705 1.830103 0.078153 -1.265770
1776409998.832544 jaka_arm_left success 0.403538 0.184796 -0.332189 0.710849 0.381694 0.206562 0.553476 -1.881594 0.544683 2.554280 -1.846550 1.830683 0.077463 -1.265129
1776409998.840954 jaka_arm_left success 0.403496 0.184673 -0.332642 0.710571 0.382346 0.205974 0.553601 -1.881264 0.545675 2.554523 -1.845915 1.830167 0.077453 -1.265613
1776409998.849200 jaka_arm_left success 0.403459 0.184645 -0.333095 0.710320 0.382932 0.205983 0.553516 -1.880789 0.548315 2.554670 -1.842865 1.830285 0.078139 -1.265282
1776409998.857590 jaka_arm_left success 0.403381 0.184611 -0.333487 0.710211 0.383091 0.205282 0.553806 -1.880586 0.548650 2.554921 -1.843111 1.830091 0.078025 -1.265498
1776409998.865943 jaka_arm_left success 0.403336 0.184575 -0.333956 0.709999 0.383201 0.205605 0.553881 -1.880586 0.548650 2.554921 -1.843111 1.830091 0.078025 -1.265498
1776409998.874205 jaka_arm_left success 0.403230 0.184733 -0.334341 0.710536 0.382792 0.204789 0.553778 -1.880289 0.548863 2.555436 -1.843357 1.830143 0.077627 -1.265478
1776409998.882547 jaka_arm_left success 0.402960 0.184610 -0.334835 0.709608 0.383689 0.203700 0.554749 -1.886302 0.552272 2.564409 -1.839315 1.832539 0.081787 -1.270649
1776409998.891004 jaka_arm_left success 0.402856 0.184629 -0.335277 0.709451 0.383516 0.203336 0.555201 -1.904414 0.544246 2.597022 -1.835243 1.844291 0.102937 -1.290875
1776409998.899256 jaka_arm_left success 0.402766 0.184672 -0.335694 0.709433 0.383396 0.203707 0.555172 -1.904627 0.544029 2.596908 -1.835152 1.844649 0.102970 -1.290513
1776409998.907526 jaka_arm_left success 0.402672 0.184658 -0.336098 0.709136 0.383307 0.203637 0.555638 -1.902510 0.546488 2.598033 -1.833603 1.846398 0.106105 -1.289114
1776409998.915891 jaka_arm_left success 0.402452 0.184789 -0.336410 0.709620 0.382945 0.202720 0.555605 -1.930599 0.536245 2.641886 -1.826895 1.865825 0.129298 -1.320533
1776409998.924271 jaka_arm_left success 0.402209 0.184642 -0.336787 0.708986 0.383528 0.202771 0.555994 -1.930521 0.536616 2.641639 -1.826913 1.865275 0.129723 -1.321064
1776409998.932568 jaka_arm_left success 0.402022 0.184742 -0.337129 0.709335 0.382820 0.202952 0.555971 -1.930443 0.536508 2.641915 -1.826867 1.866011 0.129616 -1.320345
1776409998.940898 jaka_arm_left success 0.401780 0.184726 -0.337401 0.709243 0.382851 0.203194 0.555978 -1.927267 0.538650 2.642261 -1.824954 1.867392 0.133833 -1.318719
1776409998.949246 jaka_arm_left success 0.401538 0.184655 -0.337663 0.708946 0.383103 0.203565 0.556049 -1.927267 0.538650 2.642261 -1.824954 1.867392 0.133833 -1.318719
1776409998.957594 jaka_arm_left success 0.401358 0.184667 -0.337882 0.708862 0.383181 0.204121 0.555898 -1.927365 0.538210 2.641962 -1.824433 1.867494 0.134020 -1.318539
1776409998.965932 jaka_arm_left success 0.401179 0.184826 -0.338057 0.709129 0.382794 0.204634 0.555635 -1.923229 0.539073 2.642327 -1.822903 1.869291 0.138325 -1.316125
1776409998.974195 jaka_arm_left success 0.401001 0.184891 -0.338283 0.708441 0.383249 0.205742 0.555789 -1.921093 0.539465 2.641519 -1.821799 1.869672 0.141391 -1.315027
1776409998.982568 jaka_arm_left success 0.400841 0.185104 -0.338411 0.708601 0.383181 0.205809 0.555607 -1.921093 0.539465 2.641519 -1.821799 1.869672 0.141391 -1.315027
1776409998.990910 jaka_arm_left success 0.400772 0.185270 -0.338592 0.708357 0.383162 0.206099 0.555823 -1.917974 0.539332 2.641275 -1.821387 1.870273 0.144385 -1.313642
1776409998.999301 jaka_arm_left success 0.400672 0.185382 -0.338709 0.708086 0.383509 0.205754 0.556058 -1.917803 0.539536 2.641343 -1.821483 1.869988 0.144414 -1.313931
1776409999.015960 jaka_arm_left success 0.400641 0.185458 -0.338854 0.707685 0.383901 0.205373 0.556439 -1.917614 0.539925 2.641342 -1.821667 1.869503 0.144589 -1.314427
1776409999.024251 jaka_arm_left success 0.400583 0.185872 -0.338926 0.707699 0.384500 0.204245 0.556423 -1.917125 0.540155 2.641687 -1.821722 1.868993 0.144393 -1.314947
1776409999.032664 jaka_arm_left success 0.400531 0.186019 -0.338940 0.707592 0.384871 0.203614 0.556533 -1.916743 0.540407 2.641937 -1.821831 1.868506 0.144280 -1.315452
1776409999.040842 jaka_arm_left success 0.400522 0.186273 -0.338948 0.707962 0.384678 0.203235 0.556335 -1.916743 0.540407 2.641937 -1.821831 1.868506 0.144280 -1.315452
1776409999.049270 jaka_arm_left success 0.400531 0.186488 -0.338915 0.708219 0.384626 0.203378 0.555991 -1.916519 0.540190 2.642208 -1.821717 1.868494 0.143946 -1.315465
1776409999.057576 jaka_arm_left success 0.400495 0.186563 -0.338933 0.708000 0.384954 0.203479 0.556007 -1.916519 0.540190 2.642208 -1.821717 1.868494 0.143946 -1.315465
1776409999.065984 jaka_arm_left success 0.400469 0.186665 -0.338966 0.707963 0.385091 0.203501 0.555950 -1.916649 0.539495 2.641863 -1.821680 1.867801 0.143911 -1.316164
1776409999.074229 jaka_arm_left success 0.400351 0.186757 -0.339012 0.707866 0.385585 0.203490 0.555736 -1.916649 0.539495 2.641863 -1.821680 1.867801 0.143911 -1.316164
1776409999.082554 jaka_arm_left success 0.400308 0.186906 -0.339084 0.707910 0.385459 0.203298 0.555836 -1.916504 0.539018 2.641955 -1.821669 1.867486 0.143634 -1.316498
1776409999.090947 jaka_arm_left success 0.400285 0.187020 -0.339155 0.707969 0.385417 0.203244 0.555811 -1.916504 0.539018 2.641955 -1.821669 1.867486 0.143634 -1.316498
1776409999.099233 jaka_arm_left success 0.400240 0.187013 -0.339241 0.707457 0.386041 0.203389 0.555976 -1.916620 0.538683 2.641332 -1.821496 1.866745 0.144177 -1.317200
1776409999.107491 jaka_arm_left success 0.400230 0.187222 -0.339302 0.707674 0.386327 0.203669 0.555399 -1.916372 0.538323 2.641533 -1.821187 1.866722 0.143888 -1.317191
1776409999.115953 jaka_arm_left success 0.400234 0.187308 -0.339333 0.707595 0.386543 0.203133 0.555545 -1.916372 0.538323 2.641533 -1.821187 1.866722 0.143888 -1.317191
1776409999.124269 jaka_arm_left success 0.400295 0.187408 -0.339335 0.707495 0.386520 0.202592 0.555886 -1.916117 0.538280 2.641953 -1.822161 1.866030 0.143452 -1.318078
1776409999.132619 jaka_arm_left success 0.400310 0.187483 -0.339321 0.707534 0.386562 0.202038 0.556009 -1.918390 0.534193 2.641753 -1.826107 1.864621 0.141416 -1.320698
1776409999.140909 jaka_arm_left success 0.400270 0.187498 -0.339293 0.707290 0.386963 0.201681 0.556171 -1.918197 0.534344 2.641740 -1.826011 1.864165 0.141594 -1.321181
1776409999.149214 jaka_arm_left success 0.400299 0.187519 -0.339265 0.707192 0.386774 0.201271 0.556574 -1.924084 0.529967 2.651410 -1.826569 1.869680 0.147556 -1.330424
1776409999.157619 jaka_arm_left success 0.400325 0.187573 -0.339172 0.707490 0.386439 0.201196 0.556456 -1.927544 0.531776 2.654295 -1.824200 1.871781 0.147081 -1.332199
1776409999.165926 jaka_arm_left success 0.400305 0.187614 -0.339037 0.707857 0.386359 0.201230 0.556032 -1.927544 0.531776 2.654295 -1.824200 1.871781 0.147081 -1.332199
1776409999.174186 jaka_arm_left success 0.400296 0.187557 -0.338978 0.707758 0.386225 0.201673 0.556090 -1.927544 0.531776 2.654295 -1.824200 1.871781 0.147081 -1.332199
1776409999.182541 jaka_arm_left success 0.400280 0.187436 -0.338912 0.707463 0.386098 0.201972 0.556445 -1.927795 0.531628 2.654070 -1.824129 1.871999 0.147240 -1.331971
1776409999.190970 jaka_arm_left success 0.400287 0.187252 -0.338859 0.706690 0.386073 0.202318 0.557319 -1.925886 0.532820 2.654252 -1.823618 1.872968 0.150909 -1.331323
1776409999.199258 jaka_arm_left success 0.400269 0.187313 -0.338739 0.707127 0.385215 0.202628 0.557245 -1.926235 0.532602 2.654109 -1.823649 1.873487 0.150946 -1.330821
1776409999.207666 jaka_arm_left success 0.400241 0.187248 -0.338680 0.706493 0.384451 0.202411 0.558654 -1.940757 0.527085 2.680321 -1.820162 1.891749 0.168937 -1.353136
1776409999.215881 jaka_arm_left success 0.400192 0.187389 -0.338562 0.706787 0.383255 0.202420 0.559101 -1.947038 0.528891 2.688902 -1.815810 1.898593 0.173468 -1.359742
1776409999.224262 jaka_arm_left success 0.400215 0.187330 -0.338559 0.705609 0.382692 0.202675 0.560879 -1.953402 0.522700 2.701617 -1.816858 1.908249 0.186041 -1.373367
1776409999.232686 jaka_arm_left success 0.400338 0.187229 -0.338603 0.704248 0.381247 0.201795 0.563883 -1.983311 0.520256 2.749575 -1.800625 1.944430 0.218357 -1.419354
1776409999.240885 jaka_arm_left success 0.400355 0.187308 -0.338544 0.703856 0.380086 0.201314 0.565326 -1.986314 0.519053 2.757445 -1.800055 1.951391 0.226032 -1.426769
1776409999.249181 jaka_arm_left success 0.400445 0.187218 -0.338532 0.702755 0.379658 0.201016 0.567086 -1.996383 0.518773 2.773457 -1.792901 1.965355 0.239080 -1.444123
1776409999.257561 jaka_arm_left success 0.400479 0.187112 -0.338502 0.701576 0.378864 0.200149 0.569380 -2.010665 0.515709 2.796751 -1.786099 1.985091 0.256899 -1.470830
1776409999.265931 jaka_arm_left success 0.400492 0.186972 -0.338469 0.700565 0.378155 0.200428 0.570996 -2.010210 0.518407 2.796830 -1.785835 1.986177 0.259572 -1.470281
1776409999.274243 jaka_arm_left success 0.400525 0.187096 -0.338378 0.701011 0.376308 0.200774 0.571547 -2.014378 0.517957 2.805251 -1.782392 1.995588 0.267638 -1.477467
1776409999.282581 jaka_arm_left success 0.400440 0.186744 -0.338348 0.699612 0.375621 0.200556 0.573786 -2.023555 0.516581 2.822098 -1.774930 2.011659 0.283708 -1.496882
1776409999.290966 jaka_arm_left success 0.400325 0.186390 -0.338301 0.698566 0.374993 0.202021 0.574956 -2.022064 0.519270 2.821492 -1.773083 2.012495 0.287341 -1.495387
1776409999.299374 jaka_arm_left success 0.400160 0.186180 -0.338155 0.698559 0.373742 0.203820 0.575143 -2.022315 0.519167 2.820668 -1.772240 2.013920 0.288792 -1.493515
1776409999.307514 jaka_arm_left success 0.399965 0.186071 -0.338015 0.698697 0.372204 0.205579 0.575346 -2.017405 0.521074 2.820400 -1.769269 2.016669 0.295042 -1.488571
1776409999.315904 jaka_arm_left success 0.399553 0.185484 -0.337830 0.697087 0.372509 0.207967 0.576243 -2.000731 0.523613 2.804490 -1.773995 2.003799 0.296084 -1.467604
1776409999.324379 jaka_arm_left success 0.399441 0.185289 -0.337673 0.697218 0.370452 0.210921 0.576337 -1.995982 0.526632 2.799795 -1.772506 2.003540 0.298114 -1.457627
1776409999.332575 jaka_arm_left success 0.399160 0.184978 -0.337450 0.697158 0.369500 0.213976 0.575895 -1.979280 0.529311 2.780558 -1.779714 1.988734 0.292390 -1.429759
1776409999.340900 jaka_arm_left success 0.399014 0.184691 -0.337218 0.697605 0.367871 0.216568 0.575427 -1.975079 0.531777 2.775235 -1.778616 1.986512 0.291602 -1.420229
1776409999.349189 jaka_arm_left success 0.398703 0.184415 -0.336956 0.697797 0.367229 0.219764 0.574392 -1.955914 0.534386 2.752725 -1.787615 1.968430 0.283277 -1.387950
1776409999.357587 jaka_arm_left success 0.398425 0.184033 -0.336772 0.697782 0.366168 0.221035 0.574599 -1.956433 0.534069 2.752304 -1.787418 1.968917 0.283488 -1.387390
1776409999.365964 jaka_arm_left success 0.398099 0.183728 -0.336620 0.697700 0.365887 0.223759 0.573824 -1.934633 0.539013 2.727251 -1.795529 1.948232 0.274924 -1.351470
1776409999.374251 jaka_arm_left success 0.397935 0.183858 -0.336369 0.699678 0.362751 0.225352 0.572782 -1.935951 0.537760 2.727868 -1.795503 1.951633 0.273417 -1.348328
1776409999.382518 jaka_arm_left success 0.397697 0.183591 -0.336281 0.699485 0.361782 0.226654 0.573116 -1.936780 0.537969 2.727664 -1.796032 1.953034 0.273662 -1.347077
1776409999.390950 jaka_arm_left success 0.397444 0.183676 -0.336105 0.700524 0.360364 0.228145 0.572148 -1.937464 0.537186 2.727537 -1.795621 1.955062 0.273513 -1.344915
1776409999.399301 jaka_arm_left success 0.397249 0.183653 -0.335988 0.701136 0.358603 0.228477 0.572373 -1.937710 0.537277 2.728133 -1.796288 1.956609 0.273075 -1.343636
1776409999.407533 jaka_arm_left success 0.396960 0.183641 -0.335877 0.701344 0.358237 0.228992 0.572142 -1.937945 0.537090 2.727956 -1.796196 1.956924 0.273174 -1.343292
1776409999.415923 jaka_arm_left success 0.396725 0.183830 -0.335733 0.702049 0.357415 0.230078 0.571355 -1.934841 0.536429 2.728017 -1.795589 1.958810 0.275678 -1.339848
1776409999.424284 jaka_arm_left success 0.396533 0.183659 -0.335680 0.701192 0.357433 0.230311 0.572301 -1.935190 0.536884 2.727550 -1.795986 1.958656 0.276294 -1.340028
1776409999.432717 jaka_arm_left success 0.396365 0.183873 -0.335534 0.701586 0.356923 0.231163 0.571792 -1.932538 0.536519 2.727142 -1.795616 1.959346 0.278834 -1.337863
1776409999.440925 jaka_arm_left success 0.396215 0.184019 -0.335394 0.701788 0.356755 0.231565 0.571487 -1.930338 0.535262 2.726042 -1.796638 1.958817 0.279696 -1.335793
1776409999.449200 jaka_arm_left success 0.396001 0.184164 -0.335253 0.701926 0.356918 0.231914 0.571074 -1.926380 0.533429 2.720176 -1.800904 1.952992 0.276000 -1.329307
1776409999.457722 jaka_arm_left success 0.395791 0.184286 -0.335117 0.701815 0.357109 0.232983 0.570656 -1.920781 0.536613 2.714620 -1.800479 1.949152 0.275650 -1.320243
1776409999.465917 jaka_arm_left success 0.395514 0.184432 -0.334981 0.701595 0.357424 0.233450 0.570538 -1.914174 0.534745 2.707134 -1.804938 1.941690 0.273359 -1.311949
1776409999.474195 jaka_arm_left success 0.395332 0.184669 -0.334845 0.701583 0.357278 0.233961 0.570435 -1.913981 0.535288 2.706642 -1.804556 1.941806 0.273109 -1.310609
1776409999.482522 jaka_arm_left success 0.395165 0.185040 -0.334644 0.701938 0.356775 0.234811 0.569964 -1.911144 0.533749 2.704563 -1.806034 1.940854 0.273600 -1.306872
1776409999.490914 jaka_arm_left success 0.394813 0.185527 -0.334383 0.702609 0.356616 0.235396 0.568995 -1.906384 0.532705 2.694096 -1.812075 1.930760 0.265185 -1.294969
1776409999.499299 jaka_arm_left success 0.394431 0.185658 -0.334276 0.701475 0.356720 0.235836 0.570144 -1.906243 0.533379 2.693455 -1.812130 1.930018 0.266396 -1.295575
1776409999.507504 jaka_arm_left success 0.394150 0.186048 -0.334079 0.701431 0.355775 0.235794 0.570807 -1.904539 0.533618 2.693837 -1.812700 1.931789 0.269287 -1.294139
1776409999.515880 jaka_arm_left success 0.393739 0.186757 -0.333804 0.702248 0.354778 0.236538 0.570115 -1.903210 0.531725 2.694736 -1.813673 1.933812 0.270352 -1.292692
1776409999.524309 jaka_arm_left success 0.393347 0.187435 -0.333515 0.702642 0.353122 0.236422 0.570705 -1.906749 0.526602 2.707155 -1.811945 1.947761 0.282233 -1.305519
1776409999.532619 jaka_arm_left success 0.392930 0.188007 -0.333195 0.702633 0.351506 0.236813 0.571551 -1.910985 0.521562 2.714202 -1.812629 1.956233 0.289624 -1.315261
1776409999.540962 jaka_arm_left success 0.392491 0.188504 -0.332902 0.701917 0.349914 0.237087 0.573291 -1.922062 0.516248 2.733192 -1.805909 1.977341 0.306397 -1.340080
1776409999.549202 jaka_arm_left success 0.392170 0.189219 -0.332549 0.701933 0.347746 0.238783 0.573886 -1.921726 0.517243 2.733852 -1.805464 1.981143 0.309210 -1.337471
1776409999.557595 jaka_arm_left success 0.391602 0.189666 -0.332159 0.701233 0.347405 0.239447 0.574671 -1.920976 0.517021 2.733585 -1.805721 1.981725 0.311940 -1.337486
1776409999.565948 jaka_arm_left success 0.390974 0.190253 -0.331678 0.700866 0.347391 0.241370 0.574323 -1.917710 0.514716 2.733087 -1.804792 1.982813 0.316970 -1.335967
1776409999.574328 jaka_arm_left success 0.390575 0.190781 -0.331225 0.699947 0.347268 0.243833 0.574477 -1.910818 0.513439 2.731802 -1.803406 1.984188 0.326927 -1.332312
1776409999.582565 jaka_arm_left success 0.390041 0.191252 -0.330725 0.699409 0.347479 0.244972 0.574521 -1.907954 0.511431 2.730502 -1.804258 1.983595 0.330461 -1.330970
1776409999.590941 jaka_arm_left success 0.389561 0.191816 -0.330186 0.699302 0.347587 0.247922 0.573318 -1.890359 0.509126 2.711392 -1.816031 1.964416 0.324797 -1.302005
1776409999.599512 jaka_arm_left success 0.389101 0.192173 -0.329702 0.698702 0.347606 0.249057 0.573547 -1.889162 0.510203 2.710272 -1.814381 1.964173 0.327075 -1.300599
1776409999.607565 jaka_arm_left success 0.388690 0.192688 -0.329160 0.698447 0.347527 0.251927 0.572651 -1.873284 0.509599 2.694191 -1.822132 1.947643 0.324705 -1.275751
1776409999.615990 jaka_arm_left success 0.388219 0.193298 -0.328567 0.698784 0.347484 0.254774 0.571005 -1.858144 0.510444 2.676863 -1.830503 1.929690 0.318253 -1.247111
1776409999.624241 jaka_arm_left success 0.387662 0.193771 -0.328046 0.698464 0.348002 0.256129 0.570474 -1.855318 0.510449 2.674721 -1.828796 1.927991 0.320492 -1.244182
1776409999.632707 jaka_arm_left success 0.387229 0.194337 -0.327477 0.698586 0.348050 0.259316 0.568853 -1.835687 0.509401 2.649703 -1.842759 1.899534 0.310076 -1.206045
1776409999.640905 jaka_arm_left success 0.386789 0.194850 -0.326996 0.698487 0.348053 0.261882 0.567796 -1.830784 0.511395 2.646482 -1.840600 1.897964 0.313042 -1.198226
1776409999.649227 jaka_arm_left success 0.386325 0.195457 -0.326376 0.698751 0.348312 0.264127 0.566271 -1.811910 0.511829 2.619942 -1.855213 1.865053 0.298807 -1.157003
1776409999.657583 jaka_arm_left success 0.385889 0.196023 -0.325837 0.698785 0.348456 0.267048 0.564769 -1.800170 0.511174 2.610022 -1.858291 1.854403 0.300609 -1.139085
1776409999.665936 jaka_arm_left success 0.385423 0.196648 -0.325240 0.699273 0.348177 0.268741 0.563531 -1.791307 0.512866 2.599078 -1.863586 1.840828 0.295479 -1.118508
1776409999.674247 jaka_arm_left success 0.384945 0.197151 -0.324697 0.699289 0.347969 0.270318 0.562886 -1.788426 0.509978 2.596775 -1.864452 1.839329 0.297706 -1.115396
1776409999.690986 jaka_arm_left success 0.383910 0.198218 -0.323594 0.699471 0.347383 0.273017 0.561718 -1.776517 0.505388 2.582081 -1.875701 1.820913 0.293800 -1.091257
1776409999.699317 jaka_arm_left success 0.383353 0.198890 -0.323041 0.699949 0.346839 0.273664 0.561143 -1.774949 0.505208 2.582006 -1.874868 1.821474 0.294840 -1.089241
1776409999.707519 jaka_arm_left success 0.382808 0.199557 -0.322511 0.700227 0.346212 0.275009 0.560526 -1.770888 0.501990 2.580794 -1.876971 1.821535 0.298435 -1.085959
1776409999.715895 jaka_arm_left success 0.382222 0.200313 -0.321960 0.700483 0.346208 0.275777 0.559831 -1.766236 0.498330 2.576922 -1.881293 1.816693 0.299138 -1.079646
1776409999.724266 jaka_arm_left success 0.381706 0.201051 -0.321443 0.701164 0.345232 0.276123 0.559411 -1.766566 0.497470 2.577096 -1.881700 1.817715 0.298413 -1.078614
1776409999.732606 jaka_arm_left success 0.381227 0.201642 -0.320953 0.700565 0.345115 0.276757 0.559920 -1.766561 0.497008 2.576356 -1.882112 1.817314 0.299376 -1.078794
1776409999.740883 jaka_arm_left success 0.380669 0.202523 -0.320358 0.701592 0.344484 0.276460 0.559169 -1.765934 0.492205 2.576272 -1.885240 1.817236 0.298562 -1.078991
1776409999.749210 jaka_arm_left success 0.380039 0.203043 -0.319936 0.700337 0.345595 0.277394 0.559594 -1.759362 0.487194 2.574845 -1.889269 1.815987 0.305960 -1.078246
1776409999.757567 jaka_arm_left success 0.379454 0.204009 -0.319344 0.701137 0.345380 0.278008 0.558419 -1.755326 0.482086 2.572033 -1.893338 1.812052 0.306603 -1.073857
1776409999.765944 jaka_arm_left success 0.378926 0.204741 -0.318871 0.700930 0.345485 0.278465 0.558386 -1.755438 0.481968 2.571800 -1.893214 1.812005 0.306796 -1.073824
1776409999.774229 jaka_arm_left success 0.378254 0.205598 -0.318319 0.700670 0.346484 0.279615 0.557518 -1.740960 0.480588 2.559833 -1.902141 1.792098 0.306714 -1.048924
1776409999.782661 jaka_arm_left success 0.377647 0.206354 -0.317817 0.700323 0.347104 0.280855 0.556944 -1.738683 0.476091 2.557551 -1.904286 1.789276 0.308735 -1.048053
1776409999.791023 jaka_arm_left success 0.376969 0.207249 -0.317247 0.700899 0.347227 0.281107 0.556015 -1.734345 0.471165 2.555096 -1.908280 1.784879 0.309617 -1.043849
1776409999.799238 jaka_arm_left success 0.376335 0.208145 -0.316751 0.700764 0.347579 0.282571 0.555223 -1.729133 0.468403 2.551853 -1.911133 1.780306 0.312136 -1.036810
1776409999.807557 jaka_arm_left success 0.375615 0.209124 -0.316215 0.701118 0.347942 0.284267 0.553680 -1.715545 0.468018 2.535725 -1.922329 1.749490 0.305445 -1.000023
1776409999.815897 jaka_arm_left success 0.374918 0.210194 -0.315698 0.701746 0.347828 0.285797 0.552167 -1.712135 0.464004 2.534012 -1.922982 1.748044 0.308715 -0.997256
1776409999.824284 jaka_arm_left success 0.374152 0.211106 -0.315211 0.701947 0.348135 0.286221 0.551498 -1.707663 0.459438 2.532020 -1.926994 1.744011 0.310655 -0.993272
1776409999.832551 jaka_arm_left success 0.373352 0.212356 -0.314638 0.703202 0.347558 0.288204 0.549226 -1.696328 0.457656 2.520799 -1.934785 1.720246 0.308042 -0.962005
1776409999.840923 jaka_arm_left success 0.372625 0.213419 -0.314133 0.703473 0.347262 0.289250 0.548515 -1.696682 0.456474 2.520224 -1.934424 1.720556 0.308210 -0.961426
1776409999.849207 jaka_arm_left success 0.371746 0.214234 -0.313761 0.702884 0.348226 0.289645 0.548451 -1.693272 0.451619 2.519192 -1.937605 1.718609 0.311483 -0.962028
1776409999.857548 jaka_arm_left success 0.370919 0.215436 -0.313291 0.703544 0.347892 0.290420 0.547406 -1.690248 0.446556 2.518597 -1.940701 1.718200 0.313891 -0.961121
1776409999.865913 jaka_arm_left success 0.370190 0.216689 -0.312813 0.704090 0.347200 0.291263 0.546695 -1.687656 0.441952 2.518025 -1.943168 1.718271 0.316256 -0.960095
1776409999.874381 jaka_arm_left success 0.369483 0.217757 -0.312465 0.703644 0.347461 0.292316 0.546542 -1.682591 0.438240 2.517342 -1.945955 1.718524 0.322550 -0.958492
1776409999.882750 jaka_arm_left success 0.368683 0.218966 -0.312110 0.703489 0.347788 0.293442 0.545930 -1.679235 0.434737 2.516647 -1.946632 1.717912 0.326306 -0.957654
1776409999.890995 jaka_arm_left success 0.367845 0.220474 -0.311623 0.704438 0.347627 0.293904 0.544558 -1.676377 0.428073 2.515995 -1.950040 1.716881 0.328041 -0.957628
1776409999.899286 jaka_arm_left success 0.367054 0.221687 -0.311254 0.704098 0.348280 0.294138 0.544454 -1.671784 0.422960 2.515132 -1.953489 1.715536 0.333284 -0.957871
1776409999.907487 jaka_arm_left success 0.366220 0.223072 -0.310913 0.703662 0.349127 0.294484 0.544288 -1.669553 0.420464 2.514566 -1.954102 1.714699 0.336106 -0.958138
1776409999.915884 jaka_arm_left success 0.365444 0.224649 -0.310505 0.704375 0.348972 0.294706 0.543345 -1.665923 0.412428 2.514086 -1.958864 1.714119 0.339046 -0.959200
1776409999.924334 jaka_arm_left success 0.364611 0.226088 -0.310173 0.704197 0.349538 0.294475 0.543336 -1.663070 0.408729 2.514297 -1.961492 1.713998 0.341699 -0.960455
1776409999.932595 jaka_arm_left success 0.363844 0.227653 -0.309867 0.704131 0.349155 0.295003 0.543382 -1.658255 0.401055 2.518145 -1.962503 1.727785 0.353373 -0.973267
1776409999.940928 jaka_arm_left success 0.362993 0.229227 -0.309602 0.704268 0.348760 0.294587 0.543684 -1.659873 0.393623 2.524774 -1.959731 1.747639 0.360315 -0.997718
1776409999.949223 jaka_arm_left success 0.362153 0.230848 -0.309320 0.704556 0.348482 0.294551 0.543508 -1.658272 0.386576 2.527626 -1.960783 1.756257 0.365829 -1.007633
1776409999.957567 jaka_arm_left success 0.361260 0.232383 -0.309147 0.704126 0.348268 0.294856 0.544037 -1.658849 0.381238 2.535309 -1.955771 1.778171 0.376280 -1.031117
1776409999.965951 jaka_arm_left success 0.360403 0.234080 -0.308925 0.704680 0.347574 0.295047 0.543660 -1.659282 0.375739 2.534962 -1.958196 1.779059 0.376487 -1.033810
1776409999.974216 jaka_arm_left success 0.359515 0.235754 -0.308761 0.704942 0.346967 0.295107 0.543675 -1.658003 0.367849 2.544572 -1.952436 1.804587 0.390667 -1.059766
1776409999.982594 jaka_arm_left success 0.358535 0.237421 -0.308596 0.704951 0.347357 0.295272 0.543325 -1.657943 0.364614 2.544279 -1.953534 1.804177 0.390983 -1.061695
1776409999.999375 jaka_arm_left success 0.356772 0.240960 -0.308317 0.705587 0.347044 0.295551 0.542546 -1.658128 0.348242 2.556174 -1.947392 1.836142 0.407942 -1.099593
1776410000.007528 jaka_arm_left success 0.355851 0.242693 -0.308248 0.705506 0.347058 0.295826 0.542493 -1.655791 0.344041 2.556285 -1.949133 1.837572 0.412366 -1.100574
1776410000.015871 jaka_arm_left success 0.354861 0.244452 -0.308137 0.705668 0.347601 0.295618 0.542049 -1.651013 0.336314 2.558085 -1.951311 1.839916 0.419567 -1.106030
1776410000.024517 jaka_arm_left success 0.353990 0.246171 -0.308202 0.705138 0.347879 0.295960 0.542373 -1.648448 0.328558 2.563891 -1.948044 1.854678 0.432202 -1.122940
1776410000.032580 jaka_arm_left success 0.353041 0.247872 -0.308242 0.704758 0.347941 0.295870 0.542877 -1.649041 0.323129 2.571716 -1.942191 1.874061 0.443297 -1.145320
1776410000.040915 jaka_arm_left success 0.352093 0.249739 -0.308294 0.704824 0.348036 0.295760 0.542789 -1.647833 0.319429 2.575017 -1.939971 1.881856 0.449733 -1.154055
1776410000.049227 jaka_arm_left success 0.351110 0.251521 -0.308471 0.704452 0.347866 0.295898 0.543305 -1.649632 0.313729 2.582043 -1.933549 1.900167 0.459278 -1.175542
1776410000.057592 jaka_arm_left success 0.350018 0.253349 -0.308602 0.704541 0.348019 0.295850 0.543119 -1.646143 0.310428 2.583439 -1.933030 1.902361 0.465057 -1.177241
1776410000.065962 jaka_arm_left success 0.349154 0.255065 -0.308849 0.704333 0.347058 0.296193 0.543815 -1.644428 0.301989 2.591585 -1.927753 1.923026 0.480389 -1.198297
1776410000.074224 jaka_arm_left success 0.348279 0.256968 -0.308993 0.704984 0.345709 0.296319 0.543762 -1.645504 0.298523 2.599336 -1.918573 1.942888 0.491363 -1.217683
1776410000.082540 jaka_arm_left success 0.347191 0.258760 -0.309279 0.704890 0.345435 0.296465 0.543979 -1.645068 0.293101 2.601684 -1.918030 1.948757 0.496563 -1.225815
1776410000.090987 jaka_arm_left success 0.346185 0.260522 -0.309578 0.704886 0.345015 0.295832 0.544595 -1.647837 0.287968 2.610488 -1.908244 1.970988 0.507945 -1.251671
1776410000.099450 jaka_arm_left success 0.345234 0.262359 -0.309864 0.705370 0.344405 0.296301 0.544099 -1.646522 0.286517 2.611219 -1.907057 1.972861 0.510594 -1.251826
1776410000.107509 jaka_arm_left success 0.344309 0.264214 -0.310152 0.705931 0.343833 0.296261 0.543755 -1.643932 0.280935 2.618225 -1.899380 1.989101 0.524562 -1.267161
1776410000.124288 jaka_arm_left success 0.342417 0.267691 -0.310955 0.705870 0.343791 0.296629 0.543660 -1.641445 0.272840 2.625340 -1.890866 2.005144 0.539712 -1.286192
1776410000.132681 jaka_arm_left success 0.341340 0.269447 -0.311453 0.705603 0.344729 0.296983 0.543220 -1.637726 0.268487 2.626402 -1.890042 2.005583 0.546561 -1.288352
1776410000.140902 jaka_arm_left success 0.340533 0.271257 -0.311953 0.705890 0.343756 0.296845 0.543539 -1.636050 0.263361 2.632270 -1.883005 2.019794 0.558960 -1.302774
1776410000.149391 jaka_arm_left success 0.339608 0.272965 -0.312519 0.705759 0.343889 0.297188 0.543437 -1.633970 0.262246 2.635435 -1.878050 2.026463 0.566602 -1.308639
1776410000.157683 jaka_arm_left success 0.338536 0.274472 -0.313244 0.704551 0.345154 0.296924 0.544346 -1.630279 0.260854 2.638495 -1.873821 2.030619 0.576706 -1.315525
1776410000.165920 jaka_arm_left success 0.337688 0.276291 -0.313873 0.705111 0.344201 0.297318 0.544009 -1.630023 0.257167 2.643049 -1.867108 2.042419 0.584201 -1.326582
1776410000.174252 jaka_arm_left success 0.336701 0.277862 -0.314620 0.704518 0.344550 0.297551 0.544429 -1.626765 0.256391 2.645868 -1.861461 2.047875 0.594736 -1.332075
1776410000.182564 jaka_arm_left success 0.335790 0.279594 -0.315461 0.704267 0.344158 0.298349 0.544566 -1.624180 0.252996 2.650638 -1.853354 2.058575 0.607682 -1.344008
1776410000.191000 jaka_arm_left success 0.334933 0.281115 -0.316275 0.703841 0.343995 0.298310 0.545240 -1.623342 0.253883 2.654535 -1.844813 2.068061 0.616288 -1.353001
1776410000.199326 jaka_arm_left success 0.333865 0.282785 -0.317131 0.703835 0.344550 0.298408 0.544843 -1.622874 0.253385 2.654709 -1.843872 2.067741 0.616743 -1.353364
1776410000.215883 jaka_arm_left success 0.332180 0.285884 -0.319105 0.702412 0.344769 0.300245 0.545531 -1.612685 0.250887 2.661467 -1.829962 2.079672 0.643349 -1.362263
1776410000.224366 jaka_arm_left success 0.331279 0.287171 -0.320224 0.700715 0.345786 0.300896 0.546710 -1.608519 0.254041 2.664927 -1.819539 2.085482 0.657175 -1.368811
1776410000.232605 jaka_arm_left success 0.330388 0.288877 -0.321193 0.701086 0.345656 0.301284 0.546102 -1.606177 0.253881 2.667421 -1.814011 2.090070 0.663199 -1.371874
1776410000.240942 jaka_arm_left success 0.329663 0.290239 -0.322301 0.700205 0.345711 0.301371 0.547149 -1.604637 0.253923 2.671265 -1.804526 2.099611 0.675213 -1.382575
1776410000.249368 jaka_arm_left success 0.328771 0.291696 -0.323474 0.699622 0.346066 0.301145 0.547795 -1.602956 0.255087 2.675205 -1.795553 2.107409 0.684209 -1.391893
1776410000.257565 jaka_arm_left success 0.327868 0.293208 -0.324579 0.699411 0.347071 0.300887 0.547570 -1.602580 0.255060 2.675212 -1.794733 2.106137 0.684387 -1.392682
1776410000.265993 jaka_arm_left success 0.327014 0.294611 -0.325806 0.698549 0.347701 0.300582 0.548437 -1.598351 0.253167 2.680992 -1.783306 2.117257 0.700759 -1.405954
1776410000.274302 jaka_arm_left success 0.326154 0.295793 -0.327136 0.696686 0.348915 0.300372 0.550148 -1.596026 0.258530 2.684573 -1.771302 2.124222 0.713132 -1.414629
1776410000.282605 jaka_arm_left success 0.325402 0.297246 -0.328438 0.696382 0.348466 0.299976 0.551033 -1.595976 0.259696 2.689097 -1.760659 2.136017 0.723208 -1.426909
1776410000.290950 jaka_arm_left success 0.324566 0.298564 -0.329808 0.695460 0.348938 0.299856 0.551964 -1.594292 0.262370 2.691989 -1.751288 2.141688 0.732323 -1.434028
1776410000.299455 jaka_arm_left success 0.323675 0.299880 -0.331207 0.694442 0.349944 0.300159 0.552443 -1.591523 0.265215 2.693404 -1.744907 2.143002 0.739688 -1.435907
1776410000.307528 jaka_arm_left success 0.322884 0.301077 -0.332639 0.693542 0.350178 0.300349 0.553322 -1.589043 0.266334 2.697117 -1.734872 2.150831 0.751633 -1.444354
1776410000.315942 jaka_arm_left success 0.322137 0.302172 -0.334144 0.692218 0.350957 0.300722 0.554283 -1.586947 0.271140 2.699160 -1.725465 2.154410 0.760958 -1.448971
1776410000.324259 jaka_arm_left success 0.321242 0.303222 -0.335639 0.691065 0.352402 0.301241 0.554524 -1.584374 0.274156 2.699861 -1.720639 2.153108 0.765203 -1.449045
1776410000.332607 jaka_arm_left success 0.320408 0.304221 -0.337240 0.689494 0.353605 0.302393 0.555085 -1.579201 0.280306 2.701175 -1.712971 2.152794 0.774701 -1.446665
1776410000.340938 jaka_arm_left success 0.319606 0.305228 -0.338829 0.688254 0.353991 0.303309 0.555878 -1.573769 0.282912 2.703910 -1.702665 2.156603 0.788812 -1.449816
1776410000.349243 jaka_arm_left success 0.318773 0.305914 -0.340612 0.685482 0.355601 0.304142 0.557817 -1.569806 0.291067 2.705379 -1.692974 2.157546 0.799998 -1.451261
1776410000.357605 jaka_arm_left success 0.317944 0.307015 -0.342278 0.684798 0.355965 0.304997 0.557959 -1.566581 0.293837 2.708181 -1.682069 2.162655 0.811114 -1.456354
1776410000.365966 jaka_arm_left success 0.317324 0.307806 -0.344015 0.683630 0.355438 0.304563 0.559960 -1.567886 0.299861 2.712288 -1.666966 2.174891 0.822910 -1.468746
1776410000.374203 jaka_arm_left success 0.316616 0.308638 -0.345771 0.682173 0.356551 0.304498 0.561063 -1.565719 0.305702 2.713879 -1.658805 2.176380 0.829750 -1.471589
1776410000.382556 jaka_arm_left success 0.315978 0.309271 -0.347510 0.681232 0.357151 0.303068 0.562597 -1.565242 0.309204 2.718407 -1.646061 2.185953 0.841146 -1.484581
1776410000.390984 jaka_arm_left success 0.315447 0.309937 -0.349275 0.680287 0.358354 0.302966 0.563031 -1.565274 0.314864 2.719367 -1.639866 2.186755 0.842618 -1.486602
1776410000.399255 jaka_arm_left success 0.314866 0.310470 -0.350998 0.679569 0.359506 0.302463 0.563434 -1.563342 0.318539 2.721540 -1.631922 2.189466 0.849166 -1.491093
1776410000.407512 jaka_arm_left success 0.314292 0.311094 -0.352663 0.680139 0.360135 0.301634 0.562789 -1.565586 0.318697 2.723496 -1.626462 2.193310 0.848765 -1.498480
1776410000.415931 jaka_arm_left success 0.313616 0.311172 -0.354498 0.678442 0.362275 0.300925 0.563842 -1.562414 0.325693 2.724595 -1.621405 2.192163 0.853449 -1.498073
1776410000.424385 jaka_arm_left success 0.313019 0.311559 -0.356203 0.678747 0.362918 0.300617 0.563226 -1.560550 0.328536 2.726305 -1.615513 2.193826 0.856626 -1.499306
1776410000.432576 jaka_arm_left success 0.312326 0.311805 -0.357875 0.679020 0.363727 0.300001 0.562702 -1.559717 0.328570 2.727018 -1.614724 2.193377 0.856048 -1.499840
1776410000.440860 jaka_arm_left success 0.311593 0.311959 -0.359638 0.678646 0.365015 0.300297 0.562162 -1.557371 0.333653 2.727714 -1.609212 2.192425 0.858308 -1.498140
1776410000.449258 jaka_arm_left success 0.310969 0.311936 -0.361403 0.678031 0.365459 0.300392 0.562564 -1.555273 0.338345 2.728523 -1.605001 2.192150 0.861379 -1.497554
1776410000.457601 jaka_arm_left success 0.310219 0.312153 -0.362999 0.678992 0.365485 0.300642 0.561253 -1.553317 0.341627 2.729797 -1.599274 2.194152 0.863594 -1.495262
1776410000.465950 jaka_arm_left success 0.309461 0.312244 -0.364726 0.679311 0.365353 0.300864 0.560834 -1.551824 0.344526 2.730750 -1.594909 2.195545 0.865779 -1.494029
1776410000.474228 jaka_arm_left success 0.308657 0.311984 -0.366546 0.678681 0.365911 0.300303 0.561533 -1.549726 0.350507 2.733178 -1.586335 2.199093 0.872117 -1.496559
1776410000.482544 jaka_arm_left success 0.307876 0.312090 -0.368139 0.679419 0.365638 0.301161 0.560358 -1.548892 0.352457 2.733481 -1.582906 2.199490 0.872559 -1.494693
1776410000.490934 jaka_arm_left success 0.307140 0.312059 -0.369788 0.679902 0.365028 0.301692 0.559884 -1.547349 0.356153 2.734193 -1.578699 2.200997 0.874277 -1.491540
1776410000.499298 jaka_arm_left success 0.306281 0.311986 -0.371463 0.680236 0.364934 0.302324 0.559199 -1.544874 0.360631 2.734754 -1.573662 2.201062 0.876718 -1.488238
1776410000.507532 jaka_arm_left success 0.305420 0.311342 -0.373283 0.678746 0.365749 0.301454 0.560943 -1.542147 0.367792 2.737579 -1.564219 2.205585 0.886495 -1.492228
1776410000.515870 jaka_arm_left success 0.304555 0.311229 -0.374887 0.679430 0.365461 0.302101 0.559954 -1.541520 0.367669 2.737989 -1.562648 2.205581 0.885709 -1.491404
1776410000.524312 jaka_arm_left success 0.303805 0.310874 -0.376534 0.679539 0.364729 0.302124 0.560286 -1.539950 0.375134 2.738864 -1.557563 2.207693 0.888222 -1.487348
1776410000.532559 jaka_arm_left success 0.302941 0.310575 -0.378152 0.679989 0.364538 0.302641 0.559584 -1.538201 0.378626 2.739527 -1.553191 2.208612 0.889874 -1.484555
1776410000.540840 jaka_arm_left success 0.302075 0.310182 -0.379787 0.680193 0.363983 0.303286 0.559349 -1.535322 0.384813 2.740583 -1.547466 2.210209 0.893188 -1.480227
1776410000.549191 jaka_arm_left success 0.301253 0.309879 -0.381385 0.681185 0.362863 0.303995 0.558484 -1.534187 0.387290 2.741089 -1.543477 2.211897 0.894777 -1.477452
1776410000.557605 jaka_arm_left success 0.300385 0.309190 -0.383001 0.681106 0.363138 0.304542 0.558103 -1.531664 0.393159 2.741297 -1.538372 2.211512 0.896877 -1.473049
1776410000.565947 jaka_arm_left success 0.299571 0.308772 -0.384492 0.682263 0.362449 0.305611 0.556552 -1.530954 0.392705 2.741795 -1.536813 2.212180 0.896091 -1.471431
1776410000.574220 jaka_arm_left success 0.298813 0.308142 -0.386040 0.683165 0.361549 0.306478 0.555553 -1.527052 0.399675 2.741637 -1.533309 2.211661 0.897477 -1.461817
1776410000.582600 jaka_arm_left success 0.297902 0.307670 -0.387552 0.684499 0.360589 0.307769 0.553819 -1.525582 0.402162 2.741536 -1.530131 2.211849 0.896898 -1.456395
1776410000.590989 jaka_arm_left success 0.297000 0.307110 -0.389115 0.685350 0.359629 0.309330 0.552519 -1.522334 0.408303 2.741080 -1.526088 2.211167 0.897720 -1.447402
1776410000.599288 jaka_arm_left success 0.296126 0.306515 -0.390702 0.686435 0.358504 0.310346 0.551332 -1.520329 0.411145 2.740922 -1.523857 2.211463 0.897951 -1.441238
1776410000.607511 jaka_arm_left success 0.295223 0.305952 -0.392244 0.687638 0.357497 0.310662 0.550308 -1.518275 0.413947 2.741330 -1.522114 2.212007 0.897632 -1.435942
1776410000.615940 jaka_arm_left success 0.294358 0.305415 -0.393749 0.689314 0.355938 0.311107 0.548969 -1.516464 0.416542 2.742066 -1.520284 2.213231 0.896536 -1.430459
1776410000.624267 jaka_arm_left success 0.293591 0.304882 -0.395250 0.691288 0.354236 0.311792 0.547196 -1.515360 0.418678 2.742245 -1.518094 2.214472 0.894788 -1.424126
1776410000.632612 jaka_arm_left success 0.292769 0.304100 -0.396818 0.692300 0.353434 0.312012 0.546309 -1.513999 0.422043 2.742622 -1.516817 2.215358 0.893853 -1.418899
1776410000.640853 jaka_arm_left success 0.291944 0.303531 -0.398333 0.694053 0.352492 0.312174 0.544598 -1.512429 0.424394 2.743061 -1.515117 2.215371 0.891361 -1.413617
1776410000.649199 jaka_arm_left success 0.291123 0.302728 -0.400013 0.694955 0.351790 0.312449 0.543743 -1.510941 0.428251 2.743245 -1.513640 2.215879 0.890353 -1.407900
1776410000.657595 jaka_arm_left success 0.290394 0.302074 -0.401650 0.696200 0.350179 0.312890 0.542937 -1.509882 0.430906 2.743649 -1.511746 2.217327 0.889632 -1.403009
1776410000.665890 jaka_arm_left success 0.289609 0.301615 -0.403249 0.698349 0.348683 0.313382 0.540852 -1.508664 0.433084 2.744164 -1.509211 2.218218 0.887184 -1.397462
1776410000.674235 jaka_arm_left success 0.288890 0.300891 -0.404969 0.699745 0.347158 0.312975 0.540264 -1.508243 0.432963 2.745709 -1.509195 2.221177 0.886135 -1.395729
1776410000.682546 jaka_arm_left success 0.288195 0.300333 -0.406642 0.701512 0.346014 0.313188 0.538580 -1.507897 0.437768 2.745789 -1.505564 2.222026 0.883500 -1.389576
1776410000.690914 jaka_arm_left success 0.287454 0.299779 -0.408341 0.703543 0.345277 0.312773 0.536642 -1.507081 0.438417 2.746944 -1.503895 2.222938 0.880592 -1.386958
1776410000.699259 jaka_arm_left success 0.286834 0.299244 -0.410037 0.705321 0.344551 0.312690 0.534819 -1.506882 0.441591 2.747342 -1.501670 2.223258 0.876681 -1.382277
1776410000.707513 jaka_arm_left success 0.286193 0.298802 -0.411700 0.708247 0.343819 0.311885 0.531886 -1.508115 0.443750 2.747624 -1.503148 2.222725 0.866215 -1.375287
1776410000.724284 jaka_arm_left success 0.285119 0.297928 -0.415175 0.713780 0.342880 0.310384 0.525941 -1.507821 0.441436 2.746641 -1.511331 2.217675 0.846637 -1.361530
1776410000.732569 jaka_arm_left success 0.284662 0.297358 -0.417032 0.715177 0.343733 0.310115 0.523639 -1.504974 0.445923 2.745537 -1.511205 2.212883 0.841320 -1.353687
1776410000.740883 jaka_arm_left success 0.284217 0.297014 -0.418829 0.717878 0.343947 0.309028 0.520436 -1.506682 0.445639 2.745351 -1.514097 2.210432 0.829713 -1.349008
1776410000.749180 jaka_arm_left success 0.283959 0.296608 -0.420649 0.719935 0.343908 0.308040 0.518201 -1.506268 0.446955 2.745383 -1.515335 2.208528 0.822682 -1.344045
1776410000.757591 jaka_arm_left success 0.283547 0.296210 -0.422469 0.721814 0.344984 0.307632 0.515106 -1.503700 0.447459 2.742482 -1.521285 2.200324 0.811636 -1.332883
1776410000.765887 jaka_arm_left success 0.283259 0.295836 -0.424320 0.723846 0.345596 0.306687 0.512400 -1.503690 0.448724 2.742738 -1.521767 2.198404 0.804358 -1.329120
1776410000.774266 jaka_arm_left success 0.282979 0.295559 -0.426106 0.725666 0.346518 0.306261 0.509450 -1.501807 0.449203 2.739492 -1.527471 2.190052 0.793282 -1.318548
1776410000.782525 jaka_arm_left success 0.282781 0.295436 -0.427815 0.728096 0.347075 0.305480 0.506060 -1.502280 0.450036 2.739056 -1.528868 2.186980 0.783173 -1.312842
1776410000.790972 jaka_arm_left success 0.282639 0.295320 -0.429587 0.729638 0.347634 0.305089 0.503687 -1.500902 0.451767 2.737608 -1.530238 2.182568 0.776480 -1.306018
1776410000.799263 jaka_arm_left success 0.282590 0.295383 -0.431230 0.732122 0.347930 0.304169 0.500422 -1.502604 0.450573 2.737371 -1.532238 2.179972 0.766356 -1.303067
1776410000.815907 jaka_arm_left success 0.282421 0.295335 -0.434434 0.735287 0.351024 0.301166 0.495413 -1.503855 0.450557 2.734204 -1.540496 2.167824 0.743666 -1.293695
1776410000.824340 jaka_arm_left success 0.282375 0.295542 -0.435887 0.737155 0.352541 0.299590 0.492507 -1.502831 0.449331 2.734477 -1.541737 2.164933 0.737383 -1.291500
1776410000.832625 jaka_arm_left success 0.282388 0.295687 -0.437291 0.738360 0.354602 0.297506 0.490482 -1.503956 0.448599 2.734312 -1.543491 2.160711 0.729183 -1.292048
1776410000.840885 jaka_arm_left success 0.282440 0.296112 -0.438516 0.740736 0.355560 0.295268 0.487550 -1.505481 0.445932 2.732642 -1.550901 2.154386 0.714390 -1.286657
1776410000.849340 jaka_arm_left success 0.282580 0.296126 -0.439835 0.740168 0.359103 0.293927 0.486625 -1.503753 0.446792 2.732849 -1.550137 2.150504 0.713270 -1.288987
1776410000.857586 jaka_arm_left success 0.282583 0.296696 -0.440911 0.742524 0.360391 0.292326 0.483034 -1.504256 0.444582 2.728888 -1.557924 2.140123 0.696927 -1.280124
1776410000.865930 jaka_arm_left success 0.282808 0.296781 -0.442155 0.742140 0.363164 0.290697 0.482530 -1.502945 0.445515 2.729247 -1.557733 2.137302 0.696261 -1.282348
1776410000.874261 jaka_arm_left success 0.282904 0.297213 -0.443122 0.743693 0.365153 0.289276 0.479482 -1.507267 0.444390 2.728388 -1.559442 2.132672 0.682973 -1.282378
1776410000.882550 jaka_arm_left success 0.283129 0.297484 -0.444144 0.744073 0.367125 0.287455 0.478481 -1.507381 0.444091 2.728674 -1.560571 2.130002 0.678570 -1.283432
1776410000.891091 jaka_arm_left success 0.283268 0.298031 -0.444984 0.745507 0.368680 0.285416 0.476268 -1.511163 0.440802 2.728673 -1.563948 2.126944 0.667646 -1.285467
1776410000.899301 jaka_arm_left success 0.283386 0.298431 -0.445813 0.746166 0.370470 0.284188 0.474579 -1.512168 0.441527 2.727029 -1.565832 2.121579 0.659805 -1.283318
1776410000.907562 jaka_arm_left success 0.283535 0.298693 -0.446558 0.746487 0.373025 0.282280 0.473210 -1.512186 0.439454 2.726625 -1.568581 2.116995 0.654343 -1.284910
1776410000.915863 jaka_arm_left success 0.283843 0.299332 -0.446600 0.747303 0.374596 0.280550 0.471708 -1.513957 0.435752 2.726518 -1.572283 2.113920 0.647197 -1.286924
1776410000.924285 jaka_arm_left success 0.284093 0.299655 -0.446593 0.746399 0.376153 0.280057 0.472193 -1.513608 0.436359 2.725912 -1.572121 2.111617 0.647509 -1.288416
1776410000.932589 jaka_arm_left success 0.284162 0.299954 -0.446468 0.745164 0.377801 0.279772 0.472995 -1.513241 0.437268 2.725467 -1.572449 2.109588 0.648047 -1.290014
1776410000.940918 jaka_arm_left success 0.284167 0.300543 -0.446241 0.743988 0.378617 0.280885 0.473534 -1.513189 0.437634 2.724312 -1.572394 2.108258 0.649733 -1.290382
1776410000.949210 jaka_arm_left success 0.284143 0.300875 -0.446097 0.742776 0.378647 0.280539 0.475613 -1.510805 0.437550 2.724684 -1.573072 2.108888 0.655013 -1.291433
1776410000.957664 jaka_arm_left success 0.283999 0.301145 -0.446022 0.740917 0.379710 0.279780 0.478105 -1.511231 0.439057 2.731133 -1.563226 2.119195 0.668715 -1.307513
1776410000.966044 jaka_arm_left success 0.284089 0.301780 -0.445857 0.740931 0.377962 0.279654 0.479540 -1.515234 0.436612 2.735216 -1.558461 2.128628 0.674561 -1.317893
1776410000.974218 jaka_arm_left success 0.284125 0.302410 -0.445793 0.740623 0.376464 0.280402 0.480757 -1.514798 0.437927 2.737171 -1.553585 2.134034 0.681858 -1.320700
1776410000.982740 jaka_arm_left success 0.284140 0.302633 -0.445975 0.739446 0.375921 0.280060 0.483187 -1.520994 0.438110 2.744845 -1.540443 2.149047 0.694099 -1.341617
1776410000.990948 jaka_arm_left success 0.284096 0.303166 -0.445944 0.740180 0.374863 0.279790 0.483042 -1.521222 0.437913 2.745479 -1.540725 2.150721 0.693656 -1.340748
1776410000.999299 jaka_arm_left success 0.284211 0.303248 -0.446160 0.738597 0.376076 0.279854 0.484482 -1.521222 0.439122 2.744697 -1.540845 2.148488 0.694464 -1.342552
1776410001.007518 jaka_arm_left success 0.284291 0.303594 -0.446227 0.738378 0.377315 0.279985 0.483776 -1.521049 0.439109 2.744390 -1.539900 2.147416 0.694376 -1.343021
1776410001.015909 jaka_arm_left success 0.284519 0.304004 -0.446183 0.738177 0.378464 0.279936 0.483213 -1.520716 0.439073 2.743917 -1.539019 2.145545 0.694240 -1.343988
1776410001.024296 jaka_arm_left success 0.284765 0.304168 -0.446295 0.737723 0.379692 0.278053 0.484030 -1.523305 0.437986 2.745333 -1.540449 2.146129 0.691621 -1.349588
1776410001.032549 jaka_arm_left success 0.285070 0.304402 -0.446344 0.736979 0.381104 0.277273 0.484502 -1.523748 0.438555 2.745613 -1.540099 2.145219 0.691668 -1.352545
1776410001.040935 jaka_arm_left success 0.285181 0.304565 -0.446373 0.736016 0.383317 0.276843 0.484464 -1.523061 0.439047 2.745344 -1.539505 2.142561 0.691553 -1.354581
1776410001.049201 jaka_arm_left success 0.285310 0.304719 -0.446434 0.735580 0.384631 0.275994 0.484570 -1.522757 0.439594 2.745297 -1.539653 2.141155 0.691546 -1.356007
1776410001.057581 jaka_arm_left success 0.285435 0.304797 -0.446464 0.734947 0.385648 0.275973 0.484735 -1.522701 0.439773 2.744921 -1.539400 2.139783 0.691620 -1.357085
1776410001.065970 jaka_arm_left success 0.285523 0.304921 -0.446453 0.735019 0.386065 0.276082 0.484231 -1.522701 0.439773 2.744921 -1.539400 2.139783 0.691620 -1.357085
1776410001.074254 jaka_arm_left success 0.285476 0.304858 -0.446503 0.734408 0.387300 0.276287 0.484055 -1.522371 0.439754 2.744343 -1.538546 2.137644 0.691509 -1.358213
1776410001.082547 jaka_arm_left success 0.285475 0.304831 -0.446536 0.734239 0.387768 0.276464 0.483836 -1.522371 0.439754 2.744343 -1.538546 2.137644 0.691509 -1.358213
1776410001.090940 jaka_arm_left success 0.285528 0.304838 -0.446562 0.734284 0.388061 0.277027 0.483209 -1.522209 0.439591 2.743813 -1.537531 2.136294 0.691122 -1.358270
1776410001.099291 jaka_arm_left success 0.285554 0.304779 -0.446575 0.734397 0.388172 0.277291 0.482798 -1.522206 0.441051 2.743014 -1.536852 2.135099 0.689543 -1.355863
1776410001.107516 jaka_arm_left success 0.285652 0.304525 -0.446671 0.734050 0.388162 0.277377 0.483284 -1.522428 0.441358 2.742767 -1.537136 2.134959 0.689863 -1.356007
1776410001.115858 jaka_arm_left success 0.285657 0.304479 -0.446672 0.734537 0.388017 0.278513 0.482006 -1.517652 0.443952 2.737605 -1.542275 2.125967 0.685122 -1.341634
1776410001.124268 jaka_arm_left success 0.285641 0.304236 -0.446745 0.734293 0.388429 0.279314 0.481581 -1.517827 0.443703 2.736877 -1.541815 2.125213 0.685402 -1.341462
1776410001.132607 jaka_arm_left success 0.285595 0.304055 -0.446771 0.734438 0.388592 0.280384 0.480605 -1.512858 0.446265 2.732922 -1.544565 2.118402 0.684032 -1.329873
1776410001.140904 jaka_arm_left success 0.285528 0.303873 -0.446785 0.734774 0.388596 0.281524 0.479422 -1.510964 0.446785 2.729698 -1.547730 2.113326 0.680543 -1.321652
1776410001.149230 jaka_arm_left success 0.285456 0.303399 -0.446890 0.734488 0.388979 0.282131 0.479192 -1.505828 0.447934 2.726949 -1.551648 2.107703 0.680227 -1.312764
1776410001.157612 jaka_arm_left success 0.285432 0.303206 -0.446905 0.735406 0.388021 0.282664 0.478245 -1.506883 0.446397 2.726301 -1.552228 2.107532 0.677822 -1.311137
1776410001.165964 jaka_arm_left success 0.285310 0.302888 -0.446959 0.735417 0.388305 0.283761 0.477348 -1.501998 0.448930 2.721532 -1.557443 2.098612 0.673741 -1.297811
1776410001.174303 jaka_arm_left success 0.285179 0.302791 -0.446850 0.736697 0.387603 0.284719 0.475370 -1.501735 0.446524 2.718747 -1.561622 2.094803 0.668344 -1.290649
1776410001.182520 jaka_arm_left success 0.285153 0.302554 -0.446880 0.737611 0.386542 0.285013 0.474640 -1.500753 0.446498 2.718277 -1.562553 2.094657 0.667458 -1.286749
1776410001.190968 jaka_arm_left success 0.285158 0.302053 -0.447044 0.737311 0.386515 0.284841 0.475231 -1.500819 0.446804 2.718241 -1.562873 2.094623 0.667624 -1.286891
1776410001.199380 jaka_arm_left success 0.285155 0.301973 -0.447034 0.738351 0.385723 0.285099 0.474103 -1.500968 0.447737 2.716676 -1.564605 2.092219 0.663007 -1.281356
1776410001.207526 jaka_arm_left success 0.285068 0.301723 -0.447048 0.739027 0.385230 0.284753 0.473659 -1.500885 0.447367 2.717345 -1.565111 2.093586 0.662515 -1.280494
1776410001.216062 jaka_arm_left success 0.285204 0.301782 -0.446985 0.740772 0.383109 0.285641 0.472116 -1.502107 0.444015 2.714759 -1.570670 2.090730 0.655167 -1.273441
1776410001.224406 jaka_arm_left success 0.285149 0.301423 -0.447089 0.740630 0.383158 0.285415 0.472436 -1.501898 0.444431 2.714875 -1.570993 2.090713 0.655349 -1.273461
1776410001.232627 jaka_arm_left success 0.285066 0.301286 -0.447101 0.741041 0.382849 0.285294 0.472115 -1.501731 0.444244 2.715113 -1.570934 2.091210 0.655164 -1.272892
1776410001.240899 jaka_arm_left success 0.285031 0.301027 -0.447169 0.740839 0.382783 0.285904 0.472116 -1.499514 0.446828 2.714169 -1.569860 2.089896 0.656917 -1.269124
1776410001.249196 jaka_arm_left success 0.284960 0.300845 -0.447179 0.741163 0.382418 0.286396 0.471604 -1.498129 0.447052 2.712912 -1.570935 2.088070 0.655787 -1.264651
1776410001.257613 jaka_arm_left success 0.284838 0.301050 -0.446998 0.742766 0.381363 0.286823 0.469673 -1.497598 0.443281 2.709379 -1.578506 2.082426 0.647858 -1.255733
1776410001.265981 jaka_arm_left success 0.284857 0.300974 -0.447021 0.742970 0.381216 0.287229 0.469222 -1.496481 0.443777 2.709044 -1.577782 2.081795 0.648302 -1.254001
1776410001.274253 jaka_arm_left success 0.284923 0.300972 -0.447000 0.743461 0.380696 0.286856 0.469094 -1.496481 0.443777 2.709044 -1.577782 2.081795 0.648302 -1.254001
1776410001.282519 jaka_arm_left success 0.284974 0.300890 -0.447025 0.743301 0.380885 0.286424 0.469458 -1.496171 0.444050 2.709558 -1.578209 2.082058 0.648039 -1.254108
1776410001.290931 jaka_arm_left success 0.285104 0.300746 -0.447127 0.742215 0.381851 0.287136 0.469957 -1.496376 0.444692 2.708694 -1.578225 2.080666 0.648802 -1.254855
1776410001.299294 jaka_arm_left success 0.285178 0.300922 -0.447086 0.742493 0.382136 0.287130 0.469290 -1.496244 0.444407 2.708755 -1.577898 2.080648 0.648589 -1.254690
1776410001.307501 jaka_arm_left success 0.285165 0.300729 -0.447212 0.741501 0.383592 0.286387 0.470124 -1.495819 0.445405 2.708443 -1.578147 2.078756 0.648922 -1.256114
1776410001.315873 jaka_arm_left success 0.285245 0.300784 -0.447228 0.741206 0.384154 0.286590 0.470005 -1.495671 0.445594 2.708377 -1.578118 2.078271 0.648955 -1.256413
1776410001.324314 jaka_arm_left success 0.285311 0.300973 -0.447178 0.741175 0.385178 0.287153 0.468871 -1.491117 0.448002 2.703454 -1.581686 2.068592 0.645212 -1.244574
1776410001.332591 jaka_arm_left success 0.285409 0.301054 -0.447148 0.741089 0.385912 0.287147 0.468407 -1.491034 0.445695 2.702789 -1.583957 2.066873 0.643781 -1.244631
1776410001.340841 jaka_arm_left success 0.285606 0.301142 -0.447155 0.741010 0.386306 0.286067 0.468869 -1.490701 0.446126 2.703144 -1.584349 2.066655 0.643635 -1.245091
1776410001.349222 jaka_arm_left success 0.285762 0.301147 -0.447195 0.740047 0.387841 0.285615 0.469398 -1.490423 0.447002 2.702854 -1.584791 2.064772 0.643887 -1.246795
1776410001.357593 jaka_arm_left success 0.285900 0.301400 -0.447160 0.739539 0.389256 0.286251 0.468639 -1.490267 0.446751 2.701926 -1.583976 2.062423 0.643818 -1.247686
1776410001.365930 jaka_arm_left success 0.286057 0.301656 -0.447088 0.739784 0.389967 0.285274 0.468256 -1.491456 0.444246 2.701802 -1.586473 2.060748 0.639831 -1.248918
1776410001.374177 jaka_arm_left success 0.286207 0.301603 -0.447220 0.738245 0.392068 0.284466 0.469421 -1.491094 0.445705 2.701245 -1.587007 2.058166 0.640508 -1.251081
1776410001.382535 jaka_arm_left success 0.286357 0.301958 -0.447148 0.738580 0.392788 0.283349 0.468967 -1.490538 0.445760 2.701773 -1.587000 2.057959 0.640028 -1.251383
1776410001.391038 jaka_arm_left success 0.286603 0.302149 -0.447201 0.737608 0.393739 0.283138 0.469826 -1.490388 0.446503 2.701801 -1.587585 2.057291 0.640228 -1.252241
1776410001.399242 jaka_arm_left success 0.286743 0.302363 -0.447259 0.736715 0.395513 0.283074 0.469776 -1.490023 0.446642 2.701023 -1.587059 2.054242 0.640301 -1.254355
1776410001.407526 jaka_arm_left success 0.286906 0.302717 -0.447120 0.736897 0.396029 0.282519 0.469389 -1.491198 0.444081 2.700977 -1.588826 2.053132 0.637934 -1.256673
1776410001.415873 jaka_arm_left success 0.287005 0.302836 -0.447181 0.735569 0.397571 0.281715 0.470651 -1.491107 0.445282 2.700765 -1.589778 2.051735 0.638481 -1.258363
1776410001.432567 jaka_arm_left success 0.287140 0.303219 -0.447175 0.734410 0.399340 0.281141 0.471306 -1.490866 0.445948 2.700232 -1.589908 2.049533 0.638991 -1.260315
1776410001.440882 jaka_arm_left success 0.287138 0.303304 -0.447220 0.733473 0.400819 0.280416 0.471941 -1.491301 0.443531 2.700903 -1.591868 2.049292 0.639420 -1.265045
1776410001.449287 jaka_arm_left success 0.287369 0.303677 -0.447156 0.733732 0.400582 0.280665 0.471591 -1.491382 0.443199 2.700803 -1.591545 2.049378 0.639369 -1.264825
1776410001.457605 jaka_arm_left success 0.287429 0.303756 -0.447171 0.733217 0.401436 0.280156 0.471969 -1.491236 0.443552 2.700610 -1.591481 2.048283 0.639558 -1.265873
1776410001.465956 jaka_arm_left success 0.287504 0.304003 -0.447109 0.733532 0.401642 0.279276 0.471826 -1.493066 0.440766 2.701816 -1.592636 2.049445 0.637456 -1.269857
1776410001.474200 jaka_arm_left success 0.287649 0.303964 -0.447183 0.732591 0.402682 0.279270 0.472405 -1.493054 0.441503 2.701279 -1.592540 2.047983 0.638075 -1.271076
1776410001.482537 jaka_arm_left success 0.287665 0.304175 -0.447107 0.733121 0.403195 0.279307 0.471121 -1.492726 0.441027 2.701485 -1.591935 2.047872 0.637643 -1.270936
1776410001.490920 jaka_arm_left success 0.287757 0.304028 -0.447202 0.732058 0.404381 0.279555 0.471610 -1.492594 0.441257 2.700385 -1.590724 2.045281 0.638188 -1.272211
1776410001.499277 jaka_arm_left success 0.287760 0.304034 -0.447161 0.732025 0.405284 0.279318 0.471025 -1.492291 0.441421 2.700603 -1.590724 2.045002 0.638008 -1.272481
1776410001.507524 jaka_arm_left success 0.287843 0.304016 -0.447179 0.731873 0.405709 0.279520 0.470777 -1.492139 0.441593 2.700327 -1.590113 2.044114 0.637861 -1.272597
1776410001.515985 jaka_arm_left success 0.287862 0.303974 -0.447204 0.731842 0.406045 0.279379 0.470618 -1.492139 0.441593 2.700327 -1.590113 2.044114 0.637861 -1.272597
1776410001.524338 jaka_arm_left success 0.287880 0.303940 -0.447214 0.731881 0.406224 0.279391 0.470396 -1.491856 0.441667 2.700432 -1.589940 2.043675 0.637671 -1.272853
1776410001.532566 jaka_arm_left success 0.287896 0.303897 -0.447226 0.731969 0.406310 0.279316 0.470229 -1.491607 0.441486 2.700343 -1.589315 2.042981 0.637334 -1.272944
1776410001.540927 jaka_arm_left success 0.287897 0.303832 -0.447258 0.732019 0.406208 0.279473 0.470147 -1.492055 0.442031 2.700002 -1.589477 2.043032 0.637182 -1.272304
1776410001.549295 jaka_arm_left success 0.287905 0.303820 -0.447242 0.732470 0.405573 0.279453 0.470003 -1.492177 0.441918 2.700284 -1.589618 2.043869 0.636761 -1.271548
1776410001.557584 jaka_arm_left success 0.287880 0.303642 -0.447302 0.732481 0.405179 0.279686 0.470189 -1.492177 0.441918 2.700284 -1.589618 2.043869 0.636761 -1.271548
1776410001.565974 jaka_arm_left success 0.287874 0.303633 -0.447245 0.733230 0.404196 0.279804 0.469796 -1.492525 0.441541 2.700666 -1.589798 2.045552 0.636271 -1.270146
1776410001.574350 jaka_arm_left success 0.287833 0.303576 -0.447238 0.733566 0.403666 0.279687 0.469797 -1.492651 0.441371 2.700645 -1.589723 2.045831 0.636200 -1.269840
1776410001.582496 jaka_arm_left success 0.287730 0.303366 -0.447310 0.733588 0.403447 0.279194 0.470244 -1.492845 0.441836 2.701239 -1.590692 2.047064 0.635818 -1.269340
1776410001.590967 jaka_arm_left success 0.287654 0.303374 -0.447263 0.734488 0.402788 0.279516 0.469212 -1.492722 0.441216 2.701356 -1.590099 2.047265 0.635406 -1.268887
1776410001.599258 jaka_arm_left success 0.287643 0.303344 -0.447257 0.734924 0.402000 0.280191 0.468802 -1.493009 0.440561 2.701142 -1.589586 2.047713 0.635299 -1.268175
1776410001.607515 jaka_arm_left success 0.287574 0.303139 -0.447294 0.734932 0.401833 0.279696 0.469228 -1.493034 0.440888 2.701691 -1.590276 2.048654 0.634910 -1.267743
1776410001.615924 jaka_arm_left success 0.287642 0.303138 -0.447262 0.735460 0.400961 0.280221 0.468833 -1.493350 0.440404 2.701456 -1.589921 2.049037 0.634889 -1.267162
1776410001.624288 jaka_arm_left success 0.287664 0.302952 -0.447304 0.735450 0.400819 0.280310 0.468919 -1.493606 0.440476 2.701458 -1.589979 2.049473 0.634615 -1.266598
1776410001.632576 jaka_arm_left success 0.287598 0.302829 -0.447260 0.735697 0.401008 0.280209 0.468430 -1.495593 0.443634 2.699792 -1.590296 2.046449 0.628853 -1.262748
1776410001.640887 jaka_arm_left success 0.287574 0.302810 -0.447230 0.736198 0.400753 0.280651 0.467594 -1.493385 0.442047 2.697972 -1.593288 2.043573 0.628157 -1.257662
1776410001.649345 jaka_arm_left success 0.287582 0.302599 -0.447302 0.735733 0.401152 0.280829 0.467877 -1.492550 0.443262 2.697522 -1.593679 2.042194 0.628097 -1.256451
1776410001.657575 jaka_arm_left success 0.287576 0.302513 -0.447325 0.735759 0.401294 0.280818 0.467720 -1.492435 0.443193 2.697307 -1.593520 2.041708 0.627995 -1.256306
1776410001.665961 jaka_arm_left success 0.287612 0.302478 -0.447347 0.735770 0.401314 0.281188 0.467464 -1.490718 0.445352 2.695464 -1.594579 2.038556 0.626710 -1.250359
1776410001.674291 jaka_arm_left success 0.287625 0.302427 -0.447368 0.735831 0.401437 0.281344 0.467169 -1.490718 0.445352 2.695464 -1.594579 2.038556 0.626710 -1.250359
1776410001.682523 jaka_arm_left success 0.287636 0.302373 -0.447387 0.735648 0.401936 0.281652 0.466842 -1.487258 0.443615 2.690836 -1.602047 2.029571 0.622647 -1.240744
1776410001.690978 jaka_arm_left success 0.287729 0.302314 -0.447424 0.735292 0.402294 0.281835 0.466985 -1.487258 0.443615 2.690836 -1.602047 2.029571 0.622647 -1.240744
1776410001.699403 jaka_arm_left success 0.287850 0.302422 -0.447378 0.735965 0.401632 0.281750 0.466545 -1.487280 0.443367 2.690844 -1.601849 2.029744 0.622543 -1.240496
1776410001.707502 jaka_arm_left success 0.287896 0.302453 -0.447368 0.736049 0.401701 0.281625 0.466428 -1.487280 0.443367 2.690844 -1.601849 2.029744 0.622543 -1.240496
1776410001.715888 jaka_arm_left success 0.287965 0.302487 -0.447382 0.736027 0.401817 0.281497 0.466441 -1.487280 0.443367 2.690844 -1.601849 2.029744 0.622543 -1.240496
1776410001.724296 jaka_arm_left success 0.288010 0.302541 -0.447387 0.736077 0.401904 0.281167 0.466485 -1.487280 0.443367 2.690844 -1.601849 2.029744 0.622543 -1.240496
1776410001.732563 jaka_arm_left success 0.288056 0.302721 -0.447320 0.736379 0.402214 0.281684 0.465428 -1.486892 0.442915 2.691080 -1.601260 2.029540 0.622059 -1.240412
1776410001.740897 jaka_arm_left success 0.288093 0.302801 -0.447305 0.736420 0.402581 0.281556 0.465124 -1.488369 0.442392 2.689891 -1.602236 2.026952 0.618319 -1.239900
1776410001.749439 jaka_arm_left success 0.288121 0.302773 -0.447319 0.735901 0.403245 0.281192 0.465591 -1.488272 0.442837 2.689896 -1.602556 2.026563 0.618448 -1.240351
1776410001.757621 jaka_arm_left success 0.288143 0.302737 -0.447390 0.735360 0.403967 0.279897 0.466599 -1.487895 0.443732 2.690246 -1.603315 2.026038 0.618468 -1.241238
1776410001.765923 jaka_arm_left success 0.288216 0.302810 -0.447357 0.734975 0.404520 0.280133 0.466585 -1.487840 0.444142 2.690162 -1.603585 2.025541 0.618649 -1.241762
1776410001.774265 jaka_arm_left success 0.288213 0.302907 -0.447347 0.734692 0.405464 0.280505 0.465987 -1.487543 0.443716 2.689528 -1.602654 2.023797 0.618683 -1.242392
1776410001.782551 jaka_arm_left success 0.288251 0.302906 -0.447359 0.734375 0.405918 0.280360 0.466178 -1.487496 0.444044 2.689439 -1.602853 2.023370 0.618834 -1.242796
1776410001.790942 jaka_arm_left success 0.288315 0.302976 -0.447350 0.734531 0.405648 0.280169 0.466283 -1.487496 0.444044 2.689439 -1.602853 2.023370 0.618834 -1.242796
1776410001.799241 jaka_arm_left success 0.288361 0.303029 -0.447348 0.734512 0.405635 0.280202 0.466304 -1.487496 0.444044 2.689439 -1.602853 2.023370 0.618834 -1.242796
1776410001.807521 jaka_arm_left success 0.288375 0.303022 -0.447366 0.734408 0.405735 0.279887 0.466570 -1.487496 0.444044 2.689439 -1.602853 2.023370 0.618834 -1.242796
1776410001.815888 jaka_arm_left success 0.288392 0.303029 -0.447373 0.734354 0.405776 0.279749 0.466702 -1.487496 0.444044 2.689439 -1.602853 2.023370 0.618834 -1.242796
1776410001.824337 jaka_arm_left success 0.288416 0.303060 -0.447366 0.734364 0.405781 0.279869 0.466610 -1.487496 0.444044 2.689439 -1.602853 2.023370 0.618834 -1.242796
1776410001.832664 jaka_arm_left success 0.288424 0.303064 -0.447373 0.734358 0.405820 0.279866 0.466587 -1.487496 0.444044 2.689439 -1.602853 2.023370 0.618834 -1.242796
1776410001.840958 jaka_arm_left success 0.288424 0.303058 -0.447373 0.734358 0.405919 0.279902 0.466479 -1.487496 0.444044 2.689439 -1.602853 2.023370 0.618834 -1.242796
1776410001.849278 jaka_arm_left success 0.288437 0.303035 -0.447378 0.734433 0.405952 0.279761 0.466416 -1.487330 0.444201 2.689593 -1.602998 2.023221 0.618740 -1.243022
1776410001.857591 jaka_arm_left success 0.288433 0.303016 -0.447363 0.734491 0.406091 0.279804 0.466180 -1.487330 0.444201 2.689593 -1.602998 2.023221 0.618740 -1.243022
1776410001.865948 jaka_arm_left success 0.288414 0.303024 -0.447301 0.734819 0.406231 0.279502 0.465720 -1.488725 0.441245 2.689316 -1.605705 2.021953 0.615222 -1.244149
1776410001.874257 jaka_arm_left success 0.288441 0.303004 -0.447303 0.734922 0.406270 0.279586 0.465474 -1.488743 0.440999 2.689183 -1.605387 2.021852 0.615188 -1.244007
1776410001.882558 jaka_arm_left success 0.288498 0.302983 -0.447333 0.735172 0.405946 0.279449 0.465445 -1.488743 0.440999 2.689183 -1.605387 2.021852 0.615188 -1.244007
1776410001.891021 jaka_arm_left success 0.288491 0.302960 -0.447338 0.735217 0.406092 0.279683 0.465105 -1.488743 0.440999 2.689183 -1.605387 2.021852 0.615188 -1.244007
1776410001.899271 jaka_arm_left success 0.288479 0.302934 -0.447331 0.735439 0.405863 0.279322 0.465170 -1.488607 0.440770 2.689362 -1.605207 2.022013 0.614930 -1.243803
1776410001.907527 jaka_arm_left success 0.288475 0.302928 -0.447320 0.735611 0.405715 0.279455 0.464948 -1.488607 0.440770 2.689362 -1.605207 2.022013 0.614930 -1.243803
1776410001.915869 jaka_arm_left success 0.288462 0.302859 -0.447337 0.735796 0.405541 0.279656 0.464687 -1.488644 0.440360 2.689372 -1.604885 2.022287 0.614743 -1.243385
1776410001.924307 jaka_arm_left success 0.288431 0.302826 -0.447333 0.735947 0.405474 0.279869 0.464376 -1.488991 0.441445 2.688389 -1.604989 2.020883 0.612414 -1.240235
1776410001.932567 jaka_arm_left success 0.288435 0.302832 -0.447312 0.736293 0.405001 0.280015 0.464155 -1.488991 0.441445 2.688389 -1.604989 2.020883 0.612414 -1.240235
1776410001.940878 jaka_arm_left success 0.288404 0.302757 -0.447337 0.736416 0.404889 0.279434 0.464405 -1.488959 0.441450 2.688794 -1.605704 2.021469 0.611998 -1.239937
1776410001.949245 jaka_arm_left success 0.288415 0.302806 -0.447299 0.736512 0.404761 0.280151 0.463933 -1.489152 0.441083 2.688560 -1.605392 2.021580 0.612035 -1.239600
1776410001.960299 jaka_arm_left success 0.288397 0.302794 -0.447270 0.736632 0.404696 0.280386 0.463657 -1.488620 0.441174 2.687498 -1.606096 2.020049 0.611114 -1.236747
1776410001.965884 jaka_arm_left success 0.288397 0.302779 -0.447266 0.736747 0.404638 0.280469 0.463476 -1.488620 0.441174 2.687498 -1.606096 2.020049 0.611114 -1.236747
