1776409927.872456 jaka_arm_left solver_failed 0.264454 0.350119 -0.451641 0.570520 0.364854 0.279812 0.680510 0.000000 0.000000 0.000000 0.000000 0.000000 0.000000 0.000000
1776409927.880398 jaka_arm_left solver_failed 0.264464 0.349945 -0.451660 0.570359 0.364625 0.279927 0.680721 0.000000 0.000000 0.000000 0.000000 0.000000 0.000000 0.000000
1776409927.888664 jaka_arm_left solver_failed 0.264521 0.349943 -0.451688 0.571076 0.363487 0.280019 0.680690 0.000000 0.000000 0.000000 0.000000 0.000000 0.000000 0.000000
1776409927.897113 jaka_arm_left solver_failed 0.264544 0.349929 -0.451703 0.571417 0.363003 0.280121 0.680620 0.000000 0.000000 0.000000 0.000000 0.000000 0.000000 0.000000
1776409927.905411 jaka_arm_left solver_failed 0.264551 0.349860 -0.451714 0.571418 0.362762 0.280021 0.680788 0.000000 0.000000 0.000000 0.000000 0.000000 0.000000 0.000000
1776409927.913770 jaka_arm_left solver_failed 0.264537 0.349820 -0.451726 0.571684 0.362330 0.279653 0.680947 0.000000 0.000000 0.000000 0.000000 0.000000 0.000000 0.000000
1776409927.922065 jaka_arm_left solver_failed 0.264557 0.349801 -0.451751 0.571819 0.362214 0.279633 0.680903 0.000000 0.000000 0.000000 0.000000 0.000000 0.000000 0.000000
1776409927.938767 jaka_arm_left solver_failed 0.264660 0.349725 -0.451813 0.571607 0.362379 0.279528 0.681036 0.000000 0.000000 0.000000 0.000000 0.000000 0.000000 0.000000
1776409927.947008 jaka_arm_left solver_failed 0.264679 0.349750 -0.451835 0.571752 0.362399 0.279347 0.680978 0.000000 0.000000 0.000000 0.000000 0.000000 0.000000 0.000000
1776409927.955374 jaka_arm_left solver_failed 0.264687 0.349810 -0.451856 0.571991 0.362441 0.279251 0.680795 0.000000 0.000000 0.000000 0.000000 0.000000 0.000000 0.000000
1776409927.963744 jaka_arm_left solver_failed 0.264704 0.349839 -0.451871 0.572072 0.362582 0.279136 0.680699 0.000000 0.000000 0.000000 0.000000 0.000000 0.000000 0.000000
1776409927.972100 jaka_arm_left solver_failed 0.264722 0.349880 -0.451884 0.572158 0.362792 0.279043 0.680553 0.000000 0.000000 0.000000 0.000000 0.000000 0.000000 0.000000
1776409927.980385 jaka_arm_left solver_failed 0.264735 0.349938 -0.451881 0.572251 0.363296 0.279153 0.680160 0.000000 0.000000 0.000000 0.000000 0.000000 0.000000 0.000000
1776409927.988674 jaka_arm_left solver_failed 0.264802 0.349875 -0.451922 0.571747 0.363594 0.278941 0.680512 0.000000 0.000000 0.000000 0.000000 0.000000 0.000000 0.000000
1776409927.997766 jaka_arm_left solver_failed 0.264874 0.349940 -0.451958 0.571794 0.363607 0.278733 0.680551 0.000000 0.000000 0.000000 0.000000 0.000000 0.000000 0.000000
1776409928.005404 jaka_arm_left solver_failed 0.264857 0.350055 -0.451999 0.572161 0.364084 0.278853 0.679938 0.000000 0.000000 0.000000 0.000000 0.000000 0.000000 0.000000
1776409928.013694 jaka_arm_left solver_failed 0.264870 0.349983 -0.452023 0.571582 0.364623 0.278616 0.680234 0.000000 0.000000 0.000000 0.000000 0.000000 0.000000 0.000000
1776409928.030468 jaka_arm_left solver_failed 0.264928 0.350119 -0.452087 0.571937 0.364643 0.278652 0.679910 0.000000 0.000000 0.000000 0.000000 0.000000 0.000000 0.000000
1776409928.038722 jaka_arm_left solver_failed 0.264940 0.350168 -0.452109 0.572157 0.364685 0.278662 0.679698 0.000000 0.000000 0.000000 0.000000 0.000000 0.000000 0.000000
1776409928.047122 jaka_arm_left solver_failed 0.264932 0.350221 -0.452145 0.572836 0.364722 0.278365 0.679227 0.000000 0.000000 0.000000 0.000000 0.000000 0.000000 0.000000
1776409928.055420 jaka_arm_left solver_failed 0.264975 0.350026 -0.452161 0.571951 0.365219 0.278115 0.679808 0.000000 0.000000 0.000000 0.000000 0.000000 0.000000 0.000000
1776409928.063759 jaka_arm_left solver_failed 0.264972 0.349984 -0.452149 0.572128 0.365413 0.277902 0.679642 0.000000 0.000000 0.000000 0.000000 0.000000 0.000000 0.000000
1776409928.072120 jaka_arm_left solver_failed 0.264983 0.349954 -0.452151 0.572295 0.365624 0.277877 0.679398 0.000000 0.000000 0.000000 0.000000 0.000000 0.000000 0.000000
1776409928.080431 jaka_arm_left solver_failed 0.265034 0.350009 -0.452186 0.572956 0.365459 0.278077 0.678848 0.000000 0.000000 0.000000 0.000000 0.000000 0.000000 0.000000
1776409928.088760 jaka_arm_left solver_failed 0.265064 0.349852 -0.452222 0.572373 0.365954 0.277968 0.679117 0.000000 0.000000 0.000000 0.000000 0.000000 0.000000 0.000000
1776409928.097172 jaka_arm_left solver_failed 0.265048 0.349913 -0.452246 0.573076 0.365684 0.277961 0.678673 0.000000 0.000000 0.000000 0.000000 0.000000 0.000000 0.000000
1776409928.105464 jaka_arm_left solver_failed 0.265066 0.349768 -0.452242 0.572603 0.366011 0.277955 0.678898 0.000000 0.000000 0.000000 0.000000 0.000000 0.000000 0.000000
1776409928.122101 jaka_arm_left solver_failed 0.265041 0.349711 -0.452244 0.572810 0.365737 0.277712 0.678971 0.000000 0.000000 0.000000 0.000000 0.000000 0.000000 0.000000
1776409928.130406 jaka_arm_left solver_failed 0.265042 0.349802 -0.452239 0.573478 0.365419 0.277952 0.678480 0.000000 0.000000 0.000000 0.000000 0.000000 0.000000 0.000000
1776409928.138697 jaka_arm_left solver_failed 0.265033 0.349769 -0.452229 0.573447 0.365353 0.277866 0.678576 0.000000 0.000000 0.000000 0.000000 0.000000 0.000000 0.000000
1776409928.147045 jaka_arm_left solver_failed 0.265080 0.349746 -0.452216 0.573561 0.364823 0.277741 0.678816 0.000000 0.000000 0.000000 0.000000 0.000000 0.000000 0.000000
1776409928.155424 jaka_arm_left solver_failed 0.265077 0.349668 -0.452214 0.573128 0.364932 0.277563 0.679196 0.000000 0.000000 0.000000 0.000000 0.000000 0.000000 0.000000
1776409928.163785 jaka_arm_left solver_failed 0.265044 0.349666 -0.452208 0.573276 0.364984 0.277590 0.679032 0.000000 0.000000 0.000000 0.000000 0.000000 0.000000 0.000000
1776409928.172137 jaka_arm_left solver_failed 0.265058 0.349659 -0.452227 0.573279 0.364952 0.277888 0.678926 0.000000 0.000000 0.000000 0.000000 0.000000 0.000000 0.000000
1776409928.180442 jaka_arm_left solver_failed 0.265033 0.349759 -0.452228 0.573839 0.364765 0.277959 0.678524 0.000000 0.000000 0.000000 0.000000 0.000000 0.000000 0.000000
1776409928.188729 jaka_arm_left solver_failed 0.265035 0.349741 -0.452233 0.573731 0.364813 0.278176 0.678500 0.000000 0.000000 0.000000 0.000000 0.000000 0.000000 0.000000
1776409928.197077 jaka_arm_left solver_failed 0.265020 0.349707 -0.452202 0.573512 0.364939 0.278077 0.678658 0.000000 0.000000 0.000000 0.000000 0.000000 0.000000 0.000000
1776409928.213720 jaka_arm_left solver_failed 0.265002 0.349739 -0.452197 0.573692 0.364928 0.278372 0.678390 0.000000 0.000000 0.000000 0.000000 0.000000 0.000000 0.000000
1776409928.222131 jaka_arm_left solver_failed 0.265012 0.349660 -0.452197 0.573259 0.365025 0.278198 0.678776 0.000000 0.000000 0.000000 0.000000 0.000000 0.000000 0.000000
1776409928.230461 jaka_arm_left solver_failed 0.264989 0.349649 -0.452182 0.573402 0.365021 0.277671 0.678873 0.000000 0.000000 0.000000 0.000000 0.000000 0.000000 0.000000
1776409928.238701 jaka_arm_left solver_failed 0.265008 0.349668 -0.452196 0.573580 0.365075 0.277680 0.678690 0.000000 0.000000 0.000000 0.000000 0.000000 0.000000 0.000000
1776409928.247069 jaka_arm_left solver_failed 0.265040 0.349625 -0.452226 0.573400 0.365119 0.277792 0.678772 0.000000 0.000000 0.000000 0.000000 0.000000 0.000000 0.000000
1776409928.255552 jaka_arm_left solver_failed 0.265026 0.349709 -0.452229 0.573993 0.365016 0.277758 0.678341 0.000000 0.000000 0.000000 0.000000 0.000000 0.000000 0.000000
1776409928.263801 jaka_arm_left solver_failed 0.265009 0.349641 -0.452232 0.573739 0.365098 0.277514 0.678611 0.000000 0.000000 0.000000 0.000000 0.000000 0.000000 0.000000
1776409928.272189 jaka_arm_left solver_failed 0.265035 0.349503 -0.452223 0.573235 0.365333 0.277537 0.678901 0.000000 0.000000 0.000000 0.000000 0.000000 0.000000 0.000000
1776409928.280448 jaka_arm_left solver_failed 0.265032 0.349576 -0.452220 0.573806 0.365168 0.277954 0.678336 0.000000 0.000000 0.000000 0.000000 0.000000 0.000000 0.000000
1776409928.288726 jaka_arm_left solver_failed 0.265001 0.349560 -0.452200 0.573887 0.365385 0.278173 0.678062 0.000000 0.000000 0.000000 0.000000 0.000000 0.000000 0.000000
1776409928.305528 jaka_arm_left solver_failed 0.265009 0.349400 -0.452209 0.573230 0.365654 0.278533 0.678324 0.000000 0.000000 0.000000 0.000000 0.000000 0.000000 0.000000
1776409928.313763 jaka_arm_left solver_failed 0.264993 0.349487 -0.452218 0.573879 0.365478 0.278847 0.677741 0.000000 0.000000 0.000000 0.000000 0.000000 0.000000 0.000000
1776409928.322209 jaka_arm_left solver_failed 0.264997 0.349389 -0.452217 0.573498 0.365658 0.278747 0.678007 0.000000 0.000000 0.000000 0.000000 0.000000 0.000000 0.000000
1776409928.338751 jaka_arm_left solver_failed 0.265016 0.349445 -0.452248 0.574245 0.365340 0.278809 0.677521 0.000000 0.000000 0.000000 0.000000 0.000000 0.000000 0.000000
1776409928.347125 jaka_arm_left solver_failed 0.265030 0.349420 -0.452263 0.574298 0.365422 0.278778 0.677445 0.000000 0.000000 0.000000 0.000000 0.000000 0.000000 0.000000
1776409928.355556 jaka_arm_left solver_failed 0.265029 0.349504 -0.452274 0.575116 0.365036 0.278868 0.676922 0.000000 0.000000 0.000000 0.000000 0.000000 0.000000 0.000000
1776409928.363742 jaka_arm_left solver_failed 0.265009 0.349379 -0.452269 0.574797 0.365181 0.278504 0.677264 0.000000 0.000000 0.000000 0.000000 0.000000 0.000000 0.000000
1776409928.372212 jaka_arm_left solver_failed 0.265033 0.349431 -0.452269 0.575543 0.364940 0.278717 0.676672 0.000000 0.000000 0.000000 0.000000 0.000000 0.000000 0.000000
1776409928.380484 jaka_arm_left solver_failed 0.265039 0.349392 -0.452275 0.575827 0.364838 0.278723 0.676483 0.000000 0.000000 0.000000 0.000000 0.000000 0.000000 0.000000
1776409928.388723 jaka_arm_left solver_failed 0.265044 0.349365 -0.452283 0.576150 0.364689 0.278827 0.676246 0.000000 0.000000 0.000000 0.000000 0.000000 0.000000 0.000000
1776409928.397112 jaka_arm_left solver_failed 0.265016 0.349191 -0.452277 0.575729 0.364942 0.278911 0.676433 0.000000 0.000000 0.000000 0.000000 0.000000 0.000000 0.000000
1776409928.405502 jaka_arm_left solver_failed 0.265008 0.349139 -0.452273 0.576076 0.364941 0.279202 0.676018 0.000000 0.000000 0.000000 0.000000 0.000000 0.000000 0.000000
1776409928.413738 jaka_arm_left solver_failed 0.265074 0.349112 -0.452280 0.576573 0.364371 0.279363 0.675835 0.000000 0.000000 0.000000 0.000000 0.000000 0.000000 0.000000
1776409928.430608 jaka_arm_left solver_failed 0.265177 0.348922 -0.452359 0.576883 0.363871 0.279657 0.675719 0.000000 0.000000 0.000000 0.000000 0.000000 0.000000 0.000000
1776409928.438808 jaka_arm_left solver_failed 0.265159 0.348855 -0.452369 0.577106 0.363934 0.279671 0.675488 0.000000 0.000000 0.000000 0.000000 0.000000 0.000000 0.000000
1776409928.447070 jaka_arm_left solver_failed 0.265166 0.348849 -0.452395 0.577942 0.363511 0.279543 0.675055 0.000000 0.000000 0.000000 0.000000 0.000000 0.000000 0.000000
1776409928.455584 jaka_arm_left solver_failed 0.265176 0.348862 -0.452432 0.578613 0.363319 0.279587 0.674565 0.000000 0.000000 0.000000 0.000000 0.000000 0.000000 0.000000
1776409928.464060 jaka_arm_left solver_failed 0.265191 0.348718 -0.452481 0.578722 0.363428 0.279344 0.674513 0.000000 0.000000 0.000000 0.000000 0.000000 0.000000 0.000000
1776409928.472241 jaka_arm_left solver_failed 0.265189 0.348521 -0.452519 0.578560 0.363798 0.278890 0.674641 0.000000 0.000000 0.000000 0.000000 0.000000 0.000000 0.000000
1776409928.480559 jaka_arm_left solver_failed 0.265264 0.348323 -0.452550 0.578284 0.364212 0.279135 0.674553 0.000000 0.000000 0.000000 0.000000 0.000000 0.000000 0.000000
1776409928.497136 jaka_arm_left solver_failed 0.265426 0.348190 -0.452606 0.579144 0.363836 0.279318 0.673941 0.000000 0.000000 0.000000 0.000000 0.000000 0.000000 0.000000
1776409928.505553 jaka_arm_left solver_failed 0.265458 0.348054 -0.452641 0.579228 0.364199 0.279357 0.673656 0.000000 0.000000 0.000000 0.000000 0.000000 0.000000 0.000000
1776409928.522333 jaka_arm_left solver_failed 0.265480 0.347949 -0.452718 0.580378 0.364074 0.278859 0.672941 0.000000 0.000000 0.000000 0.000000 0.000000 0.000000 0.000000
1776409928.538867 jaka_arm_left solver_failed 0.265582 0.347764 -0.452810 0.580835 0.364181 0.279171 0.672359 0.000000 0.000000 0.000000 0.000000 0.000000 0.000000 0.000000
1776409928.547110 jaka_arm_left solver_failed 0.265618 0.347884 -0.452856 0.581971 0.363879 0.279518 0.671395 0.000000 0.000000 0.000000 0.000000 0.000000 0.000000 0.000000
1776409928.555604 jaka_arm_left solver_failed 0.265654 0.347739 -0.452868 0.581830 0.364212 0.279301 0.671427 0.000000 0.000000 0.000000 0.000000 0.000000 0.000000 0.000000
1776409928.563869 jaka_arm_left solver_failed 0.265683 0.347695 -0.452889 0.582042 0.364246 0.279119 0.671300 0.000000 0.000000 0.000000 0.000000 0.000000 0.000000 0.000000
1776409928.572099 jaka_arm_left solver_failed 0.265679 0.347648 -0.452934 0.582218 0.364301 0.278772 0.671262 0.000000 0.000000 0.000000 0.000000 0.000000 0.000000 0.000000
1776409928.580455 jaka_arm_left solver_failed 0.265731 0.347652 -0.452970 0.582614 0.364188 0.278686 0.671016 0.000000 0.000000 0.000000 0.000000 0.000000 0.000000 0.000000
1776409928.588755 jaka_arm_left solver_failed 0.265826 0.347664 -0.453018 0.583012 0.364189 0.278669 0.670676 0.000000 0.000000 0.000000 0.000000 0.000000 0.000000 0.000000
1776409928.597090 jaka_arm_left solver_failed 0.265837 0.347638 -0.453039 0.583369 0.364138 0.278543 0.670446 0.000000 0.000000 0.000000 0.000000 0.000000 0.000000 0.000000
1776409928.605434 jaka_arm_left solver_failed 0.265872 0.347672 -0.453069 0.583916 0.364165 0.278649 0.669910 0.000000 0.000000 0.000000 0.000000 0.000000 0.000000 0.000000
1776409928.613661 jaka_arm_left success 0.265876 0.347700 -0.453089 0.584417 0.364361 0.278870 0.669275 1.676142 -0.905088 -1.036258 -0.487715 -0.090313 -1.570796 0.928625
1776409928.630471 jaka_arm_left success 0.265955 0.347494 -0.453123 0.584018 0.365224 0.278557 0.669283 1.676548 -0.905794 -1.036137 -0.487699 -0.090581 -1.570768 0.927873
1776409928.638808 jaka_arm_left success 0.266041 0.347313 -0.453170 0.583227 0.365515 0.278504 0.669836 1.676656 -0.906874 -1.036476 -0.487880 -0.091433 -1.570631 0.926928
1776409928.646998 jaka_arm_left success 0.266073 0.347432 -0.453196 0.584224 0.365316 0.278742 0.668977 1.676687 -0.905931 -1.036472 -0.487365 -0.091072 -1.570230 0.927616
1776409928.655496 jaka_arm_left success 0.266115 0.347468 -0.453222 0.584526 0.365355 0.278833 0.668653 1.676669 -0.905428 -1.036443 -0.487119 -0.090839 -1.570046 0.928003
1776409928.663772 jaka_arm_left success 0.266161 0.347471 -0.453234 0.584808 0.365243 0.278725 0.668513 1.676669 -0.905428 -1.036443 -0.487119 -0.090839 -1.570046 0.928003
1776409928.672109 jaka_arm_left success 0.266197 0.347420 -0.453248 0.585004 0.365145 0.278202 0.668613 1.676853 -0.905160 -1.035820 -0.487142 -0.090122 -1.570076 0.928023
1776409928.680351 jaka_arm_left success 0.266210 0.347378 -0.453264 0.584963 0.365247 0.277995 0.668679 1.676853 -0.905160 -1.035820 -0.487142 -0.090122 -1.570076 0.928023
1776409928.688691 jaka_arm_left success 0.266239 0.347340 -0.453281 0.584975 0.365328 0.277934 0.668649 1.676853 -0.905160 -1.035820 -0.487142 -0.090122 -1.570076 0.928023
1776409928.697076 jaka_arm_left success 0.266256 0.347341 -0.453297 0.585133 0.365320 0.277907 0.668527 1.676853 -0.905160 -1.035820 -0.487142 -0.090122 -1.570076 0.928023
1776409928.705362 jaka_arm_left success 0.266276 0.347328 -0.453314 0.585227 0.365296 0.277795 0.668504 1.676525 -0.904774 -1.035275 -0.487130 -0.089499 -1.569930 0.927720
1776409928.722270 jaka_arm_left success 0.266348 0.347271 -0.453374 0.585353 0.365283 0.277478 0.668533 1.676525 -0.904774 -1.035275 -0.487130 -0.089499 -1.569930 0.927720
1776409928.730593 jaka_arm_left success 0.266338 0.347265 -0.453407 0.585678 0.365363 0.277172 0.668331 1.675733 -0.904197 -1.034462 -0.486861 -0.088805 -1.569150 0.926372
1776409928.738750 jaka_arm_left success 0.266381 0.347356 -0.453454 0.586567 0.365062 0.277389 0.667626 1.675702 -0.903374 -1.034429 -0.486440 -0.088453 -1.568773 0.926966
1776409928.746992 jaka_arm_left success 0.266434 0.347335 -0.453480 0.586789 0.365043 0.277407 0.667433 1.675702 -0.903374 -1.034429 -0.486440 -0.088453 -1.568773 0.926966
1776409928.755547 jaka_arm_left success 0.266508 0.347249 -0.453523 0.586632 0.365171 0.277568 0.667435 1.675702 -0.903374 -1.034429 -0.486440 -0.088453 -1.568773 0.926966
1776409928.763753 jaka_arm_left success 0.266518 0.347222 -0.453523 0.586866 0.365264 0.277389 0.667253 1.675757 -0.903060 -1.034337 -0.486200 -0.088255 -1.568511 0.927153
1776409928.772037 jaka_arm_left success 0.266557 0.347181 -0.453546 0.586873 0.365392 0.277606 0.667086 1.675757 -0.903060 -1.034337 -0.486200 -0.088255 -1.568511 0.927153
1776409928.780340 jaka_arm_left success 0.266577 0.347126 -0.453552 0.586843 0.365413 0.277540 0.667128 1.675757 -0.903060 -1.034337 -0.486200 -0.088255 -1.568511 0.927153
1776409928.788813 jaka_arm_left success 0.266604 0.347155 -0.453553 0.587185 0.365220 0.277556 0.666926 1.675697 -0.902664 -1.034330 -0.485955 -0.088081 -1.568228 0.927476
1776409928.797148 jaka_arm_left success 0.266617 0.347147 -0.453554 0.587311 0.365079 0.277507 0.666912 1.675697 -0.902664 -1.034330 -0.485955 -0.088081 -1.568228 0.927476
1776409928.813698 jaka_arm_left success 0.266636 0.347136 -0.453550 0.587466 0.364777 0.277370 0.666999 1.675022 -0.902056 -1.033664 -0.486468 -0.086937 -1.568573 0.928166
1776409928.822104 jaka_arm_left success 0.266652 0.347115 -0.453562 0.587422 0.364611 0.277209 0.667195 1.675022 -0.902056 -1.033664 -0.486468 -0.086937 -1.568573 0.928166
1776409928.830525 jaka_arm_left success 0.266659 0.347116 -0.453569 0.587486 0.364443 0.277101 0.667275 1.675022 -0.902056 -1.033664 -0.486468 -0.086937 -1.568573 0.928166
1776409928.847087 jaka_arm_left success 0.266671 0.347069 -0.453594 0.587435 0.364191 0.276812 0.667578 1.674929 -0.902407 -1.033414 -0.486807 -0.086790 -1.568828 0.927877
1776409928.855360 jaka_arm_left success 0.266676 0.347058 -0.453599 0.587446 0.364187 0.276750 0.667596 1.674929 -0.902407 -1.033414 -0.486807 -0.086790 -1.568828 0.927877
1776409928.863729 jaka_arm_left success 0.266680 0.347052 -0.453603 0.587481 0.364211 0.276730 0.667560 1.674929 -0.902407 -1.033414 -0.486807 -0.086790 -1.568828 0.927877
1776409928.872078 jaka_arm_left success 0.266682 0.347050 -0.453599 0.587547 0.364238 0.276721 0.667491 1.674929 -0.902407 -1.033414 -0.486807 -0.086790 -1.568828 0.927877
1776409928.880335 jaka_arm_left success 0.266682 0.347019 -0.453590 0.587513 0.364340 0.276609 0.667512 1.674929 -0.902407 -1.033414 -0.486807 -0.086790 -1.568828 0.927877
1776409928.888827 jaka_arm_left success 0.266694 0.346947 -0.453583 0.587180 0.364624 0.276480 0.667704 1.675136 -0.902851 -1.033160 -0.486855 -0.086776 -1.568769 0.927338
1776409928.905417 jaka_arm_left success 0.266663 0.347009 -0.453555 0.587463 0.364685 0.276321 0.667487 1.675136 -0.902851 -1.033160 -0.486855 -0.086776 -1.568769 0.927338
1776409928.913615 jaka_arm_left success 0.266691 0.347018 -0.453568 0.587312 0.364726 0.276737 0.667425 1.675091 -0.902709 -1.033339 -0.486598 -0.086935 -1.568464 0.927388
1776409928.922052 jaka_arm_left success 0.266690 0.347084 -0.453565 0.587573 0.364543 0.276843 0.667251 1.675091 -0.902709 -1.033339 -0.486598 -0.086935 -1.568464 0.927388
1776409928.930516 jaka_arm_left success 0.266692 0.347078 -0.453568 0.587506 0.364575 0.276749 0.667332 1.675091 -0.902709 -1.033339 -0.486598 -0.086935 -1.568464 0.927388
1776409928.938756 jaka_arm_left success 0.266666 0.347134 -0.453548 0.587735 0.364515 0.276625 0.667214 1.675091 -0.902709 -1.033339 -0.486598 -0.086935 -1.568464 0.927388
1776409928.947125 jaka_arm_left success 0.266675 0.347108 -0.453565 0.587542 0.364555 0.276773 0.667301 1.675091 -0.902709 -1.033339 -0.486598 -0.086935 -1.568464 0.927388
1776409928.955310 jaka_arm_left success 0.266678 0.347109 -0.453562 0.587540 0.364542 0.276779 0.667307 1.675091 -0.902709 -1.033339 -0.486598 -0.086935 -1.568464 0.927388
1776409928.963677 jaka_arm_left success 0.266667 0.347085 -0.453553 0.587481 0.364515 0.276698 0.667408 1.675091 -0.902709 -1.033339 -0.486598 -0.086935 -1.568464 0.927388
1776409928.972073 jaka_arm_left success 0.266656 0.347075 -0.453538 0.587484 0.364546 0.276690 0.667392 1.675091 -0.902709 -1.033339 -0.486598 -0.086935 -1.568464 0.927388
1776409928.980406 jaka_arm_left success 0.266651 0.347079 -0.453528 0.587578 0.364539 0.276672 0.667320 1.675091 -0.902709 -1.033339 -0.486598 -0.086935 -1.568464 0.927388
1776409928.997019 jaka_arm_left success 0.266640 0.347067 -0.453523 0.587654 0.364580 0.276636 0.667246 1.675091 -0.902709 -1.033339 -0.486598 -0.086935 -1.568464 0.927388
1776409929.005628 jaka_arm_left success 0.266640 0.347061 -0.453524 0.587700 0.364579 0.276611 0.667216 1.675091 -0.902709 -1.033339 -0.486598 -0.086935 -1.568464 0.927388
1776409929.013679 jaka_arm_left success 0.266649 0.347003 -0.453521 0.587471 0.364703 0.276563 0.667370 1.675091 -0.902709 -1.033339 -0.486598 -0.086935 -1.568464 0.927388
1776409929.030387 jaka_arm_left success 0.266629 0.347022 -0.453517 0.587764 0.364553 0.276618 0.667171 1.675123 -0.902423 -1.033177 -0.486432 -0.086681 -1.568259 0.927502
1776409929.038750 jaka_arm_left success 0.266630 0.346936 -0.453509 0.587659 0.364616 0.276488 0.667283 1.675123 -0.902423 -1.033177 -0.486432 -0.086681 -1.568259 0.927502
1776409929.047019 jaka_arm_left success 0.266620 0.346899 -0.453504 0.587587 0.364635 0.276445 0.667353 1.675123 -0.902423 -1.033177 -0.486432 -0.086681 -1.568259 0.927502
1776409929.055390 jaka_arm_left success 0.266619 0.346891 -0.453501 0.587635 0.364517 0.276455 0.667371 1.675123 -0.902423 -1.033177 -0.486432 -0.086681 -1.568259 0.927502
1776409929.063722 jaka_arm_left success 0.266616 0.346886 -0.453493 0.587734 0.364347 0.276332 0.667428 1.674906 -0.902504 -1.032894 -0.486770 -0.086374 -1.568512 0.927415
1776409929.072173 jaka_arm_left success 0.266616 0.346887 -0.453489 0.587878 0.364168 0.276214 0.667448 1.674906 -0.902504 -1.032894 -0.486770 -0.086374 -1.568512 0.927415
1776409929.080340 jaka_arm_left success 0.266623 0.346883 -0.453492 0.587988 0.363967 0.276091 0.667512 1.674262 -0.902000 -1.032442 -0.487036 -0.085667 -1.568549 0.927516
1776409929.088661 jaka_arm_left success 0.266631 0.346865 -0.453496 0.588072 0.363820 0.275923 0.667587 1.674262 -0.902000 -1.032442 -0.487036 -0.085667 -1.568549 0.927516
1776409929.097027 jaka_arm_left success 0.266647 0.346848 -0.453509 0.588144 0.363649 0.275795 0.667669 1.673856 -0.901800 -1.031948 -0.487292 -0.085098 -1.568612 0.927283
1776409929.105439 jaka_arm_left success 0.266694 0.346861 -0.453523 0.588567 0.362923 0.275757 0.667708 1.672990 -0.901188 -1.031679 -0.487432 -0.084548 -1.568567 0.927379
1776409929.122110 jaka_arm_left success 0.266683 0.346769 -0.453531 0.588645 0.362806 0.275913 0.667638 1.672990 -0.901188 -1.031679 -0.487432 -0.084548 -1.568567 0.927379
1776409929.130667 jaka_arm_left success 0.266679 0.346730 -0.453526 0.588669 0.362815 0.276047 0.667557 1.672990 -0.901188 -1.031679 -0.487432 -0.084548 -1.568567 0.927379
1776409929.138832 jaka_arm_left success 0.266652 0.346714 -0.453510 0.588803 0.362952 0.276198 0.667301 1.672990 -0.901188 -1.031679 -0.487432 -0.084548 -1.568567 0.927379
1776409929.147028 jaka_arm_left success 0.266641 0.346701 -0.453505 0.588898 0.362954 0.276252 0.667195 1.673032 -0.900806 -1.031745 -0.487087 -0.084486 -1.568229 0.927649
1776409929.155385 jaka_arm_left success 0.266633 0.346683 -0.453503 0.588954 0.362890 0.276183 0.667208 1.673032 -0.900806 -1.031745 -0.487087 -0.084486 -1.568229 0.927649
1776409929.163735 jaka_arm_left success 0.266632 0.346684 -0.453502 0.588992 0.362773 0.276210 0.667228 1.673032 -0.900806 -1.031745 -0.487087 -0.084486 -1.568229 0.927649
1776409929.172068 jaka_arm_left success 0.266625 0.346665 -0.453499 0.588958 0.362653 0.276066 0.667382 1.673032 -0.900806 -1.031745 -0.487087 -0.084486 -1.568229 0.927649
1776409929.180338 jaka_arm_left success 0.266613 0.346657 -0.453492 0.588927 0.362584 0.275964 0.667489 1.672452 -0.900733 -1.031219 -0.487802 -0.083726 -1.568865 0.927901
1776409929.188694 jaka_arm_left success 0.266625 0.346670 -0.453504 0.588915 0.362421 0.275919 0.667607 1.672452 -0.900733 -1.031219 -0.487802 -0.083726 -1.568865 0.927901
1776409929.197080 jaka_arm_left success 0.266625 0.346680 -0.453512 0.588878 0.362346 0.275874 0.667698 1.672452 -0.900733 -1.031219 -0.487802 -0.083726 -1.568865 0.927901
1776409929.213722 jaka_arm_left success 0.266653 0.346709 -0.453526 0.588763 0.362256 0.275716 0.667914 1.672452 -0.900733 -1.031219 -0.487802 -0.083726 -1.568865 0.927901
1776409929.222075 jaka_arm_left success 0.266676 0.346720 -0.453532 0.588728 0.362226 0.275671 0.667980 1.672452 -0.900733 -1.031219 -0.487802 -0.083726 -1.568865 0.927901
1776409929.230406 jaka_arm_left success 0.266692 0.346756 -0.453536 0.588763 0.362315 0.275689 0.667893 1.672452 -0.900733 -1.031219 -0.487802 -0.083726 -1.568865 0.927901
1776409929.238696 jaka_arm_left success 0.266734 0.346787 -0.453557 0.588751 0.362273 0.275591 0.667967 1.672452 -0.900733 -1.031219 -0.487802 -0.083726 -1.568865 0.927901
1776409929.247039 jaka_arm_left success 0.266756 0.346783 -0.453571 0.588681 0.362324 0.275419 0.668072 1.671307 -0.900686 -1.030708 -0.487612 -0.083506 -1.568542 0.926186
1776409929.255310 jaka_arm_left success 0.266768 0.346781 -0.453580 0.588560 0.362412 0.275386 0.668145 1.671307 -0.900686 -1.030708 -0.487612 -0.083506 -1.568542 0.926186
1776409929.263717 jaka_arm_left success 0.266746 0.346791 -0.453577 0.588424 0.362750 0.275471 0.668046 1.671307 -0.900686 -1.030708 -0.487612 -0.083506 -1.568542 0.926186
1776409929.272075 jaka_arm_left success 0.266730 0.346825 -0.453570 0.588514 0.362795 0.275404 0.667970 1.671307 -0.900686 -1.030708 -0.487612 -0.083506 -1.568542 0.926186
1776409929.280429 jaka_arm_left success 0.266685 0.346836 -0.453566 0.588410 0.363131 0.275519 0.667832 1.671700 -0.900833 -1.030971 -0.487051 -0.083975 -1.567991 0.925896
1776409929.288631 jaka_arm_left success 0.266677 0.346856 -0.453547 0.588408 0.363226 0.275498 0.667790 1.671700 -0.900833 -1.030971 -0.487051 -0.083975 -1.567991 0.925896
1776409929.305380 jaka_arm_left success 0.266668 0.346845 -0.453528 0.588235 0.363323 0.275432 0.667916 1.671700 -0.900833 -1.030971 -0.487051 -0.083975 -1.567991 0.925896
1776409929.313638 jaka_arm_left success 0.266667 0.346870 -0.453521 0.588374 0.363241 0.275462 0.667827 1.671700 -0.900833 -1.030971 -0.487051 -0.083975 -1.567991 0.925896
1776409929.321973 jaka_arm_left success 0.266662 0.346862 -0.453523 0.588339 0.363236 0.275475 0.667856 1.671700 -0.900833 -1.030971 -0.487051 -0.083975 -1.567991 0.925896
1776409929.338755 jaka_arm_left success 0.266704 0.346878 -0.453536 0.588574 0.362524 0.275489 0.668030 1.671419 -0.900826 -1.031000 -0.487308 -0.083923 -1.568268 0.926023
1776409929.347071 jaka_arm_left success 0.266705 0.346879 -0.453535 0.588583 0.362429 0.275487 0.668074 1.671419 -0.900826 -1.031000 -0.487308 -0.083923 -1.568268 0.926023
1776409929.355352 jaka_arm_left success 0.266705 0.346868 -0.453533 0.588480 0.362446 0.275515 0.668144 1.671419 -0.900826 -1.031000 -0.487308 -0.083923 -1.568268 0.926023
1776409929.363712 jaka_arm_left success 0.266692 0.346788 -0.453513 0.588081 0.362537 0.275153 0.668595 1.671287 -0.901206 -1.030877 -0.487707 -0.083903 -1.568660 0.925766
1776409929.372116 jaka_arm_left success 0.266690 0.346877 -0.453508 0.588576 0.362345 0.275359 0.668178 1.671287 -0.901206 -1.030877 -0.487707 -0.083903 -1.568660 0.925766
1776409929.380415 jaka_arm_left success 0.266684 0.346900 -0.453498 0.588721 0.362250 0.275409 0.668081 1.671309 -0.900668 -1.030802 -0.487444 -0.083624 -1.568472 0.926133
1776409929.388662 jaka_arm_left success 0.266674 0.346892 -0.453489 0.588750 0.362203 0.275368 0.668098 1.671309 -0.900668 -1.030802 -0.487444 -0.083624 -1.568472 0.926133
1776409929.397038 jaka_arm_left success 0.266669 0.346826 -0.453498 0.588508 0.362172 0.275321 0.668347 1.671309 -0.900668 -1.030802 -0.487444 -0.083624 -1.568472 0.926133
1776409929.405418 jaka_arm_left success 0.266661 0.346843 -0.453508 0.588652 0.362125 0.275465 0.668186 1.671309 -0.900668 -1.030802 -0.487444 -0.083624 -1.568472 0.926133
1776409929.413647 jaka_arm_left success 0.266661 0.346820 -0.453515 0.588590 0.362092 0.275430 0.668273 1.671309 -0.900668 -1.030802 -0.487444 -0.083624 -1.568472 0.926133
1776409929.430374 jaka_arm_left success 0.266643 0.346795 -0.453512 0.588643 0.362004 0.275445 0.668268 1.671309 -0.900668 -1.030802 -0.487444 -0.083624 -1.568472 0.926133
1776409929.438671 jaka_arm_left success 0.266638 0.346790 -0.453506 0.588657 0.362003 0.275540 0.668218 1.671309 -0.900668 -1.030802 -0.487444 -0.083624 -1.568472 0.926133
1776409929.447046 jaka_arm_left success 0.266601 0.346756 -0.453485 0.588587 0.362165 0.275623 0.668157 1.671309 -0.900668 -1.030802 -0.487444 -0.083624 -1.568472 0.926133
1776409929.455404 jaka_arm_left success 0.266585 0.346749 -0.453476 0.588613 0.362182 0.275691 0.668097 1.671309 -0.900668 -1.030802 -0.487444 -0.083624 -1.568472 0.926133
1776409929.463751 jaka_arm_left success 0.266580 0.346740 -0.453468 0.588576 0.362202 0.275760 0.668090 1.671309 -0.900668 -1.030802 -0.487444 -0.083624 -1.568472 0.926133
1776409929.472110 jaka_arm_left success 0.266574 0.346735 -0.453460 0.588593 0.362185 0.275716 0.668102 1.671309 -0.900668 -1.030802 -0.487444 -0.083624 -1.568472 0.926133
1776409929.480385 jaka_arm_left success 0.266579 0.346702 -0.453464 0.588434 0.362159 0.275575 0.668315 1.671119 -0.900732 -1.030884 -0.487615 -0.083677 -1.568665 0.926195
1776409929.488671 jaka_arm_left success 0.266576 0.346711 -0.453462 0.588537 0.362119 0.275512 0.668272 1.671119 -0.900732 -1.030884 -0.487615 -0.083677 -1.568665 0.926195
1776409929.497062 jaka_arm_left success 0.266588 0.346739 -0.453473 0.588672 0.362056 0.275474 0.668203 1.671119 -0.900732 -1.030884 -0.487615 -0.083677 -1.568665 0.926195
1776409929.505461 jaka_arm_left success 0.266604 0.346733 -0.453491 0.588665 0.362017 0.275367 0.668274 1.671103 -0.900449 -1.030380 -0.487772 -0.083000 -1.568938 0.926406
1776409929.522064 jaka_arm_left success 0.266633 0.346706 -0.453516 0.588608 0.362004 0.275264 0.668374 1.671103 -0.900449 -1.030380 -0.487772 -0.083000 -1.568938 0.926406
1776409929.538756 jaka_arm_left success 0.266634 0.346694 -0.453509 0.588689 0.362074 0.275322 0.668241 1.671103 -0.900449 -1.030380 -0.487772 -0.083000 -1.568938 0.926406
1776409929.547050 jaka_arm_left success 0.266628 0.346701 -0.453496 0.588764 0.362070 0.275375 0.668155 1.671103 -0.900449 -1.030380 -0.487772 -0.083000 -1.568938 0.926406
1776409929.555431 jaka_arm_left success 0.266625 0.346676 -0.453487 0.588623 0.362138 0.275427 0.668221 1.671103 -0.900449 -1.030380 -0.487772 -0.083000 -1.568938 0.926406
1776409929.563776 jaka_arm_left success 0.266627 0.346681 -0.453482 0.588667 0.362045 0.275349 0.668264 1.671103 -0.900449 -1.030380 -0.487772 -0.083000 -1.568938 0.926406
1776409929.572081 jaka_arm_left success 0.266636 0.346700 -0.453483 0.588702 0.361948 0.275394 0.668268 1.671103 -0.900449 -1.030380 -0.487772 -0.083000 -1.568938 0.926406
1776409929.580341 jaka_arm_left success 0.266641 0.346700 -0.453497 0.588709 0.361871 0.275199 0.668384 1.671103 -0.900449 -1.030380 -0.487772 -0.083000 -1.568938 0.926406
1776409929.588829 jaka_arm_left success 0.266657 0.346713 -0.453513 0.588700 0.361808 0.275120 0.668458 1.671103 -0.900449 -1.030380 -0.487772 -0.083000 -1.568938 0.926406
1776409929.597178 jaka_arm_left success 0.266666 0.346711 -0.453527 0.588666 0.361799 0.275093 0.668504 1.671103 -0.900449 -1.030380 -0.487772 -0.083000 -1.568938 0.926406
1776409929.605459 jaka_arm_left success 0.266674 0.346689 -0.453536 0.588571 0.361863 0.275106 0.668547 1.671047 -0.900752 -1.030392 -0.487865 -0.083141 -1.569149 0.926112
1776409929.613652 jaka_arm_left success 0.266670 0.346694 -0.453529 0.588612 0.361922 0.275110 0.668478 1.671047 -0.900752 -1.030392 -0.487865 -0.083141 -1.569149 0.926112
1776409929.630398 jaka_arm_left success 0.266667 0.346698 -0.453521 0.588580 0.361945 0.275133 0.668484 1.671047 -0.900752 -1.030392 -0.487865 -0.083141 -1.569149 0.926112
1776409929.638730 jaka_arm_left success 0.266666 0.346707 -0.453516 0.588568 0.361920 0.275145 0.668503 1.671004 -0.900692 -1.030456 -0.487813 -0.083182 -1.569137 0.926158
1776409929.647008 jaka_arm_left success 0.266686 0.346703 -0.453522 0.588440 0.361820 0.275023 0.668720 1.669703 -0.901202 -1.030016 -0.485415 -0.082754 -1.570796 0.925454
1776409929.655846 jaka_arm_left large_joint_change 0.266680 0.346594 -0.453517 0.587734 0.362051 0.274729 0.669337 1.669703 -0.901202 -1.030016 -0.485415 -0.082754 -1.570796 0.925454
1776409929.663849 jaka_arm_left success 0.266680 0.346738 -0.453521 0.588459 0.361775 0.274989 0.668742 1.669703 -0.901202 -1.030016 -0.485415 -0.082754 -1.570796 0.925454
1776409929.672220 jaka_arm_left success 0.266684 0.346752 -0.453528 0.588452 0.361752 0.275000 0.668756 1.669703 -0.901202 -1.030016 -0.485415 -0.082754 -1.570796 0.925454
1776409929.680432 jaka_arm_left success 0.266684 0.346761 -0.453535 0.588476 0.361700 0.274996 0.668765 1.669703 -0.901202 -1.030016 -0.485415 -0.082754 -1.570796 0.925454
1776409929.688793 jaka_arm_left success 0.266678 0.346754 -0.453536 0.588418 0.361733 0.274961 0.668813 1.669703 -0.901202 -1.030016 -0.485415 -0.082754 -1.570796 0.925454
1776409929.697077 jaka_arm_left success 0.266646 0.346800 -0.453509 0.588720 0.361681 0.274793 0.668644 1.669703 -0.901202 -1.030016 -0.485415 -0.082754 -1.570796 0.925454
1776409929.705353 jaka_arm_left success 0.266652 0.346757 -0.453517 0.588503 0.361751 0.274949 0.668733 1.669703 -0.901202 -1.030016 -0.485415 -0.082754 -1.570796 0.925454
1776409929.722120 jaka_arm_left success 0.266634 0.346725 -0.453497 0.588446 0.361781 0.274904 0.668785 1.669703 -0.901202 -1.030016 -0.485415 -0.082754 -1.570796 0.925454
1776409929.730463 jaka_arm_left success 0.266632 0.346708 -0.453497 0.588420 0.361772 0.274845 0.668837 1.669703 -0.901202 -1.030016 -0.485415 -0.082754 -1.570796 0.925454
1776409929.738689 jaka_arm_left success 0.266630 0.346691 -0.453503 0.588432 0.361783 0.274762 0.668855 1.669703 -0.901202 -1.030016 -0.485415 -0.082754 -1.570796 0.925454
1776409929.747013 jaka_arm_left success 0.266629 0.346686 -0.453509 0.588479 0.361773 0.274709 0.668841 1.669703 -0.901202 -1.030016 -0.485415 -0.082754 -1.570796 0.925454
1776409929.755325 jaka_arm_left success 0.266638 0.346695 -0.453513 0.588594 0.361719 0.274777 0.668740 1.669703 -0.901202 -1.030016 -0.485415 -0.082754 -1.570796 0.925454
1776409929.763683 jaka_arm_left success 0.266593 0.346677 -0.453490 0.588663 0.361865 0.274876 0.668561 1.669703 -0.901202 -1.030016 -0.485415 -0.082754 -1.570796 0.925454
1776409929.772109 jaka_arm_left success 0.266577 0.346660 -0.453477 0.588684 0.361880 0.274967 0.668496 1.669703 -0.901202 -1.030016 -0.485415 -0.082754 -1.570796 0.925454
1776409929.780338 jaka_arm_left success 0.266570 0.346632 -0.453464 0.588637 0.361863 0.274992 0.668536 1.669703 -0.901202 -1.030016 -0.485415 -0.082754 -1.570796 0.925454
1776409929.788760 jaka_arm_left success 0.266562 0.346615 -0.453454 0.588617 0.361817 0.275050 0.668555 1.669703 -0.901202 -1.030016 -0.485415 -0.082754 -1.570796 0.925454
1776409929.797116 jaka_arm_left success 0.266539 0.346630 -0.453438 0.588669 0.361660 0.275072 0.668585 1.669703 -0.901202 -1.030016 -0.485415 -0.082754 -1.570796 0.925454
1776409929.813711 jaka_arm_left success 0.266476 0.346584 -0.453393 0.588511 0.361814 0.275129 0.668617 1.669703 -0.901202 -1.030016 -0.485415 -0.082754 -1.570796 0.925454
1776409929.822070 jaka_arm_left success 0.266499 0.346572 -0.453402 0.588413 0.361582 0.275066 0.668855 1.669703 -0.901202 -1.030016 -0.485415 -0.082754 -1.570796 0.925454
1776409929.830476 jaka_arm_left success 0.266488 0.346571 -0.453396 0.588368 0.361562 0.275081 0.668900 1.669655 -0.901423 -1.030087 -0.485881 -0.082667 -1.570796 0.925917
1776409929.847105 jaka_arm_left success 0.266481 0.346448 -0.453394 0.587651 0.361925 0.275135 0.669311 1.669844 -0.902300 -1.030372 -0.486018 -0.083352 -1.570773 0.925241
1776409929.855431 jaka_arm_left success 0.266437 0.346553 -0.453387 0.588167 0.361666 0.275316 0.668923 1.669800 -0.901617 -1.030372 -0.485861 -0.082991 -1.570796 0.925999
1776409929.864024 jaka_arm_left success 0.266433 0.346447 -0.453369 0.587590 0.362007 0.275326 0.669242 1.669996 -0.902360 -1.030608 -0.485959 -0.083556 -1.570796 0.925469
1776409929.872249 jaka_arm_left success 0.266401 0.346555 -0.453335 0.588114 0.361806 0.275401 0.668859 1.669989 -0.901805 -1.030578 -0.485730 -0.083299 -1.570684 0.925905
1776409929.880456 jaka_arm_left success 0.266353 0.346568 -0.453321 0.588118 0.361952 0.275408 0.668774 1.669989 -0.901805 -1.030578 -0.485730 -0.083299 -1.570684 0.925905
1776409929.888723 jaka_arm_left success 0.266313 0.346555 -0.453301 0.588039 0.362233 0.275533 0.668639 1.669989 -0.901805 -1.030578 -0.485730 -0.083299 -1.570684 0.925905
1776409929.905446 jaka_arm_left success 0.266276 0.346587 -0.453278 0.588173 0.362284 0.275431 0.668536 1.669989 -0.901805 -1.030578 -0.485730 -0.083299 -1.570684 0.925905
1776409929.913648 jaka_arm_left success 0.266293 0.346572 -0.453290 0.588083 0.362137 0.275198 0.668791 1.669989 -0.901805 -1.030578 -0.485730 -0.083299 -1.570684 0.925905
1776409929.922094 jaka_arm_left success 0.266299 0.346572 -0.453300 0.588093 0.362046 0.275118 0.668865 1.669989 -0.901805 -1.030578 -0.485730 -0.083299 -1.570684 0.925905
1776409929.938689 jaka_arm_left success 0.266318 0.346551 -0.453324 0.588053 0.361868 0.274886 0.669091 1.670122 -0.901979 -1.030240 -0.485923 -0.083037 -1.570722 0.925671
1776409929.947048 jaka_arm_left success 0.266312 0.346547 -0.453319 0.588110 0.361840 0.274958 0.669027 1.670122 -0.901979 -1.030240 -0.485923 -0.083037 -1.570722 0.925671
1776409929.955569 jaka_arm_left success 0.266306 0.346524 -0.453307 0.588102 0.361843 0.274994 0.669017 1.670122 -0.901979 -1.030240 -0.485923 -0.083037 -1.570722 0.925671
1776409929.963873 jaka_arm_left success 0.266268 0.346455 -0.453281 0.587963 0.362021 0.274964 0.669056 1.670122 -0.901979 -1.030240 -0.485923 -0.083037 -1.570722 0.925671
1776409929.972177 jaka_arm_left success 0.266255 0.346340 -0.453277 0.587470 0.362509 0.275263 0.669102 1.670118 -0.902564 -1.030756 -0.485923 -0.083820 -1.570760 0.925292
1776409929.980501 jaka_arm_left success 0.266248 0.346424 -0.453291 0.587977 0.361916 0.275021 0.669077 1.670255 -0.902083 -1.030327 -0.485860 -0.083197 -1.570776 0.925570
1776409929.988674 jaka_arm_left success 0.266242 0.346429 -0.453292 0.588048 0.361855 0.275043 0.669038 1.670255 -0.902083 -1.030327 -0.485860 -0.083197 -1.570776 0.925570
1776409929.997102 jaka_arm_left success 0.266269 0.346279 -0.453295 0.587319 0.362172 0.274885 0.669571 1.670185 -0.902840 -1.030363 -0.486449 -0.083509 -1.570796 0.925002
1776409930.013822 jaka_arm_left solver_failed 0.266329 0.346215 -0.453317 0.586809 0.362104 0.275140 0.669951 1.670185 -0.902840 -1.030363 -0.486449 -0.083509 -1.570796 0.925002
1776409930.030541 jaka_arm_left success 0.266236 0.346501 -0.453247 0.588241 0.361819 0.275148 0.668845 1.670210 -0.901913 -1.030389 -0.485980 -0.083184 -1.570476 0.925681
1776409930.038723 jaka_arm_left success 0.266208 0.346556 -0.453228 0.588564 0.361789 0.274921 0.668671 1.670326 -0.901447 -1.030104 -0.485852 -0.082729 -1.570453 0.925932
1776409930.047136 jaka_arm_left success 0.266237 0.346522 -0.453258 0.588341 0.361854 0.275108 0.668754 1.670188 -0.901491 -1.030227 -0.485955 -0.082842 -1.570537 0.925966
1776409930.055484 jaka_arm_left success 0.266213 0.346519 -0.453246 0.588368 0.362119 0.275262 0.668523 1.670188 -0.901491 -1.030227 -0.485955 -0.082842 -1.570537 0.925966
1776409930.063739 jaka_arm_left success 0.266212 0.346521 -0.453245 0.588346 0.362183 0.275222 0.668525 1.670188 -0.901491 -1.030227 -0.485955 -0.082842 -1.570537 0.925966
1776409930.072202 jaka_arm_left success 0.266227 0.346603 -0.453228 0.588766 0.361763 0.274704 0.668596 1.670373 -0.901312 -1.029956 -0.485869 -0.082539 -1.570505 0.925956
1776409930.088721 jaka_arm_left success 0.266218 0.346579 -0.453244 0.588566 0.361965 0.274580 0.668713 1.670373 -0.901312 -1.029956 -0.485869 -0.082539 -1.570505 0.925956
1776409930.097222 jaka_arm_left success 0.266249 0.346566 -0.453278 0.588409 0.361883 0.274771 0.668817 1.670060 -0.901842 -1.030149 -0.486401 -0.082897 -1.570796 0.925589
1776409930.105478 jaka_arm_left success 0.266255 0.346544 -0.453287 0.588282 0.361912 0.274770 0.668913 1.670060 -0.901842 -1.030149 -0.486401 -0.082897 -1.570796 0.925589
1776409930.122089 jaka_arm_left success 0.266242 0.346562 -0.453266 0.588359 0.361779 0.274603 0.668986 1.670060 -0.901842 -1.030149 -0.486401 -0.082897 -1.570796 0.925589
1776409930.130484 jaka_arm_left success 0.266206 0.346628 -0.453235 0.588711 0.361651 0.274413 0.668823 1.670350 -0.901486 -1.029804 -0.486169 -0.082479 -1.570635 0.925643
1776409930.138709 jaka_arm_left success 0.266167 0.346623 -0.453211 0.588761 0.361890 0.274600 0.668574 1.670350 -0.901486 -1.029804 -0.486169 -0.082479 -1.570635 0.925643
1776409930.147064 jaka_arm_left success 0.266145 0.346634 -0.453202 0.588848 0.361873 0.274601 0.668506 1.670350 -0.901486 -1.029804 -0.486169 -0.082479 -1.570635 0.925643
1776409930.155479 jaka_arm_left success 0.266155 0.346568 -0.453218 0.588488 0.361921 0.274863 0.668689 1.670350 -0.901486 -1.029804 -0.486169 -0.082479 -1.570635 0.925643
1776409930.163876 jaka_arm_left success 0.266121 0.346551 -0.453199 0.588526 0.361895 0.274592 0.668781 1.670350 -0.901486 -1.029804 -0.486169 -0.082479 -1.570635 0.925643
1776409930.172078 jaka_arm_left success 0.266132 0.346538 -0.453211 0.588472 0.361795 0.274566 0.668894 1.670350 -0.901486 -1.029804 -0.486169 -0.082479 -1.570635 0.925643
1776409930.180486 jaka_arm_left success 0.266213 0.346491 -0.453254 0.588160 0.361505 0.274600 0.669311 1.670075 -0.901357 -1.029955 -0.486956 -0.082635 -1.570796 0.925309
1776409930.188688 jaka_arm_left success 0.266165 0.346528 -0.453234 0.588476 0.361432 0.274296 0.669197 1.670247 -0.901191 -1.029693 -0.486894 -0.082342 -1.570796 0.925297
1776409930.197058 jaka_arm_left success 0.266168 0.346526 -0.453239 0.588485 0.361393 0.274247 0.669230 1.670247 -0.901191 -1.029693 -0.486894 -0.082342 -1.570796 0.925297
1776409930.213680 jaka_arm_left success 0.266178 0.346456 -0.453242 0.588203 0.361643 0.274653 0.669176 1.670141 -0.901216 -1.029930 -0.486888 -0.082582 -1.570796 0.925331
1776409930.222065 jaka_arm_left success 0.266159 0.346495 -0.453215 0.588464 0.361594 0.274461 0.669053 1.670141 -0.901216 -1.029930 -0.486888 -0.082582 -1.570796 0.925331
1776409930.230524 jaka_arm_left success 0.266156 0.346507 -0.453207 0.588580 0.361542 0.274357 0.669021 1.670141 -0.901216 -1.029930 -0.486888 -0.082582 -1.570796 0.925331
1776409930.238817 jaka_arm_left success 0.266185 0.346512 -0.453215 0.588611 0.361448 0.274382 0.669035 1.670141 -0.901216 -1.029930 -0.486888 -0.082582 -1.570796 0.925331
1776409930.247127 jaka_arm_left solver_failed 0.266193 0.346512 -0.453233 0.588529 0.361189 0.274118 0.669354 1.670141 -0.901216 -1.029930 -0.486888 -0.082582 -1.570796 0.925331
1776409930.255369 jaka_arm_left success 0.266181 0.346489 -0.453240 0.588447 0.361378 0.274306 0.669248 1.670231 -0.901135 -1.029665 -0.486958 -0.082294 -1.570796 0.925294
1776409930.263738 jaka_arm_left success 0.266182 0.346460 -0.453245 0.588270 0.361449 0.274363 0.669341 1.670231 -0.901135 -1.029665 -0.486958 -0.082294 -1.570796 0.925294
1776409930.272039 jaka_arm_left success 0.266164 0.346607 -0.453251 0.588978 0.360991 0.274543 0.668892 1.670044 -0.900346 -1.029668 -0.486795 -0.081944 -1.570792 0.925938
1776409930.280404 jaka_arm_left solver_failed 0.266236 0.346418 -0.453284 0.587907 0.361167 0.274492 0.669760 1.670044 -0.900346 -1.029668 -0.486795 -0.081944 -1.570792 0.925938
1776409930.288782 jaka_arm_left solver_failed 0.266252 0.346437 -0.453292 0.587924 0.360876 0.274179 0.670029 1.670044 -0.900346 -1.029668 -0.486795 -0.081944 -1.570792 0.925938
1776409930.297087 jaka_arm_left solver_failed 0.266210 0.346536 -0.453265 0.588437 0.360688 0.273908 0.669792 1.670044 -0.900346 -1.029668 -0.486795 -0.081944 -1.570792 0.925938
1776409930.305582 jaka_arm_left solver_failed 0.266216 0.346522 -0.453249 0.588327 0.360729 0.273787 0.669915 1.670044 -0.900346 -1.029668 -0.486795 -0.081944 -1.570792 0.925938
1776409930.313731 jaka_arm_left solver_failed 0.266184 0.346564 -0.453220 0.588573 0.360816 0.274064 0.669539 1.670044 -0.900346 -1.029668 -0.486795 -0.081944 -1.570792 0.925938
1776409930.322134 jaka_arm_left solver_failed 0.266169 0.346595 -0.453194 0.588667 0.360705 0.273917 0.669576 1.670044 -0.900346 -1.029668 -0.486795 -0.081944 -1.570792 0.925938
1776409930.338799 jaka_arm_left solver_failed 0.266150 0.346571 -0.453183 0.588526 0.360986 0.274265 0.669406 1.670044 -0.900346 -1.029668 -0.486795 -0.081944 -1.570792 0.925938
1776409930.347123 jaka_arm_left solver_failed 0.266170 0.346576 -0.453207 0.588400 0.360698 0.274157 0.669717 1.670044 -0.900346 -1.029668 -0.486795 -0.081944 -1.570792 0.925938
1776409930.355351 jaka_arm_left solver_failed 0.266207 0.346567 -0.453223 0.588253 0.360476 0.274121 0.669980 1.670044 -0.900346 -1.029668 -0.486795 -0.081944 -1.570792 0.925938
1776409930.363729 jaka_arm_left solver_failed 0.266169 0.346715 -0.453209 0.588910 0.360050 0.274284 0.669565 1.670044 -0.900346 -1.029668 -0.486795 -0.081944 -1.570792 0.925938
1776409930.372105 jaka_arm_left solver_failed 0.266154 0.346629 -0.453185 0.588339 0.360191 0.274096 0.670068 1.670044 -0.900346 -1.029668 -0.486795 -0.081944 -1.570792 0.925938
1776409930.380446 jaka_arm_left solver_failed 0.266138 0.346624 -0.453149 0.588210 0.360121 0.274088 0.670222 1.670044 -0.900346 -1.029668 -0.486795 -0.081944 -1.570792 0.925938
1776409930.388870 jaka_arm_left solver_failed 0.266099 0.346636 -0.453112 0.588220 0.360046 0.274108 0.670246 1.670044 -0.900346 -1.029668 -0.486795 -0.081944 -1.570792 0.925938
1776409930.397220 jaka_arm_left solver_failed 0.266079 0.346656 -0.453093 0.588171 0.359878 0.274093 0.670385 1.670044 -0.900346 -1.029668 -0.486795 -0.081944 -1.570792 0.925938
1776409930.405475 jaka_arm_left solver_failed 0.266084 0.346698 -0.453070 0.588289 0.359552 0.274341 0.670354 1.670044 -0.900346 -1.029668 -0.486795 -0.081944 -1.570792 0.925938
1776409930.413728 jaka_arm_left solver_failed 0.266056 0.346803 -0.453058 0.588806 0.359121 0.274521 0.670058 1.670044 -0.900346 -1.029668 -0.486795 -0.081944 -1.570792 0.925938
1776409930.430509 jaka_arm_left solver_failed 0.266012 0.346738 -0.453032 0.588724 0.359030 0.274594 0.670149 1.670044 -0.900346 -1.029668 -0.486795 -0.081944 -1.570792 0.925938
1776409930.438810 jaka_arm_left solver_failed 0.265997 0.346711 -0.453039 0.588706 0.358934 0.274796 0.670134 1.670044 -0.900346 -1.029668 -0.486795 -0.081944 -1.570792 0.925938
1776409930.447044 jaka_arm_left solver_failed 0.266023 0.346655 -0.453030 0.588730 0.358558 0.274822 0.670303 1.670044 -0.900346 -1.029668 -0.486795 -0.081944 -1.570792 0.925938
1776409930.463802 jaka_arm_left solver_failed 0.266010 0.346569 -0.453022 0.588655 0.358583 0.275161 0.670216 1.670044 -0.900346 -1.029668 -0.486795 -0.081944 -1.570792 0.925938
1776409930.472147 jaka_arm_left solver_failed 0.266012 0.346509 -0.453037 0.588512 0.358620 0.275402 0.670223 1.670044 -0.900346 -1.029668 -0.486795 -0.081944 -1.570792 0.925938
1776409930.480473 jaka_arm_left solver_failed 0.266031 0.346485 -0.453046 0.588581 0.358556 0.275254 0.670258 1.670044 -0.900346 -1.029668 -0.486795 -0.081944 -1.570792 0.925938
1776409930.488750 jaka_arm_left solver_failed 0.266019 0.346458 -0.453057 0.588640 0.358583 0.275218 0.670206 1.670044 -0.900346 -1.029668 -0.486795 -0.081944 -1.570792 0.925938
1776409930.497344 jaka_arm_left solver_failed 0.266018 0.346423 -0.453080 0.588670 0.358662 0.274996 0.670228 1.670044 -0.900346 -1.029668 -0.486795 -0.081944 -1.570792 0.925938
1776409930.505486 jaka_arm_left solver_failed 0.266027 0.346460 -0.453078 0.588993 0.358593 0.274617 0.670138 1.670044 -0.900346 -1.029668 -0.486795 -0.081944 -1.570792 0.925938
1776409930.522298 jaka_arm_left solver_failed 0.266055 0.346452 -0.453091 0.589011 0.358722 0.274743 0.670000 1.670044 -0.900346 -1.029668 -0.486795 -0.081944 -1.570792 0.925938
1776409930.530745 jaka_arm_left solver_failed 0.266067 0.346453 -0.453084 0.589015 0.358801 0.274883 0.669897 1.670044 -0.900346 -1.029668 -0.486795 -0.081944 -1.570792 0.925938
1776409930.538857 jaka_arm_left solver_failed 0.266102 0.346423 -0.453099 0.588792 0.358916 0.275253 0.669880 1.670044 -0.900346 -1.029668 -0.486795 -0.081944 -1.570792 0.925938
1776409930.555552 jaka_arm_left solver_failed 0.266097 0.346468 -0.453095 0.588877 0.359195 0.275240 0.669661 1.670044 -0.900346 -1.029668 -0.486795 -0.081944 -1.570792 0.925938
1776409930.563880 jaka_arm_left solver_failed 0.266108 0.346495 -0.453107 0.588876 0.359280 0.275114 0.669668 1.670044 -0.900346 -1.029668 -0.486795 -0.081944 -1.570792 0.925938
1776409930.572219 jaka_arm_left solver_failed 0.266152 0.346455 -0.453152 0.588412 0.359606 0.275274 0.669835 1.670044 -0.900346 -1.029668 -0.486795 -0.081944 -1.570792 0.925938
1776409930.580538 jaka_arm_left solver_failed 0.266144 0.346557 -0.453143 0.588706 0.359752 0.275108 0.669567 1.670044 -0.900346 -1.029668 -0.486795 -0.081944 -1.570792 0.925938
1776409930.588874 jaka_arm_left solver_failed 0.266205 0.346549 -0.453165 0.588433 0.359922 0.275217 0.669670 1.670044 -0.900346 -1.029668 -0.486795 -0.081944 -1.570792 0.925938
1776409930.597256 jaka_arm_left solver_failed 0.266226 0.346490 -0.453145 0.587926 0.360359 0.274622 0.670124 1.670044 -0.900346 -1.029668 -0.486795 -0.081944 -1.570792 0.925938
1776409930.605489 jaka_arm_left solver_failed 0.266241 0.346498 -0.453164 0.587676 0.360574 0.274683 0.670204 1.670044 -0.900346 -1.029668 -0.486795 -0.081944 -1.570792 0.925938
1776409930.613745 jaka_arm_left solver_failed 0.266222 0.346559 -0.453163 0.587739 0.360699 0.274628 0.670104 1.670044 -0.900346 -1.029668 -0.486795 -0.081944 -1.570792 0.925938
1776409930.630449 jaka_arm_left solver_failed 0.266279 0.346693 -0.453179 0.587954 0.360353 0.273941 0.670382 1.670044 -0.900346 -1.029668 -0.486795 -0.081944 -1.570792 0.925938
1776409930.647168 jaka_arm_left solver_failed 0.266305 0.346710 -0.453206 0.587893 0.360457 0.273707 0.670475 1.670044 -0.900346 -1.029668 -0.486795 -0.081944 -1.570792 0.925938
1776409930.663825 jaka_arm_left solver_failed 0.266259 0.346794 -0.453211 0.588429 0.360753 0.274002 0.669724 1.670044 -0.900346 -1.029668 -0.486795 -0.081944 -1.570792 0.925938
1776409930.680522 jaka_arm_left solver_failed 0.266203 0.346771 -0.453187 0.588454 0.361072 0.274393 0.669371 1.670044 -0.900346 -1.029668 -0.486795 -0.081944 -1.570792 0.925938
1776409930.688811 jaka_arm_left solver_failed 0.266165 0.346755 -0.453185 0.588412 0.361171 0.274604 0.669268 1.670044 -0.900346 -1.029668 -0.486795 -0.081944 -1.570792 0.925938
1776409930.697142 jaka_arm_left solver_failed 0.266139 0.346809 -0.453184 0.588740 0.360805 0.274449 0.669240 1.670044 -0.900346 -1.029668 -0.486795 -0.081944 -1.570792 0.925938
1776409930.713731 jaka_arm_left solver_failed 0.266122 0.346637 -0.453150 0.588072 0.361255 0.274383 0.669612 1.670044 -0.900346 -1.029668 -0.486795 -0.081944 -1.570792 0.925938
1776409930.722118 jaka_arm_left solver_failed 0.266127 0.346649 -0.453147 0.588158 0.360898 0.274020 0.669877 1.670044 -0.900346 -1.029668 -0.486795 -0.081944 -1.570792 0.925938
1776409930.738853 jaka_arm_left solver_failed 0.266115 0.346645 -0.453142 0.588206 0.360730 0.273864 0.669990 1.670044 -0.900346 -1.029668 -0.486795 -0.081944 -1.570792 0.925938
1776409930.747129 jaka_arm_left solver_failed 0.266070 0.346608 -0.453129 0.588266 0.360561 0.273733 0.670081 1.670044 -0.900346 -1.029668 -0.486795 -0.081944 -1.570792 0.925938
1776409930.755463 jaka_arm_left solver_failed 0.266022 0.346712 -0.453126 0.588931 0.360205 0.273926 0.669609 1.670044 -0.900346 -1.029668 -0.486795 -0.081944 -1.570792 0.925938
1776409930.763873 jaka_arm_left solver_failed 0.266006 0.346598 -0.453115 0.588470 0.360516 0.273955 0.669836 1.670044 -0.900346 -1.029668 -0.486795 -0.081944 -1.570792 0.925938
1776409930.780449 jaka_arm_left solver_failed 0.265939 0.346725 -0.453097 0.589309 0.360083 0.274141 0.669255 1.670044 -0.900346 -1.029668 -0.486795 -0.081944 -1.570792 0.925938
1776409930.788832 jaka_arm_left solver_failed 0.265925 0.346724 -0.453076 0.589407 0.360011 0.274079 0.669232 1.670044 -0.900346 -1.029668 -0.486795 -0.081944 -1.570792 0.925938
1776409930.797081 jaka_arm_left solver_failed 0.265910 0.346714 -0.453060 0.589501 0.359863 0.273894 0.669305 1.670044 -0.900346 -1.029668 -0.486795 -0.081944 -1.570792 0.925938
1776409930.805654 jaka_arm_left solver_failed 0.265900 0.346704 -0.453057 0.589528 0.359744 0.273808 0.669381 1.670044 -0.900346 -1.029668 -0.486795 -0.081944 -1.570792 0.925938
1776409930.813751 jaka_arm_left solver_failed 0.265884 0.346637 -0.453061 0.589379 0.359718 0.273562 0.669626 1.670044 -0.900346 -1.029668 -0.486795 -0.081944 -1.570792 0.925938
1776409930.830460 jaka_arm_left solver_failed 0.265862 0.346587 -0.453071 0.589359 0.359619 0.273337 0.669789 1.670044 -0.900346 -1.029668 -0.486795 -0.081944 -1.570792 0.925938
1776409930.838773 jaka_arm_left solver_failed 0.265882 0.346576 -0.453075 0.589483 0.359307 0.273287 0.669868 1.670044 -0.900346 -1.029668 -0.486795 -0.081944 -1.570792 0.925938
1776409930.847087 jaka_arm_left solver_failed 0.265878 0.346558 -0.453076 0.589518 0.359251 0.273233 0.669889 1.670044 -0.900346 -1.029668 -0.486795 -0.081944 -1.570792 0.925938
1776409930.863747 jaka_arm_left solver_failed 0.265841 0.346491 -0.453078 0.589442 0.359217 0.272875 0.670120 1.670044 -0.900346 -1.029668 -0.486795 -0.081944 -1.570792 0.925938
1776409930.872129 jaka_arm_left solver_failed 0.265831 0.346485 -0.453068 0.589485 0.359094 0.272768 0.670191 1.670044 -0.900346 -1.029668 -0.486795 -0.081944 -1.570792 0.925938
1776409930.880483 jaka_arm_left solver_failed 0.265822 0.346487 -0.453058 0.589511 0.359015 0.272753 0.670217 1.670044 -0.900346 -1.029668 -0.486795 -0.081944 -1.570792 0.925938
1776409930.888848 jaka_arm_left solver_failed 0.265824 0.346463 -0.453066 0.589371 0.358958 0.272901 0.670311 1.670044 -0.900346 -1.029668 -0.486795 -0.081944 -1.570792 0.925938
1776409930.897211 jaka_arm_left solver_failed 0.265826 0.346451 -0.453076 0.589325 0.358928 0.272852 0.670387 1.670044 -0.900346 -1.029668 -0.486795 -0.081944 -1.570792 0.925938
1776409930.905529 jaka_arm_left solver_failed 0.265843 0.346471 -0.453085 0.589437 0.358810 0.272652 0.670433 1.670044 -0.900346 -1.029668 -0.486795 -0.081944 -1.570792 0.925938
1776409930.913925 jaka_arm_left solver_failed 0.265864 0.346482 -0.453099 0.589456 0.358761 0.272592 0.670467 1.670044 -0.900346 -1.029668 -0.486795 -0.081944 -1.570792 0.925938
1776409930.922181 jaka_arm_left solver_failed 0.265881 0.346447 -0.453118 0.589202 0.358865 0.272639 0.670615 1.670044 -0.900346 -1.029668 -0.486795 -0.081944 -1.570792 0.925938
1776409930.930438 jaka_arm_left solver_failed 0.265899 0.346489 -0.453120 0.589357 0.358772 0.272410 0.670622 1.670044 -0.900346 -1.029668 -0.486795 -0.081944 -1.570792 0.925938
1776409930.938776 jaka_arm_left solver_failed 0.265930 0.346498 -0.453139 0.589237 0.358642 0.272263 0.670857 1.670044 -0.900346 -1.029668 -0.486795 -0.081944 -1.570792 0.925938
1776409930.955574 jaka_arm_left solver_failed 0.265940 0.346516 -0.453141 0.589193 0.358618 0.272176 0.670943 1.670044 -0.900346 -1.029668 -0.486795 -0.081944 -1.570792 0.925938
1776409930.963938 jaka_arm_left solver_failed 0.265971 0.346688 -0.453116 0.589399 0.358567 0.272488 0.670663 1.670044 -0.900346 -1.029668 -0.486795 -0.081944 -1.570792 0.925938
1776409930.972172 jaka_arm_left solver_failed 0.265970 0.346719 -0.453111 0.589349 0.358590 0.272490 0.670693 1.670044 -0.900346 -1.029668 -0.486795 -0.081944 -1.570792 0.925938
1776409930.980491 jaka_arm_left solver_failed 0.265971 0.346742 -0.453110 0.589313 0.358632 0.272533 0.670685 1.670044 -0.900346 -1.029668 -0.486795 -0.081944 -1.570792 0.925938
1776409930.989249 jaka_arm_left solver_failed 0.265985 0.346755 -0.453124 0.589214 0.358629 0.272463 0.670803 1.670044 -0.900346 -1.029668 -0.486795 -0.081944 -1.570792 0.925938
1776409930.997304 jaka_arm_left solver_failed 0.265998 0.346760 -0.453145 0.589119 0.358641 0.272429 0.670894 1.670044 -0.900346 -1.029668 -0.486795 -0.081944 -1.570792 0.925938
1776409931.013749 jaka_arm_left solver_failed 0.265936 0.346665 -0.453156 0.588713 0.359637 0.272277 0.670778 1.670044 -0.900346 -1.029668 -0.486795 -0.081944 -1.570792 0.925938
1776409931.022120 jaka_arm_left solver_failed 0.266087 0.346597 -0.453251 0.588282 0.359152 0.272297 0.671408 1.670044 -0.900346 -1.029668 -0.486795 -0.081944 -1.570792 0.925938
1776409931.030447 jaka_arm_left solver_failed 0.266177 0.346624 -0.453283 0.588325 0.358780 0.272240 0.671592 1.670044 -0.900346 -1.029668 -0.486795 -0.081944 -1.570792 0.925938
1776409931.047094 jaka_arm_left solver_failed 0.266216 0.346574 -0.453291 0.588106 0.358883 0.272088 0.671790 1.670044 -0.900346 -1.029668 -0.486795 -0.081944 -1.570792 0.925938
1776409931.055543 jaka_arm_left solver_failed 0.266230 0.346612 -0.453269 0.588351 0.358825 0.271856 0.671701 1.670044 -0.900346 -1.029668 -0.486795 -0.081944 -1.570792 0.925938
1776409931.063728 jaka_arm_left solver_failed 0.266240 0.346623 -0.453273 0.588410 0.358765 0.271806 0.671702 1.670044 -0.900346 -1.029668 -0.486795 -0.081944 -1.570792 0.925938
1776409931.072129 jaka_arm_left solver_failed 0.266251 0.346626 -0.453283 0.588433 0.358705 0.271807 0.671713 1.670044 -0.900346 -1.029668 -0.486795 -0.081944 -1.570792 0.925938
1776409931.080546 jaka_arm_left solver_failed 0.266258 0.346628 -0.453298 0.588466 0.358641 0.271853 0.671700 1.670044 -0.900346 -1.029668 -0.486795 -0.081944 -1.570792 0.925938
1776409931.088856 jaka_arm_left solver_failed 0.266259 0.346613 -0.453315 0.588384 0.358542 0.271983 0.671771 1.670044 -0.900346 -1.029668 -0.486795 -0.081944 -1.570792 0.925938
1776409931.097155 jaka_arm_left solver_failed 0.266278 0.346585 -0.453317 0.588319 0.358522 0.271992 0.671835 1.670044 -0.900346 -1.029668 -0.486795 -0.081944 -1.570792 0.925938
1776409931.105521 jaka_arm_left solver_failed 0.266267 0.346512 -0.453326 0.587937 0.358466 0.271821 0.672270 1.670044 -0.900346 -1.029668 -0.486795 -0.081944 -1.570792 0.925938
1776409931.113728 jaka_arm_left solver_failed 0.266292 0.346557 -0.453340 0.588233 0.358306 0.272008 0.672020 1.670044 -0.900346 -1.029668 -0.486795 -0.081944 -1.570792 0.925938
1776409931.122077 jaka_arm_left solver_failed 0.266323 0.346556 -0.453337 0.588278 0.358198 0.271976 0.672051 1.670044 -0.900346 -1.029668 -0.486795 -0.081944 -1.570792 0.925938
1776409931.138820 jaka_arm_left solver_failed 0.266337 0.346503 -0.453360 0.588001 0.358165 0.272001 0.672300 1.670044 -0.900346 -1.029668 -0.486795 -0.081944 -1.570792 0.925938
1776409931.147106 jaka_arm_left solver_failed 0.266364 0.346531 -0.453335 0.588377 0.358017 0.271541 0.672237 1.670044 -0.900346 -1.029668 -0.486795 -0.081944 -1.570792 0.925938
1776409931.155766 jaka_arm_left solver_failed 0.266394 0.346505 -0.453349 0.588357 0.358007 0.271385 0.672322 1.670044 -0.900346 -1.029668 -0.486795 -0.081944 -1.570792 0.925938
1776409931.163858 jaka_arm_left solver_failed 0.266411 0.346508 -0.453362 0.588436 0.358047 0.271379 0.672235 1.670044 -0.900346 -1.029668 -0.486795 -0.081944 -1.570792 0.925938
1776409931.172136 jaka_arm_left solver_failed 0.266485 0.346476 -0.453388 0.588310 0.357968 0.271629 0.672286 1.670044 -0.900346 -1.029668 -0.486795 -0.081944 -1.570792 0.925938
1776409931.180431 jaka_arm_left solver_failed 0.266480 0.346492 -0.453379 0.588486 0.358035 0.271519 0.672141 1.670044 -0.900346 -1.029668 -0.486795 -0.081944 -1.570792 0.925938
1776409931.188747 jaka_arm_left solver_failed 0.266479 0.346504 -0.453375 0.588549 0.358112 0.271582 0.672019 1.670044 -0.900346 -1.029668 -0.486795 -0.081944 -1.570792 0.925938
1776409931.197165 jaka_arm_left solver_failed 0.266463 0.346494 -0.453358 0.588616 0.358288 0.271616 0.671852 1.670044 -0.900346 -1.029668 -0.486795 -0.081944 -1.570792 0.925938
1776409931.205542 jaka_arm_left solver_failed 0.266478 0.346499 -0.453370 0.588527 0.358224 0.271569 0.671984 1.670044 -0.900346 -1.029668 -0.486795 -0.081944 -1.570792 0.925938
1776409931.213721 jaka_arm_left solver_failed 0.266501 0.346478 -0.453383 0.588312 0.358199 0.271698 0.672132 1.670044 -0.900346 -1.029668 -0.486795 -0.081944 -1.570792 0.925938
1776409931.230534 jaka_arm_left solver_failed 0.266481 0.346546 -0.453350 0.588528 0.358166 0.271588 0.672006 1.670044 -0.900346 -1.029668 -0.486795 -0.081944 -1.570792 0.925938
1776409931.238796 jaka_arm_left solver_failed 0.266474 0.346556 -0.453350 0.588513 0.358209 0.271580 0.672000 1.670044 -0.900346 -1.029668 -0.486795 -0.081944 -1.570792 0.925938
1776409931.247119 jaka_arm_left solver_failed 0.266497 0.346515 -0.453373 0.588247 0.358320 0.271823 0.672075 1.670044 -0.900346 -1.029668 -0.486795 -0.081944 -1.570792 0.925938
1776409931.263828 jaka_arm_left solver_failed 0.266468 0.346571 -0.453363 0.588559 0.358335 0.271631 0.671871 1.670044 -0.900346 -1.029668 -0.486795 -0.081944 -1.570792 0.925938
1776409931.272157 jaka_arm_left solver_failed 0.266470 0.346566 -0.453366 0.588590 0.358335 0.271585 0.671863 1.670044 -0.900346 -1.029668 -0.486795 -0.081944 -1.570792 0.925938
1776409931.280416 jaka_arm_left solver_failed 0.266466 0.346561 -0.453363 0.588635 0.358369 0.271564 0.671813 1.670044 -0.900346 -1.029668 -0.486795 -0.081944 -1.570792 0.925938
1776409931.288815 jaka_arm_left solver_failed 0.266459 0.346551 -0.453361 0.588722 0.358371 0.271490 0.671767 1.670044 -0.900346 -1.029668 -0.486795 -0.081944 -1.570792 0.925938
1776409931.297122 jaka_arm_left solver_failed 0.266470 0.346465 -0.453358 0.588508 0.358507 0.271683 0.671804 1.670044 -0.900346 -1.029668 -0.486795 -0.081944 -1.570792 0.925938
1776409931.305564 jaka_arm_left solver_failed 0.266428 0.346493 -0.453337 0.588878 0.358491 0.271476 0.671571 1.670044 -0.900346 -1.029668 -0.486795 -0.081944 -1.570792 0.925938
1776409931.322315 jaka_arm_left solver_failed 0.266490 0.346453 -0.453346 0.589197 0.357901 0.271403 0.671635 1.670044 -0.900346 -1.029668 -0.486795 -0.081944 -1.570792 0.925938
1776409931.330800 jaka_arm_left solver_failed 0.266531 0.346393 -0.453397 0.589001 0.357851 0.271797 0.671675 1.670044 -0.900346 -1.029668 -0.486795 -0.081944 -1.570792 0.925938
1776409931.338847 jaka_arm_left solver_failed 0.266527 0.346328 -0.453415 0.588915 0.357799 0.271735 0.671803 1.670044 -0.900346 -1.029668 -0.486795 -0.081944 -1.570792 0.925938
1776409931.355557 jaka_arm_left solver_failed 0.266505 0.346237 -0.453423 0.588964 0.357769 0.271609 0.671827 1.670044 -0.900346 -1.029668 -0.486795 -0.081944 -1.570792 0.925938
1776409931.363768 jaka_arm_left solver_failed 0.266452 0.346202 -0.453399 0.589060 0.357922 0.271637 0.671650 1.670044 -0.900346 -1.029668 -0.486795 -0.081944 -1.570792 0.925938
1776409931.372150 jaka_arm_left solver_failed 0.266460 0.346144 -0.453394 0.588992 0.357928 0.271641 0.671705 1.670044 -0.900346 -1.029668 -0.486795 -0.081944 -1.570792 0.925938
1776409931.380466 jaka_arm_left solver_failed 0.266436 0.346120 -0.453385 0.588983 0.357975 0.271712 0.671658 1.670044 -0.900346 -1.029668 -0.486795 -0.081944 -1.570792 0.925938
1776409931.388945 jaka_arm_left solver_failed 0.266411 0.346125 -0.453374 0.589138 0.357897 0.271801 0.671529 1.670044 -0.900346 -1.029668 -0.486795 -0.081944 -1.570792 0.925938
1776409931.397329 jaka_arm_left solver_failed 0.266398 0.346118 -0.453368 0.589155 0.357855 0.271918 0.671488 1.670044 -0.900346 -1.029668 -0.486795 -0.081944 -1.570792 0.925938
1776409931.405934 jaka_arm_left solver_failed 0.266339 0.346099 -0.453352 0.589231 0.358047 0.272014 0.671280 1.670044 -0.900346 -1.029668 -0.486795 -0.081944 -1.570792 0.925938
1776409931.413869 jaka_arm_left solver_failed 0.266263 0.346040 -0.453379 0.589171 0.358317 0.271545 0.671379 1.670044 -0.900346 -1.029668 -0.486795 -0.081944 -1.570792 0.925938
1776409931.422157 jaka_arm_left solver_failed 0.266247 0.346061 -0.453367 0.589348 0.358309 0.271470 0.671259 1.670044 -0.900346 -1.029668 -0.486795 -0.081944 -1.570792 0.925938
1776409931.430658 jaka_arm_left solver_failed 0.266346 0.346106 -0.453366 0.589381 0.357954 0.272136 0.671149 1.670044 -0.900346 -1.029668 -0.486795 -0.081944 -1.570792 0.925938
1776409931.447116 jaka_arm_left solver_failed 0.266399 0.346097 -0.453384 0.589323 0.357718 0.272019 0.671373 1.670044 -0.900346 -1.029668 -0.486795 -0.081944 -1.570792 0.925938
1776409931.455407 jaka_arm_left solver_failed 0.266414 0.346062 -0.453387 0.589171 0.357769 0.271896 0.671529 1.670044 -0.900346 -1.029668 -0.486795 -0.081944 -1.570792 0.925938
1776409931.463884 jaka_arm_left solver_failed 0.266463 0.346119 -0.453402 0.589301 0.357531 0.271938 0.671525 1.670044 -0.900346 -1.029668 -0.486795 -0.081944 -1.570792 0.925938
1776409931.472144 jaka_arm_left solver_failed 0.266460 0.346080 -0.453384 0.589153 0.357820 0.271943 0.671498 1.670044 -0.900346 -1.029668 -0.486795 -0.081944 -1.570792 0.925938
1776409931.480476 jaka_arm_left solver_failed 0.266502 0.346147 -0.453396 0.589269 0.357756 0.272076 0.671377 1.670044 -0.900346 -1.029668 -0.486795 -0.081944 -1.570792 0.925938
1776409931.488735 jaka_arm_left solver_failed 0.266524 0.346162 -0.453402 0.589260 0.357787 0.272142 0.671342 1.670044 -0.900346 -1.029668 -0.486795 -0.081944 -1.570792 0.925938
1776409931.497232 jaka_arm_left solver_failed 0.266515 0.346174 -0.453404 0.589274 0.358020 0.272232 0.671169 1.670044 -0.900346 -1.029668 -0.486795 -0.081944 -1.570792 0.925938
1776409931.505455 jaka_arm_left solver_failed 0.266554 0.346125 -0.453426 0.588807 0.357983 0.271932 0.671720 1.670044 -0.900346 -1.029668 -0.486795 -0.081944 -1.570792 0.925938
1776409931.513748 jaka_arm_left solver_failed 0.266577 0.346205 -0.453438 0.589097 0.357955 0.272083 0.671419 1.670044 -0.900346 -1.029668 -0.486795 -0.081944 -1.570792 0.925938
1776409931.522185 jaka_arm_left solver_failed 0.266594 0.346209 -0.453449 0.589010 0.358061 0.272079 0.671441 1.670044 -0.900346 -1.029668 -0.486795 -0.081944 -1.570792 0.925938
1776409931.539079 jaka_arm_left solver_failed 0.266606 0.346280 -0.453450 0.589116 0.358079 0.272233 0.671276 1.670044 -0.900346 -1.029668 -0.486795 -0.081944 -1.570792 0.925938
1776409931.547137 jaka_arm_left solver_failed 0.266609 0.346271 -0.453441 0.588830 0.358295 0.272192 0.671428 1.670044 -0.900346 -1.029668 -0.486795 -0.081944 -1.570792 0.925938
1776409931.555534 jaka_arm_left solver_failed 0.266552 0.346281 -0.453439 0.588547 0.358957 0.272139 0.671344 1.670044 -0.900346 -1.029668 -0.486795 -0.081944 -1.570792 0.925938
1776409931.563737 jaka_arm_left solver_failed 0.266546 0.346285 -0.453439 0.588502 0.359086 0.272093 0.671333 1.670044 -0.900346 -1.029668 -0.486795 -0.081944 -1.570792 0.925938
1776409931.572142 jaka_arm_left solver_failed 0.266542 0.346291 -0.453443 0.588506 0.359153 0.272017 0.671325 1.670044 -0.900346 -1.029668 -0.486795 -0.081944 -1.570792 0.925938
1776409931.580482 jaka_arm_left solver_failed 0.266543 0.346301 -0.453450 0.588537 0.359164 0.272020 0.671290 1.670044 -0.900346 -1.029668 -0.486795 -0.081944 -1.570792 0.925938
1776409931.588674 jaka_arm_left solver_failed 0.266594 0.346322 -0.453451 0.588782 0.358615 0.271928 0.671406 1.670044 -0.900346 -1.029668 -0.486795 -0.081944 -1.570792 0.925938
1776409931.597125 jaka_arm_left solver_failed 0.266597 0.346307 -0.453459 0.588763 0.358553 0.271938 0.671452 1.670044 -0.900346 -1.029668 -0.486795 -0.081944 -1.570792 0.925938
1776409931.613786 jaka_arm_left solver_failed 0.266550 0.346361 -0.453445 0.589142 0.358260 0.272071 0.671221 1.670044 -0.900346 -1.029668 -0.486795 -0.081944 -1.570792 0.925938
1776409931.630483 jaka_arm_left solver_failed 0.266497 0.346357 -0.453409 0.589263 0.358180 0.272142 0.671129 1.670044 -0.900346 -1.029668 -0.486795 -0.081944 -1.570792 0.925938
1776409931.638819 jaka_arm_left solver_failed 0.266482 0.346336 -0.453397 0.589251 0.358152 0.272142 0.671155 1.670044 -0.900346 -1.029668 -0.486795 -0.081944 -1.570792 0.925938
1776409931.647106 jaka_arm_left solver_failed 0.266435 0.346277 -0.453375 0.589202 0.358400 0.272259 0.671018 1.670044 -0.900346 -1.029668 -0.486795 -0.081944 -1.570792 0.925938
1776409931.655470 jaka_arm_left solver_failed 0.266457 0.346266 -0.453391 0.589230 0.358118 0.272065 0.671223 1.670044 -0.900346 -1.029668 -0.486795 -0.081944 -1.570792 0.925938
1776409931.663879 jaka_arm_left solver_failed 0.266449 0.346225 -0.453402 0.589192 0.357975 0.271884 0.671406 1.670044 -0.900346 -1.029668 -0.486795 -0.081944 -1.570792 0.925938
1776409931.672138 jaka_arm_left solver_failed 0.266449 0.346199 -0.453416 0.589191 0.357935 0.271884 0.671428 1.670044 -0.900346 -1.029668 -0.486795 -0.081944 -1.570792 0.925938
1776409931.680390 jaka_arm_left solver_failed 0.266463 0.346143 -0.453420 0.589091 0.357907 0.271836 0.671550 1.670044 -0.900346 -1.029668 -0.486795 -0.081944 -1.570792 0.925938
1776409931.688696 jaka_arm_left solver_failed 0.266470 0.346128 -0.453422 0.589058 0.357893 0.271905 0.671559 1.670044 -0.900346 -1.029668 -0.486795 -0.081944 -1.570792 0.925938
1776409931.697147 jaka_arm_left solver_failed 0.266478 0.346193 -0.453423 0.589310 0.357838 0.272192 0.671251 1.670044 -0.900346 -1.029668 -0.486795 -0.081944 -1.570792 0.925938
1776409931.705455 jaka_arm_left solver_failed 0.266469 0.346137 -0.453412 0.589164 0.357832 0.272055 0.671437 1.670044 -0.900346 -1.029668 -0.486795 -0.081944 -1.570792 0.925938
1776409931.722200 jaka_arm_left solver_failed 0.266434 0.346135 -0.453387 0.589226 0.357981 0.272040 0.671310 1.670044 -0.900346 -1.029668 -0.486795 -0.081944 -1.570792 0.925938
1776409931.730531 jaka_arm_left solver_failed 0.266472 0.346208 -0.453391 0.589364 0.357886 0.272201 0.671174 1.670044 -0.900346 -1.029668 -0.486795 -0.081944 -1.570792 0.925938
1776409931.738917 jaka_arm_left solver_failed 0.266482 0.346214 -0.453397 0.589349 0.357880 0.272098 0.671231 1.670044 -0.900346 -1.029668 -0.486795 -0.081944 -1.570792 0.925938
1776409931.755794 jaka_arm_left solver_failed 0.266496 0.346227 -0.453435 0.589261 0.357933 0.271992 0.671324 1.670044 -0.900346 -1.029668 -0.486795 -0.081944 -1.570792 0.925938
1776409931.764013 jaka_arm_left solver_failed 0.266494 0.346221 -0.453441 0.589209 0.357831 0.271834 0.671488 1.670044 -0.900346 -1.029668 -0.486795 -0.081944 -1.570792 0.925938
1776409931.772220 jaka_arm_left solver_failed 0.266507 0.346250 -0.453447 0.589237 0.357930 0.271954 0.671362 1.670044 -0.900346 -1.029668 -0.486795 -0.081944 -1.570792 0.925938
1776409931.780431 jaka_arm_left solver_failed 0.266513 0.346262 -0.453439 0.589210 0.357959 0.271987 0.671357 1.670044 -0.900346 -1.029668 -0.486795 -0.081944 -1.570792 0.925938
1776409931.788859 jaka_arm_left solver_failed 0.266509 0.346281 -0.453427 0.589262 0.357968 0.271992 0.671304 1.670044 -0.900346 -1.029668 -0.486795 -0.081944 -1.570792 0.925938
1776409931.797143 jaka_arm_left solver_failed 0.266506 0.346286 -0.453418 0.589240 0.357981 0.271981 0.671321 1.670044 -0.900346 -1.029668 -0.486795 -0.081944 -1.570792 0.925938
1776409931.813759 jaka_arm_left solver_failed 0.266509 0.346321 -0.453405 0.589274 0.357934 0.271927 0.671338 1.670044 -0.900346 -1.029668 -0.486795 -0.081944 -1.570792 0.925938
1776409931.822095 jaka_arm_left solver_failed 0.266501 0.346355 -0.453408 0.589377 0.357946 0.271959 0.671228 1.670044 -0.900346 -1.029668 -0.486795 -0.081944 -1.570792 0.925938
1776409931.830488 jaka_arm_left solver_failed 0.266499 0.346371 -0.453417 0.589403 0.357943 0.271989 0.671196 1.670044 -0.900346 -1.029668 -0.486795 -0.081944 -1.570792 0.925938
1776409931.847119 jaka_arm_left solver_failed 0.266509 0.346370 -0.453447 0.589276 0.357998 0.272011 0.671269 1.670044 -0.900346 -1.029668 -0.486795 -0.081944 -1.570792 0.925938
1776409931.855513 jaka_arm_left solver_failed 0.266515 0.346370 -0.453452 0.589271 0.357997 0.272053 0.671256 1.670044 -0.900346 -1.029668 -0.486795 -0.081944 -1.570792 0.925938
1776409931.863769 jaka_arm_left solver_failed 0.266526 0.346372 -0.453459 0.589251 0.357939 0.272060 0.671302 1.670044 -0.900346 -1.029668 -0.486795 -0.081944 -1.570792 0.925938
1776409931.880461 jaka_arm_left solver_failed 0.266494 0.346348 -0.453436 0.589189 0.357933 0.271863 0.671439 1.670044 -0.900346 -1.029668 -0.486795 -0.081944 -1.570792 0.925938
1776409931.888786 jaka_arm_left solver_failed 0.266482 0.346348 -0.453426 0.589173 0.357943 0.271847 0.671455 1.670044 -0.900346 -1.029668 -0.486795 -0.081944 -1.570792 0.925938
1776409931.897126 jaka_arm_left solver_failed 0.266443 0.346349 -0.453406 0.589210 0.358189 0.272036 0.671214 1.670044 -0.900346 -1.029668 -0.486795 -0.081944 -1.570792 0.925938
1776409931.913740 jaka_arm_left solver_failed 0.266478 0.346352 -0.453426 0.589218 0.357888 0.271806 0.671461 1.670044 -0.900346 -1.029668 -0.486795 -0.081944 -1.570792 0.925938
1776409931.922176 jaka_arm_left solver_failed 0.266486 0.346351 -0.453435 0.589282 0.357799 0.271752 0.671474 1.670044 -0.900346 -1.029668 -0.486795 -0.081944 -1.570792 0.925938
1776409931.938910 jaka_arm_left solver_failed 0.266454 0.346280 -0.453429 0.589148 0.357796 0.271720 0.671606 1.670044 -0.900346 -1.029668 -0.486795 -0.081944 -1.570792 0.925938
1776409931.947131 jaka_arm_left solver_failed 0.266447 0.346272 -0.453431 0.589134 0.357726 0.271759 0.671640 1.670044 -0.900346 -1.029668 -0.486795 -0.081944 -1.570792 0.925938
1776409931.955632 jaka_arm_left solver_failed 0.266439 0.346275 -0.453423 0.589177 0.357648 0.271733 0.671655 1.670044 -0.900346 -1.029668 -0.486795 -0.081944 -1.570792 0.925938
1776409931.963878 jaka_arm_left solver_failed 0.266437 0.346273 -0.453414 0.589190 0.357600 0.271712 0.671677 1.670044 -0.900346 -1.029668 -0.486795 -0.081944 -1.570792 0.925938
1776409931.972383 jaka_arm_left solver_failed 0.266437 0.346271 -0.453401 0.589177 0.357584 0.271692 0.671705 1.670044 -0.900346 -1.029668 -0.486795 -0.081944 -1.570792 0.925938
1776409931.980492 jaka_arm_left solver_failed 0.266445 0.346134 -0.453386 0.588364 0.357990 0.271532 0.672265 1.670044 -0.900346 -1.029668 -0.486795 -0.081944 -1.570792 0.925938
1776409931.988817 jaka_arm_left solver_failed 0.266430 0.346254 -0.453375 0.589078 0.357672 0.271748 0.671722 1.670044 -0.900346 -1.029668 -0.486795 -0.081944 -1.570792 0.925938
1776409931.997153 jaka_arm_left solver_failed 0.266423 0.346274 -0.453371 0.589202 0.357671 0.271785 0.671599 1.670044 -0.900346 -1.029668 -0.486795 -0.081944 -1.570792 0.925938
1776409932.005617 jaka_arm_left solver_failed 0.266428 0.346279 -0.453388 0.589166 0.357680 0.271845 0.671602 1.670044 -0.900346 -1.029668 -0.486795 -0.081944 -1.570792 0.925938
1776409932.013967 jaka_arm_left solver_failed 0.266432 0.346302 -0.453405 0.589210 0.357655 0.271812 0.671590 1.670044 -0.900346 -1.029668 -0.486795 -0.081944 -1.570792 0.925938
1776409932.030452 jaka_arm_left solver_failed 0.266433 0.346309 -0.453419 0.589144 0.357649 0.271635 0.671722 1.670044 -0.900346 -1.029668 -0.486795 -0.081944 -1.570792 0.925938
1776409932.038792 jaka_arm_left solver_failed 0.266407 0.346303 -0.453399 0.589101 0.357882 0.271744 0.671592 1.670044 -0.900346 -1.029668 -0.486795 -0.081944 -1.570792 0.925938
1776409932.047110 jaka_arm_left solver_failed 0.266402 0.346358 -0.453386 0.589242 0.357922 0.272003 0.671343 1.670044 -0.900346 -1.029668 -0.486795 -0.081944 -1.570792 0.925938
1776409932.063790 jaka_arm_left solver_failed 0.266345 0.346254 -0.453403 0.588912 0.358059 0.271312 0.671838 1.670044 -0.900346 -1.029668 -0.486795 -0.081944 -1.570792 0.925938
1776409932.072087 jaka_arm_left solver_failed 0.266338 0.346254 -0.453395 0.588906 0.358061 0.271379 0.671815 1.670044 -0.900346 -1.029668 -0.486795 -0.081944 -1.570792 0.925938
1776409932.080383 jaka_arm_left solver_failed 0.266314 0.346253 -0.453381 0.588940 0.358263 0.271572 0.671599 1.670044 -0.900346 -1.029668 -0.486795 -0.081944 -1.570792 0.925938
1776409932.097207 jaka_arm_left solver_failed 0.266320 0.346207 -0.453404 0.588880 0.358148 0.271300 0.671823 1.670044 -0.900346 -1.029668 -0.486795 -0.081944 -1.570792 0.925938
1776409932.105475 jaka_arm_left solver_failed 0.266391 0.346279 -0.453393 0.589011 0.357566 0.271267 0.672032 1.670044 -0.900346 -1.029668 -0.486795 -0.081944 -1.570792 0.925938
1776409932.122665 jaka_arm_left solver_failed 0.266430 0.346294 -0.453416 0.589184 0.357488 0.271618 0.671779 1.670044 -0.900346 -1.029668 -0.486795 -0.081944 -1.570792 0.925938
1776409932.130748 jaka_arm_left solver_failed 0.266432 0.346248 -0.453409 0.589196 0.357596 0.271714 0.671673 1.670044 -0.900346 -1.029668 -0.486795 -0.081944 -1.570792 0.925938
1776409932.138896 jaka_arm_left solver_failed 0.266420 0.346237 -0.453400 0.589240 0.357625 0.271716 0.671619 1.670044 -0.900346 -1.029668 -0.486795 -0.081944 -1.570792 0.925938
1776409932.147165 jaka_arm_left solver_failed 0.266423 0.346229 -0.453398 0.589239 0.357569 0.271693 0.671659 1.670044 -0.900346 -1.029668 -0.486795 -0.081944 -1.570792 0.925938
1776409932.155424 jaka_arm_left solver_failed 0.266438 0.346181 -0.453393 0.589125 0.357559 0.271636 0.671787 1.670044 -0.900346 -1.029668 -0.486795 -0.081944 -1.570792 0.925938
1776409932.163797 jaka_arm_left solver_failed 0.266425 0.346100 -0.453386 0.588722 0.357578 0.271396 0.672226 1.670044 -0.900346 -1.029668 -0.486795 -0.081944 -1.570792 0.925938
1776409932.172116 jaka_arm_left solver_failed 0.266412 0.346161 -0.453378 0.589090 0.357626 0.271862 0.671690 1.670044 -0.900346 -1.029668 -0.486795 -0.081944 -1.570792 0.925938
1776409932.188756 jaka_arm_left solver_failed 0.266334 0.346059 -0.453398 0.588768 0.358005 0.271445 0.671939 1.670044 -0.900346 -1.029668 -0.486795 -0.081944 -1.570792 0.925938
1776409932.197264 jaka_arm_left solver_failed 0.266370 0.346104 -0.453402 0.588826 0.357658 0.271317 0.672125 1.670044 -0.900346 -1.029668 -0.486795 -0.081944 -1.570792 0.925938
1776409932.213775 jaka_arm_left solver_failed 0.266417 0.346180 -0.453384 0.589011 0.357509 0.271703 0.671886 1.670044 -0.900346 -1.029668 -0.486795 -0.081944 -1.570792 0.925938
1776409932.222078 jaka_arm_left solver_failed 0.266399 0.346119 -0.453370 0.588673 0.357766 0.271593 0.672090 1.670044 -0.900346 -1.029668 -0.486795 -0.081944 -1.570792 0.925938
1776409932.230452 jaka_arm_left solver_failed 0.266435 0.346124 -0.453386 0.588639 0.357538 0.271371 0.672331 1.670044 -0.900346 -1.029668 -0.486795 -0.081944 -1.570792 0.925938
1776409932.247106 jaka_arm_left solver_failed 0.266455 0.346175 -0.453388 0.588954 0.357566 0.271712 0.671902 1.670044 -0.900346 -1.029668 -0.486795 -0.081944 -1.570792 0.925938
1776409932.255413 jaka_arm_left solver_failed 0.266424 0.346143 -0.453383 0.588741 0.357774 0.271790 0.671947 1.670044 -0.900346 -1.029668 -0.486795 -0.081944 -1.570792 0.925938
1776409932.263811 jaka_arm_left solver_failed 0.266456 0.346216 -0.453405 0.589080 0.357467 0.271876 0.671778 1.670044 -0.900346 -1.029668 -0.486795 -0.081944 -1.570792 0.925938
1776409932.272158 jaka_arm_left solver_failed 0.266456 0.346222 -0.453415 0.589112 0.357454 0.271867 0.671760 1.670044 -0.900346 -1.029668 -0.486795 -0.081944 -1.570792 0.925938
1776409932.280457 jaka_arm_left solver_failed 0.266444 0.346152 -0.453408 0.588708 0.357506 0.271583 0.672201 1.670044 -0.900346 -1.029668 -0.486795 -0.081944 -1.570792 0.925938
1776409932.288777 jaka_arm_left solver_failed 0.266464 0.346195 -0.453401 0.588990 0.357385 0.271703 0.671970 1.670044 -0.900346 -1.029668 -0.486795 -0.081944 -1.570792 0.925938
1776409932.297062 jaka_arm_left solver_failed 0.266418 0.346134 -0.453373 0.588676 0.357669 0.271690 0.672099 1.670044 -0.900346 -1.029668 -0.486795 -0.081944 -1.570792 0.925938
1776409932.305482 jaka_arm_left solver_failed 0.266421 0.346174 -0.453360 0.589027 0.357601 0.271860 0.671759 1.670044 -0.900346 -1.029668 -0.486795 -0.081944 -1.570792 0.925938
1776409932.313696 jaka_arm_left solver_failed 0.266406 0.346203 -0.453345 0.589221 0.357512 0.271946 0.671602 1.670044 -0.900346 -1.029668 -0.486795 -0.081944 -1.570792 0.925938
1776409932.322119 jaka_arm_left solver_failed 0.266425 0.346188 -0.453361 0.589198 0.357372 0.272039 0.671659 1.670044 -0.900346 -1.029668 -0.486795 -0.081944 -1.570792 0.925938
1776409932.338796 jaka_arm_left solver_failed 0.266424 0.346161 -0.453373 0.589191 0.357356 0.272149 0.671628 1.670044 -0.900346 -1.029668 -0.486795 -0.081944 -1.570792 0.925938
1776409932.347093 jaka_arm_left solver_failed 0.266430 0.346137 -0.453381 0.589112 0.357388 0.272202 0.671660 1.670044 -0.900346 -1.029668 -0.486795 -0.081944 -1.570792 0.925938
1776409932.355545 jaka_arm_left solver_failed 0.266431 0.346131 -0.453387 0.589140 0.357397 0.272248 0.671612 1.670044 -0.900346 -1.029668 -0.486795 -0.081944 -1.570792 0.925938
1776409932.363714 jaka_arm_left solver_failed 0.266455 0.346154 -0.453401 0.589270 0.357142 0.272059 0.671711 1.670044 -0.900346 -1.029668 -0.486795 -0.081944 -1.570792 0.925938
1776409932.372128 jaka_arm_left solver_failed 0.266448 0.346156 -0.453401 0.589311 0.357135 0.271968 0.671714 1.670044 -0.900346 -1.029668 -0.486795 -0.081944 -1.570792 0.925938
1776409932.380462 jaka_arm_left solver_failed 0.266453 0.346155 -0.453387 0.589364 0.357154 0.272032 0.671632 1.670044 -0.900346 -1.029668 -0.486795 -0.081944 -1.570792 0.925938
1776409932.388957 jaka_arm_left solver_failed 0.266443 0.346142 -0.453375 0.589337 0.357237 0.272060 0.671601 1.670044 -0.900346 -1.029668 -0.486795 -0.081944 -1.570792 0.925938
1776409932.397356 jaka_arm_left solver_failed 0.266431 0.346129 -0.453363 0.589353 0.357254 0.272048 0.671582 1.670044 -0.900346 -1.029668 -0.486795 -0.081944 -1.570792 0.925938
1776409932.405472 jaka_arm_left solver_failed 0.266386 0.346113 -0.453342 0.589374 0.357583 0.272398 0.671247 1.670044 -0.900346 -1.029668 -0.486795 -0.081944 -1.570792 0.925938
1776409932.413763 jaka_arm_left solver_failed 0.266404 0.346128 -0.453354 0.589429 0.357365 0.272305 0.671352 1.670044 -0.900346 -1.029668 -0.486795 -0.081944 -1.570792 0.925938
1776409932.430512 jaka_arm_left solver_failed 0.266414 0.346105 -0.453381 0.589366 0.357373 0.272249 0.671426 1.670044 -0.900346 -1.029668 -0.486795 -0.081944 -1.570792 0.925938
1776409932.438775 jaka_arm_left solver_failed 0.266426 0.346096 -0.453391 0.589324 0.357408 0.272206 0.671462 1.670044 -0.900346 -1.029668 -0.486795 -0.081944 -1.570792 0.925938
1776409932.447078 jaka_arm_left solver_failed 0.266453 0.346090 -0.453399 0.589286 0.357288 0.272138 0.671586 1.670044 -0.900346 -1.029668 -0.486795 -0.081944 -1.570792 0.925938
1776409932.455625 jaka_arm_left solver_failed 0.266453 0.346097 -0.453396 0.589341 0.357298 0.272107 0.671545 1.670044 -0.900346 -1.029668 -0.486795 -0.081944 -1.570792 0.925938
1776409932.463778 jaka_arm_left solver_failed 0.266458 0.346108 -0.453392 0.589394 0.357373 0.272184 0.671428 1.670044 -0.900346 -1.029668 -0.486795 -0.081944 -1.570792 0.925938
1776409932.472103 jaka_arm_left solver_failed 0.266397 0.346121 -0.453359 0.589610 0.357550 0.272112 0.671173 1.670044 -0.900346 -1.029668 -0.486795 -0.081944 -1.570792 0.925938
1776409932.480454 jaka_arm_left solver_failed 0.266449 0.346104 -0.453383 0.589467 0.357484 0.272289 0.671262 1.670044 -0.900346 -1.029668 -0.486795 -0.081944 -1.570792 0.925938
1776409932.488831 jaka_arm_left solver_failed 0.266459 0.346096 -0.453386 0.589444 0.357516 0.272286 0.671266 1.670044 -0.900346 -1.029668 -0.486795 -0.081944 -1.570792 0.925938
1776409932.497210 jaka_arm_left solver_failed 0.266476 0.346150 -0.453390 0.589624 0.357580 0.272437 0.671012 1.670044 -0.900346 -1.029668 -0.486795 -0.081944 -1.570792 0.925938
1776409932.505434 jaka_arm_left solver_failed 0.266456 0.346140 -0.453378 0.589681 0.357571 0.272166 0.671077 1.670044 -0.900346 -1.029668 -0.486795 -0.081944 -1.570792 0.925938
1776409932.513748 jaka_arm_left solver_failed 0.266485 0.346049 -0.453411 0.589257 0.357720 0.271992 0.671441 1.670044 -0.900346 -1.029668 -0.486795 -0.081944 -1.570792 0.925938
1776409932.522265 jaka_arm_left solver_failed 0.266495 0.346100 -0.453426 0.589370 0.357807 0.272145 0.671234 1.670044 -0.900346 -1.029668 -0.486795 -0.081944 -1.570792 0.925938
1776409932.530587 jaka_arm_left solver_failed 0.266505 0.346122 -0.453428 0.589456 0.357737 0.272198 0.671174 1.670044 -0.900346 -1.029668 -0.486795 -0.081944 -1.570792 0.925938
1776409932.538769 jaka_arm_left solver_failed 0.266492 0.346107 -0.453425 0.589416 0.357799 0.272149 0.671196 1.670044 -0.900346 -1.029668 -0.486795 -0.081944 -1.570792 0.925938
1776409932.555650 jaka_arm_left solver_failed 0.266478 0.346045 -0.453405 0.589218 0.357756 0.272053 0.671431 1.670044 -0.900346 -1.029668 -0.486795 -0.081944 -1.570792 0.925938
1776409932.563745 jaka_arm_left solver_failed 0.266451 0.346064 -0.453383 0.589289 0.357705 0.272226 0.671325 1.670044 -0.900346 -1.029668 -0.486795 -0.081944 -1.570792 0.925938
1776409932.572122 jaka_arm_left solver_failed 0.266417 0.346075 -0.453368 0.589388 0.357766 0.272350 0.671156 1.670044 -0.900346 -1.029668 -0.486795 -0.081944 -1.570792 0.925938
1776409932.580495 jaka_arm_left solver_failed 0.266440 0.346090 -0.453377 0.589453 0.357681 0.272355 0.671143 1.670044 -0.900346 -1.029668 -0.486795 -0.081944 -1.570792 0.925938
1776409932.588856 jaka_arm_left solver_failed 0.266452 0.346110 -0.453381 0.589519 0.357812 0.272477 0.670965 1.670044 -0.900346 -1.029668 -0.486795 -0.081944 -1.570792 0.925938
1776409932.597133 jaka_arm_left solver_failed 0.266467 0.346138 -0.453395 0.589687 0.357757 0.272534 0.670824 1.670044 -0.900346 -1.029668 -0.486795 -0.081944 -1.570792 0.925938
1776409932.605504 jaka_arm_left solver_failed 0.266480 0.346098 -0.453410 0.589541 0.357892 0.272440 0.670918 1.670044 -0.900346 -1.029668 -0.486795 -0.081944 -1.570792 0.925938
1776409932.613703 jaka_arm_left solver_failed 0.266482 0.346069 -0.453423 0.589537 0.358012 0.272302 0.670914 1.670044 -0.900346 -1.029668 -0.486795 -0.081944 -1.570792 0.925938
1776409932.622164 jaka_arm_left solver_failed 0.266457 0.345981 -0.453436 0.589458 0.358152 0.271713 0.671147 1.670044 -0.900346 -1.029668 -0.486795 -0.081944 -1.570792 0.925938
1776409932.630455 jaka_arm_left solver_failed 0.266463 0.345966 -0.453435 0.589413 0.358258 0.271733 0.671121 1.670044 -0.900346 -1.029668 -0.486795 -0.081944 -1.570792 0.925938
1776409932.647170 jaka_arm_left solver_failed 0.266471 0.345986 -0.453427 0.589505 0.358322 0.271834 0.670965 1.670044 -0.900346 -1.029668 -0.486795 -0.081944 -1.570792 0.925938
1776409932.655534 jaka_arm_left solver_failed 0.266501 0.346068 -0.453415 0.589651 0.358197 0.272280 0.670724 1.670044 -0.900346 -1.029668 -0.486795 -0.081944 -1.570792 0.925938
1776409932.663808 jaka_arm_left solver_failed 0.266503 0.346075 -0.453430 0.589598 0.358172 0.272307 0.670773 1.670044 -0.900346 -1.029668 -0.486795 -0.081944 -1.570792 0.925938
1776409932.672151 jaka_arm_left solver_failed 0.266465 0.345987 -0.453459 0.589341 0.358325 0.271675 0.671173 1.670044 -0.900346 -1.029668 -0.486795 -0.081944 -1.570792 0.925938
1776409932.680540 jaka_arm_left solver_failed 0.266491 0.346076 -0.453456 0.589503 0.358120 0.272123 0.670958 1.670044 -0.900346 -1.029668 -0.486795 -0.081944 -1.570792 0.925938
1776409932.688810 jaka_arm_left solver_failed 0.266470 0.346017 -0.453469 0.589368 0.358205 0.271597 0.671244 1.670044 -0.900346 -1.029668 -0.486795 -0.081944 -1.570792 0.925938
1776409932.697170 jaka_arm_left solver_failed 0.266504 0.346085 -0.453450 0.589479 0.358029 0.272066 0.671051 1.670044 -0.900346 -1.029668 -0.486795 -0.081944 -1.570792 0.925938
1776409932.705476 jaka_arm_left solver_failed 0.266501 0.346093 -0.453429 0.589481 0.358049 0.272160 0.671001 1.670044 -0.900346 -1.029668 -0.486795 -0.081944 -1.570792 0.925938
1776409932.713875 jaka_arm_left solver_failed 0.266478 0.346008 -0.453406 0.589026 0.358205 0.272021 0.671374 1.670044 -0.900346 -1.029668 -0.486795 -0.081944 -1.570792 0.925938
1776409932.722187 jaka_arm_left solver_failed 0.266464 0.346019 -0.453392 0.589042 0.358239 0.272105 0.671307 1.670044 -0.900346 -1.029668 -0.486795 -0.081944 -1.570792 0.925938
1776409932.738869 jaka_arm_left solver_failed 0.266457 0.346018 -0.453387 0.588987 0.358281 0.272139 0.671319 1.670044 -0.900346 -1.029668 -0.486795 -0.081944 -1.570792 0.925938
1776409932.747135 jaka_arm_left solver_failed 0.266473 0.346102 -0.453398 0.589392 0.358156 0.272375 0.670935 1.670044 -0.900346 -1.029668 -0.486795 -0.081944 -1.570792 0.925938
1776409932.755433 jaka_arm_left solver_failed 0.266470 0.346117 -0.453425 0.589439 0.358275 0.272288 0.670865 1.670044 -0.900346 -1.029668 -0.486795 -0.081944 -1.570792 0.925938
1776409932.763831 jaka_arm_left solver_failed 0.266475 0.346117 -0.453440 0.589433 0.358369 0.272234 0.670842 1.670044 -0.900346 -1.029668 -0.486795 -0.081944 -1.570792 0.925938
1776409932.772157 jaka_arm_left solver_failed 0.266476 0.346118 -0.453442 0.589487 0.358436 0.272231 0.670760 1.670044 -0.900346 -1.029668 -0.486795 -0.081944 -1.570792 0.925938
1776409932.780444 jaka_arm_left solver_failed 0.266476 0.346113 -0.453438 0.589503 0.358492 0.272250 0.670709 1.670044 -0.900346 -1.029668 -0.486795 -0.081944 -1.570792 0.925938
1776409932.788859 jaka_arm_left solver_failed 0.266468 0.346116 -0.453422 0.589513 0.358474 0.272304 0.670687 1.670044 -0.900346 -1.029668 -0.486795 -0.081944 -1.570792 0.925938
1776409932.797162 jaka_arm_left solver_failed 0.266456 0.346120 -0.453405 0.589465 0.358409 0.272412 0.670721 1.670044 -0.900346 -1.029668 -0.486795 -0.081944 -1.570792 0.925938
1776409932.805498 jaka_arm_left solver_failed 0.266449 0.346108 -0.453396 0.589346 0.358388 0.272493 0.670803 1.670044 -0.900346 -1.029668 -0.486795 -0.081944 -1.570792 0.925938
1776409932.813738 jaka_arm_left solver_failed 0.266432 0.346133 -0.453385 0.589408 0.358299 0.272455 0.670811 1.670044 -0.900346 -1.029668 -0.486795 -0.081944 -1.570792 0.925938
1776409932.822083 jaka_arm_left solver_failed 0.266440 0.346142 -0.453388 0.589429 0.358226 0.272460 0.670831 1.670044 -0.900346 -1.029668 -0.486795 -0.081944 -1.570792 0.925938
1776409932.830422 jaka_arm_left solver_failed 0.266418 0.346075 -0.453387 0.589006 0.358359 0.272165 0.671251 1.670044 -0.900346 -1.029668 -0.486795 -0.081944 -1.570792 0.925938
1776409932.847101 jaka_arm_left solver_failed 0.266421 0.346083 -0.453390 0.588968 0.358417 0.272298 0.671199 1.670044 -0.900346 -1.029668 -0.486795 -0.081944 -1.570792 0.925938
1776409932.855399 jaka_arm_left solver_failed 0.266433 0.346150 -0.453399 0.589336 0.358402 0.272599 0.670762 1.670044 -0.900346 -1.029668 -0.486795 -0.081944 -1.570792 0.925938
1776409932.863886 jaka_arm_left solver_failed 0.266430 0.346153 -0.453401 0.589347 0.358446 0.272555 0.670746 1.670044 -0.900346 -1.029668 -0.486795 -0.081944 -1.570792 0.925938
1776409932.880459 jaka_arm_left solver_failed 0.266425 0.346151 -0.453408 0.589414 0.358494 0.272508 0.670681 1.670044 -0.900346 -1.029668 -0.486795 -0.081944 -1.570792 0.925938
1776409932.888735 jaka_arm_left solver_failed 0.266420 0.346157 -0.453402 0.589463 0.358468 0.272458 0.670672 1.670044 -0.900346 -1.029668 -0.486795 -0.081944 -1.570792 0.925938
1776409932.897195 jaka_arm_left solver_failed 0.266415 0.346145 -0.453394 0.589428 0.358496 0.272386 0.670717 1.670044 -0.900346 -1.029668 -0.486795 -0.081944 -1.570792 0.925938
1776409932.905511 jaka_arm_left solver_failed 0.266412 0.346140 -0.453385 0.589425 0.358501 0.272439 0.670695 1.670044 -0.900346 -1.029668 -0.486795 -0.081944 -1.570792 0.925938
1776409932.913734 jaka_arm_left solver_failed 0.266399 0.346146 -0.453385 0.589508 0.358447 0.272410 0.670663 1.670044 -0.900346 -1.029668 -0.486795 -0.081944 -1.570792 0.925938
1776409932.922246 jaka_arm_left solver_failed 0.266401 0.346139 -0.453397 0.589470 0.358367 0.272478 0.670712 1.670044 -0.900346 -1.029668 -0.486795 -0.081944 -1.570792 0.925938
1776409932.938849 jaka_arm_left solver_failed 0.266394 0.346137 -0.453408 0.589545 0.358303 0.272575 0.670641 1.670044 -0.900346 -1.029668 -0.486795 -0.081944 -1.570792 0.925938
1776409932.947119 jaka_arm_left solver_failed 0.266387 0.346074 -0.453407 0.589442 0.358184 0.272358 0.670883 1.670044 -0.900346 -1.029668 -0.486795 -0.081944 -1.570792 0.925938
1776409932.955435 jaka_arm_left solver_failed 0.266400 0.346120 -0.453407 0.589628 0.358193 0.272582 0.670623 1.670044 -0.900346 -1.029668 -0.486795 -0.081944 -1.570792 0.925938
1776409932.972199 jaka_arm_left solver_failed 0.266363 0.346036 -0.453425 0.589662 0.358267 0.272003 0.670789 1.670044 -0.900346 -1.029668 -0.486795 -0.081944 -1.570792 0.925938
1776409932.980451 jaka_arm_left solver_failed 0.266369 0.345998 -0.453430 0.589496 0.358383 0.271985 0.670880 1.670044 -0.900346 -1.029668 -0.486795 -0.081944 -1.570792 0.925938
1776409932.988843 jaka_arm_left solver_failed 0.266363 0.345985 -0.453436 0.589477 0.358461 0.271941 0.670873 1.670044 -0.900346 -1.029668 -0.486795 -0.081944 -1.570792 0.925938
1776409932.997342 jaka_arm_left solver_failed 0.266365 0.346008 -0.453447 0.589577 0.358437 0.271986 0.670780 1.670044 -0.900346 -1.029668 -0.486795 -0.081944 -1.570792 0.925938
1776409933.005469 jaka_arm_left solver_failed 0.266360 0.346030 -0.453446 0.589665 0.358414 0.271972 0.670721 1.670044 -0.900346 -1.029668 -0.486795 -0.081944 -1.570792 0.925938
1776409933.013740 jaka_arm_left solver_failed 0.266389 0.346095 -0.453428 0.589739 0.358279 0.272423 0.670545 1.670044 -0.900346 -1.029668 -0.486795 -0.081944 -1.570792 0.925938
1776409933.030589 jaka_arm_left solver_failed 0.266383 0.346135 -0.453425 0.589690 0.358288 0.272409 0.670588 1.670044 -0.900346 -1.029668 -0.486795 -0.081944 -1.570792 0.925938
1776409933.038774 jaka_arm_left solver_failed 0.266372 0.346156 -0.453421 0.589709 0.358248 0.272419 0.670589 1.670044 -0.900346 -1.029668 -0.486795 -0.081944 -1.570792 0.925938
1776409933.047053 jaka_arm_left solver_failed 0.266353 0.346150 -0.453413 0.589635 0.358344 0.272451 0.670589 1.670044 -0.900346 -1.029668 -0.486795 -0.081944 -1.570792 0.925938
1776409933.063781 jaka_arm_left solver_failed 0.266348 0.346133 -0.453398 0.589542 0.358340 0.272504 0.670652 1.670044 -0.900346 -1.029668 -0.486795 -0.081944 -1.570792 0.925938
1776409933.072152 jaka_arm_left solver_failed 0.266356 0.346119 -0.453398 0.589541 0.358183 0.272435 0.670765 1.670044 -0.900346 -1.029668 -0.486795 -0.081944 -1.570792 0.925938
1776409933.080440 jaka_arm_left solver_failed 0.266327 0.346107 -0.453400 0.589550 0.358256 0.272167 0.670826 1.670044 -0.900346 -1.029668 -0.486795 -0.081944 -1.570792 0.925938
1776409933.088724 jaka_arm_left solver_failed 0.266352 0.346090 -0.453447 0.589551 0.358268 0.271930 0.670916 1.670044 -0.900346 -1.029668 -0.486795 -0.081944 -1.570792 0.925938
1776409933.097158 jaka_arm_left solver_failed 0.266348 0.346052 -0.453456 0.589493 0.358181 0.271579 0.671155 1.670044 -0.900346 -1.029668 -0.486795 -0.081944 -1.570792 0.925938
1776409933.105488 jaka_arm_left solver_failed 0.266376 0.346043 -0.453463 0.589439 0.358304 0.271643 0.671111 1.670044 -0.900346 -1.029668 -0.486795 -0.081944 -1.570792 0.925938
1776409933.113693 jaka_arm_left solver_failed 0.266374 0.346044 -0.453457 0.589514 0.358320 0.271641 0.671037 1.670044 -0.900346 -1.029668 -0.486795 -0.081944 -1.570792 0.925938
1776409933.122056 jaka_arm_left solver_failed 0.266403 0.346124 -0.453441 0.589727 0.358180 0.272190 0.670703 1.670044 -0.900346 -1.029668 -0.486795 -0.081944 -1.570792 0.925938
1776409933.130441 jaka_arm_left solver_failed 0.266391 0.346155 -0.453426 0.589925 0.358113 0.272303 0.670518 1.670044 -0.900346 -1.029668 -0.486795 -0.081944 -1.570792 0.925938
1776409933.138838 jaka_arm_left solver_failed 0.266382 0.346123 -0.453419 0.589788 0.358180 0.272318 0.670596 1.670044 -0.900346 -1.029668 -0.486795 -0.081944 -1.570792 0.925938
1776409933.155543 jaka_arm_left solver_failed 0.266376 0.346142 -0.453414 0.589915 0.358047 0.272401 0.670523 1.670044 -0.900346 -1.029668 -0.486795 -0.081944 -1.570792 0.925938
1776409933.163812 jaka_arm_left solver_failed 0.266340 0.345982 -0.453435 0.589552 0.357933 0.271678 0.671196 1.670044 -0.900346 -1.029668 -0.486795 -0.081944 -1.570792 0.925938
1776409933.172208 jaka_arm_left solver_failed 0.266337 0.346073 -0.453450 0.590118 0.357603 0.271826 0.670814 1.670044 -0.900346 -1.029668 -0.486795 -0.081944 -1.570792 0.925938
1776409933.180519 jaka_arm_left solver_failed 0.266345 0.346076 -0.453465 0.590177 0.357536 0.271895 0.670770 1.670044 -0.900346 -1.029668 -0.486795 -0.081944 -1.570792 0.925938
1776409933.188857 jaka_arm_left solver_failed 0.266352 0.346063 -0.453479 0.590221 0.357495 0.271855 0.670769 1.670044 -0.900346 -1.029668 -0.486795 -0.081944 -1.570792 0.925938
1776409933.197130 jaka_arm_left solver_failed 0.266359 0.346064 -0.453486 0.590304 0.357489 0.271871 0.670693 1.670044 -0.900346 -1.029668 -0.486795 -0.081944 -1.570792 0.925938
1776409933.205552 jaka_arm_left solver_failed 0.266379 0.346107 -0.453488 0.590480 0.357534 0.272047 0.670443 1.670044 -0.900346 -1.029668 -0.486795 -0.081944 -1.570792 0.925938
1776409933.213723 jaka_arm_left solver_failed 0.266395 0.346124 -0.453478 0.590673 0.357492 0.272092 0.670277 1.670044 -0.900346 -1.029668 -0.486795 -0.081944 -1.570792 0.925938
1776409933.222066 jaka_arm_left solver_failed 0.266413 0.345972 -0.453461 0.589922 0.357892 0.271877 0.670812 1.670044 -0.900346 -1.029668 -0.486795 -0.081944 -1.570792 0.925938
1776409933.230476 jaka_arm_left solver_failed 0.266411 0.345968 -0.453453 0.589967 0.357894 0.271888 0.670767 1.670044 -0.900346 -1.029668 -0.486795 -0.081944 -1.570792 0.925938
1776409933.247164 jaka_arm_left solver_failed 0.266414 0.346074 -0.453468 0.590680 0.357431 0.272158 0.670276 1.670044 -0.900346 -1.029668 -0.486795 -0.081944 -1.570792 0.925938
1776409933.255553 jaka_arm_left solver_failed 0.266419 0.346062 -0.453472 0.590641 0.357406 0.272151 0.670327 1.670044 -0.900346 -1.029668 -0.486795 -0.081944 -1.570792 0.925938
1776409933.263817 jaka_arm_left solver_failed 0.266430 0.346050 -0.453471 0.590593 0.357354 0.272215 0.670371 1.670044 -0.900346 -1.029668 -0.486795 -0.081944 -1.570792 0.925938
1776409933.280503 jaka_arm_left solver_failed 0.266431 0.346042 -0.453469 0.590561 0.357306 0.272252 0.670409 1.670044 -0.900346 -1.029668 -0.486795 -0.081944 -1.570792 0.925938
1776409933.288688 jaka_arm_left solver_failed 0.266417 0.346036 -0.453469 0.590512 0.357345 0.272304 0.670411 1.670044 -0.900346 -1.029668 -0.486795 -0.081944 -1.570792 0.925938
1776409933.297105 jaka_arm_left solver_failed 0.266397 0.346045 -0.453460 0.590560 0.357344 0.272279 0.670379 1.670044 -0.900346 -1.029668 -0.486795 -0.081944 -1.570792 0.925938
1776409933.305490 jaka_arm_left solver_failed 0.266392 0.346041 -0.453452 0.590532 0.357363 0.272244 0.670408 1.670044 -0.900346 -1.029668 -0.486795 -0.081944 -1.570792 0.925938
1776409933.313730 jaka_arm_left solver_failed 0.266382 0.346069 -0.453441 0.590645 0.357357 0.272225 0.670320 1.670044 -0.900346 -1.029668 -0.486795 -0.081944 -1.570792 0.925938
1776409933.322186 jaka_arm_left solver_failed 0.266407 0.346056 -0.453449 0.590580 0.357368 0.272198 0.670382 1.670044 -0.900346 -1.029668 -0.486795 -0.081944 -1.570792 0.925938
1776409933.338798 jaka_arm_left solver_failed 0.266409 0.346064 -0.453471 0.590787 0.357347 0.272058 0.670267 1.670044 -0.900346 -1.029668 -0.486795 -0.081944 -1.570792 0.925938
1776409933.347108 jaka_arm_left solver_failed 0.266417 0.346024 -0.453475 0.590749 0.357485 0.272079 0.670219 1.670044 -0.900346 -1.029668 -0.486795 -0.081944 -1.570792 0.925938
1776409933.355595 jaka_arm_left solver_failed 0.266412 0.346012 -0.453477 0.590866 0.357474 0.272096 0.670115 1.670044 -0.900346 -1.029668 -0.486795 -0.081944 -1.570792 0.925938
1776409933.372077 jaka_arm_left solver_failed 0.266359 0.346011 -0.453444 0.591192 0.357680 0.272203 0.669674 1.670044 -0.900346 -1.029668 -0.486795 -0.081944 -1.570792 0.925938
1776409933.380464 jaka_arm_left solver_failed 0.266375 0.345966 -0.453452 0.591066 0.357718 0.272326 0.669714 1.670044 -0.900346 -1.029668 -0.486795 -0.081944 -1.570792 0.925938
1776409933.388711 jaka_arm_left solver_failed 0.266368 0.345947 -0.453448 0.591093 0.357714 0.272315 0.669697 1.670044 -0.900346 -1.029668 -0.486795 -0.081944 -1.570792 0.925938
1776409933.397098 jaka_arm_left solver_failed 0.266360 0.345943 -0.453442 0.591153 0.357682 0.272342 0.669650 1.670044 -0.900346 -1.029668 -0.486795 -0.081944 -1.570792 0.925938
1776409933.405572 jaka_arm_left solver_failed 0.266360 0.345942 -0.453439 0.591223 0.357601 0.272408 0.669605 1.670044 -0.900346 -1.029668 -0.486795 -0.081944 -1.570792 0.925938
1776409933.413716 jaka_arm_left solver_failed 0.266340 0.345922 -0.453437 0.591223 0.357584 0.272350 0.669638 1.670044 -0.900346 -1.029668 -0.486795 -0.081944 -1.570792 0.925938
1776409933.430452 jaka_arm_left solver_failed 0.266312 0.345916 -0.453435 0.591361 0.357520 0.272422 0.669520 1.670044 -0.900346 -1.029668 -0.486795 -0.081944 -1.570792 0.925938
1776409933.438764 jaka_arm_left solver_failed 0.266313 0.345890 -0.453441 0.591303 0.357488 0.272408 0.669595 1.670044 -0.900346 -1.029668 -0.486795 -0.081944 -1.570792 0.925938
1776409933.447140 jaka_arm_left solver_failed 0.266310 0.345895 -0.453442 0.591392 0.357453 0.272383 0.669545 1.670044 -0.900346 -1.029668 -0.486795 -0.081944 -1.570792 0.925938
1776409933.463765 jaka_arm_left solver_failed 0.266272 0.345915 -0.453410 0.591628 0.357568 0.272303 0.669308 1.670044 -0.900346 -1.029668 -0.486795 -0.081944 -1.570792 0.925938
1776409933.472128 jaka_arm_left solver_failed 0.266250 0.345908 -0.453388 0.591705 0.357580 0.272224 0.669266 1.670044 -0.900346 -1.029668 -0.486795 -0.081944 -1.570792 0.925938
1776409933.480499 jaka_arm_left solver_failed 0.266292 0.345864 -0.453411 0.591474 0.357543 0.272325 0.669448 1.670044 -0.900346 -1.029668 -0.486795 -0.081944 -1.570792 0.925938
1776409933.488888 jaka_arm_left solver_failed 0.266302 0.345853 -0.453423 0.591406 0.357511 0.272388 0.669500 1.670044 -0.900346 -1.029668 -0.486795 -0.081944 -1.570792 0.925938
1776409933.497118 jaka_arm_left solver_failed 0.266301 0.345854 -0.453431 0.591408 0.357495 0.272409 0.669498 1.670044 -0.900346 -1.029668 -0.486795 -0.081944 -1.570792 0.925938
1776409933.505424 jaka_arm_left solver_failed 0.266291 0.345855 -0.453431 0.591395 0.357503 0.272364 0.669523 1.670044 -0.900346 -1.029668 -0.486795 -0.081944 -1.570792 0.925938
1776409933.522192 jaka_arm_left solver_failed 0.266222 0.345895 -0.453387 0.591616 0.357611 0.272381 0.669263 1.670044 -0.900346 -1.029668 -0.486795 -0.081944 -1.570792 0.925938
1776409933.530445 jaka_arm_left solver_failed 0.266185 0.345877 -0.453367 0.591580 0.357910 0.272626 0.669036 1.670044 -0.900346 -1.029668 -0.486795 -0.081944 -1.570792 0.925938
1776409933.538791 jaka_arm_left solver_failed 0.266201 0.345901 -0.453372 0.591624 0.357733 0.272476 0.669153 1.670044 -0.900346 -1.029668 -0.486795 -0.081944 -1.570792 0.925938
1776409933.555512 jaka_arm_left solver_failed 0.266188 0.345909 -0.453372 0.591624 0.357876 0.272476 0.669076 1.670044 -0.900346 -1.029668 -0.486795 -0.081944 -1.570792 0.925938
1776409933.563929 jaka_arm_left solver_failed 0.266226 0.345860 -0.453391 0.591334 0.357988 0.272536 0.669248 1.670044 -0.900346 -1.029668 -0.486795 -0.081944 -1.570792 0.925938
1776409933.572201 jaka_arm_left solver_failed 0.266228 0.345888 -0.453387 0.591440 0.358000 0.272309 0.669240 1.670044 -0.900346 -1.029668 -0.486795 -0.081944 -1.570792 0.925938
1776409933.580409 jaka_arm_left solver_failed 0.266267 0.345889 -0.453409 0.591387 0.357931 0.272398 0.669289 1.670044 -0.900346 -1.029668 -0.486795 -0.081944 -1.570792 0.925938
1776409933.588913 jaka_arm_left solver_failed 0.266242 0.345909 -0.453408 0.591527 0.357958 0.272197 0.669232 1.670044 -0.900346 -1.029668 -0.486795 -0.081944 -1.570792 0.925938
1776409933.597176 jaka_arm_left solver_failed 0.266271 0.345881 -0.453432 0.591389 0.357871 0.272238 0.669384 1.670044 -0.900346 -1.029668 -0.486795 -0.081944 -1.570792 0.925938
1776409933.605509 jaka_arm_left solver_failed 0.266263 0.345867 -0.453433 0.591321 0.357914 0.272261 0.669411 1.670044 -0.900346 -1.029668 -0.486795 -0.081944 -1.570792 0.925938
1776409933.613710 jaka_arm_left solver_failed 0.266224 0.345898 -0.453402 0.591497 0.357922 0.272229 0.669264 1.670044 -0.900346 -1.029668 -0.486795 -0.081944 -1.570792 0.925938
1776409933.630574 jaka_arm_left solver_failed 0.266165 0.345885 -0.453367 0.591575 0.357927 0.272363 0.669138 1.670044 -0.900346 -1.029668 -0.486795 -0.081944 -1.570792 0.925938
1776409933.638786 jaka_arm_left solver_failed 0.266117 0.345870 -0.453341 0.591590 0.358140 0.272604 0.668912 1.670044 -0.900346 -1.029668 -0.486795 -0.081944 -1.570792 0.925938
1776409933.647114 jaka_arm_left solver_failed 0.266118 0.345820 -0.453341 0.591446 0.357845 0.272278 0.669331 1.670044 -0.900346 -1.029668 -0.486795 -0.081944 -1.570792 0.925938
1776409933.663798 jaka_arm_left solver_failed 0.266105 0.345760 -0.453334 0.591326 0.357846 0.272524 0.669336 1.670044 -0.900346 -1.029668 -0.486795 -0.081944 -1.570792 0.925938
1776409933.672132 jaka_arm_left solver_failed 0.266070 0.345790 -0.453313 0.591560 0.357821 0.272460 0.669169 1.670044 -0.900346 -1.029668 -0.486795 -0.081944 -1.570792 0.925938
1776409933.680520 jaka_arm_left solver_failed 0.266028 0.345771 -0.453298 0.591603 0.358069 0.272684 0.668907 1.670044 -0.900346 -1.029668 -0.486795 -0.081944 -1.570792 0.925938
1776409933.689106 jaka_arm_left solver_failed 0.266041 0.345768 -0.453309 0.591618 0.357857 0.272511 0.669077 1.670044 -0.900346 -1.029668 -0.486795 -0.081944 -1.570792 0.925938
1776409933.697362 jaka_arm_left solver_failed 0.266008 0.345739 -0.453296 0.591657 0.358113 0.272726 0.668818 1.670044 -0.900346 -1.029668 -0.486795 -0.081944 -1.570792 0.925938
1776409933.713754 jaka_arm_left solver_failed 0.266030 0.345726 -0.453304 0.591695 0.357843 0.272475 0.669031 1.670044 -0.900346 -1.029668 -0.486795 -0.081944 -1.570792 0.925938
1776409933.722173 jaka_arm_left solver_failed 0.266056 0.345734 -0.453287 0.591967 0.357373 0.272621 0.668982 1.670044 -0.900346 -1.029668 -0.486795 -0.081944 -1.570792 0.925938
1776409933.738777 jaka_arm_left solver_failed 0.266115 0.345686 -0.453301 0.591867 0.357019 0.272595 0.669270 1.670044 -0.900346 -1.029668 -0.486795 -0.081944 -1.570792 0.925938
1776409933.747077 jaka_arm_left solver_failed 0.266085 0.345724 -0.453277 0.592048 0.357020 0.272495 0.669151 1.670044 -0.900346 -1.029668 -0.486795 -0.081944 -1.570792 0.925938
1776409933.755481 jaka_arm_left solver_failed 0.266065 0.345701 -0.453271 0.591944 0.357189 0.272582 0.669117 1.670044 -0.900346 -1.029668 -0.486795 -0.081944 -1.570792 0.925938
1776409933.763857 jaka_arm_left solver_failed 0.266066 0.345715 -0.453279 0.591993 0.357026 0.272467 0.669207 1.670044 -0.900346 -1.029668 -0.486795 -0.081944 -1.570792 0.925938
1776409933.772120 jaka_arm_left solver_failed 0.266086 0.345729 -0.453277 0.592029 0.356940 0.272406 0.669246 1.670044 -0.900346 -1.029668 -0.486795 -0.081944 -1.570792 0.925938
1776409933.780517 jaka_arm_left solver_failed 0.266083 0.345735 -0.453272 0.592050 0.356920 0.272402 0.669239 1.670044 -0.900346 -1.029668 -0.486795 -0.081944 -1.570792 0.925938
1776409933.788806 jaka_arm_left solver_failed 0.266077 0.345695 -0.453290 0.591850 0.356995 0.272689 0.669260 1.670044 -0.900346 -1.029668 -0.486795 -0.081944 -1.570792 0.925938
1776409933.797083 jaka_arm_left solver_failed 0.266094 0.345666 -0.453311 0.591692 0.356944 0.272638 0.669447 1.670044 -0.900346 -1.029668 -0.486795 -0.081944 -1.570792 0.925938
1776409933.805563 jaka_arm_left solver_failed 0.266081 0.345724 -0.453289 0.591966 0.356918 0.272619 0.669227 1.670044 -0.900346 -1.029668 -0.486795 -0.081944 -1.570792 0.925938
1776409933.813726 jaka_arm_left solver_failed 0.266104 0.345679 -0.453305 0.591705 0.356921 0.272681 0.669430 1.670044 -0.900346 -1.029668 -0.486795 -0.081944 -1.570792 0.925938
1776409933.830508 jaka_arm_left solver_failed 0.266094 0.345671 -0.453269 0.591622 0.356925 0.272415 0.669610 1.670044 -0.900346 -1.029668 -0.486795 -0.081944 -1.570792 0.925938
1776409933.838804 jaka_arm_left solver_failed 0.266083 0.345720 -0.453260 0.591897 0.356826 0.272540 0.669369 1.670044 -0.900346 -1.029668 -0.486795 -0.081944 -1.570792 0.925938
1776409933.847080 jaka_arm_left solver_failed 0.266076 0.345671 -0.453258 0.591648 0.356891 0.272486 0.669577 1.670044 -0.900346 -1.029668 -0.486795 -0.081944 -1.570792 0.925938
1776409933.863795 jaka_arm_left solver_failed 0.266081 0.345641 -0.453273 0.591335 0.356708 0.272717 0.669857 1.670044 -0.900346 -1.029668 -0.486795 -0.081944 -1.570792 0.925938
1776409933.872160 jaka_arm_left solver_failed 0.266047 0.345635 -0.453261 0.591208 0.356871 0.272778 0.669857 1.670044 -0.900346 -1.029668 -0.486795 -0.081944 -1.570792 0.925938
1776409933.880457 jaka_arm_left solver_failed 0.266026 0.345631 -0.453251 0.591151 0.356898 0.272830 0.669872 1.670044 -0.900346 -1.029668 -0.486795 -0.081944 -1.570792 0.925938
1776409933.888759 jaka_arm_left solver_failed 0.266021 0.345632 -0.453246 0.591114 0.356868 0.272926 0.669881 1.670044 -0.900346 -1.029668 -0.486795 -0.081944 -1.570792 0.925938
1776409933.897099 jaka_arm_left solver_failed 0.266020 0.345640 -0.453247 0.591073 0.356806 0.272965 0.669934 1.670044 -0.900346 -1.029668 -0.486795 -0.081944 -1.570792 0.925938
1776409933.905479 jaka_arm_left solver_failed 0.266004 0.345626 -0.453238 0.591009 0.356878 0.273050 0.669918 1.670044 -0.900346 -1.029668 -0.486795 -0.081944 -1.570792 0.925938
1776409933.913743 jaka_arm_left solver_failed 0.265988 0.345614 -0.453234 0.590958 0.356897 0.273132 0.669920 1.670044 -0.900346 -1.029668 -0.486795 -0.081944 -1.570792 0.925938
1776409933.922339 jaka_arm_left solver_failed 0.266002 0.345619 -0.453232 0.590954 0.356866 0.273087 0.669958 1.670044 -0.900346 -1.029668 -0.486795 -0.081944 -1.570792 0.925938
1776409933.930468 jaka_arm_left solver_failed 0.266000 0.345604 -0.453233 0.590889 0.356875 0.273110 0.670001 1.670044 -0.900346 -1.029668 -0.486795 -0.081944 -1.570792 0.925938
1776409933.938807 jaka_arm_left solver_failed 0.266001 0.345592 -0.453232 0.590884 0.356859 0.272902 0.670098 1.670044 -0.900346 -1.029668 -0.486795 -0.081944 -1.570792 0.925938
1776409933.955469 jaka_arm_left solver_failed 0.266011 0.345639 -0.453244 0.591024 0.357005 0.272965 0.669872 1.670044 -0.900346 -1.029668 -0.486795 -0.081944 -1.570792 0.925938
1776409933.963872 jaka_arm_left solver_failed 0.266016 0.345655 -0.453246 0.591086 0.356998 0.272963 0.669821 1.670044 -0.900346 -1.029668 -0.486795 -0.081944 -1.570792 0.925938
1776409933.972163 jaka_arm_left solver_failed 0.266019 0.345650 -0.453244 0.591026 0.357067 0.272976 0.669832 1.670044 -0.900346 -1.029668 -0.486795 -0.081944 -1.570792 0.925938
1776409933.980434 jaka_arm_left solver_failed 0.266022 0.345644 -0.453239 0.590976 0.357087 0.272957 0.669874 1.670044 -0.900346 -1.029668 -0.486795 -0.081944 -1.570792 0.925938
1776409933.988695 jaka_arm_left solver_failed 0.266018 0.345656 -0.453235 0.591019 0.357051 0.272927 0.669867 1.670044 -0.900346 -1.029668 -0.486795 -0.081944 -1.570792 0.925938
1776409933.997081 jaka_arm_left solver_failed 0.266019 0.345670 -0.453239 0.591039 0.357015 0.272885 0.669885 1.670044 -0.900346 -1.029668 -0.486795 -0.081944 -1.570792 0.925938
1776409934.013816 jaka_arm_left solver_failed 0.266049 0.345612 -0.453252 0.590722 0.356923 0.273016 0.670161 1.670044 -0.900346 -1.029668 -0.486795 -0.081944 -1.570792 0.925938
1776409934.022080 jaka_arm_left solver_failed 0.265968 0.345795 -0.453220 0.591576 0.356830 0.273228 0.669371 1.670044 -0.900346 -1.029668 -0.486795 -0.081944 -1.570792 0.925938
1776409934.030493 jaka_arm_left solver_failed 0.265959 0.345824 -0.453205 0.591784 0.356828 0.273305 0.669156 1.670044 -0.900346 -1.029668 -0.486795 -0.081944 -1.570792 0.925938
1776409934.047091 jaka_arm_left solver_failed 0.265934 0.345767 -0.453211 0.591620 0.356840 0.273321 0.669288 1.670044 -0.900346 -1.029668 -0.486795 -0.081944 -1.570792 0.925938
1776409934.055605 jaka_arm_left solver_failed 0.265925 0.345805 -0.453214 0.591785 0.356810 0.273337 0.669151 1.670044 -0.900346 -1.029668 -0.486795 -0.081944 -1.570792 0.925938
1776409934.063744 jaka_arm_left solver_failed 0.265951 0.345767 -0.453210 0.591686 0.356716 0.273093 0.669388 1.670044 -0.900346 -1.029668 -0.486795 -0.081944 -1.570792 0.925938
1776409934.080432 jaka_arm_left solver_failed 0.265949 0.345761 -0.453187 0.591709 0.356726 0.273094 0.669363 1.670044 -0.900346 -1.029668 -0.486795 -0.081944 -1.570792 0.925938
1776409934.088819 jaka_arm_left solver_failed 0.265931 0.345745 -0.453185 0.591644 0.356835 0.273226 0.669308 1.670044 -0.900346 -1.029668 -0.486795 -0.081944 -1.570792 0.925938
1776409934.097179 jaka_arm_left solver_failed 0.265922 0.345745 -0.453187 0.591690 0.356858 0.273278 0.669234 1.670044 -0.900346 -1.029668 -0.486795 -0.081944 -1.570792 0.925938
1776409934.105517 jaka_arm_left solver_failed 0.265924 0.345746 -0.453197 0.591713 0.356830 0.273322 0.669211 1.670044 -0.900346 -1.029668 -0.486795 -0.081944 -1.570792 0.925938
1776409934.113752 jaka_arm_left solver_failed 0.265948 0.345749 -0.453205 0.591741 0.356770 0.273224 0.669258 1.670044 -0.900346 -1.029668 -0.486795 -0.081944 -1.570792 0.925938
1776409934.122111 jaka_arm_left solver_failed 0.265977 0.345713 -0.453222 0.591561 0.356734 0.273377 0.669374 1.670044 -0.900346 -1.029668 -0.486795 -0.081944 -1.570792 0.925938
1776409934.130459 jaka_arm_left solver_failed 0.265957 0.345736 -0.453202 0.591712 0.356844 0.273190 0.669259 1.670044 -0.900346 -1.029668 -0.486795 -0.081944 -1.570792 0.925938
1776409934.138820 jaka_arm_left solver_failed 0.265927 0.345737 -0.453204 0.591695 0.356879 0.273323 0.669200 1.670044 -0.900346 -1.029668 -0.486795 -0.081944 -1.570792 0.925938
1776409934.147041 jaka_arm_left solver_failed 0.265927 0.345741 -0.453204 0.591674 0.356880 0.273316 0.669221 1.670044 -0.900346 -1.029668 -0.486795 -0.081944 -1.570792 0.925938
1776409934.155447 jaka_arm_left solver_failed 0.265956 0.345718 -0.453220 0.591471 0.356881 0.273444 0.669348 1.670044 -0.900346 -1.029668 -0.486795 -0.081944 -1.570792 0.925938
1776409934.172110 jaka_arm_left solver_failed 0.265950 0.345715 -0.453209 0.591418 0.356934 0.273352 0.669403 1.670044 -0.900346 -1.029668 -0.486795 -0.081944 -1.570792 0.925938
1776409934.180420 jaka_arm_left solver_failed 0.265922 0.345807 -0.453181 0.591839 0.356951 0.273339 0.669028 1.670044 -0.900346 -1.029668 -0.486795 -0.081944 -1.570792 0.925938
1776409934.188982 jaka_arm_left solver_failed 0.265938 0.345736 -0.453196 0.591512 0.356995 0.273401 0.669268 1.670044 -0.900346 -1.029668 -0.486795 -0.081944 -1.570792 0.925938
1776409934.197453 jaka_arm_left solver_failed 0.265922 0.345744 -0.453185 0.591628 0.357077 0.273299 0.669164 1.670044 -0.900346 -1.029668 -0.486795 -0.081944 -1.570792 0.925938
1776409934.205536 jaka_arm_left solver_failed 0.265945 0.345710 -0.453218 0.591413 0.357068 0.273468 0.669290 1.670044 -0.900346 -1.029668 -0.486795 -0.081944 -1.570792 0.925938
1776409934.213845 jaka_arm_left solver_failed 0.265923 0.345738 -0.453211 0.591569 0.357119 0.273375 0.669162 1.670044 -0.900346 -1.029668 -0.486795 -0.081944 -1.570792 0.925938
1776409934.222220 jaka_arm_left solver_failed 0.265934 0.345747 -0.453210 0.591606 0.357135 0.273354 0.669130 1.670044 -0.900346 -1.029668 -0.486795 -0.081944 -1.570792 0.925938
1776409934.230566 jaka_arm_left solver_failed 0.265922 0.345785 -0.453213 0.591698 0.357151 0.273432 0.669008 1.670044 -0.900346 -1.029668 -0.486795 -0.081944 -1.570792 0.925938
1776409934.238756 jaka_arm_left solver_failed 0.265949 0.345777 -0.453213 0.591596 0.357164 0.273543 0.669046 1.670044 -0.900346 -1.029668 -0.486795 -0.081944 -1.570792 0.925938
1776409934.247036 jaka_arm_left solver_failed 0.265942 0.345824 -0.453190 0.591856 0.357067 0.273328 0.668955 1.670044 -0.900346 -1.029668 -0.486795 -0.081944 -1.570792 0.925938
1776409934.263838 jaka_arm_left solver_failed 0.265880 0.345825 -0.453181 0.591811 0.357162 0.273384 0.668922 1.670044 -0.900346 -1.029668 -0.486795 -0.081944 -1.570792 0.925938
1776409934.272141 jaka_arm_left solver_failed 0.265894 0.345851 -0.453177 0.591936 0.357011 0.273327 0.668915 1.670044 -0.900346 -1.029668 -0.486795 -0.081944 -1.570792 0.925938
1776409934.280446 jaka_arm_left solver_failed 0.265872 0.345825 -0.453169 0.591797 0.357128 0.273435 0.668932 1.670044 -0.900346 -1.029668 -0.486795 -0.081944 -1.570792 0.925938
1776409934.297170 jaka_arm_left solver_failed 0.265849 0.345749 -0.453165 0.591565 0.357250 0.273470 0.669057 1.670044 -0.900346 -1.029668 -0.486795 -0.081944 -1.570792 0.925938
1776409934.305453 jaka_arm_left solver_failed 0.265855 0.345702 -0.453177 0.591330 0.357401 0.273759 0.669066 1.670044 -0.900346 -1.029668 -0.486795 -0.081944 -1.570792 0.925938
1776409934.313758 jaka_arm_left solver_failed 0.265819 0.345722 -0.453159 0.591437 0.357447 0.273728 0.668960 1.670044 -0.900346 -1.029668 -0.486795 -0.081944 -1.570792 0.925938
1776409934.322338 jaka_arm_left solver_failed 0.265828 0.345752 -0.453162 0.591444 0.357410 0.274019 0.668854 1.670044 -0.900346 -1.029668 -0.486795 -0.081944 -1.570792 0.925938
1776409934.330581 jaka_arm_left solver_failed 0.265841 0.345765 -0.453160 0.591393 0.357309 0.274062 0.668935 1.670044 -0.900346 -1.029668 -0.486795 -0.081944 -1.570792 0.925938
1776409934.338824 jaka_arm_left solver_failed 0.265820 0.345716 -0.453125 0.591260 0.357500 0.274010 0.668972 1.670044 -0.900346 -1.029668 -0.486795 -0.081944 -1.570792 0.925938
1776409934.355485 jaka_arm_left success 0.265777 0.345814 -0.453098 0.591572 0.357593 0.274102 0.668609 1.673845 -0.904175 -1.065555 -0.488829 -0.043594 -1.570796 0.920053
1776409934.363718 jaka_arm_left success 0.265765 0.345805 -0.453097 0.591520 0.357603 0.274116 0.668644 1.673845 -0.904175 -1.065555 -0.488829 -0.043594 -1.570796 0.920053
1776409934.372175 jaka_arm_left success 0.265761 0.345799 -0.453092 0.591406 0.357687 0.274136 0.668692 1.673845 -0.904175 -1.065555 -0.488829 -0.043594 -1.570796 0.920053
1776409934.388788 jaka_arm_left solver_failed 0.265745 0.345792 -0.453090 0.591132 0.357661 0.274117 0.668956 1.673845 -0.904175 -1.065555 -0.488829 -0.043594 -1.570796 0.920053
1776409934.397079 jaka_arm_left solver_failed 0.265752 0.345856 -0.453100 0.591159 0.357463 0.274183 0.669010 1.673845 -0.904175 -1.065555 -0.488829 -0.043594 -1.570796 0.920053
1776409934.405468 jaka_arm_left solver_failed 0.265717 0.345952 -0.453099 0.591504 0.357164 0.274181 0.668865 1.673845 -0.904175 -1.065555 -0.488829 -0.043594 -1.570796 0.920053
1776409934.413684 jaka_arm_left solver_failed 0.265702 0.345948 -0.453083 0.591365 0.357161 0.274126 0.669013 1.673845 -0.904175 -1.065555 -0.488829 -0.043594 -1.570796 0.920053
1776409934.422171 jaka_arm_left solver_failed 0.265680 0.345956 -0.453063 0.591348 0.357160 0.274109 0.669035 1.673845 -0.904175 -1.065555 -0.488829 -0.043594 -1.570796 0.920053
1776409934.430446 jaka_arm_left solver_failed 0.265675 0.345959 -0.453048 0.591308 0.357138 0.274172 0.669057 1.673845 -0.904175 -1.065555 -0.488829 -0.043594 -1.570796 0.920053
1776409934.438831 jaka_arm_left solver_failed 0.265661 0.345977 -0.453035 0.591398 0.357101 0.274181 0.668993 1.673845 -0.904175 -1.065555 -0.488829 -0.043594 -1.570796 0.920053
1776409934.447084 jaka_arm_left solver_failed 0.265658 0.345976 -0.453032 0.591407 0.357067 0.274223 0.668986 1.673845 -0.904175 -1.065555 -0.488829 -0.043594 -1.570796 0.920053
1776409934.455549 jaka_arm_left solver_failed 0.265654 0.345972 -0.453031 0.591446 0.357024 0.274234 0.668971 1.673845 -0.904175 -1.065555 -0.488829 -0.043594 -1.570796 0.920053
1776409934.463825 jaka_arm_left solver_failed 0.265653 0.345958 -0.453031 0.591412 0.357023 0.274249 0.668995 1.673845 -0.904175 -1.065555 -0.488829 -0.043594 -1.570796 0.920053
1776409934.480470 jaka_arm_left solver_failed 0.265677 0.345882 -0.453036 0.591208 0.356850 0.274081 0.669336 1.673845 -0.904175 -1.065555 -0.488829 -0.043594 -1.570796 0.920053
1776409934.488734 jaka_arm_left solver_failed 0.265686 0.345876 -0.453038 0.591250 0.356718 0.274027 0.669391 1.673845 -0.904175 -1.065555 -0.488829 -0.043594 -1.570796 0.920053
1776409934.497108 jaka_arm_left solver_failed 0.265695 0.345852 -0.453038 0.591240 0.356657 0.273982 0.669451 1.673845 -0.904175 -1.065555 -0.488829 -0.043594 -1.570796 0.920053
1776409934.505450 jaka_arm_left solver_failed 0.265716 0.345856 -0.453038 0.591380 0.356442 0.273992 0.669438 1.673845 -0.904175 -1.065555 -0.488829 -0.043594 -1.570796 0.920053
1776409934.513743 jaka_arm_left solver_failed 0.265745 0.345803 -0.453072 0.591122 0.356537 0.274089 0.669575 1.673845 -0.904175 -1.065555 -0.488829 -0.043594 -1.570796 0.920053
1776409934.522057 jaka_arm_left solver_failed 0.265717 0.345863 -0.453062 0.591480 0.356519 0.274014 0.669299 1.673845 -0.904175 -1.065555 -0.488829 -0.043594 -1.570796 0.920053
1776409934.530496 jaka_arm_left solver_failed 0.265721 0.345846 -0.453064 0.591397 0.356572 0.273951 0.669370 1.673845 -0.904175 -1.065555 -0.488829 -0.043594 -1.570796 0.920053
1776409934.538756 jaka_arm_left solver_failed 0.265733 0.345844 -0.453072 0.591413 0.356567 0.273943 0.669362 1.673845 -0.904175 -1.065555 -0.488829 -0.043594 -1.570796 0.920053
1776409934.547067 jaka_arm_left solver_failed 0.265739 0.345842 -0.453074 0.591404 0.356609 0.273898 0.669366 1.673845 -0.904175 -1.065555 -0.488829 -0.043594 -1.570796 0.920053
1776409934.555537 jaka_arm_left solver_failed 0.265744 0.345868 -0.453088 0.591513 0.356576 0.273904 0.669285 1.673845 -0.904175 -1.065555 -0.488829 -0.043594 -1.570796 0.920053
1776409934.572144 jaka_arm_left solver_failed 0.265744 0.345862 -0.453098 0.591438 0.356596 0.273841 0.669366 1.673845 -0.904175 -1.065555 -0.488829 -0.043594 -1.570796 0.920053
1776409934.580449 jaka_arm_left solver_failed 0.265761 0.345856 -0.453081 0.591367 0.356348 0.273663 0.669634 1.673845 -0.904175 -1.065555 -0.488829 -0.043594 -1.570796 0.920053
1776409934.588932 jaka_arm_left solver_failed 0.265761 0.345867 -0.453059 0.591370 0.356304 0.273693 0.669642 1.673845 -0.904175 -1.065555 -0.488829 -0.043594 -1.570796 0.920053
1776409934.597193 jaka_arm_left solver_failed 0.265754 0.345874 -0.453049 0.591368 0.356285 0.273661 0.669668 1.673845 -0.904175 -1.065555 -0.488829 -0.043594 -1.570796 0.920053
1776409934.605468 jaka_arm_left solver_failed 0.265734 0.345853 -0.453052 0.591170 0.356475 0.273621 0.669757 1.673845 -0.904175 -1.065555 -0.488829 -0.043594 -1.570796 0.920053
1776409934.613757 jaka_arm_left solver_failed 0.265737 0.345911 -0.453065 0.591293 0.356426 0.273794 0.669604 1.673845 -0.904175 -1.065555 -0.488829 -0.043594 -1.570796 0.920053
1776409934.622084 jaka_arm_left solver_failed 0.265742 0.345933 -0.453078 0.591359 0.356420 0.273861 0.669522 1.673845 -0.904175 -1.065555 -0.488829 -0.043594 -1.570796 0.920053
1776409934.630466 jaka_arm_left solver_failed 0.265744 0.345920 -0.453080 0.591338 0.356506 0.273770 0.669532 1.673845 -0.904175 -1.065555 -0.488829 -0.043594 -1.570796 0.920053
1776409934.638787 jaka_arm_left solver_failed 0.265756 0.345933 -0.453085 0.591411 0.356510 0.273859 0.669429 1.673845 -0.904175 -1.065555 -0.488829 -0.043594 -1.570796 0.920053
1776409934.647022 jaka_arm_left solver_failed 0.265758 0.345919 -0.453093 0.591374 0.356595 0.273859 0.669417 1.673845 -0.904175 -1.065555 -0.488829 -0.043594 -1.570796 0.920053
1776409934.663888 jaka_arm_left solver_failed 0.265756 0.345907 -0.453090 0.591361 0.356672 0.273957 0.669346 1.673845 -0.904175 -1.065555 -0.488829 -0.043594 -1.570796 0.920053
1776409934.680426 jaka_arm_left solver_failed 0.265748 0.345870 -0.453059 0.591217 0.356689 0.273750 0.669549 1.673845 -0.904175 -1.065555 -0.488829 -0.043594 -1.570796 0.920053
1776409934.688822 jaka_arm_left solver_failed 0.265749 0.345873 -0.453057 0.591182 0.356666 0.273660 0.669629 1.673845 -0.904175 -1.065555 -0.488829 -0.043594 -1.570796 0.920053
1776409934.697309 jaka_arm_left solver_failed 0.265749 0.345875 -0.453064 0.591174 0.356642 0.273580 0.669682 1.673845 -0.904175 -1.065555 -0.488829 -0.043594 -1.570796 0.920053
1776409934.713814 jaka_arm_left solver_failed 0.265741 0.345950 -0.453082 0.591369 0.356503 0.273642 0.669558 1.673845 -0.904175 -1.065555 -0.488829 -0.043594 -1.570796 0.920053
1776409934.722162 jaka_arm_left solver_failed 0.265740 0.345950 -0.453084 0.591314 0.356467 0.273649 0.669624 1.673845 -0.904175 -1.065555 -0.488829 -0.043594 -1.570796 0.920053
1776409934.730397 jaka_arm_left solver_failed 0.265730 0.345958 -0.453079 0.591318 0.356396 0.273643 0.669660 1.673845 -0.904175 -1.065555 -0.488829 -0.043594 -1.570796 0.920053
1776409934.738781 jaka_arm_left solver_failed 0.265721 0.345957 -0.453073 0.591297 0.356341 0.273646 0.669707 1.673845 -0.904175 -1.065555 -0.488829 -0.043594 -1.570796 0.920053
1776409934.747067 jaka_arm_left solver_failed 0.265727 0.345950 -0.453067 0.591275 0.356194 0.273540 0.669848 1.673845 -0.904175 -1.065555 -0.488829 -0.043594 -1.570796 0.920053
1776409934.755445 jaka_arm_left solver_failed 0.265703 0.345952 -0.453052 0.591350 0.356100 0.273593 0.669809 1.673845 -0.904175 -1.065555 -0.488829 -0.043594 -1.570796 0.920053
1776409934.763867 jaka_arm_left solver_failed 0.265692 0.345941 -0.453042 0.591379 0.356001 0.273596 0.669835 1.673845 -0.904175 -1.065555 -0.488829 -0.043594 -1.570796 0.920053
1776409934.772179 jaka_arm_left solver_failed 0.265683 0.345874 -0.453036 0.591166 0.356035 0.273558 0.670020 1.673845 -0.904175 -1.065555 -0.488829 -0.043594 -1.570796 0.920053
1776409934.780439 jaka_arm_left solver_failed 0.265713 0.345747 -0.453045 0.590568 0.356171 0.273515 0.670493 1.673845 -0.904175 -1.065555 -0.488829 -0.043594 -1.570796 0.920053
1776409934.788934 jaka_arm_left solver_failed 0.265712 0.345775 -0.453033 0.590825 0.356048 0.273505 0.670336 1.673845 -0.904175 -1.065555 -0.488829 -0.043594 -1.570796 0.920053
1776409934.805518 jaka_arm_left solver_failed 0.265728 0.345778 -0.453048 0.590830 0.355860 0.273366 0.670488 1.673845 -0.904175 -1.065555 -0.488829 -0.043594 -1.570796 0.920053
1776409934.813726 jaka_arm_left solver_failed 0.265745 0.345782 -0.453031 0.590874 0.355754 0.273337 0.670517 1.673845 -0.904175 -1.065555 -0.488829 -0.043594 -1.570796 0.920053
1776409934.822237 jaka_arm_left solver_failed 0.265729 0.345835 -0.453021 0.590967 0.355609 0.273384 0.670493 1.673845 -0.904175 -1.065555 -0.488829 -0.043594 -1.570796 0.920053
1776409934.830505 jaka_arm_left solver_failed 0.265706 0.345899 -0.453026 0.590939 0.355464 0.273647 0.670488 1.673845 -0.904175 -1.065555 -0.488829 -0.043594 -1.570796 0.920053
1776409934.838786 jaka_arm_left solver_failed 0.265698 0.345913 -0.453022 0.590817 0.355414 0.273711 0.670596 1.673845 -0.904175 -1.065555 -0.488829 -0.043594 -1.570796 0.920053
1776409934.847111 jaka_arm_left solver_failed 0.265697 0.345934 -0.452997 0.590811 0.355433 0.273596 0.670638 1.673845 -0.904175 -1.065555 -0.488829 -0.043594 -1.570796 0.920053
1776409934.855460 jaka_arm_left solver_failed 0.265692 0.345950 -0.452991 0.590846 0.355423 0.273549 0.670631 1.673845 -0.904175 -1.065555 -0.488829 -0.043594 -1.570796 0.920053
1776409934.863746 jaka_arm_left solver_failed 0.265673 0.346058 -0.452990 0.591399 0.355147 0.273666 0.670242 1.673845 -0.904175 -1.065555 -0.488829 -0.043594 -1.570796 0.920053
1776409934.880490 jaka_arm_left solver_failed 0.265685 0.345924 -0.452974 0.590800 0.355346 0.273728 0.670640 1.673845 -0.904175 -1.065555 -0.488829 -0.043594 -1.570796 0.920053
1776409934.888722 jaka_arm_left solver_failed 0.265684 0.345924 -0.452967 0.590725 0.355335 0.273710 0.670719 1.673845 -0.904175 -1.065555 -0.488829 -0.043594 -1.570796 0.920053
1776409934.897136 jaka_arm_left solver_failed 0.265683 0.345925 -0.452957 0.590604 0.355334 0.273666 0.670844 1.673845 -0.904175 -1.065555 -0.488829 -0.043594 -1.570796 0.920053
1776409934.913760 jaka_arm_left solver_failed 0.265659 0.346006 -0.452898 0.590585 0.355217 0.273690 0.670913 1.673845 -0.904175 -1.065555 -0.488829 -0.043594 -1.570796 0.920053
1776409934.922132 jaka_arm_left solver_failed 0.265608 0.346138 -0.452851 0.591105 0.354886 0.273883 0.670551 1.673845 -0.904175 -1.065555 -0.488829 -0.043594 -1.570796 0.920053
1776409934.930374 jaka_arm_left solver_failed 0.265568 0.346002 -0.452797 0.590145 0.355092 0.273974 0.671250 1.673845 -0.904175 -1.065555 -0.488829 -0.043594 -1.570796 0.920053
1776409934.938874 jaka_arm_left solver_failed 0.265490 0.346011 -0.452689 0.589944 0.354967 0.274378 0.671328 1.673845 -0.904175 -1.065555 -0.488829 -0.043594 -1.570796 0.920053
1776409934.947089 jaka_arm_left solver_failed 0.265456 0.345839 -0.452618 0.589138 0.354924 0.274771 0.671898 1.673845 -0.904175 -1.065555 -0.488829 -0.043594 -1.570796 0.920053
1776409934.955424 jaka_arm_left solver_failed 0.265338 0.345669 -0.452479 0.588364 0.355185 0.274792 0.672429 1.673845 -0.904175 -1.065555 -0.488829 -0.043594 -1.570796 0.920053
1776409934.963722 jaka_arm_left solver_failed 0.265210 0.345707 -0.452376 0.588534 0.354546 0.275393 0.672371 1.673845 -0.904175 -1.065555 -0.488829 -0.043594 -1.570796 0.920053
1776409934.972110 jaka_arm_left solver_failed 0.265017 0.345455 -0.452209 0.587480 0.354537 0.275625 0.673202 1.673845 -0.904175 -1.065555 -0.488829 -0.043594 -1.570796 0.920053
1776409934.980421 jaka_arm_left solver_failed 0.264824 0.345502 -0.451983 0.587895 0.353426 0.275539 0.673459 1.673845 -0.904175 -1.065555 -0.488829 -0.043594 -1.570796 0.920053
1776409934.988831 jaka_arm_left solver_failed 0.264624 0.345414 -0.451738 0.588042 0.352451 0.275704 0.673774 1.673845 -0.904175 -1.065555 -0.488829 -0.043594 -1.570796 0.920053
1776409935.005508 jaka_arm_left solver_failed 0.264456 0.345203 -0.451509 0.587509 0.350851 0.274738 0.675467 1.673845 -0.904175 -1.065555 -0.488829 -0.043594 -1.570796 0.920053
1776409935.013758 jaka_arm_left solver_failed 0.264225 0.344951 -0.451238 0.587159 0.349594 0.273923 0.676753 1.673845 -0.904175 -1.065555 -0.488829 -0.043594 -1.570796 0.920053
1776409935.022117 jaka_arm_left solver_failed 0.264017 0.344600 -0.450678 0.587529 0.343256 0.273061 0.680017 1.673845 -0.904175 -1.065555 -0.488829 -0.043594 -1.570796 0.920053
1776409935.030498 jaka_arm_left solver_failed 0.263718 0.344081 -0.450284 0.586870 0.341741 0.272779 0.681460 1.673845 -0.904175 -1.065555 -0.488829 -0.043594 -1.570796 0.920053
1776409935.038798 jaka_arm_left solver_failed 0.263485 0.343848 -0.449862 0.588002 0.338889 0.273945 0.681441 1.673845 -0.904175 -1.065555 -0.488829 -0.043594 -1.570796 0.920053
1776409935.047126 jaka_arm_left solver_failed 0.263286 0.343133 -0.449397 0.587681 0.336847 0.274858 0.682363 1.673845 -0.904175 -1.065555 -0.488829 -0.043594 -1.570796 0.920053
1776409935.055593 jaka_arm_left solver_failed 0.263105 0.342615 -0.448894 0.589218 0.334099 0.276818 0.681594 1.673845 -0.904175 -1.065555 -0.488829 -0.043594 -1.570796 0.920053
1776409935.063786 jaka_arm_left solver_failed 0.262991 0.341611 -0.448318 0.589406 0.332216 0.278710 0.681582 1.673845 -0.904175 -1.065555 -0.488829 -0.043594 -1.570796 0.920053
1776409935.072143 jaka_arm_left solver_failed 0.262830 0.340643 -0.447715 0.590794 0.329863 0.281005 0.680579 1.673845 -0.904175 -1.065555 -0.488829 -0.043594 -1.570796 0.920053
1776409935.080494 jaka_arm_left solver_failed 0.262748 0.339455 -0.447023 0.592048 0.328283 0.282905 0.679466 1.673845 -0.904175 -1.065555 -0.488829 -0.043594 -1.570796 0.920053
1776409935.097212 jaka_arm_left solver_failed 0.262609 0.336664 -0.445471 0.595898 0.325238 0.284685 0.676816 1.673845 -0.904175 -1.065555 -0.488829 -0.043594 -1.570796 0.920053
1776409935.105451 jaka_arm_left solver_failed 0.262619 0.335106 -0.444568 0.598163 0.324450 0.285479 0.674859 1.673845 -0.904175 -1.065555 -0.488829 -0.043594 -1.570796 0.920053
1776409935.113721 jaka_arm_left success 0.262525 0.333308 -0.443545 0.600437 0.323611 0.284727 0.673559 1.689371 -0.895690 -1.068470 -0.543924 -0.028428 -1.570796 0.981423
1776409935.122084 jaka_arm_left success 0.262575 0.331523 -0.442403 0.602970 0.322413 0.284145 0.672115 1.688468 -0.893408 -1.066707 -0.544242 -0.025220 -1.569891 0.983380
1776409935.130349 jaka_arm_left success 0.262605 0.329126 -0.441167 0.603245 0.321696 0.283064 0.672668 1.699473 -0.886206 -1.068838 -0.578438 -0.027950 -1.547852 0.983397
1776409935.138716 jaka_arm_left success 0.262545 0.326937 -0.439851 0.605382 0.319274 0.282712 0.672050 1.704720 -0.882585 -1.068890 -0.599543 -0.026323 -1.532626 0.988737
1776409935.147052 jaka_arm_left success 0.262420 0.324895 -0.438324 0.608786 0.316516 0.283128 0.670101 1.723832 -0.873687 -1.072830 -0.638172 -0.027855 -1.508825 1.000085
1776409935.155344 jaka_arm_left success 0.262267 0.322140 -0.436727 0.610137 0.314602 0.283182 0.669751 1.731660 -0.865998 -1.074749 -0.667772 -0.028626 -1.489227 1.003004
1776409935.163696 jaka_arm_left success 0.262019 0.319407 -0.434986 0.612988 0.311517 0.283195 0.668583 1.744282 -0.858632 -1.077541 -0.704435 -0.028879 -1.464736 1.012093
1776409935.172123 jaka_arm_left success 0.261799 0.316438 -0.433190 0.615457 0.308147 0.284262 0.667423 1.758850 -0.852038 -1.081224 -0.733429 -0.029732 -1.448672 1.022608
1776409935.188663 jaka_arm_left success 0.261269 0.310213 -0.429223 0.621337 0.300345 0.288662 0.663632 1.780094 -0.839515 -1.088676 -0.801233 -0.028923 -1.399646 1.046132
1776409935.197101 jaka_arm_left success 0.261101 0.307101 -0.427050 0.625591 0.294748 0.291399 0.660944 1.798602 -0.830586 -1.095058 -0.837493 -0.028982 -1.378648 1.063995
1776409935.205380 jaka_arm_left success 0.260849 0.303515 -0.424836 0.628109 0.290826 0.293166 0.659510 1.805598 -0.825705 -1.097629 -0.867815 -0.027491 -1.355559 1.073326
1776409935.213651 jaka_arm_left success 0.260725 0.300036 -0.422532 0.632106 0.285541 0.295630 0.656895 1.823068 -0.817823 -1.103695 -0.909260 -0.027148 -1.327467 1.090588
1776409935.222006 jaka_arm_left success 0.260544 0.296239 -0.420259 0.635108 0.281021 0.296698 0.655465 1.827214 -0.813586 -1.104860 -0.933960 -0.023752 -1.307772 1.098877
1776409935.230369 jaka_arm_left success 0.260493 0.292712 -0.417923 0.639232 0.275694 0.299167 0.652591 1.846518 -0.806566 -1.111431 -0.972945 -0.023002 -1.282050 1.117694
1776409935.238688 jaka_arm_left success 0.260446 0.288848 -0.415603 0.641914 0.271546 0.300120 0.651258 1.852592 -0.799330 -1.114158 -1.001024 -0.021514 -1.261551 1.123963
1776409935.247054 jaka_arm_left success 0.260454 0.284901 -0.413254 0.645159 0.267126 0.299090 0.650353 1.856506 -0.793616 -1.113711 -1.028909 -0.017397 -1.240296 1.128666
1776409935.255516 jaka_arm_left success 0.260622 0.280837 -0.410798 0.648124 0.263058 0.298588 0.649293 1.864429 -0.786556 -1.115187 -1.060170 -0.015058 -1.217117 1.134572
1776409935.263722 jaka_arm_left success 0.260848 0.276928 -0.408309 0.651390 0.259161 0.298993 0.647403 1.874125 -0.780364 -1.117724 -1.093010 -0.012779 -1.191767 1.143237
1776409935.280378 jaka_arm_left success 0.261338 0.268780 -0.403354 0.658322 0.251117 0.296759 0.644582 1.889963 -0.763814 -1.120564 -1.153188 -0.007367 -1.147136 1.153049
1776409935.288637 jaka_arm_left success 0.261705 0.264636 -0.400912 0.661667 0.246875 0.295617 0.643320 1.892757 -0.756100 -1.120345 -1.180578 -0.003642 -1.124723 1.154974
1776409935.297079 jaka_arm_left success 0.262121 0.260518 -0.398475 0.664738 0.243099 0.296093 0.641369 1.899538 -0.751523 -1.122707 -1.209599 -0.001098 -1.099929 1.162350
1776409935.305364 jaka_arm_left success 0.262511 0.256278 -0.396016 0.668221 0.239370 0.295310 0.639511 1.906037 -0.744181 -1.123627 -1.239939 0.001992 -1.074741 1.166518
1776409935.313644 jaka_arm_left success 0.263017 0.252048 -0.393495 0.671419 0.235636 0.295030 0.637675 1.910765 -0.738317 -1.124729 -1.269365 0.005228 -1.049051 1.171091
1776409935.322092 jaka_arm_left success 0.263496 0.247799 -0.391038 0.674887 0.231837 0.295113 0.635364 1.913869 -0.733386 -1.125155 -1.299528 0.009355 -1.020773 1.175736
1776409935.330390 jaka_arm_left success 0.263972 0.243341 -0.388603 0.677975 0.228347 0.294947 0.633414 1.917107 -0.728179 -1.124973 -1.327311 0.013282 -0.995125 1.179080
1776409935.338745 jaka_arm_left success 0.264484 0.239174 -0.386218 0.680771 0.225123 0.297140 0.630538 1.926714 -0.725591 -1.129935 -1.359788 0.015158 -0.965763 1.189917
1776409935.347014 jaka_arm_left success 0.264873 0.234719 -0.383935 0.683124 0.222410 0.296795 0.629117 1.928154 -0.722776 -1.128718 -1.382729 0.018992 -0.943876 1.192299
1776409935.355399 jaka_arm_left success 0.265612 0.230378 -0.381550 0.685434 0.219824 0.297413 0.627218 1.932367 -0.719449 -1.130628 -1.410992 0.021209 -0.916830 1.196856
1776409935.372025 jaka_arm_left success 0.266767 0.222031 -0.376985 0.690526 0.215243 0.296378 0.623703 1.941723 -0.710635 -1.132238 -1.464531 0.025989 -0.867207 1.202568
1776409935.380327 jaka_arm_left success 0.267498 0.217910 -0.374838 0.692000 0.213054 0.296475 0.622774 1.937473 -0.711161 -1.128337 -1.482073 0.030825 -0.846407 1.202788
1776409935.388702 jaka_arm_left success 0.268152 0.213944 -0.372762 0.693222 0.211236 0.295956 0.622280 1.937790 -0.709614 -1.126721 -1.503376 0.033566 -0.825877 1.203421
1776409935.405433 jaka_arm_left success 0.269817 0.205946 -0.368684 0.695557 0.207081 0.291153 0.623335 1.927597 -0.706146 -1.114859 -1.533667 0.042041 -0.795473 1.195669
1776409935.413652 jaka_arm_left success 0.270637 0.202009 -0.366718 0.696586 0.205876 0.288832 0.623666 1.922083 -0.701862 -1.109835 -1.548982 0.044030 -0.779488 1.188802
1776409935.422043 jaka_arm_left success 0.271306 0.198347 -0.364852 0.697990 0.205214 0.286845 0.623231 1.918722 -0.699664 -1.105082 -1.567652 0.046895 -0.758669 1.184839
1776409935.430516 jaka_arm_left success 0.272190 0.194521 -0.363003 0.698726 0.204070 0.284787 0.623726 1.912818 -0.697233 -1.099064 -1.581324 0.050123 -0.744439 1.179506
1776409935.438736 jaka_arm_left success 0.273018 0.190588 -0.361214 0.699623 0.203092 0.282268 0.624184 1.906246 -0.696210 -1.092200 -1.595775 0.053499 -0.728133 1.173953
1776409935.447046 jaka_arm_left success 0.273892 0.186967 -0.359423 0.700780 0.202718 0.280882 0.623633 1.903053 -0.695428 -1.087543 -1.614884 0.056306 -0.706228 1.170883
1776409935.455380 jaka_arm_left success 0.274687 0.183435 -0.357772 0.702227 0.201968 0.279546 0.622848 1.898197 -0.693419 -1.082667 -1.631131 0.059151 -0.686192 1.166807
1776409935.463695 jaka_arm_left success 0.275488 0.179516 -0.356293 0.702157 0.201824 0.277362 0.623949 1.893166 -0.694811 -1.076282 -1.643396 0.061639 -0.672419 1.162632
1776409935.472119 jaka_arm_left success 0.276369 0.176024 -0.354809 0.703228 0.200466 0.275163 0.624155 1.885590 -0.690919 -1.069451 -1.654215 0.064424 -0.660769 1.155709
1776409935.480471 jaka_arm_left success 0.277185 0.172393 -0.353501 0.703439 0.199946 0.271451 0.625707 1.875962 -0.689950 -1.059358 -1.663886 0.067589 -0.648545 1.146989
1776409935.497135 jaka_arm_left success 0.278927 0.165862 -0.351009 0.704031 0.197895 0.266641 0.627759 1.856584 -0.688979 -1.042221 -1.678328 0.073868 -0.629736 1.132638
1776409935.505380 jaka_arm_left success 0.279938 0.162404 -0.350020 0.703662 0.196702 0.262903 0.630119 1.845375 -0.689874 -1.031173 -1.684147 0.077650 -0.622389 1.124431
1776409935.513612 jaka_arm_left success 0.280917 0.159133 -0.348987 0.703573 0.195654 0.260227 0.631654 1.836230 -0.690927 -1.023086 -1.688410 0.080407 -0.616989 1.118259
1776409935.522004 jaka_arm_left success 0.281854 0.156023 -0.348124 0.703277 0.194667 0.258374 0.633047 1.824254 -0.694304 -1.012838 -1.692527 0.085021 -0.608192 1.112246
1776409935.530401 jaka_arm_left success 0.282775 0.152738 -0.347254 0.703123 0.194925 0.255307 0.634382 1.815019 -0.693621 -1.003661 -1.696975 0.087013 -0.601201 1.103694
1776409935.538679 jaka_arm_left success 0.283987 0.149625 -0.346322 0.703615 0.193353 0.252499 0.635440 1.799801 -0.693698 -0.991756 -1.702023 0.091156 -0.591631 1.093611
1776409935.547016 jaka_arm_left success 0.284999 0.146452 -0.345486 0.704512 0.193153 0.250490 0.635303 1.789879 -0.697361 -0.981696 -1.708247 0.096148 -0.577496 1.088735
1776409935.555341 jaka_arm_left success 0.286001 0.143159 -0.344733 0.704683 0.194069 0.248488 0.635620 1.780614 -0.698298 -0.973836 -1.716047 0.097542 -0.564176 1.080925
1776409935.563697 jaka_arm_left success 0.287137 0.140107 -0.344005 0.705925 0.193049 0.247163 0.635069 1.770602 -0.700147 -0.964170 -1.724373 0.102819 -0.549041 1.076258
1776409935.572057 jaka_arm_left success 0.288102 0.136791 -0.343347 0.705801 0.194718 0.246712 0.634872 1.766253 -0.705749 -0.959643 -1.733650 0.104591 -0.532714 1.074433
1776409935.588726 jaka_arm_left success 0.290257 0.130298 -0.342133 0.707886 0.194888 0.243148 0.633873 1.744613 -0.708309 -0.939773 -1.748138 0.111312 -0.502115 1.060533
1776409935.597056 jaka_arm_left success 0.291450 0.127376 -0.341475 0.709347 0.194352 0.243011 0.632456 1.737813 -0.711234 -0.932269 -1.759028 0.116215 -0.483457 1.058863
1776409935.605409 jaka_arm_left success 0.292595 0.124033 -0.340971 0.709887 0.194252 0.240805 0.632724 1.726166 -0.709185 -0.922625 -1.765838 0.117546 -0.472063 1.049549
1776409935.613640 jaka_arm_left success 0.293609 0.120823 -0.340523 0.710436 0.194206 0.239169 0.632743 1.718212 -0.716137 -0.912709 -1.770306 0.122269 -0.459329 1.047393
1776409935.622104 jaka_arm_left success 0.294719 0.117973 -0.339978 0.711851 0.194002 0.238536 0.631452 1.706527 -0.714819 -0.903847 -1.778487 0.124871 -0.442514 1.040251
1776409935.630427 jaka_arm_left success 0.295871 0.114547 -0.339591 0.711999 0.193525 0.234822 0.632822 1.692623 -0.715460 -0.889490 -1.781923 0.127717 -0.435015 1.030663
1776409935.638720 jaka_arm_left success 0.296826 0.111425 -0.339124 0.712960 0.194204 0.232761 0.632294 1.681154 -0.720776 -0.877838 -1.787269 0.131328 -0.419094 1.024974
1776409935.647013 jaka_arm_left success 0.298028 0.108476 -0.338638 0.714698 0.192726 0.230177 0.631730 1.664720 -0.714406 -0.864457 -1.793266 0.133467 -0.409092 1.013215
1776409935.655414 jaka_arm_left success 0.299226 0.105653 -0.338181 0.715960 0.192177 0.229808 0.630601 1.655126 -0.720731 -0.853962 -1.799270 0.138577 -0.391981 1.010901
1776409935.663770 jaka_arm_left success 0.300053 0.102209 -0.337875 0.715533 0.193937 0.226501 0.631742 1.643563 -0.725218 -0.842721 -1.802752 0.139205 -0.381140 1.002828
1776409935.680375 jaka_arm_left success 0.302018 0.096279 -0.337093 0.717106 0.195358 0.222960 0.630780 1.621307 -0.731241 -0.820366 -1.812813 0.144215 -0.352377 0.990670
1776409935.688782 jaka_arm_left success 0.303152 0.093130 -0.336770 0.717055 0.195368 0.221579 0.631321 1.614425 -0.735244 -0.813140 -1.815354 0.145255 -0.345230 0.986961
1776409935.697127 jaka_arm_left success 0.304088 0.090425 -0.336358 0.718632 0.195157 0.219700 0.630249 1.596862 -0.734762 -0.798172 -1.821673 0.147654 -0.328041 0.977294
1776409935.713673 jaka_arm_left success 0.305843 0.084521 -0.335711 0.719076 0.196021 0.215878 0.630795 1.578167 -0.744778 -0.777800 -1.826427 0.151863 -0.308471 0.969029
1776409935.722044 jaka_arm_left success 0.306617 0.081652 -0.335371 0.719389 0.196192 0.215147 0.630635 1.569339 -0.748594 -0.768863 -1.830937 0.153456 -0.295977 0.964945
1776409935.730430 jaka_arm_left success 0.307515 0.079009 -0.335031 0.720325 0.194677 0.214227 0.630349 1.556412 -0.749650 -0.758452 -1.833615 0.155743 -0.287075 0.960089
1776409935.738697 jaka_arm_left success 0.308262 0.075968 -0.334842 0.719915 0.193730 0.212948 0.631541 1.550757 -0.755959 -0.751474 -1.832999 0.157936 -0.283642 0.959207
1776409935.746989 jaka_arm_left success 0.309101 0.073258 -0.334593 0.720031 0.192660 0.213390 0.631587 1.544730 -0.761661 -0.746183 -1.832757 0.161230 -0.277961 0.959958
1776409935.755385 jaka_arm_left success 0.309743 0.070558 -0.334380 0.720253 0.192274 0.212727 0.631675 1.534899 -0.767992 -0.736679 -1.833495 0.163382 -0.268285 0.957011
1776409935.772044 jaka_arm_left success 0.311440 0.065260 -0.334021 0.720163 0.190288 0.212234 0.632544 1.518970 -0.778666 -0.722255 -1.832735 0.167761 -0.256867 0.954139
1776409935.780347 jaka_arm_left success 0.312389 0.062802 -0.333837 0.720436 0.188875 0.212086 0.632707 1.511107 -0.782077 -0.716282 -1.832550 0.169800 -0.252186 0.952921
1776409935.788640 jaka_arm_left success 0.313187 0.060193 -0.333707 0.720343 0.188896 0.210791 0.633239 1.504369 -0.787249 -0.708893 -1.831915 0.170381 -0.247138 0.950079
1776409935.805415 jaka_arm_left success 0.314997 0.055550 -0.333437 0.720538 0.188189 0.208983 0.633827 1.484829 -0.796921 -0.691959 -1.829576 0.172998 -0.234894 0.944135
1776409935.813697 jaka_arm_left success 0.315742 0.053002 -0.333474 0.719341 0.189248 0.207589 0.635328 1.482895 -0.801255 -0.689582 -1.829433 0.171956 -0.233621 0.942299
1776409935.822109 jaka_arm_left success 0.316774 0.051000 -0.333374 0.719829 0.187532 0.207113 0.635438 1.470923 -0.807027 -0.680111 -1.825755 0.174080 -0.228820 0.939846
1776409935.830483 jaka_arm_left success 0.317645 0.048906 -0.333340 0.719482 0.187553 0.207183 0.635802 1.466787 -0.812752 -0.676772 -1.824525 0.174820 -0.224632 0.939289
1776409935.838699 jaka_arm_left success 0.318657 0.046718 -0.333306 0.718992 0.186863 0.206943 0.636638 1.463443 -0.815896 -0.674022 -1.823816 0.175825 -0.223981 0.939241
1776409935.855457 jaka_arm_left success 0.319442 0.044873 -0.333280 0.719023 0.187256 0.208034 0.636131 1.459836 -0.823876 -0.671300 -1.821394 0.178106 -0.216525 0.940754
1776409935.863796 jaka_arm_left success 0.321107 0.040958 -0.333355 0.718339 0.188296 0.209809 0.636014 1.455287 -0.837316 -0.667958 -1.820370 0.180920 -0.203483 0.942889
1776409935.880407 jaka_arm_left success 0.323304 0.037563 -0.333499 0.719162 0.185977 0.211853 0.635088 1.446446 -0.847260 -0.661056 -1.817692 0.186031 -0.193985 0.945677
1776409935.897035 jaka_arm_left success 0.325408 0.034338 -0.333918 0.718992 0.186898 0.212963 0.634639 1.439748 -0.857789 -0.656688 -1.814828 0.187856 -0.183508 0.946036
1776409935.905356 jaka_arm_left success 0.326546 0.033048 -0.334113 0.719524 0.187374 0.212520 0.634044 1.429125 -0.860795 -0.648275 -1.813981 0.187190 -0.174790 0.941722
1776409935.913606 jaka_arm_left success 0.327838 0.031872 -0.334358 0.719587 0.187448 0.211773 0.634200 1.426318 -0.861678 -0.646016 -1.813598 0.186654 -0.174229 0.940298
1776409935.922031 jaka_arm_left success 0.328968 0.030600 -0.334814 0.718460 0.189647 0.211266 0.634993 1.424118 -0.867840 -0.645318 -1.810368 0.185478 -0.171110 0.938945
1776409935.930375 jaka_arm_left success 0.330225 0.029503 -0.335305 0.717179 0.191678 0.211031 0.635908 1.423341 -0.872394 -0.646403 -1.808102 0.183904 -0.169915 0.937706
1776409935.938711 jaka_arm_left success 0.331443 0.028499 -0.335719 0.716556 0.194076 0.208552 0.636701 1.417394 -0.878163 -0.641862 -1.801692 0.181186 -0.169411 0.933423
1776409935.947008 jaka_arm_left success 0.332771 0.027491 -0.336223 0.715447 0.196147 0.206743 0.637902 1.412815 -0.881990 -0.639773 -1.796178 0.178172 -0.171039 0.929480
1776409935.955417 jaka_arm_left success 0.334292 0.026874 -0.336637 0.716110 0.197049 0.204731 0.637529 1.402760 -0.881464 -0.632542 -1.790115 0.174882 -0.170994 0.922998
1776409935.972079 jaka_arm_left success 0.337171 0.025378 -0.337784 0.715681 0.199758 0.197865 0.639333 1.381538 -0.881285 -0.617042 -1.777938 0.165589 -0.176942 0.906919
1776409935.980336 jaka_arm_left success 0.338576 0.024568 -0.338397 0.715633 0.201641 0.195052 0.639660 1.375406 -0.886299 -0.610985 -1.771573 0.163223 -0.176194 0.902452
1776409935.988639 jaka_arm_left success 0.339960 0.023666 -0.338996 0.715620 0.203339 0.192116 0.640026 1.365476 -0.886243 -0.603864 -1.765656 0.158997 -0.177701 0.894941
1776409935.997039 jaka_arm_left success 0.341408 0.022924 -0.339624 0.715916 0.204411 0.190105 0.639953 1.357226 -0.889011 -0.597243 -1.759556 0.156865 -0.176678 0.890113
1776409936.005396 jaka_arm_left success 0.342752 0.022187 -0.340233 0.716503 0.205558 0.190211 0.638897 1.355851 -0.890190 -0.596136 -1.757441 0.156788 -0.174090 0.889590
1776409936.013623 jaka_arm_left success 0.344024 0.021651 -0.340819 0.717858 0.206431 0.190320 0.637059 1.348302 -0.894291 -0.590599 -1.754469 0.157027 -0.165674 0.887608
1776409936.022113 jaka_arm_left success 0.345243 0.020886 -0.341477 0.718294 0.208458 0.191531 0.635543 1.346487 -0.898720 -0.590104 -1.754117 0.157211 -0.156841 0.887519
1776409936.030478 jaka_arm_left success 0.346467 0.020215 -0.342131 0.718716 0.210005 0.192988 0.634114 1.345747 -0.902879 -0.590280 -1.754128 0.158083 -0.148430 0.888439
1776409936.038723 jaka_arm_left success 0.347679 0.019746 -0.342754 0.720097 0.210577 0.194384 0.631928 1.342114 -0.905712 -0.587506 -1.755443 0.159349 -0.137617 0.888741
1776409936.047056 jaka_arm_left success 0.348851 0.019578 -0.343258 0.721951 0.211399 0.196031 0.629022 1.337346 -0.906532 -0.583329 -1.759705 0.160360 -0.122900 0.888276
1776409936.055485 jaka_arm_left success 0.349842 0.019156 -0.343916 0.722077 0.213769 0.196848 0.627820 1.337952 -0.907446 -0.585252 -1.759506 0.159399 -0.118514 0.887583
1776409936.063805 jaka_arm_left success 0.350913 0.019009 -0.344450 0.722752 0.214906 0.197491 0.626452 1.336444 -0.910900 -0.583876 -1.760500 0.160065 -0.109757 0.887918
1776409936.072116 jaka_arm_left success 0.352124 0.019111 -0.344964 0.723656 0.214314 0.197624 0.625569 1.335039 -0.909474 -0.582738 -1.760018 0.160438 -0.109079 0.887954
1776409936.080523 jaka_arm_left success 0.352860 0.019258 -0.345495 0.723566 0.216654 0.197150 0.625016 1.332832 -0.909837 -0.581922 -1.758967 0.158047 -0.106079 0.885104
1776409936.097183 jaka_arm_left success 0.354688 0.019965 -0.346407 0.723508 0.217552 0.195848 0.625181 1.322790 -0.908962 -0.576239 -1.752354 0.153882 -0.108834 0.879125
1776409936.105409 jaka_arm_left success 0.355622 0.020423 -0.346807 0.723105 0.217500 0.194569 0.626064 1.320144 -0.907091 -0.574659 -1.750002 0.151639 -0.113678 0.876318
1776409936.113615 jaka_arm_left success 0.356332 0.021411 -0.347006 0.724292 0.217662 0.193559 0.624948 1.313709 -0.902270 -0.570043 -1.747004 0.149192 -0.115758 0.872303
1776409936.122056 jaka_arm_left success 0.357078 0.021991 -0.347322 0.723038 0.219568 0.192986 0.625909 1.314060 -0.903641 -0.571885 -1.746620 0.147050 -0.115669 0.870419
1776409936.130451 jaka_arm_left success 0.357581 0.022656 -0.347457 0.722294 0.221501 0.191895 0.626423 1.314845 -0.904197 -0.572942 -1.745688 0.144977 -0.115816 0.868490
1776409936.138693 jaka_arm_left success 0.358289 0.023651 -0.347541 0.722128 0.222391 0.192228 0.626197 1.314532 -0.902729 -0.574750 -1.743513 0.143477 -0.118453 0.867142
1776409936.146963 jaka_arm_left success 0.359018 0.024733 -0.347513 0.722303 0.222838 0.192440 0.625771 1.313750 -0.900613 -0.575224 -1.741757 0.143022 -0.120046 0.866599
1776409936.163724 jaka_arm_left success 0.359785 0.026712 -0.347353 0.720545 0.227211 0.193600 0.625867 1.321396 -0.899845 -0.586043 -1.740934 0.140201 -0.122192 0.866037
1776409936.172059 jaka_arm_left success 0.360236 0.027950 -0.347129 0.720672 0.227742 0.194382 0.625284 1.321136 -0.899364 -0.587463 -1.740238 0.139883 -0.121402 0.865873
1776409936.188724 jaka_arm_left success 0.360994 0.030498 -0.346596 0.719688 0.229722 0.195700 0.625282 1.324681 -0.894378 -0.594303 -1.741909 0.137653 -0.123836 0.864765
1776409936.197032 jaka_arm_left success 0.361277 0.031697 -0.346274 0.718667 0.231248 0.196132 0.625759 1.326494 -0.894400 -0.598126 -1.742046 0.136320 -0.124144 0.864170
1776409936.205397 jaka_arm_left success 0.361573 0.033158 -0.345878 0.718449 0.232113 0.196708 0.625509 1.329131 -0.891450 -0.600975 -1.742922 0.135981 -0.125335 0.864411
1776409936.213652 jaka_arm_left success 0.361890 0.034386 -0.345460 0.717417 0.233080 0.196471 0.626407 1.331165 -0.889878 -0.604745 -1.743947 0.133973 -0.128123 0.863090
1776409936.222098 jaka_arm_left success 0.362250 0.035894 -0.345006 0.716961 0.233380 0.197175 0.626597 1.333260 -0.886485 -0.608837 -1.744416 0.133001 -0.131237 0.862856
1776409936.230397 jaka_arm_left success 0.362600 0.037513 -0.344542 0.716685 0.233529 0.198064 0.626576 1.334227 -0.884246 -0.610913 -1.744733 0.132962 -0.133058 0.863195
1776409936.238681 jaka_arm_left success 0.362901 0.038971 -0.344082 0.715692 0.234498 0.197819 0.627426 1.337355 -0.880007 -0.615335 -1.745424 0.130409 -0.138570 0.861474
1776409936.247036 jaka_arm_left success 0.363231 0.040175 -0.343712 0.713738 0.235855 0.198718 0.628858 1.345426 -0.880244 -0.625679 -1.743354 0.129525 -0.145419 0.863461
1776409936.255357 jaka_arm_left success 0.363487 0.041775 -0.343166 0.713291 0.237139 0.200149 0.628428 1.346721 -0.879594 -0.628916 -1.742929 0.129114 -0.145249 0.863756
1776409936.263701 jaka_arm_left success 0.363782 0.043289 -0.342710 0.712399 0.237717 0.200766 0.629024 1.352297 -0.876020 -0.635858 -1.744146 0.127704 -0.150350 0.864105
1776409936.280379 jaka_arm_left success 0.364367 0.046442 -0.341795 0.711218 0.239422 0.202870 0.629039 1.357804 -0.872334 -0.644341 -1.745433 0.126617 -0.153389 0.865112
1776409936.288724 jaka_arm_left success 0.364607 0.047650 -0.341476 0.709008 0.241570 0.203439 0.630527 1.367331 -0.873626 -0.655323 -1.745116 0.125352 -0.158074 0.867278
1776409936.297084 jaka_arm_left success 0.364937 0.049195 -0.341047 0.708491 0.241976 0.204679 0.630551 1.368609 -0.872524 -0.658095 -1.744874 0.125129 -0.159326 0.867730
1776409936.305430 jaka_arm_left success 0.365310 0.050910 -0.340586 0.708956 0.242547 0.205559 0.629522 1.370110 -0.869052 -0.660285 -1.745108 0.124545 -0.159814 0.867521
1776409936.313623 jaka_arm_left success 0.365545 0.052378 -0.340233 0.708335 0.243725 0.205675 0.629728 1.372298 -0.865699 -0.664763 -1.746202 0.122186 -0.161527 0.866018
1776409936.322030 jaka_arm_left success 0.365959 0.053859 -0.339887 0.707601 0.244447 0.205978 0.630174 1.373881 -0.863588 -0.667215 -1.747206 0.121199 -0.164328 0.865594
1776409936.330439 jaka_arm_left success 0.366291 0.055314 -0.339616 0.706974 0.245344 0.206017 0.630516 1.377286 -0.858345 -0.672000 -1.747284 0.118759 -0.169270 0.864170
1776409936.338696 jaka_arm_left success 0.366575 0.056620 -0.339357 0.705940 0.246780 0.205807 0.631183 1.377512 -0.859333 -0.673968 -1.747110 0.116997 -0.169286 0.862826
1776409936.346989 jaka_arm_left success 0.367058 0.058151 -0.339108 0.705805 0.246743 0.205785 0.631355 1.378899 -0.853802 -0.676452 -1.746473 0.115297 -0.175474 0.861453
1776409936.355396 jaka_arm_left success 0.367392 0.059496 -0.338870 0.705220 0.247921 0.206038 0.631465 1.378973 -0.854071 -0.678189 -1.745815 0.114064 -0.174915 0.860555
1776409936.372151 jaka_arm_left success 0.367878 0.062386 -0.338404 0.705364 0.249972 0.206697 0.630279 1.381696 -0.847256 -0.682325 -1.746147 0.111495 -0.177222 0.858636
1776409936.380400 jaka_arm_left success 0.368156 0.063787 -0.338204 0.705519 0.250383 0.207331 0.629734 1.382532 -0.845030 -0.684356 -1.746268 0.110924 -0.177682 0.858453
1776409936.388724 jaka_arm_left success 0.368380 0.065054 -0.338109 0.704911 0.251372 0.207941 0.629820 1.385145 -0.842857 -0.689162 -1.746962 0.109075 -0.179430 0.857823
1776409936.405472 jaka_arm_left success 0.368613 0.067405 -0.337932 0.704301 0.254182 0.209770 0.628767 1.390232 -0.840587 -0.695753 -1.747721 0.108106 -0.178072 0.858823
1776409936.413735 jaka_arm_left success 0.368929 0.068739 -0.337760 0.705182 0.253694 0.210469 0.627743 1.391378 -0.837671 -0.697117 -1.748527 0.108336 -0.177908 0.859314
1776409936.422045 jaka_arm_left success 0.369179 0.070086 -0.337663 0.705770 0.253806 0.212164 0.626465 1.393381 -0.834472 -0.699763 -1.750386 0.108724 -0.176826 0.860356
1776409936.430468 jaka_arm_left success 0.369185 0.071116 -0.337629 0.705494 0.255137 0.213219 0.625876 1.399765 -0.832860 -0.706046 -1.754678 0.108534 -0.173730 0.862284
1776409936.438723 jaka_arm_left success 0.369194 0.072397 -0.337564 0.706064 0.255577 0.213802 0.624854 1.399938 -0.832432 -0.706159 -1.754218 0.108554 -0.173256 0.862310
1776409936.447055 jaka_arm_left success 0.369348 0.073635 -0.337555 0.706341 0.255541 0.214983 0.624150 1.401388 -0.828532 -0.708580 -1.756180 0.108366 -0.172560 0.862541
1776409936.463780 jaka_arm_left success 0.369578 0.076129 -0.337447 0.707324 0.255300 0.217879 0.622128 1.406847 -0.821501 -0.715285 -1.762073 0.108876 -0.170509 0.864752
1776409936.472133 jaka_arm_left success 0.369518 0.077231 -0.337459 0.707402 0.256041 0.218565 0.621494 1.407276 -0.821155 -0.716657 -1.761597 0.108578 -0.169240 0.864751
1776409936.480398 jaka_arm_left success 0.369538 0.078639 -0.337357 0.708486 0.256133 0.219571 0.619864 1.410479 -0.815989 -0.719031 -1.766420 0.108783 -0.165749 0.865445
1776409936.488678 jaka_arm_left success 0.369564 0.080055 -0.337318 0.709410 0.256056 0.220648 0.618455 1.410324 -0.815151 -0.719314 -1.765829 0.109311 -0.165133 0.865980
1776409936.497086 jaka_arm_left success 0.369664 0.081392 -0.337352 0.710104 0.255416 0.221024 0.617789 1.410302 -0.810906 -0.720029 -1.767315 0.109570 -0.164772 0.866089
1776409936.505435 jaka_arm_left success 0.369752 0.082709 -0.337367 0.710384 0.255234 0.221644 0.617319 1.410858 -0.806969 -0.721006 -1.769131 0.109239 -0.165352 0.865737
1776409936.513625 jaka_arm_left success 0.369786 0.084025 -0.337366 0.710724 0.255347 0.222152 0.616699 1.411964 -0.803526 -0.722481 -1.770299 0.108356 -0.165512 0.865000
1776409936.522084 jaka_arm_left success 0.369906 0.085154 -0.337440 0.710013 0.256204 0.222993 0.616859 1.414788 -0.802419 -0.727071 -1.771095 0.107298 -0.166179 0.865181
1776409936.530373 jaka_arm_left success 0.369959 0.086463 -0.337436 0.710579 0.256544 0.222923 0.616091 1.416244 -0.799177 -0.727489 -1.771747 0.106698 -0.166919 0.864574
1776409936.538708 jaka_arm_left success 0.370058 0.087923 -0.337425 0.711426 0.256384 0.222713 0.615256 1.416464 -0.797466 -0.726829 -1.771655 0.107143 -0.167029 0.864796
1776409936.547039 jaka_arm_left success 0.370233 0.089346 -0.337418 0.711936 0.256586 0.223154 0.614421 1.416111 -0.791851 -0.728130 -1.772340 0.105770 -0.168033 0.863165
1776409936.555315 jaka_arm_left success 0.370351 0.090734 -0.337435 0.712085 0.257125 0.224071 0.613689 1.416519 -0.789477 -0.729503 -1.772610 0.105150 -0.168076 0.862685
1776409936.563771 jaka_arm_left success 0.370454 0.092094 -0.337485 0.712071 0.257948 0.225094 0.612984 1.418447 -0.786385 -0.732532 -1.773550 0.104173 -0.168095 0.862339
1776409936.572072 jaka_arm_left success 0.370555 0.093407 -0.337506 0.712060 0.258778 0.225419 0.612528 1.420633 -0.783469 -0.735252 -1.774619 0.103228 -0.168465 0.862007
1776409936.588677 jaka_arm_left success 0.370853 0.096181 -0.337477 0.712355 0.260228 0.226827 0.611049 1.423426 -0.778742 -0.739773 -1.775645 0.101922 -0.168139 0.861625
1776409936.597063 jaka_arm_left success 0.371003 0.097703 -0.337406 0.712872 0.261166 0.227783 0.609689 1.426020 -0.775569 -0.742746 -1.777067 0.101275 -0.166637 0.861666
1776409936.605389 jaka_arm_left success 0.371178 0.099074 -0.337414 0.712599 0.262036 0.227954 0.609571 1.430759 -0.770369 -0.748127 -1.780475 0.099168 -0.167566 0.860844
1776409936.613623 jaka_arm_left success 0.371422 0.100348 -0.337412 0.711957 0.263019 0.227895 0.609920 1.430724 -0.771236 -0.749817 -1.780172 0.097690 -0.167236 0.859714
1776409936.622090 jaka_arm_left success 0.371507 0.101835 -0.337387 0.712073 0.264561 0.228065 0.609053 1.433263 -0.768172 -0.751652 -1.780377 0.096563 -0.167610 0.859007
1776409936.630439 jaka_arm_left success 0.371736 0.102920 -0.337453 0.710880 0.265672 0.227645 0.610119 1.436838 -0.766291 -0.755991 -1.780044 0.094016 -0.172377 0.857668
1776409936.638697 jaka_arm_left success 0.371903 0.104085 -0.337468 0.709836 0.266931 0.227365 0.610890 1.441493 -0.765321 -0.761293 -1.777329 0.092091 -0.178770 0.857492
1776409936.647027 jaka_arm_left success 0.372147 0.105402 -0.337458 0.709634 0.267104 0.227032 0.611173 1.441364 -0.765377 -0.762001 -1.777077 0.091512 -0.178921 0.857035
1776409936.655379 jaka_arm_left success 0.372342 0.106827 -0.337401 0.710041 0.267150 0.226938 0.610714 1.441015 -0.758461 -0.762498 -1.775867 0.089765 -0.184224 0.854737
1776409936.663692 jaka_arm_left success 0.372573 0.108037 -0.337418 0.709598 0.267278 0.228450 0.610609 1.445376 -0.760204 -0.767895 -1.771549 0.090431 -0.189313 0.857673
1776409936.680418 jaka_arm_left success 0.372663 0.110585 -0.337206 0.710469 0.268558 0.230009 0.608445 1.446445 -0.755165 -0.770601 -1.771784 0.089501 -0.187792 0.857040
1776409936.697163 jaka_arm_left success 0.372816 0.112688 -0.337255 0.710431 0.268647 0.230507 0.608262 1.447572 -0.751511 -0.773028 -1.772269 0.088254 -0.189307 0.856181
1776409936.705400 jaka_arm_left success 0.373009 0.113871 -0.337200 0.711132 0.267961 0.232206 0.607098 1.448348 -0.748755 -0.775267 -1.772497 0.088973 -0.189638 0.857410
1776409936.713626 jaka_arm_left success 0.373051 0.115068 -0.337162 0.711608 0.268120 0.232748 0.606262 1.449967 -0.745903 -0.776907 -1.772820 0.088515 -0.189771 0.857315
1776409936.722004 jaka_arm_left success 0.373116 0.115860 -0.337286 0.710494 0.268745 0.232385 0.607431 1.452165 -0.745355 -0.779365 -1.773080 0.086875 -0.193015 0.856516
1776409936.730397 jaka_arm_left success 0.373304 0.117057 -0.337259 0.711081 0.267892 0.232945 0.606906 1.452649 -0.742209 -0.781161 -1.772440 0.087151 -0.195647 0.857120
1776409936.738745 jaka_arm_left success 0.373331 0.118178 -0.337205 0.711581 0.267987 0.232893 0.606297 1.453256 -0.740968 -0.781000 -1.771897 0.087031 -0.195811 0.856916
1776409936.755372 jaka_arm_left success 0.373606 0.120538 -0.337252 0.711846 0.267017 0.233255 0.606275 1.454121 -0.732486 -0.783782 -1.769336 0.084890 -0.205554 0.854875
1776409936.772086 jaka_arm_left success 0.373764 0.122591 -0.337273 0.710798 0.268371 0.233820 0.606689 1.459352 -0.729594 -0.791172 -1.765005 0.082215 -0.214404 0.854774
1776409936.780380 jaka_arm_left success 0.373867 0.123819 -0.337180 0.711416 0.268309 0.234395 0.605770 1.459349 -0.728970 -0.791261 -1.764508 0.082603 -0.213964 0.855147
1776409936.788629 jaka_arm_left success 0.374011 0.124836 -0.337207 0.711321 0.268335 0.234137 0.605969 1.459427 -0.728792 -0.791236 -1.764369 0.082621 -0.213911 0.855152
1776409936.797115 jaka_arm_left success 0.374071 0.125722 -0.337295 0.709937 0.269457 0.234543 0.606937 1.464084 -0.725377 -0.797692 -1.761209 0.079593 -0.223002 0.854358
1776409936.805448 jaka_arm_left success 0.374196 0.127020 -0.337195 0.710917 0.268550 0.234593 0.606171 1.464104 -0.724065 -0.796972 -1.760881 0.080706 -0.223224 0.855206
1776409936.813602 jaka_arm_left success 0.374225 0.128082 -0.337148 0.710991 0.269411 0.235205 0.605465 1.464258 -0.723601 -0.797318 -1.760159 0.080588 -0.222574 0.855148
1776409936.822036 jaka_arm_left success 0.374348 0.129118 -0.337167 0.710723 0.269358 0.235105 0.605842 1.464782 -0.719765 -0.799552 -1.759579 0.078417 -0.226758 0.853224
1776409936.830537 jaka_arm_left success 0.374446 0.130181 -0.337163 0.710782 0.269680 0.234924 0.605700 1.465028 -0.718838 -0.800111 -1.758837 0.077952 -0.227065 0.852838
1776409936.847048 jaka_arm_left success 0.374776 0.132171 -0.337231 0.711119 0.269538 0.234825 0.605406 1.465352 -0.711574 -0.801853 -1.755505 0.075599 -0.235732 0.850243
1776409936.855357 jaka_arm_left success 0.374938 0.133011 -0.337385 0.710473 0.270104 0.234675 0.605970 1.466235 -0.711349 -0.802843 -1.753504 0.074651 -0.238826 0.849721
1776409936.863809 jaka_arm_left success 0.375106 0.134249 -0.337365 0.711559 0.269935 0.234518 0.604830 1.466049 -0.707836 -0.802635 -1.752090 0.074401 -0.239998 0.848945
1776409936.880400 jaka_arm_left success 0.375357 0.136135 -0.337568 0.711661 0.271171 0.233700 0.604474 1.466062 -0.703461 -0.802780 -1.750734 0.071894 -0.242523 0.845764
1776409936.888628 jaka_arm_left success 0.375576 0.136868 -0.337806 0.710862 0.271800 0.234041 0.605000 1.466267 -0.702942 -0.804398 -1.748855 0.070687 -0.246414 0.845047
1776409936.897097 jaka_arm_left success 0.375839 0.138038 -0.337833 0.711688 0.271721 0.234088 0.604045 1.465971 -0.699432 -0.804589 -1.746871 0.070309 -0.247984 0.844240
1776409936.905433 jaka_arm_left success 0.375941 0.138941 -0.337952 0.711867 0.273026 0.234683 0.603014 1.465919 -0.699243 -0.806008 -1.745679 0.069381 -0.246846 0.843670
1776409936.913655 jaka_arm_left success 0.376269 0.139879 -0.338100 0.712032 0.272799 0.233996 0.603189 1.465775 -0.696505 -0.805317 -1.745350 0.068564 -0.249542 0.842207
1776409936.922106 jaka_arm_left success 0.376449 0.140661 -0.338309 0.711464 0.274547 0.233948 0.603084 1.465809 -0.696855 -0.806963 -1.744206 0.066903 -0.248627 0.841003
1776409936.930531 jaka_arm_left success 0.376687 0.141726 -0.338318 0.712437 0.274274 0.233656 0.602172 1.465336 -0.691086 -0.805759 -1.743582 0.066060 -0.251427 0.838881
1776409936.938696 jaka_arm_left success 0.376871 0.142631 -0.338441 0.712910 0.274594 0.233628 0.601477 1.465510 -0.690672 -0.805644 -1.743192 0.066208 -0.251102 0.838976
1776409936.947061 jaka_arm_left success 0.377171 0.143489 -0.338635 0.713274 0.274243 0.232757 0.601544 1.462810 -0.684157 -0.803644 -1.741538 0.064516 -0.255602 0.835118
1776409936.955396 jaka_arm_left success 0.377359 0.144587 -0.338676 0.714429 0.274239 0.233166 0.600015 1.463043 -0.682867 -0.802811 -1.740897 0.065479 -0.255129 0.835742
1776409936.972070 jaka_arm_left success 0.377774 0.146282 -0.339053 0.715294 0.273671 0.232475 0.599511 1.458675 -0.675156 -0.799817 -1.739156 0.063802 -0.259757 0.831002
1776409936.980361 jaka_arm_left success 0.377969 0.147235 -0.339112 0.716089 0.273274 0.232550 0.598714 1.455156 -0.672857 -0.797506 -1.736564 0.063972 -0.261059 0.829314
1776409936.988683 jaka_arm_left success 0.378153 0.148239 -0.339275 0.717032 0.272527 0.232501 0.597944 1.453005 -0.669806 -0.795615 -1.735352 0.064421 -0.262718 0.828272
1776409936.997093 jaka_arm_left success 0.378302 0.149269 -0.339369 0.718419 0.271601 0.231903 0.596931 1.449426 -0.663670 -0.791410 -1.734290 0.064313 -0.265398 0.825009
1776409937.005413 jaka_arm_left success 0.378487 0.150128 -0.339569 0.718424 0.271855 0.232864 0.596436 1.449156 -0.663309 -0.791803 -1.733927 0.064540 -0.265066 0.825308
1776409937.013610 jaka_arm_left success 0.378633 0.151122 -0.339692 0.719415 0.271804 0.233356 0.595071 1.449162 -0.662420 -0.791957 -1.733120 0.064994 -0.264328 0.825744
1776409937.021993 jaka_arm_left success 0.378797 0.152323 -0.339790 0.720831 0.271093 0.233163 0.593756 1.446580 -0.656309 -0.789641 -1.732621 0.065063 -0.265184 0.823576
1776409937.030381 jaka_arm_left success 0.379002 0.153344 -0.339996 0.721365 0.270805 0.233318 0.593178 1.446097 -0.654968 -0.788859 -1.732099 0.065489 -0.265347 0.823460
1776409937.038744 jaka_arm_left success 0.379031 0.154455 -0.340080 0.722569 0.271146 0.233299 0.591562 1.443953 -0.649634 -0.787091 -1.731798 0.064904 -0.265140 0.820945
1776409937.047071 jaka_arm_left success 0.379185 0.155676 -0.340203 0.723415 0.271337 0.233881 0.590209 1.444116 -0.648385 -0.786737 -1.731006 0.065446 -0.264344 0.821261
1776409937.063741 jaka_arm_left success 0.379619 0.158375 -0.340492 0.725926 0.269902 0.234020 0.587724 1.437755 -0.635771 -0.781458 -1.731805 0.065180 -0.266356 0.815843
1776409937.071999 jaka_arm_left success 0.379800 0.159652 -0.340653 0.726921 0.269305 0.233681 0.586902 1.434722 -0.631927 -0.778921 -1.730803 0.065166 -0.267437 0.813629
1776409937.080322 jaka_arm_left success 0.379995 0.160881 -0.340839 0.727258 0.269061 0.234211 0.586385 1.434390 -0.631085 -0.778773 -1.730318 0.065690 -0.267436 0.813966
1776409937.088700 jaka_arm_left success 0.380023 0.162342 -0.340940 0.728479 0.269253 0.233858 0.584920 1.432053 -0.624114 -0.776594 -1.729491 0.064613 -0.269608 0.810471
1776409937.097095 jaka_arm_left success 0.380044 0.163720 -0.341134 0.728887 0.269987 0.233377 0.584265 1.431444 -0.621609 -0.775355 -1.728380 0.063580 -0.270307 0.808345
1776409937.105410 jaka_arm_left success 0.380214 0.165452 -0.341227 0.730431 0.268896 0.233912 0.582624 1.429195 -0.616494 -0.774306 -1.727729 0.064395 -0.271722 0.807645
1776409937.113662 jaka_arm_left success 0.380314 0.166913 -0.341444 0.731014 0.268914 0.233392 0.582093 1.427266 -0.610967 -0.772241 -1.726393 0.063284 -0.274990 0.804401
1776409937.122044 jaka_arm_left success 0.380457 0.168450 -0.341624 0.731639 0.268693 0.233452 0.581386 1.425145 -0.607060 -0.770960 -1.724138 0.062995 -0.278228 0.802552
1776409937.130370 jaka_arm_left success 0.380624 0.170209 -0.341718 0.732998 0.268108 0.233751 0.579822 1.423189 -0.602064 -0.769113 -1.722548 0.063407 -0.280344 0.801083
1776409937.138732 jaka_arm_left success 0.380692 0.171826 -0.341928 0.733650 0.268409 0.233929 0.578784 1.423345 -0.600694 -0.768835 -1.721526 0.063664 -0.279862 0.801088
1776409937.155318 jaka_arm_left success 0.380947 0.175114 -0.342365 0.734293 0.269222 0.235287 0.577038 1.423322 -0.595090 -0.770322 -1.719370 0.062524 -0.281429 0.799754
1776409937.163757 jaka_arm_left success 0.380984 0.176753 -0.342591 0.734337 0.270362 0.236687 0.575875 1.424648 -0.592432 -0.773868 -1.717468 0.060872 -0.282420 0.799505
1776409937.172059 jaka_arm_left success 0.381033 0.178513 -0.342780 0.734928 0.271584 0.237602 0.574167 1.426374 -0.589980 -0.775973 -1.716284 0.059877 -0.281479 0.799431
1776409937.180346 jaka_arm_left success 0.381275 0.180389 -0.342994 0.736022 0.271708 0.237836 0.572608 1.427484 -0.585372 -0.776479 -1.716050 0.059506 -0.282023 0.798908
1776409937.188628 jaka_arm_left success 0.381484 0.182055 -0.343280 0.735862 0.272772 0.238277 0.572124 1.428376 -0.583710 -0.777869 -1.715243 0.058360 -0.282314 0.798265
1776409937.197048 jaka_arm_left success 0.381647 0.183653 -0.343598 0.735422 0.273960 0.238637 0.571973 1.433234 -0.577916 -0.784044 -1.713214 0.054958 -0.288708 0.797838
1776409937.205425 jaka_arm_left success 0.381861 0.185302 -0.343912 0.734965 0.275855 0.238360 0.571765 1.434025 -0.578664 -0.784838 -1.712043 0.053061 -0.287864 0.796379
1776409937.222009 jaka_arm_left success 0.382495 0.188986 -0.344466 0.735474 0.276956 0.237883 0.570776 1.436329 -0.571247 -0.787239 -1.706005 0.050063 -0.297717 0.793873
1776409937.230465 jaka_arm_left success 0.382825 0.190637 -0.344868 0.735118 0.278003 0.235913 0.571543 1.435522 -0.566866 -0.786286 -1.700177 0.047370 -0.307095 0.789666
1776409937.247082 jaka_arm_left success 0.383308 0.193928 -0.345636 0.733850 0.281039 0.233924 0.572505 1.435887 -0.562882 -0.787087 -1.687318 0.042184 -0.322421 0.783940
1776409937.255378 jaka_arm_left success 0.383685 0.195647 -0.346022 0.733795 0.281322 0.233634 0.572554 1.435585 -0.562695 -0.786968 -1.684058 0.041721 -0.325376 0.783270
1776409937.263742 jaka_arm_left success 0.383786 0.197101 -0.346463 0.732883 0.283495 0.232326 0.573182 1.435772 -0.559836 -0.787778 -1.677845 0.038145 -0.333992 0.779355
1776409937.272052 jaka_arm_left success 0.384070 0.198448 -0.346957 0.731614 0.284774 0.232184 0.574226 1.437907 -0.563868 -0.789858 -1.670458 0.036923 -0.340085 0.780500
1776409937.280415 jaka_arm_left success 0.384263 0.200003 -0.347280 0.731998 0.285214 0.231753 0.573692 1.438067 -0.560443 -0.789989 -1.668370 0.035617 -0.342607 0.778590
1776409937.288645 jaka_arm_left success 0.384209 0.201139 -0.347744 0.730616 0.287810 0.231097 0.574421 1.439886 -0.559754 -0.792947 -1.663700 0.031916 -0.348858 0.776564
1776409937.297054 jaka_arm_left success 0.384385 0.202401 -0.348132 0.730280 0.288595 0.230972 0.574505 1.441077 -0.559706 -0.793592 -1.660899 0.031020 -0.351222 0.776302
1776409937.305422 jaka_arm_left success 0.384467 0.203520 -0.348551 0.729834 0.289266 0.230355 0.574982 1.442308 -0.558110 -0.794735 -1.656648 0.029272 -0.357864 0.775156
1776409937.313630 jaka_arm_left success 0.384640 0.204566 -0.349015 0.728710 0.289463 0.230109 0.576405 1.445267 -0.560748 -0.798191 -1.644934 0.027989 -0.371681 0.777338
1776409937.322026 jaka_arm_left success 0.384697 0.205608 -0.349438 0.728626 0.289511 0.229065 0.576904 1.444904 -0.558606 -0.797235 -1.642776 0.026820 -0.375991 0.774919
1776409937.338759 jaka_arm_left success 0.384692 0.207316 -0.350311 0.727054 0.291300 0.227379 0.578649 1.445776 -0.557216 -0.798670 -1.630047 0.023045 -0.392159 0.771650
1776409937.347089 jaka_arm_left success 0.384864 0.208175 -0.350722 0.727064 0.291111 0.226367 0.579129 1.443907 -0.558499 -0.796656 -1.625260 0.023418 -0.396919 0.770376
1776409937.355390 jaka_arm_left success 0.384820 0.208978 -0.351047 0.727253 0.291672 0.225541 0.578932 1.442617 -0.555766 -0.794761 -1.622398 0.022947 -0.400603 0.767593
1776409937.372060 jaka_arm_left success 0.384985 0.209928 -0.351946 0.726154 0.292146 0.223892 0.580710 1.440897 -0.556455 -0.792982 -1.610273 0.021791 -0.415947 0.764670
1776409937.380334 jaka_arm_left success 0.384997 0.210092 -0.352317 0.725464 0.292946 0.223016 0.581506 1.441242 -0.557034 -0.792782 -1.610344 0.021165 -0.416060 0.764035
1776409937.388743 jaka_arm_left success 0.384962 0.210292 -0.352656 0.725105 0.294193 0.222449 0.581540 1.441709 -0.558015 -0.792940 -1.609420 0.019699 -0.415616 0.762776
1776409937.397039 jaka_arm_left success 0.385053 0.210336 -0.352989 0.724813 0.294181 0.221817 0.582152 1.439344 -0.562482 -0.790597 -1.601030 0.020958 -0.421896 0.762672
1776409937.405394 jaka_arm_left success 0.384897 0.210150 -0.353281 0.724095 0.295629 0.220937 0.582646 1.439835 -0.563125 -0.790864 -1.600468 0.019311 -0.421502 0.761215
1776409937.413621 jaka_arm_left success 0.384855 0.209923 -0.353559 0.723892 0.296045 0.219671 0.583166 1.440314 -0.563289 -0.789698 -1.600746 0.018838 -0.422461 0.760040
1776409937.430506 jaka_arm_left success 0.384839 0.209421 -0.353986 0.724362 0.295776 0.218147 0.583291 1.436982 -0.560477 -0.785603 -1.599620 0.019322 -0.425580 0.755862
1776409937.438707 jaka_arm_left success 0.384675 0.208877 -0.354236 0.724097 0.296383 0.216770 0.583825 1.436427 -0.561765 -0.783708 -1.599036 0.019296 -0.425998 0.754506
1776409937.446985 jaka_arm_left success 0.384540 0.208242 -0.354372 0.724141 0.296338 0.215493 0.584266 1.430618 -0.562332 -0.778637 -1.596693 0.020565 -0.427625 0.750222
1776409937.463778 jaka_arm_left success 0.384425 0.206784 -0.354680 0.724953 0.294508 0.212327 0.585343 1.419033 -0.560344 -0.766703 -1.592182 0.024519 -0.434077 0.741306
1776409937.472057 jaka_arm_left success 0.384237 0.205779 -0.354912 0.724627 0.294419 0.210758 0.586357 1.419404 -0.562187 -0.765264 -1.592737 0.024487 -0.435101 0.740727
1776409937.480373 jaka_arm_left success 0.384243 0.204813 -0.354983 0.725199 0.293117 0.209181 0.586866 1.408828 -0.565776 -0.755479 -1.586146 0.029448 -0.438639 0.735842
1776409937.488739 jaka_arm_left success 0.384190 0.203741 -0.354999 0.726017 0.292061 0.207872 0.586846 1.408456 -0.565046 -0.753233 -1.586886 0.030750 -0.439703 0.735419
1776409937.497155 jaka_arm_left success 0.383997 0.202589 -0.354987 0.726969 0.291267 0.207184 0.586306 1.405097 -0.564400 -0.748724 -1.588329 0.033071 -0.438532 0.733261
1776409937.505443 jaka_arm_left success 0.383805 0.201335 -0.354963 0.727887 0.290290 0.206211 0.585994 1.401279 -0.564241 -0.744052 -1.589935 0.035668 -0.436395 0.731204
1776409937.513636 jaka_arm_left success 0.383691 0.200104 -0.354909 0.729162 0.288478 0.205077 0.585701 1.392558 -0.562603 -0.735335 -1.592200 0.039848 -0.433026 0.725656
1776409937.522091 jaka_arm_left success 0.383540 0.198720 -0.354969 0.729882 0.286984 0.204771 0.585646 1.388678 -0.565650 -0.732191 -1.592622 0.042734 -0.430772 0.725704
1776409937.530518 jaka_arm_left success 0.383301 0.197347 -0.354943 0.730683 0.286041 0.203992 0.585380 1.387162 -0.565373 -0.728997 -1.594156 0.044714 -0.430400 0.724998
1776409937.538660 jaka_arm_left success 0.383045 0.196103 -0.354871 0.732271 0.284438 0.203508 0.584344 1.378739 -0.564365 -0.720518 -1.598282 0.049616 -0.423053 0.720694
1776409937.555379 jaka_arm_left success 0.382641 0.193021 -0.354915 0.733128 0.281687 0.201248 0.585384 1.371692 -0.567470 -0.712157 -1.600304 0.054077 -0.421939 0.717499
1776409937.572075 jaka_arm_left success 0.382179 0.190062 -0.354933 0.734267 0.279853 0.199855 0.585314 1.363629 -0.570825 -0.703503 -1.603242 0.059302 -0.416078 0.714539
1776409937.580327 jaka_arm_left success 0.382001 0.188701 -0.354912 0.735419 0.278429 0.199328 0.584726 1.362033 -0.569595 -0.700581 -1.604836 0.061492 -0.415960 0.714146
1776409937.588706 jaka_arm_left success 0.381840 0.187333 -0.354870 0.736608 0.277130 0.199075 0.583933 1.353987 -0.570774 -0.692623 -1.609113 0.066065 -0.407529 0.710510
1776409937.597116 jaka_arm_left success 0.381580 0.186021 -0.354877 0.737595 0.276130 0.198439 0.583377 1.350768 -0.569177 -0.688807 -1.611976 0.067945 -0.405523 0.708392
1776409937.605373 jaka_arm_left success 0.381470 0.184654 -0.354937 0.738121 0.274593 0.197773 0.583663 1.349189 -0.570377 -0.686069 -1.613210 0.070349 -0.405208 0.708851
1776409937.613684 jaka_arm_left success 0.381260 0.183240 -0.355018 0.738668 0.273668 0.196514 0.583830 1.344082 -0.572111 -0.680106 -1.614702 0.073171 -0.402947 0.706140
1776409937.630464 jaka_arm_left success 0.381058 0.180628 -0.355231 0.739630 0.270999 0.193983 0.584703 1.329679 -0.573753 -0.666649 -1.613697 0.078654 -0.402709 0.697584
1776409937.647007 jaka_arm_left success 0.380753 0.177873 -0.355574 0.739299 0.270010 0.191172 0.586503 1.328796 -0.577313 -0.663109 -1.614029 0.079908 -0.404672 0.696854
1776409937.663753 jaka_arm_left success 0.380583 0.175598 -0.355829 0.740437 0.267932 0.186986 0.587369 1.309725 -0.577457 -0.644921 -1.608037 0.085621 -0.410480 0.683075
1776409937.672100 jaka_arm_left success 0.380479 0.174369 -0.356067 0.740382 0.267535 0.185488 0.588094 1.310070 -0.578990 -0.643542 -1.608482 0.085870 -0.411274 0.682791
1776409937.680397 jaka_arm_left success 0.380372 0.173191 -0.356248 0.740220 0.267640 0.184529 0.588551 1.308717 -0.582987 -0.641382 -1.607216 0.086855 -0.410469 0.682466
1776409937.688654 jaka_arm_left success 0.380299 0.172087 -0.356418 0.740683 0.267295 0.182627 0.588718 1.302521 -0.583280 -0.634739 -1.606198 0.089020 -0.411448 0.677748
1776409937.697100 jaka_arm_left success 0.380397 0.171122 -0.356645 0.741392 0.266241 0.181213 0.588740 1.292870 -0.584725 -0.625916 -1.603211 0.092679 -0.411655 0.671905
1776409937.705407 jaka_arm_left success 0.380331 0.170004 -0.356835 0.741764 0.265944 0.178761 0.589156 1.287951 -0.583858 -0.619715 -1.602430 0.093866 -0.414362 0.666688
1776409937.713643 jaka_arm_left success 0.380229 0.168652 -0.357269 0.740370 0.267112 0.176224 0.591142 1.287538 -0.588312 -0.618084 -1.600868 0.092365 -0.415588 0.664303
1776409937.722036 jaka_arm_left success 0.380375 0.167965 -0.357385 0.741955 0.265562 0.175900 0.589949 1.278795 -0.588666 -0.609701 -1.598349 0.097062 -0.414857 0.660052
1776409937.738720 jaka_arm_left success 0.380249 0.166035 -0.357855 0.742451 0.265643 0.173336 0.590046 1.275108 -0.590582 -0.603778 -1.598450 0.098883 -0.414042 0.656561
1776409937.755352 jaka_arm_left success 0.380317 0.164600 -0.358297 0.743732 0.264388 0.171957 0.589400 1.266000 -0.591944 -0.594509 -1.597936 0.103261 -0.411057 0.651189
1776409937.763756 jaka_arm_left success 0.380323 0.163721 -0.358641 0.743551 0.264061 0.171066 0.590035 1.265920 -0.592939 -0.593851 -1.598572 0.103079 -0.411877 0.650647
1776409937.772072 jaka_arm_left success 0.380237 0.162943 -0.358807 0.743524 0.265269 0.170915 0.589570 1.265346 -0.594494 -0.592525 -1.597711 0.103087 -0.409496 0.649583
1776409937.780335 jaka_arm_left success 0.380174 0.162117 -0.359118 0.743078 0.266269 0.169362 0.590129 1.264937 -0.596144 -0.590934 -1.597871 0.102452 -0.408899 0.647726
1776409937.788660 jaka_arm_left success 0.380190 0.161405 -0.359325 0.743045 0.266996 0.168164 0.590185 1.262636 -0.597561 -0.587917 -1.597664 0.102625 -0.406883 0.644916
1776409937.797083 jaka_arm_left success 0.380394 0.160839 -0.359583 0.743405 0.266202 0.167156 0.590376 1.252881 -0.598377 -0.580531 -1.596251 0.105110 -0.406874 0.638607
1776409937.805468 jaka_arm_left success 0.380366 0.160135 -0.359897 0.742650 0.267194 0.165426 0.591365 1.253939 -0.599518 -0.579810 -1.596449 0.103729 -0.407262 0.637065
1776409937.813670 jaka_arm_left success 0.380493 0.159696 -0.360102 0.743396 0.266549 0.163433 0.591274 1.246655 -0.598256 -0.572824 -1.593715 0.105779 -0.411571 0.631377
1776409937.822002 jaka_arm_left success 0.380628 0.159075 -0.360366 0.742994 0.266638 0.162425 0.592016 1.246249 -0.600551 -0.571525 -1.592522 0.105740 -0.411857 0.630560
1776409937.830367 jaka_arm_left success 0.380594 0.158392 -0.360652 0.742080 0.267787 0.160432 0.593186 1.241319 -0.605082 -0.567272 -1.585409 0.105785 -0.416306 0.626283
1776409937.847102 jaka_arm_left success 0.380680 0.157309 -0.361089 0.741618 0.268254 0.156933 0.594487 1.238812 -0.604974 -0.563600 -1.584108 0.104582 -0.421007 0.621232
1776409937.855352 jaka_arm_left success 0.380624 0.156838 -0.361251 0.741309 0.269374 0.156002 0.594610 1.237238 -0.607337 -0.560936 -1.581880 0.104705 -0.420609 0.619040
1776409937.863754 jaka_arm_left success 0.380816 0.156460 -0.361392 0.741396 0.268780 0.154751 0.595098 1.232323 -0.606926 -0.557424 -1.579305 0.105276 -0.424588 0.615091
1776409937.880388 jaka_arm_left success 0.380575 0.155279 -0.361637 0.740333 0.271835 0.151550 0.595857 1.234071 -0.608825 -0.555581 -1.578979 0.102662 -0.424397 0.611582
1776409937.888692 jaka_arm_left success 0.380683 0.154744 -0.361795 0.739709 0.271511 0.150056 0.597155 1.225189 -0.612263 -0.549370 -1.572750 0.103891 -0.428590 0.605213
1776409937.897134 jaka_arm_left success 0.380693 0.154190 -0.361965 0.739023 0.271434 0.148281 0.598482 1.224936 -0.613270 -0.548574 -1.572036 0.103238 -0.431843 0.604003
1776409937.905453 jaka_arm_left success 0.380512 0.153633 -0.361997 0.738280 0.272823 0.147090 0.599062 1.225725 -0.614136 -0.548636 -1.571719 0.101425 -0.431751 0.602338
1776409937.913641 jaka_arm_left success 0.380537 0.153178 -0.362077 0.737651 0.272826 0.145222 0.600289 1.222809 -0.615029 -0.546267 -1.567065 0.100910 -0.438547 0.599041
1776409937.922127 jaka_arm_left success 0.380437 0.152735 -0.362092 0.737334 0.272899 0.142831 0.601218 1.219460 -0.615642 -0.541815 -1.563335 0.101488 -0.443968 0.595087
1776409937.938722 jaka_arm_left success 0.380529 0.152374 -0.362107 0.736949 0.272165 0.141282 0.602388 1.214060 -0.617883 -0.538540 -1.555669 0.101883 -0.452650 0.591262
1776409937.947022 jaka_arm_left success 0.380238 0.151282 -0.362131 0.734266 0.274021 0.137620 0.605662 1.215639 -0.622616 -0.539412 -1.550654 0.097776 -0.460192 0.588766
1776409937.955360 jaka_arm_left success 0.380143 0.150929 -0.362013 0.733992 0.273941 0.136055 0.606384 1.214273 -0.622279 -0.536926 -1.548692 0.098015 -0.464519 0.586523
1776409937.972051 jaka_arm_left success 0.379786 0.149766 -0.361943 0.731256 0.274797 0.131884 0.610211 1.213122 -0.625357 -0.536361 -1.539390 0.094159 -0.479851 0.581972
1776409937.980360 jaka_arm_left success 0.379756 0.149278 -0.361878 0.730184 0.274075 0.130227 0.612173 1.212163 -0.632883 -0.535337 -1.530904 0.094568 -0.486696 0.582676
1776409937.988773 jaka_arm_left success 0.379502 0.148766 -0.361762 0.728757 0.275380 0.128976 0.613551 1.212547 -0.634182 -0.536113 -1.531385 0.092205 -0.487612 0.580873
1776409937.997079 jaka_arm_left success 0.379307 0.148136 -0.361638 0.726910 0.276189 0.127080 0.615769 1.214940 -0.633524 -0.538221 -1.528014 0.088578 -0.496323 0.579625
1776409938.013644 jaka_arm_left success 0.379401 0.148036 -0.361450 0.727153 0.274587 0.125578 0.616507 1.211004 -0.634131 -0.535125 -1.523142 0.090146 -0.503566 0.577341
1776409938.030638 jaka_arm_left success 0.378966 0.146482 -0.360886 0.723024 0.277233 0.122632 0.620757 1.216499 -0.643014 -0.539431 -1.517191 0.084296 -0.510519 0.578433
1776409938.038834 jaka_arm_left success 0.378910 0.146071 -0.360680 0.722052 0.277176 0.121464 0.622142 1.216538 -0.642407 -0.539407 -1.516184 0.082962 -0.514958 0.576849
1776409938.047044 jaka_arm_left success 0.378771 0.145691 -0.360471 0.721009 0.277737 0.120453 0.623297 1.216727 -0.643684 -0.540021 -1.516475 0.081260 -0.515576 0.575631
1776409938.063743 jaka_arm_left success 0.378571 0.144689 -0.360049 0.718518 0.278195 0.117931 0.626444 1.219334 -0.646693 -0.542469 -1.506761 0.077626 -0.530736 0.575743
1776409938.072087 jaka_arm_left success 0.378442 0.144227 -0.359840 0.717485 0.278694 0.117304 0.627523 1.219434 -0.648086 -0.542949 -1.507086 0.076298 -0.531134 0.574846
1776409938.080390 jaka_arm_left success 0.378260 0.143647 -0.359632 0.716293 0.279198 0.115601 0.628975 1.219786 -0.651896 -0.542367 -1.504572 0.075706 -0.533872 0.574542
1776409938.088829 jaka_arm_left success 0.378275 0.143197 -0.359430 0.715641 0.278486 0.114657 0.630205 1.218595 -0.652425 -0.542124 -1.500643 0.075078 -0.541098 0.573306
1776409938.097360 jaka_arm_left success 0.378094 0.142616 -0.359225 0.714540 0.279333 0.114040 0.631190 1.219160 -0.653852 -0.542499 -1.500375 0.073657 -0.541166 0.572425
1776409938.105521 jaka_arm_left success 0.378050 0.142133 -0.359032 0.713994 0.279126 0.113608 0.631977 1.219172 -0.655530 -0.542935 -1.500244 0.073317 -0.541921 0.572755
1776409938.113677 jaka_arm_left success 0.377944 0.141687 -0.358866 0.713462 0.279327 0.113169 0.632567 1.219532 -0.656625 -0.543131 -1.500053 0.072705 -0.542372 0.572574
1776409938.122092 jaka_arm_left success 0.377833 0.141167 -0.358685 0.712904 0.279664 0.112471 0.633172 1.219734 -0.657162 -0.543065 -1.500341 0.072264 -0.542679 0.572171
1776409938.130489 jaka_arm_left success 0.377740 0.140504 -0.358580 0.712169 0.279902 0.112138 0.633952 1.220651 -0.660194 -0.544176 -1.499007 0.071188 -0.543230 0.572911
1776409938.138779 jaka_arm_left success 0.377678 0.139961 -0.358422 0.712155 0.279906 0.111309 0.634112 1.220971 -0.660524 -0.543789 -1.499246 0.071068 -0.543505 0.572629
1776409938.155436 jaka_arm_left success 0.377605 0.138696 -0.358204 0.711678 0.279652 0.109680 0.635043 1.219748 -0.662803 -0.541597 -1.498567 0.071462 -0.545056 0.570927
1776409938.163757 jaka_arm_left success 0.377577 0.137890 -0.358114 0.711274 0.279887 0.108558 0.635585 1.220073 -0.663395 -0.541243 -1.498966 0.071110 -0.545471 0.570442
1776409938.172155 jaka_arm_left success 0.377569 0.137137 -0.358026 0.711152 0.280147 0.108004 0.635701 1.219855 -0.664522 -0.540280 -1.498921 0.070933 -0.545520 0.569413
1776409938.180391 jaka_arm_left success 0.377541 0.136427 -0.357920 0.711485 0.279877 0.106850 0.635642 1.213806 -0.666458 -0.535549 -1.497797 0.072977 -0.544367 0.564786
1776409938.188702 jaka_arm_left success 0.377447 0.135509 -0.357836 0.710987 0.280715 0.106144 0.635948 1.214314 -0.666800 -0.535247 -1.497808 0.072450 -0.544381 0.564157
1776409938.197181 jaka_arm_left success 0.377358 0.134625 -0.357793 0.710820 0.280862 0.104633 0.636321 1.214548 -0.668013 -0.533998 -1.498255 0.072031 -0.544590 0.562806
1776409938.205543 jaka_arm_left success 0.377406 0.133892 -0.357728 0.711339 0.280220 0.103619 0.636189 1.209751 -0.669077 -0.529483 -1.497931 0.074412 -0.542865 0.559269
1776409938.213654 jaka_arm_left success 0.377344 0.132752 -0.357785 0.710328 0.281233 0.102300 0.637084 1.209919 -0.670863 -0.529173 -1.498435 0.072953 -0.543197 0.557563
1776409938.222084 jaka_arm_left success 0.377381 0.131961 -0.357737 0.710773 0.280605 0.100747 0.637113 1.203359 -0.672640 -0.523886 -1.497710 0.075302 -0.542417 0.552561
1776409938.230519 jaka_arm_left success 0.377372 0.130902 -0.357777 0.710346 0.280370 0.098366 0.638064 1.198326 -0.673612 -0.518991 -1.495392 0.076123 -0.545297 0.546766
1776409938.247114 jaka_arm_left success 0.377394 0.128961 -0.357848 0.709768 0.280404 0.094826 0.639227 1.191238 -0.678884 -0.512603 -1.491449 0.077428 -0.547435 0.539835
1776409938.255388 jaka_arm_left success 0.377395 0.127820 -0.357867 0.708861 0.280507 0.091868 0.640618 1.187826 -0.679424 -0.509172 -1.488026 0.076916 -0.554195 0.534583
1776409938.263720 jaka_arm_left success 0.377428 0.126910 -0.357866 0.709190 0.280347 0.090171 0.640566 1.183470 -0.683252 -0.504128 -1.484916 0.079224 -0.554331 0.531135
1776409938.272070 jaka_arm_left success 0.377389 0.125793 -0.357891 0.708283 0.281146 0.088641 0.641432 1.184268 -0.684425 -0.504063 -1.485075 0.077451 -0.554649 0.529453
1776409938.280313 jaka_arm_left success 0.377477 0.124714 -0.357859 0.708212 0.280846 0.086164 0.641979 1.178153 -0.685837 -0.498221 -1.482524 0.079357 -0.557751 0.523535
1776409938.288697 jaka_arm_left success 0.377383 0.123356 -0.357883 0.706714 0.282662 0.084817 0.643012 1.178776 -0.688085 -0.499148 -1.482645 0.076463 -0.557817 0.521466
1776409938.297025 jaka_arm_left success 0.377492 0.122341 -0.357871 0.706704 0.282866 0.083646 0.643086 1.178918 -0.690274 -0.497477 -1.481985 0.076736 -0.556926 0.520632
1776409938.305390 jaka_arm_left success 0.377601 0.121045 -0.357879 0.705634 0.283381 0.081395 0.644322 1.175738 -0.695553 -0.494435 -1.479741 0.077157 -0.556710 0.517551
1776409938.313705 jaka_arm_left success 0.377656 0.119932 -0.357776 0.705486 0.284297 0.079441 0.644324 1.174319 -0.696358 -0.491801 -1.479356 0.076701 -0.556966 0.513888
1776409938.322016 jaka_arm_left success 0.377845 0.118761 -0.357791 0.704675 0.284498 0.077488 0.645360 1.167422 -0.700027 -0.487076 -1.476133 0.077543 -0.557904 0.507616
1776409938.338722 jaka_arm_left success 0.378016 0.116372 -0.357730 0.703223 0.285972 0.073384 0.646771 1.163129 -0.705091 -0.482236 -1.473585 0.076701 -0.559189 0.500663
1776409938.347028 jaka_arm_left success 0.378234 0.115064 -0.357721 0.702035 0.286807 0.071940 0.647853 1.163700 -0.706964 -0.482225 -1.473618 0.074886 -0.559723 0.498969
1776409938.355373 jaka_arm_left success 0.378322 0.114067 -0.357678 0.701974 0.287072 0.069917 0.648023 1.158545 -0.710211 -0.477439 -1.470251 0.076107 -0.560118 0.493911
1776409938.363723 jaka_arm_left success 0.378366 0.112785 -0.357637 0.700985 0.287813 0.068487 0.648917 1.159237 -0.711633 -0.477406 -1.470650 0.074465 -0.560625 0.492396
1776409938.372091 jaka_arm_left success 0.378621 0.111607 -0.357611 0.700678 0.287671 0.067620 0.649402 1.157256 -0.715980 -0.475669 -1.468948 0.075344 -0.560150 0.491576
1776409938.380332 jaka_arm_left success 0.378734 0.110274 -0.357600 0.699700 0.287820 0.066050 0.650551 1.155448 -0.719320 -0.474036 -1.466669 0.075277 -0.561784 0.489656
1776409938.388692 jaka_arm_left success 0.378858 0.108913 -0.357565 0.698633 0.288318 0.064960 0.651586 1.155863 -0.720821 -0.474586 -1.466876 0.073341 -0.562123 0.488178
1776409938.397068 jaka_arm_left success 0.378964 0.107720 -0.357488 0.698608 0.288337 0.064256 0.651675 1.155236 -0.723430 -0.473368 -1.466335 0.073908 -0.561760 0.487856
1776409938.405406 jaka_arm_left success 0.379126 0.106555 -0.357442 0.698945 0.288011 0.063849 0.651497 1.152607 -0.727420 -0.470478 -1.464499 0.075810 -0.559184 0.486796
1776409938.413625 jaka_arm_left success 0.379242 0.105173 -0.357483 0.698339 0.288554 0.064207 0.651872 1.151228 -0.731459 -0.470664 -1.463404 0.075788 -0.556426 0.486816
1776409938.430379 jaka_arm_left success 0.379487 0.102774 -0.357374 0.698544 0.288472 0.063679 0.651740 1.150151 -0.735892 -0.468770 -1.463611 0.076826 -0.552809 0.486426
1776409938.438708 jaka_arm_left success 0.379768 0.101598 -0.357404 0.699170 0.288066 0.064421 0.651175 1.148476 -0.737438 -0.467932 -1.463715 0.078523 -0.549433 0.487114
1776409938.447018 jaka_arm_left success 0.380002 0.100426 -0.357504 0.699519 0.287580 0.064956 0.650962 1.146529 -0.741911 -0.466205 -1.464583 0.080561 -0.543235 0.487652
1776409938.463726 jaka_arm_left success 0.380352 0.098055 -0.357628 0.700386 0.287043 0.064599 0.650303 1.142193 -0.746164 -0.461798 -1.467065 0.083372 -0.535641 0.485516
1776409938.472060 jaka_arm_left success 0.380596 0.096940 -0.357789 0.700876 0.286659 0.064731 0.649931 1.141467 -0.746247 -0.461197 -1.467556 0.084220 -0.534809 0.485695
1776409938.480363 jaka_arm_left success 0.380867 0.095731 -0.358033 0.700455 0.286768 0.064798 0.650329 1.140725 -0.750777 -0.460481 -1.468119 0.084431 -0.530341 0.485494
1776409938.488664 jaka_arm_left success 0.381224 0.094742 -0.358230 0.701010 0.285610 0.063890 0.650331 1.140523 -0.750897 -0.459110 -1.468810 0.085951 -0.530969 0.486174
1776409938.497125 jaka_arm_left success 0.381534 0.093727 -0.358451 0.700900 0.285842 0.063273 0.650407 1.138433 -0.753470 -0.456788 -1.468550 0.086367 -0.529012 0.483986
1776409938.505415 jaka_arm_left success 0.381841 0.092692 -0.358734 0.700690 0.286094 0.062942 0.650555 1.136309 -0.756072 -0.455331 -1.467654 0.087045 -0.526535 0.482872
1776409938.522098 jaka_arm_left success 0.382641 0.090839 -0.359292 0.700213 0.286329 0.060468 0.651200 1.129878 -0.762570 -0.449888 -1.464387 0.087933 -0.524642 0.477177
1776409938.530356 jaka_arm_left success 0.382938 0.090160 -0.359581 0.700369 0.286960 0.059200 0.650871 1.127284 -0.762811 -0.447103 -1.463042 0.087873 -0.525280 0.473545
1776409938.538698 jaka_arm_left success 0.383402 0.089272 -0.359900 0.699820 0.287843 0.058675 0.651119 1.127160 -0.764326 -0.446715 -1.462478 0.087239 -0.524864 0.472549
1776409938.555357 jaka_arm_left success 0.384315 0.087727 -0.360567 0.698925 0.288627 0.055900 0.651977 1.119314 -0.773058 -0.440915 -1.454472 0.087650 -0.525721 0.465768
1776409938.563833 jaka_arm_left success 0.384628 0.087035 -0.360917 0.698454 0.289786 0.054957 0.652047 1.120059 -0.773422 -0.440914 -1.454034 0.086395 -0.525573 0.464545
1776409938.572063 jaka_arm_left success 0.385026 0.086274 -0.361259 0.697268 0.291158 0.053503 0.652825 1.119197 -0.777307 -0.440394 -1.450290 0.084825 -0.526631 0.462308
1776409938.580335 jaka_arm_left success 0.385512 0.085887 -0.361566 0.697646 0.291198 0.052672 0.652471 1.114940 -0.778776 -0.436836 -1.446247 0.085600 -0.528712 0.458564
1776409938.588718 jaka_arm_left success 0.385877 0.085239 -0.361910 0.696585 0.292770 0.052227 0.652937 1.115545 -0.779578 -0.437596 -1.445580 0.083963 -0.528227 0.457497
1776409938.597156 jaka_arm_left success 0.386250 0.084617 -0.362209 0.695632 0.293938 0.050546 0.653560 1.116080 -0.782852 -0.437255 -1.443615 0.082596 -0.528304 0.456170
1776409938.605415 jaka_arm_left success 0.386625 0.084040 -0.362524 0.694643 0.295048 0.049091 0.654223 1.114779 -0.787491 -0.436358 -1.438115 0.081462 -0.530363 0.454103
1776409938.613627 jaka_arm_left success 0.387134 0.083595 -0.362844 0.693980 0.295504 0.048051 0.654798 1.112817 -0.789331 -0.434985 -1.431650 0.080936 -0.535990 0.451829
1776409938.630405 jaka_arm_left success 0.387781 0.082511 -0.363437 0.691383 0.298534 0.044208 0.656440 1.111229 -0.797192 -0.433414 -1.423049 0.077285 -0.540939 0.446348
1776409938.647025 jaka_arm_left success 0.388466 0.081601 -0.364045 0.688905 0.301113 0.040886 0.658080 1.110795 -0.800103 -0.433165 -1.413805 0.073149 -0.550827 0.441350
1776409938.663760 jaka_arm_left success 0.389093 0.080650 -0.364649 0.686086 0.303557 0.037328 0.660110 1.111207 -0.809587 -0.432871 -1.403891 0.069861 -0.555734 0.438589
1776409938.672073 jaka_arm_left success 0.389449 0.080271 -0.364898 0.685039 0.304653 0.035411 0.660799 1.110380 -0.808119 -0.432048 -1.401596 0.067802 -0.560737 0.434696
1776409938.680366 jaka_arm_left success 0.389772 0.079845 -0.365171 0.683822 0.305687 0.034281 0.661640 1.110325 -0.813532 -0.432427 -1.395917 0.066426 -0.562974 0.434118
1776409938.688750 jaka_arm_left success 0.390067 0.079394 -0.365423 0.682323 0.307281 0.033066 0.662511 1.111349 -0.814804 -0.433221 -1.394034 0.064041 -0.565106 0.432448
1776409938.697052 jaka_arm_left success 0.390368 0.079120 -0.365610 0.681579 0.308395 0.032009 0.662811 1.110895 -0.816897 -0.432972 -1.390467 0.062783 -0.567012 0.430724
1776409938.705369 jaka_arm_left success 0.390707 0.078836 -0.365848 0.680539 0.310049 0.031587 0.663128 1.111719 -0.817492 -0.433657 -1.389761 0.060949 -0.566585 0.429392
1776409938.713689 jaka_arm_left success 0.390900 0.078449 -0.366054 0.679395 0.311850 0.030684 0.663498 1.112693 -0.818669 -0.434370 -1.389301 0.058780 -0.566306 0.427808
1776409938.722075 jaka_arm_left success 0.391250 0.078169 -0.366324 0.678346 0.313632 0.030816 0.663726 1.113737 -0.820272 -0.435898 -1.387785 0.056778 -0.564793 0.427258
1776409938.738764 jaka_arm_left success 0.391812 0.077388 -0.366772 0.675443 0.318079 0.029567 0.664626 1.117992 -0.827008 -0.438777 -1.385277 0.052421 -0.561258 0.427063
1776409938.747027 jaka_arm_left success 0.392152 0.077045 -0.367047 0.674181 0.319265 0.028595 0.665381 1.118766 -0.828136 -0.440097 -1.385009 0.050118 -0.561325 0.425752
1776409938.755361 jaka_arm_left success 0.392594 0.076739 -0.367340 0.672878 0.320317 0.027229 0.666251 1.120659 -0.831221 -0.441592 -1.381990 0.048078 -0.563482 0.425822
1776409938.763699 jaka_arm_left success 0.392888 0.076431 -0.367581 0.671347 0.322286 0.025913 0.666898 1.122097 -0.833646 -0.442490 -1.378326 0.045653 -0.565426 0.424506
1776409938.772134 jaka_arm_left success 0.393201 0.076068 -0.367840 0.669662 0.324463 0.024419 0.667593 1.122891 -0.838390 -0.442939 -1.371193 0.043245 -0.569583 0.422919
1776409938.780362 jaka_arm_left success 0.393575 0.075794 -0.368175 0.668163 0.326259 0.023350 0.668258 1.123804 -0.839332 -0.443898 -1.370963 0.040712 -0.569649 0.420990
1776409938.788779 jaka_arm_left success 0.394013 0.075577 -0.368496 0.666723 0.327109 0.021660 0.669336 1.123803 -0.841272 -0.444394 -1.364356 0.038566 -0.576732 0.419031
1776409938.797102 jaka_arm_left success 0.394434 0.075438 -0.368815 0.665548 0.327746 0.019238 0.670268 1.120450 -0.843252 -0.441433 -1.357738 0.037627 -0.583069 0.413868
1776409938.805497 jaka_arm_left success 0.394779 0.075157 -0.369075 0.663871 0.329458 0.017514 0.671137 1.122203 -0.848663 -0.442505 -1.351513 0.035355 -0.586883 0.413594
1776409938.813751 jaka_arm_left success 0.394964 0.074757 -0.369289 0.662104 0.331344 0.014793 0.672020 1.121747 -0.848592 -0.441557 -1.349657 0.032399 -0.590599 0.408518
1776409938.830534 jaka_arm_left success 0.395556 0.074267 -0.369780 0.660255 0.332904 0.010696 0.673144 1.115011 -0.853150 -0.436041 -1.337591 0.030940 -0.601069 0.398958
1776409938.838737 jaka_arm_left success 0.395731 0.073906 -0.369962 0.659164 0.333898 0.008588 0.673752 1.116037 -0.855108 -0.436052 -1.334205 0.029035 -0.604385 0.397228
1776409938.847100 jaka_arm_left success 0.395887 0.073638 -0.370148 0.658459 0.334128 0.006597 0.674349 1.113599 -0.855642 -0.433485 -1.329650 0.028675 -0.609909 0.393196
1776409938.863774 jaka_arm_left success 0.396127 0.072885 -0.370431 0.656813 0.334904 0.004786 0.675584 1.114525 -0.863644 -0.434121 -1.320734 0.027197 -0.615169 0.393657
1776409938.872078 jaka_arm_left success 0.396148 0.072540 -0.370497 0.656249 0.335457 0.003587 0.675864 1.113925 -0.862475 -0.433083 -1.319982 0.026404 -0.617760 0.391066
1776409938.880380 jaka_arm_left success 0.396234 0.072258 -0.370574 0.655922 0.335698 0.003049 0.676065 1.112897 -0.863812 -0.432394 -1.317901 0.026143 -0.618880 0.389747
1776409938.888898 jaka_arm_left success 0.396312 0.071938 -0.370621 0.655928 0.335192 0.001724 0.676315 1.109874 -0.863856 -0.429794 -1.315231 0.026707 -0.622892 0.386484
1776409938.897088 jaka_arm_left success 0.396263 0.071541 -0.370651 0.655272 0.335611 0.000835 0.676744 1.110442 -0.864664 -0.430019 -1.315210 0.025560 -0.623086 0.385538
1776409938.905443 jaka_arm_left success 0.396201 0.071090 -0.370634 0.654422 0.335801 -0.000837 0.677472 1.108558 -0.868858 -0.428389 -1.306950 0.025315 -0.629664 0.383405
1776409938.913669 jaka_arm_left success 0.396278 0.070759 -0.370681 0.654198 0.334880 -0.001685 0.678143 1.108248 -0.869287 -0.428018 -1.305906 0.025454 -0.633160 0.383192
1776409938.922001 jaka_arm_left success 0.396230 0.070425 -0.370675 0.653789 0.334306 -0.003075 0.678815 1.106191 -0.870227 -0.426145 -1.301127 0.025738 -0.639374 0.380876
1776409938.930524 jaka_arm_left success 0.396119 0.070093 -0.370624 0.653295 0.333802 -0.004410 0.679531 1.104543 -0.874014 -0.425316 -1.293030 0.025846 -0.646512 0.380079
1776409938.938713 jaka_arm_left success 0.396040 0.069707 -0.370575 0.652810 0.333233 -0.005432 0.680269 1.104689 -0.875014 -0.424832 -1.293783 0.025731 -0.647832 0.379673
1776409938.955402 jaka_arm_left success 0.395805 0.069124 -0.370555 0.652226 0.332273 -0.007856 0.681274 1.101085 -0.875399 -0.421996 -1.287177 0.025827 -0.658350 0.375212
1776409938.963746 jaka_arm_left success 0.395748 0.068864 -0.370609 0.651899 0.332004 -0.008194 0.681714 1.101299 -0.876056 -0.421858 -1.287259 0.025769 -0.658621 0.375207
1776409938.972146 jaka_arm_left success 0.395690 0.068529 -0.370619 0.651351 0.331457 -0.009660 0.682484 1.101646 -0.882475 -0.421339 -1.276114 0.026062 -0.666950 0.376482
1776409938.988738 jaka_arm_left success 0.395481 0.067919 -0.370622 0.650202 0.331528 -0.012848 0.683492 1.098097 -0.882111 -0.418261 -1.273727 0.025140 -0.673917 0.370000
1776409938.997079 jaka_arm_left success 0.395419 0.067623 -0.370621 0.649474 0.331539 -0.014572 0.684143 1.096390 -0.884239 -0.416662 -1.267106 0.024734 -0.680116 0.367221
1776409939.013826 jaka_arm_left success 0.395340 0.067366 -0.370638 0.648907 0.331982 -0.016356 0.684426 1.096382 -0.885424 -0.415510 -1.266383 0.024121 -0.681727 0.365273
1776409939.021998 jaka_arm_left success 0.395248 0.067161 -0.370669 0.648384 0.331601 -0.019732 0.685018 1.089762 -0.887037 -0.410435 -1.258480 0.024529 -0.691382 0.357103
1776409939.030380 jaka_arm_left success 0.395215 0.066881 -0.370716 0.647161 0.331307 -0.022632 0.686226 1.089316 -0.888345 -0.409100 -1.249915 0.023538 -0.703870 0.354330
1776409939.047091 jaka_arm_left success 0.395476 0.066923 -0.370905 0.646775 0.328794 -0.026402 0.687663 1.079806 -0.896690 -0.402720 -1.227888 0.025952 -0.723540 0.347130
1776409939.055358 jaka_arm_left success 0.395404 0.066805 -0.370878 0.645505 0.329085 -0.028439 0.688635 1.081126 -0.897199 -0.402654 -1.228475 0.024554 -0.725704 0.345834
1776409939.063741 jaka_arm_left success 0.395402 0.066886 -0.370885 0.645444 0.328496 -0.030124 0.688901 1.078841 -0.895636 -0.400447 -1.222611 0.025003 -0.735737 0.342456
1776409939.080368 jaka_arm_left success 0.395485 0.067097 -0.370859 0.643933 0.327279 -0.033368 0.690743 1.075484 -0.899870 -0.398648 -1.207089 0.024373 -0.754417 0.338525
1776409939.088656 jaka_arm_left success 0.395411 0.067226 -0.370747 0.643392 0.327287 -0.035074 0.691159 1.075239 -0.900800 -0.397355 -1.205563 0.024012 -0.756168 0.336408
1776409939.097081 jaka_arm_left success 0.395434 0.067464 -0.370659 0.643445 0.326863 -0.035660 0.691279 1.073547 -0.900049 -0.396434 -1.203610 0.024259 -0.759895 0.334579
1776409939.105397 jaka_arm_left success 0.395373 0.067601 -0.370514 0.642689 0.326928 -0.036772 0.691893 1.073451 -0.900893 -0.396230 -1.199433 0.023456 -0.764978 0.333289
1776409939.113619 jaka_arm_left success 0.395385 0.067929 -0.370309 0.642854 0.326742 -0.037291 0.691800 1.072965 -0.901090 -0.395496 -1.199211 0.023828 -0.765754 0.332683
1776409939.122007 jaka_arm_left success 0.395396 0.067994 -0.370177 0.641287 0.326564 -0.038709 0.693259 1.072531 -0.902777 -0.395644 -1.190310 0.022619 -0.777402 0.331272
1776409939.130401 jaka_arm_left success 0.395346 0.068103 -0.369946 0.640228 0.327187 -0.040347 0.693851 1.072061 -0.904088 -0.395442 -1.189278 0.021093 -0.778675 0.328672
1776409939.138686 jaka_arm_left success 0.395355 0.068233 -0.369752 0.639223 0.327775 -0.041528 0.694430 1.072118 -0.904084 -0.395486 -1.188189 0.019702 -0.781198 0.326675
1776409939.146990 jaka_arm_left success 0.395437 0.068559 -0.369545 0.638934 0.328145 -0.042510 0.694461 1.071024 -0.903343 -0.394422 -1.186961 0.019449 -0.783378 0.324147
1776409939.155339 jaka_arm_left success 0.395618 0.068952 -0.369410 0.638588 0.327898 -0.043560 0.694832 1.068843 -0.902568 -0.393227 -1.183977 0.019285 -0.788586 0.320978
1776409939.172101 jaka_arm_left success 0.395552 0.069465 -0.368953 0.636555 0.329635 -0.046001 0.695717 1.069458 -0.902599 -0.393275 -1.181172 0.016278 -0.793721 0.316855
1776409939.180406 jaka_arm_left success 0.395557 0.069698 -0.368785 0.635853 0.329940 -0.046975 0.696149 1.069203 -0.903854 -0.393265 -1.178622 0.015342 -0.796194 0.315514
1776409939.188686 jaka_arm_left success 0.395683 0.070047 -0.368698 0.634992 0.328975 -0.048282 0.697302 1.067773 -0.905497 -0.392882 -1.168206 0.015317 -0.809520 0.314578
1776409939.197061 jaka_arm_left success 0.395748 0.070383 -0.368487 0.634483 0.328956 -0.049298 0.697702 1.067203 -0.906324 -0.392171 -1.167071 0.014874 -0.810689 0.312749
1776409939.205433 jaka_arm_left success 0.395804 0.070703 -0.368303 0.634550 0.328712 -0.049556 0.697739 1.065991 -0.905590 -0.391682 -1.166041 0.015049 -0.813022 0.311514
1776409939.213643 jaka_arm_left success 0.395873 0.071129 -0.368102 0.634871 0.328315 -0.049825 0.697614 1.064388 -0.904686 -0.390584 -1.164854 0.015744 -0.815258 0.309978
1776409939.222091 jaka_arm_left success 0.395798 0.071003 -0.367910 0.632331 0.329015 -0.051575 0.699462 1.067316 -0.908951 -0.392576 -1.157232 0.012823 -0.823995 0.310822
1776409939.230435 jaka_arm_left success 0.395865 0.071393 -0.367760 0.632415 0.328781 -0.051876 0.699473 1.067316 -0.908951 -0.392576 -1.157232 0.012823 -0.823995 0.310822
1776409939.238734 jaka_arm_left success 0.395755 0.071640 -0.367475 0.632004 0.329249 -0.052857 0.699552 1.065663 -0.906794 -0.391466 -1.157007 0.012248 -0.826398 0.306984
1776409939.247018 jaka_arm_left success 0.395733 0.071738 -0.367188 0.630928 0.330268 -0.053079 0.700025 1.066232 -0.907334 -0.391949 -1.157050 0.010895 -0.826469 0.305990
1776409939.263709 jaka_arm_left success 0.395690 0.072386 -0.366720 0.631357 0.329911 -0.053437 0.699779 1.066232 -0.907334 -0.391949 -1.157050 0.010895 -0.826469 0.305990
1776409939.272048 jaka_arm_left success 0.395709 0.072660 -0.366490 0.631248 0.329989 -0.053296 0.699852 1.066232 -0.907334 -0.391949 -1.157050 0.010895 -0.826469 0.305990
1776409939.280368 jaka_arm_left success 0.395630 0.072991 -0.366194 0.631489 0.330565 -0.053398 0.699355 1.065612 -0.905076 -0.391595 -1.156864 0.010901 -0.826855 0.304691
1776409939.288606 jaka_arm_left success 0.395563 0.073261 -0.365918 0.631838 0.330616 -0.054158 0.698956 1.063753 -0.902458 -0.389776 -1.158087 0.011137 -0.828519 0.300896
1776409939.297104 jaka_arm_left success 0.395646 0.073620 -0.365689 0.632570 0.329877 -0.054200 0.698640 1.062344 -0.901588 -0.389205 -1.158381 0.012315 -0.828778 0.300915
1776409939.305445 jaka_arm_left success 0.395553 0.073841 -0.365381 0.632717 0.329799 -0.054801 0.698498 1.059253 -0.899076 -0.387206 -1.160310 0.012838 -0.828569 0.296557
1776409939.313621 jaka_arm_left success 0.395386 0.074024 -0.365023 0.632212 0.330540 -0.055071 0.698583 1.059722 -0.899198 -0.387314 -1.160210 0.012157 -0.828468 0.295953
1776409939.321969 jaka_arm_left success 0.395354 0.074420 -0.364740 0.633110 0.329675 -0.055086 0.698177 1.059193 -0.898856 -0.387051 -1.160330 0.013057 -0.828594 0.296603
1776409939.330469 jaka_arm_left success 0.395221 0.074773 -0.364393 0.633784 0.329205 -0.054866 0.697805 1.057306 -0.895184 -0.385720 -1.161731 0.014147 -0.830004 0.294595
1776409939.338697 jaka_arm_left success 0.394919 0.074999 -0.363978 0.633399 0.329852 -0.054684 0.697863 1.057791 -0.894320 -0.386587 -1.163454 0.013012 -0.828688 0.294164
1776409939.355313 jaka_arm_left success 0.394590 0.075685 -0.363278 0.633627 0.328190 -0.054181 0.698479 1.056849 -0.893998 -0.386618 -1.164576 0.014216 -0.829842 0.295462
1776409939.363710 jaka_arm_left success 0.394368 0.076014 -0.362838 0.633237 0.327957 -0.052870 0.699042 1.060585 -0.890678 -0.389892 -1.166738 0.012672 -0.831391 0.299340
1776409939.372116 jaka_arm_left success 0.394350 0.076596 -0.362453 0.634527 0.326229 -0.051170 0.698807 1.060056 -0.888971 -0.390247 -1.168880 0.014606 -0.830444 0.302186
1776409939.380336 jaka_arm_left success 0.394029 0.076937 -0.361948 0.634144 0.325796 -0.051568 0.699328 1.059939 -0.889273 -0.390367 -1.169246 0.014482 -0.830781 0.302154
1776409939.388692 jaka_arm_left success 0.393736 0.077379 -0.361443 0.634443 0.325282 -0.051139 0.699327 1.059556 -0.887932 -0.390688 -1.170277 0.014859 -0.831812 0.302709
1776409939.397079 jaka_arm_left success 0.393427 0.077792 -0.360824 0.634110 0.325377 -0.050627 0.699623 1.062558 -0.882843 -0.392650 -1.174868 0.013273 -0.832374 0.303888
1776409939.405440 jaka_arm_left success 0.393122 0.078296 -0.360270 0.634229 0.323876 -0.050340 0.700231 1.061790 -0.883142 -0.392963 -1.175482 0.013649 -0.832927 0.304500
1776409939.413634 jaka_arm_left success 0.392761 0.078856 -0.359642 0.634440 0.323007 -0.049779 0.700481 1.062356 -0.879888 -0.393886 -1.177665 0.014032 -0.834980 0.306137
1776409939.421947 jaka_arm_left success 0.392366 0.079519 -0.358967 0.635170 0.321512 -0.049083 0.700557 1.061404 -0.879320 -0.393712 -1.178573 0.015542 -0.835762 0.307530
1776409939.430430 jaka_arm_left success 0.392082 0.080156 -0.358344 0.635825 0.319390 -0.047811 0.701022 1.061808 -0.875510 -0.395058 -1.180598 0.016384 -0.838396 0.310275
1776409939.447134 jaka_arm_left success 0.390918 0.081151 -0.356639 0.635522 0.318012 -0.046643 0.702000 1.066719 -0.870221 -0.398973 -1.188108 0.015017 -0.839555 0.315784
1776409939.455388 jaka_arm_left success 0.390621 0.081847 -0.355871 0.636983 0.314683 -0.044727 0.702301 1.064283 -0.869094 -0.399143 -1.189146 0.017970 -0.840471 0.318809
1776409939.463706 jaka_arm_left success 0.389953 0.082424 -0.354933 0.637329 0.313952 -0.043627 0.702383 1.067126 -0.863697 -0.400873 -1.194578 0.017532 -0.840809 0.321323
1776409939.472072 jaka_arm_left success 0.389514 0.083189 -0.354018 0.639057 0.312684 -0.040945 0.701540 1.068376 -0.858599 -0.401938 -1.205265 0.019716 -0.832143 0.325809
1776409939.480341 jaka_arm_left success 0.388812 0.083829 -0.353076 0.639841 0.311988 -0.040014 0.701189 1.068344 -0.851223 -0.402701 -1.214343 0.019574 -0.828948 0.325129
1776409939.488664 jaka_arm_left success 0.388224 0.084511 -0.352128 0.640765 0.310636 -0.038627 0.701023 1.069946 -0.849348 -0.404188 -1.218944 0.020277 -0.826335 0.328859
1776409939.497099 jaka_arm_left success 0.387547 0.085081 -0.351128 0.640767 0.309770 -0.037818 0.701448 1.071315 -0.844451 -0.405715 -1.224988 0.019995 -0.826382 0.330448
1776409939.505425 jaka_arm_left success 0.387043 0.085654 -0.350198 0.641304 0.307826 -0.036849 0.701865 1.071252 -0.842623 -0.406433 -1.227908 0.021169 -0.826676 0.332799
1776409939.513660 jaka_arm_left success 0.386359 0.086211 -0.349219 0.641286 0.306976 -0.036073 0.702294 1.073512 -0.838776 -0.408487 -1.232369 0.020434 -0.827178 0.335221
1776409939.522123 jaka_arm_left success 0.385619 0.086870 -0.348211 0.641769 0.305626 -0.035178 0.702486 1.074633 -0.834452 -0.409595 -1.238036 0.020831 -0.826570 0.337184
1776409939.538755 jaka_arm_left success 0.384324 0.088433 -0.346189 0.644810 0.300444 -0.032986 0.702044 1.071422 -0.826480 -0.409095 -1.246396 0.025668 -0.827510 0.340029
1776409939.547001 jaka_arm_left success 0.383386 0.088940 -0.345064 0.645233 0.298977 -0.031773 0.702337 1.074238 -0.822606 -0.410988 -1.251342 0.025875 -0.827365 0.343984
1776409939.555341 jaka_arm_left success 0.382619 0.089627 -0.344032 0.646937 0.295892 -0.029467 0.702177 1.074296 -0.818200 -0.411911 -1.256979 0.028466 -0.826314 0.348190
1776409939.572054 jaka_arm_left success 0.380844 0.090868 -0.341815 0.650802 0.291620 -0.024389 0.700586 1.078180 -0.804392 -0.415527 -1.283385 0.031977 -0.810768 0.357674
1776409939.580335 jaka_arm_left success 0.379960 0.091574 -0.340724 0.653120 0.289428 -0.022209 0.699409 1.074292 -0.799526 -0.413839 -1.288392 0.035980 -0.807546 0.357575
1776409939.588727 jaka_arm_left success 0.379166 0.092182 -0.339697 0.654684 0.287660 -0.018832 0.698775 1.080179 -0.792631 -0.417943 -1.303436 0.036787 -0.797282 0.366414
1776409939.597089 jaka_arm_left success 0.378304 0.092768 -0.338665 0.656036 0.285322 -0.017633 0.698497 1.078617 -0.791756 -0.417512 -1.304440 0.039219 -0.797974 0.368132
1776409939.605420 jaka_arm_left success 0.377475 0.093497 -0.337610 0.657550 0.283862 -0.016463 0.697696 1.076698 -0.781983 -0.417467 -1.315861 0.040361 -0.793832 0.366395
1776409939.613624 jaka_arm_left success 0.376641 0.094100 -0.336681 0.658037 0.282819 -0.015851 0.697674 1.078652 -0.779407 -0.418094 -1.319810 0.040997 -0.793522 0.368868
1776409939.621999 jaka_arm_left success 0.375880 0.094861 -0.335717 0.659046 0.281587 -0.014418 0.697251 1.079737 -0.773191 -0.419206 -1.326790 0.041731 -0.791640 0.370784
1776409939.630335 jaka_arm_left success 0.375137 0.095409 -0.334780 0.658901 0.280489 -0.014168 0.697836 1.081311 -0.770970 -0.420668 -1.330847 0.041350 -0.791346 0.372758
1776409939.638720 jaka_arm_left success 0.374445 0.096188 -0.333828 0.659705 0.278921 -0.013587 0.697716 1.080357 -0.770343 -0.420316 -1.331924 0.043044 -0.792151 0.373934
1776409939.647085 jaka_arm_left success 0.373835 0.097077 -0.332855 0.660863 0.277523 -0.011080 0.697222 1.083420 -0.760848 -0.423172 -1.342660 0.043326 -0.788828 0.378092
1776409939.663817 jaka_arm_left success 0.372236 0.098619 -0.330852 0.661648 0.275878 -0.008739 0.697164 1.087183 -0.752269 -0.426645 -1.353023 0.042507 -0.786907 0.382240
1776409939.672115 jaka_arm_left success 0.371588 0.099490 -0.329867 0.662037 0.274870 -0.006861 0.697213 1.090873 -0.749290 -0.429839 -1.361669 0.042186 -0.781409 0.387665
1776409939.680427 jaka_arm_left success 0.370919 0.100410 -0.328841 0.662262 0.274508 -0.004587 0.697161 1.093975 -0.742327 -0.433309 -1.369413 0.040784 -0.778746 0.390821
1776409939.688732 jaka_arm_left success 0.370361 0.101438 -0.327854 0.662739 0.273884 -0.002640 0.696963 1.097185 -0.738927 -0.435731 -1.376695 0.040443 -0.773385 0.394773
1776409939.697048 jaka_arm_left success 0.369761 0.102460 -0.326870 0.662444 0.274196 -0.000943 0.697126 1.100730 -0.732938 -0.439674 -1.383281 0.037992 -0.771704 0.397601
1776409939.705544 jaka_arm_left success 0.369280 0.103578 -0.325871 0.662373 0.273821 0.000878 0.697340 1.103887 -0.730147 -0.442754 -1.388467 0.036989 -0.769329 0.401666
1776409939.713648 jaka_arm_left success 0.368867 0.104801 -0.324910 0.661721 0.273864 0.002201 0.697939 1.107612 -0.724974 -0.446675 -1.393328 0.034239 -0.769386 0.404396
1776409939.721983 jaka_arm_left success 0.368381 0.105965 -0.323986 0.660545 0.274685 0.003556 0.698724 1.113408 -0.722624 -0.451413 -1.397750 0.030680 -0.768026 0.409020
1776409939.730391 jaka_arm_left success 0.368169 0.107381 -0.323103 0.660420 0.273908 0.005227 0.699137 1.114901 -0.718017 -0.454287 -1.400729 0.029514 -0.769161 0.411197
1776409939.738704 jaka_arm_left success 0.367843 0.108748 -0.322140 0.659606 0.274357 0.006701 0.699716 1.119816 -0.714211 -0.458805 -1.404110 0.026294 -0.769542 0.415165
1776409939.755517 jaka_arm_left success 0.367304 0.111765 -0.320231 0.657667 0.275156 0.010061 0.701186 1.129970 -0.707861 -0.468161 -1.410681 0.019719 -0.770330 0.423839
1776409939.764325 jaka_arm_left success 0.367142 0.113313 -0.319211 0.657307 0.274881 0.011601 0.701608 1.131584 -0.702635 -0.471447 -1.413794 0.017749 -0.771564 0.425417
1776409939.772150 jaka_arm_left success 0.366867 0.114832 -0.318186 0.656012 0.276048 0.013279 0.702331 1.138345 -0.699096 -0.477052 -1.418034 0.013379 -0.771168 0.430620
1776409939.780452 jaka_arm_left success 0.366821 0.116543 -0.317184 0.656075 0.276035 0.015822 0.702225 1.142153 -0.693066 -0.481644 -1.423372 0.010743 -0.769569 0.434265
1776409939.788805 jaka_arm_left success 0.366696 0.118123 -0.316152 0.655195 0.276649 0.017620 0.702762 1.147050 -0.689331 -0.486444 -1.427605 0.007416 -0.768477 0.438529
1776409939.797105 jaka_arm_left success 0.366657 0.119798 -0.315209 0.654917 0.276577 0.019871 0.702989 1.150378 -0.684825 -0.490627 -1.431408 0.004917 -0.767946 0.441860
1776409939.805434 jaka_arm_left success 0.366619 0.121599 -0.314209 0.655313 0.276760 0.022150 0.702480 1.152755 -0.678655 -0.493770 -1.436392 0.003453 -0.766316 0.444200
1776409939.813679 jaka_arm_left success 0.366605 0.123377 -0.313267 0.655292 0.277487 0.025657 0.702093 1.160753 -0.675078 -0.500531 -1.443409 -0.000187 -0.759938 0.452742
1776409939.822036 jaka_arm_left success 0.366339 0.124975 -0.312319 0.654131 0.279316 0.027116 0.702396 1.165674 -0.668133 -0.505270 -1.451720 -0.005046 -0.755930 0.454208
1776409939.830379 jaka_arm_left success 0.366453 0.126770 -0.311468 0.654073 0.279263 0.029730 0.702365 1.168614 -0.664293 -0.509709 -1.454451 -0.007360 -0.755426 0.457968
1776409939.847080 jaka_arm_left success 0.366450 0.130360 -0.309876 0.652954 0.281693 0.034756 0.702205 1.181333 -0.655110 -0.520936 -1.462208 -0.015389 -0.752327 0.468360
1776409939.855330 jaka_arm_left success 0.366538 0.132200 -0.309120 0.652994 0.282477 0.036619 0.701758 1.182801 -0.648423 -0.524232 -1.469448 -0.018093 -0.748116 0.468530
1776409939.863702 jaka_arm_left success 0.366706 0.133942 -0.308474 0.652283 0.283271 0.038578 0.701995 1.188137 -0.647127 -0.528976 -1.471307 -0.021264 -0.746796 0.473814
1776409939.872137 jaka_arm_left success 0.366845 0.135673 -0.307903 0.651732 0.284832 0.041355 0.701716 1.194296 -0.642014 -0.534963 -1.475425 -0.025814 -0.744654 0.478546
1776409939.880286 jaka_arm_left success 0.366972 0.137446 -0.307367 0.651243 0.286944 0.043909 0.701155 1.201953 -0.638009 -0.541002 -1.482751 -0.030633 -0.737630 0.484373
1776409939.888800 jaka_arm_left success 0.367036 0.139075 -0.306875 0.650654 0.288340 0.044447 0.701094 1.202046 -0.637657 -0.542220 -1.481966 -0.032479 -0.736857 0.483537
1776409939.897091 jaka_arm_left success 0.367308 0.140835 -0.306515 0.650605 0.289542 0.046560 0.700508 1.205915 -0.628861 -0.546662 -1.487156 -0.036171 -0.736261 0.484914
1776409939.905399 jaka_arm_left success 0.367648 0.142670 -0.306207 0.650777 0.290685 0.049265 0.699689 1.210411 -0.626786 -0.551076 -1.489682 -0.039120 -0.731750 0.489374
1776409939.913621 jaka_arm_left success 0.367912 0.144488 -0.305994 0.650948 0.291647 0.050464 0.699044 1.210610 -0.623808 -0.552257 -1.489798 -0.039883 -0.731262 0.489303
1776409939.922069 jaka_arm_left success 0.368237 0.146347 -0.305809 0.651454 0.292906 0.052493 0.697895 1.214244 -0.615639 -0.555957 -1.494641 -0.042986 -0.729466 0.490535
1776409939.938728 jaka_arm_left success 0.368753 0.149773 -0.305603 0.651684 0.296033 0.056741 0.696026 1.224618 -0.609224 -0.564525 -1.501022 -0.049425 -0.722027 0.498865
1776409939.947048 jaka_arm_left success 0.368955 0.151328 -0.305572 0.651242 0.297522 0.058279 0.695678 1.225999 -0.606642 -0.566852 -1.502386 -0.051847 -0.719601 0.499090
1776409939.955412 jaka_arm_left success 0.369338 0.153048 -0.305598 0.651738 0.298267 0.060899 0.694669 1.231233 -0.602739 -0.571651 -1.506057 -0.054634 -0.716094 0.504272
1776409939.972105 jaka_arm_left success 0.370021 0.156250 -0.305741 0.652190 0.300311 0.064103 0.693075 1.233921 -0.596403 -0.575693 -1.506626 -0.057746 -0.714087 0.505697
1776409939.980324 jaka_arm_left success 0.370466 0.157765 -0.305880 0.651998 0.302386 0.067816 0.691999 1.242830 -0.596384 -0.582672 -1.510892 -0.061780 -0.705900 0.515660
1776409939.988790 jaka_arm_left success 0.370894 0.159296 -0.306039 0.652708 0.302868 0.068547 0.691046 1.242598 -0.592547 -0.582958 -1.510983 -0.062091 -0.705467 0.514525
1776409939.997174 jaka_arm_left success 0.371325 0.160782 -0.306167 0.653126 0.304317 0.070358 0.689831 1.243591 -0.587129 -0.585260 -1.513583 -0.064432 -0.703149 0.513836
1776409940.005426 jaka_arm_left success 0.371825 0.162206 -0.306373 0.652979 0.306537 0.073155 0.688696 1.249621 -0.588155 -0.590183 -1.516072 -0.067736 -0.695257 0.520416
1776409940.013626 jaka_arm_left success 0.372352 0.163623 -0.306566 0.653827 0.307157 0.074066 0.687517 1.249163 -0.582496 -0.590732 -1.517399 -0.068260 -0.694898 0.518731
1776409940.030425 jaka_arm_left success 0.373449 0.166348 -0.307010 0.654761 0.308914 0.078104 0.685390 1.254325 -0.578020 -0.596177 -1.520648 -0.071469 -0.688042 0.524029
1776409940.038711 jaka_arm_left success 0.374075 0.167804 -0.307194 0.656234 0.308989 0.080258 0.683697 1.253510 -0.575852 -0.596772 -1.519414 -0.070017 -0.686706 0.525543
1776409940.047097 jaka_arm_left success 0.374519 0.168955 -0.307404 0.656208 0.310957 0.082540 0.682557 1.257090 -0.573259 -0.600320 -1.524363 -0.073426 -0.678919 0.527689
1776409940.063717 jaka_arm_left success 0.375733 0.171425 -0.307862 0.657879 0.311580 0.086333 0.680191 1.257016 -0.569026 -0.602790 -1.523562 -0.073179 -0.675370 0.530037
1776409940.072027 jaka_arm_left success 0.376418 0.172694 -0.308116 0.658518 0.311979 0.088001 0.679176 1.256822 -0.567496 -0.603882 -1.522712 -0.073134 -0.673897 0.530964
1776409940.080375 jaka_arm_left success 0.377126 0.173922 -0.308362 0.658902 0.312554 0.089400 0.678355 1.256700 -0.566263 -0.604914 -1.521751 -0.073431 -0.672660 0.531503
1776409940.088764 jaka_arm_left success 0.377792 0.175050 -0.308611 0.658866 0.313504 0.089277 0.677968 1.257135 -0.566004 -0.604793 -1.521243 -0.073811 -0.672177 0.531126
1776409940.097038 jaka_arm_left success 0.378557 0.176208 -0.308878 0.658771 0.314420 0.089472 0.677610 1.257146 -0.565571 -0.605978 -1.520171 -0.075719 -0.671395 0.530095
1776409940.105389 jaka_arm_left success 0.379265 0.177266 -0.309164 0.658402 0.315551 0.089453 0.677446 1.257545 -0.565021 -0.606170 -1.519427 -0.076743 -0.670993 0.529185
1776409940.113628 jaka_arm_left success 0.379944 0.178401 -0.309331 0.657945 0.317623 0.090192 0.676823 1.257797 -0.563837 -0.607278 -1.517777 -0.078667 -0.669838 0.528029
1776409940.122046 jaka_arm_left success 0.380705 0.179570 -0.309547 0.658079 0.318588 0.089957 0.676270 1.257701 -0.560470 -0.606879 -1.517172 -0.079703 -0.670924 0.525294
1776409940.130364 jaka_arm_left success 0.381316 0.180542 -0.309707 0.657251 0.320675 0.090601 0.676003 1.257743 -0.560370 -0.608247 -1.515856 -0.081945 -0.669901 0.524183
1776409940.138699 jaka_arm_left success 0.381859 0.181500 -0.309856 0.655809 0.322502 0.090519 0.676545 1.258089 -0.560727 -0.609684 -1.514782 -0.084921 -0.669496 0.522516
1776409940.155448 jaka_arm_left success 0.383115 0.183549 -0.310083 0.654712 0.324046 0.092396 0.676617 1.259612 -0.559085 -0.613569 -1.511232 -0.088802 -0.671990 0.522792
1776409940.163779 jaka_arm_left success 0.383571 0.184106 -0.310126 0.653002 0.325648 0.092744 0.677452 1.264269 -0.561312 -0.617004 -1.506687 -0.092275 -0.675575 0.526058
1776409940.172112 jaka_arm_left success 0.384219 0.185130 -0.310118 0.652837 0.325601 0.093506 0.677528 1.263900 -0.561093 -0.617495 -1.506467 -0.092311 -0.675493 0.526313
1776409940.188768 jaka_arm_left success 0.385208 0.186526 -0.310189 0.650469 0.326378 0.093725 0.679400 1.268443 -0.560994 -0.622223 -1.497279 -0.097311 -0.688470 0.527963
1776409940.197180 jaka_arm_left success 0.385767 0.187425 -0.310149 0.650189 0.326962 0.095895 0.679083 1.267735 -0.560747 -0.624129 -1.495460 -0.098365 -0.687080 0.528530
1776409940.205486 jaka_arm_left success 0.386139 0.188018 -0.310073 0.648908 0.327886 0.094939 0.679996 1.268226 -0.562353 -0.624613 -1.494983 -0.100129 -0.687760 0.527593
1776409940.213692 jaka_arm_left success 0.386714 0.188592 -0.310000 0.647903 0.327965 0.095658 0.680816 1.270956 -0.566429 -0.627049 -1.488146 -0.101486 -0.693293 0.531427
1776409940.222002 jaka_arm_left success 0.387255 0.189458 -0.309882 0.648320 0.327988 0.096320 0.680314 1.270556 -0.565138 -0.627232 -1.487287 -0.101262 -0.693076 0.531343
1776409940.230416 jaka_arm_left success 0.387801 0.190034 -0.309778 0.647534 0.327790 0.096979 0.681064 1.269455 -0.564171 -0.628379 -1.484319 -0.102384 -0.697761 0.530038
1776409940.247057 jaka_arm_left success 0.388671 0.191094 -0.309350 0.646657 0.328767 0.098071 0.681270 1.268811 -0.564296 -0.630267 -1.482908 -0.104067 -0.697234 0.529886
1776409940.255359 jaka_arm_left success 0.389232 0.191416 -0.309220 0.645806 0.328172 0.098141 0.682353 1.270117 -0.567650 -0.631140 -1.474856 -0.104294 -0.705627 0.531904
1776409940.263786 jaka_arm_left success 0.389728 0.191945 -0.308954 0.645901 0.328043 0.099117 0.682184 1.269702 -0.567251 -0.631613 -1.474514 -0.104186 -0.705374 0.532269
1776409940.280500 jaka_arm_left success 0.390708 0.192692 -0.308434 0.645300 0.327794 0.100619 0.682653 1.268212 -0.567170 -0.633848 -1.473712 -0.105347 -0.705148 0.532592
1776409940.288738 jaka_arm_left success 0.391239 0.193146 -0.308179 0.645411 0.326639 0.101053 0.683038 1.266470 -0.566623 -0.633780 -1.470738 -0.104399 -0.708825 0.532138
1776409940.297069 jaka_arm_left success 0.391641 0.193493 -0.307900 0.645286 0.326352 0.101771 0.683186 1.265827 -0.566683 -0.634504 -1.470508 -0.104531 -0.708951 0.532460
1776409940.305425 jaka_arm_left success 0.392136 0.193879 -0.307602 0.644903 0.325981 0.102713 0.683584 1.265011 -0.566833 -0.635723 -1.470067 -0.105037 -0.709029 0.532841
1776409940.313628 jaka_arm_left success 0.392423 0.194119 -0.307300 0.644081 0.326870 0.103750 0.683777 1.265411 -0.568058 -0.637310 -1.468323 -0.106557 -0.708916 0.533517
1776409940.322074 jaka_arm_left success 0.392964 0.194571 -0.307091 0.644044 0.325832 0.104792 0.684149 1.265988 -0.569465 -0.638715 -1.465751 -0.106070 -0.711136 0.536555
1776409940.338758 jaka_arm_left success 0.393957 0.195265 -0.306614 0.643507 0.324656 0.105991 0.685028 1.265781 -0.570254 -0.640504 -1.462167 -0.106290 -0.715424 0.538332
1776409940.347029 jaka_arm_left success 0.394375 0.195327 -0.306449 0.642489 0.324963 0.106405 0.685773 1.266766 -0.573620 -0.641718 -1.457840 -0.107332 -0.718868 0.539892
1776409940.355442 jaka_arm_left success 0.394876 0.195495 -0.306313 0.641711 0.324710 0.106197 0.686654 1.265345 -0.573520 -0.641677 -1.452823 -0.107700 -0.725367 0.537904
1776409940.363805 jaka_arm_left success 0.395587 0.195830 -0.306206 0.642088 0.322963 0.107130 0.686980 1.262919 -0.576877 -0.641317 -1.448694 -0.105268 -0.727048 0.539743
1776409940.372121 jaka_arm_left success 0.396070 0.196027 -0.306014 0.641828 0.323186 0.107493 0.687061 1.262192 -0.576947 -0.642423 -1.448404 -0.106038 -0.727052 0.539698
1776409940.380408 jaka_arm_left success 0.396672 0.196110 -0.305945 0.641194 0.322838 0.107289 0.687848 1.259395 -0.577239 -0.640762 -1.442091 -0.105294 -0.733870 0.536190
1776409940.388700 jaka_arm_left success 0.397254 0.196244 -0.305876 0.640675 0.323070 0.108064 0.688102 1.258715 -0.577282 -0.641783 -1.441768 -0.105745 -0.733683 0.536497
1776409940.397072 jaka_arm_left success 0.397850 0.196356 -0.305816 0.640522 0.323099 0.108306 0.688192 1.258499 -0.577914 -0.642360 -1.441204 -0.106387 -0.733313 0.536470
1776409940.405622 jaka_arm_left success 0.398576 0.196544 -0.305760 0.640290 0.322709 0.108722 0.688526 1.256711 -0.583038 -0.641564 -1.436052 -0.104856 -0.734172 0.537575
1776409940.413711 jaka_arm_left success 0.399272 0.196960 -0.305749 0.641533 0.321912 0.109584 0.687605 1.253549 -0.580936 -0.640301 -1.434765 -0.102573 -0.734894 0.536109
1776409940.430517 jaka_arm_left success 0.399753 0.196900 -0.305649 0.640766 0.323499 0.109561 0.687578 1.253807 -0.581385 -0.641082 -1.433865 -0.104454 -0.734053 0.535021
1776409940.438685 jaka_arm_left success 0.401103 0.197034 -0.305718 0.640348 0.324112 0.109488 0.687690 1.250965 -0.584459 -0.639898 -1.431967 -0.104082 -0.731473 0.533049
1776409940.447031 jaka_arm_left success 0.401852 0.197243 -0.305794 0.641067 0.323786 0.109754 0.687131 1.245521 -0.583350 -0.637668 -1.430227 -0.101805 -0.731432 0.529108
1776409940.463701 jaka_arm_left success 0.403165 0.197433 -0.305930 0.640891 0.323756 0.109180 0.687401 1.238818 -0.587560 -0.634037 -1.423363 -0.099103 -0.733242 0.524377
1776409940.472128 jaka_arm_left success 0.403905 0.197671 -0.306063 0.641326 0.323111 0.109859 0.687191 1.238108 -0.586978 -0.634408 -1.422777 -0.098401 -0.733634 0.525120
1776409940.480334 jaka_arm_left success 0.404600 0.197758 -0.306223 0.641100 0.322946 0.110548 0.687369 1.237205 -0.590725 -0.634391 -1.416809 -0.097568 -0.736462 0.526425
1776409940.488723 jaka_arm_left success 0.405224 0.198099 -0.306371 0.641761 0.322914 0.111203 0.686661 1.236844 -0.589814 -0.634399 -1.416269 -0.096880 -0.736089 0.526871
1776409940.497082 jaka_arm_left success 0.405864 0.198292 -0.306559 0.641510 0.322772 0.111106 0.686978 1.232464 -0.589472 -0.632833 -1.413336 -0.095997 -0.738542 0.522738
1776409940.505448 jaka_arm_left success 0.406382 0.198330 -0.306716 0.640614 0.323981 0.111294 0.687214 1.232726 -0.589996 -0.633626 -1.412448 -0.097703 -0.737833 0.521887
1776409940.513723 jaka_arm_left success 0.407072 0.198785 -0.306925 0.641874 0.323324 0.112154 0.686207 1.232392 -0.589165 -0.633068 -1.411605 -0.095924 -0.737133 0.523097
1776409940.522101 jaka_arm_left success 0.407639 0.198839 -0.307180 0.640893 0.323986 0.112667 0.686728 1.231836 -0.591084 -0.634331 -1.410379 -0.097301 -0.736540 0.523128
1776409940.530384 jaka_arm_left success 0.408200 0.199130 -0.307447 0.641163 0.324343 0.112902 0.686268 1.231147 -0.593021 -0.633773 -1.408021 -0.096432 -0.735345 0.523691
1776409940.538648 jaka_arm_left success 0.408735 0.199417 -0.307701 0.641779 0.324768 0.113820 0.685339 1.230946 -0.592421 -0.633911 -1.407139 -0.096132 -0.734569 0.524016
1776409940.555490 jaka_arm_left success 0.409853 0.199852 -0.308319 0.641146 0.325988 0.113729 0.685368 1.227619 -0.597033 -0.632428 -1.402502 -0.095620 -0.732752 0.521886
1776409940.563698 jaka_arm_left success 0.410399 0.200260 -0.308686 0.641411 0.326640 0.114029 0.684760 1.226310 -0.595695 -0.631612 -1.400617 -0.095230 -0.733403 0.520039
1776409940.572063 jaka_arm_left success 0.410888 0.200464 -0.309035 0.640851 0.327368 0.113166 0.685080 1.223869 -0.597476 -0.630439 -1.396756 -0.095436 -0.735415 0.516929
1776409940.580464 jaka_arm_left success 0.411495 0.200998 -0.309472 0.641679 0.326900 0.113385 0.684491 1.219803 -0.597661 -0.627423 -1.391467 -0.092507 -0.738453 0.513978
1776409940.588688 jaka_arm_left success 0.411934 0.201292 -0.309915 0.641123 0.327251 0.112780 0.684944 1.219649 -0.599332 -0.627607 -1.388819 -0.093101 -0.740368 0.513657
1776409940.597138 jaka_arm_left success 0.412295 0.201676 -0.310271 0.641123 0.328180 0.112673 0.684518 1.219205 -0.599492 -0.626911 -1.386731 -0.093234 -0.740861 0.512258
1776409940.605419 jaka_arm_left success 0.412704 0.202101 -0.310754 0.641333 0.328174 0.113100 0.684253 1.217846 -0.600898 -0.626381 -1.383020 -0.092208 -0.742270 0.512306
1776409940.613690 jaka_arm_left success 0.412973 0.202496 -0.311147 0.641261 0.329399 0.113213 0.683713 1.218391 -0.600558 -0.626176 -1.382317 -0.092507 -0.741618 0.511940
1776409940.630466 jaka_arm_left success 0.413766 0.203352 -0.312092 0.641312 0.330334 0.113254 0.683207 1.217213 -0.600865 -0.625802 -1.378832 -0.092981 -0.741629 0.510075
1776409940.647053 jaka_arm_left success 0.414570 0.204336 -0.312941 0.642189 0.330937 0.113141 0.682109 1.212275 -0.599659 -0.622374 -1.373990 -0.090707 -0.743435 0.504756
1776409940.663762 jaka_arm_left success 0.415315 0.205145 -0.313834 0.642398 0.331464 0.112631 0.681741 1.208198 -0.604758 -0.619170 -1.362714 -0.088097 -0.748700 0.502275
1776409940.672059 jaka_arm_left success 0.415766 0.205598 -0.314309 0.642620 0.330502 0.111826 0.682131 1.205823 -0.603704 -0.617219 -1.357857 -0.086280 -0.755376 0.499784
1776409940.680440 jaka_arm_left success 0.415959 0.205934 -0.314612 0.642393 0.332038 0.112012 0.681568 1.206451 -0.603470 -0.617114 -1.357059 -0.086892 -0.754626 0.499209
1776409940.688717 jaka_arm_left success 0.416380 0.206137 -0.315039 0.641686 0.331664 0.111873 0.682439 1.206431 -0.607858 -0.617769 -1.351729 -0.087418 -0.757746 0.500392
1776409940.697137 jaka_arm_left success 0.416676 0.206667 -0.315377 0.642468 0.331722 0.112781 0.681524 1.206352 -0.607101 -0.617844 -1.351112 -0.087031 -0.757214 0.500794
1776409940.705436 jaka_arm_left success 0.416987 0.206960 -0.315642 0.642483 0.331776 0.113317 0.681396 1.205902 -0.606533 -0.618279 -1.350551 -0.086855 -0.756913 0.501184
1776409940.713680 jaka_arm_left success 0.417272 0.207433 -0.315917 0.642979 0.331740 0.113957 0.680838 1.205709 -0.605842 -0.618235 -1.349978 -0.086251 -0.756569 0.501648
1776409940.730481 jaka_arm_left success 0.417929 0.208040 -0.316443 0.642708 0.330747 0.114274 0.681523 1.204248 -0.609202 -0.617770 -1.339417 -0.084831 -0.765346 0.502359
1776409940.738718 jaka_arm_left success 0.418185 0.208391 -0.316691 0.642538 0.330869 0.114487 0.681589 1.204018 -0.609313 -0.618187 -1.339040 -0.085385 -0.765277 0.502045
1776409940.755424 jaka_arm_left success 0.418762 0.208921 -0.317183 0.641279 0.330934 0.114021 0.682820 1.203415 -0.613340 -0.618048 -1.326317 -0.085601 -0.777393 0.501530
1776409940.763757 jaka_arm_left success 0.418953 0.209039 -0.317398 0.639902 0.331652 0.112848 0.683957 1.202343 -0.615266 -0.617737 -1.324744 -0.086920 -0.778833 0.498960
1776409940.772096 jaka_arm_left success 0.419172 0.209243 -0.317570 0.639422 0.331550 0.112255 0.684553 1.201012 -0.615950 -0.616589 -1.320035 -0.086446 -0.783671 0.496967
1776409940.780392 jaka_arm_left success 0.419439 0.209555 -0.317796 0.639277 0.331228 0.111849 0.684911 1.197561 -0.619890 -0.614941 -1.310554 -0.084755 -0.791032 0.495244
1776409940.788689 jaka_arm_left success 0.419571 0.209754 -0.317956 0.638832 0.332051 0.112094 0.684887 1.197914 -0.619690 -0.614984 -1.309992 -0.085182 -0.790514 0.494921
1776409940.797175 jaka_arm_left success 0.419787 0.209940 -0.318208 0.638360 0.331960 0.111850 0.685411 1.197840 -0.620155 -0.615253 -1.310201 -0.085714 -0.790767 0.494622
1776409940.805386 jaka_arm_left success 0.419990 0.210134 -0.318399 0.638283 0.331762 0.111834 0.685582 1.197771 -0.620319 -0.615747 -1.309795 -0.086276 -0.790828 0.494531
1776409940.813620 jaka_arm_left success 0.420167 0.210272 -0.318605 0.637975 0.332016 0.111913 0.685732 1.199389 -0.622834 -0.616328 -1.305032 -0.086511 -0.794760 0.496637
1776409940.822042 jaka_arm_left success 0.420335 0.210518 -0.318822 0.638204 0.331985 0.112016 0.685517 1.198774 -0.622137 -0.615957 -1.304123 -0.086128 -0.795171 0.495988
1776409940.830406 jaka_arm_left success 0.420558 0.210707 -0.319115 0.638287 0.331262 0.111923 0.685804 1.194897 -0.623851 -0.613980 -1.295051 -0.084028 -0.803251 0.493376
1776409940.847037 jaka_arm_left success 0.421009 0.211161 -0.319691 0.638417 0.330276 0.111814 0.686177 1.194278 -0.627203 -0.613321 -1.290607 -0.082521 -0.806273 0.494911
1776409940.855360 jaka_arm_left success 0.421285 0.211488 -0.319989 0.638633 0.329915 0.112272 0.686075 1.193372 -0.626484 -0.613430 -1.289057 -0.082128 -0.808043 0.494679
1776409940.863705 jaka_arm_left success 0.421558 0.211675 -0.320311 0.638552 0.329626 0.112328 0.686280 1.192324 -0.629756 -0.612867 -1.282202 -0.080951 -0.812488 0.495467
1776409940.880429 jaka_arm_left success 0.421907 0.212043 -0.320875 0.637931 0.329920 0.111121 0.686912 1.190710 -0.628532 -0.611565 -1.278965 -0.081376 -0.817538 0.491131
1776409940.888711 jaka_arm_left success 0.422179 0.212157 -0.321170 0.637155 0.329397 0.110081 0.688051 1.189202 -0.635874 -0.610031 -1.266505 -0.079925 -0.826642 0.491474
1776409940.897104 jaka_arm_left success 0.422417 0.212564 -0.321478 0.638128 0.328496 0.110134 0.687571 1.186604 -0.632894 -0.608708 -1.265903 -0.078156 -0.828823 0.489201
1776409940.905397 jaka_arm_left success 0.422452 0.212745 -0.321656 0.638228 0.328983 0.109788 0.687301 1.185429 -0.633283 -0.607704 -1.264633 -0.077695 -0.829032 0.487612
1776409940.913719 jaka_arm_left success 0.422552 0.212863 -0.321857 0.638154 0.329271 0.110111 0.687179 1.185472 -0.633106 -0.607776 -1.264339 -0.077763 -0.828786 0.487613
1776409940.922054 jaka_arm_left success 0.422725 0.212927 -0.322074 0.637992 0.328615 0.109988 0.687663 1.184643 -0.637038 -0.607519 -1.258136 -0.076878 -0.832835 0.488830
1776409940.930431 jaka_arm_left success 0.422818 0.213033 -0.322264 0.638114 0.328142 0.110416 0.687708 1.184331 -0.636891 -0.607694 -1.258168 -0.076666 -0.832935 0.489134
1776409940.938702 jaka_arm_left success 0.423005 0.213281 -0.322515 0.639045 0.326916 0.111128 0.687312 1.182294 -0.635927 -0.606800 -1.253824 -0.074434 -0.837885 0.489015
1776409940.947144 jaka_arm_left success 0.423128 0.213405 -0.322750 0.639157 0.325907 0.111076 0.687695 1.181438 -0.639599 -0.606193 -1.249197 -0.072872 -0.840671 0.490688
1776409940.955489 jaka_arm_left success 0.423200 0.213528 -0.322929 0.639453 0.325297 0.110958 0.687729 1.180276 -0.638062 -0.605636 -1.248153 -0.072210 -0.843413 0.489367
1776409940.972110 jaka_arm_left success 0.423140 0.213698 -0.323225 0.639516 0.325628 0.110294 0.687620 1.179035 -0.638637 -0.604444 -1.245686 -0.071668 -0.845117 0.487506
1776409940.980375 jaka_arm_left success 0.423211 0.213810 -0.323407 0.639335 0.325810 0.110637 0.687647 1.179035 -0.638637 -0.604444 -1.245686 -0.071668 -0.845117 0.487506
1776409940.988675 jaka_arm_left success 0.423396 0.214087 -0.323676 0.639814 0.325023 0.111396 0.687451 1.178569 -0.638181 -0.604819 -1.244888 -0.070871 -0.844912 0.488799
1776409940.997176 jaka_arm_left success 0.423526 0.214256 -0.323861 0.640069 0.324686 0.111692 0.687325 1.178798 -0.639915 -0.605084 -1.242707 -0.070240 -0.845962 0.490759
1776409941.005382 jaka_arm_left success 0.423613 0.214444 -0.323993 0.640135 0.324723 0.111442 0.687286 1.178309 -0.639539 -0.604246 -1.239763 -0.070128 -0.849728 0.488964
1776409941.013780 jaka_arm_left success 0.423775 0.214522 -0.324209 0.639747 0.324392 0.110803 0.687907 1.176739 -0.644353 -0.603265 -1.232200 -0.068966 -0.854555 0.489185
1776409941.022093 jaka_arm_left success 0.423804 0.214775 -0.324372 0.639654 0.325251 0.110807 0.687587 1.177071 -0.644075 -0.603180 -1.231734 -0.069169 -0.854137 0.488927
1776409941.030393 jaka_arm_left success 0.424029 0.214949 -0.324612 0.639293 0.324497 0.110204 0.688375 1.175965 -0.642578 -0.602915 -1.230035 -0.069403 -0.858599 0.486683
1776409941.038653 jaka_arm_left success 0.424220 0.215249 -0.324870 0.639721 0.323786 0.109922 0.688358 1.171153 -0.646570 -0.599974 -1.219824 -0.066131 -0.864856 0.484286
1776409941.047256 jaka_arm_left success 0.424416 0.215530 -0.325099 0.639941 0.323103 0.109420 0.688555 1.170844 -0.645966 -0.599838 -1.219589 -0.065865 -0.866884 0.483965
1776409941.063717 jaka_arm_left success 0.424452 0.215888 -0.325454 0.639887 0.324338 0.108909 0.688105 1.171664 -0.645645 -0.599385 -1.218682 -0.066402 -0.866352 0.482962
1776409941.072029 jaka_arm_left success 0.424503 0.215856 -0.325670 0.639077 0.324699 0.108027 0.688826 1.171056 -0.645806 -0.599033 -1.216463 -0.067233 -0.869823 0.480580
1776409941.080452 jaka_arm_left success 0.424582 0.216059 -0.325881 0.639845 0.324289 0.108199 0.688279 1.168819 -0.647297 -0.597564 -1.213489 -0.064985 -0.870461 0.480376
1776409941.097088 jaka_arm_left success 0.424586 0.216331 -0.326318 0.640838 0.324116 0.108261 0.687427 1.169040 -0.646698 -0.597153 -1.213076 -0.064382 -0.870105 0.480626
1776409941.105391 jaka_arm_left success 0.424445 0.216464 -0.326459 0.641623 0.324675 0.108044 0.686464 1.169587 -0.645861 -0.595586 -1.212945 -0.062777 -0.869948 0.480696
1776409941.113777 jaka_arm_left success 0.424493 0.216641 -0.326689 0.642472 0.324347 0.108165 0.685806 1.169208 -0.644991 -0.595166 -1.212714 -0.061782 -0.869717 0.480994
1776409941.122060 jaka_arm_left success 0.424448 0.216704 -0.326857 0.643250 0.324511 0.107990 0.685025 1.167713 -0.643349 -0.593728 -1.212506 -0.060840 -0.868756 0.478558
1776409941.130437 jaka_arm_left success 0.424382 0.216657 -0.327061 0.643321 0.324863 0.107590 0.684855 1.167713 -0.643349 -0.593728 -1.212506 -0.060840 -0.868756 0.478558
1776409941.138644 jaka_arm_left success 0.424300 0.216603 -0.327303 0.643074 0.325124 0.107100 0.685039 1.168112 -0.643722 -0.593298 -1.212708 -0.061003 -0.868900 0.478021
1776409941.155419 jaka_arm_left success 0.424266 0.216842 -0.327730 0.644416 0.324321 0.107636 0.684075 1.167649 -0.642657 -0.592138 -1.212596 -0.058944 -0.868639 0.478619
1776409941.163693 jaka_arm_left success 0.424132 0.216996 -0.327876 0.645049 0.324444 0.107615 0.683423 1.165365 -0.641423 -0.590967 -1.212440 -0.057758 -0.867460 0.476517
1776409941.172019 jaka_arm_left success 0.424063 0.217038 -0.328070 0.645509 0.324520 0.108041 0.682885 1.165363 -0.641130 -0.590850 -1.212237 -0.057480 -0.867238 0.476669
1776409941.188671 jaka_arm_left success 0.423839 0.217296 -0.328381 0.646918 0.323993 0.107936 0.681817 1.164412 -0.639791 -0.589046 -1.212423 -0.054786 -0.866617 0.476758
1776409941.197094 jaka_arm_left success 0.423757 0.217350 -0.328553 0.647040 0.323697 0.107996 0.681833 1.164412 -0.639791 -0.589046 -1.212423 -0.054786 -0.866617 0.476758
1776409941.205356 jaka_arm_left success 0.423593 0.217367 -0.328685 0.646841 0.323784 0.107496 0.682059 1.164476 -0.640102 -0.588901 -1.212698 -0.054879 -0.866859 0.476517
1776409941.213659 jaka_arm_left success 0.423516 0.217406 -0.328888 0.646540 0.323220 0.106865 0.682712 1.162743 -0.639640 -0.587959 -1.212393 -0.054512 -0.868951 0.474048
1776409941.222071 jaka_arm_left success 0.423422 0.217615 -0.329103 0.647039 0.322572 0.106981 0.682527 1.162348 -0.639368 -0.587893 -1.212506 -0.053771 -0.869140 0.474677
1776409941.230463 jaka_arm_left success 0.423324 0.217650 -0.329301 0.646821 0.322368 0.106863 0.682848 1.162186 -0.641924 -0.587600 -1.205885 -0.053304 -0.874988 0.475291
1776409941.247172 jaka_arm_left success 0.423197 0.217848 -0.329716 0.646990 0.322020 0.107490 0.682754 1.161967 -0.641586 -0.587719 -1.205686 -0.053006 -0.874841 0.475678
1776409941.255376 jaka_arm_left success 0.423132 0.217946 -0.329894 0.647036 0.322372 0.107810 0.682494 1.161967 -0.641586 -0.587719 -1.205686 -0.053006 -0.874841 0.475678
1776409941.263725 jaka_arm_left success 0.423118 0.218082 -0.330114 0.647225 0.322245 0.107892 0.682361 1.161967 -0.641586 -0.587719 -1.205686 -0.053006 -0.874841 0.475678
1776409941.280475 jaka_arm_left success 0.423203 0.218444 -0.330565 0.647880 0.321933 0.108010 0.681869 1.161994 -0.640831 -0.587548 -1.205120 -0.052366 -0.874356 0.476182
1776409941.288691 jaka_arm_left success 0.423236 0.218583 -0.330794 0.647787 0.321825 0.107930 0.682021 1.162020 -0.640931 -0.587409 -1.204789 -0.051920 -0.874578 0.476673
1776409941.297105 jaka_arm_left success 0.423256 0.218697 -0.331010 0.647396 0.322229 0.107799 0.682221 1.163707 -0.643802 -0.587797 -1.200563 -0.052349 -0.877463 0.478640
1776409941.305368 jaka_arm_left success 0.423301 0.218739 -0.331251 0.646525 0.322410 0.107111 0.683071 1.163508 -0.643811 -0.588010 -1.198286 -0.053479 -0.881100 0.476973
1776409941.313626 jaka_arm_left success 0.423384 0.218887 -0.331434 0.646270 0.322554 0.107063 0.683251 1.163387 -0.646749 -0.587771 -1.194505 -0.053215 -0.882972 0.477687
1776409941.322020 jaka_arm_left success 0.423518 0.219064 -0.331661 0.645837 0.321820 0.106549 0.684086 1.162594 -0.646427 -0.587448 -1.189612 -0.052967 -0.889925 0.476554
1776409941.338661 jaka_arm_left success 0.423561 0.219314 -0.331915 0.645218 0.322095 0.105885 0.684644 1.161888 -0.649893 -0.587158 -1.184106 -0.053228 -0.893345 0.476033
1776409941.347064 jaka_arm_left success 0.423600 0.219342 -0.332055 0.644761 0.321744 0.105678 0.685271 1.161768 -0.650053 -0.587197 -1.180008 -0.053373 -0.899452 0.475576
1776409941.355384 jaka_arm_left success 0.423557 0.219500 -0.332160 0.645024 0.321512 0.106122 0.685063 1.161602 -0.649772 -0.587273 -1.179795 -0.053114 -0.899275 0.475898
1776409941.372083 jaka_arm_left success 0.423553 0.219667 -0.332337 0.645560 0.320589 0.107131 0.684835 1.160802 -0.649427 -0.587305 -1.179796 -0.051665 -0.899405 0.477474
1776409941.380458 jaka_arm_left success 0.423522 0.219678 -0.332414 0.645708 0.320255 0.107435 0.684803 1.160832 -0.650516 -0.587732 -1.178629 -0.051421 -0.898912 0.478933
1776409941.388687 jaka_arm_left success 0.423517 0.219705 -0.332494 0.645762 0.319917 0.107883 0.684841 1.160832 -0.650516 -0.587732 -1.178629 -0.051421 -0.898912 0.478933
1776409941.397084 jaka_arm_left success 0.423574 0.219852 -0.332585 0.646055 0.319257 0.108073 0.684841 1.160581 -0.651090 -0.587992 -1.178213 -0.050691 -0.899678 0.480450
1776409941.405402 jaka_arm_left success 0.423596 0.219911 -0.332663 0.645852 0.319107 0.108160 0.685089 1.162329 -0.653571 -0.588817 -1.174810 -0.051107 -0.902415 0.483133
1776409941.413668 jaka_arm_left success 0.423690 0.220059 -0.332750 0.645746 0.318204 0.107896 0.685651 1.160809 -0.652674 -0.588131 -1.170416 -0.050265 -0.909045 0.481606
1776409941.422055 jaka_arm_left success 0.423689 0.220163 -0.332791 0.645480 0.318294 0.108108 0.685826 1.160757 -0.653090 -0.588549 -1.169974 -0.050788 -0.908782 0.481595
1776409941.430470 jaka_arm_left success 0.423760 0.220322 -0.332857 0.645221 0.318101 0.108760 0.686057 1.161456 -0.656165 -0.589421 -1.167771 -0.050798 -0.908948 0.484504
1776409941.438690 jaka_arm_left success 0.423799 0.220469 -0.332895 0.645028 0.317619 0.109333 0.686370 1.161039 -0.656183 -0.589794 -1.167889 -0.050806 -0.909145 0.484806
1776409941.447045 jaka_arm_left success 0.423703 0.220511 -0.332842 0.643956 0.317736 0.109814 0.687245 1.164877 -0.658216 -0.592447 -1.164889 -0.053098 -0.913172 0.489047
1776409941.463715 jaka_arm_left success 0.423830 0.220751 -0.332859 0.641655 0.316070 0.110199 0.690098 1.166942 -0.664870 -0.595420 -1.149756 -0.055059 -0.930501 0.493824
1776409941.472021 jaka_arm_left success 0.423830 0.221064 -0.332799 0.641485 0.314808 0.110026 0.690859 1.164509 -0.664328 -0.594808 -1.146612 -0.054027 -0.934947 0.492197
1776409941.480347 jaka_arm_left success 0.423903 0.221282 -0.332667 0.640947 0.314003 0.110465 0.691655 1.165428 -0.668175 -0.596020 -1.140953 -0.054367 -0.939998 0.495430
1776409941.488696 jaka_arm_left success 0.424003 0.221521 -0.332548 0.640760 0.312933 0.111235 0.692189 1.164437 -0.667887 -0.596665 -1.141038 -0.053927 -0.940440 0.496392
1776409941.497095 jaka_arm_left success 0.423893 0.221602 -0.332365 0.640102 0.312612 0.111423 0.692912 1.166666 -0.668930 -0.598165 -1.137335 -0.055319 -0.946008 0.498557
1776409941.505344 jaka_arm_left success 0.423832 0.221691 -0.332226 0.639744 0.312407 0.112139 0.693221 1.166206 -0.668947 -0.598665 -1.137358 -0.055483 -0.946083 0.498825
1776409941.513678 jaka_arm_left success 0.423818 0.221860 -0.332131 0.639397 0.311359 0.112298 0.693986 1.167530 -0.671670 -0.599851 -1.132259 -0.055771 -0.951894 0.502038
1776409941.522026 jaka_arm_left success 0.423674 0.221899 -0.332043 0.638730 0.311708 0.113286 0.694283 1.167043 -0.671491 -0.600829 -1.131821 -0.056472 -0.951548 0.502225
1776409941.530419 jaka_arm_left success 0.423677 0.221914 -0.332007 0.637686 0.310997 0.113332 0.695553 1.169090 -0.674020 -0.602202 -1.130680 -0.057727 -0.954192 0.504866
1776409941.538671 jaka_arm_left success 0.423752 0.222182 -0.331994 0.638177 0.310145 0.114289 0.695326 1.168405 -0.673502 -0.602749 -1.130476 -0.057408 -0.954108 0.505659
1776409941.555360 jaka_arm_left success 0.423721 0.222367 -0.332003 0.637537 0.310311 0.114625 0.695783 1.169399 -0.674206 -0.603945 -1.129364 -0.058257 -0.955610 0.507307
1776409941.563721 jaka_arm_left success 0.423694 0.222379 -0.332069 0.637123 0.310643 0.114426 0.696048 1.169737 -0.674534 -0.603984 -1.129286 -0.058813 -0.955627 0.506847
1776409941.572071 jaka_arm_left success 0.423708 0.222422 -0.332128 0.637038 0.310593 0.114281 0.696171 1.170171 -0.674749 -0.604348 -1.128707 -0.059277 -0.956299 0.507107
1776409941.580466 jaka_arm_left success 0.423744 0.222477 -0.332190 0.637128 0.310438 0.113834 0.696231 1.171049 -0.674577 -0.604177 -1.125343 -0.059163 -0.961173 0.507357
1776409941.588714 jaka_arm_left success 0.423780 0.222588 -0.332284 0.637839 0.310024 0.113630 0.695798 1.168096 -0.675553 -0.602227 -1.123255 -0.056769 -0.961133 0.505821
1776409941.597084 jaka_arm_left success 0.423831 0.222789 -0.332402 0.639215 0.309331 0.114032 0.694777 1.167755 -0.674594 -0.601665 -1.123076 -0.055171 -0.961064 0.506830
1776409941.605398 jaka_arm_left success 0.423851 0.222808 -0.332522 0.639727 0.309230 0.114217 0.694320 1.167793 -0.674173 -0.601513 -1.122766 -0.054821 -0.960786 0.507026
1776409941.613709 jaka_arm_left success 0.423717 0.222570 -0.332660 0.639287 0.309973 0.113849 0.694454 1.168183 -0.674342 -0.601279 -1.122667 -0.055064 -0.960671 0.506574
1776409941.622057 jaka_arm_left success 0.423630 0.222457 -0.332785 0.639644 0.310045 0.113193 0.694201 1.168575 -0.674414 -0.600796 -1.122659 -0.054934 -0.960633 0.506248
1776409941.630445 jaka_arm_left success 0.423582 0.222410 -0.332947 0.640322 0.310009 0.112983 0.693626 1.168861 -0.674050 -0.600202 -1.122450 -0.054339 -0.960395 0.506259
1776409941.638654 jaka_arm_left success 0.423564 0.222431 -0.333137 0.641334 0.309594 0.113568 0.692780 1.168093 -0.673216 -0.599162 -1.122776 -0.052048 -0.960446 0.507249
1776409941.647027 jaka_arm_left success 0.423498 0.222503 -0.333311 0.642445 0.309069 0.113889 0.691932 1.166752 -0.672154 -0.598475 -1.122261 -0.050814 -0.958973 0.506710
1776409941.663812 jaka_arm_left success 0.423072 0.222315 -0.333580 0.643289 0.309127 0.113599 0.691170 1.163416 -0.671342 -0.596034 -1.123290 -0.048371 -0.956216 0.503614
1776409941.672033 jaka_arm_left success 0.422861 0.222386 -0.333639 0.644003 0.309418 0.114257 0.690265 1.163435 -0.670855 -0.596020 -1.122885 -0.048141 -0.955792 0.503831
1776409941.680440 jaka_arm_left success 0.422736 0.222339 -0.333813 0.643810 0.308924 0.113904 0.690725 1.163435 -0.670855 -0.596020 -1.122885 -0.048141 -0.955792 0.503831
1776409941.688664 jaka_arm_left success 0.422568 0.222687 -0.333999 0.645318 0.308258 0.114827 0.689461 1.162844 -0.669768 -0.595430 -1.122975 -0.046054 -0.955726 0.505348
1776409941.697064 jaka_arm_left success 0.422492 0.222977 -0.334173 0.646191 0.307256 0.115468 0.688983 1.162314 -0.668938 -0.595446 -1.122776 -0.045035 -0.955514 0.506356
1776409941.705357 jaka_arm_left success 0.422283 0.223085 -0.334332 0.645795 0.307584 0.116367 0.689057 1.163546 -0.669965 -0.596477 -1.123494 -0.045455 -0.953840 0.508841
1776409941.713668 jaka_arm_left success 0.422120 0.223239 -0.334453 0.645270 0.307871 0.117212 0.689277 1.165323 -0.670155 -0.598224 -1.124094 -0.046999 -0.953523 0.510875
1776409941.722043 jaka_arm_left success 0.422144 0.223702 -0.334575 0.645142 0.306883 0.117401 0.689806 1.164964 -0.670231 -0.598424 -1.124409 -0.046857 -0.953863 0.511198
1776409941.738688 jaka_arm_left success 0.422211 0.224728 -0.334896 0.644072 0.306231 0.118104 0.690975 1.168383 -0.669551 -0.601075 -1.123498 -0.048829 -0.958963 0.514903
1776409941.746979 jaka_arm_left success 0.422130 0.225078 -0.334940 0.641813 0.307331 0.117369 0.692711 1.173761 -0.671721 -0.604118 -1.118947 -0.053459 -0.965797 0.517356
1776409941.755371 jaka_arm_left success 0.422370 0.225788 -0.335031 0.641194 0.306709 0.117651 0.693511 1.173871 -0.672830 -0.604817 -1.111309 -0.053890 -0.974406 0.517960
1776409941.772034 jaka_arm_left success 0.422695 0.227135 -0.335185 0.638306 0.306855 0.116461 0.696306 1.171527 -0.682308 -0.604682 -1.089284 -0.054858 -0.993354 0.516498
1776409941.780437 jaka_arm_left success 0.422678 0.227633 -0.335172 0.636287 0.307573 0.115190 0.698046 1.171650 -0.681490 -0.605516 -1.088655 -0.057743 -0.997389 0.512904
1776409941.788731 jaka_arm_left success 0.422939 0.228374 -0.335269 0.635381 0.306692 0.115627 0.699186 1.171174 -0.686520 -0.606285 -1.075361 -0.057869 -1.009570 0.514798
1776409941.797096 jaka_arm_left success 0.422892 0.228814 -0.335291 0.633533 0.307734 0.114595 0.700573 1.171714 -0.686909 -0.606816 -1.074564 -0.060093 -1.011422 0.512530
1776409941.805400 jaka_arm_left success 0.423045 0.229610 -0.335334 0.634016 0.306310 0.115301 0.700645 1.171174 -0.686443 -0.607160 -1.067660 -0.059123 -1.019868 0.513800
1776409941.813663 jaka_arm_left success 0.422985 0.230021 -0.335357 0.633132 0.306545 0.114848 0.701416 1.169630 -0.690064 -0.606966 -1.062386 -0.059353 -1.022780 0.512921
1776409941.830425 jaka_arm_left success 0.422925 0.230434 -0.335525 0.631409 0.306016 0.113527 0.703412 1.169861 -0.694839 -0.606919 -1.048220 -0.059968 -1.038716 0.512724
1776409941.838651 jaka_arm_left success 0.422865 0.230623 -0.335625 0.631553 0.305667 0.113526 0.703435 1.169460 -0.694602 -0.606672 -1.048071 -0.059651 -1.038748 0.512393
1776409941.847047 jaka_arm_left success 0.422682 0.230726 -0.335722 0.631833 0.306395 0.114065 0.702779 1.169596 -0.694176 -0.606642 -1.047596 -0.059578 -1.038294 0.512440
1776409941.855389 jaka_arm_left success 0.422593 0.230769 -0.335862 0.632254 0.306520 0.114567 0.702264 1.169616 -0.693674 -0.606658 -1.047130 -0.059394 -1.037839 0.512648
1776409941.863699 jaka_arm_left success 0.422523 0.230722 -0.336038 0.632481 0.306307 0.114238 0.702206 1.169671 -0.693476 -0.606341 -1.047071 -0.058947 -1.037737 0.512778
1776409941.872025 jaka_arm_left success 0.422411 0.230838 -0.336185 0.633919 0.305964 0.114428 0.701027 1.169450 -0.692521 -0.605390 -1.046980 -0.057086 -1.037478 0.513630
1776409941.880327 jaka_arm_left success 0.422198 0.230810 -0.336367 0.635178 0.306228 0.114685 0.699729 1.167044 -0.691523 -0.603811 -1.047411 -0.055278 -1.033873 0.511611
1776409941.888763 jaka_arm_left success 0.422097 0.230723 -0.336556 0.636043 0.306034 0.114899 0.698992 1.166832 -0.690836 -0.603168 -1.047454 -0.053907 -1.033669 0.512320
1776409941.897077 jaka_arm_left success 0.421875 0.230642 -0.336754 0.636853 0.306528 0.115292 0.697973 1.165154 -0.687433 -0.602223 -1.056414 -0.052910 -1.024175 0.510174
1776409941.905366 jaka_arm_left success 0.421749 0.230595 -0.336948 0.637739 0.306408 0.115562 0.697172 1.166144 -0.687286 -0.602053 -1.057059 -0.052231 -1.022495 0.511792
1776409941.922043 jaka_arm_left success 0.421493 0.230613 -0.337409 0.639989 0.305965 0.115516 0.695309 1.163996 -0.683960 -0.599741 -1.061183 -0.049051 -1.017676 0.510168
1776409941.930431 jaka_arm_left success 0.421296 0.230522 -0.337640 0.640083 0.306133 0.115141 0.695211 1.164429 -0.684019 -0.599400 -1.061316 -0.048955 -1.017650 0.510039
1776409941.938698 jaka_arm_left success 0.421164 0.230518 -0.337873 0.640648 0.305722 0.115298 0.694845 1.164342 -0.683601 -0.599146 -1.061355 -0.048200 -1.017604 0.510623
1776409941.955394 jaka_arm_left success 0.420833 0.230762 -0.338335 0.642610 0.304773 0.116641 0.693225 1.165233 -0.682601 -0.598990 -1.063315 -0.045913 -1.014301 0.514683
1776409941.963695 jaka_arm_left success 0.420564 0.230709 -0.338574 0.642103 0.305324 0.116797 0.693426 1.168845 -0.681034 -0.600580 -1.066071 -0.048123 -1.013521 0.516302
1776409941.972049 jaka_arm_left success 0.420365 0.230779 -0.338808 0.642051 0.305538 0.117510 0.693260 1.169156 -0.681365 -0.601105 -1.066314 -0.048311 -1.012215 0.517390
1776409941.988729 jaka_arm_left success 0.420034 0.231058 -0.339231 0.641493 0.304675 0.117430 0.694169 1.168891 -0.681916 -0.601537 -1.067004 -0.048562 -1.013046 0.517736
1776409941.997093 jaka_arm_left success 0.419959 0.231380 -0.339425 0.641783 0.303743 0.118026 0.694208 1.169765 -0.681516 -0.602522 -1.066771 -0.048530 -1.014365 0.520152
1776409942.013680 jaka_arm_left success 0.419731 0.231762 -0.339637 0.641332 0.303799 0.117211 0.694738 1.171143 -0.681771 -0.602288 -1.066969 -0.049083 -1.016051 0.519869
1776409942.022032 jaka_arm_left success 0.419625 0.232081 -0.340067 0.639095 0.303766 0.117479 0.696765 1.176592 -0.685144 -0.605923 -1.059127 -0.053225 -1.025978 0.524736
1776409942.030365 jaka_arm_left success 0.419639 0.232624 -0.340271 0.639383 0.303299 0.117826 0.696646 1.176216 -0.684491 -0.605813 -1.056193 -0.052281 -1.029359 0.525450
1776409942.047072 jaka_arm_left success 0.419636 0.233253 -0.340595 0.638064 0.303298 0.117382 0.697930 1.176228 -0.689993 -0.605717 -1.043407 -0.052700 -1.040990 0.525855
1776409942.055418 jaka_arm_left success 0.419764 0.233728 -0.340738 0.637818 0.303084 0.117925 0.698156 1.175701 -0.689855 -0.606582 -1.043012 -0.053357 -1.040843 0.525962
1776409942.063716 jaka_arm_left success 0.419790 0.234029 -0.340860 0.636970 0.303167 0.117550 0.698957 1.176409 -0.691092 -0.606985 -1.036525 -0.054173 -1.048596 0.525953
1776409942.072056 jaka_arm_left success 0.419792 0.234300 -0.340996 0.636034 0.303615 0.117419 0.699637 1.176519 -0.691774 -0.607476 -1.036448 -0.055314 -1.048592 0.525271
1776409942.080354 jaka_arm_left success 0.419783 0.234422 -0.341017 0.634666 0.304332 0.117091 0.700621 1.178292 -0.695564 -0.608588 -1.030582 -0.057237 -1.053432 0.526587
1776409942.088692 jaka_arm_left success 0.419929 0.234636 -0.341114 0.634081 0.303532 0.116510 0.701595 1.173975 -0.696537 -0.607414 -1.022988 -0.056046 -1.061442 0.522890
1776409942.105398 jaka_arm_left success 0.420071 0.235050 -0.341215 0.633519 0.302859 0.117277 0.702265 1.176003 -0.700004 -0.608892 -1.019485 -0.056845 -1.064022 0.527102
1776409942.113775 jaka_arm_left success 0.419970 0.235045 -0.341242 0.633165 0.302860 0.116844 0.702656 1.175455 -0.699434 -0.608556 -1.018243 -0.056908 -1.066523 0.525568
1776409942.122068 jaka_arm_left success 0.419905 0.235076 -0.341293 0.633223 0.302544 0.116742 0.702757 1.175065 -0.700758 -0.608383 -1.016624 -0.056600 -1.067663 0.525858
1776409942.138670 jaka_arm_left success 0.419758 0.235081 -0.341509 0.634308 0.300834 0.115833 0.702663 1.171129 -0.700039 -0.605775 -1.012055 -0.053127 -1.073106 0.523108
1776409942.147122 jaka_arm_left success 0.419608 0.234936 -0.341624 0.634409 0.300740 0.115171 0.702721 1.170551 -0.702591 -0.604852 -1.008935 -0.051999 -1.075020 0.523567
1776409942.155375 jaka_arm_left success 0.419494 0.234665 -0.341781 0.634249 0.300704 0.114660 0.702964 1.170699 -0.702923 -0.604696 -1.009161 -0.052106 -1.075263 0.523283
1776409942.163750 jaka_arm_left success 0.419457 0.234745 -0.342009 0.636038 0.299630 0.114754 0.701790 1.168004 -0.700928 -0.602717 -1.008175 -0.049015 -1.076174 0.521871
1776409942.172031 jaka_arm_left success 0.419343 0.234504 -0.342198 0.636542 0.299584 0.114467 0.701399 1.168237 -0.700763 -0.602306 -1.008039 -0.048600 -1.076046 0.521900
1776409942.180430 jaka_arm_left success 0.419210 0.234228 -0.342382 0.637088 0.299514 0.114191 0.700978 1.168500 -0.700533 -0.601637 -1.007953 -0.047838 -1.075935 0.522018
1776409942.188660 jaka_arm_left success 0.418962 0.234011 -0.342528 0.638479 0.299226 0.113908 0.699881 1.168480 -0.699838 -0.600368 -1.007978 -0.045860 -1.075807 0.522680
1776409942.197136 jaka_arm_left success 0.418674 0.233719 -0.342724 0.638552 0.299208 0.114111 0.699789 1.168105 -0.699881 -0.600130 -1.007969 -0.045360 -1.075446 0.522813
1776409942.205452 jaka_arm_left success 0.418407 0.233526 -0.342870 0.637627 0.298922 0.114451 0.700699 1.167735 -0.700405 -0.600597 -1.008346 -0.045851 -1.075784 0.522772
1776409942.213654 jaka_arm_left success 0.418178 0.233690 -0.342956 0.637857 0.297699 0.114470 0.701007 1.167246 -0.700647 -0.600827 -1.008779 -0.045725 -1.076223 0.523146
1776409942.230449 jaka_arm_left success 0.417840 0.233918 -0.342924 0.637275 0.295527 0.113153 0.702667 1.166370 -0.707717 -0.599938 -0.993734 -0.043598 -1.091913 0.526167
1776409942.238679 jaka_arm_left success 0.417613 0.233946 -0.342865 0.637194 0.294898 0.113314 0.702978 1.166067 -0.707774 -0.600082 -0.993962 -0.043551 -1.092176 0.526319
1776409942.247077 jaka_arm_left success 0.417415 0.234082 -0.342761 0.637879 0.293804 0.113827 0.702733 1.165174 -0.707159 -0.600248 -0.994169 -0.042609 -1.092491 0.527413
1776409942.255367 jaka_arm_left success 0.417215 0.233981 -0.342668 0.637835 0.292771 0.113909 0.703190 1.164696 -0.706955 -0.599973 -0.994864 -0.041685 -1.093761 0.528004
1776409942.263728 jaka_arm_left success 0.416961 0.233709 -0.342596 0.637531 0.291905 0.113433 0.703903 1.165559 -0.707003 -0.600052 -0.991126 -0.041636 -1.100298 0.528705
1776409942.272018 jaka_arm_left success 0.416774 0.233446 -0.342512 0.637552 0.291207 0.113944 0.704090 1.165043 -0.707060 -0.600409 -0.991338 -0.041612 -1.100532 0.529092
1776409942.280360 jaka_arm_left success 0.416612 0.233184 -0.342393 0.636906 0.291225 0.114867 0.704517 1.165542 -0.708824 -0.601704 -0.990604 -0.042338 -1.100377 0.531499
1776409942.288690 jaka_arm_left success 0.416502 0.233217 -0.342293 0.638445 0.289699 0.115238 0.703692 1.164836 -0.707794 -0.601042 -0.990777 -0.040128 -1.100635 0.533155
1776409942.297114 jaka_arm_left success 0.416420 0.233058 -0.342156 0.638886 0.288736 0.115357 0.703668 1.164233 -0.707667 -0.600947 -0.991231 -0.039285 -1.101116 0.533930
1776409942.305351 jaka_arm_left success 0.416278 0.232995 -0.342038 0.639279 0.288563 0.115662 0.703332 1.164231 -0.707260 -0.600777 -0.991001 -0.038839 -1.100913 0.534235
1776409942.322116 jaka_arm_left success 0.416070 0.232806 -0.341908 0.639096 0.288358 0.115754 0.703568 1.164231 -0.707260 -0.600777 -0.991001 -0.038839 -1.100913 0.534235
1776409942.330468 jaka_arm_left success 0.415966 0.232813 -0.341888 0.638959 0.288538 0.115786 0.703613 1.164231 -0.707260 -0.600777 -0.991001 -0.038839 -1.100913 0.534235
1776409942.338675 jaka_arm_left success 0.415844 0.232808 -0.341905 0.638676 0.288911 0.115645 0.703740 1.164258 -0.707561 -0.600871 -0.991179 -0.039104 -1.101085 0.534080
1776409942.347075 jaka_arm_left success 0.415806 0.232846 -0.341968 0.638523 0.288796 0.115548 0.703941 1.164303 -0.708301 -0.601148 -0.991645 -0.039733 -1.101596 0.533810
1776409942.355410 jaka_arm_left success 0.415785 0.232885 -0.342059 0.638384 0.288665 0.115813 0.704078 1.164283 -0.707964 -0.601246 -0.991346 -0.039639 -1.101351 0.534055
1776409942.363729 jaka_arm_left success 0.415820 0.232951 -0.342178 0.638213 0.288161 0.115652 0.704466 1.164553 -0.708288 -0.601424 -0.991534 -0.039531 -1.102207 0.534916
1776409942.372047 jaka_arm_left success 0.415836 0.233043 -0.342279 0.638108 0.288132 0.115381 0.704617 1.165041 -0.708698 -0.601253 -0.991626 -0.039812 -1.102519 0.534579
1776409942.380368 jaka_arm_left success 0.415834 0.233178 -0.342439 0.637759 0.288535 0.115199 0.704798 1.165041 -0.708698 -0.601253 -0.991626 -0.039812 -1.102519 0.534579
1776409942.388718 jaka_arm_left success 0.415884 0.233333 -0.342549 0.637533 0.288740 0.114356 0.705056 1.165739 -0.709024 -0.601337 -0.991355 -0.040734 -1.102761 0.533763
1776409942.397115 jaka_arm_left success 0.416052 0.233586 -0.342677 0.637335 0.288587 0.114220 0.705320 1.166250 -0.711990 -0.601257 -0.980400 -0.040405 -1.112588 0.535255
1776409942.413725 jaka_arm_left success 0.416065 0.233787 -0.342783 0.636780 0.288898 0.111968 0.706054 1.161948 -0.711728 -0.598694 -0.978056 -0.039448 -1.116449 0.527945
1776409942.430450 jaka_arm_left success 0.416122 0.233985 -0.342822 0.636900 0.288633 0.112195 0.706018 1.161782 -0.711504 -0.598810 -0.977907 -0.039316 -1.116376 0.528219
1776409942.438652 jaka_arm_left success 0.415923 0.233894 -0.342837 0.636571 0.289085 0.111859 0.706183 1.162076 -0.711769 -0.598704 -0.977913 -0.039561 -1.116437 0.527876
1776409942.447089 jaka_arm_left success 0.415827 0.233841 -0.342826 0.636476 0.288871 0.111753 0.706373 1.162076 -0.711769 -0.598704 -0.977913 -0.039561 -1.116437 0.527876
1776409942.455417 jaka_arm_left success 0.415688 0.233754 -0.342808 0.636048 0.288992 0.111589 0.706735 1.162072 -0.712205 -0.598813 -0.978197 -0.039876 -1.116765 0.527677
1776409942.463703 jaka_arm_left success 0.415624 0.233730 -0.342792 0.636030 0.288707 0.111951 0.706811 1.163388 -0.712858 -0.599803 -0.976918 -0.040593 -1.118559 0.529679
1776409942.472028 jaka_arm_left success 0.415519 0.233818 -0.342758 0.636830 0.287974 0.112379 0.706321 1.163096 -0.712213 -0.599420 -0.976834 -0.039409 -1.118639 0.530552
1776409942.480376 jaka_arm_left success 0.415325 0.233738 -0.342656 0.636915 0.287649 0.111630 0.706496 1.162909 -0.711807 -0.598740 -0.976359 -0.038814 -1.120565 0.529834
1776409942.488680 jaka_arm_left success 0.415090 0.233670 -0.342477 0.637148 0.287527 0.111286 0.706390 1.163071 -0.711861 -0.598426 -0.976437 -0.038586 -1.120682 0.529726
1776409942.505373 jaka_arm_left success 0.414528 0.233385 -0.342090 0.637506 0.287536 0.111496 0.706030 1.163058 -0.711551 -0.598314 -0.976279 -0.038289 -1.120548 0.529913
1776409942.522067 jaka_arm_left success 0.413930 0.233077 -0.341653 0.638124 0.287200 0.112060 0.705519 1.162752 -0.710906 -0.598288 -0.976085 -0.037638 -1.120355 0.530569
1776409942.538699 jaka_arm_left success 0.413374 0.232633 -0.341280 0.638199 0.286406 0.112015 0.705780 1.163919 -0.709368 -0.598556 -0.979102 -0.037415 -1.120832 0.531926
1776409942.547045 jaka_arm_left success 0.413077 0.232473 -0.341068 0.638220 0.286148 0.111857 0.705891 1.163879 -0.709483 -0.598498 -0.979299 -0.037338 -1.120975 0.531947
1776409942.555416 jaka_arm_left success 0.412830 0.232338 -0.340929 0.638245 0.285706 0.112752 0.705906 1.165499 -0.709964 -0.599548 -0.980996 -0.037632 -1.119424 0.535156
1776409942.563717 jaka_arm_left success 0.412443 0.232239 -0.340734 0.638805 0.285547 0.112713 0.705469 1.166144 -0.705939 -0.599727 -0.987956 -0.037927 -1.115691 0.534239
1776409942.572037 jaka_arm_left success 0.412097 0.232087 -0.340547 0.638759 0.285222 0.112557 0.705667 1.167197 -0.705990 -0.599677 -0.989086 -0.037684 -1.115645 0.535436
1776409942.580379 jaka_arm_left success 0.411809 0.232059 -0.340377 0.639344 0.284484 0.112939 0.705374 1.166801 -0.705461 -0.599464 -0.989427 -0.036639 -1.115833 0.536350
1776409942.588678 jaka_arm_left success 0.411507 0.231990 -0.340188 0.639495 0.284023 0.112908 0.705428 1.167413 -0.704471 -0.599901 -0.990704 -0.036920 -1.115994 0.536905
1776409942.597099 jaka_arm_left success 0.411098 0.231883 -0.339987 0.639195 0.284045 0.112194 0.705805 1.167923 -0.704793 -0.599497 -0.991149 -0.037038 -1.116308 0.536361
1776409942.613688 jaka_arm_left success 0.410565 0.232050 -0.339654 0.640187 0.283248 0.112890 0.705115 1.170425 -0.699245 -0.600427 -0.997421 -0.037227 -1.114893 0.538090
1776409942.622079 jaka_arm_left success 0.410243 0.232149 -0.339502 0.641054 0.282748 0.113088 0.704496 1.170090 -0.698699 -0.599958 -0.997598 -0.035958 -1.114541 0.538910
1776409942.630441 jaka_arm_left success 0.409899 0.232223 -0.339336 0.641301 0.283262 0.114205 0.703884 1.173873 -0.696975 -0.601834 -1.008494 -0.037690 -1.103311 0.542575
1776409942.638696 jaka_arm_left success 0.409616 0.232259 -0.339226 0.641304 0.283503 0.114839 0.703682 1.175201 -0.693847 -0.602757 -1.010683 -0.038666 -1.103831 0.542715
1776409942.647103 jaka_arm_left success 0.409319 0.232210 -0.339142 0.640878 0.283598 0.114317 0.704116 1.175314 -0.694250 -0.602709 -1.010983 -0.038896 -1.104077 0.542439
1776409942.655372 jaka_arm_left success 0.409001 0.232305 -0.339111 0.640492 0.283907 0.114167 0.704367 1.176926 -0.694011 -0.603265 -1.011942 -0.040202 -1.104325 0.542504
1776409942.663793 jaka_arm_left success 0.408849 0.232677 -0.339165 0.641213 0.283195 0.114191 0.703993 1.176613 -0.693315 -0.603031 -1.011914 -0.039196 -1.104306 0.543284
1776409942.680358 jaka_arm_left success 0.408370 0.233119 -0.339274 0.640507 0.283909 0.113458 0.704467 1.177141 -0.693893 -0.602748 -1.012232 -0.039640 -1.104618 0.542545
1776409942.688698 jaka_arm_left success 0.408167 0.233422 -0.339332 0.639801 0.284548 0.113260 0.704882 1.179495 -0.691599 -0.603832 -1.012698 -0.042200 -1.107166 0.541290
1776409942.705371 jaka_arm_left success 0.407913 0.233880 -0.339421 0.640275 0.284328 0.112957 0.704589 1.179629 -0.691194 -0.603442 -1.012602 -0.041582 -1.107107 0.541532
1776409942.713696 jaka_arm_left success 0.407415 0.234527 -0.339620 0.639612 0.284331 0.112259 0.705302 1.180528 -0.690663 -0.603590 -1.013262 -0.042390 -1.109364 0.540884
1776409942.722046 jaka_arm_left success 0.407155 0.234831 -0.339670 0.639302 0.284806 0.112701 0.705321 1.181097 -0.690209 -0.604234 -1.012684 -0.043339 -1.109378 0.540854
1776409942.730480 jaka_arm_left success 0.406812 0.235317 -0.339692 0.639668 0.284986 0.113560 0.704778 1.181689 -0.688915 -0.604716 -1.012001 -0.043290 -1.109372 0.541958
1776409942.738637 jaka_arm_left success 0.406399 0.235597 -0.339691 0.639413 0.285327 0.112938 0.704971 1.183731 -0.688241 -0.604936 -1.012500 -0.044399 -1.111395 0.541813
1776409942.747086 jaka_arm_left success 0.405889 0.235806 -0.339727 0.638818 0.285907 0.112762 0.705303 1.184670 -0.688166 -0.605249 -1.012439 -0.045260 -1.111812 0.541675
1776409942.755447 jaka_arm_left success 0.405337 0.236112 -0.339728 0.638909 0.285850 0.112734 0.705249 1.187703 -0.686209 -0.606114 -1.012779 -0.046481 -1.114448 0.542999
1776409942.763694 jaka_arm_left success 0.404894 0.236456 -0.339744 0.638979 0.285662 0.113483 0.705141 1.188322 -0.685560 -0.607079 -1.012515 -0.046787 -1.114525 0.544741
1776409942.772041 jaka_arm_left success 0.404491 0.236766 -0.339806 0.639099 0.284913 0.114524 0.705167 1.192081 -0.685338 -0.608913 -1.012751 -0.047718 -1.116267 0.549846
1776409942.780348 jaka_arm_left success 0.404086 0.237108 -0.339890 0.639194 0.284111 0.114758 0.705367 1.191754 -0.685342 -0.609028 -1.013052 -0.047495 -1.116601 0.550199
1776409942.797171 jaka_arm_left success 0.403579 0.237406 -0.339959 0.638907 0.284672 0.115861 0.705220 1.195080 -0.684292 -0.610673 -1.012777 -0.048946 -1.117497 0.553382
1776409942.805374 jaka_arm_left success 0.402667 0.237735 -0.340040 0.638386 0.284799 0.115159 0.705755 1.196443 -0.684350 -0.610836 -1.013524 -0.049912 -1.118901 0.553109
1776409942.813753 jaka_arm_left success 0.402183 0.237815 -0.339993 0.637562 0.285831 0.115089 0.706095 1.200750 -0.683105 -0.612515 -1.014125 -0.052828 -1.120641 0.554505
1776409942.830457 jaka_arm_left success 0.401300 0.238063 -0.339855 0.638340 0.285487 0.114717 0.705591 1.202073 -0.680241 -0.612146 -1.015859 -0.052253 -1.121377 0.554760
1776409942.838643 jaka_arm_left success 0.400819 0.238039 -0.339744 0.637927 0.286021 0.115438 0.705631 1.206442 -0.680150 -0.614265 -1.019268 -0.054658 -1.118611 0.558677
1776409942.847007 jaka_arm_left success 0.400361 0.238106 -0.339621 0.638317 0.285534 0.115860 0.705407 1.207294 -0.676627 -0.614660 -1.023368 -0.054766 -1.117653 0.558798
1776409942.855400 jaka_arm_left success 0.399919 0.238108 -0.339475 0.638741 0.285017 0.115884 0.705228 1.207757 -0.676687 -0.614561 -1.024854 -0.054026 -1.116527 0.560332
1776409942.863656 jaka_arm_left success 0.399509 0.238032 -0.339341 0.638928 0.284301 0.115977 0.705332 1.208966 -0.675370 -0.614992 -1.026952 -0.054220 -1.116883 0.561398
1776409942.872056 jaka_arm_left success 0.399066 0.238035 -0.339170 0.639863 0.284097 0.116789 0.704432 1.210526 -0.674067 -0.615259 -1.031611 -0.053549 -1.112106 0.564154
1776409942.888729 jaka_arm_left success 0.398487 0.237880 -0.338908 0.641236 0.283626 0.119943 0.702842 1.220303 -0.666097 -0.620241 -1.049362 -0.057146 -1.099346 0.574032
1776409942.897043 jaka_arm_left success 0.398284 0.237733 -0.338791 0.641659 0.283773 0.121054 0.702206 1.219625 -0.665606 -0.620704 -1.049139 -0.056854 -1.098705 0.574763
1776409942.905405 jaka_arm_left success 0.398109 0.237504 -0.338682 0.641721 0.284293 0.121137 0.701924 1.219187 -0.665109 -0.620588 -1.056977 -0.057164 -1.089869 0.573916
1776409942.913868 jaka_arm_left success 0.398145 0.237316 -0.338593 0.641680 0.284759 0.121056 0.701786 1.222430 -0.662767 -0.621457 -1.060627 -0.058526 -1.088427 0.575265
1776409942.922071 jaka_arm_left success 0.398277 0.237153 -0.338491 0.641818 0.284526 0.120603 0.701833 1.222430 -0.662767 -0.621457 -1.060627 -0.058526 -1.088427 0.575265
1776409942.930433 jaka_arm_left success 0.398328 0.236794 -0.338379 0.640772 0.285866 0.119969 0.702353 1.223161 -0.663703 -0.621136 -1.060902 -0.059408 -1.088553 0.574071
1776409942.938678 jaka_arm_left success 0.398394 0.236511 -0.338217 0.640524 0.287194 0.119918 0.702045 1.221841 -0.662049 -0.621181 -1.067836 -0.060747 -1.080162 0.570697
1776409942.947057 jaka_arm_left success 0.398571 0.236306 -0.338103 0.640658 0.287394 0.120225 0.701789 1.222342 -0.662300 -0.621378 -1.067891 -0.060899 -1.079063 0.571393
1776409942.955495 jaka_arm_left success 0.398694 0.236035 -0.337977 0.640586 0.287602 0.120809 0.701669 1.223486 -0.663612 -0.622143 -1.069622 -0.061525 -1.076037 0.573435
1776409942.963686 jaka_arm_left success 0.398849 0.235739 -0.337866 0.640854 0.287052 0.121389 0.701549 1.224113 -0.662319 -0.622970 -1.074127 -0.061845 -1.072669 0.574777
1776409942.980499 jaka_arm_left success 0.398921 0.234999 -0.337651 0.641567 0.285527 0.121214 0.701551 1.223404 -0.662029 -0.622329 -1.075051 -0.059971 -1.073454 0.575907
1776409942.988729 jaka_arm_left success 0.399030 0.234812 -0.337549 0.642609 0.284506 0.122888 0.700720 1.222406 -0.660856 -0.622483 -1.074754 -0.058257 -1.072612 0.577862
1776409942.997092 jaka_arm_left success 0.399037 0.234290 -0.337455 0.642554 0.283618 0.122852 0.701137 1.221979 -0.661228 -0.622665 -1.075293 -0.058194 -1.073069 0.578092
1776409943.013721 jaka_arm_left success 0.399057 0.233883 -0.337320 0.642915 0.283080 0.123480 0.700913 1.221465 -0.663639 -0.622657 -1.076356 -0.056944 -1.070189 0.580740
1776409943.022049 jaka_arm_left success 0.399296 0.233092 -0.337140 0.642973 0.281227 0.125064 0.701325 1.220911 -0.664914 -0.623777 -1.077282 -0.056063 -1.069415 0.584447
1776409943.030439 jaka_arm_left success 0.399365 0.232803 -0.337085 0.642972 0.280818 0.125087 0.701485 1.220727 -0.665049 -0.623872 -1.077510 -0.056029 -1.069604 0.584581
1776409943.038682 jaka_arm_left success 0.399455 0.232610 -0.337109 0.643206 0.280246 0.125024 0.701510 1.220394 -0.665109 -0.623839 -1.077900 -0.055582 -1.069929 0.584996
1776409943.047045 jaka_arm_left success 0.399598 0.232523 -0.337205 0.643320 0.279805 0.125090 0.701570 1.220110 -0.665043 -0.623744 -1.078152 -0.055016 -1.070116 0.585485
1776409943.055496 jaka_arm_left success 0.399764 0.232417 -0.337399 0.642574 0.280038 0.124912 0.702193 1.220213 -0.665603 -0.623817 -1.078415 -0.055473 -1.070334 0.585146
1776409943.063676 jaka_arm_left success 0.399962 0.232402 -0.337647 0.641802 0.280184 0.124425 0.702927 1.220358 -0.666391 -0.623920 -1.078784 -0.056131 -1.070679 0.584642
1776409943.072024 jaka_arm_left success 0.400159 0.232617 -0.337928 0.642111 0.280189 0.123926 0.702731 1.220683 -0.666484 -0.623674 -1.078673 -0.056168 -1.070587 0.584401
1776409943.080434 jaka_arm_left success 0.400366 0.232873 -0.338244 0.641933 0.279828 0.122359 0.703311 1.214377 -0.670997 -0.620406 -1.065149 -0.053204 -1.081097 0.578889
1776409943.088705 jaka_arm_left success 0.400515 0.233157 -0.338567 0.641581 0.280156 0.121334 0.703679 1.214912 -0.671377 -0.619986 -1.065243 -0.053377 -1.081209 0.578330
1776409943.105356 jaka_arm_left success 0.400789 0.233768 -0.339155 0.640642 0.280768 0.120129 0.704497 1.214248 -0.673589 -0.618880 -1.053493 -0.053605 -1.093038 0.575403
1776409943.113652 jaka_arm_left success 0.401007 0.234219 -0.339400 0.640745 0.279910 0.118617 0.705001 1.205736 -0.677827 -0.615311 -1.043368 -0.049759 -1.098931 0.569029
1776409943.122101 jaka_arm_left success 0.400933 0.234272 -0.339585 0.639136 0.280808 0.116953 0.706381 1.207624 -0.679102 -0.615587 -1.043125 -0.052122 -1.101145 0.567460
1776409943.130445 jaka_arm_left success 0.401017 0.234761 -0.339717 0.639227 0.281156 0.117705 0.706035 1.207950 -0.678529 -0.616108 -1.042101 -0.052508 -1.101054 0.567917
1776409943.138657 jaka_arm_left success 0.401136 0.235175 -0.339811 0.639661 0.280353 0.117937 0.705922 1.209212 -0.679257 -0.616316 -1.034917 -0.051741 -1.108937 0.570552
1776409943.147029 jaka_arm_left success 0.400987 0.235303 -0.339842 0.639538 0.280129 0.116357 0.706385 1.205428 -0.679075 -0.614217 -1.033240 -0.050329 -1.111779 0.565396
1776409943.155384 jaka_arm_left success 0.400877 0.235353 -0.339841 0.639340 0.280082 0.116014 0.706639 1.205428 -0.679075 -0.614217 -1.033240 -0.050329 -1.111779 0.565396
1776409943.163706 jaka_arm_left success 0.400685 0.235424 -0.339805 0.639003 0.280581 0.116378 0.706687 1.205799 -0.679645 -0.614473 -1.032984 -0.050988 -1.111985 0.565288
1776409943.172025 jaka_arm_left success 0.400549 0.235495 -0.339741 0.639111 0.280559 0.116644 0.706554 1.205799 -0.679645 -0.614473 -1.032984 -0.050988 -1.111985 0.565288
1776409943.180469 jaka_arm_left success 0.400460 0.235711 -0.339679 0.639986 0.279891 0.117249 0.705926 1.205190 -0.678629 -0.614558 -1.032663 -0.049715 -1.111927 0.566787
1776409943.197139 jaka_arm_left success 0.400266 0.235906 -0.339547 0.640898 0.279031 0.118102 0.705296 1.204891 -0.677842 -0.614696 -1.032218 -0.049147 -1.111569 0.567530
1776409943.205367 jaka_arm_left success 0.400186 0.235951 -0.339474 0.641405 0.278578 0.118701 0.704914 1.204423 -0.677154 -0.614850 -1.032004 -0.048437 -1.111425 0.568438
1776409943.213726 jaka_arm_left success 0.400078 0.235867 -0.339415 0.641338 0.278574 0.118654 0.704985 1.204423 -0.677154 -0.614850 -1.032004 -0.048437 -1.111425 0.568438
1776409943.222027 jaka_arm_left success 0.400039 0.235861 -0.339364 0.641463 0.278648 0.118867 0.704806 1.204423 -0.677154 -0.614850 -1.032004 -0.048437 -1.111425 0.568438
1776409943.230435 jaka_arm_left success 0.400038 0.235865 -0.339337 0.641516 0.278626 0.118960 0.704751 1.204207 -0.676528 -0.614791 -1.031836 -0.047553 -1.111309 0.569437
1776409943.238689 jaka_arm_left success 0.400058 0.235874 -0.339330 0.641523 0.278518 0.118889 0.704799 1.204207 -0.676528 -0.614791 -1.031836 -0.047553 -1.111309 0.569437
1776409943.247130 jaka_arm_left success 0.400072 0.235881 -0.339324 0.641473 0.278455 0.118690 0.704903 1.204369 -0.676987 -0.614664 -1.032171 -0.047727 -1.111623 0.569165
1776409943.255716 jaka_arm_left success 0.400091 0.235872 -0.339332 0.641307 0.278348 0.118336 0.705155 1.204369 -0.676987 -0.614664 -1.032171 -0.047727 -1.111623 0.569165
1776409943.263739 jaka_arm_left success 0.400119 0.235882 -0.339341 0.641134 0.277990 0.117914 0.705524 1.204436 -0.677584 -0.614503 -1.032727 -0.047833 -1.112175 0.568902
1776409943.272033 jaka_arm_left success 0.400061 0.235888 -0.339343 0.640894 0.278004 0.117650 0.705781 1.204556 -0.677951 -0.614392 -1.033020 -0.047958 -1.112496 0.568676
1776409943.288710 jaka_arm_left success 0.399991 0.235872 -0.339341 0.640710 0.277712 0.117433 0.706099 1.204550 -0.678233 -0.614364 -1.033302 -0.048026 -1.112824 0.568587
1776409943.297173 jaka_arm_left success 0.399844 0.235812 -0.339334 0.640419 0.276520 0.117354 0.706844 1.206154 -0.681005 -0.614716 -1.025641 -0.047632 -1.122021 0.571879
1776409943.305386 jaka_arm_left success 0.399847 0.235954 -0.339327 0.640747 0.275457 0.117898 0.706871 1.205455 -0.680800 -0.615062 -1.025852 -0.047298 -1.122298 0.572514
1776409943.313729 jaka_arm_left success 0.399777 0.236000 -0.339281 0.641093 0.274364 0.117870 0.706987 1.203944 -0.679329 -0.614536 -1.024827 -0.045830 -1.125422 0.572058
1776409943.322051 jaka_arm_left success 0.399603 0.235959 -0.339214 0.641171 0.273710 0.117847 0.707174 1.203676 -0.679474 -0.614573 -1.025111 -0.045639 -1.125743 0.572283
1776409943.330435 jaka_arm_left success 0.399309 0.235809 -0.339152 0.640864 0.273361 0.116275 0.707847 1.200161 -0.681859 -0.612506 -1.015185 -0.043952 -1.135628 0.568455
1776409943.338666 jaka_arm_left success 0.399077 0.235824 -0.339062 0.641080 0.272274 0.115625 0.708177 1.199894 -0.682221 -0.612076 -1.015972 -0.043186 -1.136416 0.568768
1776409943.355438 jaka_arm_left success 0.398542 0.235769 -0.338896 0.640943 0.270759 0.115228 0.708946 1.199754 -0.684596 -0.611299 -1.008587 -0.041286 -1.145345 0.570820
1776409943.363715 jaka_arm_left success 0.398257 0.235693 -0.338760 0.640979 0.269750 0.115570 0.709242 1.199180 -0.684651 -0.611628 -1.008895 -0.041176 -1.145677 0.571245
1776409943.380336 jaka_arm_left success 0.397626 0.235540 -0.338545 0.641144 0.266294 0.115770 0.710366 1.197857 -0.688103 -0.611562 -1.000660 -0.038518 -1.156842 0.575498
1776409943.397099 jaka_arm_left success 0.397022 0.235153 -0.338275 0.641060 0.262106 0.115650 0.712017 1.195136 -0.692626 -0.610919 -0.988865 -0.035143 -1.171469 0.578954
1776409943.405365 jaka_arm_left success 0.396557 0.235038 -0.338128 0.641379 0.261104 0.116466 0.711964 1.194374 -0.692143 -0.611288 -0.988887 -0.034644 -1.171528 0.579828
1776409943.413697 jaka_arm_left success 0.396214 0.234704 -0.337944 0.641322 0.259436 0.116534 0.712614 1.193471 -0.692369 -0.611067 -0.990019 -0.033260 -1.172905 0.581103
1776409943.422072 jaka_arm_left success 0.396026 0.234686 -0.337764 0.642499 0.257225 0.117726 0.712160 1.192011 -0.691325 -0.611176 -0.990383 -0.030983 -1.173607 0.583758
1776409943.430469 jaka_arm_left success 0.395686 0.234236 -0.337597 0.642019 0.256865 0.118263 0.712633 1.193003 -0.692666 -0.612178 -0.990105 -0.031664 -1.174263 0.586020
1776409943.438663 jaka_arm_left success 0.395621 0.233968 -0.337442 0.642117 0.255686 0.118851 0.712871 1.192625 -0.692752 -0.612360 -0.990444 -0.030915 -1.174916 0.587441
1776409943.447042 jaka_arm_left success 0.395734 0.233724 -0.337305 0.641938 0.255328 0.120286 0.712919 1.194073 -0.694305 -0.614105 -0.989160 -0.031592 -1.174254 0.591799
1776409943.455445 jaka_arm_left success 0.395895 0.233411 -0.337241 0.641828 0.254399 0.119700 0.713449 1.194132 -0.694989 -0.613348 -0.990185 -0.030784 -1.175418 0.591870
1776409943.463724 jaka_arm_left success 0.396232 0.233310 -0.337132 0.642153 0.254305 0.121614 0.712866 1.193385 -0.694213 -0.614296 -0.989541 -0.030926 -1.174833 0.592776
1776409943.472068 jaka_arm_left success 0.396769 0.233291 -0.337127 0.642947 0.253068 0.123032 0.712348 1.192354 -0.694690 -0.615438 -0.988882 -0.030052 -1.173786 0.596145
1776409943.488681 jaka_arm_left success 0.397572 0.232824 -0.337170 0.642768 0.253419 0.123667 0.712274 1.192353 -0.695216 -0.615850 -0.988410 -0.030491 -1.173004 0.596468
1776409943.497116 jaka_arm_left success 0.398107 0.232504 -0.337254 0.642275 0.253931 0.123572 0.712553 1.192490 -0.697110 -0.616003 -0.988034 -0.031023 -1.171785 0.596702
1776409943.505356 jaka_arm_left success 0.398750 0.232313 -0.337481 0.641594 0.254368 0.123482 0.713026 1.192538 -0.698597 -0.616273 -0.987802 -0.031826 -1.171164 0.596468
1776409943.513784 jaka_arm_left success 0.399387 0.232103 -0.337701 0.640825 0.255366 0.123718 0.713320 1.192891 -0.699974 -0.616367 -0.987120 -0.032557 -1.170054 0.596204
1776409943.522118 jaka_arm_left success 0.400028 0.231971 -0.337994 0.640594 0.255586 0.122418 0.713673 1.189390 -0.704635 -0.614794 -0.984642 -0.031424 -1.168397 0.593748
1776409943.530417 jaka_arm_left success 0.400604 0.231776 -0.338364 0.639394 0.257319 0.121181 0.714337 1.188456 -0.705926 -0.614230 -0.981757 -0.032848 -1.170311 0.589653
1776409943.538673 jaka_arm_left success 0.401171 0.231764 -0.338797 0.638956 0.258376 0.120151 0.714521 1.186015 -0.709151 -0.612839 -0.977160 -0.032451 -1.170695 0.586549
1776409943.547171 jaka_arm_left success 0.401776 0.231724 -0.339288 0.639119 0.258903 0.119308 0.714326 1.181634 -0.711075 -0.610504 -0.969357 -0.030467 -1.175026 0.582072
1776409943.555409 jaka_arm_left success 0.402114 0.231727 -0.339899 0.638815 0.259769 0.117665 0.714556 1.181439 -0.712608 -0.609513 -0.966895 -0.030641 -1.176857 0.579951
1776409943.563678 jaka_arm_left success 0.402481 0.231666 -0.340456 0.638793 0.260903 0.117562 0.714179 1.182089 -0.712813 -0.609339 -0.965908 -0.031153 -1.176010 0.579262
1776409943.580386 jaka_arm_left success 0.403050 0.231727 -0.341678 0.639713 0.263175 0.115943 0.712785 1.178982 -0.714589 -0.606169 -0.963542 -0.029282 -1.172333 0.573967
1776409943.588747 jaka_arm_left success 0.403440 0.231966 -0.342312 0.640746 0.263835 0.116570 0.711510 1.179052 -0.713374 -0.605875 -0.962324 -0.028445 -1.171169 0.574486
1776409943.597038 jaka_arm_left success 0.403511 0.231827 -0.342962 0.641274 0.265208 0.114284 0.710895 1.177002 -0.713799 -0.603040 -0.961769 -0.027121 -1.169850 0.569231
1776409943.613680 jaka_arm_left success 0.403992 0.232275 -0.344213 0.643650 0.267781 0.113644 0.707879 1.176679 -0.712213 -0.600217 -0.959644 -0.024958 -1.165766 0.566254
1776409943.622116 jaka_arm_left success 0.404109 0.232403 -0.344806 0.644504 0.268658 0.112334 0.706979 1.171602 -0.711383 -0.597395 -0.959897 -0.022702 -1.162458 0.559847
1776409943.630420 jaka_arm_left success 0.404264 0.232649 -0.345339 0.645919 0.269714 0.112816 0.705206 1.172032 -0.710079 -0.596523 -0.958539 -0.021608 -1.160516 0.559856
1776409943.638649 jaka_arm_left success 0.404362 0.232842 -0.345884 0.647059 0.269697 0.111691 0.704346 1.170995 -0.709607 -0.594624 -0.958855 -0.019670 -1.159420 0.558260
1776409943.647128 jaka_arm_left success 0.404262 0.232902 -0.346353 0.647415 0.270716 0.109547 0.703965 1.168193 -0.708474 -0.591962 -0.959791 -0.018279 -1.158481 0.552312
1776409943.655509 jaka_arm_left success 0.404411 0.233389 -0.346731 0.648443 0.270799 0.110422 0.702849 1.167664 -0.707161 -0.591817 -0.959008 -0.017109 -1.157524 0.553251
1776409943.663716 jaka_arm_left success 0.404465 0.233618 -0.347053 0.648644 0.270865 0.109996 0.702705 1.168021 -0.707179 -0.591461 -0.958900 -0.017021 -1.157386 0.552931
1776409943.672021 jaka_arm_left success 0.404290 0.233725 -0.347310 0.648155 0.272292 0.109111 0.702743 1.168942 -0.707581 -0.591035 -0.958419 -0.018113 -1.156676 0.550902
1776409943.680483 jaka_arm_left success 0.404309 0.234142 -0.347527 0.648986 0.272426 0.109889 0.701802 1.168330 -0.706556 -0.590883 -0.958033 -0.017082 -1.156106 0.551603
1776409943.688722 jaka_arm_left success 0.404214 0.234455 -0.347681 0.649140 0.272388 0.109495 0.701736 1.168598 -0.706564 -0.590586 -0.957988 -0.017004 -1.156039 0.551317
1776409943.705445 jaka_arm_left success 0.403908 0.234742 -0.347847 0.648864 0.273439 0.109162 0.701634 1.169099 -0.706371 -0.590464 -0.957583 -0.017832 -1.155531 0.549877
1776409943.713755 jaka_arm_left success 0.403897 0.235046 -0.347869 0.649190 0.273589 0.110338 0.701090 1.168824 -0.705769 -0.590771 -0.957142 -0.017747 -1.155095 0.550271
1776409943.722043 jaka_arm_left success 0.403790 0.235114 -0.347851 0.649000 0.273787 0.110306 0.701193 1.168824 -0.705769 -0.590771 -0.957142 -0.017747 -1.155095 0.550271
1776409943.730392 jaka_arm_left success 0.403735 0.235166 -0.347837 0.649001 0.273931 0.110549 0.701098 1.168740 -0.705539 -0.591030 -0.956898 -0.017943 -1.154833 0.550329
1776409943.738663 jaka_arm_left success 0.403699 0.235251 -0.347775 0.649268 0.274255 0.111145 0.700630 1.169791 -0.703970 -0.591912 -0.962010 -0.018806 -1.150009 0.551070
1776409943.747042 jaka_arm_left success 0.403642 0.235176 -0.347742 0.649476 0.274602 0.111058 0.700315 1.170064 -0.703731 -0.591710 -0.961753 -0.018699 -1.149740 0.550967
1776409943.755496 jaka_arm_left success 0.403639 0.235200 -0.347701 0.650186 0.274982 0.111514 0.699434 1.170118 -0.699507 -0.591409 -0.970829 -0.018508 -1.141294 0.549373
1776409943.763673 jaka_arm_left success 0.403606 0.235025 -0.347691 0.650506 0.275711 0.111733 0.698814 1.172445 -0.699550 -0.592013 -0.972504 -0.019145 -1.138761 0.551487
1776409943.772022 jaka_arm_left success 0.403610 0.234997 -0.347735 0.651407 0.276046 0.112016 0.697796 1.172124 -0.695316 -0.591502 -0.981823 -0.018563 -1.130224 0.549842
1776409943.780451 jaka_arm_left success 0.403629 0.234849 -0.347807 0.651887 0.276277 0.111472 0.697344 1.172455 -0.695217 -0.591184 -0.981706 -0.018410 -1.130093 0.549675
1776409943.797068 jaka_arm_left success 0.403703 0.234720 -0.348073 0.652753 0.277110 0.111587 0.696184 1.172399 -0.694372 -0.590255 -0.982041 -0.017593 -1.127795 0.548848
1776409943.805460 jaka_arm_left success 0.403720 0.234466 -0.348216 0.652753 0.277223 0.109798 0.696423 1.171943 -0.693967 -0.588822 -0.983366 -0.017016 -1.127787 0.546311
1776409943.813770 jaka_arm_left success 0.403719 0.234272 -0.348396 0.652727 0.277851 0.109784 0.696199 1.172198 -0.693906 -0.588720 -0.983153 -0.017143 -1.127515 0.546055
1776409943.822058 jaka_arm_left success 0.403810 0.234329 -0.348581 0.654326 0.277454 0.109979 0.694824 1.168372 -0.692279 -0.586737 -0.986541 -0.014170 -1.121892 0.543525
1776409943.830435 jaka_arm_left success 0.403871 0.234303 -0.348720 0.655165 0.277367 0.110713 0.693952 1.169097 -0.691904 -0.586846 -0.988175 -0.013504 -1.118990 0.545450
1776409943.838714 jaka_arm_left success 0.403696 0.233894 -0.348840 0.655153 0.277776 0.108808 0.694101 1.169046 -0.690714 -0.585391 -0.989787 -0.013373 -1.119280 0.542143
1776409943.847039 jaka_arm_left success 0.403650 0.233664 -0.348932 0.655993 0.278274 0.109035 0.693071 1.167387 -0.689248 -0.584400 -0.994638 -0.012082 -1.112874 0.540551
1776409943.855384 jaka_arm_left success 0.403623 0.233403 -0.349105 0.656602 0.278629 0.110039 0.692193 1.172944 -0.686566 -0.586293 -1.003699 -0.013834 -1.104682 0.545172
1776409943.863730 jaka_arm_left success 0.403500 0.233116 -0.349280 0.657406 0.278954 0.109605 0.691368 1.172196 -0.685676 -0.585237 -1.004261 -0.012844 -1.103598 0.543804
1776409943.872015 jaka_arm_left success 0.403411 0.232841 -0.349418 0.658644 0.279263 0.109550 0.690071 1.169795 -0.682153 -0.583615 -1.012344 -0.010758 -1.095318 0.541007
1776409943.888734 jaka_arm_left success 0.403235 0.232072 -0.349858 0.659782 0.280122 0.109075 0.688711 1.170029 -0.679505 -0.582348 -1.021237 -0.010034 -1.085355 0.539032
1776409943.897100 jaka_arm_left success 0.403279 0.231986 -0.350067 0.661416 0.279862 0.109399 0.687195 1.170121 -0.678349 -0.581333 -1.020914 -0.008050 -1.084609 0.540088
1776409943.905362 jaka_arm_left success 0.403229 0.231748 -0.350337 0.662207 0.280281 0.109023 0.686322 1.168272 -0.677969 -0.579803 -1.024765 -0.006426 -1.078719 0.538160
1776409943.913845 jaka_arm_left success 0.403219 0.231570 -0.350628 0.663076 0.281126 0.109564 0.685051 1.169892 -0.677353 -0.579944 -1.030121 -0.006437 -1.070982 0.539593
1776409943.922040 jaka_arm_left success 0.403298 0.231316 -0.350893 0.664144 0.280864 0.108909 0.684227 1.169379 -0.674800 -0.578415 -1.031356 -0.004759 -1.070968 0.538121
1776409943.930416 jaka_arm_left success 0.403240 0.230910 -0.351218 0.664644 0.281617 0.107693 0.683624 1.168738 -0.674466 -0.576956 -1.032425 -0.004090 -1.069469 0.535680
1776409943.938693 jaka_arm_left success 0.403324 0.230655 -0.351493 0.665635 0.281880 0.107588 0.682568 1.165556 -0.673268 -0.574930 -1.036329 -0.001792 -1.063378 0.532535
1776409943.947116 jaka_arm_left success 0.403407 0.230445 -0.351806 0.666538 0.282261 0.107172 0.681594 1.165890 -0.672623 -0.574015 -1.036472 -0.000988 -1.062225 0.532132
1776409943.955410 jaka_arm_left success 0.403608 0.230307 -0.352193 0.667794 0.282295 0.107715 0.680264 1.163677 -0.669154 -0.572933 -1.045381 0.000762 -1.052422 0.529995
1776409943.963752 jaka_arm_left success 0.403674 0.229967 -0.352507 0.668466 0.283429 0.107648 0.679142 1.165008 -0.670155 -0.572343 -1.046850 0.001116 -1.047724 0.530833
1776409943.980442 jaka_arm_left success 0.404017 0.229746 -0.353265 0.670877 0.284338 0.106772 0.676517 1.162114 -0.665900 -0.568754 -1.056383 0.004444 -1.035724 0.525559
1776409943.988703 jaka_arm_left success 0.404200 0.229459 -0.353706 0.670921 0.285290 0.105841 0.676219 1.162783 -0.665961 -0.568222 -1.056242 0.004403 -1.035576 0.525009
1776409943.997087 jaka_arm_left success 0.404357 0.229414 -0.354106 0.672066 0.285844 0.105264 0.674938 1.160458 -0.664264 -0.565879 -1.057463 0.006319 -1.033054 0.521165
1776409944.005333 jaka_arm_left success 0.404585 0.229340 -0.354536 0.672454 0.286944 0.105277 0.674081 1.161125 -0.663866 -0.565534 -1.056630 0.006126 -1.031862 0.520568
1776409944.013672 jaka_arm_left success 0.404744 0.229225 -0.354972 0.672904 0.287760 0.104190 0.673453 1.159276 -0.664426 -0.563674 -1.057671 0.007407 -1.028662 0.517708
1776409944.022034 jaka_arm_left success 0.405037 0.229305 -0.355392 0.673804 0.287745 0.104184 0.672560 1.157165 -0.663787 -0.562380 -1.058414 0.009088 -1.025855 0.516049
1776409944.030415 jaka_arm_left success 0.405242 0.229142 -0.355843 0.673862 0.288705 0.103560 0.672186 1.157857 -0.663787 -0.561804 -1.058187 0.009101 -1.025589 0.515507
1776409944.038644 jaka_arm_left success 0.405571 0.228980 -0.356344 0.673724 0.288947 0.102258 0.672420 1.158560 -0.664343 -0.561081 -1.058468 0.009022 -1.025812 0.514712
1776409944.047104 jaka_arm_left success 0.405829 0.228988 -0.356792 0.674461 0.289676 0.102439 0.671340 1.153992 -0.665215 -0.558428 -1.058701 0.011557 -1.020765 0.510273
1776409944.055433 jaka_arm_left success 0.406080 0.228973 -0.357208 0.674937 0.290285 0.101647 0.670718 1.154523 -0.665037 -0.557940 -1.058413 0.011686 -1.020481 0.509912
1776409944.072036 jaka_arm_left success 0.406255 0.228895 -0.357615 0.675147 0.291306 0.100811 0.670190 1.153240 -0.664582 -0.556270 -1.058587 0.012339 -1.019119 0.506540
1776409944.080426 jaka_arm_left success 0.406809 0.228716 -0.358521 0.675707 0.292277 0.099525 0.669394 1.151068 -0.665024 -0.553883 -1.058372 0.013831 -1.016899 0.502727
1776409944.088734 jaka_arm_left success 0.407107 0.228800 -0.358900 0.676485 0.292464 0.099274 0.668564 1.150877 -0.664394 -0.552801 -1.057905 0.015062 -1.016095 0.502331
1776409944.097071 jaka_arm_left success 0.407173 0.228571 -0.359316 0.675607 0.294210 0.097891 0.668890 1.151358 -0.665446 -0.551994 -1.057635 0.013747 -1.015349 0.499240
1776409944.105344 jaka_arm_left success 0.407463 0.228509 -0.359775 0.674809 0.294768 0.097372 0.669525 1.147359 -0.667769 -0.550830 -1.056492 0.014119 -1.014098 0.495029
1776409944.113807 jaka_arm_left success 0.407645 0.228565 -0.360164 0.674396 0.295762 0.096592 0.669615 1.148050 -0.668215 -0.550807 -1.056118 0.012994 -1.013963 0.493778
1776409944.122131 jaka_arm_left success 0.407773 0.228734 -0.360403 0.674324 0.297508 0.095618 0.669054 1.148036 -0.667818 -0.549594 -1.055093 0.012711 -1.013520 0.490787
1776409944.130399 jaka_arm_left success 0.407963 0.228828 -0.360715 0.673677 0.298290 0.094809 0.669473 1.146618 -0.668371 -0.548906 -1.053693 0.012318 -1.014430 0.487798
1776409944.138682 jaka_arm_left success 0.408206 0.229033 -0.361057 0.673006 0.299226 0.094028 0.669840 1.144954 -0.670255 -0.548037 -1.048919 0.012147 -1.017626 0.485051
1776409944.147159 jaka_arm_left success 0.408383 0.229014 -0.361290 0.672050 0.300516 0.093056 0.670358 1.146030 -0.671116 -0.547957 -1.048323 0.010613 -1.017521 0.483415
1776409944.155486 jaka_arm_left success 0.408527 0.229201 -0.361444 0.671966 0.301215 0.091917 0.670285 1.144333 -0.670655 -0.546483 -1.046437 0.011021 -1.019566 0.479710
1776409944.163687 jaka_arm_left success 0.408676 0.229284 -0.361669 0.671439 0.302230 0.091473 0.670417 1.144772 -0.671266 -0.546909 -1.045911 0.009610 -1.019224 0.478675
1776409944.172017 jaka_arm_left success 0.408862 0.229354 -0.361857 0.671234 0.302794 0.090655 0.670479 1.142673 -0.673352 -0.545175 -1.042598 0.010719 -1.020495 0.476091
1776409944.180403 jaka_arm_left success 0.408978 0.229437 -0.361983 0.671347 0.303494 0.090419 0.670081 1.143059 -0.673114 -0.544965 -1.042188 0.010673 -1.020142 0.475836
1776409944.197045 jaka_arm_left success 0.409162 0.229540 -0.362247 0.671088 0.305659 0.089861 0.669431 1.144301 -0.672934 -0.544784 -1.040744 0.009145 -1.018715 0.473791
1776409944.205394 jaka_arm_left success 0.409210 0.229637 -0.362391 0.671175 0.306901 0.089930 0.668767 1.144798 -0.672673 -0.544511 -1.040242 0.009036 -1.018208 0.473385
1776409944.213765 jaka_arm_left success 0.409289 0.229711 -0.362586 0.671434 0.306992 0.088886 0.668604 1.143665 -0.672651 -0.542777 -1.040487 0.009809 -1.017581 0.470356
1776409944.222087 jaka_arm_left success 0.409378 0.229665 -0.362788 0.670837 0.308072 0.088665 0.668736 1.144082 -0.672867 -0.543027 -1.040047 0.008726 -1.017106 0.469387
1776409944.230465 jaka_arm_left success 0.409485 0.229618 -0.363013 0.670066 0.308469 0.087671 0.669457 1.144432 -0.673790 -0.543091 -1.040198 0.007492 -1.017265 0.467961
1776409944.238626 jaka_arm_left success 0.409559 0.229737 -0.363148 0.669995 0.309032 0.087332 0.669312 1.144432 -0.673790 -0.543091 -1.040198 0.007492 -1.017265 0.467961
1776409944.247138 jaka_arm_left success 0.409626 0.229858 -0.363301 0.669575 0.309671 0.086999 0.669480 1.143453 -0.673910 -0.542184 -1.039646 0.007436 -1.017196 0.465314
1776409944.255424 jaka_arm_left success 0.409646 0.229960 -0.363389 0.669319 0.310458 0.086552 0.669430 1.143679 -0.674213 -0.542421 -1.039313 0.006392 -1.016953 0.464255
1776409944.272017 jaka_arm_left success 0.409764 0.230228 -0.363628 0.668919 0.310539 0.085397 0.669941 1.140069 -0.674099 -0.540377 -1.036254 0.007569 -1.020648 0.459285
1776409944.288838 jaka_arm_left success 0.409942 0.230478 -0.363876 0.669515 0.311122 0.085635 0.669043 1.140317 -0.673574 -0.540205 -1.035662 0.007773 -1.020097 0.459333
1776409944.305381 jaka_arm_left success 0.410083 0.230464 -0.364164 0.668953 0.312173 0.085128 0.669182 1.141047 -0.673664 -0.539932 -1.035212 0.007293 -1.019673 0.458582
1776409944.313670 jaka_arm_left success 0.410163 0.230502 -0.364290 0.668712 0.313024 0.085065 0.669033 1.141629 -0.673757 -0.539955 -1.034658 0.006529 -1.019127 0.457806
1776409944.322051 jaka_arm_left success 0.410232 0.230407 -0.364435 0.667737 0.313397 0.084392 0.669917 1.141896 -0.674871 -0.540431 -1.034781 0.005038 -1.019281 0.456730
1776409944.330415 jaka_arm_left success 0.410388 0.230397 -0.364542 0.667303 0.313293 0.084376 0.670400 1.141468 -0.678854 -0.540602 -1.030021 0.004928 -1.021421 0.457737
1776409944.338674 jaka_arm_left success 0.410511 0.230596 -0.364601 0.667677 0.312928 0.084077 0.670235 1.139711 -0.677519 -0.539508 -1.028827 0.006139 -1.023950 0.455840
1776409944.347054 jaka_arm_left success 0.410586 0.230638 -0.364657 0.667641 0.312739 0.083905 0.670380 1.138769 -0.680062 -0.539154 -1.026030 0.006837 -1.024932 0.456351
1776409944.363753 jaka_arm_left success 0.410613 0.230747 -0.364732 0.667685 0.313462 0.084177 0.669965 1.139002 -0.679708 -0.539142 -1.025541 0.006723 -1.024499 0.456207
1776409944.380586 jaka_arm_left success 0.410654 0.230713 -0.364788 0.667005 0.313998 0.083430 0.670484 1.139562 -0.680230 -0.539278 -1.025417 0.005557 -1.024527 0.455060
1776409944.397094 jaka_arm_left success 0.410663 0.230694 -0.364847 0.666742 0.314253 0.083263 0.670647 1.139712 -0.680476 -0.539275 -1.025495 0.005257 -1.024658 0.454729
1776409944.405391 jaka_arm_left success 0.410673 0.230625 -0.364988 0.666099 0.314558 0.082454 0.671243 1.139561 -0.680125 -0.539243 -1.023634 0.004263 -1.027987 0.452714
1776409944.413697 jaka_arm_left success 0.410693 0.230660 -0.365084 0.665894 0.314864 0.082748 0.671267 1.139561 -0.680125 -0.539243 -1.023634 0.004263 -1.027987 0.452714
1776409944.422052 jaka_arm_left success 0.410667 0.230612 -0.365164 0.665430 0.315444 0.082671 0.671463 1.139876 -0.680657 -0.539773 -1.023066 0.003179 -1.027575 0.452299
1776409944.430410 jaka_arm_left success 0.410684 0.230620 -0.365258 0.665427 0.315380 0.082352 0.671536 1.140039 -0.680841 -0.539610 -1.023135 0.003188 -1.027671 0.452179
1776409944.438660 jaka_arm_left success 0.410721 0.230471 -0.365395 0.664800 0.315508 0.082228 0.672112 1.141564 -0.684261 -0.540286 -1.019869 0.002329 -1.029283 0.454313
1776409944.447043 jaka_arm_left success 0.410752 0.230387 -0.365501 0.664832 0.315446 0.082197 0.672113 1.141564 -0.684261 -0.540286 -1.019869 0.002329 -1.029283 0.454313
1776409944.455391 jaka_arm_left success 0.410770 0.230244 -0.365622 0.664848 0.315524 0.082352 0.672042 1.141564 -0.684261 -0.540286 -1.019869 0.002329 -1.029283 0.454313
1776409944.463706 jaka_arm_left success 0.410771 0.230058 -0.365707 0.665100 0.315467 0.081971 0.671866 1.141564 -0.684261 -0.540286 -1.019869 0.002329 -1.029283 0.454313
1776409944.472077 jaka_arm_left success 0.410833 0.229876 -0.365842 0.665876 0.315214 0.082153 0.671193 1.141390 -0.683772 -0.539250 -1.019661 0.003976 -1.029060 0.454829
1776409944.488767 jaka_arm_left success 0.410940 0.229127 -0.366004 0.666981 0.315709 0.082700 0.669794 1.138643 -0.685963 -0.537402 -1.018913 0.006260 -1.023812 0.453529
1776409944.497097 jaka_arm_left success 0.410790 0.228495 -0.366040 0.667398 0.317624 0.082933 0.668443 1.137587 -0.681578 -0.536625 -1.028852 0.006195 -1.013266 0.449630
1776409944.505312 jaka_arm_left success 0.410903 0.227947 -0.366107 0.668095 0.318281 0.083525 0.667360 1.138979 -0.681567 -0.536873 -1.033557 0.006290 -1.006636 0.451365
1776409944.513761 jaka_arm_left success 0.410970 0.227440 -0.366154 0.669572 0.319475 0.085022 0.665117 1.139168 -0.676634 -0.536196 -1.049754 0.007222 -0.987875 0.450194
1776409944.522152 jaka_arm_left success 0.411044 0.226782 -0.366285 0.670452 0.320925 0.086400 0.663352 1.146703 -0.673040 -0.538781 -1.063627 0.004775 -0.973753 0.455837
1776409944.530433 jaka_arm_left success 0.411237 0.226243 -0.366416 0.671904 0.321136 0.087380 0.661651 1.144151 -0.672590 -0.537443 -1.064737 0.007296 -0.969309 0.455381
1776409944.547081 jaka_arm_left success 0.411262 0.224828 -0.366611 0.673496 0.324231 0.090094 0.658149 1.149410 -0.661971 -0.539658 -1.097333 0.005019 -0.935706 0.456319
1776409944.555582 jaka_arm_left success 0.411335 0.224288 -0.366746 0.674629 0.324337 0.090523 0.656876 1.149140 -0.663866 -0.538583 -1.098368 0.006769 -0.930786 0.457557
1776409944.563695 jaka_arm_left success 0.411441 0.223587 -0.366844 0.674747 0.325220 0.091378 0.656200 1.151185 -0.662055 -0.539966 -1.110643 0.005257 -0.917701 0.458570
1776409944.580334 jaka_arm_left success 0.411513 0.222589 -0.366923 0.675398 0.326670 0.092408 0.654664 1.152778 -0.660155 -0.540042 -1.119077 0.004998 -0.907099 0.458927
1776409944.588727 jaka_arm_left success 0.411601 0.222258 -0.366944 0.675753 0.326787 0.093079 0.654144 1.153735 -0.660501 -0.540636 -1.121366 0.005189 -0.903080 0.461090
1776409944.597073 jaka_arm_left success 0.411607 0.221945 -0.366894 0.675930 0.327668 0.094070 0.653378 1.155751 -0.659849 -0.541768 -1.128352 0.004298 -0.894235 0.462955
1776409944.605361 jaka_arm_left success 0.411630 0.221731 -0.366865 0.675768 0.328304 0.094980 0.653095 1.159985 -0.655310 -0.544180 -1.135074 0.001644 -0.890816 0.464798
1776409944.613690 jaka_arm_left success 0.411631 0.221595 -0.366840 0.675366 0.329013 0.096307 0.652960 1.161704 -0.657660 -0.546093 -1.137801 0.000514 -0.884507 0.468221
1776409944.622043 jaka_arm_left success 0.411607 0.221419 -0.366799 0.673967 0.330057 0.097480 0.653704 1.166703 -0.658243 -0.550000 -1.139852 -0.003500 -0.882640 0.472397
1776409944.630467 jaka_arm_left success 0.411599 0.221424 -0.366745 0.672819 0.331186 0.099864 0.653955 1.174908 -0.656841 -0.555672 -1.146773 -0.008515 -0.876917 0.479787
1776409944.638633 jaka_arm_left success 0.411540 0.221519 -0.366666 0.672044 0.332042 0.100777 0.654177 1.175897 -0.658119 -0.557455 -1.148477 -0.010287 -0.873015 0.481094
1776409944.647150 jaka_arm_left success 0.411409 0.221608 -0.366552 0.670632 0.333603 0.101826 0.654671 1.182051 -0.657620 -0.561682 -1.151688 -0.014903 -0.870493 0.485287
1776409944.655445 jaka_arm_left success 0.411489 0.222063 -0.366413 0.669982 0.334095 0.103864 0.654765 1.185437 -0.657910 -0.565264 -1.154241 -0.017448 -0.866938 0.489838
1776409944.672102 jaka_arm_left success 0.411475 0.222938 -0.366227 0.667777 0.335395 0.105277 0.656125 1.191582 -0.656584 -0.570694 -1.155555 -0.023194 -0.868467 0.493859
1776409944.680377 jaka_arm_left success 0.411516 0.223471 -0.366192 0.666328 0.335798 0.105279 0.657391 1.191504 -0.657382 -0.571807 -1.155692 -0.024984 -0.868661 0.493054
1776409944.688766 jaka_arm_left success 0.411430 0.223950 -0.366107 0.664196 0.336942 0.105275 0.658962 1.198058 -0.657845 -0.576296 -1.154747 -0.030432 -0.873244 0.496725
1776409944.697107 jaka_arm_left success 0.411394 0.224619 -0.366032 0.662965 0.337555 0.105547 0.659844 1.197940 -0.658500 -0.577134 -1.154865 -0.031766 -0.873439 0.496114
1776409944.705422 jaka_arm_left success 0.411379 0.225356 -0.365939 0.661640 0.338181 0.106074 0.660768 1.203376 -0.658385 -0.581215 -1.152575 -0.036021 -0.877948 0.499997
1776409944.713673 jaka_arm_left success 0.411214 0.225866 -0.365795 0.659516 0.340248 0.106494 0.661763 1.204536 -0.659270 -0.583027 -1.151466 -0.039481 -0.877367 0.498685
1776409944.722095 jaka_arm_left success 0.411130 0.226605 -0.365700 0.658259 0.340889 0.106851 0.662626 1.210628 -0.659746 -0.586930 -1.149740 -0.043587 -0.881588 0.503147
1776409944.730389 jaka_arm_left success 0.411090 0.227418 -0.365643 0.657022 0.341685 0.108406 0.663190 1.212502 -0.660717 -0.589969 -1.148517 -0.046216 -0.882125 0.505691
1776409944.738617 jaka_arm_left success 0.410800 0.228150 -0.365495 0.655710 0.343351 0.108683 0.663583 1.214610 -0.660566 -0.591852 -1.147556 -0.049222 -0.882312 0.505557
1776409944.747091 jaka_arm_left success 0.410656 0.229002 -0.365375 0.654920 0.344414 0.110119 0.663576 1.221672 -0.659943 -0.596038 -1.146967 -0.053001 -0.883855 0.511452
1776409944.763708 jaka_arm_left success 0.410033 0.230525 -0.365169 0.652435 0.347668 0.112108 0.663993 1.231138 -0.658802 -0.602793 -1.149186 -0.060788 -0.882608 0.516984
1776409944.771973 jaka_arm_left success 0.409816 0.231422 -0.365031 0.651962 0.348253 0.112856 0.664025 1.234042 -0.655529 -0.605134 -1.152082 -0.063304 -0.881931 0.518046
1776409944.780688 jaka_arm_left success 0.409485 0.232155 -0.364969 0.650929 0.349620 0.114042 0.664117 1.239750 -0.655546 -0.608971 -1.155428 -0.067071 -0.878328 0.522815
1776409944.788758 jaka_arm_left success 0.409105 0.233115 -0.364797 0.650642 0.350619 0.114964 0.663712 1.242674 -0.651321 -0.611092 -1.159217 -0.069659 -0.877105 0.523136
1776409944.797063 jaka_arm_left success 0.408716 0.233684 -0.364770 0.648513 0.352209 0.116591 0.664669 1.250013 -0.653983 -0.616542 -1.160500 -0.075140 -0.875026 0.529785
1776409944.805316 jaka_arm_left success 0.408343 0.234829 -0.364596 0.649401 0.352151 0.117681 0.663641 1.252025 -0.647839 -0.617974 -1.165595 -0.075964 -0.872931 0.530530
1776409944.813731 jaka_arm_left success 0.408010 0.235667 -0.364594 0.648482 0.352215 0.119162 0.664242 1.254326 -0.649377 -0.620925 -1.165370 -0.078133 -0.872936 0.534128
1776409944.822088 jaka_arm_left success 0.407602 0.236690 -0.364534 0.648264 0.352736 0.121065 0.663833 1.260672 -0.648268 -0.625162 -1.165733 -0.081162 -0.873439 0.540542
1776409944.830457 jaka_arm_left success 0.407099 0.237601 -0.364445 0.647502 0.353427 0.121701 0.664093 1.264442 -0.645634 -0.627791 -1.167373 -0.084029 -0.874567 0.542199
1776409944.838638 jaka_arm_left success 0.406769 0.238544 -0.364430 0.647087 0.353770 0.123976 0.663894 1.269448 -0.646744 -0.631898 -1.168184 -0.086631 -0.872600 0.548970
1776409944.855378 jaka_arm_left success 0.406038 0.240374 -0.364454 0.645386 0.354061 0.125244 0.665155 1.273990 -0.644042 -0.636491 -1.168144 -0.091411 -0.877416 0.551104
1776409944.863714 jaka_arm_left success 0.405625 0.241429 -0.364448 0.645096 0.354345 0.125666 0.665206 1.275040 -0.643361 -0.637231 -1.167650 -0.092087 -0.877721 0.551785
1776409944.872023 jaka_arm_left success 0.405270 0.242154 -0.364538 0.643360 0.355312 0.126198 0.666270 1.282185 -0.643462 -0.642133 -1.166479 -0.097253 -0.882756 0.556610
1776409944.880342 jaka_arm_left success 0.404811 0.242981 -0.364555 0.642189 0.356504 0.126585 0.666689 1.283095 -0.643682 -0.642907 -1.165851 -0.098958 -0.882483 0.555972
1776409944.888878 jaka_arm_left success 0.404398 0.243990 -0.364550 0.642506 0.356931 0.127689 0.665945 1.287072 -0.641551 -0.644898 -1.165549 -0.100317 -0.884150 0.559195
1776409944.897141 jaka_arm_left success 0.404021 0.244903 -0.364586 0.642114 0.357790 0.129252 0.665560 1.293257 -0.641257 -0.648924 -1.165672 -0.103709 -0.884071 0.564946
1776409944.905387 jaka_arm_left success 0.403556 0.245693 -0.364603 0.641394 0.359038 0.130575 0.665324 1.299732 -0.639388 -0.652956 -1.168806 -0.107840 -0.882709 0.569334
1776409944.913667 jaka_arm_left success 0.403250 0.246582 -0.364613 0.641053 0.359943 0.132616 0.664760 1.307173 -0.636377 -0.657952 -1.177854 -0.112015 -0.875433 0.576071
1776409944.922031 jaka_arm_left success 0.402710 0.247506 -0.364600 0.640713 0.362631 0.135230 0.663097 1.315668 -0.632756 -0.664202 -1.190573 -0.117980 -0.861897 0.583102
1776409944.930418 jaka_arm_left success 0.402307 0.248381 -0.364633 0.639499 0.364753 0.137714 0.662594 1.322621 -0.632412 -0.669499 -1.192931 -0.123220 -0.858409 0.588682
1776409944.947168 jaka_arm_left success 0.401230 0.249937 -0.364531 0.636889 0.371244 0.142336 0.660523 1.346389 -0.624157 -0.685587 -1.222175 -0.140753 -0.832048 0.604144
1776409944.955483 jaka_arm_left success 0.400852 0.250938 -0.364537 0.635722 0.373249 0.144710 0.660001 1.350759 -0.625183 -0.689999 -1.223230 -0.144576 -0.828225 0.608932
1776409944.963712 jaka_arm_left success 0.400431 0.251961 -0.364504 0.634706 0.375722 0.146564 0.659166 1.360925 -0.621644 -0.696571 -1.232193 -0.151297 -0.821675 0.615391
1776409944.980481 jaka_arm_left success 0.399558 0.254021 -0.364312 0.631119 0.379711 0.147836 0.660040 1.369994 -0.620624 -0.703944 -1.234220 -0.160745 -0.820834 0.618372
1776409944.988838 jaka_arm_left success 0.399341 0.254960 -0.364252 0.628244 0.380966 0.148503 0.661907 1.375192 -0.622475 -0.708733 -1.233600 -0.166251 -0.824146 0.621131
1776409944.997099 jaka_arm_left success 0.398960 0.256160 -0.364102 0.626515 0.382539 0.148665 0.662602 1.378589 -0.621415 -0.711583 -1.232998 -0.170330 -0.826364 0.621009
1776409945.005365 jaka_arm_left success 0.398674 0.257090 -0.363958 0.623714 0.384053 0.148450 0.664415 1.382335 -0.622706 -0.714525 -1.232214 -0.174884 -0.829695 0.621214
1776409945.013691 jaka_arm_left success 0.398385 0.258386 -0.363853 0.621884 0.385152 0.148277 0.665532 1.388197 -0.621251 -0.717863 -1.230302 -0.179298 -0.836696 0.622237
1776409945.022033 jaka_arm_left success 0.397980 0.259407 -0.363705 0.619209 0.386796 0.147569 0.667227 1.390869 -0.622609 -0.719961 -1.228784 -0.183442 -0.839607 0.621131
1776409945.030432 jaka_arm_left success 0.397858 0.260501 -0.363637 0.617251 0.387137 0.147601 0.668835 1.396248 -0.623507 -0.723153 -1.223344 -0.186967 -0.849937 0.623289
1776409945.038665 jaka_arm_left success 0.397651 0.261464 -0.363480 0.614760 0.388466 0.147095 0.670468 1.398148 -0.624388 -0.724907 -1.220173 -0.190488 -0.854894 0.621602
1776409945.047011 jaka_arm_left success 0.397405 0.262620 -0.363313 0.613468 0.389040 0.147150 0.671307 1.400475 -0.624249 -0.726485 -1.215631 -0.192594 -0.862033 0.621385
1776409945.055359 jaka_arm_left success 0.397223 0.263446 -0.363132 0.610969 0.390011 0.147156 0.673018 1.402407 -0.627951 -0.728399 -1.208234 -0.195336 -0.870351 0.621650
1776409945.072069 jaka_arm_left success 0.396644 0.264968 -0.362549 0.607008 0.392638 0.147672 0.674959 1.406926 -0.629352 -0.732670 -1.205624 -0.202096 -0.874343 0.621128
1776409945.080302 jaka_arm_left success 0.396387 0.265926 -0.362266 0.606441 0.392999 0.148967 0.674974 1.408603 -0.629041 -0.735285 -1.203953 -0.203917 -0.875708 0.623356
1776409945.088730 jaka_arm_left success 0.396054 0.266413 -0.361882 0.603671 0.394984 0.149533 0.676172 1.414434 -0.631600 -0.739101 -1.202699 -0.209310 -0.878568 0.625698
1776409945.097206 jaka_arm_left success 0.395682 0.267162 -0.361560 0.602601 0.396268 0.151497 0.675938 1.419782 -0.632547 -0.743550 -1.202529 -0.213142 -0.878480 0.630996
1776409945.105402 jaka_arm_left success 0.395373 0.267994 -0.361237 0.602030 0.396506 0.153228 0.675917 1.425305 -0.630539 -0.747828 -1.204954 -0.216485 -0.879040 0.635677
1776409945.113663 jaka_arm_left success 0.395056 0.268457 -0.360906 0.599902 0.397715 0.154329 0.676847 1.429662 -0.632868 -0.751892 -1.206209 -0.220846 -0.878265 0.639489
1776409945.122084 jaka_arm_left success 0.394592 0.269177 -0.360572 0.598996 0.398361 0.154298 0.677278 1.432992 -0.629259 -0.753928 -1.209149 -0.223781 -0.879405 0.638962
1776409945.130373 jaka_arm_left success 0.394380 0.269804 -0.360313 0.598084 0.398232 0.156221 0.677718 1.435592 -0.631589 -0.757345 -1.208844 -0.226021 -0.879477 0.643651
1776409945.138636 jaka_arm_left success 0.393906 0.270424 -0.359977 0.596626 0.399404 0.156649 0.678214 1.441645 -0.630129 -0.760913 -1.210354 -0.230195 -0.881756 0.646113
1776409945.147100 jaka_arm_left success 0.393708 0.271151 -0.359744 0.596661 0.398461 0.157878 0.678454 1.440862 -0.629764 -0.761634 -1.210397 -0.230006 -0.881970 0.646849
1776409945.163716 jaka_arm_left success 0.392897 0.272317 -0.359201 0.594963 0.399277 0.159329 0.679125 1.449259 -0.630131 -0.767364 -1.209869 -0.235034 -0.886473 0.653355
1776409945.172002 jaka_arm_left success 0.392509 0.272776 -0.358945 0.593815 0.399727 0.159990 0.679710 1.453145 -0.629615 -0.770420 -1.211432 -0.238244 -0.887681 0.655563
1776409945.180405 jaka_arm_left success 0.392197 0.273563 -0.358733 0.594466 0.398742 0.161062 0.679466 1.452532 -0.628535 -0.770672 -1.211558 -0.237038 -0.887928 0.656936
1776409945.188717 jaka_arm_left success 0.391825 0.274012 -0.358522 0.593881 0.398750 0.162008 0.679748 1.456760 -0.628211 -0.773754 -1.211819 -0.239528 -0.890054 0.660432
1776409945.197076 jaka_arm_left success 0.391326 0.274495 -0.358200 0.593406 0.399320 0.163052 0.679578 1.462164 -0.627376 -0.776970 -1.214011 -0.242444 -0.889851 0.664536
1776409945.205357 jaka_arm_left success 0.390877 0.274970 -0.357947 0.593125 0.399590 0.163944 0.679450 1.466623 -0.624709 -0.779862 -1.218912 -0.245142 -0.887758 0.667457
1776409945.213677 jaka_arm_left success 0.390508 0.275627 -0.357707 0.593736 0.399072 0.165406 0.678866 1.467135 -0.624028 -0.781115 -1.219436 -0.245015 -0.886770 0.669933
1776409945.222099 jaka_arm_left success 0.390003 0.276074 -0.357510 0.593229 0.399566 0.167034 0.678621 1.472981 -0.624711 -0.785224 -1.221760 -0.248144 -0.885870 0.676157
1776409945.230415 jaka_arm_left success 0.389558 0.276560 -0.357301 0.593407 0.399280 0.168092 0.678372 1.476594 -0.620811 -0.787932 -1.225953 -0.250164 -0.885379 0.678419
1776409945.238636 jaka_arm_left success 0.389199 0.276935 -0.357114 0.592723 0.399235 0.169311 0.678693 1.478725 -0.623042 -0.790277 -1.226260 -0.251635 -0.884561 0.682414
1776409945.255375 jaka_arm_left success 0.388223 0.278067 -0.356805 0.593179 0.398822 0.170746 0.678178 1.485366 -0.618834 -0.794036 -1.229106 -0.254088 -0.886366 0.687143
1776409945.272054 jaka_arm_left success 0.387370 0.279079 -0.356515 0.593243 0.398212 0.172059 0.678149 1.488555 -0.617442 -0.796396 -1.229912 -0.255203 -0.888070 0.690480
1776409945.280346 jaka_arm_left success 0.386919 0.279683 -0.356364 0.593702 0.397894 0.173087 0.677671 1.490422 -0.616188 -0.798000 -1.230883 -0.255843 -0.888307 0.692791
1776409945.288694 jaka_arm_left success 0.386435 0.279983 -0.356202 0.592973 0.398425 0.174043 0.677754 1.495614 -0.616806 -0.801175 -1.232466 -0.258662 -0.888163 0.697389
1776409945.297075 jaka_arm_left success 0.385971 0.280605 -0.356035 0.594537 0.397543 0.175145 0.676617 1.497700 -0.610700 -0.802830 -1.237867 -0.259148 -0.885616 0.698784
1776409945.305391 jaka_arm_left success 0.385377 0.280838 -0.355835 0.593691 0.399267 0.176126 0.676090 1.506648 -0.611025 -0.807545 -1.246060 -0.264150 -0.879358 0.706225
1776409945.313659 jaka_arm_left success 0.384886 0.281318 -0.355650 0.594278 0.399464 0.178044 0.674953 1.509190 -0.610294 -0.810688 -1.248867 -0.266003 -0.874816 0.710759
1776409945.322143 jaka_arm_left success 0.384411 0.281965 -0.355466 0.596278 0.398617 0.179739 0.673239 1.512852 -0.602601 -0.813188 -1.256557 -0.266768 -0.870814 0.713744
1776409945.330428 jaka_arm_left success 0.383814 0.282245 -0.355249 0.596664 0.399287 0.181133 0.672126 1.520634 -0.603152 -0.817717 -1.265349 -0.270047 -0.862468 0.723114
1776409945.347049 jaka_arm_left success 0.382712 0.283172 -0.354671 0.599641 0.399212 0.185335 0.668364 1.532172 -0.596025 -0.826633 -1.283202 -0.275282 -0.846253 0.737368
1776409945.355413 jaka_arm_left success 0.382125 0.283473 -0.354351 0.600505 0.399566 0.187489 0.666774 1.536842 -0.590443 -0.830847 -1.290353 -0.278527 -0.840753 0.740984
1776409945.363726 jaka_arm_left success 0.381495 0.283804 -0.354044 0.601234 0.399341 0.189223 0.665762 1.543214 -0.589900 -0.834614 -1.296248 -0.280283 -0.835818 0.749087
1776409945.380366 jaka_arm_left success 0.380172 0.284785 -0.353321 0.604221 0.398360 0.193629 0.662369 1.555228 -0.583498 -0.843710 -1.310321 -0.284276 -0.825016 0.764371
1776409945.388770 jaka_arm_left success 0.379477 0.285119 -0.352949 0.605112 0.397890 0.195289 0.661351 1.558411 -0.578812 -0.846371 -1.317074 -0.286176 -0.820765 0.766638
1776409945.397087 jaka_arm_left success 0.378799 0.285860 -0.352580 0.607601 0.396030 0.197397 0.659557 1.560266 -0.577028 -0.847903 -1.318155 -0.284093 -0.819112 0.772710
1776409945.405324 jaka_arm_left success 0.378052 0.286241 -0.352192 0.608654 0.394995 0.198519 0.658870 1.564826 -0.572779 -0.851005 -1.322204 -0.285490 -0.819469 0.776422
1776409945.413852 jaka_arm_left success 0.377211 0.286833 -0.351840 0.610810 0.393292 0.200371 0.657331 1.567408 -0.570825 -0.852477 -1.324831 -0.283958 -0.817039 0.782175
1776409945.422056 jaka_arm_left success 0.376431 0.287428 -0.351471 0.612832 0.390860 0.202553 0.656230 1.571091 -0.567192 -0.855277 -1.327460 -0.283163 -0.817586 0.788218
1776409945.430400 jaka_arm_left success 0.375635 0.288025 -0.351110 0.615316 0.387974 0.204419 0.655039 1.573032 -0.563518 -0.856903 -1.329713 -0.281099 -0.818131 0.793213
1776409945.438722 jaka_arm_left success 0.374740 0.288411 -0.350722 0.616999 0.386553 0.206997 0.653484 1.583126 -0.560115 -0.863859 -1.338541 -0.284069 -0.813863 0.805236
1776409945.446989 jaka_arm_left success 0.373763 0.288911 -0.350364 0.619176 0.385071 0.209895 0.651372 1.588960 -0.557820 -0.868552 -1.346574 -0.285025 -0.806095 0.815151
1776409945.455418 jaka_arm_left success 0.372858 0.289473 -0.349955 0.621834 0.382896 0.212895 0.649145 1.595059 -0.551258 -0.872940 -1.351760 -0.285788 -0.804304 0.822031
1776409945.472049 jaka_arm_left success 0.370983 0.290572 -0.349271 0.627174 0.378896 0.218349 0.644527 1.609008 -0.541728 -0.883658 -1.372011 -0.288096 -0.789196 0.842478
1776409945.480454 jaka_arm_left success 0.369911 0.291193 -0.348946 0.629846 0.377224 0.220892 0.642030 1.612459 -0.539780 -0.886070 -1.372685 -0.286858 -0.787301 0.849385
1776409945.488682 jaka_arm_left success 0.368857 0.291847 -0.348646 0.632327 0.375373 0.223008 0.639942 1.620267 -0.532258 -0.890953 -1.379832 -0.288445 -0.785376 0.856393
1776409945.497099 jaka_arm_left success 0.367853 0.292603 -0.348395 0.635192 0.373058 0.225237 0.637673 1.623827 -0.530837 -0.893865 -1.384475 -0.286926 -0.779996 0.865370
1776409945.505330 jaka_arm_left success 0.366835 0.293489 -0.348157 0.638652 0.370222 0.227206 0.635167 1.627646 -0.521656 -0.896515 -1.389445 -0.286019 -0.779107 0.869270
1776409945.513719 jaka_arm_left success 0.365765 0.294380 -0.347946 0.642095 0.367142 0.228954 0.632852 1.630598 -0.517785 -0.897589 -1.391277 -0.282883 -0.777922 0.875662
1776409945.522105 jaka_arm_left success 0.364682 0.295113 -0.347789 0.644497 0.364746 0.230375 0.631278 1.631034 -0.514485 -0.897900 -1.391958 -0.280189 -0.778426 0.878644
1776409945.530458 jaka_arm_left success 0.363524 0.295966 -0.347622 0.647795 0.361802 0.232355 0.628866 1.638467 -0.507452 -0.901434 -1.395213 -0.279556 -0.779776 0.886204
1776409945.538699 jaka_arm_left success 0.362242 0.296638 -0.347513 0.649816 0.360128 0.234027 0.627119 1.647559 -0.504711 -0.906732 -1.402564 -0.281329 -0.776093 0.896782
1776409945.547100 jaka_arm_left success 0.361128 0.297652 -0.347460 0.652765 0.357280 0.237140 0.624510 1.652081 -0.500408 -0.910320 -1.404812 -0.280355 -0.774760 0.904579
1776409945.563774 jaka_arm_left success 0.358635 0.299197 -0.347461 0.657092 0.353509 0.242703 0.619965 1.670326 -0.492857 -0.922447 -1.414022 -0.283839 -0.772095 0.926069
1776409945.572235 jaka_arm_left success 0.357389 0.300174 -0.347481 0.659949 0.351580 0.245862 0.616774 1.676296 -0.490967 -0.927980 -1.422019 -0.284591 -0.761983 0.937802
1776409945.580387 jaka_arm_left success 0.356164 0.301088 -0.347579 0.662659 0.349538 0.248817 0.613837 1.688361 -0.484816 -0.935217 -1.427478 -0.287565 -0.760860 0.949119
1776409945.588707 jaka_arm_left success 0.354923 0.301995 -0.347667 0.665057 0.347987 0.252105 0.610776 1.696339 -0.482829 -0.942315 -1.435954 -0.289841 -0.751602 0.961846
1776409945.597093 jaka_arm_left success 0.353588 0.302963 -0.347788 0.668136 0.346476 0.254401 0.607313 1.706704 -0.472982 -0.948576 -1.444094 -0.293231 -0.747395 0.969144
1776409945.605372 jaka_arm_left success 0.352359 0.303872 -0.347928 0.670852 0.344658 0.256529 0.604451 1.712435 -0.472443 -0.951829 -1.447787 -0.291964 -0.742440 0.979591
1776409945.613686 jaka_arm_left success 0.351179 0.304916 -0.348137 0.674003 0.342257 0.258493 0.601466 1.719615 -0.464191 -0.956471 -1.452134 -0.293194 -0.741146 0.985604
1776409945.622069 jaka_arm_left success 0.349889 0.305785 -0.348448 0.676127 0.341194 0.260659 0.598746 1.729336 -0.464131 -0.962725 -1.457794 -0.295492 -0.735026 0.998200
1776409945.630392 jaka_arm_left success 0.348644 0.306658 -0.348803 0.678565 0.339292 0.262051 0.596456 1.729671 -0.460731 -0.962702 -1.457280 -0.292725 -0.734399 1.000787
1776409945.638659 jaka_arm_left success 0.347311 0.307732 -0.349188 0.681624 0.337011 0.263637 0.593555 1.741993 -0.453183 -0.968843 -1.461339 -0.294992 -0.735963 1.010340
1776409945.655533 jaka_arm_left success 0.344615 0.309761 -0.350137 0.685971 0.333503 0.266578 0.589199 1.756867 -0.446698 -0.976905 -1.466079 -0.296519 -0.734980 1.026028
1776409945.663732 jaka_arm_left success 0.343244 0.310729 -0.350703 0.687805 0.331716 0.268054 0.587397 1.756657 -0.444487 -0.977046 -1.465373 -0.294183 -0.734419 1.028361
1776409945.672038 jaka_arm_left success 0.341829 0.311739 -0.351315 0.689506 0.330322 0.269548 0.585502 1.767867 -0.443484 -0.982223 -1.465286 -0.296135 -0.737212 1.038774
1776409945.688696 jaka_arm_left success 0.338998 0.314042 -0.352716 0.693451 0.327023 0.273107 0.581028 1.783052 -0.437959 -0.990584 -1.465421 -0.297789 -0.740024 1.054478
1776409945.697101 jaka_arm_left success 0.337653 0.314953 -0.353582 0.694112 0.325895 0.274299 0.580311 1.785074 -0.439635 -0.991934 -1.464302 -0.296712 -0.740689 1.059526
1776409945.705388 jaka_arm_left success 0.336217 0.315970 -0.354410 0.695477 0.325125 0.275477 0.578547 1.792057 -0.439634 -0.994891 -1.462174 -0.297361 -0.743451 1.066444
1776409945.713791 jaka_arm_left success 0.334823 0.316831 -0.355359 0.696341 0.324867 0.276698 0.577069 1.797222 -0.439354 -0.997504 -1.460976 -0.298254 -0.744618 1.071646
1776409945.722078 jaka_arm_left success 0.333547 0.317766 -0.356333 0.697412 0.324442 0.277471 0.575642 1.805176 -0.438546 -1.000935 -1.459901 -0.299973 -0.747274 1.078077
1776409945.730425 jaka_arm_left success 0.332316 0.318712 -0.357361 0.698398 0.324148 0.277819 0.574443 1.808324 -0.436865 -1.001809 -1.459140 -0.300321 -0.747706 1.079972
1776409945.747080 jaka_arm_left success 0.329900 0.320458 -0.359527 0.700401 0.324506 0.277177 0.572108 1.817841 -0.434141 -1.003567 -1.455826 -0.301331 -0.752500 1.084874
1776409945.755458 jaka_arm_left success 0.328725 0.321219 -0.360680 0.701148 0.324959 0.276426 0.571298 1.821877 -0.431948 -1.003964 -1.454973 -0.302496 -0.753856 1.085227
1776409945.763753 jaka_arm_left success 0.327596 0.322086 -0.361821 0.702411 0.325202 0.275822 0.569899 1.823257 -0.430862 -1.002659 -1.454429 -0.301301 -0.753175 1.085599
1776409945.780618 jaka_arm_left success 0.325316 0.323615 -0.364277 0.704759 0.326058 0.273638 0.567559 1.829163 -0.426438 -1.001269 -1.451882 -0.301341 -0.755768 1.085047
1776409945.788937 jaka_arm_left success 0.324022 0.324292 -0.365490 0.706111 0.326845 0.272228 0.566102 1.831366 -0.425274 -0.999729 -1.450771 -0.300782 -0.754853 1.084805
1776409945.797081 jaka_arm_left success 0.322798 0.324836 -0.366848 0.706508 0.327339 0.271848 0.565504 1.836750 -0.425608 -1.000289 -1.447395 -0.301400 -0.758841 1.087569
1776409945.805494 jaka_arm_left success 0.321705 0.325506 -0.368219 0.707962 0.326415 0.271454 0.564408 1.837479 -0.424329 -0.999120 -1.447634 -0.299397 -0.759141 1.088480
1776409945.813661 jaka_arm_left success 0.320489 0.326113 -0.369634 0.709202 0.326159 0.272028 0.562720 1.840824 -0.425534 -0.999860 -1.443699 -0.298762 -0.760648 1.092732
1776409945.822136 jaka_arm_left success 0.319218 0.326403 -0.371185 0.709268 0.326868 0.271994 0.562242 1.845215 -0.428470 -1.000156 -1.440059 -0.299137 -0.763085 1.096246
1776409945.838783 jaka_arm_left success 0.316601 0.326980 -0.374211 0.711018 0.327351 0.271861 0.559809 1.851313 -0.431399 -1.000141 -1.435569 -0.298210 -0.764738 1.102334
1776409945.847034 jaka_arm_left success 0.315273 0.327089 -0.375788 0.711261 0.328277 0.272276 0.558755 1.854773 -0.433378 -1.000559 -1.433531 -0.298761 -0.765030 1.105203
1776409945.855396 jaka_arm_left success 0.313941 0.327249 -0.377319 0.712235 0.328762 0.272399 0.557167 1.859119 -0.435545 -1.001656 -1.431470 -0.298980 -0.764828 1.110203
1776409945.872018 jaka_arm_left success 0.311265 0.327299 -0.380496 0.712920 0.329855 0.271996 0.555841 1.867420 -0.439784 -1.002794 -1.428566 -0.299958 -0.766949 1.117146
1776409945.880453 jaka_arm_left success 0.309846 0.327307 -0.382123 0.713241 0.330520 0.271470 0.555290 1.868979 -0.439885 -1.001979 -1.427806 -0.299860 -0.766358 1.117313
1776409945.888700 jaka_arm_left success 0.308407 0.327433 -0.383668 0.714267 0.330401 0.270587 0.554473 1.873408 -0.442000 -1.001583 -1.425865 -0.299033 -0.768093 1.121243
1776409945.897100 jaka_arm_left success 0.307003 0.327392 -0.385353 0.714556 0.330110 0.270031 0.554545 1.878217 -0.445008 -1.001451 -1.422605 -0.297956 -0.772904 1.125835
1776409945.905398 jaka_arm_left success 0.305501 0.327133 -0.387148 0.713936 0.330483 0.269799 0.555234 1.880436 -0.448037 -1.000883 -1.421145 -0.298238 -0.775421 1.126846
1776409945.913747 jaka_arm_left success 0.304020 0.327002 -0.388878 0.714115 0.330402 0.269049 0.555416 1.884111 -0.452079 -1.000100 -1.416107 -0.296686 -0.781038 1.130723
1776409945.922117 jaka_arm_left success 0.302568 0.326843 -0.390644 0.714076 0.330440 0.269406 0.555271 1.885852 -0.454864 -0.999797 -1.413442 -0.296062 -0.782899 1.133049
1776409945.930643 jaka_arm_left success 0.301073 0.326710 -0.392407 0.714373 0.330132 0.269214 0.555166 1.889051 -0.459019 -0.999176 -1.406641 -0.294039 -0.790164 1.137181
1776409945.938626 jaka_arm_left success 0.299508 0.326317 -0.394318 0.713533 0.330759 0.269603 0.555683 1.891629 -0.466137 -0.998889 -1.402268 -0.293621 -0.793006 1.141468
1776409945.947100 jaka_arm_left success 0.297959 0.326094 -0.396252 0.713491 0.330638 0.270083 0.555576 1.894111 -0.471300 -0.998882 -1.397711 -0.292294 -0.796521 1.146314
1776409945.963729 jaka_arm_left success 0.295018 0.325535 -0.399967 0.713418 0.331280 0.270369 0.555147 1.900343 -0.480214 -0.998404 -1.386972 -0.290502 -0.806146 1.153806
1776409945.972078 jaka_arm_left success 0.293505 0.325359 -0.401850 0.713812 0.331633 0.270706 0.554266 1.902354 -0.484580 -0.997703 -1.383232 -0.289471 -0.806328 1.157357
1776409945.980504 jaka_arm_left success 0.292005 0.325045 -0.403832 0.713969 0.331805 0.270673 0.553976 1.904299 -0.488370 -0.996897 -1.380391 -0.288018 -0.807962 1.160737
1776409945.988732 jaka_arm_left success 0.290521 0.324800 -0.405795 0.714000 0.332219 0.271079 0.553489 1.906944 -0.494390 -0.996912 -1.376067 -0.287377 -0.809914 1.165492
1776409945.997072 jaka_arm_left success 0.289109 0.324374 -0.407849 0.713250 0.332976 0.271137 0.553973 1.909687 -0.499900 -0.996567 -1.370236 -0.286686 -0.815380 1.168889
1776409946.013679 jaka_arm_left success 0.287729 0.323812 -0.409928 0.711876 0.334212 0.270585 0.555265 1.911140 -0.507068 -0.994743 -1.360289 -0.285456 -0.825044 1.170013
1776409946.022106 jaka_arm_left success 0.285156 0.323609 -0.413793 0.712260 0.335316 0.269996 0.554392 1.911558 -0.515692 -0.990770 -1.347089 -0.281527 -0.832542 1.172365
1776409946.030406 jaka_arm_left success 0.283958 0.323251 -0.415752 0.711601 0.336330 0.269175 0.555024 1.909320 -0.522012 -0.986916 -1.338976 -0.278947 -0.836974 1.171038
1776409946.038679 jaka_arm_left success 0.282833 0.322936 -0.417632 0.711315 0.337087 0.268127 0.555438 1.909600 -0.524673 -0.985262 -1.336738 -0.278213 -0.839031 1.170627
1776409946.055367 jaka_arm_left success 0.280658 0.322297 -0.421176 0.710997 0.339162 0.266684 0.555276 1.910211 -0.533122 -0.980828 -1.324736 -0.275423 -0.845362 1.171017
1776409946.063700 jaka_arm_left success 0.279571 0.322046 -0.422791 0.711280 0.340483 0.266242 0.554317 1.911048 -0.533725 -0.980478 -1.323751 -0.276188 -0.844394 1.170389
1776409946.071971 jaka_arm_left success 0.278619 0.321883 -0.424314 0.712134 0.340753 0.265976 0.553181 1.911961 -0.535171 -0.979435 -1.322004 -0.274915 -0.842917 1.172192
1776409946.080519 jaka_arm_left success 0.277555 0.321437 -0.425925 0.711792 0.342484 0.265823 0.552625 1.913316 -0.538708 -0.978797 -1.320571 -0.275443 -0.841829 1.173140
1776409946.088976 jaka_arm_left success 0.276512 0.321101 -0.427387 0.712048 0.343767 0.265746 0.551535 1.914901 -0.542382 -0.978436 -1.318491 -0.275431 -0.840108 1.175580
1776409946.097178 jaka_arm_left success 0.275588 0.320617 -0.428836 0.711754 0.345045 0.265530 0.551221 1.916547 -0.547131 -0.978061 -1.316962 -0.275578 -0.839191 1.178117
1776409946.105398 jaka_arm_left success 0.274536 0.320210 -0.430200 0.711378 0.347167 0.265447 0.550413 1.918105 -0.550167 -0.978455 -1.315142 -0.276952 -0.837686 1.179289
1776409946.113709 jaka_arm_left success 0.273680 0.319869 -0.431528 0.710878 0.348464 0.265677 0.550128 1.920683 -0.556261 -0.978846 -1.313111 -0.277299 -0.836763 1.183758
1776409946.122319 jaka_arm_left success 0.272912 0.319665 -0.432728 0.711228 0.348889 0.265430 0.549526 1.921041 -0.556216 -0.978670 -1.312755 -0.277320 -0.836412 1.183736
1776409946.130424 jaka_arm_left success 0.272032 0.319367 -0.433957 0.710845 0.350110 0.264703 0.549595 1.922942 -0.558904 -0.977992 -1.311768 -0.277898 -0.836029 1.184305
1776409946.147073 jaka_arm_left success 0.271376 0.319112 -0.435103 0.710344 0.350794 0.264159 0.550069 1.925034 -0.564036 -0.977656 -1.309900 -0.277669 -0.837531 1.187326
1776409946.155345 jaka_arm_left success 0.270204 0.318662 -0.437155 0.709980 0.351513 0.262491 0.550877 1.925417 -0.568960 -0.974259 -1.300551 -0.275268 -0.846052 1.186562
1776409946.163742 jaka_arm_left success 0.269749 0.318339 -0.438117 0.709450 0.351957 0.261408 0.551790 1.919142 -0.569196 -0.969667 -1.295089 -0.272604 -0.849303 1.179673
1776409946.180421 jaka_arm_left success 0.268973 0.317835 -0.439727 0.709865 0.352307 0.259109 0.552118 1.915713 -0.574561 -0.964180 -1.287393 -0.268246 -0.852968 1.177730
1776409946.188708 jaka_arm_left success 0.268735 0.317533 -0.440406 0.710420 0.352659 0.257631 0.551871 1.916044 -0.573318 -0.962537 -1.287497 -0.267727 -0.852845 1.175758
1776409946.197106 jaka_arm_left success 0.268509 0.317096 -0.441052 0.710530 0.353504 0.255698 0.552087 1.913919 -0.570756 -0.959663 -1.288049 -0.267113 -0.852310 1.170211
1776409946.205372 jaka_arm_left success 0.268404 0.316816 -0.441567 0.711459 0.353690 0.254477 0.551336 1.913346 -0.570329 -0.957832 -1.287626 -0.265976 -0.850719 1.168999
1776409946.213744 jaka_arm_left success 0.268344 0.316432 -0.442063 0.712039 0.354405 0.252749 0.550923 1.909393 -0.568538 -0.954325 -1.288572 -0.264414 -0.847185 1.163789
1776409946.222031 jaka_arm_left success 0.268319 0.316073 -0.442483 0.713062 0.355078 0.251218 0.549865 1.909341 -0.568023 -0.952376 -1.288452 -0.263567 -0.844996 1.162366
1776409946.230422 jaka_arm_left success 0.268341 0.315530 -0.442924 0.713255 0.356220 0.249456 0.549679 1.905907 -0.566791 -0.949487 -1.290362 -0.262956 -0.840677 1.157375
1776409946.238684 jaka_arm_left success 0.268513 0.315164 -0.443337 0.714063 0.356630 0.248824 0.548649 1.903387 -0.567317 -0.947439 -1.291299 -0.261545 -0.835155 1.156313
1776409946.255478 jaka_arm_left success 0.268643 0.314351 -0.444185 0.715587 0.358182 0.246806 0.546559 1.900664 -0.565358 -0.944252 -1.294429 -0.260754 -0.826876 1.152055
1776409946.272083 jaka_arm_left success 0.268867 0.313237 -0.445262 0.716034 0.360109 0.244446 0.545769 1.897103 -0.565737 -0.940682 -1.298846 -0.259918 -0.817642 1.148053
1776409946.280478 jaka_arm_left success 0.269050 0.312719 -0.445774 0.716274 0.360653 0.243507 0.545514 1.897756 -0.565749 -0.940081 -1.298610 -0.259879 -0.817216 1.147719
1776409946.288736 jaka_arm_left success 0.269314 0.312275 -0.446111 0.717693 0.360554 0.243305 0.543801 1.893536 -0.565606 -0.937982 -1.303152 -0.257938 -0.806510 1.147102
1776409946.297067 jaka_arm_left success 0.269478 0.311786 -0.446151 0.719399 0.360806 0.242991 0.541516 1.893745 -0.562155 -0.938366 -1.313435 -0.258705 -0.792884 1.147803
1776409946.305454 jaka_arm_left success 0.269629 0.311150 -0.446153 0.720325 0.361278 0.243777 0.539613 1.904499 -0.559408 -0.945767 -1.329796 -0.264283 -0.779375 1.157575
1776409946.313681 jaka_arm_left success 0.269650 0.310898 -0.445995 0.722042 0.361144 0.245896 0.536438 1.908321 -0.559869 -0.950250 -1.338660 -0.265803 -0.765939 1.166305
1776409946.322091 jaka_arm_left success 0.269569 0.310459 -0.445936 0.722485 0.361528 0.247681 0.534759 1.916044 -0.560787 -0.956977 -1.346317 -0.269789 -0.758732 1.175500
1776409946.330432 jaka_arm_left success 0.269483 0.310165 -0.445885 0.723110 0.361188 0.249590 0.533254 1.919024 -0.562593 -0.960583 -1.350399 -0.270963 -0.752367 1.182085
1776409946.338672 jaka_arm_left success 0.269307 0.309952 -0.445859 0.723120 0.361612 0.250731 0.532417 1.924993 -0.563023 -0.965254 -1.356245 -0.274045 -0.747376 1.188065
1776409946.346971 jaka_arm_left success 0.269191 0.309884 -0.445844 0.723034 0.361534 0.251172 0.532379 1.924722 -0.563044 -0.965639 -1.356244 -0.274246 -0.747433 1.188129
1776409946.363693 jaka_arm_left success 0.269107 0.309989 -0.445854 0.722097 0.360833 0.250407 0.534484 1.924401 -0.563586 -0.965114 -1.358042 -0.273938 -0.749494 1.187557
1776409946.371994 jaka_arm_left success 0.269175 0.310190 -0.445790 0.721991 0.360216 0.249809 0.535322 1.924557 -0.559794 -0.963858 -1.354912 -0.273590 -0.756391 1.183653
1776409946.380319 jaka_arm_left success 0.269212 0.310341 -0.445819 0.721239 0.360546 0.249100 0.536443 1.922973 -0.560516 -0.962619 -1.351905 -0.273339 -0.760013 1.181151
1776409946.388679 jaka_arm_left success 0.269203 0.310577 -0.445910 0.720752 0.361157 0.248165 0.537119 1.918206 -0.560288 -0.958439 -1.345043 -0.271398 -0.766361 1.174544
1776409946.397025 jaka_arm_left success 0.269264 0.310854 -0.446018 0.720452 0.361426 0.247433 0.537678 1.918459 -0.560668 -0.958130 -1.345216 -0.271601 -0.766463 1.174128
1776409946.405470 jaka_arm_left success 0.269350 0.311148 -0.446094 0.720001 0.362169 0.247049 0.537958 1.917621 -0.560318 -0.957058 -1.343757 -0.271910 -0.768290 1.171333
1776409946.413637 jaka_arm_left success 0.269478 0.311306 -0.446175 0.719194 0.363244 0.245810 0.538880 1.912641 -0.560286 -0.953391 -1.337355 -0.270611 -0.773146 1.164635
1776409946.422046 jaka_arm_left success 0.269647 0.311511 -0.446209 0.718551 0.364274 0.244844 0.539482 1.913281 -0.561330 -0.952781 -1.337563 -0.271545 -0.773262 1.163268
1776409946.430371 jaka_arm_left success 0.269744 0.311670 -0.446255 0.717891 0.365550 0.244028 0.539867 1.912602 -0.559936 -0.951646 -1.337081 -0.272489 -0.774085 1.159311
1776409946.438635 jaka_arm_left success 0.269951 0.311946 -0.446252 0.717972 0.365640 0.243963 0.539728 1.912602 -0.559936 -0.951646 -1.337081 -0.272489 -0.774085 1.159311
1776409946.455326 jaka_arm_left success 0.270216 0.312162 -0.446230 0.717500 0.366914 0.242980 0.539933 1.910824 -0.558331 -0.950465 -1.336482 -0.273412 -0.773952 1.154807
1776409946.463751 jaka_arm_left success 0.270222 0.312203 -0.446263 0.717098 0.368235 0.242783 0.539657 1.911341 -0.558805 -0.950286 -1.336126 -0.274132 -0.773541 1.154112
1776409946.472038 jaka_arm_left success 0.270307 0.312145 -0.446359 0.716470 0.369340 0.242855 0.539704 1.911153 -0.559671 -0.951469 -1.335060 -0.276081 -0.772701 1.153349
1776409946.480321 jaka_arm_left success 0.270370 0.312151 -0.446399 0.716380 0.370190 0.243132 0.539115 1.911509 -0.559853 -0.951301 -1.334786 -0.276373 -0.772355 1.153051
1776409946.488734 jaka_arm_left success 0.270431 0.312084 -0.446430 0.716263 0.371097 0.243387 0.538533 1.911653 -0.560299 -0.951897 -1.333910 -0.277500 -0.771406 1.152698
1776409946.497102 jaka_arm_left success 0.270502 0.311926 -0.446478 0.716065 0.371899 0.243330 0.538268 1.911829 -0.561747 -0.951724 -1.334094 -0.277913 -0.769659 1.152923
1776409946.505381 jaka_arm_left success 0.270567 0.311828 -0.446487 0.716209 0.372482 0.243667 0.537520 1.911353 -0.564434 -0.953001 -1.338520 -0.278711 -0.761452 1.155953
1776409946.513802 jaka_arm_left success 0.270619 0.311719 -0.446493 0.716405 0.372912 0.244002 0.536808 1.913530 -0.562560 -0.954570 -1.342027 -0.280212 -0.758364 1.156917
1776409946.522050 jaka_arm_left success 0.270647 0.311571 -0.446510 0.716502 0.373298 0.244458 0.536204 1.916105 -0.564365 -0.956844 -1.345981 -0.281573 -0.753636 1.161035
1776409946.530392 jaka_arm_left success 0.270642 0.311419 -0.446506 0.716638 0.373625 0.245191 0.535459 1.918356 -0.563866 -0.959232 -1.348864 -0.283228 -0.750102 1.163500
1776409946.547001 jaka_arm_left success 0.270613 0.311176 -0.446513 0.717136 0.373867 0.246231 0.534143 1.923038 -0.564797 -0.963394 -1.356951 -0.285520 -0.741425 1.170222
1776409946.555406 jaka_arm_left success 0.270621 0.311144 -0.446522 0.717832 0.373378 0.246724 0.533323 1.923030 -0.564219 -0.963546 -1.356500 -0.285240 -0.741048 1.170640
1776409946.563727 jaka_arm_left success 0.270595 0.311060 -0.446534 0.718138 0.373307 0.247074 0.532798 1.922863 -0.563648 -0.964158 -1.355976 -0.285282 -0.740476 1.171150
1776409946.572031 jaka_arm_left success 0.270578 0.310966 -0.446541 0.718398 0.373255 0.247363 0.532350 1.924426 -0.564141 -0.965445 -1.359166 -0.285783 -0.736822 1.173821
1776409946.580588 jaka_arm_left success 0.270574 0.310880 -0.446540 0.718648 0.373199 0.247576 0.531953 1.926440 -0.562148 -0.966986 -1.363085 -0.286971 -0.733929 1.174922
1776409946.588671 jaka_arm_left success 0.270509 0.310562 -0.446619 0.718051 0.373896 0.247094 0.532493 1.926627 -0.562846 -0.966821 -1.363436 -0.287509 -0.734149 1.174302
1776409946.597137 jaka_arm_left success 0.270500 0.310472 -0.446615 0.718184 0.373922 0.247181 0.532256 1.926627 -0.562846 -0.966821 -1.363436 -0.287509 -0.734149 1.174302
1776409946.605326 jaka_arm_left success 0.270503 0.310412 -0.446606 0.718320 0.373867 0.247498 0.531962 1.926686 -0.562716 -0.966963 -1.363125 -0.287579 -0.733848 1.174419
1776409946.613648 jaka_arm_left success 0.270498 0.310359 -0.446616 0.718498 0.373802 0.247980 0.531543 1.927319 -0.564272 -0.967836 -1.363540 -0.287551 -0.731996 1.176872
1776409946.622071 jaka_arm_left success 0.270520 0.310319 -0.446632 0.718583 0.373716 0.248150 0.531410 1.927319 -0.564272 -0.967836 -1.363540 -0.287551 -0.731996 1.176872
1776409946.638668 jaka_arm_left success 0.270618 0.310216 -0.446608 0.718720 0.373619 0.248392 0.531180 1.927566 -0.564699 -0.968674 -1.364472 -0.287647 -0.730553 1.178368
1776409946.647169 jaka_arm_left success 0.270664 0.310154 -0.446617 0.718805 0.373477 0.248562 0.531084 1.927566 -0.564699 -0.968674 -1.364472 -0.287647 -0.730553 1.178368
1776409946.655481 jaka_arm_left success 0.270701 0.310058 -0.446639 0.718947 0.373299 0.248223 0.531177 1.927566 -0.564699 -0.968674 -1.364472 -0.287647 -0.730553 1.178368
1776409946.663735 jaka_arm_left success 0.270709 0.309987 -0.446675 0.718929 0.373457 0.248327 0.531040 1.928161 -0.564731 -0.968916 -1.366974 -0.287651 -0.727768 1.179533
1776409946.672032 jaka_arm_left success 0.270723 0.309941 -0.446742 0.719085 0.373506 0.248077 0.530913 1.928161 -0.564731 -0.968916 -1.366974 -0.287651 -0.727768 1.179533
1776409946.680410 jaka_arm_left success 0.270697 0.309947 -0.446763 0.719447 0.373790 0.248067 0.530226 1.928703 -0.563018 -0.969213 -1.369770 -0.288270 -0.724224 1.179330
1776409946.688775 jaka_arm_left success 0.270743 0.309910 -0.446753 0.719556 0.374021 0.248013 0.529942 1.928861 -0.563140 -0.969266 -1.369600 -0.288573 -0.723990 1.179149
1776409946.697065 jaka_arm_left success 0.270820 0.309881 -0.446729 0.719663 0.374096 0.248104 0.529699 1.929855 -0.563569 -0.970354 -1.373247 -0.289270 -0.719707 1.181047
1776409946.705317 jaka_arm_left success 0.270925 0.309891 -0.446692 0.720011 0.373873 0.248215 0.529332 1.929855 -0.563569 -0.970354 -1.373247 -0.289270 -0.719707 1.181047
1776409946.713668 jaka_arm_left success 0.270967 0.309881 -0.446664 0.720283 0.373786 0.248301 0.528983 1.929880 -0.562573 -0.970782 -1.373550 -0.289154 -0.718885 1.181509
1776409946.722079 jaka_arm_left success 0.270983 0.309856 -0.446655 0.720516 0.373768 0.248510 0.528579 1.930646 -0.561958 -0.971554 -1.376024 -0.289540 -0.716140 1.182602
1776409946.730464 jaka_arm_left success 0.270959 0.309800 -0.446663 0.720554 0.373952 0.248651 0.528331 1.930584 -0.562066 -0.972094 -1.375849 -0.290062 -0.715812 1.182614
1776409946.738690 jaka_arm_left success 0.270955 0.309786 -0.446664 0.720695 0.374064 0.248852 0.527966 1.933276 -0.563164 -0.973902 -1.380228 -0.290998 -0.711102 1.186240
1776409946.747029 jaka_arm_left success 0.270966 0.309771 -0.446683 0.720824 0.374250 0.248749 0.527706 1.933276 -0.563164 -0.973902 -1.380228 -0.290998 -0.711102 1.186240
1776409946.763709 jaka_arm_left success 0.271034 0.309770 -0.446702 0.721248 0.374377 0.248400 0.527201 1.933492 -0.559805 -0.973821 -1.381941 -0.291674 -0.709264 1.184353
1776409946.772097 jaka_arm_left success 0.271080 0.309736 -0.446675 0.721383 0.374323 0.248149 0.527172 1.933492 -0.559805 -0.973821 -1.381941 -0.291674 -0.709264 1.184353
1776409946.780535 jaka_arm_left success 0.271140 0.309817 -0.446616 0.721801 0.374069 0.248492 0.526620 1.933510 -0.559462 -0.973824 -1.381747 -0.291416 -0.709049 1.184627
1776409946.788809 jaka_arm_left success 0.271153 0.309824 -0.446591 0.721922 0.374045 0.248615 0.526411 1.933510 -0.559462 -0.973824 -1.381747 -0.291416 -0.709049 1.184627
1776409946.801508 jaka_arm_left success 0.271150 0.309810 -0.446598 0.721902 0.374126 0.248651 0.526364 1.933510 -0.559462 -0.973824 -1.381747 -0.291416 -0.709049 1.184627
1776409946.805795 jaka_arm_left success 0.271162 0.309811 -0.446618 0.721949 0.374227 0.248530 0.526285 1.933420 -0.559278 -0.974383 -1.385130 -0.291739 -0.704274 1.185670
