1776409898.921874 jaka_arm_left success 0.290411 0.287797 -0.448791 0.677597 0.353552 0.296585 0.572626 -1.208007 1.179069 1.264665 -1.231310 0.909118 -1.071635 0.514478
1776409898.930154 jaka_arm_left success 0.290406 0.287794 -0.448798 0.677658 0.353484 0.296672 0.572551 -1.208007 1.179069 1.264665 -1.231310 0.909118 -1.071635 0.514478
1776409898.938418 jaka_arm_left success 0.290416 0.287796 -0.448805 0.677744 0.353344 0.296800 0.572468 -1.208125 1.178896 1.264664 -1.231487 0.909260 -1.071695 0.514713
1776409898.946682 jaka_arm_left success 0.290433 0.287768 -0.448819 0.677684 0.353252 0.296988 0.572499 -1.208125 1.178896 1.264664 -1.231487 0.909260 -1.071695 0.514713
1776409898.955049 jaka_arm_left success 0.290443 0.287732 -0.448834 0.677621 0.353240 0.297191 0.572476 -1.208125 1.178896 1.264664 -1.231487 0.909260 -1.071695 0.514713
1776409898.963449 jaka_arm_left success 0.290416 0.287730 -0.448815 0.677755 0.353192 0.297144 0.572371 -1.208285 1.178774 1.264529 -1.231643 0.909324 -1.071651 0.514966
1776409898.980116 jaka_arm_left success 0.290383 0.287693 -0.448796 0.677790 0.353294 0.297150 0.572264 -1.208285 1.178774 1.264529 -1.231643 0.909324 -1.071651 0.514966
1776409898.988407 jaka_arm_left success 0.290357 0.287665 -0.448786 0.677790 0.353297 0.297167 0.572254 -1.208285 1.178774 1.264529 -1.231643 0.909324 -1.071651 0.514966
1776409898.996766 jaka_arm_left success 0.290334 0.287698 -0.448749 0.678329 0.353020 0.297338 0.571696 -1.208181 1.178195 1.264326 -1.231659 0.909884 -1.071324 0.515509
1776409899.021770 jaka_arm_left success 0.290320 0.287704 -0.448766 0.678786 0.352813 0.297723 0.571080 -1.208117 1.177631 1.264022 -1.231683 0.910419 -1.070904 0.516099
1776409899.030694 jaka_arm_left success 0.290361 0.287749 -0.448744 0.678798 0.352662 0.298313 0.570852 -1.207640 1.180060 1.263918 -1.232516 0.911430 -1.069355 0.518788
1776409899.046713 jaka_arm_left success 0.290329 0.287673 -0.448769 0.678720 0.352795 0.297851 0.571104 -1.207422 1.180328 1.264214 -1.232365 0.911340 -1.069517 0.518458
1776409899.055004 jaka_arm_left success 0.290375 0.287715 -0.448759 0.678678 0.352771 0.298517 0.570821 -1.207422 1.180328 1.264214 -1.232365 0.911340 -1.069517 0.518458
1776409899.063482 jaka_arm_left success 0.290292 0.287641 -0.448758 0.678719 0.352899 0.297624 0.571159 -1.207422 1.180328 1.264214 -1.232365 0.911340 -1.069517 0.518458
1776409899.080084 jaka_arm_left success 0.290325 0.287762 -0.448704 0.678873 0.352739 0.298123 0.570815 -1.207422 1.180328 1.264214 -1.232365 0.911340 -1.069517 0.518458
1776409899.088440 jaka_arm_left success 0.290336 0.287819 -0.448677 0.679138 0.352629 0.297718 0.570778 -1.207422 1.180328 1.264214 -1.232365 0.911340 -1.069517 0.518458
1776409899.096753 jaka_arm_left success 0.290347 0.287829 -0.448689 0.679139 0.352626 0.297645 0.570817 -1.207422 1.180328 1.264214 -1.232365 0.911340 -1.069517 0.518458
1776409899.113434 jaka_arm_left success 0.290384 0.287858 -0.448711 0.679070 0.352643 0.297644 0.570889 -1.207422 1.180328 1.264214 -1.232365 0.911340 -1.069517 0.518458
1776409899.121743 jaka_arm_left success 0.290427 0.287767 -0.448778 0.678437 0.352890 0.298204 0.571197 -1.207422 1.180328 1.264214 -1.232365 0.911340 -1.069517 0.518458
1776409899.138445 jaka_arm_left success 0.290394 0.287861 -0.448722 0.678845 0.352821 0.297590 0.571075 -1.207422 1.180328 1.264214 -1.232365 0.911340 -1.069517 0.518458
1776409899.146750 jaka_arm_left success 0.290448 0.287822 -0.448741 0.678293 0.353025 0.297401 0.571704 -1.207353 1.180878 1.264583 -1.232281 0.910937 -1.069878 0.517899
1776409899.155125 jaka_arm_left success 0.290431 0.287803 -0.448746 0.678152 0.353158 0.297361 0.571809 -1.207353 1.180878 1.264583 -1.232281 0.910937 -1.069878 0.517899
1776409899.163483 jaka_arm_left success 0.290434 0.287609 -0.448836 0.677479 0.353575 0.296912 0.572582 -1.207332 1.181811 1.264954 -1.232115 0.910168 -1.070298 0.517038
1776409899.180146 jaka_arm_left success 0.290475 0.287826 -0.448747 0.678239 0.353172 0.296800 0.571989 -1.207264 1.181235 1.265114 -1.232242 0.910665 -1.070407 0.517328
1776409899.196751 jaka_arm_left success 0.290490 0.287837 -0.448752 0.678284 0.353125 0.296915 0.571905 -1.207264 1.181235 1.265114 -1.232242 0.910665 -1.070407 0.517328
1776409899.205094 jaka_arm_left success 0.290481 0.287841 -0.448750 0.678323 0.353068 0.296956 0.571872 -1.207264 1.181235 1.265114 -1.232242 0.910665 -1.070407 0.517328
1776409899.213404 jaka_arm_left success 0.290433 0.287719 -0.448791 0.678102 0.353192 0.296550 0.572269 -1.207264 1.181235 1.265114 -1.232242 0.910665 -1.070407 0.517328
1776409899.230128 jaka_arm_left success 0.290401 0.287694 -0.448778 0.678100 0.353267 0.296522 0.572239 -1.207264 1.181235 1.265114 -1.232242 0.910665 -1.070407 0.517328
1776409899.246750 jaka_arm_left success 0.290419 0.287755 -0.448751 0.678209 0.353173 0.296989 0.571925 -1.207264 1.181235 1.265114 -1.232242 0.910665 -1.070407 0.517328
1776409899.255057 jaka_arm_left success 0.290399 0.287843 -0.448719 0.678920 0.352815 0.297220 0.571183 -1.207214 1.180365 1.264898 -1.232328 0.911340 -1.070126 0.517919
1776409899.271741 jaka_arm_left success 0.290393 0.287851 -0.448701 0.678980 0.352921 0.297402 0.570950 -1.206928 1.179554 1.264243 -1.231936 0.911863 -1.069226 0.518240
1776409899.280034 jaka_arm_left success 0.290401 0.287846 -0.448708 0.678988 0.352914 0.297537 0.570875 -1.206928 1.179554 1.264243 -1.231936 0.911863 -1.069226 0.518240
1776409899.288468 jaka_arm_left success 0.290420 0.287862 -0.448713 0.679039 0.352868 0.297546 0.570838 -1.206928 1.179554 1.264243 -1.231936 0.911863 -1.069226 0.518240
1776409899.296789 jaka_arm_left success 0.290410 0.287769 -0.448758 0.678815 0.352968 0.296810 0.571427 -1.206955 1.180241 1.265016 -1.232071 0.911412 -1.070030 0.517545
1776409899.313448 jaka_arm_left success 0.290459 0.287730 -0.448768 0.678197 0.353326 0.297190 0.571741 -1.207285 1.180736 1.264809 -1.232136 0.910778 -1.070063 0.517228
1776409899.321753 jaka_arm_left success 0.290469 0.287736 -0.448759 0.678147 0.353375 0.297073 0.571831 -1.207285 1.180736 1.264809 -1.232136 0.910778 -1.070063 0.517228
1776409899.330156 jaka_arm_left success 0.290471 0.287740 -0.448752 0.677989 0.353626 0.296951 0.571927 -1.207226 1.181001 1.264857 -1.231992 0.910538 -1.070085 0.516909
1776409899.338487 jaka_arm_left success 0.290491 0.287742 -0.448767 0.677975 0.353623 0.296951 0.571944 -1.207226 1.181001 1.264857 -1.231992 0.910538 -1.070085 0.516909
1776409899.346759 jaka_arm_left success 0.290497 0.287686 -0.448789 0.677920 0.353676 0.296359 0.572284 -1.207067 1.181272 1.265287 -1.231887 0.910398 -1.070423 0.516461
1776409899.355044 jaka_arm_left success 0.290519 0.287702 -0.448797 0.677929 0.353630 0.296303 0.572330 -1.207067 1.181272 1.265287 -1.231887 0.910398 -1.070423 0.516461
1776409899.363446 jaka_arm_left success 0.290550 0.287639 -0.448832 0.677554 0.353937 0.296800 0.572327 -1.207067 1.181272 1.265287 -1.231887 0.910398 -1.070423 0.516461
1776409899.371705 jaka_arm_left success 0.290578 0.287802 -0.448783 0.677971 0.353676 0.296853 0.571967 -1.207067 1.181272 1.265287 -1.231887 0.910398 -1.070423 0.516461
1776409899.388508 jaka_arm_left success 0.290581 0.287834 -0.448775 0.677987 0.353710 0.296785 0.571963 -1.207067 1.181272 1.265287 -1.231887 0.910398 -1.070423 0.516461
1776409899.396786 jaka_arm_left success 0.290546 0.287837 -0.448762 0.677931 0.353916 0.296612 0.571991 -1.207067 1.181272 1.265287 -1.231887 0.910398 -1.070423 0.516461
1776409899.413450 jaka_arm_left success 0.290541 0.287851 -0.448751 0.677925 0.353930 0.296552 0.572020 -1.207067 1.181272 1.265287 -1.231887 0.910398 -1.070423 0.516461
1776409899.430161 jaka_arm_left success 0.290554 0.287865 -0.448756 0.677956 0.353839 0.296665 0.571982 -1.207067 1.181272 1.265287 -1.231887 0.910398 -1.070423 0.516461
1776409899.446776 jaka_arm_left success 0.290578 0.287978 -0.448735 0.678481 0.353560 0.297054 0.571330 -1.207156 1.180511 1.264802 -1.231941 0.910857 -1.069954 0.517019
1776409899.463552 jaka_arm_left success 0.290518 0.287809 -0.448754 0.678381 0.353752 0.296571 0.571581 -1.206952 1.180602 1.264970 -1.231744 0.910847 -1.069973 0.516745
1776409899.480186 jaka_arm_left success 0.290531 0.287735 -0.448756 0.678022 0.353816 0.297210 0.571635 -1.206952 1.180602 1.264970 -1.231744 0.910847 -1.069973 0.516745
1776409899.488415 jaka_arm_left success 0.290518 0.287593 -0.448812 0.677386 0.354220 0.298022 0.571715 -1.207717 1.181210 1.263898 -1.231874 0.909810 -1.069421 0.516695
1776409899.496763 jaka_arm_left success 0.290479 0.287593 -0.448819 0.677852 0.353952 0.297543 0.571579 -1.207717 1.181210 1.263898 -1.231874 0.909810 -1.069421 0.516695
1776409899.513555 jaka_arm_left success 0.290475 0.287771 -0.448739 0.678581 0.353462 0.297700 0.570935 -1.207468 1.180241 1.264060 -1.232003 0.910800 -1.069352 0.517356
1776409899.530172 jaka_arm_left success 0.290469 0.287793 -0.448726 0.678732 0.353346 0.297619 0.570870 -1.206992 1.179426 1.264463 -1.231976 0.911802 -1.069320 0.517737
1776409899.538434 jaka_arm_left success 0.290431 0.287718 -0.448747 0.678753 0.353359 0.297062 0.571127 -1.206995 1.179947 1.264705 -1.231919 0.911393 -1.069558 0.517245
1776409899.546795 jaka_arm_left success 0.290457 0.287685 -0.448780 0.678394 0.353432 0.298037 0.571001 -1.207531 1.180083 1.264090 -1.232167 0.910968 -1.069282 0.517437
1776409899.555043 jaka_arm_left success 0.290473 0.287716 -0.448771 0.678390 0.353384 0.298503 0.570791 -1.207770 1.180026 1.263604 -1.232259 0.910869 -1.068927 0.517704
1776409899.571847 jaka_arm_left success 0.290444 0.287801 -0.448706 0.678971 0.353136 0.297846 0.570597 -1.207341 1.179690 1.264039 -1.232152 0.911440 -1.069033 0.517775
1776409899.580103 jaka_arm_left success 0.290455 0.287693 -0.448755 0.678514 0.353410 0.298072 0.570853 -1.207341 1.179690 1.264039 -1.232152 0.911440 -1.069033 0.517775
1776409899.588438 jaka_arm_left success 0.290425 0.287526 -0.448815 0.678050 0.353761 0.297640 0.571412 -1.207337 1.180548 1.264203 -1.231983 0.910753 -1.069208 0.517097
1776409899.596848 jaka_arm_left success 0.290456 0.287604 -0.448786 0.678149 0.353665 0.298203 0.571061 -1.207337 1.180548 1.264203 -1.231983 0.910753 -1.069208 0.517097
1776409899.605102 jaka_arm_left success 0.290428 0.287754 -0.448714 0.678910 0.353279 0.297826 0.570592 -1.207336 1.179915 1.264128 -1.232160 0.911307 -1.069080 0.517613
1776409899.613492 jaka_arm_left success 0.290467 0.287702 -0.448769 0.678529 0.353355 0.298502 0.570645 -1.207657 1.179958 1.263642 -1.232303 0.911093 -1.068779 0.517827
1776409899.621807 jaka_arm_left success 0.290397 0.287693 -0.448742 0.678876 0.353344 0.297347 0.570841 -1.207111 1.180029 1.264327 -1.232049 0.911390 -1.069075 0.517469
1776409899.638439 jaka_arm_left success 0.290446 0.287662 -0.448770 0.678464 0.353435 0.298158 0.570852 -1.207484 1.180150 1.263965 -1.232261 0.911103 -1.068944 0.517598
1776409899.646824 jaka_arm_left success 0.290423 0.287753 -0.448713 0.678875 0.353265 0.297874 0.570617 -1.207484 1.180150 1.263965 -1.232261 0.911103 -1.068944 0.517598
1776409899.655087 jaka_arm_left success 0.290386 0.287579 -0.448789 0.678415 0.353563 0.297699 0.571071 -1.207484 1.180150 1.263965 -1.232261 0.911103 -1.068944 0.517598
1776409899.663451 jaka_arm_left success 0.290415 0.287618 -0.448775 0.678427 0.353469 0.298165 0.570872 -1.207484 1.180150 1.263965 -1.232261 0.911103 -1.068944 0.517598
1776409899.671826 jaka_arm_left success 0.290394 0.287572 -0.448787 0.678438 0.353494 0.297785 0.571041 -1.207484 1.180150 1.263965 -1.232261 0.911103 -1.068944 0.517598
1776409899.680081 jaka_arm_left success 0.290348 0.287661 -0.448720 0.678946 0.353312 0.297212 0.570848 -1.207003 1.180037 1.264562 -1.232086 0.911509 -1.069190 0.517404
1776409899.696750 jaka_arm_left success 0.290445 0.287684 -0.448768 0.678463 0.353234 0.298767 0.570659 -1.207681 1.180336 1.263198 -1.232331 0.910919 -1.068217 0.517978
1776409899.713470 jaka_arm_left success 0.290380 0.287665 -0.448763 0.678579 0.353269 0.298395 0.570693 -1.207519 1.180269 1.263690 -1.232483 0.911219 -1.068579 0.518029
1776409899.730301 jaka_arm_left success 0.290311 0.287603 -0.448741 0.678667 0.353535 0.297964 0.570649 -1.207519 1.180269 1.263690 -1.232483 0.911219 -1.068579 0.518029
1776409899.738546 jaka_arm_left success 0.290331 0.287661 -0.448710 0.678788 0.353468 0.298385 0.570329 -1.207272 1.180162 1.263651 -1.232305 0.911422 -1.068345 0.518067
1776409899.746812 jaka_arm_left success 0.290293 0.287558 -0.448734 0.678742 0.353645 0.297818 0.570568 -1.207017 1.180351 1.263950 -1.232159 0.911439 -1.068457 0.517802
1776409899.763520 jaka_arm_left success 0.290311 0.287696 -0.448673 0.679239 0.353394 0.298000 0.570038 -1.206936 1.179885 1.263935 -1.232248 0.911893 -1.068332 0.518147
1776409899.771764 jaka_arm_left success 0.290331 0.287555 -0.448758 0.678784 0.353530 0.298020 0.570485 -1.206936 1.179885 1.263935 -1.232248 0.911893 -1.068332 0.518147
1776409899.780145 jaka_arm_left success 0.290374 0.287636 -0.448740 0.678864 0.353285 0.298597 0.570239 -1.207287 1.179971 1.263636 -1.232494 0.911674 -1.068240 0.518312
1776409899.788424 jaka_arm_left success 0.290341 0.287582 -0.448756 0.678786 0.353358 0.298237 0.570475 -1.207287 1.179971 1.263636 -1.232494 0.911674 -1.068240 0.518312
1776409899.796796 jaka_arm_left success 0.290336 0.287685 -0.448711 0.679025 0.353200 0.298616 0.570090 -1.207287 1.179971 1.263636 -1.232494 0.911674 -1.068240 0.518312
1776409899.805150 jaka_arm_left success 0.290343 0.287755 -0.448680 0.679179 0.353064 0.298837 0.569875 -1.207364 1.179696 1.263417 -1.232623 0.911884 -1.068036 0.518656
1776409899.813424 jaka_arm_left success 0.290344 0.287711 -0.448700 0.678936 0.353142 0.298850 0.570110 -1.207364 1.179696 1.263417 -1.232623 0.911884 -1.068036 0.518656
1776409899.821749 jaka_arm_left success 0.290334 0.287709 -0.448693 0.678942 0.353144 0.298817 0.570118 -1.207364 1.179696 1.263417 -1.232623 0.911884 -1.068036 0.518656
1776409899.830089 jaka_arm_left success 0.290306 0.287670 -0.448698 0.678868 0.353260 0.298612 0.570243 -1.207364 1.179696 1.263417 -1.232623 0.911884 -1.068036 0.518656
1776409899.838495 jaka_arm_left success 0.290295 0.287695 -0.448677 0.679021 0.353164 0.298492 0.570183 -1.207364 1.179696 1.263417 -1.232623 0.911884 -1.068036 0.518656
1776409899.846799 jaka_arm_left success 0.290294 0.287583 -0.448735 0.678786 0.353299 0.298072 0.570599 -1.207138 1.180239 1.263872 -1.232481 0.911627 -1.068345 0.518131
1776409899.863508 jaka_arm_left success 0.290319 0.287589 -0.448758 0.678816 0.353269 0.298253 0.570486 -1.207138 1.180239 1.263872 -1.232481 0.911627 -1.068345 0.518131
1776409899.871751 jaka_arm_left success 0.290354 0.287652 -0.448736 0.678882 0.353219 0.298814 0.570145 -1.207375 1.180076 1.263515 -1.232669 0.911650 -1.068117 0.518463
1776409899.880215 jaka_arm_left success 0.290382 0.287665 -0.448725 0.678928 0.353195 0.298832 0.570096 -1.207375 1.180076 1.263515 -1.232669 0.911650 -1.068117 0.518463
1776409899.896752 jaka_arm_left success 0.290333 0.287577 -0.448738 0.678804 0.353497 0.298075 0.570452 -1.207084 1.180342 1.263799 -1.232457 0.911607 -1.068195 0.518129
1776409899.905073 jaka_arm_left success 0.290348 0.287653 -0.448714 0.678884 0.353384 0.298549 0.570180 -1.207084 1.180342 1.263799 -1.232457 0.911607 -1.068195 0.518129
1776409899.921745 jaka_arm_left success 0.290335 0.287689 -0.448706 0.678877 0.353312 0.298580 0.570217 -1.207084 1.180342 1.263799 -1.232457 0.911607 -1.068195 0.518129
1776409899.938452 jaka_arm_left success 0.290341 0.287680 -0.448711 0.678798 0.353275 0.298688 0.570276 -1.207084 1.180342 1.263799 -1.232457 0.911607 -1.068195 0.518129
1776409899.946777 jaka_arm_left success 0.290314 0.287768 -0.448654 0.679246 0.353079 0.298226 0.570106 -1.207080 1.179976 1.263864 -1.232632 0.911963 -1.068225 0.518429
1776409899.955067 jaka_arm_left success 0.290341 0.287671 -0.448727 0.678751 0.353272 0.298756 0.570299 -1.207366 1.180261 1.263502 -1.232743 0.911576 -1.068046 0.518430
1776409899.963467 jaka_arm_left success 0.290251 0.287677 -0.448695 0.679226 0.353261 0.297571 0.570359 -1.206738 1.180233 1.264233 -1.232472 0.911991 -1.068339 0.518106
1776409899.971844 jaka_arm_left success 0.290289 0.287667 -0.448714 0.678955 0.353322 0.298466 0.570177 -1.207067 1.180182 1.263811 -1.232679 0.911848 -1.068115 0.518353
1776409899.988466 jaka_arm_left success 0.290294 0.287668 -0.448705 0.678952 0.353263 0.298711 0.570089 -1.207067 1.180182 1.263811 -1.232679 0.911848 -1.068115 0.518353
1776409899.996806 jaka_arm_left success 0.290227 0.287601 -0.448706 0.679042 0.353214 0.298099 0.570332 -1.207067 1.180182 1.263811 -1.232679 0.911848 -1.068115 0.518353
1776409900.013478 jaka_arm_left success 0.290298 0.287667 -0.448701 0.679008 0.353013 0.299043 0.570003 -1.207365 1.180010 1.263445 -1.232935 0.911855 -1.067927 0.518727
1776409900.021742 jaka_arm_left success 0.290230 0.287597 -0.448713 0.679089 0.353096 0.298273 0.570259 -1.207365 1.180010 1.263445 -1.232935 0.911855 -1.067927 0.518727
1776409900.030088 jaka_arm_left success 0.290300 0.287607 -0.448718 0.678952 0.353019 0.298971 0.570104 -1.207365 1.180010 1.263445 -1.232935 0.911855 -1.067927 0.518727
1776409900.046831 jaka_arm_left success 0.290262 0.287577 -0.448708 0.679051 0.353071 0.298386 0.570260 -1.207365 1.180010 1.263445 -1.232935 0.911855 -1.067927 0.518727
1776409900.055170 jaka_arm_left success 0.290272 0.287528 -0.448726 0.678824 0.353245 0.298271 0.570482 -1.207122 1.180382 1.263783 -1.232778 0.911724 -1.068104 0.518345
1776409900.063471 jaka_arm_left success 0.290269 0.287664 -0.448673 0.679086 0.353147 0.298725 0.569993 -1.207122 1.180382 1.263783 -1.232778 0.911724 -1.068104 0.518345
1776409900.080114 jaka_arm_left success 0.290286 0.287722 -0.448659 0.679132 0.353122 0.298954 0.569835 -1.207242 1.180015 1.263401 -1.232910 0.911952 -1.067771 0.518790
1776409900.088463 jaka_arm_left success 0.290280 0.287716 -0.448666 0.679029 0.353210 0.298746 0.570011 -1.207242 1.180015 1.263401 -1.232910 0.911952 -1.067771 0.518790
1776409900.096775 jaka_arm_left success 0.290338 0.287720 -0.448687 0.678829 0.353194 0.298985 0.570134 -1.207242 1.180015 1.263401 -1.232910 0.911952 -1.067771 0.518790
1776409900.105115 jaka_arm_left success 0.290338 0.287794 -0.448670 0.679116 0.352889 0.298156 0.570415 -1.207032 1.180225 1.264035 -1.232964 0.912009 -1.068268 0.518498
1776409900.113494 jaka_arm_left success 0.290355 0.287803 -0.448693 0.678986 0.352998 0.297837 0.570669 -1.207032 1.180225 1.264035 -1.232964 0.912009 -1.068268 0.518498
1776409900.121761 jaka_arm_left success 0.290372 0.287848 -0.448681 0.678998 0.352997 0.298096 0.570521 -1.207032 1.180225 1.264035 -1.232964 0.912009 -1.068268 0.518498
1776409900.130132 jaka_arm_left success 0.290369 0.287827 -0.448677 0.678933 0.353088 0.297891 0.570649 -1.207032 1.180225 1.264035 -1.232964 0.912009 -1.068268 0.518498
1776409900.146782 jaka_arm_left success 0.290376 0.287857 -0.448632 0.678943 0.353160 0.297943 0.570565 -1.207032 1.180225 1.264035 -1.232964 0.912009 -1.068268 0.518498
1776409900.155088 jaka_arm_left success 0.290401 0.287620 -0.448731 0.677714 0.353808 0.298180 0.571500 -1.207235 1.181519 1.263987 -1.232788 0.910792 -1.068423 0.517566
1776409900.171839 jaka_arm_left success 0.290369 0.287692 -0.448692 0.678098 0.353669 0.297714 0.571373 -1.207235 1.181519 1.263987 -1.232788 0.910792 -1.068423 0.517566
1776409900.180140 jaka_arm_left success 0.290380 0.287793 -0.448692 0.678735 0.353183 0.297745 0.570901 -1.207073 1.180881 1.264303 -1.232970 0.911463 -1.068614 0.517945
1776409900.188445 jaka_arm_left success 0.290383 0.287845 -0.448662 0.678939 0.353053 0.297719 0.570752 -1.207073 1.180881 1.264303 -1.232970 0.911463 -1.068614 0.517945
1776409900.196828 jaka_arm_left success 0.290413 0.287761 -0.448715 0.678471 0.353183 0.298309 0.570921 -1.207073 1.180881 1.264303 -1.232970 0.911463 -1.068614 0.517945
1776409900.205125 jaka_arm_left success 0.290396 0.287832 -0.448668 0.678883 0.352960 0.297880 0.570793 -1.207073 1.180881 1.264303 -1.232970 0.911463 -1.068614 0.517945
1776409900.213456 jaka_arm_left success 0.290404 0.287732 -0.448725 0.678421 0.353144 0.298441 0.570935 -1.207073 1.180881 1.264303 -1.232970 0.911463 -1.068614 0.517945
1776409900.230188 jaka_arm_left success 0.290375 0.287783 -0.448665 0.678882 0.352935 0.297866 0.570816 -1.207073 1.180881 1.264303 -1.232970 0.911463 -1.068614 0.517945
1776409900.238446 jaka_arm_left success 0.290327 0.287697 -0.448669 0.678875 0.353091 0.297105 0.571126 -1.206704 1.180809 1.264954 -1.232896 0.911759 -1.069024 0.517691
1776409900.246811 jaka_arm_left success 0.290360 0.287688 -0.448667 0.678605 0.353393 0.298336 0.570618 -1.207163 1.180665 1.263976 -1.232995 0.911480 -1.068343 0.518063
1776409900.263457 jaka_arm_left success 0.290365 0.287795 -0.448608 0.679178 0.353243 0.297964 0.570224 -1.206797 1.180245 1.264083 -1.232822 0.911986 -1.068171 0.518199
1776409900.271762 jaka_arm_left success 0.290392 0.287804 -0.448626 0.679177 0.353209 0.297971 0.570241 -1.206797 1.180245 1.264083 -1.232822 0.911986 -1.068171 0.518199
1776409900.280136 jaka_arm_left success 0.290438 0.287818 -0.448654 0.679034 0.352998 0.297883 0.570588 -1.206797 1.180245 1.264083 -1.232822 0.911986 -1.068171 0.518199
1776409900.296846 jaka_arm_left success 0.290534 0.287710 -0.448748 0.678112 0.353292 0.298351 0.571258 -1.207420 1.181050 1.263940 -1.233169 0.911052 -1.068479 0.517854
1776409900.313559 jaka_arm_left success 0.290547 0.287750 -0.448701 0.678011 0.353520 0.297282 0.571794 -1.207083 1.181539 1.264571 -1.232945 0.910851 -1.068919 0.517201
1776409900.321759 jaka_arm_left success 0.290543 0.287808 -0.448672 0.678182 0.353625 0.297051 0.571646 -1.207083 1.181539 1.264571 -1.232945 0.910851 -1.068919 0.517201
1776409900.330060 jaka_arm_left success 0.290534 0.287752 -0.448724 0.677993 0.353751 0.296255 0.572205 -1.206992 1.180768 1.265540 -1.232541 0.910511 -1.070009 0.515272
1776409900.338472 jaka_arm_left success 0.290570 0.287945 -0.448650 0.678431 0.353588 0.296413 0.571705 -1.207015 1.180205 1.265382 -1.232609 0.910893 -1.069843 0.515607
1776409900.355152 jaka_arm_left success 0.290578 0.288062 -0.448635 0.678623 0.353663 0.296595 0.571336 -1.206907 1.179774 1.265113 -1.232451 0.911163 -1.069472 0.515763
1776409900.363467 jaka_arm_left success 0.290607 0.288122 -0.448628 0.678656 0.353651 0.296637 0.571282 -1.206907 1.179774 1.265113 -1.232451 0.911163 -1.069472 0.515763
1776409900.371770 jaka_arm_left success 0.290565 0.288156 -0.448628 0.678296 0.354591 0.296485 0.571206 -1.206624 1.180053 1.264936 -1.231964 0.910912 -1.069102 0.515310
1776409900.388475 jaka_arm_left success 0.290546 0.288210 -0.448623 0.678292 0.354972 0.296341 0.571049 -1.206852 1.179025 1.264809 -1.231746 0.910707 -1.068383 0.513374
1776409900.396760 jaka_arm_left success 0.290501 0.288132 -0.448650 0.678029 0.355228 0.296040 0.571359 -1.206827 1.179290 1.264968 -1.231706 0.910503 -1.068512 0.513070
1776409900.413432 jaka_arm_left success 0.290545 0.288222 -0.448613 0.678059 0.355187 0.296770 0.570970 -1.207116 1.179080 1.264500 -1.231867 0.910475 -1.068202 0.513370
1776409900.421808 jaka_arm_left success 0.290557 0.288249 -0.448607 0.678242 0.355093 0.296571 0.570914 -1.207116 1.179080 1.264500 -1.231867 0.910475 -1.068202 0.513370
1776409900.430195 jaka_arm_left success 0.290509 0.288136 -0.448662 0.678001 0.355202 0.296056 0.571399 -1.206906 1.179308 1.264892 -1.231762 0.910430 -1.068442 0.513014
1776409900.446980 jaka_arm_left success 0.290545 0.288161 -0.448646 0.678199 0.354610 0.296219 0.571448 -1.206906 1.179308 1.264892 -1.231762 0.910430 -1.068442 0.513014
1776409900.455157 jaka_arm_left success 0.290565 0.288185 -0.448626 0.678181 0.354436 0.296632 0.571363 -1.207287 1.179015 1.264828 -1.232215 0.910547 -1.068613 0.513404
1776409900.463455 jaka_arm_left success 0.290520 0.288107 -0.448645 0.678159 0.354460 0.296160 0.571619 -1.207236 1.179060 1.265256 -1.232338 0.910610 -1.069002 0.513254
1776409900.480158 jaka_arm_left success 0.290480 0.287981 -0.448670 0.677796 0.354570 0.296206 0.571957 -1.207236 1.179060 1.265256 -1.232338 0.910610 -1.069002 0.513254
1776409900.488449 jaka_arm_left success 0.290432 0.287986 -0.448679 0.678071 0.354465 0.296041 0.571782 -1.207236 1.179060 1.265256 -1.232338 0.910610 -1.069002 0.513254
1776409900.496795 jaka_arm_left success 0.290552 0.287975 -0.448683 0.678101 0.353602 0.296373 0.572107 -1.207683 1.178954 1.265385 -1.232879 0.910584 -1.069436 0.513514
1776409900.505128 jaka_arm_left success 0.290562 0.287976 -0.448679 0.678192 0.353376 0.296491 0.572079 -1.207683 1.178954 1.265385 -1.232879 0.910584 -1.069436 0.513514
1776409900.513481 jaka_arm_left success 0.290567 0.287991 -0.448673 0.678299 0.353186 0.296692 0.571966 -1.207932 1.178727 1.265370 -1.233195 0.910696 -1.069592 0.513808
1776409900.521706 jaka_arm_left success 0.290532 0.287938 -0.448691 0.678240 0.353263 0.296547 0.572062 -1.207932 1.178727 1.265370 -1.233195 0.910696 -1.069592 0.513808
1776409900.530088 jaka_arm_left success 0.290525 0.287936 -0.448691 0.678311 0.353176 0.296646 0.571981 -1.207932 1.178727 1.265370 -1.233195 0.910696 -1.069592 0.513808
1776409900.546787 jaka_arm_left success 0.290488 0.287952 -0.448670 0.678542 0.353042 0.296605 0.571810 -1.207932 1.178727 1.265370 -1.233195 0.910696 -1.069592 0.513808
1776409900.555092 jaka_arm_left success 0.290410 0.287840 -0.448658 0.678552 0.353208 0.296100 0.571958 -1.207611 1.178573 1.265844 -1.233128 0.911031 -1.069867 0.513728
1776409900.571796 jaka_arm_left success 0.290432 0.287890 -0.448631 0.678573 0.353092 0.296590 0.571751 -1.207611 1.178573 1.265844 -1.233128 0.911031 -1.069867 0.513728
1776409900.580112 jaka_arm_left success 0.290403 0.287885 -0.448629 0.678608 0.353105 0.296674 0.571658 -1.207803 1.178342 1.265551 -1.233271 0.911089 -1.069707 0.514020
1776409900.588398 jaka_arm_left success 0.290337 0.287789 -0.448656 0.678489 0.353363 0.296346 0.571810 -1.207803 1.178342 1.265551 -1.233271 0.911089 -1.069707 0.514020
1776409900.596843 jaka_arm_left success 0.290370 0.287786 -0.448685 0.678497 0.353105 0.296213 0.572029 -1.207803 1.178342 1.265551 -1.233271 0.911089 -1.069707 0.514020
1776409900.605044 jaka_arm_left success 0.290371 0.287778 -0.448695 0.678499 0.353014 0.296268 0.572054 -1.207803 1.178342 1.265551 -1.233271 0.911089 -1.069707 0.514020
1776409900.613437 jaka_arm_left success 0.290404 0.287860 -0.448665 0.678650 0.352863 0.296760 0.571712 -1.207803 1.178342 1.265551 -1.233271 0.911089 -1.069707 0.514020
1776409900.630244 jaka_arm_left success 0.290372 0.287792 -0.448685 0.678533 0.352984 0.296327 0.572002 -1.207803 1.178342 1.265551 -1.233271 0.911089 -1.069707 0.514020
1776409900.638556 jaka_arm_left success 0.290359 0.287862 -0.448640 0.678655 0.353038 0.296909 0.571522 -1.207803 1.178342 1.265551 -1.233271 0.911089 -1.069707 0.514020
1776409900.646741 jaka_arm_left success 0.290346 0.287864 -0.448627 0.678632 0.353069 0.296895 0.571537 -1.207803 1.178342 1.265551 -1.233271 0.911089 -1.069707 0.514020
1776409900.663601 jaka_arm_left success 0.290346 0.287861 -0.448616 0.678605 0.353087 0.296829 0.571592 -1.207803 1.178342 1.265551 -1.233271 0.911089 -1.069707 0.514020
1776409900.671828 jaka_arm_left success 0.290372 0.287886 -0.448619 0.678660 0.353010 0.296887 0.571544 -1.207803 1.178342 1.265551 -1.233271 0.911089 -1.069707 0.514020
1776409900.688492 jaka_arm_left success 0.290373 0.287825 -0.448668 0.678596 0.352959 0.296083 0.572068 -1.207460 1.178658 1.266656 -1.233318 0.911130 -1.070673 0.513465
1776409900.696884 jaka_arm_left success 0.290391 0.287816 -0.448697 0.678465 0.352982 0.296211 0.572144 -1.207785 1.178495 1.266063 -1.233412 0.910978 -1.070319 0.513734
1776409900.705295 jaka_arm_left success 0.290423 0.287896 -0.448667 0.678573 0.352871 0.296716 0.571822 -1.207970 1.178223 1.265586 -1.233473 0.911022 -1.069979 0.514072
1776409900.721788 jaka_arm_left success 0.290396 0.287853 -0.448700 0.678519 0.352891 0.296124 0.572181 -1.207970 1.178223 1.265586 -1.233473 0.911022 -1.069979 0.514072
1776409900.730273 jaka_arm_left success 0.290419 0.287936 -0.448675 0.678621 0.352728 0.296576 0.571925 -1.207970 1.178223 1.265586 -1.233473 0.911022 -1.069979 0.514072
1776409900.738616 jaka_arm_left success 0.290418 0.287948 -0.448666 0.678666 0.352707 0.296531 0.571909 -1.207970 1.178223 1.265586 -1.233473 0.911022 -1.069979 0.514072
1776409900.746756 jaka_arm_left success 0.290383 0.287873 -0.448684 0.678582 0.352828 0.295944 0.572237 -1.207701 1.178400 1.266047 -1.233341 0.911037 -1.070299 0.513742
1776409900.755121 jaka_arm_left success 0.290425 0.287937 -0.448660 0.678589 0.352760 0.296543 0.571961 -1.207701 1.178400 1.266047 -1.233341 0.911037 -1.070299 0.513742
1776409900.771837 jaka_arm_left success 0.290412 0.287935 -0.448641 0.678615 0.352869 0.296764 0.571749 -1.207945 1.178134 1.265538 -1.233448 0.911051 -1.069965 0.514104
1776409900.780114 jaka_arm_left success 0.290384 0.287926 -0.448624 0.678704 0.353029 0.296846 0.571501 -1.207945 1.178134 1.265538 -1.233448 0.911051 -1.069965 0.514104
1776409900.788405 jaka_arm_left success 0.290386 0.287922 -0.448621 0.678721 0.353042 0.296889 0.571451 -1.207945 1.178134 1.265538 -1.233448 0.911051 -1.069965 0.514104
1776409900.796813 jaka_arm_left success 0.290385 0.287923 -0.448618 0.678722 0.353059 0.296911 0.571428 -1.207945 1.178134 1.265538 -1.233448 0.911051 -1.069965 0.514104
1776409900.805098 jaka_arm_left success 0.290381 0.287822 -0.448681 0.678506 0.353060 0.296172 0.572067 -1.207728 1.178350 1.265753 -1.233260 0.910971 -1.070061 0.513810
1776409900.813510 jaka_arm_left success 0.290407 0.287873 -0.448663 0.678535 0.353001 0.296561 0.571868 -1.207728 1.178350 1.265753 -1.233260 0.910971 -1.070061 0.513810
1776409900.821699 jaka_arm_left success 0.290431 0.287910 -0.448666 0.678550 0.352887 0.296661 0.571868 -1.207728 1.178350 1.265753 -1.233260 0.910971 -1.070061 0.513810
1776409900.838415 jaka_arm_left success 0.290413 0.287856 -0.448690 0.678542 0.352918 0.295977 0.572213 -1.207728 1.178350 1.265753 -1.233260 0.910971 -1.070061 0.513810
1776409900.846792 jaka_arm_left success 0.290408 0.287820 -0.448691 0.678502 0.353037 0.295893 0.572230 -1.207728 1.178350 1.265753 -1.233260 0.910971 -1.070061 0.513810
1776409900.863448 jaka_arm_left success 0.290448 0.287890 -0.448671 0.678588 0.352972 0.296488 0.571860 -1.207728 1.178350 1.265753 -1.233260 0.910971 -1.070061 0.513810
1776409900.871774 jaka_arm_left success 0.290484 0.287897 -0.448661 0.678619 0.353006 0.296601 0.571743 -1.207728 1.178350 1.265753 -1.233260 0.910971 -1.070061 0.513810
1776409900.880128 jaka_arm_left success 0.290479 0.287887 -0.448656 0.678614 0.353082 0.296539 0.571735 -1.207728 1.178350 1.265753 -1.233260 0.910971 -1.070061 0.513810
1776409900.896896 jaka_arm_left success 0.290489 0.287842 -0.448665 0.678315 0.353421 0.296558 0.571870 -1.207732 1.178523 1.265449 -1.233076 0.910734 -1.069773 0.513692
1776409900.905144 jaka_arm_left success 0.290460 0.287764 -0.448690 0.678239 0.353563 0.295969 0.572178 -1.207544 1.178748 1.265735 -1.232936 0.910656 -1.069945 0.513385
1776409900.913462 jaka_arm_left success 0.290493 0.287793 -0.448682 0.678310 0.353453 0.296062 0.572114 -1.207544 1.178748 1.265735 -1.232936 0.910656 -1.069945 0.513385
1776409900.930085 jaka_arm_left success 0.290561 0.287944 -0.448666 0.678521 0.353220 0.296648 0.571703 -1.207777 1.178372 1.265455 -1.233156 0.910838 -1.069805 0.513804
1776409900.938518 jaka_arm_left success 0.290570 0.287940 -0.448683 0.678440 0.353328 0.296590 0.571763 -1.207777 1.178372 1.265455 -1.233156 0.910838 -1.069805 0.513804
1776409900.955167 jaka_arm_left success 0.290567 0.287956 -0.448676 0.678479 0.353483 0.296497 0.571669 -1.207777 1.178372 1.265455 -1.233156 0.910838 -1.069805 0.513804
1776409900.963503 jaka_arm_left success 0.290562 0.288064 -0.448653 0.678696 0.353603 0.296665 0.571251 -1.207496 1.178122 1.265147 -1.232805 0.911065 -1.069284 0.513882
1776409900.971789 jaka_arm_left success 0.290520 0.287985 -0.448666 0.678634 0.353727 0.295935 0.571625 -1.207243 1.178326 1.265538 -1.232646 0.911052 -1.069501 0.513530
1776409900.988414 jaka_arm_left success 0.290554 0.287946 -0.448663 0.678225 0.353824 0.296246 0.571889 -1.207243 1.178326 1.265538 -1.232646 0.911052 -1.069501 0.513530
1776409900.996790 jaka_arm_left success 0.290561 0.288092 -0.448630 0.678641 0.353703 0.296539 0.571319 -1.207243 1.178326 1.265538 -1.232646 0.911052 -1.069501 0.513530
1776409901.005150 jaka_arm_left success 0.290569 0.287972 -0.448669 0.678174 0.353942 0.296353 0.571822 -1.207243 1.178326 1.265538 -1.232646 0.911052 -1.069501 0.513530
1776409901.021747 jaka_arm_left success 0.290499 0.288065 -0.448662 0.678371 0.354391 0.296753 0.571102 -1.207289 1.178441 1.264761 -1.232319 0.910741 -1.068730 0.513499
1776409901.030167 jaka_arm_left success 0.290562 0.288102 -0.448650 0.678610 0.353960 0.296757 0.571084 -1.207416 1.178229 1.264777 -1.232529 0.910907 -1.068800 0.513731
1776409901.038546 jaka_arm_left success 0.290506 0.288073 -0.448660 0.678369 0.354436 0.296821 0.571041 -1.207416 1.178229 1.264777 -1.232529 0.910907 -1.068800 0.513731
1776409901.055157 jaka_arm_left success 0.290498 0.288058 -0.448658 0.678296 0.354538 0.296790 0.571081 -1.207416 1.178229 1.264777 -1.232529 0.910907 -1.068800 0.513731
1776409901.063468 jaka_arm_left success 0.290521 0.288010 -0.448663 0.678601 0.353865 0.296122 0.571482 -1.207235 1.178353 1.265407 -1.232587 0.911016 -1.069291 0.513473
1776409901.080159 jaka_arm_left success 0.290541 0.288049 -0.448637 0.678580 0.353859 0.296650 0.571237 -1.207235 1.178353 1.265407 -1.232587 0.911016 -1.069291 0.513473
1776409901.096817 jaka_arm_left success 0.290536 0.288045 -0.448641 0.678539 0.353922 0.296683 0.571229 -1.207235 1.178353 1.265407 -1.232587 0.911016 -1.069291 0.513473
1776409901.105102 jaka_arm_left success 0.290540 0.288062 -0.448658 0.678616 0.353794 0.296592 0.571264 -1.207235 1.178353 1.265407 -1.232587 0.911016 -1.069291 0.513473
1776409901.113557 jaka_arm_left success 0.290543 0.288076 -0.448660 0.678563 0.353799 0.296716 0.571261 -1.207235 1.178353 1.265407 -1.232587 0.911016 -1.069291 0.513473
1776409901.121781 jaka_arm_left success 0.290457 0.287943 -0.448690 0.677876 0.354545 0.296674 0.571634 -1.207430 1.178932 1.264933 -1.232417 0.910331 -1.068963 0.513139
1776409901.130103 jaka_arm_left success 0.290484 0.287963 -0.448687 0.677783 0.354371 0.297001 0.571683 -1.207430 1.178932 1.264933 -1.232417 0.910331 -1.068963 0.513139
1776409901.138420 jaka_arm_left success 0.290460 0.287955 -0.448686 0.677713 0.354474 0.296937 0.571735 -1.207430 1.178932 1.264933 -1.232417 0.910331 -1.068963 0.513139
1776409901.146765 jaka_arm_left success 0.290458 0.287964 -0.448684 0.677735 0.354479 0.296801 0.571777 -1.207430 1.178932 1.264933 -1.232417 0.910331 -1.068963 0.513139
1776409901.163469 jaka_arm_left success 0.290417 0.287889 -0.448712 0.677619 0.354582 0.296282 0.572120 -1.207467 1.179349 1.265136 -1.232437 0.910005 -1.069214 0.512815
1776409901.171763 jaka_arm_left success 0.290523 0.287995 -0.448683 0.677937 0.353882 0.296744 0.571937 -1.207774 1.179023 1.265045 -1.232819 0.910177 -1.069323 0.513236
1776409901.180141 jaka_arm_left success 0.290535 0.288015 -0.448671 0.678007 0.353775 0.296760 0.571912 -1.207774 1.179023 1.265045 -1.232819 0.910177 -1.069323 0.513236
1776409901.188395 jaka_arm_left success 0.290446 0.287952 -0.448699 0.677630 0.354477 0.296697 0.571956 -1.207774 1.179023 1.265045 -1.232819 0.910177 -1.069323 0.513236
1776409901.205122 jaka_arm_left success 0.290484 0.288019 -0.448677 0.677786 0.354289 0.296800 0.571834 -1.207774 1.179023 1.265045 -1.232819 0.910177 -1.069323 0.513236
1776409901.213483 jaka_arm_left success 0.290432 0.287965 -0.448697 0.677667 0.354542 0.296540 0.571953 -1.207774 1.179023 1.265045 -1.232819 0.910177 -1.069323 0.513236
1776409901.221891 jaka_arm_left success 0.290463 0.287988 -0.448697 0.677692 0.354386 0.296768 0.571903 -1.207774 1.179023 1.265045 -1.232819 0.910177 -1.069323 0.513236
1776409901.230069 jaka_arm_left success 0.290423 0.287956 -0.448705 0.677596 0.354576 0.296635 0.571968 -1.207774 1.179023 1.265045 -1.232819 0.910177 -1.069323 0.513236
1776409901.238443 jaka_arm_left success 0.290399 0.287936 -0.448708 0.677532 0.354670 0.296513 0.572048 -1.207586 1.179325 1.265005 -1.232537 0.909960 -1.069181 0.512928
1776409901.246769 jaka_arm_left success 0.290366 0.287863 -0.448729 0.677453 0.354709 0.295997 0.572385 -1.207411 1.179625 1.265300 -1.232410 0.909815 -1.069387 0.512580
1776409901.263757 jaka_arm_left success 0.290412 0.287959 -0.448702 0.677607 0.354435 0.296585 0.572069 -1.207625 1.179403 1.265085 -1.232614 0.909886 -1.069320 0.512881
1776409901.271701 jaka_arm_left success 0.290388 0.287876 -0.448735 0.677491 0.354484 0.296017 0.572469 -1.207625 1.179403 1.265085 -1.232614 0.909886 -1.069320 0.512881
1776409901.288455 jaka_arm_left success 0.290471 0.287901 -0.448731 0.677807 0.353821 0.295814 0.572610 -1.207643 1.179272 1.265824 -1.232989 0.910156 -1.070094 0.512905
1776409901.296748 jaka_arm_left success 0.290503 0.287962 -0.448711 0.677911 0.353775 0.296269 0.572280 -1.207643 1.179272 1.265824 -1.232989 0.910156 -1.070094 0.512905
1776409901.305155 jaka_arm_left success 0.290487 0.287944 -0.448717 0.677847 0.353920 0.296259 0.572271 -1.207643 1.179272 1.265824 -1.232989 0.910156 -1.070094 0.512905
1776409901.321720 jaka_arm_left success 0.290449 0.287866 -0.448740 0.677762 0.354031 0.295657 0.572615 -1.207643 1.179272 1.265824 -1.232989 0.910156 -1.070094 0.512905
1776409901.330087 jaka_arm_left success 0.290398 0.287928 -0.448720 0.677542 0.354545 0.296339 0.572205 -1.207505 1.179450 1.265329 -1.232576 0.909892 -1.069536 0.512719
1776409901.346788 jaka_arm_left success 0.290444 0.287994 -0.448694 0.677679 0.354309 0.296615 0.572045 -1.207676 1.179242 1.265074 -1.232712 0.909952 -1.069401 0.512991
1776409901.355130 jaka_arm_left success 0.290433 0.287924 -0.448722 0.677563 0.354396 0.296104 0.572393 -1.207676 1.179242 1.265074 -1.232712 0.909952 -1.069401 0.512991
1776409901.363486 jaka_arm_left success 0.290505 0.288020 -0.448706 0.677676 0.354364 0.296485 0.572082 -1.207676 1.179242 1.265074 -1.232712 0.909952 -1.069401 0.512991
1776409901.380165 jaka_arm_left success 0.290484 0.287972 -0.448724 0.677580 0.354572 0.296092 0.572271 -1.207480 1.179409 1.265232 -1.232530 0.909896 -1.069442 0.512741
1776409901.388471 jaka_arm_left success 0.290530 0.288173 -0.448660 0.677957 0.354518 0.296776 0.571503 -1.207522 1.178885 1.264728 -1.232516 0.910211 -1.068942 0.513212
1776409901.396772 jaka_arm_left success 0.290452 0.287979 -0.448707 0.677274 0.355207 0.295798 0.572391 -1.207170 1.179648 1.265139 -1.232110 0.909738 -1.069154 0.512382
1776409901.413482 jaka_arm_left success 0.290470 0.288186 -0.448640 0.677835 0.355096 0.296332 0.571519 -1.207141 1.179173 1.264833 -1.232091 0.910071 -1.068801 0.512732
1776409901.421720 jaka_arm_left success 0.290514 0.288302 -0.448609 0.678183 0.355028 0.296304 0.571162 -1.206960 1.178769 1.264750 -1.231993 0.910447 -1.068558 0.512927
1776409901.430142 jaka_arm_left success 0.290524 0.288310 -0.448618 0.678094 0.355105 0.296469 0.571135 -1.206960 1.178769 1.264750 -1.231993 0.910447 -1.068558 0.512927
1776409901.446813 jaka_arm_left success 0.290551 0.288248 -0.448639 0.677829 0.355326 0.296067 0.571520 -1.206887 1.179073 1.264842 -1.231862 0.910212 -1.068594 0.512593
1776409901.455159 jaka_arm_left success 0.290547 0.288294 -0.448641 0.677890 0.355466 0.295827 0.571485 -1.206887 1.179073 1.264842 -1.231862 0.910212 -1.068594 0.512593
1776409901.463463 jaka_arm_left success 0.290513 0.288253 -0.448656 0.677822 0.355601 0.295260 0.571775 -1.206552 1.179350 1.265285 -1.231608 0.910148 -1.068806 0.512084
1776409901.480110 jaka_arm_left success 0.290521 0.288228 -0.448649 0.677514 0.355721 0.295397 0.571995 -1.206552 1.179350 1.265285 -1.231608 0.910148 -1.068806 0.512084
1776409901.488398 jaka_arm_left success 0.290542 0.288332 -0.448608 0.677677 0.355517 0.295642 0.571802 -1.206552 1.179350 1.265285 -1.231608 0.910148 -1.068806 0.512084
1776409901.496845 jaka_arm_left success 0.290509 0.288284 -0.448625 0.677631 0.355610 0.295037 0.572111 -1.206549 1.179615 1.265673 -1.231644 0.909934 -1.069194 0.511661
1776409901.513440 jaka_arm_left success 0.290533 0.288276 -0.448654 0.677490 0.355758 0.295201 0.572102 -1.206549 1.179615 1.265673 -1.231644 0.909934 -1.069194 0.511661
1776409901.530113 jaka_arm_left success 0.290542 0.288277 -0.448672 0.677442 0.355765 0.295260 0.572124 -1.206549 1.179615 1.265673 -1.231644 0.909934 -1.069194 0.511661
1776409901.538677 jaka_arm_left success 0.290576 0.288388 -0.448648 0.677712 0.355480 0.295513 0.571850 -1.206549 1.179615 1.265673 -1.231644 0.909934 -1.069194 0.511661
1776409901.546767 jaka_arm_left success 0.290560 0.288305 -0.448681 0.677449 0.355629 0.295259 0.572200 -1.206549 1.179615 1.265673 -1.231644 0.909934 -1.069194 0.511661
1776409901.563498 jaka_arm_left success 0.290550 0.288305 -0.448674 0.677449 0.355643 0.295214 0.572215 -1.206549 1.179615 1.265673 -1.231644 0.909934 -1.069194 0.511661
1776409901.571907 jaka_arm_left success 0.290525 0.288327 -0.448653 0.677565 0.355593 0.294973 0.572232 -1.206549 1.179615 1.265673 -1.231644 0.909934 -1.069194 0.511661
1776409901.580089 jaka_arm_left success 0.290556 0.288394 -0.448627 0.677684 0.355462 0.295430 0.571938 -1.206549 1.179615 1.265673 -1.231644 0.909934 -1.069194 0.511661
1776409901.596786 jaka_arm_left success 0.290524 0.288329 -0.448643 0.677654 0.355543 0.294974 0.572157 -1.206549 1.179615 1.265673 -1.231644 0.909934 -1.069194 0.511661
1776409901.605115 jaka_arm_left success 0.290526 0.288288 -0.448661 0.677504 0.355556 0.295293 0.572162 -1.206549 1.179615 1.265673 -1.231644 0.909934 -1.069194 0.511661
1776409901.621812 jaka_arm_left success 0.290563 0.288365 -0.448646 0.677586 0.355357 0.296010 0.571819 -1.207005 1.179332 1.265187 -1.231954 0.909878 -1.068999 0.512048
1776409901.630081 jaka_arm_left success 0.290565 0.288405 -0.448631 0.677804 0.355156 0.295855 0.571766 -1.207005 1.179332 1.265187 -1.231954 0.909878 -1.068999 0.512048
1776409901.646774 jaka_arm_left success 0.290535 0.288324 -0.448633 0.677666 0.355344 0.295984 0.571745 -1.207005 1.179332 1.265187 -1.231954 0.909878 -1.068999 0.512048
1776409901.655103 jaka_arm_left success 0.290490 0.288219 -0.448655 0.677616 0.355513 0.295344 0.572030 -1.207005 1.179332 1.265187 -1.231954 0.909878 -1.068999 0.512048
1776409901.663407 jaka_arm_left success 0.290525 0.288292 -0.448630 0.677798 0.355369 0.295860 0.571637 -1.207005 1.179332 1.265187 -1.231954 0.909878 -1.068999 0.512048
1776409901.680129 jaka_arm_left success 0.290510 0.288210 -0.448667 0.677683 0.355457 0.295397 0.571959 -1.207005 1.179332 1.265187 -1.231954 0.909878 -1.068999 0.512048
1776409901.688430 jaka_arm_left success 0.290511 0.288177 -0.448691 0.677443 0.355516 0.295579 0.572112 -1.207005 1.179332 1.265187 -1.231954 0.909878 -1.068999 0.512048
1776409901.696722 jaka_arm_left success 0.290509 0.288241 -0.448658 0.677739 0.355363 0.295241 0.572031 -1.207005 1.179332 1.265187 -1.231954 0.909878 -1.068999 0.512048
1776409901.713447 jaka_arm_left success 0.290557 0.288296 -0.448652 0.677612 0.355320 0.295937 0.571849 -1.207005 1.179332 1.265187 -1.231954 0.909878 -1.068999 0.512048
1776409901.730160 jaka_arm_left success 0.290540 0.288356 -0.448626 0.677818 0.355187 0.295736 0.571791 -1.207005 1.179332 1.265187 -1.231954 0.909878 -1.068999 0.512048
1776409901.738442 jaka_arm_left success 0.290507 0.288246 -0.448672 0.677555 0.355391 0.295194 0.572255 -1.206810 1.179512 1.265591 -1.231846 0.909827 -1.069281 0.511668
1776409901.746811 jaka_arm_left success 0.290517 0.288270 -0.448679 0.677597 0.355337 0.295157 0.572258 -1.206810 1.179512 1.265591 -1.231846 0.909827 -1.069281 0.511668
1776409901.755148 jaka_arm_left success 0.290533 0.288278 -0.448682 0.677564 0.355307 0.295114 0.572339 -1.206810 1.179512 1.265591 -1.231846 0.909827 -1.069281 0.511668
1776409901.771806 jaka_arm_left success 0.290559 0.288363 -0.448655 0.677870 0.355098 0.295203 0.572060 -1.206810 1.179512 1.265591 -1.231846 0.909827 -1.069281 0.511668
1776409901.780117 jaka_arm_left success 0.290566 0.288389 -0.448638 0.677885 0.355138 0.295613 0.571806 -1.206949 1.179085 1.265421 -1.232006 0.910068 -1.069181 0.511982
1776409901.788476 jaka_arm_left success 0.290569 0.288382 -0.448633 0.677916 0.355142 0.295635 0.571755 -1.206949 1.179085 1.265421 -1.232006 0.910068 -1.069181 0.511982
1776409901.796750 jaka_arm_left success 0.290568 0.288372 -0.448626 0.677963 0.355111 0.295568 0.571753 -1.206949 1.179085 1.265421 -1.232006 0.910068 -1.069181 0.511982
1776409901.813495 jaka_arm_left success 0.290568 0.288283 -0.448653 0.677705 0.355266 0.295554 0.571970 -1.206949 1.179085 1.265421 -1.232006 0.910068 -1.069181 0.511982
1776409901.821758 jaka_arm_left success 0.290574 0.288303 -0.448646 0.677727 0.355245 0.295801 0.571830 -1.206949 1.179085 1.265421 -1.232006 0.910068 -1.069181 0.511982
1776409901.838554 jaka_arm_left success 0.290555 0.288350 -0.448625 0.677949 0.355158 0.295648 0.571700 -1.206949 1.179085 1.265421 -1.232006 0.910068 -1.069181 0.511982
1776409901.846780 jaka_arm_left success 0.290569 0.288327 -0.448646 0.677833 0.355238 0.295895 0.571660 -1.206949 1.179085 1.265421 -1.232006 0.910068 -1.069181 0.511982
1776409901.855138 jaka_arm_left success 0.290535 0.288234 -0.448682 0.677704 0.355418 0.295326 0.571995 -1.206822 1.179189 1.265503 -1.231853 0.909999 -1.069173 0.511747
1776409901.863471 jaka_arm_left success 0.290519 0.288273 -0.448660 0.677882 0.355309 0.295080 0.571979 -1.206822 1.179189 1.265503 -1.231853 0.909999 -1.069173 0.511747
1776409901.880206 jaka_arm_left success 0.290574 0.288312 -0.448659 0.677809 0.355180 0.295697 0.571826 -1.206822 1.179189 1.265503 -1.231853 0.909999 -1.069173 0.511747
1776409901.888400 jaka_arm_left success 0.290540 0.288234 -0.448672 0.677716 0.355359 0.295228 0.572067 -1.206822 1.179189 1.265503 -1.231853 0.909999 -1.069173 0.511747
1776409901.905113 jaka_arm_left success 0.290543 0.288210 -0.448666 0.677661 0.355513 0.295142 0.572081 -1.206822 1.179189 1.265503 -1.231853 0.909999 -1.069173 0.511747
1776409901.913442 jaka_arm_left success 0.290579 0.288288 -0.448644 0.677744 0.355480 0.295723 0.571703 -1.206822 1.179189 1.265503 -1.231853 0.909999 -1.069173 0.511747
1776409901.930173 jaka_arm_left success 0.290536 0.288274 -0.448650 0.677871 0.355479 0.295027 0.571913 -1.206822 1.179189 1.265503 -1.231853 0.909999 -1.069173 0.511747
1776409901.938453 jaka_arm_left success 0.290549 0.288262 -0.448683 0.677663 0.355528 0.295144 0.572069 -1.206822 1.179189 1.265503 -1.231853 0.909999 -1.069173 0.511747
1776409901.946750 jaka_arm_left success 0.290604 0.288352 -0.448668 0.677690 0.355348 0.295776 0.571822 -1.206822 1.179189 1.265503 -1.231853 0.909999 -1.069173 0.511747
1776409901.963490 jaka_arm_left success 0.290566 0.288336 -0.448669 0.677830 0.355235 0.295065 0.572094 -1.206672 1.178946 1.266226 -1.231941 0.910252 -1.069763 0.511390
1776409901.971909 jaka_arm_left success 0.290583 0.288396 -0.448649 0.677946 0.355120 0.295376 0.571867 -1.206955 1.178654 1.265680 -1.232015 0.910209 -1.069386 0.511637
1776409901.980154 jaka_arm_left success 0.290567 0.288288 -0.448693 0.677684 0.355358 0.295103 0.572171 -1.206878 1.178893 1.265745 -1.231855 0.909992 -1.069401 0.511302
1776409901.996823 jaka_arm_left success 0.290544 0.288253 -0.448687 0.677627 0.355489 0.295038 0.572190 -1.206878 1.178893 1.265745 -1.231855 0.909992 -1.069401 0.511302
1776409902.005094 jaka_arm_left success 0.290536 0.288218 -0.448702 0.677445 0.355575 0.295238 0.572249 -1.206878 1.178893 1.265745 -1.231855 0.909992 -1.069401 0.511302
1776409902.013433 jaka_arm_left success 0.290637 0.288181 -0.448702 0.677154 0.355550 0.295433 0.572509 -1.207207 1.179351 1.265526 -1.231914 0.909389 -1.069413 0.511003
1776409902.021783 jaka_arm_left success 0.290579 0.288163 -0.448708 0.677357 0.355445 0.295342 0.572380 -1.207207 1.179351 1.265526 -1.231914 0.909389 -1.069413 0.511003
1776409902.038480 jaka_arm_left success 0.290585 0.288123 -0.448721 0.677193 0.355544 0.295346 0.572511 -1.207207 1.179351 1.265526 -1.231914 0.909389 -1.069413 0.511003
1776409902.046782 jaka_arm_left success 0.290579 0.288171 -0.448708 0.677487 0.355394 0.295334 0.572262 -1.207207 1.179351 1.265526 -1.231914 0.909389 -1.069413 0.511003
1776409902.063419 jaka_arm_left success 0.290573 0.288175 -0.448701 0.677430 0.355519 0.295437 0.572199 -1.207207 1.179351 1.265526 -1.231914 0.909389 -1.069413 0.511003
1776409902.071892 jaka_arm_left success 0.290570 0.288180 -0.448699 0.677452 0.355500 0.295435 0.572185 -1.207207 1.179351 1.265526 -1.231914 0.909389 -1.069413 0.511003
1776409902.080123 jaka_arm_left success 0.290569 0.288122 -0.448719 0.677234 0.355577 0.295339 0.572445 -1.207207 1.179351 1.265526 -1.231914 0.909389 -1.069413 0.511003
1776409902.088396 jaka_arm_left success 0.290565 0.288121 -0.448717 0.677241 0.355563 0.295320 0.572456 -1.207207 1.179351 1.265526 -1.231914 0.909389 -1.069413 0.511003
1776409902.096815 jaka_arm_left success 0.290564 0.288119 -0.448717 0.677224 0.355549 0.295329 0.572480 -1.207207 1.179351 1.265526 -1.231914 0.909389 -1.069413 0.511003
1776409902.105057 jaka_arm_left success 0.290566 0.288116 -0.448713 0.677214 0.355504 0.295336 0.572516 -1.207207 1.179351 1.265526 -1.231914 0.909389 -1.069413 0.511003
1776409902.113484 jaka_arm_left success 0.290566 0.288125 -0.448708 0.677256 0.355465 0.295329 0.572494 -1.207207 1.179351 1.265526 -1.231914 0.909389 -1.069413 0.511003
1776409902.121722 jaka_arm_left success 0.290560 0.288115 -0.448714 0.677214 0.355514 0.295330 0.572514 -1.207207 1.179351 1.265526 -1.231914 0.909389 -1.069413 0.511003
1776409902.130170 jaka_arm_left success 0.290558 0.288146 -0.448713 0.677388 0.355393 0.295359 0.572367 -1.207207 1.179351 1.265526 -1.231914 0.909389 -1.069413 0.511003
1776409902.138512 jaka_arm_left success 0.290535 0.288127 -0.448723 0.677364 0.355500 0.295250 0.572387 -1.207207 1.179351 1.265526 -1.231914 0.909389 -1.069413 0.511003
1776409902.155152 jaka_arm_left success 0.290533 0.288089 -0.448733 0.677200 0.355589 0.295233 0.572534 -1.207207 1.179351 1.265526 -1.231914 0.909389 -1.069413 0.511003
1776409902.163419 jaka_arm_left success 0.290527 0.288144 -0.448710 0.677523 0.355332 0.295435 0.572207 -1.207207 1.179351 1.265526 -1.231914 0.909389 -1.069413 0.511003
1776409902.180159 jaka_arm_left success 0.290530 0.288135 -0.448713 0.677539 0.355238 0.295460 0.572232 -1.207207 1.179351 1.265526 -1.231914 0.909389 -1.069413 0.511003
1776409902.188385 jaka_arm_left success 0.290525 0.288116 -0.448710 0.677576 0.355110 0.295491 0.572253 -1.207207 1.179351 1.265526 -1.231914 0.909389 -1.069413 0.511003
1776409902.196729 jaka_arm_left success 0.290528 0.288088 -0.448714 0.677532 0.355067 0.295519 0.572316 -1.207330 1.179048 1.265545 -1.232126 0.909605 -1.069498 0.511261
1776409902.213448 jaka_arm_left success 0.290522 0.288003 -0.448713 0.677522 0.355058 0.295456 0.572367 -1.207330 1.179048 1.265545 -1.232126 0.909605 -1.069498 0.511261
1776409902.221754 jaka_arm_left success 0.290568 0.288024 -0.448699 0.677901 0.354473 0.295494 0.572261 -1.207455 1.178621 1.265709 -1.232435 0.909971 -1.069721 0.511608
1776409902.230135 jaka_arm_left success 0.290576 0.287998 -0.448707 0.677947 0.354392 0.295560 0.572223 -1.207455 1.178621 1.265709 -1.232435 0.909971 -1.069721 0.511608
1776409902.246795 jaka_arm_left success 0.290572 0.287991 -0.448708 0.677999 0.354349 0.295631 0.572151 -1.207455 1.178621 1.265709 -1.232435 0.909971 -1.069721 0.511608
1776409902.255090 jaka_arm_left success 0.290562 0.287955 -0.448732 0.677900 0.354269 0.295716 0.572274 -1.207455 1.178621 1.265709 -1.232435 0.909971 -1.069721 0.511608
1776409902.263496 jaka_arm_left success 0.290559 0.287967 -0.448735 0.677976 0.354190 0.295756 0.572212 -1.207455 1.178621 1.265709 -1.232435 0.909971 -1.069721 0.511608
1776409902.280108 jaka_arm_left success 0.290551 0.287977 -0.448728 0.678032 0.354184 0.295783 0.572135 -1.207583 1.178345 1.265690 -1.232629 0.910166 -1.069768 0.511873
1776409902.296916 jaka_arm_left success 0.290546 0.287960 -0.448752 0.677870 0.354190 0.295831 0.572299 -1.207583 1.178345 1.265690 -1.232629 0.910166 -1.069768 0.511873
1776409902.305357 jaka_arm_left success 0.290546 0.287962 -0.448755 0.677801 0.354189 0.295853 0.572369 -1.207583 1.178345 1.265690 -1.232629 0.910166 -1.069768 0.511873
1776409902.313538 jaka_arm_left success 0.290544 0.287970 -0.448725 0.677771 0.354176 0.295732 0.572475 -1.207583 1.178345 1.265690 -1.232629 0.910166 -1.069768 0.511873
1776409902.330207 jaka_arm_left success 0.290546 0.287982 -0.448724 0.677776 0.354124 0.295842 0.572446 -1.207583 1.178345 1.265690 -1.232629 0.910166 -1.069768 0.511873
1776409902.338578 jaka_arm_left success 0.290538 0.287947 -0.448754 0.677702 0.354136 0.295785 0.572555 -1.207583 1.178345 1.265690 -1.232629 0.910166 -1.069768 0.511873
1776409902.346786 jaka_arm_left success 0.290533 0.287947 -0.448763 0.677727 0.354097 0.295902 0.572488 -1.207583 1.178345 1.265690 -1.232629 0.910166 -1.069768 0.511873
1776409902.355098 jaka_arm_left success 0.290530 0.287947 -0.448761 0.677756 0.354103 0.295891 0.572456 -1.207583 1.178345 1.265690 -1.232629 0.910166 -1.069768 0.511873
1776409902.371847 jaka_arm_left success 0.290526 0.287956 -0.448751 0.677872 0.354036 0.295881 0.572366 -1.207583 1.178345 1.265690 -1.232629 0.910166 -1.069768 0.511873
1776409902.388434 jaka_arm_left success 0.290517 0.287928 -0.448760 0.677827 0.354073 0.295924 0.572374 -1.207583 1.178345 1.265690 -1.232629 0.910166 -1.069768 0.511873
1776409902.405264 jaka_arm_left success 0.290516 0.287924 -0.448754 0.677865 0.354059 0.295993 0.572302 -1.207583 1.178345 1.265690 -1.232629 0.910166 -1.069768 0.511873
1776409902.413415 jaka_arm_left success 0.290518 0.287883 -0.448750 0.677834 0.354027 0.295979 0.572366 -1.207583 1.178345 1.265690 -1.232629 0.910166 -1.069768 0.511873
1776409902.421806 jaka_arm_left success 0.290528 0.287890 -0.448750 0.677882 0.353942 0.295998 0.572351 -1.207583 1.178345 1.265690 -1.232629 0.910166 -1.069768 0.511873
1776409902.430166 jaka_arm_left success 0.290527 0.287881 -0.448753 0.677851 0.353945 0.295942 0.572416 -1.207583 1.178345 1.265690 -1.232629 0.910166 -1.069768 0.511873
1776409902.446787 jaka_arm_left success 0.290536 0.287879 -0.448753 0.677836 0.353958 0.295946 0.572423 -1.207583 1.178345 1.265690 -1.232629 0.910166 -1.069768 0.511873
1776409902.463508 jaka_arm_left success 0.290534 0.287887 -0.448750 0.677886 0.353958 0.295914 0.572380 -1.207583 1.178345 1.265690 -1.232629 0.910166 -1.069768 0.511873
1776409902.471801 jaka_arm_left success 0.290534 0.287900 -0.448752 0.677912 0.354016 0.295980 0.572280 -1.207583 1.178345 1.265690 -1.232629 0.910166 -1.069768 0.511873
1776409902.480130 jaka_arm_left success 0.290532 0.287908 -0.448753 0.677938 0.354036 0.295973 0.572239 -1.207583 1.178345 1.265690 -1.232629 0.910166 -1.069768 0.511873
1776409902.488424 jaka_arm_left success 0.290534 0.287915 -0.448753 0.677949 0.354052 0.295978 0.572214 -1.207583 1.178345 1.265690 -1.232629 0.910166 -1.069768 0.511873
1776409902.496975 jaka_arm_left success 0.290539 0.287923 -0.448750 0.677940 0.354092 0.296037 0.572170 -1.207583 1.178345 1.265690 -1.232629 0.910166 -1.069768 0.511873
1776409902.505202 jaka_arm_left success 0.290541 0.287911 -0.448755 0.677884 0.354119 0.296037 0.572220 -1.207583 1.178345 1.265690 -1.232629 0.910166 -1.069768 0.511873
1776409902.513492 jaka_arm_left success 0.290554 0.287910 -0.448753 0.677887 0.354107 0.295973 0.572256 -1.207583 1.178345 1.265690 -1.232629 0.910166 -1.069768 0.511873
1776409902.521758 jaka_arm_left success 0.290559 0.287901 -0.448748 0.677857 0.354139 0.295969 0.572275 -1.207583 1.178345 1.265690 -1.232629 0.910166 -1.069768 0.511873
1776409902.530204 jaka_arm_left success 0.290556 0.287884 -0.448747 0.677831 0.354136 0.295932 0.572325 -1.207583 1.178345 1.265690 -1.232629 0.910166 -1.069768 0.511873
1776409902.538489 jaka_arm_left success 0.290548 0.287907 -0.448722 0.677933 0.354189 0.295910 0.572184 -1.207583 1.178345 1.265690 -1.232629 0.910166 -1.069768 0.511873
1776409902.555109 jaka_arm_left success 0.290551 0.287906 -0.448752 0.677798 0.354168 0.295933 0.572344 -1.207583 1.178345 1.265690 -1.232629 0.910166 -1.069768 0.511873
1776409902.563435 jaka_arm_left success 0.290545 0.287926 -0.448747 0.677838 0.354193 0.295909 0.572294 -1.207583 1.178345 1.265690 -1.232629 0.910166 -1.069768 0.511873
1776409902.572091 jaka_arm_left success 0.290544 0.287937 -0.448748 0.677855 0.354204 0.295913 0.572266 -1.207583 1.178345 1.265690 -1.232629 0.910166 -1.069768 0.511873
1776409902.580084 jaka_arm_left success 0.290544 0.287950 -0.448744 0.677890 0.354200 0.295962 0.572201 -1.207583 1.178345 1.265690 -1.232629 0.910166 -1.069768 0.511873
1776409902.588447 jaka_arm_left success 0.290539 0.287948 -0.448752 0.677877 0.354167 0.296022 0.572206 -1.207583 1.178345 1.265690 -1.232629 0.910166 -1.069768 0.511873
1776409902.596827 jaka_arm_left success 0.290542 0.287946 -0.448752 0.677871 0.354168 0.296011 0.572217 -1.207583 1.178345 1.265690 -1.232629 0.910166 -1.069768 0.511873
1776409902.613559 jaka_arm_left success 0.290548 0.287907 -0.448752 0.677859 0.354110 0.295942 0.572304 -1.207583 1.178345 1.265690 -1.232629 0.910166 -1.069768 0.511873
1776409902.621789 jaka_arm_left success 0.290540 0.287881 -0.448748 0.677837 0.354160 0.295955 0.572292 -1.207583 1.178345 1.265690 -1.232629 0.910166 -1.069768 0.511873
1776409902.638482 jaka_arm_left success 0.290539 0.287858 -0.448748 0.677822 0.354137 0.295963 0.572320 -1.207583 1.178345 1.265690 -1.232629 0.910166 -1.069768 0.511873
1776409902.646746 jaka_arm_left success 0.290529 0.287823 -0.448752 0.677804 0.354152 0.295988 0.572319 -1.207583 1.178345 1.265690 -1.232629 0.910166 -1.069768 0.511873
1776409902.663492 jaka_arm_left success 0.290527 0.287820 -0.448744 0.677940 0.354013 0.296208 0.572130 -1.207583 1.178345 1.265690 -1.232629 0.910166 -1.069768 0.511873
1776409902.671761 jaka_arm_left success 0.290519 0.287816 -0.448731 0.678077 0.353963 0.296291 0.571955 -1.207799 1.178115 1.265480 -1.232833 0.910268 -1.069682 0.512201
1776409902.680155 jaka_arm_left success 0.290520 0.287823 -0.448731 0.678175 0.353846 0.296407 0.571852 -1.207799 1.178115 1.265480 -1.232833 0.910268 -1.069682 0.512201
1776409902.688435 jaka_arm_left success 0.290521 0.287820 -0.448731 0.678250 0.353748 0.296472 0.571790 -1.207908 1.177879 1.265337 -1.232969 0.910437 -1.069589 0.512500
1776409902.696823 jaka_arm_left success 0.290518 0.287816 -0.448726 0.678314 0.353688 0.296495 0.571738 -1.207908 1.177879 1.265337 -1.232969 0.910437 -1.069589 0.512500
1776409902.705158 jaka_arm_left success 0.290509 0.287784 -0.448733 0.678241 0.353724 0.296486 0.571808 -1.207908 1.177879 1.265337 -1.232969 0.910437 -1.069589 0.512500
1776409902.713551 jaka_arm_left success 0.290502 0.287761 -0.448716 0.678239 0.353772 0.296452 0.571799 -1.207908 1.177879 1.265337 -1.232969 0.910437 -1.069589 0.512500
1776409902.721759 jaka_arm_left success 0.290513 0.287729 -0.448733 0.678138 0.353804 0.296606 0.571819 -1.207908 1.177879 1.265337 -1.232969 0.910437 -1.069589 0.512500
1776409902.738414 jaka_arm_left success 0.290499 0.287760 -0.448708 0.678240 0.353819 0.296426 0.571782 -1.207908 1.177879 1.265337 -1.232969 0.910437 -1.069589 0.512500
1776409902.746753 jaka_arm_left success 0.290503 0.287764 -0.448713 0.678205 0.353855 0.296422 0.571803 -1.207908 1.177879 1.265337 -1.232969 0.910437 -1.069589 0.512500
1776409902.755042 jaka_arm_left success 0.290522 0.287792 -0.448731 0.678206 0.353738 0.296361 0.571906 -1.207908 1.177879 1.265337 -1.232969 0.910437 -1.069589 0.512500
1776409902.771844 jaka_arm_left success 0.290520 0.287835 -0.448735 0.678186 0.353759 0.296389 0.571901 -1.207908 1.177879 1.265337 -1.232969 0.910437 -1.069589 0.512500
1776409902.780180 jaka_arm_left success 0.290515 0.287831 -0.448739 0.678122 0.353823 0.296302 0.571984 -1.207908 1.177879 1.265337 -1.232969 0.910437 -1.069589 0.512500
1776409902.788505 jaka_arm_left success 0.290515 0.287836 -0.448738 0.678065 0.353837 0.296321 0.572033 -1.207908 1.177879 1.265337 -1.232969 0.910437 -1.069589 0.512500
1776409902.796743 jaka_arm_left success 0.290505 0.287842 -0.448737 0.678067 0.353893 0.296286 0.572014 -1.207908 1.177879 1.265337 -1.232969 0.910437 -1.069589 0.512500
1776409902.805058 jaka_arm_left success 0.290505 0.287832 -0.448743 0.678028 0.353883 0.296220 0.572100 -1.207908 1.177879 1.265337 -1.232969 0.910437 -1.069589 0.512500
1776409902.813415 jaka_arm_left success 0.290511 0.287830 -0.448742 0.678031 0.353846 0.296248 0.572105 -1.207908 1.177879 1.265337 -1.232969 0.910437 -1.069589 0.512500
1776409902.821763 jaka_arm_left success 0.290514 0.287828 -0.448736 0.678065 0.353815 0.296234 0.572092 -1.207908 1.177879 1.265337 -1.232969 0.910437 -1.069589 0.512500
1776409902.830134 jaka_arm_left success 0.290515 0.287809 -0.448736 0.677997 0.353872 0.296264 0.572122 -1.207908 1.177879 1.265337 -1.232969 0.910437 -1.069589 0.512500
1776409902.838481 jaka_arm_left success 0.290511 0.287804 -0.448732 0.678042 0.353840 0.296300 0.572069 -1.207908 1.177879 1.265337 -1.232969 0.910437 -1.069589 0.512500
1776409902.846887 jaka_arm_left success 0.290515 0.287800 -0.448737 0.678053 0.353816 0.296367 0.572036 -1.207908 1.177879 1.265337 -1.232969 0.910437 -1.069589 0.512500
1776409902.863475 jaka_arm_left success 0.290489 0.287760 -0.448736 0.678112 0.353873 0.296452 0.571886 -1.207908 1.177879 1.265337 -1.232969 0.910437 -1.069589 0.512500
1776409902.871783 jaka_arm_left success 0.290477 0.287749 -0.448725 0.678177 0.353829 0.296530 0.571795 -1.207908 1.177879 1.265337 -1.232969 0.910437 -1.069589 0.512500
1776409902.880082 jaka_arm_left success 0.290467 0.287801 -0.448700 0.678645 0.353512 0.296698 0.571350 -1.207905 1.177430 1.265170 -1.233060 0.910842 -1.069377 0.512950
1776409902.896818 jaka_arm_left success 0.290463 0.287771 -0.448700 0.678800 0.353378 0.296968 0.571108 -1.207931 1.177169 1.264972 -1.233125 0.911084 -1.069152 0.513296
1776409902.905139 jaka_arm_left success 0.290471 0.287770 -0.448687 0.678892 0.353319 0.296935 0.571052 -1.207931 1.177169 1.264972 -1.233125 0.911084 -1.069152 0.513296
1776409902.913464 jaka_arm_left success 0.290469 0.287740 -0.448687 0.678899 0.353335 0.297042 0.570979 -1.207931 1.177169 1.264972 -1.233125 0.911084 -1.069152 0.513296
1776409902.921779 jaka_arm_left success 0.290480 0.287732 -0.448681 0.678935 0.353366 0.297003 0.570937 -1.207931 1.177169 1.264972 -1.233125 0.911084 -1.069152 0.513296
1776409902.930199 jaka_arm_left success 0.290453 0.287713 -0.448668 0.678974 0.353564 0.297075 0.570730 -1.207709 1.177220 1.264715 -1.233033 0.911427 -1.068521 0.513709
1776409902.938504 jaka_arm_left success 0.290437 0.287698 -0.448672 0.678944 0.353680 0.297083 0.570690 -1.207384 1.177646 1.264799 -1.232794 0.911416 -1.068265 0.513550
1776409902.955129 jaka_arm_left success 0.290436 0.287695 -0.448665 0.678924 0.353757 0.297158 0.570628 -1.207384 1.177646 1.264799 -1.232794 0.911416 -1.068265 0.513550
1776409902.963494 jaka_arm_left success 0.290447 0.287707 -0.448658 0.678919 0.353718 0.297202 0.570635 -1.207384 1.177646 1.264799 -1.232794 0.911416 -1.068265 0.513550
1776409902.980126 jaka_arm_left success 0.290455 0.287713 -0.448656 0.678935 0.353665 0.297129 0.570686 -1.207384 1.177646 1.264799 -1.232794 0.911416 -1.068265 0.513550
1776409902.988431 jaka_arm_left success 0.290486 0.287758 -0.448661 0.679035 0.353599 0.296806 0.570776 -1.207384 1.177646 1.264799 -1.232794 0.911416 -1.068265 0.513550
1776409902.996732 jaka_arm_left success 0.290489 0.287759 -0.448667 0.678996 0.353717 0.296767 0.570769 -1.207384 1.177646 1.264799 -1.232794 0.911416 -1.068265 0.513550
1776409903.013479 jaka_arm_left success 0.290408 0.287849 -0.448705 0.679334 0.353955 0.296763 0.570222 -1.207100 1.177308 1.264855 -1.232677 0.911881 -1.068054 0.513749
1776409903.021766 jaka_arm_left success 0.290473 0.287997 -0.448620 0.679732 0.353557 0.297117 0.569810 -1.207210 1.176860 1.264695 -1.232891 0.912251 -1.067893 0.514215
1776409903.038698 jaka_arm_left success 0.290492 0.287805 -0.448656 0.678719 0.353904 0.296791 0.570971 -1.207369 1.177822 1.264936 -1.232912 0.911467 -1.068242 0.513555
1776409903.046770 jaka_arm_left success 0.290513 0.287715 -0.448694 0.678190 0.354104 0.297308 0.571205 -1.207809 1.178390 1.264615 -1.233106 0.910816 -1.068211 0.513431
1776409903.055183 jaka_arm_left success 0.290486 0.287801 -0.448640 0.678661 0.353712 0.296759 0.571175 -1.207600 1.178165 1.265083 -1.233220 0.911246 -1.068511 0.513556
1776409903.063473 jaka_arm_left success 0.290493 0.287697 -0.448702 0.678226 0.353972 0.297304 0.571248 -1.207845 1.178517 1.264694 -1.233252 0.910825 -1.068280 0.513526
1776409903.080174 jaka_arm_left success 0.290463 0.287819 -0.448660 0.679142 0.353342 0.297139 0.570635 -1.207680 1.177768 1.264842 -1.233428 0.911627 -1.068263 0.514123
1776409903.088522 jaka_arm_left success 0.290489 0.287749 -0.448697 0.678788 0.353430 0.297950 0.570578 -1.207710 1.178588 1.264182 -1.233748 0.911616 -1.067407 0.515079
1776409903.105116 jaka_arm_left success 0.290446 0.287710 -0.448713 0.678978 0.353160 0.297964 0.570513 -1.207712 1.178461 1.264341 -1.233934 0.911838 -1.067548 0.515297
1776409903.113428 jaka_arm_left success 0.290415 0.287718 -0.448700 0.679084 0.353076 0.298061 0.570387 -1.207712 1.178461 1.264341 -1.233934 0.911838 -1.067548 0.515297
1776409903.121733 jaka_arm_left success 0.290367 0.287740 -0.448647 0.679398 0.353060 0.298037 0.570037 -1.207312 1.178238 1.264339 -1.233936 0.912442 -1.067185 0.515784
1776409903.138433 jaka_arm_left success 0.290382 0.287741 -0.448627 0.679434 0.353044 0.298360 0.569834 -1.207312 1.178238 1.264339 -1.233936 0.912442 -1.067185 0.515784
1776409903.146792 jaka_arm_left success 0.290368 0.287676 -0.448635 0.679399 0.353160 0.298327 0.569820 -1.206806 1.179550 1.264122 -1.234606 0.912820 -1.066178 0.516892
1776409903.155074 jaka_arm_left success 0.290353 0.287659 -0.448638 0.679423 0.353191 0.298200 0.569840 -1.206806 1.179550 1.264122 -1.234606 0.912820 -1.066178 0.516892
1776409903.171840 jaka_arm_left success 0.290311 0.287572 -0.448675 0.679292 0.353332 0.297628 0.570207 -1.206519 1.179883 1.264657 -1.234497 0.912766 -1.066530 0.516474
1776409903.188418 jaka_arm_left success 0.290365 0.287699 -0.448650 0.679427 0.352996 0.298342 0.569881 -1.206790 1.179632 1.264425 -1.234785 0.912856 -1.066465 0.516839
1776409903.196815 jaka_arm_left success 0.290291 0.287652 -0.448664 0.679483 0.353074 0.297504 0.570204 -1.206481 1.179753 1.264888 -1.234675 0.912958 -1.066731 0.516559
1776409903.205152 jaka_arm_left success 0.290345 0.287701 -0.448659 0.679490 0.352973 0.297981 0.570010 -1.206481 1.179753 1.264888 -1.234675 0.912958 -1.066731 0.516559
1776409903.213464 jaka_arm_left success 0.290346 0.287735 -0.448646 0.679464 0.353029 0.298377 0.569798 -1.206775 1.179525 1.264408 -1.234875 0.912955 -1.066438 0.516931
1776409903.230171 jaka_arm_left success 0.290323 0.287644 -0.448683 0.679364 0.353214 0.297651 0.570182 -1.206525 1.179781 1.264694 -1.234701 0.912881 -1.066566 0.516592
1776409903.238480 jaka_arm_left success 0.290326 0.287699 -0.448660 0.679417 0.353219 0.297772 0.570053 -1.206525 1.179781 1.264694 -1.234701 0.912881 -1.066566 0.516592
1776409903.246827 jaka_arm_left success 0.290329 0.287723 -0.448644 0.679454 0.353164 0.297990 0.569928 -1.206525 1.179781 1.264694 -1.234701 0.912881 -1.066566 0.516592
1776409903.263486 jaka_arm_left success 0.290259 0.287745 -0.448594 0.679902 0.352928 0.296954 0.570082 -1.206153 1.179271 1.265531 -1.234850 0.913452 -1.067144 0.516350
1776409903.271774 jaka_arm_left success 0.290317 0.287699 -0.448639 0.679422 0.353017 0.298046 0.570029 -1.206694 1.179396 1.264692 -1.235023 0.912950 -1.066673 0.516543
1776409903.280142 jaka_arm_left success 0.290315 0.287708 -0.448634 0.679500 0.352934 0.298112 0.569953 -1.206694 1.179396 1.264692 -1.235023 0.912950 -1.066673 0.516543
1776409903.296756 jaka_arm_left success 0.290337 0.287690 -0.448645 0.679473 0.353073 0.298444 0.569725 -1.206780 1.179285 1.264162 -1.234981 0.912921 -1.066186 0.516775
1776409903.305074 jaka_arm_left success 0.290352 0.287687 -0.448649 0.679445 0.353143 0.298492 0.569690 -1.206780 1.179285 1.264162 -1.234981 0.912921 -1.066186 0.516775
1776409903.313439 jaka_arm_left success 0.290337 0.287696 -0.448645 0.679579 0.353062 0.298108 0.569782 -1.206780 1.179285 1.264162 -1.234981 0.912921 -1.066186 0.516775
1776409903.321729 jaka_arm_left success 0.290323 0.287690 -0.448649 0.679545 0.353089 0.298004 0.569861 -1.206780 1.179285 1.264162 -1.234981 0.912921 -1.066186 0.516775
1776409903.330102 jaka_arm_left success 0.290284 0.287612 -0.448676 0.679427 0.353254 0.297398 0.570215 -1.206352 1.179645 1.264773 -1.234745 0.912899 -1.066522 0.516253
1776409903.346823 jaka_arm_left success 0.290346 0.287704 -0.448651 0.679515 0.353077 0.297936 0.569939 -1.206352 1.179645 1.264773 -1.234745 0.912899 -1.066522 0.516253
1776409903.355065 jaka_arm_left success 0.290377 0.287740 -0.448638 0.679490 0.353103 0.298388 0.569715 -1.206661 1.179381 1.264345 -1.234991 0.912944 -1.066280 0.516663
1776409903.363462 jaka_arm_left success 0.290365 0.287631 -0.448673 0.679346 0.353312 0.297511 0.570217 -1.206383 1.179702 1.264728 -1.234808 0.912849 -1.066482 0.516248
1776409903.371738 jaka_arm_left success 0.290394 0.287801 -0.448596 0.679834 0.353009 0.297572 0.569790 -1.206313 1.179285 1.264827 -1.234925 0.913253 -1.066505 0.516506
1776409903.388466 jaka_arm_left success 0.290384 0.287637 -0.448683 0.679159 0.353447 0.297449 0.570388 -1.206302 1.179843 1.264915 -1.234800 0.912778 -1.066602 0.516021
1776409903.396722 jaka_arm_left success 0.290441 0.287725 -0.448681 0.679115 0.353181 0.297897 0.570372 -1.206302 1.179843 1.264915 -1.234800 0.912778 -1.066602 0.516021
1776409903.405175 jaka_arm_left success 0.290480 0.287739 -0.448681 0.678930 0.353287 0.298136 0.570401 -1.206753 1.179931 1.264543 -1.235093 0.912467 -1.066536 0.516188
1776409903.421733 jaka_arm_left success 0.290492 0.287707 -0.448720 0.678800 0.353349 0.297916 0.570632 -1.206753 1.179931 1.264543 -1.235093 0.912467 -1.066536 0.516188
1776409903.430161 jaka_arm_left success 0.290498 0.287717 -0.448711 0.678828 0.353381 0.297800 0.570640 -1.206753 1.179931 1.264543 -1.235093 0.912467 -1.066536 0.516188
1776409903.446760 jaka_arm_left success 0.290465 0.287862 -0.448610 0.679613 0.353175 0.297067 0.570214 -1.206175 1.179653 1.265141 -1.234852 0.913010 -1.066733 0.516029
1776409903.455156 jaka_arm_left success 0.290466 0.287874 -0.448596 0.679671 0.353167 0.296921 0.570227 -1.206175 1.179653 1.265141 -1.234852 0.913010 -1.066733 0.516029
1776409903.471900 jaka_arm_left success 0.290462 0.287837 -0.448602 0.679575 0.353293 0.296972 0.570236 -1.206175 1.179653 1.265141 -1.234852 0.913010 -1.066733 0.516029
1776409903.480080 jaka_arm_left success 0.290487 0.287729 -0.448665 0.678972 0.353609 0.297911 0.570269 -1.206552 1.179987 1.264537 -1.234885 0.912439 -1.066382 0.515952
1776409903.496757 jaka_arm_left success 0.290451 0.287633 -0.448702 0.678949 0.353720 0.297174 0.570612 -1.206292 1.180229 1.264927 -1.234728 0.912396 -1.066599 0.515579
1776409903.505198 jaka_arm_left success 0.290493 0.287717 -0.448680 0.679014 0.353569 0.297831 0.570286 -1.206510 1.180031 1.264664 -1.234909 0.912435 -1.066465 0.515845
1776409903.513474 jaka_arm_left success 0.290470 0.287632 -0.448713 0.678923 0.353651 0.297255 0.570644 -1.206510 1.180031 1.264664 -1.234909 0.912435 -1.066465 0.515845
1776409903.521749 jaka_arm_left success 0.290504 0.287710 -0.448687 0.679016 0.353548 0.297834 0.570294 -1.206510 1.180031 1.264664 -1.234909 0.912435 -1.066465 0.515845
1776409903.538437 jaka_arm_left success 0.290511 0.287729 -0.448671 0.679076 0.353601 0.297778 0.570219 -1.206510 1.180031 1.264664 -1.234909 0.912435 -1.066465 0.515845
1776409903.546767 jaka_arm_left success 0.290508 0.287694 -0.448682 0.678977 0.353674 0.297811 0.570275 -1.206510 1.180031 1.264664 -1.234909 0.912435 -1.066465 0.515845
1776409903.555085 jaka_arm_left success 0.290517 0.287791 -0.448637 0.679382 0.353602 0.297881 0.569801 -1.206354 1.179609 1.264437 -1.234800 0.912804 -1.066087 0.516113
1776409903.571727 jaka_arm_left success 0.290482 0.287798 -0.448612 0.679483 0.353897 0.298108 0.569378 -1.206167 1.179447 1.264084 -1.234546 0.912943 -1.065555 0.516191
1776409903.580122 jaka_arm_left success 0.290458 0.287713 -0.448654 0.679388 0.354007 0.297418 0.569784 -1.206036 1.179729 1.264783 -1.234715 0.912938 -1.066005 0.515701
1776409903.588409 jaka_arm_left success 0.290492 0.287698 -0.448689 0.679202 0.353891 0.297373 0.570101 -1.206036 1.179729 1.264783 -1.234715 0.912938 -1.066005 0.515701
1776409903.605140 jaka_arm_left success 0.290543 0.287823 -0.448643 0.679442 0.353664 0.297952 0.569654 -1.206275 1.179523 1.264472 -1.234899 0.912973 -1.065815 0.515980
1776409903.621844 jaka_arm_left success 0.290534 0.287817 -0.448659 0.679368 0.353684 0.298100 0.569652 -1.206275 1.179523 1.264472 -1.234899 0.912973 -1.065815 0.515980
1776409903.630130 jaka_arm_left success 0.290493 0.287747 -0.448677 0.679332 0.353823 0.297386 0.569981 -1.206100 1.179729 1.264705 -1.234775 0.912905 -1.065917 0.515689
1776409903.646778 jaka_arm_left success 0.290479 0.287737 -0.448666 0.679382 0.353824 0.297350 0.569941 -1.206100 1.179729 1.264705 -1.234775 0.912905 -1.065917 0.515689
1776409903.663444 jaka_arm_left success 0.290478 0.287790 -0.448629 0.679451 0.353924 0.298235 0.569333 -1.206278 1.179415 1.264073 -1.234816 0.912992 -1.065348 0.516079
1776409903.671789 jaka_arm_left success 0.290469 0.287799 -0.448623 0.679541 0.353861 0.298284 0.569239 -1.206278 1.179415 1.264073 -1.234816 0.912992 -1.065348 0.516079
1776409903.680110 jaka_arm_left success 0.290434 0.287701 -0.448647 0.679462 0.353899 0.297716 0.569607 -1.206278 1.179415 1.264073 -1.234816 0.912992 -1.065348 0.516079
1776409903.688423 jaka_arm_left success 0.290476 0.287777 -0.448610 0.679547 0.353786 0.298241 0.569300 -1.206278 1.179415 1.264073 -1.234816 0.912992 -1.065348 0.516079
1776409903.696815 jaka_arm_left success 0.290472 0.287773 -0.448614 0.679571 0.353751 0.298397 0.569213 -1.206278 1.179415 1.264073 -1.234816 0.912992 -1.065348 0.516079
1776409903.713686 jaka_arm_left success 0.290483 0.287785 -0.448611 0.679665 0.353792 0.298636 0.568950 -1.206348 1.179112 1.263704 -1.234885 0.913204 -1.064960 0.516447
1776409903.721736 jaka_arm_left success 0.290427 0.287670 -0.448649 0.679580 0.354041 0.297786 0.569341 -1.205763 1.180010 1.264728 -1.236334 0.913898 -1.063616 0.515226
1776409903.738445 jaka_arm_left success 0.290446 0.287744 -0.448626 0.679641 0.353930 0.298348 0.569043 -1.205938 1.179856 1.264475 -1.236499 0.913925 -1.063466 0.515460
1776409903.746761 jaka_arm_left success 0.290461 0.287764 -0.448618 0.679613 0.353834 0.298491 0.569061 -1.205938 1.179856 1.264475 -1.236499 0.913925 -1.063466 0.515460
1776409903.755144 jaka_arm_left success 0.290405 0.287686 -0.448633 0.679550 0.353939 0.297838 0.569414 -1.205938 1.179856 1.264475 -1.236499 0.913925 -1.063466 0.515460
1776409903.763423 jaka_arm_left success 0.290441 0.287751 -0.448605 0.679626 0.353752 0.298310 0.569192 -1.205938 1.179856 1.264475 -1.236499 0.913925 -1.063466 0.515460
1776409903.772040 jaka_arm_left success 0.290421 0.287568 -0.448661 0.679108 0.354008 0.297611 0.570016 -1.205899 1.180556 1.264998 -1.236530 0.913447 -1.064003 0.514840
1776409903.780092 jaka_arm_left success 0.290466 0.287754 -0.448617 0.679466 0.353883 0.298623 0.569137 -1.206168 1.180034 1.264381 -1.236746 0.913677 -1.063546 0.515452
1776409903.788511 jaka_arm_left success 0.290485 0.287785 -0.448618 0.679582 0.353886 0.298609 0.569004 -1.206168 1.180034 1.264381 -1.236746 0.913677 -1.063546 0.515452
1776409903.805120 jaka_arm_left success 0.290417 0.287672 -0.448657 0.679378 0.354204 0.297787 0.569480 -1.205818 1.180258 1.264644 -1.236479 0.913655 -1.063585 0.515095
1776409903.813448 jaka_arm_left success 0.290410 0.287692 -0.448655 0.679407 0.354181 0.297789 0.569459 -1.205818 1.180258 1.264644 -1.236479 0.913655 -1.063585 0.515095
1776409903.830059 jaka_arm_left success 0.290429 0.287797 -0.448624 0.679457 0.353971 0.298422 0.569199 -1.205818 1.180258 1.264644 -1.236479 0.913655 -1.063585 0.515095
1776409903.838457 jaka_arm_left success 0.290445 0.287822 -0.448618 0.679524 0.353866 0.298560 0.569112 -1.206038 1.179987 1.264346 -1.236707 0.913760 -1.063426 0.515458
1776409903.846934 jaka_arm_left success 0.290435 0.287944 -0.448548 0.680089 0.353576 0.298220 0.568795 -1.205807 1.179467 1.264477 -1.236747 0.914321 -1.063384 0.515759
1776409903.863519 jaka_arm_left success 0.290412 0.287691 -0.448646 0.679396 0.354175 0.297845 0.569446 -1.205636 1.180094 1.264674 -1.236514 0.913870 -1.063490 0.515158
1776409903.871907 jaka_arm_left success 0.290454 0.287751 -0.448626 0.679418 0.354126 0.298542 0.569085 -1.205916 1.180051 1.264231 -1.236681 0.913726 -1.063224 0.515380
1776409903.880080 jaka_arm_left success 0.290428 0.287675 -0.448649 0.679359 0.354230 0.298037 0.569357 -1.205916 1.180051 1.264231 -1.236681 0.913726 -1.063224 0.515380
1776409903.896755 jaka_arm_left success 0.290441 0.287758 -0.448614 0.679463 0.354146 0.298568 0.569005 -1.205916 1.180051 1.264231 -1.236681 0.913726 -1.063224 0.515380
1776409903.905129 jaka_arm_left success 0.290401 0.287699 -0.448637 0.679423 0.354180 0.298024 0.569317 -1.205916 1.180051 1.264231 -1.236681 0.913726 -1.063224 0.515380
1776409903.913474 jaka_arm_left success 0.290429 0.287770 -0.448614 0.679488 0.354053 0.298533 0.569053 -1.205916 1.180051 1.264231 -1.236681 0.913726 -1.063224 0.515380
1776409903.930138 jaka_arm_left success 0.290457 0.287772 -0.448624 0.679499 0.353999 0.298501 0.569089 -1.205916 1.180051 1.264231 -1.236681 0.913726 -1.063224 0.515380
1776409903.938528 jaka_arm_left success 0.290439 0.287713 -0.448653 0.679428 0.354137 0.297988 0.569357 -1.205916 1.180051 1.264231 -1.236681 0.913726 -1.063224 0.515380
1776409903.955115 jaka_arm_left success 0.290439 0.287695 -0.448666 0.679418 0.354182 0.297851 0.569413 -1.205660 1.180267 1.264587 -1.236559 0.913710 -1.063414 0.515067
1776409903.963489 jaka_arm_left success 0.290488 0.287783 -0.448624 0.679432 0.354207 0.298525 0.569028 -1.205846 1.180098 1.264189 -1.236685 0.913716 -1.063122 0.515339
1776409903.971834 jaka_arm_left success 0.290471 0.287783 -0.448618 0.679395 0.354240 0.298492 0.569068 -1.205846 1.180098 1.264189 -1.236685 0.913716 -1.063122 0.515339
1776409903.988467 jaka_arm_left success 0.290422 0.287701 -0.448651 0.679252 0.354338 0.297794 0.569544 -1.205605 1.180453 1.264581 -1.236552 0.913578 -1.063367 0.514914
1776409904.005108 jaka_arm_left success 0.290423 0.287738 -0.448639 0.679336 0.354362 0.297713 0.569471 -1.205605 1.180453 1.264581 -1.236552 0.913578 -1.063367 0.514914
1776409904.013429 jaka_arm_left success 0.290462 0.287804 -0.448627 0.679351 0.354296 0.298372 0.569149 -1.205605 1.180453 1.264581 -1.236552 0.913578 -1.063367 0.514914
1776409904.030137 jaka_arm_left success 0.290485 0.287823 -0.448623 0.679400 0.354300 0.298515 0.569013 -1.205784 1.180184 1.264174 -1.236693 0.913668 -1.063059 0.515258
1776409904.046822 jaka_arm_left success 0.290494 0.287843 -0.448607 0.679434 0.354284 0.298724 0.568872 -1.205784 1.180184 1.264174 -1.236693 0.913668 -1.063059 0.515258
1776409904.055096 jaka_arm_left success 0.290447 0.287734 -0.448637 0.679342 0.354477 0.297764 0.569365 -1.205452 1.180441 1.264797 -1.236722 0.913675 -1.063432 0.514751
1776409904.071761 jaka_arm_left success 0.290480 0.287824 -0.448596 0.679395 0.354459 0.298524 0.568916 -1.205666 1.180144 1.264080 -1.236774 0.913699 -1.062831 0.515146
1776409904.080117 jaka_arm_left success 0.290434 0.287705 -0.448647 0.679212 0.354713 0.297793 0.569359 -1.205378 1.180630 1.264683 -1.236787 0.913514 -1.063207 0.514519
1776409904.096826 jaka_arm_left success 0.290412 0.287804 -0.448590 0.679688 0.354550 0.297061 0.569274 -1.205080 1.178518 1.265256 -1.237758 0.913915 -1.062761 0.511693
1776409904.105065 jaka_arm_left success 0.290479 0.287829 -0.448616 0.679265 0.354609 0.298388 0.569048 -1.204648 1.180621 1.264350 -1.239359 0.914198 -1.061149 0.513896
1776409904.113511 jaka_arm_left success 0.290518 0.287850 -0.448640 0.679103 0.354501 0.298401 0.569303 -1.204648 1.180621 1.264350 -1.239359 0.914198 -1.061149 0.513896
1776409904.121761 jaka_arm_left success 0.290539 0.287852 -0.448653 0.679116 0.354390 0.298221 0.569450 -1.204648 1.180621 1.264350 -1.239359 0.914198 -1.061149 0.513896
1776409904.138484 jaka_arm_left success 0.290530 0.287847 -0.448658 0.679062 0.354480 0.298222 0.569458 -1.204648 1.180621 1.264350 -1.239359 0.914198 -1.061149 0.513896
1776409904.146779 jaka_arm_left success 0.290511 0.287842 -0.448670 0.678966 0.354645 0.298088 0.569540 -1.204645 1.181058 1.264516 -1.239328 0.913840 -1.061345 0.513518
1776409904.155062 jaka_arm_left success 0.290475 0.287771 -0.448689 0.678927 0.354747 0.297465 0.569849 -1.204427 1.181339 1.264973 -1.239237 0.913739 -1.061689 0.513107
1776409904.171817 jaka_arm_left success 0.290515 0.287851 -0.448658 0.678930 0.354675 0.298158 0.569527 -1.204427 1.181339 1.264973 -1.239237 0.913739 -1.061689 0.513107
1776409904.180198 jaka_arm_left success 0.290483 0.287944 -0.448606 0.679437 0.354412 0.297561 0.569399 -1.204411 1.180840 1.265015 -1.239392 0.914146 -1.061719 0.513416
1776409904.188377 jaka_arm_left success 0.290514 0.287856 -0.448667 0.678980 0.354583 0.298107 0.569552 -1.204411 1.180840 1.265015 -1.239392 0.914146 -1.061719 0.513416
1776409904.196787 jaka_arm_left success 0.290516 0.287755 -0.448689 0.678455 0.354981 0.298015 0.569977 -1.204681 1.181544 1.264674 -1.239325 0.913325 -1.061609 0.512968
1776409904.205111 jaka_arm_left success 0.290525 0.287830 -0.448673 0.678933 0.354681 0.298183 0.569507 -1.204741 1.181165 1.264506 -1.239452 0.913586 -1.061481 0.513303
1776409904.213498 jaka_arm_left success 0.290521 0.287841 -0.448666 0.679019 0.354634 0.298208 0.569421 -1.204741 1.181165 1.264506 -1.239452 0.913586 -1.061481 0.513303
1776409904.230189 jaka_arm_left success 0.290528 0.287860 -0.448655 0.679002 0.354644 0.298400 0.569335 -1.204741 1.181165 1.264506 -1.239452 0.913586 -1.061481 0.513303
1776409904.238450 jaka_arm_left success 0.290502 0.287845 -0.448673 0.678981 0.354648 0.298115 0.569505 -1.204741 1.181165 1.264506 -1.239452 0.913586 -1.061481 0.513303
1776409904.246769 jaka_arm_left success 0.290514 0.287853 -0.448674 0.678948 0.354651 0.298044 0.569580 -1.204741 1.181165 1.264506 -1.239452 0.913586 -1.061481 0.513303
1776409904.263474 jaka_arm_left success 0.290506 0.287887 -0.448637 0.678854 0.354722 0.297320 0.570026 -1.204429 1.181368 1.265055 -1.239320 0.913590 -1.061862 0.512884
1776409904.280155 jaka_arm_left success 0.290498 0.287717 -0.448723 0.678239 0.355138 0.297199 0.570563 -1.204456 1.181943 1.265216 -1.239240 0.913060 -1.062095 0.512347
1776409904.288414 jaka_arm_left success 0.290505 0.287950 -0.448634 0.678943 0.354725 0.297180 0.569992 -1.204408 1.181347 1.265260 -1.239374 0.913543 -1.062114 0.512693
1776409904.296823 jaka_arm_left success 0.290497 0.287935 -0.448638 0.678822 0.354780 0.297162 0.570110 -1.204408 1.181347 1.265260 -1.239374 0.913543 -1.062114 0.512693
1776409904.305126 jaka_arm_left success 0.290494 0.287926 -0.448635 0.678764 0.354799 0.297074 0.570214 -1.204408 1.181347 1.265260 -1.239374 0.913543 -1.062114 0.512693
1776409904.313473 jaka_arm_left success 0.290487 0.287907 -0.448636 0.678676 0.354859 0.297045 0.570297 -1.204408 1.181347 1.265260 -1.239374 0.913543 -1.062114 0.512693
1776409904.321767 jaka_arm_left success 0.290465 0.287834 -0.448660 0.678644 0.354907 0.296432 0.570624 -1.204142 1.181672 1.265793 -1.239208 0.913381 -1.062522 0.512125
1776409904.330119 jaka_arm_left success 0.290535 0.287831 -0.448692 0.678252 0.355052 0.297509 0.570439 -1.204666 1.181699 1.265124 -1.239422 0.912959 -1.062240 0.512298
1776409904.338459 jaka_arm_left success 0.290503 0.287758 -0.448733 0.678140 0.355154 0.297020 0.570764 -1.204536 1.181921 1.265300 -1.239290 0.912794 -1.062373 0.511977
1776409904.355079 jaka_arm_left success 0.290543 0.287884 -0.448723 0.678251 0.354956 0.297617 0.570443 -1.204757 1.181680 1.265007 -1.239455 0.912822 -1.062251 0.512245
1776409904.363485 jaka_arm_left success 0.290455 0.287977 -0.448672 0.678533 0.355245 0.297159 0.570167 -1.204386 1.181529 1.265065 -1.239145 0.913030 -1.062088 0.512118
1776409904.371806 jaka_arm_left success 0.290504 0.288018 -0.448656 0.678786 0.354701 0.296937 0.570321 -1.204415 1.181170 1.265352 -1.239389 0.913335 -1.062419 0.512284
1776409904.380110 jaka_arm_left success 0.290416 0.287901 -0.448698 0.678350 0.355301 0.296397 0.570746 -1.204134 1.181592 1.265631 -1.239073 0.913045 -1.062561 0.511682
1776409904.388423 jaka_arm_left success 0.290512 0.288004 -0.448665 0.678673 0.354612 0.296753 0.570606 -1.204386 1.181280 1.265634 -1.239395 0.913173 -1.062752 0.511940
1776409904.405138 jaka_arm_left success 0.290535 0.288029 -0.448649 0.678784 0.354467 0.296672 0.570606 -1.204386 1.181280 1.265634 -1.239395 0.913173 -1.062752 0.511940
1776409904.413455 jaka_arm_left success 0.290522 0.288009 -0.448663 0.678655 0.354557 0.296696 0.570691 -1.204386 1.181280 1.265634 -1.239395 0.913173 -1.062752 0.511940
1776409904.421781 jaka_arm_left success 0.290526 0.288018 -0.448670 0.678678 0.354562 0.296675 0.570671 -1.204386 1.181280 1.265634 -1.239395 0.913173 -1.062752 0.511940
1776409904.430133 jaka_arm_left success 0.290501 0.288010 -0.448695 0.678484 0.354953 0.296625 0.570685 -1.204386 1.181280 1.265634 -1.239395 0.913173 -1.062752 0.511940
1776409904.446820 jaka_arm_left success 0.290486 0.287990 -0.448719 0.678296 0.355061 0.296763 0.570770 -1.204386 1.181280 1.265634 -1.239395 0.913173 -1.062752 0.511940
1776409904.455112 jaka_arm_left success 0.290487 0.288004 -0.448716 0.678282 0.354891 0.296776 0.570885 -1.204386 1.181280 1.265634 -1.239395 0.913173 -1.062752 0.511940
1776409904.463503 jaka_arm_left success 0.290486 0.288005 -0.448704 0.678281 0.354821 0.296771 0.570933 -1.204386 1.181280 1.265634 -1.239395 0.913173 -1.062752 0.511940
1776409904.480148 jaka_arm_left success 0.290559 0.288021 -0.448684 0.678776 0.353934 0.296385 0.571095 -1.204997 1.179375 1.265938 -1.239577 0.912804 -1.064403 0.510895
1776409904.488376 jaka_arm_left success 0.290562 0.288007 -0.448684 0.678785 0.354005 0.296446 0.571009 -1.204997 1.179375 1.265938 -1.239577 0.912804 -1.064403 0.510895
1776409904.496766 jaka_arm_left success 0.290519 0.287973 -0.448656 0.678819 0.354358 0.296572 0.570684 -1.204997 1.179375 1.265938 -1.239577 0.912804 -1.064403 0.510895
1776409904.513581 jaka_arm_left success 0.290490 0.287936 -0.448669 0.678829 0.354525 0.296799 0.570451 -1.204710 1.179307 1.265451 -1.239068 0.912804 -1.063726 0.510811
1776409904.521703 jaka_arm_left success 0.290449 0.287857 -0.448694 0.678756 0.354462 0.296187 0.570895 -1.204710 1.179307 1.265451 -1.239068 0.912804 -1.063726 0.510811
1776409904.538460 jaka_arm_left success 0.290539 0.287973 -0.448683 0.678860 0.353972 0.296608 0.570856 -1.204710 1.179307 1.265451 -1.239068 0.912804 -1.063726 0.510811
1776409904.546754 jaka_arm_left success 0.290551 0.288007 -0.448700 0.678801 0.353670 0.296770 0.571029 -1.205100 1.179188 1.265568 -1.239535 0.912795 -1.064119 0.511050
1776409904.563534 jaka_arm_left success 0.290559 0.288013 -0.448691 0.678878 0.353718 0.296660 0.570965 -1.205100 1.179188 1.265568 -1.239535 0.912795 -1.064119 0.511050
1776409904.571780 jaka_arm_left success 0.290531 0.287986 -0.448637 0.678994 0.354267 0.296986 0.570317 -1.204844 1.179015 1.265273 -1.239184 0.912940 -1.063649 0.511072
1776409904.588475 jaka_arm_left success 0.290535 0.287920 -0.448636 0.678972 0.354486 0.296864 0.570270 -1.204844 1.179015 1.265273 -1.239184 0.912940 -1.063649 0.511072
1776409904.605122 jaka_arm_left success 0.290505 0.287821 -0.448673 0.678818 0.354622 0.296145 0.570743 -1.204530 1.179331 1.265644 -1.238913 0.912833 -1.063816 0.510602
1776409904.613496 jaka_arm_left success 0.290542 0.287891 -0.448652 0.678870 0.354513 0.296621 0.570501 -1.204530 1.179331 1.265644 -1.238913 0.912833 -1.063816 0.510602
1776409904.621737 jaka_arm_left success 0.290546 0.287917 -0.448646 0.678907 0.354530 0.296797 0.570355 -1.204530 1.179331 1.265644 -1.238913 0.912833 -1.063816 0.510602
1776409904.630196 jaka_arm_left success 0.290528 0.287843 -0.448664 0.678874 0.354725 0.296219 0.570574 -1.204530 1.179331 1.265644 -1.238913 0.912833 -1.063816 0.510602
1776409904.646836 jaka_arm_left success 0.290572 0.287949 -0.448663 0.678987 0.354571 0.296653 0.570310 -1.204530 1.179331 1.265644 -1.238913 0.912833 -1.063816 0.510602
1776409904.663491 jaka_arm_left success 0.290539 0.287897 -0.448671 0.678984 0.354707 0.296151 0.570489 -1.204530 1.179331 1.265644 -1.238913 0.912833 -1.063816 0.510602
1776409904.671715 jaka_arm_left success 0.290584 0.287890 -0.448711 0.678367 0.354783 0.297545 0.570451 -1.205149 1.179433 1.264726 -1.239108 0.912335 -1.063304 0.510893
1776409904.680100 jaka_arm_left success 0.290549 0.287963 -0.448650 0.678733 0.354666 0.297080 0.570331 -1.205149 1.179433 1.264726 -1.239108 0.912335 -1.063304 0.510893
1776409904.688537 jaka_arm_left success 0.290545 0.287955 -0.448647 0.678825 0.354591 0.296734 0.570448 -1.204749 1.179290 1.265171 -1.238940 0.912699 -1.063471 0.510786
1776409904.696853 jaka_arm_left success 0.290552 0.287969 -0.448638 0.678923 0.354580 0.296703 0.570354 -1.204749 1.179290 1.265171 -1.238940 0.912699 -1.063471 0.510786
1776409904.705173 jaka_arm_left success 0.290551 0.287954 -0.448634 0.678891 0.354648 0.296754 0.570323 -1.204749 1.179290 1.265171 -1.238940 0.912699 -1.063471 0.510786
1776409904.713511 jaka_arm_left success 0.290517 0.287864 -0.448670 0.678769 0.354682 0.296192 0.570739 -1.204513 1.179452 1.265645 -1.238837 0.912726 -1.063787 0.510458
1776409904.721709 jaka_arm_left success 0.290533 0.287756 -0.448738 0.678223 0.354906 0.296708 0.570981 -1.204869 1.179826 1.265371 -1.238949 0.912209 -1.063760 0.510320
1776409904.730120 jaka_arm_left success 0.290536 0.287951 -0.448650 0.678871 0.354557 0.296777 0.570391 -1.204818 1.179252 1.265282 -1.239019 0.912700 -1.063609 0.510740
1776409904.738492 jaka_arm_left success 0.290540 0.287988 -0.448643 0.678955 0.354488 0.296815 0.570315 -1.204818 1.179252 1.265282 -1.239019 0.912700 -1.063609 0.510740
1776409904.755118 jaka_arm_left success 0.290531 0.287964 -0.448648 0.678960 0.354448 0.296845 0.570318 -1.204818 1.179252 1.265282 -1.239019 0.912700 -1.063609 0.510740
1776409904.763473 jaka_arm_left success 0.290517 0.287935 -0.448648 0.678962 0.354486 0.296929 0.570248 -1.204818 1.179252 1.265282 -1.239019 0.912700 -1.063609 0.510740
1776409904.771904 jaka_arm_left success 0.290507 0.287914 -0.448647 0.678966 0.354482 0.296983 0.570218 -1.204818 1.179252 1.265282 -1.239019 0.912700 -1.063609 0.510740
1776409904.788450 jaka_arm_left success 0.290491 0.287815 -0.448704 0.678993 0.354428 0.297123 0.570147 -1.204818 1.179252 1.265282 -1.239019 0.912700 -1.063609 0.510740
1776409904.796839 jaka_arm_left success 0.290519 0.287841 -0.448696 0.678962 0.354338 0.297895 0.569836 -1.205178 1.178777 1.264591 -1.239250 0.912877 -1.063119 0.511405
1776409904.805244 jaka_arm_left success 0.290513 0.287853 -0.448682 0.679013 0.354260 0.298429 0.569545 -1.205137 1.179168 1.263852 -1.239391 0.913117 -1.062160 0.512451
1776409904.821820 jaka_arm_left success 0.290485 0.287824 -0.448680 0.679080 0.354206 0.298097 0.569672 -1.205137 1.179168 1.263852 -1.239391 0.913117 -1.062160 0.512451
1776409904.830171 jaka_arm_left success 0.290442 0.287735 -0.448707 0.679025 0.354257 0.297645 0.569943 -1.204804 1.179481 1.264557 -1.239321 0.913174 -1.062644 0.512086
1776409904.846767 jaka_arm_left success 0.290458 0.287819 -0.448676 0.679140 0.354088 0.298273 0.569582 -1.205011 1.179263 1.264313 -1.239531 0.913279 -1.062521 0.512445
1776409904.855168 jaka_arm_left success 0.290445 0.287833 -0.448677 0.679197 0.354050 0.298405 0.569468 -1.205011 1.179263 1.264313 -1.239531 0.913279 -1.062521 0.512445
1776409904.863539 jaka_arm_left success 0.290440 0.287832 -0.448683 0.679246 0.353961 0.298414 0.569461 -1.205011 1.179263 1.264313 -1.239531 0.913279 -1.062521 0.512445
1776409904.880167 jaka_arm_left success 0.290392 0.287597 -0.448734 0.678714 0.354272 0.297705 0.570272 -1.204927 1.179800 1.264645 -1.239475 0.912957 -1.062818 0.512035
1776409904.896745 jaka_arm_left success 0.290418 0.287659 -0.448695 0.678863 0.354093 0.298546 0.569766 -1.205223 1.179559 1.264211 -1.239712 0.913023 -1.062568 0.512505
1776409904.905097 jaka_arm_left success 0.290427 0.287679 -0.448681 0.678941 0.354005 0.298784 0.569603 -1.204893 1.180321 1.263758 -1.239964 0.913316 -1.061876 0.513728
1776409904.913474 jaka_arm_left success 0.290410 0.287634 -0.448688 0.678933 0.354053 0.298597 0.569680 -1.204893 1.180321 1.263758 -1.239964 0.913316 -1.061876 0.513728
1776409904.921779 jaka_arm_left success 0.290377 0.287620 -0.448702 0.679163 0.354080 0.298170 0.569614 -1.204893 1.180321 1.263758 -1.239964 0.913316 -1.061876 0.513728
1776409904.938478 jaka_arm_left success 0.290413 0.287717 -0.448671 0.679449 0.353865 0.298689 0.569133 -1.204636 1.179944 1.263907 -1.239944 0.913821 -1.061827 0.514002
1776409904.946778 jaka_arm_left success 0.290433 0.287734 -0.448659 0.679531 0.353815 0.298977 0.568915 -1.204636 1.179944 1.263907 -1.239944 0.913821 -1.061827 0.514002
1776409904.963595 jaka_arm_left success 0.290385 0.287624 -0.448694 0.679375 0.354016 0.298340 0.569311 -1.204636 1.179944 1.263907 -1.239944 0.913821 -1.061827 0.514002
1776409904.971852 jaka_arm_left success 0.290413 0.287698 -0.448668 0.679473 0.353975 0.298888 0.568933 -1.204636 1.179944 1.263907 -1.239944 0.913821 -1.061827 0.514002
1776409904.980131 jaka_arm_left success 0.290422 0.287759 -0.448627 0.679665 0.353973 0.299093 0.568597 -1.204534 1.179609 1.263528 -1.239852 0.914127 -1.061335 0.514370
1776409904.988394 jaka_arm_left success 0.290420 0.287725 -0.448637 0.679571 0.354100 0.298847 0.568759 -1.204410 1.179795 1.263627 -1.239767 0.914078 -1.061333 0.514234
1776409905.005182 jaka_arm_left success 0.290439 0.287738 -0.448640 0.679521 0.354199 0.298716 0.568826 -1.204410 1.179795 1.263627 -1.239767 0.914078 -1.061333 0.514234
1776409905.021834 jaka_arm_left success 0.290437 0.287757 -0.448635 0.679444 0.354289 0.298871 0.568780 -1.204410 1.179795 1.263627 -1.239767 0.914078 -1.061333 0.514234
1776409905.030169 jaka_arm_left success 0.290447 0.287776 -0.448631 0.679433 0.354306 0.298933 0.568750 -1.204410 1.179795 1.263627 -1.239767 0.914078 -1.061333 0.514234
1776409905.038495 jaka_arm_left success 0.290388 0.287806 -0.448608 0.679945 0.354105 0.297386 0.569075 -1.203709 1.179939 1.264644 -1.239476 0.914425 -1.061864 0.513695
1776409905.046785 jaka_arm_left success 0.290442 0.287775 -0.448649 0.679434 0.354300 0.298508 0.568976 -1.204211 1.180060 1.264078 -1.239727 0.914041 -1.061610 0.513879
1776409905.063472 jaka_arm_left success 0.290442 0.287787 -0.448642 0.679456 0.354290 0.298640 0.568886 -1.204211 1.180060 1.264078 -1.239727 0.914041 -1.061610 0.513879
1776409905.071776 jaka_arm_left success 0.290407 0.287685 -0.448673 0.679326 0.354431 0.298052 0.569262 -1.204086 1.180327 1.264245 -1.239618 0.913904 -1.061684 0.513610
1776409905.080110 jaka_arm_left success 0.290428 0.287784 -0.448631 0.679506 0.354298 0.298740 0.568770 -1.204288 1.180058 1.263847 -1.239771 0.914013 -1.061385 0.513991
1776409905.088392 jaka_arm_left success 0.290441 0.287799 -0.448626 0.679535 0.354201 0.299012 0.568652 -1.204288 1.180058 1.263847 -1.239771 0.914013 -1.061385 0.513991
1776409905.096761 jaka_arm_left success 0.290424 0.287757 -0.448637 0.679538 0.354194 0.298769 0.568781 -1.204288 1.180058 1.263847 -1.239771 0.914013 -1.061385 0.513991
1776409905.105202 jaka_arm_left success 0.290420 0.287739 -0.448644 0.679519 0.354139 0.298756 0.568845 -1.204288 1.180058 1.263847 -1.239771 0.914013 -1.061385 0.513991
1776409905.113463 jaka_arm_left success 0.290413 0.287733 -0.448644 0.679554 0.354142 0.298754 0.568802 -1.204288 1.180058 1.263847 -1.239771 0.914013 -1.061385 0.513991
1776409905.121736 jaka_arm_left success 0.290414 0.287733 -0.448646 0.679585 0.354086 0.298825 0.568762 -1.204288 1.180058 1.263847 -1.239771 0.914013 -1.061385 0.513991
1776409905.130100 jaka_arm_left success 0.290414 0.287763 -0.448631 0.679675 0.354000 0.299086 0.568572 -1.204438 1.179815 1.263611 -1.239950 0.914172 -1.061216 0.514349
1776409905.146807 jaka_arm_left success 0.290367 0.287656 -0.448659 0.679603 0.354092 0.298333 0.568996 -1.204161 1.180078 1.264044 -1.239828 0.914175 -1.061453 0.514034
1776409905.155074 jaka_arm_left success 0.290360 0.287616 -0.448668 0.679472 0.354049 0.298468 0.569108 -1.204161 1.180078 1.264044 -1.239828 0.914175 -1.061453 0.514034
1776409905.163430 jaka_arm_left success 0.290393 0.287659 -0.448663 0.679482 0.353918 0.298932 0.568934 -1.204161 1.180078 1.264044 -1.239828 0.914175 -1.061453 0.514034
1776409905.171772 jaka_arm_left success 0.290418 0.287547 -0.448689 0.679067 0.354025 0.298832 0.569415 -1.204606 1.180468 1.263918 -1.240164 0.913710 -1.061625 0.514019
1776409905.188457 jaka_arm_left success 0.290345 0.287429 -0.448699 0.679020 0.354360 0.298085 0.569655 -1.204284 1.180823 1.264279 -1.239926 0.913614 -1.061778 0.513606
1776409905.196827 jaka_arm_left success 0.290350 0.287434 -0.448684 0.679074 0.354343 0.298128 0.569578 -1.204284 1.180823 1.264279 -1.239926 0.913614 -1.061778 0.513606
1776409905.205138 jaka_arm_left success 0.290406 0.287497 -0.448679 0.679121 0.354176 0.298567 0.569396 -1.204284 1.180823 1.264279 -1.239926 0.913614 -1.061778 0.513606
1776409905.221768 jaka_arm_left success 0.290387 0.287491 -0.448683 0.679112 0.354251 0.298584 0.569351 -1.204284 1.180823 1.264279 -1.239926 0.913614 -1.061778 0.513606
1776409905.238475 jaka_arm_left success 0.290403 0.287509 -0.448670 0.679130 0.354264 0.298658 0.569283 -1.204284 1.180823 1.264279 -1.239926 0.913614 -1.061778 0.513606
1776409905.246721 jaka_arm_left success 0.290409 0.287512 -0.448673 0.679084 0.354349 0.298549 0.569342 -1.204284 1.180823 1.264279 -1.239926 0.913614 -1.061778 0.513606
1776409905.255197 jaka_arm_left success 0.290436 0.287565 -0.448656 0.679281 0.354280 0.298545 0.569152 -1.204284 1.180823 1.264279 -1.239926 0.913614 -1.061778 0.513606
1776409905.263452 jaka_arm_left success 0.290452 0.287522 -0.448679 0.679050 0.354358 0.298600 0.569350 -1.204284 1.180823 1.264279 -1.239926 0.913614 -1.061778 0.513606
1776409905.280146 jaka_arm_left success 0.290459 0.287555 -0.448662 0.679069 0.354359 0.298880 0.569180 -1.204494 1.180661 1.263811 -1.240033 0.913622 -1.061421 0.513942
1776409905.288417 jaka_arm_left success 0.290446 0.287548 -0.448658 0.679061 0.354409 0.298874 0.569162 -1.204494 1.180661 1.263811 -1.240033 0.913622 -1.061421 0.513942
1776409905.296722 jaka_arm_left success 0.290451 0.287690 -0.448630 0.679553 0.354210 0.299144 0.568555 -1.204389 1.180152 1.263493 -1.240009 0.914090 -1.060981 0.514426
1776409905.313590 jaka_arm_left success 0.290446 0.287666 -0.448641 0.679556 0.354214 0.298869 0.568694 -1.204389 1.180152 1.263493 -1.240009 0.914090 -1.060981 0.514426
1776409905.321697 jaka_arm_left success 0.290384 0.287612 -0.448657 0.679577 0.354361 0.298328 0.568861 -1.204006 1.180354 1.263920 -1.239790 0.914174 -1.061134 0.514101
1776409905.338448 jaka_arm_left success 0.290408 0.287596 -0.448638 0.679338 0.354310 0.299098 0.568775 -1.204318 1.180397 1.263603 -1.240015 0.914014 -1.060999 0.514313
1776409905.346807 jaka_arm_left success 0.290412 0.287501 -0.448657 0.679122 0.354408 0.298742 0.569159 -1.204318 1.180397 1.263603 -1.240015 0.914014 -1.060999 0.514313
1776409905.363504 jaka_arm_left success 0.290353 0.287439 -0.448683 0.679243 0.354435 0.298236 0.569263 -1.204036 1.180795 1.264097 -1.239873 0.913914 -1.061297 0.513882
1776409905.371829 jaka_arm_left success 0.290387 0.287453 -0.448684 0.679220 0.354225 0.298891 0.569077 -1.204294 1.180718 1.263901 -1.240119 0.913894 -1.061252 0.514140
1776409905.380180 jaka_arm_left success 0.290404 0.287440 -0.448688 0.679205 0.354162 0.298968 0.569094 -1.204294 1.180718 1.263901 -1.240119 0.913894 -1.061252 0.514140
1776409905.396794 jaka_arm_left success 0.290385 0.287419 -0.448672 0.679247 0.354133 0.298893 0.569102 -1.204294 1.180718 1.263901 -1.240119 0.913894 -1.061252 0.514140
1776409905.405152 jaka_arm_left success 0.290362 0.287428 -0.448651 0.679310 0.354051 0.299239 0.568896 -1.204273 1.181139 1.263524 -1.240622 0.914150 -1.060683 0.515069
1776409905.413468 jaka_arm_left success 0.290351 0.287415 -0.448655 0.679305 0.354024 0.299238 0.568919 -1.204273 1.181139 1.263524 -1.240622 0.914150 -1.060683 0.515069
1776409905.430124 jaka_arm_left success 0.290344 0.287417 -0.448666 0.679418 0.353755 0.299359 0.568887 -1.204273 1.181139 1.263524 -1.240622 0.914150 -1.060683 0.515069
1776409905.438458 jaka_arm_left success 0.290352 0.287404 -0.448668 0.679392 0.353727 0.299416 0.568906 -1.204273 1.181139 1.263524 -1.240622 0.914150 -1.060683 0.515069
1776409905.455159 jaka_arm_left success 0.290293 0.287270 -0.448727 0.679233 0.353957 0.298528 0.569419 -1.204004 1.181529 1.264232 -1.240604 0.914106 -1.061223 0.514654
1776409905.463451 jaka_arm_left success 0.290311 0.287326 -0.448716 0.679238 0.353953 0.299063 0.569135 -1.204004 1.181529 1.264232 -1.240604 0.914106 -1.061223 0.514654
1776409905.471822 jaka_arm_left success 0.290326 0.287361 -0.448701 0.679282 0.353866 0.299288 0.569019 -1.204263 1.181323 1.263865 -1.240820 0.914152 -1.061016 0.515035
1776409905.480152 jaka_arm_left success 0.290313 0.287388 -0.448684 0.679363 0.353771 0.299182 0.569036 -1.204263 1.181323 1.263865 -1.240820 0.914152 -1.061016 0.515035
1776409905.488465 jaka_arm_left success 0.290341 0.287388 -0.448688 0.679310 0.353705 0.299357 0.569049 -1.204263 1.181323 1.263865 -1.240820 0.914152 -1.061016 0.515035
1776409905.496814 jaka_arm_left success 0.290271 0.287303 -0.448716 0.679227 0.353936 0.298480 0.569464 -1.203995 1.181587 1.264282 -1.240695 0.914125 -1.061270 0.514712
1776409905.505108 jaka_arm_left success 0.290295 0.287390 -0.448681 0.679258 0.353857 0.299070 0.569167 -1.204175 1.181449 1.264023 -1.240851 0.914148 -1.061130 0.514974
1776409905.513473 jaka_arm_left success 0.290257 0.287207 -0.448725 0.678710 0.354059 0.298149 0.570177 -1.204017 1.182204 1.264610 -1.240756 0.913678 -1.061662 0.514277
1776409905.521785 jaka_arm_left success 0.290265 0.287356 -0.448665 0.678870 0.353799 0.298703 0.569859 -1.204233 1.182033 1.264449 -1.240984 0.913717 -1.061664 0.514544
1776409905.530180 jaka_arm_left success 0.290257 0.287374 -0.448667 0.678765 0.353651 0.298932 0.569954 -1.204233 1.182033 1.264449 -1.240984 0.913717 -1.061664 0.514544
1776409905.546825 jaka_arm_left success 0.290235 0.287429 -0.448653 0.678828 0.353305 0.298885 0.570120 -1.204517 1.181932 1.264405 -1.241318 0.913700 -1.061847 0.514790
1776409905.555075 jaka_arm_left success 0.290103 0.287380 -0.448664 0.678806 0.352771 0.297888 0.570997 -1.204537 1.182188 1.265505 -1.241779 0.913677 -1.063091 0.514506
1776409905.571835 jaka_arm_left success 0.289991 0.287384 -0.448629 0.678957 0.351946 0.297747 0.571400 -1.204529 1.181848 1.266188 -1.242176 0.913729 -1.064336 0.514517
1776409905.588469 jaka_arm_left success 0.289930 0.287568 -0.448579 0.680412 0.349232 0.298129 0.571135 -1.205338 1.177766 1.263972 -1.236868 0.912155 -1.072228 0.520502
1776409905.596740 jaka_arm_left success 0.289810 0.287417 -0.448571 0.680301 0.348642 0.298038 0.571676 -1.205542 1.177937 1.264408 -1.237161 0.912074 -1.072792 0.520451
1776409905.605232 jaka_arm_left success 0.289569 0.287290 -0.448482 0.680591 0.348858 0.296948 0.571766 -1.204953 1.178034 1.265101 -1.236782 0.912327 -1.073094 0.520006
1776409905.613413 jaka_arm_left success 0.289449 0.287280 -0.448353 0.680961 0.348942 0.296697 0.571403 -1.204570 1.177713 1.265437 -1.236563 0.912769 -1.073152 0.519956
1776409905.630084 jaka_arm_left success 0.289314 0.287192 -0.448230 0.681247 0.349138 0.295937 0.571338 -1.204327 1.176823 1.266217 -1.236104 0.913152 -1.073566 0.518908
1776409905.638481 jaka_arm_left success 0.289250 0.286825 -0.448162 0.681212 0.348567 0.293548 0.572958 -1.206204 1.172307 1.268484 -1.234806 0.912196 -1.076947 0.513066
1776409905.646798 jaka_arm_left success 0.288998 0.286811 -0.447947 0.681897 0.348567 0.292769 0.572542 -1.205796 1.171879 1.268922 -1.234658 0.912786 -1.077063 0.513093
1776409905.655043 jaka_arm_left success 0.288443 0.286701 -0.447452 0.682987 0.346979 0.291914 0.572644 -1.205549 1.170664 1.270364 -1.235320 0.914039 -1.078391 0.513404
1776409905.671788 jaka_arm_left success 0.288134 0.286443 -0.447207 0.683126 0.345200 0.290795 0.574121 -1.206699 1.166067 1.271176 -1.235834 0.912662 -1.083026 0.510361
1776409905.680178 jaka_arm_left success 0.287777 0.286130 -0.447004 0.682299 0.343084 0.290986 0.576271 -1.207449 1.166169 1.269389 -1.228814 0.908417 -1.093716 0.517434
1776409905.688498 jaka_arm_left success 0.286978 0.285756 -0.446446 0.681523 0.338052 0.292563 0.579356 -1.214370 1.166287 1.267250 -1.212532 0.902798 -1.112432 0.533561
1776409905.696801 jaka_arm_left success 0.286482 0.285850 -0.446038 0.682184 0.335165 0.294146 0.579454 -1.214188 1.167075 1.266706 -1.213461 0.903418 -1.114135 0.538491
1776409905.705109 jaka_arm_left success 0.286231 0.285445 -0.445829 0.680617 0.331775 0.294509 0.583052 -1.221616 1.168283 1.265582 -1.191951 0.896899 -1.135321 0.554948
1776409905.721836 jaka_arm_left success 0.285474 0.285430 -0.445224 0.679763 0.325974 0.295832 0.586640 -1.227495 1.167669 1.263727 -1.177121 0.891184 -1.155029 0.570274
1776409905.730123 jaka_arm_left success 0.285148 0.285135 -0.445088 0.678163 0.323979 0.295118 0.589947 -1.233537 1.165058 1.263849 -1.161845 0.886061 -1.169861 0.575513
1776409905.738515 jaka_arm_left success 0.284879 0.285267 -0.444888 0.678181 0.321396 0.294198 0.591796 -1.237299 1.162913 1.265509 -1.156842 0.884890 -1.177481 0.577671
1776409905.755209 jaka_arm_left success 0.284584 0.285050 -0.444689 0.676718 0.317847 0.290858 0.597015 -1.249416 1.158490 1.268672 -1.128210 0.878806 -1.203363 0.587526
1776409905.771735 jaka_arm_left success 0.284491 0.284948 -0.444681 0.675757 0.314943 0.288799 0.600632 -1.260036 1.154922 1.271901 -1.109287 0.875198 -1.220786 0.593028
1776409905.788456 jaka_arm_left success 0.284442 0.284890 -0.444681 0.675512 0.313433 0.287954 0.602101 -1.260513 1.155242 1.273352 -1.110283 0.875202 -1.222745 0.592801
1776409905.796770 jaka_arm_left success 0.284409 0.284881 -0.444695 0.675497 0.312803 0.287581 0.602624 -1.262446 1.152576 1.273475 -1.105385 0.873858 -1.227813 0.593300
1776409905.805074 jaka_arm_left success 0.284416 0.284801 -0.444691 0.675769 0.311343 0.285908 0.603870 -1.266113 1.150057 1.275592 -1.100603 0.873639 -1.232760 0.592836
1776409905.821806 jaka_arm_left success 0.284400 0.284750 -0.444728 0.675538 0.310832 0.285428 0.604618 -1.268642 1.148020 1.275689 -1.093540 0.872003 -1.239156 0.595048
1776409905.830122 jaka_arm_left success 0.284483 0.284813 -0.444851 0.674896 0.309272 0.284775 0.606440 -1.275871 1.147203 1.277839 -1.080462 0.870615 -1.249151 0.600411
1776409905.846766 jaka_arm_left success 0.284569 0.284950 -0.444978 0.674026 0.307747 0.283570 0.608744 -1.280497 1.145399 1.278907 -1.069258 0.868456 -1.259176 0.604342
1776409905.855057 jaka_arm_left success 0.284514 0.285014 -0.444999 0.673373 0.308120 0.283171 0.609463 -1.280594 1.146402 1.279286 -1.069202 0.867768 -1.259741 0.603625
1776409905.863515 jaka_arm_left success 0.284478 0.285162 -0.445052 0.672887 0.308017 0.282888 0.610182 -1.282992 1.145217 1.279455 -1.064135 0.866454 -1.263651 0.604271
1776409905.880145 jaka_arm_left success 0.284524 0.285296 -0.445129 0.671709 0.308175 0.282305 0.611668 -1.286031 1.144416 1.279626 -1.055775 0.863683 -1.270960 0.605931
1776409905.888533 jaka_arm_left success 0.284507 0.285579 -0.445204 0.671741 0.308466 0.282596 0.611353 -1.285996 1.144285 1.279168 -1.055502 0.863692 -1.270372 0.606134
1776409905.896871 jaka_arm_left success 0.284514 0.285863 -0.445228 0.672245 0.308476 0.281994 0.611072 -1.285615 1.144028 1.279503 -1.055289 0.864182 -1.270310 0.606105
1776409905.905142 jaka_arm_left success 0.284640 0.285925 -0.445356 0.671363 0.309550 0.281929 0.611528 -1.285428 1.144763 1.279405 -1.054765 0.863618 -1.270111 0.605447
1776409905.913441 jaka_arm_left success 0.284819 0.286073 -0.445467 0.670942 0.310129 0.282145 0.611597 -1.285499 1.145362 1.279022 -1.054382 0.862979 -1.269787 0.605037
1776409905.921813 jaka_arm_left success 0.284916 0.286363 -0.445531 0.670654 0.311487 0.282801 0.610920 -1.285252 1.145682 1.278030 -1.053469 0.862418 -1.268567 0.604727
1776409905.938712 jaka_arm_left success 0.284952 0.286491 -0.445659 0.669746 0.313089 0.282300 0.611329 -1.284823 1.146610 1.277815 -1.052587 0.861723 -1.268079 0.603802
1776409905.946759 jaka_arm_left success 0.285039 0.287106 -0.445803 0.669121 0.316035 0.282075 0.610600 -1.283980 1.147839 1.276616 -1.050274 0.860599 -1.265619 0.601945
1776409905.963487 jaka_arm_left success 0.285084 0.287362 -0.445844 0.668722 0.317216 0.281848 0.610530 -1.283689 1.148243 1.276494 -1.049732 0.860305 -1.265239 0.601400
1776409905.971727 jaka_arm_left success 0.285224 0.288000 -0.445979 0.667430 0.319728 0.281942 0.610590 -1.284747 1.148965 1.275796 -1.048681 0.858926 -1.262692 0.597900
1776409905.988466 jaka_arm_left success 0.285271 0.288315 -0.446056 0.666693 0.320841 0.281954 0.610806 -1.284442 1.149631 1.275548 -1.048049 0.858351 -1.262292 0.597200
1776409905.996793 jaka_arm_left success 0.285291 0.288850 -0.446091 0.666606 0.321215 0.282327 0.610532 -1.284463 1.149790 1.274873 -1.047697 0.857885 -1.261674 0.597036
1776409906.005240 jaka_arm_left success 0.285260 0.289136 -0.446198 0.665069 0.322737 0.282796 0.611187 -1.284504 1.151138 1.274076 -1.046993 0.856403 -1.261167 0.596058
1776409906.013461 jaka_arm_left success 0.285270 0.289227 -0.446290 0.663339 0.323534 0.281474 0.613253 -1.284786 1.153448 1.274694 -1.046884 0.854449 -1.262590 0.594110
1776409906.030138 jaka_arm_left success 0.285075 0.290161 -0.446376 0.661653 0.325645 0.281976 0.613727 -1.283017 1.151748 1.271490 -1.044888 0.850201 -1.264729 0.591158
1776409906.038433 jaka_arm_left success 0.285003 0.291053 -0.446402 0.659936 0.326908 0.281211 0.615253 -1.283030 1.153386 1.271509 -1.043924 0.847978 -1.266084 0.589028
1776409906.046796 jaka_arm_left success 0.284946 0.291381 -0.446440 0.658049 0.328183 0.281047 0.616668 -1.284671 1.152786 1.269991 -1.034728 0.843601 -1.274084 0.590748
1776409906.063511 jaka_arm_left success 0.284799 0.292375 -0.446339 0.656743 0.328901 0.280914 0.617738 -1.288822 1.151387 1.269308 -1.023799 0.840751 -1.281018 0.593067
1776409906.071862 jaka_arm_left success 0.284667 0.292670 -0.446289 0.655165 0.329910 0.280677 0.618982 -1.288928 1.152924 1.269205 -1.023349 0.839378 -1.281345 0.591937
1776409906.080094 jaka_arm_left success 0.284514 0.292921 -0.446291 0.653526 0.330984 0.280772 0.620097 -1.288341 1.153545 1.267688 -1.019612 0.836096 -1.285449 0.592317
1776409906.096745 jaka_arm_left success 0.284319 0.293487 -0.446298 0.650583 0.332064 0.280118 0.622904 -1.293369 1.153543 1.266917 -1.002234 0.830345 -1.298921 0.596505
1776409906.105115 jaka_arm_left success 0.284309 0.293914 -0.446242 0.650192 0.331489 0.279447 0.623919 -1.296474 1.151925 1.268141 -0.999923 0.830287 -1.300742 0.595061
1776409906.113406 jaka_arm_left success 0.284203 0.294152 -0.446240 0.649042 0.331667 0.279046 0.625200 -1.298254 1.151524 1.267692 -0.990582 0.827558 -1.309163 0.598677
1776409906.121704 jaka_arm_left success 0.284021 0.294350 -0.446265 0.647958 0.332154 0.278406 0.626350 -1.298274 1.152749 1.267937 -0.990256 0.826705 -1.309562 0.597686
1776409906.130131 jaka_arm_left success 0.283944 0.294674 -0.446209 0.647411 0.331973 0.278189 0.627108 -1.302042 1.150751 1.268417 -0.983049 0.825257 -1.314634 0.597807
1776409906.138456 jaka_arm_left success 0.283926 0.294990 -0.446182 0.646752 0.331639 0.278654 0.627757 -1.301997 1.151934 1.267539 -0.981373 0.824084 -1.317083 0.600655
1776409906.155117 jaka_arm_left success 0.283708 0.295129 -0.446206 0.644234 0.332632 0.278216 0.630012 -1.307364 1.151842 1.267232 -0.964211 0.819417 -1.329765 0.605081
1776409906.163486 jaka_arm_left success 0.283614 0.295345 -0.446192 0.643868 0.332529 0.278541 0.630296 -1.307364 1.151842 1.267232 -0.964211 0.819417 -1.329765 0.605081
1776409906.180135 jaka_arm_left success 0.283505 0.295699 -0.446133 0.643775 0.331782 0.278034 0.631008 -1.307944 1.151943 1.267435 -0.964818 0.819266 -1.330443 0.605240
1776409906.188396 jaka_arm_left success 0.283474 0.295810 -0.446126 0.643565 0.331707 0.278265 0.631160 -1.310320 1.150140 1.267324 -0.958411 0.818034 -1.335380 0.606687
1776409906.196782 jaka_arm_left success 0.283492 0.295829 -0.446146 0.643216 0.331593 0.278265 0.631575 -1.311152 1.151305 1.267647 -0.957708 0.818169 -1.335636 0.607934
1776409906.205238 jaka_arm_left success 0.283527 0.295835 -0.446177 0.642908 0.331417 0.278274 0.631978 -1.311348 1.151730 1.267784 -0.957664 0.817816 -1.336094 0.607696
1776409906.213449 jaka_arm_left success 0.283563 0.295800 -0.446234 0.642504 0.331229 0.278375 0.632442 -1.312562 1.150981 1.267086 -0.951410 0.816452 -1.341361 0.611129
1776409906.221795 jaka_arm_left success 0.283626 0.295758 -0.446282 0.642231 0.331047 0.278568 0.632730 -1.314519 1.151977 1.267888 -0.950500 0.816892 -1.341065 0.611641
1776409906.238526 jaka_arm_left success 0.283692 0.295690 -0.446335 0.641965 0.330852 0.278618 0.633080 -1.315373 1.152032 1.267893 -0.948939 0.816478 -1.342442 0.612373
1776409906.246817 jaka_arm_left success 0.283753 0.295624 -0.446378 0.641906 0.330648 0.278591 0.633258 -1.315791 1.152228 1.268210 -0.948107 0.816501 -1.342999 0.612596
1776409906.255087 jaka_arm_left success 0.283944 0.295393 -0.446532 0.641897 0.330011 0.278367 0.633698 -1.319839 1.151788 1.269732 -0.943083 0.817183 -1.345789 0.614554
1776409906.263515 jaka_arm_left success 0.284029 0.295279 -0.446614 0.641978 0.329703 0.278177 0.633860 -1.319591 1.151962 1.270210 -0.942963 0.817346 -1.346189 0.614338
1776409906.271825 jaka_arm_left success 0.284147 0.295016 -0.446738 0.641624 0.329552 0.278043 0.634355 -1.320658 1.152464 1.269858 -0.938871 0.816461 -1.349559 0.617318
1776409906.280148 jaka_arm_left success 0.284237 0.294890 -0.446801 0.641839 0.329224 0.278160 0.634257 -1.320658 1.152464 1.269858 -0.938871 0.816461 -1.349559 0.617318
1776409906.288493 jaka_arm_left success 0.284338 0.294748 -0.446850 0.642099 0.328901 0.278463 0.634027 -1.320851 1.151928 1.269867 -0.939159 0.816860 -1.349541 0.617826
1776409906.305116 jaka_arm_left success 0.284444 0.294638 -0.446930 0.642916 0.328005 0.278534 0.633632 -1.320820 1.150828 1.270438 -0.939364 0.818257 -1.349340 0.618706
1776409906.313466 jaka_arm_left success 0.284580 0.294173 -0.447125 0.642858 0.327854 0.278946 0.633588 -1.322496 1.152693 1.270852 -0.939239 0.818836 -1.348259 0.620394
1776409906.321802 jaka_arm_left success 0.284629 0.294025 -0.447203 0.642919 0.327739 0.279721 0.633244 -1.322554 1.152556 1.270321 -0.939014 0.818949 -1.347529 0.621061
1776409906.338477 jaka_arm_left success 0.284701 0.293989 -0.447265 0.643881 0.327192 0.280643 0.632141 -1.322652 1.151463 1.269861 -0.939254 0.819817 -1.346724 0.622477
1776409906.346794 jaka_arm_left success 0.284789 0.293948 -0.447304 0.644264 0.326596 0.280581 0.632087 -1.322781 1.151358 1.270382 -0.939677 0.820600 -1.346866 0.623303
1776409906.355115 jaka_arm_left success 0.284849 0.293923 -0.447359 0.644397 0.326393 0.280596 0.632049 -1.322781 1.151358 1.270382 -0.939677 0.820600 -1.346866 0.623303
1776409906.371864 jaka_arm_left success 0.284940 0.293982 -0.447468 0.644405 0.326858 0.281041 0.631603 -1.322829 1.151627 1.269808 -0.939363 0.820641 -1.345861 0.623989
1776409906.388631 jaka_arm_left success 0.285008 0.294108 -0.447512 0.644990 0.326546 0.280868 0.631244 -1.322802 1.151175 1.270052 -0.939562 0.821232 -1.345841 0.624436
1776409906.396753 jaka_arm_left success 0.285126 0.294172 -0.447608 0.645050 0.326668 0.280623 0.631228 -1.322802 1.151175 1.270052 -0.939562 0.821232 -1.345841 0.624436
1776409906.405116 jaka_arm_left success 0.285156 0.294197 -0.447639 0.644989 0.326965 0.280769 0.631073 -1.322802 1.151175 1.270052 -0.939562 0.821232 -1.345841 0.624436
1776409906.413421 jaka_arm_left success 0.285242 0.294253 -0.447659 0.645143 0.326922 0.280754 0.630943 -1.322689 1.151194 1.270053 -0.939188 0.821662 -1.345060 0.624678
1776409906.421772 jaka_arm_left success 0.285275 0.294368 -0.447669 0.645481 0.326934 0.280488 0.630710 -1.322689 1.151194 1.270053 -0.939188 0.821662 -1.345060 0.624678
1776409906.438457 jaka_arm_left success 0.285333 0.294435 -0.447721 0.645526 0.326992 0.279802 0.630938 -1.322272 1.151258 1.270672 -0.938949 0.822092 -1.345173 0.624336
1776409906.446720 jaka_arm_left success 0.285349 0.294390 -0.447756 0.644997 0.327405 0.279629 0.631342 -1.322230 1.151821 1.270935 -0.938744 0.821856 -1.345327 0.623805
1776409906.463454 jaka_arm_left success 0.285360 0.294484 -0.447812 0.645178 0.327677 0.279763 0.630956 -1.322230 1.151821 1.270935 -0.938744 0.821856 -1.345327 0.623805
1776409906.471817 jaka_arm_left success 0.285370 0.294504 -0.447839 0.645296 0.327794 0.279806 0.630756 -1.322471 1.151478 1.270664 -0.938441 0.822106 -1.344442 0.623895
1776409906.488500 jaka_arm_left success 0.285353 0.294415 -0.447874 0.644928 0.328464 0.279712 0.630825 -1.322628 1.152257 1.270691 -0.937990 0.821677 -1.344084 0.623173
1776409906.496838 jaka_arm_left success 0.285325 0.294516 -0.447883 0.645842 0.328369 0.279569 0.630002 -1.322646 1.151082 1.271164 -0.937812 0.823152 -1.342912 0.623412
1776409906.505184 jaka_arm_left success 0.285295 0.294525 -0.447887 0.646107 0.328419 0.279469 0.629749 -1.322646 1.151082 1.271164 -0.937812 0.823152 -1.342912 0.623412
1776409906.521724 jaka_arm_left success 0.285248 0.294447 -0.447876 0.646442 0.328317 0.279321 0.629525 -1.322704 1.150540 1.271529 -0.937890 0.823890 -1.342520 0.623493
1776409906.538468 jaka_arm_left success 0.285190 0.294488 -0.447854 0.647000 0.328020 0.279435 0.629055 -1.322766 1.149964 1.271660 -0.937956 0.824539 -1.341955 0.623691
1776409906.546769 jaka_arm_left success 0.285041 0.294459 -0.447828 0.647667 0.327561 0.279898 0.628402 -1.323065 1.149219 1.271583 -0.938407 0.825358 -1.341127 0.624453
1776409906.555149 jaka_arm_left success 0.284994 0.294461 -0.447780 0.647935 0.327323 0.280255 0.628090 -1.323211 1.148961 1.271455 -0.938591 0.825503 -1.340976 0.624764
1776409906.571849 jaka_arm_left success 0.284919 0.294350 -0.447774 0.647777 0.327249 0.280687 0.628099 -1.322184 1.151395 1.271631 -0.942672 0.826284 -1.337524 0.624677
1776409906.580161 jaka_arm_left success 0.284728 0.294175 -0.447712 0.648055 0.327036 0.281017 0.627775 -1.322304 1.150994 1.271440 -0.942891 0.826463 -1.337387 0.625087
1776409906.588438 jaka_arm_left success 0.284636 0.293962 -0.447731 0.647943 0.326928 0.280531 0.628164 -1.322138 1.151182 1.271847 -0.942948 0.826583 -1.337695 0.624877
1776409906.605163 jaka_arm_left success 0.284564 0.293887 -0.447701 0.648200 0.326794 0.280835 0.627833 -1.322138 1.151182 1.271847 -0.942948 0.826583 -1.337695 0.624877
1776409906.613479 jaka_arm_left success 0.284468 0.293658 -0.447684 0.648288 0.326648 0.281278 0.627620 -1.318232 1.152613 1.270498 -0.948742 0.826759 -1.334772 0.625515
1776409906.630106 jaka_arm_left success 0.284408 0.293412 -0.447709 0.648085 0.326452 0.281728 0.627730 -1.318232 1.152613 1.270498 -0.948742 0.826759 -1.334772 0.625515
1776409906.638616 jaka_arm_left success 0.284392 0.293421 -0.447693 0.648473 0.325929 0.281866 0.627539 -1.318652 1.152363 1.270441 -0.949255 0.826834 -1.334989 0.625966
1776409906.647090 jaka_arm_left success 0.284371 0.293342 -0.447677 0.648174 0.325702 0.281755 0.628015 -1.318652 1.152363 1.270441 -0.949255 0.826834 -1.334989 0.625966
1776409906.663483 jaka_arm_left success 0.284421 0.293280 -0.447640 0.647877 0.324294 0.281429 0.629195 -1.319530 1.153012 1.271595 -0.950597 0.826699 -1.337005 0.625963
1776409906.680178 jaka_arm_left success 0.284397 0.293153 -0.447618 0.646778 0.323933 0.281165 0.630628 -1.320164 1.154280 1.272091 -0.951154 0.825729 -1.338482 0.625370
1776409906.696767 jaka_arm_left success 0.284393 0.293061 -0.447546 0.645647 0.323454 0.281531 0.631868 -1.324002 1.154385 1.271806 -0.936869 0.823485 -1.349239 0.633191
1776409906.713497 jaka_arm_left success 0.284386 0.293091 -0.447481 0.645235 0.323296 0.282379 0.631991 -1.324654 1.154512 1.271246 -0.937225 0.822921 -1.349281 0.633484
1776409906.721721 jaka_arm_left success 0.284395 0.293227 -0.447315 0.644735 0.322575 0.284392 0.631967 -1.324150 1.156377 1.269287 -0.937595 0.821876 -1.349629 0.637530
1776409906.730156 jaka_arm_left success 0.284338 0.293154 -0.447269 0.644018 0.322580 0.284604 0.632601 -1.323508 1.157740 1.268474 -0.936754 0.820477 -1.351639 0.639161
1776409906.738528 jaka_arm_left success 0.284321 0.293187 -0.447202 0.643490 0.322496 0.284608 0.633179 -1.324972 1.156472 1.268185 -0.932548 0.819239 -1.355204 0.639735
1776409906.755146 jaka_arm_left success 0.284197 0.293004 -0.447189 0.640795 0.324395 0.285053 0.634740 -1.324812 1.161050 1.267122 -0.930804 0.816543 -1.355819 0.640454
1776409906.763414 jaka_arm_left success 0.284252 0.292943 -0.447164 0.639595 0.324743 0.284798 0.635886 -1.328393 1.160324 1.267259 -0.920133 0.814263 -1.363698 0.643063
1776409906.780175 jaka_arm_left success 0.284464 0.293341 -0.447125 0.638864 0.324100 0.285079 0.636821 -1.330248 1.161082 1.267492 -0.918381 0.813886 -1.364958 0.644184
1776409906.788433 jaka_arm_left success 0.284520 0.293438 -0.447125 0.638314 0.323965 0.285177 0.637398 -1.331602 1.159894 1.266953 -0.913149 0.812345 -1.369848 0.645954
1776409906.796798 jaka_arm_left success 0.284544 0.293338 -0.447144 0.637269 0.324193 0.284234 0.638747 -1.336439 1.159986 1.268898 -0.906992 0.812172 -1.372785 0.645486
1776409906.813438 jaka_arm_left success 0.284543 0.293279 -0.447139 0.636255 0.324412 0.284322 0.639608 -1.335308 1.161766 1.268158 -0.905735 0.810453 -1.375425 0.646945
1776409906.821705 jaka_arm_left success 0.284586 0.293303 -0.447051 0.634774 0.324206 0.284696 0.641015 -1.338413 1.161393 1.267590 -0.895167 0.807972 -1.384176 0.651662
1776409906.838477 jaka_arm_left success 0.284588 0.293339 -0.446989 0.634522 0.323692 0.284786 0.641484 -1.340542 1.161996 1.268305 -0.894409 0.808287 -1.384094 0.651888
1776409906.846741 jaka_arm_left success 0.284602 0.293276 -0.446916 0.633919 0.322837 0.284602 0.642592 -1.343052 1.160468 1.268450 -0.887120 0.806893 -1.390883 0.654276
1776409906.863493 jaka_arm_left success 0.284632 0.293178 -0.446893 0.633339 0.322588 0.284509 0.643329 -1.345304 1.162522 1.269536 -0.885381 0.807044 -1.391650 0.655435
1776409906.871757 jaka_arm_left success 0.284675 0.293123 -0.446881 0.633091 0.322157 0.284308 0.643879 -1.347798 1.160327 1.269553 -0.877796 0.806057 -1.397337 0.657377
1776409906.880090 jaka_arm_left success 0.284741 0.292922 -0.446889 0.632735 0.321359 0.283645 0.644920 -1.351854 1.160599 1.271841 -0.874387 0.806844 -1.399788 0.657739
1776409906.888595 jaka_arm_left success 0.284757 0.292784 -0.446891 0.632614 0.321199 0.283469 0.645195 -1.351854 1.160599 1.271841 -0.874387 0.806844 -1.399788 0.657739
1776409906.905100 jaka_arm_left success 0.284797 0.292390 -0.446919 0.632548 0.320772 0.283786 0.645332 -1.351359 1.161689 1.271634 -0.873991 0.806580 -1.401205 0.659924
1776409906.913461 jaka_arm_left success 0.284856 0.292342 -0.446877 0.633665 0.319629 0.283930 0.644740 -1.351432 1.160512 1.271984 -0.874479 0.807628 -1.401293 0.660815
1776409906.930084 jaka_arm_left success 0.284845 0.292184 -0.446818 0.634339 0.319301 0.284227 0.644108 -1.351521 1.159691 1.271888 -0.874730 0.808175 -1.401054 0.661518
1776409906.938401 jaka_arm_left success 0.284892 0.291559 -0.446768 0.634739 0.318486 0.284356 0.644061 -1.351768 1.159268 1.272073 -0.875182 0.808600 -1.401246 0.662049
1776409906.955166 jaka_arm_left success 0.284878 0.291309 -0.446719 0.635034 0.318154 0.284451 0.643892 -1.351845 1.158904 1.272261 -0.875453 0.809058 -1.401279 0.662503
1776409906.963422 jaka_arm_left success 0.284987 0.290836 -0.446591 0.635287 0.317102 0.284987 0.643925 -1.352301 1.158740 1.272634 -0.876222 0.809816 -1.401440 0.663731
1776409906.971761 jaka_arm_left success 0.284964 0.290519 -0.446487 0.635275 0.317066 0.284083 0.644354 -1.352110 1.159310 1.273262 -0.876143 0.809929 -1.401827 0.663310
1776409906.980164 jaka_arm_left success 0.284929 0.290218 -0.446327 0.635290 0.316960 0.283281 0.644744 -1.351976 1.159759 1.274112 -0.876227 0.810224 -1.402415 0.662913
1776409906.996775 jaka_arm_left success 0.284905 0.289494 -0.445897 0.635274 0.316272 0.281558 0.645851 -1.351915 1.160493 1.276027 -0.876736 0.810863 -1.404055 0.662092
1776409907.021805 jaka_arm_left success 0.284667 0.289176 -0.445594 0.636014 0.316488 0.279926 0.645727 -1.352350 1.159385 1.277827 -0.876382 0.812155 -1.403961 0.659870
1776409907.030102 jaka_arm_left success 0.284530 0.287531 -0.444274 0.636312 0.314754 0.279250 0.646573 -1.355279 1.158396 1.280147 -0.878782 0.813272 -1.404404 0.657296
1776409907.038530 jaka_arm_left success 0.284513 0.286875 -0.443724 0.636246 0.313532 0.279768 0.647007 -1.355871 1.158422 1.280389 -0.879857 0.813384 -1.405117 0.657932
1776409907.046715 jaka_arm_left success 0.284451 0.286309 -0.443094 0.637274 0.311954 0.279645 0.646812 -1.352485 1.159458 1.280643 -0.887974 0.814705 -1.402252 0.657709
1776409907.063436 jaka_arm_left success 0.284323 0.285091 -0.441545 0.638710 0.309390 0.280165 0.646402 -1.346690 1.161119 1.280706 -0.906222 0.817041 -1.393986 0.654724
1776409907.080111 jaka_arm_left success 0.284287 0.283828 -0.439656 0.639489 0.307322 0.281362 0.646098 -1.341157 1.159625 1.278432 -0.917755 0.816155 -1.392143 0.652925
1776409907.096762 jaka_arm_left success 0.284315 0.281979 -0.437539 0.639536 0.304632 0.279386 0.648180 -1.342937 1.159405 1.282090 -0.925451 0.817686 -1.390887 0.646824
1776409907.105189 jaka_arm_left success 0.284312 0.281266 -0.436399 0.639782 0.303708 0.279902 0.648148 -1.336552 1.160427 1.280672 -0.937988 0.817384 -1.387417 0.644812
1776409907.121762 jaka_arm_left success 0.284418 0.280384 -0.435177 0.640835 0.300929 0.278576 0.648974 -1.339102 1.157423 1.283510 -0.940362 0.819015 -1.389109 0.641717
1776409907.130266 jaka_arm_left success 0.284435 0.279233 -0.433878 0.640515 0.299771 0.278235 0.649972 -1.338707 1.157994 1.284442 -0.946575 0.819284 -1.387229 0.638574
1776409907.138518 jaka_arm_left success 0.284509 0.277174 -0.431114 0.641923 0.296088 0.278027 0.650360 -1.329057 1.159264 1.284445 -0.973615 0.821153 -1.377501 0.631036
1776409907.155247 jaka_arm_left success 0.284421 0.274393 -0.428113 0.642030 0.293400 0.277223 0.651814 -1.327879 1.158788 1.286266 -0.988738 0.821732 -1.373622 0.623216
1776409907.163475 jaka_arm_left success 0.284415 0.273032 -0.426492 0.642229 0.292147 0.277487 0.652068 -1.321876 1.161004 1.285787 -1.000044 0.822091 -1.370527 0.622139
1776409907.171789 jaka_arm_left success 0.284518 0.271776 -0.424832 0.642906 0.290360 0.278579 0.651734 -1.318760 1.162645 1.285467 -1.015452 0.823970 -1.362071 0.618842
1776409907.188470 jaka_arm_left success 0.284875 0.268854 -0.421513 0.643199 0.286295 0.277541 0.653683 -1.317408 1.160833 1.287617 -1.030624 0.824413 -1.360265 0.610961
1776409907.196760 jaka_arm_left success 0.284987 0.267442 -0.419876 0.643479 0.285023 0.277750 0.653874 -1.311969 1.163877 1.288019 -1.043572 0.825921 -1.354854 0.608998
1776409907.213439 jaka_arm_left success 0.285153 0.265839 -0.418196 0.643421 0.283410 0.277070 0.654920 -1.313594 1.162554 1.289347 -1.047875 0.826114 -1.354328 0.605220
1776409907.221758 jaka_arm_left success 0.285703 0.262660 -0.414751 0.643989 0.279913 0.275227 0.656640 -1.309356 1.163742 1.292696 -1.074380 0.828963 -1.343101 0.592185
1776409907.230103 jaka_arm_left success 0.285941 0.260727 -0.413065 0.644094 0.279150 0.273147 0.657730 -1.307871 1.162169 1.294906 -1.082508 0.829233 -1.342134 0.585130
1776409907.246777 jaka_arm_left success 0.286782 0.257176 -0.409671 0.644346 0.276212 0.270928 0.659639 -1.304127 1.163944 1.298629 -1.105565 0.832111 -1.332032 0.573368
1776409907.255233 jaka_arm_left success 0.287118 0.255291 -0.407947 0.644699 0.275330 0.267951 0.660877 -1.306103 1.161537 1.302721 -1.109992 0.833276 -1.332099 0.565846
1776409907.271761 jaka_arm_left success 0.288164 0.251610 -0.404450 0.646590 0.272624 0.263341 0.662004 -1.301572 1.159338 1.309696 -1.143413 0.839443 -1.315329 0.543070
1776409907.280164 jaka_arm_left success 0.288743 0.249670 -0.402772 0.646562 0.272053 0.262296 0.662680 -1.302675 1.158805 1.311465 -1.146566 0.839929 -1.314180 0.539148
1776409907.288556 jaka_arm_left success 0.289398 0.248028 -0.401048 0.647860 0.270328 0.261675 0.662365 -1.299663 1.158736 1.313508 -1.163779 0.843420 -1.304352 0.530618
1776409907.305215 jaka_arm_left success 0.289844 0.245614 -0.399408 0.647566 0.269440 0.257544 0.664628 -1.302615 1.156217 1.318305 -1.166541 0.843754 -1.306058 0.522278
1776409907.313452 jaka_arm_left success 0.291027 0.241593 -0.395977 0.649172 0.267467 0.252690 0.665721 -1.300043 1.156642 1.327018 -1.197221 0.851533 -1.288060 0.500965
1776409907.321756 jaka_arm_left success 0.291672 0.239444 -0.394315 0.649416 0.266810 0.251379 0.666243 -1.300025 1.154452 1.328607 -1.206613 0.852229 -1.283537 0.492135
1776409907.338532 jaka_arm_left success 0.292471 0.237202 -0.392726 0.649777 0.264556 0.248461 0.667883 -1.303207 1.152596 1.333221 -1.209647 0.853499 -1.285287 0.486987
1776409907.346743 jaka_arm_left success 0.293711 0.232790 -0.389460 0.651705 0.261768 0.241867 0.669522 -1.305879 1.149388 1.344964 -1.233776 0.861938 -1.271502 0.463526
1776409907.355148 jaka_arm_left success 0.294449 0.230735 -0.387789 0.653195 0.260357 0.240837 0.668991 -1.305024 1.147553 1.347269 -1.246391 0.864943 -1.264448 0.455027
1776409907.363494 jaka_arm_left success 0.294991 0.228125 -0.386245 0.653160 0.259783 0.237737 0.670355 -1.305773 1.147507 1.352082 -1.256691 0.867536 -1.259151 0.445396
1776409907.371966 jaka_arm_left success 0.295806 0.226115 -0.384684 0.654739 0.256422 0.236220 0.670645 -1.309161 1.144175 1.356001 -1.260514 0.870025 -1.260300 0.441787
1776409907.380105 jaka_arm_left success 0.296438 0.223820 -0.383152 0.655569 0.255082 0.233750 0.671211 -1.309511 1.144400 1.361134 -1.273489 0.874263 -1.252336 0.431753
1776409907.388363 jaka_arm_left success 0.297213 0.221393 -0.381593 0.656548 0.253643 0.230458 0.671937 -1.313227 1.141884 1.367189 -1.281451 0.878013 -1.247890 0.421135
1776409907.396839 jaka_arm_left success 0.297918 0.218945 -0.380027 0.657451 0.253302 0.228017 0.672015 -1.312175 1.140982 1.371846 -1.296874 0.882891 -1.237854 0.409166
1776409907.405120 jaka_arm_left success 0.298873 0.216470 -0.378555 0.658264 0.250987 0.225451 0.672953 -1.317061 1.137527 1.376466 -1.299730 0.884432 -1.238294 0.401922
1776409907.421727 jaka_arm_left success 0.299464 0.214042 -0.377092 0.659331 0.251074 0.224019 0.672354 -1.315345 1.137334 1.380387 -1.317431 0.889870 -1.225623 0.389667
1776409907.430062 jaka_arm_left success 0.300321 0.211574 -0.375624 0.660539 0.249239 0.220175 0.673121 -1.319364 1.135859 1.387995 -1.325258 0.894760 -1.220958 0.379199
1776409907.438539 jaka_arm_left success 0.301149 0.209153 -0.374209 0.662117 0.247690 0.218656 0.672637 -1.319955 1.134838 1.392618 -1.337461 0.899796 -1.212895 0.369826
1776409907.446808 jaka_arm_left success 0.302818 0.204237 -0.371506 0.665167 0.244364 0.213581 0.672475 -1.325762 1.131150 1.405294 -1.359209 0.911808 -1.197739 0.348636
1776409907.455061 jaka_arm_left success 0.303693 0.201549 -0.370306 0.665557 0.243076 0.211516 0.673208 -1.329540 1.129210 1.409358 -1.362187 0.912999 -1.197867 0.342628
1776409907.463438 jaka_arm_left success 0.304686 0.199205 -0.369035 0.667736 0.240143 0.208571 0.673022 -1.333572 1.127294 1.417142 -1.372780 0.920331 -1.190838 0.332523
1776409907.471780 jaka_arm_left success 0.305434 0.196747 -0.367815 0.669408 0.240022 0.206563 0.672022 -1.334223 1.125658 1.422494 -1.386438 0.927025 -1.179950 0.320237
1776409907.488450 jaka_arm_left success 0.307453 0.191772 -0.365679 0.671835 0.238323 0.201921 0.671616 -1.340980 1.123821 1.435624 -1.404746 0.938702 -1.164491 0.298462
1776409907.496746 jaka_arm_left success 0.308469 0.189244 -0.364711 0.673060 0.237222 0.198315 0.671853 -1.346760 1.118774 1.440947 -1.406390 0.940399 -1.164877 0.288294
1776409907.505133 jaka_arm_left success 0.309498 0.186746 -0.363803 0.674306 0.237071 0.196108 0.671305 -1.348931 1.117663 1.447510 -1.418986 0.947965 -1.153844 0.275594
1776409907.521737 jaka_arm_left success 0.311629 0.181597 -0.362285 0.675010 0.237472 0.190504 0.672069 -1.355377 1.119618 1.461562 -1.433811 0.957890 -1.139943 0.254424
1776409907.538435 jaka_arm_left success 0.313647 0.176703 -0.360944 0.676710 0.237134 0.183182 0.672515 -1.369403 1.116413 1.477672 -1.440254 0.968131 -1.130205 0.230441
1776409907.555078 jaka_arm_left success 0.315608 0.171846 -0.359682 0.678640 0.238030 0.177092 0.671884 -1.376492 1.114818 1.492384 -1.456327 0.980688 -1.113960 0.204736
1776409907.571829 jaka_arm_left success 0.317549 0.166856 -0.358653 0.680767 0.237867 0.170946 0.671381 -1.387078 1.112064 1.507495 -1.466604 0.992102 -1.102570 0.181224
1776409907.588634 jaka_arm_left success 0.319173 0.161884 -0.357685 0.683000 0.239747 0.166257 0.669619 -1.388505 1.110301 1.519686 -1.486905 1.005792 -1.083399 0.156114
1776409907.605175 jaka_arm_left success 0.320957 0.157277 -0.356806 0.685964 0.240819 0.162913 0.667022 -1.394056 1.107542 1.532615 -1.505172 1.021357 -1.064121 0.131285
1776409907.613466 jaka_arm_left success 0.321589 0.154887 -0.356414 0.686723 0.242319 0.160167 0.666362 -1.399675 1.107781 1.540793 -1.509125 1.027930 -1.056325 0.118043
1776409907.621744 jaka_arm_left success 0.322225 0.152103 -0.356094 0.685971 0.244627 0.157600 0.666907 -1.400996 1.110124 1.547069 -1.515611 1.032760 -1.047859 0.106234
1776409907.630308 jaka_arm_left success 0.322973 0.149781 -0.355726 0.686864 0.245404 0.156349 0.665995 -1.403287 1.110311 1.552858 -1.523383 1.039976 -1.038865 0.096085
1776409907.646845 jaka_arm_left success 0.324272 0.145132 -0.355091 0.688837 0.244645 0.150712 0.665536 -1.412553 1.110035 1.567471 -1.530707 1.051386 -1.030245 0.077662
1776409907.655149 jaka_arm_left success 0.324793 0.142562 -0.354839 0.688579 0.245770 0.148101 0.665975 -1.417533 1.110763 1.574146 -1.532895 1.055222 -1.025813 0.066848
1776409907.663527 jaka_arm_left success 0.325335 0.140112 -0.354494 0.689845 0.245172 0.144000 0.665784 -1.423268 1.108867 1.582632 -1.536846 1.061232 -1.022386 0.054794
1776409907.680157 jaka_arm_left success 0.326139 0.135508 -0.353838 0.691890 0.247656 0.140757 0.663432 -1.426346 1.106450 1.596023 -1.558536 1.077960 -1.000839 0.024599
1776409907.688457 jaka_arm_left success 0.326591 0.133092 -0.353574 0.692207 0.248201 0.137420 0.663598 -1.430214 1.108549 1.603209 -1.558584 1.082624 -0.998138 0.018177
1776409907.696827 jaka_arm_left success 0.327044 0.130546 -0.353437 0.691519 0.249442 0.134835 0.664379 -1.432115 1.110900 1.607545 -1.558998 1.084078 -0.996390 0.012954
1776409907.705137 jaka_arm_left success 0.327323 0.128297 -0.353227 0.692206 0.251824 0.132013 0.663331 -1.433484 1.109777 1.616163 -1.570634 1.093938 -0.983354 -0.007224
1776409907.721770 jaka_arm_left success 0.328209 0.123905 -0.352781 0.692479 0.256213 0.125415 0.662646 -1.441038 1.111310 1.631729 -1.578925 1.106436 -0.969527 -0.034252
1776409907.738485 jaka_arm_left success 0.329030 0.119260 -0.352450 0.692340 0.260059 0.116482 0.662922 -1.452137 1.110264 1.648188 -1.583296 1.116622 -0.960392 -0.064140
1776409907.746750 jaka_arm_left success 0.329265 0.116801 -0.352267 0.692092 0.261591 0.110356 0.663627 -1.456757 1.106595 1.653541 -1.582422 1.115345 -0.963263 -0.077382
1776409907.755070 jaka_arm_left success 0.329630 0.114450 -0.352202 0.691736 0.262305 0.105698 0.664474 -1.464250 1.108083 1.662064 -1.581182 1.119001 -0.961993 -0.088118
1776409907.763466 jaka_arm_left success 0.329943 0.112115 -0.352056 0.692470 0.262350 0.101076 0.664411 -1.471206 1.107205 1.671013 -1.581573 1.123464 -0.961026 -0.100981
1776409907.771796 jaka_arm_left success 0.330141 0.109806 -0.352006 0.692231 0.262473 0.096956 0.665225 -1.474809 1.108013 1.676025 -1.581239 1.124251 -0.962029 -0.107116
1776409907.780127 jaka_arm_left success 0.330176 0.107594 -0.351804 0.693050 0.263266 0.092597 0.664679 -1.482613 1.107016 1.685629 -1.581360 1.130105 -0.959686 -0.121727
1776409907.796949 jaka_arm_left success 0.330408 0.105390 -0.351703 0.693554 0.263344 0.089229 0.664583 -1.488713 1.107046 1.693104 -1.582712 1.135082 -0.957335 -0.132391
1776409907.805135 jaka_arm_left success 0.330355 0.102793 -0.351577 0.692641 0.265751 0.085696 0.665042 -1.490827 1.111224 1.700719 -1.585819 1.140642 -0.950796 -0.143355
1776409907.813483 jaka_arm_left success 0.330416 0.098258 -0.351383 0.692038 0.269022 0.078300 0.665267 -1.496638 1.112818 1.714090 -1.592089 1.149485 -0.942135 -0.168044
1776409907.830129 jaka_arm_left success 0.330655 0.093911 -0.351314 0.691224 0.272223 0.070098 0.665725 -1.505176 1.114022 1.726323 -1.591665 1.154317 -0.939282 -0.189465
1776409907.846837 jaka_arm_left success 0.330814 0.091780 -0.351426 0.690651 0.273683 0.065650 0.666175 -1.509176 1.113423 1.731052 -1.590984 1.154483 -0.940481 -0.198690
1776409907.855114 jaka_arm_left success 0.331087 0.089738 -0.351548 0.690360 0.274364 0.060606 0.666674 -1.515860 1.113915 1.737882 -1.588377 1.155819 -0.941950 -0.208788
1776409907.863526 jaka_arm_left success 0.331521 0.085487 -0.351954 0.687943 0.277431 0.049460 0.668820 -1.528293 1.116951 1.749974 -1.579738 1.153963 -0.946840 -0.228214
1776409907.871732 jaka_arm_left success 0.331692 0.083358 -0.352178 0.686468 0.279366 0.043026 0.669974 -1.531166 1.120025 1.755872 -1.576249 1.152677 -0.949095 -0.235744
1776409907.880095 jaka_arm_left success 0.331892 0.081262 -0.352449 0.684850 0.281136 0.036813 0.671258 -1.539702 1.121606 1.762763 -1.569840 1.151474 -0.952563 -0.246852
1776409907.896758 jaka_arm_left success 0.332453 0.077342 -0.352985 0.682796 0.284821 0.025521 0.672320 -1.553577 1.124473 1.774941 -1.558504 1.150135 -0.957543 -0.266971
1776409907.905101 jaka_arm_left success 0.332670 0.075404 -0.353316 0.681399 0.287656 0.020669 0.672698 -1.554950 1.128594 1.780106 -1.554856 1.150499 -0.957062 -0.273080
1776409907.921828 jaka_arm_left success 0.333179 0.071511 -0.354152 0.678349 0.291097 0.010470 0.674534 -1.566117 1.133358 1.790043 -1.545136 1.148049 -0.961096 -0.289495
1776409907.930065 jaka_arm_left success 0.333598 0.070016 -0.354561 0.678865 0.291320 0.007099 0.673962 -1.573527 1.135538 1.796837 -1.539726 1.151230 -0.961930 -0.296013
1776409907.946861 jaka_arm_left success 0.334049 0.066164 -0.355491 0.677054 0.293013 0.002414 0.675082 -1.575921 1.142267 1.803214 -1.535402 1.152513 -0.961404 -0.300037
1776409907.955106 jaka_arm_left success 0.334190 0.064487 -0.355920 0.677802 0.293429 0.000858 0.674153 -1.582758 1.145648 1.809599 -1.530302 1.158024 -0.958764 -0.305638
1776409907.963485 jaka_arm_left success 0.334402 0.062639 -0.356415 0.678170 0.293100 0.000729 0.673927 -1.583536 1.148607 1.812809 -1.530169 1.161117 -0.957321 -0.305284
1776409907.971795 jaka_arm_left success 0.334442 0.060741 -0.356866 0.678984 0.293762 0.001306 0.672817 -1.584959 1.151736 1.816934 -1.530742 1.167904 -0.951342 -0.307877
1776409907.980108 jaka_arm_left success 0.334521 0.058967 -0.357305 0.679993 0.294026 0.002321 0.671679 -1.585579 1.154053 1.821390 -1.534612 1.175661 -0.944159 -0.312464
1776409907.988444 jaka_arm_left success 0.334747 0.057201 -0.357827 0.681883 0.293555 0.004646 0.669954 -1.585873 1.155813 1.826341 -1.541423 1.186956 -0.934302 -0.316748
1776409907.996760 jaka_arm_left success 0.334842 0.055452 -0.358360 0.683358 0.293311 0.005494 0.668552 -1.586822 1.157303 1.831566 -1.546815 1.195691 -0.926941 -0.323251
1776409908.013523 jaka_arm_left success 0.334955 0.053554 -0.358969 0.684253 0.293648 0.006815 0.667474 -1.585743 1.159895 1.834652 -1.549805 1.202561 -0.920414 -0.324644
1776409908.021777 jaka_arm_left success 0.335071 0.051951 -0.359545 0.685846 0.294270 0.006532 0.665566 -1.589593 1.161100 1.841355 -1.553219 1.212395 -0.913285 -0.334067
1776409908.030152 jaka_arm_left success 0.335764 0.048920 -0.360978 0.687757 0.295610 0.007332 0.662986 -1.592881 1.163565 1.851074 -1.560652 1.228926 -0.899223 -0.349240
1776409908.046770 jaka_arm_left success 0.336534 0.046085 -0.362584 0.687629 0.297637 0.005478 0.662230 -1.592274 1.169050 1.855639 -1.557587 1.233263 -0.895015 -0.351280
1776409908.055135 jaka_arm_left success 0.337029 0.044903 -0.363353 0.687836 0.298074 0.003179 0.661834 -1.596953 1.169329 1.858983 -1.554394 1.234740 -0.895908 -0.356539
1776409908.063454 jaka_arm_left success 0.337416 0.043727 -0.364118 0.687817 0.300146 0.003198 0.660915 -1.597098 1.173033 1.862001 -1.552463 1.238766 -0.891696 -0.358611
1776409908.071791 jaka_arm_left success 0.338022 0.042552 -0.365049 0.687165 0.300171 0.001859 0.661588 -1.600344 1.176171 1.864854 -1.549696 1.240488 -0.890757 -0.360860
1776409908.080137 jaka_arm_left success 0.338441 0.041346 -0.365809 0.686761 0.301821 0.000832 0.661258 -1.601668 1.179211 1.867191 -1.547039 1.242381 -0.888697 -0.363047
1776409908.088476 jaka_arm_left success 0.338828 0.040147 -0.366617 0.685589 0.303607 -0.000742 0.661657 -1.601215 1.181326 1.868064 -1.545036 1.241799 -0.887796 -0.365142
1776409908.105097 jaka_arm_left success 0.339816 0.038201 -0.368150 0.683731 0.308004 -0.002257 0.661544 -1.601972 1.188994 1.871901 -1.538672 1.245816 -0.881324 -0.368435
1776409908.113499 jaka_arm_left success 0.340315 0.037394 -0.368893 0.682697 0.309938 -0.003857 0.661701 -1.602323 1.190832 1.872607 -1.536405 1.244917 -0.880593 -0.371395
1776409908.121760 jaka_arm_left success 0.340884 0.036428 -0.369658 0.680410 0.312550 -0.004824 0.662821 -1.602567 1.195695 1.873254 -1.532984 1.244486 -0.877553 -0.373354
1776409908.138503 jaka_arm_left success 0.342101 0.035162 -0.371062 0.677205 0.317125 -0.008020 0.663898 -1.605426 1.203101 1.875510 -1.524600 1.243365 -0.874893 -0.377728
1776409908.146816 jaka_arm_left success 0.342597 0.034547 -0.371711 0.675009 0.319105 -0.011187 0.665139 -1.609517 1.205824 1.875619 -1.515297 1.237594 -0.879771 -0.378932
1776409908.155085 jaka_arm_left success 0.343332 0.033872 -0.372456 0.672477 0.320823 -0.012353 0.666854 -1.607178 1.213722 1.873346 -1.505330 1.232162 -0.881502 -0.368480
1776409908.163524 jaka_arm_left success 0.343759 0.033281 -0.373021 0.669878 0.323747 -0.014596 0.668011 -1.608540 1.215519 1.872179 -1.500954 1.227401 -0.882982 -0.371665
1776409908.171771 jaka_arm_left success 0.344450 0.032868 -0.373699 0.667850 0.324342 -0.016294 0.669711 -1.611242 1.222079 1.871125 -1.488639 1.221536 -0.888462 -0.362463
1776409908.180148 jaka_arm_left success 0.345024 0.032109 -0.374350 0.664678 0.326098 -0.016952 0.671994 -1.607108 1.228177 1.866055 -1.479656 1.212774 -0.892060 -0.351558
1776409908.196797 jaka_arm_left success 0.346137 0.031191 -0.375398 0.661338 0.327589 -0.018840 0.674509 -1.614083 1.237246 1.865135 -1.462642 1.205775 -0.897627 -0.344309
1776409908.205073 jaka_arm_left success 0.346633 0.030748 -0.375874 0.660076 0.329085 -0.018280 0.675032 -1.610792 1.239878 1.863329 -1.462202 1.204451 -0.895663 -0.341484
1776409908.213433 jaka_arm_left success 0.347103 0.030158 -0.376389 0.657185 0.330750 -0.018313 0.677035 -1.606974 1.245112 1.858973 -1.455569 1.198155 -0.898093 -0.331241
1776409908.230125 jaka_arm_left success 0.348138 0.029556 -0.377348 0.654741 0.333309 -0.017341 0.678174 -1.605702 1.251505 1.857621 -1.452134 1.197597 -0.893305 -0.328915
1776409908.238416 jaka_arm_left success 0.348470 0.029268 -0.377723 0.653410 0.335309 -0.018171 0.678448 -1.605036 1.252919 1.856540 -1.451084 1.195763 -0.892255 -0.330390
1776409908.246751 jaka_arm_left success 0.349044 0.028893 -0.378264 0.651187 0.336241 -0.018340 0.680118 -1.605221 1.260192 1.854419 -1.439377 1.191088 -0.895706 -0.319059
1776409908.263453 jaka_arm_left success 0.349928 0.028276 -0.379276 0.647482 0.339188 -0.020220 0.682136 -1.608072 1.264185 1.850261 -1.426832 1.181696 -0.901846 -0.315009
1776409908.271782 jaka_arm_left success 0.350391 0.028078 -0.379811 0.646543 0.339748 -0.021556 0.682707 -1.607411 1.265041 1.850586 -1.426463 1.180856 -0.902090 -0.315865
1776409908.288476 jaka_arm_left success 0.351131 0.027806 -0.380413 0.645042 0.339290 -0.022410 0.684326 -1.611944 1.274513 1.848638 -1.407143 1.174006 -0.910486 -0.300104
1776409908.296812 jaka_arm_left success 0.351490 0.027451 -0.380911 0.643595 0.340896 -0.023719 0.684845 -1.611238 1.275857 1.847890 -1.406365 1.171922 -0.910149 -0.301793
1776409908.305147 jaka_arm_left success 0.351714 0.027098 -0.381380 0.642504 0.342398 -0.026050 0.685035 -1.612846 1.274710 1.848184 -1.402936 1.169250 -0.913158 -0.305549
1776409908.313442 jaka_arm_left success 0.352339 0.026781 -0.381936 0.642029 0.342894 -0.025728 0.685245 -1.614024 1.278140 1.848500 -1.398895 1.169783 -0.911976 -0.302986
1776409908.321760 jaka_arm_left success 0.352990 0.026172 -0.382907 0.641608 0.344894 -0.026334 0.684612 -1.613007 1.278177 1.847849 -1.397103 1.169382 -0.910760 -0.304177
1776409908.338485 jaka_arm_left success 0.353313 0.025713 -0.383427 0.640531 0.346300 -0.025879 0.684929 -1.613168 1.281944 1.848446 -1.394560 1.170035 -0.908297 -0.303527
1776409908.346792 jaka_arm_left success 0.353964 0.025200 -0.384467 0.639736 0.348360 -0.025229 0.684651 -1.612674 1.284320 1.848003 -1.392070 1.170818 -0.905134 -0.302978
1776409908.355066 jaka_arm_left success 0.354224 0.024859 -0.384963 0.638854 0.349721 -0.025807 0.684759 -1.612054 1.285517 1.847551 -1.390891 1.169970 -0.904152 -0.303878
1776409908.371758 jaka_arm_left success 0.354945 0.024480 -0.385965 0.637770 0.352251 -0.026857 0.684432 -1.613610 1.289918 1.849260 -1.385497 1.171558 -0.900864 -0.304885
1776409908.380133 jaka_arm_left success 0.355303 0.023929 -0.386474 0.635385 0.354451 -0.027928 0.685472 -1.613363 1.294234 1.848128 -1.380941 1.168690 -0.900310 -0.304167
1776409908.388529 jaka_arm_left success 0.355792 0.023901 -0.386990 0.635249 0.355209 -0.028953 0.685162 -1.615885 1.293195 1.848410 -1.377220 1.167578 -0.902433 -0.306088
1776409908.405075 jaka_arm_left success 0.356165 0.023782 -0.387374 0.634644 0.356373 -0.030325 0.685059 -1.616923 1.294499 1.848940 -1.374406 1.166732 -0.902896 -0.307249
1776409908.413470 jaka_arm_left success 0.357029 0.023385 -0.388142 0.631685 0.359109 -0.031623 0.686305 -1.617915 1.301351 1.847756 -1.364919 1.163248 -0.903009 -0.303842
1776409908.430122 jaka_arm_left success 0.357850 0.023204 -0.388785 0.628747 0.361452 -0.032924 0.687710 -1.617728 1.302147 1.843417 -1.358844 1.155986 -0.907497 -0.301896
1776409908.446809 jaka_arm_left success 0.358464 0.023099 -0.389163 0.624558 0.363864 -0.036725 0.690059 -1.622867 1.308092 1.840112 -1.340462 1.145463 -0.917603 -0.295757
1776409908.455055 jaka_arm_left success 0.358799 0.023072 -0.389371 0.621668 0.365436 -0.037194 0.691811 -1.618039 1.313184 1.837059 -1.338862 1.141422 -0.917217 -0.290569
1776409908.463507 jaka_arm_left success 0.359220 0.022933 -0.389459 0.618918 0.366697 -0.037778 0.693575 -1.616217 1.317128 1.832542 -1.331465 1.134311 -0.922228 -0.282724
1776409908.480110 jaka_arm_left success 0.359678 0.023294 -0.389571 0.618332 0.366426 -0.037522 0.694255 -1.619911 1.317553 1.832011 -1.328045 1.133035 -0.924024 -0.282267
1776409908.488394 jaka_arm_left success 0.360296 0.023682 -0.389540 0.615065 0.367795 -0.036998 0.696457 -1.616200 1.321887 1.825709 -1.321448 1.125437 -0.928340 -0.271699
1776409908.496796 jaka_arm_left success 0.360622 0.023726 -0.389508 0.612476 0.368991 -0.036234 0.698145 -1.614604 1.327349 1.822294 -1.316620 1.121513 -0.928893 -0.264821
1776409908.505118 jaka_arm_left success 0.360831 0.023743 -0.389404 0.609292 0.370603 -0.036064 0.700083 -1.611434 1.331571 1.817783 -1.313255 1.115599 -0.930634 -0.259395
1776409908.521833 jaka_arm_left success 0.361405 0.024401 -0.389146 0.607214 0.371390 -0.034129 0.701567 -1.610370 1.334209 1.814067 -1.313141 1.113085 -0.929136 -0.255704
1776409908.530321 jaka_arm_left success 0.361693 0.024385 -0.389074 0.603408 0.372892 -0.034198 0.704046 -1.607470 1.338911 1.807275 -1.303316 1.103508 -0.936624 -0.244218
1776409908.546876 jaka_arm_left success 0.362499 0.024858 -0.388844 0.599470 0.373551 -0.034806 0.707024 -1.608800 1.345074 1.801806 -1.290905 1.094071 -0.945513 -0.233036
1776409908.563545 jaka_arm_left success 0.363048 0.025152 -0.388609 0.593508 0.375896 -0.038092 0.710633 -1.609888 1.349597 1.795860 -1.277824 1.081420 -0.956285 -0.227845
1776409908.580124 jaka_arm_left success 0.364047 0.025983 -0.388721 0.590551 0.375923 -0.038920 0.713034 -1.612893 1.352388 1.790252 -1.264468 1.072007 -0.966971 -0.218772
1776409908.588468 jaka_arm_left success 0.364627 0.026255 -0.388757 0.588197 0.375871 -0.038863 0.715007 -1.614190 1.358771 1.786841 -1.254133 1.067235 -0.971437 -0.208481
1776409908.596842 jaka_arm_left success 0.364917 0.026385 -0.388674 0.585842 0.377901 -0.040272 0.715792 -1.613151 1.360530 1.786082 -1.252813 1.064627 -0.971221 -0.210996
1776409908.613422 jaka_arm_left success 0.365816 0.027124 -0.388575 0.583831 0.379245 -0.040760 0.716696 -1.615008 1.359646 1.783884 -1.250735 1.060957 -0.973129 -0.213517
1776409908.630130 jaka_arm_left success 0.366166 0.027334 -0.388472 0.582605 0.380517 -0.040905 0.717011 -1.614702 1.360478 1.782895 -1.250216 1.059757 -0.972384 -0.214219
1776409908.638394 jaka_arm_left success 0.367052 0.027830 -0.388383 0.580261 0.381901 -0.039868 0.718233 -1.613551 1.364254 1.778895 -1.244277 1.055682 -0.974310 -0.207446
1776409908.655151 jaka_arm_left success 0.367300 0.028116 -0.388285 0.579335 0.383207 -0.039805 0.718289 -1.613055 1.364681 1.778123 -1.243611 1.054860 -0.973549 -0.208178
1776409908.663449 jaka_arm_left success 0.367651 0.028327 -0.388122 0.577487 0.385296 -0.039247 0.718690 -1.612783 1.365839 1.775795 -1.242915 1.052870 -0.971641 -0.209119
1776409908.671792 jaka_arm_left success 0.368533 0.028870 -0.388220 0.574913 0.385771 -0.038780 0.720522 -1.610654 1.370005 1.772178 -1.240727 1.048819 -0.972671 -0.203913
1776409908.680118 jaka_arm_left success 0.369199 0.029098 -0.388323 0.572957 0.386127 -0.037458 0.721958 -1.610712 1.373583 1.768119 -1.232752 1.044384 -0.977182 -0.194863
1776409908.688418 jaka_arm_left success 0.369466 0.029708 -0.388319 0.572833 0.386844 -0.037831 0.721653 -1.610428 1.373620 1.767943 -1.232355 1.044171 -0.976925 -0.195239
1776409908.705348 jaka_arm_left success 0.370442 0.030736 -0.388461 0.571140 0.387646 -0.037179 0.722598 -1.612426 1.372982 1.765143 -1.230726 1.041135 -0.977370 -0.196832
1776409908.721766 jaka_arm_left success 0.370815 0.031164 -0.388451 0.569590 0.388502 -0.038483 0.723293 -1.613855 1.372625 1.764080 -1.227483 1.038014 -0.980476 -0.198214
1776409908.730261 jaka_arm_left success 0.371368 0.032003 -0.388567 0.569803 0.388750 -0.037370 0.723050 -1.614101 1.372116 1.763039 -1.227183 1.038141 -0.979508 -0.197622
1776409908.738404 jaka_arm_left success 0.371891 0.032955 -0.388508 0.566118 0.392477 -0.038285 0.723883 -1.612376 1.374562 1.760310 -1.225200 1.034327 -0.977568 -0.200251
1776409908.755137 jaka_arm_left success 0.372479 0.033422 -0.388767 0.564469 0.392961 -0.036728 0.724988 -1.610966 1.376800 1.755826 -1.219415 1.030086 -0.981820 -0.191684
1776409908.763535 jaka_arm_left success 0.373069 0.034319 -0.388755 0.561122 0.396330 -0.036855 0.725745 -1.610230 1.378965 1.752890 -1.218271 1.026752 -0.979688 -0.193531
1776409908.771814 jaka_arm_left success 0.373587 0.034903 -0.388850 0.560627 0.397126 -0.035093 0.725780 -1.609746 1.379434 1.750760 -1.217856 1.026319 -0.977574 -0.192218
1776409908.788624 jaka_arm_left success 0.373850 0.035415 -0.388804 0.559729 0.398495 -0.034978 0.725728 -1.609271 1.380044 1.749670 -1.217316 1.025326 -0.976633 -0.192712
1776409908.796788 jaka_arm_left success 0.374601 0.036456 -0.389062 0.558123 0.398983 -0.033869 0.726749 -1.607046 1.382057 1.746494 -1.217447 1.022759 -0.976546 -0.189315
1776409908.805384 jaka_arm_left success 0.374932 0.036961 -0.389196 0.557071 0.399783 -0.034090 0.727106 -1.606531 1.381591 1.744784 -1.214835 1.020318 -0.979074 -0.188319
1776409908.821761 jaka_arm_left success 0.375258 0.037285 -0.389359 0.555189 0.400780 -0.035251 0.727941 -1.607417 1.382890 1.743136 -1.210802 1.017052 -0.981189 -0.188301
1776409908.830191 jaka_arm_left success 0.376171 0.038269 -0.389980 0.553717 0.401262 -0.036625 0.728729 -1.614932 1.384733 1.740050 -1.190529 1.010478 -0.993085 -0.180421
1776409908.838429 jaka_arm_left success 0.376412 0.038810 -0.390224 0.553648 0.402076 -0.038008 0.728261 -1.614160 1.384741 1.740488 -1.189849 1.010506 -0.993143 -0.181077
1776409908.846788 jaka_arm_left success 0.376850 0.039274 -0.390562 0.553379 0.402943 -0.039195 0.727923 -1.614700 1.383347 1.741049 -1.188092 1.009801 -0.994021 -0.184447
1776409908.863477 jaka_arm_left success 0.377504 0.039707 -0.391274 0.552514 0.405251 -0.041471 0.727172 -1.618780 1.380360 1.742126 -1.184233 1.008779 -0.994759 -0.192344
1776409908.871776 jaka_arm_left success 0.377634 0.039666 -0.391590 0.551540 0.406862 -0.043511 0.726893 -1.617613 1.381578 1.742617 -1.182945 1.007620 -0.994867 -0.194484
1776409908.888419 jaka_arm_left success 0.377952 0.039101 -0.392318 0.548372 0.409919 -0.047856 0.727299 -1.619895 1.382657 1.744015 -1.178523 1.004767 -0.995596 -0.202671
1776409908.896811 jaka_arm_left success 0.378128 0.039204 -0.392828 0.549663 0.409908 -0.049245 0.726238 -1.621078 1.380650 1.746068 -1.176361 1.006305 -0.996190 -0.205141
1776409908.905129 jaka_arm_left success 0.378227 0.038861 -0.393177 0.548651 0.410805 -0.052660 0.726256 -1.626053 1.379232 1.748043 -1.172522 1.004604 -0.998737 -0.212753
1776409908.921769 jaka_arm_left success 0.378521 0.038036 -0.394027 0.546426 0.411191 -0.059103 0.727219 -1.635848 1.381302 1.751382 -1.155740 1.000120 -1.008768 -0.217326
1776409908.938447 jaka_arm_left success 0.378594 0.037575 -0.394441 0.544897 0.410702 -0.062871 0.728325 -1.640017 1.381923 1.749667 -1.138582 0.992925 -1.024069 -0.210839
1776409908.946738 jaka_arm_left success 0.378746 0.036785 -0.395304 0.543427 0.410360 -0.069428 0.729021 -1.650359 1.383787 1.753948 -1.123568 0.990042 -1.033274 -0.215655
1776409908.955108 jaka_arm_left success 0.378676 0.036022 -0.395581 0.540616 0.410857 -0.073111 0.730470 -1.650561 1.386080 1.752061 -1.111829 0.983276 -1.044247 -0.211266
1776409908.971833 jaka_arm_left success 0.378721 0.035675 -0.395967 0.540710 0.410040 -0.075205 0.730646 -1.656509 1.386059 1.754061 -1.105007 0.983003 -1.048372 -0.212458
1776409908.980081 jaka_arm_left success 0.378686 0.035124 -0.396205 0.539527 0.409835 -0.076913 0.731457 -1.658206 1.388847 1.752670 -1.093946 0.979032 -1.056678 -0.205634
1776409908.988455 jaka_arm_left success 0.378415 0.033945 -0.396404 0.536779 0.410171 -0.080331 0.732922 -1.661350 1.391458 1.753344 -1.087767 0.975393 -1.061324 -0.208246
1776409908.996778 jaka_arm_left success 0.378529 0.033760 -0.396685 0.537633 0.408404 -0.079812 0.733340 -1.663733 1.393707 1.752019 -1.076989 0.973750 -1.069338 -0.196864
1776409909.013440 jaka_arm_left success 0.378425 0.032720 -0.396911 0.534749 0.405891 -0.081741 0.736624 -1.670041 1.400564 1.748982 -1.054860 0.966022 -1.086248 -0.181309
1776409909.030164 jaka_arm_left success 0.378480 0.032248 -0.397021 0.533006 0.404920 -0.081761 0.738417 -1.670249 1.403653 1.746519 -1.049100 0.962418 -1.091318 -0.174856
1776409909.038448 jaka_arm_left success 0.378374 0.031379 -0.396984 0.529138 0.403368 -0.084479 0.741735 -1.676552 1.409884 1.743270 -1.025461 0.953408 -1.109750 -0.161345
1776409909.046754 jaka_arm_left success 0.378237 0.030998 -0.396914 0.526890 0.403341 -0.086625 0.743101 -1.677951 1.411052 1.743155 -1.023257 0.950599 -1.112384 -0.164220
1776409909.063469 jaka_arm_left success 0.378454 0.030733 -0.397031 0.524887 0.402319 -0.085847 0.745160 -1.680360 1.415177 1.738692 -1.006841 0.944975 -1.123635 -0.149836
1776409909.071745 jaka_arm_left success 0.378589 0.030257 -0.396915 0.520436 0.402029 -0.087963 0.748185 -1.684333 1.422146 1.735278 -0.988169 0.937206 -1.136641 -0.139059
1776409909.080107 jaka_arm_left success 0.378599 0.029954 -0.396771 0.517361 0.402418 -0.089488 0.749926 -1.684937 1.424554 1.734135 -0.986148 0.933463 -1.139166 -0.140732
1776409909.088490 jaka_arm_left success 0.378758 0.029831 -0.396838 0.514863 0.402251 -0.090445 0.751618 -1.687626 1.428715 1.731257 -0.971231 0.928122 -1.149551 -0.131087
1776409909.105149 jaka_arm_left success 0.379367 0.029621 -0.397098 0.509173 0.401391 -0.091326 0.755836 -1.695359 1.437243 1.725401 -0.941249 0.917813 -1.168730 -0.112882
1776409909.121715 jaka_arm_left success 0.379498 0.029474 -0.397095 0.505545 0.401241 -0.093792 0.758046 -1.697389 1.438483 1.723164 -0.933235 0.911714 -1.177372 -0.112674
1776409909.130142 jaka_arm_left success 0.379814 0.029957 -0.397167 0.502873 0.400165 -0.098917 0.759738 -1.709849 1.441202 1.723669 -0.908029 0.906454 -1.193161 -0.109191
1776409909.138488 jaka_arm_left success 0.379988 0.029691 -0.396984 0.498676 0.400789 -0.101169 0.761876 -1.709167 1.444293 1.720583 -0.896718 0.899469 -1.204251 -0.104298
1776409909.155082 jaka_arm_left success 0.380879 0.029794 -0.397330 0.495505 0.397122 -0.100630 0.765926 -1.724595 1.450890 1.715387 -0.856866 0.891049 -1.229679 -0.079664
1776409909.172034 jaka_arm_left success 0.381119 0.029828 -0.397192 0.492473 0.394878 -0.101887 0.768870 -1.729766 1.454940 1.712604 -0.838078 0.885061 -1.245339 -0.067860
1776409909.180100 jaka_arm_left success 0.381069 0.029984 -0.397091 0.492197 0.393292 -0.102967 0.769715 -1.733740 1.453419 1.713473 -0.833004 0.884109 -1.251231 -0.068720
1776409909.196841 jaka_arm_left success 0.381163 0.030214 -0.397021 0.492370 0.391700 -0.102179 0.770521 -1.736019 1.454427 1.712147 -0.826423 0.882656 -1.256848 -0.061950
1776409909.205161 jaka_arm_left success 0.381208 0.030614 -0.396629 0.492472 0.390411 -0.101247 0.771233 -1.737025 1.453771 1.711752 -0.827316 0.882842 -1.257141 -0.060666
1776409909.213473 jaka_arm_left success 0.381145 0.030817 -0.396462 0.492440 0.389818 -0.100735 0.771620 -1.737422 1.453888 1.711641 -0.827730 0.882704 -1.257430 -0.060365
1776409909.230214 jaka_arm_left success 0.381220 0.031205 -0.396085 0.491631 0.388071 -0.099908 0.773123 -1.742295 1.456381 1.708767 -0.809359 0.879271 -1.270092 -0.045805
1776409909.238465 jaka_arm_left success 0.381167 0.031346 -0.395866 0.490759 0.387023 -0.100664 0.774103 -1.742426 1.455323 1.708500 -0.809586 0.877536 -1.274088 -0.047000
1776409909.246731 jaka_arm_left success 0.381176 0.031657 -0.395858 0.490529 0.385060 -0.100660 0.775228 -1.747802 1.456032 1.707380 -0.794063 0.875264 -1.286087 -0.036840
1776409909.255075 jaka_arm_left success 0.381359 0.032038 -0.395793 0.490139 0.382602 -0.100820 0.776669 -1.755946 1.456672 1.706268 -0.776377 0.872580 -1.298697 -0.027870
1776409909.263488 jaka_arm_left success 0.381282 0.032264 -0.395608 0.489339 0.381504 -0.101796 0.777586 -1.756192 1.456137 1.706349 -0.775959 0.871283 -1.302086 -0.029109
1776409909.271772 jaka_arm_left success 0.381313 0.032434 -0.395443 0.487528 0.380200 -0.101923 0.779344 -1.763197 1.459991 1.704411 -0.754240 0.867770 -1.315135 -0.016292
1776409909.288446 jaka_arm_left success 0.381325 0.033112 -0.395275 0.485629 0.377383 -0.103556 0.781679 -1.772686 1.460105 1.702999 -0.729585 0.862658 -1.335682 -0.006250
1776409909.296762 jaka_arm_left success 0.381128 0.033102 -0.394873 0.482541 0.377740 -0.105200 0.783198 -1.772106 1.462734 1.702301 -0.729220 0.860340 -1.336598 -0.008064
1776409909.305095 jaka_arm_left success 0.381298 0.033522 -0.394836 0.482046 0.375531 -0.105224 0.784561 -1.779048 1.463194 1.700600 -0.710285 0.857069 -1.351266 0.002681
1776409909.321786 jaka_arm_left success 0.381425 0.034049 -0.394614 0.479832 0.372170 -0.106159 0.787389 -1.790572 1.465894 1.699467 -0.681503 0.852808 -1.372310 0.016863
1776409909.330151 jaka_arm_left success 0.381344 0.034306 -0.394280 0.478165 0.371071 -0.107532 0.788734 -1.792371 1.465453 1.698652 -0.677485 0.850312 -1.377813 0.016119
1776409909.338437 jaka_arm_left success 0.381270 0.034441 -0.394014 0.476890 0.370091 -0.108348 0.789854 -1.795590 1.466474 1.697942 -0.668382 0.848229 -1.385088 0.019842
1776409909.355067 jaka_arm_left success 0.381152 0.035024 -0.393390 0.476069 0.368153 -0.108681 0.791208 -1.801096 1.466196 1.697323 -0.654459 0.845860 -1.397850 0.026646
1776409909.363399 jaka_arm_left success 0.381003 0.035331 -0.393206 0.476002 0.366301 -0.109339 0.792017 -1.806618 1.465572 1.697988 -0.643814 0.845613 -1.405953 0.030884
1776409909.380167 jaka_arm_left success 0.380843 0.035407 -0.392844 0.473988 0.365240 -0.110298 0.793580 -1.808236 1.467069 1.696724 -0.635413 0.842864 -1.413663 0.035078
1776409909.388401 jaka_arm_left success 0.380766 0.035569 -0.392627 0.473371 0.363766 -0.109927 0.794676 -1.814310 1.468775 1.695902 -0.620179 0.841240 -1.423693 0.044149
1776409909.396790 jaka_arm_left success 0.380696 0.035992 -0.392442 0.474088 0.362429 -0.109167 0.794964 -1.814963 1.468480 1.695995 -0.620783 0.841511 -1.423953 0.044765
1776409909.405107 jaka_arm_left success 0.380659 0.036194 -0.392228 0.473645 0.361550 -0.108375 0.795736 -1.815672 1.468498 1.695714 -0.621463 0.841296 -1.424306 0.045349
1776409909.413420 jaka_arm_left success 0.380557 0.036742 -0.391938 0.474141 0.359032 -0.107116 0.796752 -1.820456 1.469055 1.694971 -0.606154 0.840609 -1.435980 0.058702
1776409909.421714 jaka_arm_left success 0.380573 0.036973 -0.391730 0.474004 0.358435 -0.106756 0.797150 -1.820875 1.469071 1.694695 -0.606516 0.840353 -1.436178 0.058969
1776409909.430122 jaka_arm_left success 0.380726 0.037370 -0.391679 0.475066 0.356742 -0.106042 0.797372 -1.824382 1.466855 1.694777 -0.600737 0.840476 -1.442107 0.063021
1776409909.438457 jaka_arm_left success 0.380854 0.037660 -0.391640 0.474933 0.354686 -0.107258 0.798206 -1.835039 1.466872 1.695801 -0.578489 0.840017 -1.455800 0.070837
1776409909.446768 jaka_arm_left success 0.380908 0.038000 -0.391625 0.475320 0.353310 -0.108240 0.798453 -1.835575 1.465450 1.696277 -0.578691 0.839888 -1.458743 0.069941
1776409909.463456 jaka_arm_left success 0.380830 0.038427 -0.391312 0.474199 0.352737 -0.111020 0.798991 -1.841267 1.465799 1.697206 -0.567717 0.838640 -1.466552 0.068859
1776409909.471776 jaka_arm_left success 0.381002 0.038618 -0.391286 0.473453 0.351069 -0.111961 0.800036 -1.853694 1.466124 1.697705 -0.536754 0.837317 -1.485663 0.081321
1776409909.480122 jaka_arm_left success 0.381110 0.038933 -0.391229 0.473897 0.349969 -0.112510 0.800178 -1.854171 1.466118 1.698107 -0.537245 0.837691 -1.486110 0.081601
1776409909.496775 jaka_arm_left success 0.381096 0.039238 -0.391094 0.474522 0.349642 -0.113240 0.799848 -1.854164 1.465895 1.699292 -0.537314 0.838784 -1.486567 0.081387
1776409909.505094 jaka_arm_left success 0.380954 0.039595 -0.390574 0.474845 0.349376 -0.113887 0.799681 -1.856708 1.462887 1.699707 -0.537047 0.838485 -1.488872 0.077099
1776409909.513496 jaka_arm_left success 0.380994 0.039856 -0.390399 0.475800 0.348673 -0.112699 0.799588 -1.857489 1.461852 1.699677 -0.537685 0.839017 -1.488613 0.078242
1776409909.521718 jaka_arm_left success 0.380961 0.040060 -0.390177 0.476255 0.348169 -0.111968 0.799639 -1.858020 1.461169 1.699624 -0.538150 0.839348 -1.488454 0.079066
1776409909.530122 jaka_arm_left success 0.380978 0.040559 -0.390119 0.478867 0.346404 -0.111053 0.798973 -1.859150 1.458916 1.700997 -0.539295 0.841740 -1.488311 0.081060
1776409909.538478 jaka_arm_left success 0.380841 0.040837 -0.389793 0.479379 0.346141 -0.111294 0.798746 -1.859344 1.458481 1.701618 -0.539575 0.842490 -1.488503 0.081355
1776409909.546728 jaka_arm_left success 0.380677 0.041054 -0.389509 0.479711 0.346375 -0.111723 0.798385 -1.859051 1.458294 1.701917 -0.539328 0.842794 -1.488426 0.081120
1776409909.555086 jaka_arm_left success 0.380622 0.041285 -0.389244 0.479730 0.346091 -0.111635 0.798509 -1.859286 1.457818 1.702163 -0.539606 0.843007 -1.488878 0.080926
1776409909.571844 jaka_arm_left success 0.380582 0.042167 -0.388823 0.482353 0.345319 -0.111971 0.797216 -1.859629 1.452305 1.704062 -0.548422 0.845095 -1.486326 0.072842
1776409909.580105 jaka_arm_left success 0.380335 0.042295 -0.388382 0.481434 0.346372 -0.113644 0.797078 -1.853476 1.450820 1.703737 -0.562373 0.844074 -1.480656 0.062423
1776409909.596739 jaka_arm_left success 0.380174 0.043105 -0.387686 0.482708 0.346651 -0.113378 0.796223 -1.848591 1.447540 1.704007 -0.577504 0.844924 -1.474198 0.054776
1776409909.605124 jaka_arm_left success 0.380004 0.043356 -0.387240 0.482642 0.347527 -0.113232 0.795902 -1.844340 1.445902 1.703482 -0.584755 0.844750 -1.471337 0.051934
1776409909.621788 jaka_arm_left success 0.380010 0.043819 -0.386919 0.483576 0.346947 -0.112000 0.795762 -1.843957 1.445743 1.703744 -0.589171 0.845892 -1.467853 0.051619
1776409909.630110 jaka_arm_left success 0.379896 0.044373 -0.386569 0.485027 0.347646 -0.110952 0.794720 -1.834373 1.440623 1.703683 -0.615590 0.847088 -1.455383 0.038560
1776409909.638428 jaka_arm_left success 0.379669 0.045343 -0.385748 0.486556 0.348310 -0.109002 0.793764 -1.827770 1.438124 1.702384 -0.630341 0.847514 -1.447524 0.034950
1776409909.655101 jaka_arm_left success 0.379666 0.046262 -0.385120 0.486263 0.347345 -0.107843 0.794525 -1.828548 1.437604 1.701660 -0.631544 0.847129 -1.447997 0.036206
1776409909.663483 jaka_arm_left success 0.379548 0.046500 -0.384529 0.484954 0.347994 -0.108505 0.794951 -1.826314 1.437156 1.700654 -0.632934 0.845382 -1.449097 0.034373
1776409909.671796 jaka_arm_left success 0.379604 0.047245 -0.384158 0.486546 0.346644 -0.107365 0.794723 -1.826624 1.434481 1.700846 -0.635411 0.846264 -1.449652 0.034862
1776409909.680106 jaka_arm_left success 0.379370 0.047904 -0.383593 0.487030 0.346934 -0.107980 0.794216 -1.822573 1.432012 1.701514 -0.648775 0.847147 -1.443658 0.026804
1776409909.688427 jaka_arm_left success 0.379412 0.048657 -0.383208 0.488518 0.346234 -0.106007 0.793873 -1.821260 1.429954 1.700764 -0.651451 0.847600 -1.443125 0.028899
1776409909.696762 jaka_arm_left success 0.379384 0.049198 -0.382741 0.488630 0.346195 -0.104472 0.794025 -1.813550 1.429022 1.699462 -0.667761 0.847415 -1.435884 0.025073
1776409909.705231 jaka_arm_left success 0.379248 0.049963 -0.382321 0.490148 0.345448 -0.103025 0.793604 -1.814542 1.427618 1.699368 -0.668528 0.848200 -1.435559 0.026394
1776409909.721748 jaka_arm_left success 0.379109 0.051681 -0.381362 0.493698 0.343271 -0.100512 0.792669 -1.808317 1.419049 1.699806 -0.694375 0.851114 -1.426233 0.016596
1776409909.738540 jaka_arm_left success 0.378802 0.053192 -0.380162 0.495753 0.342395 -0.098535 0.792014 -1.806616 1.414737 1.699074 -0.698969 0.851940 -1.425976 0.017640
1776409909.746794 jaka_arm_left success 0.378763 0.054036 -0.379710 0.497835 0.340654 -0.096840 0.791667 -1.806321 1.411814 1.699268 -0.703607 0.853423 -1.425096 0.018189
1776409909.763423 jaka_arm_left success 0.378725 0.054729 -0.379183 0.498657 0.339992 -0.094675 0.791696 -1.802389 1.410495 1.698211 -0.713545 0.854072 -1.420771 0.018492
1776409909.771798 jaka_arm_left success 0.378497 0.055542 -0.378451 0.500061 0.340337 -0.093227 0.790834 -1.796524 1.405988 1.697786 -0.733970 0.855448 -1.409548 0.007901
1776409909.780142 jaka_arm_left success 0.378303 0.057544 -0.377316 0.505454 0.338201 -0.089328 0.788769 -1.786596 1.397920 1.698043 -0.764193 0.860037 -1.396887 0.000965
1776409909.788449 jaka_arm_left success 0.378202 0.058239 -0.376779 0.505933 0.337368 -0.088131 0.788953 -1.787334 1.397502 1.697731 -0.764834 0.860111 -1.396933 0.001757
1776409909.796756 jaka_arm_left success 0.378087 0.058884 -0.376196 0.506198 0.336608 -0.086659 0.789271 -1.788017 1.396222 1.696587 -0.765988 0.859956 -1.396975 0.003645
1776409909.813425 jaka_arm_left success 0.378085 0.060860 -0.375172 0.510748 0.334477 -0.081512 0.787793 -1.781446 1.389163 1.695069 -0.781826 0.863133 -1.391972 0.006703
1776409909.821689 jaka_arm_left success 0.378036 0.061829 -0.374542 0.512338 0.333944 -0.079409 0.787201 -1.778455 1.384694 1.694280 -0.796327 0.864261 -1.384666 -0.000027
1776409909.838448 jaka_arm_left success 0.377743 0.064152 -0.373222 0.517243 0.333679 -0.076067 0.784430 -1.767337 1.374273 1.693673 -0.829145 0.868378 -1.369182 -0.012886
1776409909.846752 jaka_arm_left success 0.377716 0.065419 -0.372724 0.520726 0.333304 -0.073218 0.782555 -1.763702 1.371768 1.694531 -0.842408 0.873410 -1.359416 -0.013821
1776409909.855111 jaka_arm_left success 0.377759 0.066508 -0.372167 0.522364 0.332496 -0.071463 0.781969 -1.763214 1.367954 1.693542 -0.845664 0.873720 -1.359191 -0.014172
1776409909.863390 jaka_arm_left success 0.377767 0.067497 -0.371639 0.522974 0.332364 -0.070557 0.781699 -1.759562 1.365011 1.692956 -0.855383 0.873984 -1.355660 -0.018454
1776409909.871789 jaka_arm_left success 0.377843 0.068565 -0.371169 0.523883 0.331819 -0.068725 0.781486 -1.759998 1.363050 1.691794 -0.856654 0.874329 -1.355087 -0.016795
1776409909.880141 jaka_arm_left success 0.377747 0.069591 -0.370667 0.525131 0.332088 -0.068134 0.780585 -1.755214 1.357641 1.691484 -0.872123 0.875323 -1.348903 -0.025421
1776409909.896776 jaka_arm_left success 0.377751 0.070716 -0.370216 0.526382 0.332155 -0.067176 0.779797 -1.755337 1.356331 1.691210 -0.872072 0.876084 -1.348144 -0.024712
1776409909.905189 jaka_arm_left success 0.377832 0.071813 -0.369793 0.527867 0.331044 -0.065658 0.779394 -1.754328 1.352114 1.690380 -0.876897 0.876632 -1.348194 -0.025023
1776409909.913432 jaka_arm_left success 0.377876 0.074151 -0.368835 0.531273 0.329542 -0.062458 0.777978 -1.750288 1.343924 1.689147 -0.894016 0.879047 -1.341961 -0.030146
1776409909.921698 jaka_arm_left success 0.377703 0.075151 -0.368209 0.532539 0.330826 -0.060911 0.776689 -1.745829 1.343131 1.688993 -0.906355 0.881530 -1.331460 -0.035400
1776409909.938608 jaka_arm_left success 0.377436 0.077297 -0.367063 0.536265 0.331552 -0.056693 0.774131 -1.731874 1.332260 1.686514 -0.939960 0.885226 -1.315595 -0.047012
1776409909.955159 jaka_arm_left success 0.377302 0.078305 -0.366551 0.537420 0.331543 -0.055910 0.773391 -1.732188 1.331366 1.686311 -0.940081 0.885791 -1.315147 -0.046461
1776409909.963510 jaka_arm_left success 0.377198 0.079567 -0.366086 0.539214 0.330903 -0.054173 0.772539 -1.731449 1.325929 1.686074 -0.950864 0.887622 -1.310330 -0.052409
1776409909.971772 jaka_arm_left success 0.377105 0.081875 -0.365082 0.542352 0.330662 -0.050686 0.770680 -1.723142 1.318973 1.683335 -0.968840 0.889653 -1.302478 -0.055476
1776409909.988450 jaka_arm_left success 0.377113 0.083266 -0.364692 0.545067 0.329490 -0.048221 0.769424 -1.724912 1.314857 1.683853 -0.974275 0.893041 -1.298471 -0.057420
1776409909.996760 jaka_arm_left success 0.376859 0.084272 -0.364086 0.545517 0.330347 -0.046499 0.768843 -1.717265 1.312543 1.681177 -0.983974 0.892622 -1.294181 -0.058192
1776409910.005182 jaka_arm_left success 0.376788 0.085743 -0.363594 0.548989 0.329272 -0.043873 0.766985 -1.717270 1.306511 1.682193 -0.998073 0.897446 -1.285950 -0.064823
1776409910.013468 jaka_arm_left success 0.376614 0.087284 -0.362971 0.551911 0.328928 -0.042730 0.765098 -1.713634 1.300529 1.682002 -1.008795 0.899846 -1.281757 -0.069313
1776409910.030125 jaka_arm_left success 0.376130 0.089298 -0.361800 0.554118 0.329705 -0.036809 0.763474 -1.699310 1.293513 1.677078 -1.038835 0.902252 -1.265716 -0.075906
1776409910.038581 jaka_arm_left success 0.375813 0.091814 -0.360600 0.558870 0.328948 -0.031634 0.760563 -1.694808 1.288175 1.676587 -1.055846 0.908985 -1.253387 -0.078432
1776409910.055119 jaka_arm_left success 0.375560 0.094554 -0.359388 0.563928 0.328168 -0.027131 0.757334 -1.686466 1.274522 1.674002 -1.083703 0.913732 -1.241562 -0.089062
1776409910.063511 jaka_arm_left success 0.375361 0.095841 -0.358672 0.565571 0.328337 -0.025695 0.756085 -1.686542 1.272769 1.673557 -1.083481 0.914957 -1.240564 -0.088230
1776409910.071877 jaka_arm_left success 0.375252 0.097159 -0.358057 0.567862 0.328044 -0.023147 0.754576 -1.682775 1.264796 1.671906 -1.099682 0.917377 -1.233072 -0.096198
1776409910.088416 jaka_arm_left success 0.375043 0.098556 -0.357370 0.570323 0.328202 -0.020730 0.752718 -1.675876 1.262321 1.671639 -1.115922 0.922135 -1.222274 -0.099736
1776409910.096734 jaka_arm_left success 0.374611 0.100896 -0.355799 0.573517 0.328280 -0.016500 0.750359 -1.669217 1.251968 1.668004 -1.135656 0.924585 -1.213413 -0.107389
1776409910.113526 jaka_arm_left success 0.374428 0.102187 -0.355000 0.575973 0.327941 -0.014189 0.748671 -1.668057 1.249697 1.669256 -1.145256 0.929517 -1.205204 -0.111634
1776409910.121740 jaka_arm_left success 0.374099 0.104757 -0.353362 0.580933 0.325938 -0.010074 0.745775 -1.661070 1.236835 1.665962 -1.165672 0.932872 -1.199957 -0.116629
1776409910.130114 jaka_arm_left success 0.373901 0.106013 -0.352507 0.583389 0.325089 -0.007147 0.744260 -1.660254 1.235197 1.666492 -1.174506 0.937671 -1.191815 -0.119136
1776409910.146779 jaka_arm_left success 0.373399 0.108610 -0.350644 0.588268 0.323434 -0.002259 0.741166 -1.649477 1.222199 1.662604 -1.202928 0.942278 -1.181296 -0.127002
1776409910.155056 jaka_arm_left success 0.373274 0.109940 -0.349800 0.591120 0.321959 0.000575 0.739540 -1.650982 1.218627 1.662008 -1.204014 0.945165 -1.180251 -0.124886
1776409910.163557 jaka_arm_left success 0.373209 0.111237 -0.348895 0.593427 0.320301 0.003015 0.738406 -1.650366 1.211767 1.660646 -1.214772 0.947032 -1.176916 -0.129791
1776409910.171934 jaka_arm_left success 0.372999 0.112482 -0.347912 0.595372 0.320322 0.005880 0.736812 -1.643068 1.208806 1.659189 -1.230635 0.951207 -1.167060 -0.132951
1776409910.188472 jaka_arm_left success 0.372794 0.115040 -0.346025 0.599064 0.319394 0.010223 0.734170 -1.639525 1.197726 1.656202 -1.248902 0.954890 -1.158826 -0.141546
1776409910.196832 jaka_arm_left success 0.372764 0.116288 -0.345178 0.600368 0.318597 0.012317 0.733419 -1.638389 1.196177 1.655194 -1.251199 0.956257 -1.157402 -0.140022
1776409910.213482 jaka_arm_left success 0.372646 0.117557 -0.344246 0.601500 0.318608 0.013929 0.732457 -1.634780 1.190596 1.652838 -1.261708 0.957034 -1.153263 -0.144813
1776409910.221764 jaka_arm_left success 0.372494 0.120036 -0.342635 0.603880 0.317380 0.016678 0.730972 -1.633191 1.183103 1.650155 -1.270300 0.958040 -1.151447 -0.147808
1776409910.238773 jaka_arm_left success 0.372437 0.121344 -0.341884 0.604951 0.316655 0.017905 0.730372 -1.632734 1.180561 1.649257 -1.272789 0.958577 -1.150816 -0.148486
1776409910.246820 jaka_arm_left success 0.372270 0.123797 -0.340427 0.606678 0.315999 0.021061 0.729138 -1.628733 1.173463 1.644966 -1.282498 0.958807 -1.148400 -0.150002
1776409910.255101 jaka_arm_left success 0.372105 0.125082 -0.339710 0.607589 0.316157 0.022339 0.728273 -1.626802 1.168859 1.643629 -1.290410 0.959473 -1.144664 -0.155832
1776409910.263492 jaka_arm_left success 0.371994 0.126397 -0.339075 0.608499 0.316417 0.023860 0.727351 -1.624343 1.167493 1.642399 -1.293790 0.960812 -1.141987 -0.155439
1776409910.271794 jaka_arm_left success 0.371925 0.127576 -0.338500 0.608758 0.316798 0.024883 0.726935 -1.620885 1.162895 1.639499 -1.301557 0.960039 -1.139062 -0.159890
1776409910.280194 jaka_arm_left success 0.371921 0.128936 -0.338006 0.610056 0.317107 0.026434 0.725656 -1.619491 1.159764 1.639135 -1.307690 0.962344 -1.134760 -0.163545
1776409910.288650 jaka_arm_left success 0.371972 0.130138 -0.337575 0.610755 0.316852 0.026890 0.725162 -1.619856 1.158968 1.638841 -1.307944 0.962938 -1.134574 -0.162930
1776409910.305127 jaka_arm_left success 0.372116 0.132408 -0.336894 0.611757 0.316922 0.026072 0.724317 -1.621251 1.149880 1.636788 -1.308433 0.960701 -1.138380 -0.168678
1776409910.321778 jaka_arm_left success 0.372413 0.134642 -0.336243 0.614224 0.316540 0.026251 0.722386 -1.623441 1.141999 1.636523 -1.309736 0.961132 -1.140475 -0.173570
1776409910.338516 jaka_arm_left success 0.372564 0.135677 -0.335929 0.615245 0.316455 0.027020 0.721526 -1.623297 1.138532 1.636039 -1.313655 0.962113 -1.138407 -0.177248
1776409910.346764 jaka_arm_left success 0.372548 0.136713 -0.335550 0.616447 0.316999 0.027776 0.720231 -1.621723 1.135071 1.635520 -1.318004 0.963693 -1.135449 -0.180712
1776409910.355106 jaka_arm_left success 0.372660 0.138840 -0.334851 0.619418 0.317532 0.030403 0.717336 -1.617731 1.126303 1.633971 -1.334685 0.968839 -1.125153 -0.190615
1776409910.371928 jaka_arm_left success 0.372777 0.139878 -0.334478 0.620413 0.317435 0.031727 0.716461 -1.617962 1.125225 1.633512 -1.334695 0.969728 -1.124629 -0.189884
1776409910.380131 jaka_arm_left success 0.372909 0.141831 -0.333563 0.622826 0.317633 0.033654 0.714188 -1.614117 1.116342 1.631240 -1.347013 0.972695 -1.118629 -0.197313
1776409910.388480 jaka_arm_left success 0.373068 0.142964 -0.333094 0.625107 0.316988 0.035201 0.712405 -1.614546 1.113555 1.631191 -1.347387 0.975233 -1.118172 -0.196026
1776409910.405152 jaka_arm_left success 0.373129 0.143970 -0.332496 0.626942 0.316903 0.036331 0.710772 -1.614951 1.107448 1.631853 -1.356543 0.978800 -1.112559 -0.204820
1776409910.413436 jaka_arm_left success 0.373464 0.145842 -0.331227 0.631102 0.314840 0.039334 0.707841 -1.615394 1.098421 1.630440 -1.364897 0.982701 -1.110082 -0.208139
1776409910.421694 jaka_arm_left success 0.373597 0.146902 -0.330507 0.634036 0.313594 0.041528 0.705644 -1.615171 1.094385 1.631254 -1.371870 0.987603 -1.105244 -0.211344
1776409910.430238 jaka_arm_left success 0.373746 0.147742 -0.329776 0.635752 0.312796 0.044123 0.704295 -1.611739 1.090977 1.629256 -1.379070 0.990141 -1.101678 -0.211068
1776409910.438442 jaka_arm_left success 0.373761 0.148704 -0.328933 0.637747 0.312671 0.046545 0.702388 -1.611581 1.084797 1.628719 -1.390493 0.994325 -1.094111 -0.219479
1776409910.446758 jaka_arm_left success 0.373861 0.149811 -0.328125 0.640218 0.311394 0.048977 0.700540 -1.608578 1.081865 1.627661 -1.396248 0.997808 -1.091327 -0.217731
1776409910.463514 jaka_arm_left success 0.373795 0.151554 -0.326616 0.641601 0.311050 0.053488 0.699096 -1.601594 1.075928 1.621502 -1.409074 0.998763 -1.085096 -0.219190
1776409910.471849 jaka_arm_left success 0.373864 0.152647 -0.325888 0.642571 0.309914 0.055387 0.698562 -1.602631 1.074233 1.620707 -1.409743 1.000241 -1.084479 -0.217758
1776409910.488474 jaka_arm_left success 0.373906 0.153694 -0.325190 0.643389 0.308582 0.056528 0.698307 -1.603977 1.073143 1.620067 -1.411165 1.000589 -1.084804 -0.216793
1776409910.496851 jaka_arm_left success 0.373964 0.155818 -0.323859 0.644944 0.306863 0.058650 0.697454 -1.604918 1.067299 1.617508 -1.413468 0.999921 -1.086735 -0.217398
1776409910.505123 jaka_arm_left success 0.374075 0.156800 -0.323249 0.645353 0.306080 0.060168 0.697291 -1.605808 1.065943 1.616080 -1.414508 1.000243 -1.086403 -0.216191
1776409910.513465 jaka_arm_left success 0.374211 0.157819 -0.322646 0.645944 0.305186 0.061287 0.697038 -1.604207 1.061394 1.612961 -1.417001 0.998143 -1.088540 -0.216530
1776409910.521720 jaka_arm_left success 0.374325 0.158870 -0.322070 0.646800 0.304528 0.062201 0.696451 -1.604699 1.060613 1.612553 -1.417340 0.998776 -1.088337 -0.215783
1776409910.538500 jaka_arm_left success 0.374536 0.159946 -0.321587 0.647522 0.304295 0.063844 0.695732 -1.605040 1.058391 1.611089 -1.417812 0.999736 -1.087593 -0.214852
1776409910.546809 jaka_arm_left success 0.374868 0.161936 -0.320815 0.647786 0.303716 0.064897 0.695642 -1.605310 1.054684 1.608335 -1.419038 0.998138 -1.088863 -0.215277
1776409910.555091 jaka_arm_left success 0.375095 0.162991 -0.320556 0.648177 0.303554 0.065064 0.695333 -1.604867 1.051548 1.606707 -1.419344 0.996655 -1.090356 -0.216581
1776409910.571918 jaka_arm_left success 0.375212 0.163918 -0.320356 0.648020 0.304162 0.065604 0.695163 -1.604707 1.051112 1.605920 -1.419021 0.996437 -1.089847 -0.216726
1776409910.580113 jaka_arm_left success 0.375728 0.165825 -0.320117 0.647836 0.304417 0.066254 0.695161 -1.604209 1.046483 1.602289 -1.418830 0.993319 -1.092074 -0.218102
1776409910.588387 jaka_arm_left success 0.375886 0.166863 -0.320049 0.648201 0.304403 0.065872 0.694864 -1.604022 1.045847 1.602546 -1.418820 0.993459 -1.092695 -0.218184
1776409910.605137 jaka_arm_left success 0.376122 0.167777 -0.320059 0.648394 0.303975 0.066420 0.694819 -1.604537 1.042940 1.600490 -1.418221 0.991717 -1.094721 -0.218237
1776409910.613433 jaka_arm_left success 0.376411 0.169596 -0.320059 0.649589 0.304135 0.067561 0.693521 -1.604516 1.040341 1.599487 -1.417482 0.992633 -1.094680 -0.217707
1776409910.621728 jaka_arm_left success 0.376595 0.170408 -0.320128 0.649646 0.303959 0.067647 0.693537 -1.604812 1.038176 1.598127 -1.416529 0.990687 -1.096972 -0.218202
1776409910.638436 jaka_arm_left success 0.376747 0.171280 -0.320173 0.650337 0.304287 0.068871 0.692624 -1.605024 1.036963 1.597394 -1.416267 0.991653 -1.096217 -0.217470
1776409910.646778 jaka_arm_left success 0.377093 0.173011 -0.320369 0.651082 0.304379 0.070467 0.691723 -1.604561 1.033707 1.594838 -1.415021 0.991566 -1.096670 -0.216008
1776409910.655110 jaka_arm_left success 0.377260 0.173785 -0.320516 0.651192 0.304306 0.070313 0.691667 -1.604507 1.033063 1.594362 -1.414423 0.990866 -1.097578 -0.215936
1776409910.671844 jaka_arm_left success 0.377490 0.175439 -0.320664 0.651466 0.305270 0.070403 0.690974 -1.604416 1.028829 1.592222 -1.411782 0.988872 -1.100188 -0.217016
1776409910.680099 jaka_arm_left success 0.377614 0.176284 -0.320730 0.651853 0.305355 0.070418 0.690570 -1.604468 1.027695 1.591955 -1.411034 0.989084 -1.100746 -0.216663
1776409910.696773 jaka_arm_left success 0.377744 0.177101 -0.320769 0.651852 0.305353 0.070618 0.690552 -1.605117 1.025386 1.590089 -1.408386 0.986709 -1.103849 -0.216107
1776409910.705184 jaka_arm_left success 0.377806 0.177918 -0.320807 0.652581 0.305014 0.070988 0.689974 -1.605819 1.024282 1.589835 -1.406388 0.986931 -1.105558 -0.214175
1776409910.713441 jaka_arm_left success 0.377869 0.179512 -0.320792 0.652842 0.305075 0.072533 0.689540 -1.605934 1.023255 1.588411 -1.405629 0.987361 -1.104350 -0.213549
1776409910.730091 jaka_arm_left success 0.377949 0.180261 -0.320811 0.652949 0.304060 0.072919 0.689846 -1.605172 1.021032 1.585567 -1.403787 0.984275 -1.109296 -0.209878
1776409910.738517 jaka_arm_left success 0.377903 0.181721 -0.320700 0.653192 0.303238 0.073612 0.689904 -1.604915 1.018742 1.582163 -1.398841 0.980468 -1.115743 -0.204602
1776409910.746832 jaka_arm_left success 0.377858 0.182647 -0.320615 0.654254 0.302749 0.074821 0.688982 -1.605315 1.017643 1.581781 -1.398991 0.981475 -1.115415 -0.203705
1776409910.755042 jaka_arm_left success 0.377905 0.183331 -0.320592 0.654139 0.302255 0.075436 0.689241 -1.605717 1.017225 1.581267 -1.398994 0.981770 -1.115212 -0.202955
1776409910.771798 jaka_arm_left success 0.377834 0.184757 -0.320538 0.654089 0.301584 0.075463 0.689579 -1.605182 1.014636 1.577668 -1.392135 0.976827 -1.123376 -0.197489
1776409910.788689 jaka_arm_left success 0.377784 0.185462 -0.320557 0.654036 0.301853 0.076160 0.689436 -1.605484 1.014477 1.577182 -1.392107 0.976896 -1.122982 -0.197172
1776409910.796741 jaka_arm_left success 0.377837 0.186359 -0.320584 0.654879 0.300744 0.076402 0.689093 -1.607066 1.012762 1.576078 -1.387355 0.975611 -1.127330 -0.193653
1776409910.805183 jaka_arm_left success 0.377860 0.187751 -0.320684 0.655077 0.299655 0.076165 0.689405 -1.609112 1.009969 1.574592 -1.381468 0.972354 -1.134718 -0.190320
1776409910.821737 jaka_arm_left success 0.377796 0.189009 -0.320757 0.655300 0.299563 0.076063 0.689245 -1.610108 1.008884 1.573838 -1.376314 0.971158 -1.138466 -0.187391
1776409910.830109 jaka_arm_left success 0.377855 0.189735 -0.320878 0.655836 0.298975 0.076549 0.688936 -1.610697 1.008455 1.573661 -1.376335 0.971490 -1.138805 -0.186468
1776409910.838471 jaka_arm_left success 0.377853 0.190454 -0.320958 0.656362 0.298957 0.077087 0.688383 -1.610574 1.007492 1.573456 -1.375897 0.972216 -1.138604 -0.186069
1776409910.846747 jaka_arm_left success 0.377818 0.191081 -0.321053 0.656580 0.299023 0.076398 0.688223 -1.611531 1.004777 1.572717 -1.373565 0.970348 -1.142020 -0.186754
1776409910.863498 jaka_arm_left success 0.377945 0.192241 -0.321354 0.656684 0.299356 0.076362 0.687983 -1.612090 1.003049 1.571409 -1.368933 0.968546 -1.145452 -0.185099
1776409910.880163 jaka_arm_left success 0.378147 0.192958 -0.321528 0.657635 0.298920 0.077013 0.687192 -1.612564 1.001926 1.571393 -1.368842 0.969801 -1.145466 -0.183937
1776409910.888422 jaka_arm_left success 0.378226 0.193508 -0.321768 0.657598 0.298391 0.075626 0.687610 -1.617267 1.000395 1.572275 -1.360860 0.967338 -1.152684 -0.182407
1776409910.896761 jaka_arm_left success 0.378430 0.194548 -0.322226 0.657983 0.298817 0.075270 0.687096 -1.618664 0.999572 1.572229 -1.355932 0.966680 -1.155295 -0.181033
1776409910.913458 jaka_arm_left success 0.378576 0.195023 -0.322524 0.658187 0.298604 0.074598 0.687067 -1.619657 0.998857 1.572745 -1.353499 0.966315 -1.157221 -0.180965
1776409910.921758 jaka_arm_left success 0.378850 0.195897 -0.323132 0.659037 0.298468 0.074411 0.686331 -1.622260 0.996277 1.573401 -1.349391 0.966488 -1.160559 -0.180379
1776409910.938457 jaka_arm_left success 0.379172 0.196748 -0.323803 0.660230 0.299282 0.074709 0.684796 -1.621791 0.994607 1.573221 -1.348330 0.968153 -1.159614 -0.179977
1776409910.946834 jaka_arm_left success 0.379461 0.197236 -0.324127 0.661334 0.298795 0.074697 0.683943 -1.626200 0.993017 1.575457 -1.344866 0.969767 -1.161195 -0.180885
1776409910.955092 jaka_arm_left success 0.379600 0.197618 -0.324448 0.661834 0.299672 0.074568 0.683090 -1.625568 0.992435 1.575489 -1.344093 0.970346 -1.160724 -0.181114
1776409910.971780 jaka_arm_left success 0.379859 0.198043 -0.324815 0.662511 0.299324 0.074244 0.682622 -1.626575 0.990997 1.576272 -1.343008 0.971305 -1.161613 -0.181221
1776409910.980150 jaka_arm_left success 0.380026 0.198388 -0.325168 0.662664 0.300125 0.074194 0.682126 -1.626311 0.990578 1.575970 -1.342116 0.971598 -1.160917 -0.181480
1776409910.988703 jaka_arm_left success 0.380408 0.199266 -0.325836 0.663762 0.300403 0.073426 0.681019 -1.629515 0.987320 1.577537 -1.339061 0.972311 -1.162829 -0.184340
1776409910.996768 jaka_arm_left success 0.380670 0.199653 -0.326208 0.663858 0.299995 0.073009 0.681149 -1.634300 0.988421 1.579697 -1.331495 0.972597 -1.167219 -0.180829
1776409911.021759 jaka_arm_left success 0.381226 0.201084 -0.327113 0.665126 0.300204 0.072393 0.679885 -1.635824 0.984495 1.579621 -1.328278 0.972420 -1.169601 -0.182353
1776409911.038532 jaka_arm_left success 0.381376 0.201532 -0.327462 0.664853 0.300606 0.072250 0.679990 -1.636682 0.985986 1.580088 -1.323294 0.972162 -1.171593 -0.179364
1776409911.046763 jaka_arm_left success 0.381662 0.202364 -0.328024 0.665004 0.300812 0.072589 0.679715 -1.637895 0.984588 1.579172 -1.320941 0.971454 -1.173125 -0.178502
1776409911.055199 jaka_arm_left success 0.381802 0.202643 -0.328250 0.664826 0.300877 0.072579 0.679862 -1.638090 0.985332 1.579181 -1.318462 0.971120 -1.174013 -0.177118
1776409911.063508 jaka_arm_left success 0.381984 0.202945 -0.328504 0.664795 0.300299 0.072639 0.680141 -1.639735 0.985106 1.578647 -1.314621 0.970120 -1.177160 -0.174058
1776409911.071785 jaka_arm_left success 0.382088 0.203247 -0.328733 0.664638 0.300315 0.072370 0.680316 -1.640997 0.985438 1.579085 -1.310601 0.969418 -1.179588 -0.172681
1776409911.080122 jaka_arm_left success 0.382210 0.203559 -0.328898 0.665029 0.300258 0.072980 0.679894 -1.641317 0.985045 1.578813 -1.310741 0.969719 -1.179406 -0.172230
1776409911.088474 jaka_arm_left success 0.382320 0.203809 -0.329078 0.664981 0.299841 0.072708 0.680154 -1.643409 0.985409 1.578820 -1.304996 0.968839 -1.183509 -0.168045
1776409911.105097 jaka_arm_left success 0.382419 0.204047 -0.329215 0.664995 0.300063 0.073058 0.680005 -1.643409 0.985409 1.578820 -1.304996 0.968839 -1.183509 -0.168045
1776409911.113485 jaka_arm_left success 0.382658 0.204645 -0.329544 0.665469 0.299757 0.073371 0.679642 -1.643514 0.984577 1.578521 -1.304366 0.969501 -1.183117 -0.167593
1776409911.121712 jaka_arm_left success 0.382756 0.204828 -0.329731 0.665194 0.299335 0.072491 0.680192 -1.646365 0.983598 1.578699 -1.298978 0.967246 -1.188078 -0.166951
1776409911.130155 jaka_arm_left success 0.382817 0.205123 -0.329920 0.665096 0.299712 0.072423 0.680128 -1.645989 0.983653 1.578729 -1.298388 0.967365 -1.187795 -0.167085
1776409911.138482 jaka_arm_left success 0.382938 0.205334 -0.330088 0.665149 0.299423 0.072020 0.680247 -1.648916 0.985955 1.579763 -1.292055 0.967363 -1.191053 -0.162146
1776409911.146758 jaka_arm_left success 0.383005 0.205560 -0.330224 0.665339 0.299570 0.072361 0.679960 -1.648707 0.985540 1.579767 -1.291767 0.967709 -1.190883 -0.162154
1776409911.155072 jaka_arm_left success 0.383093 0.205709 -0.330422 0.664888 0.299513 0.072324 0.680430 -1.648857 0.985906 1.579595 -1.291777 0.967257 -1.190918 -0.162257
1776409911.171782 jaka_arm_left success 0.383169 0.206074 -0.330570 0.665411 0.299373 0.072897 0.679918 -1.649041 0.985295 1.579373 -1.291802 0.967724 -1.190722 -0.161823
1776409911.180130 jaka_arm_left success 0.383177 0.206265 -0.330710 0.665585 0.299173 0.072792 0.679848 -1.649264 0.983910 1.579060 -1.290412 0.967303 -1.192637 -0.161048
1776409911.188454 jaka_arm_left success 0.383215 0.206456 -0.330884 0.665732 0.298891 0.073126 0.679792 -1.649550 0.983987 1.578747 -1.290054 0.967277 -1.192737 -0.160236
1776409911.196737 jaka_arm_left success 0.383320 0.206827 -0.331192 0.665984 0.297735 0.073841 0.679975 -1.650771 0.985054 1.577647 -1.281145 0.965694 -1.199191 -0.151224
1776409911.205149 jaka_arm_left success 0.383413 0.207073 -0.331343 0.666397 0.296927 0.074436 0.679859 -1.651255 0.984755 1.577508 -1.281567 0.965937 -1.199267 -0.150686
1776409911.213500 jaka_arm_left success 0.383497 0.207293 -0.331504 0.666552 0.296620 0.074945 0.679786 -1.651654 0.984252 1.577398 -1.281710 0.966475 -1.199229 -0.149987
1776409911.230144 jaka_arm_left success 0.383542 0.207554 -0.331647 0.666781 0.296415 0.074983 0.679646 -1.652719 0.984513 1.577672 -1.279832 0.966693 -1.200273 -0.148391
1776409911.238489 jaka_arm_left success 0.383629 0.208084 -0.331983 0.666928 0.295890 0.074727 0.679759 -1.654906 0.982532 1.577173 -1.274069 0.964745 -1.205688 -0.146332
1776409911.246834 jaka_arm_left success 0.383678 0.208385 -0.332120 0.667248 0.296149 0.074807 0.679323 -1.654906 0.982532 1.577173 -1.274069 0.964745 -1.205688 -0.146332
1776409911.255088 jaka_arm_left success 0.383741 0.208544 -0.332331 0.666752 0.296190 0.074117 0.679868 -1.656855 0.985447 1.578900 -1.268797 0.965519 -1.206924 -0.143277
1776409911.263473 jaka_arm_left success 0.383849 0.208702 -0.332526 0.666444 0.295747 0.073714 0.680405 -1.658078 0.983849 1.578100 -1.266418 0.963340 -1.210466 -0.143202
1776409911.271789 jaka_arm_left success 0.383869 0.209044 -0.332638 0.667248 0.295654 0.073625 0.679668 -1.658211 0.983009 1.578640 -1.265802 0.964373 -1.210715 -0.142817
1776409911.288464 jaka_arm_left success 0.383902 0.209214 -0.332795 0.667034 0.295699 0.073472 0.679875 -1.659190 0.983420 1.578806 -1.263858 0.963754 -1.211887 -0.142400
1776409911.296756 jaka_arm_left success 0.383734 0.209496 -0.333047 0.666230 0.296476 0.072560 0.680422 -1.659466 0.983188 1.578380 -1.260787 0.961946 -1.214374 -0.142188
1776409911.305160 jaka_arm_left success 0.383682 0.209774 -0.333142 0.666599 0.296048 0.072303 0.680274 -1.660295 0.982770 1.578948 -1.258995 0.962091 -1.216041 -0.141316
1776409911.321728 jaka_arm_left success 0.383576 0.210331 -0.333355 0.666961 0.294830 0.071490 0.680535 -1.663005 0.980849 1.578974 -1.252824 0.960050 -1.222698 -0.138892
1776409911.330153 jaka_arm_left success 0.383329 0.210514 -0.333427 0.666722 0.295306 0.071278 0.680584 -1.663005 0.980849 1.578974 -1.252824 0.960050 -1.222698 -0.138892
1776409911.338453 jaka_arm_left success 0.383107 0.210796 -0.333483 0.667129 0.295465 0.071356 0.680109 -1.663005 0.980849 1.578974 -1.252824 0.960050 -1.222698 -0.138892
1776409911.355159 jaka_arm_left success 0.382807 0.211232 -0.333678 0.667159 0.295372 0.072315 0.680018 -1.662591 0.980392 1.578124 -1.252200 0.960495 -1.221816 -0.137865
1776409911.371786 jaka_arm_left success 0.382485 0.211665 -0.333810 0.667958 0.294606 0.072897 0.679504 -1.662330 0.979685 1.577979 -1.252580 0.961213 -1.222304 -0.136198
1776409911.380210 jaka_arm_left success 0.382425 0.211866 -0.333906 0.668480 0.293776 0.073884 0.679243 -1.660142 0.980298 1.576662 -1.252316 0.961138 -1.223245 -0.131535
1776409911.396788 jaka_arm_left success 0.382030 0.211975 -0.334080 0.668274 0.294158 0.074126 0.679254 -1.660142 0.980298 1.576662 -1.252316 0.961138 -1.223245 -0.131535
1776409911.405179 jaka_arm_left success 0.382007 0.212048 -0.334161 0.668169 0.293899 0.074530 0.679425 -1.660323 0.980223 1.576152 -1.252221 0.961018 -1.222855 -0.131324
1776409911.413525 jaka_arm_left success 0.382026 0.212194 -0.334232 0.668110 0.293863 0.075166 0.679429 -1.658801 0.980757 1.574788 -1.251859 0.960641 -1.222786 -0.128679
1776409911.430186 jaka_arm_left success 0.382022 0.212523 -0.334250 0.668769 0.294063 0.075834 0.678619 -1.658644 0.979862 1.574605 -1.251591 0.961402 -1.222341 -0.128326
1776409911.438434 jaka_arm_left success 0.382050 0.212864 -0.334364 0.667855 0.294764 0.075532 0.679248 -1.658288 0.980482 1.574407 -1.251069 0.960723 -1.222109 -0.128930
1776409911.446805 jaka_arm_left success 0.382053 0.212960 -0.334407 0.666788 0.295115 0.075191 0.680181 -1.657570 0.981778 1.573493 -1.250499 0.958715 -1.222636 -0.129004
1776409911.455064 jaka_arm_left success 0.382144 0.213319 -0.334418 0.666916 0.295148 0.075898 0.679963 -1.657509 0.981165 1.572784 -1.250200 0.958940 -1.222135 -0.128417
1776409911.463469 jaka_arm_left success 0.382357 0.213672 -0.334446 0.666879 0.294586 0.076737 0.680149 -1.656565 0.981418 1.571069 -1.250046 0.957922 -1.223261 -0.125110
1776409911.480198 jaka_arm_left success 0.382493 0.213913 -0.334432 0.666666 0.294265 0.076984 0.680469 -1.656565 0.981418 1.571069 -1.250046 0.957922 -1.223261 -0.125110
1776409911.488428 jaka_arm_left success 0.382415 0.214078 -0.334320 0.664675 0.296042 0.076854 0.681659 -1.653210 0.983477 1.567901 -1.247148 0.953908 -1.224482 -0.122853
1776409911.505221 jaka_arm_left success 0.382678 0.214575 -0.334300 0.663945 0.295352 0.078208 0.682515 -1.653392 0.984719 1.565494 -1.242253 0.951494 -1.228467 -0.116103
1776409911.521748 jaka_arm_left success 0.382610 0.214722 -0.334208 0.661909 0.296132 0.078434 0.684128 -1.653273 0.986965 1.564335 -1.241356 0.949170 -1.228048 -0.116532
1776409911.538452 jaka_arm_left success 0.382575 0.214824 -0.334114 0.660137 0.296612 0.079080 0.685556 -1.649826 0.990612 1.561408 -1.239228 0.946539 -1.228747 -0.110848
1776409911.555102 jaka_arm_left success 0.382552 0.214868 -0.334049 0.659923 0.296834 0.080243 0.685531 -1.650182 0.990521 1.560752 -1.239169 0.946367 -1.228253 -0.110585
1776409911.563478 jaka_arm_left success 0.382660 0.214984 -0.333951 0.659950 0.297016 0.083225 0.685070 -1.648891 0.992027 1.558451 -1.239288 0.947154 -1.225301 -0.106296
1776409911.572022 jaka_arm_left success 0.382682 0.214948 -0.333905 0.659797 0.297174 0.083935 0.685063 -1.649120 0.991827 1.557855 -1.239217 0.947155 -1.224760 -0.105983
1776409911.580072 jaka_arm_left success 0.382750 0.214914 -0.333900 0.659566 0.297218 0.084633 0.685180 -1.649381 0.991835 1.557247 -1.239204 0.946996 -1.224261 -0.105686
1776409911.596902 jaka_arm_left success 0.382926 0.214928 -0.333894 0.659284 0.297375 0.086586 0.685139 -1.646354 0.995388 1.555415 -1.240336 0.947785 -1.221051 -0.100426
1776409911.605262 jaka_arm_left success 0.382955 0.214988 -0.333917 0.658908 0.298299 0.088055 0.684912 -1.642426 0.997287 1.553319 -1.241854 0.947946 -1.217846 -0.097844
1776409911.613508 jaka_arm_left success 0.383066 0.215000 -0.333978 0.658505 0.298430 0.088835 0.685141 -1.642742 0.997240 1.552745 -1.241894 0.947763 -1.217425 -0.097633
1776409911.630140 jaka_arm_left success 0.383332 0.215166 -0.334168 0.657956 0.299165 0.090638 0.685112 -1.639550 0.999564 1.550528 -1.243472 0.948166 -1.213656 -0.094562
1776409911.638515 jaka_arm_left success 0.383515 0.215380 -0.334315 0.658003 0.299423 0.091567 0.684831 -1.637943 0.999196 1.549115 -1.245618 0.948108 -1.211875 -0.094558
1776409911.646772 jaka_arm_left success 0.383738 0.215356 -0.334493 0.657306 0.299450 0.091380 0.685513 -1.637925 0.999920 1.549130 -1.245616 0.947444 -1.212032 -0.094951
1776409911.663407 jaka_arm_left success 0.384069 0.215286 -0.334749 0.655956 0.300663 0.091739 0.686227 -1.637769 1.001035 1.548277 -1.244831 0.946158 -1.211171 -0.095746
1776409911.680127 jaka_arm_left success 0.384459 0.215519 -0.335063 0.655373 0.301232 0.092371 0.686450 -1.637974 1.001466 1.547280 -1.244408 0.945499 -1.210233 -0.095803
1776409911.688472 jaka_arm_left success 0.384647 0.215707 -0.335211 0.655472 0.301591 0.093090 0.686100 -1.637684 1.001452 1.546685 -1.243961 0.945841 -1.209155 -0.095292
1776409911.696782 jaka_arm_left success 0.384823 0.215756 -0.335415 0.654882 0.301534 0.092846 0.686722 -1.636790 1.004254 1.546777 -1.244144 0.945584 -1.208829 -0.093302
1776409911.705183 jaka_arm_left success 0.384946 0.215832 -0.335557 0.654911 0.301491 0.092944 0.686700 -1.636790 1.004254 1.546777 -1.244144 0.945584 -1.208829 -0.093302
1776409911.721735 jaka_arm_left success 0.385013 0.215904 -0.335708 0.654789 0.301956 0.093124 0.686587 -1.636518 1.004064 1.546552 -1.243680 0.945725 -1.208357 -0.093382
1776409911.730118 jaka_arm_left success 0.385304 0.216064 -0.336046 0.654794 0.302096 0.093399 0.686483 -1.636518 1.004064 1.546552 -1.243680 0.945725 -1.208357 -0.093382
1776409911.738482 jaka_arm_left success 0.385552 0.216299 -0.336243 0.655400 0.301757 0.094179 0.685948 -1.636514 1.003038 1.546035 -1.243299 0.946840 -1.207384 -0.092410
1776409911.746817 jaka_arm_left success 0.385683 0.216271 -0.336409 0.655065 0.301985 0.093931 0.686201 -1.636369 1.005115 1.546385 -1.242709 0.946674 -1.207235 -0.091325
1776409911.755108 jaka_arm_left success 0.385752 0.216270 -0.336565 0.654910 0.302033 0.093216 0.686425 -1.637419 1.005075 1.546930 -1.240341 0.946450 -1.208690 -0.091031
1776409911.763525 jaka_arm_left success 0.385867 0.216311 -0.336733 0.654777 0.301489 0.092387 0.686904 -1.640273 1.004409 1.547730 -1.236280 0.945159 -1.213133 -0.090258
1776409911.780160 jaka_arm_left success 0.385860 0.216324 -0.336821 0.654866 0.301556 0.092003 0.686841 -1.640273 1.004409 1.547730 -1.236280 0.945159 -1.213133 -0.090258
1776409911.788446 jaka_arm_left success 0.385758 0.216316 -0.336968 0.655016 0.301647 0.092179 0.686634 -1.639991 1.004317 1.547854 -1.236005 0.945342 -1.213036 -0.090368
1776409911.796851 jaka_arm_left success 0.385731 0.216381 -0.337023 0.655484 0.301265 0.093243 0.686211 -1.640139 1.003508 1.547488 -1.235921 0.946328 -1.212358 -0.089323
1776409911.813437 jaka_arm_left success 0.385611 0.216539 -0.337042 0.656062 0.300522 0.094330 0.685837 -1.639477 1.005482 1.547406 -1.236090 0.947646 -1.211615 -0.085121
1776409911.821763 jaka_arm_left success 0.385525 0.216502 -0.337031 0.655869 0.300354 0.094537 0.686066 -1.639477 1.005482 1.547406 -1.236090 0.947646 -1.211615 -0.085121
1776409911.830213 jaka_arm_left success 0.385420 0.216526 -0.337033 0.655621 0.300361 0.094680 0.686280 -1.639796 1.005755 1.547049 -1.236236 0.947250 -1.211540 -0.084994
1776409911.846854 jaka_arm_left success 0.385391 0.216575 -0.337038 0.655461 0.299907 0.094948 0.686594 -1.639363 1.006385 1.546318 -1.236193 0.946559 -1.212214 -0.083348
1776409911.855059 jaka_arm_left success 0.385366 0.216606 -0.337098 0.654988 0.298982 0.095078 0.687430 -1.638167 1.007457 1.545082 -1.234990 0.945004 -1.214681 -0.079650
1776409911.863419 jaka_arm_left success 0.385380 0.216629 -0.337124 0.654774 0.298644 0.095104 0.687778 -1.638689 1.007872 1.544194 -1.229484 0.942915 -1.219471 -0.075456
1776409911.871831 jaka_arm_left success 0.385405 0.216622 -0.337158 0.654412 0.298093 0.094725 0.688414 -1.641737 1.008662 1.545319 -1.226448 0.942836 -1.221258 -0.074646
1776409911.880116 jaka_arm_left success 0.385475 0.216679 -0.337189 0.654265 0.297598 0.094717 0.688768 -1.641943 1.008908 1.545348 -1.226672 0.942608 -1.221518 -0.074565
1776409911.888453 jaka_arm_left success 0.385487 0.216826 -0.337235 0.654248 0.297623 0.094493 0.688805 -1.642341 1.008122 1.544731 -1.222291 0.941020 -1.225503 -0.072314
1776409911.905101 jaka_arm_left success 0.385589 0.217029 -0.337279 0.654621 0.297117 0.094628 0.688650 -1.642632 1.007856 1.544706 -1.222559 0.941272 -1.225573 -0.071927
1776409911.913486 jaka_arm_left success 0.385682 0.217153 -0.337408 0.654080 0.297010 0.094733 0.689195 -1.644477 1.010707 1.545403 -1.217618 0.941477 -1.227097 -0.067684
1776409911.921721 jaka_arm_left success 0.385675 0.217183 -0.337415 0.654097 0.296914 0.094716 0.689223 -1.644477 1.010707 1.545403 -1.217618 0.941477 -1.227097 -0.067684
1776409911.938515 jaka_arm_left success 0.385617 0.217057 -0.337533 0.653876 0.296430 0.094705 0.689642 -1.644811 1.010965 1.545438 -1.217990 0.941190 -1.227484 -0.067567
1776409911.946757 jaka_arm_left success 0.385628 0.217039 -0.337593 0.653982 0.295882 0.094632 0.689787 -1.645687 1.009649 1.544956 -1.216399 0.940039 -1.230300 -0.066797
1776409911.963428 jaka_arm_left success 0.385568 0.217152 -0.337605 0.654455 0.295823 0.094898 0.689327 -1.645687 1.009649 1.544956 -1.216399 0.940039 -1.230300 -0.066797
1776409911.971775 jaka_arm_left success 0.385619 0.217299 -0.337872 0.654296 0.294981 0.095229 0.689793 -1.647657 1.010695 1.544853 -1.207815 0.939442 -1.235960 -0.059232
1776409911.980117 jaka_arm_left success 0.385544 0.217239 -0.337978 0.653331 0.295168 0.094573 0.690717 -1.647571 1.011796 1.544866 -1.207625 0.938427 -1.236170 -0.059926
1776409911.988412 jaka_arm_left success 0.385500 0.217285 -0.338093 0.652954 0.294788 0.094316 0.691271 -1.648575 1.011924 1.544506 -1.205531 0.936956 -1.238602 -0.058987
1776409912.005130 jaka_arm_left success 0.385315 0.217654 -0.338373 0.653206 0.293651 0.094123 0.691543 -1.649754 1.011252 1.543751 -1.198056 0.934968 -1.245934 -0.052852
1776409912.021763 jaka_arm_left success 0.385218 0.217885 -0.338515 0.653601 0.293135 0.094235 0.691374 -1.649754 1.011252 1.543751 -1.198056 0.934968 -1.245934 -0.052852
1776409912.030152 jaka_arm_left success 0.385023 0.218185 -0.338814 0.653350 0.292953 0.094235 0.691688 -1.651130 1.012140 1.544270 -1.196022 0.935396 -1.246811 -0.050852
1776409912.038559 jaka_arm_left success 0.384970 0.218386 -0.338978 0.653407 0.292629 0.094259 0.691768 -1.651842 1.011336 1.544158 -1.193616 0.934640 -1.249584 -0.049537
1776409912.055083 jaka_arm_left success 0.384894 0.218551 -0.339170 0.653195 0.292711 0.094856 0.691852 -1.651888 1.011495 1.543515 -1.193159 0.934439 -1.248927 -0.049257
1776409912.063522 jaka_arm_left success 0.384454 0.218785 -0.339610 0.651772 0.293041 0.093666 0.693215 -1.651042 1.013612 1.542354 -1.186450 0.931060 -1.254527 -0.044480
1776409912.071947 jaka_arm_left success 0.384372 0.218968 -0.339881 0.651485 0.292711 0.093917 0.693590 -1.651439 1.014836 1.542215 -1.184194 0.930799 -1.255956 -0.041510
1776409912.080228 jaka_arm_left success 0.384306 0.219286 -0.340114 0.651362 0.292499 0.094822 0.693671 -1.651772 1.014761 1.541806 -1.184290 0.930687 -1.255751 -0.041205
1776409912.096754 jaka_arm_left success 0.384272 0.219620 -0.340592 0.650587 0.290659 0.094118 0.695267 -1.656828 1.017387 1.541831 -1.167112 0.926867 -1.268895 -0.029553
1776409912.105103 jaka_arm_left success 0.384210 0.219890 -0.340729 0.650477 0.290835 0.094321 0.695268 -1.656828 1.017387 1.541831 -1.167112 0.926867 -1.268895 -0.029553
1776409912.121732 jaka_arm_left success 0.384261 0.220145 -0.340882 0.650605 0.290304 0.094388 0.695362 -1.657085 1.016729 1.541573 -1.167130 0.927234 -1.268844 -0.028972
1776409912.130224 jaka_arm_left success 0.384423 0.220445 -0.341176 0.650264 0.289779 0.095053 0.695808 -1.658194 1.017466 1.540012 -1.159579 0.925110 -1.274141 -0.022560
1776409912.146876 jaka_arm_left success 0.384368 0.220620 -0.341282 0.649933 0.291087 0.095405 0.695524 -1.657753 1.017379 1.539718 -1.158821 0.925104 -1.273448 -0.022925
1776409912.155128 jaka_arm_left success 0.384436 0.220825 -0.341315 0.650094 0.291245 0.096230 0.695194 -1.657997 1.016900 1.539035 -1.158634 0.925281 -1.272683 -0.022529
1776409912.171792 jaka_arm_left success 0.384462 0.220781 -0.341326 0.649287 0.291716 0.096332 0.695736 -1.657927 1.017575 1.538551 -1.158206 0.924547 -1.272225 -0.022918
1776409912.180147 jaka_arm_left success 0.384453 0.220955 -0.341325 0.649683 0.291262 0.095993 0.695603 -1.657927 1.017575 1.538551 -1.158206 0.924547 -1.272225 -0.022918
1776409912.188457 jaka_arm_left success 0.384574 0.221122 -0.341293 0.649246 0.290343 0.096128 0.696376 -1.658552 1.017892 1.538651 -1.158996 0.924303 -1.272866 -0.022479
1776409912.196834 jaka_arm_left success 0.384609 0.221031 -0.341244 0.647858 0.290407 0.096460 0.697595 -1.657176 1.020955 1.537320 -1.157776 0.922424 -1.274032 -0.018842
1776409912.213506 jaka_arm_left success 0.384436 0.220788 -0.340976 0.646674 0.290734 0.096734 0.698519 -1.657000 1.022486 1.536551 -1.157173 0.920747 -1.274186 -0.018957
1776409912.221724 jaka_arm_left success 0.384352 0.220751 -0.340833 0.646525 0.290727 0.097338 0.698576 -1.656543 1.022788 1.535725 -1.156885 0.920533 -1.274287 -0.017166
1776409912.230092 jaka_arm_left success 0.384404 0.220690 -0.340710 0.646457 0.290075 0.098856 0.698697 -1.655055 1.024625 1.534342 -1.156629 0.920444 -1.274064 -0.012618
1776409912.246756 jaka_arm_left success 0.384307 0.220623 -0.340518 0.646586 0.289730 0.099081 0.698689 -1.655259 1.024470 1.534287 -1.156835 0.920533 -1.274140 -0.012369
1776409912.255030 jaka_arm_left success 0.384341 0.220633 -0.340273 0.646925 0.288138 0.100693 0.698803 -1.656453 1.023691 1.533669 -1.158066 0.921017 -1.274341 -0.010502
1776409912.263464 jaka_arm_left success 0.384209 0.220553 -0.340187 0.646956 0.287666 0.100896 0.698940 -1.655445 1.024703 1.533046 -1.158083 0.920532 -1.275144 -0.008101
1776409912.271774 jaka_arm_left success 0.383973 0.220226 -0.340134 0.645821 0.287684 0.099727 0.700149 -1.655211 1.026259 1.533422 -1.158027 0.919230 -1.276024 -0.008961
1776409912.280165 jaka_arm_left success 0.383741 0.220156 -0.340055 0.645777 0.287882 0.099998 0.700069 -1.655211 1.026259 1.533422 -1.158027 0.919230 -1.276024 -0.008961
1776409912.288421 jaka_arm_left success 0.383644 0.220165 -0.340032 0.646447 0.286431 0.099866 0.700064 -1.655434 1.025730 1.533785 -1.158724 0.919584 -1.277256 -0.007998
1776409912.296867 jaka_arm_left success 0.383487 0.220040 -0.339995 0.646537 0.285537 0.099572 0.700389 -1.655528 1.025643 1.533241 -1.152623 0.917910 -1.283405 -0.002798
1776409912.313488 jaka_arm_left success 0.383208 0.219790 -0.339878 0.646435 0.284264 0.101132 0.700777 -1.656401 1.026241 1.532248 -1.153475 0.917789 -1.283377 -0.000205
1776409912.321711 jaka_arm_left success 0.383110 0.219802 -0.339767 0.646589 0.283720 0.101866 0.700749 -1.656088 1.026692 1.531680 -1.153558 0.917953 -1.283356 0.001870
1776409912.338440 jaka_arm_left success 0.382979 0.219936 -0.339668 0.646753 0.283327 0.102288 0.700695 -1.656259 1.026543 1.531573 -1.153726 0.918041 -1.283368 0.002159
1776409912.346803 jaka_arm_left success 0.382772 0.219982 -0.339514 0.645798 0.282624 0.101756 0.701936 -1.654404 1.027532 1.530148 -1.152750 0.915502 -1.286878 0.005132
1776409912.363478 jaka_arm_left success 0.382720 0.219997 -0.339484 0.645199 0.281857 0.100754 0.702939 -1.657354 1.027053 1.530518 -1.144114 0.912992 -1.294718 0.008274
1776409912.371777 jaka_arm_left success 0.382721 0.220151 -0.339373 0.644884 0.280835 0.101288 0.703561 -1.658086 1.028587 1.530328 -1.143752 0.912740 -1.295232 0.010524
1776409912.380121 jaka_arm_left success 0.382653 0.220240 -0.339308 0.645064 0.280518 0.101958 0.703425 -1.658452 1.028351 1.530054 -1.143989 0.912824 -1.295144 0.010962
1776409912.388523 jaka_arm_left success 0.382641 0.220330 -0.339241 0.645340 0.280341 0.103226 0.703057 -1.657890 1.029004 1.529140 -1.143573 0.913439 -1.294429 0.014152
1776409912.405277 jaka_arm_left success 0.382600 0.220311 -0.339220 0.645859 0.279549 0.103597 0.702842 -1.658272 1.028571 1.529120 -1.144023 0.913806 -1.294583 0.014739
1776409912.413461 jaka_arm_left success 0.382479 0.220199 -0.339192 0.646080 0.279435 0.103594 0.702685 -1.658272 1.028571 1.529120 -1.144023 0.913806 -1.294583 0.014739
1776409912.421855 jaka_arm_left success 0.382316 0.220142 -0.339154 0.646334 0.279757 0.104309 0.702216 -1.658324 1.027717 1.528880 -1.144009 0.914509 -1.294141 0.015327
1776409912.430166 jaka_arm_left success 0.382272 0.220091 -0.339145 0.646447 0.279226 0.104551 0.702288 -1.658542 1.027591 1.528839 -1.144287 0.914637 -1.294223 0.015677
1776409912.438452 jaka_arm_left success 0.382318 0.220141 -0.339222 0.646538 0.278225 0.104650 0.702586 -1.658573 1.028112 1.528945 -1.144921 0.914775 -1.294943 0.017238
1776409912.446801 jaka_arm_left success 0.382290 0.220193 -0.339284 0.646449 0.278410 0.104504 0.702617 -1.658388 1.028201 1.529008 -1.144765 0.914749 -1.294938 0.017124
1776409912.463530 jaka_arm_left success 0.382444 0.220328 -0.339523 0.646094 0.278003 0.103439 0.703261 -1.658091 1.028022 1.528495 -1.140049 0.912431 -1.300361 0.019745
1776409912.471827 jaka_arm_left success 0.382494 0.220280 -0.339671 0.645471 0.277938 0.102736 0.703962 -1.661770 1.030230 1.530606 -1.135557 0.913083 -1.301484 0.020566
1776409912.480095 jaka_arm_left success 0.382484 0.220271 -0.339829 0.645110 0.278548 0.102660 0.704063 -1.661770 1.030230 1.530606 -1.135557 0.913083 -1.301484 0.020566
1776409912.488424 jaka_arm_left success 0.382501 0.220300 -0.340002 0.645311 0.278299 0.102674 0.703975 -1.661770 1.030230 1.530606 -1.135557 0.913083 -1.301484 0.020566
1776409912.496809 jaka_arm_left success 0.382573 0.220502 -0.340212 0.646442 0.277325 0.103251 0.703238 -1.662116 1.029341 1.530589 -1.135968 0.913841 -1.301517 0.021365
1776409912.505173 jaka_arm_left success 0.382543 0.220381 -0.340460 0.646437 0.276942 0.102838 0.703453 -1.662348 1.029424 1.530284 -1.129243 0.912697 -1.307193 0.026766
1776409912.513445 jaka_arm_left success 0.382321 0.220383 -0.340726 0.646982 0.277394 0.102210 0.702866 -1.661796 1.029087 1.530741 -1.128827 0.913233 -1.307134 0.026463
1776409912.521739 jaka_arm_left success 0.382343 0.220377 -0.341003 0.647327 0.277078 0.102392 0.702646 -1.661895 1.028509 1.530969 -1.128970 0.913867 -1.307163 0.026770
1776409912.538549 jaka_arm_left success 0.382311 0.220321 -0.341290 0.647713 0.276566 0.101962 0.702554 -1.665767 1.028253 1.533266 -1.127820 0.915476 -1.307313 0.025290
1776409912.546789 jaka_arm_left success 0.382251 0.220356 -0.341877 0.648290 0.276248 0.102155 0.702119 -1.665650 1.027714 1.533389 -1.127765 0.916058 -1.307210 0.025588
1776409912.563470 jaka_arm_left success 0.381930 0.220208 -0.342605 0.648667 0.276260 0.100389 0.702021 -1.666727 1.027827 1.535127 -1.124667 0.916450 -1.309738 0.025910
1776409912.571780 jaka_arm_left success 0.381728 0.220167 -0.343003 0.648296 0.276769 0.100119 0.702202 -1.666246 1.028337 1.535219 -1.124031 0.916141 -1.309696 0.025497
1776409912.588466 jaka_arm_left success 0.381448 0.220600 -0.343829 0.647331 0.276032 0.100701 0.703298 -1.667510 1.029458 1.533282 -1.110896 0.912733 -1.319561 0.036020
1776409912.605158 jaka_arm_left success 0.381264 0.221219 -0.344402 0.646332 0.275773 0.100743 0.704312 -1.669041 1.032214 1.532978 -1.102119 0.911270 -1.324335 0.042554
1776409912.621768 jaka_arm_left success 0.380872 0.221640 -0.344887 0.644582 0.276512 0.098293 0.705970 -1.670964 1.032321 1.533379 -1.096319 0.907864 -1.329871 0.040952
1776409912.630051 jaka_arm_left success 0.380740 0.221636 -0.345098 0.643092 0.276309 0.096280 0.707684 -1.675620 1.033088 1.534472 -1.083323 0.904617 -1.340139 0.044841
1776409912.646771 jaka_arm_left success 0.380542 0.221823 -0.345277 0.642278 0.276852 0.095570 0.708307 -1.675219 1.033859 1.534672 -1.082913 0.904085 -1.340287 0.044156
1776409912.663484 jaka_arm_left success 0.380500 0.222132 -0.345336 0.642611 0.276658 0.097114 0.707870 -1.675581 1.033214 1.533577 -1.082690 0.904311 -1.339188 0.045193
1776409912.671805 jaka_arm_left success 0.380435 0.222020 -0.345307 0.642428 0.277069 0.097302 0.707850 -1.675434 1.033765 1.533402 -1.082540 0.904077 -1.339024 0.045462
1776409912.680233 jaka_arm_left success 0.380471 0.221961 -0.345273 0.642613 0.276814 0.097576 0.707744 -1.675456 1.033639 1.533418 -1.082711 0.904479 -1.338961 0.046142
1776409912.688443 jaka_arm_left success 0.380408 0.221783 -0.345242 0.642503 0.276752 0.096868 0.707965 -1.675232 1.034102 1.533808 -1.082698 0.904325 -1.339347 0.045852
1776409912.696705 jaka_arm_left success 0.380456 0.221726 -0.345205 0.642607 0.276384 0.097068 0.707988 -1.675232 1.034102 1.533808 -1.082698 0.904325 -1.339347 0.045852
1776409912.713453 jaka_arm_left success 0.380451 0.221674 -0.345121 0.643022 0.276315 0.097287 0.707607 -1.675519 1.033773 1.533804 -1.083040 0.904642 -1.339415 0.046331
1776409912.721697 jaka_arm_left success 0.380490 0.221664 -0.345108 0.643562 0.276082 0.097701 0.707150 -1.675700 1.033099 1.533800 -1.083274 0.905286 -1.339276 0.046926
1776409912.738454 jaka_arm_left success 0.380543 0.221560 -0.345098 0.643582 0.276416 0.098554 0.706883 -1.675820 1.032680 1.533254 -1.083095 0.905495 -1.338553 0.047337
1776409912.746810 jaka_arm_left success 0.380592 0.221491 -0.345091 0.643563 0.276287 0.098371 0.706976 -1.675820 1.032680 1.533254 -1.083095 0.905495 -1.338553 0.047337
1776409912.755104 jaka_arm_left success 0.380614 0.221420 -0.345067 0.643560 0.276287 0.098399 0.706975 -1.675820 1.032680 1.533254 -1.083095 0.905495 -1.338553 0.047337
1776409912.771844 jaka_arm_left success 0.380644 0.221210 -0.345009 0.643354 0.275059 0.097679 0.707741 -1.675942 1.033947 1.534412 -1.083901 0.905330 -1.339967 0.047405
1776409912.780130 jaka_arm_left success 0.380736 0.221233 -0.344997 0.643872 0.273145 0.097368 0.708053 -1.678775 1.036121 1.535997 -1.079314 0.906527 -1.343371 0.053280
1776409912.788453 jaka_arm_left success 0.380638 0.221010 -0.344982 0.643346 0.272383 0.096567 0.708935 -1.680223 1.034985 1.536062 -1.077719 0.904695 -1.346931 0.052090
1776409912.796723 jaka_arm_left success 0.380479 0.220937 -0.344916 0.643383 0.272302 0.096864 0.708891 -1.680223 1.034985 1.536062 -1.077719 0.904695 -1.346931 0.052090
1776409912.805161 jaka_arm_left success 0.380299 0.220978 -0.344862 0.643623 0.271893 0.097186 0.708787 -1.680495 1.034548 1.535978 -1.078006 0.905187 -1.346927 0.052961
1776409912.813433 jaka_arm_left success 0.380169 0.221135 -0.344819 0.644457 0.270753 0.097587 0.708410 -1.680862 1.034066 1.536157 -1.078598 0.905922 -1.347503 0.054454
1776409912.830137 jaka_arm_left success 0.379839 0.220916 -0.344757 0.643715 0.270431 0.096572 0.709346 -1.682168 1.035564 1.536494 -1.070773 0.904052 -1.354072 0.059236
1776409912.838489 jaka_arm_left success 0.379424 0.220775 -0.344673 0.643178 0.268426 0.095517 0.710736 -1.683895 1.034946 1.536851 -1.067516 0.902089 -1.360305 0.060942
1776409912.846779 jaka_arm_left success 0.379275 0.220834 -0.344626 0.643559 0.266904 0.095254 0.710999 -1.689127 1.036335 1.538737 -1.056914 0.902732 -1.366797 0.067817
1776409912.863433 jaka_arm_left success 0.378907 0.220729 -0.344541 0.643362 0.265943 0.094704 0.711611 -1.689488 1.036885 1.539150 -1.057571 0.902406 -1.367742 0.067844
1776409912.871835 jaka_arm_left success 0.378659 0.220706 -0.344496 0.643118 0.266112 0.094603 0.711782 -1.689488 1.036885 1.539150 -1.057571 0.902406 -1.367742 0.067844
1776409912.880059 jaka_arm_left success 0.378507 0.220794 -0.344434 0.643201 0.265781 0.095080 0.711767 -1.689488 1.036885 1.539150 -1.057571 0.902406 -1.367742 0.067844
1776409912.888421 jaka_arm_left success 0.378100 0.220565 -0.344365 0.642172 0.266225 0.092968 0.712808 -1.688564 1.036075 1.538772 -1.056423 0.899138 -1.372000 0.065363
1776409912.896777 jaka_arm_left success 0.377919 0.220679 -0.344337 0.642440 0.265538 0.093063 0.712811 -1.688895 1.035878 1.538851 -1.056864 0.899328 -1.372298 0.065785
1776409912.905232 jaka_arm_left success 0.377660 0.220561 -0.344325 0.641246 0.265460 0.092982 0.713925 -1.687340 1.037214 1.537547 -1.055607 0.897228 -1.374694 0.068370
1776409912.921756 jaka_arm_left success 0.376971 0.220591 -0.344236 0.640862 0.264604 0.092479 0.714652 -1.687463 1.037249 1.537410 -1.049800 0.895623 -1.380819 0.072535
1776409912.930119 jaka_arm_left success 0.376732 0.220834 -0.344171 0.641552 0.263733 0.093975 0.714160 -1.688441 1.036308 1.536678 -1.050495 0.896213 -1.380402 0.074198
1776409912.938475 jaka_arm_left success 0.376472 0.220944 -0.344072 0.642060 0.263193 0.095042 0.713761 -1.688883 1.035756 1.536325 -1.050844 0.896520 -1.380185 0.074923
1776409912.946768 jaka_arm_left success 0.376197 0.220998 -0.343977 0.641826 0.262637 0.095405 0.714128 -1.688422 1.036343 1.535754 -1.051295 0.896357 -1.380400 0.076825
1776409912.955147 jaka_arm_left success 0.375767 0.221255 -0.343852 0.642547 0.262393 0.095923 0.713499 -1.688360 1.035450 1.535739 -1.051396 0.897124 -1.380180 0.077416
1776409912.963464 jaka_arm_left success 0.375501 0.221448 -0.343741 0.642910 0.261764 0.096459 0.713332 -1.688661 1.035073 1.535600 -1.051802 0.897365 -1.380247 0.078005
1776409912.971851 jaka_arm_left success 0.375350 0.221728 -0.343700 0.643106 0.260874 0.097569 0.713330 -1.687194 1.034947 1.534178 -1.052769 0.897161 -1.380850 0.081521
1776409912.988461 jaka_arm_left success 0.374794 0.222147 -0.343732 0.642628 0.260059 0.097812 0.714025 -1.683548 1.035313 1.532196 -1.053045 0.895004 -1.383849 0.085177
1776409912.996771 jaka_arm_left success 0.374599 0.222372 -0.343786 0.642342 0.259387 0.098178 0.714477 -1.683814 1.035410 1.532035 -1.053293 0.894812 -1.383999 0.085416
1776409913.013485 jaka_arm_left success 0.374047 0.222927 -0.343980 0.641999 0.258969 0.099476 0.714756 -1.678940 1.035931 1.528632 -1.052585 0.892477 -1.386829 0.091964
1776409913.030164 jaka_arm_left success 0.373535 0.223234 -0.344415 0.641331 0.258629 0.101135 0.715246 -1.676938 1.037327 1.526601 -1.051822 0.891384 -1.387536 0.096594
1776409913.046847 jaka_arm_left success 0.373264 0.223350 -0.344664 0.641643 0.257904 0.101141 0.715227 -1.676923 1.036945 1.526890 -1.052014 0.891779 -1.388077 0.097070
1776409913.055095 jaka_arm_left success 0.373042 0.223595 -0.344968 0.641724 0.258488 0.102531 0.714746 -1.675088 1.037462 1.524990 -1.050856 0.891458 -1.387616 0.100804
1776409913.063485 jaka_arm_left success 0.372970 0.223720 -0.345376 0.641800 0.258067 0.102123 0.714888 -1.674926 1.037503 1.525422 -1.050931 0.891635 -1.388041 0.100736
1776409913.071817 jaka_arm_left success 0.372916 0.223816 -0.345785 0.641724 0.258358 0.102146 0.714848 -1.674421 1.037478 1.525356 -1.050258 0.891621 -1.387805 0.100519
1776409913.080146 jaka_arm_left success 0.372863 0.223974 -0.346842 0.641118 0.259686 0.101640 0.714983 -1.675599 1.038758 1.525008 -1.039502 0.890135 -1.393592 0.106440
1776409913.096779 jaka_arm_left success 0.372800 0.224083 -0.347411 0.641194 0.260610 0.100278 0.714770 -1.676988 1.038109 1.526639 -1.037674 0.890994 -1.393792 0.104105
1776409913.105241 jaka_arm_left success 0.372786 0.224325 -0.348047 0.641727 0.261853 0.100263 0.713840 -1.676240 1.037596 1.526695 -1.036829 0.891514 -1.393104 0.103760
1776409913.113413 jaka_arm_left success 0.372801 0.224651 -0.349422 0.641512 0.263732 0.100552 0.713300 -1.675122 1.037374 1.525961 -1.034902 0.891895 -1.390915 0.103484
1776409913.121744 jaka_arm_left success 0.372766 0.224826 -0.350107 0.641746 0.264571 0.100325 0.712811 -1.674635 1.037214 1.526094 -1.034413 0.892191 -1.390583 0.103256
1776409913.138418 jaka_arm_left success 0.372825 0.225519 -0.351577 0.642864 0.265735 0.099346 0.711507 -1.673488 1.036247 1.527159 -1.032923 0.894184 -1.389489 0.102958
1776409913.146868 jaka_arm_left success 0.372741 0.225667 -0.352264 0.642179 0.267111 0.098678 0.711702 -1.673437 1.037595 1.527564 -1.031157 0.894095 -1.388737 0.102308
1776409913.155118 jaka_arm_left success 0.372532 0.225792 -0.352962 0.641678 0.268574 0.097587 0.711754 -1.673916 1.038323 1.528280 -1.028264 0.893840 -1.389002 0.101082
1776409913.163486 jaka_arm_left success 0.372364 0.225878 -0.353600 0.640976 0.269903 0.096889 0.711980 -1.673126 1.038734 1.528428 -1.027405 0.893618 -1.388740 0.100265
1776409913.171758 jaka_arm_left success 0.372367 0.226293 -0.354229 0.641787 0.269888 0.097741 0.711137 -1.672794 1.037995 1.527990 -1.026584 0.894419 -1.387855 0.101377
1776409913.180118 jaka_arm_left success 0.372312 0.226626 -0.354755 0.642409 0.270380 0.098847 0.710235 -1.672239 1.037748 1.527318 -1.025820 0.895434 -1.386485 0.103533
1776409913.196842 jaka_arm_left success 0.372240 0.226819 -0.355257 0.642721 0.271009 0.099490 0.709623 -1.671719 1.037459 1.526879 -1.025147 0.895949 -1.385467 0.104278
1776409913.205068 jaka_arm_left success 0.372119 0.226931 -0.356164 0.642693 0.272049 0.098586 0.709377 -1.670687 1.037860 1.527360 -1.024220 0.896097 -1.385298 0.103622
1776409913.213443 jaka_arm_left success 0.372046 0.227046 -0.356474 0.643114 0.273039 0.098682 0.708601 -1.670105 1.037380 1.527360 -1.023563 0.896569 -1.384684 0.103455
1776409913.230205 jaka_arm_left success 0.371930 0.227175 -0.356715 0.643702 0.274563 0.098661 0.707481 -1.669268 1.036272 1.527077 -1.022420 0.897527 -1.383170 0.103364
1776409913.238472 jaka_arm_left success 0.372019 0.227066 -0.357096 0.643935 0.275490 0.097366 0.707088 -1.668249 1.036368 1.528151 -1.021614 0.898232 -1.382999 0.102245
1776409913.246750 jaka_arm_left success 0.371870 0.226909 -0.357263 0.644040 0.276777 0.096741 0.706576 -1.670432 1.036923 1.529950 -1.021873 0.899874 -1.379607 0.098283
1776409913.263488 jaka_arm_left success 0.372016 0.226932 -0.357565 0.645885 0.276717 0.097749 0.704774 -1.669850 1.036272 1.530882 -1.026674 0.903686 -1.374051 0.097647
1776409913.271775 jaka_arm_left success 0.371995 0.226856 -0.357702 0.646441 0.276656 0.097434 0.704331 -1.669527 1.035931 1.531240 -1.026607 0.904135 -1.374129 0.097556
1776409913.280072 jaka_arm_left success 0.371924 0.226794 -0.357805 0.647139 0.277052 0.097441 0.703532 -1.668130 1.033519 1.531168 -1.033092 0.904844 -1.370759 0.092452
1776409913.288439 jaka_arm_left success 0.371846 0.226681 -0.357922 0.647338 0.277541 0.096561 0.703279 -1.667532 1.033469 1.531573 -1.032703 0.905135 -1.370737 0.092042
1776409913.296744 jaka_arm_left success 0.371909 0.226588 -0.358119 0.647447 0.277286 0.095795 0.703383 -1.667133 1.033583 1.532224 -1.032671 0.905398 -1.371153 0.091696
1776409913.305151 jaka_arm_left success 0.371990 0.226415 -0.358235 0.647363 0.277760 0.095932 0.703255 -1.667133 1.033583 1.532224 -1.032671 0.905398 -1.371153 0.091696
1776409913.321733 jaka_arm_left success 0.372060 0.226140 -0.358379 0.648059 0.278580 0.095206 0.702388 -1.668516 1.033051 1.534018 -1.033301 0.907269 -1.368656 0.088119
1776409913.330194 jaka_arm_left success 0.372223 0.226049 -0.358393 0.648542 0.278478 0.096016 0.701872 -1.667917 1.033862 1.534116 -1.035922 0.908908 -1.365212 0.088442
1776409913.338457 jaka_arm_left success 0.372271 0.225783 -0.358403 0.648518 0.278720 0.096346 0.701753 -1.665403 1.033278 1.533006 -1.041167 0.908726 -1.362133 0.086083
1776409913.346776 jaka_arm_left success 0.372231 0.225401 -0.358369 0.648689 0.278598 0.095586 0.701747 -1.665036 1.033524 1.533768 -1.041249 0.908943 -1.362717 0.085719
1776409913.355095 jaka_arm_left success 0.372086 0.224921 -0.358322 0.648029 0.279482 0.094458 0.702158 -1.665203 1.034104 1.534575 -1.041504 0.908510 -1.362576 0.083129
1776409913.363412 jaka_arm_left success 0.372193 0.224823 -0.358277 0.649040 0.279013 0.095747 0.701236 -1.665424 1.034031 1.534839 -1.043534 0.910569 -1.359944 0.084104
1776409913.380120 jaka_arm_left success 0.372362 0.224184 -0.358279 0.650019 0.278035 0.096398 0.700628 -1.665746 1.034590 1.535716 -1.046287 0.912655 -1.357690 0.084808
1776409913.388402 jaka_arm_left success 0.372435 0.224050 -0.358270 0.650894 0.277848 0.097447 0.699744 -1.663132 1.034974 1.535563 -1.053363 0.914778 -1.352047 0.083497
1776409913.396816 jaka_arm_left success 0.372423 0.223653 -0.358318 0.650970 0.277880 0.097069 0.699713 -1.663132 1.034974 1.535563 -1.053363 0.914778 -1.352047 0.083497
1776409913.413452 jaka_arm_left success 0.372512 0.223439 -0.358357 0.652102 0.277297 0.097185 0.698874 -1.663726 1.032955 1.536530 -1.054886 0.916290 -1.351856 0.082278
1776409913.421817 jaka_arm_left success 0.372504 0.222669 -0.358669 0.652114 0.278260 0.096247 0.698610 -1.663105 1.033967 1.537943 -1.059487 0.917654 -1.347140 0.077165
1776409913.430090 jaka_arm_left success 0.372716 0.222544 -0.358890 0.653401 0.277212 0.096449 0.697795 -1.663444 1.032878 1.538395 -1.060262 0.918824 -1.347469 0.078096
1776409913.446811 jaka_arm_left success 0.372912 0.221852 -0.359286 0.653960 0.277809 0.095678 0.697140 -1.662948 1.032648 1.539650 -1.060097 0.920259 -1.346810 0.077356
1776409913.455083 jaka_arm_left success 0.373144 0.221693 -0.359589 0.655024 0.277321 0.095655 0.696338 -1.664591 1.032358 1.541462 -1.061259 0.922965 -1.344899 0.076723
1776409913.463467 jaka_arm_left success 0.373262 0.221433 -0.359884 0.655579 0.277306 0.094795 0.695939 -1.664183 1.032321 1.542057 -1.061134 0.923332 -1.345137 0.076398
1776409913.471865 jaka_arm_left success 0.373259 0.221159 -0.360169 0.656089 0.278441 0.094292 0.695073 -1.665934 1.031938 1.544552 -1.064463 0.926191 -1.340440 0.070690
1776409913.488462 jaka_arm_left success 0.373688 0.220780 -0.360864 0.656854 0.278684 0.093137 0.694409 -1.665359 1.031401 1.545746 -1.064351 0.927346 -1.340692 0.070246
1776409913.505100 jaka_arm_left success 0.374063 0.220422 -0.361552 0.657530 0.279546 0.091463 0.693645 -1.669450 1.030943 1.549287 -1.063901 0.929869 -1.338294 0.064060
1776409913.521725 jaka_arm_left success 0.374301 0.220112 -0.362204 0.658062 0.280533 0.090474 0.692871 -1.668553 1.030376 1.550107 -1.063188 0.930951 -1.337873 0.063442
1776409913.530252 jaka_arm_left success 0.374459 0.219993 -0.362517 0.658892 0.280507 0.089800 0.692180 -1.669220 1.030043 1.551590 -1.063211 0.932375 -1.337324 0.062146
1776409913.546766 jaka_arm_left success 0.374700 0.219570 -0.363055 0.658932 0.282546 0.090482 0.691223 -1.670610 1.031951 1.552803 -1.064922 0.935067 -1.330550 0.059031
1776409913.555086 jaka_arm_left success 0.374985 0.219477 -0.363360 0.659820 0.281690 0.089659 0.690832 -1.670373 1.031375 1.553907 -1.065376 0.936123 -1.331319 0.059220
1776409913.571788 jaka_arm_left success 0.375376 0.219491 -0.363878 0.661821 0.281937 0.089753 0.688803 -1.672799 1.029021 1.556223 -1.066021 0.939760 -1.328814 0.056369
1776409913.588423 jaka_arm_left success 0.375533 0.218991 -0.364505 0.661013 0.283188 0.087175 0.689396 -1.672094 1.030213 1.557655 -1.065181 0.939282 -1.329409 0.053738
1776409913.596687 jaka_arm_left success 0.375606 0.218959 -0.364762 0.661276 0.284040 0.087059 0.688808 -1.672667 1.029660 1.558228 -1.064732 0.940075 -1.328215 0.052029
1776409913.613410 jaka_arm_left success 0.375965 0.218982 -0.365328 0.662532 0.283571 0.086944 0.687807 -1.673961 1.028260 1.559577 -1.065332 0.942335 -1.327599 0.051803
1776409913.621690 jaka_arm_left success 0.375892 0.218691 -0.365636 0.661904 0.284577 0.085644 0.688160 -1.673415 1.029489 1.560231 -1.064387 0.941658 -1.327536 0.049799
1776409913.630091 jaka_arm_left success 0.375978 0.218642 -0.365931 0.662171 0.284794 0.085513 0.687829 -1.673301 1.029201 1.560398 -1.064247 0.942014 -1.327385 0.049721
1776409913.646787 jaka_arm_left success 0.376305 0.218651 -0.366493 0.663458 0.283808 0.084857 0.687077 -1.675930 1.027810 1.562905 -1.064741 0.944695 -1.327368 0.048426
1776409913.663450 jaka_arm_left success 0.376331 0.218502 -0.366993 0.663258 0.285121 0.083728 0.686866 -1.675242 1.028567 1.563205 -1.063485 0.944247 -1.326890 0.046777
1776409913.671750 jaka_arm_left success 0.376439 0.218445 -0.367255 0.663166 0.285469 0.083638 0.686820 -1.675242 1.028567 1.563205 -1.063485 0.944247 -1.326890 0.046777
1776409913.680051 jaka_arm_left success 0.376445 0.218509 -0.367459 0.663055 0.286222 0.083883 0.686585 -1.675838 1.028661 1.563676 -1.062534 0.945018 -1.325348 0.045542
1776409913.688546 jaka_arm_left success 0.376518 0.218587 -0.367697 0.662523 0.286164 0.083234 0.687202 -1.675863 1.029426 1.563901 -1.062573 0.944494 -1.325759 0.045103
1776409913.705177 jaka_arm_left success 0.376463 0.218768 -0.368158 0.661497 0.287095 0.082467 0.687894 -1.677714 1.030163 1.564426 -1.060376 0.943526 -1.326209 0.042818
1776409913.713439 jaka_arm_left success 0.376472 0.218870 -0.368387 0.660873 0.287575 0.082213 0.688323 -1.677463 1.030698 1.564376 -1.060012 0.943055 -1.326187 0.042358
1776409913.721695 jaka_arm_left success 0.376598 0.219057 -0.368643 0.660537 0.287306 0.081605 0.688830 -1.679556 1.029926 1.564082 -1.052144 0.940980 -1.332823 0.045969
1776409913.738446 jaka_arm_left success 0.376628 0.219379 -0.369058 0.660150 0.288267 0.080818 0.688892 -1.680190 1.031161 1.564848 -1.050360 0.941277 -1.332099 0.045224
1776409913.755072 jaka_arm_left success 0.376601 0.219453 -0.369270 0.659644 0.289127 0.080379 0.689068 -1.679877 1.031901 1.564604 -1.049512 0.940517 -1.331807 0.044398
1776409913.763400 jaka_arm_left success 0.376572 0.219540 -0.369468 0.659258 0.289932 0.079843 0.689162 -1.680268 1.031898 1.565016 -1.047976 0.940403 -1.332104 0.043447
1776409913.771777 jaka_arm_left success 0.376656 0.219694 -0.369698 0.659565 0.289281 0.079082 0.689229 -1.684363 1.030896 1.566504 -1.042941 0.940604 -1.335837 0.043992
1776409913.780117 jaka_arm_left success 0.376744 0.219916 -0.370048 0.659740 0.290810 0.079880 0.688325 -1.683914 1.030094 1.565432 -1.041716 0.940989 -1.333874 0.044190
1776409913.796757 jaka_arm_left success 0.376742 0.219927 -0.370223 0.659455 0.291846 0.080066 0.688139 -1.683330 1.030249 1.565467 -1.041078 0.940953 -1.333519 0.043706
1776409913.805148 jaka_arm_left success 0.376941 0.220080 -0.370434 0.659512 0.291547 0.079865 0.688234 -1.683330 1.030249 1.565467 -1.041078 0.940953 -1.333519 0.043706
1776409913.813435 jaka_arm_left success 0.376991 0.220377 -0.370806 0.659456 0.292994 0.078659 0.687812 -1.682150 1.030675 1.565988 -1.039777 0.941013 -1.333090 0.042424
1776409913.830142 jaka_arm_left success 0.377129 0.220505 -0.371018 0.659154 0.293462 0.078091 0.687967 -1.681840 1.030897 1.566195 -1.039482 0.940951 -1.333122 0.042026
1776409913.838455 jaka_arm_left success 0.377327 0.220700 -0.371411 0.658766 0.294734 0.076671 0.687954 -1.683938 1.030578 1.567593 -1.037519 0.940959 -1.333129 0.038041
1776409913.855157 jaka_arm_left success 0.377335 0.220802 -0.371576 0.658586 0.295623 0.076104 0.687808 -1.683396 1.030718 1.567801 -1.036973 0.940959 -1.333006 0.037495
1776409913.863408 jaka_arm_left success 0.377385 0.221048 -0.371850 0.658962 0.296533 0.075206 0.687154 -1.682609 1.030223 1.568409 -1.035902 0.941557 -1.332662 0.036406
1776409913.871742 jaka_arm_left success 0.377421 0.221058 -0.372012 0.658474 0.296923 0.074467 0.687535 -1.685137 1.029548 1.569359 -1.034681 0.941139 -1.333305 0.032914
1776409913.888439 jaka_arm_left success 0.377534 0.221210 -0.372218 0.658456 0.297648 0.074029 0.687285 -1.684804 1.029579 1.569491 -1.034321 0.941188 -1.333196 0.032586
1776409913.896769 jaka_arm_left success 0.377548 0.221087 -0.372329 0.657604 0.297977 0.073178 0.688050 -1.686670 1.030053 1.570169 -1.032520 0.940292 -1.334127 0.030297
1776409913.905135 jaka_arm_left success 0.377520 0.221121 -0.372376 0.657446 0.298554 0.072926 0.687977 -1.686393 1.030122 1.570230 -1.032212 0.940277 -1.334021 0.030039
1776409913.921727 jaka_arm_left success 0.377517 0.221214 -0.372461 0.657468 0.298955 0.073142 0.687758 -1.686184 1.029996 1.570066 -1.031830 0.940309 -1.333646 0.029899
1776409913.930156 jaka_arm_left success 0.377474 0.221223 -0.372491 0.657376 0.299260 0.073097 0.687719 -1.686184 1.029996 1.570066 -1.031830 0.940309 -1.333646 0.029899
1776409913.938434 jaka_arm_left success 0.377493 0.221262 -0.372546 0.657457 0.298846 0.073063 0.687824 -1.686184 1.029996 1.570066 -1.031830 0.940309 -1.333646 0.029899
1776409913.946734 jaka_arm_left success 0.377497 0.221235 -0.372566 0.657452 0.298670 0.072864 0.687927 -1.686184 1.029996 1.570066 -1.031830 0.940309 -1.333646 0.029899
1776409913.963437 jaka_arm_left success 0.377466 0.221229 -0.372620 0.657347 0.298644 0.072982 0.688026 -1.686184 1.029996 1.570066 -1.031830 0.940309 -1.333646 0.029899
1776409913.971805 jaka_arm_left success 0.377462 0.221282 -0.372636 0.657475 0.298486 0.072904 0.687981 -1.686608 1.030367 1.570421 -1.032464 0.940221 -1.334424 0.030217
1776409913.980146 jaka_arm_left success 0.377442 0.221310 -0.372656 0.657455 0.298572 0.073151 0.687936 -1.686368 1.030142 1.570178 -1.032003 0.940286 -1.333940 0.030111
1776409913.988398 jaka_arm_left success 0.377433 0.221295 -0.372687 0.657430 0.298648 0.073445 0.687896 -1.686368 1.030142 1.570178 -1.032003 0.940286 -1.333940 0.030111
1776409913.996804 jaka_arm_left success 0.377428 0.221301 -0.372701 0.657470 0.298688 0.073621 0.687822 -1.686514 1.029921 1.569781 -1.031905 0.940285 -1.333536 0.030350
1776409914.013494 jaka_arm_left success 0.377394 0.221404 -0.372655 0.657505 0.298990 0.072782 0.687746 -1.686113 1.030023 1.570085 -1.031625 0.940371 -1.333627 0.030018
1776409914.021697 jaka_arm_left success 0.377452 0.221537 -0.372695 0.658000 0.298749 0.073641 0.687286 -1.686361 1.029426 1.569881 -1.031763 0.940774 -1.333348 0.030524
1776409914.030091 jaka_arm_left success 0.377446 0.221553 -0.372755 0.657839 0.299279 0.073874 0.687185 -1.686157 1.029268 1.569642 -1.031366 0.940811 -1.332881 0.030439
1776409914.046773 jaka_arm_left success 0.377512 0.221617 -0.372874 0.657632 0.299489 0.072954 0.687389 -1.685800 1.029587 1.569944 -1.031125 0.940721 -1.333063 0.030028
1776409914.055071 jaka_arm_left success 0.377610 0.221737 -0.372944 0.657671 0.299521 0.073214 0.687311 -1.685800 1.029587 1.569944 -1.031125 0.940721 -1.333063 0.030028
1776409914.063410 jaka_arm_left success 0.377642 0.221785 -0.373009 0.657439 0.299989 0.073221 0.687327 -1.685800 1.029587 1.569944 -1.031125 0.940721 -1.333063 0.030028
1776409914.071793 jaka_arm_left success 0.377711 0.221818 -0.373083 0.657347 0.299829 0.072565 0.687555 -1.685517 1.029940 1.570094 -1.030835 0.940499 -1.333153 0.029593
1776409914.088498 jaka_arm_left success 0.377769 0.221857 -0.373164 0.657060 0.299858 0.072392 0.687834 -1.687225 1.029630 1.570320 -1.028714 0.939809 -1.334582 0.028767
1776409914.096738 jaka_arm_left success 0.377880 0.222010 -0.373218 0.657397 0.299626 0.073053 0.687544 -1.687576 1.029254 1.570076 -1.028937 0.940017 -1.334400 0.029265
1776409914.105058 jaka_arm_left success 0.377950 0.222088 -0.373266 0.657207 0.299588 0.072532 0.687797 -1.687576 1.029254 1.570076 -1.028937 0.940017 -1.334400 0.029265
1776409914.113461 jaka_arm_left success 0.377979 0.222164 -0.373269 0.657230 0.299658 0.072508 0.687747 -1.687576 1.029254 1.570076 -1.028937 0.940017 -1.334400 0.029265
1776409914.121754 jaka_arm_left success 0.377978 0.222142 -0.373265 0.656990 0.299804 0.072492 0.687915 -1.687576 1.029254 1.570076 -1.028937 0.940017 -1.334400 0.029265
1776409914.138412 jaka_arm_left success 0.378088 0.222245 -0.373233 0.657127 0.298998 0.073002 0.688081 -1.689430 1.030882 1.570223 -1.021396 0.939412 -1.339062 0.035461
1776409914.146773 jaka_arm_left success 0.377976 0.222209 -0.373176 0.657036 0.299157 0.072537 0.688148 -1.689430 1.030882 1.570223 -1.021396 0.939412 -1.339062 0.035461
1776409914.155115 jaka_arm_left success 0.377967 0.222230 -0.373114 0.657293 0.298754 0.072800 0.688049 -1.689430 1.030882 1.570223 -1.021396 0.939412 -1.339062 0.035461
1776409914.171805 jaka_arm_left success 0.377814 0.222188 -0.372948 0.657577 0.297622 0.072520 0.688298 -1.691339 1.029307 1.571035 -1.021487 0.939563 -1.341308 0.034866
1776409914.188464 jaka_arm_left success 0.377690 0.222139 -0.372879 0.657674 0.296832 0.071903 0.688612 -1.692530 1.028927 1.571580 -1.020246 0.939192 -1.343502 0.034946
1776409914.196829 jaka_arm_left success 0.377612 0.222222 -0.372802 0.658073 0.296351 0.072432 0.688382 -1.692848 1.028602 1.571525 -1.020561 0.939449 -1.343527 0.035420
1776409914.205329 jaka_arm_left success 0.377317 0.222319 -0.372595 0.658485 0.296069 0.073078 0.688041 -1.693164 1.028023 1.571356 -1.020840 0.939859 -1.343360 0.036039
1776409914.213440 jaka_arm_left success 0.377139 0.222544 -0.372464 0.659374 0.295709 0.073290 0.687321 -1.693190 1.026921 1.571600 -1.021082 0.940930 -1.343250 0.036753
1776409914.230244 jaka_arm_left success 0.376952 0.222629 -0.372360 0.659577 0.294996 0.072614 0.687505 -1.693167 1.027011 1.572318 -1.021563 0.941233 -1.344091 0.036868
1776409914.238690 jaka_arm_left success 0.376411 0.222668 -0.372113 0.658778 0.294677 0.071488 0.688525 -1.692595 1.027244 1.572353 -1.021410 0.939434 -1.346830 0.036036
1776409914.255147 jaka_arm_left success 0.376263 0.222885 -0.372034 0.659434 0.292998 0.071371 0.688625 -1.693077 1.024918 1.571855 -1.018646 0.938560 -1.351925 0.039218
1776409914.263451 jaka_arm_left success 0.375696 0.223183 -0.371892 0.659748 0.291130 0.071529 0.689100 -1.695652 1.025033 1.571939 -1.011410 0.937683 -1.359035 0.046402
1776409914.271820 jaka_arm_left success 0.375273 0.223199 -0.371782 0.659393 0.290926 0.070970 0.689584 -1.695427 1.025548 1.572221 -1.011305 0.937383 -1.359414 0.045967
1776409914.288455 jaka_arm_left success 0.374980 0.223393 -0.371710 0.659868 0.290057 0.071468 0.689444 -1.695896 1.025287 1.572179 -1.011825 0.937535 -1.359655 0.046494
1776409914.296798 jaka_arm_left success 0.374181 0.223505 -0.371581 0.659554 0.289763 0.071956 0.689817 -1.695412 1.024882 1.571216 -1.012190 0.936683 -1.360725 0.047809
1776409914.313482 jaka_arm_left success 0.374025 0.223760 -0.371549 0.660330 0.288508 0.073220 0.689468 -1.693359 1.024125 1.569827 -1.012593 0.936373 -1.362197 0.051827
1776409914.321765 jaka_arm_left success 0.373447 0.223958 -0.371566 0.660672 0.287491 0.074079 0.689474 -1.693290 1.023527 1.569259 -1.013225 0.936549 -1.362648 0.053718
1776409914.330171 jaka_arm_left success 0.373132 0.224041 -0.371579 0.660842 0.287900 0.074167 0.689131 -1.692957 1.023289 1.569263 -1.012930 0.936748 -1.362435 0.053663
1776409914.338417 jaka_arm_left success 0.372934 0.224273 -0.371635 0.661536 0.287413 0.074265 0.688657 -1.692983 1.022498 1.569447 -1.013218 0.937486 -1.362494 0.054261
1776409914.355153 jaka_arm_left success 0.372687 0.224624 -0.371964 0.661627 0.286804 0.073459 0.688910 -1.691016 1.021414 1.569081 -1.012978 0.936312 -1.365833 0.055389
1776409914.371780 jaka_arm_left success 0.372504 0.224849 -0.372371 0.660964 0.287741 0.073169 0.689187 -1.690526 1.021755 1.568868 -1.012278 0.935904 -1.365482 0.054818
1776409914.380136 jaka_arm_left success 0.372495 0.224917 -0.372596 0.660626 0.287827 0.072634 0.689532 -1.690268 1.022310 1.568906 -1.012009 0.935445 -1.365654 0.054393
1776409914.388412 jaka_arm_left success 0.372279 0.224867 -0.372863 0.659756 0.289046 0.071480 0.689975 -1.689169 1.022714 1.568516 -1.010197 0.933849 -1.367044 0.053594
1776409914.405161 jaka_arm_left success 0.372262 0.224868 -0.373085 0.659142 0.289535 0.071222 0.690383 -1.689445 1.023120 1.567825 -1.003887 0.932299 -1.371080 0.057266
1776409914.413456 jaka_arm_left success 0.372385 0.225008 -0.373442 0.658666 0.290253 0.071633 0.690493 -1.689251 1.023384 1.567358 -1.003264 0.931857 -1.370490 0.056888
1776409914.430151 jaka_arm_left success 0.372575 0.225160 -0.373514 0.659008 0.290423 0.071910 0.690066 -1.689291 1.022963 1.567144 -1.003076 0.932136 -1.370025 0.057090
1776409914.438456 jaka_arm_left success 0.372793 0.225215 -0.373599 0.658903 0.290662 0.072379 0.690018 -1.689447 1.022856 1.566743 -1.002897 0.932072 -1.369539 0.057232
1776409914.446826 jaka_arm_left success 0.372776 0.225081 -0.373681 0.658098 0.291641 0.070680 0.690548 -1.689620 1.024383 1.567791 -1.001597 0.931700 -1.369680 0.055389
1776409914.455135 jaka_arm_left success 0.372880 0.224985 -0.373713 0.657419 0.292787 0.070320 0.690747 -1.689074 1.024833 1.567755 -1.000849 0.931325 -1.369383 0.054624
1776409914.463448 jaka_arm_left success 0.372987 0.224906 -0.373758 0.656983 0.293510 0.070143 0.690873 -1.688725 1.025316 1.567541 -1.000183 0.930822 -1.369018 0.053953
1776409914.471824 jaka_arm_left success 0.373178 0.224906 -0.373794 0.657299 0.293622 0.070820 0.690455 -1.689011 1.024932 1.567074 -1.000087 0.930908 -1.368439 0.054230
1776409914.480115 jaka_arm_left success 0.373274 0.224840 -0.373823 0.657183 0.293774 0.070853 0.690498 -1.689011 1.024932 1.567074 -1.000087 0.930908 -1.368439 0.054230
1776409914.488359 jaka_arm_left success 0.373379 0.224653 -0.373838 0.657020 0.294292 0.071287 0.690387 -1.689551 1.025861 1.566863 -0.999418 0.931220 -1.366467 0.054092
1776409914.496775 jaka_arm_left success 0.373383 0.224430 -0.373858 0.656554 0.294751 0.071243 0.690640 -1.689405 1.026273 1.566855 -0.999185 0.930953 -1.366375 0.053764
1776409914.513504 jaka_arm_left success 0.373418 0.224341 -0.373871 0.656536 0.295089 0.071623 0.690473 -1.689503 1.026493 1.566587 -0.998957 0.931017 -1.365561 0.053834
1776409914.521707 jaka_arm_left success 0.373578 0.224233 -0.373979 0.656267 0.295658 0.072187 0.690427 -1.689638 1.028738 1.566798 -0.999015 0.932155 -1.362506 0.054834
1776409914.530074 jaka_arm_left success 0.373732 0.224367 -0.374023 0.656935 0.295938 0.072825 0.689603 -1.689573 1.027906 1.566658 -0.998856 0.932787 -1.361920 0.055143
1776409914.546757 jaka_arm_left success 0.373852 0.224403 -0.374153 0.656313 0.296792 0.072648 0.689847 -1.689209 1.028248 1.566490 -0.998314 0.932443 -1.361559 0.054602
1776409914.555116 jaka_arm_left success 0.374032 0.224676 -0.374447 0.656148 0.298464 0.071867 0.689365 -1.689359 1.028463 1.566967 -0.997779 0.932763 -1.359664 0.051889
1776409914.563448 jaka_arm_left success 0.374278 0.224839 -0.374713 0.655472 0.298675 0.071175 0.689988 -1.689038 1.029162 1.567142 -0.997491 0.932279 -1.359869 0.051215
1776409914.571796 jaka_arm_left success 0.374451 0.225200 -0.374907 0.655713 0.299463 0.071268 0.689408 -1.688698 1.028919 1.567055 -0.996996 0.932407 -1.359423 0.050915
1776409914.588447 jaka_arm_left success 0.374699 0.225746 -0.375358 0.655043 0.300932 0.069240 0.689612 -1.690581 1.027019 1.567997 -0.995497 0.931589 -1.360128 0.044908
1776409914.605175 jaka_arm_left success 0.374796 0.226154 -0.375500 0.655415 0.302134 0.069458 0.688710 -1.689986 1.026523 1.567962 -0.994750 0.931985 -1.359442 0.044574
1776409914.613400 jaka_arm_left success 0.375040 0.226522 -0.375913 0.654119 0.302854 0.068258 0.689745 -1.689373 1.027544 1.568043 -0.994006 0.931169 -1.359490 0.043427
1776409914.630170 jaka_arm_left success 0.375297 0.226994 -0.376086 0.654814 0.303081 0.069129 0.688899 -1.689570 1.026752 1.567524 -0.993784 0.931474 -1.358739 0.043736
1776409914.638439 jaka_arm_left success 0.375297 0.227007 -0.376116 0.654307 0.304088 0.069748 0.688875 -1.689391 1.026689 1.566776 -0.993010 0.931094 -1.357755 0.043382
1776409914.655113 jaka_arm_left success 0.375269 0.227118 -0.376076 0.654384 0.305471 0.071162 0.688044 -1.689202 1.027646 1.566016 -0.993260 0.932104 -1.353566 0.043705
1776409914.663424 jaka_arm_left success 0.375254 0.227135 -0.376038 0.654369 0.306767 0.072941 0.687296 -1.680285 1.026966 1.562945 -1.009290 0.932169 -1.343447 0.037880
1776409914.671863 jaka_arm_left success 0.375231 0.227142 -0.375991 0.654243 0.308097 0.074920 0.686607 -1.675322 1.027592 1.560261 -1.016811 0.932661 -1.335699 0.036717
1776409914.680111 jaka_arm_left success 0.375032 0.227193 -0.375780 0.654131 0.312865 0.080053 0.683973 -1.656238 1.028236 1.552944 -1.045731 0.934367 -1.310820 0.027888
1776409914.688424 jaka_arm_left success 0.375104 0.227257 -0.375748 0.653975 0.314253 0.082327 0.683216 -1.654475 1.029546 1.551394 -1.049969 0.935394 -1.304660 0.027770
1776409914.705183 jaka_arm_left success 0.375216 0.227238 -0.375812 0.652243 0.316459 0.083465 0.683715 -1.649054 1.031983 1.548117 -1.054713 0.933806 -1.299070 0.027323
1776409914.713441 jaka_arm_left success 0.375385 0.227190 -0.375861 0.650978 0.317350 0.083917 0.684452 -1.648969 1.032936 1.547420 -1.054179 0.932648 -1.298590 0.026622
1776409914.730130 jaka_arm_left success 0.375492 0.227201 -0.375895 0.649836 0.319214 0.084959 0.684542 -1.644553 1.035447 1.544929 -1.058295 0.931696 -1.293318 0.026298
1776409914.738465 jaka_arm_left success 0.375705 0.227103 -0.375976 0.647519 0.321313 0.085299 0.685712 -1.642455 1.038281 1.543136 -1.058530 0.929482 -1.291038 0.025410
1776409914.746742 jaka_arm_left success 0.375644 0.226993 -0.375971 0.645816 0.323365 0.085071 0.686382 -1.640209 1.039693 1.541676 -1.059452 0.927555 -1.289185 0.023341
1776409914.755071 jaka_arm_left success 0.375712 0.227090 -0.376007 0.644883 0.324675 0.085859 0.686542 -1.637382 1.041629 1.540124 -1.061252 0.927061 -1.285678 0.023493
1776409914.763403 jaka_arm_left success 0.375781 0.227174 -0.376053 0.644173 0.324973 0.085957 0.687055 -1.637463 1.042239 1.539757 -1.061147 0.926305 -1.285601 0.023115
1776409914.771762 jaka_arm_left success 0.375717 0.227225 -0.376059 0.643167 0.325836 0.085935 0.687592 -1.637191 1.043034 1.539270 -1.060580 0.925348 -1.285246 0.022370
1776409914.780086 jaka_arm_left success 0.375682 0.227274 -0.376092 0.642029 0.326838 0.086416 0.688119 -1.633523 1.044122 1.536754 -1.061796 0.923216 -1.284460 0.023314
1776409914.796809 jaka_arm_left success 0.375710 0.227507 -0.376081 0.641374 0.327352 0.088102 0.688271 -1.631959 1.045740 1.534653 -1.063002 0.922460 -1.282060 0.025245
1776409914.805099 jaka_arm_left success 0.375439 0.227689 -0.376041 0.638852 0.329657 0.090113 0.689256 -1.624375 1.048114 1.529381 -1.067488 0.918915 -1.277966 0.026377
1776409914.813487 jaka_arm_left success 0.375304 0.227836 -0.376048 0.637599 0.330643 0.091250 0.689794 -1.622369 1.050973 1.527686 -1.068687 0.918085 -1.275237 0.028050
1776409914.830125 jaka_arm_left success 0.375268 0.228003 -0.376093 0.636113 0.330943 0.092753 0.690821 -1.619761 1.053325 1.524739 -1.069857 0.915804 -1.274173 0.030663
1776409914.838618 jaka_arm_left success 0.375023 0.228112 -0.376099 0.633991 0.332360 0.093419 0.692001 -1.617374 1.055491 1.522585 -1.069811 0.913275 -1.273517 0.031089
1776409914.846772 jaka_arm_left success 0.374796 0.228715 -0.376179 0.631582 0.333028 0.095962 0.693533 -1.612769 1.059570 1.517266 -1.070513 0.909464 -1.272203 0.037012
1776409914.855111 jaka_arm_left success 0.374563 0.229049 -0.376160 0.629768 0.334101 0.096842 0.694543 -1.612724 1.060882 1.516141 -1.069869 0.907758 -1.271591 0.036237
1776409914.871800 jaka_arm_left success 0.374115 0.229659 -0.376061 0.625662 0.336261 0.098951 0.696911 -1.602861 1.067137 1.508416 -1.069883 0.900726 -1.272126 0.044178
1776409914.888452 jaka_arm_left success 0.373688 0.230715 -0.376029 0.623150 0.337322 0.101131 0.698334 -1.598428 1.068785 1.502625 -1.069686 0.895953 -1.272651 0.048281
1776409914.905174 jaka_arm_left success 0.373277 0.230998 -0.375940 0.620442 0.339023 0.100505 0.700010 -1.597552 1.071532 1.501689 -1.068458 0.892878 -1.272799 0.046213
1776409914.913486 jaka_arm_left success 0.372955 0.231643 -0.375817 0.619353 0.339588 0.100639 0.700681 -1.595688 1.071551 1.499528 -1.067872 0.890196 -1.274208 0.046381
1776409914.921715 jaka_arm_left success 0.372406 0.232643 -0.375688 0.615572 0.340697 0.102192 0.703245 -1.589418 1.074566 1.493014 -1.067054 0.883553 -1.277729 0.052424
1776409914.938476 jaka_arm_left success 0.371823 0.234063 -0.375511 0.613782 0.340791 0.104960 0.704356 -1.585510 1.076276 1.487587 -1.065982 0.879410 -1.279332 0.058341
1776409914.955073 jaka_arm_left success 0.370964 0.235250 -0.375216 0.610892 0.342560 0.108906 0.705410 -1.580047 1.080108 1.480976 -1.065156 0.875192 -1.278347 0.065735
1776409914.971750 jaka_arm_left success 0.370268 0.236598 -0.374963 0.608237 0.343815 0.114013 0.706286 -1.573360 1.084650 1.472773 -1.065146 0.870640 -1.276407 0.075302
1776409914.980145 jaka_arm_left success 0.369808 0.237019 -0.374808 0.605550 0.345366 0.114755 0.707717 -1.569232 1.086850 1.469558 -1.064442 0.866655 -1.277715 0.076535
1776409914.988530 jaka_arm_left success 0.369540 0.237698 -0.374665 0.604310 0.345765 0.116641 0.708273 -1.568586 1.088077 1.466556 -1.064535 0.864426 -1.277039 0.078479
1776409915.005125 jaka_arm_left success 0.369304 0.238549 -0.374541 0.603416 0.345701 0.118011 0.708840 -1.564058 1.089128 1.463040 -1.064939 0.862012 -1.278979 0.083414
1776409915.021769 jaka_arm_left success 0.368640 0.240692 -0.374052 0.598888 0.348294 0.120421 0.711002 -1.557443 1.091755 1.455071 -1.063332 0.854219 -1.280971 0.087111
1776409915.038398 jaka_arm_left success 0.368304 0.241444 -0.373816 0.598055 0.350171 0.121528 0.710593 -1.557212 1.092043 1.452882 -1.062118 0.852893 -1.278983 0.086933
1776409915.046739 jaka_arm_left success 0.368045 0.242844 -0.373424 0.594608 0.351933 0.123411 0.712288 -1.551140 1.095030 1.447556 -1.061732 0.847644 -1.280187 0.090088
1776409915.055181 jaka_arm_left success 0.367727 0.243700 -0.373221 0.594016 0.353405 0.125129 0.711754 -1.548475 1.095398 1.444486 -1.062183 0.846262 -1.278369 0.091608
1776409915.063465 jaka_arm_left success 0.367549 0.244475 -0.373067 0.592415 0.354233 0.126541 0.712426 -1.545759 1.096813 1.441433 -1.062966 0.843844 -1.277930 0.093277
1776409915.080179 jaka_arm_left success 0.367168 0.245199 -0.372911 0.590922 0.356149 0.128191 0.712415 -1.541378 1.098872 1.437745 -1.064134 0.841594 -1.275627 0.095052
1776409915.088413 jaka_arm_left success 0.366833 0.245952 -0.372790 0.589815 0.357181 0.129331 0.712610 -1.537416 1.098787 1.434513 -1.066521 0.839405 -1.274733 0.095380
1776409915.096849 jaka_arm_left success 0.366681 0.246828 -0.372718 0.588964 0.356434 0.129945 0.713576 -1.538187 1.099275 1.433993 -1.067057 0.838602 -1.274982 0.095562
1776409915.105119 jaka_arm_left success 0.366128 0.248324 -0.372659 0.586503 0.357406 0.131792 0.714776 -1.533112 1.100666 1.428080 -1.066974 0.833165 -1.277563 0.099277
1776409915.121787 jaka_arm_left success 0.365910 0.249025 -0.372689 0.585836 0.357116 0.132293 0.715376 -1.533193 1.101330 1.427413 -1.066817 0.832110 -1.277682 0.099136
1776409915.130136 jaka_arm_left success 0.365714 0.249738 -0.372657 0.584827 0.357882 0.133131 0.715663 -1.531934 1.101650 1.424935 -1.066099 0.830090 -1.278015 0.100332
1776409915.138547 jaka_arm_left success 0.365367 0.251495 -0.372703 0.585074 0.357739 0.135801 0.715031 -1.528094 1.100517 1.420544 -1.065781 0.828433 -1.279729 0.105939
1776409915.155103 jaka_arm_left success 0.364774 0.252772 -0.372652 0.583148 0.361437 0.138965 0.714136 -1.523110 1.103093 1.415435 -1.064274 0.826501 -1.275471 0.109602
1776409915.163519 jaka_arm_left success 0.364447 0.253662 -0.372678 0.583567 0.362933 0.140795 0.712675 -1.516316 1.102706 1.411796 -1.070617 0.826183 -1.270859 0.110109
1776409915.171779 jaka_arm_left success 0.364183 0.254450 -0.372707 0.582926 0.364517 0.143432 0.711865 -1.511631 1.104174 1.408504 -1.077510 0.825778 -1.264143 0.109638
1776409915.188453 jaka_arm_left success 0.363867 0.255398 -0.372738 0.583149 0.365966 0.145101 0.710600 -1.503581 1.104109 1.405127 -1.088378 0.826145 -1.256252 0.107629
1776409915.196781 jaka_arm_left success 0.363093 0.256913 -0.372850 0.580811 0.370580 0.148828 0.709352 -1.493793 1.105621 1.398031 -1.096933 0.823885 -1.246336 0.106449
1776409915.205122 jaka_arm_left success 0.362711 0.257833 -0.372918 0.579776 0.372308 0.149876 0.709073 -1.491739 1.107598 1.396036 -1.097980 0.822804 -1.243314 0.106517
1776409915.213460 jaka_arm_left success 0.362445 0.259128 -0.373124 0.579831 0.372113 0.151214 0.708845 -1.492160 1.106996 1.395202 -1.098187 0.822827 -1.242823 0.107214
1776409915.230066 jaka_arm_left success 0.361511 0.261335 -0.373395 0.577626 0.374275 0.153925 0.708924 -1.482510 1.107698 1.386819 -1.098677 0.817529 -1.244000 0.112445
1776409915.238618 jaka_arm_left success 0.361065 0.262601 -0.373547 0.576989 0.375254 0.156681 0.708321 -1.480478 1.109013 1.383251 -1.099451 0.816524 -1.241465 0.115595
1776409915.255144 jaka_arm_left success 0.359847 0.264895 -0.373768 0.572613 0.378821 0.160366 0.709148 -1.471974 1.114529 1.374755 -1.099648 0.810091 -1.240316 0.120863
1776409915.271811 jaka_arm_left success 0.358722 0.267944 -0.374187 0.571306 0.380592 0.165756 0.708014 -1.464151 1.116042 1.365658 -1.100939 0.806681 -1.238249 0.128972
1776409915.288448 jaka_arm_left success 0.357888 0.270610 -0.374921 0.565999 0.383431 0.169051 0.709963 -1.459533 1.120860 1.358393 -1.099724 0.799714 -1.238376 0.131899
1776409915.305151 jaka_arm_left success 0.357441 0.273576 -0.375726 0.562816 0.384747 0.169800 0.711601 -1.456750 1.122652 1.352162 -1.087676 0.792436 -1.248981 0.139912
1776409915.321799 jaka_arm_left success 0.357195 0.276101 -0.376406 0.558141 0.388567 0.168352 0.713549 -1.458099 1.121990 1.348655 -1.073404 0.784628 -1.257677 0.138248
1776409915.338575 jaka_arm_left success 0.357381 0.278651 -0.376943 0.555440 0.391032 0.165728 0.714923 -1.464102 1.119500 1.349632 -1.059600 0.780421 -1.265320 0.133770
1776409915.355182 jaka_arm_left success 0.357345 0.280881 -0.377230 0.552284 0.394833 0.163220 0.715855 -1.463167 1.116556 1.347979 -1.055380 0.775462 -1.267714 0.125718
1776409915.363525 jaka_arm_left success 0.357193 0.282043 -0.377330 0.551361 0.396850 0.163706 0.715340 -1.462337 1.116902 1.347139 -1.053936 0.774920 -1.266339 0.125044
1776409915.371854 jaka_arm_left success 0.356963 0.283213 -0.377373 0.550959 0.398915 0.165095 0.714181 -1.461481 1.116540 1.345163 -1.052075 0.774431 -1.263789 0.124961
1776409915.388443 jaka_arm_left success 0.356661 0.284286 -0.377461 0.550215 0.400693 0.166086 0.713529 -1.460913 1.116438 1.343347 -1.050641 0.773722 -1.261739 0.124866
1776409915.396776 jaka_arm_left success 0.355744 0.286333 -0.377526 0.549293 0.404521 0.169294 0.711323 -1.447482 1.115659 1.335008 -1.064779 0.770699 -1.251644 0.121389
1776409915.413503 jaka_arm_left success 0.355361 0.287072 -0.377545 0.547232 0.406380 0.171079 0.711425 -1.444221 1.119838 1.331774 -1.065181 0.769152 -1.248693 0.124600
1776409915.421713 jaka_arm_left success 0.354728 0.288268 -0.377625 0.547860 0.407443 0.172838 0.709906 -1.439045 1.118288 1.328380 -1.068287 0.768762 -1.246711 0.125771
1776409915.430136 jaka_arm_left success 0.353554 0.290302 -0.377871 0.548082 0.408452 0.175920 0.708397 -1.432396 1.118163 1.323045 -1.072877 0.767646 -1.243166 0.128536
1776409915.438540 jaka_arm_left success 0.352830 0.291232 -0.377977 0.547326 0.409502 0.177024 0.708099 -1.428214 1.118719 1.320067 -1.075589 0.766126 -1.241764 0.129129
1776409915.455142 jaka_arm_left success 0.352095 0.292362 -0.378269 0.547767 0.409480 0.178518 0.707395 -1.426231 1.117742 1.317959 -1.076895 0.766086 -1.240973 0.130902
1776409915.463404 jaka_arm_left success 0.350446 0.294925 -0.378895 0.550060 0.409444 0.182316 0.704663 -1.419571 1.115398 1.312540 -1.078851 0.766570 -1.240275 0.137612
1776409915.471719 jaka_arm_left success 0.349579 0.295766 -0.379215 0.548573 0.411137 0.184009 0.704397 -1.415119 1.117998 1.308781 -1.079987 0.764452 -1.238654 0.139895
1776409915.488431 jaka_arm_left success 0.347647 0.298453 -0.380021 0.551214 0.413151 0.189128 0.699786 -1.398664 1.114731 1.300294 -1.099853 0.765886 -1.225230 0.139080
1776409915.505131 jaka_arm_left success 0.346631 0.299660 -0.380420 0.551437 0.415048 0.192061 0.697685 -1.394241 1.117386 1.296645 -1.102596 0.766782 -1.219451 0.143399
1776409915.513422 jaka_arm_left success 0.345480 0.300824 -0.380835 0.551340 0.417226 0.193880 0.695958 -1.384699 1.118178 1.292177 -1.112171 0.766101 -1.213052 0.142299
1776409915.521761 jaka_arm_left success 0.343249 0.303217 -0.381906 0.550815 0.420424 0.198833 0.693046 -1.372462 1.120369 1.283163 -1.119685 0.764634 -1.205577 0.147023
1776409915.538461 jaka_arm_left success 0.340821 0.305729 -0.383136 0.551393 0.422195 0.202225 0.690523 -1.364902 1.122115 1.277578 -1.120980 0.764850 -1.202652 0.153958
1776409915.555120 jaka_arm_left success 0.338320 0.308464 -0.384491 0.553969 0.422424 0.205154 0.687450 -1.356224 1.118670 1.271577 -1.122764 0.764893 -1.203376 0.159625
1776409915.571825 jaka_arm_left success 0.337093 0.309617 -0.385173 0.554376 0.422976 0.206023 0.686523 -1.354279 1.117836 1.270005 -1.122589 0.765074 -1.202560 0.160683
1776409915.580168 jaka_arm_left success 0.335850 0.310966 -0.385835 0.556083 0.422830 0.207295 0.684847 -1.350127 1.115936 1.267277 -1.123747 0.765351 -1.203381 0.163821
1776409915.588377 jaka_arm_left success 0.333276 0.313478 -0.387096 0.559092 0.423093 0.210144 0.681358 -1.342594 1.112824 1.262349 -1.124527 0.766745 -1.203243 0.170043
1776409915.605127 jaka_arm_left success 0.330609 0.315983 -0.388222 0.563081 0.423237 0.214217 0.676699 -1.329076 1.109536 1.253747 -1.130919 0.767800 -1.200909 0.177869
1776409915.621751 jaka_arm_left success 0.327698 0.318163 -0.389349 0.566367 0.423998 0.218558 0.672076 -1.314548 1.108317 1.246109 -1.143349 0.769761 -1.193788 0.182700
1776409915.630111 jaka_arm_left success 0.326194 0.319160 -0.389927 0.567712 0.424367 0.220979 0.669914 -1.311198 1.110248 1.243807 -1.144946 0.771944 -1.190401 0.188396
1776409915.638473 jaka_arm_left success 0.324779 0.320348 -0.390560 0.570090 0.423455 0.223590 0.667601 -1.305726 1.109498 1.240051 -1.147688 0.773371 -1.189700 0.194471
1776409915.655095 jaka_arm_left success 0.321752 0.322546 -0.391819 0.575203 0.420759 0.227342 0.663641 -1.300008 1.104989 1.236005 -1.149973 0.777065 -1.190070 0.203074
1776409915.671781 jaka_arm_left success 0.318851 0.324477 -0.393146 0.579323 0.417748 0.230875 0.660733 -1.289540 1.104310 1.229228 -1.152928 0.777889 -1.194879 0.216393
1776409915.688624 jaka_arm_left success 0.315954 0.326300 -0.394511 0.584085 0.414873 0.233223 0.657519 -1.281521 1.099863 1.224102 -1.153725 0.779671 -1.199363 0.226023
1776409915.705115 jaka_arm_left success 0.313159 0.327989 -0.395880 0.590450 0.411009 0.235487 0.653442 -1.276359 1.094098 1.221564 -1.154537 0.784304 -1.202216 0.235198
1776409915.713460 jaka_arm_left success 0.311723 0.328742 -0.396639 0.593928 0.409144 0.236797 0.650983 -1.273631 1.090963 1.220037 -1.154748 0.787095 -1.203374 0.240628
1776409915.730093 jaka_arm_left success 0.308819 0.330153 -0.398224 0.600482 0.406190 0.240336 0.645499 -1.265360 1.088389 1.215553 -1.156088 0.792705 -1.204253 0.254855
1776409915.738490 jaka_arm_left success 0.307416 0.330695 -0.399069 0.603637 0.404696 0.241919 0.642899 -1.262815 1.085618 1.213946 -1.156573 0.795476 -1.204219 0.259638
1776409915.755194 jaka_arm_left success 0.306121 0.331294 -0.399928 0.607096 0.402890 0.243635 0.640122 -1.259310 1.083837 1.212129 -1.157565 0.798655 -1.204348 0.266259
1776409915.763445 jaka_arm_left success 0.304794 0.331661 -0.400772 0.609984 0.401590 0.244532 0.637847 -1.257565 1.081124 1.211421 -1.158111 0.801575 -1.203964 0.269820
1776409915.771798 jaka_arm_left success 0.302326 0.332427 -0.402608 0.617082 0.397882 0.247280 0.632260 -1.251629 1.077545 1.209487 -1.160298 0.808778 -1.203224 0.281286
1776409915.780101 jaka_arm_left success 0.301156 0.332615 -0.403642 0.620505 0.395664 0.248475 0.629829 -1.246527 1.077964 1.207550 -1.162408 0.811941 -1.204012 0.290105
1776409915.796743 jaka_arm_left success 0.298951 0.333046 -0.405806 0.628209 0.390860 0.250873 0.624215 -1.242062 1.073055 1.206622 -1.164839 0.820075 -1.203261 0.301050
1776409915.813500 jaka_arm_left success 0.297867 0.333145 -0.406938 0.631931 0.388907 0.251978 0.621225 -1.239442 1.071013 1.206079 -1.166071 0.824330 -1.202476 0.306849
1776409915.821722 jaka_arm_left success 0.296824 0.333311 -0.408074 0.636001 0.386956 0.253565 0.617635 -1.236604 1.069251 1.205302 -1.167552 0.829293 -1.200596 0.313530
1776409915.830163 jaka_arm_left success 0.295707 0.333299 -0.409229 0.639900 0.385932 0.254671 0.613780 -1.230134 1.070188 1.203783 -1.173319 0.834576 -1.195520 0.319856
1776409915.838426 jaka_arm_left success 0.294692 0.333389 -0.410441 0.644110 0.384744 0.256533 0.609332 -1.222364 1.070043 1.202665 -1.187664 0.841723 -1.184021 0.320958
1776409915.846762 jaka_arm_left success 0.293821 0.333352 -0.411731 0.647874 0.382980 0.258440 0.605635 -1.220183 1.068665 1.202178 -1.189123 0.846682 -1.181133 0.326548
1776409915.855162 jaka_arm_left success 0.291952 0.333093 -0.414371 0.654695 0.381024 0.260999 0.598393 -1.208614 1.069723 1.200254 -1.205590 0.857769 -1.166694 0.333048
1776409915.871835 jaka_arm_left success 0.291073 0.332869 -0.415803 0.657695 0.380022 0.261798 0.595384 -1.207170 1.067071 1.200573 -1.205702 0.861685 -1.165191 0.335677
1776409915.880160 jaka_arm_left success 0.290297 0.332590 -0.417288 0.660155 0.378894 0.262471 0.593080 -1.205979 1.068098 1.201279 -1.206879 0.865825 -1.162606 0.340462
1776409915.888386 jaka_arm_left success 0.288851 0.332238 -0.420317 0.666668 0.375947 0.263098 0.587365 -1.202883 1.066354 1.203227 -1.208353 0.875756 -1.157784 0.348986
1776409915.905192 jaka_arm_left success 0.288079 0.331936 -0.421773 0.670206 0.374645 0.262682 0.584348 -1.201249 1.064903 1.205070 -1.209683 0.881281 -1.155079 0.351989
1776409915.913416 jaka_arm_left success 0.286922 0.331271 -0.424818 0.677400 0.370771 0.264249 0.577781 -1.197840 1.064546 1.208411 -1.220553 0.894979 -1.142643 0.358377
1776409915.921727 jaka_arm_left success 0.286264 0.330681 -0.426309 0.680290 0.370128 0.265130 0.574384 -1.192439 1.066404 1.208498 -1.227702 0.900774 -1.135438 0.361350
1776409915.930198 jaka_arm_left success 0.285710 0.330067 -0.427769 0.682709 0.369507 0.266420 0.571308 -1.191015 1.067011 1.208807 -1.228948 0.905318 -1.131443 0.365491
1776409915.946790 jaka_arm_left success 0.285145 0.329770 -0.429036 0.687009 0.368036 0.267314 0.566666 -1.186002 1.067005 1.210928 -1.244400 0.915293 -1.116597 0.362832
1776409915.955085 jaka_arm_left success 0.284046 0.328525 -0.431665 0.691528 0.367673 0.269098 0.560529 -1.177760 1.070684 1.211203 -1.255815 0.925627 -1.102501 0.366937
1776409915.971747 jaka_arm_left success 0.283647 0.328054 -0.432909 0.694137 0.366804 0.269854 0.557501 -1.175480 1.071257 1.212781 -1.262181 0.931667 -1.095425 0.367700
1776409915.980130 jaka_arm_left success 0.283191 0.327792 -0.434032 0.696996 0.366238 0.271396 0.553544 -1.170726 1.072956 1.212759 -1.270927 0.938196 -1.085782 0.369084
1776409915.988427 jaka_arm_left success 0.282733 0.327309 -0.435136 0.698613 0.366610 0.272317 0.550800 -1.167247 1.074843 1.213208 -1.276943 0.943203 -1.077880 0.369309
1776409915.996830 jaka_arm_left success 0.282366 0.326855 -0.436283 0.699595 0.367073 0.273148 0.548830 -1.165017 1.076283 1.213266 -1.279649 0.946041 -1.073527 0.370159
1776409916.005148 jaka_arm_left success 0.281830 0.326292 -0.438317 0.701801 0.366971 0.274328 0.545483 -1.163633 1.077871 1.213736 -1.280626 0.951068 -1.068681 0.374672
1776409916.013426 jaka_arm_left success 0.281573 0.325971 -0.439290 0.701986 0.367797 0.274632 0.544535 -1.162065 1.081490 1.214600 -1.283474 0.953884 -1.063267 0.375231
1776409916.021768 jaka_arm_left success 0.281375 0.325750 -0.440162 0.702184 0.368285 0.275111 0.543708 -1.161199 1.082430 1.214587 -1.283598 0.954975 -1.061513 0.375890
1776409916.038447 jaka_arm_left success 0.281203 0.325651 -0.440925 0.702549 0.368882 0.274845 0.542965 -1.160607 1.082306 1.214610 -1.283074 0.955398 -1.061067 0.375792
1776409916.046806 jaka_arm_left success 0.281113 0.325723 -0.441631 0.703136 0.368727 0.274617 0.542426 -1.160118 1.081735 1.214781 -1.282873 0.956244 -1.060804 0.376130
1776409916.055090 jaka_arm_left success 0.280806 0.325528 -0.442874 0.701161 0.371899 0.274250 0.543002 -1.159431 1.085195 1.214729 -1.281116 0.955027 -1.058859 0.374481
1776409916.071844 jaka_arm_left success 0.280758 0.325536 -0.443842 0.698803 0.374934 0.273944 0.544108 -1.159125 1.088894 1.214450 -1.279387 0.952924 -1.057435 0.372434
1776409916.088464 jaka_arm_left success 0.280746 0.325610 -0.444245 0.697663 0.376279 0.273772 0.544728 -1.159059 1.089906 1.214335 -1.278895 0.952156 -1.057166 0.371702
1776409916.096713 jaka_arm_left success 0.280771 0.325910 -0.444913 0.695543 0.378534 0.273957 0.545784 -1.159568 1.094344 1.214032 -1.277569 0.950410 -1.055727 0.371482
1776409916.105184 jaka_arm_left success 0.280804 0.326091 -0.445190 0.694495 0.379596 0.273979 0.546369 -1.159849 1.096668 1.214015 -1.276476 0.949601 -1.055370 0.371835
1776409916.113458 jaka_arm_left success 0.280917 0.326080 -0.445480 0.692012 0.381527 0.274914 0.547703 -1.160137 1.102442 1.212680 -1.274069 0.947136 -1.055318 0.374794
1776409916.121694 jaka_arm_left success 0.281008 0.326144 -0.445733 0.690829 0.382981 0.274718 0.548280 -1.160080 1.103810 1.212437 -1.272935 0.945718 -1.055183 0.373458
1776409916.130110 jaka_arm_left success 0.281131 0.326222 -0.445924 0.689984 0.383923 0.274504 0.548793 -1.162627 1.102531 1.212142 -1.267699 0.943834 -1.058110 0.373429
1776409916.146764 jaka_arm_left success 0.281232 0.326522 -0.446055 0.689585 0.386849 0.274075 0.547451 -1.161324 1.103067 1.210703 -1.265257 0.943804 -1.055322 0.372432
1776409916.155074 jaka_arm_left success 0.281468 0.326494 -0.446146 0.688965 0.387985 0.274004 0.547464 -1.161245 1.104262 1.211042 -1.264786 0.943142 -1.055105 0.371367
1776409916.163496 jaka_arm_left success 0.281584 0.326524 -0.446156 0.688373 0.389450 0.274042 0.547149 -1.162857 1.106341 1.213048 -1.265793 0.945120 -1.050326 0.368972
1776409916.180143 jaka_arm_left success 0.281689 0.326494 -0.446163 0.687493 0.390738 0.274166 0.547276 -1.162839 1.107165 1.212122 -1.265218 0.944172 -1.049316 0.368171
1776409916.188381 jaka_arm_left success 0.281742 0.326488 -0.446174 0.686326 0.392503 0.273988 0.547566 -1.161703 1.108274 1.211938 -1.266854 0.943419 -1.047357 0.365185
1776409916.196733 jaka_arm_left success 0.281875 0.326890 -0.446156 0.685940 0.393723 0.275081 0.546625 -1.158198 1.111017 1.211298 -1.273753 0.945181 -1.040712 0.363145
1776409916.213474 jaka_arm_left success 0.281888 0.326959 -0.446181 0.685457 0.394180 0.274852 0.547017 -1.158105 1.111477 1.211244 -1.273469 0.944745 -1.040616 0.362639
1776409916.221717 jaka_arm_left success 0.281889 0.327161 -0.446226 0.685034 0.394458 0.274424 0.547561 -1.158062 1.112010 1.211405 -1.273306 0.944228 -1.040806 0.362039
1776409916.230153 jaka_arm_left success 0.281928 0.327221 -0.446285 0.684869 0.394215 0.274230 0.548039 -1.158344 1.112273 1.211703 -1.273617 0.943792 -1.041397 0.361726
1776409916.246800 jaka_arm_left success 0.281956 0.327277 -0.446322 0.684882 0.394034 0.273994 0.548271 -1.158456 1.111183 1.211651 -1.273535 0.943377 -1.042188 0.360896
1776409916.255081 jaka_arm_left success 0.281978 0.327325 -0.446356 0.684840 0.394185 0.274045 0.548190 -1.158456 1.111183 1.211651 -1.273535 0.943377 -1.042188 0.360896
1776409916.271805 jaka_arm_left success 0.281972 0.327329 -0.446364 0.684818 0.394514 0.274241 0.547882 -1.158456 1.111183 1.211651 -1.273535 0.943377 -1.042188 0.360896
1776409916.280128 jaka_arm_left success 0.281955 0.327286 -0.446359 0.684670 0.395049 0.274658 0.547473 -1.158184 1.111262 1.210895 -1.272817 0.943221 -1.041227 0.360658
1776409916.288402 jaka_arm_left success 0.281880 0.327248 -0.446297 0.684863 0.395763 0.275072 0.546506 -1.157783 1.110908 1.210064 -1.272124 0.943527 -1.040057 0.360769
1776409916.296762 jaka_arm_left success 0.281907 0.327047 -0.446370 0.684641 0.395868 0.275540 0.546473 -1.158035 1.110958 1.209605 -1.272193 0.943357 -1.039687 0.360899
1776409916.305347 jaka_arm_left success 0.281909 0.326796 -0.446425 0.684188 0.396074 0.275625 0.546849 -1.158068 1.112264 1.209630 -1.272642 0.942999 -1.039234 0.360863
1776409916.313452 jaka_arm_left success 0.281897 0.326688 -0.446449 0.684357 0.395851 0.275803 0.546709 -1.157884 1.112422 1.209689 -1.273239 0.943611 -1.038770 0.361540
1776409916.321729 jaka_arm_left success 0.281891 0.326617 -0.446454 0.684838 0.395208 0.275875 0.546536 -1.157962 1.112109 1.209799 -1.273543 0.943917 -1.038914 0.361883
1776409916.330083 jaka_arm_left success 0.281849 0.326580 -0.446479 0.686030 0.394327 0.275825 0.545701 -1.157558 1.110895 1.210256 -1.274153 0.945562 -1.038795 0.362995
1776409916.346735 jaka_arm_left success 0.281851 0.326513 -0.446482 0.686807 0.393439 0.275993 0.545279 -1.157650 1.110304 1.210339 -1.274545 0.946108 -1.038900 0.363562
1776409916.355102 jaka_arm_left success 0.281752 0.326231 -0.446478 0.687563 0.392549 0.276390 0.544767 -1.157256 1.111107 1.210961 -1.276396 0.947955 -1.037467 0.365200
1776409916.371767 jaka_arm_left success 0.281712 0.326057 -0.446511 0.687645 0.392296 0.276523 0.544778 -1.157256 1.111107 1.210961 -1.276396 0.947955 -1.037467 0.365200
1776409916.380143 jaka_arm_left success 0.281748 0.325977 -0.446531 0.688112 0.391475 0.276736 0.544671 -1.157564 1.110548 1.211027 -1.276997 0.948379 -1.037718 0.365840
1776409916.388439 jaka_arm_left success 0.281707 0.325859 -0.446551 0.688313 0.391335 0.276870 0.544450 -1.157365 1.110255 1.211174 -1.277284 0.948995 -1.037594 0.366337
1776409916.396755 jaka_arm_left success 0.281666 0.325722 -0.446585 0.688308 0.391400 0.277509 0.544083 -1.156862 1.112544 1.210912 -1.278853 0.949759 -1.035701 0.368088
1776409916.405073 jaka_arm_left success 0.281589 0.325601 -0.446587 0.689262 0.391222 0.277882 0.542811 -1.153441 1.114246 1.211644 -1.286417 0.953314 -1.029227 0.366535
1776409916.413470 jaka_arm_left success 0.281553 0.325522 -0.446647 0.689582 0.391173 0.277601 0.542585 -1.153441 1.114246 1.211644 -1.286417 0.953314 -1.029227 0.366535
1776409916.421710 jaka_arm_left success 0.281545 0.325416 -0.446710 0.689309 0.391385 0.277816 0.542669 -1.153441 1.114246 1.211644 -1.286417 0.953314 -1.029227 0.366535
1776409916.430104 jaka_arm_left success 0.281583 0.325383 -0.446760 0.689301 0.391232 0.277691 0.542853 -1.153441 1.114246 1.211644 -1.286417 0.953314 -1.029227 0.366535
1776409916.446827 jaka_arm_left success 0.281581 0.325384 -0.446776 0.689340 0.391156 0.277495 0.542958 -1.153299 1.114282 1.212127 -1.286513 0.953352 -1.029670 0.366324
1776409916.455050 jaka_arm_left success 0.281599 0.325478 -0.446796 0.689500 0.390967 0.276946 0.543172 -1.153124 1.114178 1.212674 -1.286614 0.953489 -1.030176 0.366130
1776409916.471816 jaka_arm_left success 0.281656 0.325692 -0.446788 0.689852 0.390745 0.276261 0.543234 -1.153532 1.110035 1.213016 -1.286165 0.952895 -1.031789 0.362401
1776409916.480178 jaka_arm_left success 0.281716 0.325792 -0.446799 0.689868 0.390593 0.275776 0.543568 -1.153532 1.110035 1.213016 -1.286165 0.952895 -1.031789 0.362401
1776409916.488448 jaka_arm_left success 0.281819 0.326003 -0.446760 0.690352 0.390142 0.275468 0.543435 -1.153576 1.109639 1.213442 -1.286501 0.953242 -1.032265 0.362605
1776409916.496748 jaka_arm_left success 0.281882 0.325980 -0.446825 0.689913 0.390474 0.275135 0.543922 -1.153846 1.109594 1.213889 -1.286216 0.952626 -1.032873 0.361407
1776409916.505128 jaka_arm_left success 0.281927 0.326004 -0.446879 0.689620 0.390929 0.275082 0.543992 -1.153789 1.109756 1.213780 -1.285966 0.952438 -1.032705 0.361137
1776409916.513466 jaka_arm_left success 0.281974 0.326025 -0.446898 0.689289 0.391527 0.275215 0.543915 -1.153731 1.110025 1.213512 -1.285596 0.952137 -1.032355 0.360786
1776409916.530113 jaka_arm_left success 0.282025 0.325919 -0.446977 0.688126 0.392976 0.275176 0.544362 -1.153605 1.111028 1.213196 -1.284885 0.951223 -1.031895 0.359823
1776409916.538412 jaka_arm_left success 0.282128 0.326105 -0.446972 0.688318 0.393644 0.275079 0.543686 -1.153280 1.111161 1.212876 -1.284258 0.951150 -1.031278 0.359459
1776409916.555147 jaka_arm_left success 0.282197 0.326225 -0.446970 0.688643 0.393847 0.275228 0.543051 -1.153810 1.109913 1.212753 -1.283841 0.951997 -1.029645 0.358408
1776409916.563502 jaka_arm_left success 0.282398 0.326210 -0.446971 0.688099 0.395135 0.274690 0.543077 -1.155210 1.109275 1.214130 -1.284031 0.952320 -1.027700 0.354357
1776409916.571764 jaka_arm_left success 0.282447 0.326177 -0.446996 0.688042 0.395443 0.274591 0.542975 -1.155210 1.109275 1.214130 -1.284031 0.952320 -1.027700 0.354357
1776409916.580169 jaka_arm_left success 0.282473 0.326123 -0.447027 0.687948 0.395668 0.274553 0.542950 -1.155210 1.109275 1.214130 -1.284031 0.952320 -1.027700 0.354357
1776409916.596745 jaka_arm_left success 0.282473 0.326163 -0.447037 0.688501 0.395385 0.274616 0.542423 -1.155549 1.109598 1.216094 -1.287528 0.955120 -1.022916 0.351451
1776409916.605151 jaka_arm_left success 0.282453 0.326139 -0.447043 0.688646 0.395259 0.274640 0.542319 -1.155549 1.109598 1.216094 -1.287528 0.955120 -1.022916 0.351451
1776409916.613507 jaka_arm_left success 0.282392 0.325926 -0.447100 0.688403 0.395333 0.273886 0.542954 -1.155371 1.109917 1.216658 -1.287589 0.954934 -1.023468 0.351043
1776409916.630120 jaka_arm_left success 0.282350 0.325890 -0.447073 0.689260 0.394618 0.274104 0.542278 -1.155400 1.109141 1.216690 -1.287950 0.955572 -1.023565 0.351661
1776409916.638511 jaka_arm_left success 0.282328 0.325841 -0.447055 0.689623 0.394521 0.274175 0.541850 -1.155180 1.108555 1.216671 -1.287974 0.956131 -1.023436 0.352015
1776409916.655135 jaka_arm_left success 0.282352 0.325708 -0.447062 0.689698 0.394342 0.274380 0.541781 -1.155180 1.108555 1.216671 -1.287974 0.956131 -1.023436 0.352015
1776409916.663491 jaka_arm_left success 0.282396 0.325414 -0.447115 0.689764 0.394456 0.275195 0.541200 -1.154233 1.109914 1.216091 -1.290100 0.957116 -1.021301 0.353343
1776409916.671789 jaka_arm_left success 0.282428 0.325339 -0.447067 0.690339 0.394314 0.275336 0.540499 -1.152978 1.109695 1.216446 -1.293372 0.958742 -1.018734 0.352211
1776409916.688431 jaka_arm_left success 0.282512 0.325089 -0.447095 0.690655 0.394298 0.275432 0.540057 -1.151534 1.110593 1.217386 -1.298358 0.961067 -1.013784 0.349632
1776409916.696804 jaka_arm_left success 0.282486 0.325028 -0.447077 0.691089 0.394229 0.275487 0.539524 -1.151442 1.110225 1.217426 -1.298456 0.961402 -1.013791 0.349857
1776409916.705126 jaka_arm_left success 0.282534 0.324936 -0.447100 0.691372 0.394039 0.275592 0.539247 -1.151146 1.109630 1.217368 -1.298984 0.961840 -1.013517 0.349804
1776409916.713407 jaka_arm_left success 0.282523 0.324964 -0.447074 0.692201 0.393555 0.275721 0.538471 -1.150069 1.108769 1.217834 -1.302277 0.963365 -1.011269 0.348083
1776409916.721747 jaka_arm_left success 0.282540 0.324898 -0.447056 0.692621 0.392993 0.275790 0.538305 -1.150158 1.108287 1.217826 -1.302567 0.963762 -1.011316 0.348521
1776409916.730103 jaka_arm_left success 0.282473 0.324711 -0.447086 0.692447 0.393375 0.275332 0.538485 -1.149905 1.108434 1.218041 -1.302396 0.963761 -1.011372 0.348275
1776409916.738482 jaka_arm_left success 0.282405 0.324632 -0.447054 0.692669 0.393488 0.275683 0.537936 -1.148306 1.109855 1.218448 -1.306543 0.965613 -1.007463 0.347310
1776409916.755132 jaka_arm_left success 0.282450 0.324432 -0.447094 0.692764 0.393088 0.276637 0.537617 -1.148655 1.109590 1.218126 -1.306873 0.965676 -1.007347 0.347706
1776409916.763453 jaka_arm_left success 0.282457 0.324314 -0.447118 0.692701 0.393055 0.277265 0.537399 -1.148587 1.110205 1.217443 -1.307599 0.965837 -1.006492 0.348681
1776409916.780097 jaka_arm_left success 0.282442 0.324258 -0.447079 0.693189 0.392965 0.277312 0.536810 -1.148095 1.109880 1.217385 -1.307518 0.966495 -1.006029 0.349020
