1776409986.349362 jaka_arm_right success 0.233065 -0.355965 -0.444158 0.459204 0.568602 0.569399 0.376308 0.994528 1.166792 -1.317750 -1.146305 -0.346784 1.063150 -0.834374
1776409986.357533 jaka_arm_right success 0.232856 -0.356000 -0.444044 0.461219 0.566892 0.569403 0.376418 0.994543 1.168587 -1.317123 -1.145680 -0.344986 1.062578 -0.833188
1776409986.365862 jaka_arm_right success 0.232754 -0.356222 -0.443909 0.461912 0.565475 0.569522 0.377518 0.994984 1.169847 -1.316110 -1.145468 -0.343434 1.062247 -0.832695
1776409986.374222 jaka_arm_right success 0.232579 -0.356537 -0.443825 0.462889 0.564673 0.568628 0.378867 0.993590 1.174462 -1.313584 -1.146004 -0.342544 1.061467 -0.836801
1776409986.382496 jaka_arm_right success 0.232474 -0.356824 -0.443653 0.464378 0.562481 0.567828 0.381497 0.992871 1.180026 -1.310584 -1.146743 -0.340609 1.060164 -0.840347
1776409986.390848 jaka_arm_right success 0.232225 -0.356949 -0.443430 0.465894 0.560252 0.568030 0.382626 0.993155 1.182759 -1.309118 -1.146922 -0.338172 1.059909 -0.839899
1776409986.399259 jaka_arm_right success 0.231855 -0.357427 -0.443319 0.466400 0.559609 0.567976 0.383030 0.993128 1.183305 -1.308471 -1.146646 -0.337476 1.059542 -0.839797
1776409986.407501 jaka_arm_right success 0.231644 -0.357854 -0.443157 0.466684 0.557965 0.568256 0.384664 0.992888 1.185901 -1.305943 -1.147439 -0.335439 1.060433 -0.841471
1776409986.415877 jaka_arm_right success 0.231301 -0.358182 -0.443019 0.467646 0.555858 0.569923 0.384079 0.991062 1.188117 -1.305710 -1.147825 -0.333124 1.063369 -0.839947
1776409986.424244 jaka_arm_right success 0.230933 -0.358546 -0.442829 0.469270 0.553370 0.570828 0.384347 0.990996 1.190733 -1.304948 -1.147393 -0.330337 1.063780 -0.838130
1776409986.432618 jaka_arm_right success 0.230672 -0.359030 -0.442773 0.469557 0.551853 0.572084 0.384310 0.989512 1.190866 -1.303832 -1.147101 -0.328251 1.067705 -0.837109
1776409986.440903 jaka_arm_right success 0.230564 -0.359804 -0.442675 0.468502 0.550335 0.573154 0.386174 0.994615 1.191497 -1.301446 -1.129996 -0.325597 1.084741 -0.842123
1776409986.449133 jaka_arm_right success 0.230093 -0.360099 -0.442547 0.470205 0.547858 0.574744 0.385264 0.994874 1.193954 -1.302447 -1.129925 -0.323651 1.085375 -0.839460
1776409986.457536 jaka_arm_right success 0.229714 -0.360640 -0.442355 0.471207 0.545513 0.575695 0.385946 0.995610 1.195954 -1.301446 -1.129795 -0.321018 1.085722 -0.837935
1776409986.465861 jaka_arm_right success 0.229526 -0.361260 -0.442241 0.471562 0.543416 0.576062 0.387918 0.994789 1.198160 -1.298059 -1.124620 -0.317991 1.093237 -0.840697
1776409986.474256 jaka_arm_right success 0.228980 -0.361742 -0.442051 0.472811 0.541703 0.576443 0.388229 0.995005 1.199713 -1.297691 -1.124243 -0.316417 1.093060 -0.839563
1776409986.482510 jaka_arm_right success 0.228443 -0.362237 -0.441854 0.474170 0.540800 0.575859 0.388697 0.994794 1.200774 -1.296900 -1.123454 -0.315203 1.092329 -0.839005
1776409986.490860 jaka_arm_right success 0.227960 -0.362823 -0.441551 0.474878 0.540363 0.574103 0.391030 0.994610 1.201686 -1.293100 -1.122747 -0.313612 1.091136 -0.841455
1776409986.499245 jaka_arm_right success 0.227222 -0.362962 -0.441269 0.477936 0.538879 0.572800 0.391262 0.987341 1.208119 -1.290541 -1.127600 -0.311598 1.088337 -0.843260
1776409986.507519 jaka_arm_right success 0.226580 -0.363497 -0.440967 0.478447 0.538946 0.571592 0.392313 0.986911 1.208161 -1.288563 -1.127775 -0.311065 1.086998 -0.844465
1776409986.515866 jaka_arm_right success 0.225781 -0.363885 -0.440592 0.480459 0.538497 0.569957 0.392848 0.976577 1.212078 -1.285236 -1.142858 -0.309888 1.076475 -0.844235
1776409986.524181 jaka_arm_right success 0.225049 -0.364298 -0.440254 0.481114 0.538139 0.569498 0.393202 0.976792 1.212344 -1.284616 -1.142894 -0.309157 1.076275 -0.843977
1776409986.532633 jaka_arm_right success 0.223894 -0.364521 -0.439817 0.483589 0.537555 0.569145 0.391472 0.969610 1.209881 -1.283623 -1.148676 -0.306871 1.071838 -0.837334
1776409986.540904 jaka_arm_right success 0.223072 -0.364901 -0.439425 0.483674 0.536867 0.569824 0.391324 0.970030 1.210348 -1.283678 -1.149104 -0.306354 1.072303 -0.836939
1776409986.549216 jaka_arm_right success 0.221903 -0.365366 -0.439074 0.484054 0.536925 0.569305 0.391529 0.964551 1.210974 -1.281007 -1.150505 -0.304782 1.074560 -0.837617
1776409986.557516 jaka_arm_right success 0.220627 -0.365717 -0.438653 0.484825 0.536221 0.569733 0.390916 0.960902 1.210267 -1.280217 -1.152168 -0.303032 1.076279 -0.835087
1776409986.565882 jaka_arm_right success 0.219580 -0.366341 -0.438353 0.482720 0.536815 0.569894 0.392469 0.959912 1.209930 -1.278606 -1.153466 -0.303347 1.078602 -0.837792
1776409986.574302 jaka_arm_right success 0.218021 -0.366433 -0.437961 0.483887 0.535344 0.570657 0.391932 0.954952 1.211657 -1.277018 -1.153751 -0.300849 1.082878 -0.836988
1776409986.582534 jaka_arm_right success 0.216685 -0.367054 -0.437650 0.481747 0.535953 0.570098 0.394541 0.952100 1.213644 -1.273366 -1.154379 -0.300752 1.087748 -0.843288
1776409986.590903 jaka_arm_right success 0.215029 -0.367277 -0.437256 0.481817 0.535754 0.570009 0.394855 0.949809 1.213955 -1.272217 -1.154121 -0.299966 1.090282 -0.843861
1776409986.599267 jaka_arm_right success 0.213624 -0.367587 -0.436880 0.481537 0.534475 0.569665 0.397417 0.946059 1.218812 -1.267786 -1.153994 -0.297990 1.095272 -0.849753
1776409986.607547 jaka_arm_right success 0.211926 -0.367830 -0.436460 0.481290 0.534316 0.569372 0.398350 0.942526 1.220110 -1.265597 -1.153488 -0.296837 1.099613 -0.851860
1776409986.615865 jaka_arm_right success 0.210349 -0.368018 -0.435985 0.481345 0.533622 0.569362 0.399228 0.938906 1.222361 -1.263340 -1.153012 -0.295183 1.104303 -0.853924
1776409986.624317 jaka_arm_right success 0.208624 -0.368336 -0.435511 0.481312 0.533756 0.568467 0.400360 0.935672 1.223131 -1.260979 -1.152525 -0.294977 1.106776 -0.856973
1776409986.640907 jaka_arm_right success 0.205460 -0.368938 -0.434489 0.479726 0.534412 0.568236 0.401715 0.928556 1.224182 -1.256588 -1.153425 -0.293181 1.114943 -0.860884
1776409986.649261 jaka_arm_right success 0.203964 -0.369466 -0.433924 0.477875 0.535679 0.567616 0.403108 0.925268 1.223216 -1.253998 -1.153196 -0.293773 1.119027 -0.864808
1776409986.657539 jaka_arm_right success 0.202380 -0.369827 -0.433377 0.477298 0.536961 0.566696 0.403381 0.921122 1.222368 -1.252056 -1.152483 -0.293821 1.122062 -0.866666
1776409986.665902 jaka_arm_right success 0.201118 -0.370515 -0.432822 0.474549 0.538458 0.565811 0.405862 0.918077 1.222826 -1.248477 -1.152689 -0.294391 1.127521 -0.873109
1776409986.674229 jaka_arm_right success 0.199316 -0.370808 -0.432233 0.475491 0.539092 0.564780 0.405354 0.915707 1.222427 -1.247879 -1.151610 -0.294297 1.127587 -0.872936
1776409986.682738 jaka_arm_right success 0.197794 -0.371430 -0.431692 0.474219 0.540846 0.563526 0.406252 0.911389 1.220612 -1.245093 -1.152280 -0.294603 1.130784 -0.875647
1776409986.691173 jaka_arm_right success 0.196316 -0.371884 -0.431121 0.473554 0.541413 0.563290 0.406598 0.906625 1.219887 -1.242640 -1.152930 -0.293729 1.134840 -0.876889
1776409986.699228 jaka_arm_right success 0.194739 -0.372553 -0.430608 0.473288 0.542551 0.562024 0.407144 0.903026 1.219230 -1.240606 -1.152735 -0.293765 1.136003 -0.878557
1776409986.707530 jaka_arm_right success 0.193406 -0.373107 -0.430029 0.472622 0.542847 0.562062 0.407471 0.899074 1.218414 -1.238348 -1.153754 -0.292818 1.139910 -0.879519
1776409986.715987 jaka_arm_right success 0.191950 -0.373878 -0.429572 0.471884 0.544094 0.561845 0.406961 0.894621 1.215744 -1.237209 -1.153641 -0.292763 1.142751 -0.878900
1776409986.732559 jaka_arm_right success 0.189303 -0.375509 -0.428598 0.470053 0.547112 0.560761 0.406530 0.886482 1.209613 -1.232891 -1.154105 -0.291938 1.148799 -0.878867
1776409986.740918 jaka_arm_right success 0.187970 -0.376368 -0.428143 0.469979 0.547746 0.560311 0.406382 0.884993 1.208667 -1.232503 -1.153815 -0.292336 1.149258 -0.879145
1776409986.749263 jaka_arm_right success 0.186626 -0.377324 -0.427733 0.469353 0.550225 0.558996 0.405566 0.878891 1.203847 -1.230116 -1.153772 -0.292171 1.152022 -0.878112
1776409986.757572 jaka_arm_right success 0.185587 -0.378261 -0.427218 0.469063 0.550785 0.558419 0.405936 0.876718 1.202770 -1.228029 -1.153701 -0.291630 1.152754 -0.878866
1776409986.766045 jaka_arm_right success 0.184239 -0.378990 -0.426733 0.470771 0.551273 0.557811 0.404128 0.870803 1.199236 -1.226814 -1.154181 -0.289740 1.154164 -0.874130
1776409986.774189 jaka_arm_right success 0.183284 -0.380257 -0.426255 0.470228 0.553451 0.555958 0.404337 0.866805 1.196435 -1.224509 -1.155659 -0.290422 1.153634 -0.875178
1776409986.782518 jaka_arm_right success 0.182259 -0.381384 -0.425762 0.470062 0.554162 0.555372 0.404362 0.862338 1.193855 -1.221976 -1.157328 -0.289242 1.154325 -0.873943
1776409986.790921 jaka_arm_right success 0.181000 -0.382315 -0.425292 0.472963 0.554454 0.553950 0.402525 0.853019 1.192010 -1.220342 -1.168770 -0.287657 1.145411 -0.867625
1776409986.799227 jaka_arm_right success 0.180215 -0.383619 -0.424908 0.472000 0.555646 0.553154 0.403106 0.852729 1.190787 -1.219355 -1.168591 -0.288426 1.144892 -0.869040
1776409986.807516 jaka_arm_right success 0.179360 -0.384813 -0.424478 0.472283 0.556228 0.552808 0.402445 0.849253 1.188035 -1.217708 -1.168378 -0.287450 1.145796 -0.867186
1776409986.824429 jaka_arm_right success 0.177518 -0.387231 -0.423622 0.473798 0.557433 0.552513 0.399391 0.842310 1.179649 -1.215539 -1.167680 -0.284138 1.147627 -0.858193
1776409986.832546 jaka_arm_right success 0.176847 -0.388604 -0.423281 0.473652 0.558195 0.552248 0.398867 0.840102 1.176467 -1.214758 -1.168059 -0.284467 1.148566 -0.857344
1776409986.840932 jaka_arm_right success 0.176249 -0.390005 -0.422894 0.473170 0.559007 0.552089 0.398521 0.836999 1.172588 -1.212875 -1.167727 -0.283101 1.149943 -0.854668
1776409986.849161 jaka_arm_right success 0.175199 -0.391105 -0.422330 0.476058 0.559566 0.550078 0.397075 0.828399 1.170846 -1.209849 -1.174707 -0.280943 1.144291 -0.850235
1776409986.857533 jaka_arm_right success 0.174774 -0.392349 -0.422010 0.475117 0.559567 0.552194 0.395260 0.827590 1.164953 -1.210940 -1.174969 -0.279921 1.147129 -0.844206
1776409986.865883 jaka_arm_right success 0.174314 -0.393477 -0.421534 0.475968 0.558946 0.552896 0.394131 0.825913 1.161811 -1.210128 -1.173625 -0.277691 1.148670 -0.839765
1776409986.874231 jaka_arm_right success 0.173591 -0.394661 -0.421009 0.477107 0.559679 0.551559 0.393587 0.824663 1.161095 -1.209406 -1.172480 -0.277929 1.147591 -0.839947
1776409986.882523 jaka_arm_right success 0.173166 -0.395892 -0.420595 0.476807 0.560026 0.552179 0.392587 0.822391 1.155557 -1.207524 -1.172319 -0.275455 1.150137 -0.835023
1776409986.890920 jaka_arm_right success 0.172786 -0.396968 -0.420044 0.477462 0.560149 0.552217 0.391560 0.820370 1.153717 -1.207886 -1.171471 -0.275109 1.150495 -0.832470
1776409986.899303 jaka_arm_right success 0.171930 -0.398094 -0.419361 0.479707 0.561725 0.549631 0.390194 0.810687 1.148802 -1.203334 -1.177796 -0.272795 1.144803 -0.827328
1776409986.907483 jaka_arm_right success 0.171937 -0.398901 -0.418892 0.478937 0.560201 0.552303 0.389560 0.811848 1.147347 -1.204885 -1.178908 -0.271249 1.147690 -0.823258
1776409986.915833 jaka_arm_right success 0.171814 -0.400066 -0.418304 0.477148 0.560869 0.553091 0.389674 0.812288 1.141810 -1.203417 -1.171644 -0.270234 1.156751 -0.822407
1776409986.924211 jaka_arm_right success 0.171362 -0.400891 -0.417710 0.477933 0.561571 0.552358 0.388740 0.811283 1.141118 -1.203453 -1.170738 -0.270730 1.155903 -0.822210
1776409986.932544 jaka_arm_right success 0.170987 -0.401603 -0.416964 0.478267 0.561599 0.553156 0.387150 0.809783 1.136829 -1.203376 -1.170427 -0.268904 1.156721 -0.816630
1776409986.940926 jaka_arm_right success 0.170787 -0.402403 -0.416242 0.478196 0.561336 0.553543 0.387067 0.809105 1.134700 -1.202618 -1.170893 -0.267782 1.158055 -0.814645
1776409986.949168 jaka_arm_right success 0.170498 -0.403139 -0.415525 0.477826 0.562085 0.553298 0.386787 0.806745 1.131072 -1.200794 -1.170541 -0.267203 1.158621 -0.813189
1776409986.957586 jaka_arm_right success 0.169964 -0.403550 -0.414615 0.479562 0.561413 0.553913 0.384729 0.803390 1.127946 -1.200711 -1.170849 -0.264338 1.159684 -0.806312
1776409986.965871 jaka_arm_right success 0.169916 -0.404210 -0.413743 0.478842 0.560973 0.554415 0.385542 0.804100 1.127766 -1.199523 -1.171534 -0.263598 1.160165 -0.806800
1776409986.974221 jaka_arm_right success 0.169671 -0.404734 -0.412802 0.478990 0.561006 0.554644 0.384981 0.800367 1.124840 -1.197719 -1.172840 -0.261703 1.162123 -0.803708
1776409986.982512 jaka_arm_right success 0.169374 -0.405186 -0.411796 0.478619 0.561564 0.555266 0.383730 0.796420 1.120046 -1.196680 -1.174154 -0.260546 1.163311 -0.799411
1776409986.991008 jaka_arm_right success 0.169226 -0.405696 -0.410719 0.478517 0.561947 0.554534 0.384356 0.793103 1.121115 -1.194285 -1.178109 -0.260099 1.162492 -0.801142
1776409986.999246 jaka_arm_right success 0.169271 -0.406205 -0.409735 0.476534 0.562605 0.556038 0.383683 0.793567 1.119302 -1.195389 -1.179871 -0.260859 1.164365 -0.800443
1776409987.015868 jaka_arm_right success 0.169134 -0.406374 -0.408580 0.476662 0.562530 0.556819 0.382501 0.791594 1.114817 -1.194635 -1.180679 -0.259141 1.165347 -0.795638
1776409987.024313 jaka_arm_right success 0.168828 -0.406478 -0.406273 0.476457 0.562749 0.558793 0.379542 0.784911 1.108263 -1.193529 -1.185447 -0.256153 1.167499 -0.787030
1776409987.040915 jaka_arm_right success 0.168429 -0.406835 -0.403424 0.476632 0.564714 0.556184 0.380235 0.767536 1.108366 -1.186220 -1.214425 -0.254999 1.149349 -0.784773
1776409987.049214 jaka_arm_right success 0.168406 -0.406652 -0.402143 0.476367 0.563903 0.558426 0.378482 0.767691 1.105862 -1.187726 -1.215415 -0.253964 1.150917 -0.780429
1776409987.057549 jaka_arm_right success 0.168637 -0.406936 -0.400812 0.473011 0.565503 0.558517 0.380165 0.768863 1.103213 -1.185703 -1.217048 -0.254989 1.152218 -0.783212
1776409987.065924 jaka_arm_right success 0.168339 -0.406510 -0.399314 0.474082 0.565509 0.559273 0.377703 0.763817 1.099002 -1.185335 -1.218152 -0.252836 1.153895 -0.776849
1776409987.074187 jaka_arm_right success 0.168615 -0.406684 -0.397810 0.471486 0.566202 0.559194 0.380024 0.764245 1.098529 -1.182771 -1.220048 -0.253203 1.154903 -0.780325
1776409987.082500 jaka_arm_right success 0.168732 -0.406764 -0.396121 0.469579 0.567395 0.558061 0.382265 0.758652 1.100979 -1.178309 -1.226822 -0.253407 1.154432 -0.785409
1776409987.090943 jaka_arm_right success 0.168901 -0.406811 -0.394540 0.467219 0.569307 0.558851 0.381158 0.757171 1.094516 -1.177605 -1.229712 -0.254010 1.155108 -0.782825
1776409987.099260 jaka_arm_right success 0.169074 -0.406882 -0.392883 0.464822 0.570821 0.558604 0.382185 0.753038 1.093446 -1.174472 -1.234625 -0.254291 1.156027 -0.785050
1776409987.107498 jaka_arm_right success 0.169295 -0.406537 -0.391144 0.463962 0.571022 0.558993 0.382360 0.749115 1.091006 -1.172205 -1.243710 -0.253100 1.151564 -0.782141
1776409987.115916 jaka_arm_right success 0.169382 -0.406155 -0.389316 0.463411 0.571924 0.559425 0.381047 0.742580 1.088571 -1.170149 -1.253756 -0.252288 1.147126 -0.778771
1776409987.124346 jaka_arm_right success 0.169248 -0.405594 -0.387333 0.463229 0.573380 0.560413 0.377613 0.734654 1.083212 -1.169660 -1.265447 -0.251687 1.142143 -0.771678
1776409987.132540 jaka_arm_right success 0.169502 -0.405582 -0.385490 0.460826 0.574974 0.560011 0.378724 0.731248 1.082841 -1.167635 -1.270958 -0.252970 1.141597 -0.774260
1776409987.149184 jaka_arm_right success 0.170209 -0.405226 -0.381503 0.457358 0.577334 0.559600 0.379945 0.721417 1.078068 -1.160302 -1.289796 -0.252295 1.134190 -0.773416
1776409987.157554 jaka_arm_right success 0.170512 -0.404907 -0.379376 0.456463 0.578096 0.559698 0.379716 0.717697 1.075113 -1.158745 -1.298813 -0.252005 1.128005 -0.770278
1776409987.165962 jaka_arm_right success 0.170712 -0.404484 -0.377266 0.456201 0.579149 0.559480 0.378746 0.708609 1.073627 -1.155326 -1.311875 -0.250891 1.121659 -0.767117
1776409987.174246 jaka_arm_right success 0.171128 -0.404151 -0.375038 0.455039 0.579964 0.559217 0.379286 0.704269 1.073076 -1.153072 -1.322805 -0.251190 1.115168 -0.766619
1776409987.182494 jaka_arm_right success 0.171466 -0.403622 -0.372954 0.454449 0.580767 0.558999 0.379085 0.697381 1.070228 -1.149179 -1.334597 -0.250145 1.109146 -0.763827
1776409987.190974 jaka_arm_right success 0.171933 -0.403210 -0.370676 0.453872 0.581443 0.558528 0.379434 0.693344 1.071521 -1.147749 -1.344995 -0.250486 1.103541 -0.763923
1776409987.199230 jaka_arm_right success 0.172352 -0.402792 -0.368408 0.453676 0.582275 0.557853 0.379386 0.684745 1.069415 -1.143352 -1.360946 -0.249311 1.093155 -0.760329
1776409987.207496 jaka_arm_right success 0.172708 -0.402127 -0.366123 0.454074 0.583495 0.557651 0.377327 0.675023 1.065558 -1.139895 -1.378730 -0.248184 1.080900 -0.754025
1776409987.215852 jaka_arm_right success 0.173208 -0.401547 -0.363896 0.454361 0.583933 0.557434 0.376625 0.668172 1.063436 -1.137699 -1.391912 -0.247563 1.071789 -0.749837
1776409987.224253 jaka_arm_right success 0.174113 -0.401007 -0.361575 0.453735 0.584137 0.557260 0.377319 0.664527 1.064447 -1.135813 -1.402048 -0.247285 1.066167 -0.749378
1776409987.232545 jaka_arm_right success 0.174805 -0.400562 -0.359346 0.453201 0.585302 0.557573 0.375689 0.657801 1.059010 -1.132626 -1.413372 -0.245666 1.058473 -0.743174
1776409987.240919 jaka_arm_right success 0.175288 -0.399945 -0.357071 0.453962 0.587171 0.557162 0.372450 0.646351 1.052895 -1.129130 -1.432950 -0.244830 1.044750 -0.735040
1776409987.249170 jaka_arm_right success 0.176343 -0.399534 -0.354798 0.453884 0.587561 0.557079 0.372054 0.643311 1.050505 -1.128075 -1.441941 -0.244485 1.037733 -0.731672
1776409987.257558 jaka_arm_right success 0.177056 -0.398743 -0.352524 0.456055 0.588120 0.556626 0.369183 0.629958 1.047005 -1.125057 -1.465685 -0.242641 1.020030 -0.721947
1776409987.266070 jaka_arm_right success 0.178147 -0.398074 -0.350222 0.457692 0.588192 0.556111 0.367817 0.624891 1.042804 -1.122672 -1.479477 -0.240986 1.006627 -0.715062
1776409987.274195 jaka_arm_right success 0.179270 -0.397397 -0.347982 0.459540 0.588335 0.555515 0.366180 0.614973 1.041446 -1.120384 -1.498861 -0.239641 0.990874 -0.708161
1776409987.282554 jaka_arm_right success 0.180423 -0.396898 -0.345701 0.460374 0.589325 0.554852 0.364541 0.606155 1.037505 -1.116941 -1.517720 -0.238771 0.975472 -0.701690
1776409987.290922 jaka_arm_right success 0.181755 -0.396339 -0.343496 0.460841 0.589644 0.554488 0.363991 0.603213 1.034682 -1.114907 -1.526866 -0.237721 0.966810 -0.697732
1776409987.299234 jaka_arm_right success 0.182668 -0.395402 -0.341036 0.463971 0.590339 0.553271 0.360724 0.588207 1.030124 -1.111517 -1.553092 -0.235724 0.944808 -0.686376
1776409987.307509 jaka_arm_right success 0.183864 -0.394724 -0.338909 0.464446 0.591579 0.553103 0.358332 0.582551 1.023754 -1.109096 -1.565771 -0.234858 0.933305 -0.679691
1776409987.315916 jaka_arm_right success 0.185511 -0.394094 -0.336821 0.462980 0.591898 0.554408 0.357685 0.583154 1.019210 -1.108822 -1.568900 -0.233860 0.931974 -0.676263
1776409987.324493 jaka_arm_right success 0.186841 -0.393257 -0.334656 0.463434 0.592999 0.554203 0.355585 0.575322 1.012808 -1.106032 -1.586620 -0.232894 0.917811 -0.668549
1776409987.332520 jaka_arm_right success 0.188267 -0.392489 -0.332467 0.462228 0.595010 0.554279 0.353671 0.570272 1.006457 -1.103734 -1.597243 -0.232742 0.909360 -0.663441
1776409987.340810 jaka_arm_right success 0.189581 -0.391315 -0.330289 0.463149 0.595693 0.554082 0.351618 0.564362 1.002474 -1.102548 -1.610915 -0.232112 0.897677 -0.657421
1776409987.349188 jaka_arm_right success 0.191238 -0.390325 -0.328172 0.461712 0.597210 0.553752 0.351455 0.560801 0.996462 -1.100238 -1.624269 -0.232822 0.886133 -0.653428
1776409987.357565 jaka_arm_right success 0.192698 -0.389266 -0.326085 0.460255 0.599226 0.552760 0.351497 0.556046 0.992504 -1.096427 -1.638968 -0.233597 0.873527 -0.650877
1776409987.365917 jaka_arm_right success 0.194210 -0.388062 -0.323920 0.459604 0.600931 0.551576 0.351297 0.551632 0.989663 -1.094561 -1.651906 -0.235548 0.862233 -0.649413
1776409987.374192 jaka_arm_right success 0.195655 -0.386542 -0.321763 0.459619 0.602272 0.550372 0.350871 0.545118 0.986721 -1.091744 -1.671177 -0.235768 0.844677 -0.644647
1776409987.382506 jaka_arm_right success 0.197283 -0.385358 -0.319783 0.457429 0.604816 0.548603 0.352123 0.541396 0.987483 -1.090503 -1.684290 -0.240066 0.834006 -0.647529
1776409987.390856 jaka_arm_right success 0.199020 -0.383860 -0.317762 0.456490 0.606075 0.547481 0.352924 0.538837 0.982954 -1.087136 -1.700039 -0.241031 0.817894 -0.644564
1776409987.399347 jaka_arm_right success 0.200692 -0.382437 -0.315832 0.455688 0.607823 0.546421 0.352596 0.535591 0.978259 -1.085511 -1.711773 -0.242302 0.806782 -0.641693
1776409987.407500 jaka_arm_right success 0.202512 -0.380990 -0.313882 0.453975 0.609600 0.545776 0.352737 0.533961 0.976501 -1.084576 -1.722832 -0.243756 0.796868 -0.640740
1776409987.415859 jaka_arm_right success 0.204115 -0.379289 -0.311869 0.454529 0.611118 0.544940 0.350684 0.525358 0.969206 -1.082473 -1.745700 -0.244495 0.775769 -0.632972
1776409987.424287 jaka_arm_right success 0.206220 -0.377871 -0.310084 0.451746 0.613192 0.545211 0.350237 0.526040 0.964296 -1.082559 -1.748750 -0.246082 0.773567 -0.632295
1776409987.440977 jaka_arm_right success 0.210222 -0.374939 -0.306494 0.447711 0.618223 0.544198 0.348144 0.520700 0.949335 -1.080747 -1.777064 -0.249904 0.746311 -0.624380
1776409987.449231 jaka_arm_right success 0.212413 -0.373428 -0.304791 0.445087 0.620792 0.544416 0.346593 0.521552 0.939466 -1.080417 -1.779556 -0.250712 0.742973 -0.620775
1776409987.457579 jaka_arm_right success 0.214278 -0.371731 -0.303100 0.443963 0.623869 0.543405 0.344087 0.516949 0.928641 -1.079406 -1.795818 -0.252144 0.725323 -0.613623
1776409987.465903 jaka_arm_right success 0.216308 -0.369922 -0.301466 0.442802 0.626251 0.543668 0.340825 0.514526 0.917449 -1.080020 -1.802805 -0.252461 0.717930 -0.606957
1776409987.474236 jaka_arm_right success 0.218882 -0.368361 -0.299978 0.439725 0.628406 0.543439 0.341207 0.517460 0.909478 -1.081232 -1.813278 -0.254868 0.705175 -0.604389
1776409987.482507 jaka_arm_right success 0.220902 -0.366594 -0.298464 0.439006 0.630800 0.542817 0.338694 0.513587 0.900071 -1.080753 -1.826141 -0.255943 0.691197 -0.598329
1776409987.490932 jaka_arm_right success 0.223211 -0.364829 -0.296995 0.437690 0.633194 0.542207 0.336905 0.512069 0.891266 -1.081576 -1.838045 -0.257239 0.677113 -0.592985
1776409987.499296 jaka_arm_right success 0.225746 -0.363222 -0.295640 0.435480 0.635811 0.541608 0.335801 0.512384 0.881325 -1.082867 -1.847585 -0.259143 0.664821 -0.588615
1776409987.507526 jaka_arm_right success 0.227847 -0.361355 -0.294203 0.436527 0.638059 0.540669 0.331665 0.506399 0.869189 -1.083044 -1.861628 -0.259162 0.646986 -0.579197
1776409987.515951 jaka_arm_right success 0.230484 -0.359742 -0.293004 0.434247 0.640342 0.540664 0.330262 0.508560 0.857638 -1.083870 -1.866495 -0.259448 0.639785 -0.574180
1776409987.524203 jaka_arm_right success 0.232988 -0.357865 -0.291792 0.434132 0.642089 0.540710 0.326929 0.508786 0.844553 -1.086729 -1.878896 -0.259105 0.622765 -0.565199
1776409987.532647 jaka_arm_right success 0.235459 -0.356187 -0.290633 0.433433 0.644590 0.540170 0.323815 0.506986 0.832742 -1.088436 -1.886954 -0.259253 0.610818 -0.558055
1776409987.540878 jaka_arm_right success 0.238065 -0.354459 -0.289578 0.432081 0.647008 0.540289 0.320585 0.507695 0.818682 -1.090409 -1.896365 -0.259128 0.597264 -0.550195
1776409987.549232 jaka_arm_right success 0.240588 -0.352821 -0.288595 0.431253 0.649789 0.539131 0.318016 0.506889 0.804181 -1.091620 -1.904187 -0.259851 0.583690 -0.543092
1776409987.557597 jaka_arm_right success 0.243014 -0.351131 -0.287723 0.429615 0.652655 0.539152 0.314306 0.507135 0.789319 -1.093515 -1.909993 -0.259082 0.574459 -0.535114
1776409987.565961 jaka_arm_right success 0.245694 -0.349478 -0.286884 0.427347 0.655181 0.539152 0.312133 0.509578 0.776607 -1.096479 -1.915988 -0.259716 0.563972 -0.529609
1776409987.574186 jaka_arm_right success 0.248253 -0.347757 -0.286135 0.425984 0.657545 0.539164 0.308991 0.511925 0.762651 -1.100048 -1.922343 -0.259512 0.553024 -0.522631
1776409987.582563 jaka_arm_right success 0.250762 -0.346092 -0.285512 0.425052 0.659842 0.538335 0.306814 0.513688 0.750387 -1.103594 -1.929832 -0.260475 0.539548 -0.517121
1776409987.590955 jaka_arm_right success 0.253289 -0.344208 -0.284860 0.425111 0.661589 0.537995 0.303551 0.515405 0.735270 -1.107082 -1.935955 -0.258362 0.526912 -0.507681
1776409987.599297 jaka_arm_right success 0.255770 -0.342535 -0.284306 0.424538 0.663760 0.537516 0.300444 0.516967 0.722153 -1.111684 -1.944469 -0.258542 0.511329 -0.500841
1776409987.607540 jaka_arm_right success 0.258482 -0.340855 -0.283797 0.423956 0.665626 0.536980 0.298087 0.520435 0.708974 -1.115403 -1.950139 -0.257560 0.499855 -0.494104
1776409987.615907 jaka_arm_right success 0.261176 -0.339281 -0.283307 0.423031 0.668167 0.535621 0.296156 0.522806 0.694887 -1.118801 -1.955759 -0.258013 0.486456 -0.488305
1776409987.624311 jaka_arm_right success 0.263704 -0.337520 -0.282871 0.423119 0.670483 0.534600 0.292619 0.524171 0.679022 -1.123609 -1.963479 -0.256239 0.470673 -0.478992
1776409987.632558 jaka_arm_right success 0.266226 -0.335809 -0.282489 0.423149 0.672364 0.533483 0.290290 0.526988 0.665362 -1.128127 -1.971979 -0.256133 0.453766 -0.472599
1776409987.640904 jaka_arm_right success 0.268622 -0.334029 -0.282126 0.423688 0.674429 0.532362 0.286748 0.528354 0.650817 -1.132649 -1.979528 -0.254048 0.438322 -0.463898
1776409987.657614 jaka_arm_right success 0.273424 -0.330469 -0.281631 0.423301 0.678928 0.530714 0.279671 0.532751 0.617351 -1.142254 -1.992429 -0.250650 0.410545 -0.447321
1776409987.665951 jaka_arm_right success 0.275896 -0.328787 -0.281509 0.422525 0.681126 0.529737 0.277341 0.536551 0.603707 -1.146835 -1.994977 -0.249219 0.400704 -0.441327
1776409987.674206 jaka_arm_right success 0.278306 -0.327040 -0.281402 0.421595 0.683362 0.529217 0.274232 0.541413 0.588708 -1.154303 -1.999060 -0.247740 0.389374 -0.434740
1776409987.682503 jaka_arm_right success 0.280666 -0.325282 -0.281346 0.420927 0.685197 0.529161 0.270765 0.547109 0.574063 -1.160667 -2.000750 -0.245030 0.381343 -0.427732
1776409987.691022 jaka_arm_right success 0.282861 -0.323514 -0.281425 0.420583 0.686705 0.529162 0.267457 0.554694 0.560241 -1.170068 -2.003460 -0.243070 0.371033 -0.421609
1776409987.699301 jaka_arm_right success 0.285182 -0.321770 -0.281549 0.420444 0.687408 0.529578 0.265036 0.563105 0.550423 -1.178441 -2.004986 -0.241050 0.364470 -0.417124
1776409987.707495 jaka_arm_right success 0.287199 -0.320048 -0.281627 0.421289 0.688902 0.528855 0.261233 0.568459 0.536308 -1.186463 -2.008075 -0.237923 0.353111 -0.409521
1776409987.715907 jaka_arm_right success 0.289598 -0.318295 -0.281729 0.422085 0.690158 0.527558 0.259247 0.576669 0.524276 -1.197186 -2.016316 -0.236178 0.334932 -0.403642
1776409987.724284 jaka_arm_right success 0.291590 -0.316361 -0.281768 0.424199 0.691620 0.526111 0.254801 0.580107 0.507177 -1.204961 -2.022118 -0.231833 0.318963 -0.393825
1776409987.732538 jaka_arm_right success 0.294002 -0.314793 -0.282055 0.423506 0.693800 0.524538 0.253268 0.588821 0.494384 -1.215789 -2.027237 -0.230848 0.303838 -0.389387
1776409987.740879 jaka_arm_right success 0.296123 -0.313006 -0.282311 0.425018 0.695211 0.522769 0.250508 0.594305 0.480502 -1.223394 -2.032495 -0.227602 0.289511 -0.382333
1776409987.749262 jaka_arm_right success 0.298167 -0.311160 -0.282622 0.426915 0.696755 0.520758 0.247158 0.599865 0.464631 -1.233614 -2.041268 -0.223998 0.269357 -0.374149
1776409987.757571 jaka_arm_right success 0.300235 -0.309404 -0.282955 0.428284 0.698501 0.518878 0.243794 0.606649 0.448606 -1.243601 -2.046926 -0.219902 0.253240 -0.366214
1776409987.766050 jaka_arm_right success 0.302378 -0.307685 -0.283398 0.428869 0.700343 0.517307 0.240802 0.616353 0.433447 -1.255818 -2.051060 -0.216261 0.239060 -0.359505
1776409987.774186 jaka_arm_right success 0.304588 -0.305955 -0.283920 0.430267 0.701857 0.515420 0.237927 0.625316 0.418557 -1.267507 -2.055720 -0.212391 0.223821 -0.352653
1776409987.782530 jaka_arm_right success 0.306757 -0.304326 -0.284474 0.429813 0.704377 0.514332 0.233614 0.642380 0.399204 -1.287061 -2.053668 -0.207516 0.215425 -0.345122
1776409987.790963 jaka_arm_right success 0.308838 -0.302622 -0.285034 0.430146 0.706239 0.513459 0.229262 0.651263 0.383877 -1.297196 -2.052643 -0.202334 0.210676 -0.337675
1776409987.799232 jaka_arm_right success 0.310907 -0.300872 -0.285650 0.430818 0.707987 0.512531 0.224638 0.665694 0.365753 -1.314284 -2.053847 -0.196586 0.200252 -0.329276
1776409987.807521 jaka_arm_right success 0.313000 -0.299200 -0.286387 0.431037 0.710014 0.511686 0.219692 0.687229 0.349906 -1.337613 -2.047402 -0.191187 0.197913 -0.322377
1776409987.815926 jaka_arm_right success 0.315129 -0.297721 -0.287125 0.430340 0.712129 0.511270 0.215135 0.706257 0.334460 -1.357532 -2.042969 -0.186148 0.197119 -0.315731
1776409987.824274 jaka_arm_right success 0.317315 -0.296066 -0.287991 0.430003 0.713769 0.511038 0.210880 0.730351 0.319710 -1.382497 -2.037934 -0.181178 0.194710 -0.309192
1776409987.840955 jaka_arm_right success 0.321309 -0.292796 -0.289726 0.430970 0.716982 0.509661 0.201115 0.780641 0.287078 -1.436966 -2.035683 -0.169008 0.182433 -0.292623
1776409987.849258 jaka_arm_right success 0.323168 -0.291243 -0.290565 0.431601 0.718848 0.507993 0.197284 0.800120 0.273896 -1.457553 -2.029861 -0.164413 0.182757 -0.285814
1776409987.857568 jaka_arm_right success 0.325083 -0.289634 -0.291498 0.431789 0.720781 0.506764 0.192932 0.824501 0.255115 -1.484444 -2.032608 -0.158461 0.172870 -0.276005
1776409987.865907 jaka_arm_right success 0.327003 -0.287853 -0.292431 0.432284 0.721956 0.506138 0.189034 0.866107 0.245525 -1.527003 -2.024702 -0.155287 0.173394 -0.269308
1776409987.874266 jaka_arm_right success 0.328965 -0.286278 -0.293403 0.432148 0.723807 0.504653 0.186217 0.901128 0.234431 -1.564355 -2.026278 -0.154239 0.163054 -0.263299
1776409987.882515 jaka_arm_right success 0.330746 -0.284469 -0.294353 0.433030 0.724501 0.503809 0.183737 0.945587 0.226615 -1.608605 -2.023141 -0.152797 0.157720 -0.255536
1776409987.890992 jaka_arm_right success 0.332417 -0.282851 -0.295303 0.433184 0.726111 0.502563 0.180400 0.978557 0.215488 -1.642943 -2.023068 -0.150997 0.152423 -0.246832
1776409987.899226 jaka_arm_right success 0.334191 -0.281211 -0.296326 0.432777 0.727324 0.501928 0.178245 1.025863 0.211206 -1.691716 -2.014439 -0.154649 0.151892 -0.240694
1776409987.907538 jaka_arm_right success 0.335828 -0.279499 -0.297247 0.433440 0.728396 0.501100 0.174549 1.072252 0.200267 -1.739406 -2.017781 -0.154489 0.143414 -0.227562
1776409987.915864 jaka_arm_right success 0.337424 -0.277785 -0.298279 0.433568 0.729900 0.499933 0.171268 1.126125 0.195521 -1.793663 -2.009283 -0.158991 0.143980 -0.215792
1776409987.924206 jaka_arm_right success 0.339094 -0.276209 -0.299314 0.432867 0.731387 0.499624 0.167558 1.191578 0.186807 -1.858395 -2.005834 -0.166238 0.143589 -0.198500
1776409987.932533 jaka_arm_right success 0.340801 -0.274582 -0.300402 0.431451 0.733109 0.499704 0.163393 1.261531 0.182585 -1.927052 -1.997602 -0.178467 0.147496 -0.178673
1776409987.940908 jaka_arm_right success 0.342502 -0.272888 -0.301555 0.430828 0.734471 0.499453 0.159645 1.325301 0.181980 -1.991536 -1.990900 -0.193534 0.148571 -0.158172
1776409987.949215 jaka_arm_right success 0.343927 -0.271293 -0.302515 0.430514 0.736392 0.498616 0.154163 1.391643 0.171050 -2.056480 -1.983871 -0.207827 0.156249 -0.127520
1776409987.957568 jaka_arm_right success 0.345590 -0.269710 -0.303672 0.429463 0.738094 0.497903 0.151232 1.468329 0.171718 -2.131440 -1.975067 -0.225153 0.157327 -0.105982
1776409987.965912 jaka_arm_right success 0.347086 -0.268004 -0.304805 0.429081 0.739415 0.497199 0.148148 1.530425 0.171370 -2.192272 -1.970334 -0.246521 0.157293 -0.078227
1776409987.974240 jaka_arm_right success 0.348561 -0.266552 -0.305867 0.427918 0.741659 0.495678 0.145367 1.590150 0.169392 -2.250414 -1.966785 -0.271567 0.157988 -0.048340
1776409987.982514 jaka_arm_right success 0.349818 -0.264824 -0.306916 0.428073 0.742947 0.494520 0.142247 1.647279 0.170347 -2.307390 -1.963816 -0.296718 0.156079 -0.016886
1776409987.990933 jaka_arm_right success 0.351169 -0.263255 -0.308055 0.427133 0.744420 0.493675 0.140289 1.699920 0.171318 -2.358896 -1.962299 -0.321083 0.153443 0.012760
1776409987.999370 jaka_arm_right success 0.352330 -0.261593 -0.309116 0.427474 0.745221 0.492726 0.138323 1.745635 0.176588 -2.403473 -1.956817 -0.342837 0.151969 0.037954
1776409988.007498 jaka_arm_right success 0.353586 -0.260170 -0.310303 0.426249 0.747215 0.491261 0.136545 1.801774 0.177702 -2.459319 -1.955470 -0.371934 0.150466 0.069804
1776409988.015871 jaka_arm_right success 0.354819 -0.258595 -0.311445 0.425274 0.748615 0.490455 0.134802 1.842786 0.181999 -2.499671 -1.950647 -0.393548 0.150496 0.092935
1776409988.024324 jaka_arm_right success 0.355912 -0.256711 -0.312562 0.425784 0.749201 0.489771 0.132402 1.882497 0.185938 -2.539132 -1.947636 -0.412931 0.148616 0.117349
1776409988.032537 jaka_arm_right success 0.357039 -0.255122 -0.313747 0.424734 0.750796 0.488409 0.131772 1.929977 0.189217 -2.586052 -1.947524 -0.437196 0.143221 0.144864
1776409988.041012 jaka_arm_right success 0.357991 -0.253353 -0.314849 0.424272 0.752544 0.486562 0.130109 1.969288 0.192541 -2.627472 -1.945291 -0.458331 0.139139 0.167974
1776409988.049188 jaka_arm_right success 0.359009 -0.251614 -0.316022 0.423111 0.754608 0.484481 0.129699 2.014835 0.196874 -2.673797 -1.943191 -0.482157 0.134597 0.193161
1776409988.057528 jaka_arm_right success 0.359946 -0.249718 -0.317121 0.422716 0.756207 0.482631 0.128568 2.078364 0.200920 -2.739685 -1.946962 -0.514057 0.122318 0.229954
1776409988.066006 jaka_arm_right success 0.360584 -0.247808 -0.318215 0.422570 0.757932 0.480705 0.126079 2.115773 0.204295 -2.780150 -1.943783 -0.532005 0.120994 0.251451
1776409988.074153 jaka_arm_right success 0.361488 -0.246078 -0.319395 0.421150 0.759792 0.479549 0.124021 2.170872 0.209933 -2.835516 -1.943354 -0.557360 0.117281 0.282345
1776409988.082522 jaka_arm_right success 0.362126 -0.244297 -0.320447 0.420658 0.761801 0.477935 0.119513 2.217334 0.214865 -2.882915 -1.938775 -0.578104 0.121803 0.310939
1776409988.090961 jaka_arm_right success 0.363054 -0.242672 -0.321600 0.419276 0.763173 0.477560 0.117096 2.232413 0.220914 -2.896029 -1.929154 -0.584569 0.130099 0.318313
1776409988.099191 jaka_arm_right success 0.363733 -0.241064 -0.322729 0.418705 0.764367 0.477159 0.112907 2.258820 0.225685 -2.918820 -1.921070 -0.594375 0.140936 0.334704
1776409988.107527 jaka_arm_right success 0.364488 -0.239668 -0.324007 0.416694 0.766000 0.477122 0.109388 2.275768 0.233793 -2.934811 -1.912384 -0.602832 0.149331 0.344440
1776409988.115839 jaka_arm_right success 0.365289 -0.238154 -0.325258 0.415950 0.766609 0.477797 0.104908 2.282020 0.240328 -2.937325 -1.902012 -0.602262 0.163156 0.348512
1776409988.124243 jaka_arm_right success 0.365877 -0.236658 -0.326454 0.416357 0.766834 0.478053 0.100386 2.292929 0.247209 -2.945077 -1.891146 -0.603832 0.175233 0.357203
1776409988.132610 jaka_arm_right success 0.366606 -0.235307 -0.327726 0.415904 0.767335 0.478710 0.095169 2.300823 0.253462 -2.949754 -1.880644 -0.604398 0.189695 0.362970
1776409988.140819 jaka_arm_right success 0.367359 -0.234013 -0.329077 0.414699 0.768095 0.479493 0.090227 2.308519 0.261592 -2.953379 -1.868205 -0.605143 0.205212 0.367665
1776409988.149183 jaka_arm_right success 0.368073 -0.232667 -0.330422 0.414927 0.768326 0.479962 0.084537 2.316053 0.269302 -2.957437 -1.855575 -0.604750 0.220417 0.374109
1776409988.157560 jaka_arm_right success 0.368859 -0.231354 -0.331979 0.415088 0.768818 0.479980 0.078989 2.326460 0.276399 -2.963838 -1.842283 -0.606011 0.236983 0.382945
1776409988.165909 jaka_arm_right success 0.369581 -0.229950 -0.333384 0.415906 0.768443 0.480886 0.072568 2.333508 0.286254 -2.967955 -1.829263 -0.604748 0.251058 0.390632
1776409988.174256 jaka_arm_right success 0.370538 -0.228835 -0.335015 0.415851 0.769073 0.480653 0.067583 2.343915 0.292930 -2.974252 -1.816038 -0.606976 0.267138 0.399024
1776409988.182518 jaka_arm_right success 0.371421 -0.227602 -0.336642 0.417057 0.769321 0.480083 0.061063 2.357428 0.301132 -2.983667 -1.802217 -0.609816 0.283326 0.412643
1776409988.190952 jaka_arm_right success 0.372524 -0.226450 -0.338432 0.418312 0.769703 0.479121 0.054902 2.380343 0.312180 -3.002938 -1.790668 -0.621085 0.293341 0.436532
1776409988.199250 jaka_arm_right success 0.373427 -0.225265 -0.340014 0.420265 0.770032 0.477675 0.047489 2.401089 0.321278 -3.022243 -1.780180 -0.630835 0.305151 0.461267
1776409988.207499 jaka_arm_right success 0.374535 -0.224199 -0.341814 0.421935 0.770621 0.475849 0.041018 2.411949 0.329016 -3.028090 -1.761711 -0.631424 0.326101 0.471262
1776409988.215845 jaka_arm_right success 0.375565 -0.223017 -0.343629 0.423719 0.770799 0.474525 0.034013 2.425669 0.337079 -3.038145 -1.747443 -0.634627 0.343294 0.486909
1776409988.224229 jaka_arm_right success 0.376584 -0.221806 -0.345506 0.425560 0.770964 0.473046 0.027208 2.442944 0.348953 -3.051655 -1.733515 -0.641687 0.356022 0.506802
1776409988.232532 jaka_arm_right success 0.377650 -0.220754 -0.347396 0.426925 0.771535 0.471224 0.020382 2.452680 0.359664 -3.059422 -1.716363 -0.643449 0.372970 0.518343
1776409988.240905 jaka_arm_right success 0.378609 -0.219849 -0.349218 0.428455 0.772312 0.468849 0.011893 2.472042 0.370726 -3.072253 -1.698269 -0.649302 0.395085 0.539373
1776409988.249253 jaka_arm_right success 0.379505 -0.218956 -0.351043 0.430338 0.772898 0.466276 0.004921 2.487033 0.379721 -3.085835 -1.686850 -0.656487 0.408082 0.559033
1776409988.257558 jaka_arm_right success 0.380633 -0.217942 -0.353137 -0.431544 -0.772958 -0.465083 0.001866 2.496103 0.389764 -3.090558 -1.670435 -0.656107 0.426098 0.568774
1776409988.265938 jaka_arm_right success 0.381612 -0.217048 -0.355056 -0.432995 -0.772904 -0.463728 0.009494 2.504997 0.400306 -3.095277 -1.652831 -0.654912 0.445908 0.578891
1776409988.274239 jaka_arm_right success 0.382539 -0.216339 -0.356966 -0.433706 -0.773623 -0.461591 0.018429 2.517155 0.410724 -3.100724 -1.631937 -0.653630 0.473363 0.590900
1776409988.282515 jaka_arm_right success 0.383350 -0.215454 -0.358775 -0.435538 -0.773485 -0.459703 0.026479 2.524440 0.423735 -3.105947 -1.613058 -0.652820 0.491345 0.600609
1776409988.290900 jaka_arm_right success 0.384396 -0.214701 -0.360846 -0.435595 -0.773593 -0.459075 0.032576 2.528364 0.434270 -3.105579 -1.593082 -0.647509 0.512675 0.602975
1776409988.299202 jaka_arm_right success 0.385273 -0.213844 -0.362692 -0.436711 -0.773287 -0.458008 0.039233 2.530059 0.443431 -3.105551 -1.574735 -0.642029 0.531740 0.604635
1776409988.307491 jaka_arm_right success 0.385942 -0.213015 -0.364376 -0.438354 -0.773090 -0.456250 0.044861 2.533616 0.453870 -3.109461 -1.561159 -0.641738 0.541901 0.610875
1776409988.315831 jaka_arm_right success 0.386619 -0.212279 -0.366016 -0.439909 -0.773108 -0.454290 0.049034 2.539437 0.461267 -3.113722 -1.547670 -0.641865 0.554123 0.618653
1776409988.324301 jaka_arm_right success 0.387110 -0.211369 -0.367532 -0.441865 -0.772635 -0.452778 0.052754 2.538964 0.465416 -3.116690 -1.542814 -0.640899 0.557096 0.622969
1776409988.332554 jaka_arm_right success 0.387621 -0.210399 -0.369108 -0.443030 -0.772276 -0.452025 0.054662 2.539397 0.471318 -3.118962 -1.537036 -0.641171 0.558315 0.626133
1776409988.340918 jaka_arm_right success 0.387902 -0.209402 -0.370282 -0.445426 -0.771815 -0.450033 0.058025 2.544425 0.479327 -3.124047 -1.526976 -0.642392 0.563728 0.635513
1776409988.349206 jaka_arm_right success 0.388505 -0.208614 -0.371811 -0.444632 -0.772365 -0.449913 0.057738 2.544467 0.480797 -3.124615 -1.526685 -0.643529 0.563977 0.634818
1776409988.357526 jaka_arm_right success 0.388878 -0.207702 -0.373010 -0.445899 -0.772410 -0.448484 0.058467 2.544003 0.486710 -3.127585 -1.521601 -0.645144 0.561499 0.637839
1776409988.365960 jaka_arm_right success 0.389339 -0.206708 -0.374422 -0.446462 -0.772003 -0.448630 0.058435 2.543356 0.491949 -3.128461 -1.518675 -0.645639 0.558353 0.639122
1776409988.374312 jaka_arm_right success 0.389714 -0.205806 -0.375586 -0.446797 -0.771898 -0.448305 0.059734 2.542489 0.493370 -3.129416 -1.518491 -0.645319 0.558925 0.639949
1776409988.382550 jaka_arm_right success 0.390087 -0.204923 -0.376615 -0.448246 -0.771481 -0.447475 0.060480 2.542559 0.501130 -3.132245 -1.512344 -0.646657 0.555657 0.643849
1776409988.390935 jaka_arm_right success 0.390341 -0.203960 -0.377555 -0.449801 -0.770711 -0.447159 0.061090 2.542103 0.502106 -3.132968 -1.510999 -0.645839 0.554794 0.645964
1776409988.399228 jaka_arm_right success 0.390856 -0.203150 -0.378719 -0.449282 -0.770656 -0.447877 0.060333 2.541981 0.505695 -3.132431 -1.510021 -0.646301 0.551969 0.645503
1776409988.407488 jaka_arm_right success 0.391298 -0.202256 -0.379697 -0.450317 -0.770061 -0.447910 0.059966 2.539186 0.510959 -3.133361 -1.507429 -0.646353 0.546178 0.646439
1776409988.415844 jaka_arm_right success 0.391640 -0.201419 -0.380479 -0.450910 -0.769376 -0.448392 0.060707 2.538707 0.511785 -3.133057 -1.507582 -0.645113 0.545911 0.647320
1776409988.424473 jaka_arm_right success 0.392019 -0.200422 -0.381380 -0.452277 -0.768395 -0.448810 0.059867 2.534839 0.517514 -3.132949 -1.505553 -0.644613 0.537768 0.647385
1776409988.432590 jaka_arm_right success 0.392409 -0.199579 -0.382157 -0.453062 -0.767982 -0.448769 0.059540 2.534091 0.518163 -3.132860 -1.505052 -0.644130 0.535985 0.647910
1776409988.440896 jaka_arm_right success 0.392796 -0.198630 -0.382916 -0.453519 -0.767446 -0.449263 0.059246 2.531870 0.521233 -3.133043 -1.504251 -0.644126 0.531558 0.647847
1776409988.449265 jaka_arm_right success 0.393016 -0.197665 -0.383513 -0.455130 -0.766548 -0.449096 0.059791 2.529765 0.524542 -3.133567 -1.503817 -0.643119 0.527552 0.649583
1776409988.457550 jaka_arm_right success 0.393521 -0.196808 -0.384371 -0.455619 -0.765990 -0.449752 0.058257 2.526573 0.528834 -3.133246 -1.503747 -0.643724 0.518793 0.648766
1776409988.465926 jaka_arm_right success 0.393911 -0.196014 -0.385099 -0.456247 -0.765884 -0.449420 0.057286 2.524872 0.530716 -3.134724 -1.505502 -0.645399 0.511837 0.649655
1776409988.474215 jaka_arm_right success 0.394284 -0.195200 -0.385773 -0.456706 -0.765376 -0.449829 0.057211 2.524717 0.530786 -3.134444 -1.505471 -0.644604 0.511509 0.650328
1776409988.482810 jaka_arm_right success 0.394717 -0.194268 -0.386567 -0.457900 -0.764883 -0.449445 0.057279 2.523385 0.535709 -3.136624 -1.504926 -0.645807 0.504768 0.652992
1776409988.490970 jaka_arm_right success 0.395229 -0.193495 -0.387608 -0.457319 -0.764936 -0.450078 0.056229 2.523591 0.536658 -3.136014 -1.504867 -0.646362 0.502980 0.652243
1776409988.499266 jaka_arm_right success 0.395572 -0.192637 -0.388231 -0.459002 -0.764658 -0.448692 0.057358 2.522651 0.542189 -3.139790 -1.502251 -0.647691 0.498568 0.656328
1776409988.507502 jaka_arm_right success 0.396070 -0.191872 -0.389121 -0.458736 -0.765007 -0.448274 0.058105 2.524396 0.545523 -3.141796 -1.500892 -0.648973 0.498708 0.658640
1776409988.515883 jaka_arm_right success 0.396543 -0.190982 -0.390065 -0.458969 -0.764875 -0.448351 0.057399 2.524191 0.547121 -3.142327 -1.499486 -0.649762 0.496060 0.659074
1776409988.524215 jaka_arm_right success 0.396854 -0.190045 -0.390741 -0.460125 -0.765070 -0.446726 0.058219 2.530569 0.553771 -3.150399 -1.496784 -0.654673 0.493475 0.669089
1776409988.532529 jaka_arm_right success 0.397282 -0.189126 -0.391656 -0.460163 -0.765675 -0.445659 0.058135 2.531405 0.557478 -3.153637 -1.495742 -0.657457 0.489679 0.671621
1776409988.540881 jaka_arm_right success 0.397502 -0.188214 -0.392323 -0.461679 -0.766360 -0.443022 0.057245 2.546709 0.559332 -3.169735 -1.502241 -0.668996 0.480473 0.692218
1776409988.549207 jaka_arm_right success 0.397828 -0.187204 -0.393113 -0.461834 -0.767182 -0.441544 0.056396 2.547819 0.562711 -3.176147 -1.505008 -0.674769 0.470634 0.697050
1776409988.557559 jaka_arm_right success 0.398143 -0.186323 -0.393817 -0.462546 -0.768452 -0.438820 0.054492 2.562687 0.565837 -3.192140 -1.510881 -0.687164 0.460418 0.715454
1776409988.565939 jaka_arm_right success 0.398500 -0.185461 -0.394711 -0.462480 -0.769845 -0.436808 0.051480 2.564040 0.567273 -3.201833 -1.519047 -0.696689 0.444039 0.721508
1776409988.574247 jaka_arm_right success 0.398744 -0.184454 -0.395486 -0.462150 -0.771008 -0.435252 0.050202 2.573063 0.572081 -3.211257 -1.519572 -0.704516 0.438119 0.731171
1776409988.582530 jaka_arm_right success 0.398841 -0.183562 -0.396024 -0.462761 -0.772309 -0.432319 0.049918 2.587982 0.573418 -3.228049 -1.525015 -0.715565 0.431726 0.749449
1776409988.590940 jaka_arm_right success 0.398932 -0.182531 -0.396607 -0.463859 -0.772866 -0.430291 0.048618 2.595336 0.576610 -3.242697 -1.534961 -0.726283 0.414843 0.763536
1776409988.607512 jaka_arm_right success 0.399221 -0.180716 -0.397877 -0.463342 -0.775464 -0.426497 0.045496 2.613773 0.582433 -3.265919 -1.539805 -0.743413 0.401369 0.784667
1776409988.615911 jaka_arm_right success 0.399287 -0.179696 -0.398431 -0.462742 -0.776391 -0.425586 0.044299 2.613019 0.584148 -3.271363 -1.544993 -0.748518 0.390808 0.787233
1776409988.624294 jaka_arm_right success 0.399346 -0.178854 -0.398964 -0.461977 -0.778076 -0.423614 0.041562 2.628448 0.589229 -3.290740 -1.551841 -0.762683 0.376241 0.804862
1776409988.632560 jaka_arm_right success 0.399184 -0.177721 -0.399173 -0.462015 -0.778802 -0.422285 0.041040 2.629975 0.590759 -3.297287 -1.555587 -0.767467 0.368754 0.809127
1776409988.640864 jaka_arm_right success 0.399112 -0.176852 -0.399495 -0.461265 -0.780263 -0.420644 0.038523 2.645919 0.593187 -3.317301 -1.565294 -0.781136 0.354248 0.826914
1776409988.649205 jaka_arm_right success 0.399044 -0.175953 -0.399833 -0.459860 -0.781616 -0.419941 0.035432 2.644986 0.592786 -3.320903 -1.570545 -0.786778 0.344688 0.825873
1776409988.657583 jaka_arm_right success 0.398800 -0.174868 -0.399915 -0.460100 -0.782228 -0.418696 0.033480 2.661154 0.594196 -3.343681 -1.584549 -0.800259 0.325743 0.846614
1776409988.665872 jaka_arm_right success 0.398613 -0.173819 -0.400079 -0.460131 -0.783019 -0.417407 0.030520 2.670267 0.594544 -3.359297 -1.593263 -0.810436 0.310756 0.857776
1776409988.674249 jaka_arm_right success 0.398621 -0.173088 -0.400347 -0.457809 -0.784909 -0.416634 0.027304 2.673372 0.598786 -3.366648 -1.595803 -0.817963 0.300260 0.860036
1776409988.682515 jaka_arm_right success 0.398363 -0.172000 -0.400419 -0.458345 -0.785414 -0.415246 0.024804 2.692190 0.600786 -3.394837 -1.610915 -0.832678 0.277390 0.882891
1776409988.699239 jaka_arm_right success 0.398111 -0.169949 -0.400687 -0.457843 -0.787221 -0.412640 0.019757 2.717120 0.607100 -3.434567 -1.627825 -0.853800 0.244391 0.910911
1776409988.707524 jaka_arm_right success 0.397943 -0.168980 -0.400793 -0.457622 -0.787884 -0.411729 0.017336 2.727444 0.609944 -3.453050 -1.634362 -0.862380 0.229081 0.922114
1776409988.715880 jaka_arm_right success 0.397790 -0.167855 -0.400876 -0.458047 -0.788738 -0.409720 0.014667 2.748472 0.619396 -3.484857 -1.641561 -0.873678 0.206844 0.944204
1776409988.724283 jaka_arm_right success 0.397834 -0.166862 -0.401119 -0.457428 -0.789770 -0.408548 0.010580 2.761044 0.617850 -3.508649 -1.656023 -0.884833 0.183943 0.954490
1776409988.732600 jaka_arm_right success 0.397623 -0.165809 -0.401071 -0.457942 -0.791097 -0.405459 0.007566 2.796880 0.629201 -3.555900 -1.665792 -0.895943 0.160044 0.983835
1776409988.740937 jaka_arm_right success 0.397600 -0.164687 -0.401251 -0.457660 -0.792465 -0.403163 0.002608 2.824674 0.639670 -3.606445 -1.681941 -0.909994 0.118940 1.007582
1776409988.749321 jaka_arm_right success 0.397571 -0.163687 -0.401376 0.456793 0.794271 0.400584 0.002628 2.857520 0.652122 -3.660166 -1.695407 -0.919150 0.081464 1.028651
1776409988.757530 jaka_arm_right success 0.397372 -0.162540 -0.401377 0.457640 0.795594 0.396921 0.006986 2.899521 0.669516 -3.727496 -1.710729 -0.921044 0.038159 1.052844
1776409988.765861 jaka_arm_right success 0.397314 -0.161313 -0.401487 0.458038 0.796778 0.393979 0.011223 2.934026 0.689333 -3.786120 -1.723666 -0.916451 -0.002904 1.068659
1776409988.774170 jaka_arm_right success 0.397226 -0.160144 -0.401581 0.459060 0.797645 0.390813 0.017095 2.973866 0.713243 -3.856443 -1.740796 -0.903524 -0.056192 1.080469
1776409988.782561 jaka_arm_right success 0.397169 -0.159016 -0.401698 0.459745 0.798396 0.388265 0.021188 3.001058 0.733065 -3.905439 -1.752910 -0.887429 -0.094464 1.083469
1776409988.790940 jaka_arm_right success 0.397157 -0.158069 -0.401791 0.459730 0.799676 0.385436 0.024624 3.020052 0.752520 -3.943551 -1.760532 -0.871054 -0.126229 1.082558
1776409988.799211 jaka_arm_right success 0.396996 -0.156872 -0.401804 0.461713 0.799839 0.382591 0.026508 3.044768 0.771025 -3.982789 -1.772003 -0.848453 -0.153166 1.082717
1776409988.807526 jaka_arm_right success 0.397203 -0.156112 -0.402187 0.460412 0.801097 0.381212 0.030682 3.053480 0.782501 -4.001894 -1.775668 -0.839176 -0.173536 1.078051
1776409988.824256 jaka_arm_right success 0.397558 -0.154541 -0.402582 0.460127 0.802502 0.378043 0.036831 3.077818 0.810670 -4.051665 -1.792435 -0.809805 -0.221320 1.068953
1776409988.832600 jaka_arm_right success 0.397529 -0.153667 -0.402640 0.461611 0.802189 0.376749 0.038321 3.080518 0.819585 -4.059389 -1.791522 -0.800483 -0.230518 1.069191
1776409988.840897 jaka_arm_right success 0.397781 -0.152887 -0.402965 0.461299 0.802570 0.375915 0.042101 3.090153 0.834707 -4.083915 -1.801952 -0.783521 -0.259951 1.060553
1776409988.849198 jaka_arm_right success 0.397803 -0.152015 -0.402896 0.462296 0.802870 0.373826 0.044009 3.101324 0.847335 -4.100116 -1.807822 -0.766614 -0.274882 1.057920
1776409988.857561 jaka_arm_right success 0.397802 -0.151016 -0.403109 0.462651 0.802819 0.373098 0.047257 3.101360 0.855984 -4.112001 -1.813107 -0.756930 -0.295856 1.052432
1776409988.865922 jaka_arm_right success 0.397825 -0.150299 -0.403154 0.462743 0.803917 0.370128 0.050903 3.118617 0.876661 -4.141659 -1.827530 -0.730035 -0.325458 1.042103
1776409988.874189 jaka_arm_right success 0.397887 -0.149456 -0.403147 0.462148 0.804981 0.368327 0.052538 3.124198 0.885824 -4.151319 -1.829233 -0.720222 -0.332902 1.038991
1776409988.882536 jaka_arm_right success 0.397946 -0.148705 -0.403270 0.462390 0.805562 0.366109 0.056829 3.134101 0.902668 -4.173296 -1.841769 -0.698278 -0.361875 1.029546
1776409988.890952 jaka_arm_right success 0.398065 -0.147842 -0.403449 0.462361 0.806056 0.364546 0.060022 3.134881 0.914101 -4.180899 -1.841943 -0.687356 -0.375637 1.026009
1776409988.899304 jaka_arm_right success 0.398009 -0.146898 -0.403515 0.464257 0.805755 0.362286 0.063031 3.143374 0.931277 -4.197130 -1.851835 -0.663853 -0.398546 1.020494
1776409988.915871 jaka_arm_right success 0.398327 -0.145713 -0.403987 0.463684 0.806907 0.359689 0.067242 3.149245 0.948249 -4.214751 -1.861190 -0.644563 -0.424569 1.010170
1776409988.924325 jaka_arm_right success 0.398562 -0.145317 -0.404223 0.463613 0.807253 0.358725 0.068713 3.151043 0.953405 -4.218194 -1.860937 -0.639113 -0.428523 1.008746
1776409988.932536 jaka_arm_right success 0.398738 -0.144857 -0.404572 0.463592 0.807796 0.357229 0.070246 3.152628 0.961671 -4.223177 -1.862128 -0.630375 -0.436023 1.006646
1776409988.940922 jaka_arm_right success 0.398980 -0.144348 -0.404834 0.464920 0.807597 0.355719 0.071417 3.156340 0.971077 -4.229585 -1.864276 -0.618077 -0.444239 1.005046
1776409988.949198 jaka_arm_right success 0.399187 -0.144047 -0.405096 0.465287 0.808403 0.353290 0.071958 3.161774 0.977666 -4.235932 -1.865920 -0.609045 -0.446093 1.003720
1776409988.957554 jaka_arm_right success 0.399326 -0.143520 -0.405445 0.466446 0.808490 0.351731 0.071120 3.163238 0.983308 -4.238423 -1.866109 -0.601869 -0.447325 1.004662
1776409988.965880 jaka_arm_right success 0.399544 -0.143178 -0.405828 0.466893 0.809264 0.349135 0.072167 3.167564 0.993658 -4.246279 -1.867365 -0.589843 -0.452993 1.002523
1776409988.974166 jaka_arm_right success 0.399867 -0.142657 -0.406458 0.467561 0.809792 0.346880 0.072793 3.169961 1.002554 -4.250534 -1.866329 -0.580116 -0.455888 1.002461
1776409988.982546 jaka_arm_right success 0.400244 -0.142489 -0.407032 0.466536 0.811218 0.344977 0.072521 3.169699 1.003754 -4.253228 -1.865775 -0.580277 -0.454766 1.000860
1776409988.990880 jaka_arm_right success 0.400460 -0.142172 -0.407601 0.466754 0.812176 0.342413 0.072556 3.175816 1.014897 -4.258193 -1.863826 -0.568528 -0.453525 1.001549
1776409989.007501 jaka_arm_right success 0.400840 -0.141339 -0.408740 0.468188 0.813703 0.336773 0.072604 3.182534 1.033234 -4.268910 -1.862551 -0.547333 -0.456000 1.002268
1776409989.015874 jaka_arm_right success 0.401186 -0.141292 -0.409483 0.466705 0.815594 0.334005 0.073713 3.186724 1.042198 -4.274955 -1.860359 -0.540549 -0.455460 1.000106
1776409989.024252 jaka_arm_right success 0.401351 -0.141031 -0.410154 0.466363 0.816733 0.331680 0.073759 3.188326 1.048217 -4.278959 -1.859287 -0.535452 -0.455104 0.999304
1776409989.032539 jaka_arm_right success 0.401530 -0.140738 -0.410800 0.466481 0.817809 0.328345 0.075984 3.192780 1.063941 -4.289888 -1.863418 -0.518359 -0.468455 0.995874
1776409989.041044 jaka_arm_right success 0.401482 -0.140281 -0.411243 0.467674 0.818451 0.325104 0.075680 3.197924 1.072562 -4.294466 -1.862337 -0.507418 -0.465564 0.997771
1776409989.049206 jaka_arm_right success 0.401761 -0.140310 -0.411862 0.466155 0.820146 0.322599 0.077395 3.199746 1.082119 -4.300237 -1.861346 -0.500247 -0.469360 0.995214
1776409989.057560 jaka_arm_right success 0.401664 -0.139870 -0.412293 0.467006 0.820820 0.319992 0.075930 3.202818 1.086628 -4.303828 -1.861409 -0.493993 -0.466219 0.996326
1776409989.065877 jaka_arm_right success 0.401840 -0.140019 -0.412784 0.465302 0.822436 0.318268 0.076152 3.202932 1.088493 -4.306531 -1.860790 -0.494550 -0.465124 0.994226
1776409989.074219 jaka_arm_right success 0.401951 -0.139802 -0.413135 0.465005 0.822816 0.318361 0.073417 3.204900 1.091052 -4.305015 -1.860650 -0.493061 -0.459558 0.996142
1776409989.082512 jaka_arm_right success 0.402021 -0.139606 -0.413483 0.465592 0.822248 0.319401 0.071525 3.202926 1.086486 -4.299033 -1.854284 -0.498042 -0.448752 1.000051
1776409989.090973 jaka_arm_right success 0.402254 -0.139907 -0.413739 0.463720 0.823299 0.319964 0.069036 3.201804 1.077700 -4.293644 -1.847966 -0.509856 -0.432704 1.001312
1776409989.099241 jaka_arm_right success 0.402269 -0.139882 -0.413771 0.463285 0.823412 0.320980 0.065816 3.200324 1.069999 -4.284956 -1.840925 -0.519256 -0.415327 1.005534
1776409989.107532 jaka_arm_right success 0.402333 -0.139754 -0.413862 0.463175 0.822895 0.322984 0.063203 3.192794 1.061922 -4.277163 -1.837706 -0.529893 -0.409654 1.006552
1776409989.115872 jaka_arm_right success 0.402307 -0.139644 -0.413692 0.463734 0.822367 0.323851 0.061513 3.195995 1.059716 -4.273036 -1.834732 -0.530910 -0.399095 1.010311
1776409989.124269 jaka_arm_right success 0.402285 -0.139659 -0.413498 0.463470 0.822235 0.324766 0.060434 3.191256 1.053949 -4.268860 -1.833433 -0.537881 -0.396796 1.010164
1776409989.132527 jaka_arm_right success 0.402172 -0.139650 -0.413237 0.463513 0.822014 0.325154 0.061018 3.191256 1.053949 -4.268860 -1.833433 -0.537881 -0.396796 1.010164
1776409989.140858 jaka_arm_right success 0.402110 -0.139525 -0.412924 0.463357 0.821698 0.326184 0.060969 3.191863 1.053662 -4.267081 -1.833622 -0.538243 -0.397426 1.010568
1776409989.149319 jaka_arm_right success 0.402017 -0.139457 -0.412650 0.462673 0.821781 0.326809 0.061687 3.192306 1.053795 -4.266803 -1.833376 -0.538615 -0.397733 1.010252
1776409989.157560 jaka_arm_right success 0.401897 -0.139223 -0.412457 0.461705 0.821792 0.327999 0.062478 3.189836 1.050525 -4.265591 -1.834752 -0.543519 -0.400905 1.007933
1776409989.166014 jaka_arm_right success 0.401653 -0.138853 -0.412202 0.462041 0.821558 0.327954 0.063297 3.190145 1.050216 -4.265457 -1.834382 -0.543415 -0.401325 1.008012
1776409989.174409 jaka_arm_right success 0.401509 -0.138668 -0.411843 0.462100 0.822073 0.326381 0.064303 3.193716 1.056650 -4.271033 -1.838114 -0.535804 -0.407840 1.006839
1776409989.190926 jaka_arm_right success 0.401338 -0.138023 -0.411496 0.463008 0.821648 0.326334 0.063444 3.193294 1.056378 -4.271110 -1.838423 -0.535353 -0.407644 1.007314
1776409989.199235 jaka_arm_right success 0.401304 -0.137955 -0.411346 0.462870 0.821887 0.326077 0.062661 3.192938 1.056494 -4.271156 -1.838857 -0.535245 -0.407289 1.007474
1776409989.207562 jaka_arm_right success 0.401302 -0.137871 -0.411315 0.462283 0.822040 0.326802 0.061198 3.192680 1.057011 -4.269336 -1.840806 -0.535418 -0.406304 1.008319
1776409989.215858 jaka_arm_right success 0.401263 -0.137830 -0.411325 0.462350 0.821778 0.327465 0.060674 3.194593 1.053928 -4.267998 -1.841538 -0.537526 -0.403191 1.008758
1776409989.224333 jaka_arm_right success 0.401259 -0.138024 -0.411269 0.461509 0.822275 0.327492 0.060191 3.194921 1.051964 -4.267107 -1.840846 -0.540201 -0.399496 1.008635
1776409989.232540 jaka_arm_right success 0.401161 -0.138094 -0.411135 0.462439 0.821752 0.327468 0.060325 3.194857 1.051532 -4.267114 -1.840711 -0.539818 -0.399634 1.009008
1776409989.240913 jaka_arm_right success 0.401184 -0.138209 -0.410903 0.463007 0.821444 0.327528 0.059830 3.194581 1.051169 -4.267046 -1.840884 -0.539380 -0.399558 1.009518
1776409989.249214 jaka_arm_right success 0.401143 -0.138330 -0.410820 0.463232 0.821037 0.328222 0.059879 3.194685 1.050759 -4.265728 -1.841326 -0.539170 -0.399836 1.010315
1776409989.257552 jaka_arm_right success 0.401071 -0.138553 -0.410547 0.463240 0.820983 0.328500 0.059026 3.195275 1.045954 -4.264513 -1.842176 -0.542720 -0.396066 1.010488
1776409989.265934 jaka_arm_right success 0.400853 -0.138580 -0.410193 0.464765 0.819900 0.329150 0.058467 3.194849 1.044938 -4.262776 -1.843030 -0.541803 -0.396191 1.012276
1776409989.282495 jaka_arm_right success 0.400702 -0.139075 -0.409401 0.465359 0.819074 0.330579 0.057232 3.195004 1.038001 -4.259863 -1.844914 -0.546512 -0.393192 1.012871
1776409989.290886 jaka_arm_right success 0.400674 -0.139330 -0.409018 0.466293 0.818317 0.330942 0.058354 3.195381 1.037285 -4.259563 -1.844381 -0.546102 -0.393829 1.013301
1776409989.299173 jaka_arm_right success 0.400714 -0.139818 -0.408497 0.465280 0.818698 0.331486 0.058004 3.195579 1.033256 -4.258595 -1.845882 -0.550018 -0.392378 1.012375
1776409989.307518 jaka_arm_right success 0.400750 -0.140187 -0.408118 0.465043 0.818099 0.333157 0.058783 3.195388 1.030994 -4.256632 -1.846104 -0.552125 -0.393863 1.012096
1776409989.315850 jaka_arm_right success 0.400604 -0.140548 -0.407501 0.465191 0.817679 0.334089 0.058170 3.193746 1.022686 -4.254205 -1.849198 -0.558709 -0.392860 1.011349
1776409989.324351 jaka_arm_right success 0.400468 -0.140982 -0.406878 0.466210 0.816769 0.334611 0.059768 3.194330 1.021892 -4.253939 -1.848414 -0.558331 -0.393696 1.011679
1776409989.332544 jaka_arm_right success 0.400479 -0.141407 -0.406380 0.466154 0.815575 0.337532 0.060082 3.191458 1.015631 -4.249601 -1.851720 -0.563707 -0.398271 1.011048
1776409989.340852 jaka_arm_right success 0.400202 -0.141820 -0.405517 0.467447 0.814292 0.339180 0.058134 3.190526 1.005472 -4.246068 -1.856017 -0.569717 -0.395981 1.012056
1776409989.349213 jaka_arm_right success 0.400376 -0.142811 -0.404873 0.465207 0.815069 0.340095 0.059835 3.190617 1.001645 -4.246040 -1.855685 -0.575680 -0.395480 1.008997
1776409989.357556 jaka_arm_right success 0.400364 -0.143441 -0.404180 0.465306 0.814071 0.342264 0.060288 3.188075 0.993148 -4.242112 -1.857963 -0.582846 -0.396772 1.008322
1776409989.365886 jaka_arm_right success 0.400180 -0.144050 -0.403231 0.466170 0.812991 0.343658 0.060263 3.188634 0.987248 -4.239600 -1.859816 -0.586125 -0.395520 1.009115
1776409989.374208 jaka_arm_right success 0.400008 -0.144666 -0.402372 0.466845 0.811704 0.345672 0.060861 3.188608 0.984643 -4.236952 -1.860870 -0.587133 -0.397051 1.010054
1776409989.382510 jaka_arm_right success 0.399822 -0.145433 -0.401371 0.467834 0.810606 0.346794 0.061513 3.187759 0.977775 -4.236447 -1.863806 -0.590689 -0.399186 1.009361
1776409989.390933 jaka_arm_right success 0.399552 -0.145981 -0.400269 0.471448 0.807447 0.349423 0.060581 3.186555 0.970888 -4.231703 -1.868058 -0.591483 -0.401424 1.012800
1776409989.399237 jaka_arm_right success 0.399584 -0.147052 -0.399262 0.471552 0.806539 0.351435 0.060219 3.185489 0.957114 -4.227694 -1.871473 -0.602250 -0.397529 1.012370
1776409989.407507 jaka_arm_right success 0.399405 -0.147908 -0.398165 0.473504 0.804387 0.353731 0.060247 3.183783 0.948977 -4.223588 -1.874617 -0.606525 -0.399511 1.013545
1776409989.415854 jaka_arm_right success 0.399270 -0.148836 -0.397031 0.474121 0.802933 0.356466 0.058646 3.182270 0.934448 -4.216761 -1.876592 -0.617877 -0.391989 1.015387
1776409989.424247 jaka_arm_right success 0.399174 -0.149763 -0.396019 0.474970 0.801089 0.359407 0.059048 3.178126 0.925557 -4.210593 -1.877916 -0.625410 -0.392836 1.016241
1776409989.432540 jaka_arm_right success 0.399230 -0.150914 -0.394963 0.474412 0.800193 0.361930 0.060269 3.175850 0.914939 -4.204696 -1.878047 -0.635570 -0.389965 1.016327
1776409989.440904 jaka_arm_right success 0.399034 -0.151758 -0.393758 0.476119 0.798000 0.364560 0.060025 3.173885 0.906294 -4.200527 -1.881831 -0.640441 -0.391612 1.017424
1776409989.449199 jaka_arm_right success 0.398955 -0.152741 -0.392618 0.478254 0.795322 0.367563 0.060278 3.170579 0.895625 -4.195504 -1.885640 -0.646544 -0.394031 1.018795
1776409989.457541 jaka_arm_right success 0.398879 -0.153988 -0.391323 0.479453 0.794166 0.368616 0.059566 3.174008 0.886917 -4.193337 -1.888136 -0.650315 -0.387870 1.020784
1776409989.465938 jaka_arm_right success 0.398855 -0.155139 -0.390130 0.480758 0.792094 0.371460 0.058964 3.169014 0.873914 -4.184173 -1.886854 -0.661786 -0.380917 1.024159
1776409989.474163 jaka_arm_right success 0.398825 -0.156261 -0.388985 0.481297 0.790193 0.374988 0.057718 3.163828 0.858106 -4.171103 -1.885514 -0.676814 -0.370568 1.028792
1776409989.482520 jaka_arm_right success 0.398903 -0.157669 -0.387913 0.481638 0.788606 0.377747 0.058582 3.160491 0.848246 -4.166774 -1.887441 -0.684757 -0.371815 1.028416
1776409989.490929 jaka_arm_right success 0.398841 -0.158851 -0.386680 0.482206 0.787095 0.380449 0.056724 3.157285 0.831574 -4.152942 -1.884406 -0.700144 -0.354311 1.035070
1776409989.499254 jaka_arm_right success 0.398729 -0.160093 -0.385364 0.484154 0.784948 0.382397 0.056788 3.157403 0.829099 -4.150854 -1.885019 -0.699087 -0.355792 1.037183
1776409989.507495 jaka_arm_right success 0.398622 -0.161329 -0.384141 0.484348 0.783490 0.385406 0.054888 3.152761 0.807235 -4.138177 -1.886799 -0.718535 -0.342083 1.040413
1776409989.515855 jaka_arm_right success 0.398587 -0.162704 -0.383032 0.484696 0.782195 0.387552 0.055166 3.147784 0.797239 -4.130236 -1.885862 -0.728181 -0.336495 1.042824
1776409989.524252 jaka_arm_right success 0.398486 -0.163872 -0.381838 0.485501 0.780398 0.390151 0.055225 3.144993 0.786479 -4.124057 -1.888199 -0.735671 -0.334922 1.044402
1776409989.532548 jaka_arm_right success 0.398392 -0.165302 -0.380624 0.485014 0.779493 0.392560 0.055219 3.140686 0.769340 -4.110506 -1.885896 -0.752692 -0.320273 1.048670
1776409989.541072 jaka_arm_right success 0.398202 -0.166562 -0.379439 0.486640 0.777520 0.394567 0.054412 3.138545 0.762618 -4.106418 -1.888397 -0.756119 -0.319854 1.050562
1776409989.549238 jaka_arm_right success 0.398053 -0.167835 -0.378272 0.487457 0.775415 0.397869 0.053077 3.130068 0.744201 -4.086361 -1.883173 -0.774972 -0.301045 1.059221
1776409989.557551 jaka_arm_right success 0.398054 -0.169338 -0.377164 0.487567 0.774132 0.400160 0.053575 3.126900 0.735897 -4.082556 -1.886259 -0.781513 -0.302241 1.058592
1776409989.565872 jaka_arm_right success 0.397986 -0.170708 -0.376084 0.487516 0.772477 0.403538 0.052577 3.114180 0.716609 -4.059044 -1.878551 -0.804436 -0.281921 1.067223
1776409989.574195 jaka_arm_right success 0.397712 -0.172144 -0.374738 0.488365 0.770933 0.405584 0.051603 3.113872 0.705558 -4.052161 -1.882889 -0.810683 -0.275547 1.070311
1776409989.582513 jaka_arm_right success 0.397588 -0.173517 -0.373719 0.488167 0.769047 0.409500 0.050694 3.097055 0.685981 -4.025677 -1.875937 -0.835667 -0.257386 1.078697
1776409989.590926 jaka_arm_right success 0.397286 -0.174791 -0.372495 0.488779 0.767303 0.412218 0.049164 3.091071 0.670977 -4.009264 -1.876408 -0.848958 -0.242515 1.085469
1776409989.599296 jaka_arm_right success 0.396993 -0.176097 -0.371290 0.488760 0.765694 0.415401 0.047628 3.074283 0.653647 -3.982480 -1.870017 -0.871136 -0.224084 1.093886
1776409989.607489 jaka_arm_right success 0.396845 -0.177568 -0.370185 0.488358 0.764419 0.418204 0.047701 3.065994 0.638952 -3.965072 -1.870688 -0.886160 -0.212334 1.098412
1776409989.615865 jaka_arm_right success 0.396676 -0.178905 -0.369107 0.487818 0.763308 0.420913 0.047188 3.053012 0.625951 -3.945241 -1.868314 -0.902372 -0.200578 1.103717
1776409989.624226 jaka_arm_right success 0.396416 -0.180326 -0.367998 0.487446 0.762067 0.423511 0.047838 3.045842 0.613429 -3.933652 -1.871604 -0.913536 -0.197559 1.104940
1776409989.632524 jaka_arm_right success 0.396054 -0.181387 -0.366817 0.487645 0.760136 0.426879 0.046589 3.025466 0.595275 -3.898002 -1.865081 -0.938136 -0.173462 1.116749
1776409989.640896 jaka_arm_right success 0.395791 -0.182777 -0.365652 0.486059 0.759126 0.430608 0.045287 2.999617 0.575588 -3.856478 -1.859526 -0.967079 -0.148132 1.127511
1776409989.649199 jaka_arm_right success 0.395393 -0.183967 -0.364377 0.487028 0.757129 0.433107 0.044465 2.984733 0.562014 -3.831774 -1.859898 -0.981277 -0.135453 1.134333
1776409989.657595 jaka_arm_right success 0.395222 -0.185262 -0.363416 0.485405 0.756027 0.436778 0.045059 2.957822 0.550914 -3.799695 -1.856715 -1.002889 -0.127445 1.139224
1776409989.665919 jaka_arm_right success 0.395008 -0.186602 -0.362247 0.483983 0.754997 0.440183 0.044482 2.927033 0.528595 -3.746893 -1.852723 -1.032698 -0.095106 1.150807
1776409989.674435 jaka_arm_right success 0.394429 -0.187728 -0.360895 0.485035 0.753295 0.442112 0.042713 2.921651 0.518415 -3.731292 -1.855805 -1.037720 -0.083426 1.155299
1776409989.682528 jaka_arm_right success 0.394139 -0.188941 -0.359771 0.484523 0.751714 0.445395 0.042268 2.870799 0.498898 -3.661866 -1.847972 -1.068073 -0.053501 1.163390
1776409989.690939 jaka_arm_right success 0.393872 -0.190128 -0.358737 0.483433 0.750252 0.449087 0.041651 2.830152 0.485592 -3.607186 -1.844853 -1.087773 -0.033762 1.166600
1776409989.699274 jaka_arm_right success 0.393508 -0.191373 -0.357658 0.483600 0.748247 0.452231 0.041773 2.797951 0.470048 -3.556442 -1.844276 -1.100788 -0.010029 1.167915
1776409989.707509 jaka_arm_right success 0.393073 -0.192495 -0.356430 0.483775 0.746651 0.454856 0.039739 2.740973 0.455187 -3.477267 -1.838944 -1.112139 0.023894 1.162809
1776409989.715876 jaka_arm_right success 0.392727 -0.193731 -0.355362 0.483607 0.744986 0.457824 0.038946 2.705291 0.447736 -3.433172 -1.838835 -1.113709 0.035470 1.153750
1776409989.724291 jaka_arm_right success 0.392344 -0.194884 -0.354266 0.483388 0.743111 0.461224 0.037344 2.651593 0.434152 -3.351126 -1.833146 -1.107675 0.074605 1.135119
1776409989.732536 jaka_arm_right success 0.391937 -0.196119 -0.353067 0.483500 0.741246 0.464233 0.035628 2.597785 0.427062 -3.279371 -1.826368 -1.092633 0.101602 1.106866
1776409989.740899 jaka_arm_right success 0.391590 -0.197272 -0.352039 0.483285 0.738913 0.468262 0.034267 2.532953 0.416660 -3.193855 -1.820645 -1.065549 0.133301 1.064662
1776409989.749176 jaka_arm_right success 0.391252 -0.198367 -0.351051 0.482381 0.736749 0.472783 0.031413 2.479388 0.411278 -3.124381 -1.816591 -1.034802 0.157613 1.023479
1776409989.757574 jaka_arm_right success 0.390764 -0.199672 -0.349950 0.481732 0.735250 0.475961 0.028348 2.432949 0.410083 -3.055778 -1.799480 -0.997242 0.195915 0.977612
1776409989.765949 jaka_arm_right success 0.390351 -0.200667 -0.348906 0.481988 0.732753 0.479604 0.027198 2.398516 0.406542 -3.017611 -1.799837 -0.974338 0.204008 0.948557
1776409989.774266 jaka_arm_right success 0.389970 -0.201717 -0.347967 0.480850 0.731130 0.483298 0.025590 2.359774 0.403420 -2.968312 -1.793926 -0.944276 0.223509 0.909797
1776409989.782530 jaka_arm_right success 0.389445 -0.202763 -0.346896 0.479766 0.729723 0.486583 0.023771 2.330695 0.401979 -2.931461 -1.789148 -0.920011 0.237876 0.879935
1776409989.790935 jaka_arm_right success 0.388816 -0.203610 -0.345677 0.479454 0.727832 0.489874 0.020182 2.302434 0.401705 -2.888182 -1.774915 -0.887865 0.267043 0.846508
1776409989.799193 jaka_arm_right success 0.388375 -0.204618 -0.344737 0.477600 0.727060 0.492879 0.018776 2.277770 0.400435 -2.859003 -1.771867 -0.867585 0.277953 0.819151
1776409989.807483 jaka_arm_right success 0.387735 -0.205620 -0.343644 0.476368 0.725705 0.496150 0.016175 2.246401 0.396049 -2.820557 -1.766799 -0.837436 0.298633 0.784582
1776409989.815851 jaka_arm_right success 0.387166 -0.206376 -0.342592 0.475731 0.723704 0.499750 0.013544 2.228130 0.399146 -2.791411 -1.752866 -0.813853 0.320066 0.759871
1776409989.824242 jaka_arm_right success 0.386755 -0.207459 -0.341867 0.473664 0.722559 0.503401 0.011758 2.200123 0.397679 -2.760090 -1.749500 -0.789188 0.333153 0.728660
1776409989.832529 jaka_arm_right success 0.386068 -0.208242 -0.340949 0.472971 0.720335 0.507315 0.006881 2.181524 0.401003 -2.731172 -1.734028 -0.762650 0.359434 0.703689
1776409989.840854 jaka_arm_right success 0.385419 -0.208955 -0.340005 0.472875 0.717499 0.511451 0.001725 2.152920 0.401578 -2.696524 -1.721549 -0.730397 0.384235 0.670787
1776409989.849188 jaka_arm_right success 0.384965 -0.210121 -0.339321 -0.471082 -0.716282 -0.514797 0.002086 2.144070 0.405840 -2.678029 -1.704584 -0.712719 0.410095 0.653065
1776409989.857558 jaka_arm_right success 0.384520 -0.211165 -0.338689 -0.469827 -0.714347 -0.518590 0.005952 2.117361 0.404402 -2.648922 -1.695818 -0.684104 0.430991 0.622357
1776409989.865912 jaka_arm_right success 0.383816 -0.211848 -0.337868 -0.470967 -0.710761 -0.522381 0.011296 2.107519 0.409216 -2.632262 -1.680616 -0.664471 0.451813 0.609060
1776409989.882714 jaka_arm_right success 0.382792 -0.213629 -0.336749 -0.470575 -0.705755 -0.529160 0.021410 2.084057 0.414952 -2.598299 -1.650534 -0.625121 0.498749 0.575984
1776409989.890948 jaka_arm_right success 0.382292 -0.214478 -0.336269 -0.470406 -0.703251 -0.532362 0.027343 2.072436 0.415440 -2.583615 -1.639549 -0.605840 0.520469 0.562233
1776409989.899768 jaka_arm_right success 0.381963 -0.215388 -0.335995 -0.469289 -0.700930 -0.536116 0.032310 2.063099 0.419949 -2.569178 -1.622106 -0.588333 0.545197 0.546353
1776409989.907565 jaka_arm_right success 0.381409 -0.215987 -0.335466 -0.469739 -0.698013 -0.539070 0.039077 2.057726 0.422168 -2.559543 -1.607916 -0.571972 0.569176 0.539669
1776409989.916131 jaka_arm_right success 0.380907 -0.216614 -0.335194 -0.469097 -0.696069 -0.541644 0.045363 2.053938 0.426366 -2.551768 -1.591048 -0.559578 0.593758 0.531068
1776409989.924399 jaka_arm_right success 0.380402 -0.217273 -0.335003 -0.468132 -0.694400 -0.544144 0.050682 2.049554 0.429699 -2.543895 -1.576009 -0.547506 0.616315 0.521969
1776409989.932685 jaka_arm_right success 0.379827 -0.217728 -0.334682 -0.468139 -0.692733 -0.545710 0.056288 2.048780 0.431074 -2.540719 -1.566206 -0.538721 0.633580 0.521290
1776409989.940928 jaka_arm_right success 0.379240 -0.218206 -0.334306 -0.468186 -0.691349 -0.546928 0.060883 2.048280 0.432801 -2.537567 -1.554967 -0.531437 0.650721 0.518830
1776409989.949193 jaka_arm_right success 0.378621 -0.218619 -0.334091 -0.466699 -0.690764 -0.548339 0.066038 2.049402 0.436314 -2.534589 -1.541588 -0.524955 0.671471 0.515226
1776409989.957560 jaka_arm_right success 0.377877 -0.218813 -0.333731 -0.467488 -0.689425 -0.548838 0.070177 2.049173 0.436090 -2.534478 -1.536981 -0.520914 0.680779 0.516854
1776409989.965927 jaka_arm_right success 0.377215 -0.219159 -0.333599 -0.465682 -0.689151 -0.550237 0.073830 2.049343 0.438981 -2.531158 -1.525122 -0.515093 0.699061 0.511783
1776409989.974165 jaka_arm_right success 0.376485 -0.219387 -0.333524 -0.465159 -0.688186 -0.551517 0.076523 2.046673 0.441236 -2.528439 -1.518921 -0.510142 0.707070 0.507577
1776409989.982768 jaka_arm_right success 0.375636 -0.219681 -0.333189 -0.464858 -0.687413 -0.552104 0.080934 2.047334 0.442186 -2.527742 -1.511206 -0.505931 0.721063 0.507263
1776409989.990960 jaka_arm_right success 0.374839 -0.220006 -0.333111 -0.464469 -0.686419 -0.553308 0.083355 2.044737 0.441881 -2.524859 -1.505073 -0.499856 0.732435 0.503784
1776409989.999265 jaka_arm_right success 0.374153 -0.220338 -0.333087 -0.463534 -0.685638 -0.554679 0.085832 2.042144 0.444934 -2.521925 -1.498640 -0.495165 0.740608 0.498464
1776409990.015856 jaka_arm_right success 0.373216 -0.220648 -0.332820 -0.464448 -0.683934 -0.555367 0.089944 2.040436 0.445087 -2.520733 -1.490080 -0.488899 0.754724 0.497877
1776409990.024256 jaka_arm_right success 0.371819 -0.221415 -0.332919 -0.462718 -0.681747 -0.558549 0.095583 2.033095 0.449362 -2.513619 -1.473142 -0.476094 0.779099 0.484961
1776409990.032518 jaka_arm_right success 0.371165 -0.221978 -0.332982 -0.462115 -0.680506 -0.559952 0.099074 2.032815 0.451741 -2.511478 -1.462253 -0.470330 0.794078 0.482485
1776409990.040892 jaka_arm_right success 0.370425 -0.222576 -0.332939 -0.463063 -0.678387 -0.561136 0.102425 2.030744 0.451878 -2.509758 -1.457848 -0.464453 0.801593 0.482488
1776409990.049176 jaka_arm_right success 0.369900 -0.223325 -0.333106 -0.462046 -0.677517 -0.562518 0.105159 2.027765 0.453834 -2.506375 -1.446402 -0.458221 0.816887 0.475655
1776409990.065919 jaka_arm_right success 0.368463 -0.224515 -0.332969 -0.464264 -0.672588 -0.565593 0.110403 2.018333 0.455008 -2.500676 -1.436572 -0.443390 0.830617 0.470531
1776409990.074142 jaka_arm_right success 0.367880 -0.225482 -0.332987 -0.463492 -0.671499 -0.566802 0.114017 2.017886 0.456984 -2.498760 -1.424333 -0.437932 0.847815 0.467347
1776409990.082509 jaka_arm_right success 0.367292 -0.226315 -0.332916 -0.464691 -0.669069 -0.568181 0.116529 2.014014 0.460192 -2.496288 -1.416849 -0.431684 0.854817 0.463744
1776409990.090902 jaka_arm_right success 0.366634 -0.227276 -0.332995 -0.465818 -0.666525 -0.569602 0.119632 2.010499 0.459734 -2.494032 -1.409433 -0.424297 0.865312 0.462612
1776409990.099261 jaka_arm_right success 0.366274 -0.228492 -0.333221 -0.465390 -0.664382 -0.571726 0.123034 2.006322 0.463704 -2.489974 -1.394308 -0.415627 0.883079 0.455143
1776409990.107499 jaka_arm_right success 0.365675 -0.229502 -0.333469 -0.467107 -0.661024 -0.573646 0.125654 2.001509 0.465035 -2.486796 -1.386865 -0.407353 0.891253 0.452378
1776409990.115847 jaka_arm_right success 0.365263 -0.230756 -0.333776 -0.467590 -0.658370 -0.575558 0.129008 1.997318 0.467240 -2.483544 -1.374646 -0.398730 0.905873 0.448181
1776409990.124308 jaka_arm_right success 0.364775 -0.231861 -0.334027 -0.468920 -0.655040 -0.577550 0.132184 1.992499 0.470278 -2.480590 -1.363376 -0.390530 0.917802 0.443978
1776409990.132538 jaka_arm_right success 0.364295 -0.233150 -0.334335 -0.470295 -0.652578 -0.578791 0.134037 1.989302 0.470888 -2.478466 -1.356556 -0.384569 0.924753 0.442461
1776409990.140886 jaka_arm_right success 0.363983 -0.234325 -0.334790 -0.471645 -0.649979 -0.580403 0.134946 1.984230 0.474466 -2.475578 -1.351010 -0.378155 0.927485 0.438420
1776409990.149175 jaka_arm_right success 0.363507 -0.235677 -0.334987 -0.473921 -0.647984 -0.580373 0.136682 1.981645 0.471168 -2.474586 -1.346722 -0.373170 0.933837 0.440093
1776409990.157554 jaka_arm_right success 0.363341 -0.236873 -0.335463 -0.475455 -0.645788 -0.581480 0.137046 1.977876 0.473348 -2.472233 -1.342762 -0.368119 0.935006 0.437547
1776409990.165858 jaka_arm_right success 0.363102 -0.238411 -0.335856 -0.477165 -0.644703 -0.581084 0.137885 1.975515 0.469236 -2.471561 -1.339374 -0.364987 0.939897 0.438259
1776409990.174258 jaka_arm_right success 0.362978 -0.239706 -0.336374 -0.478768 -0.642854 -0.581602 0.138777 1.970345 0.471297 -2.469699 -1.332685 -0.359681 0.944655 0.434505
1776409990.182553 jaka_arm_right success 0.362786 -0.241111 -0.336927 -0.482162 -0.641349 -0.580571 0.138308 1.968345 0.468990 -2.469426 -1.330070 -0.357289 0.943495 0.436509
1776409990.190962 jaka_arm_right success 0.362791 -0.242643 -0.337635 -0.484304 -0.640231 -0.580069 0.138109 1.967307 0.468687 -2.469215 -1.328289 -0.355297 0.942161 0.438365
1776409990.199225 jaka_arm_right success 0.362885 -0.244006 -0.338567 -0.486984 -0.638257 -0.579876 0.138634 1.965549 0.468213 -2.469409 -1.326215 -0.353106 0.941035 0.440555
1776409990.207494 jaka_arm_right success 0.362927 -0.245652 -0.339490 -0.489564 -0.637381 -0.578636 0.138755 1.963444 0.465620 -2.469431 -1.323868 -0.351044 0.941868 0.442075
1776409990.215922 jaka_arm_right success 0.363026 -0.247004 -0.340542 -0.492916 -0.635138 -0.578122 0.139313 1.961280 0.465349 -2.469666 -1.321262 -0.348133 0.940321 0.444994
1776409990.224282 jaka_arm_right success 0.363161 -0.248640 -0.341751 -0.494766 -0.634480 -0.577065 0.140139 1.958385 0.463495 -2.469062 -1.314051 -0.345029 0.947335 0.443853
1776409990.232530 jaka_arm_right success 0.363412 -0.250184 -0.343056 -0.497788 -0.633382 -0.575716 0.139950 1.956603 0.462787 -2.469792 -1.311566 -0.343737 0.945560 0.446070
1776409990.240857 jaka_arm_right success 0.363518 -0.251748 -0.344178 -0.501461 -0.632213 -0.573823 0.139896 1.954434 0.461533 -2.470957 -1.308721 -0.342677 0.943551 0.448685
1776409990.249180 jaka_arm_right success 0.363575 -0.253326 -0.345390 -0.504564 -0.628882 -0.574163 0.142337 1.954108 0.461541 -2.471115 -1.301270 -0.338235 0.949885 0.453285
1776409990.257544 jaka_arm_right success 0.363875 -0.255125 -0.346730 -0.505695 -0.626235 -0.575360 0.145132 1.950598 0.467202 -2.469276 -1.283063 -0.332224 0.965690 0.448073
1776409990.265886 jaka_arm_right success 0.364060 -0.256765 -0.347851 -0.507232 -0.622807 -0.577165 0.147333 1.948265 0.471862 -2.467244 -1.267743 -0.325725 0.978474 0.445699
1776409990.274180 jaka_arm_right success 0.364147 -0.258119 -0.348658 -0.508693 -0.618983 -0.579477 0.149327 1.943423 0.477882 -2.464405 -1.255808 -0.318177 0.986840 0.441399
1776409990.282485 jaka_arm_right success 0.364119 -0.259789 -0.349024 -0.510106 -0.616847 -0.580496 0.149386 1.941612 0.478523 -2.462100 -1.246180 -0.313481 0.994332 0.439526
1776409990.290921 jaka_arm_right success 0.364109 -0.261421 -0.349270 -0.510040 -0.616328 -0.581721 0.146966 1.939105 0.479504 -2.459192 -1.243007 -0.310919 0.994300 0.434386
1776409990.299222 jaka_arm_right success 0.363866 -0.262812 -0.348990 -0.511791 -0.614494 -0.582528 0.145358 1.933551 0.476302 -2.454735 -1.240576 -0.304232 0.995442 0.430457
1776409990.307505 jaka_arm_right success 0.363769 -0.264241 -0.348781 -0.511999 -0.613726 -0.584265 0.140830 1.921003 0.474567 -2.447136 -1.241677 -0.296304 0.992074 0.415315
1776409990.315889 jaka_arm_right success 0.363487 -0.265577 -0.348005 -0.513517 -0.611672 -0.585665 0.138402 1.910768 0.470132 -2.441168 -1.247215 -0.287524 0.986726 0.408828
1776409990.324272 jaka_arm_right success 0.363366 -0.266805 -0.347417 -0.514717 -0.610397 -0.586774 0.134828 1.899698 0.464793 -2.434496 -1.256517 -0.279323 0.977041 0.400577
1776409990.332536 jaka_arm_right success 0.363270 -0.268337 -0.346827 -0.514964 -0.610071 -0.587551 0.131950 1.895373 0.461394 -2.430661 -1.258740 -0.275258 0.973909 0.396492
1776409990.340904 jaka_arm_right success 0.363152 -0.269547 -0.346158 -0.516602 -0.608594 -0.588312 0.128941 1.883791 0.456802 -2.420972 -1.268173 -0.271415 0.965111 0.393248
1776409990.349170 jaka_arm_right success 0.363176 -0.270966 -0.345657 -0.517364 -0.607903 -0.588916 0.126360 1.876466 0.453937 -2.416178 -1.270495 -0.265743 0.961454 0.386524
1776409990.357579 jaka_arm_right success 0.363138 -0.272145 -0.345076 -0.519683 -0.606568 -0.588939 0.123112 1.867323 0.448027 -2.411374 -1.281852 -0.259139 0.949323 0.382353
1776409990.365842 jaka_arm_right success 0.363120 -0.273342 -0.344679 -0.521561 -0.605369 -0.589305 0.119258 1.856188 0.442793 -2.405128 -1.291126 -0.251362 0.936944 0.374801
1776409990.374220 jaka_arm_right success 0.363238 -0.274611 -0.344535 -0.522879 -0.604324 -0.590019 0.115186 1.847145 0.439437 -2.399169 -1.297384 -0.244657 0.928249 0.366919
1776409990.382506 jaka_arm_right success 0.363220 -0.275787 -0.344308 -0.524676 -0.603613 -0.589717 0.112253 1.839564 0.431634 -2.394989 -1.308683 -0.238770 0.917920 0.364808
1776409990.390899 jaka_arm_right success 0.363316 -0.277113 -0.344129 -0.525977 -0.603004 -0.589660 0.109704 1.838967 0.431174 -2.393399 -1.307143 -0.237544 0.914709 0.363712
1776409990.399225 jaka_arm_right success 0.363381 -0.278510 -0.344100 -0.527074 -0.603376 -0.588754 0.107238 1.830272 0.427010 -2.389786 -1.313528 -0.233567 0.906908 0.356852
1776409990.407501 jaka_arm_right success 0.363364 -0.279572 -0.344032 -0.528961 -0.601673 -0.589147 0.105333 1.825338 0.422690 -2.386103 -1.316030 -0.227261 0.903260 0.356259
1776409990.415845 jaka_arm_right success 0.363359 -0.280607 -0.343926 -0.530563 -0.600245 -0.589458 0.103675 1.818295 0.421365 -2.382306 -1.320473 -0.221972 0.897196 0.351136
1776409990.424223 jaka_arm_right success 0.363550 -0.282021 -0.344185 -0.530632 -0.601324 -0.588939 0.099954 1.813651 0.419294 -2.379363 -1.323082 -0.221034 0.891140 0.344155
1776409990.432533 jaka_arm_right success 0.363544 -0.283147 -0.344080 -0.531787 -0.600682 -0.588779 0.098608 1.812561 0.416205 -2.377614 -1.323161 -0.218422 0.890185 0.344848
1776409990.440910 jaka_arm_right success 0.363438 -0.284274 -0.343954 -0.533425 -0.600014 -0.588170 0.097453 1.809098 0.412925 -2.375744 -1.325376 -0.215272 0.887120 0.344122
1776409990.449220 jaka_arm_right success 0.363483 -0.285258 -0.344037 -0.534581 -0.599260 -0.588315 0.094849 1.797356 0.409043 -2.370181 -1.333183 -0.207678 0.878471 0.335696
1776409990.465911 jaka_arm_right success 0.363255 -0.287608 -0.343798 -0.536869 -0.598517 -0.587513 0.091533 1.791054 0.402521 -2.365947 -1.337897 -0.202086 0.872501 0.332874
1776409990.474238 jaka_arm_right success 0.363129 -0.288751 -0.343654 -0.538239 -0.598401 -0.586776 0.088932 1.784070 0.399646 -2.362838 -1.345475 -0.198839 0.861347 0.327513
1776409990.482540 jaka_arm_right success 0.362959 -0.289779 -0.343350 -0.539977 -0.596908 -0.586978 0.087072 1.778810 0.394372 -2.358803 -1.348071 -0.192307 0.859356 0.326316
1776409990.490882 jaka_arm_right success 0.362882 -0.290964 -0.343148 -0.541084 -0.596849 -0.586447 0.084134 1.768331 0.390052 -2.353944 -1.357783 -0.186331 0.848147 0.318593
1776409990.499203 jaka_arm_right success 0.362629 -0.291918 -0.342796 -0.543128 -0.595341 -0.586207 0.083317 1.766439 0.387265 -2.352366 -1.358844 -0.182882 0.846169 0.319943
1776409990.507509 jaka_arm_right success 0.362633 -0.293116 -0.342742 -0.543713 -0.595067 -0.586250 0.081127 1.760659 0.387503 -2.349007 -1.360403 -0.179330 0.841323 0.313581
1776409990.515866 jaka_arm_right success 0.362590 -0.294122 -0.342651 -0.545332 -0.593882 -0.586285 0.078665 1.749372 0.381374 -2.342973 -1.368112 -0.170628 0.834905 0.306746
1776409990.524327 jaka_arm_right success 0.362484 -0.295235 -0.342463 -0.546659 -0.592945 -0.586189 0.077221 1.749579 0.381063 -2.341881 -1.366537 -0.169107 0.833184 0.307411
1776409990.532523 jaka_arm_right success 0.362443 -0.296552 -0.342584 -0.546900 -0.593320 -0.585859 0.075108 1.744226 0.379967 -2.338738 -1.368226 -0.166381 0.829549 0.301101
1776409990.540869 jaka_arm_right success 0.362258 -0.297481 -0.342306 -0.549048 -0.591312 -0.585783 0.075859 1.742050 0.375481 -2.337861 -1.368843 -0.161954 0.830498 0.305036
1776409990.549192 jaka_arm_right success 0.362242 -0.298551 -0.342560 -0.548954 -0.591486 -0.585985 0.073587 1.735169 0.376312 -2.333633 -1.369511 -0.158092 0.826991 0.296059
1776409990.557554 jaka_arm_right success 0.362206 -0.299533 -0.342575 -0.550230 -0.591232 -0.585277 0.071719 1.732550 0.371122 -2.331480 -1.372349 -0.155003 0.824461 0.296120
1776409990.565953 jaka_arm_right success 0.362141 -0.300596 -0.342746 -0.550313 -0.591538 -0.585024 0.070606 1.731369 0.371226 -2.330656 -1.371899 -0.155002 0.822716 0.293641
1776409990.574184 jaka_arm_right success 0.362060 -0.301501 -0.342727 -0.551386 -0.590936 -0.584628 0.070557 1.730402 0.370923 -2.330729 -1.371336 -0.153773 0.822322 0.294652
1776409990.582519 jaka_arm_right success 0.361959 -0.302435 -0.342733 -0.552128 -0.590833 -0.584080 0.070153 1.729278 0.368089 -2.330348 -1.371064 -0.153006 0.822560 0.294951
1776409990.590908 jaka_arm_right success 0.361801 -0.303299 -0.342755 -0.553485 -0.590364 -0.583332 0.069641 1.727289 0.365205 -2.329153 -1.371417 -0.150369 0.821861 0.295600
1776409990.599252 jaka_arm_right success 0.361745 -0.304306 -0.342953 -0.553943 -0.590563 -0.582811 0.068660 1.727209 0.364624 -2.329081 -1.370808 -0.150535 0.821268 0.295449
1776409990.607494 jaka_arm_right success 0.361751 -0.305258 -0.343175 -0.554537 -0.590333 -0.582662 0.067091 1.724180 0.364219 -2.327188 -1.370542 -0.148714 0.819259 0.291883
1776409990.615861 jaka_arm_right success 0.361666 -0.306325 -0.343377 -0.555145 -0.591048 -0.581523 0.065624 1.719435 0.358983 -2.325095 -1.372743 -0.145784 0.817543 0.289542
1776409990.624237 jaka_arm_right success 0.361537 -0.307285 -0.343494 -0.556057 -0.591047 -0.580764 0.064635 1.716626 0.358464 -2.323977 -1.374045 -0.144323 0.814198 0.287242
1776409990.632511 jaka_arm_right success 0.361398 -0.308129 -0.343467 -0.557485 -0.590400 -0.580115 0.064076 1.714374 0.354433 -2.322816 -1.375565 -0.141436 0.812766 0.288492
1776409990.649335 jaka_arm_right success 0.361214 -0.309902 -0.343580 -0.559197 -0.588974 -0.580026 0.063073 1.703874 0.352226 -2.317833 -1.377182 -0.133282 0.810501 0.281110
1776409990.657547 jaka_arm_right success 0.361040 -0.310841 -0.343661 -0.560244 -0.589583 -0.578517 0.061935 1.703679 0.347523 -2.318093 -1.379044 -0.133374 0.808346 0.283229
1776409990.665867 jaka_arm_right success 0.360991 -0.311670 -0.343720 -0.561191 -0.589593 -0.577808 0.059855 1.700755 0.347390 -2.316368 -1.383856 -0.132143 0.799301 0.279733
1776409990.674244 jaka_arm_right success 0.360842 -0.312504 -0.343633 -0.562126 -0.589831 -0.576692 0.059501 1.699776 0.342854 -2.316635 -1.384544 -0.131353 0.799580 0.281953
1776409990.682509 jaka_arm_right success 0.360883 -0.313340 -0.343652 -0.562248 -0.589907 -0.576667 0.057816 1.700238 0.342243 -2.315497 -1.383891 -0.131094 0.798386 0.281072
1776409990.690949 jaka_arm_right success 0.360809 -0.314194 -0.343697 -0.562547 -0.591074 -0.575346 0.056111 1.695003 0.339087 -2.313865 -1.389889 -0.129473 0.791987 0.276735
1776409990.699257 jaka_arm_right success 0.360787 -0.315207 -0.343705 -0.562712 -0.592230 -0.574097 0.055054 1.695022 0.337901 -2.313813 -1.389097 -0.130226 0.791236 0.276155
1776409990.707531 jaka_arm_right success 0.360752 -0.315956 -0.343742 -0.563115 -0.592241 -0.573748 0.054454 1.694818 0.336641 -2.313855 -1.388441 -0.130631 0.790665 0.275995
1776409990.715877 jaka_arm_right success 0.360822 -0.316673 -0.343703 -0.564182 -0.591751 -0.573292 0.053524 1.693849 0.332629 -2.312613 -1.389163 -0.128264 0.790150 0.277497
1776409990.724260 jaka_arm_right success 0.360878 -0.317665 -0.343841 -0.564620 -0.592670 -0.572084 0.051632 1.690664 0.331187 -2.311619 -1.392901 -0.127870 0.783868 0.274023
1776409990.732574 jaka_arm_right success 0.360682 -0.318627 -0.343707 -0.566107 -0.592892 -0.570343 0.052076 1.689831 0.325234 -2.312499 -1.393921 -0.127117 0.784681 0.277871
1776409990.740821 jaka_arm_right success 0.360750 -0.319647 -0.343859 -0.566615 -0.593178 -0.569630 0.051072 1.689868 0.324564 -2.312346 -1.393245 -0.127321 0.784005 0.277667
1776409990.749184 jaka_arm_right success 0.360676 -0.320586 -0.343890 -0.568102 -0.592955 -0.568414 0.050689 1.689371 0.320426 -2.312473 -1.394429 -0.126239 0.781918 0.280533
1776409990.757547 jaka_arm_right success 0.360821 -0.321578 -0.344206 -0.568828 -0.592947 -0.567886 0.048516 1.687288 0.320994 -2.311048 -1.396281 -0.125409 0.775323 0.277215
1776409990.774256 jaka_arm_right success 0.360853 -0.323558 -0.344617 -0.571342 -0.592083 -0.566335 0.047647 1.685828 0.318381 -2.311214 -1.394834 -0.123715 0.773749 0.279341
1776409990.782503 jaka_arm_right success 0.360971 -0.324641 -0.344972 -0.571694 -0.592263 -0.565878 0.046620 1.685847 0.317722 -2.311051 -1.394147 -0.123862 0.773091 0.279164
1776409990.790941 jaka_arm_right success 0.361135 -0.325741 -0.345404 -0.572320 -0.592813 -0.564832 0.044582 1.682995 0.314473 -2.309214 -1.394989 -0.121965 0.769977 0.276789
1776409990.799225 jaka_arm_right success 0.361016 -0.326669 -0.345418 -0.574290 -0.592584 -0.563033 0.045034 1.681605 0.310769 -2.310296 -1.395520 -0.121073 0.769211 0.279875
1776409990.807499 jaka_arm_right success 0.361204 -0.327754 -0.345808 -0.574225 -0.593671 -0.562072 0.043532 1.681819 0.309618 -2.310086 -1.394798 -0.121888 0.768471 0.279108
1776409990.815917 jaka_arm_right success 0.361289 -0.328601 -0.345928 -0.575168 -0.593868 -0.560910 0.043382 1.681202 0.307767 -2.310862 -1.394468 -0.122639 0.767488 0.279603
1776409990.824240 jaka_arm_right success 0.361383 -0.329515 -0.346207 -0.575365 -0.594766 -0.559797 0.042847 1.681025 0.306156 -2.311314 -1.394130 -0.123801 0.766968 0.279306
1776409990.832534 jaka_arm_right success 0.361597 -0.330454 -0.346541 -0.575542 -0.596552 -0.557863 0.040819 1.682150 0.302233 -2.312106 -1.395398 -0.126353 0.764535 0.280205
1776409990.840893 jaka_arm_right success 0.361710 -0.331277 -0.346831 -0.576039 -0.597950 -0.555982 0.038969 1.684811 0.299536 -2.314115 -1.400833 -0.130471 0.756072 0.283074
1776409990.849213 jaka_arm_right success 0.361796 -0.331885 -0.346903 -0.577862 -0.598360 -0.553755 0.037381 1.685291 0.295609 -2.315105 -1.403521 -0.131567 0.750461 0.285867
1776409990.865908 jaka_arm_right success 0.361777 -0.333377 -0.347347 -0.580656 -0.600379 -0.548950 0.032224 1.685642 0.288211 -2.317720 -1.420977 -0.136233 0.723067 0.289869
1776409990.874243 jaka_arm_right success 0.361750 -0.334102 -0.347608 -0.581660 -0.601359 -0.546995 0.028901 1.680063 0.283184 -2.314847 -1.431948 -0.133319 0.709243 0.285246
1776409990.882514 jaka_arm_right success 0.361540 -0.334575 -0.347619 -0.584404 -0.601435 -0.544131 0.025871 1.675646 0.274974 -2.314013 -1.445772 -0.130487 0.692022 0.286774
1776409990.890929 jaka_arm_right success 0.361608 -0.335357 -0.347848 -0.584747 -0.603070 -0.542167 0.020791 1.668214 0.271928 -2.310229 -1.454195 -0.127718 0.678211 0.277540
1776409990.899187 jaka_arm_right success 0.361466 -0.335887 -0.347742 -0.586233 -0.604003 -0.539644 0.017179 1.661817 0.264614 -2.307185 -1.469558 -0.123994 0.659226 0.273821
1776409990.907503 jaka_arm_right success 0.361431 -0.336469 -0.347839 -0.586325 -0.606601 -0.536764 0.011946 1.655050 0.258630 -2.303826 -1.483238 -0.122480 0.641095 0.265729
1776409990.915855 jaka_arm_right success 0.361353 -0.336923 -0.347836 -0.586884 -0.608698 -0.533856 0.007138 1.650167 0.253637 -2.301752 -1.493791 -0.121981 0.625173 0.260151
1776409990.924358 jaka_arm_right success 0.361205 -0.337281 -0.347679 -0.587786 -0.610801 -0.530488 0.003533 1.647713 0.246827 -2.301914 -1.507290 -0.123359 0.608277 0.259243
1776409990.932523 jaka_arm_right success 0.361420 -0.337691 -0.348054 0.586903 0.613322 0.528562 0.002022 1.642132 0.244345 -2.297951 -1.516375 -0.122634 0.592622 0.249350
1776409990.940902 jaka_arm_right success 0.361349 -0.338029 -0.348089 0.587539 0.615468 0.525339 0.003981 1.641210 0.237278 -2.299009 -1.521577 -0.124533 0.587740 0.250091
1776409990.949224 jaka_arm_right success 0.361371 -0.338370 -0.348298 0.588270 0.617170 0.522496 0.006239 1.640706 0.235678 -2.301274 -1.531196 -0.128205 0.572755 0.250199
1776409990.957542 jaka_arm_right success 0.361569 -0.338803 -0.348759 0.588442 0.618798 0.520319 0.009624 1.640657 0.232665 -2.301358 -1.538325 -0.130289 0.560959 0.249358
1776409990.965890 jaka_arm_right success 0.361617 -0.339164 -0.349068 0.589776 0.620111 0.517190 0.011899 1.640178 0.226050 -2.303211 -1.545143 -0.132422 0.552083 0.251631
1776409990.974200 jaka_arm_right success 0.361640 -0.339450 -0.349395 0.591244 0.620921 0.514484 0.013918 1.640213 0.224854 -2.305677 -1.555951 -0.135431 0.534819 0.253470
1776409990.982506 jaka_arm_right success 0.361601 -0.339524 -0.349670 0.592939 0.620524 0.512944 0.016183 1.639896 0.221222 -2.305168 -1.563028 -0.134301 0.523559 0.255443
1776409990.990846 jaka_arm_right success 0.361570 -0.339745 -0.349889 0.593457 0.621812 0.510678 0.019158 1.638290 0.220710 -2.306173 -1.569849 -0.137109 0.510872 0.252831
1776409990.999262 jaka_arm_right success 0.361435 -0.339781 -0.349979 0.594245 0.622957 0.508232 0.022303 1.636716 0.213425 -2.306365 -1.584322 -0.137216 0.494111 0.254324
1776409991.015875 jaka_arm_right success 0.361312 -0.339736 -0.350031 0.594994 0.624124 0.505717 0.026505 1.633074 0.210223 -2.305022 -1.598617 -0.137516 0.473227 0.250255
1776409991.024250 jaka_arm_right success 0.361064 -0.339930 -0.350094 0.594538 0.628726 0.500024 0.034706 1.629428 0.201356 -2.304750 -1.621209 -0.142054 0.441430 0.244759
1776409991.032549 jaka_arm_right success 0.360977 -0.340020 -0.350165 0.593878 0.630754 0.497926 0.039090 1.624445 0.198377 -2.301781 -1.632227 -0.141749 0.425792 0.237605
1776409991.040869 jaka_arm_right success 0.360926 -0.340226 -0.350260 0.593662 0.632477 0.495730 0.042317 1.620573 0.195971 -2.300173 -1.639701 -0.141872 0.414056 0.232660
1776409991.049189 jaka_arm_right success 0.361018 -0.340483 -0.350470 0.593453 0.633649 0.494153 0.045989 1.616917 0.194442 -2.297382 -1.646739 -0.141437 0.402425 0.226930
1776409991.057622 jaka_arm_right success 0.360947 -0.340652 -0.350513 0.595018 0.633694 0.491997 0.048206 1.614036 0.192394 -2.297205 -1.653707 -0.140392 0.390191 0.226274
1776409991.065878 jaka_arm_right success 0.361085 -0.341112 -0.350800 0.594980 0.634585 0.490552 0.051571 1.610715 0.190276 -2.294759 -1.660881 -0.139891 0.378587 0.221713
1776409991.082507 jaka_arm_right success 0.361177 -0.341776 -0.351028 0.597575 0.635713 0.485298 0.057087 1.607727 0.184871 -2.295856 -1.677655 -0.141430 0.351167 0.221075
1776409991.090884 jaka_arm_right success 0.361403 -0.342121 -0.351246 0.598879 0.636332 0.482271 0.061971 1.604876 0.180680 -2.295338 -1.691893 -0.141925 0.328301 0.219282
1776409991.099219 jaka_arm_right success 0.361377 -0.342260 -0.351281 0.601117 0.636393 0.478977 0.065139 1.602431 0.176921 -2.296190 -1.704384 -0.141281 0.308483 0.220453
1776409991.107505 jaka_arm_right success 0.361465 -0.342673 -0.351446 0.601682 0.637941 0.475554 0.069711 1.600532 0.174711 -2.297355 -1.714756 -0.144669 0.289824 0.217525
1776409991.115891 jaka_arm_right success 0.361559 -0.342995 -0.351612 0.603194 0.639139 0.471274 0.074557 1.598969 0.167178 -2.299164 -1.733454 -0.146133 0.263689 0.218748
1776409991.124246 jaka_arm_right success 0.361645 -0.343235 -0.351814 0.604858 0.639867 0.467409 0.079030 1.597726 0.166051 -2.301138 -1.745065 -0.148973 0.241028 0.217609
1776409991.132569 jaka_arm_right success 0.361695 -0.343497 -0.351960 0.607187 0.640065 0.463505 0.082482 1.597961 0.157076 -2.303448 -1.761087 -0.149024 0.220463 0.221627
1776409991.140934 jaka_arm_right success 0.361879 -0.343873 -0.352373 0.608159 0.640978 0.460270 0.086270 1.597949 0.156619 -2.306861 -1.770359 -0.153081 0.201180 0.220708
1776409991.149449 jaka_arm_right success 0.362015 -0.344442 -0.352803 0.609253 0.641828 0.457175 0.088645 1.619005 0.151978 -2.329748 -1.780871 -0.166570 0.184387 0.236811
1776409991.157538 jaka_arm_right success 0.362229 -0.344935 -0.353324 0.610530 0.642129 0.454713 0.090330 1.620294 0.150490 -2.332811 -1.783938 -0.168385 0.176168 0.238249
1776409991.174211 jaka_arm_right success 0.362545 -0.346206 -0.354474 0.612410 0.642581 0.451374 0.091131 1.655351 0.148502 -2.369106 -1.782730 -0.188690 0.168713 0.262876
1776409991.182576 jaka_arm_right success 0.362770 -0.346829 -0.355135 0.613344 0.642864 0.449335 0.092914 1.655214 0.147668 -2.369767 -1.782091 -0.189181 0.165324 0.262923
1776409991.190904 jaka_arm_right success 0.362868 -0.347377 -0.355679 0.614677 0.643095 0.446973 0.093894 1.681783 0.144601 -2.397800 -1.789839 -0.203880 0.151825 0.281360
1776409991.199214 jaka_arm_right success 0.362999 -0.347824 -0.356326 0.615377 0.643773 0.444436 0.096665 1.681451 0.146143 -2.400045 -1.791864 -0.206890 0.141948 0.279677
1776409991.207515 jaka_arm_right success 0.363077 -0.348156 -0.356828 0.616455 0.644887 0.440612 0.099824 1.717793 0.140807 -2.439820 -1.805664 -0.225609 0.119550 0.300691
1776409991.215853 jaka_arm_right success 0.363069 -0.348490 -0.357306 0.617381 0.647021 0.434997 0.104799 1.764142 0.136891 -2.492151 -1.818633 -0.248380 0.092276 0.321080
1776409991.224266 jaka_arm_right success 0.363125 -0.348669 -0.357842 0.618212 0.648640 0.430126 0.109869 1.811081 0.133361 -2.545018 -1.831920 -0.265478 0.065146 0.337431
1776409991.232553 jaka_arm_right success 0.363136 -0.348970 -0.358376 0.618720 0.651012 0.424328 0.115386 1.876616 0.127169 -2.616719 -1.847228 -0.287141 0.035800 0.359449
1776409991.240838 jaka_arm_right success 0.363162 -0.349143 -0.358909 0.619640 0.652524 0.419263 0.120320 1.938076 0.125396 -2.687605 -1.859680 -0.292894 0.007834 0.362755
1776409991.249202 jaka_arm_right success 0.363184 -0.349381 -0.359448 0.620297 0.654303 0.414251 0.124560 2.015867 0.121291 -2.773721 -1.874095 -0.286215 -0.019482 0.357259
1776409991.257545 jaka_arm_right success 0.363251 -0.349764 -0.360151 0.620502 0.656048 0.409869 0.128785 2.079584 0.120870 -2.842834 -1.881053 -0.271620 -0.039423 0.341879
1776409991.265950 jaka_arm_right success 0.363483 -0.349931 -0.360921 0.621500 0.656598 0.406493 0.131835 2.115879 0.122166 -2.884453 -1.887706 -0.257735 -0.057570 0.327921
1776409991.274216 jaka_arm_right success 0.363586 -0.350189 -0.361504 0.622895 0.656825 0.403903 0.132081 2.161261 0.123398 -2.931728 -1.890340 -0.235908 -0.066680 0.311910
1776409991.282581 jaka_arm_right success 0.363719 -0.350617 -0.362276 0.623433 0.657388 0.402066 0.132344 2.191088 0.123891 -2.963840 -1.889059 -0.221455 -0.069547 0.299189
1776409991.290894 jaka_arm_right success 0.363845 -0.351271 -0.363070 0.623771 0.658188 0.400438 0.131712 2.211339 0.122525 -2.985689 -1.886665 -0.211495 -0.066868 0.291000
1776409991.299187 jaka_arm_right success 0.364055 -0.351731 -0.363826 0.624474 0.657889 0.399942 0.131383 2.210887 0.122345 -2.986111 -1.886392 -0.211092 -0.067049 0.291378
1776409991.307528 jaka_arm_right success 0.364266 -0.352372 -0.364671 0.624439 0.658256 0.399484 0.131102 2.212484 0.124723 -2.988256 -1.879983 -0.210467 -0.063008 0.290508
1776409991.315881 jaka_arm_right success 0.364456 -0.352785 -0.365470 0.625009 0.657484 0.399958 0.130810 2.212375 0.124946 -2.988260 -1.879957 -0.209555 -0.063044 0.291433
1776409991.324240 jaka_arm_right success 0.364598 -0.353241 -0.366103 0.625413 0.656954 0.400467 0.129986 2.212870 0.129066 -2.987810 -1.874213 -0.208571 -0.060294 0.292464
1776409991.332517 jaka_arm_right success 0.364731 -0.353432 -0.366655 0.626674 0.655889 0.400568 0.128971 2.212824 0.129093 -2.987592 -1.873803 -0.206550 -0.060517 0.294526
1776409991.340860 jaka_arm_right success 0.364887 -0.353704 -0.367220 0.626814 0.655822 0.400673 0.128307 2.212852 0.130078 -2.987706 -1.868786 -0.206210 -0.054958 0.294877
1776409991.349249 jaka_arm_right success 0.365113 -0.353991 -0.367897 0.626077 0.655980 0.401458 0.128646 2.213256 0.132261 -2.986562 -1.865431 -0.207130 -0.052850 0.294292
1776409991.357570 jaka_arm_right success 0.365309 -0.354055 -0.368556 0.626205 0.655291 0.402217 0.129164 2.168593 0.133811 -2.942160 -1.861740 -0.223136 -0.049950 0.304743
1776409991.365905 jaka_arm_right success 0.365555 -0.354151 -0.369177 0.625916 0.655455 0.402209 0.129754 2.168898 0.133827 -2.941860 -1.861699 -0.223306 -0.050021 0.304589
1776409991.374256 jaka_arm_right success 0.365803 -0.354326 -0.369790 0.624748 0.656039 0.402923 0.130218 2.133204 0.138037 -2.904682 -1.854865 -0.236804 -0.045114 0.310572
1776409991.382585 jaka_arm_right success 0.365980 -0.354162 -0.370212 0.625390 0.655212 0.403566 0.129300 2.132976 0.138760 -2.904676 -1.854914 -0.235306 -0.044995 0.312098
1776409991.390963 jaka_arm_right success 0.366230 -0.354055 -0.370623 0.625514 0.655382 0.403603 0.127718 2.132400 0.140991 -2.905451 -1.851471 -0.235486 -0.041331 0.311902
1776409991.399204 jaka_arm_right success 0.366645 -0.353925 -0.371196 0.624847 0.655727 0.404266 0.127110 2.133078 0.143226 -2.904768 -1.847571 -0.235809 -0.037494 0.311661
1776409991.407507 jaka_arm_right success 0.366982 -0.353411 -0.371596 0.626017 0.654590 0.404973 0.124948 2.133611 0.145586 -2.904272 -1.841792 -0.233378 -0.030371 0.314135
1776409991.415846 jaka_arm_right success 0.367442 -0.353150 -0.372171 0.625327 0.655563 0.405172 0.122633 2.134203 0.146342 -2.905423 -1.835474 -0.233281 -0.020732 0.314022
1776409991.424384 jaka_arm_right success 0.367988 -0.352784 -0.372752 0.624172 0.656546 0.406019 0.120437 2.136698 0.150054 -2.906555 -1.823068 -0.233992 -0.005711 0.313033
1776409991.432603 jaka_arm_right success 0.368485 -0.352076 -0.373290 0.623935 0.656899 0.406749 0.117237 2.171117 0.152020 -2.940781 -1.816582 -0.231163 0.003356 0.317268
1776409991.440863 jaka_arm_right success 0.369072 -0.351477 -0.373911 0.622476 0.658576 0.406960 0.114829 2.179722 0.155293 -2.949218 -1.809954 -0.232558 0.012366 0.316869
1776409991.449296 jaka_arm_right success 0.369629 -0.350451 -0.374469 0.621853 0.659346 0.407523 0.111748 2.212986 0.157850 -2.981888 -1.800644 -0.233494 0.023719 0.323364
1776409991.457555 jaka_arm_right success 0.370241 -0.349434 -0.375028 0.621084 0.660899 0.406763 0.109594 2.259313 0.162078 -3.029612 -1.795209 -0.237476 0.027653 0.332072
1776409991.465902 jaka_arm_right success 0.370930 -0.348433 -0.375709 0.618726 0.663672 0.406267 0.108000 2.271198 0.162642 -3.041939 -1.791429 -0.241374 0.036662 0.331814
1776409991.482532 jaka_arm_right success 0.372272 -0.345690 -0.377034 0.616419 0.668748 0.402034 0.105694 2.395687 0.170788 -3.173382 -1.791993 -0.257543 0.028790 0.356429
1776409991.490899 jaka_arm_right success 0.372965 -0.344217 -0.377756 0.614678 0.671411 0.400473 0.104874 2.451496 0.178815 -3.233221 -1.791657 -0.262607 0.023977 0.365729
1776409991.499236 jaka_arm_right success 0.373537 -0.342357 -0.378330 0.615013 0.672779 0.398029 0.103443 2.516586 0.185220 -3.303169 -1.797952 -0.263712 0.012494 0.376682
1776409991.507512 jaka_arm_right success 0.374103 -0.341023 -0.379062 0.612919 0.675576 0.396577 0.103218 2.520568 0.190129 -3.308924 -1.790650 -0.266433 0.016371 0.374462
1776409991.515857 jaka_arm_right success 0.374682 -0.339446 -0.379853 0.611865 0.677348 0.395240 0.102981 2.558310 0.195754 -3.350469 -1.793688 -0.266631 0.008703 0.378003
1776409991.524230 jaka_arm_right success 0.375228 -0.337805 -0.380563 0.611427 0.678385 0.394519 0.101519 2.573878 0.202134 -3.366732 -1.789370 -0.265403 0.010362 0.380138
1776409991.532533 jaka_arm_right success 0.375802 -0.336293 -0.381357 0.610441 0.679619 0.394265 0.100176 2.594307 0.208521 -3.390034 -1.790385 -0.265041 0.006589 0.381947
1776409991.540887 jaka_arm_right success 0.376357 -0.334893 -0.382157 0.609377 0.681228 0.393611 0.098279 2.598825 0.212995 -3.395398 -1.784032 -0.265120 0.012710 0.382141
1776409991.549192 jaka_arm_right success 0.376848 -0.333289 -0.382791 0.609546 0.681188 0.394117 0.095435 2.605743 0.218084 -3.402589 -1.779148 -0.262931 0.017959 0.385020
1776409991.557572 jaka_arm_right success 0.377436 -0.331970 -0.383648 0.608112 0.682563 0.394249 0.094209 2.607908 0.223381 -3.405576 -1.777409 -0.263520 0.018065 0.384776
1776409991.574257 jaka_arm_right success 0.378292 -0.328989 -0.385092 0.607061 0.683452 0.395378 0.089705 2.611012 0.233074 -3.409169 -1.769141 -0.261511 0.026532 0.387288
1776409991.582522 jaka_arm_right success 0.378732 -0.327611 -0.385840 0.605488 0.684798 0.395829 0.088069 2.613592 0.238261 -3.411742 -1.764136 -0.262182 0.031160 0.387082
1776409991.590907 jaka_arm_right success 0.379140 -0.326219 -0.386561 0.604213 0.685583 0.396680 0.086878 2.613752 0.239715 -3.411744 -1.765237 -0.262929 0.032322 0.386332
1776409991.599209 jaka_arm_right success 0.379519 -0.324796 -0.387263 0.602767 0.686389 0.397826 0.085302 2.613941 0.243156 -3.411707 -1.764331 -0.262929 0.034701 0.386346
1776409991.607495 jaka_arm_right success 0.380180 -0.323748 -0.388226 0.599380 0.688816 0.398401 0.086910 2.614267 0.249016 -3.410436 -1.760047 -0.266346 0.034919 0.382786
1776409991.615840 jaka_arm_right success 0.380168 -0.321948 -0.388376 0.601265 0.688054 0.397866 0.082247 2.614182 0.254081 -3.413200 -1.754116 -0.262584 0.041339 0.386953
1776409991.624233 jaka_arm_right success 0.380510 -0.320567 -0.388942 0.600207 0.688544 0.399209 0.079313 2.619415 0.256616 -3.416317 -1.747748 -0.261710 0.052759 0.388783
1776409991.632526 jaka_arm_right success 0.380986 -0.319604 -0.389688 0.597361 0.690651 0.400156 0.077693 2.620041 0.261053 -3.415818 -1.741135 -0.263418 0.061547 0.386937
1776409991.640883 jaka_arm_right success 0.381456 -0.318680 -0.390444 0.594143 0.692681 0.401604 0.076819 2.609450 0.266042 -3.402499 -1.731118 -0.264036 0.072127 0.381003
1776409991.649243 jaka_arm_right success 0.381717 -0.317299 -0.390841 0.594464 0.692645 0.402063 0.072114 2.609233 0.266890 -3.403337 -1.729487 -0.261779 0.080471 0.383361
1776409991.657517 jaka_arm_right success 0.381956 -0.316388 -0.391289 0.592599 0.694313 0.402702 0.067723 2.613035 0.270562 -3.405290 -1.715850 -0.261579 0.101109 0.384579
1776409991.665898 jaka_arm_right success 0.382016 -0.315217 -0.391584 0.592144 0.695210 0.402616 0.062845 2.618120 0.277039 -3.410662 -1.701985 -0.261053 0.117623 0.388138
1776409991.674223 jaka_arm_right success 0.382419 -0.314583 -0.392114 0.589332 0.697968 0.402403 0.059998 2.627083 0.281339 -3.418963 -1.691414 -0.264667 0.132910 0.390150
1776409991.682576 jaka_arm_right success 0.382565 -0.313767 -0.392451 0.588285 0.699752 0.401259 0.057086 2.655198 0.282414 -3.447148 -1.690187 -0.272413 0.140651 0.404235
1776409991.690951 jaka_arm_right success 0.382715 -0.312732 -0.392874 0.588188 0.700393 0.400661 0.054352 2.660859 0.289881 -3.454124 -1.683350 -0.273216 0.145465 0.408632
1776409991.699223 jaka_arm_right success 0.382834 -0.311939 -0.393268 0.587315 0.702392 0.398658 0.052708 2.689256 0.293451 -3.483633 -1.683302 -0.282038 0.146432 0.423106
1776409991.707497 jaka_arm_right success 0.382929 -0.311120 -0.393613 0.586953 0.703878 0.396985 0.049449 2.709047 0.299325 -3.505560 -1.677847 -0.287665 0.153725 0.434435
1776409991.716004 jaka_arm_right success 0.383030 -0.310580 -0.394088 0.585962 0.705881 0.394989 0.048626 2.729537 0.303626 -3.526930 -1.675517 -0.294271 0.155927 0.444804
1776409991.724239 jaka_arm_right success 0.382983 -0.310161 -0.394278 0.585786 0.707912 0.391816 0.046845 2.759737 0.308766 -3.560343 -1.676822 -0.303427 0.154284 0.461633
1776409991.732552 jaka_arm_right success 0.382909 -0.309646 -0.394601 0.585701 0.708885 0.390504 0.044076 2.766157 0.313781 -3.568659 -1.671501 -0.304429 0.160302 0.466631
1776409991.740901 jaka_arm_right success 0.382902 -0.309464 -0.394936 0.584855 0.710899 0.388191 0.043305 2.792983 0.316701 -3.596887 -1.672457 -0.313681 0.160993 0.479543
1776409991.749195 jaka_arm_right success 0.382869 -0.309342 -0.395221 0.584833 0.712041 0.386235 0.042316 2.810379 0.320981 -3.615729 -1.671473 -0.318151 0.161925 0.489654
1776409991.757725 jaka_arm_right success 0.382643 -0.309171 -0.395325 0.585437 0.712998 0.383848 0.039470 2.830087 0.324985 -3.638439 -1.670291 -0.323091 0.165021 0.501830
1776409991.765910 jaka_arm_right success 0.382636 -0.309380 -0.395819 0.584478 0.714636 0.382212 0.039930 2.829721 0.325539 -3.640031 -1.669232 -0.325297 0.164450 0.500128
1776409991.774233 jaka_arm_right success 0.382357 -0.309403 -0.395892 0.586240 0.715389 0.378149 0.039306 2.872349 0.333325 -3.685944 -1.672382 -0.334563 0.159200 0.525611
1776409991.782556 jaka_arm_right success 0.382322 -0.309796 -0.396301 0.585431 0.717153 0.375879 0.040943 2.874014 0.336430 -3.692895 -1.675977 -0.338654 0.149030 0.525442
1776409991.790943 jaka_arm_right success 0.382082 -0.309899 -0.396496 0.586982 0.717555 0.372775 0.040060 2.905411 0.340627 -3.727501 -1.679678 -0.344047 0.145549 0.543010
1776409991.799230 jaka_arm_right success 0.381771 -0.309889 -0.396530 0.589005 0.717596 0.369514 0.039859 2.933597 0.345683 -3.761495 -1.690399 -0.348683 0.131815 0.559327
1776409991.807485 jaka_arm_right success 0.381438 -0.310216 -0.396571 0.589920 0.719007 0.364862 0.043582 2.961653 0.350752 -3.797529 -1.700794 -0.355574 0.111979 0.570637
1776409991.815828 jaka_arm_right success 0.381143 -0.310538 -0.396663 0.590959 0.719797 0.361295 0.046101 2.982263 0.354071 -3.824970 -1.711006 -0.359062 0.095608 0.578699
1776409991.824241 jaka_arm_right success 0.380844 -0.310956 -0.396707 0.590718 0.721769 0.357299 0.049394 3.008469 0.362461 -3.859467 -1.723950 -0.362972 0.072840 0.587162
1776409991.832617 jaka_arm_right success 0.380431 -0.311300 -0.396830 0.590880 0.722643 0.354826 0.052398 3.025849 0.366590 -3.881804 -1.731084 -0.364328 0.059766 0.591905
1776409991.840855 jaka_arm_right success 0.379840 -0.311765 -0.396663 0.590943 0.724249 0.351128 0.054397 3.049428 0.372569 -3.910991 -1.735477 -0.365091 0.050286 0.597492
1776409991.849224 jaka_arm_right success 0.379416 -0.312229 -0.396715 0.590693 0.725486 0.348591 0.056887 3.058104 0.374363 -3.925893 -1.744344 -0.367419 0.035859 0.597599
1776409991.857576 jaka_arm_right success 0.378819 -0.312526 -0.396797 0.591316 0.725440 0.347417 0.058163 3.064027 0.374561 -3.934454 -1.746437 -0.367179 0.031693 0.598865
1776409991.865903 jaka_arm_right success 0.378206 -0.313069 -0.396858 0.590379 0.726594 0.346026 0.061484 3.068402 0.373118 -3.942760 -1.754975 -0.370428 0.017976 0.596346
1776409991.874189 jaka_arm_right success 0.377518 -0.313354 -0.396827 0.590622 0.726547 0.344731 0.066752 3.080419 0.376726 -3.960616 -1.768891 -0.369932 -0.006785 0.596914
1776409991.882502 jaka_arm_right success 0.376721 -0.313379 -0.396552 0.591871 0.725483 0.344371 0.069080 3.080621 0.370718 -3.963345 -1.777436 -0.371945 -0.016907 0.594823
1776409991.890907 jaka_arm_right success 0.376117 -0.314177 -0.396628 0.589330 0.726940 0.344355 0.075289 3.078707 0.364649 -3.963772 -1.788954 -0.379359 -0.034028 0.587516
1776409991.899198 jaka_arm_right success 0.375348 -0.314551 -0.396361 0.589318 0.726693 0.343586 0.081053 3.074750 0.363938 -3.965979 -1.801798 -0.382316 -0.059493 0.584250
1776409991.907494 jaka_arm_right success 0.374307 -0.314707 -0.395849 0.591141 0.725162 0.342928 0.084216 3.075488 0.362921 -3.972146 -1.813359 -0.381578 -0.079575 0.583462
1776409991.915827 jaka_arm_right success 0.373524 -0.315280 -0.395521 0.590332 0.725609 0.342216 0.088815 3.078915 0.361279 -3.979695 -1.824792 -0.383685 -0.097597 0.578949
1776409991.924371 jaka_arm_right success 0.372600 -0.315569 -0.395013 0.591479 0.724348 0.341664 0.093480 3.080790 0.359480 -3.986961 -1.838997 -0.383268 -0.121569 0.576295
1776409991.932503 jaka_arm_right success 0.371915 -0.316126 -0.394671 0.591060 0.723666 0.342561 0.098021 3.081075 0.350903 -3.986783 -1.847377 -0.387935 -0.130862 0.572089
1776409991.940811 jaka_arm_right success 0.371184 -0.316709 -0.394179 0.590475 0.723431 0.343098 0.101345 3.079759 0.345403 -3.986211 -1.855729 -0.391826 -0.141414 0.568770
1776409991.949211 jaka_arm_right success 0.370418 -0.317006 -0.393820 0.591207 0.721695 0.344815 0.103604 3.077338 0.339626 -3.983399 -1.863494 -0.394573 -0.149877 0.567694
1776409991.957536 jaka_arm_right success 0.369724 -0.317633 -0.393228 0.591166 0.721043 0.345799 0.105089 3.075376 0.334741 -3.981199 -1.868341 -0.397407 -0.154445 0.566475
1776409991.965912 jaka_arm_right success 0.369190 -0.318116 -0.392819 0.591453 0.719776 0.347250 0.107348 3.066396 0.329569 -3.972949 -1.877247 -0.402648 -0.165329 0.566831
1776409991.974181 jaka_arm_right success 0.368532 -0.318541 -0.392337 0.592220 0.718243 0.348753 0.108505 3.053910 0.322001 -3.961254 -1.880934 -0.410130 -0.169207 0.568631
1776409991.982492 jaka_arm_right success 0.368035 -0.319179 -0.391890 0.592256 0.717397 0.350304 0.108906 3.040270 0.314958 -3.943207 -1.874490 -0.420013 -0.159003 0.572493
1776409991.990910 jaka_arm_right success 0.367662 -0.319674 -0.391551 0.592255 0.716176 0.352588 0.109577 3.032202 0.308246 -3.933646 -1.880883 -0.425810 -0.162358 0.573816
1776409991.999246 jaka_arm_right success 0.367106 -0.320157 -0.391027 0.593365 0.715060 0.353043 0.109399 3.032105 0.307099 -3.933102 -1.881085 -0.425033 -0.162361 0.574887
1776409992.007485 jaka_arm_right success 0.366640 -0.320707 -0.390565 0.593090 0.714742 0.354316 0.108847 3.024487 0.297818 -3.920677 -1.876548 -0.433025 -0.149292 0.576813
1776409992.015881 jaka_arm_right success 0.366373 -0.321207 -0.390248 0.592576 0.714023 0.356431 0.109464 2.998513 0.292957 -3.895615 -1.878226 -0.447018 -0.152586 0.581980
1776409992.024259 jaka_arm_right success 0.366255 -0.321962 -0.390091 0.590703 0.714073 0.358669 0.111920 2.977748 0.281830 -3.868299 -1.872383 -0.464591 -0.141275 0.585902
1776409992.032666 jaka_arm_right success 0.365787 -0.322444 -0.389695 0.590611 0.713312 0.360399 0.111700 2.976080 0.277095 -3.865351 -1.876922 -0.466901 -0.141360 0.585855
1776409992.040914 jaka_arm_right success 0.365433 -0.322784 -0.389381 0.590562 0.712294 0.362626 0.111248 2.943492 0.268876 -3.827445 -1.867311 -0.485478 -0.127184 0.596489
1776409992.049168 jaka_arm_right success 0.365311 -0.323393 -0.389183 0.588733 0.712213 0.365233 0.112924 2.919262 0.263029 -3.802889 -1.871183 -0.500959 -0.129610 0.600222
1776409992.057590 jaka_arm_right success 0.364870 -0.323924 -0.388835 0.587404 0.712555 0.367111 0.111582 2.900273 0.255824 -3.777571 -1.864644 -0.513260 -0.113989 0.606121
1776409992.065920 jaka_arm_right success 0.364522 -0.324228 -0.388550 0.587008 0.711571 0.369530 0.111961 2.880151 0.249246 -3.754223 -1.865086 -0.525084 -0.110307 0.610950
1776409992.074157 jaka_arm_right success 0.364245 -0.324509 -0.388254 0.586429 0.711035 0.371605 0.111533 2.844625 0.244104 -3.712588 -1.855983 -0.543336 -0.096197 0.621603
1776409992.082501 jaka_arm_right success 0.364185 -0.325128 -0.388282 0.583194 0.711938 0.374237 0.113907 2.813913 0.235956 -3.680248 -1.859461 -0.562479 -0.096960 0.625110
1776409992.090900 jaka_arm_right success 0.363794 -0.325381 -0.387890 0.582554 0.711902 0.375524 0.113179 2.787862 0.230867 -3.648318 -1.853046 -0.575921 -0.083912 0.632264
1776409992.099223 jaka_arm_right success 0.363347 -0.325571 -0.387474 0.582367 0.711675 0.376652 0.111809 2.788072 0.227709 -3.646310 -1.854584 -0.576513 -0.078630 0.632712
1776409992.107504 jaka_arm_right success 0.363210 -0.325962 -0.387372 0.580549 0.712102 0.378202 0.113295 2.747294 0.223759 -3.603855 -1.851497 -0.595852 -0.075516 0.639420
1776409992.115851 jaka_arm_right success 0.362946 -0.326048 -0.387122 0.580412 0.711542 0.379310 0.113817 2.747450 0.220887 -3.601214 -1.853477 -0.596648 -0.074107 0.639650
1776409992.124244 jaka_arm_right success 0.362709 -0.326312 -0.386916 0.579266 0.711931 0.380249 0.114085 2.716126 0.216975 -3.563839 -1.844973 -0.611461 -0.060870 0.646534
1776409992.132523 jaka_arm_right success 0.362600 -0.326521 -0.386806 0.578070 0.712257 0.381098 0.115282 2.710964 0.216140 -3.560829 -1.850798 -0.614789 -0.068299 0.645129
1776409992.140914 jaka_arm_right success 0.362320 -0.326648 -0.386539 0.577785 0.712146 0.381355 0.116535 2.708615 0.213303 -3.558810 -1.854053 -0.616905 -0.070956 0.644302
1776409992.149295 jaka_arm_right success 0.362178 -0.326846 -0.386439 0.576120 0.712527 0.382873 0.117472 2.663486 0.209597 -3.510696 -1.849394 -0.637579 -0.064488 0.653425
1776409992.157579 jaka_arm_right success 0.361883 -0.327002 -0.386063 0.575540 0.713000 0.382899 0.117359 2.663630 0.210064 -3.510599 -1.849766 -0.637999 -0.064178 0.653020
1776409992.165888 jaka_arm_right success 0.361729 -0.327158 -0.385889 0.574307 0.713435 0.383792 0.117838 2.647912 0.205412 -3.489970 -1.848188 -0.646302 -0.056306 0.655658
1776409992.174193 jaka_arm_right success 0.361606 -0.327241 -0.385747 0.572651 0.713599 0.385697 0.118681 2.597243 0.201314 -3.435229 -1.844305 -0.667330 -0.048657 0.664276
1776409992.182540 jaka_arm_right success 0.361452 -0.327365 -0.385562 0.571351 0.713824 0.387067 0.119131 2.583868 0.200723 -3.420627 -1.846083 -0.673027 -0.049201 0.665420
1776409992.190932 jaka_arm_right success 0.361220 -0.327292 -0.385333 0.571241 0.713338 0.388241 0.118746 2.548658 0.197454 -3.379688 -1.842346 -0.684755 -0.038902 0.672087
1776409992.199231 jaka_arm_right success 0.361053 -0.327525 -0.385112 0.569359 0.714247 0.389352 0.118685 2.540248 0.196526 -3.367658 -1.840084 -0.688795 -0.032413 0.672206
1776409992.207496 jaka_arm_right success 0.360886 -0.327526 -0.384846 0.568689 0.714156 0.390591 0.118373 2.504352 0.194466 -3.328749 -1.838228 -0.698751 -0.026664 0.675124
1776409992.215869 jaka_arm_right success 0.360740 -0.327578 -0.384575 0.567513 0.714613 0.391722 0.117521 2.473024 0.190939 -3.289864 -1.835050 -0.705176 -0.014327 0.676939
1776409992.224247 jaka_arm_right success 0.360676 -0.327635 -0.384379 0.566504 0.714971 0.392508 0.117591 2.473328 0.191494 -3.289633 -1.835533 -0.705763 -0.014017 0.676358
1776409992.232525 jaka_arm_right success 0.360578 -0.327568 -0.384153 0.566136 0.714648 0.393625 0.117595 2.423322 0.189238 -3.237013 -1.834168 -0.714334 -0.008338 0.675772
1776409992.249185 jaka_arm_right success 0.360331 -0.327710 -0.383678 0.564343 0.715329 0.394727 0.118368 2.424604 0.187606 -3.233652 -1.834348 -0.715452 -0.004372 0.674786
1776409992.257560 jaka_arm_right success 0.360189 -0.327645 -0.383409 0.564041 0.715108 0.395225 0.119478 2.408974 0.186015 -3.217174 -1.834899 -0.718192 -0.005021 0.673682
1776409992.265900 jaka_arm_right success 0.360014 -0.327624 -0.383118 0.563243 0.715237 0.395972 0.120000 2.391094 0.187145 -3.200025 -1.835843 -0.721234 -0.006957 0.672124
1776409992.274235 jaka_arm_right success 0.359812 -0.327562 -0.382852 0.562487 0.715376 0.396746 0.120158 2.365066 0.184780 -3.168026 -1.832788 -0.724203 0.003142 0.671041
1776409992.282596 jaka_arm_right success 0.359681 -0.327325 -0.382662 0.562460 0.714587 0.398036 0.120711 2.345340 0.181473 -3.147885 -1.838271 -0.726079 0.000443 0.670039
1776409992.290908 jaka_arm_right success 0.359574 -0.327351 -0.382472 0.561293 0.715017 0.398597 0.121742 2.329365 0.183733 -3.132177 -1.837026 -0.729431 -0.000858 0.667247
1776409992.299320 jaka_arm_right success 0.359482 -0.327332 -0.382301 0.560062 0.715413 0.399543 0.121985 2.290643 0.183641 -3.085987 -1.831476 -0.732614 0.010557 0.664309
1776409992.307519 jaka_arm_right success 0.359285 -0.327203 -0.382047 0.559864 0.715219 0.400141 0.122074 2.289048 0.182235 -3.085434 -1.834780 -0.732976 0.008082 0.663857
1776409992.315910 jaka_arm_right success 0.359101 -0.327224 -0.381707 0.558810 0.715702 0.400807 0.121887 2.249820 0.181380 -3.039426 -1.829818 -0.734224 0.019842 0.658445
1776409992.324241 jaka_arm_right success 0.358957 -0.327213 -0.381481 0.558129 0.715770 0.401498 0.122331 2.249820 0.181625 -3.039049 -1.830646 -0.734633 0.019125 0.658000
1776409992.340842 jaka_arm_right success 0.358642 -0.327197 -0.380895 0.556422 0.715798 0.403741 0.122563 2.175283 0.179467 -2.957392 -1.829718 -0.733530 0.030023 0.645229
1776409992.349314 jaka_arm_right success 0.358445 -0.327031 -0.380624 0.555987 0.715335 0.405265 0.122205 2.175170 0.181231 -2.956068 -1.830853 -0.733502 0.029822 0.644997
1776409992.357541 jaka_arm_right success 0.358286 -0.326962 -0.380341 0.555560 0.714818 0.406249 0.123899 2.128509 0.181330 -2.907844 -1.831903 -0.731339 0.029621 0.635347
1776409992.365915 jaka_arm_right success 0.358086 -0.326983 -0.379996 0.554935 0.714891 0.406624 0.125037 2.129096 0.181083 -2.907418 -1.832089 -0.732771 0.029580 0.633902
1776409992.374183 jaka_arm_right success 0.357880 -0.327054 -0.379699 0.553349 0.715408 0.407515 0.126208 2.078887 0.180279 -2.855791 -1.833716 -0.730969 0.032223 0.621871
1776409992.382529 jaka_arm_right success 0.357585 -0.327006 -0.379290 0.552764 0.715131 0.408680 0.126574 2.079832 0.180792 -2.854815 -1.834267 -0.731080 0.032004 0.621724
1776409992.390887 jaka_arm_right success 0.357330 -0.326845 -0.378966 0.552592 0.714649 0.409145 0.128526 2.076025 0.181060 -2.853682 -1.838828 -0.732193 0.022790 0.620094
1776409992.399320 jaka_arm_right success 0.357091 -0.326887 -0.378480 0.552304 0.714513 0.409393 0.129729 2.046908 0.178559 -2.824057 -1.842590 -0.731637 0.022971 0.614762
1776409992.407498 jaka_arm_right success 0.356850 -0.327098 -0.378152 0.550788 0.715067 0.409868 0.131602 2.042848 0.178031 -2.820389 -1.845035 -0.733739 0.018583 0.611891
1776409992.415845 jaka_arm_right success 0.356695 -0.327135 -0.377826 0.549876 0.714693 0.411394 0.132682 1.973670 0.180033 -2.744820 -1.840805 -0.732671 0.029384 0.600660
1776409992.432526 jaka_arm_right success 0.355993 -0.327277 -0.376927 0.549193 0.714044 0.413215 0.133348 1.940123 0.180682 -2.710066 -1.844721 -0.730984 0.028301 0.593351
1776409992.440832 jaka_arm_right success 0.355856 -0.327504 -0.376676 0.548053 0.713670 0.415101 0.134180 1.885033 0.185472 -2.642969 -1.834650 -0.726812 0.046112 0.579216
1776409992.449351 jaka_arm_right success 0.355594 -0.327738 -0.376305 0.547145 0.713391 0.416750 0.134263 1.853873 0.186293 -2.612315 -1.839729 -0.722779 0.043689 0.570755
1776409992.457542 jaka_arm_right success 0.355302 -0.327872 -0.375832 0.547078 0.712772 0.418216 0.133256 1.841512 0.186707 -2.594322 -1.837281 -0.718945 0.052743 0.566958
1776409992.465908 jaka_arm_right success 0.355072 -0.327998 -0.375552 0.546872 0.711920 0.419596 0.134317 1.770947 0.189444 -2.518485 -1.834448 -0.705418 0.062049 0.543916
1776409992.474199 jaka_arm_right success 0.354833 -0.328246 -0.375178 0.546241 0.711669 0.420932 0.134032 1.771481 0.190379 -2.518020 -1.835493 -0.705330 0.062514 0.543938
1776409992.482503 jaka_arm_right success 0.354557 -0.328496 -0.374789 0.545826 0.711373 0.421858 0.134381 1.742146 0.193347 -2.482732 -1.829802 -0.698295 0.072687 0.532543
1776409992.490910 jaka_arm_right success 0.354347 -0.328703 -0.374480 0.545292 0.711120 0.422858 0.134745 1.730866 0.191332 -2.471323 -1.835292 -0.695567 0.070618 0.528831
1776409992.499201 jaka_arm_right success 0.353874 -0.328843 -0.373969 0.545753 0.710749 0.423042 0.134258 1.727715 0.191301 -2.467171 -1.834227 -0.693761 0.072564 0.528382
1776409992.507484 jaka_arm_right success 0.353631 -0.329011 -0.373648 0.545380 0.710390 0.423740 0.135462 1.711382 0.191834 -2.450772 -1.837055 -0.690638 0.070832 0.522298
1776409992.515881 jaka_arm_right success 0.353279 -0.329247 -0.373271 0.544691 0.710634 0.424206 0.135503 1.672738 0.196586 -2.407016 -1.829530 -0.682413 0.083046 0.505479
1776409992.524246 jaka_arm_right success 0.352962 -0.329305 -0.372894 0.544960 0.710066 0.424652 0.135999 1.672048 0.194528 -2.405897 -1.832601 -0.681055 0.080969 0.506540
1776409992.532508 jaka_arm_right success 0.352661 -0.329544 -0.372464 0.544455 0.710228 0.424923 0.136327 1.669030 0.192538 -2.404331 -1.837316 -0.680812 0.077115 0.505752
1776409992.540899 jaka_arm_right success 0.352401 -0.329758 -0.372096 0.543929 0.710466 0.425091 0.136659 1.648855 0.191626 -2.385114 -1.840434 -0.676925 0.076962 0.497911
1776409992.549245 jaka_arm_right success 0.352152 -0.330055 -0.371776 0.542794 0.710876 0.425480 0.137830 1.641684 0.193482 -2.372911 -1.835539 -0.675615 0.083262 0.492805
1776409992.557547 jaka_arm_right success 0.351777 -0.330280 -0.371310 0.542504 0.710877 0.425721 0.138222 1.623383 0.189945 -2.355900 -1.841479 -0.670937 0.081278 0.487283
1776409992.565902 jaka_arm_right success 0.351547 -0.330588 -0.370961 0.541171 0.711448 0.426203 0.139020 1.612856 0.193775 -2.341962 -1.837485 -0.669559 0.086280 0.480546
1776409992.574188 jaka_arm_right success 0.351223 -0.330666 -0.370505 0.541669 0.710817 0.426545 0.139262 1.594176 0.190444 -2.324469 -1.842957 -0.664039 0.083933 0.475642
1776409992.582517 jaka_arm_right success 0.350861 -0.330905 -0.369960 0.541369 0.710879 0.426866 0.139125 1.594412 0.190691 -2.324280 -1.843389 -0.664166 0.084186 0.475476
1776409992.590895 jaka_arm_right success 0.350553 -0.331046 -0.369504 0.541321 0.710710 0.427100 0.139460 1.572666 0.192480 -2.301089 -1.842670 -0.659242 0.087985 0.466415
1776409992.599228 jaka_arm_right success 0.350352 -0.331472 -0.369018 0.539911 0.711233 0.427608 0.140692 1.548210 0.194530 -2.275620 -1.842826 -0.654878 0.089879 0.455164
1776409992.607493 jaka_arm_right success 0.349995 -0.331702 -0.368410 0.539759 0.711226 0.427766 0.140832 1.548676 0.192503 -2.274644 -1.843259 -0.653992 0.090931 0.455920
1776409992.615893 jaka_arm_right success 0.349627 -0.331677 -0.367785 0.540450 0.710242 0.428527 0.140834 1.544775 0.190245 -2.270606 -1.847028 -0.651263 0.088873 0.456580
1776409992.624337 jaka_arm_right success 0.349357 -0.332018 -0.367139 0.539488 0.710561 0.429029 0.141384 1.519544 0.191476 -2.239566 -1.842434 -0.644389 0.099218 0.445447
1776409992.632578 jaka_arm_right success 0.349071 -0.332194 -0.366440 0.539569 0.710001 0.429836 0.141439 1.513681 0.190518 -2.235656 -1.848519 -0.642670 0.093935 0.444657
1776409992.640919 jaka_arm_right success 0.348863 -0.332662 -0.365698 0.538299 0.710556 0.430436 0.141664 1.480328 0.192625 -2.198209 -1.846141 -0.633938 0.103603 0.429999
1776409992.649272 jaka_arm_right success 0.348558 -0.332814 -0.364943 0.538556 0.709939 0.431192 0.141485 1.480499 0.191283 -2.196852 -1.846547 -0.632465 0.104556 0.431113
1776409992.657515 jaka_arm_right success 0.348353 -0.333038 -0.364082 0.538694 0.709121 0.432323 0.141605 1.450862 0.190183 -2.166179 -1.850691 -0.622742 0.106006 0.421648
1776409992.665941 jaka_arm_right success 0.348153 -0.333486 -0.363187 0.537347 0.709669 0.433269 0.141090 1.445126 0.192116 -2.154240 -1.844563 -0.620554 0.117926 0.416517
1776409992.674209 jaka_arm_right success 0.348124 -0.333863 -0.362342 0.536334 0.709775 0.433914 0.142420 1.430893 0.192062 -2.139825 -1.847420 -0.617800 0.115728 0.409835
1776409992.682512 jaka_arm_right success 0.347902 -0.334007 -0.361258 0.537174 0.709050 0.434158 0.142122 1.420431 0.188893 -2.128104 -1.849323 -0.611898 0.117219 0.408665
1776409992.690938 jaka_arm_right success 0.347658 -0.334248 -0.360044 0.536948 0.709028 0.434765 0.141229 1.414597 0.188059 -2.118220 -1.846710 -0.607776 0.125335 0.406741
1776409992.699224 jaka_arm_right success 0.347566 -0.334279 -0.358932 0.537719 0.707994 0.435519 0.141160 1.404060 0.185589 -2.108960 -1.852353 -0.603195 0.121380 0.405361
1776409992.707490 jaka_arm_right success 0.347719 -0.334635 -0.357984 0.535849 0.708363 0.436887 0.142187 1.374626 0.190216 -2.073770 -1.847783 -0.595097 0.132196 0.389988
1776409992.724409 jaka_arm_right success 0.347723 -0.335211 -0.355504 0.535294 0.708063 0.437912 0.142619 1.369059 0.183906 -2.065295 -1.854037 -0.590677 0.130419 0.390350
1776409992.732505 jaka_arm_right success 0.347891 -0.335448 -0.354355 0.534811 0.707805 0.438800 0.142981 1.351231 0.184091 -2.042659 -1.851794 -0.583675 0.138052 0.382751
1776409992.740895 jaka_arm_right success 0.348022 -0.335669 -0.353095 0.535010 0.707508 0.439436 0.141748 1.351423 0.181562 -2.041481 -1.852361 -0.581293 0.140596 0.384875
1776409992.749205 jaka_arm_right success 0.348310 -0.335866 -0.351844 0.535015 0.707609 0.439572 0.140800 1.351783 0.177622 -2.040373 -1.852632 -0.578860 0.143630 0.387227
1776409992.757711 jaka_arm_right success 0.348744 -0.336022 -0.350457 0.535706 0.708039 0.438494 0.139363 1.352064 0.171401 -2.039908 -1.853374 -0.575603 0.146975 0.390922
1776409992.765913 jaka_arm_right success 0.349221 -0.336167 -0.349196 0.535749 0.708806 0.437395 0.138755 1.352723 0.162977 -2.039517 -1.854237 -0.572932 0.149711 0.394454
1776409992.774207 jaka_arm_right success 0.349716 -0.336197 -0.348029 0.535531 0.708649 0.437728 0.139343 1.353727 0.163288 -2.038546 -1.854736 -0.572628 0.149447 0.394642
1776409992.782482 jaka_arm_right success 0.350090 -0.336336 -0.346717 0.535191 0.709310 0.437393 0.138339 1.354872 0.155185 -2.038000 -1.856619 -0.569910 0.152727 0.398246
1776409992.790909 jaka_arm_right success 0.350644 -0.336245 -0.345578 0.535111 0.708937 0.437983 0.138693 1.355679 0.155780 -2.037229 -1.857101 -0.569286 0.152505 0.398769
1776409992.799233 jaka_arm_right success 0.351172 -0.336370 -0.344295 0.534655 0.709861 0.437221 0.138126 1.374390 0.146142 -2.054438 -1.860572 -0.574275 0.151742 0.410867
1776409992.815844 jaka_arm_right success 0.352392 -0.336326 -0.341878 0.534145 0.711201 0.435954 0.137206 1.410636 0.134677 -2.086913 -1.864341 -0.586188 0.151718 0.434077
1776409992.824200 jaka_arm_right success 0.353038 -0.336075 -0.340720 0.534793 0.710961 0.435742 0.136602 1.410822 0.132703 -2.087182 -1.864814 -0.584737 0.152102 0.436050
1776409992.832523 jaka_arm_right success 0.353737 -0.335962 -0.339689 0.534619 0.710992 0.436150 0.135815 1.424804 0.129992 -2.098152 -1.865700 -0.589308 0.153620 0.445120
1776409992.840901 jaka_arm_right success 0.354445 -0.335906 -0.338697 0.534904 0.711000 0.436022 0.135062 1.440328 0.127311 -2.111215 -1.864575 -0.594943 0.155563 0.455963
1776409992.849168 jaka_arm_right success 0.355299 -0.335909 -0.337876 0.534241 0.711427 0.436601 0.133556 1.473184 0.124011 -2.138469 -1.863046 -0.609967 0.162040 0.477789
1776409992.857637 jaka_arm_right success 0.356085 -0.335764 -0.336934 0.535414 0.711221 0.436138 0.131455 1.488210 0.121693 -2.149396 -1.858980 -0.614971 0.168982 0.489926
1776409992.865921 jaka_arm_right success 0.357088 -0.335660 -0.336451 0.534951 0.710740 0.437976 0.129819 1.489515 0.123070 -2.148704 -1.859820 -0.613804 0.171920 0.490941
1776409992.874225 jaka_arm_right success 0.358097 -0.335759 -0.336067 0.534521 0.710753 0.438977 0.128127 1.496727 0.126983 -2.147020 -1.846857 -0.613724 0.189463 0.491745
1776409992.882649 jaka_arm_right success 0.358976 -0.335627 -0.335552 0.536317 0.709711 0.439537 0.124427 1.538655 0.125817 -2.181474 -1.842947 -0.637000 0.197555 0.528562
1776409992.890931 jaka_arm_right success 0.360139 -0.335499 -0.335359 0.537080 0.709026 0.440834 0.120385 1.543868 0.129319 -2.180451 -1.833329 -0.634433 0.214132 0.531522
1776409992.899261 jaka_arm_right success 0.361333 -0.335361 -0.335306 0.537918 0.708803 0.441383 0.115859 1.583435 0.131791 -2.207971 -1.823384 -0.659455 0.231797 0.565718
1776409992.907505 jaka_arm_right success 0.362610 -0.335342 -0.335425 0.538117 0.708890 0.441997 0.111998 1.589616 0.135950 -2.207641 -1.811198 -0.658448 0.250229 0.568196
1776409992.915868 jaka_arm_right success 0.363798 -0.335170 -0.335506 0.539518 0.708757 0.441666 0.107308 1.633528 0.139471 -2.239985 -1.803831 -0.692409 0.264889 0.613291
1776409992.924268 jaka_arm_right success 0.365128 -0.334965 -0.335765 0.540616 0.708971 0.441014 0.102961 1.661009 0.141704 -2.257318 -1.794072 -0.713112 0.281476 0.640885
1776409992.932553 jaka_arm_right success 0.366380 -0.334665 -0.336094 0.541899 0.709317 0.439586 0.099894 1.689245 0.144260 -2.277643 -1.788209 -0.738947 0.292303 0.672531
1776409992.940880 jaka_arm_right success 0.367716 -0.334296 -0.336574 0.543054 0.710085 0.437507 0.097259 1.724696 0.148075 -2.304058 -1.783677 -0.775661 0.301396 0.714777
1776409992.949178 jaka_arm_right success 0.368961 -0.333809 -0.337172 0.544025 0.711030 0.435073 0.095833 1.761926 0.152375 -2.333979 -1.782568 -0.819641 0.305594 0.763210
1776409992.957540 jaka_arm_right success 0.370285 -0.333330 -0.337855 0.544451 0.712442 0.432441 0.094838 1.782251 0.155066 -2.349919 -1.778394 -0.845194 0.311768 0.789061
1776409992.965882 jaka_arm_right success 0.371541 -0.332793 -0.338531 0.545539 0.713674 0.429223 0.093940 1.820756 0.158661 -2.381110 -1.780067 -0.897001 0.314670 0.844976
1776409992.974241 jaka_arm_right success 0.372675 -0.332251 -0.339244 0.546527 0.715342 0.425337 0.093179 1.854846 0.161127 -2.408557 -1.781673 -0.946525 0.318611 0.897772
1776409992.982495 jaka_arm_right success 0.373794 -0.331601 -0.340008 0.547500 0.716438 0.422512 0.091890 1.883174 0.164987 -2.429499 -1.781726 -0.987315 0.324885 0.942354
1776409992.990924 jaka_arm_right success 0.374830 -0.330771 -0.340857 0.549242 0.716677 0.420021 0.091051 1.909509 0.169491 -2.447280 -1.780546 -1.024511 0.331673 0.984146
1776409992.999269 jaka_arm_right success 0.375893 -0.330260 -0.341859 0.549259 0.718268 0.417417 0.090383 1.925995 0.174275 -2.458432 -1.777567 -1.049950 0.339022 1.008413
1776409993.007487 jaka_arm_right success 0.376965 -0.329775 -0.342891 0.549138 0.719365 0.415791 0.089881 1.940434 0.178116 -2.470149 -1.777588 -1.075834 0.341988 1.033779
1776409993.015964 jaka_arm_right success 0.377888 -0.329074 -0.343900 0.550328 0.719854 0.413812 0.087802 1.960592 0.185691 -2.482197 -1.773417 -1.104646 0.352556 1.065170
1776409993.024271 jaka_arm_right success 0.378798 -0.328458 -0.344930 0.550856 0.720772 0.411827 0.086276 1.970972 0.191571 -2.487565 -1.767559 -1.118378 0.361965 1.078312
1776409993.032579 jaka_arm_right success 0.379680 -0.327740 -0.345955 0.551805 0.721265 0.410187 0.083870 1.984615 0.195722 -2.494032 -1.764217 -1.134864 0.372948 1.098753
1776409993.040847 jaka_arm_right success 0.380658 -0.327098 -0.347008 0.551650 0.722676 0.408351 0.081682 1.992353 0.202704 -2.496857 -1.757007 -1.142479 0.384590 1.104784
1776409993.049244 jaka_arm_right success 0.381457 -0.326202 -0.348105 0.552995 0.722896 0.406479 0.079956 2.012361 0.209459 -2.508439 -1.755997 -1.173718 0.392744 1.140427
1776409993.057545 jaka_arm_right success 0.382326 -0.325586 -0.349251 0.552333 0.724535 0.404773 0.078337 2.015507 0.212384 -2.509932 -1.752375 -1.177153 0.400262 1.141078
1776409993.065895 jaka_arm_right success 0.383070 -0.324785 -0.350294 0.552320 0.726246 0.402058 0.076542 2.034657 0.220395 -2.519611 -1.749275 -1.206104 0.413403 1.170918
1776409993.074181 jaka_arm_right success 0.383755 -0.323766 -0.351215 0.553287 0.727080 0.399646 0.074242 2.048250 0.225738 -2.526170 -1.747495 -1.225440 0.424804 1.192793
1776409993.082516 jaka_arm_right success 0.384447 -0.323022 -0.352259 0.552541 0.729171 0.397106 0.072901 2.055368 0.231511 -2.528916 -1.741643 -1.233917 0.435782 1.197671
1776409993.090881 jaka_arm_right success 0.385077 -0.322100 -0.353254 0.552270 0.730788 0.394673 0.071971 2.067231 0.234777 -2.537141 -1.745435 -1.259327 0.440852 1.223089
1776409993.099269 jaka_arm_right success 0.385694 -0.321203 -0.354200 0.552287 0.732452 0.391693 0.071198 2.081746 0.244993 -2.544571 -1.740709 -1.284505 0.452146 1.245932
1776409993.107511 jaka_arm_right success 0.386295 -0.320245 -0.355170 0.552098 0.733705 0.389687 0.070772 2.089222 0.248408 -2.549423 -1.741158 -1.300827 0.456500 1.261281
1776409993.115927 jaka_arm_right success 0.386749 -0.319431 -0.356074 0.551199 0.735595 0.387512 0.070102 2.098755 0.252020 -2.552782 -1.740069 -1.314424 0.467230 1.272819
1776409993.124236 jaka_arm_right success 0.387234 -0.318625 -0.356894 0.550588 0.737391 0.384999 0.069880 2.109407 0.255693 -2.556568 -1.740191 -1.330971 0.476893 1.288748
1776409993.132562 jaka_arm_right success 0.387675 -0.317749 -0.357610 0.550209 0.738635 0.383286 0.069134 2.115154 0.261215 -2.560459 -1.738345 -1.343789 0.482131 1.298909
1776409993.140946 jaka_arm_right success 0.388086 -0.316987 -0.358244 0.550262 0.739984 0.380556 0.069369 2.126963 0.265064 -2.565503 -1.740271 -1.365926 0.490875 1.321581
1776409993.149187 jaka_arm_right success 0.388646 -0.316338 -0.359122 0.549377 0.741170 0.379110 0.071600 2.124839 0.265594 -2.572206 -1.747952 -1.387234 0.479682 1.337163
1776409993.157558 jaka_arm_right success 0.389000 -0.315622 -0.359707 0.548832 0.742172 0.377831 0.072164 2.133055 0.270486 -2.574213 -1.745805 -1.400363 0.486733 1.347760
1776409993.165947 jaka_arm_right success 0.389385 -0.315104 -0.360335 0.547948 0.743497 0.376400 0.072721 2.138713 0.275297 -2.577831 -1.745886 -1.415910 0.490407 1.360342
1776409993.174168 jaka_arm_right success 0.389797 -0.314493 -0.360909 0.547393 0.744503 0.375103 0.073302 2.140361 0.277844 -2.581184 -1.747492 -1.428574 0.489390 1.369837
1776409993.182498 jaka_arm_right success 0.390154 -0.314088 -0.361442 0.546920 0.745715 0.373052 0.074961 2.147906 0.280048 -2.585001 -1.750892 -1.449949 0.493661 1.388189
1776409993.190888 jaka_arm_right success 0.390581 -0.313549 -0.362129 0.546222 0.746355 0.372393 0.076932 2.144334 0.279957 -2.588283 -1.754859 -1.461206 0.485367 1.394740
1776409993.199234 jaka_arm_right success 0.390725 -0.312871 -0.362336 0.547873 0.746165 0.370455 0.076398 2.153988 0.284440 -2.591958 -1.756903 -1.483345 0.493131 1.420873
1776409993.207492 jaka_arm_right success 0.391057 -0.312455 -0.362861 0.547537 0.746715 0.369635 0.077394 2.153536 0.286250 -2.594208 -1.758171 -1.492494 0.490464 1.427369
1776409993.216000 jaka_arm_right success 0.391562 -0.312362 -0.363417 0.545591 0.748207 0.369267 0.078472 2.154084 0.285832 -2.594311 -1.758932 -1.494630 0.491002 1.425191
1776409993.224277 jaka_arm_right success 0.391904 -0.311821 -0.363884 0.546464 0.747602 0.369111 0.078898 2.156452 0.291176 -2.596225 -1.756835 -1.504373 0.491506 1.434230
1776409993.232549 jaka_arm_right success 0.392138 -0.311610 -0.364173 0.546087 0.748624 0.367703 0.078398 2.159426 0.290158 -2.596313 -1.757819 -1.506236 0.496828 1.436341
1776409993.240943 jaka_arm_right success 0.392442 -0.311411 -0.364557 0.545548 0.749094 0.367489 0.078657 2.159415 0.291716 -2.596963 -1.756995 -1.508465 0.496716 1.435931
1776409993.249205 jaka_arm_right success 0.392848 -0.311190 -0.365075 0.544818 0.749576 0.367586 0.078671 2.159668 0.293099 -2.597195 -1.756894 -1.509665 0.496708 1.435315
1776409993.257535 jaka_arm_right success 0.393201 -0.310834 -0.365383 0.545385 0.749434 0.367012 0.078782 2.163745 0.298407 -2.598099 -1.753213 -1.516498 0.500454 1.441990
1776409993.265893 jaka_arm_right success 0.393484 -0.310631 -0.365694 0.545757 0.749563 0.366295 0.078312 2.166696 0.301111 -2.599194 -1.752365 -1.522359 0.504069 1.448542
1776409993.274210 jaka_arm_right success 0.393934 -0.310588 -0.366263 0.544507 0.750509 0.366103 0.078846 2.167141 0.301122 -2.599106 -1.752985 -1.523464 0.504156 1.447301
1776409993.282531 jaka_arm_right success 0.394364 -0.310281 -0.366736 0.545717 0.749901 0.365694 0.078165 2.166383 0.301820 -2.599824 -1.751657 -1.523430 0.504294 1.448413
1776409993.290896 jaka_arm_right success 0.394826 -0.310159 -0.367254 0.545597 0.750097 0.365307 0.078927 2.168468 0.306916 -2.601215 -1.748200 -1.530806 0.505464 1.452834
1776409993.299248 jaka_arm_right success 0.395236 -0.309917 -0.367634 0.546353 0.750330 0.364093 0.077067 2.170924 0.307647 -2.601494 -1.747608 -1.530263 0.510972 1.455399
1776409993.307491 jaka_arm_right success 0.395842 -0.309822 -0.368299 0.545852 0.750680 0.364151 0.076933 2.171485 0.310243 -2.601928 -1.746472 -1.531625 0.511564 1.454824
1776409993.315909 jaka_arm_right success 0.396337 -0.309677 -0.368900 0.545581 0.751403 0.363388 0.075392 2.175838 0.315363 -2.602139 -1.741941 -1.531850 0.518706 1.455059
1776409993.324241 jaka_arm_right success 0.397070 -0.309825 -0.369660 0.544107 0.752580 0.363049 0.075943 2.176331 0.316375 -2.602770 -1.741433 -1.534148 0.519821 1.452464
1776409993.332541 jaka_arm_right success 0.397416 -0.309413 -0.370224 0.545838 0.752218 0.361675 0.073620 2.181184 0.321118 -2.602822 -1.735353 -1.532734 0.528342 1.454469
1776409993.340869 jaka_arm_right success 0.397969 -0.309358 -0.370809 0.545557 0.753028 0.360632 0.072535 2.185190 0.325505 -2.603083 -1.731405 -1.532285 0.535421 1.453938
1776409993.349207 jaka_arm_right success 0.398516 -0.309121 -0.371493 0.545681 0.753461 0.359668 0.071887 2.185882 0.326972 -2.603826 -1.729425 -1.532712 0.537950 1.453646
1776409993.357581 jaka_arm_right success 0.399098 -0.309008 -0.372185 0.544947 0.754244 0.359032 0.072421 2.188653 0.332942 -2.604568 -1.723397 -1.535746 0.541220 1.451969
1776409993.365894 jaka_arm_right success 0.399653 -0.308854 -0.372824 0.543797 0.755761 0.357699 0.071844 2.193184 0.335191 -2.604924 -1.721639 -1.536855 0.549188 1.449788
1776409993.374207 jaka_arm_right success 0.400055 -0.308437 -0.373375 0.544569 0.755817 0.356493 0.071399 2.195500 0.338587 -2.605475 -1.717107 -1.538152 0.552765 1.451042
1776409993.382501 jaka_arm_right success 0.400431 -0.308082 -0.373939 0.544870 0.756398 0.354766 0.071549 2.200935 0.343523 -2.606425 -1.711964 -1.542923 0.560127 1.454807
1776409993.390938 jaka_arm_right success 0.400993 -0.307996 -0.374645 0.543443 0.757929 0.353596 0.071990 2.200987 0.343084 -2.607230 -1.712716 -1.545147 0.561212 1.452575
1776409993.399237 jaka_arm_right success 0.401533 -0.307758 -0.375209 0.543230 0.758571 0.352384 0.072780 2.207459 0.349631 -2.608611 -1.708795 -1.555054 0.567561 1.460199
1776409993.407497 jaka_arm_right success 0.401991 -0.307446 -0.375803 0.543779 0.758735 0.351087 0.073242 2.208468 0.353704 -2.611179 -1.708150 -1.565995 0.567574 1.469090
1776409993.415880 jaka_arm_right success 0.402432 -0.307276 -0.376439 0.543186 0.759587 0.350256 0.072789 2.208080 0.353585 -2.611755 -1.708261 -1.566355 0.568199 1.468754
1776409993.424288 jaka_arm_right success 0.402989 -0.307023 -0.377169 0.543379 0.759681 0.349707 0.073005 2.212001 0.359266 -2.612686 -1.704073 -1.571561 0.572318 1.471859
1776409993.432549 jaka_arm_right success 0.403410 -0.306885 -0.377740 0.543177 0.760171 0.349220 0.071727 2.211498 0.359428 -2.613232 -1.704217 -1.571439 0.572847 1.471898
1776409993.440815 jaka_arm_right success 0.403746 -0.306635 -0.378271 0.543962 0.760449 0.347814 0.069629 2.218783 0.362196 -2.613082 -1.701957 -1.569817 0.584961 1.474756
1776409993.449172 jaka_arm_right success 0.404340 -0.306593 -0.378957 0.543325 0.761076 0.347440 0.069619 2.218810 0.364022 -2.613879 -1.700452 -1.571631 0.585305 1.473535
1776409993.457533 jaka_arm_right success 0.404718 -0.306329 -0.379540 0.544075 0.761063 0.346387 0.069152 2.220080 0.367657 -2.614821 -1.696297 -1.573207 0.587604 1.474568
1776409993.465928 jaka_arm_right success 0.405252 -0.306205 -0.380219 0.543238 0.761727 0.346384 0.068436 2.221124 0.370656 -2.615604 -1.695032 -1.573793 0.589908 1.473580
1776409993.474230 jaka_arm_right success 0.405672 -0.306013 -0.380714 0.542916 0.762435 0.345627 0.066909 2.228174 0.376701 -2.615450 -1.688521 -1.572216 0.600099 1.472285
1776409993.482514 jaka_arm_right success 0.406114 -0.305733 -0.381300 0.542529 0.762715 0.345623 0.066879 2.227311 0.379380 -2.616120 -1.685830 -1.572763 0.599052 1.469877
1776409993.490902 jaka_arm_right success 0.406489 -0.305682 -0.381848 0.541396 0.764065 0.344323 0.067355 2.227252 0.378817 -2.616992 -1.686264 -1.574690 0.600139 1.467954
1776409993.499274 jaka_arm_right success 0.406857 -0.305359 -0.382392 0.541259 0.764475 0.343672 0.067128 2.229097 0.382036 -2.617444 -1.682863 -1.575361 0.602734 1.467545
1776409993.507492 jaka_arm_right success 0.407088 -0.305214 -0.382753 0.541572 0.765361 0.340988 0.068188 2.235588 0.386566 -2.618614 -1.676837 -1.581648 0.610893 1.470337
1776409993.524239 jaka_arm_right success 0.407616 -0.304638 -0.383601 0.542101 0.765946 0.338783 0.068405 2.241579 0.392046 -2.621188 -1.675594 -1.593471 0.618079 1.481551
1776409993.532570 jaka_arm_right success 0.407978 -0.304378 -0.384174 0.541933 0.766245 0.338356 0.068504 2.240384 0.393672 -2.622337 -1.675263 -1.597720 0.615984 1.483899
1776409993.540968 jaka_arm_right success 0.408282 -0.304301 -0.384576 0.541904 0.766626 0.337492 0.068728 2.244041 0.395766 -2.623104 -1.675171 -1.602614 0.620316 1.488972
1776409993.549178 jaka_arm_right success 0.408584 -0.304243 -0.385058 0.541782 0.766902 0.336971 0.069164 2.244068 0.395231 -2.623217 -1.674866 -1.603255 0.620438 1.488648
1776409993.557508 jaka_arm_right success 0.408787 -0.304181 -0.385281 0.542409 0.767035 0.335930 0.067838 2.243147 0.395359 -2.624184 -1.674568 -1.602992 0.621425 1.489166
1776409993.565891 jaka_arm_right success 0.409002 -0.304019 -0.385592 0.543055 0.766933 0.335387 0.066499 2.245945 0.398037 -2.624758 -1.672493 -1.603668 0.626008 1.491306
1776409993.574150 jaka_arm_right success 0.409380 -0.304069 -0.386137 0.542474 0.767277 0.335576 0.066300 2.245959 0.398540 -2.624827 -1.672888 -1.603587 0.626059 1.491155
1776409993.582471 jaka_arm_right success 0.409616 -0.304100 -0.386572 0.542573 0.767569 0.334736 0.066361 2.246746 0.400633 -2.625579 -1.670512 -1.604976 0.627584 1.491429
1776409993.590938 jaka_arm_right success 0.409824 -0.304165 -0.386857 0.543078 0.767849 0.333319 0.066126 2.251754 0.405176 -2.626280 -1.665722 -1.607848 0.634015 1.493949
1776409993.599248 jaka_arm_right success 0.409980 -0.303960 -0.387168 0.544048 0.767450 0.332921 0.064769 2.251043 0.405492 -2.626649 -1.665216 -1.606607 0.634461 1.495317
1776409993.607553 jaka_arm_right success 0.410095 -0.303661 -0.387391 0.545887 0.766583 0.332368 0.062371 2.256024 0.407965 -2.626628 -1.663253 -1.604374 0.642736 1.498989
1776409993.615837 jaka_arm_right success 0.410276 -0.303793 -0.387752 0.545523 0.767614 0.330559 0.062487 2.258242 0.409799 -2.627766 -1.660499 -1.607262 0.646559 1.499392
1776409993.624229 jaka_arm_right success 0.410691 -0.303860 -0.388415 0.544530 0.768040 0.331136 0.062855 2.258624 0.410179 -2.627596 -1.661012 -1.607608 0.646385 1.498813
1776409993.632553 jaka_arm_right success 0.410807 -0.303810 -0.388673 0.545081 0.768095 0.330198 0.062345 2.258090 0.410419 -2.628443 -1.660377 -1.607983 0.647255 1.498819
1776409993.640934 jaka_arm_right success 0.410910 -0.303887 -0.388995 0.544699 0.768577 0.329986 0.060838 2.259412 0.412994 -2.628987 -1.658670 -1.607588 0.649864 1.498393
1776409993.649175 jaka_arm_right success 0.411075 -0.303832 -0.389296 0.545594 0.768135 0.329665 0.060135 2.261191 0.415520 -2.629301 -1.655725 -1.606820 0.652889 1.498612
1776409993.657524 jaka_arm_right success 0.411324 -0.303899 -0.389662 0.545014 0.768563 0.329762 0.059390 2.265326 0.420262 -2.628844 -1.649294 -1.603131 0.658359 1.494286
1776409993.665880 jaka_arm_right success 0.411410 -0.303858 -0.389909 0.545493 0.768240 0.329866 0.058594 2.261914 0.418235 -2.627810 -1.645838 -1.594200 0.656429 1.485053
1776409993.674205 jaka_arm_right success 0.411429 -0.303748 -0.390087 0.546199 0.767872 0.329786 0.057267 2.261435 0.418988 -2.628024 -1.645921 -1.593035 0.656682 1.485888
1776409993.682504 jaka_arm_right success 0.411536 -0.303795 -0.390267 0.546064 0.768004 0.329842 0.056456 2.263353 0.420069 -2.627977 -1.644630 -1.591562 0.659961 1.485356
1776409993.690876 jaka_arm_right success 0.411660 -0.303925 -0.390435 0.545387 0.768590 0.329702 0.055852 2.267758 0.423899 -2.627186 -1.637957 -1.585724 0.666774 1.477689
1776409993.699240 jaka_arm_right success 0.411642 -0.303896 -0.390500 0.545976 0.768402 0.329314 0.054962 2.267281 0.423922 -2.627494 -1.637758 -1.585297 0.667043 1.478115
1776409993.707496 jaka_arm_right success 0.412072 -0.304137 -0.390999 0.544029 0.769169 0.330391 0.057032 2.263386 0.424282 -2.626984 -1.636335 -1.584911 0.660046 1.470859
1776409993.715871 jaka_arm_right success 0.412206 -0.304247 -0.391206 0.543363 0.769604 0.330496 0.056907 2.264463 0.423124 -2.625778 -1.634360 -1.578712 0.663034 1.463885
1776409993.724205 jaka_arm_right success 0.412083 -0.304117 -0.391098 0.544270 0.769458 0.330013 0.052876 2.269186 0.428277 -2.625079 -1.625280 -1.567512 0.673869 1.456088
1776409993.732581 jaka_arm_right success 0.412064 -0.303993 -0.391099 0.545576 0.769027 0.329066 0.051582 2.268212 0.428025 -2.625576 -1.624440 -1.566052 0.674620 1.457614
1776409993.740880 jaka_arm_right success 0.412263 -0.304052 -0.391360 0.545166 0.769246 0.329183 0.051892 2.268496 0.427997 -2.625411 -1.624551 -1.566300 0.674507 1.457326
1776409993.749200 jaka_arm_right success 0.412443 -0.304029 -0.391641 0.544964 0.769307 0.329387 0.051819 2.268496 0.427997 -2.625411 -1.624551 -1.566300 0.674507 1.457326
1776409993.757567 jaka_arm_right success 0.412554 -0.303978 -0.391836 0.545599 0.768840 0.329462 0.051593 2.268496 0.427997 -2.625411 -1.624551 -1.566300 0.674507 1.457326
1776409993.765863 jaka_arm_right success 0.412627 -0.304057 -0.391912 0.545831 0.769061 0.328721 0.050560 2.270338 0.429342 -2.625538 -1.622298 -1.564725 0.678090 1.456975
1776409993.774234 jaka_arm_right success 0.412774 -0.304110 -0.392087 0.545913 0.769115 0.328530 0.050094 2.272779 0.432034 -2.625415 -1.618051 -1.562601 0.681902 1.454630
1776409993.782503 jaka_arm_right success 0.412902 -0.304172 -0.392324 0.545615 0.769361 0.328526 0.049586 2.272469 0.433127 -2.624513 -1.613220 -1.556405 0.683328 1.446646
1776409993.790926 jaka_arm_right success 0.412982 -0.304298 -0.392525 0.545247 0.769815 0.328282 0.048190 2.274675 0.433386 -2.624016 -1.611881 -1.552164 0.688314 1.443542
1776409993.799220 jaka_arm_right success 0.413191 -0.304422 -0.392812 0.544511 0.770377 0.328291 0.047462 2.274046 0.437480 -2.623912 -1.605461 -1.548225 0.688727 1.435659
1776409993.807506 jaka_arm_right success 0.413470 -0.304644 -0.393082 0.543278 0.771161 0.328657 0.046303 2.275279 0.436433 -2.620710 -1.597777 -1.532017 0.695805 1.416599
1776409993.815921 jaka_arm_right success 0.413642 -0.304681 -0.393306 0.542951 0.771440 0.328630 0.045680 2.275279 0.436433 -2.620710 -1.597777 -1.532017 0.695805 1.416599
1776409993.824312 jaka_arm_right success 0.413800 -0.304771 -0.393601 0.542409 0.771743 0.328923 0.044892 2.274672 0.441088 -2.620961 -1.592385 -1.529714 0.695926 1.410958
1776409993.832525 jaka_arm_right success 0.414024 -0.304732 -0.393946 0.542172 0.771668 0.329580 0.044217 2.274522 0.439225 -2.618521 -1.589572 -1.519843 0.698790 1.401593
1776409993.840906 jaka_arm_right success 0.414031 -0.304757 -0.394097 0.541972 0.772265 0.328630 0.043310 2.273983 0.439312 -2.619162 -1.589652 -1.519919 0.699405 1.401475
1776409993.849178 jaka_arm_right success 0.414090 -0.304750 -0.394195 0.541895 0.772799 0.327700 0.041770 2.280537 0.442985 -2.619484 -1.584313 -1.518248 0.709595 1.400163
1776409993.857548 jaka_arm_right success 0.414268 -0.304807 -0.394511 0.541297 0.773095 0.328086 0.041004 2.278184 0.447097 -2.619292 -1.577871 -1.513979 0.708364 1.391593
1776409993.865917 jaka_arm_right success 0.414437 -0.304840 -0.394758 0.541052 0.773429 0.327783 0.040350 2.280820 0.446311 -2.618311 -1.576472 -1.509764 0.713727 1.387981
1776409993.874239 jaka_arm_right success 0.414536 -0.304807 -0.394996 0.541646 0.773276 0.327288 0.039325 2.281283 0.447742 -2.618503 -1.573869 -1.508348 0.715447 1.387622
1776409993.882519 jaka_arm_right success 0.414864 -0.304990 -0.395358 0.540378 0.774109 0.327395 0.039478 2.281376 0.451265 -2.618286 -1.568160 -1.505606 0.716738 1.379905
1776409993.890942 jaka_arm_right success 0.415008 -0.305005 -0.395538 0.540667 0.773954 0.327459 0.038005 2.283389 0.450535 -2.616688 -1.565767 -1.498892 0.721943 1.375832
1776409993.899233 jaka_arm_right success 0.415108 -0.305028 -0.395839 0.540743 0.774010 0.327342 0.036784 2.283483 0.453628 -2.616691 -1.561007 -1.496320 0.723514 1.371696
1776409993.907509 jaka_arm_right success 0.415282 -0.305075 -0.396156 0.540634 0.774104 0.327340 0.036427 2.284244 0.453358 -2.615301 -1.557047 -1.490483 0.727022 1.365033
1776409993.915835 jaka_arm_right success 0.415466 -0.305121 -0.396407 0.540328 0.774224 0.327744 0.034743 2.284149 0.456100 -2.614692 -1.552703 -1.486006 0.728866 1.359849
1776409993.924337 jaka_arm_right success 0.415345 -0.304791 -0.396550 0.542347 0.772964 0.327531 0.033305 2.283045 0.456170 -2.614816 -1.551548 -1.483939 0.729004 1.362116
1776409993.932710 jaka_arm_right success 0.415561 -0.304754 -0.396841 0.542253 0.772993 0.327687 0.032635 2.282678 0.456468 -2.615111 -1.551649 -1.483588 0.729323 1.362306
1776409993.940885 jaka_arm_right success 0.415695 -0.304728 -0.397048 0.541807 0.773509 0.327271 0.031982 2.287288 0.459803 -2.614651 -1.545924 -1.480398 0.736675 1.358229
1776409993.949164 jaka_arm_right success 0.415877 -0.304626 -0.397501 0.541404 0.773498 0.327996 0.031623 2.283724 0.461622 -2.614183 -1.543051 -1.477663 0.733125 1.352959
1776409993.957561 jaka_arm_right success 0.416002 -0.304474 -0.397649 0.541478 0.773545 0.327848 0.030744 2.286099 0.461230 -2.613342 -1.541741 -1.474155 0.737841 1.351233
1776409993.965963 jaka_arm_right success 0.416211 -0.304462 -0.397975 0.540304 0.774462 0.327531 0.031689 2.286539 0.461123 -2.613604 -1.542041 -1.475938 0.737826 1.349396
1776409993.974242 jaka_arm_right success 0.416416 -0.304220 -0.398301 0.539806 0.774535 0.328156 0.031909 2.284726 0.464014 -2.613815 -1.539800 -1.476510 0.734629 1.347159
1776409993.982646 jaka_arm_right success 0.416513 -0.304152 -0.398562 0.538986 0.774989 0.328420 0.032043 2.282467 0.465321 -2.613199 -1.536618 -1.473299 0.733450 1.340126
1776409993.990904 jaka_arm_right success 0.416557 -0.303922 -0.398826 0.538377 0.775247 0.328828 0.031847 2.282997 0.465328 -2.612508 -1.536169 -1.471257 0.734750 1.337598
1776409993.999225 jaka_arm_right success 0.416485 -0.303732 -0.398786 0.538500 0.775590 0.327967 0.030259 2.285783 0.465868 -2.612638 -1.534580 -1.469271 0.740457 1.336827
1776409994.015947 jaka_arm_right success 0.416352 -0.303295 -0.398780 0.540073 0.774839 0.327304 0.028608 2.284830 0.466104 -2.613120 -1.533328 -1.467641 0.741263 1.338790
1776409994.024330 jaka_arm_right success 0.416552 -0.303022 -0.399304 0.538321 0.775935 0.327631 0.028178 2.288842 0.471303 -2.613281 -1.528235 -1.466969 0.746427 1.334557
1776409994.032598 jaka_arm_right success 0.416597 -0.302801 -0.399509 0.537828 0.776408 0.327293 0.028478 2.289070 0.471235 -2.613424 -1.528568 -1.467726 0.746550 1.333721
1776409994.040884 jaka_arm_right success 0.416619 -0.302538 -0.399616 0.537420 0.777143 0.326167 0.029065 2.288890 0.470494 -2.614169 -1.528432 -1.469116 0.747172 1.332787
1776409994.049303 jaka_arm_right success 0.416689 -0.302129 -0.399828 0.536894 0.777530 0.326014 0.030120 2.289510 0.470653 -2.614118 -1.528472 -1.470720 0.746598 1.331782
1776409994.057552 jaka_arm_right success 0.416521 -0.301880 -0.399709 0.536462 0.778583 0.324163 0.030569 2.292937 0.475716 -2.617330 -1.526359 -1.479129 0.748564 1.336945
1776409994.065895 jaka_arm_right success 0.416439 -0.301541 -0.399677 0.535916 0.779101 0.323776 0.031051 2.294572 0.473229 -2.617851 -1.530942 -1.481762 0.750040 1.340474
1776409994.074205 jaka_arm_right success 0.416328 -0.301039 -0.399688 0.536319 0.778976 0.323302 0.032160 2.293966 0.473950 -2.621479 -1.537963 -1.495048 0.743861 1.354659
1776409994.082527 jaka_arm_right success 0.416273 -0.300871 -0.399589 0.535354 0.780043 0.322302 0.032412 2.293957 0.474045 -2.622128 -1.538698 -1.496043 0.744564 1.353509
1776409994.090940 jaka_arm_right success 0.416231 -0.300762 -0.399642 0.533861 0.781070 0.322360 0.031704 2.294036 0.474835 -2.622590 -1.539915 -1.496510 0.745161 1.352401
1776409994.099267 jaka_arm_right success 0.416229 -0.300685 -0.399757 0.532598 0.782000 0.322203 0.031639 2.294337 0.475333 -2.623024 -1.541087 -1.497437 0.745752 1.350937
1776409994.107598 jaka_arm_right success 0.416190 -0.300508 -0.399819 0.532084 0.782456 0.321992 0.031139 2.297952 0.474147 -2.622525 -1.541406 -1.495554 0.751552 1.349981
1776409994.115823 jaka_arm_right success 0.416118 -0.300185 -0.399910 0.532160 0.782573 0.321545 0.031537 2.297952 0.474147 -2.622525 -1.541406 -1.495554 0.751552 1.349981
1776409994.124269 jaka_arm_right success 0.416067 -0.300033 -0.399974 0.530970 0.783573 0.321136 0.030915 2.297734 0.474506 -2.623366 -1.542208 -1.496436 0.752406 1.348806
1776409994.132580 jaka_arm_right success 0.416042 -0.299920 -0.400023 0.529626 0.784502 0.321059 0.031216 2.298503 0.474690 -2.623677 -1.542915 -1.498086 0.752923 1.346865
1776409994.140886 jaka_arm_right success 0.415919 -0.299811 -0.400022 0.528526 0.785610 0.319950 0.033300 2.299344 0.473736 -2.623911 -1.543031 -1.500566 0.753083 1.344944
1776409994.149171 jaka_arm_right success 0.415786 -0.299649 -0.400038 0.527550 0.786122 0.320266 0.033645 2.299805 0.474088 -2.623806 -1.543638 -1.501115 0.752982 1.344142
1776409994.157554 jaka_arm_right success 0.415584 -0.299469 -0.399835 0.527447 0.786639 0.318966 0.035505 2.300906 0.477217 -2.626185 -1.542778 -1.509886 0.751064 1.348519
1776409994.165912 jaka_arm_right success 0.415414 -0.299297 -0.399683 0.526889 0.787243 0.318287 0.036483 2.302870 0.474663 -2.627199 -1.547986 -1.514716 0.752492 1.353289
1776409994.174186 jaka_arm_right success 0.415301 -0.299232 -0.399661 0.525767 0.787816 0.318510 0.038299 2.299649 0.472741 -2.628312 -1.554614 -1.521887 0.745254 1.357674
1776409994.182499 jaka_arm_right success 0.415158 -0.299088 -0.399484 0.525332 0.788217 0.318138 0.039090 2.300315 0.472890 -2.628746 -1.555096 -1.524180 0.745224 1.358242
1776409994.199284 jaka_arm_right success 0.414849 -0.298959 -0.399248 0.523427 0.789281 0.318397 0.041031 2.298001 0.471900 -2.629394 -1.559212 -1.528987 0.740151 1.358362
1776409994.207474 jaka_arm_right success 0.414693 -0.298860 -0.399154 0.522786 0.789407 0.319024 0.041900 2.298654 0.472002 -2.629011 -1.559937 -1.529613 0.739719 1.357602
1776409994.215815 jaka_arm_right success 0.414317 -0.298844 -0.398885 0.523158 0.789351 0.318559 0.041849 2.297884 0.468437 -2.629154 -1.564474 -1.530477 0.739357 1.360822
1776409994.224241 jaka_arm_right success 0.414008 -0.298711 -0.398625 0.524267 0.788818 0.317969 0.042502 2.296877 0.469447 -2.631946 -1.569847 -1.541514 0.734507 1.374608
1776409994.232551 jaka_arm_right success 0.413822 -0.298616 -0.398470 0.524744 0.788248 0.318559 0.042770 2.297172 0.469283 -2.631479 -1.569649 -1.541281 0.734091 1.374943
1776409994.240842 jaka_arm_right success 0.413613 -0.298625 -0.398330 0.524968 0.787977 0.318746 0.043609 2.295214 0.463780 -2.630759 -1.575959 -1.541498 0.731437 1.377756
1776409994.249209 jaka_arm_right success 0.413471 -0.298670 -0.398175 0.524962 0.787832 0.318980 0.044575 2.293144 0.464134 -2.631501 -1.577652 -1.545911 0.726716 1.380873
1776409994.257548 jaka_arm_right success 0.413379 -0.298893 -0.398166 0.523577 0.788387 0.319788 0.045266 2.293639 0.464624 -2.631574 -1.579085 -1.546856 0.726760 1.379300
1776409994.265919 jaka_arm_right success 0.413298 -0.299024 -0.398162 0.522345 0.788607 0.321102 0.046336 2.289665 0.462188 -2.630485 -1.582469 -1.545849 0.720604 1.376450
1776409994.274194 jaka_arm_right success 0.412992 -0.298994 -0.397902 0.523081 0.788154 0.320827 0.047652 2.288079 0.459872 -2.630264 -1.583341 -1.547108 0.717761 1.377612
1776409994.290925 jaka_arm_right success 0.412306 -0.298781 -0.397323 0.524277 0.787113 0.321631 0.046265 2.287508 0.460057 -2.629823 -1.583755 -1.544776 0.717542 1.379575
1776409994.299237 jaka_arm_right success 0.412372 -0.299199 -0.397313 0.521380 0.788419 0.322793 0.048613 2.285038 0.456489 -2.629035 -1.588485 -1.546563 0.712507 1.374961
1776409994.307508 jaka_arm_right success 0.412127 -0.299212 -0.397046 0.521310 0.788227 0.323199 0.049757 2.281688 0.453954 -2.628391 -1.591629 -1.546803 0.707139 1.374444
1776409994.315821 jaka_arm_right success 0.411806 -0.299345 -0.396699 0.521105 0.788177 0.323713 0.049362 2.281512 0.454251 -2.628508 -1.591911 -1.546521 0.707254 1.374501
1776409994.324313 jaka_arm_right success 0.411454 -0.299310 -0.396366 0.521835 0.787353 0.324509 0.049579 2.280118 0.451544 -2.627214 -1.594421 -1.543943 0.705166 1.375593
1776409994.332544 jaka_arm_right success 0.411134 -0.299378 -0.396028 0.521923 0.786845 0.325519 0.050079 2.276484 0.448096 -2.626451 -1.598384 -1.543126 0.700194 1.374518
1776409994.340874 jaka_arm_right success 0.410856 -0.299590 -0.395699 0.521168 0.786694 0.326993 0.050718 2.272733 0.445265 -2.625598 -1.601759 -1.541437 0.695288 1.372363
1776409994.349186 jaka_arm_right success 0.410536 -0.299714 -0.395368 0.521012 0.786382 0.327725 0.052405 2.270649 0.443355 -2.624839 -1.602979 -1.541985 0.690917 1.371737
1776409994.357562 jaka_arm_right success 0.410082 -0.299762 -0.394853 0.521304 0.785883 0.328526 0.051962 2.269964 0.442764 -2.624085 -1.604507 -1.540064 0.689789 1.372391
1776409994.365882 jaka_arm_right success 0.409740 -0.300078 -0.394341 0.520108 0.786201 0.329511 0.052898 2.265748 0.436981 -2.622863 -1.610515 -1.537803 0.684832 1.368912
1776409994.374218 jaka_arm_right success 0.409566 -0.300341 -0.394007 0.518772 0.786220 0.331230 0.054964 2.262157 0.435945 -2.622061 -1.612640 -1.538445 0.677935 1.365368
1776409994.382499 jaka_arm_right success 0.409094 -0.300426 -0.393389 0.519167 0.785547 0.332078 0.055733 2.257776 0.430586 -2.620798 -1.616911 -1.536291 0.672204 1.364138
1776409994.390925 jaka_arm_right success 0.408819 -0.300527 -0.392888 0.519119 0.784687 0.334020 0.056677 2.253824 0.428766 -2.619623 -1.619458 -1.534669 0.665628 1.362760
1776409994.399239 jaka_arm_right success 0.408342 -0.300886 -0.392155 0.518427 0.785121 0.333959 0.057360 2.254247 0.427727 -2.619253 -1.620089 -1.535192 0.665442 1.361947
1776409994.407485 jaka_arm_right success 0.408015 -0.301015 -0.391557 0.517985 0.784712 0.335520 0.057830 2.250748 0.421767 -2.617446 -1.626359 -1.531103 0.661310 1.359520
1776409994.415848 jaka_arm_right success 0.407578 -0.301132 -0.390899 0.518115 0.784045 0.336675 0.058996 2.246587 0.419245 -2.616615 -1.628529 -1.530253 0.654782 1.358280
1776409994.424342 jaka_arm_right success 0.407184 -0.301358 -0.390216 0.517335 0.783846 0.338214 0.059671 2.244443 0.416525 -2.615321 -1.632276 -1.527870 0.651374 1.356351
1776409994.432547 jaka_arm_right success 0.406724 -0.301547 -0.389451 0.516836 0.783548 0.339545 0.060350 2.240282 0.411832 -2.613845 -1.636951 -1.524606 0.645912 1.353180
1776409994.440857 jaka_arm_right success 0.406368 -0.301792 -0.388743 0.515999 0.783403 0.340850 0.062020 2.236436 0.408657 -2.612407 -1.639731 -1.523563 0.638840 1.349946
1776409994.449178 jaka_arm_right success 0.405917 -0.302055 -0.388028 0.515293 0.782951 0.342540 0.064240 2.231587 0.404671 -2.610918 -1.643562 -1.522675 0.630232 1.346987
1776409994.457565 jaka_arm_right success 0.405398 -0.302334 -0.387137 0.514840 0.782608 0.343799 0.065320 2.228588 0.400304 -2.609833 -1.648048 -1.520418 0.626363 1.345222
1776409994.465897 jaka_arm_right success 0.404731 -0.302482 -0.386053 0.515553 0.781261 0.345593 0.066355 2.221533 0.393640 -2.607992 -1.654378 -1.516451 0.616326 1.343955
1776409994.474217 jaka_arm_right success 0.404241 -0.302824 -0.385178 0.514674 0.780960 0.347302 0.067777 2.219894 0.391980 -2.606810 -1.657239 -1.515557 0.612305 1.342262
1776409994.482492 jaka_arm_right success 0.403773 -0.303208 -0.384280 0.512901 0.780624 0.350331 0.069475 2.210378 0.384357 -2.604064 -1.664728 -1.509130 0.598924 1.333288
1776409994.491019 jaka_arm_right success 0.403224 -0.303494 -0.383278 0.512778 0.779499 0.352736 0.070835 2.203213 0.379311 -2.601908 -1.668937 -1.503445 0.588686 1.327939
1776409994.499222 jaka_arm_right success 0.402590 -0.303878 -0.382168 0.512645 0.778758 0.354379 0.071738 2.199772 0.373560 -2.599582 -1.673487 -1.497701 0.584090 1.324208
1776409994.507502 jaka_arm_right success 0.401991 -0.304223 -0.381079 0.512078 0.777882 0.356887 0.072856 2.192604 0.367657 -2.596348 -1.676896 -1.487577 0.575355 1.313767
1776409994.515830 jaka_arm_right success 0.401443 -0.304581 -0.380042 0.511633 0.776856 0.359351 0.074792 2.189215 0.367159 -2.595079 -1.678213 -1.486131 0.568159 1.311416
1776409994.524240 jaka_arm_right success 0.400678 -0.304804 -0.378788 0.512306 0.775364 0.361486 0.075370 2.180832 0.358286 -2.592544 -1.685785 -1.478441 0.557490 1.307447
1776409994.532523 jaka_arm_right success 0.400236 -0.305255 -0.377750 0.510567 0.774907 0.364367 0.077952 2.169859 0.352089 -2.588633 -1.688718 -1.465861 0.543869 1.290210
1776409994.540907 jaka_arm_right success 0.399435 -0.305459 -0.376507 0.511161 0.773412 0.366557 0.078643 2.165717 0.346577 -2.586581 -1.693994 -1.460426 0.538059 1.288609
1776409994.549168 jaka_arm_right success 0.398780 -0.305733 -0.375309 0.511305 0.772042 0.368865 0.080352 2.162420 0.345387 -2.585059 -1.695774 -1.458613 0.530466 1.287347
1776409994.557540 jaka_arm_right success 0.398175 -0.306175 -0.374094 0.510252 0.771437 0.371238 0.081921 2.153065 0.337191 -2.582295 -1.703383 -1.451289 0.517568 1.279040
1776409994.565915 jaka_arm_right success 0.397659 -0.306481 -0.373076 0.509084 0.770286 0.374663 0.084392 2.140522 0.330950 -2.577534 -1.705907 -1.434472 0.503608 1.259113
1776409994.574212 jaka_arm_right success 0.396758 -0.306638 -0.371659 0.510031 0.768621 0.376652 0.084989 2.137398 0.325554 -2.575180 -1.711034 -1.429137 0.498035 1.259525
1776409994.582570 jaka_arm_right success 0.396021 -0.306746 -0.370409 0.510368 0.766728 0.379724 0.086387 2.128252 0.322427 -2.574157 -1.715977 -1.425833 0.483338 1.256024
1776409994.599250 jaka_arm_right success 0.394579 -0.307263 -0.367883 0.509219 0.764460 0.384918 0.090196 2.111093 0.310892 -2.568429 -1.726993 -1.410283 0.459265 1.239102
1776409994.607490 jaka_arm_right success 0.393847 -0.307437 -0.366629 0.508030 0.763399 0.388017 0.092574 2.099273 0.304647 -2.564259 -1.732016 -1.397127 0.445104 1.223431
1776409994.615824 jaka_arm_right success 0.393023 -0.307647 -0.365356 0.507142 0.762541 0.390297 0.094905 2.090441 0.296900 -2.560210 -1.738342 -1.385770 0.434812 1.211822
1776409994.624264 jaka_arm_right success 0.392307 -0.307760 -0.364151 0.505311 0.761740 0.393620 0.097346 2.076957 0.291691 -2.553927 -1.741208 -1.366697 0.421424 1.187963
1776409994.632540 jaka_arm_right success 0.391190 -0.307608 -0.362632 0.506706 0.759818 0.395296 0.098321 2.074904 0.286611 -2.551916 -1.745997 -1.363003 0.415963 1.190336
1776409994.640898 jaka_arm_right success 0.390490 -0.307729 -0.361511 0.504380 0.759185 0.398644 0.101596 2.063877 0.283096 -2.551335 -1.754361 -1.362759 0.396653 1.183157
1776409994.649166 jaka_arm_right success 0.389573 -0.307723 -0.360145 0.504058 0.758138 0.400656 0.103090 2.053912 0.275081 -2.548055 -1.762320 -1.351949 0.385931 1.173479
1776409994.657521 jaka_arm_right success 0.388821 -0.307718 -0.359088 0.501978 0.757157 0.404411 0.105751 2.035942 0.270503 -2.536718 -1.761375 -1.319616 0.373140 1.134458
1776409994.666016 jaka_arm_right success 0.387617 -0.307524 -0.357569 0.503214 0.755641 0.405711 0.105740 2.034821 0.266115 -2.535185 -1.766686 -1.315779 0.370544 1.137101
1776409994.674163 jaka_arm_right success 0.387027 -0.307630 -0.356482 0.500701 0.755219 0.408907 0.108344 2.019663 0.262076 -2.530613 -1.773462 -1.303198 0.354034 1.117944
1776409994.690875 jaka_arm_right success 0.385184 -0.307369 -0.353955 0.499646 0.753356 0.412849 0.111198 1.999781 0.251072 -2.522306 -1.785934 -1.281991 0.333444 1.095833
1776409994.699247 jaka_arm_right success 0.384406 -0.307051 -0.352825 0.499845 0.751580 0.415260 0.113320 1.996013 0.249945 -2.521101 -1.789052 -1.280529 0.323730 1.095169
1776409994.707512 jaka_arm_right success 0.383633 -0.306964 -0.351679 0.498359 0.751350 0.416784 0.115772 1.986943 0.243307 -2.520613 -1.799935 -1.279527 0.308896 1.090700
1776409994.715864 jaka_arm_right success 0.382717 -0.306675 -0.350396 0.498099 0.750826 0.417673 0.117076 1.985789 0.240152 -2.519404 -1.803751 -1.278015 0.305929 1.090400
1776409994.724248 jaka_arm_right success 0.381974 -0.306345 -0.349171 0.497616 0.750008 0.419023 0.119524 1.976045 0.235202 -2.520139 -1.812347 -1.278200 0.288752 1.087554
1776409994.732554 jaka_arm_right success 0.381252 -0.306072 -0.348021 0.495985 0.749945 0.420331 0.122079 1.972789 0.230514 -2.519023 -1.819388 -1.277915 0.281488 1.085341
1776409994.740908 jaka_arm_right success 0.380432 -0.305577 -0.346772 0.495663 0.749223 0.421334 0.124342 1.964468 0.225761 -2.520050 -1.826948 -1.278636 0.266300 1.083476
1776409994.749269 jaka_arm_right success 0.379863 -0.305295 -0.345594 0.493261 0.749591 0.422504 0.127662 1.961316 0.222397 -2.519559 -1.832876 -1.280755 0.258093 1.080152
1776409994.757521 jaka_arm_right success 0.379067 -0.304845 -0.344300 0.492427 0.749415 0.423029 0.130151 1.956938 0.216927 -2.519369 -1.839903 -1.281874 0.247360 1.079093
1776409994.765924 jaka_arm_right success 0.378422 -0.304401 -0.343035 0.491273 0.749090 0.424167 0.132650 1.948675 0.211825 -2.521326 -1.848663 -1.284079 0.231854 1.077609
1776409994.774228 jaka_arm_right success 0.377591 -0.303825 -0.341642 0.491182 0.748126 0.425495 0.134170 1.947641 0.208053 -2.520489 -1.853662 -1.283227 0.227513 1.078727
1776409994.782520 jaka_arm_right success 0.376970 -0.303317 -0.340320 0.490231 0.747514 0.426838 0.136768 1.940554 0.204873 -2.522213 -1.860992 -1.285647 0.212134 1.077543
1776409994.790897 jaka_arm_right success 0.376332 -0.302892 -0.338859 0.488780 0.747344 0.427930 0.139453 1.935365 0.196027 -2.522724 -1.872113 -1.287335 0.199794 1.077319
1776409994.799214 jaka_arm_right success 0.375656 -0.302331 -0.337466 0.487834 0.746689 0.429530 0.141344 1.932171 0.195785 -2.523439 -1.875708 -1.289113 0.190845 1.076436
1776409994.807474 jaka_arm_right success 0.375042 -0.301666 -0.335894 0.487335 0.745486 0.431475 0.143472 1.927014 0.190584 -2.524102 -1.884453 -1.289571 0.178295 1.076863
1776409994.815858 jaka_arm_right success 0.374450 -0.301112 -0.334407 0.485768 0.744865 0.433599 0.145594 1.923034 0.188905 -2.524531 -1.890769 -1.291387 0.167432 1.075100
1776409994.824300 jaka_arm_right success 0.373804 -0.300553 -0.332871 0.484471 0.744304 0.435353 0.147536 1.919168 0.184381 -2.524564 -1.898650 -1.291887 0.157610 1.074293
1776409994.832539 jaka_arm_right success 0.373293 -0.300077 -0.331388 0.482823 0.743810 0.437149 0.150098 1.912237 0.181460 -2.526006 -1.906150 -1.294474 0.142145 1.071201
1776409994.840931 jaka_arm_right success 0.372563 -0.299420 -0.329737 0.482499 0.742704 0.438834 0.151693 1.911574 0.177768 -2.524573 -1.910895 -1.293124 0.136854 1.072239
1776409994.849249 jaka_arm_right success 0.371943 -0.298844 -0.328250 0.481275 0.741542 0.441200 0.154376 1.901610 0.173590 -2.527024 -1.921179 -1.295673 0.116408 1.068826
1776409994.857563 jaka_arm_right success 0.371306 -0.298344 -0.326611 0.480107 0.740383 0.443502 0.156961 1.895070 0.167992 -2.527547 -1.931226 -1.295893 0.101761 1.067322
1776409994.865898 jaka_arm_right success 0.370696 -0.297840 -0.325097 0.479323 0.739102 0.445708 0.159131 1.889633 0.165740 -2.527819 -1.937383 -1.296609 0.088751 1.065151
1776409994.874207 jaka_arm_right success 0.370160 -0.297503 -0.323654 0.477440 0.737898 0.448590 0.162246 1.816065 0.169358 -2.453846 -1.938523 -1.230777 0.087274 0.985709
1776409994.882534 jaka_arm_right success 0.369620 -0.297012 -0.322208 0.476746 0.736064 0.451583 0.164307 1.811537 0.166028 -2.452766 -1.946370 -1.230116 0.074916 0.985092
1776409994.890976 jaka_arm_right success 0.368965 -0.296658 -0.320707 0.476079 0.734775 0.453689 0.166194 1.732801 0.170021 -2.369995 -1.947818 -1.180938 0.079951 0.925741
1776409994.899243 jaka_arm_right success 0.368335 -0.296249 -0.319268 0.475378 0.733336 0.456366 0.167223 1.730844 0.168023 -2.368079 -1.953888 -1.179625 0.073304 0.926019
1776409994.907530 jaka_arm_right success 0.367850 -0.296004 -0.317983 0.474211 0.732073 0.458626 0.169868 1.648368 0.177634 -2.278505 -1.952313 -1.142191 0.081693 0.874299
1776409994.915846 jaka_arm_right success 0.367320 -0.295633 -0.316622 0.474057 0.731257 0.459689 0.170935 1.647496 0.173292 -2.277112 -1.957384 -1.140675 0.077516 0.875776
1776409994.924239 jaka_arm_right success 0.367008 -0.295162 -0.315118 0.474172 0.730923 0.459708 0.171989 1.642798 0.165853 -2.277884 -1.965952 -1.140003 0.067569 0.877069
1776409994.932534 jaka_arm_right success 0.366713 -0.294470 -0.313550 0.474841 0.730756 0.459010 0.172716 1.693606 0.153841 -2.339945 -1.974517 -1.162260 0.048029 0.908393
1776409994.940932 jaka_arm_right success 0.366334 -0.293622 -0.312009 0.474879 0.730831 0.458536 0.173554 1.746615 0.143455 -2.403327 -1.983172 -1.181089 0.030417 0.933989
1776409994.949235 jaka_arm_right success 0.366037 -0.292941 -0.310438 0.472647 0.731943 0.458118 0.176046 1.743659 0.138611 -2.405237 -1.989687 -1.184541 0.022471 0.930996
1776409994.957560 jaka_arm_right success 0.365607 -0.292012 -0.308777 0.471703 0.731971 0.458386 0.177755 1.823086 0.127469 -2.496697 -1.999212 -1.194607 -0.000075 0.947824
1776409994.965939 jaka_arm_right success 0.365265 -0.291135 -0.307117 0.469987 0.732490 0.458534 0.179769 1.891677 0.117633 -2.581916 -2.011365 -1.186036 -0.024722 0.938082
1776409994.974227 jaka_arm_right success 0.364852 -0.290050 -0.305310 0.468734 0.732664 0.459172 0.180700 1.892886 0.117458 -2.580896 -2.012483 -1.186828 -0.024745 0.937289
1776409994.982532 jaka_arm_right success 0.364318 -0.288880 -0.303450 0.467970 0.731847 0.460425 0.182792 1.991999 0.107749 -2.691634 -2.026673 -1.124046 -0.049214 0.880964
1776409994.990973 jaka_arm_right success 0.363802 -0.287884 -0.301584 0.465303 0.732092 0.462047 0.184519 1.993942 0.108969 -2.689866 -2.028798 -1.125932 -0.049496 0.879190
1776409994.999241 jaka_arm_right success 0.363279 -0.286787 -0.299695 0.463624 0.731520 0.464123 0.185798 1.990444 0.106969 -2.691110 -2.037377 -1.128266 -0.060315 0.877147
1776409995.015836 jaka_arm_right success 0.362733 -0.285364 -0.297634 0.463052 0.729764 0.466731 0.187588 1.986169 0.104658 -2.692516 -2.047413 -1.129988 -0.074119 0.875882
1776409995.024251 jaka_arm_right success 0.361713 -0.282946 -0.293599 0.460038 0.729391 0.469590 0.189312 1.985952 0.097773 -2.690932 -2.060541 -1.131261 -0.081548 0.875252
1776409995.032624 jaka_arm_right success 0.361240 -0.281577 -0.291366 0.458122 0.729579 0.470441 0.191111 1.985973 0.096522 -2.690494 -2.064363 -1.133137 -0.084594 0.873456
1776409995.040865 jaka_arm_right success 0.360706 -0.280224 -0.289264 0.456050 0.729645 0.471887 0.192247 1.985540 0.093380 -2.690111 -2.071486 -1.134230 -0.089463 0.872475
1776409995.049222 jaka_arm_right success 0.360276 -0.278805 -0.287166 0.453859 0.729468 0.473448 0.194255 1.982427 0.089648 -2.691723 -2.081109 -1.137268 -0.099531 0.869332
1776409995.057605 jaka_arm_right success 0.359739 -0.277324 -0.285063 0.451798 0.729053 0.475563 0.195448 1.982975 0.089676 -2.690742 -2.085438 -1.138557 -0.103204 0.868220
1776409995.065911 jaka_arm_right success 0.359311 -0.275864 -0.282972 0.449507 0.728721 0.477631 0.196919 1.982914 0.088860 -2.690110 -2.091238 -1.140344 -0.108121 0.866690
1776409995.074274 jaka_arm_right success 0.358836 -0.274268 -0.280697 0.448564 0.728577 0.478850 0.196644 1.982974 0.083893 -2.689522 -2.099510 -1.140103 -0.110945 0.866946
1776409995.082496 jaka_arm_right success 0.358403 -0.272763 -0.278546 0.446623 0.728682 0.479997 0.197873 1.981812 0.079917 -2.690082 -2.107430 -1.141336 -0.116359 0.865260
1776409995.090982 jaka_arm_right success 0.357911 -0.271142 -0.276391 0.445369 0.728370 0.481206 0.198910 1.979789 0.077030 -2.691931 -2.115131 -1.142159 -0.124464 0.862100
1776409995.099233 jaka_arm_right success 0.357576 -0.269495 -0.274265 0.443353 0.728443 0.482347 0.200377 2.004529 0.075912 -2.713650 -2.126642 -1.076891 -0.129790 0.794939
1776409995.107494 jaka_arm_right success 0.357191 -0.267675 -0.272222 0.441557 0.728041 0.483831 0.202216 2.003350 0.075949 -2.714362 -2.132004 -1.078470 -0.137653 0.792478
1776409995.115852 jaka_arm_right success 0.356781 -0.266070 -0.270272 0.438826 0.728022 0.485419 0.204410 2.002062 0.074103 -2.715279 -2.139497 -1.081537 -0.145388 0.788185
1776409995.124237 jaka_arm_right success 0.356326 -0.264314 -0.268313 0.437167 0.727712 0.486951 0.205424 2.019032 0.074221 -2.731976 -2.151666 -1.030184 -0.154241 0.735137
1776409995.132525 jaka_arm_right success 0.356141 -0.262590 -0.266451 0.435382 0.727326 0.488356 0.207238 2.018463 0.075250 -2.732326 -2.155722 -1.032441 -0.160662 0.731944
1776409995.140874 jaka_arm_right success 0.355894 -0.260936 -0.264592 0.433307 0.727886 0.489261 0.207487 2.020103 0.073051 -2.731103 -2.159928 -1.032814 -0.159363 0.730930
1776409995.149217 jaka_arm_right success 0.355766 -0.259193 -0.262806 0.432331 0.727939 0.489715 0.208264 2.056216 0.076109 -2.760888 -2.172750 -0.935290 -0.166198 0.634374
1776409995.157530 jaka_arm_right success 0.355724 -0.257355 -0.261058 0.431375 0.727788 0.489982 0.210138 2.055228 0.073590 -2.762099 -2.178817 -0.935964 -0.173099 0.631187
1776409995.165906 jaka_arm_right success 0.355704 -0.255591 -0.259434 0.429245 0.727982 0.491198 0.210988 2.072965 0.076725 -2.775991 -2.186490 -0.893163 -0.177400 0.586104
1776409995.182737 jaka_arm_right success 0.355571 -0.252098 -0.256406 0.425496 0.728411 0.493554 0.211600 2.075300 0.076873 -2.775146 -2.193750 -0.893829 -0.179268 0.581695
1776409995.190901 jaka_arm_right success 0.355712 -0.250296 -0.255040 0.424157 0.727852 0.495224 0.212307 2.089935 0.080271 -2.787454 -2.201125 -0.858959 -0.185997 0.546088
1776409995.199251 jaka_arm_right success 0.355817 -0.248433 -0.253765 0.423245 0.727351 0.496544 0.212763 2.090965 0.082205 -2.786747 -2.202917 -0.859304 -0.187487 0.544973
1776409995.207492 jaka_arm_right success 0.355882 -0.246689 -0.252412 0.422033 0.727409 0.497732 0.212194 2.111080 0.085080 -2.804029 -2.212757 -0.813717 -0.193768 0.498979
1776409995.215882 jaka_arm_right success 0.356080 -0.244891 -0.251232 0.420370 0.727428 0.498999 0.212454 2.112125 0.086370 -2.803056 -2.214199 -0.814440 -0.193212 0.498516
1776409995.224259 jaka_arm_right success 0.356200 -0.242911 -0.250101 0.419204 0.727183 0.500243 0.212675 2.115868 0.089955 -2.804053 -2.214963 -0.810307 -0.193640 0.492510
1776409995.232528 jaka_arm_right success 0.356375 -0.241008 -0.249054 0.417009 0.727182 0.502109 0.212597 2.127116 0.095583 -2.813190 -2.219301 -0.789991 -0.197572 0.468960
1776409995.240882 jaka_arm_right success 0.356508 -0.239091 -0.248034 0.415464 0.727337 0.503130 0.212677 2.130903 0.095381 -2.812830 -2.220868 -0.786587 -0.195157 0.466153
1776409995.249188 jaka_arm_right success 0.356696 -0.237087 -0.247047 0.414309 0.727537 0.503685 0.212931 2.156524 0.101903 -2.836029 -2.228129 -0.736165 -0.203907 0.415472
1776409995.257532 jaka_arm_right success 0.356875 -0.234964 -0.246135 0.412912 0.727876 0.504410 0.212768 2.171321 0.103822 -2.847787 -2.234307 -0.711244 -0.207474 0.389305
1776409995.265917 jaka_arm_right success 0.356979 -0.232850 -0.245179 0.411861 0.728299 0.504835 0.212349 2.197796 0.107025 -2.864438 -2.235514 -0.669329 -0.204979 0.352551
1776409995.274180 jaka_arm_right success 0.357357 -0.230773 -0.244422 0.409585 0.728895 0.505569 0.212963 2.196961 0.112055 -2.865617 -2.236638 -0.672216 -0.208626 0.348689
1776409995.282490 jaka_arm_right success 0.357610 -0.228426 -0.243706 0.408340 0.728963 0.506578 0.212718 2.212575 0.118320 -2.881731 -2.243948 -0.645749 -0.219552 0.318995
1776409995.290954 jaka_arm_right success 0.357992 -0.226407 -0.242999 0.405838 0.730086 0.506966 0.212733 2.226151 0.120186 -2.889333 -2.243169 -0.629413 -0.213975 0.301947
1776409995.299247 jaka_arm_right success 0.358279 -0.223816 -0.242315 0.405292 0.729489 0.508806 0.211425 2.235029 0.127541 -2.897717 -2.247868 -0.614755 -0.221198 0.288621
1776409995.307504 jaka_arm_right success 0.358620 -0.221553 -0.241716 0.403670 0.729948 0.509638 0.210940 2.267350 0.134898 -2.923333 -2.252507 -0.568409 -0.226646 0.244149
1776409995.315841 jaka_arm_right success 0.359069 -0.219310 -0.241227 0.401140 0.730619 0.510781 0.210678 2.268434 0.137288 -2.922548 -2.253477 -0.569965 -0.225457 0.242667
1776409995.324229 jaka_arm_right success 0.359470 -0.216905 -0.240691 0.399825 0.731146 0.511351 0.209967 2.282811 0.146066 -2.938375 -2.257480 -0.549827 -0.234421 0.219349
1776409995.332592 jaka_arm_right success 0.359828 -0.214377 -0.240165 0.398961 0.731407 0.511898 0.209367 2.299136 0.149028 -2.947902 -2.256012 -0.530539 -0.231495 0.204056
1776409995.340845 jaka_arm_right success 0.360376 -0.211807 -0.239769 0.397621 0.731884 0.512031 0.209921 2.323086 0.161228 -2.971495 -2.262648 -0.498275 -0.248796 0.169995
1776409995.349174 jaka_arm_right success 0.360880 -0.209210 -0.239398 0.395713 0.732283 0.512806 0.210246 2.326538 0.165853 -2.976406 -2.266443 -0.495236 -0.254477 0.161381
1776409995.357528 jaka_arm_right success 0.361447 -0.206644 -0.239056 0.393950 0.732701 0.513328 0.210827 2.345258 0.175312 -2.991973 -2.268928 -0.472860 -0.263871 0.138302
1776409995.365898 jaka_arm_right success 0.361758 -0.203910 -0.238655 0.393542 0.733144 0.513295 0.210125 1.791002 0.250399 -2.303127 -2.268928 0.293121 -0.256278 -0.663670
1776409995.374303 jaka_arm_right solver_failed 0.362420 -0.201388 -0.238324 0.391786 0.734232 0.512936 0.210485 1.791002 0.250399 -2.303127 -2.268928 0.293121 -0.256278 -0.663670
1776409995.382550 jaka_arm_right solver_failed 0.363104 -0.198819 -0.238100 0.390043 0.734972 0.513040 0.210884 1.791002 0.250399 -2.303127 -2.268928 0.293121 -0.256278 -0.663670
1776409995.391005 jaka_arm_right solver_failed 0.363631 -0.196230 -0.237802 0.389013 0.735645 0.513139 0.210201 1.791002 0.250399 -2.303127 -2.268928 0.293121 -0.256278 -0.663670
1776409995.399356 jaka_arm_right solver_failed 0.364285 -0.193605 -0.237633 0.387748 0.735827 0.514187 0.209337 1.791002 0.250399 -2.303127 -2.268928 0.293121 -0.256278 -0.663670
1776409995.407630 jaka_arm_right solver_failed 0.365049 -0.191150 -0.237482 0.385993 0.736646 0.514785 0.208229 1.791002 0.250399 -2.303127 -2.268928 0.293121 -0.256278 -0.663670
1776409995.415967 jaka_arm_right solver_failed 0.365798 -0.188519 -0.237348 0.384689 0.736792 0.515948 0.207243 1.791002 0.250399 -2.303127 -2.268928 0.293121 -0.256278 -0.663670
1776409995.424309 jaka_arm_right solver_failed 0.366606 -0.186011 -0.237291 0.382637 0.737942 0.516183 0.206364 1.791002 0.250399 -2.303127 -2.268928 0.293121 -0.256278 -0.663670
1776409995.432635 jaka_arm_right solver_failed 0.367383 -0.183325 -0.237217 0.382144 0.738293 0.516530 0.205148 1.791002 0.250399 -2.303127 -2.268928 0.293121 -0.256278 -0.663670
1776409995.441000 jaka_arm_right solver_failed 0.368173 -0.180613 -0.237234 0.381363 0.739146 0.516236 0.204267 1.791002 0.250399 -2.303127 -2.268928 0.293121 -0.256278 -0.663670
1776409995.449321 jaka_arm_right solver_failed 0.369115 -0.177984 -0.237272 0.380259 0.739984 0.515790 0.204417 1.791002 0.250399 -2.303127 -2.268928 0.293121 -0.256278 -0.663670
1776409995.457661 jaka_arm_right solver_failed 0.369916 -0.175479 -0.237345 0.378959 0.741280 0.515078 0.203931 1.791002 0.250399 -2.303127 -2.268928 0.293121 -0.256278 -0.663670
1776409995.466154 jaka_arm_right solver_failed 0.370983 -0.172946 -0.237499 0.377627 0.742062 0.514499 0.205018 1.791002 0.250399 -2.303127 -2.268928 0.293121 -0.256278 -0.663670
1776409995.474305 jaka_arm_right solver_failed 0.371927 -0.170326 -0.237610 0.376881 0.742710 0.514109 0.205025 1.791002 0.250399 -2.303127 -2.268928 0.293121 -0.256278 -0.663670
1776409995.491051 jaka_arm_right solver_failed 0.373819 -0.165254 -0.237976 0.375577 0.744202 0.513219 0.204237 1.791002 0.250399 -2.303127 -2.268928 0.293121 -0.256278 -0.663670
1776409995.499598 jaka_arm_right solver_failed 0.374727 -0.162721 -0.238168 0.375090 0.744440 0.513470 0.203627 1.791002 0.250399 -2.303127 -2.268928 0.293121 -0.256278 -0.663670
1776409995.507623 jaka_arm_right solver_failed 0.375669 -0.160303 -0.238445 0.374539 0.744997 0.513122 0.203484 1.791002 0.250399 -2.303127 -2.268928 0.293121 -0.256278 -0.663670
1776409995.515996 jaka_arm_right solver_failed 0.376664 -0.157849 -0.238760 0.373917 0.745016 0.513352 0.203977 1.791002 0.250399 -2.303127 -2.268928 0.293121 -0.256278 -0.663670
1776409995.524327 jaka_arm_right solver_failed 0.377677 -0.155409 -0.239162 0.372832 0.745182 0.513926 0.203911 1.791002 0.250399 -2.303127 -2.268928 0.293121 -0.256278 -0.663670
1776409995.532616 jaka_arm_right solver_failed 0.378488 -0.153003 -0.239499 0.372798 0.745827 0.513357 0.203047 1.791002 0.250399 -2.303127 -2.268928 0.293121 -0.256278 -0.663670
1776409995.540918 jaka_arm_right solver_failed 0.379507 -0.150684 -0.239957 0.371554 0.746466 0.513515 0.202580 1.791002 0.250399 -2.303127 -2.268928 0.293121 -0.256278 -0.663670
1776409995.549248 jaka_arm_right solver_failed 0.380682 -0.148434 -0.240461 0.370329 0.746906 0.513358 0.203596 1.791002 0.250399 -2.303127 -2.268928 0.293121 -0.256278 -0.663670
1776409995.557665 jaka_arm_right solver_failed 0.381457 -0.146066 -0.240871 0.370535 0.747630 0.512679 0.202271 1.791002 0.250399 -2.303127 -2.268928 0.293121 -0.256278 -0.663670
1776409995.566121 jaka_arm_right solver_failed 0.382485 -0.143755 -0.241437 0.369635 0.748212 0.512370 0.202548 1.791002 0.250399 -2.303127 -2.268928 0.293121 -0.256278 -0.663670
1776409995.574239 jaka_arm_right solver_failed 0.383476 -0.141747 -0.241999 0.368454 0.749394 0.511148 0.203417 1.791002 0.250399 -2.303127 -2.268928 0.293121 -0.256278 -0.663670
1776409995.582610 jaka_arm_right solver_failed 0.384329 -0.139535 -0.242571 0.368260 0.750166 0.510537 0.202455 1.791002 0.250399 -2.303127 -2.268928 0.293121 -0.256278 -0.663670
1776409995.599563 jaka_arm_right solver_failed 0.386527 -0.135435 -0.243827 0.366836 0.751805 0.509385 0.201861 1.791002 0.250399 -2.303127 -2.268928 0.293121 -0.256278 -0.663670
1776409995.607696 jaka_arm_right solver_failed 0.387533 -0.133413 -0.244519 0.366677 0.752286 0.508590 0.202363 1.791002 0.250399 -2.303127 -2.268928 0.293121 -0.256278 -0.663670
1776409995.615966 jaka_arm_right solver_failed 0.388482 -0.131440 -0.245175 0.366872 0.752402 0.508419 0.202006 1.791002 0.250399 -2.303127 -2.268928 0.293121 -0.256278 -0.663670
1776409995.624284 jaka_arm_right success 0.389324 -0.129716 -0.245820 0.366281 0.753618 0.507564 0.200692 1.998015 0.607520 -2.311829 -2.268928 0.608261 -0.643690 -1.075049
1776409995.632559 jaka_arm_right success 0.390295 -0.127881 -0.246576 0.365893 0.754154 0.506989 0.200840 2.002008 0.616723 -2.314654 -2.267225 0.604366 -0.651528 -1.076425
1776409995.640814 jaka_arm_right success 0.391205 -0.126086 -0.247256 0.365365 0.754890 0.506745 0.199647 2.008278 0.624439 -2.318951 -2.265481 0.605254 -0.659000 -1.077847
1776409995.649205 jaka_arm_right success 0.392121 -0.124325 -0.248017 0.365013 0.755391 0.506034 0.200198 2.011305 0.631607 -2.321285 -2.262905 0.601874 -0.664424 -1.079454
1776409995.657536 jaka_arm_right success 0.393094 -0.122706 -0.248768 0.363802 0.756687 0.504640 0.201027 2.017290 0.640800 -2.325761 -2.260090 0.598510 -0.673455 -1.082705
1776409995.665924 jaka_arm_right success 0.394033 -0.120999 -0.249551 0.362616 0.757443 0.504321 0.201121 2.019190 0.643956 -2.328618 -2.259921 0.597342 -0.676084 -1.085276
1776409995.674212 jaka_arm_right success 0.394802 -0.119516 -0.250302 0.361796 0.758675 0.503110 0.200989 2.027538 0.655455 -2.334511 -2.254532 0.596251 -0.685247 -1.088785
1776409995.691011 jaka_arm_right success 0.396529 -0.116482 -0.251845 0.360671 0.760235 0.501452 0.201258 2.036698 0.669242 -2.341328 -2.248630 0.593297 -0.696899 -1.093062
1776409995.699227 jaka_arm_right success 0.397251 -0.115167 -0.252561 0.360574 0.760847 0.500733 0.200910 2.040979 0.674623 -2.343739 -2.247668 0.593210 -0.703447 -1.093255
1776409995.707494 jaka_arm_right success 0.397966 -0.113715 -0.253289 0.360684 0.761091 0.500426 0.200552 2.042120 0.677840 -2.345311 -2.246512 0.592526 -0.705789 -1.093750
1776409995.715857 jaka_arm_right success 0.398693 -0.112359 -0.254042 0.361362 0.761233 0.499642 0.200747 2.047068 0.690700 -2.348122 -2.241708 0.587177 -0.716053 -1.093708
1776409995.724275 jaka_arm_right success 0.399651 -0.111130 -0.254838 0.360566 0.761336 0.500079 0.200701 2.047529 0.692187 -2.348803 -2.241865 0.586623 -0.716172 -1.094424
1776409995.732536 jaka_arm_right success 0.400357 -0.110153 -0.255442 0.360392 0.762047 0.499518 0.199706 2.051949 0.700161 -2.353135 -2.236423 0.586284 -0.720086 -1.096933
1776409995.740907 jaka_arm_right success 0.401195 -0.109009 -0.256186 0.360429 0.761910 0.499732 0.199628 2.052726 0.702751 -2.353890 -2.235112 0.585909 -0.720585 -1.097184
1776409995.749222 jaka_arm_right success 0.401942 -0.108051 -0.256858 0.360235 0.762159 0.499489 0.199634 2.055373 0.709965 -2.356892 -2.229632 0.583487 -0.723063 -1.099528
1776409995.757574 jaka_arm_right success 0.402951 -0.107266 -0.257622 0.358731 0.762654 0.499219 0.201127 2.056478 0.711753 -2.358146 -2.228731 0.581399 -0.723386 -1.102008
1776409995.766010 jaka_arm_right success 0.403429 -0.106239 -0.258175 0.360257 0.762662 0.498684 0.199687 2.057717 0.716485 -2.359704 -2.225134 0.581425 -0.725793 -1.101399
1776409995.774150 jaka_arm_right success 0.404146 -0.105522 -0.258809 0.360127 0.763101 0.498059 0.199807 2.060946 0.721949 -2.361892 -2.221146 0.579959 -0.729324 -1.102826
1776409995.782564 jaka_arm_right success 0.405014 -0.104787 -0.259501 0.359147 0.763655 0.497830 0.200026 2.062926 0.725182 -2.364300 -2.219373 0.579205 -0.730646 -1.105115
1776409995.790916 jaka_arm_right success 0.405641 -0.103997 -0.260072 0.359806 0.763522 0.497456 0.200279 2.064180 0.728633 -2.365236 -2.216287 0.577638 -0.732637 -1.105588
1776409995.799271 jaka_arm_right success 0.406391 -0.103276 -0.260703 0.359920 0.763608 0.496750 0.201493 2.066064 0.737357 -2.366858 -2.210902 0.571598 -0.737168 -1.106786
1776409995.807504 jaka_arm_right success 0.407006 -0.102678 -0.261284 0.359632 0.763927 0.496717 0.200879 2.065772 0.737685 -2.367285 -2.211113 0.571975 -0.737128 -1.106696
1776409995.815905 jaka_arm_right success 0.407710 -0.102065 -0.261937 0.359908 0.763806 0.496325 0.201811 2.067016 0.742108 -2.368263 -2.207706 0.568848 -0.739390 -1.107672
1776409995.824292 jaka_arm_right success 0.408660 -0.101698 -0.262610 0.358588 0.764293 0.496083 0.202913 2.067881 0.744449 -2.370014 -2.206787 0.566853 -0.739730 -1.110150
1776409995.832525 jaka_arm_right success 0.409280 -0.100958 -0.263215 0.359521 0.763520 0.496598 0.202911 2.067579 0.749310 -2.369380 -2.202434 0.564164 -0.739601 -1.109139
1776409995.840843 jaka_arm_right success 0.409993 -0.100646 -0.263775 0.359507 0.764067 0.495933 0.202504 2.068988 0.753811 -2.372063 -2.198833 0.562934 -0.741238 -1.110968
1776409995.849262 jaka_arm_right success 0.410708 -0.100126 -0.264344 0.360461 0.763714 0.496002 0.201970 2.068807 0.754548 -2.371714 -2.197751 0.563296 -0.741395 -1.109924
1776409995.857537 jaka_arm_right success 0.411464 -0.099964 -0.264921 0.359482 0.764692 0.495435 0.201402 2.071645 0.757181 -2.375417 -2.194966 0.563925 -0.742333 -1.113502
1776409995.865863 jaka_arm_right success 0.412250 -0.099444 -0.265526 0.360182 0.764132 0.495744 0.201515 2.072654 0.760050 -2.375281 -2.191186 0.563858 -0.741899 -1.113051
1776409995.874207 jaka_arm_right success 0.412971 -0.099104 -0.266067 0.360233 0.764552 0.495075 0.201477 2.074894 0.763788 -2.377507 -2.186380 0.563642 -0.742830 -1.114870
1776409995.882512 jaka_arm_right success 0.413618 -0.098704 -0.266625 0.360463 0.764938 0.494448 0.201141 2.076556 0.765628 -2.379132 -2.183968 0.564588 -0.743876 -1.115729
1776409995.890923 jaka_arm_right success 0.414377 -0.098158 -0.267248 0.360005 0.765241 0.494466 0.200762 2.078057 0.767410 -2.380303 -2.182191 0.565072 -0.743738 -1.116857
1776409995.907517 jaka_arm_right success 0.415557 -0.097470 -0.268190 0.360659 0.766461 0.492055 0.200858 2.085625 0.774068 -2.384786 -2.174004 0.566330 -0.749600 -1.119938
1776409995.915892 jaka_arm_right success 0.416211 -0.097074 -0.268761 0.360745 0.766695 0.491220 0.201852 2.085789 0.773579 -2.385289 -2.173234 0.565750 -0.750672 -1.120610
1776409995.924217 jaka_arm_right success 0.416826 -0.096567 -0.269346 0.361328 0.766248 0.491752 0.201211 2.087077 0.778482 -2.386122 -2.169553 0.565149 -0.751143 -1.120432
1776409995.932550 jaka_arm_right success 0.417487 -0.096328 -0.269801 0.361052 0.766769 0.491153 0.201187 2.088073 0.779460 -2.387053 -2.168210 0.564970 -0.751948 -1.121330
1776409995.940880 jaka_arm_right success 0.418162 -0.096048 -0.270395 0.361032 0.767096 0.490683 0.201119 2.090574 0.783127 -2.389111 -2.164074 0.565159 -0.753238 -1.122767
1776409995.949198 jaka_arm_right success 0.418852 -0.095925 -0.270874 0.360497 0.767722 0.490192 0.200891 2.091287 0.783409 -2.390695 -2.163838 0.565316 -0.753675 -1.124395
1776409995.957535 jaka_arm_right success 0.419419 -0.095508 -0.271435 0.361353 0.767863 0.489541 0.200400 2.093071 0.785581 -2.392019 -2.160374 0.566670 -0.755077 -1.124527
1776409995.965894 jaka_arm_right success 0.420060 -0.095327 -0.271959 0.361161 0.768434 0.488751 0.200484 2.096394 0.787808 -2.393634 -2.156830 0.567393 -0.756600 -1.126165
1776409995.974291 jaka_arm_right success 0.420760 -0.095120 -0.272518 0.360865 0.768691 0.488040 0.201759 2.098843 0.790731 -2.395020 -2.153064 0.566118 -0.757783 -1.128088
1776409995.982574 jaka_arm_right success 0.421301 -0.094926 -0.272981 0.360997 0.768847 0.487591 0.202017 2.099111 0.790876 -2.395500 -2.152424 0.565771 -0.758259 -1.128665
1776409995.999222 jaka_arm_right success 0.422428 -0.094396 -0.273939 0.361664 0.769033 0.486053 0.203814 2.101098 0.796718 -2.396448 -2.146677 0.560957 -0.761220 -1.129958
1776409996.007570 jaka_arm_right success 0.423068 -0.094311 -0.274467 0.361248 0.769240 0.485696 0.204621 2.101605 0.798306 -2.396984 -2.144839 0.558809 -0.762337 -1.130904
1776409996.015836 jaka_arm_right success 0.423474 -0.094003 -0.274891 0.362629 0.768447 0.486296 0.203730 2.100907 0.800241 -2.396222 -2.143527 0.559425 -0.761975 -1.128774
1776409996.024255 jaka_arm_right success 0.424247 -0.094052 -0.275431 0.361403 0.768857 0.486339 0.204257 2.101334 0.802404 -2.397935 -2.141480 0.557495 -0.761449 -1.131225
1776409996.032534 jaka_arm_right success 0.424753 -0.094209 -0.275832 0.361578 0.769003 0.485883 0.204486 2.101784 0.803311 -2.398065 -2.139516 0.556713 -0.761266 -1.131784
1776409996.040853 jaka_arm_right success 0.425377 -0.094366 -0.276235 0.361523 0.769389 0.485414 0.204244 2.102264 0.804366 -2.399241 -2.137333 0.556971 -0.761286 -1.132680
1776409996.049360 jaka_arm_right success 0.426022 -0.094190 -0.276715 0.362240 0.768213 0.486383 0.205092 2.101637 0.807626 -2.398627 -2.133389 0.554394 -0.758254 -1.133184
1776409996.057532 jaka_arm_right success 0.426704 -0.094132 -0.277177 0.361833 0.767742 0.487839 0.204112 2.099040 0.809684 -2.400378 -2.124497 0.554920 -0.747313 -1.137027
1776409996.065991 jaka_arm_right success 0.427266 -0.094192 -0.277492 0.362220 0.767797 0.487405 0.204256 2.099068 0.809343 -2.400222 -2.124138 0.554820 -0.747526 -1.136985
1776409996.074242 jaka_arm_right success 0.427955 -0.094414 -0.277873 0.361386 0.768271 0.486974 0.204977 2.102751 0.808949 -2.402475 -2.119814 0.557907 -0.745220 -1.140713
1776409996.082505 jaka_arm_right success 0.428353 -0.094405 -0.278204 0.362935 0.767726 0.486610 0.205149 2.102557 0.808601 -2.401000 -2.118326 0.558056 -0.745451 -1.139088
1776409996.090962 jaka_arm_right success 0.429053 -0.094581 -0.278600 0.362115 0.768308 0.485990 0.205886 2.102872 0.808003 -2.401139 -2.118200 0.557402 -0.745790 -1.139857
1776409996.099234 jaka_arm_right success 0.429610 -0.094412 -0.278974 0.363398 0.767310 0.486115 0.207050 2.101987 0.811344 -2.400150 -2.114627 0.553465 -0.745285 -1.139507
1776409996.107497 jaka_arm_right success 0.430125 -0.094384 -0.279302 0.364201 0.766680 0.486384 0.207340 2.101661 0.811755 -2.399337 -2.113686 0.553163 -0.745167 -1.138581
1776409996.115966 jaka_arm_right success 0.430956 -0.094546 -0.279792 0.362586 0.766978 0.486900 0.207859 2.099885 0.815766 -2.400921 -2.109098 0.548698 -0.740850 -1.141915
1776409996.124212 jaka_arm_right success 0.431487 -0.094761 -0.280112 0.362703 0.767472 0.485853 0.208280 2.099763 0.815164 -2.401100 -2.108628 0.548438 -0.741386 -1.142170
1776409996.132535 jaka_arm_right success 0.432057 -0.094884 -0.280518 0.363300 0.767259 0.485921 0.207865 2.099763 0.815164 -2.401100 -2.108628 0.548438 -0.741386 -1.142170
1776409996.140874 jaka_arm_right success 0.432633 -0.094958 -0.280879 0.363856 0.766771 0.486497 0.207343 2.100727 0.818144 -2.401857 -2.102172 0.549793 -0.738110 -1.142925
1776409996.149181 jaka_arm_right success 0.433422 -0.095123 -0.281317 0.363568 0.766685 0.486877 0.207274 2.101800 0.817650 -2.404110 -2.095804 0.552808 -0.731130 -1.147127
1776409996.157521 jaka_arm_right success 0.434083 -0.095260 -0.281663 0.363853 0.766695 0.486755 0.207025 2.101701 0.817559 -2.403544 -2.095090 0.553202 -0.731110 -1.146343
1776409996.165881 jaka_arm_right success 0.434770 -0.095510 -0.282063 0.364010 0.766996 0.486139 0.207083 2.104197 0.817438 -2.404813 -2.091856 0.555458 -0.730513 -1.148009
1776409996.174191 jaka_arm_right success 0.435337 -0.095527 -0.282495 0.364549 0.766937 0.486265 0.206053 2.107529 0.817722 -2.406869 -2.087066 0.560801 -0.727673 -1.149988
1776409996.182491 jaka_arm_right success 0.436013 -0.095504 -0.282980 0.364759 0.766638 0.486584 0.206042 2.107562 0.817856 -2.406128 -2.086407 0.560999 -0.727261 -1.149298
1776409996.190888 jaka_arm_right success 0.436728 -0.095631 -0.283490 0.364291 0.766958 0.486217 0.206543 2.107971 0.819712 -2.408858 -2.079681 0.560872 -0.722864 -1.153411
1776409996.199236 jaka_arm_right success 0.437103 -0.095624 -0.283911 0.366203 0.766476 0.485382 0.206917 2.107586 0.819194 -2.407360 -2.077796 0.561127 -0.723394 -1.151567
1776409996.215842 jaka_arm_right success 0.438388 -0.095878 -0.284923 0.365019 0.767242 0.484849 0.207418 2.108623 0.820165 -2.409415 -2.075742 0.560094 -0.723090 -1.154480
1776409996.224288 jaka_arm_right success 0.438749 -0.095628 -0.285492 0.366482 0.766597 0.485209 0.206378 2.108422 0.821699 -2.408673 -2.073322 0.561110 -0.722203 -1.152887
1776409996.232565 jaka_arm_right success 0.439098 -0.095688 -0.285950 0.367747 0.766711 0.483960 0.206638 2.109008 0.822753 -2.408866 -2.070319 0.560596 -0.723364 -1.152802
1776409996.240864 jaka_arm_right success 0.439555 -0.095803 -0.286409 0.366861 0.767513 0.483746 0.205734 2.112533 0.824870 -2.412240 -2.066528 0.564130 -0.723235 -1.155379
1776409996.249194 jaka_arm_right success 0.440039 -0.095793 -0.286917 0.366629 0.767693 0.483561 0.205913 2.112928 0.824535 -2.412637 -2.065797 0.563955 -0.723082 -1.156270
1776409996.257550 jaka_arm_right success 0.440394 -0.095729 -0.287393 0.367395 0.767355 0.483611 0.205688 2.112856 0.824866 -2.411882 -2.065019 0.564370 -0.722728 -1.155295
1776409996.265912 jaka_arm_right success 0.440653 -0.095550 -0.287815 0.368271 0.767511 0.483415 0.203993 2.115833 0.827384 -2.414725 -2.059161 0.568737 -0.721262 -1.157042
1776409996.274199 jaka_arm_right success 0.440835 -0.095505 -0.288224 0.369110 0.767452 0.483034 0.203599 2.115373 0.827181 -2.414889 -2.058679 0.569013 -0.721642 -1.156707
1776409996.282709 jaka_arm_right success 0.441150 -0.095505 -0.288679 0.368907 0.767674 0.483160 0.202830 2.117308 0.827268 -2.416309 -2.055547 0.572323 -0.719583 -1.158235
1776409996.290910 jaka_arm_right success 0.441497 -0.095336 -0.289143 0.368187 0.768044 0.483374 0.202230 2.119169 0.826801 -2.419145 -2.051399 0.576354 -0.715736 -1.161690
1776409996.307539 jaka_arm_right success 0.441633 -0.094884 -0.289789 0.368745 0.768564 0.482793 0.200618 2.123032 0.827379 -2.421555 -2.047998 0.582194 -0.715330 -1.163033
1776409996.315872 jaka_arm_right success 0.441758 -0.094602 -0.290131 0.368739 0.768869 0.482145 0.201016 2.122911 0.826939 -2.421728 -2.047639 0.582009 -0.715742 -1.163215
1776409996.324261 jaka_arm_right success 0.441735 -0.094414 -0.290346 0.367987 0.769889 0.480792 0.201733 2.123294 0.826144 -2.423718 -2.048214 0.580755 -0.716776 -1.165900
1776409996.332563 jaka_arm_right success 0.441831 -0.093999 -0.290669 0.366881 0.770183 0.480832 0.202526 2.124078 0.827036 -2.423970 -2.047349 0.579682 -0.716977 -1.166753
1776409996.340858 jaka_arm_right success 0.441628 -0.093614 -0.290882 0.366180 0.770649 0.480566 0.202653 2.124212 0.827428 -2.425122 -2.047364 0.579098 -0.717398 -1.167947
1776409996.349249 jaka_arm_right success 0.441535 -0.093119 -0.291099 0.365996 0.770827 0.479800 0.204119 2.124363 0.832145 -2.425523 -2.044353 0.573880 -0.719744 -1.168474
1776409996.357529 jaka_arm_right success 0.441439 -0.092770 -0.291225 0.364492 0.771678 0.479256 0.204875 2.124853 0.831790 -2.426849 -2.045287 0.572773 -0.720114 -1.170609
1776409996.365892 jaka_arm_right success 0.441354 -0.092406 -0.291384 0.363428 0.771870 0.479317 0.205894 2.125452 0.832118 -2.427405 -2.046185 0.571545 -0.719940 -1.172102
1776409996.374240 jaka_arm_right success 0.441287 -0.092016 -0.291557 0.362725 0.772129 0.479176 0.206490 2.123367 0.836545 -2.427727 -2.044549 0.565412 -0.721059 -1.172421
1776409996.382630 jaka_arm_right success 0.441338 -0.091796 -0.291649 0.360502 0.773286 0.478729 0.207090 2.123976 0.836235 -2.429608 -2.046006 0.564238 -0.721316 -1.175222
1776409996.390931 jaka_arm_right success 0.441245 -0.091198 -0.291821 0.360620 0.772581 0.479712 0.207240 2.124202 0.836710 -2.429307 -2.046360 0.564318 -0.720816 -1.175053
1776409996.399317 jaka_arm_right success 0.441323 -0.090923 -0.291974 0.359618 0.772644 0.480049 0.207965 2.122450 0.838747 -2.429063 -2.045273 0.560728 -0.718612 -1.175947
1776409996.407489 jaka_arm_right success 0.441314 -0.090610 -0.292067 0.358695 0.772959 0.480262 0.207898 2.122641 0.839123 -2.429609 -2.046036 0.560567 -0.718285 -1.176670
1776409996.415886 jaka_arm_right success 0.441108 -0.090201 -0.292060 0.358909 0.772935 0.480613 0.206801 2.122095 0.839503 -2.430110 -2.046131 0.561132 -0.718306 -1.176400
1776409996.424226 jaka_arm_right success 0.441120 -0.089978 -0.292128 0.358496 0.772787 0.480599 0.208098 2.122533 0.839375 -2.429883 -2.046260 0.560656 -0.718159 -1.176788
1776409996.432523 jaka_arm_right success 0.441384 -0.089803 -0.292260 0.356946 0.772847 0.481018 0.209570 2.121208 0.840744 -2.430521 -2.045227 0.556219 -0.715835 -1.179526
1776409996.440888 jaka_arm_right success 0.441587 -0.089497 -0.292396 0.355830 0.772864 0.481728 0.209774 2.119570 0.842367 -2.430556 -2.043768 0.554082 -0.712576 -1.180570
1776409996.449181 jaka_arm_right success 0.441695 -0.089375 -0.292479 0.355622 0.773106 0.481477 0.209810 2.119659 0.842013 -2.431584 -2.044105 0.553417 -0.712833 -1.181979
1776409996.457712 jaka_arm_right success 0.441816 -0.089038 -0.292619 0.356136 0.772901 0.481961 0.208578 2.119036 0.843189 -2.431123 -2.043868 0.554702 -0.712088 -1.180389
1776409996.465861 jaka_arm_right success 0.442042 -0.088906 -0.292789 0.356131 0.772866 0.482096 0.208406 2.118773 0.843447 -2.431999 -2.043143 0.554741 -0.711868 -1.181056
1776409996.474367 jaka_arm_right success 0.442392 -0.088743 -0.293088 0.356366 0.772507 0.482027 0.209489 2.118342 0.845383 -2.431248 -2.039495 0.552483 -0.709859 -1.181454
1776409996.482507 jaka_arm_right success 0.442818 -0.088668 -0.293341 0.356202 0.772295 0.482420 0.209645 2.118521 0.845520 -2.431138 -2.039642 0.552392 -0.709641 -1.181538
1776409996.490895 jaka_arm_right success 0.443259 -0.088740 -0.293667 0.355806 0.772322 0.482593 0.209822 2.118031 0.847167 -2.431925 -2.036795 0.550790 -0.706581 -1.183539
1776409996.499258 jaka_arm_right success 0.443500 -0.088629 -0.293885 0.356901 0.771620 0.483122 0.209326 2.117485 0.847611 -2.430810 -2.035754 0.551629 -0.706171 -1.181744
1776409996.507497 jaka_arm_right success 0.443856 -0.088523 -0.294209 0.356983 0.771374 0.483493 0.209235 2.116402 0.849192 -2.430956 -2.032858 0.550987 -0.703099 -1.182321
1776409996.515855 jaka_arm_right success 0.443935 -0.088505 -0.294451 0.358545 0.770993 0.483715 0.207447 2.115898 0.849523 -2.431322 -2.029605 0.553808 -0.701015 -1.181584
1776409996.524256 jaka_arm_right success 0.444275 -0.088551 -0.294733 0.358484 0.770756 0.483863 0.208086 2.116175 0.849439 -2.431126 -2.029634 0.553551 -0.700893 -1.181768
1776409996.532557 jaka_arm_right success 0.444529 -0.088525 -0.295040 0.358542 0.770399 0.484038 0.208903 2.115764 0.849763 -2.430668 -2.028036 0.552066 -0.699425 -1.182397
1776409996.540837 jaka_arm_right success 0.444644 -0.088508 -0.295304 0.359072 0.770021 0.483978 0.209526 2.114795 0.850353 -2.429892 -2.026305 0.550398 -0.698169 -1.182349
1776409996.549222 jaka_arm_right success 0.444763 -0.088466 -0.295531 0.359173 0.769933 0.483755 0.210187 2.111771 0.852377 -2.429407 -2.022985 0.545959 -0.696067 -1.182813
1776409996.557532 jaka_arm_right success 0.444729 -0.088140 -0.295731 0.360592 0.768863 0.484228 0.210586 2.108811 0.854550 -2.427546 -2.022229 0.542846 -0.694890 -1.180917
1776409996.565912 jaka_arm_right success 0.444792 -0.088121 -0.295909 0.359791 0.768972 0.484364 0.211245 2.109236 0.854468 -2.427344 -2.022429 0.542404 -0.694709 -1.181296
1776409996.574259 jaka_arm_right success 0.444824 -0.088115 -0.296076 0.358568 0.769576 0.484136 0.211648 2.109516 0.854155 -2.428501 -2.023155 0.541415 -0.694841 -1.183107
1776409996.582492 jaka_arm_right success 0.444838 -0.087965 -0.296221 0.357529 0.769759 0.484554 0.211783 2.108064 0.855014 -2.428881 -2.022752 0.539441 -0.692424 -1.184411
1776409996.590918 jaka_arm_right success 0.444539 -0.087372 -0.296329 0.359567 0.768433 0.485182 0.211707 2.103642 0.857748 -2.426380 -2.021102 0.535338 -0.690542 -1.181822
1776409996.599247 jaka_arm_right success 0.444414 -0.087141 -0.296344 0.359746 0.768177 0.485363 0.211919 2.103642 0.857748 -2.426380 -2.021102 0.535338 -0.690542 -1.181822
1776409996.607543 jaka_arm_right success 0.444489 -0.086941 -0.296406 0.358367 0.768139 0.485842 0.213291 2.101131 0.858878 -2.425559 -2.021059 0.530439 -0.688942 -1.182684
1776409996.615946 jaka_arm_right success 0.444469 -0.086743 -0.296447 0.357221 0.768236 0.486031 0.214431 2.099592 0.859713 -2.425674 -2.021676 0.526842 -0.687751 -1.184140
1776409996.624267 jaka_arm_right success 0.444405 -0.086523 -0.296372 0.356265 0.768491 0.485844 0.215526 2.100016 0.859688 -2.425897 -2.022325 0.525466 -0.687489 -1.185426
1776409996.632586 jaka_arm_right success 0.444021 -0.086123 -0.296271 0.357043 0.768085 0.486165 0.214964 2.094556 0.862769 -2.423799 -2.022657 0.519732 -0.687793 -1.182734
1776409996.640893 jaka_arm_right success 0.444016 -0.085754 -0.296346 0.355806 0.767433 0.487243 0.216894 2.091662 0.864249 -2.422367 -2.023229 0.514179 -0.685344 -1.183459
1776409996.649192 jaka_arm_right success 0.444139 -0.085554 -0.296421 0.353356 0.767466 0.487691 0.219756 2.088386 0.865520 -2.422419 -2.023799 0.506201 -0.682164 -1.187024
1776409996.657586 jaka_arm_right success 0.443812 -0.085195 -0.296256 0.352969 0.767641 0.487841 0.219435 2.088373 0.865767 -2.422450 -2.024015 0.506296 -0.681978 -1.186976
1776409996.665869 jaka_arm_right success 0.443686 -0.084865 -0.296207 0.351810 0.767514 0.488179 0.220983 2.085845 0.866656 -2.421786 -2.024480 0.501484 -0.680499 -1.188058
1776409996.674205 jaka_arm_right success 0.443572 -0.084490 -0.296127 0.351048 0.767037 0.489073 0.221873 2.081497 0.868827 -2.420389 -2.025143 0.495698 -0.677143 -1.188390
1776409996.682519 jaka_arm_right success 0.443514 -0.084332 -0.296041 0.350162 0.766999 0.489441 0.222592 2.081894 0.868750 -2.420266 -2.025383 0.495278 -0.676966 -1.188805
1776409996.690917 jaka_arm_right success 0.443509 -0.084124 -0.295958 0.348594 0.766982 0.490424 0.222946 2.078314 0.868964 -2.420478 -2.025643 0.491618 -0.672194 -1.190869
1776409996.699214 jaka_arm_right success 0.443326 -0.083790 -0.295731 0.349279 0.766561 0.490437 0.223296 2.078324 0.868902 -2.419503 -2.025080 0.491598 -0.672192 -1.190067
1776409996.707499 jaka_arm_right success 0.443381 -0.083655 -0.295631 0.348652 0.766330 0.491053 0.223710 2.078684 0.869149 -2.419387 -2.025516 0.491395 -0.671802 -1.190311
1776409996.715864 jaka_arm_right success 0.443730 -0.083627 -0.295597 0.346208 0.766482 0.492233 0.224391 2.076269 0.869854 -2.420665 -2.025412 0.488269 -0.666123 -1.193701
1776409996.724272 jaka_arm_right success 0.443693 -0.083540 -0.295458 0.346640 0.766140 0.492483 0.224343 2.076269 0.869854 -2.420665 -2.025412 0.488269 -0.666123 -1.193701
1776409996.732588 jaka_arm_right success 0.443821 -0.083393 -0.295360 0.345885 0.765683 0.493531 0.224769 2.072448 0.870018 -2.419829 -2.023327 0.485739 -0.659265 -1.194832
1776409996.740917 jaka_arm_right success 0.443919 -0.083300 -0.295236 0.345709 0.765189 0.494218 0.225210 2.072827 0.870192 -2.419431 -2.023550 0.485584 -0.658887 -1.194837
1776409996.749216 jaka_arm_right success 0.444034 -0.083165 -0.295093 0.345348 0.764882 0.495112 0.224841 2.072890 0.870955 -2.418905 -2.023868 0.486009 -0.657925 -1.194244
1776409996.757585 jaka_arm_right success 0.444181 -0.083194 -0.294991 0.345303 0.764659 0.495231 0.225407 2.072210 0.870569 -2.418590 -2.022936 0.485042 -0.656035 -1.194962
1776409996.765900 jaka_arm_right success 0.444316 -0.083211 -0.294898 0.344971 0.764735 0.495432 0.225218 2.072210 0.870569 -2.418590 -2.022936 0.485042 -0.656035 -1.194962
1776409996.774193 jaka_arm_right success 0.444423 -0.083258 -0.294810 0.344601 0.764888 0.495796 0.224461 2.072606 0.866975 -2.421052 -2.019426 0.490253 -0.648036 -1.197914
1776409996.782495 jaka_arm_right success 0.444453 -0.083072 -0.294803 0.345169 0.764594 0.495977 0.224189 2.072576 0.867350 -2.420714 -2.019416 0.490588 -0.647769 -1.197386
1776409996.799231 jaka_arm_right success 0.444718 -0.083122 -0.294986 0.344709 0.764787 0.495722 0.224801 2.072875 0.867028 -2.420553 -2.019289 0.490173 -0.647852 -1.197714
1776409996.807490 jaka_arm_right success 0.444804 -0.083137 -0.295173 0.344582 0.765058 0.495272 0.225066 2.072956 0.866648 -2.420637 -2.019057 0.489851 -0.648119 -1.198047
1776409996.815858 jaka_arm_right success 0.444827 -0.082959 -0.295404 0.345039 0.765011 0.495199 0.224688 2.072712 0.866884 -2.420852 -2.018718 0.490073 -0.648269 -1.197855
1776409996.824307 jaka_arm_right success 0.444860 -0.083014 -0.295622 0.344901 0.765329 0.494676 0.224970 2.072970 0.866829 -2.421393 -2.018316 0.489512 -0.648655 -1.198652
1776409996.832574 jaka_arm_right success 0.444834 -0.082969 -0.295862 0.345437 0.765195 0.494391 0.225228 2.072859 0.867182 -2.420721 -2.017305 0.489518 -0.648895 -1.197841
1776409996.840861 jaka_arm_right success 0.444855 -0.083024 -0.296060 0.345224 0.765541 0.494106 0.225003 2.072890 0.867264 -2.421846 -2.017529 0.489131 -0.649205 -1.198897
1776409996.849162 jaka_arm_right success 0.444928 -0.083048 -0.296272 0.345200 0.765915 0.493597 0.224885 2.072846 0.867325 -2.422196 -2.016839 0.489085 -0.649819 -1.198976
1776409996.857536 jaka_arm_right success 0.444752 -0.082882 -0.296427 0.347238 0.766004 0.492546 0.223744 2.074521 0.869884 -2.422225 -2.014816 0.490509 -0.654058 -1.196752
1776409996.865909 jaka_arm_right success 0.444775 -0.082891 -0.296625 0.346976 0.767040 0.491328 0.223280 2.078308 0.871028 -2.424783 -2.015392 0.492417 -0.659635 -1.197412
1776409996.874208 jaka_arm_right success 0.444841 -0.082852 -0.296868 0.346590 0.767978 0.490282 0.222952 2.079683 0.870816 -2.426316 -2.015569 0.493113 -0.661981 -1.198266
1776409996.882506 jaka_arm_right success 0.444877 -0.082676 -0.297182 0.346597 0.768449 0.489447 0.223155 2.080805 0.870926 -2.426763 -2.015183 0.493218 -0.663875 -1.198462
1776409996.890949 jaka_arm_right success 0.444951 -0.082512 -0.297436 0.345777 0.769073 0.489153 0.222922 2.082021 0.871486 -2.428460 -2.015640 0.493699 -0.665124 -1.199626
1776409996.899248 jaka_arm_right success 0.445013 -0.082494 -0.297697 0.344182 0.770333 0.488128 0.223286 2.087055 0.871913 -2.431651 -2.015230 0.495632 -0.668774 -1.202352
1776409996.907500 jaka_arm_right success 0.444632 -0.082272 -0.297735 0.345871 0.770578 0.486836 0.222651 2.088926 0.872598 -2.431361 -2.015298 0.497324 -0.673819 -1.200121
1776409996.915868 jaka_arm_right success 0.444723 -0.082215 -0.297919 0.343947 0.771704 0.486072 0.223399 2.089394 0.871963 -2.433295 -2.016226 0.496174 -0.674372 -1.202699
1776409996.924263 jaka_arm_right success 0.444524 -0.081916 -0.298017 0.343673 0.771912 0.486183 0.222861 2.089255 0.872325 -2.433714 -2.016568 0.496452 -0.674267 -1.202754
1776409996.932532 jaka_arm_right success 0.444303 -0.081658 -0.298138 0.343349 0.772085 0.485758 0.223686 2.089599 0.871913 -2.433760 -2.016535 0.495900 -0.674473 -1.203340
1776409996.940902 jaka_arm_right success 0.443866 -0.081479 -0.298101 0.342902 0.773005 0.485006 0.222825 2.093617 0.873761 -2.435795 -2.019732 0.497358 -0.682454 -1.202947
1776409996.949273 jaka_arm_right success 0.443640 -0.081149 -0.298188 0.342634 0.772932 0.485229 0.223003 2.093617 0.873761 -2.435795 -2.019732 0.497358 -0.682454 -1.202947
1776409996.957581 jaka_arm_right success 0.443462 -0.080925 -0.298171 0.340992 0.773561 0.484881 0.224096 2.094378 0.873752 -2.437138 -2.021121 0.495970 -0.682136 -1.205397
1776409996.965894 jaka_arm_right success 0.443189 -0.080793 -0.298108 0.339840 0.774225 0.484470 0.224439 2.094705 0.873143 -2.437568 -2.021188 0.495191 -0.682460 -1.206462
1776409996.974201 jaka_arm_right success 0.442723 -0.080456 -0.298047 0.340341 0.774225 0.484016 0.224659 2.093624 0.874015 -2.437660 -2.021463 0.493772 -0.683745 -1.206065
1776409996.982505 jaka_arm_right success 0.442383 -0.080156 -0.298045 0.338720 0.774699 0.483806 0.225924 2.092132 0.875390 -2.438018 -2.023489 0.488555 -0.684773 -1.207752
1776409996.990955 jaka_arm_right success 0.441865 -0.079731 -0.297916 0.339655 0.774351 0.483694 0.225956 2.088229 0.878537 -2.435531 -2.027181 0.482998 -0.690326 -1.203815
1776409996.999246 jaka_arm_right success 0.441653 -0.079471 -0.297933 0.337831 0.774447 0.484263 0.227136 2.089301 0.878267 -2.436431 -2.028535 0.481419 -0.689903 -1.206251
1776409997.007488 jaka_arm_right success 0.441374 -0.079195 -0.297941 0.336192 0.775054 0.484372 0.227265 2.089729 0.878621 -2.436676 -2.029323 0.481148 -0.689396 -1.206886
1776409997.015928 jaka_arm_right success 0.440934 -0.078974 -0.297865 0.336275 0.775208 0.483451 0.228577 2.087849 0.878617 -2.436927 -2.029887 0.477637 -0.690081 -1.207904
1776409997.024255 jaka_arm_right success 0.440630 -0.078882 -0.297808 0.334475 0.776248 0.482882 0.228890 2.088164 0.878152 -2.438647 -2.030869 0.476634 -0.690398 -1.210168
1776409997.032532 jaka_arm_right success 0.440584 -0.078721 -0.297814 0.331986 0.776617 0.483385 0.230197 2.089073 0.878392 -2.440022 -2.032812 0.475238 -0.689514 -1.212820
1776409997.040886 jaka_arm_right success 0.439980 -0.078073 -0.297811 0.334223 0.775038 0.484309 0.230337 2.080585 0.881375 -2.435690 -2.032832 0.467147 -0.687419 -1.209113
1776409997.049158 jaka_arm_right success 0.439515 -0.077835 -0.297780 0.333419 0.775556 0.484359 0.229654 2.080194 0.881640 -2.436616 -2.033287 0.467456 -0.687481 -1.209434
1776409997.057536 jaka_arm_right success 0.439366 -0.077704 -0.297761 0.331596 0.775491 0.485207 0.230720 2.081213 0.881446 -2.437600 -2.034820 0.466072 -0.686894 -1.211823
1776409997.065880 jaka_arm_right success 0.438933 -0.077570 -0.297772 0.330626 0.775870 0.484944 0.231390 2.081586 0.881373 -2.437539 -2.035106 0.465669 -0.686705 -1.212269
1776409997.074249 jaka_arm_right success 0.438759 -0.077576 -0.297714 0.328107 0.776748 0.484670 0.232602 2.081953 0.880463 -2.439660 -2.036813 0.463743 -0.686312 -1.215788
1776409997.082498 jaka_arm_right success 0.438472 -0.077456 -0.297640 0.325924 0.777188 0.485337 0.232808 2.079921 0.878566 -2.440433 -2.038368 0.462647 -0.681885 -1.218104
1776409997.090907 jaka_arm_right success 0.437953 -0.077125 -0.297600 0.325973 0.776901 0.485871 0.232584 2.079571 0.878935 -2.440736 -2.038760 0.462911 -0.681412 -1.218070
1776409997.099231 jaka_arm_right success 0.437289 -0.076780 -0.297515 0.326480 0.776594 0.486481 0.231624 2.078077 0.878979 -2.440478 -2.039323 0.463426 -0.679945 -1.217274
1776409997.107505 jaka_arm_right success 0.437104 -0.076508 -0.297581 0.324354 0.776098 0.487849 0.233389 2.071135 0.877145 -2.439154 -2.039076 0.456955 -0.670887 -1.219951
1776409997.115858 jaka_arm_right success 0.436622 -0.076459 -0.297516 0.322982 0.776464 0.487718 0.234345 2.071610 0.877126 -2.440131 -2.040228 0.456033 -0.670329 -1.221722
1776409997.124201 jaka_arm_right success 0.436143 -0.076309 -0.297504 0.321835 0.776631 0.487850 0.235095 2.070749 0.876518 -2.440497 -2.040835 0.454315 -0.669143 -1.223179
1776409997.132547 jaka_arm_right success 0.435731 -0.076152 -0.297466 0.319923 0.776654 0.488634 0.235997 2.067887 0.875746 -2.440846 -2.041896 0.451316 -0.664907 -1.225398
1776409997.140863 jaka_arm_right success 0.435154 -0.075951 -0.297383 0.319951 0.776737 0.488025 0.236946 2.068141 0.875264 -2.440556 -2.041635 0.450799 -0.665098 -1.225678
1776409997.149199 jaka_arm_right success 0.434652 -0.075709 -0.297342 0.319721 0.776359 0.488462 0.237593 2.060764 0.876068 -2.438162 -2.043282 0.443007 -0.662634 -1.225268
1776409997.157562 jaka_arm_right success 0.434157 -0.075559 -0.297327 0.319931 0.776004 0.488633 0.238117 2.058902 0.876890 -2.437093 -2.044571 0.440643 -0.662875 -1.224586
1776409997.165905 jaka_arm_right success 0.433780 -0.075413 -0.297286 0.319218 0.775913 0.489297 0.238007 2.058825 0.877262 -2.437297 -2.045202 0.440554 -0.662487 -1.224769
1776409997.174231 jaka_arm_right success 0.433553 -0.075291 -0.297350 0.318534 0.775116 0.490413 0.239219 2.054004 0.877428 -2.435088 -2.046272 0.434927 -0.658814 -1.225077
1776409997.182500 jaka_arm_right success 0.433055 -0.075106 -0.297312 0.319263 0.774586 0.491067 0.238623 2.053563 0.878124 -2.434972 -2.046437 0.435619 -0.658465 -1.224243
1776409997.190926 jaka_arm_right success 0.432542 -0.074985 -0.297253 0.319804 0.774466 0.491201 0.238011 2.051990 0.878286 -2.434135 -2.046707 0.435566 -0.658162 -1.222892
1776409997.199218 jaka_arm_right success 0.432356 -0.074938 -0.297410 0.319064 0.773555 0.492697 0.238873 2.044008 0.877798 -2.430969 -2.048826 0.428231 -0.651747 -1.223032
1776409997.207700 jaka_arm_right success 0.432021 -0.074935 -0.297349 0.318907 0.773698 0.492505 0.239015 2.044008 0.877798 -2.430969 -2.048826 0.428231 -0.651747 -1.223032
1776409997.215863 jaka_arm_right success 0.431773 -0.074882 -0.297431 0.317500 0.773723 0.493570 0.238612 2.043487 0.878304 -2.432104 -2.050015 0.428435 -0.650789 -1.223692
1776409997.224306 jaka_arm_right success 0.431427 -0.074850 -0.297492 0.317709 0.773331 0.493809 0.239110 2.038364 0.876565 -2.430492 -2.050662 0.424944 -0.646699 -1.223851
1776409997.232544 jaka_arm_right success 0.431111 -0.074831 -0.297571 0.317640 0.772885 0.494169 0.239897 2.038670 0.876601 -2.430130 -2.050770 0.424703 -0.646477 -1.223901
1776409997.240890 jaka_arm_right success 0.430456 -0.074864 -0.297607 0.319046 0.772386 0.494003 0.239978 2.031465 0.877704 -2.426255 -2.052228 0.418201 -0.645810 -1.221363
1776409997.249360 jaka_arm_right success 0.429961 -0.074882 -0.297717 0.319431 0.772242 0.493930 0.240082 2.029898 0.877831 -2.425893 -2.052886 0.417175 -0.646890 -1.220666
1776409997.257532 jaka_arm_right success 0.429580 -0.075021 -0.297895 0.319735 0.771828 0.494212 0.240428 2.027959 0.878254 -2.424565 -2.054222 0.414974 -0.646708 -1.220013
1776409997.265912 jaka_arm_right success 0.429351 -0.075198 -0.298185 0.318990 0.771119 0.495778 0.240466 2.024026 0.878094 -2.423224 -2.055417 0.412110 -0.642757 -1.220065
1776409997.274199 jaka_arm_right success 0.428907 -0.075428 -0.298440 0.319967 0.770619 0.496241 0.239816 2.023379 0.878579 -2.423107 -2.055248 0.412881 -0.642662 -1.219079
1776409997.290893 jaka_arm_right success 0.428834 -0.076241 -0.299138 0.318347 0.770764 0.497314 0.239283 2.016771 0.872998 -2.422376 -2.055456 0.412656 -0.631552 -1.220328
1776409997.299270 jaka_arm_right success 0.428434 -0.076451 -0.299420 0.320393 0.770374 0.497422 0.237578 2.015688 0.873758 -2.421555 -2.054605 0.414354 -0.631435 -1.217936
1776409997.307504 jaka_arm_right success 0.428230 -0.076836 -0.299723 0.320582 0.770570 0.497482 0.236559 2.015896 0.870985 -2.422727 -2.054357 0.417662 -0.629375 -1.218228
1776409997.315923 jaka_arm_right success 0.427962 -0.077080 -0.300167 0.321675 0.769754 0.498126 0.236377 2.015439 0.871393 -2.422113 -2.053957 0.418372 -0.629193 -1.217023
1776409997.324240 jaka_arm_right success 0.427727 -0.077524 -0.300543 0.321636 0.769787 0.498042 0.236499 2.013381 0.869279 -2.421108 -2.053108 0.417365 -0.625904 -1.217468
1776409997.332524 jaka_arm_right success 0.427319 -0.077763 -0.300946 0.322577 0.768938 0.499241 0.235451 2.008714 0.867565 -2.420178 -2.052204 0.418059 -0.619603 -1.216420
1776409997.340893 jaka_arm_right success 0.426909 -0.078242 -0.301305 0.322822 0.768702 0.499353 0.235649 2.007291 0.866642 -2.419020 -2.051559 0.417560 -0.617330 -1.216092
1776409997.349277 jaka_arm_right success 0.426390 -0.078555 -0.301699 0.323724 0.768132 0.500149 0.234577 2.003869 0.865081 -2.418222 -2.051569 0.418128 -0.613020 -1.215204
1776409997.357560 jaka_arm_right success 0.426066 -0.079130 -0.302199 0.322648 0.767793 0.500950 0.235459 1.998847 0.862208 -2.417197 -2.050383 0.415338 -0.605018 -1.216954
1776409997.365905 jaka_arm_right success 0.425599 -0.079634 -0.302507 0.322189 0.767554 0.501691 0.235288 1.995243 0.859362 -2.417120 -2.049450 0.415698 -0.598062 -1.217704
1776409997.374159 jaka_arm_right success 0.424951 -0.080077 -0.302907 0.322592 0.767201 0.502585 0.233977 1.992308 0.855303 -2.417498 -2.048745 0.418898 -0.590806 -1.217636
1776409997.382501 jaka_arm_right success 0.424233 -0.080231 -0.303326 0.323558 0.766161 0.504188 0.232599 1.990683 0.855523 -2.416460 -2.048031 0.420135 -0.587446 -1.216138
1776409997.390901 jaka_arm_right success 0.423526 -0.080670 -0.303675 0.324239 0.765803 0.504228 0.232744 1.986825 0.853572 -2.414990 -2.047512 0.419142 -0.583564 -1.215606
1776409997.399234 jaka_arm_right success 0.422869 -0.081110 -0.304015 0.324501 0.764945 0.505414 0.232624 1.981409 0.851760 -2.413595 -2.047746 0.417440 -0.577294 -1.215518
1776409997.407490 jaka_arm_right success 0.422325 -0.081730 -0.304300 0.323781 0.765102 0.505504 0.232917 1.979689 0.849877 -2.413108 -2.047875 0.416527 -0.574480 -1.216279
1776409997.415801 jaka_arm_right success 0.421526 -0.082111 -0.304587 0.323915 0.764943 0.506346 0.231421 1.976978 0.847415 -2.413468 -2.049014 0.418458 -0.570021 -1.215893
1776409997.424252 jaka_arm_right success 0.420896 -0.082637 -0.304946 0.322632 0.764869 0.507303 0.231360 1.972528 0.841093 -2.413637 -2.048580 0.419230 -0.559440 -1.217972
1776409997.432520 jaka_arm_right success 0.420120 -0.083057 -0.305134 0.323118 0.764555 0.507806 0.230616 1.972068 0.841509 -2.413904 -2.048669 0.419824 -0.559305 -1.217486
1776409997.440884 jaka_arm_right success 0.419298 -0.083271 -0.305401 0.323431 0.763773 0.509004 0.230127 1.966900 0.838249 -2.412831 -2.048711 0.420373 -0.551847 -1.216916
1776409997.449265 jaka_arm_right success 0.418605 -0.083754 -0.305616 0.322706 0.764072 0.508976 0.230212 1.963714 0.833816 -2.412680 -2.048562 0.420399 -0.545427 -1.218220
1776409997.457545 jaka_arm_right success 0.417799 -0.083778 -0.305939 0.322968 0.763313 0.510100 0.229874 1.960589 0.833653 -2.412023 -2.047986 0.419530 -0.540797 -1.218243
1776409997.465877 jaka_arm_right success 0.417022 -0.084040 -0.306113 0.322136 0.763301 0.510615 0.229939 1.958458 0.832168 -2.411689 -2.048392 0.418928 -0.537337 -1.218783
1776409997.474278 jaka_arm_right success 0.416219 -0.084470 -0.306263 0.321808 0.763764 0.509748 0.230783 1.958492 0.831440 -2.411807 -2.048048 0.418400 -0.537780 -1.219339
1776409997.482515 jaka_arm_right success 0.415446 -0.084601 -0.306424 0.321793 0.763445 0.510472 0.230258 1.952012 0.827693 -2.410370 -2.051052 0.416713 -0.532663 -1.219131
1776409997.490901 jaka_arm_right success 0.414717 -0.084743 -0.306530 0.321198 0.763321 0.511271 0.229728 1.951687 0.828062 -2.411213 -2.051874 0.416877 -0.532085 -1.219504
1776409997.507533 jaka_arm_right success 0.413253 -0.084920 -0.306558 0.320753 0.763124 0.511812 0.229800 1.945670 0.824190 -2.409459 -2.054835 0.414850 -0.526391 -1.219681
1776409997.515846 jaka_arm_right success 0.412646 -0.085190 -0.306517 0.319007 0.763826 0.511787 0.229955 1.945719 0.823598 -2.411016 -2.055717 0.414053 -0.526343 -1.221500
1776409997.524254 jaka_arm_right success 0.411908 -0.085071 -0.306550 0.319509 0.762827 0.512594 0.230773 1.938842 0.821788 -2.407373 -2.056561 0.410051 -0.520678 -1.220936
1776409997.532547 jaka_arm_right success 0.411293 -0.085207 -0.306417 0.318206 0.763184 0.513120 0.230225 1.938870 0.822316 -2.407973 -2.057448 0.410189 -0.520111 -1.221244
1776409997.540874 jaka_arm_right success 0.410482 -0.085223 -0.306265 0.318962 0.762966 0.512623 0.231004 1.935876 0.820160 -2.406514 -2.059000 0.408509 -0.519498 -1.221001
1776409997.549205 jaka_arm_right success 0.410012 -0.085315 -0.306138 0.317320 0.763070 0.513159 0.231733 1.936202 0.819914 -2.407542 -2.060302 0.407470 -0.518935 -1.222759
1776409997.557535 jaka_arm_right success 0.409349 -0.085253 -0.305871 0.317474 0.762660 0.513335 0.232481 1.932946 0.819226 -2.405292 -2.061729 0.405038 -0.517156 -1.222318
1776409997.565908 jaka_arm_right success 0.408836 -0.085404 -0.305493 0.316027 0.763071 0.513303 0.233173 1.929041 0.817036 -2.404325 -2.064372 0.401957 -0.515753 -1.223273
1776409997.574192 jaka_arm_right success 0.408189 -0.085227 -0.305062 0.316316 0.762477 0.513945 0.233310 1.925049 0.817102 -2.401973 -2.066725 0.399648 -0.514692 -1.222076
1776409997.582499 jaka_arm_right success 0.407411 -0.085181 -0.304550 0.317207 0.762433 0.513300 0.233665 1.917807 0.817239 -2.396107 -2.075556 0.393016 -0.522138 -1.218648
1776409997.590943 jaka_arm_right success 0.407095 -0.085090 -0.304158 0.315249 0.761753 0.515010 0.234767 1.917370 0.818772 -2.395564 -2.075831 0.391008 -0.519113 -1.219826
1776409997.599268 jaka_arm_right success 0.406420 -0.084988 -0.303619 0.315609 0.761395 0.515142 0.235152 1.917370 0.818772 -2.395564 -2.075831 0.391008 -0.519113 -1.219826
1776409997.607559 jaka_arm_right success 0.405798 -0.085031 -0.303008 0.315399 0.760997 0.515031 0.236962 1.906433 0.819339 -2.389554 -2.080862 0.380422 -0.518472 -1.219452
1776409997.615990 jaka_arm_right success 0.405284 -0.084954 -0.302365 0.314695 0.760707 0.515788 0.237181 1.906837 0.819594 -2.389304 -2.081298 0.380260 -0.518056 -1.219578
1776409997.624219 jaka_arm_right success 0.404916 -0.085166 -0.301801 0.312778 0.760957 0.516114 0.238203 1.907748 0.819101 -2.390331 -2.082973 0.378847 -0.517444 -1.221886
1776409997.632566 jaka_arm_right success 0.404292 -0.085061 -0.301190 0.312739 0.759953 0.517975 0.237419 1.904777 0.817313 -2.388348 -2.086297 0.379286 -0.513960 -1.220319
1776409997.640880 jaka_arm_right success 0.403883 -0.085123 -0.300625 0.312586 0.759634 0.517904 0.238791 1.901746 0.816193 -2.385673 -2.087758 0.376482 -0.513350 -1.219938
1776409997.649198 jaka_arm_right success 0.403555 -0.085410 -0.299969 0.311362 0.759399 0.518862 0.239058 1.902196 0.816386 -2.385683 -2.089216 0.375903 -0.512197 -1.220722
1776409997.657608 jaka_arm_right success 0.402989 -0.085469 -0.299490 0.312646 0.757899 0.519810 0.240082 1.889892 0.814865 -2.377960 -2.093174 0.368740 -0.507690 -1.217798
1776409997.665899 jaka_arm_right success 0.402598 -0.085658 -0.298948 0.312806 0.757229 0.521038 0.239322 1.889863 0.815631 -2.377927 -2.093711 0.369223 -0.507118 -1.217319
1776409997.674216 jaka_arm_right success 0.402596 -0.085844 -0.298556 0.310636 0.757140 0.522553 0.239130 1.889915 0.813720 -2.378769 -2.095417 0.370381 -0.502529 -1.218367
1776409997.682509 jaka_arm_right success 0.402274 -0.086241 -0.298097 0.310013 0.757967 0.522498 0.237431 1.893622 0.804928 -2.382631 -2.097187 0.378886 -0.498451 -1.218746
1776409997.690984 jaka_arm_right success 0.402068 -0.086141 -0.297820 0.311160 0.756629 0.523311 0.238406 1.892735 0.806647 -2.379587 -2.095253 0.378012 -0.496901 -1.217013
1776409997.699247 jaka_arm_right success 0.401792 -0.086217 -0.297626 0.310233 0.757367 0.523033 0.237880 1.892579 0.806104 -2.381541 -2.096119 0.377427 -0.496980 -1.218762
1776409997.707507 jaka_arm_right success 0.401312 -0.086125 -0.297482 0.310366 0.757455 0.523074 0.237336 1.892282 0.806376 -2.381734 -2.096194 0.377823 -0.496911 -1.218422
1776409997.715843 jaka_arm_right success 0.400934 -0.085834 -0.297463 0.310575 0.757223 0.522420 0.239238 1.889097 0.806959 -2.379066 -2.097241 0.373555 -0.497825 -1.218486
1776409997.724261 jaka_arm_right success 0.400372 -0.085540 -0.297298 0.310863 0.757759 0.521561 0.239040 1.887865 0.807261 -2.377802 -2.100547 0.371892 -0.502826 -1.217470
1776409997.732519 jaka_arm_right success 0.400077 -0.085344 -0.297386 0.309253 0.758243 0.520799 0.241244 1.883951 0.811857 -2.376078 -2.102713 0.363432 -0.506909 -1.219400
1776409997.740910 jaka_arm_right success 0.399758 -0.085064 -0.297460 0.307893 0.758966 0.520345 0.241689 1.883876 0.811065 -2.378510 -2.103935 0.362582 -0.507205 -1.221713
1776409997.749184 jaka_arm_right success 0.399414 -0.084947 -0.297468 0.306846 0.759145 0.520325 0.242501 1.884493 0.810880 -2.378119 -2.104159 0.361997 -0.507001 -1.222216
1776409997.757539 jaka_arm_right success 0.398913 -0.084650 -0.297433 0.307802 0.758865 0.519758 0.243379 1.877566 0.814284 -2.374134 -2.108965 0.353655 -0.513309 -1.221399
1776409997.765929 jaka_arm_right success 0.398495 -0.084267 -0.297413 0.308506 0.758439 0.520165 0.242945 1.877472 0.815315 -2.372675 -2.108877 0.354337 -0.513054 -1.219699
1776409997.774294 jaka_arm_right success 0.398198 -0.084032 -0.297426 0.307991 0.758564 0.520336 0.242841 1.877628 0.815513 -2.373464 -2.109843 0.354058 -0.512700 -1.220487
1776409997.782656 jaka_arm_right success 0.398098 -0.083773 -0.297468 0.306922 0.758025 0.521206 0.244011 1.878037 0.815889 -2.372822 -2.110410 0.353002 -0.511998 -1.221056
1776409997.790910 jaka_arm_right success 0.397761 -0.083622 -0.297408 0.306346 0.758199 0.521156 0.244301 1.871905 0.818144 -2.371611 -2.110858 0.347020 -0.511187 -1.222146
1776409997.799212 jaka_arm_right success 0.397583 -0.083451 -0.297371 0.305144 0.758202 0.521894 0.244220 1.872174 0.818444 -2.372788 -2.112246 0.346755 -0.510373 -1.223259
1776409997.807710 jaka_arm_right success 0.397010 -0.082974 -0.297263 0.306575 0.757691 0.522252 0.243246 1.871669 0.819332 -2.371360 -2.111657 0.347842 -0.510213 -1.221153
1776409997.815829 jaka_arm_right success 0.396920 -0.082844 -0.297197 0.305623 0.757922 0.522265 0.243698 1.872026 0.818987 -2.371559 -2.111948 0.347267 -0.510155 -1.221941
1776409997.824254 jaka_arm_right success 0.396927 -0.082554 -0.297128 0.303456 0.758178 0.523017 0.243995 1.872419 0.818869 -2.373937 -2.113961 0.346359 -0.509082 -1.224497
1776409997.832554 jaka_arm_right success 0.396678 -0.082153 -0.297117 0.303250 0.757867 0.523487 0.244208 1.870526 0.819269 -2.373832 -2.113018 0.345170 -0.506443 -1.225023
1776409997.840905 jaka_arm_right success 0.396335 -0.081736 -0.297103 0.303816 0.757911 0.522930 0.244563 1.870529 0.818985 -2.373548 -2.112642 0.344981 -0.506707 -1.225014
1776409997.849205 jaka_arm_right success 0.396271 -0.081510 -0.297133 0.301951 0.758612 0.522108 0.246450 1.869584 0.820246 -2.373269 -2.112685 0.340475 -0.507352 -1.227490
1776409997.857600 jaka_arm_right success 0.395962 -0.081136 -0.297130 0.301597 0.758427 0.522643 0.246316 1.869409 0.820651 -2.373849 -2.113314 0.340364 -0.507019 -1.227832
1776409997.865887 jaka_arm_right success 0.395847 -0.080804 -0.297228 0.300815 0.758440 0.522562 0.247401 1.864756 0.825001 -2.372384 -2.112650 0.333410 -0.506835 -1.229475
1776409997.874176 jaka_arm_right success 0.395716 -0.080565 -0.297247 0.299653 0.758414 0.522432 0.249160 1.865632 0.824663 -2.372220 -2.113488 0.331657 -0.506405 -1.231176
1776409997.882484 jaka_arm_right success 0.395245 -0.080262 -0.297190 0.299961 0.758572 0.522419 0.248335 1.863639 0.825287 -2.372184 -2.113973 0.330980 -0.507312 -1.230652
1776409997.890967 jaka_arm_right success 0.395219 -0.080060 -0.297164 0.298139 0.758844 0.522167 0.250221 1.862573 0.826270 -2.371763 -2.114851 0.326831 -0.507349 -1.232917
1776409997.907516 jaka_arm_right success 0.394858 -0.079834 -0.297052 0.297802 0.758442 0.521974 0.252235 1.853855 0.832149 -2.367800 -2.116342 0.315544 -0.508928 -1.234236
1776409997.915914 jaka_arm_right success 0.394681 -0.079641 -0.296961 0.298357 0.757987 0.522205 0.252470 1.854103 0.832722 -2.366469 -2.116309 0.315726 -0.508648 -1.233265
1776409997.924230 jaka_arm_right success 0.394674 -0.079614 -0.296898 0.298350 0.757681 0.522293 0.253213 1.850051 0.833893 -2.364017 -2.118705 0.311190 -0.510950 -1.233130
1776409997.932606 jaka_arm_right success 0.394703 -0.079573 -0.296859 0.298444 0.757396 0.522721 0.253073 1.850051 0.833893 -2.364017 -2.118705 0.311190 -0.510950 -1.233130
1776409997.940912 jaka_arm_right success 0.394822 -0.079632 -0.296852 0.298416 0.756944 0.522779 0.254336 1.849256 0.835219 -2.362455 -2.118977 0.309315 -0.510494 -1.233058
1776409997.949179 jaka_arm_right success 0.394910 -0.079711 -0.296834 0.298418 0.756828 0.523060 0.254098 1.849256 0.835219 -2.362455 -2.118977 0.309315 -0.510494 -1.233058
1776409997.957576 jaka_arm_right success 0.395097 -0.079791 -0.296852 0.298612 0.756247 0.523556 0.254578 1.849293 0.835945 -2.360825 -2.118595 0.309417 -0.510089 -1.231873
1776409997.965946 jaka_arm_right success 0.395218 -0.079851 -0.296875 0.299340 0.755459 0.524472 0.254179 1.844587 0.837984 -2.359458 -2.117595 0.306545 -0.506724 -1.231621
1776409997.974222 jaka_arm_right success 0.395289 -0.079916 -0.296880 0.300825 0.754827 0.524899 0.253419 1.844335 0.838885 -2.357277 -2.116717 0.307401 -0.506554 -1.229355
1776409997.982489 jaka_arm_right success 0.395646 -0.080360 -0.296812 0.300530 0.755519 0.524555 0.252419 1.843686 0.838230 -2.359311 -2.117091 0.307843 -0.506819 -1.230155
1776409997.990936 jaka_arm_right success 0.395851 -0.080643 -0.296842 0.301438 0.755312 0.524259 0.252571 1.843410 0.838083 -2.358954 -2.116509 0.308116 -0.507185 -1.229615
1776409997.999265 jaka_arm_right success 0.396252 -0.080884 -0.296907 0.301519 0.754935 0.524411 0.253285 1.843980 0.838085 -2.358125 -2.116516 0.307796 -0.506946 -1.229587
1776409998.015846 jaka_arm_right success 0.396643 -0.081128 -0.297052 0.301751 0.754639 0.524847 0.252987 1.844061 0.838380 -2.356928 -2.115965 0.308391 -0.506603 -1.228413
1776409998.024224 jaka_arm_right success 0.396825 -0.081479 -0.297236 0.304462 0.754741 0.524199 0.250767 1.844630 0.836479 -2.357047 -2.114983 0.313087 -0.507731 -1.225409
1776409998.032574 jaka_arm_right success 0.397087 -0.081684 -0.297408 0.304956 0.754950 0.523714 0.250552 1.844534 0.836223 -2.356740 -2.114347 0.313474 -0.508180 -1.224886
1776409998.040899 jaka_arm_right success 0.397386 -0.081724 -0.297677 0.305083 0.755196 0.523596 0.249901 1.849683 0.834224 -2.359118 -2.113518 0.318813 -0.508881 -1.224444
1776409998.049220 jaka_arm_right success 0.397609 -0.081945 -0.297936 0.304502 0.756353 0.522191 0.250052 1.849826 0.832883 -2.360639 -2.113436 0.318063 -0.509676 -1.226210
1776409998.057541 jaka_arm_right success 0.397726 -0.081887 -0.298221 0.304897 0.756944 0.521510 0.249200 1.854907 0.832012 -2.363228 -2.112353 0.322936 -0.513185 -1.225525
1776409998.065883 jaka_arm_right success 0.397843 -0.081956 -0.298583 0.304840 0.758101 0.519973 0.248965 1.859027 0.831215 -2.365203 -2.112114 0.325445 -0.517010 -1.225874
1776409998.074238 jaka_arm_right success 0.398051 -0.081997 -0.299010 0.303400 0.759384 0.519001 0.248844 1.859738 0.830076 -2.367782 -2.112836 0.324875 -0.517533 -1.228382
1776409998.082561 jaka_arm_right success 0.398077 -0.081855 -0.299465 0.303674 0.760080 0.517791 0.248904 1.862523 0.830111 -2.369500 -2.111726 0.326670 -0.520666 -1.228564
1776409998.090932 jaka_arm_right success 0.398189 -0.081745 -0.299931 0.302888 0.760943 0.516697 0.249495 1.863484 0.829423 -2.370399 -2.111392 0.326051 -0.521800 -1.229927
1776409998.099240 jaka_arm_right success 0.398228 -0.081504 -0.300431 0.302328 0.761885 0.515680 0.249405 1.866872 0.830624 -2.374061 -2.110979 0.327190 -0.525282 -1.231716
1776409998.107503 jaka_arm_right success 0.398138 -0.081276 -0.300897 0.302318 0.762706 0.514419 0.249513 1.870693 0.832495 -2.375445 -2.110325 0.327954 -0.530773 -1.231982
1776409998.124277 jaka_arm_right success 0.398156 -0.080901 -0.301936 0.301247 0.764104 0.512254 0.250978 1.871049 0.830604 -2.377403 -2.110262 0.326005 -0.532084 -1.235091
1776409998.132524 jaka_arm_right success 0.398223 -0.080890 -0.302463 0.300313 0.765127 0.510980 0.251582 1.873045 0.833719 -2.378920 -2.109381 0.323736 -0.536683 -1.236870
1776409998.140895 jaka_arm_right success 0.398356 -0.080718 -0.303015 0.300051 0.765202 0.510774 0.252082 1.873045 0.833719 -2.378920 -2.109381 0.323736 -0.536683 -1.236870
1776409998.149162 jaka_arm_right success 0.398328 -0.080593 -0.303465 0.300467 0.765565 0.510583 0.250868 1.872490 0.833638 -2.379450 -2.109089 0.324058 -0.537079 -1.236722
1776409998.157519 jaka_arm_right success 0.398353 -0.080598 -0.303958 0.300892 0.765756 0.510147 0.250663 1.872098 0.833850 -2.380315 -2.108569 0.324190 -0.537962 -1.236831
1776409998.165879 jaka_arm_right success 0.398628 -0.080596 -0.304460 0.300278 0.765830 0.510487 0.250480 1.873193 0.835670 -2.381306 -2.107730 0.323902 -0.538072 -1.237597
1776409998.174229 jaka_arm_right success 0.398742 -0.080654 -0.304927 0.300535 0.765898 0.510748 0.249432 1.872743 0.836214 -2.382186 -2.107798 0.324620 -0.537979 -1.237347
1776409998.182487 jaka_arm_right success 0.398905 -0.080745 -0.305374 0.300657 0.766283 0.510415 0.248780 1.874797 0.836861 -2.384353 -2.105011 0.326673 -0.538219 -1.237799
1776409998.190941 jaka_arm_right success 0.398955 -0.080840 -0.305775 0.302073 0.766299 0.509943 0.247982 1.874455 0.837067 -2.383586 -2.104005 0.327500 -0.538633 -1.236433
1776409998.199239 jaka_arm_right success 0.399112 -0.080784 -0.306223 0.302897 0.765559 0.511012 0.247062 1.874258 0.838078 -2.383059 -2.103825 0.328563 -0.538120 -1.235060
1776409998.207498 jaka_arm_right success 0.399549 -0.081157 -0.306672 0.301358 0.766398 0.510476 0.247449 1.881467 0.836394 -2.388712 -2.095806 0.333762 -0.532088 -1.239126
1776409998.215848 jaka_arm_right success 0.399696 -0.081196 -0.307158 0.303364 0.765758 0.510311 0.247321 1.881208 0.836887 -2.385772 -2.094180 0.334531 -0.532275 -1.236385
1776409998.224256 jaka_arm_right success 0.400335 -0.081602 -0.307600 0.301659 0.766252 0.510480 0.247526 1.881186 0.835949 -2.388078 -2.094731 0.333616 -0.531903 -1.238859
1776409998.232562 jaka_arm_right success 0.400563 -0.081794 -0.308020 0.302701 0.766326 0.510581 0.245814 1.881736 0.834761 -2.389766 -2.092293 0.337231 -0.528780 -1.238373
1776409998.240912 jaka_arm_right success 0.400773 -0.081975 -0.308469 0.304955 0.765912 0.510444 0.244598 1.880950 0.835733 -2.387867 -2.090829 0.339082 -0.528850 -1.235222
1776409998.249154 jaka_arm_right success 0.401189 -0.082218 -0.308963 0.305925 0.765836 0.510816 0.242842 1.884344 0.833342 -2.390518 -2.087555 0.344904 -0.526182 -1.235030
1776409998.257546 jaka_arm_right success 0.401536 -0.082619 -0.309374 0.306777 0.766424 0.510174 0.241257 1.890395 0.829670 -2.394016 -2.084654 0.353330 -0.525206 -1.234500
1776409998.265948 jaka_arm_right success 0.402054 -0.082830 -0.309915 0.307656 0.766077 0.510751 0.240014 1.890960 0.829873 -2.395410 -2.081654 0.356023 -0.522308 -1.234137
1776409998.274187 jaka_arm_right success 0.402290 -0.083182 -0.310303 0.309151 0.766781 0.509958 0.237519 1.894771 0.826992 -2.398089 -2.080237 0.362934 -0.523016 -1.232849
1776409998.282506 jaka_arm_right success 0.402799 -0.083509 -0.310779 0.309180 0.767337 0.509647 0.236352 1.902802 0.824051 -2.402322 -2.076445 0.372040 -0.521001 -1.233128
1776409998.290934 jaka_arm_right success 0.403291 -0.083654 -0.311313 0.309811 0.767338 0.509960 0.234841 1.904579 0.823111 -2.404503 -2.073182 0.375686 -0.518262 -1.233352
1776409998.307529 jaka_arm_right success 0.404021 -0.084074 -0.312311 0.311773 0.767895 0.508690 0.233174 1.910411 0.822107 -2.408120 -2.068484 0.383060 -0.519367 -1.232599
1776409998.315845 jaka_arm_right success 0.404481 -0.084312 -0.312854 0.311992 0.768298 0.508482 0.232003 1.915145 0.819534 -2.411190 -2.064703 0.389408 -0.516374 -1.233085
1776409998.324265 jaka_arm_right success 0.404878 -0.084510 -0.313308 0.312885 0.768662 0.507611 0.231501 1.914596 0.819282 -2.411474 -2.064164 0.389705 -0.516886 -1.232804
1776409998.332606 jaka_arm_right success 0.405291 -0.084639 -0.313821 0.312959 0.769113 0.507849 0.229372 1.922276 0.817452 -2.416223 -2.060254 0.398779 -0.515881 -1.232990
1776409998.340899 jaka_arm_right success 0.405566 -0.084721 -0.314302 0.314616 0.769296 0.507070 0.228210 1.921146 0.817630 -2.416449 -2.059256 0.400104 -0.516521 -1.231560
1776409998.349179 jaka_arm_right success 0.405970 -0.084777 -0.314782 0.314981 0.769777 0.507012 0.226205 1.928520 0.816320 -2.420880 -2.056834 0.408304 -0.516804 -1.231725
1776409998.357552 jaka_arm_right success 0.406487 -0.084885 -0.315302 0.314683 0.770702 0.505980 0.225782 1.933093 0.815357 -2.424984 -2.053908 0.411931 -0.517275 -1.233816
1776409998.365900 jaka_arm_right success 0.406765 -0.084921 -0.315729 0.315719 0.771468 0.504800 0.224356 1.936062 0.814677 -2.427130 -2.052602 0.416329 -0.519550 -1.232952
1776409998.374220 jaka_arm_right success 0.407139 -0.084908 -0.316181 0.316034 0.772354 0.503836 0.223028 1.944306 0.813600 -2.431261 -2.050548 0.423853 -0.523556 -1.233053
1776409998.382505 jaka_arm_right success 0.407433 -0.084687 -0.316676 0.316528 0.772743 0.503572 0.221572 1.946687 0.813695 -2.433554 -2.048818 0.427133 -0.523553 -1.233238
1776409998.390900 jaka_arm_right success 0.407836 -0.084747 -0.317169 0.315157 0.774251 0.502344 0.221046 1.951686 0.812207 -2.438520 -2.047737 0.430591 -0.524626 -1.236393
1776409998.399261 jaka_arm_right success 0.408127 -0.084605 -0.317668 0.315216 0.774835 0.501471 0.220898 1.954929 0.812590 -2.440739 -2.045071 0.433299 -0.525771 -1.236982
1776409998.407512 jaka_arm_right success 0.408330 -0.084355 -0.318127 0.315428 0.775294 0.500903 0.220273 1.954591 0.812481 -2.441158 -2.044886 0.433486 -0.526062 -1.236964
1776409998.415829 jaka_arm_right success 0.408492 -0.084069 -0.318680 0.315241 0.776028 0.499867 0.220311 1.955842 0.812658 -2.443329 -2.044004 0.433818 -0.527558 -1.238376
1776409998.424267 jaka_arm_right success 0.408512 -0.083641 -0.319155 0.315892 0.776249 0.499405 0.219648 1.959781 0.815767 -2.445372 -2.041279 0.436215 -0.530614 -1.238238
1776409998.432540 jaka_arm_right success 0.408595 -0.083319 -0.319659 0.316142 0.776850 0.498391 0.219463 1.959676 0.815133 -2.446028 -2.040711 0.435977 -0.531542 -1.238767
1776409998.440827 jaka_arm_right success 0.408674 -0.083105 -0.320125 0.315757 0.778055 0.497426 0.217935 1.965364 0.816486 -2.450493 -2.040016 0.440394 -0.536221 -1.239759
1776409998.449214 jaka_arm_right success 0.408846 -0.082821 -0.320689 0.315870 0.778439 0.496723 0.218004 1.965213 0.816212 -2.450654 -2.039699 0.440377 -0.536572 -1.239806
1776409998.457536 jaka_arm_right success 0.408918 -0.082545 -0.321192 0.315875 0.779060 0.496364 0.216589 1.970934 0.818667 -2.454350 -2.037559 0.444795 -0.539988 -1.240342
1776409998.465901 jaka_arm_right success 0.409053 -0.082191 -0.321751 0.316255 0.778904 0.496362 0.216602 1.970934 0.818667 -2.454350 -2.037559 0.444795 -0.539988 -1.240342
1776409998.474530 jaka_arm_right success 0.409121 -0.081981 -0.322237 0.316061 0.779088 0.496603 0.215668 1.971109 0.819477 -2.455543 -2.036670 0.445640 -0.539872 -1.240516
1776409998.482536 jaka_arm_right success 0.409164 -0.081832 -0.322647 0.316054 0.778682 0.497313 0.215509 1.972071 0.821938 -2.457316 -2.031504 0.446319 -0.535921 -1.242088
1776409998.490968 jaka_arm_right success 0.409052 -0.081786 -0.322928 0.316982 0.778312 0.497597 0.214827 1.971849 0.822338 -2.456287 -2.030976 0.447191 -0.535536 -1.240639
1776409998.499208 jaka_arm_right success 0.409085 -0.081709 -0.323174 0.317491 0.777459 0.499012 0.213880 1.970034 0.821441 -2.456783 -2.029132 0.448981 -0.530169 -1.240548
1776409998.507497 jaka_arm_right success 0.409314 -0.081829 -0.323393 0.316939 0.777237 0.500051 0.213076 1.970600 0.818460 -2.459272 -2.024582 0.453321 -0.520838 -1.242577
1776409998.515877 jaka_arm_right success 0.409496 -0.081889 -0.323482 0.317609 0.776512 0.501332 0.211704 1.972855 0.815993 -2.462015 -2.020373 0.459348 -0.512321 -1.243912
1776409998.524239 jaka_arm_right success 0.409752 -0.081954 -0.323550 0.318460 0.775613 0.502524 0.210895 1.972623 0.816974 -2.460656 -2.019881 0.460677 -0.511342 -1.241923
1776409998.532557 jaka_arm_right success 0.410040 -0.081964 -0.323646 0.319326 0.774799 0.504248 0.208451 1.974826 0.812535 -2.464489 -2.014014 0.469823 -0.498697 -1.243228
1776409998.540907 jaka_arm_right success 0.410317 -0.082149 -0.323697 0.320221 0.774233 0.505044 0.207249 1.978345 0.811825 -2.467011 -2.008298 0.476030 -0.493710 -1.243369
1776409998.549174 jaka_arm_right success 0.410645 -0.082323 -0.323734 0.320630 0.773872 0.506206 0.205120 1.981622 0.806758 -2.470481 -2.007316 0.484793 -0.487520 -1.243557
1776409998.557534 jaka_arm_right success 0.410921 -0.082438 -0.323891 0.322053 0.772877 0.507240 0.204084 1.981049 0.807749 -2.469306 -2.006377 0.486272 -0.486802 -1.241400
1776409998.565892 jaka_arm_right success 0.411125 -0.082559 -0.323963 0.323001 0.772587 0.507639 0.202687 1.983456 0.807808 -2.472915 -1.999735 0.491120 -0.480316 -1.242985
1776409998.574225 jaka_arm_right success 0.411592 -0.082775 -0.324129 0.322908 0.772451 0.507954 0.202563 1.983711 0.807876 -2.472461 -1.999637 0.491463 -0.479802 -1.242644
1776409998.582514 jaka_arm_right success 0.411728 -0.082945 -0.324285 0.324336 0.772144 0.507619 0.202295 1.983352 0.807788 -2.471204 -1.998413 0.492423 -0.479913 -1.240938
1776409998.590956 jaka_arm_right success 0.412127 -0.083086 -0.324566 0.324045 0.771714 0.508614 0.201901 1.983647 0.806194 -2.473486 -1.994710 0.495206 -0.473132 -1.242677
1776409998.599247 jaka_arm_right success 0.412529 -0.083320 -0.324775 0.323887 0.771862 0.508722 0.201316 1.986797 0.805069 -2.475994 -1.992937 0.498818 -0.470898 -1.243830
1776409998.607491 jaka_arm_right success 0.412806 -0.083474 -0.324964 0.324904 0.771585 0.508525 0.201239 1.986459 0.804923 -2.475891 -1.992429 0.499136 -0.471165 -1.243361
1776409998.615837 jaka_arm_right success 0.412999 -0.083730 -0.325121 0.326603 0.771121 0.508565 0.200162 1.985886 0.804949 -2.474327 -1.990695 0.500692 -0.471360 -1.240888
1776409998.624231 jaka_arm_right success 0.413515 -0.084111 -0.325442 0.326426 0.771023 0.509021 0.199668 1.989744 0.803576 -2.477798 -1.986590 0.505997 -0.466485 -1.242482
1776409998.632528 jaka_arm_right success 0.413796 -0.084440 -0.325608 0.327695 0.770815 0.509155 0.198046 1.994131 0.800255 -2.480627 -1.985028 0.513662 -0.463937 -1.241989
1776409998.640894 jaka_arm_right success 0.414128 -0.084715 -0.325876 0.329708 0.769874 0.509880 0.196491 1.993082 0.800846 -2.479313 -1.983474 0.515661 -0.463680 -1.239161
1776409998.649170 jaka_arm_right success 0.414677 -0.085164 -0.326185 0.329615 0.769678 0.510406 0.196052 1.993973 0.799854 -2.482492 -1.977680 0.518920 -0.455325 -1.241673
1776409998.657554 jaka_arm_right success 0.415010 -0.085517 -0.326450 0.331033 0.768966 0.511037 0.194805 1.994896 0.798914 -2.482605 -1.976226 0.522580 -0.453022 -1.240243
1776409998.665875 jaka_arm_right success 0.415281 -0.085817 -0.326633 0.332416 0.768237 0.511758 0.193429 1.997177 0.795990 -2.484660 -1.972692 0.529118 -0.447190 -1.239890
1776409998.674194 jaka_arm_right success 0.415497 -0.086099 -0.326936 0.333056 0.767734 0.512748 0.191699 1.998762 0.794498 -2.488253 -1.969568 0.534431 -0.441762 -1.240741
1776409998.682521 jaka_arm_right success 0.415684 -0.086296 -0.327174 0.333883 0.767231 0.513179 0.191119 1.999355 0.794247 -2.488882 -1.966793 0.536905 -0.438070 -1.240576
1776409998.690897 jaka_arm_right success 0.415850 -0.086467 -0.327385 0.334438 0.766713 0.513916 0.190242 1.999883 0.792738 -2.489969 -1.964115 0.540241 -0.433411 -1.240560
1776409998.699197 jaka_arm_right success 0.416139 -0.086781 -0.327683 0.333687 0.766887 0.514246 0.189969 2.003008 0.790272 -2.494659 -1.960162 0.544430 -0.426780 -1.243964
1776409998.707494 jaka_arm_right success 0.416460 -0.086915 -0.327982 0.333247 0.766753 0.514759 0.189891 2.003439 0.790333 -2.495909 -1.958261 0.545656 -0.423859 -1.244765
1776409998.715872 jaka_arm_right success 0.416583 -0.086971 -0.328215 0.333416 0.766695 0.514821 0.189662 2.004695 0.789918 -2.497604 -1.955303 0.547943 -0.420155 -1.245670
1776409998.724257 jaka_arm_right success 0.416667 -0.086983 -0.328441 0.333447 0.766795 0.514757 0.189379 2.004695 0.789918 -2.497604 -1.955303 0.547943 -0.420155 -1.245670
1776409998.732597 jaka_arm_right success 0.416718 -0.086981 -0.328643 0.333428 0.766809 0.514789 0.189266 2.004695 0.789918 -2.497604 -1.955303 0.547943 -0.420155 -1.245670
1776409998.740822 jaka_arm_right success 0.416551 -0.086837 -0.328873 0.334596 0.766396 0.514856 0.188696 2.004099 0.790013 -2.497856 -1.954999 0.548511 -0.420384 -1.245108
1776409998.749186 jaka_arm_right success 0.416514 -0.086726 -0.329069 0.334552 0.766347 0.515277 0.187824 2.004948 0.790133 -2.499718 -1.953103 0.550846 -0.418257 -1.245414
1776409998.757528 jaka_arm_right success 0.416398 -0.086624 -0.329259 0.334554 0.766642 0.515061 0.187203 2.006448 0.789686 -2.501207 -1.952428 0.552985 -0.417520 -1.245633
1776409998.765888 jaka_arm_right success 0.416344 -0.086470 -0.329476 0.334152 0.766637 0.515338 0.187182 2.006553 0.789831 -2.501386 -1.952694 0.552901 -0.417350 -1.245866
1776409998.774171 jaka_arm_right success 0.416355 -0.086262 -0.329713 0.333766 0.766506 0.515551 0.187820 2.006835 0.789795 -2.501266 -1.952792 0.552621 -0.417203 -1.246148
1776409998.782486 jaka_arm_right success 0.416108 -0.085973 -0.329799 0.334688 0.766392 0.515408 0.187035 2.006395 0.789895 -2.501495 -1.952604 0.553007 -0.417349 -1.245785
1776409998.790891 jaka_arm_right success 0.415966 -0.085785 -0.329960 0.334497 0.766555 0.515475 0.186523 2.006097 0.790118 -2.501787 -1.952661 0.553295 -0.417346 -1.245602
1776409998.799223 jaka_arm_right success 0.415993 -0.085828 -0.330204 0.332932 0.767468 0.514890 0.187183 2.006945 0.790587 -2.504606 -1.951092 0.552366 -0.416359 -1.248590
1776409998.807484 jaka_arm_right success 0.415946 -0.085747 -0.330440 0.332277 0.767959 0.514582 0.187181 2.007222 0.790423 -2.504961 -1.951322 0.551886 -0.416386 -1.249308
1776409998.815838 jaka_arm_right success 0.415862 -0.085612 -0.330649 0.332247 0.767991 0.514489 0.187358 2.007222 0.790423 -2.504961 -1.951322 0.551886 -0.416386 -1.249308
1776409998.824244 jaka_arm_right success 0.415773 -0.085504 -0.330848 0.332190 0.768210 0.514478 0.186591 2.010211 0.791178 -2.509307 -1.947634 0.554859 -0.414118 -1.251454
1776409998.832503 jaka_arm_right success 0.415714 -0.085460 -0.331043 0.332354 0.768449 0.514133 0.186262 2.010211 0.791178 -2.509307 -1.947634 0.554859 -0.414118 -1.251454
1776409998.840874 jaka_arm_right success 0.415741 -0.085498 -0.331305 0.332006 0.768695 0.514203 0.185677 2.013342 0.788692 -2.512723 -1.946855 0.559651 -0.412046 -1.252300
1776409998.849166 jaka_arm_right success 0.415925 -0.085610 -0.331617 0.331072 0.769039 0.514462 0.185203 2.018062 0.786799 -2.519892 -1.939062 0.565755 -0.402615 -1.256934
1776409998.857539 jaka_arm_right success 0.416028 -0.085709 -0.331874 0.331107 0.769106 0.514331 0.185222 2.018062 0.786799 -2.519892 -1.939062 0.565755 -0.402615 -1.256934
1776409998.865895 jaka_arm_right success 0.415965 -0.085860 -0.332069 0.332331 0.769075 0.513784 0.184675 2.017501 0.786568 -2.520095 -1.938541 0.566155 -0.403074 -1.256481
1776409998.874192 jaka_arm_right success 0.415892 -0.085954 -0.332265 0.333376 0.768831 0.513856 0.183608 2.016808 0.786419 -2.519395 -1.937508 0.567672 -0.403539 -1.254548
1776409998.882513 jaka_arm_right success 0.416052 -0.086220 -0.332578 0.332855 0.768630 0.514589 0.183339 2.017074 0.786938 -2.519720 -1.938403 0.567891 -0.402876 -1.254762
1776409998.890951 jaka_arm_right success 0.416057 -0.086568 -0.332771 0.333212 0.768624 0.514634 0.182587 2.019037 0.782844 -2.521830 -1.939005 0.572513 -0.400222 -1.254858
1776409998.899217 jaka_arm_right success 0.416226 -0.086775 -0.332996 0.332920 0.768295 0.515385 0.182389 2.018825 0.782936 -2.524713 -1.933496 0.574102 -0.392738 -1.257307
1776409998.907514 jaka_arm_right success 0.416261 -0.087069 -0.333203 0.333632 0.767600 0.516044 0.182152 2.018836 0.783085 -2.523366 -1.932869 0.575045 -0.392126 -1.255879
1776409998.915840 jaka_arm_right success 0.416243 -0.087345 -0.333358 0.334106 0.767474 0.516229 0.181285 2.019095 0.779318 -2.525334 -1.932927 0.578648 -0.388035 -1.256234
1776409998.924225 jaka_arm_right success 0.416332 -0.087603 -0.333574 0.334197 0.767033 0.517051 0.180639 2.019694 0.778901 -2.528542 -1.928560 0.581391 -0.380896 -1.258250
1776409998.932537 jaka_arm_right success 0.416330 -0.087867 -0.333713 0.335012 0.766682 0.517043 0.180645 2.019328 0.778825 -2.528293 -1.928041 0.581928 -0.381042 -1.257532
1776409998.940845 jaka_arm_right success 0.416439 -0.088140 -0.333865 0.334718 0.766397 0.517786 0.180269 2.019331 0.776354 -2.529263 -1.926850 0.584416 -0.375794 -1.257990
1776409998.949192 jaka_arm_right success 0.416500 -0.088400 -0.334002 0.334260 0.766586 0.517921 0.179927 2.022268 0.775068 -2.532775 -1.925217 0.587287 -0.372992 -1.259939
1776409998.957532 jaka_arm_right success 0.416395 -0.088498 -0.334181 0.335160 0.766223 0.518166 0.179089 2.021899 0.775501 -2.531919 -1.924673 0.588588 -0.372524 -1.258326
1776409998.965885 jaka_arm_right success 0.416465 -0.088580 -0.334384 0.334900 0.766096 0.518556 0.178993 2.021838 0.773360 -2.534990 -1.921833 0.590537 -0.366443 -1.260567
1776409998.974163 jaka_arm_right success 0.416451 -0.088551 -0.334572 0.334973 0.765971 0.518861 0.178510 2.021709 0.773643 -2.535051 -1.921959 0.590838 -0.366296 -1.260314
1776409998.982521 jaka_arm_right success 0.416425 -0.088538 -0.334749 0.334702 0.766036 0.519050 0.178184 2.023769 0.773383 -2.537302 -1.920251 0.593412 -0.364051 -1.261026
1776409998.990872 jaka_arm_right success 0.416376 -0.088543 -0.334899 0.334492 0.766112 0.519081 0.178161 2.023769 0.773383 -2.537302 -1.920251 0.593412 -0.364051 -1.261026
1776409998.999261 jaka_arm_right success 0.416277 -0.088468 -0.335034 0.334493 0.765929 0.519326 0.178234 2.023769 0.773383 -2.537302 -1.920251 0.593412 -0.364051 -1.261026
1776409999.015917 jaka_arm_right success 0.416023 -0.088139 -0.335152 0.335613 0.765292 0.519364 0.178753 2.023465 0.773261 -2.536014 -1.919043 0.593826 -0.363797 -1.259905
1776409999.024195 jaka_arm_right success 0.415718 -0.088054 -0.335485 0.334382 0.765571 0.519511 0.179436 2.022085 0.774000 -2.536651 -1.918838 0.591078 -0.361648 -1.262303
1776409999.032593 jaka_arm_right success 0.415628 -0.087982 -0.335630 0.333766 0.765915 0.519253 0.179863 2.022089 0.773783 -2.537027 -1.918870 0.590313 -0.361676 -1.263149
1776409999.040833 jaka_arm_right success 0.415504 -0.087786 -0.335766 0.333574 0.765752 0.519305 0.180761 2.019054 0.775259 -2.535735 -1.916772 0.586949 -0.359174 -1.264241
1776409999.049229 jaka_arm_right success 0.415429 -0.087667 -0.335890 0.333250 0.765703 0.519372 0.181373 2.019315 0.775235 -2.535496 -1.916831 0.586703 -0.359019 -1.264422
1776409999.057532 jaka_arm_right success 0.415467 -0.087571 -0.336064 0.332727 0.765767 0.519348 0.182130 2.017639 0.776065 -2.534565 -1.915763 0.584173 -0.357858 -1.265370
1776409999.065933 jaka_arm_right success 0.415267 -0.087338 -0.336171 0.333490 0.765568 0.519483 0.181182 2.017142 0.776389 -2.534794 -1.915768 0.584689 -0.357865 -1.264878
1776409999.074211 jaka_arm_right success 0.415320 -0.087383 -0.336362 0.332233 0.766004 0.519408 0.181865 2.017545 0.776322 -2.534764 -1.916026 0.584134 -0.357717 -1.265475
1776409999.082549 jaka_arm_right success 0.415212 -0.087383 -0.336438 0.331826 0.766332 0.519326 0.181460 2.017008 0.776510 -2.536612 -1.916859 0.583536 -0.358050 -1.266728
1776409999.090903 jaka_arm_right success 0.415162 -0.087370 -0.336510 0.331821 0.766355 0.519289 0.181476 2.017008 0.776510 -2.536612 -1.916859 0.583536 -0.358050 -1.266728
1776409999.099197 jaka_arm_right success 0.415059 -0.087348 -0.336543 0.332395 0.766218 0.519078 0.181606 2.017104 0.776558 -2.535154 -1.916130 0.583743 -0.357619 -1.265836
1776409999.107476 jaka_arm_right success 0.414999 -0.087320 -0.336567 0.332635 0.766104 0.519161 0.181415 2.016841 0.776513 -2.535340 -1.915999 0.583843 -0.357786 -1.265745
1776409999.115891 jaka_arm_right success 0.414996 -0.087351 -0.336592 0.332442 0.766113 0.519247 0.181484 2.016841 0.776513 -2.535340 -1.915999 0.583843 -0.357786 -1.265745
1776409999.124213 jaka_arm_right success 0.415012 -0.087395 -0.336587 0.332517 0.766045 0.519292 0.181506 2.016841 0.776513 -2.535340 -1.915999 0.583843 -0.357786 -1.265745
1776409999.132569 jaka_arm_right success 0.415035 -0.087422 -0.336582 0.332523 0.765994 0.519378 0.181459 2.016841 0.776513 -2.535340 -1.915999 0.583843 -0.357786 -1.265745
1776409999.140850 jaka_arm_right success 0.415060 -0.087440 -0.336572 0.332571 0.765883 0.519579 0.181264 2.016841 0.776513 -2.535340 -1.915999 0.583843 -0.357786 -1.265745
1776409999.149187 jaka_arm_right success 0.415201 -0.087523 -0.336562 0.332048 0.765899 0.519852 0.181373 2.016741 0.777011 -2.535602 -1.916546 0.583694 -0.357244 -1.266023
1776409999.157572 jaka_arm_right success 0.415223 -0.087460 -0.336463 0.333102 0.765070 0.520460 0.181197 2.014863 0.777604 -2.534089 -1.915387 0.583492 -0.355315 -1.264993
1776409999.165880 jaka_arm_right success 0.415185 -0.087523 -0.336340 0.333886 0.764758 0.520363 0.181349 2.014463 0.777498 -2.533184 -1.914715 0.583561 -0.355102 -1.264340
1776409999.174158 jaka_arm_right success 0.415297 -0.087663 -0.336231 0.333605 0.764883 0.520290 0.181550 2.014463 0.777498 -2.533184 -1.914715 0.583561 -0.355102 -1.264340
1776409999.182529 jaka_arm_right success 0.415366 -0.087739 -0.336079 0.333866 0.764490 0.520547 0.181987 2.014534 0.777421 -2.531938 -1.914347 0.583194 -0.354536 -1.264067
1776409999.190922 jaka_arm_right success 0.415352 -0.087810 -0.335920 0.333946 0.764269 0.520881 0.181811 2.014534 0.777421 -2.531938 -1.914347 0.583194 -0.354536 -1.264067
1776409999.199221 jaka_arm_right success 0.415348 -0.087939 -0.335741 0.334184 0.763947 0.520999 0.182389 2.008769 0.777288 -2.529091 -1.914403 0.579138 -0.351274 -1.264364
1776409999.207475 jaka_arm_right success 0.415316 -0.088092 -0.335568 0.334422 0.763405 0.521424 0.183007 2.002833 0.778188 -2.524930 -1.915023 0.575156 -0.350336 -1.263129
1776409999.215838 jaka_arm_right success 0.415269 -0.088060 -0.335391 0.335448 0.762104 0.522642 0.183075 2.003074 0.778915 -2.522833 -1.914867 0.575770 -0.349247 -1.261661
1776409999.224228 jaka_arm_right success 0.415003 -0.088214 -0.335064 0.336220 0.761823 0.523007 0.181785 2.002452 0.779345 -2.523088 -1.914913 0.576522 -0.349227 -1.260944
1776409999.232633 jaka_arm_right success 0.415050 -0.088308 -0.334871 0.336222 0.760957 0.523785 0.183163 2.000019 0.778963 -2.520153 -1.915491 0.574721 -0.346941 -1.260456
1776409999.240838 jaka_arm_right success 0.414806 -0.088310 -0.334564 0.336564 0.760283 0.525089 0.181595 1.999350 0.779992 -2.519662 -1.915894 0.576120 -0.346050 -1.258894
1776409999.249179 jaka_arm_right success 0.414630 -0.088353 -0.334246 0.336700 0.760012 0.525568 0.181088 1.998229 0.779297 -2.519402 -1.917326 0.576636 -0.344823 -1.258467
1776409999.257523 jaka_arm_right success 0.414354 -0.088368 -0.333882 0.337271 0.759620 0.525859 0.180826 1.997845 0.778910 -2.518559 -1.917125 0.577152 -0.344509 -1.257598
1776409999.265882 jaka_arm_right success 0.414121 -0.088231 -0.333561 0.337548 0.758900 0.527250 0.179275 1.996190 0.777355 -2.518553 -1.919409 0.579031 -0.341974 -1.256407
1776409999.274226 jaka_arm_right success 0.414088 -0.088246 -0.333332 0.336513 0.758881 0.527875 0.179460 1.996524 0.777428 -2.519015 -1.920501 0.578590 -0.341135 -1.257296
1776409999.282504 jaka_arm_right success 0.413941 -0.088096 -0.333118 0.336346 0.758673 0.528500 0.178812 1.995395 0.774314 -2.520037 -1.921482 0.580554 -0.337206 -1.257335
1776409999.290926 jaka_arm_right success 0.413971 -0.088089 -0.332996 0.334932 0.758960 0.529082 0.178528 1.998978 0.769605 -2.526074 -1.919305 0.585192 -0.328978 -1.260718
1776409999.299318 jaka_arm_right success 0.413800 -0.088006 -0.332822 0.335119 0.759136 0.528982 0.177727 1.998584 0.769892 -2.526429 -1.919381 0.585641 -0.329021 -1.260373
1776409999.307480 jaka_arm_right success 0.413548 -0.087917 -0.332677 0.335816 0.759221 0.528831 0.176492 2.001161 0.769742 -2.528247 -1.920032 0.588931 -0.330612 -1.259254
1776409999.315859 jaka_arm_right success 0.413400 -0.087890 -0.332549 0.335828 0.759506 0.528687 0.175671 2.004479 0.768496 -2.530478 -1.920917 0.592435 -0.332035 -1.258660
1776409999.324277 jaka_arm_right success 0.413307 -0.087949 -0.332497 0.335495 0.759877 0.528374 0.175645 2.004846 0.768022 -2.531230 -1.920986 0.592298 -0.332409 -1.259297
1776409999.332522 jaka_arm_right success 0.413118 -0.087909 -0.332422 0.335942 0.759824 0.528316 0.175193 2.004561 0.768126 -2.531444 -1.920955 0.592615 -0.332499 -1.259035
1776409999.340889 jaka_arm_right success 0.412923 -0.087963 -0.332301 0.336283 0.759887 0.528128 0.174835 2.004289 0.768150 -2.531636 -1.920868 0.592903 -0.332642 -1.258788
1776409999.349183 jaka_arm_right success 0.412692 -0.088138 -0.332116 0.336814 0.760065 0.527673 0.174409 2.007807 0.765107 -2.532726 -1.923579 0.597143 -0.335706 -1.256997
1776409999.357544 jaka_arm_right success 0.412538 -0.088263 -0.331999 0.336417 0.760355 0.527707 0.173809 2.007864 0.765036 -2.533791 -1.924197 0.596984 -0.335924 -1.257703
1776409999.365919 jaka_arm_right success 0.412312 -0.088336 -0.331810 0.337062 0.760156 0.527677 0.173520 2.007568 0.765212 -2.533761 -1.924096 0.597519 -0.335909 -1.257140
1776409999.374173 jaka_arm_right success 0.412078 -0.088514 -0.331585 0.337834 0.760061 0.527250 0.173731 2.007650 0.764687 -2.532691 -1.923265 0.598064 -0.336084 -1.256177
1776409999.382486 jaka_arm_right success 0.412131 -0.088763 -0.331405 0.336894 0.760204 0.527193 0.175102 2.008319 0.764339 -2.532311 -1.923357 0.597381 -0.335979 -1.256807
1776409999.390956 jaka_arm_right success 0.411690 -0.088945 -0.331078 0.338476 0.759845 0.526986 0.174229 2.007848 0.763297 -2.531680 -1.923944 0.598668 -0.336779 -1.255264
1776409999.399245 jaka_arm_right success 0.411514 -0.089184 -0.330748 0.338519 0.759717 0.526968 0.174760 2.007814 0.761000 -2.530275 -1.926643 0.598775 -0.337753 -1.254528
1776409999.407514 jaka_arm_right success 0.411119 -0.089322 -0.330354 0.340151 0.758855 0.526690 0.176163 1.994000 0.760921 -2.516130 -1.937323 0.587545 -0.346254 -1.248788
1776409999.415925 jaka_arm_right success 0.410971 -0.089753 -0.330006 0.339690 0.758838 0.526522 0.177623 1.994501 0.762290 -2.514414 -1.936846 0.585467 -0.347964 -1.248989
1776409999.424234 jaka_arm_right success 0.410586 -0.090095 -0.329536 0.340465 0.758290 0.526626 0.178170 1.987717 0.762543 -2.507595 -1.942078 0.580175 -0.351435 -1.246120
1776409999.432657 jaka_arm_right success 0.410441 -0.090651 -0.329097 0.340136 0.758323 0.526239 0.179797 1.986955 0.762605 -2.505176 -1.942867 0.577409 -0.353178 -1.246240
1776409999.440844 jaka_arm_right success 0.410313 -0.091035 -0.328680 0.341088 0.757318 0.526560 0.181280 1.975468 0.764621 -2.495112 -1.946319 0.567605 -0.354696 -1.243572
1776409999.449207 jaka_arm_right success 0.410093 -0.091729 -0.328156 0.341568 0.756680 0.526969 0.181849 1.975985 0.764617 -2.494011 -1.946192 0.567608 -0.354332 -1.243198
1776409999.457677 jaka_arm_right success 0.410042 -0.092295 -0.327688 0.341887 0.755351 0.528416 0.182577 1.970080 0.761743 -2.488501 -1.949359 0.565661 -0.351088 -1.240878
1776409999.465873 jaka_arm_right success 0.409813 -0.092967 -0.327111 0.343419 0.754370 0.528822 0.182584 1.965463 0.760888 -2.483511 -1.952729 0.563548 -0.352266 -1.238105
1776409999.474170 jaka_arm_right success 0.409872 -0.093821 -0.326636 0.342686 0.753254 0.530633 0.183311 1.963200 0.760659 -2.481151 -1.953140 0.562409 -0.348163 -1.237887
1776409999.482505 jaka_arm_right success 0.409598 -0.094609 -0.325972 0.344369 0.751991 0.531478 0.182895 1.960973 0.759359 -2.478384 -1.953206 0.563361 -0.346134 -1.235540
1776409999.490888 jaka_arm_right success 0.409667 -0.095445 -0.325429 0.343882 0.750579 0.533699 0.183146 1.956212 0.756313 -2.476313 -1.954810 0.562517 -0.338113 -1.235815
1776409999.499355 jaka_arm_right success 0.409396 -0.096384 -0.324662 0.344732 0.749432 0.534949 0.182594 1.953901 0.753517 -2.473769 -1.955216 0.564224 -0.333395 -1.233820
1776409999.507489 jaka_arm_right success 0.409563 -0.097282 -0.324096 0.344445 0.747244 0.537571 0.184396 1.945296 0.751019 -2.469694 -1.953505 0.560976 -0.319953 -1.234846
1776409999.515925 jaka_arm_right success 0.409341 -0.098282 -0.323312 0.344894 0.745844 0.539406 0.183865 1.944088 0.749682 -2.467788 -1.953596 0.562543 -0.315817 -1.233275
1776409999.524255 jaka_arm_right success 0.408907 -0.099180 -0.322453 0.346467 0.744372 0.540633 0.183266 1.941555 0.746580 -2.465518 -1.954519 0.564570 -0.311026 -1.231172
1776409999.532570 jaka_arm_right success 0.408695 -0.100126 -0.321622 0.347073 0.742201 0.542857 0.184347 1.932415 0.740898 -2.460030 -1.954152 0.563259 -0.298261 -1.230256
1776409999.540939 jaka_arm_right success 0.408552 -0.101155 -0.320836 0.347797 0.740382 0.544417 0.185692 1.929125 0.740078 -2.455723 -1.953031 0.562109 -0.293063 -1.229321
1776409999.549159 jaka_arm_right success 0.408402 -0.102089 -0.320035 0.348114 0.738527 0.546523 0.186299 1.923919 0.738827 -2.452284 -1.953254 0.561359 -0.285905 -1.228409
1776409999.557541 jaka_arm_right success 0.408378 -0.103236 -0.319204 0.347615 0.736817 0.548416 0.188427 1.913117 0.735325 -2.446239 -1.952335 0.556064 -0.272613 -1.230122
1776409999.565899 jaka_arm_right success 0.407970 -0.104151 -0.318253 0.348840 0.735099 0.550129 0.187877 1.910728 0.733645 -2.442803 -1.953004 0.557714 -0.268822 -1.227489
1776409999.574258 jaka_arm_right success 0.407890 -0.105099 -0.317549 0.348210 0.733197 0.552657 0.189056 1.904238 0.731321 -2.439695 -1.953249 0.555596 -0.258576 -1.228382
1776409999.582518 jaka_arm_right success 0.407659 -0.106121 -0.316749 0.348470 0.731618 0.554324 0.189812 1.900384 0.729204 -2.435354 -1.952237 0.555357 -0.251882 -1.227216
1776409999.590937 jaka_arm_right success 0.407538 -0.107142 -0.315820 0.348577 0.730004 0.555928 0.191133 1.893708 0.726637 -2.431568 -1.952463 0.553542 -0.243042 -1.227416
1776409999.599459 jaka_arm_right success 0.407124 -0.107968 -0.315012 0.349880 0.728187 0.557584 0.190859 1.890023 0.724867 -2.427246 -1.952214 0.554291 -0.238003 -1.225226
1776409999.607531 jaka_arm_right success 0.406959 -0.109046 -0.314196 0.349996 0.726942 0.558605 0.192401 1.881900 0.721374 -2.422282 -1.953135 0.551625 -0.230044 -1.225481
1776409999.615990 jaka_arm_right success 0.406809 -0.110095 -0.313445 0.350148 0.725477 0.560019 0.193542 1.880820 0.721096 -2.418693 -1.952595 0.551338 -0.227330 -1.224587
1776409999.624223 jaka_arm_right success 0.406498 -0.110960 -0.312633 0.351330 0.723939 0.561276 0.193514 1.874152 0.718281 -2.413548 -1.953440 0.551046 -0.221338 -1.222747
1776409999.632664 jaka_arm_right success 0.406568 -0.111862 -0.312032 0.350334 0.722533 0.563226 0.194909 1.867353 0.717285 -2.410176 -1.953434 0.548084 -0.212254 -1.224141
1776409999.640855 jaka_arm_right success 0.406303 -0.112863 -0.311300 0.350965 0.721311 0.564525 0.194539 1.865513 0.715707 -2.407867 -1.953657 0.549237 -0.209018 -1.222572
1776409999.649189 jaka_arm_right success 0.406070 -0.113832 -0.310535 0.351633 0.720330 0.565173 0.195086 1.861180 0.711328 -2.404257 -1.954841 0.549476 -0.203930 -1.221465
1776409999.657541 jaka_arm_right success 0.405919 -0.114805 -0.309898 0.351630 0.719276 0.566392 0.195444 1.859963 0.710696 -2.402814 -1.955495 0.549626 -0.201035 -1.221061
1776409999.665895 jaka_arm_right success 0.405694 -0.115777 -0.309173 0.352180 0.718470 0.566727 0.196447 1.855860 0.707325 -2.399064 -1.955609 0.549393 -0.197055 -1.220152
1776409999.674237 jaka_arm_right success 0.405402 -0.116629 -0.308539 0.352618 0.717425 0.567948 0.195951 1.851476 0.703821 -2.396845 -1.957796 0.550107 -0.191329 -1.219090
1776409999.690944 jaka_arm_right success 0.404801 -0.118552 -0.307183 0.353306 0.716067 0.568791 0.197227 1.844907 0.697380 -2.390678 -1.960114 0.550326 -0.184642 -1.217295
1776409999.699264 jaka_arm_right success 0.404674 -0.119465 -0.306577 0.353218 0.715279 0.569453 0.198337 1.844918 0.697102 -2.388593 -1.959669 0.550003 -0.183549 -1.217114
1776409999.707495 jaka_arm_right success 0.404421 -0.120287 -0.305931 0.353970 0.713798 0.570641 0.198912 1.834821 0.694415 -2.381634 -1.959801 0.547998 -0.175331 -1.216350
1776409999.715881 jaka_arm_right success 0.404146 -0.121221 -0.305255 0.353981 0.713313 0.570962 0.199711 1.833045 0.693041 -2.379511 -1.961247 0.547320 -0.173949 -1.216360
1776409999.724216 jaka_arm_right success 0.403744 -0.122233 -0.304584 0.354192 0.712745 0.571680 0.199313 1.827025 0.689054 -2.375280 -1.965296 0.547406 -0.171338 -1.214785
1776409999.732559 jaka_arm_right success 0.403337 -0.123134 -0.303881 0.355188 0.711983 0.572050 0.199202 1.826716 0.688899 -2.373888 -1.964888 0.548487 -0.170993 -1.213407
1776409999.740840 jaka_arm_right success 0.403113 -0.124130 -0.303240 0.354905 0.711072 0.573003 0.200217 1.823299 0.684958 -2.370488 -1.967044 0.548165 -0.166383 -1.213092
1776409999.749169 jaka_arm_right success 0.402804 -0.125129 -0.302552 0.355470 0.710190 0.573241 0.201659 1.816502 0.682247 -2.364595 -1.967614 0.546885 -0.162287 -1.212296
1776409999.757523 jaka_arm_right success 0.402437 -0.126185 -0.301864 0.355018 0.709587 0.574266 0.201661 1.814124 0.680024 -2.362803 -1.969567 0.546988 -0.159156 -1.211896
1776409999.765916 jaka_arm_right success 0.402052 -0.127311 -0.301141 0.355799 0.708579 0.574259 0.203836 1.802764 0.677062 -2.352819 -1.971067 0.543050 -0.154314 -1.212009
1776409999.774222 jaka_arm_right success 0.401503 -0.128279 -0.300388 0.356164 0.707920 0.575198 0.202838 1.801780 0.675031 -2.351703 -1.973877 0.544992 -0.153507 -1.210054
1776409999.782631 jaka_arm_right success 0.400945 -0.129428 -0.299619 0.356560 0.707312 0.575575 0.203197 1.798876 0.670532 -2.348671 -1.976858 0.545945 -0.151364 -1.208612
1776409999.790960 jaka_arm_right success 0.400540 -0.130535 -0.298950 0.356239 0.706364 0.576383 0.204758 1.791913 0.668345 -2.343066 -1.977089 0.543470 -0.145567 -1.209295
1776409999.799199 jaka_arm_right success 0.399894 -0.131859 -0.298122 0.356781 0.705709 0.576585 0.205503 1.787014 0.664303 -2.337529 -1.979775 0.543720 -0.143202 -1.207650
1776409999.807545 jaka_arm_right success 0.399573 -0.133172 -0.297500 0.355619 0.704566 0.577951 0.207593 1.779205 0.663859 -2.332158 -1.979241 0.539530 -0.135220 -1.210031
1776409999.815861 jaka_arm_right success 0.398878 -0.134347 -0.296762 0.356349 0.703195 0.579046 0.207938 1.774916 0.661510 -2.327338 -1.979958 0.540152 -0.131601 -1.208352
1776409999.824236 jaka_arm_right success 0.398176 -0.135676 -0.295967 0.356711 0.701835 0.580266 0.208509 1.766693 0.657500 -2.322309 -1.982488 0.539521 -0.124535 -1.207783
1776409999.832518 jaka_arm_right success 0.397291 -0.137006 -0.295199 0.357701 0.700532 0.581199 0.208599 1.760488 0.654398 -2.316705 -1.983905 0.540072 -0.119761 -1.206028
1776409999.840872 jaka_arm_right success 0.396636 -0.138629 -0.294389 0.356455 0.700419 0.582337 0.207934 1.756504 0.647035 -2.315806 -1.987636 0.541910 -0.113255 -1.204698
1776409999.849170 jaka_arm_right success 0.395963 -0.140165 -0.293654 0.355817 0.699432 0.583340 0.209534 1.749211 0.642249 -2.311346 -1.987089 0.539943 -0.102273 -1.206080
1776409999.857498 jaka_arm_right success 0.394982 -0.141741 -0.292763 0.356661 0.698043 0.584516 0.209450 1.743956 0.637644 -2.307705 -1.988208 0.541837 -0.095961 -1.203857
1776409999.865883 jaka_arm_right success 0.394324 -0.143393 -0.292126 0.355475 0.697286 0.585432 0.211420 1.738264 0.634221 -2.303656 -1.987385 0.539846 -0.088245 -1.205283
1776409999.874225 jaka_arm_right success 0.393275 -0.145163 -0.291335 0.355887 0.696596 0.585686 0.212298 1.730446 0.627867 -2.298408 -1.989130 0.539935 -0.080933 -1.204550
1776409999.882727 jaka_arm_right success 0.392491 -0.146958 -0.290686 0.354458 0.696103 0.586640 0.213669 1.720140 0.621068 -2.292885 -1.989592 0.538274 -0.068278 -1.205618
1776409999.890897 jaka_arm_right success 0.391601 -0.148703 -0.290006 0.354611 0.695313 0.586944 0.215148 1.715460 0.618518 -2.288392 -1.989192 0.537969 -0.064185 -1.205392
1776409999.899263 jaka_arm_right success 0.390746 -0.150611 -0.289403 0.353869 0.694884 0.587273 0.216846 1.704049 0.611349 -2.281557 -1.990616 0.536033 -0.054348 -1.206559
1776409999.907665 jaka_arm_right success 0.389617 -0.152349 -0.288776 0.355009 0.694019 0.587606 0.216852 1.699078 0.608003 -2.276521 -1.991645 0.537552 -0.051213 -1.204594
1776409999.915842 jaka_arm_right success 0.388661 -0.154503 -0.288229 0.354082 0.694264 0.587657 0.217445 1.693648 0.600128 -2.273674 -1.994809 0.537712 -0.045582 -1.204380
1776409999.924293 jaka_arm_right success 0.387573 -0.156550 -0.287749 0.354460 0.694138 0.587516 0.217615 1.686481 0.592233 -2.270029 -1.997314 0.539130 -0.039141 -1.202826
1776409999.932549 jaka_arm_right success 0.386573 -0.158654 -0.287281 0.354422 0.693751 0.587766 0.218231 1.677652 0.584684 -2.264508 -1.998173 0.539529 -0.029523 -1.202186
1776409999.940864 jaka_arm_right success 0.385733 -0.160928 -0.286903 0.352938 0.694018 0.588196 0.218632 1.672346 0.575972 -2.263186 -1.998479 0.539832 -0.020000 -1.202025
1776409999.949179 jaka_arm_right success 0.384644 -0.163229 -0.286518 0.352154 0.694459 0.588522 0.217613 1.668525 0.561746 -2.266422 -1.998550 0.543127 -0.005071 -1.199133
1776409999.957538 jaka_arm_right success 0.383709 -0.165729 -0.286257 0.350320 0.695111 0.588682 0.218058 1.665813 0.549800 -2.269677 -1.995475 0.544041 0.010743 -1.198319
1776409999.965905 jaka_arm_right success 0.382624 -0.168025 -0.285974 0.350229 0.694969 0.588814 0.218301 1.663348 0.543745 -2.269403 -1.993295 0.545339 0.019575 -1.196952
1776409999.974198 jaka_arm_right success 0.381325 -0.170598 -0.285723 0.350486 0.695224 0.588085 0.219042 1.657907 0.534386 -2.267791 -1.993436 0.546579 0.027406 -1.195683
1776409999.982575 jaka_arm_right success 0.380014 -0.173044 -0.285463 0.350633 0.695331 0.587720 0.219446 1.651185 0.525632 -2.264121 -1.992258 0.548102 0.035861 -1.194230
1776409999.999309 jaka_arm_right success 0.377478 -0.178153 -0.285262 0.350808 0.695010 0.586648 0.223024 1.625555 0.513980 -2.247980 -1.989078 0.546129 0.056220 -1.197814
1776410000.007517 jaka_arm_right success 0.376130 -0.180755 -0.285346 0.350880 0.694493 0.586526 0.224835 1.611122 0.507982 -2.238536 -1.988502 0.545162 0.066865 -1.200074
1776410000.015878 jaka_arm_right success 0.374775 -0.183489 -0.285348 0.350955 0.694150 0.586564 0.225676 1.599354 0.500513 -2.230252 -1.988331 0.546441 0.076775 -1.199890
1776410000.024466 jaka_arm_right success 0.373473 -0.186394 -0.285498 0.351585 0.693761 0.585476 0.228696 1.575585 0.497121 -2.210767 -1.989747 0.545041 0.083254 -1.205571
1776410000.032537 jaka_arm_right success 0.372050 -0.189199 -0.285606 0.352652 0.693244 0.585195 0.229338 1.564279 0.492276 -2.202780 -1.989022 0.546253 0.090197 -1.205884
1776410000.040902 jaka_arm_right success 0.370742 -0.191973 -0.285733 0.353383 0.692695 0.585441 0.229242 1.553685 0.484437 -2.197243 -1.988825 0.548355 0.100305 -1.204610
1776410000.049177 jaka_arm_right success 0.369498 -0.195113 -0.285953 0.353137 0.692875 0.585016 0.230161 1.540841 0.475947 -2.191079 -1.984985 0.548491 0.114785 -1.205489
1776410000.057546 jaka_arm_right success 0.368102 -0.198129 -0.286136 0.354105 0.692618 0.584809 0.229974 1.533751 0.467805 -2.186898 -1.984084 0.551314 0.122503 -1.203141
1776410000.065921 jaka_arm_right success 0.366485 -0.201056 -0.286334 0.356048 0.691655 0.585252 0.228743 1.519650 0.456647 -2.181602 -1.981425 0.555173 0.138847 -1.200043
1776410000.074314 jaka_arm_right success 0.365170 -0.204097 -0.286637 0.355826 0.691379 0.585435 0.229451 1.507717 0.452675 -2.177619 -1.975257 0.554216 0.154805 -1.202136
1776410000.082501 jaka_arm_right success 0.363621 -0.207344 -0.286944 0.356261 0.691219 0.585183 0.229903 1.499110 0.441557 -2.172993 -1.973629 0.556990 0.165477 -1.199835
1776410000.090936 jaka_arm_right success 0.361948 -0.210512 -0.287238 0.358088 0.690415 0.584952 0.230067 1.481011 0.434446 -2.164477 -1.966745 0.559500 0.183270 -1.200539
1776410000.099352 jaka_arm_right success 0.360480 -0.213544 -0.287618 0.358254 0.689683 0.585332 0.231035 1.464973 0.428060 -2.156423 -1.961656 0.560780 0.200616 -1.202476
1776410000.107487 jaka_arm_right success 0.358823 -0.216859 -0.288075 0.358692 0.689119 0.585051 0.232745 1.447462 0.423120 -2.145976 -1.956229 0.562344 0.215810 -1.206090
1776410000.124223 jaka_arm_right success 0.355313 -0.223095 -0.288928 0.361136 0.687025 0.584790 0.235795 1.400949 0.414652 -2.113373 -1.955112 0.570686 0.238191 -1.218240
1776410000.132689 jaka_arm_right success 0.353519 -0.226398 -0.289449 0.362004 0.686124 0.584567 0.237631 1.385433 0.413609 -2.104090 -1.948502 0.571775 0.250530 -1.223095
1776410000.140861 jaka_arm_right success 0.351672 -0.229740 -0.290001 0.362585 0.685519 0.583891 0.240142 1.361593 0.407981 -2.088328 -1.944451 0.575100 0.265700 -1.229736
1776410000.149296 jaka_arm_right success 0.349927 -0.232838 -0.290636 0.363517 0.684053 0.583819 0.243066 1.332836 0.406101 -2.067011 -1.942923 0.580368 0.279239 -1.239810
1776410000.157629 jaka_arm_right success 0.348005 -0.236157 -0.291249 0.364876 0.683137 0.583119 0.245279 1.308012 0.404905 -2.049406 -1.941291 0.584984 0.289147 -1.248714
1776410000.165873 jaka_arm_right success 0.346125 -0.239260 -0.291924 0.365796 0.681975 0.583203 0.246935 1.288049 0.403242 -2.037122 -1.936397 0.587763 0.303510 -1.254691
1776410000.174209 jaka_arm_right success 0.344119 -0.242407 -0.292631 0.366676 0.681108 0.583249 0.247915 1.271937 0.401153 -2.029030 -1.930834 0.589974 0.317242 -1.258185
1776410000.182556 jaka_arm_right success 0.342115 -0.245562 -0.293328 0.368001 0.680017 0.582996 0.249535 1.248947 0.396516 -2.015227 -1.926009 0.594550 0.333417 -1.263504
1776410000.190944 jaka_arm_right success 0.340222 -0.248695 -0.294156 0.368678 0.679160 0.582837 0.251236 1.229941 0.393652 -2.004456 -1.921754 0.597178 0.346998 -1.269183
1776410000.199274 jaka_arm_right success 0.338089 -0.251858 -0.294846 0.370592 0.678317 0.582355 0.251814 1.210860 0.391001 -1.994124 -1.917656 0.601594 0.360065 -1.273009
1776410000.215903 jaka_arm_right success 0.334294 -0.258106 -0.296620 0.372509 0.676291 0.582158 0.254871 1.175073 0.385604 -1.975497 -1.904591 0.607063 0.390701 -1.281565
1776410000.224323 jaka_arm_right success 0.332252 -0.261164 -0.297580 0.373495 0.675181 0.582113 0.256469 1.157519 0.386507 -1.966285 -1.898324 0.609500 0.404885 -1.287668
1776410000.232556 jaka_arm_right success 0.330272 -0.264178 -0.298614 0.374335 0.673546 0.582477 0.258707 1.137242 0.385549 -1.956479 -1.892082 0.612132 0.423000 -1.293278
1776410000.240898 jaka_arm_right success 0.328161 -0.267140 -0.299769 0.374697 0.671964 0.583355 0.260314 1.121269 0.386249 -1.950728 -1.883911 0.612209 0.441529 -1.297826
1776410000.249256 jaka_arm_right success 0.326228 -0.270143 -0.301073 0.374155 0.670186 0.584267 0.263610 1.105180 0.388998 -1.944226 -1.872171 0.611086 0.463240 -1.304111
1776410000.257534 jaka_arm_right success 0.324026 -0.272914 -0.302295 0.375330 0.668066 0.585311 0.265004 1.090491 0.390712 -1.939795 -1.863045 0.611556 0.481258 -1.307346
1776410000.265931 jaka_arm_right success 0.322055 -0.275835 -0.303599 0.375153 0.666916 0.585520 0.267675 1.076534 0.391452 -1.934022 -1.852970 0.611039 0.499462 -1.312140
1776410000.274225 jaka_arm_right success 0.320113 -0.278588 -0.304742 0.376544 0.665909 0.585264 0.268786 1.064722 0.393376 -1.930345 -1.846656 0.611656 0.511772 -1.315583
1776410000.282563 jaka_arm_right success 0.318085 -0.281315 -0.305978 0.377943 0.665422 0.584691 0.269275 1.049118 0.389030 -1.924539 -1.838822 0.614182 0.527353 -1.316561
1776410000.290904 jaka_arm_right success 0.316277 -0.283917 -0.307199 0.380170 0.664105 0.583889 0.271125 1.032961 0.390674 -1.915353 -1.834110 0.619213 0.537081 -1.322348
1776410000.299356 jaka_arm_right success 0.314359 -0.286454 -0.308415 0.382184 0.662964 0.583160 0.272652 1.015862 0.391817 -1.906901 -1.830048 0.623206 0.547696 -1.328439
1776410000.307491 jaka_arm_right success 0.312493 -0.289044 -0.309790 0.384014 0.661184 0.582848 0.275060 1.001262 0.395111 -1.899469 -1.824901 0.626039 0.558649 -1.334687
1776410000.315885 jaka_arm_right success 0.310557 -0.291571 -0.311316 0.385392 0.658978 0.583133 0.277807 0.992185 0.402958 -1.895452 -1.817731 0.626434 0.569190 -1.340654
1776410000.324210 jaka_arm_right success 0.308665 -0.294039 -0.312818 0.385429 0.657043 0.584435 0.279597 0.983190 0.408029 -1.894506 -1.808106 0.623294 0.586034 -1.344174
1776410000.332560 jaka_arm_right success 0.306962 -0.296592 -0.314490 0.385085 0.655229 0.585225 0.282659 0.973218 0.412070 -1.893879 -1.793928 0.619073 0.608541 -1.346237
1776410000.340891 jaka_arm_right success 0.305034 -0.298930 -0.316133 0.386238 0.653033 0.586160 0.284227 0.967090 0.415275 -1.893912 -1.783918 0.618122 0.623344 -1.345086
1776410000.349208 jaka_arm_right success 0.303411 -0.301225 -0.317730 0.386739 0.651036 0.587107 0.286163 0.960931 0.419535 -1.894866 -1.771057 0.614259 0.642394 -1.345146
1776410000.357556 jaka_arm_right success 0.301829 -0.303628 -0.319278 0.387949 0.649997 0.586641 0.287841 0.957501 0.424702 -1.894185 -1.764641 0.614032 0.647665 -1.347764
1776410000.365928 jaka_arm_right success 0.300446 -0.305805 -0.320896 0.388840 0.648060 0.586990 0.290283 0.950650 0.429566 -1.893893 -1.753090 0.611909 0.664239 -1.348548
1776410000.374221 jaka_arm_right success 0.298645 -0.307824 -0.322476 0.391306 0.647296 0.586075 0.290523 0.946555 0.432078 -1.893172 -1.747535 0.613169 0.667806 -1.349138
1776410000.382521 jaka_arm_right success 0.297350 -0.309849 -0.324174 0.391235 0.646790 0.585666 0.292562 0.940560 0.436015 -1.892386 -1.738654 0.610646 0.679701 -1.352131
1776410000.390930 jaka_arm_right success 0.295814 -0.311718 -0.325896 0.392880 0.645810 0.584880 0.294094 0.936008 0.440959 -1.891806 -1.732320 0.610620 0.685492 -1.354562
1776410000.399202 jaka_arm_right success 0.294685 -0.313597 -0.327666 0.392380 0.644889 0.584468 0.297579 0.930331 0.446197 -1.890725 -1.720577 0.607311 0.699617 -1.358334
1776410000.407505 jaka_arm_right success 0.293292 -0.315455 -0.329572 0.392992 0.645040 0.582343 0.300594 0.927892 0.451024 -1.889103 -1.714865 0.606638 0.701996 -1.363312
1776410000.415880 jaka_arm_right success 0.292008 -0.317165 -0.331319 0.393515 0.645061 0.580823 0.302800 0.924031 0.456663 -1.887663 -1.708552 0.605718 0.705986 -1.368647
1776410000.424320 jaka_arm_right success 0.290789 -0.318798 -0.333187 0.394153 0.644892 0.579200 0.305426 0.920271 0.461998 -1.886267 -1.702962 0.604632 0.710253 -1.373808
1776410000.432544 jaka_arm_right success 0.289126 -0.320229 -0.335050 0.396685 0.645072 0.577460 0.305064 0.914041 0.463654 -1.885800 -1.698203 0.605790 0.713779 -1.374573
1776410000.440845 jaka_arm_right success 0.287873 -0.321703 -0.336935 0.397798 0.645431 0.575478 0.306596 0.910081 0.466737 -1.884034 -1.693244 0.606072 0.715964 -1.378292
1776410000.449245 jaka_arm_right success 0.286811 -0.323258 -0.338968 0.397370 0.645803 0.573878 0.309353 0.906858 0.471574 -1.882419 -1.687837 0.604451 0.719769 -1.384094
1776410000.457555 jaka_arm_right success 0.285571 -0.324448 -0.340909 0.399537 0.645552 0.572256 0.310089 0.902579 0.475634 -1.882169 -1.683429 0.604833 0.721992 -1.386667
1776410000.465900 jaka_arm_right success 0.284327 -0.325889 -0.342908 0.399893 0.646766 0.570206 0.310876 0.899146 0.476948 -1.881293 -1.678595 0.604299 0.724043 -1.389320
1776410000.474195 jaka_arm_right success 0.283337 -0.327195 -0.345025 0.400399 0.647110 0.568555 0.312529 0.896464 0.480531 -1.880631 -1.673771 0.603566 0.726409 -1.392788
1776410000.482501 jaka_arm_right success 0.282286 -0.328503 -0.347201 0.400549 0.647969 0.567256 0.312917 0.892731 0.482355 -1.882250 -1.665924 0.600584 0.733743 -1.393729
1776410000.490917 jaka_arm_right success 0.281073 -0.329701 -0.349211 0.401963 0.648940 0.565376 0.312495 0.891516 0.482113 -1.882349 -1.663291 0.601115 0.731979 -1.394090
1776410000.499276 jaka_arm_right success 0.280030 -0.330712 -0.351397 0.403337 0.649472 0.564063 0.311990 0.888859 0.484160 -1.884978 -1.656274 0.599408 0.737428 -1.392943
1776410000.507505 jaka_arm_right success 0.279181 -0.331909 -0.353591 0.403299 0.650500 0.562913 0.311975 0.889856 0.484104 -1.888035 -1.648658 0.596171 0.742360 -1.390931
1776410000.515850 jaka_arm_right success 0.278150 -0.332832 -0.355769 0.405772 0.650881 0.561879 0.309830 0.894122 0.483105 -1.894948 -1.638398 0.594218 0.746053 -1.381771
1776410000.524272 jaka_arm_right success 0.277456 -0.334043 -0.357982 0.405399 0.653152 0.560469 0.308091 0.893886 0.479525 -1.897686 -1.636163 0.592077 0.745529 -1.379743
1776410000.532565 jaka_arm_right success 0.276622 -0.335048 -0.360204 0.405941 0.654892 0.559238 0.305909 0.897843 0.475788 -1.905088 -1.624757 0.587543 0.751745 -1.370563
1776410000.540855 jaka_arm_right success 0.275537 -0.335652 -0.362348 0.408814 0.655670 0.558689 0.301388 0.898476 0.472046 -1.909945 -1.622854 0.588265 0.750076 -1.362476
1776410000.549158 jaka_arm_right success 0.274874 -0.336649 -0.364662 0.408771 0.657530 0.557266 0.300026 0.903430 0.471290 -1.917549 -1.611757 0.581929 0.755854 -1.356522
1776410000.557553 jaka_arm_right success 0.274093 -0.337464 -0.366910 0.409773 0.659331 0.555793 0.297426 0.906046 0.468145 -1.922300 -1.607868 0.580510 0.753849 -1.350769
1776410000.565919 jaka_arm_right success 0.273314 -0.338327 -0.369192 0.410504 0.661478 0.553944 0.295092 0.908733 0.464311 -1.927210 -1.602433 0.578127 0.753463 -1.344887
1776410000.574195 jaka_arm_right success 0.272537 -0.339001 -0.371476 0.412278 0.663093 0.551741 0.293114 0.906495 0.463780 -1.929057 -1.600429 0.578047 0.751023 -1.344575
1776410000.582579 jaka_arm_right success 0.271722 -0.339621 -0.373696 0.413897 0.664760 0.549830 0.290639 0.905819 0.461964 -1.931835 -1.598823 0.578121 0.748134 -1.341761
1776410000.590916 jaka_arm_right success 0.271031 -0.340297 -0.375968 0.415088 0.666476 0.547045 0.290266 0.908169 0.462941 -1.934541 -1.595144 0.576895 0.743455 -1.341630
1776410000.599228 jaka_arm_right success 0.270172 -0.340894 -0.378110 0.416564 0.668366 0.544626 0.288347 0.906042 0.461788 -1.936432 -1.593227 0.576362 0.740898 -1.341521
1776410000.607481 jaka_arm_right success 0.269188 -0.341425 -0.380407 0.418601 0.669637 0.541986 0.287421 0.905909 0.461881 -1.937548 -1.590450 0.577410 0.736786 -1.340745
1776410000.615889 jaka_arm_right success 0.268521 -0.341895 -0.382775 0.419895 0.670282 0.539918 0.287923 0.907298 0.467836 -1.939413 -1.587378 0.576364 0.732926 -1.344078
1776410000.624218 jaka_arm_right success 0.267512 -0.342289 -0.385048 0.421475 0.671236 0.538209 0.286587 0.906941 0.467608 -1.941603 -1.585982 0.576177 0.730132 -1.342974
1776410000.632571 jaka_arm_right success 0.266900 -0.342908 -0.387398 0.421512 0.672561 0.536088 0.287400 0.908283 0.471722 -1.943063 -1.581948 0.573978 0.727997 -1.346566
1776410000.640851 jaka_arm_right success 0.266003 -0.343264 -0.389619 0.423693 0.673140 0.534217 0.286320 0.911891 0.474469 -1.946835 -1.578944 0.573224 0.722522 -1.345276
1776410000.649215 jaka_arm_right success 0.265072 -0.343627 -0.391930 0.426605 0.673589 0.531481 0.286033 0.910241 0.475809 -1.947013 -1.575683 0.575329 0.719805 -1.344907
1776410000.657547 jaka_arm_right success 0.264490 -0.344104 -0.394355 0.427942 0.673674 0.529423 0.287646 0.910192 0.485034 -1.947295 -1.571848 0.574275 0.717201 -1.351853
1776410000.665850 jaka_arm_right success 0.263780 -0.344491 -0.396648 0.429749 0.674120 0.527340 0.287735 0.911523 0.490265 -1.948528 -1.570059 0.574490 0.712157 -1.354399
1776410000.674220 jaka_arm_right success 0.262941 -0.344845 -0.398877 0.432096 0.674787 0.525088 0.286772 0.910758 0.490887 -1.949386 -1.567942 0.575574 0.708407 -1.354218
1776410000.682506 jaka_arm_right success 0.262204 -0.345183 -0.401094 0.434000 0.675448 0.523172 0.285840 0.912201 0.494097 -1.951425 -1.567032 0.575779 0.702256 -1.355212
1776410000.690877 jaka_arm_right success 0.261613 -0.345583 -0.403398 0.435333 0.675452 0.521786 0.286338 0.911742 0.495483 -1.951279 -1.564760 0.576573 0.700685 -1.355890
1776410000.699210 jaka_arm_right success 0.261052 -0.345945 -0.405722 0.436730 0.675398 0.520413 0.286835 0.912859 0.504273 -1.953043 -1.561008 0.575118 0.698460 -1.360683
1776410000.707496 jaka_arm_right success 0.260572 -0.346472 -0.408072 0.437660 0.675689 0.518740 0.287763 0.914485 0.509107 -1.953921 -1.557245 0.574396 0.696240 -1.363318
1776410000.724255 jaka_arm_right success 0.259494 -0.346980 -0.412673 0.441753 0.675412 0.515580 0.287837 0.921727 0.521596 -1.959378 -1.550203 0.572916 0.687566 -1.366067
1776410000.732519 jaka_arm_right success 0.258702 -0.347140 -0.414856 0.445318 0.675151 0.513482 0.286703 0.920046 0.523339 -1.959319 -1.547116 0.576033 0.685047 -1.364571
1776410000.740874 jaka_arm_right success 0.258492 -0.347381 -0.417114 0.446692 0.674295 0.512992 0.287457 0.921987 0.530204 -1.961064 -1.544209 0.574780 0.683463 -1.367551
1776410000.749162 jaka_arm_right success 0.258052 -0.347560 -0.419260 0.449518 0.673857 0.511597 0.286564 0.925403 0.533911 -1.963322 -1.541417 0.575945 0.678623 -1.365961
1776410000.757546 jaka_arm_right success 0.257754 -0.347888 -0.421411 0.451244 0.673986 0.510210 0.286019 0.928960 0.538220 -1.966699 -1.538258 0.574877 0.675006 -1.365832
1776410000.765886 jaka_arm_right success 0.257312 -0.347988 -0.423484 0.454303 0.673257 0.509461 0.284225 0.929844 0.539268 -1.969018 -1.536550 0.576534 0.672422 -1.362287
1776410000.774318 jaka_arm_right success 0.256938 -0.348104 -0.425381 0.457176 0.672359 0.508896 0.282752 0.937760 0.543440 -1.974756 -1.532029 0.576013 0.667884 -1.357434
1776410000.782491 jaka_arm_right success 0.256861 -0.348516 -0.427380 0.458346 0.673040 0.507166 0.282345 0.936986 0.543736 -1.975385 -1.529557 0.576213 0.666233 -1.357586
1776410000.790927 jaka_arm_right success 0.256907 -0.348866 -0.429273 0.459336 0.673521 0.505636 0.282334 0.942771 0.549506 -1.978995 -1.524359 0.574087 0.662703 -1.358390
1776410000.799215 jaka_arm_right success 0.256760 -0.349046 -0.431129 0.461074 0.674285 0.503653 0.281220 0.943813 0.548319 -1.980852 -1.522714 0.574704 0.658813 -1.356118
1776410000.815867 jaka_arm_right success 0.256140 -0.349015 -0.434268 0.468156 0.674074 0.499612 0.277205 0.947324 0.548385 -1.983946 -1.522977 0.580808 0.643750 -1.349222
1776410000.824275 jaka_arm_right success 0.255985 -0.349009 -0.435832 0.471125 0.674459 0.496599 0.276652 0.949914 0.555540 -1.983386 -1.526004 0.583305 0.629062 -1.354573
1776410000.832581 jaka_arm_right success 0.256072 -0.349190 -0.437368 0.471959 0.675680 0.493829 0.277207 0.949803 0.557937 -1.981336 -1.526482 0.584529 0.621328 -1.359211
1776410000.840882 jaka_arm_right success 0.255823 -0.348864 -0.438876 0.475960 0.675076 0.491445 0.276073 0.950219 0.560366 -1.978907 -1.532804 0.590078 0.606606 -1.360944
1776410000.849220 jaka_arm_right success 0.255753 -0.348967 -0.440285 0.477524 0.675853 0.488480 0.276732 0.944858 0.565162 -1.972142 -1.540266 0.594003 0.593901 -1.371392
1776410000.857564 jaka_arm_right success 0.255552 -0.348795 -0.441558 0.481034 0.675492 0.486133 0.275664 0.944055 0.566150 -1.969440 -1.543686 0.599346 0.583351 -1.371665
1776410000.865880 jaka_arm_right success 0.255864 -0.348849 -0.442973 0.481936 0.675674 0.484220 0.277006 0.943122 0.571486 -1.967671 -1.541243 0.599440 0.580851 -1.376814
1776410000.874242 jaka_arm_right success 0.255576 -0.348763 -0.444105 0.485078 0.676266 0.480659 0.276280 0.938283 0.577356 -1.958526 -1.555065 0.606923 0.558171 -1.388039
1776410000.882520 jaka_arm_right success 0.255768 -0.348600 -0.445120 0.486827 0.675707 0.479887 0.275914 0.937749 0.578242 -1.958142 -1.554013 0.608605 0.557323 -1.387032
1776410000.891088 jaka_arm_right success 0.255864 -0.348592 -0.445904 0.488417 0.676214 0.476822 0.277171 0.937895 0.583096 -1.952815 -1.560024 0.612000 0.541779 -1.395147
1776410000.899248 jaka_arm_right success 0.256069 -0.348479 -0.446169 0.488995 0.677101 0.475299 0.276601 0.935985 0.580488 -1.949370 -1.564961 0.615093 0.534300 -1.396344
1776410000.907527 jaka_arm_right success 0.256421 -0.348398 -0.446105 0.486942 0.677703 0.475697 0.278061 0.937168 0.579966 -1.948405 -1.565578 0.613260 0.535700 -1.398513
1776410000.915878 jaka_arm_right success 0.256351 -0.348153 -0.445805 0.487269 0.677951 0.475062 0.277971 0.935095 0.582653 -1.948086 -1.565040 0.612889 0.535048 -1.401216
1776410000.924231 jaka_arm_right success 0.256240 -0.347706 -0.445550 0.488200 0.677171 0.474485 0.279221 0.930434 0.589366 -1.941066 -1.570940 0.615998 0.528466 -1.409716
1776410000.932543 jaka_arm_right success 0.255935 -0.347431 -0.445194 0.489041 0.677294 0.473012 0.279948 0.926564 0.590058 -1.935259 -1.575731 0.619392 0.522181 -1.413857
1776410000.940877 jaka_arm_right success 0.255780 -0.347251 -0.444916 0.488953 0.676713 0.471656 0.283768 0.917181 0.599670 -1.922366 -1.585680 0.621912 0.513484 -1.430866
1776410000.949212 jaka_arm_right success 0.256082 -0.347240 -0.444922 0.486988 0.676257 0.470649 0.289844 0.916079 0.610876 -1.915914 -1.580666 0.619436 0.517077 -1.442811
1776410000.957610 jaka_arm_right success 0.255695 -0.346609 -0.444819 0.491148 0.674352 0.468243 0.291153 0.907874 0.621994 -1.900715 -1.597293 0.628519 0.494443 -1.457792
1776410000.965995 jaka_arm_right success 0.255612 -0.346335 -0.444831 0.492703 0.673146 0.466523 0.294067 0.900643 0.631187 -1.890373 -1.600918 0.631499 0.490278 -1.468505
1776410000.974161 jaka_arm_right success 0.255896 -0.346336 -0.445075 0.492755 0.672321 0.464758 0.298626 0.898343 0.643248 -1.881019 -1.603612 0.632148 0.483431 -1.482216
1776410000.982519 jaka_arm_right success 0.256164 -0.346381 -0.445308 0.493761 0.671698 0.461265 0.303738 0.892507 0.659220 -1.863577 -1.614235 0.636215 0.464741 -1.503356
1776410000.990898 jaka_arm_right success 0.255967 -0.345828 -0.445447 0.499775 0.669330 0.458183 0.303794 0.882699 0.671366 -1.847516 -1.630706 0.646225 0.442372 -1.515519
1776410000.999245 jaka_arm_right success 0.255919 -0.345394 -0.445586 0.505439 0.666997 0.455406 0.303729 0.878220 0.679731 -1.835021 -1.640151 0.655155 0.422985 -1.522413
1776410001.007500 jaka_arm_right success 0.256418 -0.345322 -0.445902 0.508254 0.665440 0.453828 0.304809 0.872365 0.689318 -1.823882 -1.650189 0.659958 0.409885 -1.531625
1776410001.015865 jaka_arm_right success 0.256781 -0.345452 -0.445934 0.510809 0.664953 0.451742 0.304696 0.871636 0.690761 -1.816850 -1.655602 0.665070 0.397507 -1.533842
1776410001.024276 jaka_arm_right success 0.257466 -0.345870 -0.446061 0.511246 0.665139 0.449874 0.306318 0.869669 0.698344 -1.810719 -1.658638 0.665047 0.390711 -1.542194
1776410001.032503 jaka_arm_right success 0.257628 -0.345687 -0.445982 0.515187 0.663748 0.448595 0.304603 0.867196 0.699377 -1.801317 -1.668726 0.673524 0.373650 -1.542651
1776410001.040899 jaka_arm_right success 0.257930 -0.345545 -0.446043 0.517978 0.662113 0.448602 0.303415 0.866411 0.701619 -1.801294 -1.668317 0.676018 0.373163 -1.540582
1776410001.049153 jaka_arm_right success 0.258352 -0.345783 -0.446024 0.519497 0.661854 0.446872 0.303938 0.867775 0.705962 -1.794361 -1.675085 0.679276 0.358180 -1.545840
1776410001.057530 jaka_arm_right success 0.258516 -0.345838 -0.446060 0.522618 0.660882 0.444574 0.304070 0.859765 0.717243 -1.781355 -1.685715 0.683280 0.343321 -1.556078
1776410001.065907 jaka_arm_right success 0.258836 -0.345780 -0.446286 0.525147 0.659160 0.443718 0.304701 0.861047 0.719795 -1.776212 -1.687607 0.687365 0.335583 -1.556380
1776410001.074201 jaka_arm_right success 0.258912 -0.345937 -0.446184 0.528473 0.658210 0.440533 0.305624 0.855275 0.735027 -1.759274 -1.701815 0.691622 0.311315 -1.570592
1776410001.082513 jaka_arm_right success 0.258889 -0.345724 -0.446099 0.533138 0.656308 0.438396 0.304685 0.850582 0.739088 -1.747550 -1.711063 0.699115 0.295356 -1.572173
1776410001.090923 jaka_arm_right success 0.259475 -0.345868 -0.446357 0.534416 0.654617 0.437608 0.307207 0.850401 0.750912 -1.742374 -1.709951 0.697575 0.293624 -1.579605
1776410001.099244 jaka_arm_right success 0.259682 -0.345735 -0.446229 0.538674 0.653089 0.435289 0.306317 0.848400 0.762681 -1.726677 -1.725110 0.704238 0.265706 -1.587638
1776410001.107507 jaka_arm_right success 0.259947 -0.346073 -0.446293 0.539900 0.653219 0.432929 0.307220 0.845500 0.766434 -1.719929 -1.726711 0.704760 0.259906 -1.591723
1776410001.115835 jaka_arm_right success 0.260517 -0.345978 -0.446451 0.542096 0.650792 0.433429 0.307800 0.846185 0.770561 -1.718100 -1.726607 0.707001 0.258999 -1.590898
1776410001.124215 jaka_arm_right success 0.260572 -0.346218 -0.446282 0.544716 0.651229 0.430726 0.306040 0.845143 0.775870 -1.705838 -1.737714 0.711568 0.235240 -1.595932
1776410001.132554 jaka_arm_right success 0.260915 -0.346108 -0.446428 0.548041 0.649288 0.430754 0.304182 0.845037 0.776409 -1.704776 -1.739655 0.716166 0.230816 -1.592020
1776410001.140877 jaka_arm_right success 0.261389 -0.346543 -0.446437 0.548953 0.650118 0.429010 0.303227 0.845188 0.776217 -1.698760 -1.745087 0.719078 0.217541 -1.593010
1776410001.149184 jaka_arm_right success 0.261759 -0.346773 -0.446423 0.551266 0.650049 0.427527 0.301269 0.844206 0.776831 -1.692143 -1.751715 0.722790 0.203406 -1.593399
1776410001.157577 jaka_arm_right success 0.262216 -0.347125 -0.446444 0.552916 0.650646 0.426345 0.298620 0.844857 0.772823 -1.691696 -1.753557 0.726612 0.196840 -1.589609
1776410001.165913 jaka_arm_right success 0.262842 -0.347060 -0.446632 0.554959 0.649596 0.427626 0.295265 0.846237 0.769844 -1.693451 -1.756541 0.730938 0.192939 -1.584412
1776410001.174216 jaka_arm_right success 0.263780 -0.347531 -0.446841 0.554892 0.650486 0.426991 0.294349 0.848624 0.765112 -1.693452 -1.756960 0.732867 0.188435 -1.582098
1776410001.182502 jaka_arm_right success 0.264155 -0.347714 -0.446765 0.557784 0.651032 0.425087 0.290405 0.850882 0.758391 -1.691127 -1.760801 0.739464 0.174347 -1.576355
1776410001.190925 jaka_arm_right success 0.264953 -0.348173 -0.446856 0.558552 0.652476 0.424165 0.287017 0.852870 0.750419 -1.691996 -1.763440 0.743975 0.165760 -1.571150
1776410001.199276 jaka_arm_right success 0.265740 -0.348629 -0.447006 0.558700 0.654320 0.423453 0.283563 0.854953 0.741782 -1.693762 -1.766041 0.747465 0.158475 -1.566614
1776410001.207498 jaka_arm_right success 0.266631 -0.349041 -0.447197 0.559220 0.655304 0.423266 0.280527 0.857408 0.733947 -1.695471 -1.767621 0.751559 0.152179 -1.561434
1776410001.215924 jaka_arm_right success 0.267371 -0.349462 -0.447430 0.560043 0.656326 0.422877 0.277061 0.861078 0.724280 -1.698228 -1.770341 0.756884 0.145533 -1.554499
1776410001.224320 jaka_arm_right success 0.268128 -0.349623 -0.447582 0.562319 0.656309 0.422645 0.272813 0.863325 0.718205 -1.700698 -1.771919 0.762468 0.139973 -1.547779
1776410001.232603 jaka_arm_right success 0.268718 -0.350103 -0.447533 0.564148 0.658353 0.420242 0.267777 0.867080 0.703391 -1.702584 -1.774278 0.770171 0.127192 -1.538652
1776410001.240889 jaka_arm_right success 0.269592 -0.350436 -0.447668 0.565543 0.659006 0.419775 0.263935 0.869477 0.696077 -1.704745 -1.776300 0.775411 0.120491 -1.532471
1776410001.249171 jaka_arm_right success 0.270902 -0.351212 -0.448159 0.563834 0.660900 0.418827 0.264359 0.873512 0.690780 -1.705672 -1.775973 0.775465 0.117502 -1.531891
1776410001.257552 jaka_arm_right success 0.271795 -0.351758 -0.448208 0.564674 0.662656 0.416330 0.262107 0.876507 0.684173 -1.706782 -1.775651 0.778168 0.110097 -1.528816
1776410001.265915 jaka_arm_right success 0.272603 -0.351898 -0.448322 0.567707 0.663694 0.413579 0.257239 0.884276 0.676639 -1.707072 -1.778955 0.785630 0.090362 -1.521745
1776410001.274221 jaka_arm_right success 0.273769 -0.352031 -0.448691 0.569360 0.663778 0.412220 0.255544 0.890652 0.676591 -1.704715 -1.781641 0.788708 0.076056 -1.519815
1776410001.282494 jaka_arm_right success 0.274291 -0.351385 -0.448589 0.576251 0.661896 0.409672 0.248994 0.891710 0.682098 -1.690265 -1.796131 0.797660 0.039812 -1.514162
1776410001.290907 jaka_arm_right success 0.275567 -0.351982 -0.449154 0.575731 0.663740 0.406698 0.250158 0.896406 0.681405 -1.686752 -1.796035 0.796321 0.029108 -1.516034
1776410001.299241 jaka_arm_right success 0.276479 -0.352328 -0.449500 0.576112 0.665255 0.404130 0.249418 0.900609 0.682654 -1.682936 -1.798409 0.796195 0.014609 -1.516618
1776410001.307483 jaka_arm_right success 0.277019 -0.351906 -0.449440 0.581284 0.664497 0.401556 0.243528 0.903224 0.687468 -1.669770 -1.812218 0.801081 -0.019866 -1.511629
1776410001.315850 jaka_arm_right success 0.277729 -0.352065 -0.449644 0.582962 0.665597 0.398632 0.241304 0.905242 0.684864 -1.665696 -1.815239 0.803737 -0.034359 -1.508490
1776410001.324284 jaka_arm_right success 0.278377 -0.352186 -0.449844 0.584515 0.666267 0.396450 0.239287 0.909386 0.685473 -1.661156 -1.819410 0.804974 -0.051178 -1.506238
1776410001.332543 jaka_arm_right success 0.279211 -0.352794 -0.450156 0.583181 0.668269 0.394557 0.240086 0.909243 0.683136 -1.660723 -1.818292 0.802820 -0.052357 -1.508336
1776410001.340820 jaka_arm_right success 0.279682 -0.352370 -0.450298 0.587357 0.666195 0.395163 0.234610 0.913933 0.677209 -1.662219 -1.821791 0.812728 -0.062033 -1.498725
1776410001.349180 jaka_arm_right success 0.279970 -0.352485 -0.450269 0.589162 0.666405 0.393834 0.231706 0.916228 0.671988 -1.662917 -1.822918 0.817469 -0.070342 -1.494048
1776410001.357530 jaka_arm_right success 0.280409 -0.352912 -0.450326 0.589010 0.667517 0.393145 0.230054 0.918599 0.667622 -1.663700 -1.824406 0.819487 -0.074966 -1.492196
1776410001.365957 jaka_arm_right success 0.280728 -0.352924 -0.450539 0.591174 0.666969 0.393292 0.225802 0.922239 0.660969 -1.666185 -1.827206 0.827041 -0.081865 -1.485320
1776410001.374165 jaka_arm_right success 0.281053 -0.353277 -0.450515 0.591766 0.667647 0.392201 0.224138 0.922517 0.658463 -1.667414 -1.827127 0.828435 -0.084731 -1.484107
1776410001.382504 jaka_arm_right success 0.281499 -0.353685 -0.450839 0.591745 0.667695 0.392421 0.223667 0.927289 0.653029 -1.668622 -1.827433 0.832494 -0.087936 -1.480688
1776410001.390960 jaka_arm_right success 0.281791 -0.353820 -0.450911 0.592991 0.667377 0.392239 0.221627 0.927567 0.652028 -1.670297 -1.827291 0.834450 -0.089413 -1.479017
1776410001.399188 jaka_arm_right success 0.282222 -0.354343 -0.450975 0.593047 0.668382 0.390444 0.221617 0.927303 0.650624 -1.670044 -1.825883 0.833735 -0.090574 -1.479661
1776410001.407506 jaka_arm_right success 0.282570 -0.354267 -0.451219 0.595080 0.667407 0.390129 0.219653 0.930875 0.647253 -1.670837 -1.826299 0.838819 -0.095683 -1.474879
1776410001.415866 jaka_arm_right success 0.282870 -0.353966 -0.451324 0.597580 0.666264 0.389704 0.217076 0.933687 0.645034 -1.671766 -1.826538 0.843620 -0.100971 -1.470245
1776410001.432518 jaka_arm_right success 0.283484 -0.354333 -0.451374 0.599792 0.667370 0.384156 0.217464 0.945182 0.659582 -1.656574 -1.832674 0.834025 -0.141119 -1.469584
1776410001.440869 jaka_arm_right success 0.283761 -0.354374 -0.451499 0.600978 0.667408 0.382223 0.217481 0.941590 0.666695 -1.643329 -1.842679 0.828455 -0.159401 -1.467811
1776410001.449239 jaka_arm_right success 0.283998 -0.354405 -0.451564 0.601878 0.667876 0.380246 0.217018 0.944651 0.666956 -1.640965 -1.842962 0.827894 -0.168277 -1.466220
1776410001.457534 jaka_arm_right success 0.284208 -0.354058 -0.451657 0.603678 0.666926 0.380719 0.214092 0.945198 0.666618 -1.642218 -1.844479 0.831302 -0.170983 -1.463095
1776410001.465907 jaka_arm_right success 0.284536 -0.354164 -0.451904 0.603325 0.667021 0.380951 0.214379 0.945198 0.666618 -1.642218 -1.844479 0.831302 -0.170983 -1.463095
1776410001.474179 jaka_arm_right success 0.284621 -0.354200 -0.451960 0.603264 0.667084 0.380964 0.214332 0.945198 0.666618 -1.642218 -1.844479 0.831302 -0.170983 -1.463095
1776410001.482498 jaka_arm_right success 0.284577 -0.354134 -0.451912 0.603115 0.667126 0.381100 0.214377 0.945424 0.666409 -1.642099 -1.844640 0.831081 -0.170852 -1.463327
1776410001.490863 jaka_arm_right success 0.284381 -0.354035 -0.451798 0.603338 0.667246 0.380455 0.214523 0.945424 0.666409 -1.642099 -1.844640 0.831081 -0.170852 -1.463327
1776410001.499255 jaka_arm_right success 0.284340 -0.353990 -0.451767 0.603239 0.667394 0.379672 0.215723 0.946504 0.670909 -1.639760 -1.843526 0.826788 -0.174301 -1.465086
1776410001.507488 jaka_arm_right success 0.284204 -0.353906 -0.451567 0.603087 0.668659 0.377857 0.215418 0.947475 0.673067 -1.633174 -1.850247 0.822966 -0.189954 -1.463351
1776410001.515969 jaka_arm_right success 0.284273 -0.353575 -0.451545 0.602749 0.668881 0.378414 0.214697 0.947849 0.673154 -1.633534 -1.851335 0.823040 -0.189522 -1.463457
1776410001.524294 jaka_arm_right success 0.284305 -0.353480 -0.451630 0.601779 0.670198 0.376875 0.216015 0.947620 0.673387 -1.633131 -1.850924 0.820191 -0.190754 -1.465494
1776410001.532517 jaka_arm_right success 0.284269 -0.352900 -0.451642 0.603155 0.669358 0.376330 0.215731 0.950972 0.684165 -1.626483 -1.855628 0.813686 -0.205885 -1.464206
1776410001.540921 jaka_arm_right success 0.284338 -0.352305 -0.451734 0.603405 0.668553 0.376647 0.216969 0.949698 0.687912 -1.625233 -1.855624 0.811520 -0.204403 -1.465230
1776410001.549262 jaka_arm_right success 0.284437 -0.352297 -0.451842 0.601223 0.670501 0.375027 0.219806 0.948337 0.694543 -1.621761 -1.856607 0.802143 -0.206661 -1.470401
1776410001.557550 jaka_arm_right success 0.284551 -0.351968 -0.451924 0.600711 0.671180 0.374270 0.220422 0.950984 0.698552 -1.618179 -1.860672 0.797477 -0.216396 -1.470517
1776410001.565926 jaka_arm_right success 0.284488 -0.351885 -0.451725 0.599016 0.673572 0.372175 0.221284 0.950106 0.700105 -1.614530 -1.863855 0.791846 -0.223079 -1.472422
1776410001.574194 jaka_arm_right success 0.284554 -0.351525 -0.451838 0.598567 0.673852 0.371608 0.222594 0.949429 0.706419 -1.612393 -1.864284 0.785974 -0.225527 -1.474778
1776410001.582489 jaka_arm_right success 0.284389 -0.350910 -0.451710 0.599624 0.673687 0.370571 0.221977 0.951704 0.713743 -1.603044 -1.873667 0.779887 -0.245152 -1.471018
1776410001.590957 jaka_arm_right success 0.284478 -0.350951 -0.451702 0.597703 0.675929 0.368708 0.223441 0.951217 0.712476 -1.603084 -1.873570 0.776551 -0.246213 -1.473819
1776410001.599237 jaka_arm_right success 0.284592 -0.350579 -0.451624 0.598005 0.676498 0.367944 0.222167 0.953250 0.711072 -1.602839 -1.875809 0.777293 -0.252680 -1.471918
1776410001.607510 jaka_arm_right success 0.284677 -0.350215 -0.451544 0.597899 0.676805 0.367626 0.222041 0.953674 0.713488 -1.602107 -1.876828 0.774973 -0.255264 -1.472356
1776410001.615951 jaka_arm_right success 0.285022 -0.350189 -0.451808 0.596025 0.677750 0.367844 0.223831 0.954670 0.712601 -1.601898 -1.877987 0.773150 -0.254402 -1.474233
1776410001.624240 jaka_arm_right success 0.285180 -0.350191 -0.451956 0.594902 0.678932 0.366786 0.224968 0.954357 0.716077 -1.602414 -1.876781 0.768458 -0.254333 -1.477372
1776410001.632558 jaka_arm_right success 0.285111 -0.349795 -0.451849 0.596067 0.679452 0.365995 0.221578 0.956976 0.710964 -1.603752 -1.878683 0.773275 -0.262268 -1.473175
1776410001.640896 jaka_arm_right success 0.285045 -0.349401 -0.451711 0.597050 0.679321 0.365485 0.220170 0.958044 0.710391 -1.603895 -1.879876 0.774728 -0.265921 -1.471259
1776410001.649320 jaka_arm_right success 0.285160 -0.349301 -0.451751 0.596446 0.679677 0.365314 0.220991 0.958652 0.712001 -1.603411 -1.880412 0.772374 -0.267600 -1.472162
1776410001.657536 jaka_arm_right success 0.285212 -0.349260 -0.451769 0.595550 0.680379 0.364784 0.222122 0.958912 0.716077 -1.602254 -1.881121 0.767361 -0.269509 -1.474293
1776410001.665910 jaka_arm_right success 0.285245 -0.349197 -0.451795 0.595485 0.680609 0.363958 0.222943 0.960450 0.720676 -1.598225 -1.883691 0.762521 -0.277180 -1.473750
1776410001.674239 jaka_arm_right success 0.285287 -0.349255 -0.451878 0.594411 0.681616 0.363357 0.223712 0.960254 0.719393 -1.598842 -1.884184 0.761225 -0.277626 -1.475212
1776410001.682488 jaka_arm_right success 0.285346 -0.349155 -0.451936 0.594316 0.681545 0.363322 0.224236 0.960505 0.720910 -1.598058 -1.884367 0.759997 -0.277312 -1.475628
1776410001.690923 jaka_arm_right success 0.285384 -0.349028 -0.451933 0.594605 0.681318 0.363133 0.224468 0.960295 0.725183 -1.596676 -1.884775 0.756846 -0.279090 -1.476103
1776410001.699249 jaka_arm_right success 0.285296 -0.348904 -0.451832 0.595231 0.681155 0.362503 0.224320 0.960438 0.725315 -1.595826 -1.885438 0.756826 -0.281752 -1.475109
1776410001.707486 jaka_arm_right success 0.285264 -0.348869 -0.451798 0.595482 0.681086 0.362339 0.224129 0.960653 0.725782 -1.594807 -1.886623 0.756293 -0.284406 -1.474377
1776410001.715849 jaka_arm_right success 0.285366 -0.348998 -0.451876 0.594867 0.681325 0.362746 0.224376 0.960960 0.725654 -1.594618 -1.886878 0.756108 -0.284161 -1.474567
1776410001.724221 jaka_arm_right success 0.285365 -0.349130 -0.451861 0.594535 0.681606 0.362866 0.224210 0.960960 0.725654 -1.594618 -1.886878 0.756108 -0.284161 -1.474567
1776410001.732562 jaka_arm_right success 0.285329 -0.349216 -0.451836 0.594497 0.681759 0.362833 0.223897 0.960942 0.725184 -1.595125 -1.887454 0.755786 -0.284235 -1.475098
1776410001.740858 jaka_arm_right success 0.285353 -0.349129 -0.451815 0.595120 0.681007 0.363490 0.223467 0.960931 0.725917 -1.595292 -1.887657 0.756528 -0.284062 -1.474405
1776410001.749358 jaka_arm_right success 0.285356 -0.349166 -0.451819 0.595181 0.680905 0.363679 0.223307 0.960931 0.725917 -1.595292 -1.887657 0.756528 -0.284062 -1.474405
1776410001.757563 jaka_arm_right success 0.285330 -0.349178 -0.451749 0.595478 0.680690 0.364022 0.222611 0.961057 0.726533 -1.596054 -1.888764 0.757623 -0.283747 -1.473695
1776410001.765899 jaka_arm_right success 0.285324 -0.349225 -0.451729 0.595545 0.680674 0.364129 0.222304 0.960861 0.726554 -1.596216 -1.888655 0.757745 -0.283927 -1.473593
1776410001.774227 jaka_arm_right success 0.285241 -0.349333 -0.451604 0.595814 0.680965 0.362961 0.222604 0.960635 0.725756 -1.595345 -1.887372 0.757309 -0.284665 -1.473675
1776410001.782510 jaka_arm_right success 0.285463 -0.349486 -0.451825 0.594641 0.681098 0.364176 0.223347 0.961342 0.725356 -1.595737 -1.888859 0.757291 -0.283856 -1.474152
1776410001.790890 jaka_arm_right success 0.285475 -0.349503 -0.451850 0.594613 0.681035 0.364350 0.223329 0.961342 0.725356 -1.595737 -1.888859 0.757291 -0.283856 -1.474152
1776410001.799192 jaka_arm_right success 0.285546 -0.349454 -0.451991 0.594510 0.680546 0.365276 0.223582 0.961818 0.725676 -1.595516 -1.889317 0.757544 -0.283289 -1.473947
1776410001.807497 jaka_arm_right success 0.285486 -0.349502 -0.451870 0.594656 0.680868 0.364617 0.223289 0.961358 0.724625 -1.596009 -1.888706 0.758301 -0.282643 -1.473956
1776410001.815880 jaka_arm_right success 0.285467 -0.349531 -0.451825 0.594677 0.681029 0.364313 0.223238 0.961358 0.724625 -1.596009 -1.888706 0.758301 -0.282643 -1.473956
1776410001.824278 jaka_arm_right success 0.285451 -0.349484 -0.451804 0.594714 0.680968 0.364514 0.222997 0.961358 0.724625 -1.596009 -1.888706 0.758301 -0.282643 -1.473956
1776410001.832602 jaka_arm_right success 0.285463 -0.349490 -0.451819 0.594760 0.680997 0.364209 0.223285 0.961358 0.724625 -1.596009 -1.888706 0.758301 -0.282643 -1.473956
1776410001.840909 jaka_arm_right success 0.285477 -0.349487 -0.451829 0.594632 0.681118 0.364076 0.223471 0.961358 0.724625 -1.596009 -1.888706 0.758301 -0.282643 -1.473956
1776410001.849203 jaka_arm_right success 0.285279 -0.349303 -0.451615 0.595892 0.680920 0.362776 0.222830 0.960423 0.724409 -1.595257 -1.886492 0.758251 -0.283943 -1.473451
1776410001.857536 jaka_arm_right success 0.285252 -0.349249 -0.451591 0.595758 0.681030 0.362937 0.222592 0.960512 0.724205 -1.596015 -1.887627 0.758551 -0.284021 -1.473494
1776410001.865907 jaka_arm_right success 0.285376 -0.349180 -0.451779 0.595316 0.680939 0.363541 0.223070 0.960512 0.724205 -1.596015 -1.887627 0.758551 -0.284021 -1.473494
1776410001.874224 jaka_arm_right success 0.285395 -0.349097 -0.451808 0.595412 0.680832 0.363483 0.223232 0.960825 0.724241 -1.595729 -1.887773 0.758523 -0.283745 -1.473491
1776410001.882504 jaka_arm_right success 0.285417 -0.349136 -0.451898 0.594833 0.681357 0.363061 0.223859 0.961043 0.723809 -1.595440 -1.887758 0.758034 -0.283671 -1.473929
1776410001.890959 jaka_arm_right success 0.285465 -0.349057 -0.451963 0.594816 0.681185 0.363062 0.224426 0.961321 0.724025 -1.594534 -1.887167 0.757473 -0.283429 -1.474092
1776410001.899220 jaka_arm_right success 0.285509 -0.348994 -0.452003 0.594851 0.681050 0.362995 0.224850 0.961128 0.725802 -1.594280 -1.886881 0.755955 -0.283029 -1.474844
1776410001.907498 jaka_arm_right success 0.285486 -0.348927 -0.451943 0.594962 0.681151 0.362467 0.225105 0.960854 0.728503 -1.593580 -1.886889 0.753396 -0.284373 -1.475569
1776410001.915822 jaka_arm_right success 0.285475 -0.348909 -0.451914 0.594940 0.681280 0.362168 0.225252 0.960854 0.728503 -1.593580 -1.886889 0.753396 -0.284373 -1.475569
1776410001.924277 jaka_arm_right success 0.285471 -0.348918 -0.451901 0.594765 0.681626 0.361600 0.225579 0.961783 0.731585 -1.591367 -1.889521 0.749494 -0.290198 -1.475582
1776410001.932523 jaka_arm_right success 0.285431 -0.348938 -0.451854 0.594330 0.682148 0.361261 0.225692 0.961632 0.731261 -1.591413 -1.889362 0.749193 -0.290439 -1.475861
1776410001.940891 jaka_arm_right success 0.285312 -0.348678 -0.451758 0.595435 0.681544 0.361319 0.224508 0.961310 0.731752 -1.591576 -1.889504 0.750269 -0.291463 -1.474642
1776410001.949202 jaka_arm_right success 0.285346 -0.348611 -0.451798 0.595405 0.681552 0.361066 0.224969 0.961412 0.731576 -1.591317 -1.889389 0.750049 -0.291489 -1.474775
1776410001.960249 jaka_arm_right success 0.285341 -0.348678 -0.451815 0.594956 0.682077 0.360678 0.225189 0.962722 0.732319 -1.588494 -1.893192 0.747942 -0.298312 -1.473474
1776410001.965884 jaka_arm_right success 0.285330 -0.348637 -0.451782 0.595139 0.682011 0.360615 0.225006 0.962722 0.732319 -1.588494 -1.893192 0.747942 -0.298312 -1.473474
