1776410011.529240 jaka_arm_right success 0.192219 -0.381913 -0.398607 0.500482 0.594418 0.542161 0.319759 0.672489 0.964621 -1.326256 -1.461359 -0.136456 0.861317 -0.771135
1776410011.537431 jaka_arm_right success 0.191908 -0.381787 -0.397318 0.501421 0.594498 0.542101 0.318239 0.669414 0.961322 -1.325952 -1.462964 -0.134850 0.860912 -0.767044
1776410011.545771 jaka_arm_right success 0.192002 -0.381762 -0.396119 0.499748 0.594354 0.543446 0.318845 0.670359 0.961029 -1.325540 -1.463972 -0.134830 0.861804 -0.767413
1776410011.554080 jaka_arm_right success 0.191960 -0.381905 -0.394821 0.498164 0.594839 0.543996 0.319481 0.667792 0.960392 -1.322382 -1.466302 -0.134545 0.865657 -0.769012
1776410011.562435 jaka_arm_right success 0.191903 -0.381815 -0.393531 0.497232 0.594868 0.544896 0.319346 0.667162 0.959505 -1.321679 -1.467601 -0.134221 0.867282 -0.768713
1776410011.570792 jaka_arm_right success 0.191812 -0.381692 -0.392136 0.497570 0.594115 0.544840 0.320314 0.660290 0.960813 -1.316836 -1.471348 -0.132001 0.868573 -0.769117
1776410011.579087 jaka_arm_right success 0.191701 -0.381425 -0.390839 0.497721 0.593438 0.545142 0.320820 0.656816 0.961539 -1.314457 -1.477625 -0.130735 0.865982 -0.768792
1776410011.587394 jaka_arm_right success 0.191414 -0.381282 -0.389356 0.497835 0.593825 0.545133 0.319941 0.651914 0.957904 -1.311648 -1.483308 -0.129100 0.863152 -0.765749
1776410011.595825 jaka_arm_right success 0.191517 -0.381266 -0.388001 0.497228 0.593968 0.544473 0.321739 0.646546 0.961860 -1.308543 -1.493233 -0.129612 0.858327 -0.769309
1776410011.604139 jaka_arm_right success 0.191573 -0.381190 -0.386617 0.496784 0.594617 0.544142 0.321785 0.644716 0.958748 -1.305875 -1.495807 -0.128740 0.856026 -0.767949
1776410011.612397 jaka_arm_right success 0.191625 -0.380971 -0.385221 0.497079 0.594370 0.544356 0.321423 0.638931 0.956778 -1.302894 -1.502839 -0.126784 0.852950 -0.765281
1776410011.620853 jaka_arm_right success 0.191677 -0.380828 -0.383913 0.496894 0.594494 0.544253 0.321656 0.635243 0.958267 -1.300893 -1.510266 -0.127033 0.849501 -0.766782
1776410011.629128 jaka_arm_right success 0.191806 -0.380853 -0.382546 0.496658 0.595195 0.543328 0.322286 0.629452 0.954498 -1.295637 -1.519861 -0.125242 0.841869 -0.764502
1776410011.637433 jaka_arm_right success 0.191775 -0.380892 -0.381175 0.496260 0.596185 0.542708 0.322114 0.626261 0.954699 -1.293937 -1.523494 -0.125816 0.839803 -0.765703
1776410011.645737 jaka_arm_right success 0.191719 -0.380284 -0.379792 0.498076 0.594722 0.544214 0.319465 0.618933 0.950862 -1.292334 -1.534338 -0.122108 0.834495 -0.758466
1776410011.654067 jaka_arm_right success 0.191853 -0.380287 -0.378484 0.496558 0.595320 0.544519 0.320194 0.619589 0.950304 -1.291792 -1.534964 -0.122465 0.834992 -0.759144
1776410011.662431 jaka_arm_right success 0.191826 -0.380077 -0.377179 0.496162 0.595278 0.544927 0.320192 0.617473 0.949768 -1.289670 -1.537752 -0.122092 0.835833 -0.759515
1776410011.670759 jaka_arm_right success 0.191730 -0.379970 -0.375842 0.495074 0.596168 0.544659 0.320674 0.612003 0.948865 -1.285715 -1.542635 -0.121454 0.835346 -0.759843
1776410011.679139 jaka_arm_right success 0.191733 -0.379594 -0.374458 0.494547 0.595931 0.544791 0.321703 0.607214 0.951762 -1.282755 -1.550466 -0.121703 0.832775 -0.762435
1776410011.687475 jaka_arm_right success 0.191504 -0.379384 -0.373159 0.493002 0.597196 0.544007 0.323052 0.605254 0.950319 -1.279365 -1.553572 -0.122572 0.830917 -0.764426
1776410011.695783 jaka_arm_right success 0.191419 -0.378992 -0.371744 0.492420 0.597305 0.543732 0.324197 0.598771 0.953942 -1.275689 -1.562788 -0.122743 0.828101 -0.767355
1776410011.704137 jaka_arm_right success 0.191025 -0.378617 -0.370446 0.491185 0.598626 0.542286 0.326053 0.593189 0.955110 -1.271570 -1.572007 -0.124011 0.822295 -0.770512
1776410011.712391 jaka_arm_right success 0.191060 -0.378375 -0.369242 0.488970 0.599402 0.541344 0.329503 0.593795 0.958312 -1.267678 -1.574406 -0.125413 0.821262 -0.776245
1776410011.720742 jaka_arm_right success 0.190739 -0.377809 -0.367855 0.488976 0.600201 0.540172 0.329963 0.584898 0.960380 -1.263038 -1.585932 -0.125835 0.814847 -0.778403
1776410011.729110 jaka_arm_right success 0.190726 -0.377348 -0.366700 0.487822 0.599666 0.539584 0.333585 0.586060 0.966115 -1.260366 -1.589428 -0.126879 0.813087 -0.784179
1776410011.737414 jaka_arm_right success 0.190519 -0.377027 -0.365466 0.487055 0.600911 0.537807 0.335332 0.579590 0.969883 -1.256391 -1.600190 -0.128492 0.806207 -0.788497
1776410011.745758 jaka_arm_right success 0.190302 -0.376558 -0.364245 0.486595 0.601461 0.537181 0.336015 0.577644 0.967690 -1.253662 -1.604001 -0.128261 0.803127 -0.788138
1776410011.754155 jaka_arm_right success 0.189927 -0.376025 -0.362938 0.486993 0.602151 0.536583 0.335158 0.566959 0.965896 -1.248242 -1.617352 -0.126302 0.795406 -0.785407
1776410011.762469 jaka_arm_right success 0.189902 -0.375691 -0.361801 0.485702 0.602686 0.536602 0.336037 0.567575 0.965650 -1.247656 -1.618692 -0.127247 0.795822 -0.786903
1776410011.770871 jaka_arm_right success 0.189689 -0.375385 -0.360625 0.484383 0.604388 0.535959 0.335911 0.562515 0.966247 -1.245029 -1.624524 -0.128619 0.793611 -0.789134
1776410011.779105 jaka_arm_right success 0.189556 -0.374954 -0.359484 0.483263 0.604628 0.536418 0.336359 0.562238 0.965309 -1.244511 -1.626257 -0.129174 0.794080 -0.789625
1776410011.787524 jaka_arm_right success 0.189565 -0.374372 -0.358407 0.482998 0.603736 0.536531 0.338157 0.558968 0.970814 -1.242274 -1.632628 -0.129339 0.792768 -0.792984
1776410011.795834 jaka_arm_right success 0.189302 -0.373870 -0.357303 0.482701 0.604531 0.535914 0.338139 0.554288 0.968009 -1.238661 -1.638528 -0.128626 0.788212 -0.791537
1776410011.804090 jaka_arm_right success 0.189222 -0.373359 -0.356239 0.481146 0.604940 0.536211 0.339152 0.553974 0.969458 -1.237740 -1.641227 -0.129457 0.788808 -0.793711
1776410011.812497 jaka_arm_right success 0.188948 -0.372584 -0.355031 0.482682 0.605037 0.535337 0.338175 0.543138 0.970582 -1.233130 -1.655602 -0.128124 0.779169 -0.792257
1776410011.820848 jaka_arm_right success 0.189188 -0.372020 -0.353990 0.482183 0.604620 0.534819 0.340446 0.544588 0.974159 -1.232019 -1.658567 -0.128912 0.777536 -0.795616
1776410011.829157 jaka_arm_right success 0.189296 -0.371284 -0.352860 0.483204 0.604692 0.533523 0.340902 0.538717 0.978784 -1.231303 -1.673764 -0.130312 0.764309 -0.797412
1776410011.837450 jaka_arm_right success 0.189420 -0.370473 -0.351646 0.484664 0.604786 0.532166 0.340784 0.533029 0.975316 -1.226526 -1.685411 -0.127906 0.752367 -0.793399
1776410011.845832 jaka_arm_right success 0.189680 -0.369840 -0.350459 0.485706 0.605666 0.529799 0.341425 0.526221 0.981322 -1.224965 -1.699856 -0.130277 0.739355 -0.797173
1776410011.854077 jaka_arm_right success 0.190275 -0.368568 -0.349353 0.488837 0.603917 0.528976 0.341331 0.524696 0.980254 -1.224034 -1.711678 -0.127333 0.724983 -0.792304
1776410011.862486 jaka_arm_right success 0.190927 -0.367931 -0.348157 0.489710 0.604975 0.527076 0.341145 0.518294 0.981772 -1.222356 -1.723674 -0.128166 0.714396 -0.792622
1776410011.870802 jaka_arm_right success 0.191636 -0.366979 -0.346883 0.491888 0.605165 0.525762 0.339701 0.510134 0.979178 -1.219303 -1.744885 -0.126709 0.692573 -0.787955
1776410011.879161 jaka_arm_right success 0.192547 -0.366076 -0.345589 0.493618 0.605553 0.525223 0.337323 0.506872 0.972368 -1.218746 -1.751690 -0.124478 0.683521 -0.781497
1776410011.887458 jaka_arm_right success 0.193533 -0.365013 -0.344168 0.494790 0.605800 0.526303 0.333459 0.501669 0.965005 -1.218102 -1.763034 -0.121689 0.673879 -0.773835
1776410011.896004 jaka_arm_right success 0.194575 -0.363888 -0.342707 0.495908 0.606291 0.527510 0.328968 0.496772 0.956092 -1.218418 -1.772297 -0.118594 0.665895 -0.765017
1776410011.904089 jaka_arm_right success 0.195681 -0.362642 -0.341201 0.496608 0.606887 0.529590 0.323423 0.494181 0.943839 -1.220768 -1.775674 -0.115273 0.663377 -0.754598
1776410011.912463 jaka_arm_right success 0.197118 -0.361552 -0.339635 0.495927 0.608193 0.530990 0.319700 0.488255 0.932833 -1.219253 -1.787626 -0.112848 0.654221 -0.746316
1776410011.920802 jaka_arm_right success 0.198617 -0.360351 -0.338039 0.495374 0.609282 0.531853 0.317037 0.488051 0.924591 -1.219594 -1.791496 -0.111389 0.650548 -0.740930
1776410011.929171 jaka_arm_right success 0.199939 -0.358832 -0.336278 0.495961 0.610473 0.532352 0.312963 0.482310 0.914162 -1.218044 -1.805923 -0.108832 0.637314 -0.732570
1776410011.937445 jaka_arm_right success 0.201526 -0.357152 -0.334427 0.495831 0.612057 0.532417 0.309950 0.478149 0.905437 -1.217480 -1.818276 -0.107722 0.625415 -0.726553
1776410011.945915 jaka_arm_right success 0.202876 -0.354997 -0.332433 0.498262 0.612583 0.531593 0.306409 0.470436 0.896933 -1.216334 -1.838100 -0.104893 0.604161 -0.717928
1776410011.954148 jaka_arm_right success 0.204381 -0.352818 -0.330399 0.500484 0.613886 0.528951 0.304747 0.462711 0.893392 -1.213249 -1.864287 -0.103930 0.575348 -0.713659
1776410011.962488 jaka_arm_right success 0.206334 -0.350715 -0.328433 0.500222 0.616475 0.526123 0.304847 0.457824 0.890132 -1.211642 -1.885253 -0.106844 0.551560 -0.714003
1776410011.970789 jaka_arm_right success 0.207778 -0.348280 -0.326203 0.503268 0.618561 0.521458 0.303620 0.446962 0.882981 -1.206348 -1.916499 -0.105311 0.514662 -0.707867
1776410011.979131 jaka_arm_right success 0.209742 -0.345930 -0.324117 0.502667 0.621999 0.517956 0.303587 0.441788 0.881211 -1.205364 -1.935125 -0.108957 0.492771 -0.709493
1776410011.987497 jaka_arm_right success 0.211378 -0.343196 -0.321823 0.504362 0.624905 0.513994 0.301536 0.432415 0.868727 -1.201426 -1.966605 -0.107892 0.455883 -0.702147
1776410011.995806 jaka_arm_right success 0.213436 -0.340745 -0.319679 0.502168 0.628954 0.511345 0.301283 0.427981 0.862007 -1.199891 -1.988405 -0.111428 0.430890 -0.702480
1776410012.004111 jaka_arm_right success 0.215145 -0.337815 -0.317319 0.501663 0.632602 0.508954 0.298522 0.421374 0.847559 -1.197638 -2.007941 -0.110938 0.407423 -0.696506
1776410012.012540 jaka_arm_right success 0.217003 -0.335079 -0.315236 0.499739 0.636346 0.507011 0.297094 0.417056 0.837627 -1.196084 -2.028756 -0.112421 0.384168 -0.694183
1776410012.020815 jaka_arm_right success 0.218887 -0.332356 -0.313056 0.497053 0.641003 0.504501 0.295858 0.412822 0.824659 -1.194102 -2.047027 -0.114051 0.362235 -0.691599
1776410012.029176 jaka_arm_right success 0.221054 -0.329517 -0.310904 0.494395 0.645006 0.501950 0.295952 0.410084 0.818208 -1.194128 -2.068189 -0.118040 0.338063 -0.692917
1776410012.037418 jaka_arm_right success 0.223072 -0.326735 -0.308815 0.491946 0.649081 0.499815 0.294734 0.408830 0.803977 -1.193335 -2.082793 -0.118727 0.318654 -0.689736
1776410012.045881 jaka_arm_right success 0.225108 -0.323961 -0.306772 0.490052 0.652796 0.497335 0.293878 0.405568 0.792019 -1.191943 -2.104356 -0.119791 0.291194 -0.687199
1776410012.054170 jaka_arm_right success 0.227233 -0.321031 -0.304756 0.489316 0.656215 0.494213 0.292754 0.402733 0.779988 -1.191808 -2.126373 -0.120279 0.261616 -0.684097
1776410012.062444 jaka_arm_right success 0.229152 -0.317933 -0.302762 0.489591 0.659362 0.492105 0.288746 0.399629 0.762627 -1.192115 -2.147224 -0.117332 0.233055 -0.676823
1776410012.070828 jaka_arm_right success 0.231432 -0.315252 -0.300983 0.488147 0.662619 0.489911 0.287465 0.399342 0.747960 -1.192600 -2.164130 -0.116254 0.208703 -0.672706
1776410012.079110 jaka_arm_right success 0.233753 -0.312486 -0.299172 0.486989 0.666046 0.487878 0.284954 0.398804 0.731881 -1.193521 -2.180306 -0.114522 0.184307 -0.668018
1776410012.087480 jaka_arm_right success 0.236124 -0.309732 -0.297419 0.485449 0.669863 0.486613 0.280767 0.397961 0.712306 -1.194904 -2.197393 -0.111176 0.160295 -0.661575
1776410012.095810 jaka_arm_right success 0.238657 -0.306971 -0.295854 0.484397 0.672331 0.485827 0.278034 0.400902 0.695594 -1.196417 -2.207775 -0.107227 0.142778 -0.655581
1776410012.104131 jaka_arm_right success 0.241010 -0.304365 -0.294356 0.483157 0.675477 0.485066 0.273863 0.401682 0.673058 -1.197089 -2.218766 -0.101504 0.122649 -0.647407
1776410012.112439 jaka_arm_right success 0.243742 -0.301988 -0.293116 0.480370 0.678374 0.484951 0.271799 0.407054 0.656778 -1.199443 -2.226436 -0.098508 0.108859 -0.643056
1776410012.120836 jaka_arm_right success 0.246336 -0.299480 -0.291877 0.479145 0.680649 0.485096 0.267991 0.411646 0.638197 -1.202040 -2.233647 -0.092799 0.095610 -0.635932
1776410012.129176 jaka_arm_right success 0.249008 -0.297157 -0.290818 0.477464 0.683078 0.485431 0.264178 0.416927 0.618586 -1.204972 -2.239650 -0.087050 0.083131 -0.628918
1776410012.137435 jaka_arm_right success 0.251670 -0.294702 -0.289804 0.477212 0.684583 0.485639 0.260324 0.424115 0.600620 -1.210495 -2.250112 -0.080630 0.063037 -0.621420
1776410012.145825 jaka_arm_right success 0.254411 -0.292589 -0.289003 0.475562 0.687206 0.485592 0.256494 0.432041 0.581686 -1.215835 -2.255078 -0.075235 0.050558 -0.615261
1776410012.154157 jaka_arm_right success 0.257014 -0.290248 -0.288204 0.476166 0.688814 0.485037 0.252072 0.438910 0.561091 -1.219836 -2.263245 -0.066833 0.031973 -0.606121
1776410012.162478 jaka_arm_right success 0.259912 -0.288100 -0.287645 0.475740 0.690390 0.484486 0.249612 0.450702 0.544188 -1.228326 -2.268928 -0.061145 0.015233 -0.600111
1776410012.170908 jaka_arm_right success 0.262800 -0.286117 -0.287223 0.474694 0.692864 0.483481 0.246681 0.471513 0.525523 -1.245040 -2.268928 -0.056147 -0.000120 -0.594999
1776410012.179551 jaka_arm_right solver_failed 0.265628 -0.283860 -0.286835 0.474920 0.694396 0.482821 0.243205 0.471513 0.525523 -1.245040 -2.268928 -0.056147 -0.000120 -0.594999
1776410012.187695 jaka_arm_right solver_failed 0.268444 -0.281673 -0.286544 0.475189 0.696002 0.481963 0.239768 0.471513 0.525523 -1.245040 -2.268928 -0.056147 -0.000120 -0.594999
1776410012.195890 jaka_arm_right solver_failed 0.271310 -0.279711 -0.286431 0.474093 0.698311 0.481202 0.236732 0.471513 0.525523 -1.245040 -2.268928 -0.056147 -0.000120 -0.594999
1776410012.204184 jaka_arm_right solver_failed 0.274139 -0.277773 -0.286457 0.472788 0.700479 0.480725 0.233888 0.471513 0.525523 -1.245040 -2.268928 -0.056147 -0.000120 -0.594999
1776410012.212536 jaka_arm_right solver_failed 0.276827 -0.275646 -0.286519 0.473382 0.701599 0.480333 0.230105 0.471513 0.525523 -1.245040 -2.268928 -0.056147 -0.000120 -0.594999
1776410012.220893 jaka_arm_right solver_failed 0.279576 -0.273804 -0.286788 0.472785 0.703133 0.480150 0.227013 0.471513 0.525523 -1.245040 -2.268928 -0.056147 -0.000120 -0.594999
1776410012.229200 jaka_arm_right solver_failed 0.282419 -0.272068 -0.287242 0.471896 0.704392 0.480666 0.223845 0.471513 0.525523 -1.245040 -2.268928 -0.056147 -0.000120 -0.594999
1776410012.237484 jaka_arm_right solver_failed 0.285065 -0.270226 -0.287678 0.471892 0.705146 0.482015 0.218514 0.471513 0.525523 -1.245040 -2.268928 -0.056147 -0.000120 -0.594999
1776410012.245803 jaka_arm_right success 0.287752 -0.268613 -0.288293 0.471915 0.705850 0.482851 0.214305 0.654286 0.388072 -1.379925 -2.268928 0.222334 -0.094261 -0.750062
1776410012.254151 jaka_arm_right success 0.290386 -0.267180 -0.289029 0.471914 0.706821 0.483399 0.209825 0.666768 0.372197 -1.388711 -2.268928 0.231435 -0.098320 -0.741939
1776410012.262440 jaka_arm_right success 0.293088 -0.265753 -0.290035 0.471743 0.706626 0.485832 0.205197 0.703184 0.361681 -1.421741 -2.259739 0.238547 -0.096873 -0.735707
1776410012.270779 jaka_arm_right success 0.295618 -0.264282 -0.291154 0.473288 0.705686 0.487941 0.199798 0.727036 0.349627 -1.445386 -2.246478 0.248006 -0.086321 -0.727756
1776410012.279119 jaka_arm_right success 0.298087 -0.262991 -0.292196 0.474859 0.705330 0.489156 0.194281 0.756055 0.337150 -1.473095 -2.238448 0.257283 -0.084913 -0.719858
1776410012.287607 jaka_arm_right success 0.300765 -0.261689 -0.293483 0.475702 0.705650 0.489813 0.189340 0.786462 0.323467 -1.502173 -2.227545 0.266925 -0.080477 -0.712000
1776410012.295811 jaka_arm_right success 0.303325 -0.260311 -0.294683 0.477444 0.706103 0.489867 0.183020 0.828120 0.306983 -1.540523 -2.221088 0.279323 -0.084655 -0.701873
1776410012.304129 jaka_arm_right success 0.305962 -0.258999 -0.296044 0.478691 0.706874 0.489514 0.177656 0.873129 0.294348 -1.582824 -2.214872 0.289143 -0.089222 -0.694934
1776410012.312509 jaka_arm_right success 0.308409 -0.257441 -0.297419 0.480630 0.707003 0.489798 0.170996 0.910232 0.278989 -1.620797 -2.204749 0.301955 -0.083646 -0.686158
1776410012.320914 jaka_arm_right success 0.310895 -0.256141 -0.298950 0.481857 0.707505 0.489771 0.165455 0.959483 0.266565 -1.668282 -2.195775 0.313596 -0.082897 -0.679506
1776410012.329176 jaka_arm_right success 0.313258 -0.254958 -0.300454 0.482927 0.708186 0.489868 0.159005 1.012444 0.251951 -1.720980 -2.184703 0.327129 -0.078871 -0.672801
1776410012.337495 jaka_arm_right success 0.315366 -0.253576 -0.302052 0.485486 0.707771 0.490297 0.151569 1.062546 0.237931 -1.773376 -2.172957 0.342326 -0.069067 -0.665207
1776410012.345789 jaka_arm_right success 0.317667 -0.252536 -0.303764 0.485921 0.708121 0.490946 0.146347 1.122188 0.229801 -1.834288 -2.161282 0.353902 -0.063916 -0.662147
1776410012.354156 jaka_arm_right success 0.320029 -0.251535 -0.305627 0.486178 0.708299 0.491938 0.141209 1.180100 0.217541 -1.894488 -2.146373 0.366599 -0.049206 -0.658408
1776410012.362482 jaka_arm_right success 0.322057 -0.250320 -0.307380 0.487795 0.707623 0.492735 0.136155 1.240733 0.215134 -1.957293 -2.133719 0.377013 -0.042915 -0.656546
1776410012.370772 jaka_arm_right success 0.323874 -0.249001 -0.309003 0.489905 0.707160 0.492937 0.130122 1.308039 0.209644 -2.025103 -2.124426 0.391290 -0.040312 -0.652666
1776410012.379190 jaka_arm_right success 0.325784 -0.247865 -0.310771 0.490748 0.707562 0.492474 0.126459 1.362510 0.207418 -2.080844 -2.116401 0.400167 -0.038491 -0.652462
1776410012.387449 jaka_arm_right success 0.327594 -0.246517 -0.312493 0.492373 0.707649 0.491357 0.123976 1.414827 0.211459 -2.130419 -2.115730 0.408447 -0.050554 -0.652953
1776410012.395768 jaka_arm_right success 0.329372 -0.245196 -0.314156 0.492793 0.708315 0.490578 0.121564 1.469327 0.210802 -2.187369 -2.104901 0.417954 -0.046128 -0.656355
1776410012.404119 jaka_arm_right success 0.330859 -0.243664 -0.315704 0.494519 0.708523 0.489286 0.118518 1.513931 0.212726 -2.228926 -2.103747 0.428954 -0.055376 -0.656355
1776410012.412419 jaka_arm_right success 0.332397 -0.242292 -0.317334 0.494440 0.709839 0.487990 0.116289 1.572200 0.213970 -2.286341 -2.099091 0.440662 -0.060080 -0.661841
1776410012.420794 jaka_arm_right success 0.333833 -0.240836 -0.318814 0.495247 0.710737 0.486337 0.114282 1.615769 0.213941 -2.327534 -2.096931 0.452527 -0.066676 -0.665272
1776410012.429168 jaka_arm_right success 0.335354 -0.239466 -0.320401 0.494258 0.712243 0.485586 0.112362 1.676576 0.218838 -2.388524 -2.089021 0.465924 -0.068523 -0.675398
1776410012.437440 jaka_arm_right success 0.336584 -0.237887 -0.321781 0.495155 0.712634 0.484892 0.108879 1.719591 0.222311 -2.433705 -2.082048 0.478477 -0.068071 -0.681512
1776410012.445783 jaka_arm_right success 0.337826 -0.236678 -0.323168 0.494666 0.714187 0.483900 0.105273 1.784855 0.219396 -2.500536 -2.072697 0.499024 -0.062142 -0.690183
1776410012.454161 jaka_arm_right success 0.339336 -0.235504 -0.324771 0.492945 0.715625 0.484052 0.102862 1.836023 0.219496 -2.557671 -2.059439 0.512128 -0.048297 -0.699831
1776410012.462504 jaka_arm_right success 0.340559 -0.234081 -0.326137 0.494229 0.715108 0.484306 0.099022 1.877197 0.224833 -2.598074 -2.054507 0.524868 -0.050074 -0.702363
1776410012.470874 jaka_arm_right success 0.341612 -0.232962 -0.327413 0.495055 0.715598 0.483552 0.094960 1.931833 0.223076 -2.653532 -2.052525 0.542313 -0.048449 -0.705971
1776410012.479109 jaka_arm_right success 0.342931 -0.231775 -0.328885 0.494843 0.715530 0.484380 0.092320 1.949281 0.229666 -2.677674 -2.040371 0.546077 -0.037601 -0.709479
1776410012.487491 jaka_arm_right success 0.344105 -0.230681 -0.330214 0.495313 0.715522 0.484303 0.090245 1.992940 0.233828 -2.720628 -2.031877 0.557402 -0.035671 -0.711763
1776410012.495869 jaka_arm_right success 0.345090 -0.229426 -0.331329 0.497075 0.715347 0.483321 0.087154 2.018236 0.240162 -2.744936 -2.029603 0.565291 -0.042065 -0.711639
1776410012.504122 jaka_arm_right success 0.346227 -0.228180 -0.332636 0.497544 0.715041 0.483640 0.085197 2.039960 0.245722 -2.765929 -2.026358 0.571415 -0.043439 -0.712107
1776410012.512495 jaka_arm_right success 0.347264 -0.227125 -0.333729 0.497417 0.715811 0.483074 0.082645 2.081144 0.250562 -2.809822 -2.016407 0.582228 -0.037650 -0.715132
1776410012.520806 jaka_arm_right success 0.348273 -0.225809 -0.334798 0.498197 0.715887 0.482534 0.080416 2.110444 0.252375 -2.841212 -2.011927 0.590351 -0.034994 -0.716253
1776410012.529142 jaka_arm_right success 0.349181 -0.224586 -0.335785 0.498835 0.716120 0.482086 0.076999 2.142686 0.256923 -2.875567 -2.005879 0.599581 -0.032522 -0.716675
1776410012.537459 jaka_arm_right success 0.350271 -0.223376 -0.336968 0.497948 0.716588 0.482672 0.074675 2.170905 0.261646 -2.907864 -1.997155 0.605505 -0.023255 -0.718222
1776410012.545904 jaka_arm_right success 0.351403 -0.222349 -0.338224 0.496083 0.717831 0.483146 0.072037 2.223490 0.264899 -2.966455 -1.985802 0.613732 -0.009702 -0.720054
1776410012.554237 jaka_arm_right success 0.352350 -0.221216 -0.339305 0.496077 0.717900 0.483606 0.068202 2.256311 0.269633 -3.006472 -1.976700 0.618794 0.001751 -0.717908
1776410012.562497 jaka_arm_right success 0.353401 -0.220066 -0.340477 0.495800 0.717820 0.484597 0.063899 2.300531 0.274947 -3.059043 -1.962051 0.623963 0.020527 -0.712216
1776410012.570813 jaka_arm_right success 0.354551 -0.219082 -0.341720 0.495451 0.718066 0.485117 0.059769 2.340037 0.280331 -3.101871 -1.955898 0.627070 0.027603 -0.703843
1776410012.579161 jaka_arm_right success 0.355580 -0.217945 -0.342902 0.496261 0.717750 0.485355 0.054686 2.385930 0.288261 -3.156710 -1.940176 0.629073 0.045456 -0.692065
1776410012.587457 jaka_arm_right success 0.356790 -0.216927 -0.344174 0.496026 0.717876 0.485934 0.049802 2.439900 0.298031 -3.217409 -1.926032 0.627325 0.062364 -0.675853
1776410012.595771 jaka_arm_right success 0.357978 -0.215875 -0.345487 0.496029 0.717766 0.486546 0.045168 2.469329 0.303557 -3.254825 -1.914544 0.625116 0.077079 -0.662993
1776410012.604206 jaka_arm_right success 0.359071 -0.214661 -0.346701 0.497977 0.717064 0.485971 0.040877 2.507206 0.311228 -3.295361 -1.907074 0.624133 0.084336 -0.644901
1776410012.612532 jaka_arm_right success 0.360237 -0.213621 -0.348096 0.498156 0.717062 0.486121 0.036729 2.523217 0.320305 -3.317913 -1.895053 0.622400 0.094575 -0.635400
1776410012.620888 jaka_arm_right success 0.361390 -0.212590 -0.349410 0.498340 0.717314 0.485854 0.032612 2.560627 0.330624 -3.361248 -1.884383 0.616938 0.105697 -0.617064
1776410012.629143 jaka_arm_right success 0.362423 -0.211524 -0.350650 0.499755 0.716947 0.485093 0.030287 2.561738 0.335585 -3.362123 -1.881939 0.619909 0.103285 -0.613407
1776410012.637448 jaka_arm_right success 0.363440 -0.210503 -0.351969 0.500182 0.717463 0.484088 0.026905 2.603951 0.344877 -3.410371 -1.866822 0.613812 0.118196 -0.591590
1776410012.645736 jaka_arm_right success 0.364426 -0.209400 -0.353308 0.501010 0.717308 0.483574 0.024792 2.603376 0.347697 -3.411242 -1.866709 0.614945 0.117260 -0.590220
1776410012.654182 jaka_arm_right success 0.365270 -0.208236 -0.354524 0.501596 0.717364 0.483078 0.020654 2.623247 0.361242 -3.437416 -1.851578 0.612720 0.127973 -0.576321
1776410012.662473 jaka_arm_right success 0.366153 -0.207195 -0.355864 0.502485 0.717574 0.481887 0.019548 2.625135 0.366675 -3.438340 -1.850660 0.614592 0.122502 -0.573711
1776410012.670779 jaka_arm_right success 0.367100 -0.206367 -0.357265 0.502243 0.718287 0.481114 0.018567 2.626826 0.373348 -3.439927 -1.847981 0.615011 0.118632 -0.572301
1776410012.679102 jaka_arm_right success 0.368080 -0.205218 -0.358680 0.502838 0.718308 0.480506 0.017352 2.628916 0.380395 -3.442786 -1.843031 0.616243 0.117422 -0.569290
1776410012.687542 jaka_arm_right success 0.368880 -0.204204 -0.360008 0.504139 0.718319 0.479147 0.016698 2.629721 0.384567 -3.443707 -1.840721 0.617836 0.114161 -0.567203
1776410012.695836 jaka_arm_right success 0.369593 -0.203074 -0.361319 0.505026 0.718274 0.478359 0.014252 2.644756 0.393538 -3.463222 -1.829529 0.617181 0.121594 -0.556858
1776410012.704099 jaka_arm_right success 0.370505 -0.202001 -0.362781 0.505040 0.718707 0.477699 0.014082 2.645118 0.396061 -3.463399 -1.828617 0.617278 0.119729 -0.556667
1776410012.712485 jaka_arm_right success 0.371095 -0.200869 -0.363921 0.506998 0.718771 0.475571 0.012372 2.646786 0.404424 -3.464037 -1.826183 0.620790 0.111908 -0.552671
1776410012.720836 jaka_arm_right success 0.371726 -0.199747 -0.365090 0.508569 0.719244 0.473220 0.010425 2.650287 0.412929 -3.466613 -1.825121 0.623709 0.102003 -0.548471
1776410012.729123 jaka_arm_right success 0.372689 -0.198758 -0.366608 0.508002 0.720127 0.472469 0.011115 2.651165 0.415509 -3.467153 -1.823671 0.622792 0.099812 -0.549176
1776410012.737433 jaka_arm_right success 0.373294 -0.197564 -0.367772 0.509551 0.720362 0.470466 0.009899 2.652895 0.423027 -3.468036 -1.821129 0.625781 0.093002 -0.545696
1776410012.745864 jaka_arm_right success 0.373979 -0.196383 -0.369078 0.510270 0.720552 0.469425 0.008313 2.654084 0.429383 -3.469382 -1.819079 0.627634 0.088926 -0.543276
1776410012.754215 jaka_arm_right success 0.374496 -0.195342 -0.370229 0.511560 0.721288 0.466884 0.008349 2.656704 0.435452 -3.470709 -1.816972 0.629549 0.080593 -0.540857
1776410012.762496 jaka_arm_right success 0.375173 -0.194263 -0.371533 0.511940 0.721689 0.465866 0.007107 2.658208 0.441235 -3.472323 -1.815515 0.630749 0.076439 -0.539111
1776410012.770785 jaka_arm_right success 0.375620 -0.193045 -0.372627 0.514807 0.721250 0.463382 0.006995 2.660597 0.446413 -3.472434 -1.813410 0.634657 0.067207 -0.535049
1776410012.779238 jaka_arm_right success 0.376031 -0.192086 -0.373708 0.516509 0.721739 0.460710 0.007565 2.664054 0.451278 -3.471940 -1.815608 0.637034 0.054658 -0.532730
1776410012.787535 jaka_arm_right success 0.376589 -0.191178 -0.374845 0.516663 0.722309 0.459634 0.008068 2.664228 0.454346 -3.470833 -1.814897 0.637515 0.049973 -0.532505
1776410012.795794 jaka_arm_right success 0.376947 -0.190149 -0.375971 0.517502 0.722913 0.457712 0.009429 2.653521 0.455031 -3.453002 -1.823733 0.637758 0.030439 -0.535715
1776410012.804133 jaka_arm_right success 0.377591 -0.189121 -0.377272 0.517016 0.724084 0.456337 0.012391 2.626410 0.459961 -3.422435 -1.822777 0.633336 0.015016 -0.543770
1776410012.812480 jaka_arm_right success 0.377645 -0.187952 -0.378012 0.518473 0.724816 0.453529 0.011809 2.629377 0.466261 -3.422608 -1.823247 0.636031 0.003772 -0.541047
1776410012.820811 jaka_arm_right success 0.377886 -0.186696 -0.378903 0.518763 0.725735 0.451681 0.013346 2.628089 0.466579 -3.414978 -1.831392 0.635457 -0.012030 -0.541411
1776410012.829130 jaka_arm_right success 0.378133 -0.185441 -0.379890 0.519191 0.726993 0.449101 0.015159 2.613923 0.469707 -3.392784 -1.840324 0.631886 -0.035981 -0.542670
1776410012.837464 jaka_arm_right success 0.378209 -0.184191 -0.380641 0.519347 0.728628 0.446181 0.017392 2.602162 0.473225 -3.374461 -1.847252 0.627052 -0.057892 -0.543373
1776410012.845799 jaka_arm_right success 0.378302 -0.182977 -0.381491 0.519337 0.730291 0.443329 0.020579 2.583629 0.476118 -3.347246 -1.856509 0.618154 -0.084044 -0.543422
1776410012.854171 jaka_arm_right success 0.378299 -0.181908 -0.382118 0.518513 0.732765 0.440074 0.023119 2.583809 0.481574 -3.345025 -1.856253 0.615338 -0.096015 -0.544855
1776410012.862471 jaka_arm_right success 0.378293 -0.180610 -0.382849 0.518822 0.733864 0.437665 0.026767 2.551476 0.485104 -3.303157 -1.869295 0.596724 -0.129327 -0.541101
1776410012.870779 jaka_arm_right success 0.378206 -0.179329 -0.383624 0.519070 0.734849 0.435528 0.029660 2.542322 0.486488 -3.286577 -1.878419 0.589024 -0.149949 -0.538033
1776410012.879169 jaka_arm_right success 0.378075 -0.178059 -0.384315 0.519330 0.735697 0.433626 0.031853 2.522420 0.491245 -3.261416 -1.884667 0.575702 -0.170844 -0.532324
1776410012.887465 jaka_arm_right success 0.377896 -0.176824 -0.385012 0.519289 0.737064 0.431133 0.034637 2.514324 0.494217 -3.248073 -1.893439 0.566677 -0.191458 -0.529438
1776410012.895878 jaka_arm_right success 0.377634 -0.175546 -0.385579 0.519741 0.737954 0.428878 0.036826 2.498496 0.498720 -3.227187 -1.902195 0.553202 -0.214090 -0.522703
1776410012.904114 jaka_arm_right success 0.377374 -0.174386 -0.386169 0.520159 0.739011 0.426332 0.039223 2.489170 0.502712 -3.213389 -1.909907 0.543480 -0.234501 -0.517368
1776410012.912459 jaka_arm_right success 0.377273 -0.173497 -0.386964 0.517716 0.741648 0.424428 0.042300 2.485043 0.508177 -3.209179 -1.908470 0.534659 -0.242276 -0.519827
1776410012.920839 jaka_arm_right success 0.376992 -0.172117 -0.387552 0.517864 0.742519 0.422470 0.044744 2.473526 0.510792 -3.192528 -1.921428 0.521752 -0.266508 -0.512515
1776410012.929200 jaka_arm_right success 0.376381 -0.170466 -0.387912 0.520077 0.742437 0.419790 0.045638 2.465133 0.516579 -3.179755 -1.929631 0.513713 -0.288778 -0.503744
1776410012.937446 jaka_arm_right success 0.376159 -0.169378 -0.388590 0.518220 0.744544 0.418008 0.048692 2.457680 0.523518 -3.172159 -1.929610 0.502422 -0.301097 -0.502499
1776410012.945828 jaka_arm_right success 0.375798 -0.168137 -0.389121 0.517366 0.746188 0.415855 0.050998 2.452617 0.526554 -3.163845 -1.939740 0.493025 -0.320005 -0.498799
1776410012.954204 jaka_arm_right success 0.375187 -0.166836 -0.389413 0.517955 0.747316 0.413038 0.051395 2.453228 0.532794 -3.163390 -1.941587 0.491953 -0.332389 -0.497531
1776410012.962478 jaka_arm_right success 0.374686 -0.165454 -0.389889 0.517985 0.748252 0.411004 0.053728 2.442708 0.534463 -3.149624 -1.957021 0.477758 -0.356380 -0.488632
1776410012.970812 jaka_arm_right success 0.374116 -0.164393 -0.390334 0.516764 0.750310 0.408416 0.056442 2.439353 0.540814 -3.145208 -1.960017 0.469214 -0.371999 -0.487184
1776410012.979083 jaka_arm_right success 0.373590 -0.163245 -0.390763 0.516857 0.751415 0.405874 0.059159 2.432280 0.545154 -3.135065 -1.971549 0.457031 -0.394756 -0.480068
1776410012.987499 jaka_arm_right success 0.373066 -0.162166 -0.391189 0.516052 0.752938 0.403626 0.062128 2.426519 0.551418 -3.128624 -1.975709 0.446030 -0.411654 -0.476430
1776410012.995811 jaka_arm_right success 0.372340 -0.161004 -0.391523 0.516171 0.754161 0.400640 0.065547 2.417614 0.555342 -3.117700 -1.990974 0.430484 -0.438760 -0.467861
1776410013.004075 jaka_arm_right success 0.371571 -0.159644 -0.391934 0.516717 0.754452 0.398950 0.068154 2.407421 0.563879 -3.108020 -1.995451 0.415929 -0.458099 -0.459658
1776410013.012504 jaka_arm_right success 0.370611 -0.158362 -0.392144 0.517363 0.755191 0.396285 0.070578 2.402453 0.567763 -3.100917 -2.007321 0.405845 -0.480382 -0.452738
1776410013.020774 jaka_arm_right success 0.369882 -0.157332 -0.392558 0.515791 0.756690 0.394540 0.075622 2.388660 0.575448 -3.089302 -2.016230 0.382185 -0.503798 -0.444878
1776410013.029157 jaka_arm_right success 0.368828 -0.155992 -0.392770 0.516331 0.757265 0.391950 0.079551 2.379371 0.580454 -3.079864 -2.030494 0.365758 -0.530611 -0.435597
1776410013.037449 jaka_arm_right success 0.367880 -0.154797 -0.393053 0.515206 0.758520 0.390136 0.083689 2.370292 0.587663 -3.072687 -2.038200 0.348320 -0.550201 -0.430187
1776410013.045747 jaka_arm_right success 0.366827 -0.153499 -0.393343 0.514348 0.759674 0.388090 0.087912 2.360670 0.593759 -3.065120 -2.049707 0.330373 -0.574407 -0.423086
1776410013.054100 jaka_arm_right success 0.365604 -0.151984 -0.393504 0.514412 0.760348 0.385667 0.092261 2.350326 0.601730 -3.057080 -2.063231 0.311126 -0.603528 -0.414394
1776410013.062461 jaka_arm_right success 0.364663 -0.150826 -0.393888 0.512568 0.762076 0.383168 0.098471 2.340294 0.610850 -3.050757 -2.073179 0.289108 -0.629665 -0.409504
1776410013.070786 jaka_arm_right success 0.363501 -0.149713 -0.394149 0.509957 0.764733 0.380426 0.101999 2.338810 0.616646 -3.051524 -2.080226 0.279817 -0.648522 -0.411684
1776410013.079102 jaka_arm_right success 0.362394 -0.148359 -0.394463 0.508685 0.766002 0.378383 0.106330 2.329446 0.626968 -3.046943 -2.092157 0.261249 -0.675996 -0.405986
1776410013.087503 jaka_arm_right success 0.361234 -0.147075 -0.394725 0.508217 0.767004 0.375442 0.111642 2.320896 0.636261 -3.042504 -2.105017 0.242581 -0.706540 -0.400333
1776410013.095760 jaka_arm_right success 0.360083 -0.145692 -0.395069 0.507489 0.767653 0.373455 0.117026 2.309297 0.645585 -3.037097 -2.114347 0.220659 -0.732055 -0.393594
1776410013.104109 jaka_arm_right success 0.358896 -0.144624 -0.395395 0.505443 0.769645 0.370554 0.121922 2.304397 0.652457 -3.036919 -2.126330 0.206344 -0.757355 -0.393735
1776410013.112495 jaka_arm_right success 0.357684 -0.143475 -0.395728 0.504665 0.770149 0.368946 0.126738 2.293681 0.662013 -3.033353 -2.133004 0.186415 -0.779794 -0.388525
1776410013.120855 jaka_arm_right success 0.356413 -0.142210 -0.396078 0.504268 0.770347 0.367377 0.131579 2.280539 0.669622 -3.026445 -2.144980 0.167981 -0.805812 -0.386122
1776410013.129171 jaka_arm_right success 0.355348 -0.141274 -0.396450 0.501835 0.771655 0.365716 0.137706 2.269830 0.679709 -3.024994 -2.151374 0.145156 -0.827955 -0.384655
1776410013.137451 jaka_arm_right success 0.353980 -0.139906 -0.396749 0.502048 0.771185 0.364275 0.143264 2.256225 0.689943 -3.021052 -2.162927 0.121184 -0.856479 -0.377560
1776410013.145794 jaka_arm_right success 0.352643 -0.138817 -0.397077 0.501315 0.771123 0.363168 0.148869 2.243920 0.699018 -3.018553 -2.171278 0.098055 -0.879706 -0.373363
1776410013.154167 jaka_arm_right success 0.351307 -0.137766 -0.397454 0.500005 0.771096 0.363051 0.153622 2.231366 0.705219 -3.016867 -2.179024 0.075301 -0.896124 -0.370530
1776410013.162468 jaka_arm_right success 0.349955 -0.136574 -0.397919 0.499775 0.770435 0.362462 0.158986 2.218526 0.715388 -3.014467 -2.185224 0.051746 -0.917761 -0.366233
1776410013.170807 jaka_arm_right success 0.348706 -0.135429 -0.398518 0.499160 0.769666 0.362401 0.164678 2.202502 0.725938 -3.012285 -2.190123 0.024213 -0.938044 -0.361434
1776410013.179113 jaka_arm_right success 0.347152 -0.134443 -0.398859 0.498710 0.769734 0.360965 0.168827 2.192634 0.733204 -3.012192 -2.199805 0.006650 -0.959732 -0.360099
1776410013.187513 jaka_arm_right success 0.345897 -0.133463 -0.399515 0.497530 0.769587 0.360339 0.174230 2.181307 0.743125 -3.012216 -2.202814 -0.014971 -0.977486 -0.359275
1776410013.195776 jaka_arm_right success 0.344644 -0.132606 -0.400136 0.496408 0.769817 0.358985 0.179142 2.170506 0.752497 -3.013109 -2.207563 -0.035217 -0.997038 -0.359489
1776410013.204121 jaka_arm_right success 0.343356 -0.131353 -0.400767 0.497495 0.768398 0.357958 0.184200 2.157531 0.764504 -3.011837 -2.212155 -0.056990 -1.020854 -0.355656
1776410013.212497 jaka_arm_right success 0.341992 -0.130342 -0.401529 0.496840 0.768294 0.357103 0.188020 2.149417 0.771759 -3.012601 -2.215683 -0.072272 -1.034740 -0.355874
1776410013.220816 jaka_arm_right success 0.340674 -0.129740 -0.402353 0.495113 0.768480 0.355608 0.194534 2.135123 0.782888 -3.014521 -2.220077 -0.099148 -1.057731 -0.357059
1776410013.229151 jaka_arm_right success 0.339255 -0.128787 -0.403246 0.494781 0.767541 0.356257 0.197871 2.123951 0.789621 -3.014881 -2.221908 -0.117679 -1.067374 -0.355098
1776410013.237467 jaka_arm_right success 0.337843 -0.128019 -0.404214 0.494605 0.766553 0.355646 0.203169 2.108665 0.800788 -3.015834 -2.222288 -0.144037 -1.084489 -0.353578
1776410013.245833 jaka_arm_right success 0.336543 -0.127222 -0.405137 0.494682 0.765264 0.355782 0.207556 2.094402 0.808501 -3.016410 -2.224692 -0.167706 -1.098308 -0.351382
1776410013.254119 jaka_arm_right success 0.335152 -0.126601 -0.406119 0.494339 0.764443 0.354897 0.212848 2.081878 0.818390 -3.017613 -2.223980 -0.189743 -1.113671 -0.350876
1776410013.262464 jaka_arm_right success 0.333813 -0.125996 -0.407272 0.493655 0.763683 0.354392 0.217942 2.068058 0.827321 -3.019582 -2.224691 -0.214700 -1.127900 -0.351095
1776410013.270776 jaka_arm_right success 0.332514 -0.125389 -0.408511 0.493055 0.762547 0.354128 0.223634 2.053716 0.837344 -3.021244 -2.222916 -0.240837 -1.141309 -0.350545
1776410013.279473 jaka_arm_right success 0.331333 -0.124960 -0.409796 0.491439 0.762158 0.354132 0.228460 2.040915 0.843450 -3.023905 -2.221679 -0.264755 -1.149801 -0.351134
1776410013.287434 jaka_arm_right success 0.330139 -0.124502 -0.411043 0.490911 0.761664 0.353007 0.232936 2.032810 0.850268 -3.025188 -2.218794 -0.280786 -1.158579 -0.351761
1776410013.295780 jaka_arm_right success 0.328861 -0.123863 -0.412418 0.491555 0.760446 0.351852 0.237266 2.019406 0.861723 -3.027113 -2.215077 -0.302854 -1.172825 -0.351148
1776410013.304165 jaka_arm_right success 0.327685 -0.123418 -0.413798 0.491275 0.759819 0.350631 0.241623 2.009059 0.869261 -3.029114 -2.213208 -0.321121 -1.184056 -0.351760
1776410013.312428 jaka_arm_right success 0.326435 -0.122864 -0.415197 0.492002 0.758945 0.348976 0.245258 1.998137 0.879546 -3.031313 -2.209274 -0.338306 -1.197700 -0.352273
1776410013.320827 jaka_arm_right success 0.325442 -0.122570 -0.416633 0.490608 0.759532 0.346717 0.249404 1.991163 0.886008 -3.034938 -2.206779 -0.351290 -1.207832 -0.356378
1776410013.329092 jaka_arm_right success 0.324591 -0.122013 -0.417987 0.491077 0.759252 0.344150 0.252864 1.983674 0.897318 -3.036916 -2.202601 -0.363648 -1.222392 -0.358843
1776410013.337470 jaka_arm_right success 0.323911 -0.121416 -0.419333 0.492347 0.758964 0.340936 0.255599 1.978401 0.908545 -3.038372 -2.199720 -0.370793 -1.238536 -0.362185
1776410013.345802 jaka_arm_right success 0.323422 -0.120807 -0.420752 0.493017 0.758927 0.337570 0.258863 1.974166 0.919519 -3.040026 -2.196624 -0.377189 -1.254753 -0.366669
1776410013.354235 jaka_arm_right success 0.322913 -0.120484 -0.422022 0.492816 0.760054 0.335053 0.259212 1.974009 0.922201 -3.041929 -2.195687 -0.375506 -1.260278 -0.370567
1776410013.362518 jaka_arm_right success 0.322420 -0.120117 -0.423250 0.493261 0.760936 0.331444 0.260413 1.974103 0.932384 -3.043131 -2.193592 -0.373329 -1.275296 -0.376699
1776410013.370810 jaka_arm_right success 0.321954 -0.119595 -0.424500 0.494248 0.760673 0.329110 0.262262 1.971196 0.940186 -3.043957 -2.189953 -0.376934 -1.284994 -0.378637
1776410013.379102 jaka_arm_right success 0.321650 -0.119120 -0.425706 0.494411 0.760842 0.328053 0.262791 1.970410 0.941597 -3.044529 -2.188730 -0.377885 -1.287238 -0.379515
1776410013.387440 jaka_arm_right success 0.321322 -0.118823 -0.426778 0.494149 0.761547 0.326241 0.263494 1.969176 0.945514 -3.045950 -2.185607 -0.378915 -1.291246 -0.381568
1776410013.395875 jaka_arm_right success 0.320977 -0.118583 -0.427788 0.493671 0.762744 0.324322 0.263296 1.968593 0.946851 -3.047635 -2.183966 -0.377739 -1.293165 -0.383696
1776410013.404120 jaka_arm_right success 0.320743 -0.118230 -0.428733 0.493675 0.763180 0.322940 0.263726 1.968462 0.950937 -3.048332 -2.181165 -0.377312 -1.296677 -0.385457
1776410013.412561 jaka_arm_right success 0.320414 -0.117815 -0.429555 0.493298 0.763942 0.322109 0.263242 1.967864 0.950930 -3.049568 -2.180695 -0.376712 -1.296778 -0.386472
1776410013.420842 jaka_arm_right success 0.320193 -0.117500 -0.430312 0.492648 0.764715 0.320702 0.263929 1.968590 0.958067 -3.050631 -2.175960 -0.376106 -1.302051 -0.389903
1776410013.429182 jaka_arm_right success 0.319901 -0.117143 -0.431036 0.491777 0.765807 0.318989 0.264463 1.969011 0.960020 -3.052285 -2.174717 -0.375667 -1.305127 -0.393356
1776410013.437417 jaka_arm_right success 0.319500 -0.116579 -0.431584 0.492473 0.766003 0.317156 0.264803 1.968389 0.965272 -3.052733 -2.172887 -0.374289 -1.311322 -0.395223
1776410013.445836 jaka_arm_right success 0.319255 -0.115953 -0.432175 0.492637 0.766208 0.315124 0.266330 1.967650 0.976298 -3.053463 -2.170208 -0.376345 -1.324268 -0.399761
1776410013.454171 jaka_arm_right success 0.318966 -0.115580 -0.432754 0.491546 0.767045 0.313385 0.267981 1.967477 0.977501 -3.055239 -2.169670 -0.377899 -1.328622 -0.403506
1776410013.462455 jaka_arm_right success 0.318887 -0.115320 -0.433412 0.488189 0.768541 0.313221 0.270017 1.968786 0.977197 -3.058399 -2.168946 -0.380362 -1.327843 -0.408495
1776410013.470767 jaka_arm_right success 0.318452 -0.114700 -0.433710 0.488569 0.768887 0.310728 0.271223 1.965420 0.987914 -3.060089 -2.164460 -0.384667 -1.339400 -0.411625
1776410013.479196 jaka_arm_right success 0.318200 -0.114093 -0.434165 0.488315 0.769296 0.309473 0.271953 1.965122 0.988385 -3.060608 -2.163999 -0.384916 -1.341668 -0.412876
1776410013.487514 jaka_arm_right success 0.317921 -0.113453 -0.434588 0.488024 0.769619 0.308450 0.272724 1.964118 0.994884 -3.061644 -2.162196 -0.386837 -1.348741 -0.415718
1776410013.495836 jaka_arm_right success 0.317812 -0.113381 -0.434843 0.485156 0.771927 0.305875 0.274214 1.966007 0.997142 -3.064905 -2.162126 -0.386139 -1.353681 -0.423256
1776410013.504174 jaka_arm_right success 0.317543 -0.112833 -0.435223 0.484041 0.772669 0.304797 0.275291 1.966315 0.999992 -3.066492 -2.161174 -0.387171 -1.357768 -0.426976
1776410013.512472 jaka_arm_right success 0.317144 -0.112039 -0.435405 0.485340 0.772592 0.302540 0.275709 1.965697 1.011030 -3.066369 -2.159982 -0.385575 -1.371615 -0.431041
1776410013.520800 jaka_arm_right success 0.316983 -0.111487 -0.435825 0.484505 0.772900 0.301452 0.277502 1.964908 1.013406 -3.067800 -2.159346 -0.388378 -1.376230 -0.433816
1776410013.529139 jaka_arm_right success 0.316985 -0.111274 -0.436043 0.481646 0.774637 0.299205 0.280056 1.965323 1.019476 -3.071480 -2.156896 -0.392334 -1.384047 -0.441521
1776410013.537472 jaka_arm_right success 0.316688 -0.110780 -0.436360 0.480418 0.775405 0.297430 0.281924 1.964326 1.023783 -3.073332 -2.155852 -0.394801 -1.390944 -0.445451
1776410013.545903 jaka_arm_right success 0.316470 -0.110282 -0.436550 0.479605 0.776130 0.294832 0.284033 1.963829 1.030359 -3.074936 -2.153353 -0.396595 -1.400324 -0.450420
1776410013.554158 jaka_arm_right success 0.316418 -0.109963 -0.436855 0.477502 0.777042 0.293163 0.286798 1.962982 1.036550 -3.078212 -2.151811 -0.402593 -1.409063 -0.456797
1776410013.562460 jaka_arm_right success 0.316108 -0.109373 -0.437030 0.477458 0.777200 0.290791 0.288850 1.961793 1.041653 -3.078894 -2.149354 -0.404428 -1.417606 -0.459809
1776410013.570822 jaka_arm_right success 0.315966 -0.109014 -0.437302 0.476054 0.777665 0.289746 0.290959 1.961344 1.045914 -3.081121 -2.148280 -0.409338 -1.422958 -0.463935
1776410013.579204 jaka_arm_right success 0.315808 -0.108692 -0.437378 0.474936 0.778488 0.287495 0.292812 1.960668 1.051876 -3.083041 -2.146411 -0.411563 -1.431409 -0.468875
1776410013.587498 jaka_arm_right success 0.315816 -0.108558 -0.437581 0.473388 0.779233 0.285908 0.294884 1.960352 1.056320 -3.085168 -2.145566 -0.414888 -1.438463 -0.473790
1776410013.595767 jaka_arm_right success 0.315813 -0.108459 -0.437758 0.472289 0.779641 0.285124 0.296323 1.961166 1.055547 -3.086239 -2.144719 -0.415867 -1.438834 -0.475933
1776410013.604099 jaka_arm_right success 0.315671 -0.108300 -0.437826 0.472463 0.779573 0.284416 0.296904 1.959296 1.060906 -3.087348 -2.143744 -0.418773 -1.444937 -0.477823
1776410013.612477 jaka_arm_right success 0.315744 -0.108279 -0.437934 0.471992 0.779878 0.284236 0.297023 1.959296 1.060906 -3.087348 -2.143744 -0.418773 -1.444937 -0.477823
1776410013.620787 jaka_arm_right success 0.315886 -0.108389 -0.437975 0.471708 0.780193 0.283719 0.297142 1.959284 1.060473 -3.087685 -2.143351 -0.418740 -1.445161 -0.478346
1776410013.629159 jaka_arm_right success 0.316004 -0.108611 -0.437956 0.471392 0.780706 0.283015 0.296969 1.959543 1.060115 -3.088371 -2.143330 -0.418006 -1.445372 -0.479584
1776410013.637412 jaka_arm_right success 0.316021 -0.108613 -0.437942 0.472315 0.780290 0.282863 0.296739 1.959816 1.060303 -3.087195 -2.143731 -0.416390 -1.446709 -0.479100
1776410013.645750 jaka_arm_right success 0.316037 -0.108787 -0.437877 0.472681 0.780200 0.282327 0.296905 1.960704 1.060745 -3.086732 -2.144155 -0.414877 -1.448428 -0.480171
1776410013.654133 jaka_arm_right success 0.316093 -0.109145 -0.437842 0.472992 0.780136 0.280964 0.297870 1.961109 1.060604 -3.086414 -2.143443 -0.414769 -1.450307 -0.480963
1776410013.662594 jaka_arm_right success 0.316153 -0.109169 -0.437860 0.474034 0.779274 0.279966 0.299406 1.959986 1.066638 -3.085291 -2.141852 -0.416080 -1.458353 -0.481686
1776410013.670773 jaka_arm_right success 0.316281 -0.109385 -0.437832 0.473582 0.779294 0.278950 0.301011 1.960581 1.067064 -3.085870 -2.141229 -0.417841 -1.460761 -0.483756
1776410013.679227 jaka_arm_right success 0.316350 -0.109586 -0.437783 0.473181 0.779506 0.277752 0.302198 1.960139 1.068959 -3.086257 -2.140503 -0.419169 -1.465028 -0.485479
1776410013.687538 jaka_arm_right success 0.316435 -0.109757 -0.437678 0.472831 0.779875 0.277473 0.302051 1.960445 1.069048 -3.087030 -2.140621 -0.419350 -1.464885 -0.486602
1776410013.695807 jaka_arm_right success 0.316635 -0.110090 -0.437520 0.471460 0.780819 0.277388 0.301833 1.961448 1.068506 -3.088293 -2.142676 -0.417709 -1.465425 -0.489459
1776410013.704120 jaka_arm_right success 0.316877 -0.110289 -0.437456 0.470856 0.780992 0.277211 0.302489 1.961834 1.068136 -3.088206 -2.142374 -0.418045 -1.465681 -0.489781
1776410013.712532 jaka_arm_right success 0.316940 -0.110460 -0.437219 0.470473 0.781576 0.276519 0.302210 1.963377 1.067605 -3.088384 -2.143942 -0.415796 -1.467074 -0.492222
1776410013.720826 jaka_arm_right success 0.316894 -0.110598 -0.436997 0.470321 0.781738 0.276608 0.301948 1.963377 1.067605 -3.088384 -2.143942 -0.415796 -1.467074 -0.492222
1776410013.729147 jaka_arm_right success 0.316836 -0.110650 -0.436823 0.470049 0.781733 0.276922 0.302096 1.963377 1.067605 -3.088384 -2.143942 -0.415796 -1.467074 -0.492222
1776410013.737442 jaka_arm_right success 0.316702 -0.110575 -0.436675 0.470106 0.781381 0.277019 0.302826 1.964021 1.067741 -3.088280 -2.144752 -0.416388 -1.467059 -0.492581
1776410013.745782 jaka_arm_right success 0.316738 -0.110659 -0.436539 0.468373 0.781986 0.276601 0.304329 1.964853 1.066965 -3.089936 -2.145359 -0.418400 -1.468194 -0.495635
1776410013.754153 jaka_arm_right success 0.316403 -0.110226 -0.436290 0.469136 0.781571 0.275073 0.305604 1.962154 1.074522 -3.090793 -2.145002 -0.422526 -1.479397 -0.498444
1776410013.762493 jaka_arm_right success 0.316219 -0.110039 -0.436255 0.467540 0.782032 0.274138 0.307702 1.962657 1.074615 -3.092244 -2.144637 -0.425134 -1.481573 -0.501294
1776410013.770739 jaka_arm_right success 0.316117 -0.109996 -0.436087 0.464914 0.783360 0.272237 0.309983 1.961991 1.078553 -3.096005 -2.143499 -0.429608 -1.488692 -0.507771
1776410013.779183 jaka_arm_right success 0.315764 -0.109502 -0.435953 0.464710 0.783100 0.271211 0.311839 1.960448 1.083396 -3.096869 -2.142975 -0.434061 -1.495178 -0.509626
1776410013.787457 jaka_arm_right success 0.315486 -0.109206 -0.435889 0.463114 0.783455 0.269160 0.315083 1.958629 1.089290 -3.100440 -2.140104 -0.440958 -1.503753 -0.515121
1776410013.795794 jaka_arm_right success 0.315269 -0.108907 -0.435838 0.461245 0.783549 0.268717 0.317953 1.956037 1.093855 -3.104053 -2.139238 -0.450917 -1.509972 -0.518473
1776410013.804188 jaka_arm_right success 0.314684 -0.108505 -0.435590 0.460878 0.784097 0.266079 0.319353 1.954768 1.099854 -3.105232 -2.137932 -0.451884 -1.519634 -0.523069
1776410013.812461 jaka_arm_right success 0.314415 -0.108164 -0.435660 0.459778 0.783711 0.264367 0.323281 1.951855 1.107658 -3.108694 -2.134511 -0.462737 -1.530015 -0.527598
1776410013.820808 jaka_arm_right success 0.314282 -0.108029 -0.435637 0.457314 0.784244 0.263767 0.325964 1.952709 1.107466 -3.110980 -2.133794 -0.466686 -1.531245 -0.530998
1776410013.829083 jaka_arm_right success 0.313911 -0.107735 -0.435611 0.456268 0.784287 0.261864 0.328847 1.948113 1.115673 -3.115024 -2.129885 -0.477252 -1.541402 -0.534701
1776410013.837525 jaka_arm_right success 0.313516 -0.107414 -0.435569 0.455802 0.784369 0.260752 0.330178 1.946750 1.118562 -3.116371 -2.130078 -0.480499 -1.547093 -0.537317
1776410013.845775 jaka_arm_right success 0.313319 -0.107286 -0.435436 0.454207 0.784412 0.259518 0.333233 1.947028 1.119991 -3.118390 -2.128140 -0.485405 -1.550277 -0.540593
1776410013.854211 jaka_arm_right success 0.312966 -0.107143 -0.435331 0.453404 0.784404 0.258124 0.335421 1.943238 1.126910 -3.121517 -2.125289 -0.493619 -1.558859 -0.543598
1776410013.862602 jaka_arm_right success 0.312660 -0.107065 -0.435203 0.452316 0.784408 0.257117 0.337645 1.942443 1.128406 -3.123732 -2.124524 -0.498189 -1.562647 -0.546537
1776410013.870805 jaka_arm_right success 0.312200 -0.106804 -0.435038 0.452182 0.783895 0.255283 0.340398 1.938374 1.134830 -3.125318 -2.120880 -0.506672 -1.570796 -0.549385
1776410013.879122 jaka_arm_right success 0.311891 -0.106916 -0.434771 0.449489 0.784505 0.253547 0.343840 1.927599 1.136205 -3.117714 -2.119544 -0.518335 -1.570796 -0.562861
1776410013.887442 jaka_arm_right success 0.311441 -0.106610 -0.434502 0.449261 0.783618 0.252385 0.347000 1.906057 1.144940 -3.096194 -2.118210 -0.533635 -1.570796 -0.587285
1776410013.895843 jaka_arm_right success 0.310976 -0.106563 -0.434180 0.447949 0.783095 0.250245 0.351400 1.885759 1.152667 -3.079576 -2.115552 -0.551309 -1.570796 -0.608480
1776410013.904121 jaka_arm_right success 0.310464 -0.106541 -0.433760 0.446372 0.782749 0.249423 0.354745 1.881437 1.155078 -3.079183 -2.110483 -0.561386 -1.570796 -0.612411
1776410013.912513 jaka_arm_right success 0.310068 -0.106641 -0.433235 0.444668 0.782217 0.248873 0.358426 1.872194 1.157499 -3.074698 -2.108502 -0.575132 -1.570796 -0.620624
1776410013.920819 jaka_arm_right success 0.309357 -0.106566 -0.432655 0.444578 0.780570 0.248188 0.362580 1.850182 1.164013 -3.058704 -2.109770 -0.597027 -1.570796 -0.639458
1776410013.929149 jaka_arm_right success 0.308855 -0.106574 -0.432092 0.442903 0.779369 0.249068 0.366587 1.849450 1.165554 -3.061224 -2.106357 -0.606674 -1.570796 -0.640824
1776410013.937495 jaka_arm_right success 0.308271 -0.106780 -0.431321 0.440711 0.778445 0.248184 0.371754 1.838650 1.169129 -3.064092 -2.098533 -0.629037 -1.570796 -0.642269
1776410013.945888 jaka_arm_right success 0.307535 -0.106624 -0.430428 0.439813 0.777204 0.248258 0.375347 1.825866 1.173731 -3.056354 -2.097619 -0.645965 -1.570796 -0.652466
1776410013.954183 jaka_arm_right success 0.306786 -0.106637 -0.429513 0.438064 0.775435 0.246728 0.382002 1.805657 1.181781 -3.047703 -2.093387 -0.673439 -1.570796 -0.668000
1776410013.962415 jaka_arm_right success 0.306056 -0.106419 -0.428654 0.436166 0.774058 0.247212 0.386626 1.801086 1.184136 -3.050042 -2.088399 -0.688892 -1.570796 -0.668838
1776410013.970805 jaka_arm_right success 0.305478 -0.106624 -0.427606 0.433097 0.773244 0.244876 0.393137 1.781842 1.191107 -3.038148 -2.086018 -0.713647 -1.570796 -0.689577
1776410013.979235 jaka_arm_right success 0.304679 -0.106358 -0.426598 0.433422 0.770902 0.243493 0.398205 1.765499 1.200266 -3.029701 -2.079550 -0.735971 -1.570796 -0.698147
1776410013.987473 jaka_arm_right success 0.304117 -0.106447 -0.425538 0.431747 0.769592 0.242422 0.403180 1.758553 1.204660 -3.027746 -2.072977 -0.751997 -1.570796 -0.704295
1776410013.995753 jaka_arm_right success 0.303657 -0.106881 -0.424415 0.429219 0.769314 0.241404 0.407003 1.750565 1.206660 -3.024635 -2.072597 -0.765187 -1.570796 -0.712854
1776410014.004093 jaka_arm_right success 0.303354 -0.107228 -0.423469 0.427012 0.767950 0.240890 0.412171 1.745412 1.208375 -3.026948 -2.068500 -0.781372 -1.570796 -0.715896
1776410014.020835 jaka_arm_right success 0.302926 -0.107455 -0.422484 0.427178 0.766474 0.241236 0.414538 1.737609 1.210770 -3.023664 -2.068051 -0.793522 -1.570796 -0.718021
1776410014.029124 jaka_arm_right success 0.302125 -0.108621 -0.420346 0.426922 0.764265 0.240756 0.419134 1.721902 1.216076 -3.013894 -2.070479 -0.814128 -1.570796 -0.730821
1776410014.037410 jaka_arm_right success 0.301898 -0.109355 -0.419351 0.427064 0.763046 0.241477 0.420793 1.721168 1.213302 -3.013320 -2.072844 -0.818167 -1.570708 -0.730837
1776410014.045823 jaka_arm_right success 0.301716 -0.110172 -0.418343 0.427189 0.762377 0.242318 0.421394 1.718960 1.209801 -3.013634 -2.077948 -0.822331 -1.570796 -0.730095
1776410014.054198 jaka_arm_right success 0.301601 -0.111259 -0.417244 0.426929 0.762113 0.242948 0.421773 1.719462 1.208712 -3.013633 -2.080224 -0.823631 -1.570760 -0.730267
1776410014.062423 jaka_arm_right success 0.301461 -0.112236 -0.416266 0.428799 0.761193 0.244646 0.420553 1.717239 1.201820 -3.011858 -2.089686 -0.822922 -1.569826 -0.727884
1776410014.070808 jaka_arm_right success 0.301390 -0.113344 -0.415216 0.430214 0.760450 0.246138 0.419580 1.716806 1.199643 -3.010504 -2.094974 -0.822078 -1.570076 -0.726257
1776410014.079142 jaka_arm_right success 0.301405 -0.114436 -0.414368 0.432529 0.759188 0.248662 0.417993 1.719631 1.195183 -3.011417 -2.102298 -0.818805 -1.570796 -0.720173
1776410014.087530 jaka_arm_right success 0.301481 -0.115804 -0.413389 0.432890 0.759052 0.249582 0.417319 1.719177 1.186353 -3.010414 -2.111665 -0.816909 -1.569101 -0.718244
1776410014.095762 jaka_arm_right success 0.301418 -0.116816 -0.412541 0.435678 0.757691 0.252181 0.415323 1.718917 1.180876 -3.007665 -2.119344 -0.813420 -1.566921 -0.713445
1776410014.104123 jaka_arm_right success 0.301351 -0.117885 -0.411790 0.437576 0.756596 0.254824 0.413708 1.718270 1.177819 -3.006555 -2.124554 -0.812432 -1.564806 -0.709607
1776410014.112634 jaka_arm_right success 0.301293 -0.119094 -0.410822 0.438447 0.756501 0.254747 0.413007 1.718691 1.171230 -3.004277 -2.132353 -0.808676 -1.565014 -0.708961
1776410014.120797 jaka_arm_right success 0.301247 -0.120165 -0.410058 0.439563 0.755678 0.256923 0.411979 1.718483 1.168666 -3.003643 -2.136658 -0.808453 -1.563108 -0.706243
1776410014.129134 jaka_arm_right success 0.301159 -0.121178 -0.409318 0.440294 0.754725 0.258925 0.411691 1.717365 1.160894 -3.003025 -2.143241 -0.809518 -1.559865 -0.701541
1776410014.137428 jaka_arm_right success 0.301091 -0.122245 -0.408567 0.440908 0.753811 0.260076 0.411983 1.717429 1.159467 -3.002344 -2.144743 -0.810636 -1.559246 -0.699845
1776410014.145975 jaka_arm_right success 0.300916 -0.123043 -0.407800 0.442450 0.752730 0.261406 0.411464 1.715189 1.153744 -3.001613 -2.150563 -0.812035 -1.557313 -0.694724
1776410014.154240 jaka_arm_right success 0.300696 -0.123879 -0.406987 0.443424 0.751816 0.262403 0.411451 1.715276 1.154104 -3.000203 -2.151437 -0.812473 -1.557865 -0.693102
1776410014.162453 jaka_arm_right success 0.300435 -0.124795 -0.406236 0.444656 0.750794 0.263482 0.411298 1.712212 1.146426 -3.000670 -2.158616 -0.815666 -1.555922 -0.688682
1776410014.170821 jaka_arm_right success 0.300274 -0.125545 -0.405486 0.446142 0.749151 0.265508 0.411382 1.710881 1.144829 -2.999610 -2.161048 -0.818326 -1.554962 -0.684145
1776410014.179118 jaka_arm_right success 0.300064 -0.126496 -0.404611 0.446542 0.748448 0.267925 0.410661 1.709411 1.137790 -3.000239 -2.167276 -0.820495 -1.550451 -0.679197
1776410014.187443 jaka_arm_right success 0.299831 -0.127377 -0.403842 0.447564 0.747425 0.270815 0.409514 1.707564 1.129155 -3.000130 -2.173340 -0.821458 -1.544862 -0.672068
1776410014.195741 jaka_arm_right success 0.299514 -0.128244 -0.402933 0.448313 0.746864 0.272925 0.408316 1.707213 1.126387 -2.999702 -2.176616 -0.821274 -1.542331 -0.668766
1776410014.204138 jaka_arm_right success 0.299408 -0.129220 -0.402153 0.448507 0.745256 0.275760 0.409134 1.705118 1.118008 -3.000300 -2.180948 -0.827176 -1.536816 -0.661423
1776410014.212495 jaka_arm_right success 0.299062 -0.130041 -0.401227 0.450264 0.743859 0.278143 0.408134 1.703324 1.114616 -2.999508 -2.184518 -0.828489 -1.533831 -0.655165
1776410014.220819 jaka_arm_right success 0.298739 -0.131002 -0.400372 0.450633 0.743232 0.281480 0.406577 1.701281 1.102221 -3.000042 -2.193128 -0.829188 -1.525465 -0.646360
1776410014.229145 jaka_arm_right success 0.298374 -0.131858 -0.399439 0.451828 0.741658 0.283862 0.406470 1.699534 1.098894 -2.999645 -2.193947 -0.833564 -1.521902 -0.639579
1776410014.237457 jaka_arm_right success 0.298046 -0.132690 -0.398556 0.453586 0.739511 0.287146 0.406116 1.696739 1.093617 -2.999305 -2.197659 -0.838595 -1.517394 -0.630805
1776410014.246096 jaka_arm_right success 0.297800 -0.133908 -0.397582 0.453243 0.738660 0.291011 0.405297 1.694883 1.081752 -3.000649 -2.204243 -0.842186 -1.507817 -0.621469
1776410014.254177 jaka_arm_right success 0.297401 -0.134952 -0.396639 0.454727 0.736852 0.294057 0.404726 1.692334 1.075596 -3.000255 -2.206373 -0.846617 -1.502115 -0.611775
1776410014.262500 jaka_arm_right success 0.297162 -0.136048 -0.395688 0.456171 0.734808 0.298919 0.403253 1.689514 1.064020 -3.000368 -2.211888 -0.850570 -1.491054 -0.597450
1776410014.270810 jaka_arm_right success 0.296818 -0.137381 -0.394580 0.457761 0.733163 0.303324 0.401150 1.687582 1.052524 -2.999606 -2.217779 -0.851633 -1.481250 -0.584444
1776410014.279221 jaka_arm_right success 0.296564 -0.138774 -0.393487 0.459430 0.731512 0.307869 0.398786 1.686253 1.040939 -2.998557 -2.224148 -0.852063 -1.471141 -0.571408
1776410014.287468 jaka_arm_right success 0.296229 -0.139998 -0.392390 0.461861 0.729383 0.312975 0.395893 1.684151 1.028678 -2.997330 -2.230195 -0.852486 -1.459035 -0.555020
1776410014.295864 jaka_arm_right success 0.295965 -0.141454 -0.391229 0.464075 0.727359 0.317578 0.393354 1.682803 1.017952 -2.995571 -2.236208 -0.853531 -1.449661 -0.541450
1776410014.304071 jaka_arm_right success 0.295649 -0.143036 -0.390059 0.466293 0.725185 0.322417 0.390801 1.680589 1.005240 -2.994209 -2.241248 -0.855091 -1.437457 -0.524582
1776410014.312485 jaka_arm_right success 0.295496 -0.144489 -0.389009 0.468995 0.721693 0.329247 0.388328 1.676827 0.991473 -2.992965 -2.241370 -0.862160 -1.419367 -0.499391
1776410014.320843 jaka_arm_right success 0.295292 -0.146281 -0.387800 0.470915 0.719526 0.334622 0.385421 1.675184 0.977107 -2.991258 -2.247282 -0.863149 -1.406283 -0.481677
1776410014.329103 jaka_arm_right success 0.295128 -0.148018 -0.386646 0.472974 0.717085 0.340209 0.382548 1.673228 0.962536 -2.989640 -2.253228 -0.865447 -1.392711 -0.463217
1776410014.337447 jaka_arm_right success 0.294888 -0.149978 -0.385395 0.475416 0.714525 0.346547 0.378601 1.671511 0.944863 -2.987496 -2.258511 -0.866439 -1.375092 -0.439949
1776410014.345809 jaka_arm_right success 0.294519 -0.151909 -0.384148 0.479205 0.711147 0.352205 0.374946 1.668380 0.930491 -2.984281 -2.261256 -0.870004 -1.360259 -0.415802
1776410014.354140 jaka_arm_right success 0.294413 -0.154232 -0.382808 0.481027 0.708683 0.358841 0.370964 1.667245 0.908856 -2.981702 -2.265301 -0.871985 -1.338740 -0.388729
1776410014.362472 jaka_arm_right success 0.294116 -0.156415 -0.381551 0.485022 0.704887 0.366386 0.365581 1.664821 0.889776 -2.978058 -2.268928 -0.874008 -1.317671 -0.358167
1776410014.370805 jaka_arm_right success 0.293838 -0.158761 -0.380191 0.489127 0.700831 0.373552 0.360625 1.659314 0.871208 -2.975038 -2.268928 -0.881356 -1.296562 -0.324975
1776410014.379163 jaka_arm_right success 0.293653 -0.161400 -0.378910 0.491804 0.697686 0.381920 0.354259 1.657774 0.846324 -2.971665 -2.268928 -0.885048 -1.266136 -0.286438
1776410014.387454 jaka_arm_right success 0.293576 -0.164184 -0.377670 0.494840 0.693598 0.389410 0.349878 1.654821 0.824467 -2.967015 -2.268928 -0.892745 -1.241383 -0.250298
1776410014.395822 jaka_arm_right success 0.293320 -0.166731 -0.376388 0.499769 0.688686 0.397442 0.343485 1.649832 0.803265 -2.962019 -2.268928 -0.900391 -1.216409 -0.210066
1776410014.404153 jaka_arm_right success 0.293198 -0.169587 -0.375184 0.503131 0.684327 0.405538 0.337779 1.645932 0.781386 -2.957032 -2.268928 -0.909232 -1.191532 -0.171704
1776410014.412431 jaka_arm_right success 0.293099 -0.172553 -0.373956 0.506360 0.680100 0.413536 0.331741 1.642403 0.756024 -2.951386 -2.268928 -0.918562 -1.163179 -0.128888
1776410014.420841 jaka_arm_right success 0.292937 -0.175533 -0.372693 0.510397 0.675516 0.421127 0.325307 1.638446 0.734530 -2.945848 -2.268928 -0.926863 -1.138933 -0.089180
1776410014.429104 jaka_arm_right success 0.292774 -0.178567 -0.371481 0.515097 0.670226 0.428424 0.319256 1.634969 0.713435 -2.938927 -2.268928 -0.934705 -1.115911 -0.048214
1776410014.437416 jaka_arm_right success 0.292706 -0.181606 -0.370383 0.518953 0.665040 0.436681 0.312601 1.628303 0.690941 -2.932349 -2.265675 -0.950339 -1.088969 -0.000877
1776410014.445753 jaka_arm_right success 0.292468 -0.184574 -0.369162 0.523719 0.659621 0.444586 0.304897 1.622147 0.667588 -2.924558 -2.258754 -0.966238 -1.058765 0.053276
1776410014.454139 jaka_arm_right success 0.292419 -0.187827 -0.368060 0.526272 0.655355 0.452394 0.298139 1.615979 0.644836 -2.917808 -2.253921 -0.984724 -1.031372 0.101921
1776410014.462456 jaka_arm_right success 0.292359 -0.191062 -0.366988 0.529787 0.649703 0.460476 0.291846 1.610698 0.621020 -2.908489 -2.244788 -1.005635 -1.001538 0.159040
1776410014.470761 jaka_arm_right success 0.292138 -0.194113 -0.365866 0.534266 0.643881 0.468339 0.283965 1.604045 0.601215 -2.900537 -2.238693 -1.025127 -0.975884 0.212321
1776410014.479168 jaka_arm_right success 0.292042 -0.197242 -0.364817 0.537704 0.638446 0.476287 0.276427 1.596686 0.578850 -2.890793 -2.228123 -1.050980 -0.947568 0.274171
1776410014.487423 jaka_arm_right success 0.291992 -0.200635 -0.363798 0.540166 0.633591 0.484381 0.268622 1.589265 0.554551 -2.881680 -2.218662 -1.080310 -0.918561 0.337094
1776410014.495787 jaka_arm_right success 0.291730 -0.203703 -0.362737 0.544795 0.627639 0.491387 0.260396 1.582321 0.537044 -2.872520 -2.208694 -1.104785 -0.895923 0.397236
1776410014.504109 jaka_arm_right success 0.291849 -0.207111 -0.361894 0.546581 0.622646 0.499178 0.253738 1.574226 0.517887 -2.862920 -2.193577 -1.141847 -0.870799 0.464294
1776410014.512484 jaka_arm_right success 0.291823 -0.210125 -0.360987 0.549440 0.617032 0.506953 0.245737 1.565425 0.499549 -2.854044 -2.183930 -1.176390 -0.850377 0.529014
1776410014.520799 jaka_arm_right success 0.291879 -0.213341 -0.360168 0.551864 0.611324 0.514943 0.237828 1.560013 0.481476 -2.844045 -2.165255 -1.216735 -0.825401 0.604996
1776410014.529114 jaka_arm_right success 0.291888 -0.216604 -0.359345 0.553976 0.606925 0.521472 0.229824 1.554227 0.463367 -2.836160 -2.151824 -1.254278 -0.806210 0.673869
1776410014.537523 jaka_arm_right success 0.291844 -0.219516 -0.358417 0.557733 0.601038 0.528099 0.220902 1.549118 0.447310 -2.829098 -2.139783 -1.289665 -0.789556 0.743568
1776410014.545906 jaka_arm_right success 0.291938 -0.222808 -0.357742 0.559358 0.596718 0.534576 0.212779 1.545455 0.430944 -2.822402 -2.123048 -1.332232 -0.772494 0.817523
1776410014.554194 jaka_arm_right success 0.291976 -0.225690 -0.356968 0.561589 0.591504 0.541384 0.204068 1.541289 0.417897 -2.817064 -2.105633 -1.377708 -0.759782 0.893976
1776410014.562479 jaka_arm_right success 0.292107 -0.228743 -0.356317 0.563212 0.586806 0.547597 0.196437 1.538491 0.405381 -2.813556 -2.090196 -1.420866 -0.750103 0.965065
1776410014.570777 jaka_arm_right success 0.292011 -0.231560 -0.355570 0.565268 0.581918 0.554043 0.186759 1.538622 0.388695 -2.810142 -2.073408 -1.467938 -0.739334 1.046303
1776410014.579293 jaka_arm_right success 0.291984 -0.234375 -0.354887 0.567412 0.576469 0.560627 0.177270 1.537655 0.378618 -2.809934 -2.054258 -1.517656 -0.733747 1.126830
1776410014.587501 jaka_arm_right success 0.292046 -0.237211 -0.354410 0.569033 0.571598 0.566281 0.169717 1.537327 0.367636 -2.810790 -2.037378 -1.563007 -0.733475 1.198603
1776410014.595771 jaka_arm_right success 0.292149 -0.240198 -0.354000 0.570004 0.567171 0.571935 0.162183 1.538510 0.356231 -2.812847 -2.018261 -1.611014 -0.735394 1.272399
1776410014.604092 jaka_arm_right success 0.292182 -0.242915 -0.353661 0.571923 0.561512 0.577789 0.154171 1.542420 0.350330 -2.816184 -1.996580 -1.654556 -0.737929 1.344526
1776410014.612530 jaka_arm_right success 0.292204 -0.245597 -0.353357 0.573030 0.556172 0.584053 0.145575 1.545650 0.341287 -2.821431 -1.976941 -1.703533 -0.744982 1.420367
1776410014.620754 jaka_arm_right success 0.292322 -0.248292 -0.353235 0.573653 0.551195 0.590012 0.137811 1.551767 0.336857 -2.827565 -1.952473 -1.749396 -0.752415 1.492200
1776410014.629336 jaka_arm_right success 0.292427 -0.250586 -0.353127 0.575200 0.545406 0.595858 0.128958 1.558303 0.330879 -2.835909 -1.932746 -1.790906 -0.762659 1.560991
1776410014.637441 jaka_arm_right success 0.292306 -0.252820 -0.352839 0.577900 0.539427 0.600888 0.118248 1.566279 0.324340 -2.843603 -1.913854 -1.829756 -0.769173 1.632039
1776410014.645925 jaka_arm_right success 0.292697 -0.255154 -0.353033 0.577847 0.534706 0.606681 0.110092 1.575766 0.323061 -2.850712 -1.891086 -1.870231 -0.779649 1.695555
1776410014.654263 jaka_arm_right success 0.292885 -0.257490 -0.353071 0.579039 0.530799 0.610444 0.101606 1.583805 0.317540 -2.859169 -1.869160 -1.905985 -0.789111 1.758060
1776410014.662405 jaka_arm_right success 0.293086 -0.259506 -0.353123 0.581100 0.526055 0.613971 0.092892 1.592747 0.315267 -2.865831 -1.852373 -1.933617 -0.796437 1.811991
1776410014.670946 jaka_arm_right success 0.293196 -0.261580 -0.353259 0.583331 0.522766 0.615874 0.084495 1.600811 0.309040 -2.872875 -1.837543 -1.958567 -0.801677 1.861865
1776410014.679166 jaka_arm_right success 0.293648 -0.263427 -0.353728 0.584052 0.518794 0.619479 0.077342 1.609455 0.309345 -2.879206 -1.818462 -1.985145 -0.811342 1.909347
1776410014.687509 jaka_arm_right success 0.293960 -0.265309 -0.354307 0.584385 0.516029 0.622454 0.068987 1.620685 0.308421 -2.887413 -1.797496 -2.017101 -0.819549 1.962733
1776410014.695827 jaka_arm_right success 0.294711 -0.267428 -0.355245 0.583935 0.514631 0.624461 0.064988 1.628145 0.307463 -2.892900 -1.778018 -2.039730 -0.829148 1.999657
1776410014.704147 jaka_arm_right success 0.295097 -0.269005 -0.356149 0.584991 0.511531 0.626807 0.056875 1.638563 0.309464 -2.900085 -1.758758 -2.064307 -0.836074 2.045469
1776410014.712466 jaka_arm_right success 0.295587 -0.270791 -0.356893 0.586338 0.509658 0.627619 0.050503 1.647820 0.307848 -2.906142 -1.743037 -2.083866 -0.840603 2.084314
1776410014.720830 jaka_arm_right success 0.295962 -0.272353 -0.357619 0.588733 0.507169 0.628028 0.041871 1.659314 0.305632 -2.912912 -1.729792 -2.103903 -0.841964 2.127776
1776410014.729096 jaka_arm_right success 0.296756 -0.273969 -0.359107 0.588733 0.506067 0.629153 0.038168 1.665082 0.303899 -2.918010 -1.715032 -2.121048 -0.850846 2.156389
1776410014.737391 jaka_arm_right success 0.297192 -0.275329 -0.360049 0.591300 0.504040 0.628749 0.031359 1.675080 0.306984 -2.923168 -1.701187 -2.134900 -0.849912 2.189717
1776410014.745964 jaka_arm_right success 0.297615 -0.276595 -0.361022 0.593327 0.501555 0.629102 0.025226 1.683172 0.306575 -2.928775 -1.687321 -2.150204 -0.854866 2.223436
1776410014.754204 jaka_arm_right success 0.298287 -0.278263 -0.362853 0.593466 0.502159 0.628504 0.024842 1.685086 0.308072 -2.930412 -1.678148 -2.155705 -0.857571 2.231176
1776410014.762464 jaka_arm_right success 0.298741 -0.279480 -0.364003 0.595314 0.500452 0.628287 0.020135 1.693139 0.308659 -2.934987 -1.667510 -2.167618 -0.858529 2.258903
1776410014.770797 jaka_arm_right success 0.299086 -0.280751 -0.365315 0.598213 0.499326 0.626499 0.017709 1.695519 0.304913 -2.936820 -1.665624 -2.168316 -0.855863 2.270591
1776410014.779121 jaka_arm_right success 0.299502 -0.281915 -0.366896 0.599611 0.497383 0.626802 0.014005 1.702248 0.311024 -2.941350 -1.647060 -2.181272 -0.861545 2.296148
1776410014.787458 jaka_arm_right success 0.299902 -0.283100 -0.368225 0.602002 0.495812 0.625823 0.010465 1.704847 0.308540 -2.944065 -1.645197 -2.184124 -0.861343 2.311032
1776410014.795753 jaka_arm_right success 0.300197 -0.284394 -0.369699 0.602253 0.492606 0.628177 0.004852 1.709987 0.315227 -2.951392 -1.619555 -2.204272 -0.879740 2.345118
1776410014.804146 jaka_arm_right success 0.300348 -0.285983 -0.371116 -0.602137 -0.489974 -0.630362 0.000850 1.718640 0.319802 -2.957761 -1.598262 -2.223724 -0.892446 2.379175
1776410014.812486 jaka_arm_right success 0.301026 -0.287434 -0.373031 -0.600083 -0.486084 -0.635312 0.001179 1.714113 0.333110 -2.960064 -1.571220 -2.231096 -0.920065 2.390184
1776410014.820851 jaka_arm_right success 0.300519 -0.288629 -0.373475 -0.603019 -0.480544 -0.636650 0.011067 1.726252 0.336433 -2.967235 -1.555915 -2.246710 -0.926205 2.433310
1776410014.829172 jaka_arm_right success 0.300265 -0.290138 -0.374390 -0.603547 -0.476770 -0.638934 0.013562 1.720312 0.341425 -2.970177 -1.541112 -2.249374 -0.945887 2.443680
1776410014.837495 jaka_arm_right success 0.300421 -0.291551 -0.375357 -0.602430 -0.473517 -0.642431 0.011945 1.715297 0.349632 -2.970034 -1.525272 -2.249687 -0.963719 2.446013
1776410014.845819 jaka_arm_right success 0.299967 -0.292851 -0.375652 -0.603304 -0.470475 -0.643829 0.012712 1.712344 0.350704 -2.970759 -1.519101 -2.249242 -0.973601 2.451690
1776410014.854144 jaka_arm_right success 0.299483 -0.294083 -0.375512 -0.603913 -0.468912 -0.644404 0.012412 1.711692 0.351004 -2.970209 -1.517729 -2.247255 -0.975817 2.453176
1776410014.862435 jaka_arm_right success 0.298988 -0.295308 -0.375165 -0.605602 -0.468425 -0.643204 0.010657 1.710695 0.349434 -2.969785 -1.515930 -2.243932 -0.975287 2.453762
1776410014.870766 jaka_arm_right success 0.298619 -0.296430 -0.374895 -0.605870 -0.468167 -0.643171 0.008528 1.706521 0.346875 -2.968946 -1.515373 -2.241037 -0.980449 2.449523
1776410014.879087 jaka_arm_right success 0.298365 -0.297462 -0.374658 -0.606279 -0.467600 -0.643230 0.005572 1.699935 0.346590 -2.967158 -1.516284 -2.233942 -0.984307 2.439607
1776410014.887463 jaka_arm_right success 0.298052 -0.298654 -0.374580 -0.606210 -0.467924 -0.643076 0.002986 1.697212 0.344954 -2.966081 -1.516461 -2.231266 -0.985873 2.433880
1776410014.895792 jaka_arm_right success 0.297725 -0.299697 -0.374245 -0.607259 -0.466915 -0.642821 0.002860 1.695293 0.342050 -2.965840 -1.518606 -2.228244 -0.987236 2.434312
1776410014.904193 jaka_arm_right success 0.297487 -0.300754 -0.374098 -0.609111 -0.466522 -0.641356 0.001928 1.692353 0.335646 -2.965079 -1.526139 -2.222166 -0.984340 2.430422
1776410014.912465 jaka_arm_right success 0.297263 -0.301706 -0.374088 -0.609768 -0.465288 -0.641622 0.003373 1.691882 0.336444 -2.965443 -1.526855 -2.221685 -0.984478 2.431354
1776410014.920812 jaka_arm_right success 0.297153 -0.302631 -0.374132 -0.610521 -0.464053 -0.641792 0.004589 1.691084 0.334473 -2.966236 -1.527155 -2.221169 -0.986811 2.436080
1776410014.929163 jaka_arm_right success 0.297281 -0.303739 -0.374551 -0.609987 -0.464401 -0.642058 0.002994 1.690252 0.335424 -2.966002 -1.522294 -2.221839 -0.990568 2.435582
1776410014.937433 jaka_arm_right success 0.297068 -0.304636 -0.374680 -0.610545 -0.464419 -0.641501 0.005057 1.693456 0.331949 -2.968370 -1.518064 -2.227743 -0.992647 2.448334
1776410014.945965 jaka_arm_right success 0.296972 -0.305487 -0.374664 -0.611528 -0.463249 -0.641401 0.006223 1.693203 0.331587 -2.969220 -1.515145 -2.228036 -0.995638 2.454036
1776410014.954149 jaka_arm_right success 0.296863 -0.306365 -0.374814 -0.611570 -0.462493 -0.641884 0.008205 1.695577 0.331569 -2.971305 -1.508303 -2.234146 -1.000915 2.465784
1776410014.962506 jaka_arm_right success 0.296774 -0.307372 -0.375169 -0.611355 -0.462652 -0.641977 0.008026 1.695215 0.332698 -2.971379 -1.504585 -2.234468 -1.002895 2.466476
1776410014.970797 jaka_arm_right success 0.296531 -0.308262 -0.375277 -0.612372 -0.461967 -0.641498 0.008237 1.694428 0.332576 -2.971799 -1.504297 -2.233305 -1.002810 2.467734
1776410014.979042 jaka_arm_right success 0.296420 -0.309063 -0.375571 -0.612359 -0.460540 -0.642543 0.007605 1.690748 0.333457 -2.972208 -1.498252 -2.233042 -1.012551 2.469611
1776410014.987496 jaka_arm_right success 0.296121 -0.309945 -0.375741 -0.612929 -0.460299 -0.642179 0.007009 1.690663 0.332973 -2.971762 -1.497353 -2.231397 -1.012423 2.470060
1776410014.995800 jaka_arm_right success 0.295889 -0.310777 -0.375956 -0.612670 -0.459574 -0.642954 0.006116 1.687533 0.335003 -2.972190 -1.492042 -2.231716 -1.019089 2.469141
1776410015.004119 jaka_arm_right success 0.295663 -0.311518 -0.376140 -0.613294 -0.459539 -0.642399 0.004137 1.687623 0.333868 -2.970903 -1.490276 -2.228400 -1.018926 2.469308
1776410015.020827 jaka_arm_right success 0.295290 -0.311996 -0.376073 -0.614646 -0.458051 -0.642165 0.004854 1.686850 0.334313 -2.971496 -1.490601 -2.227824 -1.018667 2.470138
1776410015.029131 jaka_arm_right success 0.294784 -0.313407 -0.376522 -0.614031 -0.458309 -0.642572 0.004405 1.684420 0.332645 -2.971663 -1.488918 -2.227587 -1.023830 2.470061
1776410015.037442 jaka_arm_right success 0.294776 -0.313931 -0.376507 -0.614428 -0.457377 -0.642855 0.004650 1.682720 0.332903 -2.972370 -1.487636 -2.227302 -1.026534 2.471479
1776410015.045828 jaka_arm_right success 0.294457 -0.314490 -0.376552 -0.615165 -0.457350 -0.642166 0.005122 1.682274 0.332826 -2.972730 -1.487503 -2.227049 -1.026207 2.471768
1776410015.054153 jaka_arm_right success 0.294487 -0.315086 -0.376898 -0.614477 -0.458129 -0.642283 0.002787 1.682940 0.331367 -2.971527 -1.485686 -2.226001 -1.026351 2.470664
1776410015.062440 jaka_arm_right success 0.294147 -0.315744 -0.376918 -0.614322 -0.459169 -0.641685 0.003421 1.682288 0.330641 -2.972571 -1.485283 -2.228004 -1.026911 2.470698
1776410015.070823 jaka_arm_right success 0.294109 -0.316309 -0.377053 -0.614241 -0.459675 -0.641406 0.002433 1.682419 0.329839 -2.972290 -1.484397 -2.227908 -1.026965 2.470224
1776410015.079136 jaka_arm_right success 0.293946 -0.316625 -0.376842 -0.615178 -0.458974 -0.641007 0.002964 1.681493 0.329609 -2.972754 -1.484251 -2.226746 -1.027010 2.471442
1776410015.087457 jaka_arm_right success 0.294070 -0.317349 -0.377333 0.613017 0.461777 0.641071 0.000258 1.682515 0.327980 -2.971615 -1.481386 -2.229014 -1.028396 2.467653
1776410015.095758 jaka_arm_right success 0.293778 -0.317834 -0.377127 -0.613654 -0.462749 -0.639759 0.001140 1.681425 0.327327 -2.973341 -1.481364 -2.230928 -1.027538 2.467900
1776410015.104099 jaka_arm_right success 0.293516 -0.318116 -0.376787 -0.614029 -0.462595 -0.639506 0.002512 1.682821 0.322692 -2.974713 -1.481682 -2.234195 -1.029594 2.475826
1776410015.112398 jaka_arm_right success 0.293581 -0.318638 -0.377004 0.613576 0.464279 0.638722 0.002116 1.682870 0.322654 -2.972936 -1.477660 -2.232246 -1.028741 2.470363
1776410015.120788 jaka_arm_right success 0.293393 -0.318887 -0.376748 0.614345 0.464495 0.637823 0.002716 1.679347 0.323460 -2.972674 -1.480289 -2.227841 -1.027306 2.463899
1776410015.129085 jaka_arm_right success 0.293211 -0.319221 -0.376585 0.614784 0.465374 0.636753 0.003676 1.679522 0.318155 -2.972427 -1.484676 -2.226906 -1.024574 2.462712
1776410015.137459 jaka_arm_right success 0.292945 -0.319527 -0.376344 0.615942 0.466243 0.634990 0.004489 1.679766 0.315035 -2.971572 -1.492788 -2.223120 -1.016066 2.456861
1776410015.145922 jaka_arm_right success 0.292689 -0.319782 -0.376046 0.617143 0.466231 0.633833 0.004482 1.677910 0.309870 -2.971806 -1.497149 -2.220521 -1.015307 2.456306
1776410015.154188 jaka_arm_right success 0.292687 -0.320192 -0.376042 0.617611 0.467503 0.632417 0.006802 1.676136 0.308902 -2.970070 -1.503650 -2.214441 -1.008561 2.445213
1776410015.162447 jaka_arm_right success 0.292766 -0.320605 -0.376162 0.616964 0.469566 0.631476 0.010025 1.674543 0.309050 -2.968756 -1.504373 -2.211874 -1.006332 2.435647
1776410015.170814 jaka_arm_right success 0.292663 -0.321079 -0.376057 0.617404 0.472904 0.628537 0.010735 1.677434 0.299522 -2.969347 -1.510516 -2.214005 -0.998372 2.436886
1776410015.179161 jaka_arm_right success 0.292670 -0.321400 -0.375931 0.617567 0.475074 0.626730 0.011171 1.680018 0.296641 -2.968898 -1.515205 -2.213921 -0.990054 2.434623
1776410015.187463 jaka_arm_right success 0.292977 -0.321937 -0.376185 0.615816 0.478914 0.625444 0.015257 1.677714 0.295251 -2.967592 -1.518876 -2.212216 -0.986046 2.419378
1776410015.195784 jaka_arm_right success 0.292914 -0.322436 -0.376033 0.615102 0.482555 0.623325 0.016015 1.679725 0.290157 -2.967995 -1.520296 -2.215342 -0.981954 2.419206
1776410015.204099 jaka_arm_right success 0.292932 -0.322657 -0.375810 0.615340 0.484555 0.621502 0.017270 1.683318 0.285416 -2.967008 -1.525693 -2.215046 -0.973009 2.418070
1776410015.212493 jaka_arm_right success 0.292785 -0.323118 -0.375543 0.615287 0.487266 0.619397 0.018457 1.683988 0.280551 -2.966983 -1.530252 -2.215296 -0.967552 2.414623
1776410015.220834 jaka_arm_right success 0.292607 -0.323464 -0.375324 0.615979 0.488847 0.617402 0.020328 1.683265 0.277726 -2.965809 -1.538131 -2.210459 -0.959002 2.405314
1776410015.229155 jaka_arm_right success 0.292274 -0.323907 -0.374995 0.616896 0.490799 0.614912 0.020947 1.683557 0.268671 -2.965897 -1.545040 -2.209430 -0.953755 2.404104
1776410015.237443 jaka_arm_right success 0.292243 -0.324394 -0.374896 0.618048 0.491880 0.612708 0.025684 1.675878 0.266467 -2.962365 -1.560959 -2.191907 -0.943631 2.376043
1776410015.245806 jaka_arm_right success 0.292017 -0.324713 -0.374605 0.619924 0.492579 0.610166 0.027534 1.677403 0.259304 -2.960261 -1.570910 -2.185042 -0.933661 2.372002
1776410015.254086 jaka_arm_right success 0.291953 -0.325246 -0.374497 0.621631 0.494376 0.606765 0.031669 1.671792 0.256959 -2.957164 -1.582986 -2.169115 -0.922674 2.347915
1776410015.262472 jaka_arm_right success 0.291718 -0.325578 -0.374057 0.624808 0.495631 0.602416 0.032557 1.673226 0.246193 -2.955854 -1.599925 -2.160470 -0.905847 2.342160
1776410015.270854 jaka_arm_right success 0.291762 -0.326235 -0.374245 0.627380 0.499559 0.596162 0.037753 1.671287 0.235519 -2.951589 -1.620303 -2.142328 -0.884057 2.316096
1776410015.279117 jaka_arm_right success 0.291769 -0.326684 -0.374229 0.630613 0.502784 0.589892 0.039534 1.672460 0.226163 -2.949249 -1.638017 -2.129826 -0.861653 2.301967
1776410015.287442 jaka_arm_right success 0.292112 -0.327138 -0.374672 0.632380 0.506081 0.584936 0.042751 1.672780 0.218798 -2.946467 -1.651205 -2.118463 -0.844669 2.285854
1776410015.295770 jaka_arm_right success 0.292361 -0.327537 -0.375119 0.635227 0.508933 0.579167 0.045152 1.672910 0.211626 -2.943408 -1.667437 -2.103008 -0.824312 2.268647
1776410015.304119 jaka_arm_right success 0.292579 -0.328029 -0.375491 0.637719 0.511758 0.573983 0.044294 1.677278 0.202622 -2.943446 -1.675413 -2.103009 -0.809231 2.272769
1776410015.312527 jaka_arm_right success 0.292904 -0.328612 -0.376121 0.639445 0.514203 0.569966 0.042948 1.681794 0.198276 -2.943189 -1.679890 -2.103555 -0.795075 2.275959
1776410015.320885 jaka_arm_right success 0.293413 -0.328828 -0.376915 0.640630 0.514779 0.568284 0.040606 1.686445 0.197096 -2.943045 -1.683627 -2.106040 -0.784785 2.281826
1776410015.329158 jaka_arm_right success 0.293754 -0.329434 -0.377883 0.641763 0.517190 0.564857 0.039894 1.692309 0.193807 -2.942527 -1.685306 -2.109195 -0.771434 2.287284
1776410015.337449 jaka_arm_right success 0.293943 -0.330303 -0.378961 0.642124 0.521007 0.561009 0.038698 1.700095 0.190257 -2.942876 -1.685674 -2.118428 -0.756668 2.296767
1776410015.345818 jaka_arm_right success 0.294069 -0.330627 -0.379865 0.643209 0.522069 0.559041 0.034629 1.709932 0.190106 -2.945077 -1.679179 -2.135107 -0.747282 2.321169
1776410015.354119 jaka_arm_right success 0.294203 -0.331357 -0.380974 0.643692 0.525034 0.555704 0.034544 1.712612 0.185641 -2.945902 -1.679605 -2.139699 -0.740322 2.324852
1776410015.362466 jaka_arm_right success 0.294196 -0.331938 -0.381779 0.645897 0.526490 0.551750 0.034603 1.714707 0.183529 -2.946229 -1.680491 -2.139555 -0.730856 2.327191
1776410015.370785 jaka_arm_right success 0.294230 -0.332504 -0.382742 0.647595 0.528761 0.547389 0.037394 1.718435 0.179737 -2.943027 -1.685649 -2.132477 -0.713897 2.319812
1776410015.379143 jaka_arm_right success 0.294171 -0.332905 -0.383722 0.649063 0.531817 0.542550 0.039084 1.719192 0.174952 -2.940669 -1.695793 -2.123124 -0.697199 2.307001
1776410015.387465 jaka_arm_right success 0.294025 -0.333316 -0.384517 0.651130 0.535173 0.536383 0.043752 1.717024 0.168210 -2.934427 -1.715903 -2.097334 -0.674193 2.275162
1776410015.395813 jaka_arm_right success 0.293642 -0.333305 -0.384808 0.655278 0.536992 0.529405 0.044504 1.717472 0.164232 -2.929920 -1.732135 -2.075483 -0.648475 2.254404
1776410015.404132 jaka_arm_right success 0.293616 -0.333488 -0.385368 0.658505 0.539408 0.522340 0.050708 1.710142 0.156423 -2.921217 -1.758448 -2.030606 -0.625192 2.202716
1776410015.412470 jaka_arm_right success 0.293569 -0.333925 -0.386216 0.659658 0.543568 0.515860 0.057213 1.707646 0.149920 -2.913278 -1.777078 -1.996487 -0.603334 2.160001
1776410015.420797 jaka_arm_right success 0.293384 -0.334206 -0.386973 0.661379 0.547080 0.509172 0.063434 1.702007 0.146633 -2.905454 -1.795911 -1.953910 -0.583924 2.107372
1776410015.429048 jaka_arm_right success 0.293086 -0.334417 -0.387528 0.663861 0.549753 0.502457 0.067804 1.696608 0.143540 -2.898751 -1.814902 -1.910714 -0.565199 2.057628
1776410015.437454 jaka_arm_right success 0.292893 -0.334894 -0.388454 0.664291 0.553304 0.497256 0.072863 1.695298 0.139892 -2.891799 -1.827981 -1.876768 -0.549291 2.016498
1776410015.445770 jaka_arm_right success 0.292635 -0.335260 -0.389102 0.666062 0.555932 0.491230 0.077418 1.691918 0.137247 -2.885930 -1.842594 -1.836996 -0.534765 1.970413
1776410015.454094 jaka_arm_right success 0.292552 -0.335538 -0.390125 0.666050 0.557997 0.488239 0.081481 1.685208 0.140303 -2.884500 -1.846704 -1.811238 -0.535749 1.933728
1776410015.462449 jaka_arm_right success 0.292449 -0.336005 -0.391043 0.666490 0.560922 0.483529 0.085779 1.683605 0.138874 -2.879045 -1.859134 -1.774372 -0.522883 1.890663
1776410015.470779 jaka_arm_right success 0.292279 -0.336364 -0.391914 0.666852 0.563886 0.478834 0.089767 1.682988 0.136146 -2.873911 -1.870177 -1.739895 -0.511251 1.850431
1776410015.479088 jaka_arm_right success 0.292083 -0.336591 -0.392645 0.667900 0.566353 0.473643 0.093898 1.679364 0.136930 -2.870066 -1.881758 -1.696913 -0.503423 1.799504
1776410015.487486 jaka_arm_right success 0.291978 -0.336925 -0.393394 0.668350 0.569427 0.468712 0.096800 1.680481 0.138396 -2.866051 -1.887217 -1.665366 -0.491951 1.762325
1776410015.495787 jaka_arm_right success 0.291982 -0.337359 -0.394342 0.668182 0.571875 0.465395 0.099494 1.681615 0.134396 -2.863819 -1.892545 -1.647703 -0.484508 1.742428
1776410015.504129 jaka_arm_right success 0.291957 -0.337790 -0.395066 0.669008 0.573480 0.461902 0.100972 1.682551 0.135041 -2.861596 -1.897034 -1.625213 -0.476500 1.716742
1776410015.512404 jaka_arm_right success 0.291886 -0.338487 -0.395977 0.668816 0.575873 0.459066 0.101555 1.684132 0.133297 -2.860878 -1.896213 -1.621781 -0.470063 1.711790
1776410015.520862 jaka_arm_right success 0.291880 -0.338858 -0.396938 0.669747 0.576156 0.457228 0.102106 1.684017 0.136613 -2.860368 -1.895846 -1.609923 -0.467111 1.698717
1776410015.529151 jaka_arm_right success 0.291826 -0.339463 -0.397809 0.670407 0.576618 0.455757 0.101743 1.683170 0.135670 -2.861173 -1.895068 -1.609050 -0.466121 1.698916
1776410015.537561 jaka_arm_right success 0.291833 -0.339751 -0.398603 0.671575 0.575317 0.455724 0.101553 1.683010 0.135875 -2.861076 -1.894642 -1.607148 -0.466724 1.700382
1776410015.545782 jaka_arm_right success 0.291813 -0.340490 -0.399648 0.670492 0.576728 0.455308 0.102565 1.683047 0.135664 -2.861208 -1.893232 -1.608383 -0.466193 1.698592
1776410015.554112 jaka_arm_right success 0.291666 -0.340916 -0.400176 0.671534 0.576178 0.454703 0.101515 1.682386 0.136327 -2.861831 -1.892654 -1.607268 -0.465556 1.699417
1776410015.562453 jaka_arm_right success 0.291281 -0.341410 -0.400480 0.673005 0.576187 0.452576 0.101234 1.683048 0.135764 -2.861658 -1.890751 -1.604286 -0.461773 1.700082
1776410015.570747 jaka_arm_right success 0.291202 -0.341630 -0.401137 0.672795 0.574252 0.455397 0.100973 1.682888 0.140630 -2.861290 -1.889558 -1.604618 -0.465759 1.700680
1776410015.579077 jaka_arm_right success 0.291075 -0.342044 -0.401611 0.672639 0.573980 0.456121 0.100284 1.679768 0.142719 -2.864295 -1.884719 -1.617542 -0.471410 1.711822
1776410015.587462 jaka_arm_right success 0.290907 -0.342432 -0.402068 0.671727 0.575196 0.455875 0.100549 1.682883 0.143594 -2.863030 -1.880730 -1.622982 -0.466905 1.716052
1776410015.595778 jaka_arm_right success 0.290740 -0.342801 -0.402494 0.670941 0.576582 0.455120 0.101278 1.682863 0.142749 -2.863127 -1.880060 -1.623719 -0.466592 1.715139
1776410015.604075 jaka_arm_right success 0.290537 -0.342860 -0.402602 0.672050 0.576013 0.454308 0.100809 1.682294 0.142728 -2.863661 -1.879957 -1.623352 -0.466185 1.715445
1776410015.612446 jaka_arm_right success 0.290320 -0.343092 -0.402728 0.672104 0.576301 0.453966 0.100340 1.681897 0.142672 -2.864051 -1.879893 -1.623209 -0.465843 1.715570
1776410015.620799 jaka_arm_right success 0.290160 -0.343302 -0.402952 0.672036 0.576694 0.453337 0.101373 1.681778 0.141856 -2.864159 -1.879100 -1.623324 -0.465676 1.715145
1776410015.629142 jaka_arm_right success 0.289903 -0.343349 -0.403080 0.671978 0.576438 0.453926 0.100579 1.681699 0.142204 -2.864234 -1.879446 -1.623227 -0.465674 1.715401
1776410015.637475 jaka_arm_right success 0.289758 -0.343370 -0.403312 0.671415 0.576220 0.455067 0.100426 1.678391 0.141112 -2.866826 -1.877840 -1.634159 -0.473627 1.724691
1776410015.645842 jaka_arm_right success 0.289509 -0.343589 -0.403627 0.669708 0.577787 0.455518 0.100781 1.679861 0.144240 -2.867335 -1.871274 -1.646733 -0.472527 1.733685
1776410015.654143 jaka_arm_right success 0.289236 -0.343738 -0.403670 0.668846 0.579212 0.454973 0.100787 1.679799 0.143361 -2.867728 -1.871527 -1.648928 -0.471510 1.732193
1776410015.662584 jaka_arm_right success 0.288814 -0.343433 -0.403439 0.670066 0.578803 0.453977 0.099516 1.679511 0.141994 -2.868127 -1.872950 -1.647899 -0.470143 1.734123
1776410015.670835 jaka_arm_right success 0.288646 -0.343141 -0.403420 0.670273 0.578585 0.454014 0.099223 1.679511 0.141994 -2.868127 -1.872950 -1.647899 -0.470143 1.734123
1776410015.679190 jaka_arm_right success 0.288582 -0.342947 -0.403543 0.668464 0.580556 0.454165 0.099224 1.679838 0.141638 -2.868376 -1.874280 -1.650912 -0.468596 1.732488
1776410015.687450 jaka_arm_right success 0.288562 -0.342423 -0.403593 0.668495 0.581744 0.452652 0.098971 1.681085 0.138887 -2.868097 -1.875324 -1.651273 -0.463944 1.733005
1776410015.695841 jaka_arm_right success 0.288401 -0.341903 -0.403577 0.668034 0.584332 0.449988 0.098983 1.683353 0.135660 -2.867420 -1.876658 -1.651715 -0.456002 1.731429
1776410015.704139 jaka_arm_right success 0.288037 -0.341583 -0.403375 0.667778 0.588703 0.444635 0.099006 1.690120 0.131098 -2.860954 -1.890161 -1.616190 -0.432492 1.693543
1776410015.712536 jaka_arm_right success 0.287836 -0.340941 -0.403149 0.668433 0.591229 0.440212 0.099289 1.694884 0.128539 -2.856445 -1.898478 -1.586154 -0.417033 1.664449
1776410015.720819 jaka_arm_right success 0.287719 -0.340138 -0.403160 0.668320 0.593402 0.437200 0.100393 1.697675 0.130137 -2.853234 -1.906293 -1.550240 -0.406507 1.625672
1776410015.729113 jaka_arm_right success 0.287199 -0.339293 -0.402940 0.670278 0.595304 0.431943 0.098819 1.701555 0.123315 -2.850539 -1.920948 -1.509976 -0.391337 1.588056
1776410015.737439 jaka_arm_right success 0.287096 -0.338648 -0.403460 0.668128 0.599330 0.429236 0.100820 1.703875 0.125385 -2.849780 -1.923261 -1.491354 -0.383773 1.560654
1776410015.745876 jaka_arm_right success 0.286634 -0.337943 -0.403327 0.668784 0.603078 0.423441 0.098600 1.711924 0.118747 -2.846252 -1.937451 -1.444439 -0.363783 1.515924
1776410015.754128 jaka_arm_right success 0.286317 -0.337323 -0.403713 0.667805 0.607464 0.418776 0.098238 1.719588 0.121109 -2.844694 -1.941994 -1.405488 -0.346232 1.472221
1776410015.762476 jaka_arm_right success 0.285752 -0.336473 -0.403932 0.668217 0.610400 0.414327 0.096081 1.726042 0.114685 -2.843786 -1.951006 -1.375794 -0.331517 1.445034
1776410015.770853 jaka_arm_right success 0.285136 -0.335376 -0.404138 0.669230 0.611969 0.410999 0.093294 1.731941 0.113248 -2.843419 -1.955796 -1.352967 -0.316926 1.425419
1776410015.779170 jaka_arm_right success 0.284498 -0.334636 -0.404560 0.668306 0.615422 0.407541 0.092371 1.739406 0.113246 -2.844392 -1.961674 -1.315762 -0.306595 1.386132
1776410015.787519 jaka_arm_right success 0.283835 -0.333955 -0.405144 0.667080 0.618800 0.404591 0.091632 1.746359 0.115622 -2.845886 -1.962218 -1.288724 -0.295088 1.354743
1776410015.795811 jaka_arm_right success 0.283140 -0.333140 -0.405733 0.665347 0.622355 0.402671 0.088569 1.746981 0.112856 -2.846529 -1.965282 -1.290850 -0.286942 1.352880
1776410015.804076 jaka_arm_right success 0.282372 -0.332686 -0.406393 0.662441 0.627394 0.399661 0.088428 1.752256 0.109583 -2.844494 -1.963088 -1.291938 -0.271712 1.348139
1776410015.812547 jaka_arm_right success 0.281642 -0.332034 -0.407096 0.660306 0.630925 0.397635 0.088413 1.758582 0.112181 -2.848090 -1.965395 -1.263856 -0.265174 1.312143
1776410015.820883 jaka_arm_right success 0.280772 -0.331234 -0.407610 0.659085 0.634149 0.394528 0.088372 1.768827 0.112599 -2.855255 -1.973534 -1.212091 -0.261051 1.255932
1776410015.829116 jaka_arm_right success 0.279790 -0.330511 -0.408127 0.656975 0.638185 0.391370 0.089073 1.776204 0.113110 -2.859984 -1.974606 -1.185674 -0.255580 1.222452
1776410015.837478 jaka_arm_right success 0.278885 -0.329922 -0.408679 0.655352 0.641526 0.388067 0.091439 1.786153 0.111342 -2.873972 -1.987840 -1.125627 -0.263906 1.153021
1776410015.845856 jaka_arm_right success 0.277998 -0.329237 -0.409191 0.653950 0.643726 0.386512 0.092598 1.785134 0.111666 -2.878325 -1.989114 -1.121208 -0.267435 1.140338
1776410015.854143 jaka_arm_right success 0.277046 -0.328812 -0.409772 0.652866 0.645898 0.384175 0.094824 1.796796 0.115401 -2.890965 -1.997212 -1.068400 -0.274636 1.080840
1776410015.862434 jaka_arm_right success 0.275990 -0.328153 -0.410055 0.654301 0.645744 0.381983 0.094835 1.797952 0.113519 -2.897555 -2.002742 -1.050207 -0.281177 1.062634
1776410015.870751 jaka_arm_right success 0.275008 -0.327736 -0.410566 0.654967 0.645896 0.380396 0.095576 1.808156 0.114166 -2.908453 -2.011920 -1.006200 -0.288015 1.018400
1776410015.879217 jaka_arm_right success 0.274254 -0.328039 -0.411274 0.653423 0.647343 0.380245 0.096952 1.808185 0.113461 -2.908624 -2.011403 -1.008036 -0.287526 1.016395
1776410015.887471 jaka_arm_right success 0.273354 -0.327925 -0.411700 0.654867 0.646345 0.379592 0.096425 1.807147 0.113942 -2.909414 -2.010623 -1.006654 -0.288501 1.017581
1776410015.895741 jaka_arm_right success 0.272459 -0.327996 -0.412141 0.655712 0.645998 0.379019 0.095246 1.806163 0.114186 -2.910290 -2.010469 -1.005753 -0.288405 1.018362
1776410015.904130 jaka_arm_right success 0.271596 -0.328093 -0.412414 0.657204 0.645199 0.378440 0.092653 1.804836 0.115224 -2.911460 -2.011181 -1.003929 -0.287699 1.020244
1776410015.912448 jaka_arm_right success 0.270949 -0.328536 -0.412975 0.656417 0.646387 0.377798 0.092568 1.804326 0.114811 -2.912194 -2.011196 -1.005599 -0.286385 1.018478
1776410015.920812 jaka_arm_right success 0.270098 -0.328854 -0.413333 0.657102 0.646626 0.376641 0.090736 1.804566 0.112332 -2.912226 -2.010918 -1.004734 -0.281329 1.020334
1776410015.929090 jaka_arm_right success 0.269326 -0.328862 -0.413585 0.658672 0.645716 0.376143 0.087849 1.805803 0.111342 -2.911040 -2.009810 -1.002541 -0.274085 1.025413
1776410015.937425 jaka_arm_right success 0.268885 -0.329187 -0.414261 0.658413 0.646289 0.375562 0.088067 1.805280 0.111310 -2.911511 -2.008810 -1.003367 -0.273986 1.024774
1776410015.945894 jaka_arm_right success 0.268128 -0.329209 -0.414423 0.659842 0.646806 0.373330 0.082919 1.807788 0.106266 -2.910517 -2.008449 -0.999867 -0.259449 1.029028
1776410015.954217 jaka_arm_right success 0.267552 -0.329451 -0.414750 0.660405 0.647927 0.370969 0.080243 1.810899 0.103891 -2.909272 -2.004699 -0.997558 -0.246334 1.030704
1776410015.962480 jaka_arm_right success 0.267071 -0.329410 -0.414977 0.661858 0.648133 0.368812 0.076459 1.815278 0.100803 -2.907356 -2.001413 -0.992081 -0.230827 1.034230
1776410015.970738 jaka_arm_right success 0.266740 -0.329561 -0.415451 0.661631 0.649825 0.366566 0.074844 1.828763 0.102348 -2.913109 -1.997323 -0.963819 -0.219627 1.008561
1776410015.979129 jaka_arm_right success 0.266216 -0.329763 -0.415695 0.661357 0.651766 0.364050 0.072635 1.835979 0.098952 -2.917316 -1.997613 -0.948732 -0.209768 0.994661
1776410015.987476 jaka_arm_right success 0.265857 -0.329980 -0.416216 0.660783 0.654041 0.361108 0.072088 1.851989 0.099470 -2.928802 -1.996671 -0.912045 -0.203275 0.958823
1776410015.995806 jaka_arm_right success 0.265104 -0.329758 -0.416082 0.662814 0.654144 0.357975 0.068015 1.884481 0.095466 -2.953793 -2.003459 -0.836797 -0.193634 0.893572
1776410016.004119 jaka_arm_right success 0.264581 -0.329770 -0.416420 0.662760 0.655054 0.356553 0.067256 1.883292 0.094786 -2.955110 -2.002832 -0.837287 -0.192735 0.892753
1776410016.012531 jaka_arm_right success 0.264026 -0.329990 -0.416814 0.661415 0.656919 0.355874 0.065895 1.884276 0.094849 -2.955089 -2.001657 -0.837914 -0.187240 0.891370
1776410016.020839 jaka_arm_right success 0.263181 -0.329556 -0.416584 0.663642 0.655602 0.354774 0.062459 1.886939 0.091112 -2.954436 -2.000593 -0.832020 -0.176449 0.894831
1776410016.029102 jaka_arm_right success 0.262511 -0.329747 -0.416857 0.662125 0.657328 0.354584 0.061490 1.887131 0.091432 -2.954852 -1.999779 -0.833671 -0.173417 0.892655
1776410016.037442 jaka_arm_right success 0.261718 -0.329857 -0.417122 0.660986 0.658873 0.353805 0.061701 1.886578 0.090948 -2.955631 -1.999555 -0.835226 -0.172246 0.890867
1776410016.045863 jaka_arm_right success 0.260786 -0.329843 -0.417225 0.660085 0.659633 0.354346 0.060089 1.886497 0.091742 -2.955844 -2.000602 -0.836207 -0.170936 0.889950
1776410016.054133 jaka_arm_right success 0.259658 -0.329491 -0.417011 0.660997 0.658660 0.355066 0.056377 1.889925 0.090243 -2.952307 -1.997893 -0.833585 -0.156762 0.895721
1776410016.062451 jaka_arm_right success 0.258761 -0.329728 -0.417303 0.659317 0.659567 0.356578 0.055894 1.840904 0.088104 -2.911460 -1.993339 -0.923979 -0.154205 0.977240
1776410016.070790 jaka_arm_right success 0.257795 -0.330010 -0.417665 0.658069 0.660179 0.357806 0.055523 1.819742 0.088341 -2.891745 -1.988566 -0.969559 -0.150849 1.018541
1776410016.079169 jaka_arm_right success 0.256648 -0.330203 -0.417778 0.657301 0.660316 0.359325 0.053135 1.771356 0.086051 -2.844559 -1.979774 -1.080412 -0.140299 1.126551
1776410016.087497 jaka_arm_right success 0.255587 -0.330261 -0.417754 0.657879 0.659406 0.360387 0.050001 1.753837 0.084591 -2.826437 -1.978612 -1.122386 -0.134142 1.173017
1776410016.095850 jaka_arm_right success 0.254436 -0.330218 -0.417744 0.658737 0.657725 0.362503 0.045329 1.693036 0.082048 -2.765772 -1.968981 -1.271195 -0.123282 1.324025
1776410016.104119 jaka_arm_right success 0.253368 -0.330597 -0.418268 0.657573 0.657685 0.364898 0.043566 1.654540 0.083642 -2.733029 -1.960465 -1.399143 -0.123615 1.447072
1776410016.112545 jaka_arm_right success 0.252265 -0.330688 -0.418344 0.658193 0.656565 0.366369 0.038447 1.632690 0.082659 -2.707769 -1.950077 -1.567456 -0.113771 1.622035
1776410016.120910 jaka_arm_right success 0.251232 -0.330891 -0.418705 0.657988 0.655901 0.368393 0.033641 1.632999 0.080919 -2.712655 -1.939898 -1.743772 -0.116698 1.801469
1776410016.129138 jaka_arm_right success 0.250182 -0.331232 -0.419173 0.656852 0.655692 0.371233 0.028286 1.674444 0.081447 -2.760333 -1.921302 -1.957807 -0.128383 2.019218
1776410016.137434 jaka_arm_right success 0.249199 -0.331634 -0.419687 0.655310 0.655572 0.374609 0.021492 1.742736 0.077566 -2.834814 -1.903593 -2.156749 -0.148238 2.225723
1776410016.145844 jaka_arm_right success 0.248097 -0.331794 -0.420175 0.654873 0.654259 0.378022 0.013649 1.804976 0.076876 -2.903478 -1.883957 -2.307592 -0.172214 2.385984
1776410016.154171 jaka_arm_right success 0.247203 -0.332246 -0.420812 0.653215 0.654095 0.381315 0.008347 1.835998 0.076991 -2.942041 -1.867548 -2.394285 -0.196545 2.473582
1776410016.162583 jaka_arm_right success 0.246021 -0.332201 -0.420959 -0.654045 -0.652018 -0.383534 0.000408 1.882770 0.077207 -2.987647 -1.850986 -2.504177 -0.215314 2.597956
1776410016.170789 jaka_arm_right success 0.244869 -0.332532 -0.421210 -0.652838 -0.652130 -0.385342 0.006296 1.908594 0.076587 -3.016433 -1.835685 -2.574324 -0.237076 2.671295
1776410016.179154 jaka_arm_right success 0.243603 -0.332729 -0.421431 -0.651437 -0.652417 -0.387152 0.009751 1.913082 0.075781 -3.027580 -1.826034 -2.597691 -0.254674 2.692719
1776410016.187555 jaka_arm_right success 0.242347 -0.332867 -0.421772 -0.649986 -0.652997 -0.388614 0.009613 1.912103 0.076577 -3.027688 -1.822201 -2.598175 -0.261530 2.690911
1776410016.196058 jaka_arm_right success 0.240857 -0.332932 -0.421614 -0.649365 -0.653917 -0.388115 0.009215 1.908556 0.074220 -3.028795 -1.820508 -2.597065 -0.266660 2.686346
1776410016.204117 jaka_arm_right success 0.239344 -0.332923 -0.421441 -0.649242 -0.654995 -0.386524 0.008079 1.893814 0.071067 -3.020822 -1.830341 -2.566586 -0.260976 2.649573
1776410016.212565 jaka_arm_right success 0.237870 -0.332957 -0.421501 -0.648796 -0.656441 -0.384875 0.004420 1.874607 0.069437 -3.004475 -1.843053 -2.515353 -0.248126 2.590596
1776410016.220778 jaka_arm_right success 0.236326 -0.332949 -0.421278 -0.648754 -0.657920 -0.382435 0.002144 1.865900 0.064607 -2.999429 -1.850216 -2.495723 -0.242825 2.565821
1776410016.229125 jaka_arm_right success 0.234839 -0.332923 -0.421238 0.648172 0.659198 0.381221 0.000933 1.846265 0.062865 -2.985738 -1.859949 -2.443279 -0.236548 2.506733
1776410016.237440 jaka_arm_right success 0.233323 -0.332829 -0.421102 0.648186 0.659887 0.379998 0.002413 1.831370 0.058459 -2.977893 -1.866785 -2.406564 -0.236258 2.463650
1776410016.245927 jaka_arm_right success 0.231906 -0.332939 -0.421055 0.647372 0.661238 0.379026 0.003631 1.820678 0.056278 -2.971325 -1.874626 -2.376436 -0.233527 2.428463
1776410016.254342 jaka_arm_right success 0.230531 -0.333116 -0.421025 0.646847 0.662364 0.377945 0.004420 1.819775 0.055429 -2.972272 -1.874174 -2.377873 -0.232456 2.427079
1776410016.262516 jaka_arm_right success 0.229274 -0.333334 -0.421222 0.645168 0.663545 0.378723 0.005938 1.806598 0.053480 -2.970502 -1.872939 -2.353207 -0.244044 2.392625
1776410016.270821 jaka_arm_right success 0.227839 -0.333531 -0.420919 0.644604 0.664109 0.378723 0.003679 1.805424 0.054205 -2.971746 -1.874878 -2.354039 -0.244450 2.392428
1776410016.279058 jaka_arm_right success 0.226615 -0.334034 -0.420937 0.642337 0.665882 0.379463 0.003500 1.802105 0.049131 -2.975100 -1.875550 -2.359087 -0.253889 2.390449
1776410016.287521 jaka_arm_right success 0.225140 -0.334248 -0.420644 0.641969 0.666063 0.379776 0.002374 1.799081 0.046404 -2.978319 -1.875135 -2.361846 -0.261099 2.391242
1776410016.295818 jaka_arm_right success 0.223928 -0.334825 -0.420709 0.639526 0.667627 0.381134 0.004173 1.797720 0.046180 -2.979365 -1.871417 -2.365590 -0.267860 2.387400
1776410016.304116 jaka_arm_right success 0.222419 -0.335330 -0.420335 0.638883 0.668546 0.380592 0.004999 1.794865 0.040777 -2.981538 -1.870454 -2.366350 -0.275210 2.385422
1776410016.312440 jaka_arm_right success 0.220971 -0.335633 -0.419859 0.639038 0.668752 0.379946 0.006539 1.785317 0.038621 -2.981370 -1.873788 -2.337364 -0.279868 2.351727
1776410016.320859 jaka_arm_right success 0.219726 -0.336429 -0.419688 0.636502 0.671263 0.379670 0.011063 1.772308 0.036241 -2.978570 -1.880253 -2.285035 -0.284486 2.285783
1776410016.329156 jaka_arm_right success 0.218239 -0.336739 -0.419021 0.637040 0.671493 0.378275 0.013626 1.762166 0.031482 -2.975670 -1.890850 -2.236401 -0.282761 2.233217
1776410016.337463 jaka_arm_right success 0.216882 -0.337190 -0.418511 0.636864 0.672310 0.376946 0.017765 1.753055 0.027535 -2.974276 -1.899986 -2.181624 -0.284817 2.172029
1776410016.345795 jaka_arm_right success 0.215536 -0.337792 -0.417890 0.636387 0.673329 0.375778 0.020757 1.746328 0.023132 -2.975272 -1.907054 -2.145176 -0.286882 2.128542
1776410016.354298 jaka_arm_right success 0.214101 -0.338315 -0.416998 0.637774 0.673284 0.373418 0.022186 1.744644 0.018233 -2.973912 -1.917656 -2.113116 -0.280309 2.097592
1776410016.362530 jaka_arm_right success 0.212918 -0.339022 -0.416518 0.637357 0.673726 0.373116 0.025572 1.735345 0.013549 -2.979100 -1.923137 -2.067375 -0.293527 2.044930
1776410016.370806 jaka_arm_right success 0.211816 -0.339899 -0.415960 0.635601 0.675059 0.373387 0.029801 1.728705 0.011652 -2.983592 -1.925581 -2.036043 -0.305075 2.001526
1776410016.379105 jaka_arm_right success 0.210515 -0.340441 -0.414958 0.636852 0.674606 0.371913 0.031730 1.722982 0.005691 -2.988432 -1.932698 -2.005790 -0.313258 1.969566
1776410016.387520 jaka_arm_right success 0.209379 -0.340947 -0.414238 0.636377 0.674041 0.373538 0.034106 1.719139 0.003323 -2.991877 -1.935783 -1.986759 -0.324026 1.947359
1776410016.395793 jaka_arm_right success 0.208293 -0.341742 -0.413211 0.634672 0.675591 0.373361 0.037003 1.715424 -0.001785 -2.995693 -1.940476 -1.972431 -0.331592 1.923335
1776410016.404079 jaka_arm_right success 0.207253 -0.342562 -0.412155 0.631948 0.677969 0.373195 0.041538 1.711036 -0.005778 -3.000989 -1.945735 -1.944783 -0.342150 1.882511
1776410016.412449 jaka_arm_right success 0.206276 -0.342981 -0.411090 0.630190 0.678771 0.374098 0.046701 1.705651 -0.006797 -3.007938 -1.952378 -1.905215 -0.357153 1.831704
1776410016.420809 jaka_arm_right success 0.205240 -0.343502 -0.409735 0.627454 0.680406 0.375357 0.049560 1.703005 -0.013847 -3.010761 -1.955821 -1.908385 -0.367118 1.826307
1776410016.429165 jaka_arm_right success 0.204294 -0.343885 -0.408464 0.625486 0.681313 0.376366 0.054116 1.696874 -0.012067 -3.019441 -1.961496 -1.871557 -0.384529 1.775490
1776410016.437474 jaka_arm_right success 0.203693 -0.344801 -0.407682 0.619771 0.685078 0.377864 0.061409 1.690073 -0.013030 -3.027755 -1.960063 -1.861046 -0.406838 1.742091
1776410016.445876 jaka_arm_right success 0.202997 -0.345252 -0.406394 0.618247 0.686239 0.377443 0.066215 1.687083 -0.019298 -3.032968 -1.972481 -1.826968 -0.416214 1.698270
1776410016.454175 jaka_arm_right success 0.202565 -0.345751 -0.405350 0.616069 0.687382 0.377944 0.071573 1.683222 -0.017664 -3.038647 -1.974036 -1.805667 -0.430835 1.664371
1776410016.462496 jaka_arm_right success 0.202273 -0.346304 -0.404084 0.614595 0.688588 0.377170 0.076567 1.680933 -0.025077 -3.042819 -1.985495 -1.778353 -0.439320 1.629218
1776410016.470795 jaka_arm_right success 0.202028 -0.346704 -0.402693 0.614157 0.688994 0.376271 0.080734 1.678192 -0.028452 -3.047528 -1.994259 -1.751951 -0.449036 1.595858
1776410016.479224 jaka_arm_right success 0.202317 -0.347553 -0.401676 0.610479 0.691449 0.376393 0.086846 1.676487 -0.031117 -3.050623 -1.997800 -1.739993 -0.459328 1.570778
1776410016.487496 jaka_arm_right success 0.202376 -0.348007 -0.400308 0.609796 0.692244 0.375021 0.091141 1.674073 -0.032813 -3.055379 -2.008359 -1.707761 -0.467340 1.529294
1776410016.495847 jaka_arm_right success 0.202824 -0.348692 -0.399154 0.607325 0.693877 0.374621 0.096696 1.672505 -0.032958 -3.058383 -2.010858 -1.693026 -0.477246 1.503305
1776410016.504135 jaka_arm_right success 0.203212 -0.349275 -0.397912 0.605327 0.694949 0.374910 0.100334 1.671116 -0.037547 -3.060656 -2.015549 -1.687267 -0.485566 1.490070
1776410016.512498 jaka_arm_right success 0.203915 -0.350023 -0.396728 0.603437 0.695867 0.375118 0.104495 1.669751 -0.040081 -3.063070 -2.018750 -1.679035 -0.494010 1.474147
1776410016.520837 jaka_arm_right success 0.204681 -0.350830 -0.395537 0.602097 0.696098 0.375773 0.108268 1.668868 -0.041981 -3.064871 -2.020355 -1.673430 -0.502892 1.463494
1776410016.529174 jaka_arm_right success 0.205548 -0.351569 -0.394389 0.601686 0.695420 0.376845 0.111142 1.669302 -0.042899 -3.064953 -2.021481 -1.669257 -0.508302 1.458677
1776410016.537468 jaka_arm_right success 0.206695 -0.352659 -0.393208 0.600486 0.695458 0.377890 0.113811 1.671270 -0.043881 -3.063020 -2.020675 -1.669580 -0.510277 1.457700
1776410016.545825 jaka_arm_right success 0.207928 -0.353646 -0.392010 0.600358 0.694679 0.378582 0.116908 1.669813 -0.047482 -3.065333 -2.022564 -1.666684 -0.519321 1.453294
1776410016.554157 jaka_arm_right success 0.209134 -0.354674 -0.390672 0.601306 0.693455 0.378389 0.119889 1.669678 -0.048781 -3.066706 -2.027953 -1.649788 -0.525181 1.436239
1776410016.562528 jaka_arm_right success 0.210518 -0.355732 -0.389431 0.600821 0.692797 0.379402 0.122884 1.671698 -0.049876 -3.064784 -2.026885 -1.648828 -0.527589 1.436321
1776410016.570741 jaka_arm_right success 0.211870 -0.356630 -0.388017 0.602454 0.691072 0.378643 0.126880 1.669648 -0.051371 -3.068937 -2.034151 -1.625726 -0.539281 1.412424
1776410016.579196 jaka_arm_right success 0.213325 -0.357293 -0.386570 0.605478 0.688331 0.377889 0.129604 1.675790 -0.054133 -3.062903 -2.043849 -1.595589 -0.532302 1.392677
1776410016.587496 jaka_arm_right success 0.215145 -0.358318 -0.385421 0.605559 0.686741 0.378664 0.135276 1.671975 -0.054389 -3.068999 -2.047864 -1.583526 -0.551801 1.374940
1776410016.595814 jaka_arm_right success 0.217014 -0.359464 -0.384221 0.605238 0.685912 0.378935 0.140068 1.672258 -0.051904 -3.069660 -2.046697 -1.572961 -0.560064 1.361682
1776410016.604079 jaka_arm_right success 0.218719 -0.360498 -0.382827 0.606771 0.684696 0.377258 0.143863 1.677588 -0.054572 -3.064291 -2.059309 -1.537459 -0.555053 1.330557
1776410016.612427 jaka_arm_right success 0.220937 -0.361744 -0.381742 0.607137 0.683235 0.377660 0.148148 1.677047 -0.056239 -3.065761 -2.058572 -1.533028 -0.564802 1.326775
1776410016.620826 jaka_arm_right success 0.223258 -0.362761 -0.380845 0.608289 0.681033 0.378534 0.151294 1.679158 -0.052504 -3.064012 -2.058193 -1.520741 -0.569147 1.317737
1776410016.629159 jaka_arm_right success 0.225554 -0.364082 -0.379847 0.609590 0.679613 0.378012 0.153730 1.683272 -0.057534 -3.059488 -2.061393 -1.510768 -0.565440 1.315158
1776410016.637437 jaka_arm_right success 0.228121 -0.365360 -0.379000 0.611562 0.677664 0.378160 0.154139 1.688167 -0.059103 -3.053788 -2.061583 -1.503177 -0.558142 1.318013
1776410016.645825 jaka_arm_right success 0.230816 -0.366551 -0.378251 0.613759 0.675339 0.379630 0.151977 1.695139 -0.059117 -3.045347 -2.061014 -1.499372 -0.544395 1.327875
1776410016.654194 jaka_arm_right success 0.233654 -0.368076 -0.377748 0.614225 0.674573 0.380721 0.150768 1.700985 -0.062403 -3.038177 -2.052583 -1.515561 -0.531838 1.356412
1776410016.662459 jaka_arm_right success 0.236534 -0.369417 -0.377145 0.616670 0.672896 0.380964 0.147633 1.709979 -0.061076 -3.026675 -2.043341 -1.523010 -0.509906 1.380921
1776410016.670768 jaka_arm_right success 0.239620 -0.370910 -0.376899 0.618723 0.671644 0.380671 0.145482 1.717761 -0.063394 -3.016742 -2.039335 -1.524649 -0.490948 1.397935
1776410016.679182 jaka_arm_right success 0.243044 -0.372544 -0.376742 0.620429 0.671208 0.380396 0.140880 1.727206 -0.068368 -3.003773 -2.023923 -1.561881 -0.462961 1.455193
1776410016.687500 jaka_arm_right success 0.246267 -0.373840 -0.376489 0.623592 0.669829 0.379304 0.136347 1.738355 -0.069894 -2.988584 -2.020342 -1.564106 -0.432188 1.478164
1776410016.695766 jaka_arm_right success 0.249570 -0.375061 -0.376294 0.627347 0.668178 0.377611 0.131848 1.748835 -0.071396 -2.973920 -2.014625 -1.569786 -0.401815 1.505944
1776410016.704094 jaka_arm_right success 0.253184 -0.376325 -0.376334 0.629493 0.667533 0.376017 0.129421 1.757987 -0.068578 -2.961097 -2.007826 -1.568430 -0.375724 1.518885
1776410016.712471 jaka_arm_right success 0.256398 -0.377447 -0.376236 0.631588 0.667395 0.373515 0.127151 1.767753 -0.069593 -2.947646 -2.004491 -1.564946 -0.347840 1.529900
1776410016.720793 jaka_arm_right success 0.259852 -0.378185 -0.376263 0.634922 0.665620 0.371481 0.125798 1.775455 -0.070410 -2.937293 -2.002268 -1.557981 -0.327376 1.538028
1776410016.729117 jaka_arm_right success 0.263248 -0.379337 -0.376490 0.634930 0.666626 0.369381 0.126615 1.782676 -0.064931 -2.927284 -1.991693 -1.554528 -0.308425 1.539372
1776410016.737437 jaka_arm_right success 0.266381 -0.380203 -0.376495 0.636614 0.666748 0.366251 0.126610 1.792961 -0.066523 -2.913782 -1.990697 -1.535412 -0.281904 1.531485
1776410016.745902 jaka_arm_right success 0.269655 -0.380982 -0.376721 0.637804 0.666929 0.363547 0.127458 1.801821 -0.059732 -2.901541 -1.991575 -1.475562 -0.260075 1.477665
1776410016.754135 jaka_arm_right success 0.272835 -0.381717 -0.376881 0.639236 0.667028 0.360910 0.127260 1.809502 -0.058134 -2.890383 -1.988299 -1.451225 -0.238588 1.462149
1776410016.762449 jaka_arm_right success 0.276010 -0.382475 -0.377159 0.640386 0.667403 0.358225 0.127095 1.815071 -0.050418 -2.879786 -1.983116 -1.409043 -0.220227 1.425518
1776410016.770831 jaka_arm_right success 0.279263 -0.383307 -0.377613 0.640562 0.668173 0.356169 0.127946 1.820845 -0.048629 -2.866474 -1.984802 -1.352454 -0.201288 1.373639
1776410016.779126 jaka_arm_right success 0.282292 -0.383465 -0.377967 0.643840 0.666157 0.354303 0.127180 1.825048 -0.044271 -2.852920 -1.981743 -1.292308 -0.184034 1.327074
1776410016.787543 jaka_arm_right success 0.285283 -0.384147 -0.378124 0.644863 0.666680 0.351958 0.125758 1.832021 -0.039450 -2.837663 -1.973542 -1.257253 -0.158129 1.299724
1776410016.795795 jaka_arm_right success 0.288296 -0.384465 -0.378462 0.646525 0.665956 0.350836 0.124181 1.833044 -0.033166 -2.821105 -1.969104 -1.189713 -0.139502 1.239712
1776410016.804068 jaka_arm_right success 0.291209 -0.384987 -0.378728 0.646560 0.666694 0.349937 0.122574 1.838878 -0.031054 -2.814141 -1.961833 -1.186401 -0.122333 1.242022
1776410016.812583 jaka_arm_right success 0.293903 -0.385145 -0.378966 0.648417 0.665700 0.348762 0.121512 1.833125 -0.022929 -2.788548 -1.955818 -1.071060 -0.103429 1.135159
1776410016.820798 jaka_arm_right success 0.296418 -0.385395 -0.379719 0.649241 0.663491 0.351580 0.121066 1.834604 -0.017664 -2.787104 -1.954194 -1.069328 -0.105491 1.137215
1776410016.829160 jaka_arm_right success 0.298920 -0.385932 -0.380332 0.649368 0.662944 0.352504 0.120691 1.837961 -0.007982 -2.783536 -1.943135 -1.069580 -0.098593 1.137603
1776410016.837459 jaka_arm_right success 0.301522 -0.386401 -0.380726 0.650797 0.662117 0.351906 0.119277 1.845130 -0.008809 -2.776162 -1.935758 -1.065086 -0.080054 1.142166
1776410016.845859 jaka_arm_right success 0.303983 -0.386537 -0.381159 0.653788 0.659811 0.351119 0.118010 1.848521 0.001213 -2.768425 -1.926008 -0.951070 -0.070198 1.036964
1776410016.854106 jaka_arm_right success 0.306394 -0.386985 -0.381826 0.655114 0.659302 0.349315 0.118853 1.862750 0.005320 -2.768259 -1.922950 -0.735189 -0.061810 0.825270
1776410016.862425 jaka_arm_right success 0.308821 -0.387269 -0.382503 0.657352 0.658023 0.347170 0.119865 1.898204 0.012041 -2.796023 -1.927294 -0.493179 -0.071538 0.587205
1776410016.870785 jaka_arm_right success 0.311206 -0.387572 -0.383207 0.659038 0.657568 0.344341 0.121251 1.966001 0.019269 -2.851740 -1.927422 -0.242590 -0.080485 0.340636
1776410016.879142 jaka_arm_right success 0.313580 -0.387582 -0.384381 0.661597 0.655556 0.342005 0.124777 2.002808 0.029614 -2.882096 -1.926310 -0.148270 -0.098406 0.249964
1776410016.887527 jaka_arm_right success 0.315795 -0.387964 -0.385044 0.663432 0.655780 0.338095 0.124508 2.095856 0.033115 -2.960616 -1.927539 0.056718 -0.108882 0.052435
1776410016.895773 jaka_arm_right success 0.317944 -0.388270 -0.386006 0.664881 0.655799 0.334735 0.125752 2.136387 0.040598 -2.993889 -1.924887 0.142586 -0.121008 -0.030326
1776410016.904127 jaka_arm_right success 0.320093 -0.388547 -0.387028 0.666689 0.655218 0.332256 0.125784 2.178651 0.047209 -3.026958 -1.922424 0.226295 -0.132024 -0.107897
1776410016.912447 jaka_arm_right success 0.322242 -0.388822 -0.388265 0.668183 0.654654 0.330251 0.126069 2.197747 0.054115 -3.041138 -1.919429 0.261671 -0.141578 -0.139574
1776410016.920768 jaka_arm_right success 0.324136 -0.389135 -0.389277 0.670319 0.654083 0.327749 0.124213 2.251833 0.060543 -3.085423 -1.912549 0.361721 -0.147286 -0.229934
1776410016.929150 jaka_arm_right success 0.326031 -0.389342 -0.390268 0.672798 0.652971 0.325968 0.121311 2.302654 0.067000 -3.126487 -1.905404 0.453838 -0.153037 -0.309558
1776410016.937418 jaka_arm_right success 0.327788 -0.389735 -0.391423 0.674299 0.652819 0.323586 0.120168 2.323835 0.073224 -3.144381 -1.900419 0.492474 -0.158784 -0.343924
1776410016.945923 jaka_arm_right success 0.329545 -0.390013 -0.392633 0.675852 0.652188 0.322484 0.117812 2.366246 0.077510 -3.178309 -1.895433 0.564966 -0.165055 -0.407032
1776410016.954129 jaka_arm_right success 0.331309 -0.390194 -0.394059 0.676389 0.651575 0.322709 0.117506 2.366023 0.085876 -3.178408 -1.885338 0.566190 -0.162174 -0.406060
1776410016.962653 jaka_arm_right success 0.333021 -0.390497 -0.395584 0.676587 0.651692 0.321641 0.118640 2.366533 0.089305 -3.178022 -1.880772 0.566094 -0.164267 -0.406087
1776410016.970803 jaka_arm_right success 0.334410 -0.390230 -0.396479 0.680020 0.650073 0.319103 0.114681 2.415185 0.098243 -3.219835 -1.870420 0.647657 -0.169495 -0.472929
1776410016.979183 jaka_arm_right success 0.335882 -0.390321 -0.397698 0.680258 0.651038 0.317260 0.112893 2.435589 0.104871 -3.237433 -1.865256 0.681108 -0.174262 -0.502063
1776410016.987479 jaka_arm_right success 0.337334 -0.390300 -0.399017 0.681243 0.651043 0.315285 0.112453 2.441710 0.110964 -3.240762 -1.862246 0.689995 -0.182764 -0.507743
1776410016.995861 jaka_arm_right success 0.338729 -0.390347 -0.400348 0.681481 0.651616 0.314094 0.111022 2.473697 0.117052 -3.270340 -1.850971 0.742985 -0.180826 -0.555675
1776410017.004140 jaka_arm_right success 0.340008 -0.390130 -0.401588 0.682439 0.651400 0.313206 0.108886 2.481798 0.122880 -3.277802 -1.846469 0.757811 -0.183480 -0.566103
1776410017.012496 jaka_arm_right success 0.341301 -0.390181 -0.402801 0.682412 0.651882 0.313167 0.106256 2.528684 0.128729 -3.324401 -1.831274 0.835133 -0.173891 -0.635883
1776410017.020836 jaka_arm_right success 0.342481 -0.390120 -0.404123 0.682631 0.651921 0.313144 0.104661 2.528351 0.134863 -3.325333 -1.826212 0.836909 -0.173936 -0.635577
1776410017.029200 jaka_arm_right success 0.343588 -0.389954 -0.405322 0.683594 0.651247 0.312915 0.103253 2.542923 0.139648 -3.340736 -1.818247 0.862482 -0.170944 -0.656053
1776410017.037463 jaka_arm_right success 0.344693 -0.390154 -0.406449 0.682965 0.651966 0.313381 0.101445 2.574160 0.146587 -3.377085 -1.801946 0.914266 -0.158014 -0.704368
1776410017.045795 jaka_arm_right success 0.345444 -0.389781 -0.407197 0.685726 0.649984 0.312842 0.097110 2.605739 0.150432 -3.406212 -1.797626 0.966656 -0.159342 -0.741358
1776410017.054184 jaka_arm_right success 0.346482 -0.390047 -0.408323 0.684451 0.650780 0.314239 0.096267 2.617872 0.153430 -3.425547 -1.789727 0.990051 -0.146061 -0.765455
1776410017.062476 jaka_arm_right success 0.347380 -0.390086 -0.409286 0.683867 0.651011 0.315397 0.095051 2.647210 0.159703 -3.460139 -1.778062 1.035707 -0.134930 -0.806636
1776410017.070760 jaka_arm_right success 0.348146 -0.389910 -0.410026 0.684758 0.650074 0.316277 0.092080 2.666375 0.163323 -3.483598 -1.772525 1.067778 -0.128353 -0.831368
1776410017.079099 jaka_arm_right success 0.348998 -0.390002 -0.410946 0.683470 0.650535 0.318510 0.090684 2.713451 0.170354 -3.546412 -1.756531 1.137429 -0.102755 -0.894935
1776410017.087439 jaka_arm_right success 0.349636 -0.389883 -0.411649 0.683420 0.650066 0.320289 0.088120 2.747309 0.176352 -3.588734 -1.749263 1.183931 -0.088460 -0.932905
1776410017.095813 jaka_arm_right success 0.350361 -0.389892 -0.412375 0.682339 0.650472 0.322499 0.085403 2.831745 0.186947 -3.695502 -1.739001 1.281860 -0.057710 -1.016226
1776410017.104093 jaka_arm_right success 0.351005 -0.389975 -0.413049 0.681085 0.651184 0.324076 0.084006 2.910682 0.201017 -3.800893 -1.730392 1.354380 -0.024244 -1.074509
1776410017.112443 jaka_arm_right success 0.351581 -0.389730 -0.413565 0.681188 0.650736 0.324992 0.083100 2.974653 0.214652 -3.885680 -1.725196 1.386744 0.001860 -1.091155
1776410017.120763 jaka_arm_right success 0.352117 -0.389386 -0.414085 0.681006 0.650735 0.325212 0.083738 2.974058 0.215204 -3.885615 -1.724050 1.386907 0.003176 -1.090994
1776410017.129121 jaka_arm_right success 0.352597 -0.389021 -0.414365 0.681334 0.650656 0.324342 0.085046 2.973648 0.217622 -3.885125 -1.720271 1.387459 0.003036 -1.090456
1776410017.137456 jaka_arm_right success 0.353083 -0.389114 -0.414670 0.680332 0.651924 0.323604 0.086169 2.900194 0.208580 -3.791470 -1.719434 1.384943 -0.022030 -1.106136
1776410017.145760 jaka_arm_right success 0.353465 -0.388874 -0.414795 0.680992 0.651193 0.323760 0.085890 2.900089 0.208186 -3.791406 -1.719545 1.385826 -0.021839 -1.105255
1776410017.154135 jaka_arm_right success 0.353587 -0.388409 -0.414699 0.683443 0.649025 0.323499 0.083790 2.899255 0.207702 -3.791564 -1.720938 1.389074 -0.021531 -1.102033
1776410017.162419 jaka_arm_right success 0.353916 -0.388461 -0.415040 0.683265 0.648683 0.324169 0.085282 2.881222 0.207944 -3.765993 -1.718605 1.379611 -0.028494 -1.093633
1776410017.170815 jaka_arm_right success 0.354219 -0.388414 -0.415194 0.683195 0.648350 0.324798 0.085982 2.803809 0.199810 -3.672176 -1.720602 1.333544 -0.047481 -1.062259
1776410017.179136 jaka_arm_right success 0.354601 -0.388456 -0.415503 0.681978 0.648624 0.326342 0.087715 2.803558 0.199468 -3.671628 -1.720011 1.331899 -0.044046 -1.063784
1776410017.187454 jaka_arm_right success 0.354800 -0.388690 -0.415639 0.680084 0.650789 0.325890 0.088067 2.803631 0.200613 -3.671899 -1.719951 1.329658 -0.044490 -1.066024
1776410017.195737 jaka_arm_right success 0.354988 -0.388784 -0.415814 0.678129 0.652812 0.325474 0.089692 2.804231 0.201241 -3.671845 -1.718921 1.326689 -0.044910 -1.068947
1776410017.204139 jaka_arm_right success 0.355087 -0.388700 -0.415938 0.676779 0.653993 0.325449 0.091363 2.789179 0.200525 -3.657607 -1.716349 1.314213 -0.043075 -1.064520
1776410017.212422 jaka_arm_right success 0.355034 -0.388507 -0.415834 0.676386 0.654707 0.324913 0.091065 2.788903 0.201038 -3.657955 -1.716594 1.313673 -0.043421 -1.065069
1776410017.220815 jaka_arm_right success 0.354969 -0.388547 -0.415912 0.675371 0.655716 0.324642 0.092291 2.747638 0.197720 -3.607281 -1.718451 1.276679 -0.055107 -1.039153
1776410017.229135 jaka_arm_right success 0.354898 -0.388709 -0.416022 0.673449 0.657485 0.324242 0.095112 2.689925 0.190957 -3.536687 -1.724133 1.218677 -0.070406 -0.998338
1776410017.237474 jaka_arm_right success 0.354673 -0.388754 -0.415817 0.671729 0.659716 0.322535 0.097601 2.655858 0.189155 -3.492215 -1.728116 1.174328 -0.084555 -0.966678
1776410017.245928 jaka_arm_right success 0.354394 -0.388416 -0.415785 0.671849 0.659507 0.321450 0.101685 2.553423 0.184053 -3.372847 -1.740725 1.053277 -0.112314 -0.864220
1776410017.254160 jaka_arm_right success 0.353855 -0.387802 -0.415431 0.674992 0.657143 0.319127 0.103474 2.492002 0.180166 -3.296421 -1.755760 0.978315 -0.138616 -0.792482
1776410017.262583 jaka_arm_right success 0.353594 -0.387674 -0.415368 0.675287 0.657227 0.317229 0.106797 2.451762 0.179993 -3.247390 -1.766307 0.916782 -0.157369 -0.738951
1776410017.270817 jaka_arm_right success 0.353547 -0.387504 -0.415044 0.674903 0.658289 0.315273 0.108467 2.453103 0.179161 -3.246622 -1.766158 0.914956 -0.161992 -0.739941
1776410017.279169 jaka_arm_right success 0.353538 -0.387382 -0.414739 0.674052 0.659591 0.314223 0.108890 2.455320 0.179171 -3.245441 -1.769270 0.913426 -0.168130 -0.740755
1776410017.287464 jaka_arm_right success 0.353573 -0.387186 -0.414660 0.673278 0.659916 0.315091 0.109200 2.455668 0.179373 -3.245121 -1.769468 0.913133 -0.167811 -0.741037
1776410017.295732 jaka_arm_right success 0.353511 -0.387117 -0.414386 0.672928 0.660678 0.314358 0.108862 2.455214 0.179718 -3.245757 -1.769804 0.912172 -0.168277 -0.742091
1776410017.304089 jaka_arm_right success 0.353431 -0.387001 -0.414071 0.672767 0.661342 0.313452 0.108442 2.454737 0.179736 -3.246322 -1.769862 0.911861 -0.168796 -0.742461
1776410017.312529 jaka_arm_right success 0.353333 -0.387072 -0.413835 0.672460 0.662397 0.312701 0.106046 2.480773 0.178505 -3.266975 -1.774708 0.945454 -0.175474 -0.771189
1776410017.320841 jaka_arm_right success 0.353299 -0.387248 -0.413740 0.671582 0.664076 0.311608 0.104313 2.504331 0.175705 -3.293288 -1.774479 0.982374 -0.172462 -0.807255
1776410017.329148 jaka_arm_right success 0.353270 -0.387175 -0.413657 0.671851 0.664253 0.311048 0.103121 2.518760 0.180078 -3.305219 -1.769642 1.003807 -0.175246 -0.825000
1776410017.337433 jaka_arm_right success 0.353188 -0.387053 -0.413531 0.672037 0.664458 0.310462 0.102344 2.518191 0.180222 -3.305765 -1.769838 1.004055 -0.175551 -0.824834
1776410017.345838 jaka_arm_right success 0.352944 -0.386647 -0.413079 0.673605 0.663765 0.309012 0.100917 2.521469 0.181028 -3.305383 -1.773221 1.007967 -0.183869 -0.822955
1776410017.354132 jaka_arm_right success 0.352796 -0.386371 -0.412893 0.674277 0.663719 0.307150 0.102399 2.524310 0.179975 -3.304189 -1.774000 1.008017 -0.190476 -0.822802
1776410017.362476 jaka_arm_right success 0.352561 -0.385936 -0.412592 0.674863 0.663547 0.305726 0.103909 2.517225 0.177982 -3.289418 -1.782610 0.985084 -0.203818 -0.799789
1776410017.370786 jaka_arm_right success 0.352323 -0.385435 -0.412417 0.674763 0.663546 0.305212 0.106055 2.497833 0.176946 -3.268917 -1.789201 0.945028 -0.211086 -0.764352
1776410017.379133 jaka_arm_right success 0.351995 -0.384809 -0.412213 0.673852 0.664456 0.304164 0.109111 2.473899 0.175411 -3.240628 -1.803354 0.891677 -0.224411 -0.718530
1776410017.387509 jaka_arm_right success 0.351589 -0.384039 -0.411734 0.673233 0.665740 0.301640 0.112070 2.449728 0.177733 -3.213633 -1.812940 0.838349 -0.240073 -0.673005
1776410017.395819 jaka_arm_right success 0.351139 -0.383433 -0.411431 0.670482 0.668465 0.299775 0.117233 2.427087 0.174032 -3.188825 -1.827257 0.785062 -0.253583 -0.634523
1776410017.404120 jaka_arm_right success 0.350641 -0.382115 -0.410795 0.670942 0.668421 0.297159 0.121437 2.397449 0.178341 -3.155147 -1.842271 0.719059 -0.278009 -0.574320
1776410017.412498 jaka_arm_right success 0.350128 -0.381132 -0.410344 0.668740 0.670633 0.294179 0.128443 2.365900 0.179311 -3.121089 -1.861881 0.648419 -0.304444 -0.519159
1776410017.420871 jaka_arm_right success 0.349604 -0.379753 -0.409862 0.668005 0.670829 0.293824 0.132004 2.350034 0.177467 -3.103567 -1.876130 0.611926 -0.317736 -0.488753
1776410017.429160 jaka_arm_right success 0.349100 -0.378855 -0.409438 0.665528 0.672621 0.292976 0.137177 2.325232 0.181461 -3.081050 -1.887837 0.558146 -0.334283 -0.447999
1776410017.437433 jaka_arm_right success 0.348529 -0.377362 -0.408882 0.666188 0.671212 0.292642 0.141521 2.299156 0.180518 -3.056582 -1.904191 0.505361 -0.350664 -0.400231
1776410017.445834 jaka_arm_right success 0.348015 -0.376333 -0.408446 0.664515 0.671356 0.293755 0.146315 2.272031 0.181504 -3.034160 -1.916712 0.451466 -0.361812 -0.357284
1776410017.454142 jaka_arm_right success 0.347331 -0.374921 -0.407515 0.665559 0.669808 0.293385 0.149377 2.257073 0.182773 -3.019446 -1.929156 0.421003 -0.378030 -0.327456
1776410017.462432 jaka_arm_right success 0.346765 -0.374129 -0.406889 0.663920 0.670119 0.295084 0.151910 2.238038 0.180906 -3.007734 -1.931521 0.387311 -0.373988 -0.303017
1776410017.470755 jaka_arm_right success 0.346160 -0.373142 -0.406167 0.663542 0.669085 0.297104 0.154166 2.222997 0.182516 -2.993500 -1.943382 0.356688 -0.385198 -0.275793
1776410017.479141 jaka_arm_right success 0.345662 -0.372536 -0.405396 0.661970 0.669070 0.300117 0.155151 2.207441 0.177206 -2.984713 -1.943827 0.331636 -0.373850 -0.257495
1776410017.487506 jaka_arm_right success 0.345116 -0.371513 -0.404718 0.662133 0.666536 0.305025 0.155788 2.180829 0.174060 -2.966405 -1.947371 0.290770 -0.364618 -0.218833
1776410017.495769 jaka_arm_right success 0.344648 -0.370827 -0.403902 0.661679 0.664768 0.309547 0.156350 2.156322 0.172952 -2.949117 -1.949874 0.251842 -0.356933 -0.183765
1776410017.504110 jaka_arm_right success 0.344059 -0.370262 -0.402963 0.661159 0.663343 0.313688 0.156348 2.141470 0.168401 -2.937563 -1.949347 0.229721 -0.345162 -0.162206
1776410017.512468 jaka_arm_right success 0.343486 -0.369469 -0.401970 0.661638 0.660827 0.317924 0.156423 2.119086 0.165256 -2.920913 -1.950449 0.197180 -0.335584 -0.130355
1776410017.521046 jaka_arm_right success 0.342963 -0.368727 -0.401064 0.661606 0.658384 0.322720 0.157032 2.088188 0.165488 -2.897844 -1.950468 0.151552 -0.327680 -0.088101
1776410017.529126 jaka_arm_right success 0.342554 -0.367984 -0.400087 0.661125 0.656156 0.327505 0.158471 2.056056 0.163632 -2.871962 -1.960892 0.102886 -0.329659 -0.044088
1776410017.537494 jaka_arm_right success 0.341894 -0.366957 -0.398783 0.661708 0.653920 0.330529 0.159005 2.033772 0.160533 -2.854169 -1.964642 0.071020 -0.327289 -0.012270
1776410017.545790 jaka_arm_right success 0.341439 -0.366088 -0.397514 0.661298 0.652565 0.333545 0.159977 2.021552 0.157883 -2.842606 -1.973143 0.051573 -0.329752 0.006445
1776410017.554137 jaka_arm_right success 0.341013 -0.365119 -0.396264 0.660304 0.651317 0.337291 0.161305 1.991379 0.154503 -2.819320 -1.971568 0.006063 -0.320237 0.046625
1776410017.562483 jaka_arm_right success 0.340582 -0.364064 -0.394926 0.659505 0.649994 0.340603 0.162946 1.974260 0.155655 -2.804060 -1.981156 -0.021558 -0.328074 0.071218
1776410017.570773 jaka_arm_right success 0.340093 -0.363036 -0.393367 0.659279 0.648817 0.342881 0.163767 1.958307 0.156139 -2.791670 -1.988971 -0.046398 -0.335338 0.092527
1776410017.579224 jaka_arm_right success 0.339570 -0.361966 -0.391717 0.659253 0.647683 0.344627 0.164693 1.946822 0.152879 -2.782132 -1.997665 -0.063940 -0.339879 0.109638
1776410017.587499 jaka_arm_right success 0.339458 -0.361014 -0.390517 0.657161 0.646217 0.349137 0.169252 1.905970 0.152627 -2.750795 -2.000213 -0.130900 -0.341086 0.164040
1776410017.595797 jaka_arm_right success 0.338879 -0.359988 -0.388784 0.656991 0.644999 0.351834 0.168973 1.897632 0.150820 -2.743635 -2.009144 -0.143740 -0.345055 0.177097
1776410017.604099 jaka_arm_right success 0.338500 -0.359104 -0.387098 0.655429 0.644204 0.355236 0.170947 1.871725 0.148672 -2.724582 -2.014327 -0.185632 -0.345902 0.212351
1776410017.612436 jaka_arm_right success 0.338090 -0.358074 -0.385275 0.655314 0.642712 0.357908 0.171427 1.856406 0.146529 -2.712627 -2.020345 -0.209738 -0.348827 0.235616
1776410017.620825 jaka_arm_right success 0.337693 -0.357000 -0.383563 0.654296 0.640742 0.362729 0.172552 1.828571 0.140882 -2.689367 -2.021683 -0.255700 -0.340867 0.279725
1776410017.629226 jaka_arm_right success 0.337374 -0.356051 -0.381774 0.653112 0.639296 0.366463 0.174498 1.803883 0.142781 -2.670963 -2.024995 -0.297889 -0.345938 0.315034
1776410017.637430 jaka_arm_right success 0.337028 -0.354871 -0.379929 0.652119 0.637358 0.371331 0.175009 1.776691 0.141170 -2.649973 -2.027911 -0.343471 -0.344372 0.356646
1776410017.645780 jaka_arm_right success 0.336621 -0.353807 -0.377907 0.651577 0.635585 0.374574 0.176561 1.760687 0.142842 -2.638809 -2.035801 -0.370640 -0.353831 0.379395
1776410017.654161 jaka_arm_right success 0.336196 -0.352603 -0.375766 0.651481 0.633571 0.377990 0.176875 1.752897 0.138314 -2.630702 -2.045982 -0.383458 -0.358767 0.395590
1776410017.662425 jaka_arm_right success 0.335810 -0.351464 -0.373758 0.650694 0.631411 0.382242 0.178353 1.720420 0.136305 -2.608920 -2.049461 -0.438419 -0.361098 0.445798
1776410017.670774 jaka_arm_right success 0.335510 -0.350238 -0.371580 0.649926 0.629326 0.386440 0.179471 1.700944 0.131442 -2.593753 -2.056507 -0.473552 -0.364089 0.479871
1776410017.679378 jaka_arm_right success 0.335067 -0.349054 -0.369326 0.649372 0.627717 0.389649 0.180170 1.691295 0.131509 -2.585751 -2.061495 -0.492597 -0.369672 0.497530
1776410017.687465 jaka_arm_right success 0.334639 -0.347933 -0.367007 0.649330 0.625590 0.392623 0.181258 1.676222 0.128784 -2.575664 -2.067679 -0.520245 -0.375306 0.523837
1776410017.695796 jaka_arm_right success 0.334500 -0.346693 -0.364895 0.647970 0.623079 0.398163 0.182685 1.646285 0.127665 -2.555899 -2.070240 -0.577846 -0.380201 0.576617
1776410017.704118 jaka_arm_right success 0.334183 -0.345722 -0.362714 0.646245 0.621885 0.402222 0.183965 1.635389 0.127352 -2.549547 -2.078632 -0.599702 -0.388564 0.593688
1776410017.712477 jaka_arm_right success 0.333706 -0.344228 -0.360282 0.646981 0.618309 0.406436 0.184172 1.620515 0.123950 -2.538440 -2.084613 -0.628557 -0.393121 0.626628
1776410017.720824 jaka_arm_right success 0.333425 -0.343231 -0.358122 0.644946 0.617171 0.410671 0.185728 1.600358 0.124714 -2.528134 -2.087502 -0.671222 -0.400891 0.660187
1776410017.729182 jaka_arm_right success 0.333138 -0.342054 -0.355824 0.643381 0.615586 0.414765 0.187310 1.583386 0.121660 -2.519025 -2.093747 -0.706941 -0.410282 0.691544
1776410017.737442 jaka_arm_right success 0.332753 -0.340580 -0.353416 0.642846 0.613420 0.418406 0.188152 1.574474 0.118411 -2.513869 -2.102942 -0.725318 -0.419461 0.709619
1776410017.745936 jaka_arm_right success 0.332431 -0.339100 -0.351134 0.642139 0.610824 0.422602 0.189629 1.564073 0.121637 -2.509486 -2.107801 -0.748544 -0.430290 0.727488
1776410017.754162 jaka_arm_right success 0.332118 -0.337643 -0.348785 0.640883 0.608744 0.427053 0.190594 1.546052 0.119047 -2.501371 -2.111802 -0.788917 -0.439291 0.763967
1776410017.762520 jaka_arm_right success 0.331785 -0.336380 -0.346642 0.638853 0.607454 0.431065 0.192482 1.533898 0.119377 -2.496521 -2.115944 -0.819184 -0.449125 0.786725
1776410017.770747 jaka_arm_right success 0.331438 -0.335168 -0.344454 0.636331 0.606515 0.435268 0.194330 1.521746 0.118120 -2.491396 -2.119223 -0.851462 -0.457292 0.811685
1776410017.779155 jaka_arm_right success 0.331154 -0.333467 -0.342297 0.635288 0.603551 0.440548 0.195072 1.508913 0.119261 -2.486515 -2.122729 -0.883975 -0.467435 0.839491
1776410017.787502 jaka_arm_right success 0.330753 -0.332075 -0.340109 0.634543 0.602046 0.443824 0.194721 1.503204 0.117344 -2.484465 -2.129964 -0.897136 -0.474558 0.851890
1776410017.795824 jaka_arm_right success 0.330583 -0.330408 -0.337989 0.633780 0.600195 0.447118 0.195380 1.499587 0.115798 -2.482565 -2.137005 -0.906184 -0.482514 0.860009
1776410017.804093 jaka_arm_right success 0.330475 -0.328930 -0.335960 0.631394 0.600007 0.449704 0.197737 1.496942 0.119060 -2.482462 -2.141343 -0.914967 -0.491358 0.859079
1776410017.812466 jaka_arm_right success 0.330372 -0.327187 -0.334040 0.629395 0.599136 0.453427 0.198249 1.487533 0.117995 -2.480607 -2.145044 -0.939289 -0.498634 0.877447
1776410017.820800 jaka_arm_right success 0.330323 -0.325515 -0.332183 0.627358 0.598451 0.456639 0.199394 1.486432 0.121416 -2.479383 -2.148922 -0.947329 -0.504348 0.878409
1776410017.829180 jaka_arm_right success 0.330291 -0.323643 -0.330310 0.626238 0.597570 0.459195 0.199690 1.484168 0.122256 -2.479371 -2.154846 -0.952193 -0.510361 0.879622
1776410017.837429 jaka_arm_right success 0.330433 -0.321775 -0.328481 0.624698 0.596900 0.462133 0.199739 1.479083 0.120169 -2.477982 -2.160287 -0.966347 -0.516108 0.889983
1776410017.845746 jaka_arm_right success 0.330562 -0.319969 -0.326722 0.623208 0.597399 0.463473 0.199800 1.480168 0.120723 -2.477114 -2.162038 -0.967714 -0.515276 0.889460
1776410017.854167 jaka_arm_right success 0.330848 -0.317997 -0.325036 0.621364 0.597890 0.465006 0.200508 1.481638 0.121059 -2.475911 -2.164001 -0.969701 -0.514462 0.888404
1776410017.862484 jaka_arm_right success 0.330839 -0.315823 -0.323168 0.621578 0.597375 0.466124 0.198777 1.481674 0.115505 -2.475561 -2.173943 -0.966013 -0.516844 0.888717
1776410017.870751 jaka_arm_right success 0.331072 -0.313983 -0.321566 0.618253 0.599143 0.468190 0.198971 1.483220 0.115238 -2.474559 -2.176586 -0.969931 -0.514549 0.885751
1776410017.879064 jaka_arm_right success 0.331448 -0.312112 -0.320149 0.615749 0.599615 0.470425 0.200039 1.483276 0.120728 -2.474771 -2.178651 -0.974404 -0.517787 0.880970
1776410017.887449 jaka_arm_right success 0.331760 -0.309981 -0.318574 0.614691 0.599659 0.472209 0.198952 1.484613 0.119751 -2.474077 -2.184516 -0.973263 -0.517922 0.879204
1776410017.895801 jaka_arm_right success 0.332105 -0.307966 -0.317096 0.612909 0.600492 0.473413 0.199081 1.490242 0.121562 -2.475461 -2.193429 -0.958900 -0.520335 0.859771
1776410017.904131 jaka_arm_right success 0.332487 -0.306179 -0.315728 0.610129 0.602372 0.474323 0.199771 1.491651 0.123254 -2.475340 -2.193855 -0.961192 -0.518271 0.855177
1776410017.912399 jaka_arm_right success 0.332796 -0.303983 -0.314237 0.609345 0.602427 0.475719 0.198675 1.497801 0.125166 -2.475706 -2.200653 -0.947986 -0.517238 0.841184
1776410017.920774 jaka_arm_right success 0.333171 -0.301956 -0.312865 0.607791 0.603416 0.476529 0.198493 1.505013 0.126183 -2.476870 -2.208049 -0.931572 -0.516202 0.822681
1776410017.929142 jaka_arm_right success 0.333563 -0.299927 -0.311378 0.606648 0.604455 0.476827 0.198113 1.512003 0.126153 -2.477709 -2.213882 -0.915849 -0.514786 0.806782
1776410017.937436 jaka_arm_right success 0.334020 -0.298057 -0.310070 0.604313 0.606244 0.477191 0.198903 1.516748 0.131758 -2.480550 -2.218747 -0.905777 -0.517802 0.786266
1776410017.945860 jaka_arm_right success 0.334441 -0.296002 -0.308694 0.603325 0.606566 0.477755 0.199569 1.525827 0.134594 -2.483822 -2.228934 -0.881736 -0.522218 0.759198
1776410017.954134 jaka_arm_right success 0.334697 -0.293818 -0.307187 0.602858 0.606829 0.478820 0.197618 1.529890 0.133150 -2.482230 -2.230779 -0.876793 -0.515957 0.759231
1776410017.962443 jaka_arm_right success 0.335277 -0.292165 -0.305893 0.600034 0.608794 0.479370 0.198830 1.539256 0.140451 -2.485850 -2.236330 -0.858657 -0.518598 0.730462
1776410017.970770 jaka_arm_right success 0.335699 -0.290252 -0.304466 0.598095 0.610012 0.480590 0.197993 1.542984 0.135926 -2.483791 -2.239431 -0.856135 -0.512417 0.730585
1776410017.979099 jaka_arm_right success 0.335952 -0.288362 -0.302988 0.597321 0.610580 0.481403 0.196596 1.553545 0.138358 -2.484504 -2.241204 -0.837694 -0.505596 0.715079
1776410017.987504 jaka_arm_right success 0.336522 -0.286595 -0.301652 0.594911 0.611600 0.483000 0.196819 1.554328 0.139559 -2.484718 -2.245435 -0.839282 -0.506859 0.710509
1776410017.995773 jaka_arm_right success 0.337029 -0.284796 -0.300219 0.592456 0.612720 0.484780 0.196363 1.556710 0.139764 -2.483553 -2.247546 -0.840244 -0.503885 0.708475
1776410018.004105 jaka_arm_right success 0.337453 -0.282792 -0.298705 0.591403 0.612667 0.486262 0.196041 1.566166 0.143878 -2.485607 -2.254241 -0.822454 -0.505421 0.689491
1776410018.020810 jaka_arm_right success 0.337728 -0.280906 -0.297160 0.589855 0.613639 0.487401 0.194829 1.567365 0.143222 -2.485359 -2.256729 -0.822784 -0.501893 0.688368
1776410018.029127 jaka_arm_right success 0.338401 -0.277190 -0.294094 0.586263 0.615147 0.489290 0.196177 1.582631 0.149581 -2.490850 -2.268928 -0.793909 -0.507219 0.651145
1776410018.037591 jaka_arm_right large_joint_change 0.338769 -0.275305 -0.292547 0.583621 0.616478 0.490125 0.197786 1.582631 0.149581 -2.490850 -2.268928 -0.793909 -0.507219 0.651145
1776410018.045823 jaka_arm_right solver_failed 0.339075 -0.273271 -0.290856 0.582453 0.616798 0.491069 0.197888 1.582631 0.149581 -2.490850 -2.268928 -0.793909 -0.507219 0.651145
1776410018.054184 jaka_arm_right solver_failed 0.339591 -0.271513 -0.289351 0.579498 0.618361 0.491560 0.200452 1.582631 0.149581 -2.490850 -2.268928 -0.793909 -0.507219 0.651145
1776410018.062535 jaka_arm_right solver_failed 0.339837 -0.269441 -0.287542 0.577276 0.619331 0.493242 0.199733 1.582631 0.149581 -2.490850 -2.268928 -0.793909 -0.507219 0.651145
1776410018.070862 jaka_arm_right solver_failed 0.339883 -0.267392 -0.285783 0.576768 0.619519 0.493925 0.198930 1.582631 0.149581 -2.490850 -2.268928 -0.793909 -0.507219 0.651145
1776410018.079156 jaka_arm_right solver_failed 0.340406 -0.265753 -0.284307 0.573197 0.620972 0.495848 0.199932 1.582631 0.149581 -2.490850 -2.268928 -0.793909 -0.507219 0.651145
1776410018.087537 jaka_arm_right solver_failed 0.340887 -0.263805 -0.282684 0.572049 0.620616 0.497749 0.199604 1.582631 0.149581 -2.490850 -2.268928 -0.793909 -0.507219 0.651145
1776410018.095883 jaka_arm_right solver_failed 0.341304 -0.262085 -0.280989 0.569583 0.622257 0.498990 0.198446 1.582631 0.149581 -2.490850 -2.268928 -0.793909 -0.507219 0.651145
1776410018.104235 jaka_arm_right solver_failed 0.341847 -0.260119 -0.279322 0.568069 0.622245 0.500875 0.198072 1.582631 0.149581 -2.490850 -2.268928 -0.793909 -0.507219 0.651145
1776410018.112584 jaka_arm_right solver_failed 0.342264 -0.258360 -0.277658 0.565577 0.623691 0.501701 0.198566 1.582631 0.149581 -2.490850 -2.268928 -0.793909 -0.507219 0.651145
1776410018.120865 jaka_arm_right solver_failed 0.342522 -0.256431 -0.275835 0.563980 0.624258 0.503226 0.197463 1.582631 0.149581 -2.490850 -2.268928 -0.793909 -0.507219 0.651145
1776410018.129315 jaka_arm_right solver_failed 0.342886 -0.254721 -0.274206 0.561427 0.625456 0.504461 0.197799 1.582631 0.149581 -2.490850 -2.268928 -0.793909 -0.507219 0.651145
1776410018.137512 jaka_arm_right solver_failed 0.343351 -0.252840 -0.272499 0.559646 0.625629 0.506323 0.197538 1.582631 0.149581 -2.490850 -2.268928 -0.793909 -0.507219 0.651145
1776410018.145895 jaka_arm_right solver_failed 0.343594 -0.250878 -0.270588 0.559119 0.625854 0.507185 0.196103 1.582631 0.149581 -2.490850 -2.268928 -0.793909 -0.507219 0.651145
1776410018.154199 jaka_arm_right solver_failed 0.344038 -0.249250 -0.269000 0.555937 0.627570 0.508028 0.197478 1.582631 0.149581 -2.490850 -2.268928 -0.793909 -0.507219 0.651145
1776410018.162509 jaka_arm_right solver_failed 0.344377 -0.247421 -0.267167 0.554042 0.628249 0.509323 0.197308 1.582631 0.149581 -2.490850 -2.268928 -0.793909 -0.507219 0.651145
1776410018.170864 jaka_arm_right solver_failed 0.344548 -0.245688 -0.265464 0.552564 0.628936 0.509982 0.197560 1.582631 0.149581 -2.490850 -2.268928 -0.793909 -0.507219 0.651145
1776410018.179296 jaka_arm_right solver_failed 0.344958 -0.244042 -0.263869 0.549303 0.629690 0.512169 0.198593 1.582631 0.149581 -2.490850 -2.268928 -0.793909 -0.507219 0.651145
1776410018.187562 jaka_arm_right solver_failed 0.345237 -0.242594 -0.262366 0.546588 0.630449 0.513923 0.199142 1.582631 0.149581 -2.490850 -2.268928 -0.793909 -0.507219 0.651145
1776410018.195871 jaka_arm_right solver_failed 0.345565 -0.241120 -0.260786 0.544699 0.630190 0.516581 0.198259 1.582631 0.149581 -2.490850 -2.268928 -0.793909 -0.507219 0.651145
1776410018.204193 jaka_arm_right solver_failed 0.345828 -0.239685 -0.259250 0.543597 0.630165 0.518258 0.196986 1.582631 0.149581 -2.490850 -2.268928 -0.793909 -0.507219 0.651145
1776410018.212500 jaka_arm_right solver_failed 0.346149 -0.238375 -0.257791 0.542132 0.630468 0.519976 0.195521 1.582631 0.149581 -2.490850 -2.268928 -0.793909 -0.507219 0.651145
1776410018.220863 jaka_arm_right solver_failed 0.346348 -0.236876 -0.256179 0.542047 0.630385 0.521297 0.192479 1.582631 0.149581 -2.490850 -2.268928 -0.793909 -0.507219 0.651145
1776410018.229260 jaka_arm_right solver_failed 0.346759 -0.235661 -0.254802 0.540054 0.631351 0.522447 0.191798 1.582631 0.149581 -2.490850 -2.268928 -0.793909 -0.507219 0.651145
1776410018.237545 jaka_arm_right solver_failed 0.347091 -0.234267 -0.253358 0.539121 0.631571 0.523681 0.190328 1.582631 0.149581 -2.490850 -2.268928 -0.793909 -0.507219 0.651145
1776410018.245856 jaka_arm_right solver_failed 0.347430 -0.233041 -0.252055 0.537329 0.632142 0.525138 0.189486 1.582631 0.149581 -2.490850 -2.268928 -0.793909 -0.507219 0.651145
1776410018.254192 jaka_arm_right solver_failed 0.347798 -0.231858 -0.250829 0.535833 0.632360 0.526682 0.188706 1.582631 0.149581 -2.490850 -2.268928 -0.793909 -0.507219 0.651145
1776410018.262555 jaka_arm_right solver_failed 0.348052 -0.230721 -0.249626 0.534661 0.632365 0.528256 0.187609 1.582631 0.149581 -2.490850 -2.268928 -0.793909 -0.507219 0.651145
1776410018.270860 jaka_arm_right solver_failed 0.348310 -0.229565 -0.248478 0.533989 0.631977 0.529995 0.185920 1.582631 0.149581 -2.490850 -2.268928 -0.793909 -0.507219 0.651145
1776410018.279235 jaka_arm_right solver_failed 0.348469 -0.228569 -0.247347 0.533518 0.631942 0.531088 0.184266 1.582631 0.149581 -2.490850 -2.268928 -0.793909 -0.507219 0.651145
1776410018.287548 jaka_arm_right solver_failed 0.348655 -0.227529 -0.246237 0.532292 0.632125 0.532933 0.181840 1.582631 0.149581 -2.490850 -2.268928 -0.793909 -0.507219 0.651145
1776410018.295898 jaka_arm_right solver_failed 0.348828 -0.226507 -0.245213 0.532026 0.631585 0.534360 0.180300 1.582631 0.149581 -2.490850 -2.268928 -0.793909 -0.507219 0.651145
1776410018.304177 jaka_arm_right solver_failed 0.349159 -0.225769 -0.244385 0.529967 0.631770 0.536368 0.179753 1.582631 0.149581 -2.490850 -2.268928 -0.793909 -0.507219 0.651145
1776410018.312598 jaka_arm_right solver_failed 0.349349 -0.225013 -0.243582 0.528847 0.631552 0.538234 0.178232 1.582631 0.149581 -2.490850 -2.268928 -0.793909 -0.507219 0.651145
1776410018.320882 jaka_arm_right solver_failed 0.349420 -0.224208 -0.242648 0.529059 0.630934 0.539578 0.175712 1.582631 0.149581 -2.490850 -2.268928 -0.793909 -0.507219 0.651145
1776410018.329287 jaka_arm_right solver_failed 0.349702 -0.223460 -0.241885 0.528608 0.630325 0.541172 0.174344 1.582631 0.149581 -2.490850 -2.268928 -0.793909 -0.507219 0.651145
1776410018.337537 jaka_arm_right solver_failed 0.350039 -0.222974 -0.241240 0.527391 0.630698 0.542146 0.173655 1.582631 0.149581 -2.490850 -2.268928 -0.793909 -0.507219 0.651145
1776410018.345926 jaka_arm_right solver_failed 0.350320 -0.222253 -0.240604 0.526995 0.630124 0.543471 0.172798 1.582631 0.149581 -2.490850 -2.268928 -0.793909 -0.507219 0.651145
1776410018.354180 jaka_arm_right solver_failed 0.350628 -0.221711 -0.240016 0.525474 0.630252 0.544923 0.172392 1.582631 0.149581 -2.490850 -2.268928 -0.793909 -0.507219 0.651145
1776410018.362534 jaka_arm_right solver_failed 0.350676 -0.221173 -0.239378 0.525788 0.629926 0.545380 0.171174 1.582631 0.149581 -2.490850 -2.268928 -0.793909 -0.507219 0.651145
1776410018.370862 jaka_arm_right solver_failed 0.350657 -0.220643 -0.238698 0.525895 0.629641 0.546067 0.169698 1.582631 0.149581 -2.490850 -2.268928 -0.793909 -0.507219 0.651145
1776410018.379164 jaka_arm_right solver_failed 0.351024 -0.220275 -0.238275 0.524162 0.629226 0.548119 0.169985 1.582631 0.149581 -2.490850 -2.268928 -0.793909 -0.507219 0.651145
1776410018.387543 jaka_arm_right solver_failed 0.351085 -0.219804 -0.237719 0.524467 0.628075 0.549570 0.168610 1.582631 0.149581 -2.490850 -2.268928 -0.793909 -0.507219 0.651145
1776410018.395882 jaka_arm_right solver_failed 0.351101 -0.219497 -0.237147 0.524402 0.627260 0.551184 0.166563 1.582631 0.149581 -2.490850 -2.268928 -0.793909 -0.507219 0.651145
1776410018.404183 jaka_arm_right solver_failed 0.351180 -0.219123 -0.236632 0.524675 0.625958 0.552848 0.165079 1.582631 0.149581 -2.490850 -2.268928 -0.793909 -0.507219 0.651145
1776410018.412547 jaka_arm_right solver_failed 0.351109 -0.218804 -0.236052 0.525657 0.624596 0.554169 0.162669 1.582631 0.149581 -2.490850 -2.268928 -0.793909 -0.507219 0.651145
1776410018.420889 jaka_arm_right solver_failed 0.351240 -0.218714 -0.235663 0.524739 0.624034 0.555844 0.162077 1.582631 0.149581 -2.490850 -2.268928 -0.793909 -0.507219 0.651145
1776410018.429230 jaka_arm_right solver_failed 0.351339 -0.218755 -0.235212 0.523538 0.623584 0.557541 0.161859 1.582631 0.149581 -2.490850 -2.268928 -0.793909 -0.507219 0.651145
1776410018.437518 jaka_arm_right solver_failed 0.351198 -0.218580 -0.234678 0.524304 0.622468 0.558398 0.160718 1.582631 0.149581 -2.490850 -2.268928 -0.793909 -0.507219 0.651145
1776410018.445983 jaka_arm_right solver_failed 0.351075 -0.218449 -0.234170 0.524635 0.621494 0.559305 0.160254 1.582631 0.149581 -2.490850 -2.268928 -0.793909 -0.507219 0.651145
1776410018.454238 jaka_arm_right solver_failed 0.351078 -0.218494 -0.233732 0.523919 0.620812 0.560597 0.160725 1.582631 0.149581 -2.490850 -2.268928 -0.793909 -0.507219 0.651145
1776410018.462559 jaka_arm_right solver_failed 0.351015 -0.218478 -0.233292 0.523641 0.620150 0.561681 0.160401 1.582631 0.149581 -2.490850 -2.268928 -0.793909 -0.507219 0.651145
1776410018.470912 jaka_arm_right solver_failed 0.350972 -0.218503 -0.232843 0.523218 0.619335 0.563187 0.159647 1.582631 0.149581 -2.490850 -2.268928 -0.793909 -0.507219 0.651145
1776410018.479245 jaka_arm_right solver_failed 0.350882 -0.218561 -0.232432 0.523656 0.618125 0.564309 0.158937 1.582631 0.149581 -2.490850 -2.268928 -0.793909 -0.507219 0.651145
1776410018.487536 jaka_arm_right solver_failed 0.350984 -0.218784 -0.232145 0.522663 0.617401 0.566080 0.158721 1.582631 0.149581 -2.490850 -2.268928 -0.793909 -0.507219 0.651145
1776410018.495896 jaka_arm_right solver_failed 0.350971 -0.218960 -0.231798 0.522176 0.616403 0.568145 0.156813 1.582631 0.149581 -2.490850 -2.268928 -0.793909 -0.507219 0.651145
1776410018.504212 jaka_arm_right solver_failed 0.350868 -0.219030 -0.231478 0.522797 0.614871 0.569906 0.154353 1.582631 0.149581 -2.490850 -2.268928 -0.793909 -0.507219 0.651145
1776410018.512590 jaka_arm_right solver_failed 0.351105 -0.219365 -0.231415 0.521542 0.613807 0.572280 0.154047 1.582631 0.149581 -2.490850 -2.268928 -0.793909 -0.507219 0.651145
1776410018.520904 jaka_arm_right solver_failed 0.351130 -0.219525 -0.231169 0.521368 0.612409 0.574658 0.151325 1.582631 0.149581 -2.490850 -2.268928 -0.793909 -0.507219 0.651145
1776410018.529140 jaka_arm_right solver_failed 0.351175 -0.219721 -0.231016 0.520764 0.611308 0.577113 0.148485 1.582631 0.149581 -2.490850 -2.268928 -0.793909 -0.507219 0.651145
1776410018.537560 jaka_arm_right solver_failed 0.351314 -0.219847 -0.230942 0.520434 0.609893 0.579545 0.145965 1.582631 0.149581 -2.490850 -2.268928 -0.793909 -0.507219 0.651145
1776410018.545868 jaka_arm_right solver_failed 0.351386 -0.220087 -0.230914 0.520515 0.609331 0.580577 0.143912 1.582631 0.149581 -2.490850 -2.268928 -0.793909 -0.507219 0.651145
1776410018.554235 jaka_arm_right solver_failed 0.351547 -0.220121 -0.230920 0.520209 0.608113 0.582565 0.142127 1.582631 0.149581 -2.490850 -2.268928 -0.793909 -0.507219 0.651145
1776410018.562492 jaka_arm_right success 0.351657 -0.220140 -0.230944 0.519872 0.607438 0.583964 0.140490 1.578423 0.198833 -2.289820 -2.268928 -0.958529 -0.276973 0.861859
1776410018.570808 jaka_arm_right success 0.351709 -0.220157 -0.231000 0.519733 0.607075 0.584708 0.139479 1.578934 0.200397 -2.289553 -2.268928 -0.958323 -0.275864 0.862678
1776410018.579143 jaka_arm_right success 0.351662 -0.220074 -0.230982 0.519853 0.606666 0.585412 0.137850 1.579465 0.199088 -2.286754 -2.268928 -0.957933 -0.271907 0.867533
1776410018.587485 jaka_arm_right success 0.351649 -0.219973 -0.230989 0.519882 0.606284 0.586029 0.136793 1.557199 0.198116 -2.265528 -2.265504 -0.986636 -0.265834 0.896626
1776410018.595814 jaka_arm_right success 0.351386 -0.219728 -0.230858 0.521374 0.605402 0.586230 0.134134 1.556407 0.199402 -2.266297 -2.266371 -0.984655 -0.265344 0.898757
1776410018.604102 jaka_arm_right success 0.351511 -0.219584 -0.230920 0.520907 0.604891 0.587324 0.133465 1.558307 0.200290 -2.264897 -2.266484 -0.984248 -0.262907 0.900226
1776410018.612413 jaka_arm_right success 0.351574 -0.219383 -0.230911 0.520644 0.604273 0.588415 0.132484 1.560144 0.204067 -2.261783 -2.262264 -0.985894 -0.256641 0.904326
1776410018.620808 jaka_arm_right success 0.351621 -0.219214 -0.230930 0.520329 0.603903 0.589245 0.131714 1.543391 0.205011 -2.244764 -2.259181 -1.007338 -0.251213 0.925282
1776410018.629138 jaka_arm_right success 0.351578 -0.219021 -0.230889 0.520765 0.603618 0.589324 0.130948 1.543182 0.205315 -2.244985 -2.259412 -1.007048 -0.251058 0.925607
1776410018.637425 jaka_arm_right success 0.351430 -0.218678 -0.230703 0.520973 0.603342 0.589800 0.129239 1.543001 0.206486 -2.245381 -2.260948 -1.006380 -0.249964 0.926609
1776410018.645752 jaka_arm_right success 0.351449 -0.218436 -0.230600 0.520439 0.603322 0.590272 0.129321 1.543368 0.206569 -2.245055 -2.261173 -1.006614 -0.249993 0.926463
1776410018.654146 jaka_arm_right success 0.351387 -0.218132 -0.230446 0.520107 0.603164 0.590672 0.129577 1.543802 0.206772 -2.244663 -2.261485 -1.006842 -0.250065 0.926355
1776410018.662459 jaka_arm_right success 0.351291 -0.217885 -0.230236 0.518928 0.603430 0.591412 0.129684 1.544852 0.211075 -2.243937 -2.259532 -1.009762 -0.247161 0.925769
1776410018.670788 jaka_arm_right success 0.351083 -0.217624 -0.229947 0.518809 0.603850 0.591081 0.129717 1.544852 0.211075 -2.243937 -2.259532 -1.009762 -0.247161 0.925769
1776410018.679167 jaka_arm_right success 0.350985 -0.217470 -0.229770 0.517449 0.604575 0.591301 0.130760 1.545481 0.209962 -2.243505 -2.259983 -1.011346 -0.246363 0.924271
1776410018.687476 jaka_arm_right success 0.351045 -0.217156 -0.229495 0.515813 0.604133 0.592885 0.132089 1.541879 0.213402 -2.240600 -2.260776 -1.018437 -0.248630 0.924772
1776410018.695782 jaka_arm_right success 0.350809 -0.217184 -0.229104 0.515048 0.605266 0.592177 0.133057 1.541300 0.211188 -2.240434 -2.260913 -1.019523 -0.248504 0.924014
1776410018.704096 jaka_arm_right success 0.350260 -0.216874 -0.228480 0.515942 0.604907 0.592136 0.131405 1.540838 0.208482 -2.239728 -2.263601 -1.017179 -0.248201 0.926958
1776410018.712445 jaka_arm_right success 0.350206 -0.216648 -0.228003 0.514749 0.604441 0.593451 0.132290 1.536999 0.210385 -2.237497 -2.265723 -1.022615 -0.251458 0.927725
1776410018.720787 jaka_arm_right success 0.349893 -0.216563 -0.227422 0.514400 0.604402 0.593665 0.132868 1.534859 0.208928 -2.236208 -2.267767 -1.024531 -0.253723 0.928441
1776410018.729165 jaka_arm_right success 0.349538 -0.216560 -0.226784 0.513509 0.604919 0.593921 0.132811 1.527863 0.207108 -2.227332 -2.267153 -1.034577 -0.250023 0.938901
1776410018.737459 jaka_arm_right success 0.349392 -0.216525 -0.226194 0.512169 0.605108 0.594729 0.133505 1.522113 0.207680 -2.222728 -2.268596 -1.042666 -0.251581 0.942754
1776410018.745809 jaka_arm_right success 0.349208 -0.216389 -0.225484 0.511825 0.604425 0.595653 0.133803 1.506228 0.206942 -2.208292 -2.268928 -1.061956 -0.251053 0.960171
1776410018.754112 jaka_arm_right success 0.349026 -0.216565 -0.224824 0.509923 0.605423 0.596151 0.134334 1.507288 0.206765 -2.207850 -2.268928 -1.063797 -0.248969 0.958845
1776410018.762485 jaka_arm_right success 0.348731 -0.216387 -0.224026 0.509753 0.604790 0.597120 0.133526 1.499914 0.205247 -2.196514 -2.268928 -1.073487 -0.245215 0.973598
1776410018.770808 jaka_arm_right success 0.348442 -0.216245 -0.223304 0.509968 0.603881 0.597910 0.133282 1.486279 0.207173 -2.185626 -2.268928 -1.089882 -0.246348 0.986809
1776410018.779361 jaka_arm_right success 0.348246 -0.216240 -0.222539 0.509572 0.603622 0.598585 0.132937 1.486102 0.206129 -2.181705 -2.268928 -1.091472 -0.243088 0.992033
1776410018.787446 jaka_arm_right success 0.348120 -0.216146 -0.221839 0.508740 0.603051 0.599958 0.132532 1.474795 0.208899 -2.171400 -2.268928 -1.107063 -0.242075 1.003942
1776410018.795835 jaka_arm_right success 0.347896 -0.216157 -0.221108 0.508755 0.602723 0.600429 0.131827 1.468330 0.206119 -2.161622 -2.268928 -1.115045 -0.238901 1.016890
1776410018.804119 jaka_arm_right success 0.347839 -0.216102 -0.220455 0.508217 0.601896 0.601790 0.131475 1.458284 0.209204 -2.152659 -2.268928 -1.128750 -0.237858 1.027748
1776410018.812480 jaka_arm_right success 0.347969 -0.216078 -0.219889 0.506946 0.601351 0.603301 0.131952 1.448597 0.210339 -2.135316 -2.265516 -1.147170 -0.230978 1.047645
1776410018.820799 jaka_arm_right success 0.347846 -0.216055 -0.219155 0.506390 0.601139 0.604315 0.130399 1.433973 0.214803 -2.120416 -2.262549 -1.168420 -0.224516 1.066894
1776410018.829126 jaka_arm_right success 0.347706 -0.216030 -0.218475 0.506482 0.601160 0.604525 0.128966 1.435705 0.210061 -2.118001 -2.265045 -1.165064 -0.222207 1.071169
1776410018.837409 jaka_arm_right success 0.347875 -0.215799 -0.217984 0.505127 0.599999 0.606780 0.129094 1.400723 0.216517 -2.080160 -2.259147 -1.215113 -0.212791 1.116178
1776410018.845775 jaka_arm_right success 0.347808 -0.215768 -0.217326 0.504457 0.600213 0.607320 0.128183 1.401366 0.216879 -2.079970 -2.261255 -1.215580 -0.211720 1.116125
1776410018.854132 jaka_arm_right success 0.347641 -0.215596 -0.216645 0.505043 0.599677 0.607563 0.127227 1.401330 0.217435 -2.079961 -2.261595 -1.214348 -0.211796 1.117472
1776410018.862456 jaka_arm_right success 0.347857 -0.215576 -0.216213 0.502383 0.600320 0.608942 0.128132 1.400317 0.220175 -2.069459 -2.258399 -1.225432 -0.202362 1.127982
1776410018.870762 jaka_arm_right success 0.347384 -0.214988 -0.215345 0.504662 0.598462 0.609537 0.124998 1.399976 0.219763 -2.069030 -2.260640 -1.221700 -0.202211 1.132222
1776410018.879218 jaka_arm_right success 0.347571 -0.214918 -0.214959 0.502289 0.599158 0.610439 0.126805 1.396001 0.221788 -2.063669 -2.260425 -1.231116 -0.201795 1.134977
1776410018.887472 jaka_arm_right success 0.347298 -0.214527 -0.214379 0.502474 0.598609 0.611027 0.125830 1.396095 0.220819 -2.062617 -2.261913 -1.229951 -0.201268 1.137271
1776410018.895769 jaka_arm_right success 0.347245 -0.214389 -0.213879 0.500707 0.599394 0.611595 0.126376 1.389554 0.222205 -2.053083 -2.261046 -1.242251 -0.197184 1.146678
1776410018.904220 jaka_arm_right success 0.346968 -0.213996 -0.213272 0.501069 0.598445 0.612417 0.125453 1.387007 0.222996 -2.051224 -2.262990 -1.243959 -0.198337 1.149361
1776410018.912534 jaka_arm_right success 0.346756 -0.213797 -0.212729 0.500237 0.598868 0.612810 0.124839 1.374986 0.226202 -2.033074 -2.259637 -1.264740 -0.188099 1.170850
1776410018.920816 jaka_arm_right success 0.346648 -0.213459 -0.212344 0.499373 0.598504 0.613990 0.124241 1.372703 0.228574 -2.031141 -2.260866 -1.268918 -0.187832 1.172445
1776410018.929114 jaka_arm_right success 0.346670 -0.213077 -0.211966 0.498388 0.597983 0.615405 0.123700 1.366291 0.231618 -2.016525 -2.258621 -1.282777 -0.179252 1.189211
1776410018.937472 jaka_arm_right success 0.346542 -0.212745 -0.211584 0.497652 0.598069 0.616118 0.122700 1.347492 0.239222 -1.991936 -2.254913 -1.313245 -0.166550 1.216304
1776410018.945818 jaka_arm_right success 0.346580 -0.212511 -0.211319 0.496228 0.598618 0.616652 0.123105 1.348247 0.239265 -1.991499 -2.256372 -1.314074 -0.166182 1.215728
1776410018.954146 jaka_arm_right success 0.346367 -0.212153 -0.211059 0.495782 0.598427 0.617424 0.121952 1.348716 0.243027 -1.991328 -2.256206 -1.316399 -0.163619 1.216569
1776410018.962444 jaka_arm_right success 0.346329 -0.211751 -0.210868 0.494650 0.598510 0.618347 0.121466 1.334184 0.250853 -1.967048 -2.251545 -1.342932 -0.149673 1.242223
1776410018.970784 jaka_arm_right success 0.346049 -0.211412 -0.210633 0.494393 0.599001 0.618311 0.120270 1.333978 0.250666 -1.967694 -2.253235 -1.343171 -0.148300 1.242191
1776410018.979119 jaka_arm_right success 0.346009 -0.211057 -0.210530 0.493423 0.599032 0.619134 0.119867 1.304650 0.261985 -1.925079 -2.248723 -1.389337 -0.127271 1.286626
1776410018.987480 jaka_arm_right success 0.345842 -0.210754 -0.210497 0.492904 0.599601 0.619021 0.119737 1.304754 0.261570 -1.925107 -2.249067 -1.389772 -0.126848 1.286224
1776410018.995800 jaka_arm_right success 0.345658 -0.210303 -0.210469 0.492789 0.599455 0.619279 0.119608 1.304754 0.261570 -1.925107 -2.249067 -1.389772 -0.126848 1.286224
1776410019.004098 jaka_arm_right success 0.345512 -0.209975 -0.210503 0.491949 0.599954 0.619539 0.119214 1.305505 0.261546 -1.925215 -2.252232 -1.390722 -0.125520 1.285631
1776410019.020825 jaka_arm_right success 0.345299 -0.209783 -0.210649 0.491360 0.601004 0.619003 0.119144 1.305092 0.260931 -1.925626 -2.251868 -1.390950 -0.124923 1.285351
1776410019.029166 jaka_arm_right success 0.345250 -0.208967 -0.210831 0.490199 0.602066 0.618744 0.119908 1.305294 0.259887 -1.925608 -2.251969 -1.392047 -0.124175 1.284258
1776410019.037468 jaka_arm_right success 0.345059 -0.208485 -0.210831 0.490788 0.602310 0.618119 0.119493 1.305349 0.261490 -1.927253 -2.251086 -1.392721 -0.123444 1.282992
1776410019.045844 jaka_arm_right success 0.344991 -0.208079 -0.210920 0.490397 0.602714 0.618100 0.119160 1.308466 0.262334 -1.928401 -2.250564 -1.392007 -0.120348 1.282858
1776410019.054165 jaka_arm_right success 0.344988 -0.207898 -0.211128 0.489196 0.604416 0.617246 0.119897 1.311018 0.262962 -1.930652 -2.249339 -1.392686 -0.118371 1.279779
1776410019.062701 jaka_arm_right success 0.344913 -0.207296 -0.211281 0.489409 0.603688 0.617880 0.119430 1.314111 0.264274 -1.934137 -2.249664 -1.390104 -0.118931 1.276785
1776410019.070812 jaka_arm_right success 0.344839 -0.206876 -0.211376 0.489594 0.603323 0.618020 0.119792 1.327881 0.260496 -1.956716 -2.252553 -1.368551 -0.131367 1.253821
1776410019.079095 jaka_arm_right success 0.344665 -0.206801 -0.211562 0.488668 0.605105 0.616848 0.120621 1.327741 0.258620 -1.956876 -2.251855 -1.369798 -0.130330 1.252444
1776410019.087454 jaka_arm_right success 0.344221 -0.206544 -0.211526 0.489709 0.604855 0.616378 0.120056 1.360412 0.246267 -1.999677 -2.257323 -1.321749 -0.148743 1.209519
1776410019.095860 jaka_arm_right success 0.344203 -0.206407 -0.211758 0.487114 0.605274 0.617904 0.120657 1.361005 0.251300 -2.000525 -2.258919 -1.326344 -0.148066 1.206181
1776410019.104152 jaka_arm_right success 0.344068 -0.206185 -0.211869 0.486361 0.604964 0.618745 0.120936 1.362746 0.256878 -2.000130 -2.256922 -1.329894 -0.144940 1.206100
1776410019.112510 jaka_arm_right success 0.343786 -0.206006 -0.211857 0.486902 0.604484 0.618818 0.120792 1.362554 0.257213 -2.000259 -2.256857 -1.329514 -0.145105 1.206477
1776410019.120816 jaka_arm_right success 0.343473 -0.205781 -0.211792 0.487593 0.603885 0.618956 0.120285 1.360402 0.257510 -2.000359 -2.257443 -1.329161 -0.147219 1.207049
1776410019.129094 jaka_arm_right success 0.342935 -0.205636 -0.211631 0.488617 0.603526 0.618818 0.118636 1.359241 0.255318 -1.999755 -2.259027 -1.327139 -0.147585 1.209331
1776410019.137394 jaka_arm_right success 0.342664 -0.205616 -0.211644 0.488546 0.603473 0.618887 0.118836 1.355137 0.254557 -1.999625 -2.260965 -1.328652 -0.151243 1.208462
1776410019.145925 jaka_arm_right success 0.342592 -0.205568 -0.211695 0.487507 0.603673 0.619380 0.119514 1.355791 0.254462 -1.999191 -2.261893 -1.329505 -0.150992 1.207805
1776410019.154172 jaka_arm_right success 0.342349 -0.205436 -0.211640 0.487694 0.603538 0.619419 0.119235 1.355791 0.254462 -1.999191 -2.261893 -1.329505 -0.150992 1.207805
1776410019.162402 jaka_arm_right success 0.342233 -0.205464 -0.211694 0.487167 0.603803 0.619428 0.120000 1.353411 0.256189 -1.998972 -2.262596 -1.332402 -0.152399 1.206932
1776410019.170762 jaka_arm_right success 0.342258 -0.205439 -0.211761 0.486570 0.603948 0.619408 0.121783 1.353937 0.255787 -1.998350 -2.262159 -1.332994 -0.152811 1.206302
1776410019.179369 jaka_arm_right success 0.342190 -0.205312 -0.211791 0.486574 0.603675 0.619525 0.122520 1.353052 0.256645 -1.998410 -2.261217 -1.334252 -0.154576 1.204966
1776410019.187407 jaka_arm_right success 0.342201 -0.205270 -0.211937 0.486103 0.604046 0.619351 0.123435 1.352540 0.256610 -1.998457 -2.260576 -1.335372 -0.155344 1.203750
1776410019.195800 jaka_arm_right success 0.342089 -0.205177 -0.211966 0.486422 0.604164 0.619058 0.123072 1.352305 0.256621 -1.998674 -2.260530 -1.335252 -0.155232 1.203854
1776410019.204118 jaka_arm_right success 0.342063 -0.205006 -0.212064 0.486298 0.604236 0.619142 0.122787 1.352305 0.256621 -1.998674 -2.260530 -1.335252 -0.155232 1.203854
1776410019.212560 jaka_arm_right success 0.342244 -0.204800 -0.212282 0.485477 0.603977 0.619968 0.123141 1.351498 0.259257 -1.999483 -2.261457 -1.337607 -0.156080 1.201871
1776410019.220826 jaka_arm_right success 0.342315 -0.204727 -0.212381 0.484907 0.604600 0.619839 0.122977 1.351452 0.258872 -1.999688 -2.261832 -1.338045 -0.155470 1.201480
1776410019.229111 jaka_arm_right success 0.342252 -0.204498 -0.212428 0.484730 0.604815 0.619986 0.121872 1.352604 0.262899 -2.000637 -2.261009 -1.339981 -0.151993 1.201624
1776410019.237429 jaka_arm_right success 0.342094 -0.204127 -0.212497 0.485353 0.604862 0.619560 0.121323 1.352254 0.262928 -2.000978 -2.260955 -1.339722 -0.151780 1.201866
1776410019.245766 jaka_arm_right success 0.341971 -0.203952 -0.212603 0.485246 0.605435 0.619053 0.121482 1.351900 0.262338 -2.001323 -2.260647 -1.339882 -0.151277 1.201644
1776410019.254119 jaka_arm_right success 0.341755 -0.203677 -0.212656 0.485586 0.605665 0.618577 0.121404 1.351573 0.262042 -2.001610 -2.260381 -1.339826 -0.151007 1.201645
1776410019.262441 jaka_arm_right success 0.341745 -0.203360 -0.212817 0.484501 0.605916 0.619060 0.122025 1.352013 0.261811 -2.001210 -2.260493 -1.340292 -0.151104 1.201203
1776410019.270767 jaka_arm_right success 0.341513 -0.202942 -0.212807 0.484502 0.606283 0.618759 0.121721 1.352013 0.261811 -2.001210 -2.260493 -1.340292 -0.151104 1.201203
1776410019.279130 jaka_arm_right success 0.341261 -0.202653 -0.212862 0.484506 0.606939 0.618043 0.122073 1.351161 0.259836 -2.001668 -2.261162 -1.340634 -0.150895 1.200282
1776410019.287506 jaka_arm_right success 0.341320 -0.202541 -0.213153 0.482621 0.608339 0.617510 0.125226 1.376262 0.251309 -2.039462 -2.267035 -1.303946 -0.171283 1.155090
1776410019.295791 jaka_arm_right success 0.341253 -0.202047 -0.213310 0.481759 0.608250 0.618148 0.125831 1.377299 0.252316 -2.038881 -2.268928 -1.304545 -0.171229 1.154852
1776410019.304148 jaka_arm_right success 0.340856 -0.201587 -0.213316 0.482618 0.608878 0.616890 0.125678 1.376363 0.251233 -2.039604 -2.267538 -1.304621 -0.170749 1.154501
1776410019.312513 jaka_arm_right success 0.340749 -0.201567 -0.213516 0.481138 0.610867 0.615763 0.127212 1.374126 0.249517 -2.041221 -2.267821 -1.307158 -0.172738 1.150025
1776410019.320744 jaka_arm_right success 0.340486 -0.201204 -0.213659 0.481102 0.611190 0.615320 0.127942 1.276439 0.331883 -1.858416 -2.268928 -0.728136 -0.068216 0.556523
1776410019.329136 jaka_arm_right success 0.340285 -0.200704 -0.213815 0.480645 0.610829 0.616012 0.128050 1.264624 0.348818 -1.834352 -2.268928 -0.473792 -0.057843 0.296298
1776410019.337555 jaka_arm_right large_joint_change 0.340122 -0.200463 -0.213989 0.480405 0.611379 0.615392 0.129300 1.264624 0.348818 -1.834352 -2.268928 -0.473792 -0.057843 0.296298
1776410019.346043 jaka_arm_right solver_failed 0.339956 -0.200352 -0.214360 0.479530 0.612615 0.614541 0.130744 1.264624 0.348818 -1.834352 -2.268928 -0.473792 -0.057843 0.296298
1776410019.354220 jaka_arm_right solver_failed 0.339769 -0.199990 -0.214665 0.479538 0.612462 0.614537 0.131443 1.264624 0.348818 -1.834352 -2.268928 -0.473792 -0.057843 0.296298
1776410019.362534 jaka_arm_right solver_failed 0.339672 -0.199574 -0.214966 0.479688 0.612184 0.614573 0.132024 1.264624 0.348818 -1.834352 -2.268928 -0.473792 -0.057843 0.296298
1776410019.370867 jaka_arm_right solver_failed 0.339503 -0.199317 -0.215340 0.479468 0.612962 0.613932 0.132196 1.264624 0.348818 -1.834352 -2.268928 -0.473792 -0.057843 0.296298
1776410019.379185 jaka_arm_right solver_failed 0.339318 -0.199067 -0.215703 0.479636 0.613174 0.613702 0.131669 1.264624 0.348818 -1.834352 -2.268928 -0.473792 -0.057843 0.296298
1776410019.387537 jaka_arm_right solver_failed 0.339220 -0.198771 -0.216140 0.479455 0.613342 0.613681 0.131647 1.264624 0.348818 -1.834352 -2.268928 -0.473792 -0.057843 0.296298
1776410019.395832 jaka_arm_right solver_failed 0.339162 -0.198512 -0.216710 0.478268 0.613997 0.613967 0.131575 1.264624 0.348818 -1.834352 -2.268928 -0.473792 -0.057843 0.296298
1776410019.404260 jaka_arm_right large_joint_change 0.338872 -0.198265 -0.217220 0.477949 0.614513 0.613971 0.130300 1.264624 0.348818 -1.834352 -2.268928 -0.473792 -0.057843 0.296298
1776410019.412554 jaka_arm_right success 0.338882 -0.197901 -0.217921 0.476963 0.614260 0.614892 0.130762 1.265769 0.359680 -1.849037 -2.268928 -0.487519 -0.060800 0.281759
1776410019.420815 jaka_arm_right success 0.338846 -0.197482 -0.218587 0.474927 0.614384 0.616295 0.130985 1.267875 0.362402 -1.848777 -2.268190 -0.488972 -0.057728 0.280475
1776410019.429172 jaka_arm_right success 0.338521 -0.196981 -0.219169 0.474052 0.614390 0.617362 0.129089 1.269030 0.367454 -1.851379 -2.264976 -0.490399 -0.050752 0.279220
1776410019.437526 jaka_arm_right success 0.338495 -0.196688 -0.220019 0.471808 0.615238 0.618034 0.130054 1.270125 0.371768 -1.852459 -2.263005 -0.494292 -0.047632 0.275489
1776410019.445788 jaka_arm_right success 0.338204 -0.196152 -0.220790 0.471231 0.615268 0.618596 0.129326 1.270732 0.378656 -1.855402 -2.258281 -0.497978 -0.041971 0.271998
1776410019.454105 jaka_arm_right success 0.338135 -0.195457 -0.221646 0.470428 0.614424 0.620028 0.129408 1.271876 0.385600 -1.856174 -2.255906 -0.500358 -0.039170 0.269845
1776410019.462448 jaka_arm_right success 0.337975 -0.194874 -0.222597 0.468968 0.614655 0.621131 0.128313 1.274206 0.393563 -1.858524 -2.248773 -0.503722 -0.029584 0.266744
1776410019.470793 jaka_arm_right success 0.338010 -0.194188 -0.223548 0.467759 0.614319 0.622463 0.127881 1.276045 0.401176 -1.860129 -2.243067 -0.506973 -0.021851 0.263702
1776410019.479131 jaka_arm_right success 0.338044 -0.193415 -0.224606 0.466462 0.613728 0.624235 0.126815 1.278165 0.410006 -1.861877 -2.236270 -0.509661 -0.012234 0.261196
1776410019.487494 jaka_arm_right success 0.338000 -0.192603 -0.225578 0.465197 0.613455 0.625916 0.124475 1.282647 0.416125 -1.862265 -2.226213 -0.509772 0.001871 0.261180
1776410019.495834 jaka_arm_right success 0.337864 -0.191679 -0.226562 0.465261 0.612857 0.626939 0.122010 1.282652 0.418623 -1.863280 -2.225740 -0.509223 0.005172 0.261717
1776410019.504136 jaka_arm_right success 0.337939 -0.190758 -0.227643 0.464024 0.612217 0.628702 0.120859 1.284821 0.431172 -1.866132 -2.217353 -0.513322 0.015694 0.257548
1776410019.512502 jaka_arm_right success 0.338014 -0.189777 -0.228797 0.462257 0.611711 0.630749 0.119518 1.288467 0.439388 -1.867194 -2.209394 -0.515190 0.027526 0.255516
1776410019.520778 jaka_arm_right success 0.337881 -0.188766 -0.229861 0.460913 0.610768 0.633112 0.117010 1.291472 0.448584 -1.866452 -2.198479 -0.516003 0.042793 0.254233
1776410019.529195 jaka_arm_right success 0.338037 -0.187613 -0.231118 0.458753 0.609162 0.636377 0.116153 1.291721 0.464449 -1.863337 -2.186881 -0.520049 0.059717 0.248950
1776410019.537471 jaka_arm_right success 0.337899 -0.186472 -0.232214 0.457596 0.607494 0.639225 0.113787 1.291124 0.477055 -1.860090 -2.177268 -0.521453 0.075171 0.246063
1776410019.545956 jaka_arm_right success 0.337884 -0.185323 -0.233455 0.455103 0.605779 0.643017 0.111544 1.289502 0.493463 -1.853833 -2.164453 -0.524071 0.096849 0.240626
1776410019.554081 jaka_arm_right success 0.338112 -0.184055 -0.234855 0.451354 0.603284 0.648123 0.110749 1.279707 0.517473 -1.837774 -2.148689 -0.528215 0.125857 0.229961
1776410019.562488 jaka_arm_right success 0.337850 -0.182762 -0.236016 0.449496 0.601071 0.651850 0.108429 1.282955 0.533657 -1.839331 -2.140122 -0.530739 0.138881 0.225198
1776410019.570819 jaka_arm_right success 0.337947 -0.181412 -0.237237 0.446289 0.599232 0.655863 0.107658 1.281651 0.552722 -1.830249 -2.122517 -0.532997 0.166084 0.216647
1776410019.579298 jaka_arm_right success 0.337985 -0.180089 -0.238649 0.442997 0.597317 0.659838 0.107608 1.282892 0.572052 -1.827183 -2.109710 -0.537247 0.184679 0.207306
1776410019.587461 jaka_arm_right success 0.337988 -0.178511 -0.239871 0.440269 0.594969 0.663917 0.106722 1.284059 0.590079 -1.823762 -2.097028 -0.539660 0.203338 0.199395
1776410019.595844 jaka_arm_right success 0.337816 -0.177046 -0.240994 0.438301 0.593479 0.666760 0.105389 1.283943 0.605098 -1.821746 -2.087489 -0.541652 0.218333 0.192559
1776410019.604129 jaka_arm_right success 0.337775 -0.175496 -0.242058 0.436727 0.591861 0.669455 0.103923 1.284375 0.617455 -1.823126 -2.082777 -0.544111 0.226588 0.187157
1776410019.612565 jaka_arm_right success 0.338020 -0.174027 -0.243473 0.434107 0.590848 0.671838 0.105279 1.286586 0.632422 -1.823248 -2.074304 -0.549144 0.236024 0.178140
1776410019.620862 jaka_arm_right success 0.338272 -0.172139 -0.244608 0.432983 0.588389 0.674817 0.104617 1.288671 0.647783 -1.824640 -2.066494 -0.551625 0.245427 0.171867
1776410019.629162 jaka_arm_right success 0.338137 -0.170534 -0.245666 0.432518 0.587259 0.676580 0.101462 1.293376 0.652775 -1.826204 -2.057979 -0.549765 0.257005 0.171933
1776410019.637525 jaka_arm_right success 0.338517 -0.168740 -0.246837 0.431339 0.585055 0.679286 0.101130 1.296186 0.669117 -1.827851 -2.047246 -0.552410 0.268368 0.164770
1776410019.645916 jaka_arm_right success 0.338881 -0.167126 -0.248106 0.429624 0.584253 0.681113 0.100784 1.298006 0.679828 -1.830411 -2.042976 -0.555871 0.273413 0.158966
1776410019.654159 jaka_arm_right success 0.339208 -0.165344 -0.249319 0.428807 0.582409 0.683355 0.099747 1.301628 0.692007 -1.834121 -2.035168 -0.558169 0.280895 0.154134
1776410019.662447 jaka_arm_right success 0.339763 -0.163587 -0.250606 0.427224 0.580630 0.685921 0.099302 1.306796 0.706091 -1.837147 -2.025529 -0.560629 0.290515 0.148174
1776410019.670781 jaka_arm_right success 0.339988 -0.162052 -0.251704 0.426296 0.580278 0.687114 0.097078 1.313031 0.708393 -1.839101 -2.017313 -0.558732 0.300274 0.149145
1776410019.679331 jaka_arm_right success 0.340356 -0.160337 -0.252882 0.425663 0.578922 0.688812 0.095907 1.314766 0.719651 -1.843421 -2.012121 -0.561659 0.304791 0.144183
1776410019.687504 jaka_arm_right success 0.340810 -0.158705 -0.254282 0.423680 0.578094 0.690783 0.095511 1.320829 0.731764 -1.847348 -2.001649 -0.564608 0.314680 0.138224
1776410019.695762 jaka_arm_right success 0.341377 -0.157197 -0.255637 0.422724 0.577322 0.691775 0.097218 1.321960 0.741118 -1.848828 -1.997714 -0.568386 0.316265 0.132210
1776410019.704134 jaka_arm_right success 0.341887 -0.155507 -0.256946 0.421593 0.575434 0.694046 0.097131 1.326280 0.755459 -1.851312 -1.987844 -0.571170 0.324328 0.125386
1776410019.712535 jaka_arm_right success 0.342354 -0.153814 -0.258288 0.420634 0.574081 0.695770 0.096966 1.329319 0.766819 -1.853389 -1.979814 -0.573140 0.331257 0.120031
1776410019.720829 jaka_arm_right success 0.342938 -0.152218 -0.259580 0.419630 0.572934 0.697329 0.096901 1.332684 0.776129 -1.855194 -1.972686 -0.574781 0.337560 0.115554
1776410019.729146 jaka_arm_right success 0.343494 -0.150649 -0.260939 0.418840 0.571248 0.699304 0.096033 1.337139 0.788620 -1.857452 -1.961614 -0.576015 0.347089 0.110201
1776410019.737462 jaka_arm_right success 0.344014 -0.149088 -0.262355 0.418051 0.570342 0.700627 0.095209 1.339769 0.796438 -1.860195 -1.955370 -0.577757 0.352506 0.106364
1776410019.745833 jaka_arm_right success 0.344647 -0.147654 -0.263761 0.417643 0.569216 0.701897 0.094381 1.344090 0.805513 -1.863384 -1.946656 -0.579075 0.358919 0.102752
1776410019.754172 jaka_arm_right success 0.345294 -0.146325 -0.265193 0.416612 0.568524 0.703252 0.093020 1.350792 0.812681 -1.866134 -1.935041 -0.579140 0.368631 0.100347
1776410019.762424 jaka_arm_right success 0.346115 -0.145004 -0.266737 0.415951 0.567605 0.704391 0.092970 1.352976 0.822193 -1.867970 -1.928163 -0.581147 0.373685 0.095247
1776410019.770789 jaka_arm_right success 0.346501 -0.143440 -0.268014 0.416277 0.565598 0.706204 0.089932 1.358114 0.828788 -1.870555 -1.919581 -0.579011 0.382043 0.095403
1776410019.779175 jaka_arm_right success 0.347313 -0.142252 -0.269589 0.415356 0.565043 0.707013 0.091318 1.359602 0.839715 -1.872109 -1.912070 -0.582301 0.386112 0.088389
1776410019.787474 jaka_arm_right success 0.347950 -0.140859 -0.270949 0.414640 0.563760 0.708537 0.090686 1.363544 0.850211 -1.874388 -1.902365 -0.583862 0.393378 0.083195
1776410019.795800 jaka_arm_right success 0.348453 -0.139499 -0.272266 0.413146 0.562193 0.710898 0.088737 1.369311 0.857382 -1.874792 -1.890951 -0.582441 0.405710 0.080354
1776410019.804114 jaka_arm_right success 0.349261 -0.138406 -0.273852 0.411057 0.561655 0.712229 0.091140 1.370315 0.872762 -1.870543 -1.875160 -0.584365 0.420864 0.067494
1776410019.812453 jaka_arm_right success 0.349809 -0.137082 -0.275296 0.409016 0.560448 0.714376 0.090941 1.372430 0.883780 -1.870928 -1.866694 -0.585959 0.430636 0.059874
1776410019.820791 jaka_arm_right success 0.350284 -0.135706 -0.276685 0.407040 0.558794 0.716725 0.091500 1.374867 0.897660 -1.866517 -1.849646 -0.585200 0.448586 0.049180
1776410019.829146 jaka_arm_right success 0.350646 -0.134560 -0.277867 0.404885 0.557948 0.718692 0.090800 1.376765 0.906642 -1.867468 -1.842144 -0.586154 0.457654 0.043077
1776410019.837443 jaka_arm_right success 0.351342 -0.133470 -0.279405 0.400533 0.557863 0.720826 0.093655 1.380332 0.919471 -1.861484 -1.824050 -0.587564 0.478058 0.028133
1776410019.845926 jaka_arm_right success 0.351838 -0.132373 -0.280740 0.397911 0.557454 0.722323 0.095717 1.380664 0.930376 -1.859972 -1.817609 -0.590365 0.485165 0.017867
1776410019.854143 jaka_arm_right success 0.352334 -0.131254 -0.282088 0.395684 0.556561 0.723927 0.098000 1.381732 0.943575 -1.856581 -1.805280 -0.592035 0.496957 0.005487
1776410019.862470 jaka_arm_right success 0.352942 -0.130398 -0.283410 0.393009 0.557287 0.724536 0.100113 1.384113 0.950442 -1.856491 -1.797310 -0.595178 0.504382 -0.002939
1776410019.870811 jaka_arm_right success 0.353567 -0.129428 -0.284713 0.390627 0.557581 0.725318 0.102119 1.387059 0.958382 -1.854939 -1.786826 -0.597228 0.513770 -0.012036
1776410019.879223 jaka_arm_right success 0.354418 -0.128172 -0.286014 0.388789 0.555781 0.727446 0.103793 1.389125 0.972575 -1.851782 -1.772427 -0.597529 0.527750 -0.024360
1776410019.887478 jaka_arm_right success 0.355337 -0.127384 -0.287275 0.385734 0.556144 0.728630 0.104934 1.394802 0.979578 -1.851995 -1.761897 -0.598795 0.537324 -0.031105
1776410019.895761 jaka_arm_right success 0.356062 -0.126272 -0.288411 0.384805 0.554716 0.730301 0.104290 1.398418 0.988057 -1.851739 -1.750461 -0.597989 0.547922 -0.037036
1776410019.904142 jaka_arm_right success 0.356971 -0.125399 -0.289644 0.382148 0.553903 0.732453 0.103281 1.406861 0.992675 -1.850238 -1.733250 -0.594531 0.565420 -0.040847
1776410019.912573 jaka_arm_right success 0.357969 -0.124931 -0.290898 0.379620 0.555200 0.732799 0.103189 1.410336 0.996837 -1.852370 -1.725597 -0.597176 0.572539 -0.046516
1776410019.920871 jaka_arm_right success 0.358827 -0.124044 -0.292045 0.378410 0.553971 0.734542 0.101834 1.418595 1.002088 -1.852699 -1.710479 -0.594396 0.586600 -0.049187
1776410019.929152 jaka_arm_right success 0.360171 -0.123401 -0.293393 0.375119 0.553629 0.736264 0.103421 1.421155 1.014023 -1.849788 -1.696055 -0.595663 0.600429 -0.062938
1776410019.937439 jaka_arm_right success 0.361284 -0.122663 -0.294699 0.372758 0.552727 0.738040 0.104119 1.426963 1.021799 -1.849431 -1.681918 -0.594764 0.612812 -0.069537
1776410019.945806 jaka_arm_right success 0.361994 -0.122027 -0.295764 0.372402 0.552769 0.738300 0.103328 1.432299 1.022368 -1.849363 -1.672456 -0.593286 0.620588 -0.070206
1776410019.954122 jaka_arm_right success 0.362858 -0.121558 -0.296933 0.371413 0.553582 0.738212 0.103160 1.434746 1.026085 -1.851997 -1.667483 -0.595822 0.623056 -0.073762
1776410019.962458 jaka_arm_right success 0.363702 -0.120626 -0.298011 0.371381 0.551679 0.739664 0.103067 1.438887 1.036099 -1.851241 -1.654096 -0.594634 0.632518 -0.080691
1776410019.970802 jaka_arm_right success 0.364742 -0.120032 -0.299267 0.370605 0.551818 0.739886 0.103530 1.441885 1.037296 -1.851929 -1.649908 -0.595206 0.635193 -0.082056
1776410019.979154 jaka_arm_right success 0.365559 -0.119487 -0.300401 0.369737 0.551826 0.740610 0.101388 1.450619 1.038858 -1.854757 -1.636403 -0.593431 0.644901 -0.080930
1776410019.987479 jaka_arm_right success 0.366508 -0.118903 -0.301519 0.369562 0.551113 0.741371 0.100339 1.452512 1.045515 -1.856362 -1.628936 -0.593861 0.649645 -0.085096
1776410019.995818 jaka_arm_right success 0.367205 -0.118470 -0.302573 0.369365 0.551415 0.741717 0.096789 1.460442 1.041219 -1.859592 -1.619251 -0.590808 0.658316 -0.078781
1776410020.004138 jaka_arm_right success 0.368153 -0.117407 -0.303706 0.370329 0.548221 0.743908 0.094396 1.463272 1.052988 -1.861094 -1.606219 -0.588639 0.666743 -0.083598
1776410020.012491 jaka_arm_right success 0.369091 -0.117143 -0.305017 0.369317 0.549635 0.743488 0.093443 1.468975 1.050102 -1.862564 -1.599525 -0.588433 0.671858 -0.081835
1776410020.020869 jaka_arm_right success 0.369798 -0.116616 -0.306142 0.371526 0.549736 0.742323 0.093353 1.468135 1.051577 -1.863905 -1.596768 -0.589150 0.669388 -0.081531
1776410020.029214 jaka_arm_right success 0.370428 -0.116412 -0.307284 0.372771 0.551870 0.740171 0.092893 1.472110 1.049584 -1.868327 -1.594229 -0.592453 0.666002 -0.079099
1776410020.037442 jaka_arm_right success 0.371199 -0.115822 -0.308412 0.373599 0.553060 0.738943 0.092265 1.477025 1.049301 -1.872929 -1.591793 -0.594922 0.661303 -0.075585
1776410020.045811 jaka_arm_right success 0.371891 -0.115272 -0.309500 0.375708 0.553604 0.737378 0.092952 1.476904 1.050537 -1.874697 -1.590917 -0.597157 0.656141 -0.075548
1776410020.054130 jaka_arm_right success 0.372681 -0.114788 -0.310781 0.376750 0.554542 0.736088 0.093364 1.478531 1.051589 -1.877649 -1.590211 -0.599670 0.651373 -0.074678
1776410020.062441 jaka_arm_right success 0.373240 -0.114339 -0.311921 0.378920 0.555434 0.734343 0.093016 1.482126 1.051137 -1.883052 -1.590494 -0.603198 0.642354 -0.070319
1776410020.070793 jaka_arm_right success 0.373785 -0.113846 -0.313069 0.380716 0.555786 0.733250 0.092209 1.482206 1.050411 -1.885353 -1.590220 -0.604027 0.638438 -0.067574
1776410020.079173 jaka_arm_right success 0.374575 -0.113482 -0.314313 0.381112 0.556409 0.732625 0.091778 1.483749 1.050493 -1.887622 -1.589302 -0.605079 0.636435 -0.066067
1776410020.087416 jaka_arm_right success 0.375028 -0.113186 -0.315543 0.382824 0.557226 0.731243 0.090715 1.487571 1.049257 -1.892568 -1.587439 -0.607085 0.631954 -0.061595
1776410020.095757 jaka_arm_right success 0.375453 -0.112948 -0.316761 0.385653 0.558021 0.729254 0.089851 1.489872 1.047840 -1.897582 -1.587658 -0.609552 0.623624 -0.056317
1776410020.104071 jaka_arm_right success 0.376043 -0.112541 -0.318029 0.387393 0.557824 0.728609 0.088817 1.488495 1.048348 -1.898468 -1.586451 -0.608832 0.622513 -0.054717
1776410020.112494 jaka_arm_right success 0.376524 -0.112525 -0.319306 0.388968 0.559778 0.726238 0.089057 1.492217 1.046454 -1.903579 -1.586186 -0.612818 0.614868 -0.051191
1776410020.120779 jaka_arm_right success 0.376912 -0.112138 -0.320481 0.391012 0.559522 0.725568 0.087158 1.495436 1.044722 -1.908141 -1.586496 -0.613001 0.609277 -0.044179
1776410020.129162 jaka_arm_right success 0.377301 -0.111957 -0.321720 0.393350 0.560158 0.723872 0.086651 1.495002 1.045019 -1.912057 -1.587484 -0.615624 0.602136 -0.041899
1776410020.137426 jaka_arm_right success 0.377803 -0.111655 -0.323025 0.394049 0.560387 0.723292 0.086836 1.494490 1.044831 -1.912065 -1.586829 -0.615627 0.601596 -0.041690
1776410020.145897 jaka_arm_right success 0.378633 -0.111554 -0.324566 0.394060 0.560834 0.722556 0.089970 1.494887 1.046788 -1.911171 -1.585692 -0.618265 0.597997 -0.045212
1776410020.154123 jaka_arm_right success 0.378827 -0.111682 -0.325821 0.394580 0.562876 0.720786 0.089132 1.497392 1.046899 -1.916021 -1.583049 -0.621599 0.595096 -0.044227
1776410020.162466 jaka_arm_right success 0.379134 -0.111458 -0.327118 0.395936 0.563094 0.719868 0.089162 1.496587 1.046628 -1.916053 -1.582036 -0.621582 0.594309 -0.043890
1776410020.170744 jaka_arm_right success 0.379142 -0.111476 -0.328240 0.397104 0.564312 0.718582 0.086599 1.500424 1.042961 -1.921246 -1.578959 -0.622061 0.592961 -0.037552
1776410020.179157 jaka_arm_right success 0.379759 -0.111675 -0.329722 0.397023 0.565232 0.717533 0.089624 1.500903 1.042675 -1.919988 -1.578015 -0.624360 0.590483 -0.040328
1776410020.187447 jaka_arm_right success 0.380204 -0.111417 -0.331135 0.397066 0.564745 0.717876 0.089755 1.500375 1.049423 -1.921512 -1.576183 -0.626339 0.588598 -0.044147
1776410020.195820 jaka_arm_right success 0.380327 -0.111470 -0.332343 0.398337 0.565353 0.716914 0.087965 1.501418 1.047807 -1.923361 -1.572871 -0.625993 0.589701 -0.041773
1776410020.204132 jaka_arm_right success 0.380674 -0.111505 -0.333565 0.398798 0.564845 0.717099 0.087631 1.503913 1.051195 -1.924466 -1.566585 -0.625776 0.591929 -0.042579
1776410020.212604 jaka_arm_right success 0.381064 -0.111877 -0.334929 0.398021 0.566223 0.716466 0.087452 1.508046 1.049716 -1.924368 -1.557973 -0.625437 0.599582 -0.043831
1776410020.220825 jaka_arm_right success 0.381252 -0.111961 -0.336087 0.397884 0.565762 0.717221 0.084829 1.512000 1.050940 -1.924075 -1.546189 -0.621994 0.610949 -0.043924
1776410020.229154 jaka_arm_right success 0.381821 -0.112113 -0.337527 0.395421 0.565595 0.718640 0.085451 1.511458 1.060096 -1.919703 -1.532534 -0.621854 0.625352 -0.057596
1776410020.237467 jaka_arm_right success 0.382058 -0.112223 -0.338608 0.395289 0.564019 0.720066 0.084465 1.515482 1.062670 -1.916230 -1.518850 -0.616657 0.639192 -0.059717
1776410020.245791 jaka_arm_right success 0.382253 -0.112541 -0.339623 0.393993 0.564127 0.720937 0.082343 1.519502 1.061833 -1.916907 -1.510644 -0.614855 0.649279 -0.059755
1776410020.254110 jaka_arm_right success 0.382546 -0.112919 -0.340744 0.393603 0.563719 0.721380 0.083123 1.518439 1.066823 -1.914058 -1.504627 -0.614144 0.654465 -0.066114
1776410020.262523 jaka_arm_right success 0.383166 -0.113341 -0.341884 0.391530 0.563364 0.722530 0.085299 1.518760 1.074152 -1.908067 -1.491845 -0.612702 0.667572 -0.078548
1776410020.270818 jaka_arm_right success 0.383328 -0.113609 -0.342644 0.390600 0.563201 0.723416 0.083097 1.524971 1.072302 -1.909408 -1.481031 -0.610532 0.678276 -0.076838
1776410020.279142 jaka_arm_right success 0.383650 -0.113917 -0.343403 0.389990 0.562354 0.724316 0.083861 1.522877 1.079079 -1.904681 -1.472621 -0.608630 0.686820 -0.086094
1776410020.287454 jaka_arm_right success 0.383916 -0.114102 -0.344103 0.389744 0.560981 0.725450 0.084386 1.523441 1.084809 -1.901935 -1.464340 -0.607124 0.694217 -0.092603
1776410020.295798 jaka_arm_right success 0.384063 -0.114675 -0.344724 0.389518 0.561428 0.725354 0.083274 1.525512 1.080600 -1.902305 -1.461744 -0.605644 0.697503 -0.089039
1776410020.304124 jaka_arm_right success 0.384805 -0.114827 -0.345539 0.387268 0.559826 0.727730 0.083829 1.529363 1.090226 -1.896665 -1.441602 -0.602125 0.718142 -0.102804
1776410020.312410 jaka_arm_right success 0.385697 -0.115146 -0.346218 0.385927 0.558565 0.729297 0.084805 1.533333 1.096685 -1.893795 -1.428393 -0.600219 0.728854 -0.110334
1776410020.320779 jaka_arm_right success 0.386085 -0.115516 -0.346713 0.384755 0.558175 0.730608 0.081334 1.539098 1.092115 -1.895855 -1.421673 -0.596836 0.739023 -0.104433
1776410020.329135 jaka_arm_right success 0.387010 -0.115786 -0.347183 0.383390 0.557131 0.732150 0.081071 1.543215 1.098793 -1.893287 -1.404880 -0.594162 0.753682 -0.112635
1776410020.337458 jaka_arm_right success 0.387651 -0.116114 -0.347602 0.383377 0.556086 0.733020 0.080450 1.546224 1.098033 -1.892397 -1.401380 -0.591899 0.757523 -0.110981
1776410020.345840 jaka_arm_right success 0.388404 -0.116601 -0.347870 0.382701 0.555920 0.733556 0.079926 1.552195 1.099622 -1.892147 -1.390171 -0.590402 0.766241 -0.112727
1776410020.354130 jaka_arm_right success 0.389656 -0.117060 -0.348452 0.379164 0.556243 0.734980 0.081443 1.555355 1.105377 -1.888438 -1.373564 -0.589406 0.783290 -0.125582
1776410020.362500 jaka_arm_right success 0.390420 -0.117232 -0.348631 0.379748 0.554091 0.736151 0.082804 1.556520 1.108867 -1.885701 -1.372602 -0.587642 0.782276 -0.127158
1776410020.370787 jaka_arm_right success 0.391281 -0.117565 -0.348920 0.379129 0.553487 0.736855 0.083416 1.559468 1.114043 -1.884274 -1.361398 -0.586898 0.790721 -0.133865
1776410020.379111 jaka_arm_right success 0.391821 -0.118191 -0.349150 0.377614 0.554187 0.737268 0.081980 1.564374 1.108806 -1.885485 -1.357515 -0.585556 0.797080 -0.129528
1776410020.387473 jaka_arm_right success 0.392766 -0.118604 -0.349567 0.376009 0.553916 0.738224 0.082580 1.569436 1.115397 -1.883701 -1.341594 -0.584677 0.809450 -0.138749
1776410020.395817 jaka_arm_right success 0.394015 -0.119190 -0.350062 0.373220 0.552988 0.740148 0.084211 1.573124 1.116318 -1.878755 -1.330497 -0.581422 0.823231 -0.145724
1776410020.404105 jaka_arm_right success 0.394664 -0.119537 -0.350185 0.373766 0.551536 0.741067 0.083229 1.578599 1.119446 -1.880033 -1.323065 -0.580160 0.825836 -0.144293
1776410020.412472 jaka_arm_right success 0.395623 -0.119881 -0.350594 0.371935 0.550393 0.742889 0.082752 1.582561 1.123448 -1.876515 -1.306161 -0.576260 0.844226 -0.152746
1776410020.420769 jaka_arm_right success 0.396327 -0.120168 -0.350971 0.372255 0.549138 0.743726 0.082135 1.586934 1.124971 -1.877269 -1.300442 -0.574969 0.846244 -0.150828
1776410020.429131 jaka_arm_right success 0.397382 -0.120646 -0.351557 0.370352 0.548738 0.744940 0.082402 1.589656 1.128215 -1.873971 -1.284897 -0.572283 0.862610 -0.159814
1776410020.437407 jaka_arm_right success 0.398129 -0.121140 -0.352013 0.370642 0.548133 0.745266 0.082184 1.594357 1.129332 -1.875221 -1.281270 -0.572076 0.862469 -0.157607
1776410020.445874 jaka_arm_right success 0.398957 -0.121540 -0.352614 0.369391 0.547504 0.746446 0.081289 1.601961 1.132616 -1.874242 -1.261689 -0.569487 0.878599 -0.162806
1776410020.454113 jaka_arm_right success 0.399688 -0.122027 -0.353173 0.369704 0.546904 0.746782 0.080817 1.602264 1.132876 -1.874189 -1.260665 -0.568806 0.879057 -0.162097
1776410020.462431 jaka_arm_right success 0.400431 -0.122342 -0.353797 0.369722 0.546169 0.747299 0.080928 1.608264 1.135711 -1.873635 -1.247478 -0.567402 0.887811 -0.165310
1776410020.470772 jaka_arm_right success 0.401118 -0.122569 -0.354409 0.369655 0.545304 0.748152 0.079161 1.610692 1.135535 -1.874099 -1.242058 -0.565259 0.893173 -0.163253
1776410020.479130 jaka_arm_right success 0.401856 -0.122927 -0.355118 0.368830 0.545508 0.748452 0.078775 1.617878 1.137589 -1.874628 -1.229287 -0.564993 0.901279 -0.165871
1776410020.487456 jaka_arm_right success 0.402451 -0.122924 -0.355647 0.370513 0.543734 0.748885 0.079024 1.616263 1.140367 -1.873278 -1.228000 -0.563319 0.900377 -0.166500
1776410020.495781 jaka_arm_right success 0.402677 -0.123323 -0.356203 0.371370 0.545164 0.747585 0.077437 1.615229 1.138981 -1.875100 -1.226684 -0.564574 0.900309 -0.165515
1776410020.504120 jaka_arm_right success 0.403084 -0.123560 -0.356784 0.371874 0.545596 0.746996 0.077666 1.615790 1.137924 -1.875331 -1.225579 -0.564971 0.899625 -0.164752
1776410020.512443 jaka_arm_right success 0.403985 -0.123311 -0.357690 0.370565 0.544373 0.748258 0.080304 1.619618 1.145596 -1.872255 -1.215457 -0.564305 0.905353 -0.174459
1776410020.520810 jaka_arm_right success 0.404230 -0.123487 -0.358224 0.371520 0.544712 0.747552 0.080173 1.619319 1.144410 -1.872618 -1.214229 -0.564972 0.904696 -0.174085
1776410020.529113 jaka_arm_right success 0.404328 -0.123516 -0.358762 0.372353 0.544685 0.747244 0.079360 1.619388 1.144247 -1.873335 -1.212971 -0.564573 0.904529 -0.172271
1776410020.537493 jaka_arm_right success 0.404806 -0.123772 -0.359503 0.371276 0.545758 0.746856 0.080676 1.623758 1.144274 -1.874374 -1.209518 -0.566397 0.905268 -0.173397
1776410020.545805 jaka_arm_right success 0.405211 -0.123532 -0.360106 0.371752 0.544556 0.747505 0.080593 1.623851 1.148696 -1.872461 -1.202128 -0.564652 0.910666 -0.178455
1776410020.554116 jaka_arm_right success 0.405365 -0.123643 -0.360567 0.371599 0.544884 0.747490 0.079212 1.626337 1.146162 -1.874251 -1.199991 -0.564421 0.912848 -0.174630
1776410020.562485 jaka_arm_right success 0.405665 -0.123748 -0.360944 0.371320 0.545027 0.747588 0.078600 1.630441 1.145983 -1.875508 -1.194932 -0.564516 0.915724 -0.173546
1776410020.570796 jaka_arm_right success 0.406428 -0.123818 -0.361571 0.369192 0.545237 0.748191 0.081391 1.631497 1.150671 -1.871476 -1.182762 -0.563963 0.926813 -0.186338
1776410020.579148 jaka_arm_right success 0.406736 -0.123667 -0.361785 0.370435 0.544172 0.748247 0.082350 1.631694 1.151791 -1.869984 -1.182000 -0.562929 0.925203 -0.186488
1776410020.587507 jaka_arm_right success 0.407251 -0.123644 -0.362193 0.368660 0.544430 0.748785 0.083709 1.633974 1.156673 -1.869793 -1.177273 -0.564499 0.927302 -0.193108
1776410020.595756 jaka_arm_right success 0.407513 -0.123686 -0.362424 0.367512 0.544330 0.749383 0.084059 1.635422 1.157164 -1.868102 -1.169647 -0.563068 0.935664 -0.197220
1776410020.604092 jaka_arm_right success 0.407778 -0.123679 -0.362565 0.367219 0.543982 0.749686 0.084883 1.635966 1.157217 -1.867743 -1.169976 -0.563027 0.935729 -0.197603
1776410020.612433 jaka_arm_right success 0.408074 -0.123687 -0.362741 0.366322 0.543557 0.750369 0.085440 1.638858 1.163167 -1.867027 -1.162045 -0.563382 0.939894 -0.204530
1776410020.620831 jaka_arm_right success 0.408443 -0.123697 -0.362998 0.364754 0.542876 0.751626 0.085432 1.642390 1.162739 -1.865520 -1.152001 -0.561135 0.951795 -0.207790
1776410020.629100 jaka_arm_right success 0.408962 -0.123701 -0.363204 0.363008 0.542181 0.752975 0.085396 1.647790 1.169381 -1.865651 -1.139601 -0.560889 0.960091 -0.214581
1776410020.637476 jaka_arm_right success 0.409364 -0.124021 -0.363374 0.361538 0.542465 0.753451 0.085634 1.651125 1.166876 -1.865298 -1.133827 -0.560266 0.967504 -0.215453
1776410020.645786 jaka_arm_right success 0.409915 -0.124051 -0.363581 0.360817 0.542037 0.753974 0.086775 1.652526 1.170333 -1.863905 -1.127373 -0.559629 0.971631 -0.220457
1776410020.654105 jaka_arm_right success 0.410163 -0.124079 -0.363697 0.360069 0.541195 0.754974 0.086445 1.654701 1.170942 -1.862819 -1.121479 -0.557759 0.977764 -0.221821
1776410020.662446 jaka_arm_right success 0.410599 -0.124214 -0.363794 0.359139 0.540885 0.755513 0.087538 1.657402 1.175538 -1.861711 -1.113874 -0.557957 0.982644 -0.228806
1776410020.670761 jaka_arm_right success 0.410793 -0.124265 -0.363782 0.358998 0.539859 0.756368 0.087063 1.658486 1.174779 -1.861216 -1.112256 -0.556152 0.985415 -0.226989
1776410020.679420 jaka_arm_right success 0.411249 -0.124351 -0.363968 0.356283 0.539341 0.758153 0.085889 1.668896 1.178981 -1.861527 -1.087424 -0.554267 1.006460 -0.234520
1776410020.687441 jaka_arm_right success 0.411896 -0.124475 -0.364242 0.354143 0.538718 0.759354 0.088018 1.669505 1.181778 -1.858786 -1.082537 -0.553531 1.012405 -0.242299
1776410020.695784 jaka_arm_right success 0.412202 -0.124720 -0.364378 0.353219 0.539173 0.759460 0.088028 1.672046 1.180980 -1.859497 -1.080789 -0.554016 1.013948 -0.241805
1776410020.704173 jaka_arm_right success 0.412505 -0.124991 -0.364525 0.352585 0.540069 0.759110 0.088094 1.675493 1.179803 -1.860318 -1.076678 -0.554817 1.016259 -0.241673
1776410020.712512 jaka_arm_right success 0.412793 -0.125050 -0.364656 0.352680 0.539836 0.759171 0.088619 1.675403 1.180819 -1.859711 -1.076212 -0.554716 1.016304 -0.243181
1776410020.720821 jaka_arm_right success 0.413081 -0.125034 -0.364854 0.352537 0.539533 0.759471 0.088464 1.676121 1.183822 -1.859362 -1.070445 -0.554343 1.019920 -0.246814
1776410020.729078 jaka_arm_right success 0.413223 -0.124724 -0.365068 0.352508 0.538016 0.760832 0.086087 1.682853 1.184182 -1.861047 -1.059656 -0.552163 1.029283 -0.243728
1776410020.737468 jaka_arm_right success 0.413553 -0.124752 -0.365515 0.351353 0.537629 0.761662 0.085887 1.685236 1.187013 -1.860074 -1.048848 -0.550888 1.038796 -0.249294
1776410020.745852 jaka_arm_right success 0.413520 -0.124925 -0.365822 0.353203 0.537833 0.760730 0.085284 1.684232 1.186778 -1.860237 -1.047781 -0.550916 1.038003 -0.248716
1776410020.754111 jaka_arm_right success 0.413587 -0.125108 -0.366142 0.353753 0.538222 0.760261 0.084731 1.683868 1.186238 -1.860941 -1.046698 -0.551271 1.037036 -0.247428
1776410020.762467 jaka_arm_right success 0.414048 -0.125105 -0.366786 0.352935 0.538197 0.760459 0.086510 1.684894 1.185868 -1.860204 -1.047255 -0.551383 1.037001 -0.248373
1776410020.770799 jaka_arm_right success 0.413849 -0.125063 -0.367151 0.353791 0.537962 0.760573 0.083414 1.686811 1.185615 -1.862749 -1.045458 -0.551301 1.037552 -0.243699
1776410020.779174 jaka_arm_right success 0.413752 -0.124906 -0.367576 0.355216 0.536335 0.761280 0.081356 1.686346 1.187140 -1.863218 -1.044046 -0.549368 1.038467 -0.240831
1776410020.787414 jaka_arm_right success 0.413623 -0.124974 -0.368077 0.355818 0.537129 0.760469 0.081078 1.685791 1.186653 -1.863543 -1.043431 -0.549823 1.038052 -0.240736
1776410020.795801 jaka_arm_right success 0.413367 -0.124901 -0.368458 0.357747 0.537762 0.759196 0.080316 1.684354 1.185825 -1.864640 -1.041781 -0.550702 1.036888 -0.239738
1776410020.804096 jaka_arm_right success 0.413387 -0.124783 -0.368973 0.358043 0.537967 0.758697 0.082309 1.685128 1.185380 -1.862881 -1.041436 -0.550464 1.035225 -0.240860
1776410020.812450 jaka_arm_right success 0.413280 -0.124662 -0.369337 0.357819 0.538922 0.758201 0.081616 1.684880 1.185116 -1.864555 -1.041316 -0.552035 1.035073 -0.240894
1776410020.820775 jaka_arm_right success 0.413189 -0.124422 -0.369681 0.358220 0.538839 0.757991 0.082345 1.685185 1.185337 -1.863788 -1.041139 -0.551884 1.034037 -0.241421
1776410020.829136 jaka_arm_right success 0.412779 -0.124165 -0.369885 0.359403 0.539738 0.756737 0.082838 1.683394 1.187093 -1.865650 -1.045814 -0.554839 1.025538 -0.241138
1776410020.837476 jaka_arm_right success 0.412669 -0.123639 -0.370119 0.359141 0.539559 0.756963 0.083077 1.683425 1.187704 -1.865262 -1.046387 -0.554476 1.025549 -0.241496
1776410020.845866 jaka_arm_right success 0.412530 -0.123295 -0.370332 0.358716 0.540824 0.756131 0.084252 1.682359 1.188468 -1.865324 -1.047729 -0.556705 1.023133 -0.245152
1776410020.854138 jaka_arm_right success 0.412376 -0.122927 -0.370521 0.357908 0.541522 0.755878 0.085461 1.681344 1.189046 -1.864992 -1.049111 -0.557775 1.021829 -0.247679
1776410020.862466 jaka_arm_right success 0.412255 -0.122681 -0.370597 0.357385 0.542103 0.755518 0.087138 1.679785 1.190268 -1.864082 -1.050981 -0.558983 1.019706 -0.251538
1776410020.870836 jaka_arm_right success 0.411803 -0.122641 -0.370421 0.358430 0.544555 0.753182 0.087774 1.672032 1.183006 -1.865813 -1.075250 -0.562687 1.000431 -0.242292
1776410020.879103 jaka_arm_right success 0.411885 -0.121919 -0.370421 0.356711 0.543350 0.754885 0.087623 1.671569 1.185987 -1.865377 -1.075801 -0.561828 1.003157 -0.244916
1776410020.887455 jaka_arm_right success 0.411980 -0.121726 -0.370531 0.354751 0.544679 0.754783 0.088197 1.674131 1.187193 -1.865468 -1.068658 -0.562556 1.010022 -0.250037
1776410020.895844 jaka_arm_right success 0.411743 -0.121659 -0.370366 0.353933 0.546036 0.754342 0.086857 1.675074 1.185052 -1.867605 -1.068460 -0.564471 1.011010 -0.249088
1776410020.904108 jaka_arm_right success 0.411674 -0.121133 -0.370156 0.353580 0.545017 0.755232 0.086962 1.675493 1.185782 -1.867445 -1.068969 -0.563860 1.011507 -0.248857
1776410020.912471 jaka_arm_right success 0.411892 -0.120768 -0.370197 0.351437 0.544703 0.756189 0.089269 1.678011 1.189579 -1.864569 -1.059113 -0.562765 1.020590 -0.258291
1776410020.920738 jaka_arm_right success 0.411856 -0.120735 -0.370087 0.351099 0.546125 0.755159 0.090622 1.678402 1.188201 -1.864348 -1.058960 -0.563906 1.019962 -0.259468
1776410020.929125 jaka_arm_right success 0.411917 -0.120707 -0.370067 0.349505 0.547337 0.754943 0.091263 1.679335 1.187220 -1.864574 -1.059657 -0.565167 1.020244 -0.260782
1776410020.937438 jaka_arm_right success 0.412061 -0.120556 -0.370097 0.347154 0.548091 0.755348 0.092356 1.680957 1.186884 -1.865401 -1.060931 -0.567231 1.021053 -0.263216
1776410020.945828 jaka_arm_right success 0.412152 -0.120314 -0.370115 0.346456 0.547966 0.755665 0.093124 1.680997 1.190115 -1.865004 -1.060081 -0.567937 1.020497 -0.267103
1776410020.954313 jaka_arm_right success 0.412165 -0.120112 -0.370140 0.345476 0.548305 0.755990 0.092124 1.683250 1.189106 -1.866230 -1.057245 -0.567985 1.024229 -0.266031
1776410020.962423 jaka_arm_right success 0.412250 -0.120187 -0.370170 0.344483 0.549423 0.755637 0.092075 1.684892 1.187960 -1.867195 -1.055942 -0.569232 1.025523 -0.266384
1776410020.970769 jaka_arm_right success 0.412219 -0.119734 -0.370141 0.344170 0.548249 0.756843 0.090319 1.690710 1.190067 -1.867743 -1.042581 -0.566932 1.036838 -0.267386
1776410020.979147 jaka_arm_right success 0.412254 -0.119637 -0.370182 0.342969 0.548650 0.757308 0.088544 1.691788 1.189165 -1.870104 -1.041822 -0.567675 1.039345 -0.265362
1776410020.987417 jaka_arm_right success 0.412289 -0.119780 -0.370316 0.342286 0.549983 0.756698 0.088128 1.693356 1.187558 -1.871117 -1.041061 -0.568929 1.039972 -0.264970
1776410020.995793 jaka_arm_right success 0.412625 -0.120004 -0.370725 0.340516 0.552314 0.755511 0.090565 1.694824 1.185310 -1.870942 -1.041238 -0.571538 1.039293 -0.268082
1776410021.004109 jaka_arm_right success 0.412499 -0.120004 -0.370925 0.341155 0.553502 0.754464 0.089624 1.694096 1.184553 -1.872782 -1.040602 -0.573167 1.039295 -0.267780
1776410021.012515 jaka_arm_right success 0.412437 -0.119800 -0.371148 0.342058 0.553677 0.754024 0.088811 1.693419 1.184605 -1.872935 -1.039894 -0.573026 1.038831 -0.267177
1776410021.020777 jaka_arm_right success 0.412660 -0.119553 -0.371555 0.341497 0.552716 0.754976 0.088861 1.694614 1.185916 -1.872647 -1.039881 -0.572180 1.038835 -0.266653
1776410021.029103 jaka_arm_right success 0.413159 -0.119397 -0.372150 0.340296 0.552817 0.755311 0.089990 1.700631 1.190925 -1.872852 -1.028849 -0.572989 1.043869 -0.272736
1776410021.037427 jaka_arm_right success 0.413082 -0.119061 -0.372442 0.341301 0.552539 0.755434 0.086796 1.701540 1.188243 -1.875457 -1.026932 -0.572325 1.046569 -0.266376
1776410021.045836 jaka_arm_right success 0.413370 -0.119197 -0.372887 0.341435 0.553809 0.754409 0.087098 1.701293 1.187278 -1.875667 -1.026399 -0.573178 1.046007 -0.266775
1776410021.054097 jaka_arm_right success 0.413546 -0.118908 -0.373448 0.341582 0.553472 0.754819 0.085077 1.704946 1.187148 -1.878390 -1.023993 -0.573688 1.046731 -0.262540
1776410021.062454 jaka_arm_right success 0.413691 -0.118776 -0.373820 0.341895 0.553453 0.754780 0.084286 1.709596 1.188623 -1.880031 -1.017104 -0.573838 1.049028 -0.261208
1776410021.070792 jaka_arm_right success 0.413802 -0.118792 -0.374205 0.342919 0.554271 0.753650 0.084869 1.709168 1.187667 -1.879855 -1.016345 -0.574407 1.048148 -0.261595
1776410021.079123 jaka_arm_right success 0.413903 -0.118592 -0.374654 0.342854 0.555121 0.753091 0.084533 1.708832 1.186938 -1.880257 -1.015946 -0.575234 1.047796 -0.261918
1776410021.087478 jaka_arm_right success 0.413807 -0.118492 -0.374954 0.343220 0.555707 0.752662 0.083003 1.707912 1.186864 -1.881460 -1.015434 -0.575883 1.047890 -0.261327
1776410021.095792 jaka_arm_right success 0.413817 -0.118467 -0.375252 0.343396 0.555825 0.752541 0.082580 1.707546 1.186898 -1.882218 -1.015276 -0.576256 1.048075 -0.260957
1776410021.104134 jaka_arm_right success 0.413865 -0.118266 -0.375585 0.342846 0.555945 0.752785 0.081831 1.709129 1.186673 -1.883284 -1.015305 -0.576803 1.048631 -0.259962
1776410021.112464 jaka_arm_right success 0.413678 -0.118345 -0.375811 0.343318 0.556728 0.752168 0.080182 1.710616 1.184899 -1.885542 -1.013778 -0.577425 1.048853 -0.255776
1776410021.120765 jaka_arm_right success 0.413932 -0.118371 -0.376244 0.341897 0.557066 0.752424 0.081498 1.711813 1.184088 -1.885359 -1.014436 -0.578393 1.049098 -0.257326
1776410021.129248 jaka_arm_right success 0.414097 -0.118105 -0.376471 0.340887 0.555858 0.753850 0.080801 1.718177 1.189565 -1.884626 -0.995568 -0.576064 1.064181 -0.264683
1776410021.137445 jaka_arm_right success 0.414133 -0.118218 -0.376649 0.340030 0.556580 0.753729 0.080566 1.718257 1.189013 -1.885326 -0.995708 -0.576986 1.064455 -0.265047
1776410021.145834 jaka_arm_right success 0.414046 -0.117972 -0.376704 0.340981 0.555623 0.753957 0.081019 1.717989 1.189518 -1.884655 -0.995271 -0.576075 1.063987 -0.264556
1776410021.154144 jaka_arm_right success 0.414047 -0.117810 -0.376912 0.340378 0.555544 0.754225 0.081602 1.718228 1.190441 -1.884250 -0.995520 -0.576232 1.064049 -0.266229
1776410021.162419 jaka_arm_right success 0.413849 -0.117461 -0.376867 0.341040 0.554702 0.754678 0.080357 1.717546 1.191408 -1.884508 -0.995214 -0.575501 1.064225 -0.265213
1776410021.170747 jaka_arm_right success 0.413763 -0.117379 -0.376798 0.340445 0.555267 0.754650 0.079240 1.717641 1.191352 -1.885774 -0.995089 -0.575868 1.065375 -0.264262
1776410021.179171 jaka_arm_right success 0.413719 -0.117333 -0.376840 0.339393 0.556500 0.754271 0.078708 1.719374 1.189078 -1.887449 -0.994737 -0.577501 1.066767 -0.263344
1776410021.187440 jaka_arm_right success 0.413606 -0.117226 -0.376734 0.339601 0.557005 0.753844 0.078328 1.719374 1.189078 -1.887449 -0.994737 -0.577501 1.066767 -0.263344
1776410021.195782 jaka_arm_right success 0.413556 -0.117202 -0.376695 0.338243 0.557953 0.753764 0.078230 1.721184 1.187220 -1.889190 -0.994384 -0.579092 1.067828 -0.262296
1776410021.204115 jaka_arm_right success 0.413705 -0.116971 -0.376738 0.336979 0.557658 0.754403 0.079618 1.721804 1.188628 -1.888090 -0.994283 -0.578890 1.068436 -0.265064
1776410021.212480 jaka_arm_right success 0.413785 -0.116823 -0.376707 0.334705 0.558460 0.754805 0.079781 1.724612 1.189238 -1.887573 -0.983764 -0.578693 1.079243 -0.271545
1776410021.220816 jaka_arm_right success 0.413458 -0.116431 -0.376428 0.335608 0.558641 0.754257 0.079903 1.724795 1.189764 -1.887988 -0.983125 -0.579098 1.077969 -0.271209
1776410021.229101 jaka_arm_right success 0.413289 -0.116174 -0.376329 0.334982 0.558773 0.754440 0.079871 1.725138 1.189808 -1.888160 -0.983499 -0.579310 1.078251 -0.271441
1776410021.237473 jaka_arm_right success 0.413284 -0.116238 -0.376414 0.332555 0.561980 0.752980 0.081283 1.726885 1.187087 -1.889950 -0.984555 -0.583425 1.078285 -0.274307
1776410021.245795 jaka_arm_right success 0.412816 -0.115797 -0.376224 0.333489 0.562576 0.752278 0.079817 1.727388 1.187250 -1.891732 -0.983921 -0.584302 1.076472 -0.271761
1776410021.254122 jaka_arm_right success 0.412924 -0.115656 -0.376297 0.331709 0.563451 0.752270 0.081138 1.728469 1.186593 -1.891679 -0.984758 -0.585096 1.076766 -0.272942
1776410021.262492 jaka_arm_right success 0.413097 -0.115644 -0.376420 0.329666 0.565350 0.751567 0.082745 1.730182 1.184648 -1.892410 -0.985989 -0.588109 1.076629 -0.275942
1776410021.270770 jaka_arm_right success 0.413057 -0.115207 -0.376492 0.329974 0.564808 0.751749 0.083560 1.729050 1.188813 -1.892022 -0.986204 -0.588632 1.073272 -0.279015
1776410021.279159 jaka_arm_right success 0.412616 -0.115029 -0.376459 0.330026 0.566642 0.750584 0.081386 1.730734 1.184723 -1.895504 -0.986624 -0.590467 1.073957 -0.273458
1776410021.287596 jaka_arm_right success 0.412759 -0.115142 -0.376638 0.328857 0.568644 0.749416 0.082896 1.731774 1.184026 -1.896013 -0.988793 -0.593294 1.070191 -0.275403
1776410021.295794 jaka_arm_right success 0.412882 -0.115081 -0.376866 0.328017 0.569520 0.749035 0.083651 1.732202 1.183225 -1.896057 -0.989043 -0.594069 1.070115 -0.276210
1776410021.304124 jaka_arm_right success 0.412984 -0.115075 -0.377090 0.326905 0.570326 0.748893 0.083792 1.732722 1.182581 -1.896500 -0.989585 -0.595037 1.070469 -0.277014
1776410021.312513 jaka_arm_right success 0.412964 -0.115098 -0.377289 0.326740 0.570921 0.748515 0.083761 1.732570 1.181943 -1.897026 -0.989476 -0.595865 1.070407 -0.277306
1776410021.320860 jaka_arm_right success 0.412761 -0.114990 -0.377564 0.327513 0.571288 0.747973 0.083078 1.731960 1.181793 -1.897454 -0.988991 -0.596107 1.070181 -0.276930
1776410021.329163 jaka_arm_right success 0.412570 -0.114929 -0.377795 0.328044 0.571471 0.747739 0.081814 1.732372 1.180946 -1.899014 -0.988875 -0.596469 1.069773 -0.273840
1776410021.337463 jaka_arm_right success 0.412608 -0.115031 -0.378212 0.328017 0.572058 0.747227 0.082497 1.732459 1.180266 -1.898972 -0.988731 -0.596994 1.069396 -0.274281
1776410021.345805 jaka_arm_right success 0.412690 -0.115244 -0.378723 0.327081 0.573026 0.746755 0.083760 1.733208 1.179167 -1.898763 -0.989061 -0.597948 1.069141 -0.275528
1776410021.354189 jaka_arm_right success 0.412537 -0.115310 -0.379083 0.327410 0.572862 0.746886 0.082418 1.732599 1.179428 -1.899415 -0.988808 -0.598056 1.069297 -0.274975
1776410021.362438 jaka_arm_right success 0.412211 -0.115473 -0.379441 0.327379 0.573538 0.746636 0.080076 1.733825 1.177133 -1.901948 -0.988557 -0.598516 1.071052 -0.270327
1776410021.370728 jaka_arm_right success 0.411896 -0.115043 -0.379938 0.328923 0.571065 0.747923 0.079409 1.732624 1.179617 -1.900993 -0.987960 -0.595922 1.070950 -0.268727
1776410021.379074 jaka_arm_right success 0.411880 -0.115329 -0.380525 0.329246 0.571254 0.747421 0.081413 1.730900 1.180748 -1.899024 -0.987728 -0.596352 1.069184 -0.273473
1776410021.387468 jaka_arm_right success 0.411766 -0.115679 -0.381111 0.329504 0.571856 0.746770 0.082116 1.730753 1.180228 -1.898926 -0.987429 -0.596693 1.068786 -0.273796
1776410021.395827 jaka_arm_right success 0.411337 -0.116180 -0.381624 0.329338 0.573006 0.746119 0.080664 1.729864 1.179655 -1.900222 -0.986963 -0.597793 1.068940 -0.273586
1776410021.404107 jaka_arm_right success 0.411207 -0.116014 -0.382303 0.329936 0.570351 0.747860 0.080911 1.726966 1.182567 -1.897127 -0.981843 -0.594025 1.075858 -0.278399
1776410021.412423 jaka_arm_right success 0.410705 -0.116417 -0.382807 0.330628 0.571511 0.746849 0.079226 1.726366 1.181471 -1.898812 -0.980851 -0.595162 1.075959 -0.277055
1776410021.420786 jaka_arm_right success 0.410420 -0.116558 -0.383437 0.331547 0.570733 0.747067 0.078937 1.726207 1.182154 -1.898344 -0.980478 -0.593980 1.075964 -0.275991
1776410021.429165 jaka_arm_right success 0.410101 -0.116574 -0.384113 0.332082 0.569283 0.747981 0.078504 1.724871 1.181872 -1.896922 -0.977782 -0.591697 1.079844 -0.276319
1776410021.437458 jaka_arm_right success 0.409583 -0.116896 -0.384738 0.332987 0.570233 0.746932 0.077762 1.724076 1.181506 -1.897463 -0.977042 -0.592150 1.079461 -0.275967
1776410021.445755 jaka_arm_right success 0.409445 -0.117003 -0.385581 0.333425 0.569672 0.747001 0.079316 1.723590 1.182265 -1.896478 -0.976079 -0.592265 1.078176 -0.277963
1776410021.454116 jaka_arm_right success 0.408913 -0.117383 -0.386254 0.334512 0.570541 0.745974 0.078149 1.722637 1.182052 -1.897049 -0.975284 -0.592578 1.077833 -0.277433
1776410021.462417 jaka_arm_right success 0.408584 -0.117566 -0.386963 0.335695 0.569955 0.745899 0.078070 1.721861 1.182161 -1.897093 -0.974563 -0.592320 1.077415 -0.276838
1776410021.470820 jaka_arm_right success 0.408212 -0.117552 -0.387532 0.337851 0.568731 0.745925 0.077442 1.720515 1.183427 -1.896298 -0.973349 -0.590481 1.076650 -0.275261
1776410021.479119 jaka_arm_right success 0.408220 -0.118088 -0.388414 0.337576 0.571142 0.744029 0.079120 1.720791 1.180670 -1.896447 -0.972923 -0.593096 1.075379 -0.277708
1776410021.487444 jaka_arm_right success 0.407781 -0.118322 -0.388868 0.339159 0.571701 0.743145 0.076587 1.718712 1.180714 -1.898155 -0.971187 -0.593252 1.074780 -0.275018
1776410021.495731 jaka_arm_right success 0.407746 -0.118240 -0.389461 0.340650 0.570399 0.743359 0.077593 1.718375 1.181183 -1.896913 -0.970479 -0.591949 1.073825 -0.274474
1776410021.504090 jaka_arm_right success 0.407281 -0.118317 -0.389817 0.343434 0.569989 0.742541 0.076150 1.716605 1.183216 -1.897746 -0.972219 -0.591918 1.068426 -0.271561
1776410021.512429 jaka_arm_right success 0.406981 -0.118580 -0.390217 0.344831 0.570612 0.741475 0.075549 1.710428 1.179943 -1.898850 -0.988289 -0.593178 1.056700 -0.264563
1776410021.520829 jaka_arm_right success 0.406698 -0.118652 -0.390678 0.346048 0.570722 0.740951 0.074289 1.708894 1.179663 -1.899704 -0.987104 -0.593190 1.056479 -0.263081
1776410021.529139 jaka_arm_right success 0.406483 -0.118793 -0.391050 0.346405 0.572031 0.739862 0.073402 1.710465 1.175131 -1.901067 -0.986786 -0.593956 1.056853 -0.258803
1776410021.537403 jaka_arm_right success 0.406220 -0.118858 -0.391374 0.347851 0.572645 0.738553 0.074948 1.707003 1.176505 -1.900346 -0.991813 -0.595349 1.048728 -0.260129
1776410021.545857 jaka_arm_right success 0.406054 -0.118719 -0.391625 0.348633 0.572726 0.738034 0.075800 1.705058 1.176305 -1.899626 -0.994406 -0.595658 1.045905 -0.260796
1776410021.554165 jaka_arm_right success 0.405642 -0.118704 -0.391837 0.348896 0.574019 0.736910 0.075741 1.702672 1.171422 -1.902086 -1.007558 -0.598245 1.035245 -0.252637
1776410021.562496 jaka_arm_right success 0.405190 -0.118359 -0.392012 0.349219 0.574800 0.736174 0.075495 1.700454 1.171885 -1.902140 -1.008280 -0.598794 1.034602 -0.254171
1776410021.570775 jaka_arm_right success 0.404835 -0.118045 -0.392061 0.350913 0.575117 0.734980 0.076839 1.692294 1.171811 -1.900756 -1.022516 -0.599925 1.021695 -0.253477
1776410021.579136 jaka_arm_right success 0.404488 -0.117989 -0.392250 0.350567 0.577469 0.733179 0.077974 1.692486 1.168010 -1.902561 -1.029151 -0.603424 1.014993 -0.250772
1776410021.587455 jaka_arm_right success 0.403963 -0.117716 -0.392214 0.350099 0.579753 0.731847 0.075612 1.693753 1.163942 -1.907055 -1.031484 -0.606298 1.013904 -0.244937
1776410021.595791 jaka_arm_right success 0.403512 -0.117726 -0.392216 0.350624 0.582493 0.729174 0.077910 1.685384 1.158700 -1.908476 -1.056345 -0.611500 0.992372 -0.238829
1776410021.604136 jaka_arm_right success 0.403364 -0.117332 -0.392472 0.350265 0.582574 0.728967 0.080798 1.684763 1.159617 -1.906377 -1.057330 -0.611879 0.991147 -0.243163
1776410021.612589 jaka_arm_right success 0.403034 -0.117019 -0.392666 0.351017 0.583751 0.727457 0.082633 1.679425 1.161530 -1.904701 -1.060899 -0.613591 0.985110 -0.248450
1776410021.620785 jaka_arm_right success 0.402592 -0.116644 -0.392838 0.350898 0.584528 0.727004 0.081625 1.679604 1.159535 -1.907106 -1.065133 -0.615008 0.982376 -0.244206
1776410021.629124 jaka_arm_right success 0.402149 -0.116470 -0.392899 0.350844 0.585625 0.726236 0.080825 1.679314 1.157669 -1.908713 -1.066070 -0.616512 0.981939 -0.243010
1776410021.637464 jaka_arm_right success 0.401833 -0.116073 -0.393339 0.350731 0.586649 0.725321 0.082095 1.677465 1.159175 -1.908757 -1.068807 -0.618339 0.977467 -0.245354
1776410021.645778 jaka_arm_right success 0.401434 -0.115671 -0.393605 0.351467 0.587202 0.724412 0.083019 1.671184 1.158427 -1.908641 -1.080981 -0.620216 0.966695 -0.243978
1776410021.654090 jaka_arm_right success 0.400870 -0.115418 -0.393950 0.351493 0.588197 0.723716 0.081926 1.671601 1.155902 -1.910740 -1.081481 -0.621103 0.967714 -0.241059
1776410021.662478 jaka_arm_right success 0.400629 -0.115130 -0.394495 0.350155 0.588450 0.723982 0.083475 1.672589 1.155779 -1.909747 -1.082514 -0.621618 0.967508 -0.243206
1776410021.670785 jaka_arm_right success 0.399912 -0.114982 -0.394845 0.349876 0.586930 0.725475 0.082373 1.668998 1.158281 -1.908762 -1.082929 -0.619714 0.970065 -0.245262
1776410021.679179 jaka_arm_right success 0.399456 -0.115124 -0.395308 0.349259 0.586725 0.725779 0.083770 1.666530 1.159597 -1.906812 -1.083147 -0.619446 0.971389 -0.250205
1776410021.687495 jaka_arm_right success 0.398872 -0.115267 -0.395638 0.347898 0.585203 0.727707 0.083349 1.667270 1.164568 -1.903207 -1.068696 -0.615427 0.986725 -0.260523
1776410021.695805 jaka_arm_right success 0.398665 -0.115351 -0.395877 0.346951 0.585161 0.728032 0.084740 1.667936 1.164195 -1.902843 -1.069102 -0.615704 0.986779 -0.261271
1776410021.704132 jaka_arm_right success 0.398052 -0.115246 -0.395959 0.348244 0.584000 0.728390 0.084369 1.666107 1.165636 -1.901659 -1.068469 -0.614097 0.986905 -0.261638
1776410021.712476 jaka_arm_right success 0.397283 -0.115177 -0.395870 0.350407 0.582355 0.728750 0.083673 1.664409 1.167024 -1.900546 -1.067534 -0.612065 0.986320 -0.260574
1776410021.720767 jaka_arm_right success 0.396757 -0.115386 -0.395801 0.351853 0.582882 0.727466 0.085097 1.659361 1.168246 -1.898569 -1.068929 -0.612478 0.983651 -0.265168
1776410021.729090 jaka_arm_right success 0.396559 -0.115328 -0.395882 0.351045 0.581992 0.728432 0.086249 1.659548 1.169005 -1.897273 -1.070115 -0.611574 0.984069 -0.266270
1776410021.737413 jaka_arm_right success 0.395779 -0.115332 -0.395686 0.351663 0.582175 0.728290 0.083665 1.658213 1.169471 -1.898552 -1.069592 -0.611592 0.984484 -0.265087
1776410021.745795 jaka_arm_right success 0.395677 -0.115379 -0.395691 0.351509 0.582502 0.727753 0.086651 1.654309 1.169017 -1.895778 -1.072485 -0.611642 0.983309 -0.269717
1776410021.754119 jaka_arm_right success 0.395610 -0.115259 -0.395707 0.351615 0.582383 0.727530 0.088865 1.648849 1.168790 -1.893080 -1.080741 -0.611636 0.977989 -0.272222
1776410021.762511 jaka_arm_right success 0.395329 -0.115293 -0.395518 0.352627 0.583718 0.725826 0.090022 1.645787 1.165710 -1.895088 -1.095444 -0.615324 0.962398 -0.265676
1776410021.770770 jaka_arm_right success 0.395106 -0.114950 -0.395358 0.353865 0.582561 0.726082 0.090592 1.643884 1.167949 -1.893460 -1.096084 -0.613764 0.961645 -0.266840
1776410021.779068 jaka_arm_right success 0.394984 -0.114847 -0.395208 0.354802 0.582615 0.725500 0.091244 1.640106 1.169322 -1.892195 -1.099199 -0.614155 0.957914 -0.269260
1776410021.787424 jaka_arm_right success 0.394893 -0.114841 -0.395084 0.355569 0.582810 0.724934 0.091510 1.639395 1.166575 -1.893350 -1.107119 -0.615220 0.950699 -0.263648
1776410021.795789 jaka_arm_right success 0.394851 -0.114773 -0.395036 0.356154 0.582183 0.725144 0.091560 1.638815 1.167410 -1.892729 -1.107308 -0.614340 0.950528 -0.263567
1776410021.804143 jaka_arm_right success 0.394892 -0.114812 -0.395016 0.356343 0.581634 0.725444 0.091940 1.635555 1.168985 -1.891398 -1.108514 -0.613959 0.949994 -0.266444
1776410021.812469 jaka_arm_right success 0.394853 -0.114826 -0.394925 0.357307 0.581118 0.725424 0.091616 1.635117 1.169349 -1.891180 -1.108119 -0.613363 0.949690 -0.265844
1776410021.820759 jaka_arm_right success 0.394780 -0.115102 -0.394795 0.357733 0.581682 0.724785 0.091434 1.634859 1.165801 -1.891867 -1.112630 -0.613708 0.946094 -0.261082
1776410021.829128 jaka_arm_right success 0.394648 -0.115439 -0.394707 0.358028 0.582530 0.724038 0.090796 1.634351 1.165439 -1.892317 -1.112237 -0.614126 0.945915 -0.260943
1776410021.837424 jaka_arm_right success 0.394620 -0.115664 -0.394667 0.358060 0.582844 0.723692 0.091415 1.634174 1.163534 -1.892644 -1.115825 -0.614903 0.943261 -0.259154
1776410021.845840 jaka_arm_right success 0.394302 -0.115935 -0.394472 0.359717 0.583624 0.722124 0.092319 1.625849 1.161089 -1.893331 -1.135059 -0.617535 0.925833 -0.253472
1776410021.854125 jaka_arm_right success 0.393936 -0.116073 -0.394289 0.360291 0.584858 0.720920 0.091687 1.626164 1.157576 -1.894637 -1.135318 -0.618401 0.925931 -0.250783
1776410021.862496 jaka_arm_right success 0.394027 -0.115903 -0.394275 0.360175 0.583679 0.721654 0.093851 1.624628 1.161192 -1.891672 -1.137390 -0.617577 0.923855 -0.255265
1776410021.870789 jaka_arm_right success 0.393976 -0.115860 -0.394197 0.360007 0.583549 0.721741 0.094636 1.624721 1.160899 -1.891348 -1.137332 -0.617681 0.923573 -0.255562
1776410021.879186 jaka_arm_right success 0.393830 -0.115913 -0.394018 0.359834 0.584279 0.721260 0.094450 1.624551 1.160429 -1.891812 -1.137554 -0.618331 0.923744 -0.255882
1776410021.887452 jaka_arm_right success 0.393706 -0.115863 -0.393829 0.360243 0.584443 0.720912 0.094535 1.621905 1.159380 -1.891632 -1.142285 -0.618712 0.920436 -0.254913
1776410021.895859 jaka_arm_right success 0.393671 -0.115749 -0.393625 0.360498 0.583830 0.721198 0.095167 1.622054 1.160060 -1.890834 -1.142565 -0.617840 0.920140 -0.254757
1776410021.904154 jaka_arm_right success 0.393533 -0.115773 -0.393397 0.361057 0.584336 0.720430 0.095761 1.615693 1.158452 -1.890937 -1.155424 -0.619848 0.909217 -0.252547
1776410021.912460 jaka_arm_right success 0.393220 -0.115800 -0.393095 0.361944 0.585080 0.719495 0.094893 1.616563 1.155921 -1.892276 -1.155616 -0.620174 0.908319 -0.248845
1776410021.920778 jaka_arm_right success 0.393093 -0.115826 -0.392874 0.362030 0.586030 0.718648 0.095124 1.617491 1.153638 -1.895547 -1.163606 -0.623188 0.900112 -0.243214
1776410021.929115 jaka_arm_right success 0.393109 -0.115976 -0.392724 0.360747 0.587433 0.718075 0.095669 1.618013 1.152580 -1.895515 -1.163906 -0.624223 0.900094 -0.244289
1776410021.937455 jaka_arm_right success 0.392999 -0.115941 -0.392468 0.360659 0.588161 0.717451 0.096209 1.615607 1.150693 -1.895050 -1.166516 -0.624969 0.899430 -0.245264
1776410021.945856 jaka_arm_right success 0.392847 -0.115806 -0.392113 0.361205 0.587911 0.717426 0.095871 1.614148 1.149188 -1.896248 -1.173448 -0.625634 0.893806 -0.240950
1776410021.954152 jaka_arm_right success 0.392839 -0.115764 -0.391890 0.360773 0.588572 0.716962 0.096911 1.613758 1.148920 -1.895738 -1.174398 -0.626419 0.892856 -0.242447
1776410021.962420 jaka_arm_right success 0.392966 -0.115669 -0.391634 0.360630 0.588447 0.716816 0.099253 1.611572 1.151683 -1.893418 -1.176762 -0.627097 0.889446 -0.247300
1776410021.970795 jaka_arm_right success 0.392856 -0.115737 -0.391322 0.360325 0.588524 0.716870 0.099511 1.611813 1.151607 -1.893329 -1.177179 -0.627132 0.889654 -0.247501
1776410021.979161 jaka_arm_right success 0.392866 -0.115946 -0.391000 0.359547 0.589079 0.716634 0.100736 1.608170 1.149983 -1.891446 -1.181884 -0.627234 0.888079 -0.249258
1776410021.987447 jaka_arm_right success 0.392591 -0.115920 -0.390546 0.359828 0.588595 0.717176 0.098682 1.609025 1.148365 -1.893048 -1.182591 -0.626321 0.889240 -0.244827
1776410021.995795 jaka_arm_right success 0.392759 -0.116154 -0.390328 0.357854 0.589363 0.717605 0.098152 1.609938 1.147515 -1.894306 -1.183726 -0.627512 0.890739 -0.245234
1776410022.004127 jaka_arm_right success 0.392841 -0.116164 -0.389954 0.357683 0.587556 0.719294 0.097244 1.610508 1.148138 -1.893970 -1.184263 -0.625300 0.892831 -0.243271
1776410022.020817 jaka_arm_right success 0.392718 -0.116436 -0.389551 0.357713 0.587094 0.720038 0.094377 1.612426 1.142956 -1.895273 -1.182773 -0.622528 0.898509 -0.236004
1776410022.029113 jaka_arm_right success 0.393107 -0.116857 -0.389090 0.355239 0.585838 0.722654 0.091491 1.623101 1.146017 -1.895598 -1.159910 -0.618598 0.920852 -0.240605
1776410022.037454 jaka_arm_right success 0.393312 -0.117232 -0.388807 0.354836 0.585540 0.723362 0.089341 1.623833 1.145221 -1.896742 -1.159826 -0.617420 0.923272 -0.237508
1776410022.045835 jaka_arm_right success 0.393492 -0.117813 -0.388547 0.354098 0.585446 0.724016 0.087568 1.626813 1.140773 -1.898265 -1.158257 -0.616412 0.928026 -0.232549
1776410022.054092 jaka_arm_right success 0.393805 -0.118140 -0.388324 0.352808 0.585048 0.725256 0.085139 1.635337 1.140584 -1.900596 -1.146079 -0.614898 0.939128 -0.230505
1776410022.062466 jaka_arm_right success 0.394006 -0.118242 -0.388100 0.352314 0.584256 0.726345 0.083324 1.636901 1.139759 -1.900523 -1.140523 -0.612269 0.947713 -0.229817
1776410022.070781 jaka_arm_right success 0.394031 -0.118521 -0.387823 0.352545 0.584130 0.726437 0.082423 1.636624 1.139944 -1.900716 -1.140325 -0.612126 0.947733 -0.229469
1776410022.079181 jaka_arm_right success 0.394231 -0.119062 -0.387651 0.352174 0.585208 0.725558 0.084082 1.637149 1.138760 -1.900182 -1.140184 -0.612944 0.947116 -0.230495
1776410022.087488 jaka_arm_right success 0.394168 -0.119032 -0.387409 0.353103 0.583663 0.726439 0.083313 1.636848 1.139825 -1.899900 -1.140042 -0.611755 0.947139 -0.229560
1776410022.095807 jaka_arm_right success 0.394055 -0.119451 -0.387151 0.354011 0.583965 0.725689 0.083880 1.636545 1.139438 -1.899393 -1.139371 -0.611649 0.946335 -0.229495
1776410022.104156 jaka_arm_right success 0.393804 -0.119653 -0.386911 0.356210 0.582727 0.725531 0.084548 1.633687 1.141377 -1.897149 -1.140718 -0.610182 0.942407 -0.229984
1776410022.112516 jaka_arm_right success 0.393683 -0.120236 -0.386684 0.357276 0.583146 0.724483 0.086132 1.627653 1.139654 -1.895450 -1.151577 -0.610858 0.933481 -0.229071
1776410022.120845 jaka_arm_right success 0.393442 -0.120669 -0.386402 0.359013 0.582737 0.723849 0.087001 1.625264 1.135559 -1.895023 -1.161086 -0.610772 0.925400 -0.222937
1776410022.129099 jaka_arm_right success 0.393455 -0.121477 -0.386258 0.360022 0.583588 0.722344 0.089604 1.618271 1.135721 -1.892441 -1.169468 -0.612516 0.916700 -0.226733
1776410022.137464 jaka_arm_right success 0.393417 -0.122001 -0.386014 0.361154 0.583602 0.721682 0.090279 1.618605 1.132498 -1.892685 -1.175389 -0.612466 0.910465 -0.220685
1776410022.146055 jaka_arm_right success 0.393301 -0.122677 -0.385704 0.362233 0.583519 0.721191 0.090427 1.615355 1.131874 -1.891296 -1.177463 -0.611928 0.908740 -0.221130
1776410022.154317 jaka_arm_right success 0.393183 -0.123262 -0.385413 0.363418 0.582980 0.721064 0.090156 1.613278 1.128291 -1.891029 -1.183086 -0.610895 0.905497 -0.216105
1776410022.162570 jaka_arm_right success 0.393113 -0.123960 -0.385088 0.364145 0.582750 0.720868 0.090277 1.612706 1.128562 -1.890434 -1.183178 -0.610374 0.904581 -0.215840
1776410022.170750 jaka_arm_right success 0.392923 -0.124606 -0.384675 0.365198 0.582036 0.721053 0.089149 1.611860 1.127412 -1.890344 -1.184159 -0.609018 0.905016 -0.213303
1776410022.179098 jaka_arm_right success 0.393095 -0.125420 -0.384397 0.365219 0.582060 0.720764 0.091218 1.607853 1.126647 -1.887343 -1.188828 -0.608800 0.901784 -0.215815
1776410022.187469 jaka_arm_right success 0.392976 -0.125868 -0.384034 0.365972 0.580218 0.721873 0.091168 1.607900 1.127987 -1.886659 -1.189029 -0.607199 0.901871 -0.214892
1776410022.195809 jaka_arm_right success 0.392825 -0.126589 -0.383575 0.366121 0.579576 0.722343 0.090929 1.606767 1.125919 -1.884197 -1.189988 -0.604692 0.903281 -0.213684
1776410022.204208 jaka_arm_right success 0.392706 -0.127257 -0.383140 0.366931 0.579026 0.722030 0.093612 1.602575 1.127593 -1.880948 -1.192442 -0.604448 0.900717 -0.218411
1776410022.212386 jaka_arm_right success 0.392458 -0.127876 -0.382520 0.367711 0.577691 0.722689 0.093709 1.599990 1.126399 -1.878596 -1.194857 -0.601708 0.901402 -0.217126
1776410022.220810 jaka_arm_right success 0.392162 -0.128672 -0.381910 0.367221 0.577354 0.723138 0.094247 1.600517 1.126479 -1.878162 -1.195328 -0.601522 0.901551 -0.217419
1776410022.229141 jaka_arm_right success 0.391748 -0.129404 -0.381147 0.367090 0.576765 0.723482 0.095716 1.594726 1.124790 -1.873337 -1.199675 -0.599002 0.902873 -0.220641
1776410022.237421 jaka_arm_right success 0.391316 -0.130431 -0.380372 0.367164 0.577046 0.723008 0.097311 1.588581 1.122170 -1.870406 -1.208205 -0.598603 0.898938 -0.221548
1776410022.245790 jaka_arm_right success 0.390997 -0.130612 -0.379557 0.367392 0.573594 0.725579 0.097712 1.589520 1.125225 -1.868011 -1.209578 -0.595093 0.899413 -0.220841
1776410022.254117 jaka_arm_right success 0.390851 -0.131472 -0.378832 0.366779 0.573189 0.725676 0.101589 1.583411 1.128110 -1.862471 -1.212396 -0.594579 0.898736 -0.230208
1776410022.262469 jaka_arm_right success 0.390456 -0.132284 -0.377980 0.367035 0.572382 0.725812 0.104210 1.578401 1.128561 -1.857436 -1.215526 -0.592792 0.898241 -0.235011
1776410022.270794 jaka_arm_right success 0.390075 -0.133058 -0.377141 0.367498 0.571489 0.725889 0.106917 1.572165 1.128861 -1.852943 -1.221662 -0.591547 0.895208 -0.238793
1776410022.279145 jaka_arm_right success 0.389719 -0.133878 -0.376315 0.367313 0.570801 0.726135 0.109525 1.568857 1.130037 -1.848914 -1.225390 -0.590645 0.893336 -0.243044
1776410022.287424 jaka_arm_right success 0.389303 -0.134688 -0.375560 0.367178 0.569666 0.726704 0.112081 1.564535 1.131073 -1.844142 -1.229213 -0.588866 0.892702 -0.247522
1776410022.295826 jaka_arm_right success 0.389005 -0.135378 -0.374783 0.366989 0.568333 0.727462 0.114526 1.561111 1.132708 -1.839814 -1.232456 -0.587109 0.892273 -0.251727
1776410022.304151 jaka_arm_right success 0.388658 -0.135973 -0.373947 0.367875 0.566021 0.728448 0.116844 1.555661 1.136303 -1.834946 -1.235222 -0.584270 0.891223 -0.256107
1776410022.312481 jaka_arm_right success 0.388302 -0.136834 -0.373223 0.367941 0.565097 0.728794 0.118930 1.551010 1.136128 -1.830236 -1.239194 -0.582605 0.891224 -0.260185
1776410022.320916 jaka_arm_right success 0.388016 -0.137650 -0.372373 0.367602 0.563919 0.729571 0.120791 1.548957 1.136748 -1.826810 -1.241929 -0.580917 0.891393 -0.262656
1776410022.329141 jaka_arm_right success 0.387669 -0.138782 -0.371558 0.367130 0.563960 0.729446 0.122772 1.544482 1.135167 -1.823084 -1.245585 -0.579914 0.891604 -0.265685
1776410022.337490 jaka_arm_right success 0.387201 -0.139635 -0.370642 0.367830 0.562365 0.730041 0.124445 1.539999 1.136560 -1.819171 -1.249234 -0.577881 0.890678 -0.268543
1776410022.345811 jaka_arm_right success 0.386890 -0.140656 -0.369812 0.367903 0.561479 0.730264 0.126895 1.535915 1.137004 -1.814737 -1.253245 -0.576304 0.889291 -0.271872
1776410022.354146 jaka_arm_right success 0.386341 -0.142036 -0.368885 0.367481 0.562540 0.729320 0.128840 1.530488 1.131005 -1.811241 -1.262205 -0.575869 0.886367 -0.271220
1776410022.362445 jaka_arm_right success 0.386004 -0.142835 -0.368007 0.367477 0.560592 0.730529 0.130479 1.529575 1.133945 -1.808281 -1.264175 -0.574006 0.885367 -0.273411
1776410022.370807 jaka_arm_right success 0.385544 -0.143975 -0.367100 0.368110 0.559906 0.730173 0.133596 1.521515 1.134957 -1.802656 -1.270545 -0.572745 0.882471 -0.278866
1776410022.379131 jaka_arm_right success 0.385092 -0.144985 -0.366049 0.367662 0.558967 0.730892 0.134827 1.522028 1.135008 -1.800973 -1.272188 -0.571627 0.883013 -0.279365
1776410022.387431 jaka_arm_right success 0.384530 -0.146492 -0.365025 0.367914 0.560644 0.728797 0.138465 1.510044 1.129203 -1.794941 -1.288079 -0.572299 0.873097 -0.281173
1776410022.395812 jaka_arm_right success 0.383855 -0.147683 -0.363905 0.369041 0.560908 0.727578 0.140788 1.501651 1.127482 -1.792585 -1.304639 -0.573577 0.860570 -0.280092
1776410022.404265 jaka_arm_right success 0.383468 -0.148977 -0.362870 0.369075 0.560229 0.727278 0.144892 1.499394 1.127701 -1.787625 -1.307589 -0.572966 0.858563 -0.284434
1776410022.412525 jaka_arm_right success 0.383023 -0.149940 -0.361693 0.370262 0.558952 0.727077 0.147777 1.489753 1.127872 -1.781421 -1.318848 -0.570766 0.852285 -0.286716
1776410022.420833 jaka_arm_right success 0.382508 -0.151733 -0.360505 0.371518 0.561039 0.723766 0.152879 1.477793 1.122759 -1.777364 -1.343737 -0.575145 0.830074 -0.285999
1776410022.429162 jaka_arm_right success 0.381825 -0.153020 -0.359122 0.374524 0.561856 0.721087 0.155186 1.470228 1.116989 -1.776300 -1.365387 -0.576969 0.809158 -0.277587
1776410022.437459 jaka_arm_right success 0.381300 -0.154644 -0.357775 0.376898 0.563666 0.717590 0.159039 1.457764 1.111148 -1.773059 -1.387303 -0.580588 0.789845 -0.275666
1776410022.445900 jaka_arm_right success 0.380929 -0.156241 -0.356383 0.378207 0.565406 0.714783 0.162362 1.453238 1.106651 -1.771198 -1.400696 -0.582840 0.775323 -0.272132
1776410022.454130 jaka_arm_right success 0.380525 -0.157993 -0.354927 0.379990 0.567607 0.711260 0.165949 1.440449 1.098702 -1.768019 -1.426369 -0.586598 0.753918 -0.268025
1776410022.462470 jaka_arm_right success 0.379809 -0.159851 -0.353369 0.381996 0.570440 0.707493 0.167723 1.436683 1.086856 -1.771037 -1.447591 -0.591503 0.729965 -0.255066
1776410022.470790 jaka_arm_right success 0.379400 -0.161669 -0.351857 0.382819 0.572414 0.704623 0.171168 1.426202 1.080118 -1.766162 -1.463538 -0.593447 0.718936 -0.255032
1776410022.479194 jaka_arm_right success 0.378996 -0.163840 -0.350417 0.382618 0.575529 0.701070 0.175699 1.418984 1.072040 -1.764054 -1.483652 -0.598160 0.700526 -0.251868
1776410022.487502 jaka_arm_right success 0.378173 -0.166084 -0.348800 0.383230 0.578725 0.697385 0.178512 1.413089 1.059962 -1.762688 -1.500850 -0.601511 0.685376 -0.245258
1776410022.495797 jaka_arm_right success 0.377582 -0.168016 -0.347302 0.384038 0.580100 0.694627 0.183007 1.401882 1.055766 -1.757790 -1.518344 -0.604323 0.670702 -0.246087
1776410022.504119 jaka_arm_right success 0.376928 -0.170361 -0.345767 0.384306 0.583108 0.690783 0.187384 1.393772 1.046763 -1.754562 -1.536448 -0.608104 0.654175 -0.243063
1776410022.512548 jaka_arm_right success 0.376018 -0.172685 -0.344174 0.385877 0.585903 0.686644 0.190623 1.385581 1.034441 -1.752672 -1.555740 -0.611057 0.635538 -0.235247
1776410022.520758 jaka_arm_right success 0.375011 -0.175130 -0.342564 0.387645 0.588736 0.682117 0.194519 1.373749 1.027117 -1.751418 -1.579096 -0.617394 0.612102 -0.232540
1776410022.529159 jaka_arm_right success 0.374297 -0.177643 -0.341054 0.388739 0.591268 0.677620 0.200287 1.362205 1.020343 -1.745728 -1.598139 -0.621421 0.593563 -0.232472
1776410022.537431 jaka_arm_right success 0.373457 -0.180310 -0.339617 0.389856 0.594498 0.672679 0.205151 1.353714 1.006341 -1.744109 -1.620590 -0.626401 0.570396 -0.225030
1776410022.545905 jaka_arm_right success 0.372571 -0.182814 -0.338153 0.391880 0.596546 0.668524 0.208898 1.342155 1.000466 -1.741236 -1.638938 -0.630514 0.551163 -0.223223
1776410022.554083 jaka_arm_right success 0.371736 -0.185398 -0.336785 0.393728 0.598776 0.664093 0.213136 1.333825 0.989246 -1.739409 -1.658415 -0.634334 0.529473 -0.216831
1776410022.562455 jaka_arm_right success 0.370891 -0.188055 -0.335465 0.395824 0.601315 0.659340 0.216829 1.323824 0.978268 -1.737523 -1.678026 -0.638167 0.508075 -0.211085
1776410022.570812 jaka_arm_right success 0.369983 -0.190850 -0.334166 0.397724 0.604262 0.654654 0.219342 1.314954 0.963845 -1.737595 -1.698019 -0.641639 0.485692 -0.202056
1776410022.579242 jaka_arm_right success 0.369151 -0.193735 -0.332976 0.398611 0.606971 0.650662 0.222113 1.308816 0.952157 -1.734544 -1.708769 -0.643298 0.474645 -0.197795
1776410022.587425 jaka_arm_right success 0.368385 -0.196795 -0.331854 0.399092 0.610307 0.646150 0.225255 1.300554 0.938817 -1.731621 -1.722951 -0.645870 0.460355 -0.193052
1776410022.595819 jaka_arm_right success 0.367437 -0.199833 -0.330768 0.400258 0.613317 0.642016 0.226829 1.292630 0.923867 -1.731453 -1.739010 -0.648004 0.443241 -0.184889
1776410022.604121 jaka_arm_right success 0.366494 -0.203004 -0.329796 0.401891 0.615807 0.637821 0.229017 1.285231 0.911365 -1.728219 -1.749149 -0.648634 0.431526 -0.179445
1776410022.612539 jaka_arm_right success 0.365433 -0.205999 -0.328878 0.404049 0.618077 0.633559 0.230931 1.275328 0.898779 -1.725296 -1.763101 -0.649203 0.416315 -0.172975
1776410022.620839 jaka_arm_right success 0.364447 -0.209181 -0.328080 0.405899 0.620144 0.629126 0.234238 1.264016 0.888727 -1.721727 -1.778582 -0.651690 0.398942 -0.169611
1776410022.629130 jaka_arm_right success 0.363247 -0.212394 -0.327262 0.408562 0.622278 0.624422 0.236524 1.256682 0.874510 -1.723465 -1.796272 -0.654226 0.375315 -0.160450
1776410022.637482 jaka_arm_right success 0.362079 -0.215644 -0.326617 0.410681 0.624139 0.619956 0.239679 1.244771 0.864836 -1.715250 -1.805126 -0.653836 0.365759 -0.158538
1776410022.645827 jaka_arm_right success 0.360641 -0.218819 -0.325975 0.414115 0.625228 0.615849 0.241511 1.231093 0.855004 -1.709587 -1.819062 -0.653624 0.350540 -0.154276
1776410022.654152 jaka_arm_right success 0.359250 -0.222026 -0.325535 0.417384 0.626478 0.611226 0.244374 1.217838 0.846106 -1.705625 -1.834266 -0.655072 0.331493 -0.150651
1776410022.662558 jaka_arm_right success 0.357684 -0.225037 -0.325068 0.420559 0.627546 0.607512 0.245448 1.207760 0.834476 -1.701632 -1.844661 -0.653284 0.318323 -0.144104
1776410022.670789 jaka_arm_right success 0.356246 -0.228641 -0.324836 0.421743 0.629638 0.603108 0.248898 1.195278 0.827390 -1.694816 -1.855034 -0.655161 0.307341 -0.144683
1776410022.679268 jaka_arm_right success 0.354663 -0.232124 -0.324604 0.423368 0.631528 0.598878 0.251548 1.186657 0.818945 -1.688410 -1.860002 -0.654890 0.299889 -0.142992
1776410022.687453 jaka_arm_right success 0.352934 -0.235356 -0.324432 0.425727 0.632583 0.595581 0.252741 1.173167 0.809864 -1.679935 -1.869302 -0.652870 0.291627 -0.139882
1776410022.695755 jaka_arm_right success 0.351346 -0.238922 -0.324572 0.425578 0.634178 0.592660 0.255844 1.162687 0.807132 -1.671770 -1.874579 -0.654753 0.287564 -0.143396
1776410022.704131 jaka_arm_right success 0.349667 -0.242199 -0.324714 0.426117 0.635048 0.590178 0.258511 1.149035 0.803114 -1.659143 -1.880041 -0.653876 0.286754 -0.145658
1776410022.712459 jaka_arm_right success 0.347903 -0.245892 -0.325074 0.424507 0.637166 0.587635 0.261722 1.133902 0.801821 -1.642335 -1.881508 -0.653998 0.293689 -0.152631
1776410022.720773 jaka_arm_right success 0.346155 -0.249160 -0.325525 0.424777 0.637450 0.585376 0.265626 1.122031 0.808081 -1.627726 -1.880738 -0.655522 0.298750 -0.161858
1776410022.729138 jaka_arm_right success 0.344147 -0.252541 -0.326087 0.425007 0.638758 0.582028 0.269445 1.110422 0.808846 -1.616909 -1.881964 -0.656805 0.299093 -0.167158
1776410022.737427 jaka_arm_right success 0.342205 -0.255753 -0.326752 0.425613 0.639530 0.578728 0.273731 1.095247 0.813378 -1.602171 -1.885340 -0.659341 0.299125 -0.175940
1776410022.745776 jaka_arm_right success 0.340154 -0.259117 -0.327567 0.426330 0.640374 0.574847 0.278774 1.080697 0.818110 -1.588165 -1.888112 -0.662175 0.298201 -0.184515
1776410022.754139 jaka_arm_right success 0.338119 -0.262144 -0.328531 0.427568 0.640849 0.570804 0.284044 1.066581 0.823356 -1.574890 -1.890783 -0.665186 0.296047 -0.192761
1776410022.762447 jaka_arm_right success 0.336023 -0.265228 -0.329543 0.429090 0.641991 0.566047 0.288651 1.052875 0.828903 -1.564835 -1.895091 -0.669420 0.290225 -0.200523
1776410022.770784 jaka_arm_right success 0.334020 -0.268501 -0.330668 0.429513 0.643878 0.560951 0.293722 1.038187 0.830931 -1.553244 -1.899720 -0.673629 0.285917 -0.208006
1776410022.779087 jaka_arm_right success 0.332006 -0.271534 -0.331897 0.431347 0.645084 0.555843 0.298069 1.025109 0.833922 -1.543667 -1.903616 -0.677382 0.279414 -0.214033
1776410022.787465 jaka_arm_right success 0.329964 -0.274350 -0.333176 0.434077 0.646179 0.550722 0.301223 1.013313 0.834582 -1.536072 -1.906858 -0.679468 0.271861 -0.216784
1776410022.795808 jaka_arm_right success 0.328054 -0.277443 -0.334685 0.435496 0.648048 0.545771 0.304157 0.998959 0.833714 -1.526801 -1.912076 -0.682453 0.264961 -0.220648
1776410022.804100 jaka_arm_right success 0.326053 -0.280212 -0.336291 0.437893 0.648938 0.541607 0.306254 0.990650 0.833679 -1.521796 -1.912934 -0.684054 0.260528 -0.222617
1776410022.812433 jaka_arm_right success 0.324206 -0.283137 -0.338052 0.438902 0.650731 0.537595 0.308068 0.977167 0.833022 -1.512541 -1.916022 -0.685502 0.257853 -0.225596
1776410022.820880 jaka_arm_right success 0.322340 -0.285956 -0.340029 0.439697 0.651486 0.535462 0.309053 0.966905 0.835894 -1.500352 -1.912205 -0.684700 0.266228 -0.229922
1776410022.829114 jaka_arm_right success 0.320488 -0.288797 -0.342125 0.440256 0.652485 0.533219 0.310026 0.960285 0.842046 -1.490496 -1.904349 -0.685032 0.276822 -0.236346
1776410022.837538 jaka_arm_right success 0.318823 -0.291754 -0.344386 0.440532 0.653190 0.531434 0.311211 0.954953 0.845939 -1.479116 -1.894318 -0.683637 0.289789 -0.241497
1776410022.845893 jaka_arm_right success 0.317046 -0.294426 -0.346634 0.442090 0.653804 0.529628 0.310792 0.947262 0.848511 -1.469727 -1.886792 -0.681894 0.300323 -0.244992
1776410022.854188 jaka_arm_right success 0.315358 -0.297197 -0.348911 0.443137 0.654618 0.528271 0.309896 0.943562 0.847145 -1.463098 -1.877023 -0.678976 0.310416 -0.245537
1776410022.862490 jaka_arm_right success 0.313569 -0.299683 -0.351286 0.446457 0.654486 0.527030 0.307510 0.937996 0.848112 -1.460275 -1.872142 -0.676472 0.314271 -0.244543
1776410022.870790 jaka_arm_right success 0.311883 -0.302122 -0.353577 0.449035 0.655248 0.525398 0.304920 0.932167 0.844520 -1.454767 -1.865026 -0.672094 0.320962 -0.241689
1776410022.879135 jaka_arm_right success 0.310305 -0.304707 -0.356057 0.451075 0.656264 0.523362 0.303218 0.926529 0.841791 -1.449089 -1.857319 -0.669422 0.328189 -0.241176
1776410022.887445 jaka_arm_right success 0.308730 -0.306950 -0.358547 0.453972 0.656707 0.521908 0.300427 0.922319 0.840579 -1.448256 -1.851824 -0.667085 0.331585 -0.239104
1776410022.895756 jaka_arm_right success 0.307225 -0.309148 -0.361087 0.456818 0.657278 0.519754 0.298594 0.917996 0.838646 -1.445313 -1.845681 -0.664892 0.334541 -0.237514
1776410022.904081 jaka_arm_right success 0.305529 -0.311112 -0.363632 0.460377 0.657857 0.517738 0.295338 0.912790 0.835736 -1.445065 -1.840280 -0.662283 0.336361 -0.233989
1776410022.912445 jaka_arm_right success 0.304034 -0.313127 -0.366241 0.462401 0.659121 0.515715 0.292888 0.908994 0.831484 -1.443634 -1.834659 -0.660349 0.338997 -0.231484
1776410022.920776 jaka_arm_right success 0.302779 -0.314926 -0.368921 0.463765 0.659913 0.514819 0.290515 0.906874 0.831221 -1.438517 -1.821379 -0.656681 0.354054 -0.232686
1776410022.929131 jaka_arm_right success 0.301639 -0.316712 -0.371603 0.464679 0.660909 0.513264 0.289538 0.905888 0.833454 -1.437284 -1.813319 -0.657062 0.359738 -0.235665
1776410022.937467 jaka_arm_right success 0.300343 -0.318253 -0.374134 0.466539 0.661886 0.511596 0.287260 0.903005 0.830786 -1.437961 -1.808566 -0.656128 0.361234 -0.233771
1776410022.945842 jaka_arm_right success 0.299169 -0.319785 -0.376814 0.467371 0.663076 0.510132 0.285761 0.903053 0.828752 -1.436155 -1.797675 -0.654219 0.370336 -0.234042
1776410022.954179 jaka_arm_right success 0.298160 -0.321197 -0.379393 0.468323 0.663922 0.508531 0.285092 0.901187 0.830879 -1.436832 -1.793476 -0.655488 0.371244 -0.236086
1776410022.962433 jaka_arm_right success 0.297100 -0.322616 -0.382012 0.468904 0.665270 0.506524 0.284568 0.902141 0.832701 -1.435612 -1.783316 -0.656252 0.378256 -0.239987
1776410022.970807 jaka_arm_right success 0.295901 -0.323681 -0.384482 0.471577 0.665790 0.504683 0.282195 0.898534 0.832383 -1.437611 -1.779893 -0.656188 0.377605 -0.238678
1776410022.979254 jaka_arm_right success 0.294934 -0.324832 -0.386992 0.472914 0.667144 0.502346 0.280926 0.897295 0.828758 -1.438366 -1.774570 -0.656063 0.378556 -0.237273
1776410022.987462 jaka_arm_right success 0.294090 -0.325787 -0.389400 0.474014 0.668422 0.500319 0.279649 0.894839 0.827860 -1.439655 -1.772276 -0.657094 0.377898 -0.237379
1776410022.995780 jaka_arm_right success 0.293447 -0.326826 -0.391791 0.474400 0.669956 0.498284 0.278956 0.898680 0.824630 -1.442880 -1.762571 -0.657765 0.381174 -0.237088
1776410023.004098 jaka_arm_right success 0.292577 -0.327524 -0.394024 0.476676 0.670776 0.496254 0.276716 0.895673 0.824307 -1.444503 -1.759807 -0.658274 0.380196 -0.236518
1776410023.020762 jaka_arm_right success 0.291946 -0.328110 -0.396228 0.478034 0.671633 0.494727 0.275025 0.895057 0.822496 -1.447062 -1.755858 -0.658254 0.379912 -0.234829
1776410023.029159 jaka_arm_right success 0.290632 -0.329364 -0.400449 0.480217 0.675453 0.488363 0.273232 0.896286 0.814084 -1.456544 -1.748090 -0.662308 0.372333 -0.231215
1776410023.037414 jaka_arm_right success 0.290402 -0.330039 -0.402551 0.479375 0.677404 0.485818 0.274416 0.896934 0.815620 -1.458994 -1.746882 -0.666691 0.368730 -0.234986
1776410023.045823 jaka_arm_right success 0.289722 -0.330298 -0.404417 0.481352 0.678840 0.482219 0.273754 0.899229 0.813454 -1.469015 -1.748108 -0.671378 0.355318 -0.232482
1776410023.054138 jaka_arm_right success 0.289119 -0.330548 -0.406255 0.482111 0.680648 0.479294 0.273068 0.897156 0.808068 -1.471908 -1.747089 -0.672848 0.350679 -0.230126
1776410023.062482 jaka_arm_right success 0.288834 -0.330989 -0.408136 0.481202 0.682575 0.476491 0.274760 0.896834 0.809269 -1.473359 -1.746589 -0.676934 0.346789 -0.233704
1776410023.070783 jaka_arm_right success 0.288229 -0.331221 -0.409788 0.482251 0.683977 0.473342 0.274876 0.897397 0.810136 -1.480800 -1.748986 -0.682185 0.335418 -0.234445
1776410023.079134 jaka_arm_right success 0.287890 -0.331547 -0.411547 0.481183 0.685943 0.471031 0.275817 0.896181 0.808227 -1.480857 -1.747358 -0.684314 0.334381 -0.236029
1776410023.087461 jaka_arm_right success 0.287440 -0.331477 -0.413342 0.482168 0.686229 0.469027 0.276797 0.897296 0.813664 -1.485326 -1.747271 -0.688969 0.327812 -0.239836
1776410023.095781 jaka_arm_right success 0.286962 -0.331721 -0.414919 0.481591 0.687908 0.466852 0.277312 0.897383 0.812084 -1.487247 -1.745668 -0.691350 0.325379 -0.240863
1776410023.104142 jaka_arm_right success 0.286718 -0.332113 -0.416639 0.479704 0.689572 0.465192 0.279232 0.899555 0.814953 -1.489904 -1.744465 -0.696455 0.322938 -0.246200
1776410023.112491 jaka_arm_right success 0.286366 -0.332346 -0.418265 0.478623 0.691106 0.463378 0.280310 0.899464 0.814111 -1.490395 -1.742903 -0.699014 0.321936 -0.248518
1776410023.120790 jaka_arm_right success 0.286121 -0.332279 -0.419953 0.478331 0.691339 0.463166 0.280584 0.902375 0.819390 -1.493377 -1.740310 -0.702120 0.321598 -0.252673
1776410023.129144 jaka_arm_right success 0.285867 -0.332600 -0.421499 0.477457 0.693256 0.460611 0.281547 0.903324 0.819764 -1.495266 -1.736960 -0.705240 0.320502 -0.255530
1776410023.137424 jaka_arm_right success 0.285647 -0.332680 -0.422968 0.477379 0.694022 0.459245 0.282022 0.904713 0.821161 -1.497037 -1.734754 -0.707524 0.319610 -0.257811
1776410023.145762 jaka_arm_right success 0.285674 -0.332884 -0.424497 0.475893 0.695698 0.457722 0.282880 0.908452 0.823429 -1.500471 -1.730848 -0.711757 0.319120 -0.262240
1776410023.154094 jaka_arm_right success 0.285496 -0.332807 -0.425880 0.476615 0.696367 0.455855 0.283031 0.910706 0.825409 -1.503984 -1.727057 -0.713922 0.316688 -0.263545
1776410023.162447 jaka_arm_right success 0.285447 -0.332966 -0.427313 0.475498 0.698752 0.453209 0.283284 0.913973 0.823194 -1.508789 -1.723867 -0.717661 0.313983 -0.264997
1776410023.170840 jaka_arm_right success 0.285452 -0.333032 -0.428555 0.475570 0.700595 0.450030 0.283676 0.916733 0.821214 -1.517557 -1.724389 -0.722685 0.303193 -0.264483
1776410023.179155 jaka_arm_right success 0.285375 -0.333111 -0.429746 0.477011 0.702691 0.445064 0.283908 0.915904 0.808478 -1.530993 -1.736064 -0.726865 0.276665 -0.254398
1776410023.187497 jaka_arm_right success 0.285483 -0.332925 -0.431032 0.477718 0.704200 0.442240 0.283393 0.916041 0.806402 -1.536677 -1.735821 -0.729357 0.270062 -0.253390
1776410023.195753 jaka_arm_right success 0.285725 -0.332948 -0.432415 0.478049 0.706259 0.437985 0.284316 0.919991 0.797702 -1.551683 -1.742919 -0.735182 0.246814 -0.248065
1776410023.204253 jaka_arm_right success 0.286049 -0.333164 -0.433744 0.478429 0.708165 0.433092 0.286427 0.919478 0.795090 -1.559336 -1.747799 -0.740950 0.229455 -0.248210
1776410023.212507 jaka_arm_right success 0.286143 -0.333106 -0.434974 0.479921 0.710011 0.428694 0.285976 0.921366 0.781184 -1.577588 -1.759456 -0.743499 0.201088 -0.237339
1776410023.220862 jaka_arm_right success 0.286043 -0.333072 -0.436175 0.483000 0.711019 0.423998 0.285286 0.922124 0.769351 -1.594794 -1.769424 -0.744958 0.173210 -0.227532
1776410023.229161 jaka_arm_right success 0.286344 -0.333104 -0.437575 0.484573 0.711882 0.420395 0.285798 0.924215 0.768676 -1.603351 -1.770012 -0.747861 0.161224 -0.227015
1776410023.237415 jaka_arm_right success 0.286649 -0.333252 -0.438871 0.486307 0.712128 0.417523 0.286451 0.928504 0.760257 -1.618045 -1.776608 -0.748791 0.139099 -0.220579
1776410023.245818 jaka_arm_right success 0.286759 -0.333456 -0.440061 0.488739 0.712717 0.414151 0.285740 0.931995 0.752678 -1.630527 -1.779203 -0.748541 0.123313 -0.215248
1776410023.254148 jaka_arm_right success 0.287247 -0.333806 -0.441427 0.489166 0.713833 0.411744 0.285703 0.935451 0.749669 -1.638711 -1.777340 -0.749644 0.114947 -0.213884
1776410023.262503 jaka_arm_right success 0.287407 -0.333866 -0.442629 0.491665 0.713523 0.409945 0.284773 0.937455 0.745128 -1.644737 -1.777575 -0.747692 0.107423 -0.209647
1776410023.270740 jaka_arm_right success 0.287752 -0.334196 -0.443886 0.493010 0.714269 0.406972 0.284842 0.943918 0.738124 -1.663109 -1.782149 -0.748021 0.085887 -0.204900
1776410023.279168 jaka_arm_right success 0.287961 -0.334199 -0.445181 0.495803 0.713513 0.405425 0.284094 0.946193 0.735163 -1.668498 -1.782097 -0.745867 0.078517 -0.201230
1776410023.287440 jaka_arm_right success 0.288093 -0.334476 -0.446290 0.498068 0.714303 0.401827 0.283258 0.952417 0.721545 -1.689827 -1.790439 -0.743167 0.052785 -0.193582
1776410023.295811 jaka_arm_right success 0.288298 -0.334412 -0.447350 0.501030 0.713462 0.399832 0.282976 0.954063 0.722045 -1.698668 -1.792072 -0.742081 0.039912 -0.191360
1776410023.304105 jaka_arm_right success 0.288803 -0.334671 -0.447747 0.501915 0.714287 0.397333 0.282848 0.958436 0.710117 -1.709347 -1.795141 -0.738763 0.026894 -0.186557
1776410023.312508 jaka_arm_right success 0.289311 -0.334702 -0.447801 0.503147 0.714105 0.396657 0.282065 0.960375 0.706762 -1.713773 -1.795976 -0.736435 0.022097 -0.183842
1776410023.320837 jaka_arm_right success 0.289616 -0.334868 -0.447681 0.503458 0.714184 0.396223 0.281920 0.963668 0.701323 -1.721155 -1.799661 -0.734017 0.014432 -0.180924
1776410023.329144 jaka_arm_right success 0.289738 -0.334896 -0.447610 0.504330 0.713420 0.396349 0.282118 0.963678 0.701994 -1.720798 -1.799339 -0.733395 0.013832 -0.180302
1776410023.337419 jaka_arm_right success 0.289470 -0.334782 -0.447364 0.507394 0.712299 0.395335 0.280877 0.961222 0.699515 -1.724144 -1.804557 -0.730280 0.003815 -0.176995
1776410023.345833 jaka_arm_right success 0.289418 -0.334842 -0.447252 0.508866 0.711049 0.394377 0.282721 0.961069 0.701233 -1.727244 -1.809004 -0.730591 -0.006929 -0.177332
1776410023.354125 jaka_arm_right success 0.289332 -0.334936 -0.447175 0.510609 0.709119 0.393225 0.286012 0.960694 0.708771 -1.726653 -1.811434 -0.733772 -0.014937 -0.180478
1776410023.362560 jaka_arm_right success 0.289151 -0.334772 -0.447169 0.512583 0.707231 0.393083 0.287347 0.959769 0.714142 -1.725976 -1.813327 -0.734213 -0.020672 -0.180889
1776410023.370776 jaka_arm_right success 0.288978 -0.334630 -0.447087 0.514613 0.705382 0.393113 0.288224 0.958358 0.718764 -1.725617 -1.815885 -0.734554 -0.025773 -0.181208
1776410023.379102 jaka_arm_right success 0.289004 -0.334859 -0.447123 0.516355 0.703910 0.391661 0.290673 0.955680 0.723139 -1.726006 -1.821702 -0.736447 -0.036621 -0.183251
1776410023.387433 jaka_arm_right success 0.289095 -0.335101 -0.447176 0.517838 0.702844 0.390987 0.291518 0.954934 0.725708 -1.727651 -1.825212 -0.736971 -0.044523 -0.184016
1776410023.395771 jaka_arm_right success 0.289033 -0.335065 -0.447272 0.520819 0.701114 0.390595 0.290900 0.954950 0.722423 -1.728685 -1.825550 -0.732293 -0.048008 -0.179831
1776410023.404097 jaka_arm_right success 0.289115 -0.335169 -0.447393 0.523258 0.699777 0.389499 0.291211 0.955878 0.722123 -1.737341 -1.833274 -0.730108 -0.063945 -0.179109
1776410023.412513 jaka_arm_right success 0.289570 -0.335400 -0.447636 0.524165 0.698306 0.390543 0.291712 0.956477 0.723107 -1.736699 -1.833520 -0.729253 -0.064301 -0.178205
1776410023.420816 jaka_arm_right success 0.289789 -0.335715 -0.447640 0.525989 0.697696 0.389601 0.291148 0.955898 0.723893 -1.736622 -1.832620 -0.728288 -0.065132 -0.177263
1776410023.429223 jaka_arm_right success 0.290027 -0.336179 -0.447672 0.526563 0.697501 0.388318 0.292290 0.960973 0.718834 -1.742033 -1.831965 -0.724955 -0.072499 -0.175395
1776410023.437478 jaka_arm_right success 0.290290 -0.336258 -0.447857 0.528134 0.695937 0.388453 0.293002 0.961591 0.722704 -1.741967 -1.832795 -0.725191 -0.075868 -0.175574
1776410023.445863 jaka_arm_right success 0.290168 -0.336277 -0.447888 0.530371 0.694797 0.387546 0.292867 0.960652 0.723642 -1.746090 -1.837146 -0.723729 -0.085527 -0.175199
1776410023.454113 jaka_arm_right success 0.290025 -0.336515 -0.447715 0.531700 0.694888 0.386803 0.291222 0.961862 0.713323 -1.753411 -1.841082 -0.716538 -0.093279 -0.170670
1776410023.462432 jaka_arm_right success 0.290055 -0.336468 -0.447747 0.533219 0.693664 0.386667 0.291542 0.962225 0.714324 -1.752483 -1.840713 -0.715682 -0.094347 -0.169757
1776410023.470778 jaka_arm_right success 0.290074 -0.336553 -0.447809 0.533845 0.692924 0.386548 0.292313 0.962935 0.716561 -1.751790 -1.841108 -0.716174 -0.097007 -0.170168
1776410023.479131 jaka_arm_right success 0.289954 -0.336402 -0.447792 0.535673 0.691810 0.386263 0.291985 0.962083 0.718570 -1.752968 -1.841930 -0.715581 -0.100040 -0.169817
1776410023.487475 jaka_arm_right success 0.290044 -0.336545 -0.447782 0.535201 0.692143 0.385951 0.292472 0.962176 0.718300 -1.752852 -1.841886 -0.715859 -0.100142 -0.170098
1776410023.495765 jaka_arm_right success 0.289960 -0.336448 -0.447688 0.535885 0.692328 0.385453 0.291436 0.961987 0.714406 -1.755398 -1.844063 -0.713274 -0.103803 -0.168693
1776410023.504080 jaka_arm_right success 0.290097 -0.336553 -0.447723 0.534296 0.693513 0.385339 0.291689 0.962044 0.713348 -1.755684 -1.844251 -0.714275 -0.103346 -0.169728
1776410023.512625 jaka_arm_right success 0.290180 -0.336483 -0.447770 0.533668 0.694562 0.384935 0.290873 0.963458 0.707643 -1.759247 -1.844017 -0.712279 -0.103182 -0.168911
1776410023.520773 jaka_arm_right success 0.290480 -0.336347 -0.448037 0.532588 0.694945 0.385573 0.291092 0.963992 0.707311 -1.759168 -1.844595 -0.712749 -0.102768 -0.169350
1776410023.529155 jaka_arm_right success 0.290432 -0.335928 -0.447984 0.533764 0.695127 0.385231 0.288951 0.967980 0.701435 -1.765947 -1.843911 -0.707483 -0.104692 -0.166182
1776410023.537448 jaka_arm_right success 0.290639 -0.336130 -0.448018 0.530632 0.698299 0.384234 0.288397 0.969785 0.694527 -1.769966 -1.843488 -0.707672 -0.103772 -0.167537
1776410023.545817 jaka_arm_right success 0.290931 -0.335877 -0.448160 0.528975 0.699777 0.384243 0.287845 0.970707 0.692321 -1.772115 -1.843636 -0.708342 -0.102643 -0.168595
1776410023.554129 jaka_arm_right success 0.291116 -0.335598 -0.448196 0.527122 0.701440 0.384152 0.287318 0.974300 0.686975 -1.775710 -1.841912 -0.707116 -0.100898 -0.168390
1776410023.562564 jaka_arm_right success 0.291304 -0.335320 -0.448235 0.525173 0.704015 0.383460 0.285506 0.975979 0.679344 -1.780124 -1.840759 -0.705243 -0.098577 -0.167777
1776410023.570809 jaka_arm_right success 0.291327 -0.334831 -0.448194 0.524121 0.705878 0.382390 0.284274 0.986481 0.667204 -1.797877 -1.845779 -0.698602 -0.111859 -0.166434
1776410023.579135 jaka_arm_right success 0.291705 -0.334626 -0.448290 0.520205 0.709264 0.381884 0.283717 0.985789 0.663403 -1.800203 -1.846338 -0.701726 -0.109217 -0.169801
1776410023.587447 jaka_arm_right success 0.291613 -0.334010 -0.448195 0.519675 0.712059 0.380670 0.279284 0.996883 0.644446 -1.818675 -1.847195 -0.690121 -0.115533 -0.164450
1776410023.595791 jaka_arm_right success 0.292184 -0.333695 -0.448439 0.515636 0.714754 0.380716 0.279824 0.997216 0.641245 -1.820044 -1.848260 -0.693213 -0.113099 -0.167650
1776410023.604125 jaka_arm_right success 0.292759 -0.333312 -0.448786 0.511721 0.717720 0.380166 0.280168 1.001505 0.637594 -1.822901 -1.844325 -0.695072 -0.108344 -0.169929
1776410023.612521 jaka_arm_right success 0.292898 -0.332865 -0.448776 0.509189 0.721676 0.378428 0.276952 1.008236 0.624410 -1.833208 -1.841137 -0.690242 -0.105234 -0.168206
1776410023.620798 jaka_arm_right success 0.293037 -0.332220 -0.448775 0.507188 0.725136 0.376698 0.273928 1.019041 0.604198 -1.853630 -1.844730 -0.680710 -0.113743 -0.165362
1776410023.629174 jaka_arm_right success 0.293484 -0.331736 -0.448984 0.503841 0.728737 0.375099 0.272738 1.023502 0.597389 -1.861522 -1.844289 -0.679996 -0.114148 -0.166926
1776410023.637432 jaka_arm_right success 0.293672 -0.330898 -0.449129 0.502340 0.731579 0.373309 0.270345 1.039887 0.578953 -1.887563 -1.850361 -0.669608 -0.128500 -0.165663
1776410023.645814 jaka_arm_right success 0.293908 -0.329949 -0.449303 0.500711 0.734228 0.371548 0.268608 1.047606 0.569345 -1.902123 -1.853049 -0.664237 -0.135858 -0.165837
1776410023.654115 jaka_arm_right success 0.294271 -0.329202 -0.449442 0.497645 0.737849 0.369344 0.267419 1.061509 0.555952 -1.924167 -1.856079 -0.658200 -0.146486 -0.168536
1776410023.662432 jaka_arm_right success 0.294610 -0.328592 -0.449546 0.493866 0.742460 0.365835 0.266485 1.074149 0.540469 -1.947839 -1.863025 -0.651620 -0.161467 -0.172642
1776410023.670769 jaka_arm_right success 0.295023 -0.327718 -0.449712 0.491339 0.745979 0.363218 0.264904 1.093933 0.527196 -1.976641 -1.867486 -0.641612 -0.175760 -0.176543
1776410023.679176 jaka_arm_right success 0.295340 -0.326753 -0.450022 0.488382 0.749600 0.360233 0.264225 1.104866 0.514896 -1.994667 -1.870952 -0.635354 -0.184193 -0.180313
1776410023.687444 jaka_arm_right success 0.295760 -0.325894 -0.450140 0.484160 0.754050 0.356935 0.263810 1.126582 0.502965 -2.025656 -1.876660 -0.626452 -0.200822 -0.188773
1776410023.695770 jaka_arm_right success 0.296039 -0.324831 -0.450355 0.481030 0.758336 0.352690 0.262957 1.142618 0.488111 -2.053623 -1.886279 -0.615613 -0.219576 -0.196606
1776410023.704230 jaka_arm_right success 0.296322 -0.323723 -0.450579 0.477861 0.762747 0.348631 0.261384 1.169555 0.472132 -2.088864 -1.889889 -0.599229 -0.233317 -0.205873
1776410023.713445 jaka_arm_right success 0.296702 -0.322674 -0.450837 0.474054 0.767461 0.344003 0.260649 1.194035 0.459607 -2.125074 -1.901246 -0.584019 -0.256200 -0.219479
