1776408888.226908 jaka_arm_left success 0.310631 0.289989 -0.436637 0.614676 0.422155 0.303078 0.593382 -1.198943 1.204797 1.328083 -1.271254 0.761945 -0.935665 0.476358
1776408888.235130 jaka_arm_left success 0.310638 0.290106 -0.436518 0.612676 0.424332 0.302029 0.594431 -1.197875 1.204730 1.327473 -1.271329 0.758715 -0.936349 0.471744
1776408888.243437 jaka_arm_left success 0.310609 0.290323 -0.436285 0.611569 0.425922 0.301222 0.594844 -1.197120 1.204570 1.327248 -1.271611 0.757164 -0.935663 0.468514
1776408888.251772 jaka_arm_left success 0.310526 0.290349 -0.436028 0.609128 0.428570 0.299384 0.596373 -1.196429 1.205041 1.327513 -1.271568 0.754039 -0.935522 0.462787
1776408888.260198 jaka_arm_left success 0.310261 0.290825 -0.435657 0.608288 0.430032 0.298903 0.596419 -1.195020 1.204344 1.326960 -1.272760 0.752782 -0.934376 0.459634
1776408888.268503 jaka_arm_left success 0.309966 0.290996 -0.435152 0.605743 0.432400 0.298199 0.597648 -1.192129 1.205660 1.325410 -1.275556 0.749385 -0.933151 0.455224
1776408888.276722 jaka_arm_left success 0.309868 0.291399 -0.434631 0.603458 0.433043 0.298753 0.599215 -1.192977 1.207335 1.324950 -1.275913 0.747507 -0.933426 0.454194
1776408888.285139 jaka_arm_left success 0.309267 0.291733 -0.433966 0.601127 0.435326 0.298701 0.599930 -1.191910 1.210056 1.323133 -1.275985 0.744347 -0.933127 0.452680
1776408888.293469 jaka_arm_left success 0.308987 0.291924 -0.433311 0.598040 0.436234 0.298704 0.602349 -1.188651 1.212763 1.320163 -1.278063 0.739428 -0.936889 0.452179
1776408888.301845 jaka_arm_left success 0.308743 0.292419 -0.432503 0.596104 0.436315 0.299878 0.603624 -1.187539 1.214956 1.317605 -1.279186 0.736371 -0.938789 0.453033
1776408888.310131 jaka_arm_left success 0.308334 0.292714 -0.431598 0.593274 0.438100 0.300580 0.604770 -1.184929 1.218396 1.313994 -1.279859 0.732311 -0.940080 0.453683
1776408888.318434 jaka_arm_left success 0.307946 0.292843 -0.430554 0.590584 0.439740 0.300786 0.606109 -1.184562 1.221019 1.312595 -1.280124 0.729137 -0.940590 0.452279
1776408888.326800 jaka_arm_left success 0.307509 0.293360 -0.429281 0.589609 0.441054 0.301423 0.605787 -1.178802 1.221803 1.308546 -1.283301 0.726180 -0.941165 0.452221
1776408888.335161 jaka_arm_left success 0.307064 0.293563 -0.428029 0.587938 0.442667 0.301512 0.606189 -1.173019 1.222415 1.306229 -1.291790 0.724021 -0.937637 0.448196
1776408888.343476 jaka_arm_left success 0.306605 0.293865 -0.426640 0.586836 0.444167 0.301585 0.606124 -1.170865 1.222592 1.306092 -1.298048 0.723617 -0.932488 0.443667
1776408888.351785 jaka_arm_left success 0.306098 0.294425 -0.425213 0.587422 0.444579 0.302218 0.604938 -1.160657 1.221018 1.303908 -1.316819 0.724569 -0.921506 0.436836
1776408888.360151 jaka_arm_left success 0.305595 0.294633 -0.423786 0.586526 0.445979 0.302875 0.604448 -1.156481 1.223563 1.303840 -1.326011 0.725364 -0.914031 0.433892
1776408888.368438 jaka_arm_left success 0.305173 0.294714 -0.422265 0.586131 0.446501 0.303049 0.604358 -1.153505 1.220481 1.301652 -1.330559 0.723582 -0.912518 0.429674
1776408888.376731 jaka_arm_left success 0.304595 0.294980 -0.420770 0.586838 0.447470 0.303536 0.602709 -1.143019 1.222237 1.301696 -1.350960 0.727025 -0.898110 0.424112
1776408888.385087 jaka_arm_left success 0.304041 0.294997 -0.419246 0.587476 0.447899 0.304135 0.601465 -1.139455 1.217988 1.300868 -1.360943 0.727727 -0.890787 0.417305
1776408888.393510 jaka_arm_left success 0.303370 0.295222 -0.417700 0.589423 0.448370 0.305629 0.598445 -1.128557 1.216792 1.299952 -1.382079 0.732600 -0.874778 0.411863
1776408888.401825 jaka_arm_left success 0.302721 0.295303 -0.416250 0.591208 0.448431 0.307454 0.595696 -1.120146 1.217307 1.299455 -1.399499 0.737589 -0.861027 0.409346
1776408888.410136 jaka_arm_left success 0.302102 0.295356 -0.414825 0.593162 0.448294 0.308869 0.593120 -1.114668 1.215819 1.298229 -1.409380 0.740258 -0.852906 0.407038
1776408888.418490 jaka_arm_left success 0.301517 0.294987 -0.413556 0.593300 0.448966 0.309717 0.592030 -1.107187 1.217202 1.298127 -1.425016 0.742819 -0.842176 0.403145
1776408888.426827 jaka_arm_left success 0.300925 0.294819 -0.412342 0.594616 0.449178 0.310774 0.589992 -1.102118 1.215864 1.297973 -1.435382 0.745832 -0.833218 0.399781
1776408888.435204 jaka_arm_left success 0.300385 0.294767 -0.411231 0.596850 0.448523 0.310894 0.588168 -1.096280 1.209122 1.298083 -1.448644 0.749188 -0.824193 0.392701
1776408888.443530 jaka_arm_left success 0.299930 0.294620 -0.410144 0.599137 0.448142 0.310709 0.586228 -1.091674 1.209205 1.301258 -1.460131 0.754792 -0.813636 0.389770
1776408888.451830 jaka_arm_left success 0.299576 0.294332 -0.409163 0.601189 0.447873 0.309580 0.584929 -1.087750 1.200726 1.302042 -1.467315 0.756141 -0.809018 0.381265
1776408888.460203 jaka_arm_left success 0.299241 0.294135 -0.408251 0.603718 0.447513 0.308769 0.583025 -1.083683 1.196056 1.305157 -1.478877 0.760946 -0.798422 0.374051
1776408888.468451 jaka_arm_left success 0.298844 0.293885 -0.407386 0.606434 0.447467 0.307586 0.580862 -1.076467 1.187727 1.307730 -1.495138 0.766258 -0.785125 0.363176
1776408888.476838 jaka_arm_left success 0.298497 0.293394 -0.406651 0.608277 0.448110 0.305954 0.579300 -1.073756 1.184649 1.311453 -1.501820 0.770255 -0.777059 0.357354
1776408888.485131 jaka_arm_left success 0.298158 0.292921 -0.405988 0.610493 0.447947 0.303738 0.578260 -1.068740 1.176437 1.315308 -1.514520 0.773482 -0.768049 0.345769
1776408888.493495 jaka_arm_left success 0.297864 0.292632 -0.405378 0.613713 0.447060 0.302262 0.576308 -1.065414 1.168760 1.318851 -1.523154 0.778519 -0.759123 0.337908
1776408888.501830 jaka_arm_left success 0.297544 0.292042 -0.404871 0.615698 0.446688 0.300582 0.575358 -1.062107 1.163711 1.321548 -1.529146 0.781235 -0.755049 0.332594
1776408888.510130 jaka_arm_left success 0.297239 0.291384 -0.404384 0.617451 0.446548 0.299241 0.574286 -1.059371 1.160156 1.325990 -1.539200 0.785912 -0.744919 0.325479
1776408888.518535 jaka_arm_left success 0.296914 0.290837 -0.403912 0.620196 0.446001 0.298619 0.572073 -1.054010 1.154701 1.328257 -1.548848 0.789989 -0.737683 0.319766
1776408888.526836 jaka_arm_left success 0.296520 0.290028 -0.403477 0.622001 0.446067 0.297928 0.570420 -1.051125 1.154355 1.333137 -1.558322 0.796274 -0.726496 0.316005
1776408888.535144 jaka_arm_left success 0.296151 0.289360 -0.402995 0.624756 0.445522 0.297310 0.568152 -1.045180 1.145382 1.335224 -1.571633 0.800974 -0.715134 0.306172
1776408888.543738 jaka_arm_left success 0.295763 0.288479 -0.402497 0.626741 0.446153 0.297175 0.565535 -1.040647 1.144944 1.340211 -1.583498 0.807737 -0.701912 0.301361
1776408888.551768 jaka_arm_left success 0.295360 0.287469 -0.402007 0.628890 0.446782 0.295612 0.563468 -1.035909 1.135774 1.344962 -1.595756 0.813105 -0.687950 0.288646
1776408888.560130 jaka_arm_left success 0.295065 0.286690 -0.401528 0.632436 0.445840 0.295537 0.560276 -1.030429 1.133084 1.350246 -1.609161 0.822036 -0.674519 0.285005
1776408888.568506 jaka_arm_left success 0.294619 0.285820 -0.400960 0.636297 0.445367 0.295280 0.556402 -1.025584 1.122632 1.355426 -1.622605 0.829680 -0.658817 0.273273
1776408888.576789 jaka_arm_left success 0.294247 0.284792 -0.400485 0.639427 0.444724 0.295263 0.553329 -1.018841 1.120238 1.361239 -1.638563 0.839703 -0.642159 0.268659
1776408888.585163 jaka_arm_left success 0.293912 0.283787 -0.399946 0.643563 0.443498 0.296356 0.548916 -1.013846 1.115498 1.368042 -1.653991 0.851124 -0.623291 0.262478
1776408888.593486 jaka_arm_left success 0.293488 0.282666 -0.399405 0.647538 0.442692 0.297564 0.544219 -1.005317 1.109624 1.373966 -1.672959 0.862606 -0.602534 0.254703
1776408888.602132 jaka_arm_left success 0.293171 0.281712 -0.398855 0.652547 0.440754 0.299127 0.538926 -1.001625 1.100579 1.383314 -1.689603 0.876871 -0.579760 0.245613
1776408888.610118 jaka_arm_left success 0.292947 0.280603 -0.398253 0.657882 0.438512 0.300455 0.533503 -0.992806 1.091802 1.389749 -1.708807 0.889955 -0.558850 0.238078
1776408888.618503 jaka_arm_left success 0.292627 0.279434 -0.397618 0.663203 0.436757 0.301773 0.527577 -0.989615 1.081730 1.402884 -1.726440 0.906977 -0.531552 0.226879
1776408888.626823 jaka_arm_left success 0.292317 0.278143 -0.397016 0.668497 0.434939 0.302366 0.522029 -0.980589 1.065029 1.411266 -1.747747 0.920292 -0.506887 0.211762
1776408888.635248 jaka_arm_left success 0.291940 0.276938 -0.396502 0.673925 0.432977 0.303736 0.515849 -0.976285 1.053370 1.426814 -1.767044 0.939119 -0.476743 0.199595
1776408888.643517 jaka_arm_left success 0.291532 0.275423 -0.396068 0.677959 0.431925 0.304044 0.511244 -0.969272 1.043399 1.438118 -1.784264 0.952445 -0.453182 0.188604
1776408888.651860 jaka_arm_left success 0.291143 0.274216 -0.395517 0.682759 0.430382 0.304809 0.505671 -0.964168 1.029761 1.453568 -1.802656 0.969259 -0.423538 0.174433
1776408888.660185 jaka_arm_left success 0.290901 0.272910 -0.395087 0.686957 0.428836 0.303674 0.501968 -0.962787 1.010552 1.468983 -1.816958 0.981055 -0.399099 0.155592
1776408888.668953 jaka_arm_left success 0.290535 0.271553 -0.394620 0.690617 0.428951 0.302954 0.497261 -0.954355 0.996160 1.484736 -1.836008 0.995484 -0.369919 0.140030
1776408888.676773 jaka_arm_left success 0.290330 0.270521 -0.394181 0.694778 0.427933 0.302403 0.492655 -0.955282 0.973860 1.505956 -1.850525 1.009960 -0.337675 0.117988
1776408888.685172 jaka_arm_left success 0.290234 0.269184 -0.393949 0.697277 0.427947 0.301534 0.489636 -0.951202 0.963571 1.520902 -1.862611 1.020710 -0.315083 0.106815
1776408888.693470 jaka_arm_left success 0.289944 0.268101 -0.393502 0.700925 0.428379 0.299182 0.485475 -0.951967 0.933482 1.547350 -1.878930 1.033382 -0.277685 0.077718
1776408888.701799 jaka_arm_left success 0.289721 0.266973 -0.393210 0.703565 0.429183 0.296940 0.482312 -0.948398 0.910408 1.568186 -1.894161 1.042503 -0.246713 0.056286
1776408888.710200 jaka_arm_left success 0.289491 0.265875 -0.392958 0.705695 0.430298 0.294723 0.479558 -0.951916 0.888876 1.593597 -1.904308 1.051186 -0.216106 0.035969
1776408888.718499 jaka_arm_left success 0.289316 0.265031 -0.392688 0.708399 0.430398 0.292513 0.476827 -0.949625 0.866835 1.612253 -1.916417 1.056852 -0.190608 0.019324
1776408888.726813 jaka_arm_left success 0.289049 0.264187 -0.392406 0.710531 0.431138 0.289873 0.474595 -0.955956 0.843745 1.636558 -1.922865 1.060700 -0.164114 0.000454
1776408888.735100 jaka_arm_left success 0.288875 0.263633 -0.392087 0.712857 0.430809 0.287455 0.472872 -0.953920 0.826142 1.650337 -1.931908 1.062973 -0.147341 -0.010096
1776408888.743435 jaka_arm_left success 0.288662 0.263055 -0.391817 0.714294 0.430577 0.284872 0.472478 -0.957675 0.816612 1.658598 -1.931546 1.061918 -0.143997 -0.016497
1776408888.751836 jaka_arm_left success 0.288351 0.262474 -0.391548 0.714893 0.431082 0.282798 0.472357 -0.956376 0.802830 1.669486 -1.940296 1.061560 -0.129391 -0.026311
1776408888.760185 jaka_arm_left success 0.288169 0.262207 -0.391238 0.715832 0.429963 0.281166 0.472930 -0.955866 0.802139 1.670980 -1.940923 1.061757 -0.131121 -0.026152
1776408888.769495 jaka_arm_left success 0.287773 0.261717 -0.390972 0.714968 0.430267 0.279687 0.474833 -0.958667 0.800170 1.671141 -1.940846 1.058358 -0.134862 -0.029461
1776408888.776853 jaka_arm_left success 0.287421 0.261338 -0.390584 0.714645 0.430191 0.278370 0.476160 -0.959927 0.799004 1.671106 -1.940902 1.056393 -0.137796 -0.031150
1776408888.785196 jaka_arm_left success 0.287127 0.261290 -0.390127 0.715064 0.428961 0.277532 0.477129 -0.960767 0.797247 1.668498 -1.940215 1.054610 -0.142995 -0.031532
1776408888.793498 jaka_arm_left success 0.286720 0.261060 -0.389643 0.714631 0.428996 0.275855 0.478716 -0.956991 0.800868 1.657774 -1.938559 1.049884 -0.156247 -0.029671
1776408888.801814 jaka_arm_left success 0.286395 0.260855 -0.389105 0.713945 0.428559 0.274330 0.481002 -0.957790 0.807551 1.648883 -1.933044 1.045880 -0.172003 -0.025749
1776408888.810100 jaka_arm_left success 0.285885 0.260679 -0.388413 0.713578 0.429422 0.274161 0.480873 -0.952631 0.809181 1.647721 -1.936550 1.046402 -0.170233 -0.024819
1776408888.818472 jaka_arm_left success 0.285587 0.260680 -0.387748 0.713144 0.428896 0.275782 0.481059 -0.951354 0.810835 1.645822 -1.938889 1.047349 -0.168782 -0.023218
1776408888.826921 jaka_arm_left success 0.285277 0.260687 -0.386921 0.712991 0.428369 0.275348 0.482004 -0.949923 0.809552 1.643518 -1.941624 1.045854 -0.170854 -0.023870
1776408888.835117 jaka_arm_left success 0.284743 0.260485 -0.386116 0.711685 0.429612 0.278086 0.481255 -0.944765 0.816668 1.641260 -1.945515 1.049132 -0.164509 -0.019636
1776408888.843532 jaka_arm_left success 0.284264 0.260414 -0.385146 0.711314 0.430086 0.280267 0.480112 -0.940500 0.818664 1.638776 -1.948586 1.051286 -0.160013 -0.017292
1776408888.851794 jaka_arm_left success 0.283997 0.260304 -0.384334 0.709402 0.431004 0.283710 0.480097 -0.935162 0.826963 1.636825 -1.954927 1.054749 -0.153029 -0.012913
1776408888.860179 jaka_arm_left success 0.283623 0.260393 -0.383286 0.708701 0.432022 0.286947 0.478290 -0.925979 0.829439 1.633612 -1.962566 1.057854 -0.144125 -0.010327
1776408888.868446 jaka_arm_left success 0.283282 0.260456 -0.382257 0.707373 0.433878 0.290256 0.476576 -0.917777 0.830920 1.632879 -1.971264 1.061030 -0.130886 -0.009497
1776408888.876780 jaka_arm_left success 0.283064 0.260546 -0.381225 0.706394 0.434961 0.291367 0.476362 -0.914759 0.828169 1.635377 -1.977630 1.061834 -0.120840 -0.011919
1776408888.885175 jaka_arm_left success 0.282795 0.260781 -0.380184 0.705425 0.436592 0.293647 0.474904 -0.911713 0.823058 1.642572 -1.986713 1.064110 -0.101305 -0.015686
1776408888.893543 jaka_arm_left success 0.282586 0.261174 -0.379060 0.704533 0.438125 0.294627 0.474209 -0.907619 0.822014 1.644150 -1.991489 1.064889 -0.093244 -0.016647
1776408888.902029 jaka_arm_left success 0.282460 0.261570 -0.378026 0.703072 0.439653 0.295228 0.474590 -0.905619 0.821211 1.643206 -1.995163 1.063512 -0.088609 -0.018807
1776408888.910127 jaka_arm_left success 0.282364 0.262077 -0.377066 0.701906 0.440053 0.296014 0.475454 -0.906518 0.822326 1.642449 -1.995824 1.062744 -0.087915 -0.019485
1776408888.918640 jaka_arm_left success 0.282268 0.262673 -0.376020 0.701170 0.440543 0.295922 0.476143 -0.906702 0.822774 1.641574 -1.997065 1.061615 -0.087623 -0.020537
1776408888.926773 jaka_arm_left success 0.282142 0.263342 -0.375076 0.699610 0.441376 0.296515 0.477296 -0.902123 0.821287 1.635342 -2.002216 1.058604 -0.086999 -0.023021
1776408888.935155 jaka_arm_left success 0.281974 0.264050 -0.374025 0.698417 0.442234 0.296939 0.477986 -0.897773 0.822322 1.630528 -2.005879 1.057252 -0.086912 -0.023583
1776408888.943441 jaka_arm_left success 0.281898 0.264623 -0.373165 0.696836 0.442735 0.296504 0.480095 -0.890776 0.831457 1.610717 -2.003586 1.052856 -0.107471 -0.020705
1776408888.951838 jaka_arm_left success 0.281839 0.265153 -0.372322 0.694675 0.444015 0.297033 0.481714 -0.891951 0.837156 1.609105 -2.004216 1.052064 -0.108076 -0.020301
1776408888.960173 jaka_arm_left success 0.281794 0.265903 -0.371466 0.693738 0.444084 0.296509 0.483321 -0.884302 0.846744 1.587348 -2.000666 1.046977 -0.130560 -0.015766
1776408888.968551 jaka_arm_left success 0.281778 0.266669 -0.370629 0.693058 0.444127 0.296563 0.484224 -0.885570 0.847412 1.586876 -2.001864 1.046266 -0.130787 -0.016265
1776408888.976759 jaka_arm_left success 0.281861 0.267332 -0.369906 0.691849 0.444383 0.296377 0.485829 -0.885066 0.850581 1.576427 -1.998052 1.041642 -0.143035 -0.015614
1776408888.985150 jaka_arm_left success 0.281936 0.268037 -0.369085 0.691162 0.445090 0.295758 0.486535 -0.884742 0.849931 1.573805 -1.998143 1.038875 -0.144774 -0.017724
1776408888.993496 jaka_arm_left success 0.282059 0.268611 -0.368399 0.689765 0.446090 0.295070 0.488018 -0.877931 0.855526 1.558784 -1.997903 1.032993 -0.158724 -0.016062
1776408889.001873 jaka_arm_left success 0.282201 0.269167 -0.367748 0.688574 0.447050 0.293727 0.489629 -0.879311 0.855642 1.558426 -1.997498 1.030494 -0.160426 -0.018208
1776408889.010212 jaka_arm_left success 0.282425 0.269879 -0.366933 0.688139 0.448080 0.293297 0.489557 -0.879525 0.853137 1.556162 -1.996150 1.027593 -0.161802 -0.021000
1776408889.018477 jaka_arm_left success 0.282685 0.270502 -0.366125 0.687822 0.448760 0.292254 0.490003 -0.879145 0.848900 1.553133 -1.995658 1.023741 -0.163934 -0.024823
1776408889.026849 jaka_arm_left success 0.283126 0.271088 -0.365371 0.687036 0.449547 0.292422 0.490284 -0.879402 0.849681 1.552695 -1.995656 1.023090 -0.163349 -0.025409
1776408889.035148 jaka_arm_left success 0.283462 0.271349 -0.364580 0.685504 0.451548 0.291064 0.491397 -0.879198 0.849924 1.551697 -1.996177 1.020060 -0.163443 -0.028387
1776408889.043432 jaka_arm_left success 0.283881 0.272044 -0.363583 0.686095 0.452137 0.289850 0.490747 -0.876965 0.839238 1.546738 -1.996420 1.014321 -0.164889 -0.035420
1776408889.051818 jaka_arm_left success 0.284460 0.272306 -0.362721 0.685445 0.453325 0.289501 0.490766 -0.873669 0.835649 1.545360 -2.000086 1.012671 -0.161226 -0.038662
1776408889.060201 jaka_arm_left success 0.285234 0.272589 -0.361972 0.684913 0.453705 0.289049 0.491423 -0.874901 0.831528 1.545335 -2.000646 1.010271 -0.159719 -0.042525
1776408889.068558 jaka_arm_left success 0.286082 0.272831 -0.361074 0.685117 0.453681 0.288434 0.491522 -0.876204 0.824548 1.547020 -2.002420 1.008637 -0.156219 -0.047045
1776408889.076798 jaka_arm_left success 0.286878 0.272844 -0.360209 0.684907 0.454869 0.287390 0.491328 -0.876361 0.809327 1.561226 -2.012397 1.009228 -0.134540 -0.057983
1776408889.085209 jaka_arm_left success 0.287940 0.272932 -0.359311 0.684982 0.454947 0.286409 0.491724 -0.880081 0.803595 1.561343 -2.010114 1.005817 -0.135870 -0.062388
1776408889.093738 jaka_arm_left success 0.289006 0.272923 -0.358416 0.685239 0.455401 0.285374 0.491548 -0.886477 0.786681 1.576293 -2.016065 1.005273 -0.116846 -0.072921
1776408889.101798 jaka_arm_left success 0.290322 0.272694 -0.357519 0.685122 0.455435 0.283933 0.492513 -0.887714 0.784777 1.577099 -2.015922 1.003178 -0.118281 -0.075311
1776408889.110124 jaka_arm_left success 0.291508 0.272770 -0.356423 0.686739 0.455375 0.282562 0.491103 -0.892361 0.756400 1.595864 -2.026648 1.000677 -0.091109 -0.090509
1776408889.118483 jaka_arm_left success 0.292945 0.272705 -0.355383 0.687908 0.454763 0.281160 0.490839 -0.898143 0.747965 1.599940 -2.023018 0.998074 -0.091243 -0.094824
1776408889.126841 jaka_arm_left success 0.294388 0.272249 -0.354313 0.688075 0.455687 0.280036 0.490389 -0.904266 0.728775 1.618005 -2.031360 0.995893 -0.067668 -0.105067
1776408889.135130 jaka_arm_left success 0.295997 0.271888 -0.353193 0.689292 0.455615 0.278214 0.489784 -0.916724 0.706408 1.642322 -2.037119 0.992173 -0.044874 -0.115843
1776408889.143430 jaka_arm_left success 0.297564 0.271544 -0.351984 0.691251 0.455464 0.276734 0.488000 -0.921275 0.680918 1.658307 -2.044336 0.986105 -0.024222 -0.125967
1776408889.151787 jaka_arm_left success 0.299360 0.270824 -0.350881 0.692137 0.455934 0.275086 0.487235 -0.937323 0.657779 1.686939 -2.049317 0.980725 0.001786 -0.134236
1776408889.160175 jaka_arm_left success 0.301157 0.270264 -0.349726 0.694198 0.455855 0.273939 0.485019 -0.949352 0.630059 1.713873 -2.057970 0.972116 0.030258 -0.142218
1776408889.168577 jaka_arm_left success 0.302942 0.269381 -0.348659 0.694971 0.456914 0.272750 0.483584 -0.963198 0.605340 1.742316 -2.066932 0.962085 0.059872 -0.147850
1776408889.176781 jaka_arm_left success 0.304797 0.268732 -0.347510 0.697052 0.457383 0.272324 0.480373 -0.981322 0.576091 1.778603 -2.076722 0.949579 0.095901 -0.149787
1776408889.185149 jaka_arm_left success 0.306716 0.267685 -0.346433 0.697803 0.459252 0.270888 0.478308 -1.005633 0.544427 1.820882 -2.090990 0.929490 0.135541 -0.151537
1776408889.193536 jaka_arm_left success 0.308683 0.266729 -0.345279 0.699483 0.461193 0.269096 0.474986 -1.036490 0.515166 1.869477 -2.099651 0.905640 0.173534 -0.147073
1776408889.201802 jaka_arm_left success 0.310697 0.265730 -0.344119 0.701369 0.463106 0.266993 0.471517 -1.076063 0.483360 1.924925 -2.111826 0.872932 0.213412 -0.137753
1776408889.210208 jaka_arm_left success 0.312840 0.264576 -0.343221 0.701936 0.464918 0.265478 0.469744 -1.107329 0.462020 1.963971 -2.123430 0.845216 0.241187 -0.128797
1776408889.218482 jaka_arm_left success 0.314972 0.263675 -0.342184 0.703995 0.466425 0.263528 0.466253 -1.140897 0.439752 2.005685 -2.131265 0.813944 0.266721 -0.116044
1776408889.226774 jaka_arm_left success 0.317156 0.262529 -0.341301 0.704988 0.468211 0.261050 0.464352 -1.179585 0.420506 2.048761 -2.143522 0.779019 0.291643 -0.101073
1776408889.235132 jaka_arm_left success 0.319242 0.261441 -0.340380 0.706054 0.470453 0.258334 0.461980 -1.219665 0.407138 2.093859 -2.149861 0.748728 0.313564 -0.087266
1776408889.243437 jaka_arm_left success 0.321431 0.260448 -0.339512 0.707400 0.472017 0.255070 0.460135 -1.264055 0.392517 2.133144 -2.151941 0.709477 0.323631 -0.071596
1776408889.251785 jaka_arm_left success 0.323639 0.259735 -0.338618 0.709518 0.473126 0.252312 0.457246 -1.301396 0.374632 2.168374 -2.161793 0.671101 0.339016 -0.054581
1776408889.260152 jaka_arm_left success 0.325866 0.258734 -0.337985 0.709924 0.474787 0.249827 0.456258 -1.336708 0.370238 2.196562 -2.160184 0.641408 0.343697 -0.039931
1776408889.268519 jaka_arm_left success 0.328132 0.257615 -0.337636 0.709436 0.476543 0.247292 0.456569 -1.368593 0.367390 2.221364 -2.159376 0.612945 0.347144 -0.028055
1776408889.276898 jaka_arm_left success 0.330245 0.257002 -0.336928 0.711386 0.477867 0.244330 0.453736 -1.409475 0.353678 2.260349 -2.174630 0.570795 0.367340 -0.003986
1776408889.285172 jaka_arm_left success 0.332552 0.255918 -0.336546 0.710860 0.480896 0.241504 0.452872 -1.441467 0.351943 2.283008 -2.169609 0.540810 0.368619 0.008066
1776408889.293542 jaka_arm_left success 0.334866 0.255164 -0.336114 0.712272 0.483132 0.237143 0.450571 -1.486547 0.343233 2.318814 -2.170696 0.495859 0.373138 0.029352
1776408889.301905 jaka_arm_left success 0.337207 0.253887 -0.335791 0.711598 0.487760 0.233208 0.448702 -1.538174 0.340862 2.361303 -2.179348 0.442722 0.392217 0.056953
1776408889.310245 jaka_arm_left success 0.339685 0.252970 -0.335537 0.713017 0.490458 0.228912 0.445710 -1.579607 0.333785 2.392603 -2.178543 0.398801 0.395506 0.078170
1776408889.318487 jaka_arm_left success 0.342079 0.252053 -0.335264 0.714980 0.493754 0.224549 0.441122 -1.645640 0.329481 2.444911 -2.187572 0.330100 0.416262 0.118530
1776408889.326828 jaka_arm_left success 0.344524 0.250797 -0.335199 0.715666 0.497635 0.221017 0.437416 -1.692851 0.328888 2.479224 -2.187836 0.278279 0.427524 0.147013
1776408889.336159 jaka_arm_left success 0.346971 0.249674 -0.335142 0.717380 0.500910 0.217065 0.432826 -1.748523 0.328780 2.520752 -2.196548 0.217105 0.449319 0.184018
1776408889.343537 jaka_arm_left success 0.349494 0.248359 -0.335236 0.718650 0.503916 0.212317 0.429571 -1.793074 0.328252 2.551314 -2.195727 0.165576 0.456600 0.212065
1776408889.351891 jaka_arm_left success 0.351878 0.247072 -0.335479 0.719793 0.506920 0.209926 0.425279 -1.835157 0.333881 2.580721 -2.200752 0.118110 0.478488 0.242216
1776408889.360139 jaka_arm_left success 0.354249 0.245839 -0.335919 0.720517 0.509588 0.207470 0.422056 -1.875267 0.340767 2.611749 -2.198860 0.087266 0.492146 0.258351
1776408889.368496 jaka_arm_left success 0.356659 0.244592 -0.336364 0.721125 0.512067 0.203406 0.419990 -1.913224 0.342590 2.633791 -2.191774 0.041595 0.492877 0.280792
1776408889.376805 jaka_arm_left success 0.359067 0.243280 -0.336807 0.721789 0.515034 0.198021 0.417791 -1.949708 0.344870 2.656666 -2.190456 -0.004308 0.499853 0.303140
1776408889.385159 jaka_arm_left success 0.361426 0.242327 -0.337264 0.723480 0.516631 0.194780 0.414402 -1.986466 0.354063 2.679327 -2.185370 -0.045515 0.511848 0.329689
1776408889.393501 jaka_arm_left success 0.363845 0.241429 -0.337881 0.724871 0.517626 0.190566 0.412687 -2.015430 0.352531 2.697227 -2.178819 -0.082941 0.505680 0.348792
1776408889.401792 jaka_arm_left success 0.366142 0.240545 -0.338681 0.725864 0.518881 0.186709 0.411125 -2.043874 0.359687 2.715197 -2.171240 -0.116406 0.509210 0.369028
1776408889.410202 jaka_arm_left success 0.368389 0.239379 -0.339716 0.725365 0.520766 0.183169 0.411214 -2.061306 0.365706 2.725653 -2.161505 -0.139320 0.506276 0.378808
1776408889.418527 jaka_arm_left success 0.370521 0.238523 -0.340584 0.726742 0.521693 0.179619 0.409169 -2.088589 0.372297 2.742694 -2.153792 -0.171359 0.509569 0.397776
1776408889.426892 jaka_arm_left success 0.372550 0.237483 -0.341427 0.728809 0.523088 0.176747 0.404940 -2.120301 0.377792 2.761463 -2.155781 -0.208302 0.527611 0.418470
1776408889.435156 jaka_arm_left success 0.374889 0.236085 -0.342807 0.729284 0.523962 0.173604 0.404315 -2.136109 0.385397 2.772598 -2.139778 -0.228270 0.520167 0.431249
1776408889.443439 jaka_arm_left success 0.376919 0.234998 -0.343840 0.731994 0.524962 0.171335 0.399055 -2.170427 0.391584 2.792165 -2.143918 -0.267758 0.542492 0.453840
1776408889.451932 jaka_arm_left success 0.379092 0.233640 -0.345121 0.734053 0.526446 0.169293 0.394158 -2.198623 0.404001 2.808041 -2.138458 -0.299338 0.561437 0.473297
1776408889.460207 jaka_arm_left success 0.381173 0.232189 -0.346410 0.736224 0.528386 0.167324 0.388311 -2.224168 0.415786 2.821899 -2.136252 -0.328546 0.584327 0.489798
1776408889.468499 jaka_arm_left success 0.383342 0.231177 -0.347787 0.740030 0.528322 0.166758 0.381345 -2.251944 0.427308 2.837457 -2.133106 -0.358280 0.607238 0.511537
1776408889.476801 jaka_arm_left success 0.385462 0.229940 -0.349264 0.742874 0.529471 0.165401 0.374755 -2.277288 0.439874 2.850341 -2.129384 -0.386681 0.630890 0.529060
1776408889.485136 jaka_arm_left success 0.387425 0.228658 -0.350857 0.744829 0.531623 0.163156 0.368765 -2.299639 0.452588 2.861065 -2.123776 -0.413529 0.652232 0.542684
1776408889.493462 jaka_arm_left success 0.389531 0.227715 -0.352428 0.747515 0.533132 0.160942 0.362063 -2.324575 0.464906 2.872915 -2.117970 -0.444068 0.673511 0.559245
1776408889.501897 jaka_arm_left success 0.391576 0.226750 -0.354114 0.749882 0.534761 0.158474 0.355800 -2.346413 0.477672 2.883324 -2.109452 -0.471625 0.692006 0.573812
1776408889.510201 jaka_arm_left success 0.393434 0.225609 -0.355799 0.750851 0.538324 0.156141 0.349357 -2.363405 0.491012 2.890716 -2.103308 -0.493074 0.714222 0.581550
1776408889.518564 jaka_arm_left success 0.395364 0.224606 -0.357583 0.751591 0.541270 0.153365 0.344408 -2.377565 0.504467 2.896901 -2.093881 -0.512839 0.729933 0.587914
1776408889.526831 jaka_arm_left success 0.397220 0.223871 -0.359262 0.753423 0.543132 0.149255 0.339242 -2.400430 0.513080 2.906243 -2.084313 -0.546104 0.741998 0.603499
1776408889.535122 jaka_arm_left success 0.399002 0.222972 -0.361111 0.753706 0.546051 0.145461 0.335554 -2.413888 0.522789 2.912651 -2.071251 -0.569157 0.747841 0.612681
1776408889.543583 jaka_arm_left success 0.400738 0.222351 -0.362754 0.755577 0.547240 0.140390 0.331547 -2.433196 0.530550 2.922363 -2.057313 -0.602291 0.751125 0.630376
1776408889.551749 jaka_arm_left success 0.402342 0.221607 -0.364671 0.755840 0.549310 0.136796 0.329016 -2.440392 0.539230 2.927721 -2.043652 -0.618097 0.751609 0.637959
1776408889.560174 jaka_arm_left success 0.403856 0.220978 -0.366479 0.756947 0.550746 0.133472 0.325416 -2.454591 0.546381 2.934443 -2.032480 -0.641823 0.756495 0.650266
1776408889.568473 jaka_arm_left success 0.405229 0.220173 -0.368232 0.756924 0.553530 0.129608 0.322294 -2.464391 0.554911 2.939413 -2.020435 -0.661037 0.760826 0.657403
1776408889.576818 jaka_arm_left success 0.406617 0.219571 -0.370003 0.757950 0.555131 0.127028 0.318127 -2.471241 0.565971 2.943916 -2.010405 -0.672029 0.769870 0.661634
1776408889.585194 jaka_arm_left success 0.407989 0.219194 -0.371752 0.759771 0.555896 0.123904 0.313648 -2.487326 0.572521 2.951096 -1.999368 -0.698697 0.776565 0.676476
1776408889.593516 jaka_arm_left success 0.409218 0.218306 -0.373634 0.759369 0.558870 0.121444 0.310281 -2.490049 0.583917 2.953707 -1.988682 -0.704732 0.783551 0.676144
1776408889.601767 jaka_arm_left success 0.410325 0.217220 -0.375544 0.758047 0.563130 0.119281 0.306628 -2.494140 0.593670 2.954668 -1.979883 -0.712378 0.793373 0.672461
1776408889.610117 jaka_arm_left success 0.411640 0.217064 -0.377075 0.760583 0.563782 0.116322 0.300220 -2.512939 0.602075 2.962079 -1.971386 -0.740045 0.809315 0.686760
1776408889.618463 jaka_arm_left success 0.412704 0.216310 -0.378691 0.760341 0.567065 0.114327 0.295378 -2.517232 0.614959 2.964796 -1.960579 -0.746559 0.820868 0.685328
1776408889.626820 jaka_arm_left success 0.413830 0.215478 -0.380449 0.759031 0.571249 0.112062 0.291529 -2.521455 0.624104 2.965814 -1.952253 -0.754269 0.831019 0.681761
1776408889.635093 jaka_arm_left success 0.414900 0.215204 -0.381928 0.760368 0.572375 0.109465 0.286785 -2.534527 0.632987 2.970454 -1.942660 -0.774007 0.843853 0.690225
1776408889.643452 jaka_arm_left success 0.415905 0.214393 -0.383409 0.759305 0.575833 0.106514 0.283774 -2.538341 0.642783 2.972086 -1.932513 -0.783311 0.850254 0.689459
1776408889.651850 jaka_arm_left success 0.416777 0.213924 -0.384720 0.759135 0.578550 0.104303 0.279490 -2.545408 0.651131 2.974367 -1.923905 -0.795022 0.860697 0.690634
1776408889.660189 jaka_arm_left success 0.417560 0.212889 -0.386268 0.756193 0.583343 0.102754 0.278073 -2.544778 0.653844 2.973122 -1.918359 -0.798442 0.862518 0.684920
1776408889.668477 jaka_arm_left success 0.418443 0.212623 -0.387483 0.757121 0.584039 0.100914 0.274740 -2.550010 0.666080 2.975864 -1.909204 -0.805160 0.872315 0.685951
1776408889.676763 jaka_arm_left success 0.419228 0.211865 -0.388673 0.756067 0.586738 0.099675 0.272336 -2.552540 0.672314 2.976435 -1.902666 -0.810001 0.877926 0.683960
1776408889.685147 jaka_arm_left success 0.419871 0.211383 -0.389702 0.755927 0.588513 0.097677 0.269605 -2.557284 0.679883 2.977963 -1.895696 -0.818252 0.885351 0.684310
1776408889.693470 jaka_arm_left success 0.420353 0.210235 -0.390804 0.752876 0.593201 0.095395 0.268684 -2.556388 0.681512 2.976325 -1.890928 -0.822956 0.886275 0.678230
1776408889.701887 jaka_arm_left success 0.420954 0.209919 -0.391607 0.753865 0.593846 0.094458 0.264785 -2.561826 0.691864 2.979017 -1.884515 -0.828163 0.897139 0.679088
1776408889.710157 jaka_arm_left success 0.421469 0.209287 -0.392538 0.753067 0.595826 0.092412 0.263327 -2.563667 0.695928 2.979180 -1.879686 -0.834047 0.900359 0.677635
1776408889.718504 jaka_arm_left success 0.421838 0.208181 -0.393712 0.749987 0.599654 0.091397 0.263781 -2.562478 0.699266 2.977338 -1.874162 -0.835804 0.900079 0.672074
1776408889.726831 jaka_arm_left success 0.422477 0.208096 -0.394329 0.751830 0.598637 0.090585 0.261112 -2.565001 0.705258 2.980114 -1.870503 -0.838536 0.905226 0.675114
1776408889.735114 jaka_arm_left success 0.423021 0.207772 -0.394932 0.751665 0.599809 0.088664 0.259554 -2.570598 0.710841 2.981188 -1.862274 -0.849048 0.909262 0.678925
1776408889.743459 jaka_arm_left success 0.423503 0.206943 -0.395806 0.749551 0.602077 0.088140 0.260591 -2.567376 0.712150 2.979675 -1.857626 -0.847803 0.904341 0.676134
1776408889.751870 jaka_arm_left success 0.424064 0.206734 -0.396366 0.749822 0.602266 0.087242 0.259676 -2.566927 0.713004 2.980442 -1.856644 -0.849007 0.905047 0.676207
1776408889.760148 jaka_arm_left success 0.424411 0.206588 -0.396668 0.750201 0.602936 0.086771 0.257173 -2.571327 0.719461 2.981810 -1.851531 -0.853823 0.912135 0.676905
1776408889.768462 jaka_arm_left success 0.424798 0.205671 -0.397441 0.747016 0.606293 0.086955 0.258486 -2.570040 0.720107 2.979109 -1.847567 -0.853214 0.910288 0.671528
1776408889.776808 jaka_arm_left success 0.425279 0.205453 -0.397922 0.746643 0.606975 0.087244 0.257864 -2.569080 0.722854 2.979294 -1.844721 -0.851012 0.911330 0.669520
1776408889.785232 jaka_arm_left success 0.425692 0.205199 -0.398270 0.746210 0.608424 0.088804 0.255157 -2.571183 0.731462 2.979708 -1.839984 -0.846906 0.921132 0.663344
1776408889.793465 jaka_arm_left success 0.426058 0.205025 -0.398564 0.746263 0.609242 0.089303 0.252866 -2.573064 0.735400 2.980270 -1.839365 -0.845805 0.928570 0.659684
1776408889.801807 jaka_arm_left success 0.426416 0.204233 -0.399062 0.743431 0.612705 0.090859 0.252286 -2.569184 0.743003 2.978007 -1.840060 -0.832449 0.937966 0.641561
1776408889.810089 jaka_arm_left success 0.426844 0.203988 -0.399638 0.742856 0.613370 0.092511 0.251761 -2.566978 0.745137 2.977531 -1.841987 -0.823756 0.941139 0.635254
1776408889.818645 jaka_arm_left success 0.427245 0.203857 -0.400067 0.742721 0.614284 0.093575 0.249528 -2.569235 0.749402 2.978051 -1.840712 -0.822054 0.949331 0.631420
1776408889.826873 jaka_arm_left success 0.427618 0.203580 -0.400472 0.741698 0.615952 0.094424 0.248136 -2.569574 0.754730 2.977636 -1.839271 -0.818051 0.956419 0.624307
1776408889.835088 jaka_arm_left success 0.427964 0.203148 -0.401072 0.739252 0.618870 0.094472 0.248157 -2.566707 0.756703 2.975896 -1.838287 -0.813848 0.957800 0.616140
1776408889.843583 jaka_arm_left success 0.428524 0.203321 -0.401435 0.739697 0.619143 0.093804 0.246397 -2.565711 0.756635 2.977278 -1.838026 -0.814356 0.959135 0.616389
1776408889.851838 jaka_arm_left success 0.429040 0.203574 -0.401863 0.740642 0.618965 0.092633 0.244441 -2.570937 0.761859 2.978321 -1.835346 -0.820726 0.966099 0.617820
1776408889.860165 jaka_arm_left success 0.429482 0.203435 -0.402572 0.738816 0.621314 0.091984 0.244253 -2.570382 0.761041 2.977183 -1.833925 -0.822290 0.965813 0.615298
1776408889.868460 jaka_arm_left success 0.429946 0.202997 -0.403169 0.735836 0.625152 0.091702 0.243560 -2.570073 0.764858 2.975411 -1.827777 -0.823237 0.968035 0.608990
1776408889.876810 jaka_arm_left success 0.430469 0.203094 -0.403772 0.735335 0.626237 0.090488 0.242739 -2.570169 0.768416 2.975536 -1.824035 -0.824963 0.969812 0.607263
1776408889.885178 jaka_arm_left success 0.430877 0.203224 -0.404144 0.735992 0.627041 0.088851 0.239252 -2.576220 0.775337 2.977619 -1.818343 -0.834102 0.978868 0.609717
1776408889.893477 jaka_arm_left success 0.431428 0.203181 -0.404839 0.735456 0.628203 0.088876 0.237840 -2.576738 0.776773 2.977978 -1.814669 -0.835395 0.980180 0.609691
1776408889.901790 jaka_arm_left success 0.431850 0.203165 -0.405615 0.734924 0.629270 0.088039 0.236971 -2.577237 0.779845 2.978189 -1.809869 -0.838184 0.980829 0.609780
1776408889.910111 jaka_arm_left success 0.432249 0.202654 -0.406498 0.732534 0.632378 0.088978 0.235745 -2.576943 0.783609 2.977243 -1.803873 -0.837159 0.983542 0.604479
1776408889.918486 jaka_arm_left success 0.432600 0.202532 -0.407184 0.732163 0.633726 0.088001 0.233634 -2.576752 0.785902 2.978276 -1.801480 -0.838542 0.986585 0.603201
1776408889.926816 jaka_arm_left success 0.433034 0.202887 -0.407749 0.733863 0.633294 0.087830 0.229499 -2.582859 0.794061 2.981319 -1.796114 -0.842872 0.997734 0.605540
1776408889.935205 jaka_arm_left success 0.433515 0.202879 -0.408466 0.733957 0.634316 0.087889 0.226329 -2.586133 0.799778 2.982831 -1.790984 -0.846899 1.004663 0.605605
1776408889.943475 jaka_arm_left success 0.433783 0.202884 -0.409090 0.733856 0.635729 0.085973 0.223413 -2.591451 0.805184 2.983892 -1.783965 -0.856819 1.011529 0.608050
1776408889.951824 jaka_arm_left success 0.434189 0.203177 -0.409539 0.735595 0.635266 0.084511 0.219535 -2.598580 0.809005 2.986526 -1.774792 -0.871471 1.015859 0.619522
1776408889.960149 jaka_arm_left success 0.434559 0.202810 -0.410417 0.733787 0.637849 0.083997 0.218288 -2.597714 0.809680 2.986133 -1.771381 -0.872555 1.016703 0.616818
1776408889.968565 jaka_arm_left success 0.434866 0.202834 -0.411099 0.734370 0.637974 0.081860 0.216771 -2.599202 0.814482 2.987306 -1.766812 -0.877105 1.018868 0.618960
1776408889.976775 jaka_arm_left success 0.435250 0.202616 -0.411733 0.734234 0.638871 0.080777 0.214989 -2.602930 0.820001 2.988100 -1.756906 -0.885597 1.021497 0.623363
1776408889.985205 jaka_arm_left success 0.435491 0.201851 -0.412865 0.730815 0.642075 0.080515 0.217178 -2.596912 0.819429 2.985344 -1.752550 -0.881211 1.013351 0.617574
1776408889.993493 jaka_arm_left success 0.435820 0.201990 -0.413316 0.732421 0.641413 0.079381 0.214119 -2.600438 0.823977 2.987755 -1.749988 -0.886460 1.019881 0.620661
1776408890.001802 jaka_arm_left success 0.436031 0.201672 -0.413840 0.732195 0.642222 0.077260 0.213243 -2.603100 0.826430 2.987881 -1.744507 -0.895107 1.020568 0.624978
1776408890.018501 jaka_arm_left success 0.436158 0.201210 -0.414091 0.731489 0.644070 0.075553 0.210687 -2.605269 0.830296 2.988200 -1.739429 -0.901488 1.025252 0.624299
1776408890.026890 jaka_arm_left success 0.436333 0.200719 -0.414572 0.732353 0.643536 0.076972 0.208794 -2.606504 0.832403 2.990304 -1.737248 -0.899676 1.028605 0.626051
1776408890.035213 jaka_arm_left success 0.436291 0.200411 -0.414469 0.732584 0.643209 0.078532 0.208410 -2.607733 0.835075 2.990435 -1.735518 -0.897391 1.030504 0.624979
1776408890.043493 jaka_arm_left success 0.436233 0.200056 -0.414398 0.732414 0.642803 0.080650 0.209451 -2.605821 0.836969 2.990456 -1.735486 -0.889447 1.029899 0.621061
1776408890.051825 jaka_arm_left success 0.436232 0.199764 -0.414223 0.732220 0.642788 0.081907 0.209689 -2.604111 0.839205 2.990530 -1.739390 -0.880955 1.032843 0.613691
1776408890.060125 jaka_arm_left success 0.436238 0.199373 -0.413973 0.731113 0.643874 0.081849 0.210242 -2.604048 0.838831 2.989594 -1.738974 -0.881644 1.032430 0.612315
1776408890.068466 jaka_arm_left success 0.436256 0.198850 -0.413975 0.729114 0.645256 0.081873 0.212919 -2.598024 0.835907 2.987363 -1.743602 -0.873988 1.027336 0.604089
1776408890.076805 jaka_arm_left success 0.436336 0.198708 -0.413838 0.728810 0.645079 0.080573 0.214982 -2.598006 0.836653 2.985954 -1.744304 -0.875153 1.025728 0.602957
1776408890.085152 jaka_arm_left success 0.436365 0.198458 -0.413772 0.728299 0.645129 0.078909 0.217169 -2.595339 0.831685 2.984186 -1.748113 -0.876775 1.018930 0.603986
1776408890.093483 jaka_arm_left success 0.436396 0.198189 -0.413757 0.727985 0.644920 0.077080 0.219489 -2.592734 0.827623 2.982807 -1.749661 -0.879070 1.011843 0.606141
1776408890.101827 jaka_arm_left success 0.436515 0.198182 -0.413706 0.729458 0.643182 0.075241 0.220335 -2.593882 0.822872 2.983237 -1.748509 -0.888174 1.005252 0.617491
1776408890.110146 jaka_arm_left success 0.436565 0.197816 -0.413783 0.729523 0.642898 0.073827 0.221421 -2.593313 0.824607 2.983041 -1.745440 -0.890798 1.002104 0.619818
1776408890.118511 jaka_arm_left success 0.436568 0.197287 -0.413854 0.729367 0.643141 0.073873 0.221217 -2.593313 0.824607 2.983041 -1.745440 -0.890798 1.002104 0.619818
1776408890.126883 jaka_arm_left success 0.436573 0.196970 -0.414007 0.730482 0.642126 0.075143 0.220053 -2.594137 0.824912 2.984207 -1.745399 -0.889037 1.003305 0.621672
1776408890.135155 jaka_arm_left success 0.436588 0.196407 -0.414046 0.730796 0.642187 0.076680 0.218298 -2.597090 0.832560 2.985336 -1.740716 -0.887272 1.010823 0.618564
1776408890.143440 jaka_arm_left success 0.436564 0.195799 -0.414056 0.730739 0.642631 0.078250 0.216617 -2.599175 0.838707 2.986527 -1.738766 -0.883261 1.018290 0.614279
1776408890.151833 jaka_arm_left success 0.436577 0.195060 -0.414186 0.729896 0.643452 0.080632 0.216149 -2.596316 0.844308 2.986839 -1.742668 -0.868863 1.025235 0.600449
1776408890.160204 jaka_arm_left success 0.436575 0.194641 -0.414179 0.730543 0.643094 0.082708 0.214232 -2.598964 0.847065 2.988204 -1.744384 -0.865709 1.032622 0.598068
1776408890.168456 jaka_arm_left success 0.436530 0.194198 -0.414193 0.730339 0.643447 0.084363 0.213222 -2.598781 0.852227 2.988658 -1.746638 -0.858027 1.039901 0.589189
1776408890.176786 jaka_arm_left success 0.436518 0.193857 -0.414024 0.730296 0.643926 0.085421 0.211497 -2.600747 0.854309 2.989181 -1.748723 -0.856414 1.046884 0.585100
1776408890.185154 jaka_arm_left success 0.436525 0.193549 -0.413989 0.729983 0.644540 0.086753 0.210158 -2.601282 0.856743 2.989968 -1.748963 -0.852803 1.051785 0.581372
1776408890.193536 jaka_arm_left success 0.436541 0.193287 -0.413991 0.729669 0.645076 0.087842 0.209152 -2.601799 0.861496 2.990311 -1.750700 -0.847503 1.059076 0.573703
1776408890.201821 jaka_arm_left success 0.436612 0.193092 -0.413985 0.729697 0.645194 0.088161 0.208553 -2.601708 0.861262 2.990509 -1.750529 -0.847427 1.059367 0.573713
1776408890.210163 jaka_arm_left success 0.436672 0.193004 -0.413846 0.729909 0.645272 0.088333 0.207495 -2.602014 0.861571 2.991260 -1.750746 -0.847312 1.061449 0.573453
1776408890.218491 jaka_arm_left success 0.436691 0.192882 -0.413762 0.729755 0.645675 0.089200 0.206408 -2.604758 0.865646 2.991526 -1.751098 -0.846306 1.068562 0.569551
1776408890.226851 jaka_arm_left success 0.436724 0.192796 -0.413682 0.729601 0.646039 0.089834 0.205537 -2.605255 0.866886 2.991877 -1.752110 -0.844427 1.072065 0.566808
1776408890.235101 jaka_arm_left success 0.436728 0.192708 -0.413692 0.729417 0.646338 0.091083 0.204700 -2.605613 0.868235 2.992511 -1.752365 -0.841612 1.075233 0.564561
1776408890.243457 jaka_arm_left success 0.436725 0.192641 -0.413641 0.729477 0.646488 0.092281 0.203473 -2.606623 0.871402 2.993187 -1.752869 -0.838558 1.080694 0.560645
1776408890.251863 jaka_arm_left success 0.436714 0.192571 -0.413507 0.729695 0.646618 0.093649 0.201645 -2.608479 0.874858 2.994432 -1.753508 -0.835868 1.088204 0.556917
1776408890.260167 jaka_arm_left success 0.436672 0.192502 -0.413432 0.729854 0.646723 0.094955 0.200117 -2.609751 0.877888 2.995538 -1.754944 -0.832623 1.094673 0.553141
1776408890.268478 jaka_arm_left success 0.436549 0.192357 -0.413478 0.729609 0.647130 0.096842 0.198782 -2.610041 0.879891 2.996448 -1.755589 -0.828442 1.099109 0.549682
1776408890.276758 jaka_arm_left success 0.436455 0.192305 -0.413439 0.729841 0.647063 0.098643 0.197259 -2.610614 0.885419 2.997599 -1.759824 -0.821102 1.108927 0.540640
1776408890.285180 jaka_arm_left success 0.436368 0.192283 -0.413335 0.730161 0.646961 0.100117 0.195662 -2.611830 0.886611 2.998875 -1.761853 -0.818232 1.114909 0.537967
1776408890.293516 jaka_arm_left success 0.436281 0.192315 -0.413308 0.730525 0.646670 0.101675 0.194457 -2.612311 0.889021 3.000234 -1.763500 -0.814001 1.120034 0.534914
1776408890.301755 jaka_arm_left success 0.436198 0.192293 -0.413362 0.730652 0.646496 0.103801 0.193430 -2.612213 0.891484 3.001223 -1.764957 -0.807824 1.124706 0.530425
1776408890.310145 jaka_arm_left success 0.436118 0.192282 -0.413410 0.730766 0.646319 0.105676 0.192573 -2.611882 0.893437 3.002504 -1.767326 -0.802083 1.129621 0.526195
1776408890.318634 jaka_arm_left success 0.436033 0.192223 -0.413398 0.730983 0.646204 0.107712 0.191003 -2.612965 0.897185 3.003945 -1.768766 -0.797429 1.136967 0.521748
1776408890.326838 jaka_arm_left success 0.435931 0.192149 -0.413353 0.731377 0.645913 0.109940 0.189202 -2.613948 0.900969 3.005787 -1.770649 -0.792061 1.144785 0.517331
1776408890.335171 jaka_arm_left success 0.435831 0.192075 -0.413277 0.731929 0.645453 0.111841 0.187515 -2.615036 0.903194 3.007538 -1.772487 -0.788145 1.150971 0.514928
1776408890.343553 jaka_arm_left success 0.435781 0.192069 -0.413274 0.732699 0.644631 0.112471 0.186961 -2.615117 0.903486 3.008311 -1.772945 -0.787585 1.151351 0.515932
1776408890.351844 jaka_arm_left success 0.435743 0.191807 -0.413229 0.732980 0.644649 0.113590 0.185108 -2.617233 0.908497 3.009710 -1.773445 -0.786103 1.159831 0.512273
1776408890.360199 jaka_arm_left success 0.435696 0.191515 -0.413213 0.732942 0.644833 0.114885 0.183812 -2.617918 0.911156 3.010577 -1.774206 -0.782587 1.165153 0.508569
1776408890.368506 jaka_arm_left success 0.435622 0.190960 -0.413254 0.731927 0.645803 0.116686 0.183317 -2.616587 0.916134 3.011090 -1.775348 -0.775152 1.170980 0.500110
1776408890.376842 jaka_arm_left success 0.435497 0.190303 -0.413508 0.730397 0.647070 0.119299 0.183270 -2.612950 0.919158 3.011795 -1.781174 -0.761890 1.178645 0.486490
1776408890.385140 jaka_arm_left success 0.435508 0.189869 -0.413572 0.730909 0.646454 0.121309 0.182079 -2.614256 0.921964 3.013216 -1.782053 -0.758690 1.183714 0.484928
1776408890.393519 jaka_arm_left success 0.435467 0.189305 -0.413550 0.731216 0.646421 0.122468 0.180181 -2.615834 0.926943 3.014558 -1.781622 -0.757373 1.190889 0.481943
1776408890.401765 jaka_arm_left success 0.435437 0.188735 -0.413628 0.731561 0.646085 0.125253 0.178059 -2.617407 0.934068 3.017190 -1.780942 -0.751106 1.200596 0.477482
1776408890.410114 jaka_arm_left success 0.435367 0.187986 -0.413608 0.731887 0.645926 0.126893 0.176124 -2.618658 0.939628 3.018928 -1.781637 -0.747751 1.209379 0.472826
1776408890.418488 jaka_arm_left success 0.435322 0.187344 -0.413669 0.733030 0.644660 0.129276 0.174267 -2.619597 0.944366 3.021707 -1.782919 -0.742701 1.216760 0.470473
1776408890.426810 jaka_arm_left success 0.435189 0.186484 -0.413771 0.733259 0.644413 0.131602 0.172466 -2.620510 0.951801 3.023895 -1.783141 -0.736677 1.226029 0.464885
1776408890.435108 jaka_arm_left success 0.435157 0.185796 -0.413858 0.734223 0.643413 0.133818 0.170378 -2.621737 0.957868 3.026417 -1.784707 -0.731978 1.235170 0.460879
1776408890.443513 jaka_arm_left success 0.435049 0.184931 -0.413802 0.734581 0.643213 0.135751 0.168046 -2.623258 0.963288 3.028760 -1.784442 -0.729139 1.244172 0.457618
1776408890.451916 jaka_arm_left success 0.434984 0.184248 -0.413895 0.735436 0.642144 0.138417 0.166212 -2.624190 0.969357 3.031466 -1.785050 -0.723157 1.252369 0.453953
1776408890.460159 jaka_arm_left success 0.434905 0.183490 -0.414068 0.734992 0.642336 0.140594 0.165603 -2.623141 0.973910 3.032845 -1.786082 -0.716339 1.257805 0.448027
1776408890.468466 jaka_arm_left success 0.434861 0.182954 -0.413931 0.735652 0.641870 0.141399 0.163783 -2.625125 0.978685 3.034368 -1.787430 -0.715924 1.265892 0.445521
1776408890.476751 jaka_arm_left success 0.434880 0.182500 -0.413868 0.735965 0.641678 0.142220 0.162415 -2.625640 0.979922 3.035600 -1.787375 -0.715122 1.269126 0.445122
1776408890.485154 jaka_arm_left success 0.434886 0.181893 -0.414171 0.734433 0.642784 0.144054 0.163355 -2.622518 0.985428 3.035875 -1.787834 -0.705400 1.272632 0.435595
1776408890.493483 jaka_arm_left success 0.434909 0.181599 -0.414106 0.734910 0.642199 0.144694 0.162947 -2.622997 0.985397 3.036557 -1.788128 -0.704607 1.273335 0.436420
1776408890.501841 jaka_arm_left success 0.434904 0.181404 -0.414037 0.735003 0.642035 0.144874 0.163011 -2.622997 0.985397 3.036557 -1.788128 -0.704607 1.273335 0.436420
1776408890.510137 jaka_arm_left success 0.434886 0.181290 -0.414010 0.735099 0.641869 0.144892 0.163218 -2.622997 0.985397 3.036557 -1.788128 -0.704607 1.273335 0.436420
1776408890.518540 jaka_arm_left success 0.434854 0.181207 -0.413997 0.735305 0.641624 0.144655 0.163462 -2.623086 0.985771 3.036560 -1.788519 -0.704541 1.273104 0.436652
1776408890.526810 jaka_arm_left success 0.434842 0.181210 -0.413964 0.735619 0.641269 0.144485 0.163593 -2.623101 0.986104 3.036663 -1.788890 -0.704512 1.272944 0.436929
1776408890.535251 jaka_arm_left success 0.434840 0.181275 -0.413951 0.735810 0.641015 0.144097 0.164073 -2.623117 0.986426 3.036637 -1.789258 -0.704540 1.272681 0.437095
1776408890.543557 jaka_arm_left success 0.434844 0.181355 -0.413955 0.736054 0.640671 0.143840 0.164546 -2.623160 0.986760 3.036574 -1.789662 -0.704553 1.272360 0.437270
1776408890.551830 jaka_arm_left success 0.434836 0.181449 -0.414085 0.736073 0.640301 0.144087 0.165682 -2.621195 0.980682 3.036268 -1.794429 -0.702272 1.268053 0.437958
1776408890.560157 jaka_arm_left success 0.434864 0.181587 -0.414088 0.736235 0.640034 0.143605 0.166410 -2.621238 0.981020 3.036105 -1.794777 -0.702324 1.267682 0.438014
1776408890.568491 jaka_arm_left success 0.434901 0.181797 -0.414131 0.736381 0.639697 0.143186 0.167420 -2.619872 0.977404 3.035813 -1.797350 -0.701935 1.263716 0.439473
1776408890.576818 jaka_arm_left success 0.434982 0.182136 -0.414063 0.736562 0.639445 0.142195 0.168424 -2.619290 0.974512 3.035004 -1.798723 -0.703049 1.260233 0.440907
1776408890.585150 jaka_arm_left success 0.435035 0.182399 -0.414027 0.736289 0.639674 0.141473 0.169353 -2.618757 0.972919 3.033679 -1.799011 -0.704173 1.257782 0.440574
1776408890.593498 jaka_arm_left success 0.435086 0.182668 -0.413925 0.735881 0.640157 0.140924 0.169761 -2.618355 0.969475 3.032857 -1.799313 -0.705573 1.254592 0.442074
1776408890.601756 jaka_arm_left success 0.435071 0.182828 -0.414055 0.734342 0.641502 0.140893 0.171367 -2.619046 0.968956 3.031142 -1.798763 -0.705473 1.253840 0.440544
1776408890.610173 jaka_arm_left success 0.435142 0.183107 -0.414114 0.734092 0.641685 0.140538 0.172041 -2.618296 0.968700 3.030223 -1.798910 -0.705940 1.252459 0.439473
1776408890.618492 jaka_arm_left success 0.435263 0.183434 -0.414089 0.733974 0.641845 0.139752 0.172585 -2.616199 0.965059 3.029915 -1.799935 -0.704942 1.247816 0.440515
1776408890.626864 jaka_arm_left success 0.435283 0.183521 -0.413849 0.732765 0.643690 0.138293 0.172030 -2.614770 0.964450 3.028923 -1.799058 -0.707105 1.247472 0.438283
1776408890.635119 jaka_arm_left success 0.435302 0.183776 -0.413869 0.731895 0.644440 0.138031 0.173133 -2.615097 0.964022 3.027559 -1.798609 -0.707385 1.246843 0.436959
1776408890.643490 jaka_arm_left success 0.435337 0.184132 -0.413929 0.731898 0.644185 0.138283 0.173862 -2.614692 0.962210 3.027072 -1.799477 -0.707058 1.244351 0.437794
1776408890.651851 jaka_arm_left success 0.435319 0.184304 -0.413955 0.731502 0.644486 0.138053 0.174597 -2.614030 0.960492 3.026444 -1.799652 -0.706938 1.242494 0.437656
1776408890.660163 jaka_arm_left success 0.435263 0.184483 -0.413939 0.731525 0.644391 0.137766 0.175078 -2.613083 0.958677 3.026330 -1.800554 -0.706862 1.240071 0.438558
1776408890.668429 jaka_arm_left success 0.435194 0.184640 -0.413809 0.731861 0.644144 0.137175 0.175047 -2.612582 0.956881 3.026366 -1.801124 -0.708299 1.238477 0.439949
1776408890.676782 jaka_arm_left success 0.435092 0.184890 -0.413698 0.732764 0.643258 0.136933 0.174717 -2.612864 0.956700 3.027171 -1.801728 -0.708493 1.238339 0.441798
1776408890.685147 jaka_arm_left success 0.434968 0.184934 -0.413755 0.732840 0.642882 0.137527 0.175313 -2.613548 0.956354 3.027009 -1.801766 -0.707764 1.238169 0.442223
1776408890.693496 jaka_arm_left success 0.434798 0.184833 -0.413831 0.732453 0.642999 0.138264 0.175917 -2.613986 0.956283 3.026592 -1.801768 -0.707407 1.237918 0.442093
1776408890.701854 jaka_arm_left success 0.434682 0.184791 -0.413836 0.732547 0.642712 0.138563 0.176341 -2.611058 0.953208 3.027029 -1.803556 -0.703453 1.234280 0.441824
1776408890.710097 jaka_arm_left success 0.434532 0.184768 -0.413901 0.732689 0.642345 0.138922 0.176805 -2.611328 0.953319 3.026940 -1.803709 -0.703163 1.234152 0.441976
1776408890.718496 jaka_arm_left success 0.434422 0.184790 -0.413940 0.732876 0.641918 0.138930 0.177573 -2.611007 0.953032 3.026847 -1.804700 -0.701914 1.232976 0.442104
1776408890.726855 jaka_arm_left success 0.434318 0.184870 -0.414064 0.732865 0.641548 0.139189 0.178747 -2.607375 0.949219 3.027278 -1.807339 -0.696915 1.228617 0.441460
1776408890.735145 jaka_arm_left success 0.434211 0.185027 -0.414150 0.733206 0.640871 0.139435 0.179588 -2.607677 0.949550 3.027114 -1.807711 -0.696650 1.228269 0.441678
1776408890.743514 jaka_arm_left success 0.434133 0.185225 -0.414268 0.733292 0.640437 0.139811 0.180488 -2.605930 0.947280 3.027132 -1.809654 -0.693536 1.225302 0.441604
1776408890.751853 jaka_arm_left success 0.434113 0.185545 -0.414154 0.733829 0.639831 0.139000 0.181083 -2.604605 0.944007 3.027352 -1.811911 -0.693348 1.222258 0.443207
1776408890.760189 jaka_arm_left success 0.434081 0.185817 -0.414145 0.734140 0.639315 0.138540 0.181994 -2.604384 0.943267 3.027082 -1.813147 -0.693319 1.220277 0.444121
1776408890.768460 jaka_arm_left success 0.434060 0.186010 -0.414224 0.733675 0.639408 0.138575 0.183510 -2.603909 0.941469 3.026041 -1.813822 -0.692363 1.217688 0.443833
1776408890.776809 jaka_arm_left success 0.434063 0.186489 -0.414056 0.734608 0.638594 0.137648 0.183306 -2.602791 0.936953 3.026430 -1.815600 -0.694088 1.213797 0.447151
1776408890.785171 jaka_arm_left success 0.434020 0.186785 -0.413919 0.734478 0.638779 0.136341 0.184160 -2.602496 0.931666 3.025275 -1.816472 -0.698007 1.208069 0.450763
1776408890.793482 jaka_arm_left success 0.434030 0.187177 -0.413675 0.734862 0.638494 0.135028 0.184582 -2.603327 0.929951 3.024774 -1.815963 -0.702030 1.205424 0.453936
1776408890.801782 jaka_arm_left success 0.434052 0.187258 -0.413729 0.733758 0.639107 0.134457 0.187251 -2.601212 0.926394 3.022702 -1.816127 -0.700599 1.198777 0.453427
1776408890.810106 jaka_arm_left success 0.434073 0.187553 -0.413809 0.732914 0.639308 0.133817 0.190305 -2.597466 0.921519 3.020869 -1.817787 -0.698237 1.190039 0.453147
1776408890.818551 jaka_arm_left success 0.434056 0.188154 -0.413485 0.734125 0.638072 0.132326 0.190827 -2.597506 0.917160 3.020906 -1.819420 -0.701673 1.185475 0.457913
1776408890.826900 jaka_arm_left success 0.434056 0.188653 -0.413202 0.734915 0.637124 0.131009 0.191858 -2.598000 0.912155 3.020603 -1.820436 -0.705888 1.179655 0.463789
1776408890.835139 jaka_arm_left success 0.434018 0.189150 -0.412916 0.735570 0.636221 0.129782 0.193174 -2.598321 0.905946 3.019740 -1.820702 -0.710650 1.171376 0.470679
1776408890.843428 jaka_arm_left success 0.433980 0.189412 -0.412612 0.735691 0.635880 0.128631 0.194601 -2.598349 0.902891 3.018775 -1.819727 -0.713741 1.165431 0.474621
1776408890.851837 jaka_arm_left success 0.433879 0.189558 -0.412428 0.735244 0.635771 0.127263 0.197522 -2.595984 0.898142 3.016865 -1.820992 -0.714127 1.156828 0.476155
1776408890.860155 jaka_arm_left success 0.433859 0.189771 -0.411976 0.735836 0.635019 0.126084 0.198494 -2.596299 0.895628 3.016502 -1.821756 -0.717282 1.153235 0.479495
1776408890.868508 jaka_arm_left success 0.433770 0.189757 -0.411727 0.735155 0.635142 0.125141 0.201201 -2.594563 0.891733 3.014405 -1.822985 -0.717800 1.146008 0.480227
1776408890.876945 jaka_arm_left success 0.433725 0.189793 -0.411467 0.734504 0.635126 0.124777 0.203836 -2.593451 0.889285 3.012509 -1.824002 -0.716823 1.140948 0.479871
1776408890.885166 jaka_arm_left success 0.433669 0.190119 -0.411041 0.735513 0.633782 0.124205 0.204730 -2.591958 0.883319 3.012835 -1.826678 -0.717261 1.134609 0.484497
1776408890.893473 jaka_arm_left success 0.433560 0.190233 -0.410549 0.735370 0.633529 0.122489 0.207047 -2.590998 0.878468 3.011384 -1.828546 -0.719956 1.127577 0.487373
1776408890.901834 jaka_arm_left success 0.433431 0.190052 -0.410243 0.733822 0.634265 0.122189 0.210434 -2.589051 0.875504 3.008523 -1.829126 -0.718214 1.121314 0.485353
1776408890.910085 jaka_arm_left success 0.433310 0.190471 -0.409608 0.735437 0.632102 0.120408 0.212322 -2.587294 0.867992 3.008631 -1.833518 -0.720917 1.112293 0.491818
1776408890.918524 jaka_arm_left success 0.433094 0.190414 -0.409110 0.734942 0.632031 0.119528 0.214734 -2.586439 0.865425 3.006839 -1.834647 -0.721830 1.106718 0.492539
1776408890.926841 jaka_arm_left success 0.432823 0.190274 -0.408619 0.734118 0.632019 0.119109 0.217799 -2.583906 0.860689 3.004670 -1.836824 -0.720308 1.099127 0.492352
1776408890.935153 jaka_arm_left success 0.432604 0.190052 -0.408299 0.732827 0.632058 0.119559 0.221748 -2.578972 0.855061 3.002206 -1.839684 -0.713813 1.089821 0.490046
1776408890.943430 jaka_arm_left success 0.432335 0.190313 -0.407587 0.733791 0.630408 0.117408 0.224394 -2.576786 0.848293 3.001664 -1.844987 -0.715476 1.081386 0.494060
1776408890.951861 jaka_arm_left success 0.432101 0.190443 -0.406952 0.734349 0.629073 0.116426 0.226811 -2.576019 0.843661 3.000817 -1.848130 -0.716334 1.074523 0.497574
1776408890.960158 jaka_arm_left success 0.431780 0.190297 -0.406352 0.733330 0.629314 0.116534 0.229370 -2.574499 0.840190 2.998731 -1.849403 -0.714804 1.069393 0.496581
1776408890.968457 jaka_arm_left success 0.431494 0.190057 -0.405806 0.732003 0.629599 0.116267 0.232934 -2.570995 0.836173 2.996030 -1.852350 -0.711915 1.061940 0.494163
1776408890.976757 jaka_arm_left success 0.431202 0.190031 -0.405329 0.731701 0.628870 0.115409 0.236255 -2.566291 0.828909 2.994506 -1.857128 -0.707870 1.052271 0.494461
1776408890.985194 jaka_arm_left success 0.430914 0.190249 -0.404700 0.732318 0.627524 0.115289 0.237977 -2.566216 0.828133 2.993945 -1.859316 -0.707071 1.049598 0.495492
1776408890.993505 jaka_arm_left success 0.430582 0.190027 -0.404143 0.731336 0.627491 0.115669 0.240880 -2.562348 0.821902 2.991986 -1.863124 -0.702757 1.042550 0.493920
1776408891.001810 jaka_arm_left success 0.430242 0.189982 -0.403595 0.730761 0.627106 0.115267 0.243803 -2.558507 0.816738 2.990309 -1.867427 -0.698946 1.035560 0.492701
1776408891.018502 jaka_arm_left success 0.429706 0.190182 -0.402442 0.729967 0.625650 0.111417 0.251587 -2.551540 0.803710 2.986469 -1.876603 -0.698449 1.015516 0.494800
1776408891.031423 jaka_arm_left success 0.429344 0.190235 -0.401874 0.729128 0.625395 0.108387 0.255939 -2.546248 0.793114 2.983523 -1.879771 -0.701051 0.998307 0.497543
1776408891.036111 jaka_arm_left success 0.428995 0.190750 -0.401309 0.729532 0.624014 0.105175 0.259475 -2.546209 0.784098 2.983464 -1.874160 -0.713201 0.977648 0.512064
1776408891.043426 jaka_arm_left success 0.428736 0.191334 -0.400585 0.730847 0.621687 0.101211 0.262915 -2.546774 0.773272 2.983480 -1.875028 -0.726005 0.959989 0.525400
1776408891.051836 jaka_arm_left success 0.428442 0.191139 -0.400174 0.728235 0.622873 0.097558 0.268672 -2.540441 0.765551 2.979231 -1.874987 -0.729093 0.942111 0.524854
1776408891.060153 jaka_arm_left success 0.428212 0.191438 -0.399505 0.728170 0.621876 0.095144 0.272005 -2.539785 0.758506 2.979210 -1.871058 -0.738192 0.925440 0.535734
1776408891.068615 jaka_arm_left success 0.427795 0.191252 -0.398837 0.726328 0.622589 0.092286 0.276252 -2.536504 0.752700 2.975752 -1.873051 -0.741498 0.914130 0.534718
1776408891.077035 jaka_arm_left success 0.427486 0.191418 -0.398112 0.726488 0.621258 0.089861 0.279606 -2.534582 0.744579 2.975657 -1.873135 -0.748003 0.898822 0.543473
1776408891.085164 jaka_arm_left success 0.427152 0.191780 -0.397219 0.727819 0.619126 0.088318 0.281360 -2.536517 0.737842 2.976519 -1.874605 -0.756557 0.889828 0.552926
1776408891.093494 jaka_arm_left success 0.426794 0.191787 -0.396487 0.727310 0.617906 0.086752 0.285808 -2.533255 0.732845 2.974687 -1.875746 -0.757274 0.877757 0.555463
1776408891.101780 jaka_arm_left success 0.426256 0.191713 -0.395653 0.727081 0.616691 0.084578 0.289642 -2.530458 0.725223 2.974720 -1.873696 -0.763782 0.859730 0.565094
1776408891.110112 jaka_arm_left success 0.425835 0.191679 -0.394788 0.726897 0.615167 0.082354 0.293953 -2.527399 0.717305 2.973026 -1.877372 -0.766984 0.846338 0.568795
1776408891.118469 jaka_arm_left success 0.425463 0.191826 -0.394013 0.727437 0.612480 0.079938 0.298852 -2.526294 0.709594 2.974605 -1.869623 -0.778576 0.821331 0.586327
1776408891.126837 jaka_arm_left success 0.424830 0.191490 -0.393086 0.725242 0.612871 0.076723 0.304183 -2.521274 0.700855 2.971353 -1.874731 -0.782008 0.807332 0.585603
1776408891.135092 jaka_arm_left success 0.424443 0.191400 -0.392381 0.724520 0.611069 0.075506 0.309779 -2.515104 0.693258 2.969372 -1.877634 -0.780161 0.790859 0.588622
1776408891.143461 jaka_arm_left success 0.424058 0.191560 -0.391497 0.724923 0.608370 0.072299 0.314872 -2.512961 0.684762 2.972118 -1.868487 -0.793946 0.761729 0.608084
1776408891.151797 jaka_arm_left success 0.423589 0.191412 -0.390595 0.724519 0.606980 0.069495 0.319091 -2.510941 0.676655 2.971861 -1.872547 -0.800800 0.748438 0.613596
1776408891.160187 jaka_arm_left success 0.423149 0.191180 -0.389870 0.723679 0.605203 0.068511 0.324536 -2.504823 0.668912 2.969751 -1.874670 -0.799549 0.731140 0.616782
1776408891.168482 jaka_arm_left success 0.422714 0.191504 -0.388709 0.725750 0.602308 0.069065 0.325182 -2.506685 0.665542 2.971690 -1.877316 -0.801636 0.727758 0.623939
1776408891.176890 jaka_arm_left success 0.422081 0.191229 -0.387618 0.725527 0.601431 0.068776 0.327355 -2.506321 0.662626 2.971015 -1.879145 -0.802890 0.722870 0.625667
1776408891.185196 jaka_arm_left success 0.421519 0.191114 -0.386627 0.726026 0.599246 0.069770 0.330035 -2.505548 0.659128 2.970021 -1.881689 -0.800504 0.717124 0.628341
1776408891.193519 jaka_arm_left success 0.420912 0.191050 -0.385519 0.726454 0.597492 0.070890 0.332027 -2.503126 0.653738 2.969256 -1.885628 -0.797399 0.710792 0.630475
1776408891.201799 jaka_arm_left success 0.420202 0.190750 -0.384583 0.725747 0.596377 0.071918 0.335340 -2.497662 0.647734 2.966771 -1.889445 -0.791293 0.701485 0.629724
1776408891.210089 jaka_arm_left success 0.419607 0.190853 -0.383455 0.726542 0.594040 0.072190 0.337701 -2.497138 0.646749 2.966168 -1.892630 -0.789233 0.698168 0.631268
1776408891.218455 jaka_arm_left success 0.418880 0.190307 -0.382808 0.723604 0.594234 0.071841 0.343689 -2.484350 0.636194 2.960702 -1.896847 -0.780072 0.678273 0.626750
1776408891.226824 jaka_arm_left success 0.418459 0.190778 -0.381951 0.724763 0.590821 0.070654 0.347358 -2.480060 0.631395 2.961011 -1.901446 -0.777719 0.667536 0.630937
1776408891.235175 jaka_arm_left success 0.417919 0.190804 -0.381173 0.723658 0.589065 0.067957 0.353135 -2.472752 0.624115 2.961516 -1.898262 -0.780751 0.642328 0.638800
1776408891.243509 jaka_arm_left success 0.417465 0.190885 -0.380566 0.722364 0.587288 0.065243 0.359201 -2.467702 0.616377 2.963655 -1.892285 -0.788982 0.614654 0.649999
1776408891.251824 jaka_arm_left success 0.416993 0.191137 -0.379808 0.721720 0.585280 0.060496 0.364565 -2.471919 0.606340 2.973550 -1.881226 -0.816846 0.581725 0.674895
1776408891.260198 jaka_arm_left success 0.416557 0.191131 -0.379085 0.720279 0.583834 0.056862 0.370274 -2.469370 0.599007 2.976581 -1.879398 -0.828046 0.558967 0.684925
1776408891.268524 jaka_arm_left success 0.416189 0.191639 -0.378406 0.721368 0.580575 0.054866 0.373565 -2.476299 0.591618 2.987168 -1.871121 -0.850711 0.535499 0.709050
1776408891.276850 jaka_arm_left success 0.415759 0.191477 -0.377726 0.720044 0.579616 0.052840 0.377876 -2.472117 0.585154 2.986268 -1.875321 -0.852825 0.523102 0.710257
1776408891.285200 jaka_arm_left success 0.415260 0.191416 -0.376955 0.719687 0.578335 0.052035 0.380620 -2.469660 0.581367 2.987343 -1.875313 -0.854758 0.512033 0.714938
1776408891.293473 jaka_arm_left success 0.414799 0.190957 -0.376399 0.717845 0.578077 0.052633 0.384390 -2.467863 0.579832 2.984679 -1.875339 -0.854181 0.505051 0.713808
1776408891.301950 jaka_arm_left success 0.414278 0.191028 -0.375630 0.718586 0.575894 0.052745 0.386261 -2.463880 0.574607 2.984361 -1.877512 -0.851210 0.495708 0.716859
1776408891.310232 jaka_arm_left success 0.413622 0.190917 -0.374778 0.719117 0.574611 0.052949 0.387155 -2.464070 0.575147 2.984753 -1.878781 -0.850192 0.495160 0.718418
1776408891.318506 jaka_arm_left success 0.413138 0.190846 -0.374155 0.718943 0.573101 0.053357 0.389654 -2.459938 0.568743 2.983951 -1.882247 -0.847698 0.485260 0.720748
1776408891.326910 jaka_arm_left success 0.412649 0.190673 -0.373537 0.718513 0.571475 0.054017 0.392731 -2.454085 0.564299 2.982914 -1.883145 -0.843733 0.474077 0.722534
1776408891.335137 jaka_arm_left success 0.411981 0.190845 -0.372772 0.719113 0.569910 0.052618 0.394094 -2.452678 0.561783 2.984127 -1.886129 -0.844758 0.469216 0.724923
1776408891.343442 jaka_arm_left success 0.411563 0.190850 -0.372381 0.718252 0.567702 0.051260 0.399000 -2.447294 0.558418 2.987251 -1.880476 -0.847731 0.446520 0.733868
1776408891.351855 jaka_arm_left success 0.411022 0.190645 -0.371844 0.716241 0.567020 0.048236 0.403931 -2.445896 0.553607 2.993959 -1.873530 -0.860832 0.421600 0.744948
1776408891.360198 jaka_arm_left success 0.410716 0.191072 -0.371557 0.716354 0.563043 0.044676 0.409663 -2.462352 0.542750 3.021888 -1.860996 -0.902495 0.382221 0.783153
1776408891.368443 jaka_arm_left success 0.410363 0.191269 -0.371079 0.715964 0.560155 0.040566 0.414700 -2.474496 0.537273 3.045371 -1.850186 -0.935629 0.349731 0.812773
1776408891.376827 jaka_arm_left success 0.409906 0.191022 -0.370694 0.713426 0.559061 0.036821 0.420855 -2.478711 0.532242 3.061168 -1.842177 -0.958585 0.318516 0.831500
1776408891.385128 jaka_arm_left success 0.409611 0.191161 -0.370279 0.713412 0.555995 0.034244 0.425136 -2.493960 0.527800 3.088329 -1.832566 -0.991520 0.287839 0.861412
1776408891.393537 jaka_arm_left success 0.409092 0.190968 -0.369756 0.712019 0.554157 0.031543 0.430050 -2.500353 0.523985 3.106016 -1.827037 -1.011799 0.261678 0.879832
1776408891.401796 jaka_arm_left success 0.408646 0.190746 -0.369167 0.711505 0.552100 0.029616 0.433670 -2.503077 0.523628 3.117089 -1.822749 -1.022980 0.242770 0.891659
1776408891.410175 jaka_arm_left success 0.408273 0.190410 -0.368667 0.710717 0.550004 0.029533 0.437614 -2.501264 0.520628 3.121462 -1.822109 -1.025365 0.227391 0.898583
1776408891.418471 jaka_arm_left success 0.407786 0.190395 -0.367998 0.711825 0.546791 0.029110 0.439861 -2.524749 0.517091 3.156024 -1.814560 -1.057567 0.202163 0.927641
1776408891.426783 jaka_arm_left success 0.407181 0.189737 -0.367319 0.710490 0.545931 0.029483 0.443050 -2.522471 0.513890 3.154541 -1.816979 -1.056700 0.195264 0.928147
1776408891.435129 jaka_arm_left success 0.406475 0.189125 -0.366648 0.709373 0.545381 0.030240 0.445461 -2.511343 0.511662 3.146902 -1.818416 -1.047496 0.188756 0.925469
1776408891.443423 jaka_arm_left success 0.406011 0.188855 -0.365988 0.709928 0.542789 0.030234 0.447737 -2.510683 0.511348 3.146446 -1.821168 -1.045751 0.185027 0.927362
1776408891.451862 jaka_arm_left success 0.405477 0.188660 -0.365345 0.710249 0.539891 0.029080 0.450797 -2.507182 0.508469 3.152255 -1.822266 -1.046106 0.169709 0.934167
1776408891.460115 jaka_arm_left success 0.405036 0.188503 -0.364811 0.710257 0.536726 0.028055 0.454614 -2.538990 0.505083 3.202816 -1.812993 -1.081313 0.132455 0.962896
1776408891.468442 jaka_arm_left success 0.404515 0.188221 -0.364302 0.709529 0.534440 0.025706 0.458565 -2.560618 0.504203 3.240167 -1.808066 -1.103113 0.103584 0.979088
1776408891.476778 jaka_arm_left success 0.404073 0.188236 -0.363751 0.710076 0.530852 0.023821 0.461974 -2.612281 0.505416 3.318461 -1.798162 -1.140569 0.057187 1.003674
1776408891.485185 jaka_arm_left success 0.403621 0.188106 -0.363273 0.709439 0.528063 0.021661 0.466237 -2.638533 0.506315 3.365568 -1.793815 -1.152677 0.021981 1.009836
1776408891.493516 jaka_arm_left success 0.403263 0.187898 -0.362889 0.708742 0.524807 0.019353 0.471050 -2.698358 0.512784 3.461066 -1.781602 -1.164009 -0.038290 1.003401
1776408891.501777 jaka_arm_left success 0.402849 0.187952 -0.362324 0.709303 0.521010 0.016635 0.474511 -2.752927 0.520860 3.547793 -1.771198 -1.153058 -0.091227 0.977326
1776408891.510142 jaka_arm_left success 0.402384 0.187675 -0.361848 0.708851 0.518162 0.015292 0.478335 -2.760192 0.523950 3.565341 -1.767935 -1.145681 -0.111999 0.969394
1776408891.518546 jaka_arm_left success 0.401811 0.187226 -0.361371 0.707660 0.516105 0.014250 0.482337 -2.764282 0.525334 3.580024 -1.764432 -1.137852 -0.132103 0.962381
1776408891.526875 jaka_arm_left success 0.401231 0.186936 -0.360783 0.707781 0.513267 0.012731 0.485223 -2.790972 0.529441 3.626406 -1.755581 -1.115771 -0.166445 0.934933
1776408891.535122 jaka_arm_left success 0.400557 0.186463 -0.360140 0.707522 0.511426 0.012833 0.487536 -2.791802 0.530214 3.624894 -1.756909 -1.114904 -0.169066 0.935716
1776408891.543448 jaka_arm_left success 0.400038 0.186129 -0.359587 0.708182 0.508288 0.012185 0.489870 -2.786825 0.530089 3.628428 -1.755416 -1.108799 -0.181889 0.938204
1776408891.551884 jaka_arm_left success 0.399471 0.185731 -0.359113 0.708112 0.505684 0.012015 0.492663 -2.786117 0.531248 3.635043 -1.751860 -1.101928 -0.195875 0.936030
1776408891.560163 jaka_arm_left success 0.398770 0.185098 -0.358548 0.707466 0.504209 0.011914 0.495098 -2.785986 0.528614 3.637071 -1.753897 -1.098474 -0.203402 0.936001
1776408891.568478 jaka_arm_left success 0.398294 0.184774 -0.358194 0.708025 0.500388 0.011554 0.498175 -2.797262 0.531970 3.660968 -1.745711 -1.080765 -0.227045 0.919437
1776408891.576761 jaka_arm_left success 0.397797 0.184498 -0.357678 0.708534 0.497086 0.009385 0.500796 -2.808996 0.537200 3.684229 -1.737368 -1.063725 -0.249153 0.900990
1776408891.585143 jaka_arm_left success 0.397233 0.184084 -0.357260 0.708292 0.494195 0.008584 0.504004 -2.807436 0.538464 3.688979 -1.733748 -1.056655 -0.263930 0.899124
1776408891.593492 jaka_arm_left success 0.396603 0.183539 -0.356856 0.707206 0.492015 0.006208 0.507683 -2.817189 0.541717 3.710155 -1.725758 -1.040476 -0.287566 0.879105
1776408891.601814 jaka_arm_left success 0.396091 0.183143 -0.356480 0.706744 0.489218 0.004684 0.511035 -2.815674 0.544249 3.717125 -1.719590 -1.032215 -0.305240 0.873743
1776408891.610229 jaka_arm_left success 0.395632 0.182922 -0.356094 0.706954 0.485703 0.002354 0.514104 -2.826984 0.550418 3.742146 -1.704930 -1.010445 -0.334098 0.849552
1776408891.618491 jaka_arm_left success 0.395144 0.182516 -0.355848 0.705898 0.482519 -0.000157 0.518540 -2.829326 0.553200 3.754466 -1.697057 -0.997514 -0.356927 0.837245
1776408891.626863 jaka_arm_left success 0.394667 0.182312 -0.355457 0.705860 0.479168 -0.003072 0.521679 -2.838316 0.559424 3.775376 -1.682165 -0.977732 -0.384841 0.814303
1776408891.635118 jaka_arm_left success 0.394165 0.181935 -0.355159 0.705132 0.476516 -0.005539 0.525062 -2.841505 0.561507 3.786454 -1.674772 -0.965800 -0.404818 0.802031
1776408891.643436 jaka_arm_left success 0.393518 0.181383 -0.354717 0.703775 0.475170 -0.008414 0.528057 -2.841436 0.562597 3.792585 -1.671350 -0.959251 -0.419378 0.794260
1776408891.651820 jaka_arm_left success 0.393141 0.181204 -0.354425 0.704121 0.471129 -0.011583 0.531146 -2.846666 0.570684 3.809436 -1.654188 -0.941154 -0.446013 0.774484
1776408891.660198 jaka_arm_left success 0.392602 0.180636 -0.354096 0.702662 0.468687 -0.014819 0.535143 -2.847486 0.573892 3.819071 -1.643823 -0.930230 -0.468835 0.760944
1776408891.668489 jaka_arm_left success 0.392165 0.180233 -0.353804 0.702173 0.465165 -0.017923 0.538752 -2.848180 0.577982 3.827929 -1.633892 -0.918363 -0.490117 0.750049
1776408891.676796 jaka_arm_left success 0.391695 0.179853 -0.353463 0.701743 0.462288 -0.019831 0.541714 -2.848453 0.580539 3.834710 -1.624954 -0.909003 -0.507769 0.741371
1776408891.685140 jaka_arm_left success 0.391178 0.179389 -0.353017 0.701018 0.459367 -0.023219 0.544992 -2.849182 0.584615 3.843271 -1.614345 -0.898114 -0.528878 0.728920
1776408891.693473 jaka_arm_left success 0.390601 0.179080 -0.352555 0.700463 0.456648 -0.026841 0.547818 -2.851417 0.587056 3.852482 -1.606251 -0.886742 -0.547664 0.716774
1776408891.701822 jaka_arm_left success 0.390172 0.178576 -0.352332 0.698964 0.453272 -0.030392 0.552332 -2.846373 0.596104 3.858386 -1.586551 -0.877581 -0.574587 0.704050
1776408891.710108 jaka_arm_left success 0.389708 0.178165 -0.351962 0.697490 0.450676 -0.034165 0.556086 -2.846796 0.598121 3.866726 -1.575936 -0.866148 -0.597657 0.691193
1776408891.718481 jaka_arm_left success 0.389287 0.177681 -0.351614 0.695703 0.447528 -0.039210 0.560516 -2.843643 0.607013 3.874268 -1.555673 -0.855489 -0.626835 0.674083
1776408891.726916 jaka_arm_left success 0.388761 0.177227 -0.351218 0.693844 0.444779 -0.043192 0.564700 -2.840954 0.611340 3.879735 -1.541660 -0.846548 -0.651495 0.661880
1776408891.735147 jaka_arm_left success 0.388220 0.176903 -0.350770 0.692845 0.441656 -0.047495 0.568023 -2.841115 0.615523 3.886970 -1.528081 -0.835539 -0.675047 0.647995
1776408891.743506 jaka_arm_left success 0.387688 0.176607 -0.350359 0.691630 0.438422 -0.051120 0.571682 -2.836607 0.620794 3.890451 -1.513909 -0.828064 -0.697360 0.639183
1776408891.751901 jaka_arm_left success 0.387087 0.176138 -0.349924 0.689765 0.435878 -0.054562 0.575550 -2.831561 0.623847 3.892343 -1.504063 -0.822812 -0.716780 0.633029
1776408891.760156 jaka_arm_left success 0.386563 0.175726 -0.349465 0.688506 0.433444 -0.056559 0.578694 -2.827440 0.625109 3.892405 -1.498026 -0.819400 -0.730782 0.631056
1776408891.768473 jaka_arm_left success 0.385918 0.175189 -0.349011 0.686757 0.431099 -0.059104 0.582259 -2.820666 0.629779 3.892269 -1.485938 -0.816126 -0.749137 0.626728
1776408891.776790 jaka_arm_left success 0.385292 0.174853 -0.348455 0.685866 0.428265 -0.062076 0.585084 -2.819571 0.631894 3.895416 -1.476477 -0.808996 -0.766754 0.619136
1776408891.785214 jaka_arm_left success 0.384731 0.174316 -0.348017 0.684091 0.425483 -0.065149 0.588845 -2.811943 0.638062 3.895321 -1.462358 -0.805484 -0.786656 0.613849
1776408891.793490 jaka_arm_left success 0.384220 0.173987 -0.347627 0.683545 0.422568 -0.067929 0.591261 -2.811861 0.640186 3.898300 -1.453664 -0.798614 -0.802430 0.606394
1776408891.801834 jaka_arm_left success 0.383776 0.173488 -0.347188 0.682031 0.420061 -0.070898 0.594438 -2.805257 0.644905 3.898515 -1.442059 -0.795062 -0.819937 0.602066
1776408891.810102 jaka_arm_left success 0.383249 0.173071 -0.346838 0.680534 0.417392 -0.075177 0.597500 -2.802906 0.650069 3.902042 -1.426991 -0.787802 -0.841808 0.589922
1776408891.818460 jaka_arm_left success 0.382806 0.172763 -0.346492 0.679356 0.414480 -0.079502 0.600301 -2.799363 0.656627 3.904657 -1.411147 -0.781787 -0.863149 0.578216
1776408891.826781 jaka_arm_left success 0.382262 0.172224 -0.346161 0.676722 0.413036 -0.084062 0.603641 -2.792270 0.660519 3.905164 -1.400689 -0.779088 -0.881246 0.572151
1776408891.835085 jaka_arm_left success 0.381973 0.171864 -0.345999 0.675356 0.408948 -0.089025 0.607232 -2.788016 0.670077 3.907748 -1.376869 -0.771181 -0.910052 0.556569
1776408891.843439 jaka_arm_left success 0.381619 0.171511 -0.345849 0.673796 0.405825 -0.093800 0.610333 -2.781436 0.677126 3.909253 -1.358656 -0.765689 -0.933595 0.546564
1776408891.851851 jaka_arm_left success 0.381065 0.170892 -0.345607 0.670533 0.404030 -0.099266 0.614241 -2.772006 0.686074 3.908986 -1.338663 -0.763210 -0.957907 0.535919
1776408891.860244 jaka_arm_left success 0.380794 0.170525 -0.345499 0.668824 0.400777 -0.103662 0.617500 -2.767230 0.691968 3.909683 -1.321458 -0.757736 -0.981236 0.526382
1776408891.868489 jaka_arm_left success 0.380426 0.170157 -0.345332 0.667267 0.397275 -0.108412 0.620624 -2.760504 0.700183 3.910215 -1.301056 -0.752782 -1.005532 0.516054
1776408891.876793 jaka_arm_left success 0.379951 0.169552 -0.345160 0.665041 0.394082 -0.113544 0.624122 -2.751548 0.709982 3.909856 -1.278867 -0.749158 -1.031079 0.505354
1776408891.885188 jaka_arm_left success 0.379463 0.169072 -0.344979 0.663149 0.391497 -0.117659 0.626993 -2.745704 0.714548 3.909572 -1.266847 -0.746217 -1.049289 0.499253
1776408891.893566 jaka_arm_left success 0.379191 0.168504 -0.344812 0.661646 0.388135 -0.121189 0.629991 -2.737258 0.723296 3.907874 -1.246434 -0.743933 -1.070621 0.492587
1776408891.901793 jaka_arm_left success 0.378877 0.168103 -0.344694 0.660785 0.384477 -0.124607 0.632467 -2.734319 0.728736 3.908919 -1.232267 -0.738853 -1.087979 0.484742
1776408891.910136 jaka_arm_left success 0.378495 0.167539 -0.344512 0.659882 0.381076 -0.128348 0.634716 -2.728730 0.737424 3.907721 -1.217362 -0.736418 -1.103968 0.478893
1776408891.918532 jaka_arm_left success 0.378090 0.166755 -0.344323 0.657127 0.378577 -0.132505 0.638206 -2.716380 0.746246 3.904846 -1.195956 -0.736174 -1.128542 0.472106
1776408891.926785 jaka_arm_left success 0.377835 0.166407 -0.344309 0.656462 0.374394 -0.135533 0.640717 -2.713775 0.753665 3.904828 -1.177940 -0.731636 -1.146996 0.463378
1776408891.935134 jaka_arm_left success 0.377243 0.165643 -0.344106 0.653851 0.372058 -0.140444 0.643682 -2.701963 0.760991 3.902727 -1.160863 -0.730696 -1.168772 0.458701
1776408891.943444 jaka_arm_left success 0.376947 0.165162 -0.344020 0.652480 0.368787 -0.143885 0.646191 -2.698637 0.768319 3.902331 -1.142390 -0.727668 -1.187791 0.448306
1776408891.951786 jaka_arm_left success 0.376790 0.164733 -0.344057 0.651257 0.364727 -0.146595 0.649113 -2.687421 0.777311 3.898201 -1.126459 -0.727850 -1.203852 0.449650
1776408891.960142 jaka_arm_left success 0.376297 0.164227 -0.343990 0.649654 0.361722 -0.151239 0.651332 -2.684604 0.785217 3.898753 -1.104672 -0.723562 -1.226694 0.435487
1776408891.968442 jaka_arm_left success 0.375912 0.163510 -0.343968 0.646597 0.358938 -0.155411 0.654922 -2.669189 0.796197 3.893852 -1.083608 -0.725769 -1.248270 0.432927
1776408891.976769 jaka_arm_left success 0.375632 0.162937 -0.343998 0.644612 0.355213 -0.159371 0.657951 -2.665529 0.801000 3.893766 -1.063438 -0.721677 -1.272936 0.421039
1776408891.985189 jaka_arm_left success 0.375484 0.162590 -0.344140 0.643350 0.350795 -0.162966 0.660670 -2.651783 0.816207 3.889575 -1.036039 -0.721784 -1.294254 0.417114
1776408891.993558 jaka_arm_left success 0.375082 0.161966 -0.344051 0.640747 0.348875 -0.167157 0.663165 -2.647839 0.821165 3.889234 -1.019287 -0.719929 -1.314605 0.405192
1776408892.001756 jaka_arm_left success 0.374916 0.161547 -0.344097 0.639330 0.344626 -0.171014 0.665766 -2.634049 0.834236 3.885208 -0.993547 -0.719872 -1.336581 0.401881
1776408892.010105 jaka_arm_left success 0.374455 0.160771 -0.344066 0.636082 0.342911 -0.175250 0.668655 -2.628699 0.840969 3.883521 -0.973951 -0.719879 -1.357580 0.389188
1776408892.018480 jaka_arm_left success 0.374260 0.160210 -0.344141 0.634335 0.339486 -0.179459 0.670942 -2.616401 0.852726 3.880127 -0.951227 -0.720235 -1.377919 0.384309
1776408892.026800 jaka_arm_left success 0.374055 0.159510 -0.344265 0.632325 0.336403 -0.182580 0.673545 -2.609486 0.861291 3.877706 -0.928001 -0.719900 -1.399320 0.374465
1776408892.035128 jaka_arm_left success 0.373873 0.158923 -0.344350 0.630590 0.333052 -0.186436 0.675777 -2.598961 0.872061 3.874925 -0.905871 -0.719765 -1.418826 0.368819
1776408892.043586 jaka_arm_left success 0.373473 0.158385 -0.344280 0.629053 0.331057 -0.190687 0.677002 -2.598368 0.878627 3.874894 -0.893273 -0.718621 -1.431188 0.357361
1776408892.051833 jaka_arm_left success 0.373354 0.157851 -0.344415 0.627730 0.327835 -0.193736 0.678930 -2.585637 0.889906 3.871570 -0.867494 -0.719308 -1.451254 0.352848
1776408892.060180 jaka_arm_left success 0.373308 0.157197 -0.344565 0.626134 0.325063 -0.195985 0.681088 -2.579450 0.896753 3.869491 -0.847858 -0.719099 -1.469644 0.345114
1776408892.068464 jaka_arm_left success 0.372933 0.156642 -0.344551 0.624267 0.323273 -0.200087 0.682459 -2.573506 0.904799 3.868235 -0.828773 -0.719109 -1.486066 0.335027
1776408892.076738 jaka_arm_left success 0.372669 0.155912 -0.344585 0.622276 0.321965 -0.202556 0.684165 -2.567205 0.911002 3.865650 -0.821748 -0.720902 -1.493053 0.334376
1776408892.085162 jaka_arm_left success 0.372660 0.155460 -0.344746 0.621861 0.318404 -0.204507 0.685627 -2.559485 0.921464 3.863234 -0.793904 -0.720709 -1.513246 0.325365
1776408892.093503 jaka_arm_left success 0.372322 0.154742 -0.344764 0.619706 0.316907 -0.208219 0.687153 -2.553790 0.927452 3.861873 -0.780188 -0.721025 -1.527096 0.318207
1776408892.101808 jaka_arm_left success 0.372187 0.154213 -0.344793 0.618961 0.315167 -0.210889 0.687810 -2.552962 0.932876 3.861293 -0.771024 -0.720807 -1.534913 0.311228
1776408892.110141 jaka_arm_left success 0.372156 0.153742 -0.344912 0.618421 0.312057 -0.213928 0.688775 -2.541499 0.944279 3.858675 -0.744329 -0.721321 -1.554099 0.304960
1776408892.118487 jaka_arm_left success 0.372138 0.152967 -0.345060 0.616635 0.308550 -0.217494 0.690836 -2.537371 0.954548 3.856513 -0.723553 -0.721485 -1.570796 0.294365
1776408892.126800 jaka_arm_left success 0.371937 0.152336 -0.345115 0.614803 0.307237 -0.220668 0.692047 -2.509022 0.951931 3.774346 -0.698176 -0.658539 -1.570796 0.260963
1776408892.135150 jaka_arm_left success 0.372011 0.151691 -0.345378 0.613238 0.304048 -0.223134 0.694050 -2.480917 0.952828 3.691733 -0.675862 -0.594710 -1.570796 0.234355
1776408892.143444 jaka_arm_left success 0.371954 0.151010 -0.345524 0.611669 0.301691 -0.225892 0.695569 -2.450100 0.951068 3.592447 -0.655588 -0.516625 -1.570796 0.200182
1776408892.151794 jaka_arm_left success 0.371952 0.150486 -0.345743 0.610585 0.299282 -0.228364 0.696754 -2.412242 0.949682 3.464558 -0.633857 -0.414243 -1.570796 0.158254
1776408892.160129 jaka_arm_left success 0.371904 0.150184 -0.345861 0.610362 0.296996 -0.230989 0.697062 -2.375718 0.952193 3.328216 -0.614319 -0.301248 -1.570796 0.112365
1776408892.168468 jaka_arm_left success 0.371939 0.149455 -0.346215 0.608173 0.295250 -0.232896 0.699080 -2.298027 0.961061 3.043156 -0.594311 -0.071518 -1.570796 0.027182
1776408892.177077 jaka_arm_left solver_failed 0.371923 0.148976 -0.346436 0.607301 0.292958 -0.236053 0.699743 -2.298027 0.961061 3.043156 -0.594311 -0.071518 -1.570796 0.027182
1776408892.185244 jaka_arm_left solver_failed 0.372052 0.148532 -0.346657 0.606790 0.291615 -0.237869 0.700133 -2.298027 0.961061 3.043156 -0.594311 -0.071518 -1.570796 0.027182
1776408892.193535 jaka_arm_left solver_failed 0.372256 0.148025 -0.346910 0.606142 0.290235 -0.239553 0.700692 -2.298027 0.961061 3.043156 -0.594311 -0.071518 -1.570796 0.027182
1776408892.201905 jaka_arm_left solver_failed 0.372321 0.147462 -0.347139 0.604604 0.289102 -0.242701 0.701406 -2.298027 0.961061 3.043156 -0.594311 -0.071518 -1.570796 0.027182
1776408892.210188 jaka_arm_left solver_failed 0.372591 0.147065 -0.347513 0.604075 0.287421 -0.244613 0.701889 -2.298027 0.961061 3.043156 -0.594311 -0.071518 -1.570796 0.027182
1776408892.218602 jaka_arm_left solver_failed 0.372716 0.146580 -0.347816 0.602836 0.287184 -0.246613 0.702351 -2.298027 0.961061 3.043156 -0.594311 -0.071518 -1.570796 0.027182
1776408892.226965 jaka_arm_left solver_failed 0.372858 0.146041 -0.348136 0.601530 0.286094 -0.249394 0.702933 -2.298027 0.961061 3.043156 -0.594311 -0.071518 -1.570796 0.027182
1776408892.235339 jaka_arm_left solver_failed 0.373350 0.145681 -0.348740 0.601643 0.284192 -0.250320 0.703278 -2.298027 0.961061 3.043156 -0.594311 -0.071518 -1.570796 0.027182
1776408892.243667 jaka_arm_left solver_failed 0.373702 0.145113 -0.349198 0.600253 0.283299 -0.252220 0.704147 -2.298027 0.961061 3.043156 -0.594311 -0.071518 -1.570796 0.027182
1776408892.251972 jaka_arm_left solver_failed 0.374095 0.144688 -0.349725 0.599244 0.282639 -0.254436 0.704475 -2.298027 0.961061 3.043156 -0.594311 -0.071518 -1.570796 0.027182
1776408892.260220 jaka_arm_left solver_failed 0.374622 0.144272 -0.350360 0.598490 0.281923 -0.255714 0.704939 -2.298027 0.961061 3.043156 -0.594311 -0.071518 -1.570796 0.027182
1776408892.268585 jaka_arm_left solver_failed 0.375004 0.143878 -0.350916 0.597322 0.282084 -0.257898 0.705070 -2.298027 0.961061 3.043156 -0.594311 -0.071518 -1.570796 0.027182
1776408892.276902 jaka_arm_left solver_failed 0.375392 0.143443 -0.351445 0.595720 0.283267 -0.259592 0.705330 -2.298027 0.961061 3.043156 -0.594311 -0.071518 -1.570796 0.027182
1776408892.285248 jaka_arm_left solver_failed 0.375785 0.142956 -0.351975 0.593958 0.284585 -0.261058 0.705744 -2.298027 0.961061 3.043156 -0.594311 -0.071518 -1.570796 0.027182
1776408892.293573 jaka_arm_left solver_failed 0.376331 0.142688 -0.352681 0.593820 0.284552 -0.261543 0.705693 -2.298027 0.961061 3.043156 -0.594311 -0.071518 -1.570796 0.027182
1776408892.301871 jaka_arm_left solver_failed 0.376733 0.142204 -0.353295 0.591861 0.285412 -0.263093 0.706415 -2.298027 0.961061 3.043156 -0.594311 -0.071518 -1.570796 0.027182
1776408892.310206 jaka_arm_left solver_failed 0.377354 0.141999 -0.354023 0.592323 0.285563 -0.263250 0.705909 -2.298027 0.961061 3.043156 -0.594311 -0.071518 -1.570796 0.027182
1776408892.318605 jaka_arm_left solver_failed 0.377901 0.141707 -0.354667 0.592170 0.285678 -0.264129 0.705662 -2.298027 0.961061 3.043156 -0.594311 -0.071518 -1.570796 0.027182
1776408892.326848 jaka_arm_left solver_failed 0.378375 0.141259 -0.355310 0.591525 0.286721 -0.264722 0.705557 -2.298027 0.961061 3.043156 -0.594311 -0.071518 -1.570796 0.027182
1776408892.335247 jaka_arm_left solver_failed 0.378832 0.140906 -0.355929 0.590787 0.286592 -0.266330 0.705623 -2.298027 0.961061 3.043156 -0.594311 -0.071518 -1.570796 0.027182
1776408892.343516 jaka_arm_left solver_failed 0.379293 0.140410 -0.356588 0.590021 0.286912 -0.266720 0.705987 -2.298027 0.961061 3.043156 -0.594311 -0.071518 -1.570796 0.027182
1776408892.351929 jaka_arm_left solver_failed 0.379707 0.140240 -0.357177 0.590627 0.286318 -0.268175 0.705169 -2.298027 0.961061 3.043156 -0.594311 -0.071518 -1.570796 0.027182
1776408892.360270 jaka_arm_left solver_failed 0.380001 0.139867 -0.357766 0.590363 0.286589 -0.268698 0.705081 -2.298027 0.961061 3.043156 -0.594311 -0.071518 -1.570796 0.027182
1776408892.368675 jaka_arm_left solver_failed 0.380357 0.139325 -0.358373 0.589180 0.287033 -0.268389 0.706008 -2.298027 0.961061 3.043156 -0.594311 -0.071518 -1.570796 0.027182
1776408892.376945 jaka_arm_left solver_failed 0.380656 0.138915 -0.358947 0.589190 0.286980 -0.268521 0.705971 -2.298027 0.961061 3.043156 -0.594311 -0.071518 -1.570796 0.027182
1776408892.385267 jaka_arm_left solver_failed 0.380834 0.138446 -0.359372 0.587984 0.287693 -0.269778 0.706206 -2.298027 0.961061 3.043156 -0.594311 -0.071518 -1.570796 0.027182
1776408892.393588 jaka_arm_left solver_failed 0.381236 0.138206 -0.360025 0.589132 0.286955 -0.269771 0.705553 -2.298027 0.961061 3.043156 -0.594311 -0.071518 -1.570796 0.027182
1776408892.401974 jaka_arm_left solver_failed 0.381332 0.137684 -0.360407 0.587767 0.287940 -0.271101 0.705780 -2.298027 0.961061 3.043156 -0.594311 -0.071518 -1.570796 0.027182
1776408892.410234 jaka_arm_left solver_failed 0.381656 0.137225 -0.360984 0.587805 0.287276 -0.272317 0.705550 -2.298027 0.961061 3.043156 -0.594311 -0.071518 -1.570796 0.027182
1776408892.418589 jaka_arm_left solver_failed 0.381955 0.136829 -0.361429 0.587791 0.286654 -0.273312 0.705430 -2.298027 0.961061 3.043156 -0.594311 -0.071518 -1.570796 0.027182
1776408892.426908 jaka_arm_left solver_failed 0.382228 0.136372 -0.362006 0.587752 0.286467 -0.273787 0.705354 -2.298027 0.961061 3.043156 -0.594311 -0.071518 -1.570796 0.027182
1776408892.435286 jaka_arm_left solver_failed 0.382331 0.135891 -0.362364 0.587033 0.287312 -0.274677 0.705263 -2.298027 0.961061 3.043156 -0.594311 -0.071518 -1.570796 0.027182
1776408892.443568 jaka_arm_left solver_failed 0.382469 0.135458 -0.362803 0.587320 0.287661 -0.275285 0.704645 -2.298027 0.961061 3.043156 -0.594311 -0.071518 -1.570796 0.027182
1776408892.451894 jaka_arm_left solver_failed 0.382590 0.135181 -0.363061 0.587825 0.288737 -0.275402 0.703737 -2.298027 0.961061 3.043156 -0.594311 -0.071518 -1.570796 0.027182
1776408892.460217 jaka_arm_left solver_failed 0.382924 0.134837 -0.363610 0.588981 0.287879 -0.274642 0.703419 -2.298027 0.961061 3.043156 -0.594311 -0.071518 -1.570796 0.027182
1776408892.468535 jaka_arm_left solver_failed 0.383074 0.134414 -0.363981 0.588968 0.288103 -0.274608 0.703352 -2.298027 0.961061 3.043156 -0.594311 -0.071518 -1.570796 0.027182
1776408892.476839 jaka_arm_left solver_failed 0.383138 0.134147 -0.364284 0.589785 0.288742 -0.274086 0.702609 -2.298027 0.961061 3.043156 -0.594311 -0.071518 -1.570796 0.027182
1776408892.485229 jaka_arm_left solver_failed 0.383121 0.133729 -0.364569 0.590011 0.289734 -0.274207 0.701962 -2.298027 0.961061 3.043156 -0.594311 -0.071518 -1.570796 0.027182
1776408892.493557 jaka_arm_left solver_failed 0.383079 0.133265 -0.364728 0.589506 0.291379 -0.274541 0.701576 -2.298027 0.961061 3.043156 -0.594311 -0.071518 -1.570796 0.027182
1776408892.501878 jaka_arm_left solver_failed 0.383255 0.133019 -0.365062 0.591153 0.291023 -0.274284 0.700437 -2.298027 0.961061 3.043156 -0.594311 -0.071518 -1.570796 0.027182
1776408892.510181 jaka_arm_left solver_failed 0.383425 0.132562 -0.365391 0.591016 0.290624 -0.274544 0.700616 -2.298027 0.961061 3.043156 -0.594311 -0.071518 -1.570796 0.027182
1776408892.518579 jaka_arm_left solver_failed 0.383585 0.132319 -0.365752 0.591976 0.290445 -0.274797 0.699780 -2.298027 0.961061 3.043156 -0.594311 -0.071518 -1.570796 0.027182
1776408892.526936 jaka_arm_left solver_failed 0.383705 0.132018 -0.365997 0.592611 0.290825 -0.274883 0.699051 -2.298027 0.961061 3.043156 -0.594311 -0.071518 -1.570796 0.027182
1776408892.535390 jaka_arm_left solver_failed 0.383935 0.131751 -0.366347 0.593596 0.290727 -0.274044 0.698585 -2.298027 0.961061 3.043156 -0.594311 -0.071518 -1.570796 0.027182
1776408892.543747 jaka_arm_left solver_failed 0.384076 0.131628 -0.366641 0.595018 0.291265 -0.273347 0.697423 -2.298027 0.961061 3.043156 -0.594311 -0.071518 -1.570796 0.027182
1776408892.551995 jaka_arm_left solver_failed 0.384136 0.131407 -0.366872 0.595244 0.291916 -0.273463 0.696913 -2.298027 0.961061 3.043156 -0.594311 -0.071518 -1.570796 0.027182
1776408892.560226 jaka_arm_left solver_failed 0.384356 0.131220 -0.367219 0.596340 0.292289 -0.272102 0.696353 -2.298027 0.961061 3.043156 -0.594311 -0.071518 -1.570796 0.027182
1776408892.568526 jaka_arm_left solver_failed 0.384374 0.130933 -0.367373 0.596292 0.293469 -0.272207 0.695856 -2.298027 0.961061 3.043156 -0.594311 -0.071518 -1.570796 0.027182
1776408892.576947 jaka_arm_left solver_failed 0.384393 0.130692 -0.367526 0.596235 0.294487 -0.272429 0.695387 -2.298027 0.961061 3.043156 -0.594311 -0.071518 -1.570796 0.027182
1776408892.585301 jaka_arm_left solver_failed 0.384483 0.130617 -0.367699 0.596969 0.294908 -0.272430 0.694578 -2.298027 0.961061 3.043156 -0.594311 -0.071518 -1.570796 0.027182
1776408892.593575 jaka_arm_left solver_failed 0.384669 0.130508 -0.367994 0.598092 0.294838 -0.271796 0.693890 -2.298027 0.961061 3.043156 -0.594311 -0.071518 -1.570796 0.027182
1776408892.601854 jaka_arm_left solver_failed 0.384705 0.130396 -0.368107 0.598464 0.295563 -0.272524 0.692975 -2.298027 0.961061 3.043156 -0.594311 -0.071518 -1.570796 0.027182
1776408892.610184 jaka_arm_left solver_failed 0.384697 0.130180 -0.368257 0.597958 0.296179 -0.273745 0.692668 -2.298027 0.961061 3.043156 -0.594311 -0.071518 -1.570796 0.027182
1776408892.618573 jaka_arm_left solver_failed 0.384896 0.130089 -0.368494 0.598454 0.295865 -0.273445 0.692491 -2.298027 0.961061 3.043156 -0.594311 -0.071518 -1.570796 0.027182
1776408892.626899 jaka_arm_left solver_failed 0.385040 0.129985 -0.368728 0.598484 0.295632 -0.273499 0.692544 -2.298027 0.961061 3.043156 -0.594311 -0.071518 -1.570796 0.027182
1776408892.635276 jaka_arm_left solver_failed 0.385176 0.129783 -0.368954 0.598129 0.294970 -0.274181 0.692863 -2.298027 0.961061 3.043156 -0.594311 -0.071518 -1.570796 0.027182
1776408892.643612 jaka_arm_left solver_failed 0.385238 0.129727 -0.369063 0.598105 0.294447 -0.275298 0.692664 -2.298027 0.961061 3.043156 -0.594311 -0.071518 -1.570796 0.027182
1776408892.652030 jaka_arm_left solver_failed 0.385417 0.129600 -0.369257 0.598110 0.293459 -0.275348 0.693058 -2.298027 0.961061 3.043156 -0.594311 -0.071518 -1.570796 0.027182
1776408892.660244 jaka_arm_left solver_failed 0.385386 0.129417 -0.369309 0.597717 0.293466 -0.276389 0.692980 -2.298027 0.961061 3.043156 -0.594311 -0.071518 -1.570796 0.027182
1776408892.668567 jaka_arm_left solver_failed 0.385390 0.129324 -0.369367 0.597741 0.293420 -0.276569 0.692907 -2.298027 0.961061 3.043156 -0.594311 -0.071518 -1.570796 0.027182
1776408892.676877 jaka_arm_left solver_failed 0.385360 0.129242 -0.369391 0.597652 0.293554 -0.276580 0.692923 -2.298027 0.961061 3.043156 -0.594311 -0.071518 -1.570796 0.027182
1776408892.685219 jaka_arm_left solver_failed 0.385349 0.129213 -0.369389 0.598172 0.293724 -0.276153 0.692572 -2.298027 0.961061 3.043156 -0.594311 -0.071518 -1.570796 0.027182
1776408892.693574 jaka_arm_left solver_failed 0.385327 0.129126 -0.369402 0.598419 0.293211 -0.276061 0.692612 -2.298027 0.961061 3.043156 -0.594311 -0.071518 -1.570796 0.027182
1776408892.701938 jaka_arm_left solver_failed 0.385298 0.129043 -0.369373 0.598876 0.292824 -0.276034 0.692393 -2.298027 0.961061 3.043156 -0.594311 -0.071518 -1.570796 0.027182
1776408892.710371 jaka_arm_left solver_failed 0.385296 0.129009 -0.369354 0.599603 0.292765 -0.275609 0.691957 -2.298027 0.961061 3.043156 -0.594311 -0.071518 -1.570796 0.027182
1776408892.718624 jaka_arm_left solver_failed 0.385311 0.128985 -0.369362 0.600587 0.292912 -0.274939 0.691307 -2.298027 0.961061 3.043156 -0.594311 -0.071518 -1.570796 0.027182
1776408892.726937 jaka_arm_left solver_failed 0.385308 0.128966 -0.369323 0.601438 0.293206 -0.274759 0.690515 -2.298027 0.961061 3.043156 -0.594311 -0.071518 -1.570796 0.027182
1776408892.735209 jaka_arm_left solver_failed 0.385259 0.128898 -0.369315 0.601547 0.293535 -0.275240 0.690088 -2.298027 0.961061 3.043156 -0.594311 -0.071518 -1.570796 0.027182
1776408892.743488 jaka_arm_left solver_failed 0.385231 0.128819 -0.369309 0.601351 0.293876 -0.275751 0.689910 -2.298027 0.961061 3.043156 -0.594311 -0.071518 -1.570796 0.027182
1776408892.751947 jaka_arm_left solver_failed 0.385256 0.128702 -0.369404 0.600969 0.293784 -0.276209 0.690098 -2.298027 0.961061 3.043156 -0.594311 -0.071518 -1.570796 0.027182
1776408892.760245 jaka_arm_left solver_failed 0.385265 0.128608 -0.369477 0.600473 0.293760 -0.276941 0.690247 -2.298027 0.961061 3.043156 -0.594311 -0.071518 -1.570796 0.027182
1776408892.768533 jaka_arm_left solver_failed 0.385390 0.128702 -0.369610 0.601101 0.293194 -0.277127 0.689866 -2.298027 0.961061 3.043156 -0.594311 -0.071518 -1.570796 0.027182
1776408892.776863 jaka_arm_left solver_failed 0.385474 0.128769 -0.369696 0.601280 0.292781 -0.277588 0.689700 -2.298027 0.961061 3.043156 -0.594311 -0.071518 -1.570796 0.027182
1776408892.785232 jaka_arm_left solver_failed 0.385488 0.128703 -0.369810 0.600530 0.292693 -0.278038 0.690210 -2.298027 0.961061 3.043156 -0.594311 -0.071518 -1.570796 0.027182
1776408892.793587 jaka_arm_left solver_failed 0.385487 0.128611 -0.369907 0.600150 0.292815 -0.278233 0.690410 -2.298027 0.961061 3.043156 -0.594311 -0.071518 -1.570796 0.027182
1776408892.801853 jaka_arm_left solver_failed 0.385544 0.128604 -0.370003 0.600335 0.292778 -0.278264 0.690252 -2.298027 0.961061 3.043156 -0.594311 -0.071518 -1.570796 0.027182
1776408892.810214 jaka_arm_left solver_failed 0.385610 0.128600 -0.370091 0.600644 0.292559 -0.278351 0.690041 -2.298027 0.961061 3.043156 -0.594311 -0.071518 -1.570796 0.027182
1776408892.818680 jaka_arm_left solver_failed 0.385656 0.128547 -0.370196 0.600716 0.292388 -0.278584 0.689956 -2.298027 0.961061 3.043156 -0.594311 -0.071518 -1.570796 0.027182
1776408892.826987 jaka_arm_left solver_failed 0.385705 0.128517 -0.370288 0.601104 0.292329 -0.279005 0.689474 -2.298027 0.961061 3.043156 -0.594311 -0.071518 -1.570796 0.027182
1776408892.835558 jaka_arm_left solver_failed 0.385770 0.128502 -0.370315 0.601626 0.292617 -0.279503 0.688694 -2.298027 0.961061 3.043156 -0.594311 -0.071518 -1.570796 0.027182
1776408892.844093 jaka_arm_left solver_failed 0.385714 0.128268 -0.370238 0.600809 0.293988 -0.280529 0.688406 -2.298027 0.961061 3.043156 -0.594311 -0.071518 -1.570796 0.027182
1776408892.852167 jaka_arm_left solver_failed 0.385772 0.128107 -0.370323 0.600334 0.294169 -0.281423 0.688379 -2.298027 0.961061 3.043156 -0.594311 -0.071518 -1.570796 0.027182
1776408892.860315 jaka_arm_left solver_failed 0.385817 0.128001 -0.370435 0.600171 0.294340 -0.281981 0.688219 -2.298027 0.961061 3.043156 -0.594311 -0.071518 -1.570796 0.027182
1776408892.868666 jaka_arm_left solver_failed 0.385940 0.127932 -0.370606 0.600640 0.294342 -0.281846 0.687864 -2.298027 0.961061 3.043156 -0.594311 -0.071518 -1.570796 0.027182
1776408892.876843 jaka_arm_left solver_failed 0.386133 0.127839 -0.370848 0.601141 0.293462 -0.281560 0.687920 -2.298027 0.961061 3.043156 -0.594311 -0.071518 -1.570796 0.027182
1776408892.885263 jaka_arm_left solver_failed 0.386062 0.127686 -0.370900 0.600610 0.294118 -0.282400 0.687759 -2.298027 0.961061 3.043156 -0.594311 -0.071518 -1.570796 0.027182
1776408892.893552 jaka_arm_left solver_failed 0.386111 0.127616 -0.371003 0.601212 0.294013 -0.282274 0.687329 -2.298027 0.961061 3.043156 -0.594311 -0.071518 -1.570796 0.027182
1776408892.901944 jaka_arm_left solver_failed 0.386120 0.127494 -0.371095 0.601150 0.293824 -0.282791 0.687252 -2.298027 0.961061 3.043156 -0.594311 -0.071518 -1.570796 0.027182
1776408892.910164 jaka_arm_left solver_failed 0.386206 0.127376 -0.371232 0.601645 0.293721 -0.282044 0.687170 -2.298027 0.961061 3.043156 -0.594311 -0.071518 -1.570796 0.027182
1776408892.918634 jaka_arm_left solver_failed 0.386104 0.127260 -0.371260 0.601613 0.294101 -0.282378 0.686898 -2.298027 0.961061 3.043156 -0.594311 -0.071518 -1.570796 0.027182
1776408892.926907 jaka_arm_left solver_failed 0.386230 0.127226 -0.371417 0.602468 0.293046 -0.282024 0.686745 -2.298027 0.961061 3.043156 -0.594311 -0.071518 -1.570796 0.027182
1776408892.935230 jaka_arm_left solver_failed 0.386252 0.127184 -0.371510 0.602939 0.292991 -0.281884 0.686413 -2.298027 0.961061 3.043156 -0.594311 -0.071518 -1.570796 0.027182
1776408892.943543 jaka_arm_left solver_failed 0.386281 0.127202 -0.371632 0.603991 0.293868 -0.280910 0.685512 -2.298027 0.961061 3.043156 -0.594311 -0.071518 -1.570796 0.027182
1776408892.951877 jaka_arm_left solver_failed 0.386227 0.127057 -0.371745 0.604020 0.294790 -0.281046 0.685034 -2.298027 0.961061 3.043156 -0.594311 -0.071518 -1.570796 0.027182
1776408892.960208 jaka_arm_left solver_failed 0.386252 0.127002 -0.371853 0.604127 0.295371 -0.281000 0.684708 -2.298027 0.961061 3.043156 -0.594311 -0.071518 -1.570796 0.027182
1776408892.968606 jaka_arm_left solver_failed 0.386297 0.126897 -0.371986 0.603267 0.295581 -0.281800 0.685048 -2.298027 0.961061 3.043156 -0.594311 -0.071518 -1.570796 0.027182
1776408892.976948 jaka_arm_left solver_failed 0.386321 0.126947 -0.372080 0.602592 0.295874 -0.282330 0.685296 -2.298027 0.961061 3.043156 -0.594311 -0.071518 -1.570796 0.027182
1776408892.985278 jaka_arm_left solver_failed 0.386424 0.127015 -0.372213 0.602307 0.295572 -0.282705 0.685523 -2.298027 0.961061 3.043156 -0.594311 -0.071518 -1.570796 0.027182
1776408892.993555 jaka_arm_left solver_failed 0.386664 0.127246 -0.372413 0.602465 0.294482 -0.283541 0.685508 -2.298027 0.961061 3.043156 -0.594311 -0.071518 -1.570796 0.027182
1776408893.001856 jaka_arm_left solver_failed 0.386813 0.127258 -0.372522 0.601980 0.294124 -0.283774 0.685991 -2.298027 0.961061 3.043156 -0.594311 -0.071518 -1.570796 0.027182
1776408893.010241 jaka_arm_left solver_failed 0.386886 0.127311 -0.372559 0.601823 0.293833 -0.283504 0.686365 -2.298027 0.961061 3.043156 -0.594311 -0.071518 -1.570796 0.027182
1776408893.018530 jaka_arm_left solver_failed 0.386901 0.127317 -0.372518 0.601895 0.293918 -0.282549 0.686659 -2.298027 0.961061 3.043156 -0.594311 -0.071518 -1.570796 0.027182
1776408893.026922 jaka_arm_left solver_failed 0.386780 0.127328 -0.372401 0.602386 0.294009 -0.281113 0.686779 -2.298027 0.961061 3.043156 -0.594311 -0.071518 -1.570796 0.027182
1776408893.035218 jaka_arm_left solver_failed 0.386719 0.127507 -0.372220 0.603664 0.293431 -0.279470 0.686575 -2.298027 0.961061 3.043156 -0.594311 -0.071518 -1.570796 0.027182
1776408893.043551 jaka_arm_left solver_failed 0.386640 0.127596 -0.372040 0.605189 0.292876 -0.277572 0.686238 -2.298027 0.961061 3.043156 -0.594311 -0.071518 -1.570796 0.027182
1776408893.051867 jaka_arm_left solver_failed 0.386354 0.127418 -0.371747 0.605061 0.294060 -0.275773 0.686571 -2.298027 0.961061 3.043156 -0.594311 -0.071518 -1.570796 0.027182
1776408893.060224 jaka_arm_left solver_failed 0.386205 0.127520 -0.371514 0.606757 0.294534 -0.273239 0.685884 -2.298027 0.961061 3.043156 -0.594311 -0.071518 -1.570796 0.027182
1776408893.068606 jaka_arm_left solver_failed 0.385957 0.127480 -0.371324 0.607210 0.295097 -0.271554 0.685910 -2.298027 0.961061 3.043156 -0.594311 -0.071518 -1.570796 0.027182
1776408893.076822 jaka_arm_left solver_failed 0.385892 0.127505 -0.371244 0.608409 0.295237 -0.269051 0.685774 -2.298027 0.961061 3.043156 -0.594311 -0.071518 -1.570796 0.027182
1776408893.085299 jaka_arm_left solver_failed 0.385737 0.127453 -0.371081 0.609110 0.296145 -0.267138 0.685507 -2.298027 0.961061 3.043156 -0.594311 -0.071518 -1.570796 0.027182
1776408893.093722 jaka_arm_left solver_failed 0.385700 0.127499 -0.370985 0.610208 0.296499 -0.265577 0.684984 -2.298027 0.961061 3.043156 -0.594311 -0.071518 -1.570796 0.027182
1776408893.101915 jaka_arm_left solver_failed 0.385633 0.127510 -0.370841 0.610872 0.297751 -0.264278 0.684352 -2.298027 0.961061 3.043156 -0.594311 -0.071518 -1.570796 0.027182
1776408893.110176 jaka_arm_left solver_failed 0.385630 0.127576 -0.370753 0.611160 0.298943 -0.262946 0.684088 -2.298027 0.961061 3.043156 -0.594311 -0.071518 -1.570796 0.027182
1776408893.118687 jaka_arm_left solver_failed 0.385544 0.127662 -0.370606 0.610519 0.301150 -0.262092 0.684019 -2.298027 0.961061 3.043156 -0.594311 -0.071518 -1.570796 0.027182
1776408893.126866 jaka_arm_left solver_failed 0.385757 0.127900 -0.370710 0.610540 0.301626 -0.260394 0.684440 -2.298027 0.961061 3.043156 -0.594311 -0.071518 -1.570796 0.027182
1776408893.135262 jaka_arm_left solver_failed 0.385891 0.128105 -0.370700 0.609732 0.302129 -0.260234 0.684998 -2.298027 0.961061 3.043156 -0.594311 -0.071518 -1.570796 0.027182
1776408893.143494 jaka_arm_left solver_failed 0.386107 0.128457 -0.370729 0.609398 0.301444 -0.260832 0.685370 -2.298027 0.961061 3.043156 -0.594311 -0.071518 -1.570796 0.027182
1776408893.151993 jaka_arm_left solver_failed 0.386137 0.128576 -0.370698 0.607139 0.302337 -0.261848 0.686593 -2.298027 0.961061 3.043156 -0.594311 -0.071518 -1.570796 0.027182
1776408893.160225 jaka_arm_left solver_failed 0.386309 0.128818 -0.370743 0.605735 0.301727 -0.262928 0.687688 -2.298027 0.961061 3.043156 -0.594311 -0.071518 -1.570796 0.027182
1776408893.168977 jaka_arm_left solver_failed 0.386555 0.129057 -0.370794 0.604780 0.300709 -0.263201 0.688869 -2.298027 0.961061 3.043156 -0.594311 -0.071518 -1.570796 0.027182
1776408893.177101 jaka_arm_left solver_failed 0.386732 0.129321 -0.370748 0.603940 0.300140 -0.263568 0.689713 -2.298027 0.961061 3.043156 -0.594311 -0.071518 -1.570796 0.027182
1776408893.185224 jaka_arm_left solver_failed 0.386707 0.129530 -0.370569 0.602920 0.300611 -0.263762 0.690326 -2.298027 0.961061 3.043156 -0.594311 -0.071518 -1.570796 0.027182
1776408893.193663 jaka_arm_left solver_failed 0.386848 0.129625 -0.370476 0.602123 0.300024 -0.262011 0.691942 -2.298027 0.961061 3.043156 -0.594311 -0.071518 -1.570796 0.027182
1776408893.201958 jaka_arm_left solver_failed 0.386849 0.129843 -0.370225 0.601519 0.300354 -0.260143 0.693028 -2.298027 0.961061 3.043156 -0.594311 -0.071518 -1.570796 0.027182
1776408893.210194 jaka_arm_left solver_failed 0.386849 0.130136 -0.370007 0.601357 0.300359 -0.257371 0.694201 -2.298027 0.961061 3.043156 -0.594311 -0.071518 -1.570796 0.027182
1776408893.218555 jaka_arm_left solver_failed 0.386633 0.130375 -0.369538 0.600105 0.301884 -0.255790 0.695206 -2.298027 0.961061 3.043156 -0.594311 -0.071518 -1.570796 0.027182
1776408893.226915 jaka_arm_left solver_failed 0.386504 0.130505 -0.369211 0.599176 0.302898 -0.253059 0.696564 -2.298027 0.961061 3.043156 -0.594311 -0.071518 -1.570796 0.027182
1776408893.235165 jaka_arm_left solver_failed 0.386385 0.130791 -0.368770 0.598253 0.304456 -0.250529 0.697592 -2.298027 0.961061 3.043156 -0.594311 -0.071518 -1.570796 0.027182
1776408893.243549 jaka_arm_left solver_failed 0.386343 0.131211 -0.368417 0.598315 0.305609 -0.247489 0.698120 -2.298027 0.961061 3.043156 -0.594311 -0.071518 -1.570796 0.027182
1776408893.251872 jaka_arm_left solver_failed 0.386373 0.131561 -0.368082 0.597911 0.305917 -0.245352 0.699085 -2.298027 0.961061 3.043156 -0.594311 -0.071518 -1.570796 0.027182
1776408893.260237 jaka_arm_left solver_failed 0.386468 0.131862 -0.367937 0.596954 0.304718 -0.243647 0.701020 -2.298027 0.961061 3.043156 -0.594311 -0.071518 -1.570796 0.027182
1776408893.268510 jaka_arm_left solver_failed 0.386328 0.132207 -0.367501 0.595216 0.304772 -0.244093 0.702318 -2.298027 0.961061 3.043156 -0.594311 -0.071518 -1.570796 0.027182
1776408893.276852 jaka_arm_left solver_failed 0.386462 0.132667 -0.367281 0.594745 0.304283 -0.242095 0.703619 -2.298027 0.961061 3.043156 -0.594311 -0.071518 -1.570796 0.027182
1776408893.285271 jaka_arm_left solver_failed 0.386610 0.133111 -0.367013 0.594349 0.303189 -0.240311 0.705036 -2.298027 0.961061 3.043156 -0.594311 -0.071518 -1.570796 0.027182
1776408893.293610 jaka_arm_left solver_failed 0.386783 0.133613 -0.366804 0.594530 0.301859 -0.238222 0.706163 -2.298027 0.961061 3.043156 -0.594311 -0.071518 -1.570796 0.027182
1776408893.301856 jaka_arm_left solver_failed 0.386904 0.134183 -0.366457 0.594746 0.300804 -0.235802 0.707242 -2.298027 0.961061 3.043156 -0.594311 -0.071518 -1.570796 0.027182
1776408893.310169 jaka_arm_left solver_failed 0.386716 0.134564 -0.366005 0.593649 0.302456 -0.233916 0.708085 -2.298027 0.961061 3.043156 -0.594311 -0.071518 -1.570796 0.027182
1776408893.318503 jaka_arm_left solver_failed 0.386735 0.134933 -0.365685 0.593184 0.302089 -0.230797 0.709653 -2.298027 0.961061 3.043156 -0.594311 -0.071518 -1.570796 0.027182
1776408893.326922 jaka_arm_left solver_failed 0.386773 0.135383 -0.365254 0.592819 0.301995 -0.227698 0.710998 -2.298027 0.961061 3.043156 -0.594311 -0.071518 -1.570796 0.027182
1776408893.335178 jaka_arm_left solver_failed 0.386672 0.135734 -0.364810 0.592156 0.304223 -0.223284 0.712000 -2.298027 0.961061 3.043156 -0.594311 -0.071518 -1.570796 0.027182
1776408893.343514 jaka_arm_left solver_failed 0.386659 0.136390 -0.364301 0.593358 0.305095 -0.219278 0.711871 -2.298027 0.961061 3.043156 -0.594311 -0.071518 -1.570796 0.027182
1776408893.351862 jaka_arm_left solver_failed 0.386780 0.136928 -0.363960 0.594314 0.305557 -0.214859 0.712223 -2.298027 0.961061 3.043156 -0.594311 -0.071518 -1.570796 0.027182
1776408893.360259 jaka_arm_left solver_failed 0.386678 0.137482 -0.363511 0.594893 0.307546 -0.210963 0.712048 -2.298027 0.961061 3.043156 -0.594311 -0.071518 -1.570796 0.027182
1776408893.368534 jaka_arm_left large_joint_change 0.386752 0.137987 -0.363147 0.595401 0.308402 -0.207667 0.712222 -2.298027 0.961061 3.043156 -0.594311 -0.071518 -1.570796 0.027182
1776408893.376859 jaka_arm_left success 0.386852 0.138692 -0.362849 0.596520 0.308531 -0.205164 0.711955 -2.265503 1.036430 3.015785 -0.488706 -0.101463 -1.570796 0.071234
1776408893.385220 jaka_arm_left success 0.386872 0.139139 -0.362576 0.595796 0.309345 -0.203543 0.712673 -2.265242 1.035963 3.013950 -0.488136 -0.103615 -1.570301 0.071293
1776408893.393536 jaka_arm_left success 0.387033 0.139716 -0.362369 0.595632 0.308828 -0.202655 0.713287 -2.265856 1.035532 3.013479 -0.487998 -0.103579 -1.570496 0.072693
1776408893.401867 jaka_arm_left success 0.387113 0.140280 -0.362073 0.595241 0.310319 -0.201560 0.713277 -2.264430 1.034397 3.012516 -0.487005 -0.105080 -1.569643 0.072490
1776408893.410139 jaka_arm_left success 0.387165 0.140825 -0.361809 0.594347 0.311015 -0.202046 0.713581 -2.263432 1.034171 3.011987 -0.487344 -0.106020 -1.570296 0.072090
1776408893.418543 jaka_arm_left success 0.387357 0.141393 -0.361609 0.594104 0.311704 -0.200990 0.713782 -2.261848 1.032307 3.010851 -0.487118 -0.107448 -1.570638 0.072760
1776408893.426877 jaka_arm_left success 0.387424 0.141771 -0.361342 0.593055 0.312195 -0.201076 0.714415 -2.261286 1.032348 3.010043 -0.487535 -0.108613 -1.570796 0.072365
1776408893.435113 jaka_arm_left success 0.387593 0.142348 -0.361182 0.592751 0.312130 -0.200584 0.714834 -2.261445 1.032113 3.009424 -0.487398 -0.109238 -1.570737 0.072508
1776408893.443457 jaka_arm_left success 0.387675 0.142907 -0.360911 0.593000 0.313253 -0.199069 0.714560 -2.257791 1.025543 3.008200 -0.498690 -0.110538 -1.563110 0.076055
1776408893.451820 jaka_arm_left success 0.387633 0.143248 -0.360551 0.592271 0.314540 -0.197833 0.714942 -2.257668 1.019016 3.007015 -0.508473 -0.112279 -1.557000 0.074932
1776408893.460114 jaka_arm_left success 0.387675 0.143822 -0.360231 0.593040 0.315070 -0.196063 0.714558 -2.254721 1.012981 3.006089 -0.521335 -0.112775 -1.547191 0.079726
1776408893.468452 jaka_arm_left success 0.387649 0.144451 -0.359979 0.593981 0.316259 -0.193510 0.713948 -2.256206 0.997476 3.005424 -0.553490 -0.113199 -1.524472 0.080760
1776408893.476755 jaka_arm_left success 0.387425 0.144790 -0.359565 0.593237 0.318211 -0.192083 0.714084 -2.251205 0.994293 3.003411 -0.559517 -0.115821 -1.519285 0.084412
1776408893.485115 jaka_arm_left success 0.387392 0.145256 -0.359293 0.593452 0.318730 -0.190025 0.714224 -2.248366 0.987491 3.002146 -0.576804 -0.116808 -1.506280 0.089046
1776408893.493486 jaka_arm_left success 0.387471 0.145927 -0.359077 0.594496 0.318945 -0.187556 0.713913 -2.251063 0.981550 3.001594 -0.583800 -0.116607 -1.500579 0.089284
1776408893.501796 jaka_arm_left success 0.387512 0.146627 -0.358903 0.595552 0.318440 -0.185857 0.713702 -2.249129 0.977010 3.000721 -0.592125 -0.116478 -1.495023 0.094416
1776408893.510260 jaka_arm_left success 0.387520 0.147141 -0.358788 0.595596 0.318478 -0.183899 0.714156 -2.247656 0.974753 2.999497 -0.595280 -0.117089 -1.492083 0.098124
1776408893.518448 jaka_arm_left success 0.387500 0.147616 -0.358515 0.595227 0.318493 -0.183120 0.714657 -2.247575 0.974030 2.998629 -0.595757 -0.117855 -1.492302 0.098820
1776408893.526831 jaka_arm_left success 0.387381 0.148174 -0.358297 0.595370 0.318902 -0.182689 0.714465 -2.247020 0.970791 2.998376 -0.598862 -0.118245 -1.491415 0.098808
1776408893.535078 jaka_arm_left success 0.387291 0.148760 -0.358036 0.595244 0.319269 -0.182235 0.714523 -2.245417 0.967508 2.997628 -0.605333 -0.119136 -1.487571 0.100259
1776408893.543441 jaka_arm_left success 0.387275 0.149231 -0.357841 0.595278 0.319219 -0.180950 0.714843 -2.244931 0.966191 2.996818 -0.607021 -0.119461 -1.485941 0.102482
1776408893.551839 jaka_arm_left success 0.387202 0.149809 -0.357604 0.595548 0.319344 -0.180024 0.714796 -2.245268 0.961612 2.996491 -0.612188 -0.119636 -1.483523 0.102593
1776408893.560151 jaka_arm_left success 0.387165 0.150422 -0.357380 0.596221 0.319157 -0.177956 0.714836 -2.242906 0.955778 2.995126 -0.623647 -0.120126 -1.476008 0.107963
1776408893.568469 jaka_arm_left success 0.387200 0.151057 -0.357230 0.597719 0.319349 -0.174652 0.714314 -2.241227 0.948813 2.993722 -0.639849 -0.120302 -1.461788 0.114317
1776408893.576762 jaka_arm_left success 0.386977 0.151558 -0.356865 0.598111 0.320581 -0.172877 0.713866 -2.242870 0.941242 2.993317 -0.652735 -0.120549 -1.451366 0.113926
1776408893.585147 jaka_arm_left success 0.386898 0.152174 -0.356654 0.599506 0.321490 -0.168823 0.713257 -2.237977 0.927561 2.991114 -0.679110 -0.121690 -1.433137 0.122603
1776408893.593510 jaka_arm_left success 0.386574 0.153024 -0.356425 0.601617 0.322331 -0.165874 0.711790 -2.238761 0.919073 2.990855 -0.699010 -0.120974 -1.414162 0.125750
1776408893.601776 jaka_arm_left success 0.386328 0.153492 -0.356146 0.601730 0.324135 -0.162389 0.711679 -2.232910 0.907144 2.988351 -0.720302 -0.123355 -1.398896 0.132911
1776408893.610161 jaka_arm_left success 0.386234 0.154109 -0.356061 0.602925 0.324542 -0.158418 0.711377 -2.230208 0.903132 2.986114 -0.727581 -0.124163 -1.390735 0.140303
1776408893.618494 jaka_arm_left success 0.386123 0.154877 -0.356019 0.604171 0.325283 -0.154208 0.710906 -2.226118 0.891779 2.983498 -0.750983 -0.125571 -1.372517 0.148856
1776408893.626795 jaka_arm_left success 0.385838 0.155562 -0.355895 0.604559 0.326685 -0.151633 0.710488 -2.226284 0.886995 2.982590 -0.762812 -0.126247 -1.359750 0.150678
1776408893.635147 jaka_arm_left success 0.385730 0.156329 -0.356006 0.605123 0.326606 -0.148508 0.710704 -2.222967 0.882850 2.980067 -0.768158 -0.127517 -1.355680 0.157702
1776408893.643451 jaka_arm_left success 0.385577 0.157040 -0.356019 0.604906 0.327836 -0.146324 0.710776 -2.219386 0.877959 2.978106 -0.775959 -0.129440 -1.349906 0.162088
1776408893.651845 jaka_arm_left success 0.385513 0.157899 -0.356242 0.605114 0.328331 -0.143948 0.710855 -2.216961 0.874615 2.976366 -0.780041 -0.130791 -1.346156 0.166047
1776408893.660194 jaka_arm_left success 0.385286 0.158588 -0.356317 0.604263 0.330168 -0.142181 0.711084 -2.212224 0.869828 2.974035 -0.788867 -0.134112 -1.338996 0.169598
1776408893.668428 jaka_arm_left success 0.385343 0.159457 -0.356581 0.604528 0.330715 -0.139135 0.711207 -2.209756 0.866458 2.971764 -0.793799 -0.135623 -1.333841 0.174836
1776408893.676790 jaka_arm_left success 0.385422 0.160331 -0.356893 0.604962 0.331299 -0.136098 0.711154 -2.206883 0.862612 2.969604 -0.799537 -0.137071 -1.327983 0.180316
1776408893.685138 jaka_arm_left success 0.385411 0.161406 -0.357216 0.606712 0.332061 -0.132713 0.709946 -2.205522 0.857374 2.968234 -0.811642 -0.137300 -1.314921 0.185730
1776408893.693458 jaka_arm_left success 0.385239 0.162425 -0.357473 0.607471 0.333776 -0.129598 0.709068 -2.201922 0.847826 2.966283 -0.823677 -0.138875 -1.305756 0.190758
1776408893.701793 jaka_arm_left success 0.385120 0.163258 -0.357759 0.608226 0.335393 -0.125879 0.708327 -2.197133 0.837779 2.963808 -0.845331 -0.141110 -1.287873 0.197880
1776408893.710134 jaka_arm_left success 0.384829 0.164120 -0.358151 0.608639 0.337573 -0.121759 0.707657 -2.192289 0.832452 2.960988 -0.854833 -0.143686 -1.276634 0.204990
1776408893.718454 jaka_arm_left success 0.384757 0.165186 -0.358592 0.610849 0.338179 -0.117160 0.706237 -2.189960 0.824885 2.958669 -0.871336 -0.144449 -1.259831 0.212656
1776408893.726815 jaka_arm_left success 0.384537 0.166037 -0.359011 0.610952 0.339548 -0.113587 0.706076 -2.185636 0.818063 2.956089 -0.881125 -0.146497 -1.251446 0.219150
1776408893.735125 jaka_arm_left success 0.384530 0.167142 -0.359681 0.613007 0.339494 -0.108366 0.705140 -2.182247 0.813952 2.953092 -0.886096 -0.147103 -1.244184 0.228840
1776408893.743450 jaka_arm_left success 0.384150 0.167807 -0.360158 0.612281 0.341873 -0.104812 0.705159 -2.174836 0.805290 2.948866 -0.904132 -0.152177 -1.229845 0.236870
1776408893.751806 jaka_arm_left success 0.383890 0.168787 -0.360789 0.612942 0.342869 -0.101296 0.704614 -2.170783 0.802558 2.946431 -0.909114 -0.153742 -1.222351 0.244088
1776408893.760197 jaka_arm_left success 0.383743 0.169844 -0.361506 0.613518 0.343352 -0.097404 0.704428 -2.166553 0.798640 2.943315 -0.914452 -0.155664 -1.216681 0.251980
1776408893.768490 jaka_arm_left success 0.383638 0.170956 -0.362249 0.614576 0.343299 -0.093297 0.704086 -2.163075 0.796809 2.940581 -0.916480 -0.156627 -1.211918 0.260251
1776408893.776800 jaka_arm_left success 0.383342 0.171603 -0.363079 0.613425 0.345379 -0.089432 0.704575 -2.154415 0.791447 2.935422 -0.927680 -0.162592 -1.202638 0.269658
1776408893.785183 jaka_arm_left success 0.383085 0.172744 -0.363900 0.614860 0.346853 -0.085686 0.703063 -2.149505 0.786377 2.933228 -0.938077 -0.163974 -1.189969 0.277872
1776408893.793527 jaka_arm_left success 0.382898 0.173563 -0.364709 0.615320 0.348800 -0.081297 0.702219 -2.143299 0.779945 2.929327 -0.950243 -0.167524 -1.177823 0.286901
1776408893.801860 jaka_arm_left success 0.382604 0.174291 -0.365455 0.615683 0.351266 -0.077238 0.701128 -2.136510 0.773389 2.925503 -0.965922 -0.171632 -1.161540 0.295870
1776408893.810189 jaka_arm_left success 0.382428 0.175435 -0.366309 0.618566 0.352510 -0.071427 0.698578 -2.133099 0.765961 2.922605 -0.982626 -0.172717 -1.140802 0.305660
1776408893.818558 jaka_arm_left success 0.382101 0.176006 -0.367189 0.618688 0.355229 -0.066001 0.697625 -2.124759 0.757112 2.917047 -0.999199 -0.178160 -1.125690 0.316936
1776408893.826810 jaka_arm_left success 0.381840 0.177099 -0.368120 0.621627 0.355888 -0.060471 0.695174 -2.119903 0.752234 2.914112 -1.010645 -0.178701 -1.109190 0.328727
1776408893.835220 jaka_arm_left success 0.381455 0.178129 -0.368961 0.624445 0.357493 -0.054895 0.692282 -2.115132 0.741749 2.910793 -1.034186 -0.180422 -1.084618 0.339523
1776408893.843521 jaka_arm_left success 0.381053 0.179062 -0.369970 0.626114 0.359150 -0.048921 0.690362 -2.107966 0.732589 2.906104 -1.048459 -0.183277 -1.070825 0.351860
1776408893.851925 jaka_arm_left success 0.380643 0.179704 -0.370996 0.626863 0.361174 -0.043030 0.689017 -2.098574 0.728194 2.900046 -1.060456 -0.188388 -1.055612 0.366096
1776408893.860213 jaka_arm_left success 0.380326 0.180632 -0.372102 0.629254 0.361712 -0.037292 0.686887 -2.091782 0.721423 2.895518 -1.076682 -0.190545 -1.037222 0.379848
1776408893.868553 jaka_arm_left success 0.380055 0.181386 -0.373257 0.630410 0.363206 -0.031058 0.685346 -2.083545 0.717005 2.889526 -1.086900 -0.194814 -1.023538 0.393859
1776408893.876822 jaka_arm_left success 0.379732 0.182090 -0.374452 0.631438 0.364295 -0.026146 0.684026 -2.076323 0.713275 2.884520 -1.097355 -0.198383 -1.010454 0.406048
1776408893.885252 jaka_arm_left success 0.379561 0.182961 -0.375635 0.633189 0.364835 -0.021586 0.682276 -2.072521 0.711558 2.881420 -1.102580 -0.199570 -0.999485 0.415201
1776408893.893495 jaka_arm_left success 0.379208 0.183769 -0.376745 0.634609 0.366547 -0.017812 0.680145 -2.065661 0.704494 2.877638 -1.117802 -0.202749 -0.984209 0.424998
1776408893.901759 jaka_arm_left success 0.378911 0.184466 -0.377964 0.635257 0.367589 -0.014587 0.679054 -2.062745 0.704836 2.875073 -1.118077 -0.204348 -0.978728 0.430945
1776408893.910193 jaka_arm_left success 0.378720 0.185451 -0.379146 0.637864 0.368149 -0.009488 0.676392 -2.055398 0.698540 2.870608 -1.129917 -0.206582 -0.964961 0.443773
1776408893.918478 jaka_arm_left success 0.378441 0.186242 -0.380332 0.639046 0.369418 -0.005090 0.674630 -2.049096 0.694680 2.866238 -1.139759 -0.209536 -0.952223 0.454449
1776408893.926832 jaka_arm_left success 0.378174 0.186936 -0.381613 0.639432 0.369985 -0.001147 0.673970 -2.043835 0.694798 2.861906 -1.140901 -0.212292 -0.947311 0.463690
1776408893.935119 jaka_arm_left success 0.377726 0.187725 -0.382760 0.640401 0.371645 0.002872 0.672130 -2.035056 0.689730 2.856691 -1.151899 -0.216738 -0.935617 0.475256
1776408893.943433 jaka_arm_left success 0.377303 0.188712 -0.383946 0.641741 0.372599 0.007669 0.670283 -2.027964 0.687052 2.851651 -1.159273 -0.219943 -0.924201 0.487251
1776408893.951813 jaka_arm_left success 0.376969 0.189507 -0.385102 0.641891 0.373647 0.011760 0.669497 -2.021489 0.687092 2.846578 -1.161774 -0.223615 -0.917872 0.497521
1776408893.960215 jaka_arm_left success 0.376575 0.190434 -0.386258 0.642167 0.374929 0.016223 0.668420 -2.011985 0.684175 2.840126 -1.168227 -0.228779 -0.910285 0.510253
1776408893.968463 jaka_arm_left success 0.376250 0.191358 -0.387498 0.642455 0.375259 0.020223 0.667850 -2.005286 0.684339 2.834815 -1.170262 -0.232306 -0.905170 0.521070
1776408893.976780 jaka_arm_left success 0.375794 0.192304 -0.388666 0.642284 0.376339 0.023376 0.667303 -1.998407 0.684129 2.830060 -1.171906 -0.236161 -0.901573 0.530135
1776408893.985138 jaka_arm_left success 0.375421 0.193188 -0.389993 0.641517 0.377569 0.027045 0.667208 -1.989926 0.685279 2.823865 -1.172046 -0.241428 -0.898913 0.540973
1776408893.993484 jaka_arm_left success 0.375052 0.193997 -0.391163 0.640302 0.379439 0.030396 0.667170 -1.979813 0.685356 2.817280 -1.174008 -0.248061 -0.896040 0.551554
1776408894.001799 jaka_arm_left success 0.374858 0.195361 -0.392492 0.641285 0.378947 0.033692 0.666347 -1.977861 0.685231 2.814470 -1.172712 -0.248512 -0.894307 0.557845
1776408894.018534 jaka_arm_left success 0.374553 0.196491 -0.393769 0.640070 0.379276 0.033759 0.667323 -1.970960 0.684468 2.811689 -1.170975 -0.251899 -0.899502 0.562222
1776408894.026764 jaka_arm_left success 0.374020 0.198574 -0.396216 0.639886 0.381201 0.040010 0.666056 -1.961748 0.689333 2.803977 -1.164617 -0.257473 -0.896274 0.576718
1776408894.035161 jaka_arm_left success 0.373747 0.199444 -0.397379 0.638961 0.382845 0.042818 0.665827 -1.953183 0.689854 2.798870 -1.162623 -0.262465 -0.896874 0.585208
1776408894.043732 jaka_arm_left success 0.373520 0.200516 -0.398562 0.638790 0.383900 0.045244 0.665223 -1.947701 0.690453 2.795088 -1.161339 -0.265556 -0.895893 0.592054
1776408894.051811 jaka_arm_left success 0.373345 0.201613 -0.399707 0.639194 0.384473 0.047230 0.664365 -1.945280 0.689653 2.793200 -1.160374 -0.266646 -0.895050 0.595783
1776408894.060133 jaka_arm_left success 0.373083 0.202383 -0.400863 0.637986 0.386056 0.048479 0.664519 -1.941071 0.690790 2.790206 -1.158916 -0.270652 -0.894863 0.598591
1776408894.068429 jaka_arm_left success 0.372975 0.203267 -0.402055 0.637838 0.386502 0.050763 0.664230 -1.937583 0.691422 2.787731 -1.156978 -0.271914 -0.894747 0.604127
1776408894.076775 jaka_arm_left success 0.372782 0.204160 -0.403180 0.637964 0.387282 0.052547 0.663516 -1.930062 0.693472 2.783943 -1.154432 -0.275056 -0.894962 0.612635
1776408894.085148 jaka_arm_left success 0.372615 0.204925 -0.404355 0.637616 0.387911 0.054531 0.663323 -1.927010 0.693825 2.781269 -1.152760 -0.277369 -0.895007 0.616363
1776408894.093465 jaka_arm_left success 0.372414 0.205561 -0.405485 0.637084 0.388882 0.055493 0.663186 -1.922101 0.695317 2.779022 -1.150763 -0.279517 -0.895715 0.621243
1776408894.101783 jaka_arm_left success 0.372266 0.206362 -0.406546 0.637662 0.389858 0.056699 0.661954 -1.921773 0.694218 2.778313 -1.149263 -0.280377 -0.894469 0.621458
1776408894.110180 jaka_arm_left success 0.372212 0.206914 -0.407616 0.637242 0.390787 0.057249 0.661763 -1.920063 0.694747 2.777857 -1.148221 -0.281363 -0.893961 0.622352
1776408894.118450 jaka_arm_left success 0.372354 0.207925 -0.408732 0.639434 0.389597 0.057974 0.660286 -1.920092 0.693458 2.778986 -1.147262 -0.278644 -0.893389 0.624558
1776408894.126802 jaka_arm_left success 0.372176 0.208019 -0.409646 0.637799 0.391774 0.056640 0.660694 -1.917463 0.695416 2.778239 -1.145744 -0.281710 -0.894073 0.623410
1776408894.135124 jaka_arm_left success 0.372246 0.208522 -0.410717 0.638877 0.391763 0.057964 0.659545 -1.916692 0.696473 2.777827 -1.143059 -0.281039 -0.893566 0.626220
1776408894.143479 jaka_arm_left success 0.372277 0.208841 -0.411818 0.639239 0.391837 0.059586 0.659004 -1.914624 0.698969 2.776412 -1.139689 -0.281421 -0.893302 0.630460
1776408894.151871 jaka_arm_left success 0.372165 0.209007 -0.412802 0.638745 0.392837 0.061691 0.658694 -1.911585 0.701141 2.773608 -1.136583 -0.284028 -0.892512 0.634439
1776408894.160201 jaka_arm_left success 0.371906 0.209188 -0.413766 0.639364 0.393217 0.062587 0.657781 -1.909727 0.702093 2.772861 -1.134890 -0.284111 -0.891835 0.637552
1776408894.168458 jaka_arm_left success 0.371850 0.209316 -0.414709 0.639583 0.393077 0.064371 0.657481 -1.907098 0.704390 2.770963 -1.132742 -0.284859 -0.891277 0.642544
1776408894.176783 jaka_arm_left success 0.371613 0.209561 -0.415549 0.641038 0.393310 0.066443 0.655715 -1.905477 0.704939 2.769635 -1.130937 -0.284768 -0.888624 0.647139
1776408894.185181 jaka_arm_left success 0.371357 0.209440 -0.416413 0.641251 0.393770 0.067832 0.655089 -1.901883 0.707472 2.767628 -1.130120 -0.286075 -0.885993 0.652696
1776408894.193542 jaka_arm_left success 0.371335 0.209613 -0.417308 0.643215 0.392455 0.070318 0.653688 -1.900348 0.707704 2.766287 -1.130050 -0.284695 -0.883097 0.659321
1776408894.201823 jaka_arm_left success 0.371249 0.209615 -0.418118 0.644105 0.392079 0.072480 0.652801 -1.896793 0.708173 2.763559 -1.131530 -0.285670 -0.879486 0.666411
1776408894.210139 jaka_arm_left success 0.370947 0.209501 -0.418886 0.644850 0.392147 0.073069 0.651959 -1.896220 0.708280 2.763390 -1.132472 -0.285389 -0.877088 0.668196
1776408894.218471 jaka_arm_left success 0.370792 0.209436 -0.419611 0.645484 0.391643 0.074399 0.651484 -1.894960 0.709075 2.762187 -1.132483 -0.285383 -0.875463 0.671894
1776408894.226796 jaka_arm_left success 0.370746 0.209660 -0.420368 0.647515 0.389658 0.076154 0.650455 -1.896212 0.707752 2.762491 -1.132118 -0.282583 -0.875292 0.674685
1776408894.235152 jaka_arm_left success 0.370471 0.209486 -0.420979 0.647481 0.389618 0.076203 0.650506 -1.895853 0.707799 2.762594 -1.131866 -0.282359 -0.874971 0.675241
1776408894.243469 jaka_arm_left success 0.370395 0.209573 -0.421651 0.648610 0.388137 0.077525 0.650112 -1.893702 0.710560 2.761356 -1.130550 -0.281330 -0.874202 0.681611
1776408894.251824 jaka_arm_left success 0.370206 0.209601 -0.422270 0.649198 0.387141 0.078806 0.649964 -1.893200 0.710703 2.760315 -1.129817 -0.280897 -0.874486 0.684535
1776408894.260195 jaka_arm_left success 0.369882 0.209620 -0.422822 0.649817 0.386494 0.078322 0.649789 -1.893004 0.710898 2.761182 -1.130240 -0.279493 -0.875031 0.685386
1776408894.268449 jaka_arm_left success 0.369828 0.209787 -0.423465 0.650721 0.384745 0.079150 0.649822 -1.891116 0.711749 2.760773 -1.127897 -0.278076 -0.877344 0.689643
1776408894.276725 jaka_arm_left success 0.369722 0.209748 -0.424067 0.650911 0.383853 0.080648 0.649976 -1.888891 0.715031 2.758405 -1.124500 -0.278335 -0.879352 0.695467
1776408894.285127 jaka_arm_left success 0.369618 0.209720 -0.424673 0.651030 0.382516 0.081652 0.650518 -1.887634 0.718733 2.758366 -1.114379 -0.276795 -0.888203 0.697949
1776408894.293484 jaka_arm_left success 0.369255 0.209602 -0.425190 0.651043 0.382697 0.081604 0.650405 -1.887634 0.718733 2.758366 -1.114379 -0.276795 -0.888203 0.697949
1776408894.301830 jaka_arm_left success 0.369175 0.209665 -0.425748 0.651774 0.381277 0.082633 0.650377 -1.888141 0.718331 2.758413 -1.113800 -0.275435 -0.888130 0.699642
1776408894.310159 jaka_arm_left success 0.369144 0.209773 -0.426286 0.652355 0.379828 0.083793 0.650494 -1.885502 0.721764 2.757040 -1.107309 -0.274667 -0.893672 0.705052
1776408894.318443 jaka_arm_left success 0.369048 0.209848 -0.426876 0.652659 0.378540 0.085266 0.650748 -1.885843 0.723263 2.755891 -1.105621 -0.274063 -0.894090 0.708085
1776408894.326896 jaka_arm_left success 0.369094 0.209932 -0.427420 0.653078 0.377416 0.087216 0.650722 -1.883592 0.726611 2.753811 -1.102091 -0.273916 -0.895374 0.714341
1776408894.335118 jaka_arm_left success 0.369081 0.210049 -0.427913 0.653592 0.376297 0.088614 0.650666 -1.882636 0.727394 2.752855 -1.099783 -0.273189 -0.897374 0.717795
1776408894.343421 jaka_arm_left success 0.368827 0.210131 -0.428329 0.653552 0.376369 0.088814 0.650636 -1.882252 0.727447 2.752581 -1.098999 -0.273455 -0.897561 0.718124
1776408894.351842 jaka_arm_left success 0.368615 0.210332 -0.428653 0.653830 0.376446 0.089636 0.650200 -1.880131 0.728984 2.751606 -1.096532 -0.273757 -0.898569 0.721206
1776408894.360180 jaka_arm_left success 0.368528 0.210718 -0.429110 0.654827 0.375155 0.090536 0.649818 -1.880949 0.728297 2.751725 -1.096348 -0.272206 -0.898774 0.722750
1776408894.368481 jaka_arm_left success 0.368481 0.211027 -0.429543 0.654911 0.374632 0.091991 0.649831 -1.878230 0.730114 2.749797 -1.093059 -0.272688 -0.901064 0.727528
1776408894.376813 jaka_arm_left success 0.368251 0.211285 -0.429998 0.654507 0.374847 0.092788 0.650000 -1.877323 0.730441 2.748659 -1.091573 -0.273479 -0.901977 0.728863
1776408894.385176 jaka_arm_left success 0.368315 0.211690 -0.430560 0.654156 0.373574 0.094772 0.650800 -1.873452 0.734230 2.745851 -1.081585 -0.273981 -0.912176 0.734852
1776408894.393495 jaka_arm_left success 0.368269 0.212242 -0.431067 0.654536 0.372766 0.096667 0.650603 -1.873067 0.736106 2.744445 -1.079217 -0.273842 -0.911911 0.738467
1776408894.401774 jaka_arm_left success 0.368056 0.212546 -0.431602 0.653221 0.373073 0.097856 0.651570 -1.867951 0.739026 2.740996 -1.075721 -0.276623 -0.915907 0.743959
1776408894.410125 jaka_arm_left success 0.367862 0.213015 -0.432121 0.652238 0.373125 0.098480 0.652430 -1.865312 0.742303 2.739468 -1.067038 -0.277719 -0.923903 0.745992
1776408894.418528 jaka_arm_left success 0.367766 0.213809 -0.432592 0.652956 0.372314 0.099708 0.651988 -1.865874 0.741576 2.739238 -1.066591 -0.277128 -0.923705 0.746866
1776408894.426829 jaka_arm_left success 0.367676 0.214335 -0.433186 0.651918 0.371861 0.099687 0.653288 -1.865086 0.748622 2.739499 -1.050325 -0.275929 -0.937436 0.747628
1776408894.435130 jaka_arm_left success 0.367661 0.215158 -0.433732 0.651536 0.371763 0.101151 0.653499 -1.865792 0.748150 2.738588 -1.049958 -0.276241 -0.937416 0.748139
1776408894.443453 jaka_arm_left success 0.367552 0.215597 -0.434291 0.649803 0.372295 0.100130 0.655077 -1.863111 0.753814 2.738079 -1.035710 -0.277430 -0.951218 0.747363
1776408894.451864 jaka_arm_left success 0.367661 0.216292 -0.434874 0.648764 0.372380 0.099867 0.656098 -1.864304 0.755326 2.739021 -1.024520 -0.277026 -0.962592 0.743035
1776408894.460196 jaka_arm_left success 0.367709 0.216942 -0.435438 0.647190 0.373153 0.098794 0.657374 -1.863690 0.756812 2.739218 -1.018769 -0.278015 -0.969946 0.740025
1776408894.468438 jaka_arm_left success 0.367741 0.217681 -0.435966 0.645762 0.374186 0.097641 0.658364 -1.865859 0.760039 2.740977 -1.007587 -0.277612 -0.978621 0.734239
1776408894.476789 jaka_arm_left success 0.367902 0.218606 -0.436530 0.645276 0.375144 0.097957 0.658248 -1.865151 0.760830 2.740281 -1.006471 -0.279031 -0.978364 0.733880
1776408894.485152 jaka_arm_left success 0.367943 0.219116 -0.437104 0.642800 0.376596 0.095455 0.660206 -1.866227 0.768850 2.743040 -0.984657 -0.278272 -0.997549 0.726184
1776408894.493496 jaka_arm_left success 0.368005 0.219865 -0.437645 0.641325 0.377967 0.093739 0.661102 -1.867011 0.768285 2.743699 -0.983612 -0.279848 -0.999948 0.720545
1776408894.501806 jaka_arm_left success 0.368052 0.220602 -0.438277 0.639628 0.379674 0.092793 0.661901 -1.865278 0.771803 2.743692 -0.972729 -0.281567 -1.009726 0.717284
1776408894.510180 jaka_arm_left success 0.368209 0.221309 -0.438889 0.637225 0.381133 0.092812 0.663376 -1.864217 0.778981 2.742761 -0.958750 -0.283638 -1.019727 0.715503
1776408894.518529 jaka_arm_left success 0.368330 0.222072 -0.439509 0.635486 0.382594 0.092062 0.664308 -1.864741 0.778673 2.742730 -0.956592 -0.285310 -1.022675 0.711143
1776408894.526838 jaka_arm_left success 0.368583 0.222780 -0.439993 0.633357 0.384142 0.091143 0.665573 -1.864635 0.786554 2.743134 -0.939059 -0.286444 -1.035788 0.706844
1776408894.535129 jaka_arm_left success 0.368932 0.223515 -0.440386 0.631398 0.385831 0.091160 0.666454 -1.864132 0.787143 2.741705 -0.938695 -0.289231 -1.035724 0.705087
1776408894.543451 jaka_arm_left success 0.369164 0.224000 -0.440608 0.628493 0.388053 0.088911 0.668211 -1.865675 0.791853 2.743501 -0.923091 -0.290458 -1.050289 0.694960
1776408894.551818 jaka_arm_left success 0.369648 0.224826 -0.440780 0.627439 0.388888 0.088647 0.668752 -1.865412 0.792123 2.742821 -0.922686 -0.291793 -1.050144 0.694144
1776408894.560191 jaka_arm_left success 0.369926 0.225277 -0.440807 0.624746 0.390532 0.086649 0.670574 -1.867627 0.797383 2.744613 -0.906711 -0.292439 -1.064936 0.684517
1776408894.568465 jaka_arm_left success 0.370379 0.225937 -0.440816 0.622978 0.390978 0.087147 0.671893 -1.866020 0.800371 2.742661 -0.901361 -0.294576 -1.069679 0.685466
1776408894.576843 jaka_arm_left success 0.370530 0.226622 -0.440676 0.621340 0.391882 0.085963 0.673034 -1.867209 0.800467 2.743122 -0.897475 -0.295595 -1.075249 0.679913
1776408894.585171 jaka_arm_left success 0.370637 0.227020 -0.440522 0.618353 0.393557 0.086146 0.674782 -1.864044 0.805592 2.741020 -0.888120 -0.298945 -1.083617 0.679607
1776408894.593491 jaka_arm_left success 0.370697 0.227561 -0.440367 0.615792 0.393891 0.084976 0.677074 -1.864399 0.811525 2.741278 -0.873590 -0.299692 -1.097970 0.674806
1776408894.601786 jaka_arm_left success 0.370797 0.228257 -0.440322 0.613943 0.394283 0.085787 0.678422 -1.864857 0.812027 2.739314 -0.873573 -0.302029 -1.098316 0.674182
1776408894.610205 jaka_arm_left success 0.370559 0.228623 -0.440157 0.610664 0.396146 0.083755 0.680546 -1.861236 0.818153 2.738533 -0.861335 -0.305096 -1.111499 0.670574
1776408894.618492 jaka_arm_left success 0.370690 0.229203 -0.440148 0.608922 0.395806 0.083618 0.682319 -1.862542 0.822238 2.738555 -0.848590 -0.305397 -1.123977 0.666389
1776408894.626826 jaka_arm_left success 0.370608 0.229571 -0.440122 0.606188 0.396451 0.080769 0.684718 -1.866471 0.825027 2.741016 -0.837558 -0.304493 -1.136704 0.656153
1776408894.635177 jaka_arm_left success 0.370651 0.229924 -0.440205 0.604749 0.396725 0.079816 0.685942 -1.865433 0.831419 2.741265 -0.824640 -0.304862 -1.147162 0.654331
1776408894.643456 jaka_arm_left success 0.370770 0.230105 -0.440381 0.602561 0.396754 0.078491 0.688001 -1.867701 0.834762 2.742234 -0.812762 -0.304726 -1.159884 0.647542
1776408894.651869 jaka_arm_left success 0.370857 0.230341 -0.440547 0.602014 0.396457 0.076577 0.688867 -1.873159 0.840447 2.744912 -0.799907 -0.302448 -1.168042 0.640388
1776408894.660186 jaka_arm_left success 0.370797 0.230300 -0.440708 0.601053 0.396979 0.074124 0.689672 -1.873921 0.841004 2.746887 -0.794804 -0.301798 -1.174874 0.634346
1776408894.668457 jaka_arm_left success 0.370751 0.230236 -0.440860 0.600662 0.397782 0.072677 0.689705 -1.872809 0.841652 2.747384 -0.794830 -0.302425 -1.174613 0.632813
1776408894.676756 jaka_arm_left success 0.370695 0.230121 -0.441027 0.600728 0.398416 0.071930 0.689359 -1.873745 0.841525 2.748458 -0.794450 -0.301887 -1.174065 0.630584
1776408894.685109 jaka_arm_left success 0.370824 0.230255 -0.441289 0.603043 0.397144 0.072581 0.688002 -1.874684 0.840157 2.749569 -0.793882 -0.299315 -1.173749 0.632518
1776408894.693480 jaka_arm_left success 0.370427 0.229786 -0.441383 0.603255 0.399737 0.071442 0.686433 -1.875839 0.840618 2.751317 -0.793435 -0.299475 -1.168742 0.628151
1776408894.701880 jaka_arm_left success 0.370316 0.229510 -0.441572 0.604339 0.400712 0.072139 0.684836 -1.876356 0.834166 2.751280 -0.807764 -0.300007 -1.155108 0.628752
1776408894.710194 jaka_arm_left success 0.370286 0.229366 -0.441768 0.606521 0.400949 0.072687 0.682707 -1.875848 0.832886 2.752003 -0.813942 -0.298694 -1.145548 0.632618
1776408894.718509 jaka_arm_left success 0.370070 0.229069 -0.441876 0.607760 0.401668 0.071109 0.681348 -1.877359 0.828410 2.754027 -0.823205 -0.297656 -1.137257 0.629694
1776408894.726774 jaka_arm_left success 0.370257 0.228808 -0.442070 0.609549 0.401077 0.071981 0.680004 -1.877479 0.827508 2.754299 -0.825227 -0.296244 -1.133795 0.632751
1776408894.735148 jaka_arm_left success 0.370039 0.228452 -0.442071 0.609981 0.403212 0.071889 0.678363 -1.874735 0.817993 2.753551 -0.847146 -0.298775 -1.116562 0.633656
1776408894.743485 jaka_arm_left success 0.369948 0.228159 -0.442103 0.610016 0.403219 0.070096 0.678514 -1.874184 0.818652 2.754132 -0.847669 -0.298682 -1.116835 0.633004
1776408894.751778 jaka_arm_left success 0.369827 0.228085 -0.442060 0.610689 0.402974 0.069220 0.678144 -1.873587 0.818758 2.755143 -0.847842 -0.297945 -1.116788 0.632687
1776408894.760159 jaka_arm_left success 0.369500 0.227896 -0.441845 0.610458 0.404233 0.068923 0.677633 -1.875420 0.816565 2.756228 -0.849229 -0.297866 -1.115060 0.628595
1776408894.768432 jaka_arm_left success 0.369349 0.227788 -0.441719 0.610173 0.403220 0.068214 0.678564 -1.875705 0.817133 2.756261 -0.849931 -0.297701 -1.115729 0.628586
1776408894.776826 jaka_arm_left success 0.369066 0.227703 -0.441520 0.609830 0.402748 0.067954 0.679179 -1.875956 0.817594 2.756266 -0.850536 -0.297565 -1.116341 0.628601
1776408894.785153 jaka_arm_left success 0.368791 0.227654 -0.441309 0.609623 0.401835 0.067732 0.679927 -1.875932 0.817252 2.756255 -0.851545 -0.296995 -1.118620 0.629168
1776408894.793505 jaka_arm_left success 0.368367 0.227707 -0.441060 0.610176 0.401304 0.069040 0.679613 -1.875994 0.816082 2.755902 -0.851031 -0.296363 -1.118944 0.630944
1776408894.801779 jaka_arm_left success 0.367963 0.227621 -0.440843 0.609831 0.400958 0.070198 0.680008 -1.873916 0.816313 2.753790 -0.851080 -0.297821 -1.120800 0.634259
1776408894.810112 jaka_arm_left success 0.367560 0.227736 -0.440661 0.610665 0.399629 0.071470 0.679909 -1.870660 0.816027 2.752718 -0.851029 -0.297449 -1.122490 0.639902
1776408894.818503 jaka_arm_left success 0.367198 0.227801 -0.440539 0.611187 0.398043 0.073313 0.680175 -1.868501 0.816418 2.750743 -0.851094 -0.297568 -1.123911 0.645991
1776408894.826847 jaka_arm_left success 0.366657 0.227798 -0.440430 0.611069 0.397524 0.074067 0.680502 -1.868597 0.816249 2.750032 -0.851337 -0.297616 -1.124559 0.647314
1776408894.835191 jaka_arm_left success 0.366280 0.227734 -0.440403 0.610191 0.396579 0.074848 0.681755 -1.863481 0.817188 2.747466 -0.851466 -0.299612 -1.128391 0.652814
1776408894.843501 jaka_arm_left success 0.365971 0.227948 -0.440405 0.611025 0.394933 0.075696 0.681870 -1.864829 0.816615 2.747162 -0.851582 -0.298539 -1.128912 0.654413
1776408894.851783 jaka_arm_left success 0.365557 0.228041 -0.440392 0.610786 0.394636 0.075421 0.682287 -1.864842 0.816933 2.747415 -0.852023 -0.298193 -1.129372 0.654480
1776408894.860158 jaka_arm_left success 0.365270 0.228122 -0.440359 0.610058 0.394138 0.074933 0.683278 -1.863132 0.816684 2.747031 -0.852687 -0.298551 -1.132913 0.655077
1776408894.868433 jaka_arm_left success 0.365102 0.228472 -0.440380 0.610699 0.392467 0.074457 0.683720 -1.862942 0.819838 2.748341 -0.840298 -0.295816 -1.144781 0.655472
1776408894.876823 jaka_arm_left success 0.365008 0.228680 -0.440384 0.610276 0.391777 0.073815 0.684562 -1.865146 0.818732 2.749278 -0.839029 -0.294842 -1.148298 0.652137
1776408894.885177 jaka_arm_left success 0.365111 0.229037 -0.440462 0.610197 0.390566 0.073874 0.685317 -1.865269 0.823228 2.749343 -0.827240 -0.293796 -1.158568 0.652505
1776408894.893536 jaka_arm_left success 0.365013 0.229178 -0.440438 0.609442 0.390761 0.072974 0.685975 -1.867083 0.822919 2.750361 -0.826719 -0.293410 -1.159889 0.648800
1776408894.901786 jaka_arm_left success 0.364956 0.229383 -0.440472 0.608776 0.390906 0.072509 0.686532 -1.866621 0.824963 2.750648 -0.819385 -0.293355 -1.167245 0.647116
1776408894.910107 jaka_arm_left success 0.364933 0.229745 -0.440476 0.608600 0.390944 0.072331 0.686685 -1.867808 0.825794 2.750886 -0.818594 -0.293212 -1.167016 0.646085
1776408894.918468 jaka_arm_left success 0.364773 0.229838 -0.440452 0.607283 0.392365 0.071945 0.687082 -1.866744 0.826528 2.750323 -0.818499 -0.295153 -1.166767 0.644382
1776408894.926792 jaka_arm_left success 0.364575 0.230075 -0.440490 0.606459 0.393477 0.072083 0.687158 -1.866131 0.826705 2.749389 -0.818098 -0.296881 -1.166587 0.643539
1776408894.935189 jaka_arm_left success 0.364660 0.230631 -0.440613 0.607167 0.392954 0.074026 0.686626 -1.866511 0.825517 2.748729 -0.816954 -0.296410 -1.166285 0.645714
1776408894.943550 jaka_arm_left success 0.364622 0.230867 -0.440713 0.606527 0.393158 0.074487 0.687025 -1.864170 0.826868 2.747327 -0.816504 -0.297863 -1.167869 0.647970
1776408894.951871 jaka_arm_left success 0.364502 0.231051 -0.440788 0.605625 0.393668 0.074204 0.687559 -1.863785 0.827473 2.746996 -0.816758 -0.298766 -1.168086 0.647232
1776408894.960161 jaka_arm_left success 0.364426 0.231430 -0.440834 0.605231 0.393875 0.073990 0.687810 -1.863128 0.827366 2.746474 -0.816401 -0.299764 -1.168274 0.646826
1776408894.968456 jaka_arm_left success 0.364426 0.231724 -0.440949 0.604640 0.393454 0.073285 0.688646 -1.861707 0.832192 2.747032 -0.803576 -0.298987 -1.180536 0.646134
1776408894.976782 jaka_arm_left success 0.364476 0.232219 -0.441058 0.604729 0.392589 0.072968 0.689095 -1.865240 0.831283 2.748473 -0.799513 -0.297016 -1.185075 0.642308
1776408894.985118 jaka_arm_left success 0.364387 0.232405 -0.441138 0.603612 0.393145 0.072651 0.689791 -1.863656 0.835208 2.747836 -0.792063 -0.298203 -1.191265 0.641931
1776408894.993515 jaka_arm_left success 0.364407 0.232805 -0.441312 0.603421 0.392490 0.072309 0.690367 -1.866494 0.836627 2.749155 -0.785142 -0.296451 -1.197141 0.638753
1776408895.001855 jaka_arm_left success 0.364366 0.233056 -0.441393 0.602620 0.392239 0.071059 0.691338 -1.867394 0.839070 2.749960 -0.775673 -0.295985 -1.207508 0.634655
1776408895.018512 jaka_arm_left success 0.364296 0.233238 -0.441436 0.602141 0.392736 0.070625 0.691518 -1.866819 0.839383 2.750158 -0.775649 -0.296305 -1.207324 0.634006
1776408895.026811 jaka_arm_left success 0.364358 0.233941 -0.441658 0.602028 0.391915 0.069074 0.692238 -1.874001 0.844698 2.753483 -0.759706 -0.292776 -1.217754 0.625549
1776408895.035201 jaka_arm_left success 0.364373 0.233913 -0.441772 0.600428 0.392469 0.068148 0.693405 -1.872386 0.845629 2.752826 -0.760145 -0.294496 -1.219500 0.624405
1776408895.043630 jaka_arm_left success 0.364460 0.234225 -0.441897 0.600708 0.391650 0.067337 0.693704 -1.872901 0.849813 2.754551 -0.742934 -0.292095 -1.234530 0.621862
1776408895.051826 jaka_arm_left success 0.364547 0.234406 -0.442017 0.600294 0.391474 0.067014 0.694193 -1.875025 0.850644 2.754800 -0.742508 -0.291889 -1.234571 0.620036
1776408895.060186 jaka_arm_left success 0.364591 0.234517 -0.442078 0.600070 0.391410 0.066442 0.694478 -1.875630 0.850405 2.755355 -0.740446 -0.291631 -1.237327 0.617763
1776408895.068540 jaka_arm_left success 0.364611 0.234567 -0.442114 0.600031 0.391750 0.066261 0.694337 -1.875397 0.850435 2.755469 -0.740328 -0.291677 -1.237172 0.617587
1776408895.076844 jaka_arm_left success 0.364601 0.234477 -0.442135 0.599088 0.392330 0.065762 0.694872 -1.875250 0.852794 2.755266 -0.738362 -0.292547 -1.237835 0.616595
1776408895.085227 jaka_arm_left success 0.364646 0.234530 -0.442191 0.598932 0.392263 0.065401 0.695078 -1.876140 0.852598 2.755819 -0.735579 -0.292188 -1.241241 0.614150
1776408895.093424 jaka_arm_left success 0.364723 0.234568 -0.442294 0.598526 0.391538 0.064601 0.695910 -1.877686 0.857943 2.757144 -0.720575 -0.290357 -1.253451 0.611559
1776408895.101743 jaka_arm_left success 0.364754 0.234608 -0.442352 0.598339 0.391197 0.064269 0.696294 -1.879372 0.859498 2.757518 -0.720123 -0.289944 -1.252923 0.610616
1776408895.110114 jaka_arm_left success 0.364698 0.234608 -0.442366 0.597978 0.391534 0.064142 0.696426 -1.879372 0.859498 2.757518 -0.720123 -0.289944 -1.252923 0.610616
1776408895.118533 jaka_arm_left success 0.364583 0.234628 -0.442312 0.597982 0.392466 0.064519 0.695863 -1.878722 0.859213 2.757373 -0.719483 -0.290584 -1.252212 0.610115
1776408895.126875 jaka_arm_left success 0.364600 0.234632 -0.442366 0.597494 0.391699 0.064014 0.696761 -1.878945 0.859807 2.757197 -0.720071 -0.290779 -1.252789 0.609932
1776408895.135163 jaka_arm_left success 0.364625 0.234900 -0.442424 0.598518 0.390643 0.064329 0.696445 -1.879640 0.859235 2.757284 -0.719964 -0.289931 -1.253434 0.610878
1776408895.143481 jaka_arm_left success 0.364639 0.234987 -0.442383 0.599357 0.389493 0.064352 0.696366 -1.881310 0.860283 2.758928 -0.713045 -0.287346 -1.259494 0.609781
1776408895.151777 jaka_arm_left success 0.364598 0.235000 -0.442348 0.599614 0.389082 0.064325 0.696377 -1.881801 0.860207 2.758836 -0.713139 -0.287064 -1.259731 0.610248
1776408895.160160 jaka_arm_left success 0.364535 0.234910 -0.442336 0.599462 0.388698 0.064170 0.696736 -1.881956 0.860422 2.758879 -0.713395 -0.286929 -1.260019 0.610308
1776408895.168499 jaka_arm_left success 0.364464 0.234896 -0.442285 0.599594 0.388412 0.064286 0.696772 -1.881956 0.860422 2.758879 -0.713395 -0.286929 -1.260019 0.610308
1776408895.176791 jaka_arm_left success 0.364543 0.234917 -0.442283 0.600230 0.387244 0.064918 0.696815 -1.882562 0.863397 2.759175 -0.705286 -0.285188 -1.266694 0.612265
1776408895.185196 jaka_arm_left success 0.364478 0.234853 -0.442252 0.599913 0.387081 0.065176 0.697155 -1.882562 0.863397 2.759175 -0.705286 -0.285188 -1.266694 0.612265
1776408895.193579 jaka_arm_left success 0.364224 0.234560 -0.442164 0.598727 0.387894 0.063573 0.697870 -1.882484 0.864042 2.759275 -0.705495 -0.286143 -1.268078 0.609396
1776408895.201857 jaka_arm_left success 0.364190 0.234725 -0.442165 0.600002 0.386970 0.063888 0.697259 -1.883146 0.863249 2.759926 -0.705218 -0.284599 -1.268089 0.610643
1776408895.210315 jaka_arm_left success 0.364165 0.234737 -0.442163 0.600045 0.386581 0.064069 0.697421 -1.883146 0.863249 2.759926 -0.705218 -0.284599 -1.268089 0.610643
1776408895.218517 jaka_arm_left success 0.364162 0.234872 -0.442173 0.600859 0.386075 0.064548 0.696956 -1.884008 0.862573 2.760164 -0.705003 -0.283453 -1.268202 0.611917
1776408895.226801 jaka_arm_left success 0.364107 0.234912 -0.442148 0.601223 0.386258 0.065103 0.696489 -1.884012 0.862180 2.760147 -0.704615 -0.283375 -1.267878 0.612145
1776408895.235141 jaka_arm_left success 0.364080 0.234926 -0.442138 0.601289 0.386296 0.065233 0.696398 -1.884012 0.862180 2.760147 -0.704615 -0.283375 -1.267878 0.612145
1776408895.243470 jaka_arm_left success 0.364083 0.234943 -0.442152 0.601288 0.386224 0.065297 0.696434 -1.884012 0.862180 2.760147 -0.704615 -0.283375 -1.267878 0.612145
1776408895.251807 jaka_arm_left success 0.364093 0.234941 -0.442201 0.601023 0.385795 0.064945 0.696933 -1.884251 0.862330 2.760072 -0.704812 -0.283314 -1.268122 0.612286
1776408895.260184 jaka_arm_left success 0.364115 0.234872 -0.442220 0.600291 0.385549 0.064042 0.697783 -1.884408 0.864393 2.760277 -0.698286 -0.283181 -1.275393 0.610454
1776408895.268449 jaka_arm_left success 0.364052 0.234829 -0.442175 0.600364 0.386214 0.064597 0.697302 -1.884203 0.864131 2.760313 -0.697887 -0.283229 -1.274965 0.610449
1776408895.276754 jaka_arm_left success 0.364053 0.234821 -0.442188 0.600210 0.386012 0.064395 0.697564 -1.884203 0.864131 2.760313 -0.697887 -0.283229 -1.274965 0.610449
1776408895.285158 jaka_arm_left success 0.364088 0.234915 -0.442175 0.600459 0.385750 0.064645 0.697472 -1.884203 0.864131 2.760313 -0.697887 -0.283229 -1.274965 0.610449
1776408895.293508 jaka_arm_left success 0.364083 0.234953 -0.442162 0.600568 0.385677 0.064692 0.697414 -1.884203 0.864131 2.760313 -0.697887 -0.283229 -1.274965 0.610449
1776408895.301777 jaka_arm_left success 0.364099 0.234958 -0.442174 0.600482 0.385581 0.064699 0.697541 -1.884203 0.864131 2.760313 -0.697887 -0.283229 -1.274965 0.610449
1776408895.310120 jaka_arm_left success 0.364157 0.235063 -0.442190 0.600765 0.385116 0.065162 0.697510 -1.884975 0.863860 2.760007 -0.697810 -0.282958 -1.275080 0.611280
1776408895.318492 jaka_arm_left success 0.364109 0.235127 -0.442154 0.600969 0.385374 0.065375 0.697173 -1.884975 0.863860 2.760007 -0.697810 -0.282958 -1.275080 0.611280
1776408895.326837 jaka_arm_left success 0.364099 0.235379 -0.442193 0.601824 0.384529 0.065605 0.696880 -1.885286 0.863068 2.760339 -0.697255 -0.282070 -1.274697 0.612210
1776408895.335121 jaka_arm_left success 0.364191 0.235536 -0.442286 0.601841 0.383624 0.065949 0.697331 -1.886282 0.863485 2.760533 -0.697653 -0.280935 -1.275407 0.613608
1776408895.343433 jaka_arm_left success 0.364197 0.235592 -0.442287 0.601911 0.383722 0.066301 0.697183 -1.886282 0.863485 2.760533 -0.697653 -0.280935 -1.275407 0.613608
1776408895.351812 jaka_arm_left success 0.364098 0.235646 -0.442283 0.601507 0.383859 0.065581 0.697524 -1.886282 0.863485 2.760533 -0.697653 -0.280935 -1.275407 0.613608
1776408895.360170 jaka_arm_left success 0.364090 0.235694 -0.442267 0.601624 0.384123 0.065716 0.697266 -1.886282 0.863485 2.760533 -0.697653 -0.280935 -1.275407 0.613608
1776408895.368517 jaka_arm_left success 0.364097 0.235708 -0.442283 0.601289 0.383924 0.065313 0.697703 -1.885357 0.867206 2.760453 -0.690554 -0.281279 -1.280660 0.613312
1776408895.376891 jaka_arm_left success 0.364058 0.235739 -0.442218 0.601580 0.384342 0.065584 0.697196 -1.885202 0.866891 2.760547 -0.690200 -0.281226 -1.280305 0.613317
1776408895.385231 jaka_arm_left success 0.364047 0.235738 -0.442191 0.601603 0.384539 0.065557 0.697069 -1.885202 0.866891 2.760547 -0.690200 -0.281226 -1.280305 0.613317
1776408895.393464 jaka_arm_left success 0.364049 0.235823 -0.442183 0.601915 0.384266 0.065289 0.696976 -1.885063 0.866712 2.760806 -0.690029 -0.280993 -1.280101 0.613279
1776408895.401796 jaka_arm_left success 0.364069 0.235839 -0.442196 0.601934 0.384115 0.065251 0.697046 -1.885063 0.866712 2.760806 -0.690029 -0.280993 -1.280101 0.613279
1776408895.410175 jaka_arm_left success 0.364091 0.235904 -0.442228 0.601988 0.383845 0.065355 0.697139 -1.885673 0.866451 2.761219 -0.690083 -0.280211 -1.280190 0.613458
1776408895.418495 jaka_arm_left success 0.364074 0.235922 -0.442219 0.601908 0.383964 0.065574 0.697121 -1.885673 0.866451 2.761219 -0.690083 -0.280211 -1.280190 0.613458
1776408895.426836 jaka_arm_left success 0.364117 0.235987 -0.442265 0.601695 0.383351 0.065298 0.697668 -1.887246 0.866201 2.761217 -0.690022 -0.280134 -1.281245 0.611953
1776408895.435144 jaka_arm_left success 0.364154 0.236148 -0.442302 0.601999 0.382770 0.065135 0.697740 -1.888616 0.866036 2.761910 -0.688152 -0.279052 -1.283331 0.610907
1776408895.443443 jaka_arm_left success 0.364132 0.236300 -0.442300 0.602242 0.382610 0.065249 0.697608 -1.888616 0.866036 2.761910 -0.688152 -0.279052 -1.283331 0.610907
1776408895.451884 jaka_arm_left success 0.364117 0.236364 -0.442290 0.602253 0.382562 0.065352 0.697615 -1.888685 0.865850 2.761902 -0.687981 -0.278955 -1.283237 0.611101
1776408895.460155 jaka_arm_left success 0.363949 0.236307 -0.442227 0.601722 0.383598 0.065283 0.697511 -1.887906 0.865987 2.761776 -0.687631 -0.279720 -1.282754 0.610325
1776408895.468463 jaka_arm_left success 0.363937 0.236294 -0.442232 0.601360 0.383600 0.065145 0.697835 -1.888011 0.866280 2.761588 -0.687868 -0.279943 -1.282996 0.610228
1776408895.476834 jaka_arm_left success 0.363978 0.236356 -0.442269 0.601415 0.383215 0.065015 0.698010 -1.888011 0.866280 2.761588 -0.687868 -0.279943 -1.282996 0.610228
1776408895.485212 jaka_arm_left success 0.364044 0.236446 -0.442290 0.601727 0.382631 0.064961 0.698067 -1.888145 0.869336 2.762004 -0.679204 -0.278911 -1.290087 0.610441
1776408895.493507 jaka_arm_left success 0.364036 0.236473 -0.442295 0.601727 0.382551 0.064708 0.698135 -1.888205 0.869520 2.762113 -0.679403 -0.278794 -1.290262 0.610369
1776408895.501845 jaka_arm_left success 0.363914 0.236458 -0.442273 0.601402 0.383487 0.064516 0.697919 -1.887606 0.869586 2.762277 -0.679190 -0.279096 -1.289889 0.609713
1776408895.510106 jaka_arm_left success 0.363898 0.236486 -0.442282 0.601419 0.383499 0.064497 0.697900 -1.887606 0.869586 2.762277 -0.679190 -0.279096 -1.289889 0.609713
1776408895.518525 jaka_arm_left success 0.363916 0.236504 -0.442305 0.601231 0.383306 0.064429 0.698174 -1.887606 0.869586 2.762277 -0.679190 -0.279096 -1.289889 0.609713
1776408895.526782 jaka_arm_left success 0.363855 0.236539 -0.442266 0.601411 0.383917 0.064986 0.697632 -1.887557 0.869304 2.761983 -0.678791 -0.279497 -1.289492 0.609624
1776408895.535129 jaka_arm_left success 0.363814 0.236572 -0.442247 0.601466 0.384081 0.065151 0.697478 -1.887557 0.869304 2.761983 -0.678791 -0.279497 -1.289492 0.609624
1776408895.543432 jaka_arm_left success 0.363849 0.236588 -0.442303 0.601108 0.383486 0.064771 0.698150 -1.887723 0.869617 2.761855 -0.679101 -0.279627 -1.289787 0.609522
1776408895.551831 jaka_arm_left success 0.363855 0.236606 -0.442312 0.600977 0.383364 0.064738 0.698332 -1.887723 0.869617 2.761855 -0.679101 -0.279627 -1.289787 0.609522
1776408895.560146 jaka_arm_left success 0.363832 0.236645 -0.442292 0.600949 0.383420 0.064654 0.698333 -1.887723 0.869617 2.761855 -0.679101 -0.279627 -1.289787 0.609522
1776408895.568531 jaka_arm_left success 0.363838 0.236669 -0.442293 0.600898 0.383381 0.064634 0.698400 -1.887723 0.869617 2.761855 -0.679101 -0.279627 -1.289787 0.609522
1776408895.576817 jaka_arm_left success 0.363820 0.236618 -0.442279 0.600426 0.383634 0.064356 0.698693 -1.887729 0.870159 2.761721 -0.679552 -0.279941 -1.290175 0.609133
1776408895.585112 jaka_arm_left success 0.363761 0.236645 -0.442281 0.600569 0.383974 0.063972 0.698418 -1.887245 0.870267 2.761967 -0.679503 -0.280044 -1.290025 0.608606
1776408895.593455 jaka_arm_left success 0.363929 0.236783 -0.442306 0.601430 0.383335 0.065057 0.697928 -1.887715 0.869532 2.761750 -0.678991 -0.279832 -1.289727 0.609302
1776408895.601834 jaka_arm_left success 0.363870 0.236747 -0.442327 0.600879 0.383815 0.064481 0.698192 -1.887612 0.869805 2.761805 -0.679198 -0.279923 -1.289874 0.609016
1776408895.610095 jaka_arm_left success 0.363989 0.236707 -0.442361 0.600299 0.383599 0.064716 0.698788 -1.887846 0.870105 2.761495 -0.679477 -0.280235 -1.290181 0.608926
1776408895.618437 jaka_arm_left success 0.364010 0.236764 -0.442395 0.600095 0.383570 0.064475 0.699001 -1.887917 0.869808 2.761380 -0.678397 -0.280569 -1.292179 0.607712
1776408895.626809 jaka_arm_left success 0.363856 0.236742 -0.442410 0.599581 0.384665 0.064136 0.698872 -1.886983 0.870104 2.761483 -0.678178 -0.281207 -1.291736 0.606722
1776408895.635121 jaka_arm_left success 0.363732 0.236907 -0.442440 0.599717 0.385072 0.063617 0.698578 -1.886593 0.870142 2.761671 -0.678057 -0.281288 -1.291528 0.606343
1776408895.643450 jaka_arm_left success 0.363818 0.237026 -0.442498 0.599861 0.384709 0.063985 0.698622 -1.886593 0.870142 2.761671 -0.678057 -0.281288 -1.291528 0.606343
1776408895.651855 jaka_arm_left success 0.363749 0.237011 -0.442522 0.599210 0.385396 0.063836 0.698815 -1.886562 0.870455 2.761094 -0.678111 -0.282175 -1.291554 0.605851
1776408895.660168 jaka_arm_left success 0.363715 0.237192 -0.442524 0.599759 0.385508 0.063972 0.698270 -1.886387 0.870075 2.761265 -0.677725 -0.282006 -1.291193 0.605931
1776408895.668500 jaka_arm_left success 0.363757 0.237373 -0.442529 0.600104 0.385273 0.064313 0.698072 -1.886498 0.869666 2.761311 -0.677410 -0.281783 -1.290965 0.606238
1776408895.676800 jaka_arm_left success 0.363772 0.237428 -0.442547 0.600020 0.385150 0.064206 0.698221 -1.886498 0.869666 2.761311 -0.677410 -0.281783 -1.290965 0.606238
1776408895.685185 jaka_arm_left success 0.363856 0.237522 -0.442571 0.600184 0.384673 0.064504 0.698316 -1.887144 0.869567 2.761183 -0.677573 -0.281460 -1.291302 0.606805
1776408895.693532 jaka_arm_left success 0.363886 0.237501 -0.442609 0.599823 0.384546 0.064512 0.698695 -1.887144 0.869567 2.761183 -0.677573 -0.281460 -1.291302 0.606805
1776408895.701804 jaka_arm_left success 0.363934 0.237531 -0.442674 0.599566 0.383966 0.063996 0.699282 -1.888624 0.871947 2.761827 -0.668239 -0.280418 -1.300897 0.604330
1776408895.710142 jaka_arm_left success 0.363906 0.237634 -0.442661 0.600023 0.384226 0.064408 0.698709 -1.888475 0.871576 2.761926 -0.667794 -0.280316 -1.300455 0.604451
1776408895.718512 jaka_arm_left success 0.363939 0.237645 -0.442712 0.599974 0.383996 0.063854 0.698929 -1.888475 0.871576 2.761926 -0.667794 -0.280316 -1.300455 0.604451
1776408895.726837 jaka_arm_left success 0.363977 0.237708 -0.442742 0.600356 0.384333 0.064597 0.698347 -1.888405 0.871267 2.762009 -0.667428 -0.280195 -1.300085 0.604600
1776408895.735235 jaka_arm_left success 0.363859 0.237607 -0.442756 0.599951 0.385200 0.063941 0.698278 -1.887788 0.871991 2.762016 -0.667297 -0.280945 -1.299377 0.603484
1776408895.743469 jaka_arm_left success 0.363855 0.237596 -0.442796 0.599880 0.385322 0.063922 0.698273 -1.887788 0.871991 2.762016 -0.667297 -0.280945 -1.299377 0.603484
1776408895.751860 jaka_arm_left success 0.363866 0.237557 -0.442835 0.599971 0.385236 0.063548 0.698276 -1.887620 0.872075 2.762390 -0.667311 -0.280629 -1.299275 0.603374
1776408895.760216 jaka_arm_left success 0.363892 0.237412 -0.442833 0.599439 0.385752 0.063593 0.698444 -1.887496 0.872522 2.762050 -0.667068 -0.281426 -1.298598 0.602694
1776408895.768448 jaka_arm_left success 0.363889 0.237210 -0.442832 0.598602 0.386218 0.063411 0.698921 -1.887523 0.873105 2.761879 -0.667488 -0.281774 -1.298895 0.602334
1776408895.776799 jaka_arm_left success 0.363889 0.237128 -0.442835 0.598438 0.386349 0.063559 0.698975 -1.887523 0.873105 2.761879 -0.667488 -0.281774 -1.298895 0.602334
1776408895.785137 jaka_arm_left success 0.363861 0.237063 -0.442828 0.598279 0.386246 0.062996 0.699219 -1.887395 0.873622 2.761855 -0.667820 -0.282030 -1.299088 0.601917
1776408895.793441 jaka_arm_left success 0.363901 0.237102 -0.442832 0.598447 0.385991 0.062893 0.699226 -1.887395 0.873622 2.761855 -0.667820 -0.282030 -1.299088 0.601917
1776408895.801860 jaka_arm_left success 0.363894 0.237233 -0.442860 0.599078 0.385468 0.062805 0.698982 -1.888091 0.873625 2.762456 -0.668042 -0.280899 -1.299295 0.602441
1776408895.810217 jaka_arm_left success 0.363914 0.237275 -0.442858 0.599208 0.385288 0.062664 0.698982 -1.888091 0.873625 2.762456 -0.668042 -0.280899 -1.299295 0.602441
1776408895.818498 jaka_arm_left success 0.363973 0.237510 -0.442891 0.600196 0.384382 0.063383 0.698568 -1.888937 0.872792 2.762856 -0.667675 -0.279642 -1.299176 0.603661
1776408895.826824 jaka_arm_left success 0.363895 0.237432 -0.442887 0.599905 0.384580 0.062633 0.698777 -1.889254 0.873139 2.763426 -0.667815 -0.279436 -1.299137 0.602286
1776408895.835120 jaka_arm_left success 0.363955 0.237393 -0.443006 0.599426 0.383784 0.062023 0.699680 -1.894828 0.878254 2.765127 -0.653986 -0.277248 -1.308401 0.596893
1776408895.843459 jaka_arm_left success 0.364038 0.237436 -0.443057 0.599781 0.383015 0.062410 0.699762 -1.895093 0.878065 2.765340 -0.653999 -0.276468 -1.308825 0.597963
1776408895.851778 jaka_arm_left success 0.364070 0.237486 -0.443086 0.599910 0.382292 0.061799 0.700101 -1.895232 0.878359 2.765429 -0.654367 -0.276292 -1.309240 0.598014
1776408895.860213 jaka_arm_left success 0.364072 0.237493 -0.443100 0.599954 0.382035 0.061545 0.700226 -1.894307 0.880625 2.765790 -0.647067 -0.275596 -1.315790 0.598418
1776408895.868437 jaka_arm_left success 0.363842 0.237424 -0.442983 0.599933 0.383884 0.062278 0.699167 -1.893538 0.880310 2.765330 -0.645962 -0.276819 -1.314175 0.597515
1776408895.876796 jaka_arm_left success 0.363969 0.237444 -0.443015 0.600131 0.382765 0.062241 0.699615 -1.894195 0.880550 2.765294 -0.646441 -0.276461 -1.314724 0.597964
1776408895.885193 jaka_arm_left success 0.363923 0.237415 -0.442974 0.600256 0.383080 0.062496 0.699311 -1.894195 0.880550 2.765294 -0.646441 -0.276461 -1.314724 0.597964
1776408895.893463 jaka_arm_left success 0.363889 0.237443 -0.442931 0.600480 0.383248 0.062391 0.699037 -1.894065 0.880198 2.765492 -0.646095 -0.276230 -1.314371 0.598090
1776408895.901794 jaka_arm_left success 0.363892 0.237425 -0.442948 0.600491 0.383179 0.062451 0.699059 -1.894065 0.880198 2.765492 -0.646095 -0.276230 -1.314371 0.598090
1776408895.910168 jaka_arm_left success 0.363904 0.237447 -0.442956 0.600619 0.383088 0.062290 0.699014 -1.894161 0.879802 2.766168 -0.645861 -0.275266 -1.314047 0.598517
1776408895.918516 jaka_arm_left success 0.363714 0.237362 -0.442923 0.600018 0.384312 0.061475 0.698930 -1.893232 0.880594 2.765964 -0.646032 -0.276507 -1.313706 0.596829
1776408895.926850 jaka_arm_left success 0.363860 0.237381 -0.443052 0.599794 0.383306 0.061415 0.699680 -1.893715 0.880956 2.765800 -0.646529 -0.276479 -1.314229 0.596964
1776408895.935202 jaka_arm_left success 0.363968 0.237448 -0.443158 0.599737 0.382395 0.060827 0.700278 -1.895074 0.880718 2.766379 -0.647210 -0.275461 -1.315680 0.596320
1776408895.943516 jaka_arm_left success 0.363998 0.237495 -0.443188 0.599834 0.382134 0.060698 0.700349 -1.895815 0.880373 2.766760 -0.646898 -0.274916 -1.316352 0.595709
1776408895.951807 jaka_arm_left success 0.363996 0.237496 -0.443198 0.599751 0.382196 0.060700 0.700386 -1.895815 0.880373 2.766760 -0.646898 -0.274916 -1.316352 0.595709
1776408895.960193 jaka_arm_left success 0.363946 0.237451 -0.443171 0.599546 0.382803 0.061142 0.700191 -1.895645 0.880158 2.766358 -0.646454 -0.275508 -1.315925 0.595551
1776408895.968486 jaka_arm_left success 0.363936 0.237439 -0.443176 0.599442 0.382948 0.061223 0.700194 -1.895645 0.880158 2.766358 -0.646454 -0.275508 -1.315925 0.595551
1776408895.976821 jaka_arm_left success 0.363935 0.237482 -0.443185 0.599643 0.382828 0.061117 0.700097 -1.895645 0.880158 2.766358 -0.646454 -0.275508 -1.315925 0.595551
1776408895.985118 jaka_arm_left success 0.363929 0.237498 -0.443168 0.599623 0.382857 0.060803 0.700126 -1.895645 0.880158 2.766358 -0.646454 -0.275508 -1.315925 0.595551
1776408895.993467 jaka_arm_left success 0.363965 0.237531 -0.443189 0.599645 0.382451 0.060205 0.700380 -1.895489 0.880590 2.766668 -0.646844 -0.275318 -1.316235 0.595260
1776408896.001786 jaka_arm_left success 0.363965 0.237642 -0.443161 0.600073 0.382122 0.059812 0.700227 -1.897124 0.879637 2.767833 -0.646215 -0.274006 -1.317304 0.593253
1776408896.010146 jaka_arm_left success 0.363963 0.237662 -0.443163 0.600121 0.382079 0.059653 0.700223 -1.897124 0.879637 2.767833 -0.646215 -0.274006 -1.317304 0.593253
1776408896.018486 jaka_arm_left success 0.363939 0.237649 -0.443165 0.600085 0.382390 0.060015 0.700053 -1.897124 0.879637 2.767833 -0.646215 -0.274006 -1.317304 0.593253
1776408896.031307 jaka_arm_left success 0.363930 0.237667 -0.443190 0.599853 0.382516 0.059824 0.700199 -1.897124 0.879637 2.767833 -0.646215 -0.274006 -1.317304 0.593253
1776408896.043517 jaka_arm_left success 0.363959 0.237852 -0.443222 0.600388 0.382587 0.060457 0.699647 -1.897029 0.879214 2.767762 -0.645737 -0.274071 -1.316879 0.593385
1776408896.051816 jaka_arm_left success 0.363962 0.237820 -0.443243 0.599852 0.382842 0.060247 0.699985 -1.896659 0.879964 2.767106 -0.645904 -0.275324 -1.316917 0.592505
1776408896.060197 jaka_arm_left success 0.364019 0.237961 -0.443346 0.600000 0.381967 0.059868 0.700369 -1.896987 0.880637 2.767613 -0.640940 -0.273980 -1.321937 0.593162
1776408896.068474 jaka_arm_left success 0.364046 0.238010 -0.443395 0.599953 0.381670 0.059545 0.700599 -1.899328 0.882585 2.768638 -0.638568 -0.272911 -1.322524 0.591190
1776408896.076833 jaka_arm_left success 0.364098 0.238041 -0.443436 0.599885 0.381521 0.059571 0.700736 -1.898793 0.885726 2.768836 -0.630740 -0.272567 -1.328095 0.591316
1776408896.085155 jaka_arm_left success 0.364131 0.238063 -0.443463 0.599862 0.381442 0.059456 0.700809 -1.898793 0.885726 2.768836 -0.630740 -0.272567 -1.328095 0.591316
1776408896.093488 jaka_arm_left success 0.364118 0.238199 -0.443449 0.600257 0.381248 0.059093 0.700606 -1.900122 0.884976 2.769537 -0.630730 -0.271587 -1.328606 0.590340
1776408896.101789 jaka_arm_left success 0.364133 0.238259 -0.443454 0.600424 0.381166 0.058935 0.700522 -1.900505 0.884680 2.769947 -0.630445 -0.271276 -1.328628 0.589482
1776408896.110228 jaka_arm_left success 0.364175 0.238257 -0.443491 0.600334 0.381107 0.058996 0.700625 -1.900505 0.884680 2.769947 -0.630445 -0.271276 -1.328628 0.589482
1776408896.118452 jaka_arm_left success 0.364312 0.238305 -0.443542 0.600613 0.380354 0.059278 0.700771 -1.902320 0.886124 2.770139 -0.626575 -0.270431 -1.331384 0.589320
1776408896.126835 jaka_arm_left success 0.364245 0.238262 -0.443552 0.600309 0.381212 0.059074 0.700583 -1.901647 0.886185 2.770237 -0.626315 -0.270787 -1.330997 0.588689
1776408896.135151 jaka_arm_left success 0.364286 0.238177 -0.443619 0.599883 0.381587 0.059431 0.700713 -1.901698 0.886407 2.769465 -0.626250 -0.271791 -1.330925 0.588379
1776408896.143433 jaka_arm_left success 0.364260 0.238090 -0.443636 0.599365 0.382434 0.059454 0.700693 -1.900778 0.886599 2.769323 -0.625872 -0.272617 -1.330337 0.587492
1776408896.151803 jaka_arm_left success 0.364137 0.238032 -0.443666 0.598683 0.383394 0.058628 0.700821 -1.900071 0.887392 2.769352 -0.626227 -0.273230 -1.330423 0.586447
1776408896.160150 jaka_arm_left success 0.364221 0.238107 -0.443707 0.598826 0.383244 0.058925 0.700756 -1.900071 0.887392 2.769352 -0.626227 -0.273230 -1.330423 0.586447
1776408896.168445 jaka_arm_left success 0.364259 0.238134 -0.443743 0.598754 0.383155 0.058818 0.700875 -1.900071 0.887392 2.769352 -0.626227 -0.273230 -1.330423 0.586447
1776408896.176766 jaka_arm_left success 0.364243 0.238161 -0.443717 0.598822 0.383597 0.058923 0.700567 -1.899948 0.887110 2.769182 -0.625839 -0.273478 -1.330045 0.586427
1776408896.185150 jaka_arm_left success 0.364228 0.238284 -0.443695 0.599162 0.383580 0.058586 0.700313 -1.899948 0.887110 2.769182 -0.625839 -0.273478 -1.330045 0.586427
1776408896.193614 jaka_arm_left success 0.364295 0.238339 -0.443754 0.598846 0.382930 0.057992 0.700988 -1.899954 0.887509 2.769382 -0.626256 -0.273313 -1.330415 0.586247
1776408896.201780 jaka_arm_left success 0.364328 0.238419 -0.443773 0.598748 0.382613 0.057718 0.701268 -1.901231 0.886887 2.770020 -0.625470 -0.272605 -1.332357 0.584408
1776408896.210137 jaka_arm_left success 0.364361 0.238520 -0.443775 0.598664 0.382721 0.058091 0.701249 -1.901321 0.886777 2.769809 -0.625314 -0.272782 -1.332266 0.584506
1776408896.218467 jaka_arm_left success 0.364399 0.238587 -0.443780 0.598721 0.383255 0.058980 0.700835 -1.901319 0.886341 2.769478 -0.624777 -0.273101 -1.331805 0.584691
1776408896.226875 jaka_arm_left success 0.364454 0.238875 -0.443860 0.599438 0.383109 0.059438 0.700264 -1.901359 0.885851 2.769416 -0.624290 -0.273029 -1.331404 0.585040
1776408896.235112 jaka_arm_left success 0.364496 0.238648 -0.443910 0.597596 0.383663 0.058459 0.701616 -1.900438 0.887668 2.768829 -0.624920 -0.274462 -1.332025 0.583972
1776408896.243446 jaka_arm_left success 0.364613 0.238660 -0.443995 0.597024 0.383779 0.058307 0.702052 -1.899521 0.891675 2.768336 -0.615883 -0.275140 -1.338643 0.583712
1776408896.251812 jaka_arm_left success 0.364659 0.238693 -0.444079 0.596577 0.384090 0.058031 0.702284 -1.899521 0.891675 2.768336 -0.615883 -0.275140 -1.338643 0.583712
1776408896.260156 jaka_arm_left success 0.364741 0.238884 -0.444114 0.597108 0.384590 0.059229 0.701458 -1.899512 0.891182 2.768114 -0.615317 -0.275340 -1.338125 0.583884
1776408896.268506 jaka_arm_left success 0.364780 0.238969 -0.444163 0.597311 0.384982 0.059295 0.701066 -1.899350 0.890897 2.768081 -0.614914 -0.275447 -1.337692 0.583867
1776408896.276825 jaka_arm_left success 0.364824 0.239010 -0.444224 0.597070 0.385044 0.058977 0.701263 -1.899350 0.890897 2.768081 -0.614914 -0.275447 -1.337692 0.583867
1776408896.285118 jaka_arm_left success 0.364834 0.238963 -0.444251 0.596268 0.385489 0.058589 0.701734 -1.898981 0.891786 2.767892 -0.615410 -0.276149 -1.337932 0.582941
1776408896.293466 jaka_arm_left success 0.364822 0.238888 -0.444266 0.595119 0.386149 0.058000 0.702395 -1.898140 0.892792 2.767287 -0.615632 -0.277764 -1.337795 0.581291
1776408896.301833 jaka_arm_left success 0.364894 0.238852 -0.444341 0.594126 0.385951 0.057041 0.703422 -1.900344 0.894646 2.767964 -0.610692 -0.277426 -1.342666 0.577293
1776408896.310134 jaka_arm_left success 0.364946 0.239061 -0.444416 0.594673 0.385315 0.056742 0.703333 -1.901003 0.899168 2.768707 -0.601630 -0.276111 -1.347923 0.577850
1776408896.318501 jaka_arm_left success 0.364973 0.239185 -0.444466 0.594973 0.385064 0.056669 0.703222 -1.901385 0.898663 2.768943 -0.601537 -0.275786 -1.348133 0.577501
1776408896.326833 jaka_arm_left success 0.364998 0.239241 -0.444520 0.594801 0.384673 0.056036 0.703632 -1.904363 0.898735 2.770161 -0.598352 -0.274457 -1.351251 0.573946
1776408896.335248 jaka_arm_left success 0.365140 0.239312 -0.444614 0.594900 0.383649 0.056362 0.704082 -1.904257 0.902994 2.769841 -0.588144 -0.274071 -1.359237 0.575229
1776408896.343474 jaka_arm_left success 0.365109 0.239340 -0.444639 0.594723 0.383789 0.056386 0.704153 -1.904257 0.902994 2.769841 -0.588144 -0.274071 -1.359237 0.575229
1776408896.351818 jaka_arm_left success 0.365028 0.239367 -0.444631 0.594418 0.384170 0.056042 0.704230 -1.903826 0.903277 2.769900 -0.588139 -0.274456 -1.359131 0.574336
1776408896.360142 jaka_arm_left success 0.364923 0.239509 -0.444637 0.595109 0.384577 0.056047 0.703423 -1.903599 0.902891 2.770196 -0.587758 -0.274173 -1.358752 0.574370
1776408896.368474 jaka_arm_left success 0.364927 0.239523 -0.444695 0.594903 0.384163 0.055535 0.703864 -1.904827 0.902515 2.770857 -0.587986 -0.273488 -1.359345 0.572857
1776408896.376847 jaka_arm_left success 0.364914 0.239516 -0.444717 0.594828 0.384054 0.055184 0.704015 -1.904827 0.902515 2.770857 -0.587986 -0.273488 -1.359345 0.572857
1776408896.385201 jaka_arm_left success 0.364961 0.239541 -0.444741 0.595090 0.383455 0.055031 0.704132 -1.906811 0.902245 2.771787 -0.586555 -0.272279 -1.361142 0.571058
1776408896.393469 jaka_arm_left success 0.364972 0.239535 -0.444745 0.595304 0.383025 0.054785 0.704204 -1.907873 0.905720 2.772752 -0.576171 -0.270845 -1.368943 0.569973
1776408896.401796 jaka_arm_left success 0.364944 0.239526 -0.444727 0.595558 0.383079 0.054746 0.703963 -1.907873 0.905720 2.772752 -0.576171 -0.270845 -1.368943 0.569973
1776408896.410111 jaka_arm_left success 0.364826 0.239333 -0.444701 0.595117 0.383694 0.053944 0.704063 -1.907224 0.906077 2.773092 -0.576232 -0.270928 -1.368772 0.569218
1776408896.418538 jaka_arm_left success 0.364643 0.239295 -0.444657 0.595115 0.384681 0.053667 0.703547 -1.906490 0.905967 2.773301 -0.575808 -0.271160 -1.368140 0.568543
1776408896.426839 jaka_arm_left success 0.364599 0.239229 -0.444637 0.595414 0.384666 0.053182 0.703339 -1.906454 0.906178 2.773630 -0.575877 -0.271144 -1.367768 0.567624
1776408896.435150 jaka_arm_left success 0.364603 0.239316 -0.444649 0.596394 0.384249 0.053618 0.702703 -1.907716 0.905379 2.774346 -0.575691 -0.269588 -1.367530 0.568686
1776408896.443577 jaka_arm_left success 0.364639 0.239364 -0.444657 0.596929 0.383822 0.054158 0.702441 -1.907843 0.904987 2.774304 -0.575346 -0.269527 -1.367203 0.568898
1776408896.451853 jaka_arm_left success 0.364517 0.239265 -0.444637 0.596646 0.384288 0.053738 0.702459 -1.907839 0.905256 2.774317 -0.575367 -0.269858 -1.366701 0.568039
1776408896.460146 jaka_arm_left success 0.364485 0.239240 -0.444627 0.596661 0.384330 0.053847 0.702415 -1.907839 0.905256 2.774317 -0.575367 -0.269858 -1.366701 0.568039
1776408896.468475 jaka_arm_left success 0.364465 0.239226 -0.444616 0.596670 0.384287 0.053935 0.702424 -1.907839 0.905256 2.774317 -0.575367 -0.269858 -1.366701 0.568039
1776408896.476759 jaka_arm_left success 0.364448 0.239281 -0.444601 0.597077 0.383957 0.054010 0.702252 -1.908162 0.904835 2.774494 -0.575136 -0.269402 -1.366498 0.568491
1776408896.485136 jaka_arm_left success 0.364465 0.239260 -0.444623 0.596993 0.383745 0.054085 0.702434 -1.908162 0.904835 2.774494 -0.575136 -0.269402 -1.366498 0.568491
1776408896.493492 jaka_arm_left success 0.364459 0.239244 -0.444639 0.596852 0.383670 0.054211 0.702586 -1.908162 0.904835 2.774494 -0.575136 -0.269402 -1.366498 0.568491
1776408896.501763 jaka_arm_left success 0.364446 0.239236 -0.444655 0.596735 0.383576 0.054380 0.702723 -1.908162 0.904835 2.774494 -0.575136 -0.269402 -1.366498 0.568491
1776408896.510154 jaka_arm_left success 0.364445 0.239223 -0.444674 0.596602 0.383442 0.054453 0.702904 -1.908667 0.905100 2.774186 -0.575492 -0.269537 -1.366881 0.568687
1776408896.518458 jaka_arm_left success 0.364445 0.239213 -0.444686 0.596419 0.383460 0.054401 0.703053 -1.908667 0.905100 2.774186 -0.575492 -0.269537 -1.366881 0.568687
1776408896.526847 jaka_arm_left success 0.364471 0.239243 -0.444715 0.596405 0.383368 0.054429 0.703113 -1.908667 0.905100 2.774186 -0.575492 -0.269537 -1.366881 0.568687
1776408896.535215 jaka_arm_left success 0.364354 0.239138 -0.444686 0.595866 0.384229 0.053980 0.703134 -1.908418 0.905702 2.774016 -0.575846 -0.270043 -1.367039 0.568052
1776408896.543439 jaka_arm_left success 0.364572 0.239308 -0.444790 0.596242 0.382640 0.054193 0.703666 -1.909256 0.905798 2.773815 -0.576241 -0.269789 -1.367598 0.568694
1776408896.551882 jaka_arm_left success 0.364581 0.239214 -0.444791 0.595290 0.382999 0.053784 0.704308 -1.909255 0.906234 2.773730 -0.576607 -0.269979 -1.367916 0.568437
1776408896.560235 jaka_arm_left success 0.364609 0.239218 -0.444849 0.594740 0.383068 0.053535 0.704753 -1.909193 0.906730 2.773564 -0.576985 -0.270319 -1.368244 0.568066
1776408896.568584 jaka_arm_left success 0.364613 0.239312 -0.444853 0.594934 0.383644 0.054462 0.704205 -1.909049 0.906239 2.773244 -0.576382 -0.270707 -1.367707 0.568130
1776408896.576883 jaka_arm_left success 0.364656 0.239341 -0.444929 0.594577 0.383443 0.054015 0.704651 -1.909014 0.906607 2.773094 -0.576652 -0.270974 -1.367952 0.567894
1776408896.585099 jaka_arm_left success 0.364560 0.239300 -0.444932 0.594064 0.384261 0.053383 0.704686 -1.908042 0.907217 2.773201 -0.576803 -0.271556 -1.367866 0.566743
1776408896.593491 jaka_arm_left success 0.364578 0.239279 -0.444971 0.593689 0.384697 0.053256 0.704774 -1.907326 0.907529 2.772366 -0.576562 -0.273126 -1.367537 0.565614
1776408896.601817 jaka_arm_left success 0.364634 0.239327 -0.445024 0.593737 0.384754 0.053410 0.704690 -1.907326 0.907529 2.772366 -0.576562 -0.273126 -1.367537 0.565614
1776408896.610104 jaka_arm_left success 0.364665 0.239337 -0.445064 0.593724 0.384801 0.053235 0.704689 -1.907326 0.907529 2.772366 -0.576562 -0.273126 -1.367537 0.565614
1776408896.618570 jaka_arm_left success 0.364723 0.239267 -0.445133 0.593345 0.384864 0.053042 0.704988 -1.907326 0.907529 2.772366 -0.576562 -0.273126 -1.367537 0.565614
1776408896.626817 jaka_arm_left success 0.364841 0.239225 -0.445193 0.593299 0.384048 0.052420 0.705518 -1.909055 0.910168 2.773596 -0.566880 -0.271645 -1.376680 0.562632
1776408896.635168 jaka_arm_left success 0.364771 0.239205 -0.445201 0.592945 0.384781 0.051949 0.705451 -1.908596 0.910408 2.773728 -0.566830 -0.271815 -1.376477 0.562138
1776408896.643452 jaka_arm_left success 0.364896 0.239361 -0.445285 0.593496 0.383979 0.052295 0.705399 -1.909272 0.910095 2.773617 -0.566722 -0.271485 -1.376553 0.562888
1776408896.651819 jaka_arm_left success 0.364922 0.239396 -0.445324 0.593555 0.383930 0.052395 0.705369 -1.909272 0.910095 2.773617 -0.566722 -0.271485 -1.376553 0.562888
1776408896.660186 jaka_arm_left success 0.364885 0.239320 -0.445330 0.592930 0.384679 0.052347 0.705489 -1.908931 0.910517 2.773219 -0.566452 -0.272267 -1.376120 0.562371
1776408896.668473 jaka_arm_left success 0.364881 0.239521 -0.445398 0.593747 0.384776 0.052791 0.704716 -1.908836 0.910053 2.773445 -0.565997 -0.271950 -1.375705 0.562635
1776408896.676770 jaka_arm_left success 0.364969 0.239601 -0.445444 0.594063 0.384269 0.053315 0.704687 -1.909422 0.909556 2.773402 -0.565693 -0.271536 -1.375580 0.563488
1776408896.685248 jaka_arm_left success 0.365045 0.239636 -0.445493 0.594251 0.383824 0.053439 0.704761 -1.909939 0.909605 2.773917 -0.565655 -0.270496 -1.375620 0.564473
1776408896.693499 jaka_arm_left success 0.365036 0.239462 -0.445453 0.593855 0.384193 0.053169 0.704915 -1.909827 0.910148 2.773729 -0.565963 -0.270905 -1.375805 0.564050
1776408896.701894 jaka_arm_left success 0.365054 0.239437 -0.445489 0.593618 0.383758 0.052737 0.705384 -1.910355 0.912966 2.773796 -0.563575 -0.270864 -1.376674 0.563983
1776408896.710150 jaka_arm_left success 0.364884 0.239380 -0.445421 0.593870 0.384467 0.052260 0.704821 -1.909825 0.912805 2.774167 -0.563303 -0.270707 -1.376330 0.563654
1776408896.718494 jaka_arm_left success 0.364907 0.239397 -0.445418 0.594531 0.384337 0.052639 0.704306 -1.909738 0.912403 2.774341 -0.562947 -0.270486 -1.376011 0.563785
1776408896.726822 jaka_arm_left success 0.364815 0.239331 -0.445393 0.594428 0.384727 0.052235 0.704210 -1.909738 0.912403 2.774341 -0.562947 -0.270486 -1.376011 0.563785
1776408896.735304 jaka_arm_left success 0.364773 0.239297 -0.445397 0.594320 0.384908 0.051960 0.704223 -1.909285 0.912488 2.774709 -0.562922 -0.270354 -1.375858 0.563334
1776408896.743503 jaka_arm_left success 0.364774 0.239282 -0.445417 0.594246 0.384902 0.051900 0.704293 -1.909285 0.912488 2.774709 -0.562922 -0.270354 -1.375858 0.563334
1776408896.751826 jaka_arm_left success 0.364886 0.239392 -0.445528 0.594348 0.383990 0.051692 0.704720 -1.911147 0.911589 2.775174 -0.563346 -0.269727 -1.376962 0.561535
1776408896.760125 jaka_arm_left success 0.364811 0.239392 -0.445498 0.594321 0.384381 0.051602 0.704536 -1.911147 0.911589 2.775174 -0.563346 -0.269727 -1.376962 0.561535
1776408896.768547 jaka_arm_left success 0.364992 0.239433 -0.445584 0.594132 0.383073 0.051403 0.705422 -1.913589 0.914087 2.776058 -0.554474 -0.268249 -1.384966 0.559461
1776408896.776805 jaka_arm_left success 0.364970 0.239564 -0.445607 0.594601 0.382839 0.051287 0.705162 -1.913589 0.914087 2.776058 -0.554474 -0.268249 -1.384966 0.559461
1776408896.785197 jaka_arm_left success 0.364887 0.239463 -0.445573 0.593912 0.383772 0.051233 0.705240 -1.912893 0.914120 2.776147 -0.554141 -0.268561 -1.384471 0.558875
1776408896.793651 jaka_arm_left success 0.364798 0.239525 -0.445550 0.594150 0.383875 0.050791 0.705015 -1.912893 0.914120 2.776147 -0.554141 -0.268561 -1.384471 0.558875
1776408896.801814 jaka_arm_left success 0.364881 0.239341 -0.445558 0.592835 0.383563 0.050339 0.706323 -1.912798 0.918324 2.775905 -0.546411 -0.269163 -1.391491 0.557128
1776408896.810118 jaka_arm_left success 0.364836 0.239291 -0.445528 0.592631 0.383734 0.050213 0.706410 -1.912798 0.918324 2.775905 -0.546411 -0.269163 -1.391491 0.557128
1776408896.818464 jaka_arm_left success 0.364853 0.239314 -0.445532 0.592797 0.383612 0.050262 0.706334 -1.912798 0.918324 2.775905 -0.546411 -0.269163 -1.391491 0.557128
1776408896.826819 jaka_arm_left success 0.364843 0.239359 -0.445543 0.593141 0.383388 0.050286 0.706164 -1.912798 0.918324 2.775905 -0.546411 -0.269163 -1.391491 0.557128
1776408896.835129 jaka_arm_left success 0.364735 0.239266 -0.445538 0.592690 0.383852 0.049800 0.706326 -1.912482 0.918559 2.776169 -0.546509 -0.269089 -1.391468 0.556735
1776408896.843431 jaka_arm_left success 0.364724 0.239228 -0.445572 0.592184 0.384124 0.049575 0.706618 -1.912096 0.918967 2.775873 -0.546459 -0.269920 -1.391200 0.555633
1776408896.851872 jaka_arm_left success 0.364680 0.239238 -0.445544 0.592373 0.384753 0.049878 0.706096 -1.912096 0.918967 2.775873 -0.546459 -0.269920 -1.391200 0.555633
1776408896.860197 jaka_arm_left success 0.364675 0.239397 -0.445586 0.592973 0.384584 0.050022 0.705674 -1.912015 0.918436 2.776060 -0.545963 -0.269659 -1.390741 0.555849
1776408896.868598 jaka_arm_left success 0.364708 0.239414 -0.445643 0.592685 0.384571 0.050062 0.705920 -1.912015 0.918436 2.776060 -0.545963 -0.269659 -1.390741 0.555849
1776408896.876819 jaka_arm_left success 0.364787 0.239443 -0.445689 0.592456 0.384339 0.050197 0.706229 -1.912015 0.918436 2.776060 -0.545963 -0.269659 -1.390741 0.555849
1776408896.885134 jaka_arm_left success 0.364814 0.239465 -0.445704 0.592290 0.384279 0.050220 0.706400 -1.912363 0.918613 2.775799 -0.546175 -0.269826 -1.390986 0.555950
1776408896.893498 jaka_arm_left success 0.364884 0.239552 -0.445718 0.592336 0.384100 0.050703 0.706424 -1.912748 0.918497 2.775488 -0.546116 -0.269971 -1.391020 0.556253
1776408896.901847 jaka_arm_left success 0.364887 0.239578 -0.445718 0.592078 0.384317 0.050861 0.706510 -1.912748 0.918497 2.775488 -0.546116 -0.269971 -1.391020 0.556253
1776408896.910378 jaka_arm_left success 0.364942 0.239578 -0.445760 0.591357 0.383843 0.050197 0.707419 -1.913467 0.924341 2.775356 -0.534332 -0.269973 -1.400236 0.555166
1776408896.918520 jaka_arm_left success 0.364968 0.239655 -0.445800 0.591124 0.383681 0.049818 0.707728 -1.914697 0.923966 2.775824 -0.534064 -0.269668 -1.400592 0.553186
1776408896.926850 jaka_arm_left success 0.364911 0.239779 -0.445757 0.591037 0.384818 0.050878 0.707108 -1.914208 0.923735 2.774743 -0.533124 -0.271190 -1.399521 0.552830
1776408896.935182 jaka_arm_left success 0.365211 0.240062 -0.445868 0.591528 0.383142 0.051571 0.707557 -1.915550 0.923580 2.775103 -0.533399 -0.269687 -1.400380 0.555061
1776408896.943479 jaka_arm_left success 0.365059 0.240103 -0.445889 0.590723 0.384726 0.051012 0.707411 -1.914042 0.924098 2.774764 -0.533037 -0.271040 -1.399665 0.553449
1776408896.951811 jaka_arm_left success 0.365071 0.240261 -0.445961 0.590773 0.384687 0.050906 0.707398 -1.914042 0.924098 2.774764 -0.533037 -0.271040 -1.399665 0.553449
1776408896.960187 jaka_arm_left success 0.365114 0.240262 -0.446045 0.590017 0.384938 0.050850 0.707896 -1.914033 0.924522 2.774452 -0.533323 -0.271495 -1.399920 0.553160
1776408896.968498 jaka_arm_left success 0.365250 0.240444 -0.446127 0.589997 0.384706 0.051270 0.708009 -1.913798 0.924620 2.773843 -0.533017 -0.272107 -1.400138 0.553578
1776408896.976871 jaka_arm_left success 0.365179 0.240244 -0.446155 0.587985 0.385431 0.049248 0.709430 -1.914448 0.935255 2.774812 -0.508286 -0.271892 -1.418836 0.547790
1776408896.985195 jaka_arm_left success 0.365243 0.240472 -0.446216 0.587693 0.385469 0.049529 0.709632 -1.914704 0.935305 2.774392 -0.508310 -0.272314 -1.418876 0.547753
1776408896.993485 jaka_arm_left success 0.365272 0.240675 -0.446257 0.587818 0.385038 0.048785 0.709814 -1.916246 0.934470 2.775167 -0.508384 -0.271624 -1.419594 0.545407
1776408897.001821 jaka_arm_left success 0.365231 0.240698 -0.446316 0.586945 0.385402 0.048366 0.710367 -1.916071 0.936288 2.774915 -0.502951 -0.272236 -1.424723 0.543507
1776408897.010084 jaka_arm_left success 0.365220 0.240759 -0.446358 0.586318 0.385502 0.048218 0.710841 -1.917448 0.941162 2.775056 -0.495584 -0.272227 -1.427739 0.542264
1776408897.018499 jaka_arm_left success 0.365276 0.240986 -0.446460 0.586807 0.384839 0.048396 0.710784 -1.917895 0.940471 2.775185 -0.495458 -0.271734 -1.428262 0.542808
1776408897.026795 jaka_arm_left success 0.365328 0.241165 -0.446560 0.586470 0.383773 0.047743 0.711683 -1.920758 0.948734 2.776738 -0.470373 -0.269481 -1.448097 0.539004
1776408897.035245 jaka_arm_left success 0.365178 0.241228 -0.446616 0.585546 0.384553 0.047401 0.712045 -1.920189 0.949485 2.776111 -0.470533 -0.270725 -1.447920 0.537696
1776408897.043514 jaka_arm_left success 0.365149 0.241478 -0.446757 0.585593 0.384465 0.048159 0.712004 -1.920448 0.949173 2.775811 -0.470260 -0.270914 -1.447741 0.537992
1776408897.051792 jaka_arm_left success 0.365195 0.241673 -0.446863 0.585511 0.384124 0.049387 0.712170 -1.920976 0.949077 2.774856 -0.469703 -0.271469 -1.447550 0.539500
1776408897.060186 jaka_arm_left success 0.365100 0.241817 -0.446899 0.585303 0.385219 0.050990 0.711637 -1.919977 0.949133 2.773639 -0.468490 -0.273017 -1.446181 0.540026
1776408897.068433 jaka_arm_left success 0.364912 0.241864 -0.446937 0.584422 0.385765 0.050469 0.712102 -1.918978 0.950153 2.773080 -0.468740 -0.274131 -1.446222 0.539280
1776408897.076799 jaka_arm_left success 0.364725 0.241852 -0.446991 0.582988 0.386140 0.050073 0.713101 -1.917612 0.951530 2.772204 -0.469414 -0.275359 -1.447461 0.539515
1776408897.085144 jaka_arm_left success 0.364616 0.241976 -0.447084 0.581842 0.386445 0.050685 0.713828 -1.913920 0.952768 2.770150 -0.468954 -0.277677 -1.449422 0.542322
1776408897.093499 jaka_arm_left success 0.364589 0.242219 -0.447176 0.581753 0.385549 0.050985 0.714364 -1.914472 0.952867 2.769899 -0.469234 -0.277703 -1.449863 0.542718
1776408897.101781 jaka_arm_left success 0.364470 0.242293 -0.447286 0.580311 0.385552 0.050280 0.715584 -1.917742 0.966320 2.770700 -0.437544 -0.276557 -1.471615 0.538509
1776408897.110189 jaka_arm_left success 0.364268 0.242382 -0.447326 0.579153 0.385779 0.049811 0.716433 -1.916984 0.966888 2.769896 -0.438034 -0.277966 -1.472290 0.537029
1776408897.118467 jaka_arm_left success 0.364089 0.242750 -0.447342 0.579315 0.386571 0.050334 0.715837 -1.916690 0.966417 2.769864 -0.437527 -0.278067 -1.471834 0.537009
1776408897.126817 jaka_arm_left success 0.364107 0.242877 -0.447352 0.577916 0.386832 0.051074 0.716774 -1.915553 0.966598 2.767913 -0.437571 -0.280457 -1.472856 0.536832
1776408897.135201 jaka_arm_left success 0.364062 0.243145 -0.447525 0.577096 0.385726 0.050153 0.718095 -1.919083 0.979387 2.769543 -0.405303 -0.278284 -1.496182 0.532213
1776408897.143454 jaka_arm_left success 0.364066 0.243434 -0.447705 0.576782 0.385292 0.050676 0.718544 -1.919566 0.979345 2.768998 -0.405383 -0.278714 -1.496402 0.532489
1776408897.151824 jaka_arm_left success 0.363923 0.243613 -0.447748 0.576326 0.386294 0.051067 0.718344 -1.919160 0.978992 2.768265 -0.404785 -0.279686 -1.495823 0.532191
1776408897.160149 jaka_arm_left success 0.363989 0.243813 -0.447923 0.575475 0.385813 0.050671 0.719311 -1.919239 0.985443 2.768014 -0.390472 -0.279849 -1.507522 0.531065
1776408897.168481 jaka_arm_left success 0.363839 0.243882 -0.448007 0.574075 0.387629 0.050702 0.719452 -1.917839 0.986195 2.766353 -0.390260 -0.282522 -1.506859 0.528813
1776408897.176803 jaka_arm_left success 0.363827 0.244267 -0.448156 0.574681 0.387530 0.050492 0.719036 -1.917473 0.985803 2.766885 -0.389903 -0.281995 -1.506526 0.528836
1776408897.185269 jaka_arm_left success 0.363762 0.244086 -0.448175 0.571929 0.388803 0.049684 0.720598 -1.916096 0.987418 2.765630 -0.390668 -0.284279 -1.506831 0.526254
1776408897.193458 jaka_arm_left success 0.363828 0.244303 -0.448295 0.571484 0.388838 0.050047 0.720907 -1.916055 0.987408 2.764860 -0.390756 -0.285157 -1.507254 0.526035
1776408897.201792 jaka_arm_left success 0.363956 0.244826 -0.448433 0.572383 0.388200 0.050676 0.720493 -1.917940 0.992459 2.765710 -0.374335 -0.283510 -1.517915 0.526055
1776408897.210122 jaka_arm_left success 0.363902 0.244952 -0.448504 0.571638 0.388523 0.050068 0.720952 -1.917626 0.992097 2.765519 -0.374697 -0.284169 -1.518934 0.523815
1776408897.218596 jaka_arm_left success 0.363822 0.245082 -0.448560 0.571227 0.388980 0.050038 0.721035 -1.917626 0.992097 2.765519 -0.374697 -0.284169 -1.518934 0.523815
1776408897.226774 jaka_arm_left success 0.363763 0.245148 -0.448602 0.570598 0.389588 0.049648 0.721231 -1.916637 0.992467 2.764690 -0.374686 -0.285670 -1.518996 0.521939
1776408897.235178 jaka_arm_left success 0.363853 0.245232 -0.448662 0.570433 0.388913 0.049689 0.721723 -1.919230 1.001364 2.765540 -0.351806 -0.284289 -1.534276 0.519835
1776408897.243482 jaka_arm_left success 0.363846 0.245131 -0.448657 0.569012 0.389214 0.049242 0.722712 -1.919160 1.002012 2.764810 -0.352427 -0.285482 -1.534945 0.517907
1776408897.251899 jaka_arm_left success 0.363853 0.245288 -0.448738 0.568988 0.389014 0.049510 0.722820 -1.919904 1.001748 2.764233 -0.352404 -0.285859 -1.535197 0.518424
1776408897.260144 jaka_arm_left success 0.363701 0.245478 -0.448777 0.569093 0.389627 0.049768 0.722390 -1.919342 1.001523 2.764500 -0.352027 -0.285724 -1.534761 0.518162
1776408897.268462 jaka_arm_left success 0.363634 0.245535 -0.448835 0.568506 0.389041 0.049503 0.723186 -1.921208 1.009418 2.764917 -0.334347 -0.285148 -1.546493 0.516053
1776408897.276753 jaka_arm_left success 0.363699 0.245563 -0.448883 0.568453 0.387946 0.049722 0.723800 -1.922367 1.012338 2.764860 -0.324155 -0.284901 -1.555273 0.515050
1776408897.285145 jaka_arm_left success 0.363561 0.245690 -0.448841 0.569122 0.388240 0.050530 0.723061 -1.922350 1.011723 2.764910 -0.323572 -0.284783 -1.554766 0.515384
1776408897.293488 jaka_arm_left success 0.363462 0.245733 -0.448801 0.569325 0.388370 0.050773 0.722814 -1.922381 1.011362 2.764943 -0.323225 -0.284696 -1.554457 0.515627
1776408897.301862 jaka_arm_left success 0.363204 0.245564 -0.448761 0.567722 0.389355 0.049715 0.723618 -1.921309 1.012594 2.764375 -0.323682 -0.285872 -1.554362 0.513827
1776408897.310250 jaka_arm_left success 0.363142 0.245523 -0.448744 0.567430 0.389162 0.049750 0.723949 -1.921474 1.012831 2.764229 -0.323925 -0.286011 -1.554597 0.513796
1776408897.318513 jaka_arm_left success 0.363043 0.245422 -0.448630 0.567125 0.390085 0.050080 0.723668 -1.920966 1.012688 2.763695 -0.323430 -0.286776 -1.553948 0.513355
1776408897.326795 jaka_arm_left success 0.363057 0.245500 -0.448621 0.567780 0.389690 0.051241 0.723286 -1.921379 1.012200 2.763426 -0.323071 -0.286874 -1.553740 0.513999
1776408897.335155 jaka_arm_left success 0.362977 0.245215 -0.448629 0.566636 0.389978 0.050938 0.724049 -1.921469 1.012804 2.763100 -0.323538 -0.287266 -1.554111 0.513780
1776408897.343429 jaka_arm_left success 0.362976 0.245096 -0.448618 0.566248 0.389893 0.051256 0.724375 -1.920929 1.013524 2.762116 -0.323530 -0.288470 -1.553923 0.513735
1776408897.351786 jaka_arm_left success 0.362938 0.245056 -0.448579 0.566294 0.389907 0.051356 0.724325 -1.920929 1.013524 2.762116 -0.323530 -0.288470 -1.553923 0.513735
1776408897.360118 jaka_arm_left success 0.362929 0.245012 -0.448568 0.566674 0.389536 0.051377 0.724225 -1.921521 1.013323 2.762785 -0.323625 -0.287354 -1.554316 0.515203
1776408897.368483 jaka_arm_left success 0.363031 0.244976 -0.448589 0.567103 0.388448 0.051601 0.724458 -1.921955 1.013378 2.763018 -0.323746 -0.286755 -1.554729 0.516626
1776408897.376820 jaka_arm_left success 0.363102 0.245095 -0.448688 0.567825 0.387071 0.051520 0.724635 -1.922507 1.013494 2.763560 -0.324139 -0.285760 -1.555607 0.518155
1776408897.385133 jaka_arm_left success 0.362986 0.245054 -0.448654 0.567657 0.387659 0.051375 0.724463 -1.922507 1.013494 2.763560 -0.324139 -0.285760 -1.555607 0.518155
1776408897.393462 jaka_arm_left success 0.362892 0.245149 -0.448644 0.568449 0.387399 0.051294 0.723987 -1.922167 1.013230 2.763855 -0.323821 -0.285493 -1.555292 0.518165
1776408897.401787 jaka_arm_left success 0.362820 0.244979 -0.448565 0.567596 0.387910 0.050952 0.724406 -1.921707 1.013828 2.763756 -0.324139 -0.285811 -1.555427 0.517518
1776408897.410123 jaka_arm_left success 0.362843 0.244995 -0.448520 0.568268 0.387592 0.051335 0.724023 -1.921735 1.013431 2.763768 -0.323795 -0.285732 -1.555170 0.517822
1776408897.418500 jaka_arm_left success 0.362836 0.245173 -0.448518 0.569531 0.386980 0.051733 0.723329 -1.922499 1.012439 2.764586 -0.323354 -0.284382 -1.555129 0.519447
1776408897.426821 jaka_arm_left success 0.362769 0.245042 -0.448451 0.568887 0.387404 0.051502 0.723625 -1.922146 1.012952 2.764374 -0.323594 -0.284788 -1.555187 0.518901
1776408897.435126 jaka_arm_left success 0.362664 0.245094 -0.448439 0.569177 0.387134 0.051020 0.723576 -1.922146 1.012952 2.764374 -0.323594 -0.284788 -1.555187 0.518901
1776408897.443426 jaka_arm_left success 0.362591 0.245080 -0.448421 0.569047 0.387245 0.050946 0.723623 -1.922146 1.012952 2.764374 -0.323594 -0.284788 -1.555187 0.518901
1776408897.451818 jaka_arm_left success 0.362633 0.245034 -0.448397 0.568545 0.387516 0.051656 0.723823 -1.922146 1.012952 2.764374 -0.323594 -0.284788 -1.555187 0.518901
1776408897.460139 jaka_arm_left success 0.362578 0.245107 -0.448433 0.569021 0.387055 0.051094 0.723735 -1.922146 1.012952 2.764374 -0.323594 -0.284788 -1.555187 0.518901
1776408897.468481 jaka_arm_left success 0.362558 0.245097 -0.448463 0.568632 0.387056 0.050853 0.724058 -1.922146 1.012952 2.764374 -0.323594 -0.284788 -1.555187 0.518901
1776408897.476826 jaka_arm_left success 0.362445 0.244993 -0.448442 0.567856 0.387496 0.050033 0.724488 -1.920875 1.014095 2.764226 -0.324293 -0.285510 -1.555577 0.517092
1776408897.485178 jaka_arm_left success 0.362483 0.245164 -0.448539 0.568689 0.386752 0.050038 0.724232 -1.921681 1.013446 2.765186 -0.324530 -0.284068 -1.556379 0.518199
1776408897.493454 jaka_arm_left success 0.362496 0.245187 -0.448581 0.568546 0.386686 0.049775 0.724398 -1.921681 1.013446 2.765186 -0.324530 -0.284068 -1.556379 0.518199
1776408897.501783 jaka_arm_left success 0.362580 0.245247 -0.448705 0.568124 0.385967 0.048955 0.725167 -1.923440 1.014238 2.765488 -0.319267 -0.283727 -1.562554 0.515295
1776408897.510090 jaka_arm_left success 0.362472 0.244810 -0.448591 0.565199 0.387888 0.047868 0.726499 -1.922260 1.022719 2.764076 -0.306102 -0.286278 -1.570796 0.510696
1776408897.518500 jaka_arm_left success 0.362636 0.244887 -0.448654 0.565574 0.387358 0.048168 0.726470 -1.922841 1.022316 2.764058 -0.306007 -0.286087 -1.570796 0.511286
1776408897.526849 jaka_arm_left success 0.362606 0.244674 -0.448578 0.564524 0.387719 0.047165 0.727161 -1.921338 1.023874 2.745098 -0.305672 -0.268447 -1.570796 0.505123
1776408897.535106 jaka_arm_left success 0.362621 0.244638 -0.448564 0.564285 0.387729 0.046918 0.727356 -1.921338 1.023874 2.745098 -0.305672 -0.268447 -1.570796 0.505123
1776408897.543524 jaka_arm_left solver_failed 0.362728 0.244610 -0.448569 0.564372 0.386910 0.046803 0.727732 -1.921338 1.023874 2.745098 -0.305672 -0.268447 -1.570796 0.505123
1776408897.551896 jaka_arm_left solver_failed 0.362851 0.244589 -0.448593 0.564414 0.386529 0.047392 0.727865 -1.921338 1.023874 2.745098 -0.305672 -0.268447 -1.570796 0.505123
1776408897.560187 jaka_arm_left solver_failed 0.362798 0.244606 -0.448628 0.564962 0.386105 0.046674 0.727711 -1.921338 1.023874 2.745098 -0.305672 -0.268447 -1.570796 0.505123
1776408897.568562 jaka_arm_left solver_failed 0.362859 0.244426 -0.448615 0.563921 0.386386 0.046862 0.728356 -1.921338 1.023874 2.745098 -0.305672 -0.268447 -1.570796 0.505123
1776408897.576840 jaka_arm_left solver_failed 0.362758 0.244372 -0.448586 0.563669 0.386549 0.046280 0.728502 -1.921338 1.023874 2.745098 -0.305672 -0.268447 -1.570796 0.505123
1776408897.585245 jaka_arm_left large_joint_change 0.362680 0.244461 -0.448610 0.564436 0.386854 0.046647 0.727723 -1.921338 1.023874 2.745098 -0.305672 -0.268447 -1.570796 0.505123
1776408897.593606 jaka_arm_left large_joint_change 0.362624 0.244373 -0.448571 0.564407 0.386981 0.046284 0.727701 -1.921338 1.023874 2.745098 -0.305672 -0.268447 -1.570796 0.505123
1776408897.601893 jaka_arm_left success 0.362686 0.244554 -0.448585 0.565798 0.386370 0.047315 0.726878 -1.907657 1.031631 2.619659 -0.299883 -0.148869 -1.570796 0.485242
1776408897.610158 jaka_arm_left success 0.362666 0.244586 -0.448492 0.566743 0.386604 0.047988 0.725973 -1.907668 1.030957 2.619733 -0.299333 -0.148684 -1.570322 0.485658
1776408897.618548 jaka_arm_left success 0.362622 0.244709 -0.448463 0.567945 0.386341 0.048137 0.725163 -1.908323 1.029844 2.620709 -0.298930 -0.147248 -1.570047 0.487038
1776408897.626842 jaka_arm_left success 0.362514 0.244642 -0.448407 0.568079 0.386444 0.047933 0.725017 -1.908323 1.029844 2.620709 -0.298930 -0.147248 -1.570047 0.487038
1776408897.635139 jaka_arm_left success 0.362531 0.244366 -0.448324 0.567043 0.385746 0.047362 0.726236 -1.908558 1.030838 2.620670 -0.299859 -0.147368 -1.570275 0.486659
1776408897.643433 jaka_arm_left success 0.362570 0.244394 -0.448330 0.567983 0.384285 0.047043 0.726297 -1.909915 1.030312 2.621892 -0.300745 -0.145562 -1.570449 0.488102
1776408897.651803 jaka_arm_left success 0.362436 0.244160 -0.448206 0.567148 0.384984 0.046413 0.726620 -1.909054 1.031418 2.621434 -0.301205 -0.146522 -1.570411 0.486421
1776408897.660143 jaka_arm_left success 0.362426 0.244245 -0.448178 0.568219 0.384311 0.046858 0.726110 -1.909801 1.030415 2.622045 -0.301093 -0.145495 -1.570489 0.487584
1776408897.668448 jaka_arm_left success 0.362282 0.244066 -0.448049 0.567612 0.385014 0.046601 0.726229 -1.909129 1.030630 2.621421 -0.300900 -0.146468 -1.570352 0.486459
1776408897.676770 jaka_arm_left success 0.362261 0.244082 -0.447974 0.568085 0.384417 0.047402 0.726124 -1.909936 1.030040 2.621411 -0.300901 -0.146153 -1.570552 0.487486
1776408897.685150 jaka_arm_left success 0.362268 0.244196 -0.447922 0.569369 0.383344 0.047947 0.725649 -1.910889 1.029242 2.622446 -0.301156 -0.144529 -1.570475 0.489309
1776408897.693475 jaka_arm_left success 0.362076 0.244141 -0.447712 0.569299 0.384151 0.048153 0.725265 -1.910601 1.028956 2.622373 -0.300748 -0.144649 -1.570078 0.489241
1776408897.701800 jaka_arm_left success 0.361936 0.244173 -0.447493 0.569682 0.384349 0.048514 0.724834 -1.910458 1.028619 2.622322 -0.300381 -0.144694 -1.569735 0.489328
1776408897.710146 jaka_arm_left success 0.362076 0.244339 -0.447462 0.571148 0.382257 0.050016 0.724684 -1.912443 1.027112 2.622801 -0.300395 -0.143267 -1.570178 0.492461
1776408897.718446 jaka_arm_left success 0.361994 0.244192 -0.447306 0.570695 0.381358 0.049335 0.725562 -1.912831 1.027975 2.622821 -0.301373 -0.143225 -1.570381 0.492463
1776408897.726818 jaka_arm_left success 0.361907 0.244129 -0.447015 0.571373 0.381110 0.050503 0.725078 -1.913472 1.027182 2.622956 -0.301292 -0.142586 -1.570669 0.494475
1776408897.735229 jaka_arm_left success 0.361632 0.244307 -0.446710 0.572953 0.381374 0.051207 0.723641 -1.907641 1.020138 2.622182 -0.315178 -0.143161 -1.562207 0.498794
1776408897.743571 jaka_arm_left success 0.361518 0.244266 -0.446390 0.572948 0.380892 0.051298 0.723892 -1.908018 1.020492 2.622205 -0.315451 -0.143024 -1.562143 0.499256
1776408897.751885 jaka_arm_left success 0.361331 0.244155 -0.445995 0.573637 0.380522 0.051493 0.723528 -1.904339 1.013679 2.621527 -0.336612 -0.143661 -1.547743 0.501947
1776408897.760171 jaka_arm_left success 0.361352 0.244280 -0.445677 0.574224 0.379440 0.052547 0.723554 -1.905499 1.012518 2.621934 -0.336774 -0.142529 -1.548349 0.504102
1776408897.768536 jaka_arm_left success 0.360959 0.244367 -0.445229 0.574739 0.380237 0.052502 0.722730 -1.895480 1.000687 2.619444 -0.369371 -0.145357 -1.528406 0.508980
1776408897.776796 jaka_arm_left success 0.360514 0.244627 -0.444815 0.576084 0.379666 0.051846 0.722006 -1.896855 0.997476 2.621000 -0.369895 -0.143618 -1.529232 0.506908
1776408897.785171 jaka_arm_left success 0.360469 0.244746 -0.444479 0.576470 0.377948 0.052993 0.722516 -1.898395 0.997001 2.620938 -0.370617 -0.142917 -1.530294 0.508999
1776408897.793453 jaka_arm_left success 0.360130 0.244986 -0.443977 0.577777 0.377405 0.053972 0.721683 -1.895250 0.992856 2.620069 -0.377818 -0.143279 -1.526152 0.513132
1776408897.801814 jaka_arm_left success 0.359834 0.245110 -0.443410 0.578850 0.377318 0.056474 0.720677 -1.884887 0.977274 2.616816 -0.416487 -0.146035 -1.502435 0.521849
1776408897.810119 jaka_arm_left success 0.359416 0.244961 -0.442608 0.577980 0.378131 0.057397 0.720876 -1.881544 0.975824 2.614644 -0.423654 -0.148596 -1.496958 0.523927
1776408897.818482 jaka_arm_left success 0.359365 0.245475 -0.442054 0.580923 0.374195 0.060316 0.720325 -1.884384 0.973977 2.615163 -0.424247 -0.145438 -1.497636 0.531482
1776408897.826787 jaka_arm_left success 0.358705 0.245541 -0.441215 0.581985 0.374584 0.062261 0.719099 -1.871106 0.954690 2.610843 -0.470863 -0.149812 -1.469647 0.539481
1776408897.835107 jaka_arm_left success 0.358145 0.245419 -0.440267 0.582322 0.373797 0.063533 0.719125 -1.870310 0.955031 2.610141 -0.472540 -0.149837 -1.468085 0.543183
1776408897.843434 jaka_arm_left success 0.357657 0.245717 -0.439345 0.584462 0.371992 0.067180 0.717992 -1.860932 0.939772 2.606579 -0.506976 -0.151826 -1.447809 0.554760
1776408897.851849 jaka_arm_left success 0.357123 0.245614 -0.438437 0.584988 0.370784 0.070269 0.717893 -1.856649 0.936633 2.603196 -0.516955 -0.154068 -1.441823 0.562996
1776408897.860125 jaka_arm_left success 0.356537 0.245970 -0.437486 0.587114 0.368955 0.073864 0.716739 -1.848583 0.924725 2.600132 -0.545839 -0.155289 -1.424028 0.574747
1776408897.868464 jaka_arm_left success 0.356035 0.245969 -0.436491 0.587157 0.367355 0.077614 0.717129 -1.845514 0.924924 2.596486 -0.548716 -0.157372 -1.422900 0.583734
1776408897.876787 jaka_arm_left success 0.355178 0.246084 -0.435431 0.588131 0.366238 0.078951 0.716756 -1.836689 0.914341 2.593642 -0.574596 -0.159589 -1.409603 0.591704
1776408897.885205 jaka_arm_left success 0.354700 0.246351 -0.434480 0.589573 0.363877 0.082922 0.716325 -1.835692 0.912414 2.591342 -0.578252 -0.159378 -1.407227 0.600586
1776408897.893485 jaka_arm_left success 0.353826 0.246312 -0.433315 0.589730 0.363007 0.083925 0.716520 -1.829488 0.906468 2.588624 -0.594612 -0.161911 -1.399478 0.605973
1776408897.901817 jaka_arm_left success 0.353245 0.246677 -0.432211 0.591187 0.361208 0.087834 0.715760 -1.822027 0.894451 2.584706 -0.621408 -0.163909 -1.384465 0.616648
1776408897.910129 jaka_arm_left success 0.352576 0.246747 -0.431043 0.591831 0.359036 0.091063 0.715917 -1.820321 0.894932 2.582116 -0.622741 -0.164372 -1.383960 0.625174
1776408897.918472 jaka_arm_left success 0.351631 0.246822 -0.429805 0.592444 0.358075 0.092745 0.715675 -1.811397 0.884949 2.579077 -0.648093 -0.166672 -1.370583 0.633724
1776408897.926818 jaka_arm_left success 0.350821 0.247125 -0.428606 0.594445 0.356553 0.097110 0.714196 -1.803195 0.872776 2.574177 -0.674417 -0.169637 -1.354624 0.645037
1776408897.935165 jaka_arm_left success 0.350252 0.247424 -0.427432 0.595907 0.353251 0.102029 0.713932 -1.800763 0.872753 2.570566 -0.675919 -0.169700 -1.354216 0.657535
1776408897.943439 jaka_arm_left success 0.349498 0.247557 -0.426212 0.596652 0.351640 0.106270 0.713486 -1.789620 0.862605 2.564374 -0.703062 -0.174327 -1.338800 0.671302
1776408897.951818 jaka_arm_left success 0.348687 0.247672 -0.424951 0.597364 0.350008 0.109421 0.713217 -1.786113 0.860151 2.561482 -0.709132 -0.175227 -1.336551 0.679508
1776408897.960196 jaka_arm_left success 0.347929 0.248085 -0.423694 0.599469 0.347174 0.113435 0.712208 -1.779368 0.849490 2.557444 -0.732715 -0.176503 -1.323838 0.691126
1776408897.968668 jaka_arm_left success 0.347124 0.248245 -0.422441 0.599577 0.345940 0.116664 0.712195 -1.775210 0.849057 2.553994 -0.735848 -0.178203 -1.322954 0.699839
1776408897.976833 jaka_arm_left success 0.346590 0.248787 -0.421280 0.601730 0.343033 0.122579 0.710791 -1.766091 0.838032 2.547948 -0.761691 -0.180716 -1.307419 0.715962
1776408897.985134 jaka_arm_left success 0.345627 0.249023 -0.420027 0.602394 0.341715 0.124060 0.710607 -1.762080 0.835784 2.545702 -0.767071 -0.181708 -1.305678 0.722250
1776408897.993433 jaka_arm_left success 0.344947 0.249380 -0.418846 0.603464 0.339880 0.128520 0.709785 -1.753729 0.825882 2.539917 -0.791126 -0.185575 -1.291511 0.733956
1776408898.001859 jaka_arm_left success 0.344289 0.249780 -0.417688 0.603786 0.338111 0.132216 0.709677 -1.751326 0.827168 2.536869 -0.791184 -0.185996 -1.291960 0.743230
1776408898.018519 jaka_arm_left success 0.343832 0.250448 -0.416505 0.605521 0.335447 0.136689 0.708615 -1.743508 0.816947 2.531757 -0.810133 -0.188239 -1.283142 0.755158
1776408898.026813 jaka_arm_left success 0.342153 0.251067 -0.414182 0.606323 0.333549 0.141357 0.707909 -1.731968 0.806582 2.524354 -0.835646 -0.193361 -1.269964 0.770146
1776408898.035135 jaka_arm_left success 0.341512 0.251562 -0.413054 0.607205 0.331896 0.144295 0.707337 -1.729892 0.806927 2.522296 -0.836040 -0.193171 -1.269976 0.777415
1776408898.043404 jaka_arm_left success 0.340841 0.251897 -0.411949 0.607264 0.330934 0.147303 0.707117 -1.721045 0.799406 2.517007 -0.852182 -0.197475 -1.264128 0.786478
1776408898.051881 jaka_arm_left success 0.340348 0.252595 -0.410821 0.609642 0.328388 0.150074 0.705674 -1.717367 0.794665 2.514549 -0.864127 -0.196934 -1.255305 0.796206
1776408898.060150 jaka_arm_left success 0.339579 0.252800 -0.409743 0.609492 0.328140 0.152811 0.705331 -1.713203 0.791370 2.511262 -0.869907 -0.199684 -1.252808 0.800943
1776408898.068467 jaka_arm_left success 0.338966 0.253217 -0.408682 0.610485 0.327100 0.156599 0.704124 -1.703645 0.782309 2.505393 -0.891098 -0.204014 -1.240527 0.812494
1776408898.076769 jaka_arm_left success 0.338340 0.253688 -0.407632 0.611872 0.326208 0.160221 0.702517 -1.695653 0.776211 2.500567 -0.907068 -0.206829 -1.230138 0.824053
1776408898.085208 jaka_arm_left success 0.337602 0.254242 -0.406560 0.613904 0.324995 0.163264 0.700604 -1.689418 0.771062 2.496826 -0.920208 -0.208563 -1.219557 0.834178
1776408898.093468 jaka_arm_left success 0.336977 0.254621 -0.405602 0.615291 0.323692 0.167137 0.699075 -1.682519 0.764835 2.492125 -0.932546 -0.210563 -1.212692 0.845315
1776408898.101795 jaka_arm_left success 0.336299 0.255116 -0.404634 0.616682 0.322580 0.171352 0.697341 -1.673254 0.757577 2.486043 -0.950991 -0.214675 -1.200440 0.858010
1776408898.110093 jaka_arm_left success 0.335525 0.255773 -0.403630 0.619300 0.321385 0.174510 0.694784 -1.666881 0.753780 2.473065 -0.962927 -0.206303 -1.187821 0.860125
1776408898.118439 jaka_arm_left success 0.334840 0.256136 -0.402692 0.620560 0.320258 0.177313 0.693469 -1.657219 0.744061 2.467789 -0.982441 -0.210028 -1.177937 0.870131
1776408898.126812 jaka_arm_left success 0.334091 0.256609 -0.401875 0.622165 0.318500 0.179845 0.692188 -1.656698 0.743979 2.466425 -0.982637 -0.208538 -1.176322 0.876455
1776408898.135162 jaka_arm_left success 0.333428 0.257332 -0.400967 0.624799 0.316452 0.182555 0.690042 -1.648470 0.735458 2.461992 -0.997437 -0.210534 -1.168279 0.886796
1776408898.143515 jaka_arm_left success 0.332611 0.257462 -0.400188 0.624634 0.316177 0.184862 0.689703 -1.641724 0.732091 2.458254 -1.007713 -0.213645 -1.162986 0.894036
1776408898.151821 jaka_arm_left success 0.332069 0.258263 -0.399417 0.627280 0.313594 0.188265 0.687558 -1.637444 0.726878 2.454494 -1.019102 -0.213689 -1.154504 0.904687
1776408898.160162 jaka_arm_left success 0.331214 0.258514 -0.398707 0.627509 0.313314 0.189506 0.687135 -1.636160 0.724650 2.453233 -1.020236 -0.214320 -1.154746 0.906235
1776408898.168432 jaka_arm_left success 0.330485 0.259115 -0.398015 0.628809 0.312592 0.192360 0.685480 -1.625420 0.715799 2.447477 -1.038259 -0.218855 -1.144917 0.916874
1776408898.176771 jaka_arm_left success 0.329788 0.259622 -0.397424 0.629296 0.312094 0.195541 0.684359 -1.619570 0.715284 2.443356 -1.042871 -0.221246 -1.141003 0.926348
1776408898.185124 jaka_arm_left success 0.329150 0.260322 -0.396844 0.630344 0.311715 0.198289 0.682775 -1.611557 0.709540 2.438619 -1.056121 -0.224757 -1.132360 0.935553
1776408898.193508 jaka_arm_left success 0.328465 0.260740 -0.396308 0.630460 0.311685 0.199452 0.682343 -1.612014 0.709160 2.437949 -1.055841 -0.224969 -1.132203 0.936067
1776408898.201839 jaka_arm_left success 0.327857 0.261298 -0.395779 0.631059 0.311627 0.201027 0.681353 -1.603586 0.704346 2.433820 -1.064871 -0.228694 -1.128036 0.943461
1776408898.210227 jaka_arm_left success 0.327334 0.261732 -0.395321 0.631070 0.311807 0.202836 0.680724 -1.598412 0.702957 2.430318 -1.072517 -0.231944 -1.122831 0.949538
1776408898.218507 jaka_arm_left success 0.326823 0.262782 -0.394817 0.633834 0.310893 0.205056 0.677903 -1.596334 0.694161 2.428303 -1.082505 -0.231876 -1.114017 0.953391
1776408898.226864 jaka_arm_left success 0.326116 0.262975 -0.394389 0.632629 0.312704 0.206053 0.677893 -1.587305 0.693396 2.424068 -1.088833 -0.237721 -1.112050 0.959181
1776408898.235157 jaka_arm_left success 0.325565 0.263637 -0.393950 0.633654 0.312554 0.207827 0.676461 -1.581647 0.690369 2.420935 -1.099356 -0.240001 -1.102968 0.966643
1776408898.243496 jaka_arm_left success 0.324981 0.264404 -0.393537 0.635291 0.312177 0.209298 0.674644 -1.579077 0.683770 2.418853 -1.104089 -0.241292 -1.100500 0.968310
1776408898.251770 jaka_arm_left success 0.324374 0.264896 -0.393124 0.635334 0.312696 0.211263 0.673751 -1.570552 0.682577 2.414354 -1.112564 -0.245327 -1.095420 0.977724
1776408898.260175 jaka_arm_left success 0.323735 0.265476 -0.392879 0.635599 0.312373 0.212874 0.673143 -1.570198 0.681848 2.412911 -1.112586 -0.246051 -1.094583 0.979497
1776408898.268433 jaka_arm_left success 0.323123 0.266300 -0.392549 0.636793 0.312172 0.215044 0.671416 -1.560429 0.675261 2.408060 -1.124309 -0.250069 -1.088302 0.988497
1776408898.276757 jaka_arm_left success 0.322443 0.266961 -0.392344 0.637405 0.311836 0.216662 0.670471 -1.559813 0.675464 2.406626 -1.124419 -0.250330 -1.087071 0.991686
1776408898.285131 jaka_arm_left success 0.321819 0.267480 -0.392250 0.636975 0.311738 0.218231 0.670415 -1.555400 0.676088 2.404007 -1.124840 -0.252336 -1.088394 0.996892
1776408898.293490 jaka_arm_left success 0.321169 0.268263 -0.392110 0.637965 0.311476 0.220542 0.668838 -1.547621 0.671901 2.399915 -1.131281 -0.255305 -1.085231 1.004897
1776408898.301781 jaka_arm_left success 0.320585 0.268980 -0.392028 0.638620 0.311173 0.222309 0.667769 -1.542538 0.669518 2.396690 -1.137963 -0.257577 -1.080732 1.011355
1776408898.310130 jaka_arm_left success 0.319973 0.269859 -0.391935 0.639799 0.310995 0.224231 0.666078 -1.540464 0.667712 2.394484 -1.138600 -0.258728 -1.078872 1.014969
1776408898.318444 jaka_arm_left success 0.319433 0.270499 -0.391958 0.640081 0.310857 0.225817 0.665335 -1.537651 0.667217 2.392597 -1.139388 -0.259691 -1.078780 1.019010
1776408898.326873 jaka_arm_left success 0.318878 0.271168 -0.392058 0.639991 0.311165 0.227353 0.664755 -1.531375 0.666074 2.389310 -1.142120 -0.262662 -1.078648 1.024903
1776408898.335173 jaka_arm_left success 0.318313 0.271874 -0.392122 0.640317 0.312077 0.229111 0.663407 -1.523185 0.662936 2.385135 -1.151226 -0.267100 -1.072132 1.032226
1776408898.343489 jaka_arm_left success 0.317884 0.272415 -0.392325 0.640010 0.312384 0.229901 0.663287 -1.523611 0.662965 2.384169 -1.150929 -0.267965 -1.072012 1.032396
1776408898.351846 jaka_arm_left success 0.317330 0.273278 -0.392430 0.640943 0.313374 0.231357 0.661409 -1.516995 0.661025 2.381257 -1.153551 -0.270887 -1.069483 1.038092
1776408898.360187 jaka_arm_left success 0.316996 0.273690 -0.392724 0.640187 0.313824 0.231750 0.661791 -1.517070 0.661589 2.380827 -1.153719 -0.271733 -1.069650 1.037717
1776408898.368458 jaka_arm_left success 0.316482 0.274319 -0.393028 0.640205 0.315384 0.231629 0.661073 -1.515518 0.661528 2.380528 -1.152751 -0.273464 -1.068649 1.036942
1776408898.376805 jaka_arm_left success 0.316139 0.275107 -0.393332 0.640833 0.315988 0.233062 0.659672 -1.508652 0.659126 2.377226 -1.155595 -0.276376 -1.067717 1.042984
1776408898.385174 jaka_arm_left success 0.315847 0.275791 -0.393761 0.641309 0.315513 0.234165 0.659046 -1.508978 0.658472 2.376714 -1.155072 -0.276273 -1.067377 1.043657
1776408898.393520 jaka_arm_left success 0.315440 0.276396 -0.394269 0.641152 0.316312 0.234553 0.658678 -1.507154 0.658991 2.375416 -1.154148 -0.277893 -1.066988 1.045265
1776408898.401808 jaka_arm_left success 0.315058 0.277117 -0.394774 0.641429 0.317023 0.235563 0.657705 -1.503372 0.659451 2.373899 -1.153627 -0.279332 -1.067138 1.048912
1776408898.410102 jaka_arm_left success 0.314762 0.277708 -0.395398 0.641107 0.317266 0.236913 0.657417 -1.502945 0.659573 2.372529 -1.152838 -0.280385 -1.067009 1.050241
1776408898.418496 jaka_arm_left success 0.314359 0.278310 -0.396008 0.641282 0.317755 0.237147 0.656925 -1.500791 0.659836 2.372045 -1.151976 -0.281014 -1.067356 1.051833
1776408898.426875 jaka_arm_left success 0.314167 0.278821 -0.396755 0.640345 0.317952 0.238639 0.657203 -1.499079 0.661913 2.370071 -1.150912 -0.282590 -1.069020 1.054878
1776408898.435095 jaka_arm_left success 0.313733 0.279492 -0.397451 0.640670 0.318453 0.239245 0.656423 -1.497345 0.661910 2.369432 -1.149263 -0.283197 -1.069004 1.056444
1776408898.443451 jaka_arm_left success 0.313430 0.280014 -0.398209 0.640342 0.318936 0.240076 0.656206 -1.492587 0.665178 2.367635 -1.146778 -0.285136 -1.072294 1.061013
1776408898.451794 jaka_arm_left success 0.313122 0.280240 -0.399057 0.638990 0.319353 0.239554 0.657510 -1.490031 0.665881 2.367485 -1.143031 -0.285927 -1.078906 1.060613
1776408898.460170 jaka_arm_left success 0.312691 0.280913 -0.399799 0.639772 0.320041 0.239746 0.656344 -1.489488 0.665461 2.367572 -1.141618 -0.286123 -1.077838 1.060629
1776408898.468490 jaka_arm_left success 0.312483 0.281284 -0.400607 0.638751 0.320610 0.240534 0.656772 -1.488973 0.669925 2.367481 -1.132883 -0.286085 -1.084642 1.061546
1776408898.476782 jaka_arm_left success 0.312046 0.281593 -0.401426 0.637950 0.322367 0.241253 0.656427 -1.488218 0.671658 2.366323 -1.131280 -0.288492 -1.083737 1.061480
1776408898.485189 jaka_arm_left success 0.311765 0.282064 -0.402248 0.637883 0.323022 0.241991 0.655898 -1.487024 0.673332 2.365716 -1.129456 -0.288938 -1.083684 1.063601
1776408898.493474 jaka_arm_left success 0.311585 0.282401 -0.403077 0.637191 0.323736 0.242612 0.655990 -1.484606 0.676995 2.364668 -1.126461 -0.290196 -1.085745 1.066534
1776408898.501909 jaka_arm_left success 0.311326 0.282702 -0.403842 0.636895 0.325341 0.243380 0.655198 -1.484004 0.677227 2.363836 -1.125109 -0.291929 -1.084686 1.066149
1776408898.510225 jaka_arm_left success 0.311066 0.282872 -0.404641 0.635759 0.327266 0.244685 0.654856 -1.480142 0.682656 2.361712 -1.121767 -0.295020 -1.084536 1.070619
1776408898.518515 jaka_arm_left success 0.310911 0.283046 -0.405434 0.634892 0.328816 0.245823 0.654495 -1.479727 0.683504 2.360393 -1.120753 -0.296997 -1.084097 1.070736
1776408898.526878 jaka_arm_left success 0.310817 0.283422 -0.406152 0.634982 0.329626 0.247394 0.653407 -1.477999 0.685279 2.358811 -1.118605 -0.298173 -1.083384 1.074138
1776408898.535141 jaka_arm_left success 0.310594 0.283485 -0.406911 0.634031 0.331288 0.248590 0.653036 -1.474221 0.690570 2.356353 -1.116566 -0.301089 -1.083505 1.079270
1776408898.543433 jaka_arm_left success 0.310374 0.283632 -0.407665 0.633274 0.332965 0.250047 0.652361 -1.471427 0.693379 2.354562 -1.114944 -0.303664 -1.082793 1.082005
1776408898.551807 jaka_arm_left success 0.310258 0.283832 -0.408386 0.632852 0.333711 0.250955 0.652041 -1.468599 0.696039 2.353074 -1.113703 -0.305043 -1.082811 1.085870
1776408898.560219 jaka_arm_left success 0.310175 0.283791 -0.409145 0.631345 0.334758 0.252096 0.652525 -1.468545 0.697142 2.351795 -1.113336 -0.307105 -1.082723 1.085490
1776408898.568474 jaka_arm_left success 0.309990 0.283964 -0.409776 0.631028 0.336392 0.253367 0.651498 -1.464550 0.702405 2.349323 -1.111018 -0.309302 -1.082122 1.092097
1776408898.576771 jaka_arm_left success 0.309941 0.284020 -0.410479 0.630182 0.337160 0.254297 0.651557 -1.463681 0.703258 2.348873 -1.110572 -0.310489 -1.081955 1.092062
1776408898.585150 jaka_arm_left success 0.309841 0.283925 -0.411152 0.629206 0.338258 0.253879 0.652094 -1.462849 0.704553 2.348232 -1.110043 -0.312474 -1.081648 1.091281
1776408898.593525 jaka_arm_left success 0.309808 0.284058 -0.411802 0.628896 0.339055 0.254927 0.651570 -1.461791 0.706177 2.347315 -1.109062 -0.313234 -1.081718 1.093268
1776408898.601798 jaka_arm_left success 0.309918 0.284042 -0.412489 0.628307 0.339231 0.255236 0.651925 -1.459982 0.709828 2.346850 -1.108000 -0.313648 -1.082935 1.096125
1776408898.610121 jaka_arm_left success 0.309916 0.284080 -0.413122 0.627964 0.339961 0.255995 0.651579 -1.458783 0.712049 2.345673 -1.106040 -0.314863 -1.082966 1.098236
1776408898.618431 jaka_arm_left success 0.309884 0.284196 -0.413698 0.628248 0.340424 0.255925 0.651090 -1.458440 0.711830 2.345842 -1.105619 -0.314819 -1.082566 1.098242
1776408898.626832 jaka_arm_left success 0.309907 0.284174 -0.414244 0.628033 0.341193 0.256303 0.650746 -1.457601 0.713593 2.345427 -1.103997 -0.315743 -1.081778 1.099137
1776408898.635115 jaka_arm_left success 0.309876 0.284258 -0.414748 0.628133 0.341972 0.256925 0.649995 -1.457402 0.713313 2.345158 -1.103292 -0.316034 -1.081203 1.099338
1776408898.643465 jaka_arm_left success 0.309919 0.284360 -0.415216 0.628200 0.342421 0.257749 0.649368 -1.457134 0.714039 2.344093 -1.102011 -0.317232 -1.080248 1.100171
1776408898.651783 jaka_arm_left success 0.309916 0.284405 -0.415621 0.628037 0.343127 0.257685 0.649178 -1.456562 0.715332 2.343880 -1.101303 -0.317778 -1.079625 1.100853
1776408898.660120 jaka_arm_left success 0.309923 0.284321 -0.416068 0.626819 0.344469 0.258389 0.649364 -1.455205 0.719773 2.342666 -1.100099 -0.319634 -1.079171 1.103229
1776408898.668422 jaka_arm_left success 0.309943 0.284215 -0.416494 0.625738 0.345484 0.258490 0.649828 -1.454642 0.720934 2.342179 -1.099709 -0.321136 -1.078942 1.102643
1776408898.676774 jaka_arm_left success 0.310005 0.284196 -0.416897 0.624983 0.346117 0.258162 0.650347 -1.453845 0.723137 2.342297 -1.099281 -0.321410 -1.079942 1.103260
1776408898.685097 jaka_arm_left success 0.309911 0.284223 -0.417347 0.624146 0.347693 0.258170 0.650307 -1.453084 0.724137 2.342210 -1.098994 -0.322808 -1.079568 1.102188
1776408898.693438 jaka_arm_left success 0.309924 0.284234 -0.417770 0.623397 0.348340 0.257459 0.650961 -1.452220 0.726687 2.342095 -1.096757 -0.323673 -1.081397 1.102225
1776408898.701741 jaka_arm_left success 0.309965 0.284187 -0.418261 0.622120 0.349064 0.257156 0.651913 -1.452501 0.729295 2.342486 -1.092420 -0.324210 -1.085389 1.100442
1776408898.710269 jaka_arm_left success 0.310014 0.284333 -0.418770 0.621526 0.349630 0.257587 0.652007 -1.454922 0.734201 2.343764 -1.083412 -0.322705 -1.090167 1.099770
1776408898.718465 jaka_arm_left success 0.310028 0.284304 -0.419306 0.620321 0.350213 0.257226 0.652983 -1.455112 0.735135 2.343590 -1.083199 -0.323865 -1.091535 1.098038
1776408898.726819 jaka_arm_left success 0.310087 0.284380 -0.419872 0.619514 0.350710 0.258098 0.653139 -1.455280 0.738638 2.343471 -1.076926 -0.323670 -1.095991 1.098836
1776408898.735139 jaka_arm_left success 0.310169 0.284476 -0.420439 0.619043 0.350853 0.258084 0.653514 -1.459979 0.743860 2.345405 -1.066408 -0.321682 -1.101192 1.096181
1776408898.743445 jaka_arm_left success 0.310148 0.284347 -0.421025 0.617941 0.351772 0.257200 0.654411 -1.459205 0.745013 2.345796 -1.066702 -0.322770 -1.101448 1.094547
1776408898.751822 jaka_arm_left success 0.310176 0.284445 -0.421577 0.617897 0.351995 0.256999 0.654411 -1.461469 0.745239 2.346839 -1.059212 -0.321697 -1.107482 1.091137
1776408898.760179 jaka_arm_left success 0.310306 0.284551 -0.422171 0.617616 0.351977 0.257383 0.654535 -1.461804 0.747888 2.346933 -1.058046 -0.321500 -1.107579 1.092291
1776408898.768479 jaka_arm_left success 0.310410 0.284374 -0.422796 0.616658 0.352259 0.256442 0.655655 -1.467416 0.750356 2.349975 -1.046174 -0.319166 -1.116214 1.085119
1776408898.776797 jaka_arm_left success 0.310477 0.284458 -0.423379 0.616797 0.352617 0.256177 0.655436 -1.466977 0.751244 2.350224 -1.045480 -0.319208 -1.115655 1.085439
1776408898.785227 jaka_arm_left success 0.310537 0.284562 -0.423993 0.617044 0.352832 0.255306 0.655427 -1.466719 0.751553 2.351166 -1.045433 -0.318543 -1.115562 1.085086
1776408898.793477 jaka_arm_left success 0.310661 0.284611 -0.424673 0.616654 0.353158 0.254818 0.655809 -1.470312 0.754605 2.352893 -1.041180 -0.317182 -1.116130 1.082827
1776408898.801789 jaka_arm_left success 0.310778 0.284655 -0.425330 0.616123 0.353840 0.254735 0.655972 -1.470001 0.757657 2.353331 -1.032629 -0.317043 -1.123277 1.081791
1776408898.810194 jaka_arm_left success 0.310934 0.284653 -0.426068 0.615914 0.354061 0.254283 0.656225 -1.474906 0.759369 2.355154 -1.028943 -0.315655 -1.122724 1.078162
1776408898.818496 jaka_arm_left success 0.311098 0.284669 -0.426768 0.615417 0.354871 0.253633 0.656505 -1.475177 0.761691 2.356577 -1.023090 -0.314944 -1.127360 1.076133
1776408898.826840 jaka_arm_left success 0.311235 0.284821 -0.427448 0.615508 0.355553 0.253340 0.656164 -1.474950 0.762154 2.356221 -1.022420 -0.316049 -1.126716 1.075436
1776408898.835233 jaka_arm_left success 0.311423 0.284771 -0.428167 0.614858 0.356450 0.253290 0.656306 -1.477046 0.765256 2.357104 -1.019788 -0.315682 -1.125525 1.074669
1776408898.843452 jaka_arm_left success 0.311616 0.284713 -0.428879 0.614927 0.357001 0.252237 0.656347 -1.481965 0.766356 2.360133 -1.012039 -0.313597 -1.128839 1.068429
1776408898.851819 jaka_arm_left success 0.311835 0.284844 -0.429480 0.615736 0.357262 0.251647 0.655672 -1.481607 0.766076 2.360420 -1.011645 -0.313384 -1.128442 1.068461
1776408898.860197 jaka_arm_left success 0.312085 0.284744 -0.430070 0.615470 0.358266 0.251064 0.655598 -1.480937 0.766341 2.360855 -1.011363 -0.313604 -1.128001 1.067892
1776408898.868423 jaka_arm_left success 0.312288 0.284520 -0.430632 0.615320 0.359312 0.249924 0.655602 -1.483498 0.767919 2.362523 -1.010244 -0.313400 -1.125656 1.064497
1776408898.876755 jaka_arm_left success 0.312490 0.284473 -0.431146 0.616245 0.359588 0.249276 0.654828 -1.482970 0.767561 2.362999 -1.009733 -0.313092 -1.125086 1.064446
1776408898.885122 jaka_arm_left success 0.312691 0.284431 -0.431581 0.617033 0.359945 0.248880 0.654040 -1.484182 0.767087 2.364376 -1.008653 -0.312111 -1.122646 1.063051
1776408898.893545 jaka_arm_left success 0.312794 0.284245 -0.432015 0.617413 0.360718 0.247721 0.653696 -1.484718 0.767111 2.365698 -1.008467 -0.311634 -1.121317 1.061236
1776408898.901799 jaka_arm_left success 0.313019 0.284195 -0.432372 0.618399 0.360838 0.247666 0.652718 -1.486037 0.766455 2.366416 -1.007723 -0.310770 -1.119228 1.060716
1776408898.910143 jaka_arm_left success 0.313179 0.284000 -0.432681 0.618501 0.361625 0.247841 0.652119 -1.486688 0.767060 2.366502 -1.007234 -0.311098 -1.117507 1.060264
1776408898.918498 jaka_arm_left success 0.313333 0.283818 -0.432847 0.618561 0.362124 0.248157 0.651664 -1.487447 0.767702 2.366334 -1.006808 -0.311288 -1.115803 1.060519
1776408898.926800 jaka_arm_left success 0.313395 0.283682 -0.432857 0.618743 0.362604 0.248567 0.651069 -1.487756 0.768239 2.366100 -1.006439 -0.311592 -1.114200 1.060937
1776408898.935190 jaka_arm_left success 0.313384 0.283580 -0.432738 0.618781 0.362912 0.249366 0.650555 -1.487985 0.769561 2.365472 -1.006527 -0.311961 -1.112008 1.062624
1776408898.943438 jaka_arm_left success 0.313296 0.283474 -0.432577 0.618208 0.363049 0.251089 0.650360 -1.481942 0.770279 2.361549 -1.014387 -0.315071 -1.107555 1.070684
1776408898.951798 jaka_arm_left success 0.313104 0.283460 -0.432356 0.617655 0.362875 0.252496 0.650438 -1.482505 0.770602 2.360155 -1.014333 -0.316196 -1.107608 1.071205
1776408898.960217 jaka_arm_left success 0.312773 0.283419 -0.432078 0.616590 0.362708 0.253692 0.651076 -1.480830 0.772691 2.358509 -1.014683 -0.317131 -1.109038 1.074536
1776408898.968445 jaka_arm_left success 0.312574 0.283524 -0.431832 0.615977 0.361596 0.254884 0.651809 -1.480954 0.773099 2.357189 -1.015076 -0.317425 -1.110580 1.076322
1776408898.976762 jaka_arm_left success 0.312470 0.283630 -0.431576 0.615104 0.360097 0.255305 0.653297 -1.478806 0.774076 2.356023 -1.015166 -0.317576 -1.115272 1.078964
1776408898.985226 jaka_arm_left success 0.312230 0.283728 -0.431370 0.614546 0.358399 0.255030 0.654861 -1.480803 0.778077 2.358268 -1.002583 -0.313920 -1.129027 1.077577
1776408898.993486 jaka_arm_left success 0.311938 0.283913 -0.431239 0.614328 0.357085 0.254643 0.655933 -1.481802 0.776224 2.358599 -1.002995 -0.313293 -1.131749 1.075701
1776408899.001845 jaka_arm_left success 0.311764 0.283967 -0.431210 0.613645 0.355716 0.254498 0.657371 -1.486104 0.781103 2.361391 -0.987993 -0.309250 -1.145583 1.072716
1776408899.018520 jaka_arm_left success 0.311523 0.284214 -0.431193 0.613761 0.354623 0.254827 0.657726 -1.486723 0.780809 2.361056 -0.988172 -0.308989 -1.145952 1.073227
1776408899.026840 jaka_arm_left success 0.311152 0.284118 -0.431475 0.611595 0.353744 0.254973 0.660155 -1.488935 0.786169 2.361835 -0.973788 -0.307109 -1.162357 1.071373
1776408899.035141 jaka_arm_left success 0.310998 0.284009 -0.431603 0.610947 0.353521 0.255425 0.660701 -1.489228 0.787395 2.361832 -0.973376 -0.307254 -1.162821 1.071359
1776408899.043528 jaka_arm_left success 0.310806 0.283979 -0.431737 0.610968 0.353539 0.255706 0.660562 -1.489053 0.788651 2.361621 -0.971852 -0.307154 -1.163386 1.072552
1776408899.051827 jaka_arm_left success 0.310728 0.284057 -0.431800 0.611380 0.353347 0.256583 0.659943 -1.489209 0.788160 2.361308 -0.971412 -0.307099 -1.163137 1.073046
1776408899.060133 jaka_arm_left success 0.310606 0.283871 -0.431917 0.610832 0.353691 0.256907 0.660140 -1.489038 0.788750 2.360544 -0.970896 -0.308136 -1.162941 1.073179
1776408899.068533 jaka_arm_left success 0.310661 0.283829 -0.431963 0.611248 0.352829 0.256788 0.660263 -1.489090 0.789295 2.361191 -0.970881 -0.306625 -1.163908 1.074591
1776408899.076851 jaka_arm_left success 0.310627 0.283790 -0.431982 0.611491 0.352838 0.256663 0.660082 -1.489090 0.789295 2.361191 -0.970881 -0.306625 -1.163908 1.074591
1776408899.085114 jaka_arm_left success 0.310656 0.283815 -0.431999 0.611754 0.352688 0.256727 0.659893 -1.489090 0.789295 2.361191 -0.970881 -0.306625 -1.163908 1.074591
1776408899.093413 jaka_arm_left success 0.310598 0.283731 -0.432010 0.611981 0.352843 0.255733 0.659986 -1.488770 0.788919 2.362218 -0.970776 -0.305677 -1.163754 1.074276
1776408899.101839 jaka_arm_left success 0.310601 0.283692 -0.432050 0.612141 0.352682 0.254844 0.660268 -1.489691 0.788092 2.363290 -0.970912 -0.305091 -1.164103 1.071977
1776408899.110131 jaka_arm_left success 0.310688 0.283746 -0.432095 0.612332 0.352176 0.254861 0.660354 -1.490061 0.787788 2.363276 -0.970988 -0.304671 -1.164299 1.072337
1776408899.118522 jaka_arm_left success 0.310721 0.283711 -0.432147 0.612342 0.351925 0.254532 0.660605 -1.494930 0.788512 2.365374 -0.964720 -0.302675 -1.167342 1.067757
1776408899.126788 jaka_arm_left success 0.310732 0.283655 -0.432191 0.612387 0.351668 0.254147 0.660849 -1.495089 0.788932 2.365984 -0.965556 -0.301924 -1.168207 1.067718
1776408899.135125 jaka_arm_left success 0.310714 0.283440 -0.432272 0.612036 0.351657 0.252946 0.661640 -1.494727 0.788949 2.366730 -0.965287 -0.301867 -1.169072 1.066248
1776408899.143456 jaka_arm_left success 0.310718 0.283537 -0.432291 0.612975 0.350909 0.253050 0.661128 -1.495126 0.787996 2.366984 -0.965069 -0.300739 -1.169128 1.067085
1776408899.151827 jaka_arm_left success 0.310708 0.283414 -0.432307 0.612786 0.350874 0.253333 0.661213 -1.495126 0.787996 2.366984 -0.965069 -0.300739 -1.169128 1.067085
1776408899.160124 jaka_arm_left success 0.310692 0.283330 -0.432297 0.612892 0.350695 0.253384 0.661191 -1.495126 0.787996 2.366984 -0.965069 -0.300739 -1.169128 1.067085
1776408899.168476 jaka_arm_left success 0.310577 0.283142 -0.432264 0.612905 0.350846 0.253256 0.661147 -1.495126 0.787996 2.366984 -0.965069 -0.300739 -1.169128 1.067085
1776408899.176813 jaka_arm_left success 0.310614 0.283127 -0.432227 0.613511 0.349813 0.253339 0.661101 -1.495685 0.787426 2.367547 -0.965318 -0.299218 -1.169634 1.067952
1776408899.185144 jaka_arm_left success 0.310577 0.283158 -0.432215 0.613978 0.348974 0.253517 0.661043 -1.496940 0.788422 2.367956 -0.962467 -0.297955 -1.170950 1.068690
1776408899.193499 jaka_arm_left success 0.310571 0.283323 -0.432188 0.614508 0.348375 0.254450 0.660507 -1.497415 0.787743 2.367496 -0.962111 -0.297732 -1.170865 1.069469
1776408899.201775 jaka_arm_left success 0.310494 0.283272 -0.432184 0.614520 0.348167 0.254173 0.660713 -1.497415 0.787743 2.367496 -0.962111 -0.297732 -1.170865 1.069469
1776408899.210146 jaka_arm_left success 0.310502 0.283286 -0.432189 0.614661 0.347576 0.254176 0.660892 -1.497829 0.787537 2.367900 -0.962475 -0.296688 -1.171648 1.069973
1776408899.218497 jaka_arm_left success 0.310489 0.283220 -0.432211 0.614433 0.347422 0.253703 0.661366 -1.499656 0.788406 2.369281 -0.954177 -0.295279 -1.179492 1.066653
1776408899.226764 jaka_arm_left success 0.310487 0.283206 -0.432239 0.614451 0.347272 0.253494 0.661508 -1.499656 0.788406 2.369281 -0.954177 -0.295279 -1.179492 1.066653
1776408899.235336 jaka_arm_left success 0.310478 0.283190 -0.432272 0.614526 0.347316 0.253263 0.661504 -1.499656 0.788406 2.369281 -0.954177 -0.295279 -1.179492 1.066653
1776408899.243438 jaka_arm_left success 0.310444 0.283125 -0.432331 0.614638 0.347435 0.252712 0.661548 -1.499264 0.788657 2.369911 -0.954308 -0.294992 -1.179435 1.066245
1776408899.251862 jaka_arm_left success 0.310539 0.283146 -0.432371 0.614826 0.347338 0.252901 0.661352 -1.499264 0.788657 2.369911 -0.954308 -0.294992 -1.179435 1.066245
1776408899.260202 jaka_arm_left success 0.310573 0.283120 -0.432411 0.614988 0.347460 0.252919 0.661130 -1.499264 0.788657 2.369911 -0.954308 -0.294992 -1.179435 1.066245
1776408899.268465 jaka_arm_left success 0.310626 0.283120 -0.432425 0.615474 0.347441 0.252577 0.660818 -1.499566 0.788129 2.370703 -0.953893 -0.294003 -1.178507 1.066206
1776408899.276763 jaka_arm_left success 0.310627 0.282924 -0.432443 0.615042 0.348245 0.252845 0.660695 -1.499973 0.788926 2.370399 -0.953824 -0.294752 -1.177879 1.065709
1776408899.285112 jaka_arm_left success 0.310642 0.282713 -0.432516 0.614697 0.348512 0.252444 0.661029 -1.499752 0.789313 2.370546 -0.953877 -0.295009 -1.177770 1.065272
1776408899.293515 jaka_arm_left success 0.310703 0.282671 -0.432556 0.614656 0.348439 0.253000 0.660892 -1.499752 0.789313 2.370546 -0.953877 -0.295009 -1.177770 1.065272
1776408899.301778 jaka_arm_left success 0.310714 0.282697 -0.432574 0.615023 0.348170 0.253160 0.660632 -1.500053 0.788913 2.370202 -0.953552 -0.294970 -1.177541 1.065752
1776408899.310096 jaka_arm_left success 0.310715 0.282690 -0.432584 0.615189 0.347907 0.253152 0.660619 -1.500053 0.788913 2.370202 -0.953552 -0.294970 -1.177541 1.065752
1776408899.318484 jaka_arm_left success 0.310669 0.282626 -0.432591 0.615054 0.347818 0.253102 0.660810 -1.500053 0.788913 2.370202 -0.953552 -0.294970 -1.177541 1.065752
1776408899.326921 jaka_arm_left success 0.310575 0.282694 -0.432616 0.615945 0.347192 0.252339 0.660602 -1.500308 0.788284 2.371246 -0.953837 -0.293221 -1.177648 1.066317
1776408899.335166 jaka_arm_left success 0.310539 0.282685 -0.432626 0.615923 0.346903 0.252135 0.660851 -1.500493 0.788435 2.371377 -0.954121 -0.293050 -1.177853 1.066246
1776408899.343448 jaka_arm_left success 0.310537 0.282691 -0.432649 0.615843 0.346624 0.252044 0.661107 -1.500736 0.788526 2.371509 -0.954412 -0.292805 -1.178091 1.066235
1776408899.351792 jaka_arm_left success 0.310563 0.282615 -0.432699 0.615425 0.346400 0.251925 0.661659 -1.501834 0.788927 2.371815 -0.954602 -0.292534 -1.178282 1.065460
1776408899.360170 jaka_arm_left success 0.310570 0.282610 -0.432710 0.615447 0.346275 0.251868 0.661725 -1.501834 0.788927 2.371815 -0.954602 -0.292534 -1.178282 1.065460
1776408899.368492 jaka_arm_left success 0.310637 0.282742 -0.432686 0.616362 0.345344 0.251802 0.661386 -1.503608 0.787662 2.372796 -0.954087 -0.290616 -1.178228 1.065165
1776408899.376745 jaka_arm_left success 0.310667 0.282683 -0.432709 0.616273 0.345396 0.251911 0.661400 -1.503608 0.787662 2.372796 -0.954087 -0.290616 -1.178228 1.065165
1776408899.385146 jaka_arm_left success 0.310659 0.282679 -0.432693 0.616577 0.345492 0.251429 0.661249 -1.503608 0.787662 2.372796 -0.954087 -0.290616 -1.178228 1.065165
1776408899.393462 jaka_arm_left success 0.310684 0.282645 -0.432724 0.616800 0.345566 0.251362 0.661029 -1.503297 0.787569 2.373093 -0.953869 -0.290488 -1.177956 1.065014
1776408899.401902 jaka_arm_left success 0.310752 0.282661 -0.432743 0.617179 0.345291 0.251058 0.660934 -1.505286 0.786642 2.374061 -0.953268 -0.289570 -1.177061 1.063083
1776408899.410199 jaka_arm_left success 0.310742 0.282510 -0.432780 0.616842 0.345766 0.250562 0.661189 -1.505074 0.787144 2.374328 -0.953549 -0.289717 -1.177212 1.062569
1776408899.418517 jaka_arm_left success 0.310801 0.282545 -0.432807 0.616968 0.345831 0.251057 0.660849 -1.505074 0.787144 2.374328 -0.953549 -0.289717 -1.177212 1.062569
1776408899.426782 jaka_arm_left success 0.310816 0.282616 -0.432844 0.617257 0.345879 0.251175 0.660509 -1.505074 0.787144 2.374328 -0.953549 -0.289717 -1.177212 1.062569
1776408899.435125 jaka_arm_left success 0.310825 0.282645 -0.432874 0.617388 0.345884 0.251127 0.660403 -1.504967 0.786741 2.374247 -0.953052 -0.289697 -1.176785 1.062784
1776408899.443423 jaka_arm_left success 0.310748 0.282617 -0.432914 0.616923 0.346845 0.251210 0.660302 -1.504900 0.787365 2.373385 -0.952532 -0.291192 -1.176207 1.062305
1776408899.451838 jaka_arm_left success 0.310760 0.282638 -0.432935 0.616931 0.346802 0.251067 0.660370 -1.504900 0.787365 2.373385 -0.952532 -0.291192 -1.176207 1.062305
1776408899.460115 jaka_arm_left success 0.310810 0.282658 -0.432972 0.616807 0.346490 0.250775 0.660761 -1.504719 0.787576 2.374046 -0.952893 -0.290652 -1.176426 1.062069
1776408899.468506 jaka_arm_left success 0.310747 0.282582 -0.432996 0.616569 0.346736 0.249960 0.661163 -1.504497 0.787969 2.374491 -0.953219 -0.290552 -1.176605 1.061591
1776408899.476818 jaka_arm_left success 0.310836 0.282757 -0.432981 0.616711 0.346592 0.251049 0.660693 -1.504842 0.787519 2.374024 -0.952870 -0.290613 -1.176438 1.062074
1776408899.485092 jaka_arm_left success 0.310820 0.282712 -0.432997 0.616698 0.346528 0.250299 0.661023 -1.504730 0.787741 2.374352 -0.953099 -0.290465 -1.176581 1.061790
1776408899.493475 jaka_arm_left success 0.310769 0.282700 -0.433005 0.616592 0.346839 0.249937 0.661097 -1.504939 0.787531 2.374953 -0.952986 -0.290373 -1.176507 1.060442
1776408899.501787 jaka_arm_left success 0.310825 0.282786 -0.433016 0.616783 0.346787 0.250266 0.660821 -1.505168 0.787249 2.374699 -0.952794 -0.290372 -1.176426 1.060723
1776408899.510188 jaka_arm_left success 0.310823 0.282739 -0.433048 0.616894 0.346753 0.249585 0.660993 -1.504980 0.787359 2.375122 -0.952931 -0.290127 -1.176468 1.060447
1776408899.518439 jaka_arm_left success 0.310900 0.282720 -0.433076 0.616622 0.347085 0.250129 0.660867 -1.505485 0.787355 2.374120 -0.952558 -0.291070 -1.176283 1.060514
1776408899.526775 jaka_arm_left success 0.310982 0.282664 -0.433141 0.616851 0.346687 0.249473 0.661110 -1.506881 0.786738 2.375829 -0.952556 -0.289542 -1.176352 1.058443
1776408899.535138 jaka_arm_left success 0.311030 0.282702 -0.433176 0.617150 0.346624 0.249618 0.660808 -1.506881 0.786738 2.375829 -0.952556 -0.289542 -1.176352 1.058443
1776408899.543443 jaka_arm_left success 0.311040 0.282721 -0.433203 0.617331 0.346826 0.249743 0.660487 -1.506791 0.786373 2.375772 -0.952126 -0.289488 -1.175991 1.058655
1776408899.551870 jaka_arm_left success 0.311052 0.282736 -0.433231 0.617409 0.347160 0.249778 0.660225 -1.506791 0.786373 2.375772 -0.952126 -0.289488 -1.175991 1.058655
1776408899.560227 jaka_arm_left success 0.311050 0.282723 -0.433245 0.617381 0.347508 0.249862 0.660036 -1.506496 0.786192 2.375687 -0.951588 -0.289744 -1.175459 1.058619
1776408899.568501 jaka_arm_left success 0.311042 0.282747 -0.433257 0.617467 0.347702 0.250048 0.659783 -1.506245 0.785962 2.375032 -0.950522 -0.290634 -1.174422 1.058688
1776408899.576816 jaka_arm_left success 0.311049 0.282769 -0.433255 0.617530 0.347830 0.250056 0.659654 -1.506245 0.785962 2.375032 -0.950522 -0.290634 -1.174422 1.058688
1776408899.585124 jaka_arm_left success 0.310983 0.282674 -0.433266 0.617320 0.348194 0.249211 0.659978 -1.506033 0.786673 2.375551 -0.951137 -0.290578 -1.174783 1.058058
1776408899.593468 jaka_arm_left success 0.310975 0.282693 -0.433261 0.617355 0.348296 0.249065 0.659947 -1.506033 0.786673 2.375551 -0.951137 -0.290578 -1.174783 1.058058
1776408899.601759 jaka_arm_left success 0.310969 0.282709 -0.433254 0.617294 0.348407 0.248925 0.659998 -1.505781 0.786900 2.375912 -0.951264 -0.290505 -1.174755 1.057706
1776408899.610101 jaka_arm_left success 0.311019 0.282874 -0.433235 0.617591 0.348233 0.249500 0.659595 -1.505935 0.786539 2.375742 -0.951010 -0.290418 -1.174559 1.058015
1776408899.618505 jaka_arm_left success 0.310964 0.282821 -0.433248 0.617390 0.348445 0.248710 0.659969 -1.505746 0.786874 2.376090 -0.951275 -0.290385 -1.174654 1.057589
1776408899.626878 jaka_arm_left success 0.310965 0.282842 -0.433253 0.617276 0.348476 0.248558 0.660117 -1.505746 0.786874 2.376090 -0.951275 -0.290385 -1.174654 1.057589
1776408899.635143 jaka_arm_left success 0.311024 0.282979 -0.433250 0.617381 0.348311 0.249198 0.659864 -1.505746 0.786874 2.376090 -0.951275 -0.290385 -1.174654 1.057589
1776408899.643452 jaka_arm_left success 0.311035 0.283032 -0.433266 0.617391 0.348304 0.249159 0.659873 -1.505746 0.786874 2.376090 -0.951275 -0.290385 -1.174654 1.057589
1776408899.651808 jaka_arm_left success 0.310973 0.282878 -0.433305 0.616844 0.348570 0.247989 0.660684 -1.505661 0.787466 2.376409 -0.951816 -0.290465 -1.175016 1.056985
1776408899.660205 jaka_arm_left success 0.311024 0.282989 -0.433301 0.617002 0.348469 0.248598 0.660361 -1.505815 0.787213 2.376241 -0.951651 -0.290480 -1.174906 1.057124
1776408899.668492 jaka_arm_left success 0.310958 0.282917 -0.433313 0.616900 0.348718 0.247882 0.660594 -1.506294 0.786643 2.376984 -0.951972 -0.290412 -1.174787 1.055076
1776408899.676775 jaka_arm_left success 0.310998 0.283003 -0.433307 0.617109 0.348669 0.248415 0.660224 -1.506543 0.786228 2.376649 -0.951664 -0.290427 -1.174603 1.055452
1776408899.685138 jaka_arm_left success 0.310996 0.283008 -0.433312 0.617142 0.348724 0.248432 0.660159 -1.506543 0.786228 2.376649 -0.951664 -0.290427 -1.174603 1.055452
1776408899.693518 jaka_arm_left success 0.310913 0.282860 -0.433340 0.616925 0.349011 0.247394 0.660599 -1.506206 0.786632 2.377101 -0.951911 -0.290432 -1.174665 1.054874
1776408899.701777 jaka_arm_left success 0.310877 0.282845 -0.433328 0.617037 0.349145 0.247336 0.660445 -1.506206 0.786632 2.377101 -0.951911 -0.290432 -1.174665 1.054874
1776408899.710159 jaka_arm_left success 0.310935 0.282928 -0.433319 0.617221 0.348973 0.247975 0.660124 -1.506206 0.786632 2.377101 -0.951911 -0.290432 -1.174665 1.054874
1776408899.718516 jaka_arm_left success 0.310879 0.282832 -0.433336 0.617150 0.349128 0.247222 0.660391 -1.506206 0.786632 2.377101 -0.951911 -0.290432 -1.174665 1.054874
1776408899.726805 jaka_arm_left success 0.310928 0.282904 -0.433328 0.617375 0.348920 0.247752 0.660092 -1.506184 0.786297 2.377111 -0.951641 -0.290300 -1.174420 1.055027
1776408899.735188 jaka_arm_left success 0.310924 0.282901 -0.433329 0.617431 0.348932 0.247811 0.660012 -1.506184 0.786297 2.377111 -0.951641 -0.290300 -1.174420 1.055027
1776408899.743478 jaka_arm_left success 0.310975 0.282890 -0.433365 0.617504 0.348748 0.247964 0.659984 -1.506184 0.786297 2.377111 -0.951641 -0.290300 -1.174420 1.055027
1776408899.751901 jaka_arm_left success 0.310978 0.282914 -0.433369 0.617676 0.348482 0.247863 0.660000 -1.506434 0.785846 2.377095 -0.951520 -0.289929 -1.174354 1.055400
1776408899.760223 jaka_arm_left success 0.310905 0.282773 -0.433391 0.617444 0.348717 0.247091 0.660382 -1.506237 0.786244 2.377549 -0.951894 -0.289828 -1.174538 1.054885
1776408899.768497 jaka_arm_left success 0.310971 0.282858 -0.433386 0.617696 0.348381 0.247870 0.660032 -1.506563 0.785805 2.377289 -0.951688 -0.289695 -1.174435 1.055295
1776408899.776950 jaka_arm_left success 0.310914 0.282782 -0.433371 0.617630 0.348676 0.247746 0.659985 -1.506563 0.785805 2.377289 -0.951688 -0.289695 -1.174435 1.055295
1776408899.785174 jaka_arm_left success 0.310920 0.282814 -0.433365 0.617940 0.348564 0.247894 0.659698 -1.506515 0.785588 2.377308 -0.951473 -0.289630 -1.174214 1.055369
1776408899.793500 jaka_arm_left success 0.310913 0.282800 -0.433368 0.618037 0.348548 0.247789 0.659656 -1.506515 0.785588 2.377308 -0.951473 -0.289630 -1.174214 1.055369
1776408899.801818 jaka_arm_left success 0.310819 0.282664 -0.433388 0.617894 0.348834 0.246726 0.660037 -1.506059 0.785929 2.377979 -0.951705 -0.289454 -1.174192 1.054736
1776408899.810122 jaka_arm_left success 0.310875 0.282732 -0.433379 0.618131 0.348662 0.247231 0.659716 -1.506059 0.785929 2.377979 -0.951705 -0.289454 -1.174192 1.054736
1776408899.818555 jaka_arm_left success 0.310897 0.282702 -0.433391 0.618078 0.348790 0.247437 0.659621 -1.506059 0.785929 2.377979 -0.951705 -0.289454 -1.174192 1.054736
1776408899.826836 jaka_arm_left success 0.310902 0.282701 -0.433395 0.618169 0.348818 0.247447 0.659518 -1.506059 0.785929 2.377979 -0.951705 -0.289454 -1.174192 1.054736
1776408899.835135 jaka_arm_left success 0.310923 0.282678 -0.433415 0.618129 0.348824 0.247477 0.659540 -1.506059 0.785929 2.377979 -0.951705 -0.289454 -1.174192 1.054736
1776408899.843570 jaka_arm_left success 0.310945 0.282778 -0.433421 0.618814 0.348370 0.247458 0.659145 -1.506200 0.785116 2.377928 -0.951194 -0.289026 -1.173767 1.055298
1776408899.851839 jaka_arm_left success 0.310900 0.282775 -0.433427 0.618813 0.348611 0.247535 0.658989 -1.506200 0.785116 2.377928 -0.951194 -0.289026 -1.173767 1.055298
1776408899.860163 jaka_arm_left success 0.310962 0.282760 -0.433446 0.618813 0.348357 0.247548 0.659119 -1.506200 0.785116 2.377928 -0.951194 -0.289026 -1.173767 1.055298
1776408899.868534 jaka_arm_left success 0.310887 0.282687 -0.433422 0.618384 0.348890 0.247519 0.659251 -1.506200 0.785116 2.377928 -0.951194 -0.289026 -1.173767 1.055298
1776408899.876812 jaka_arm_left success 0.310905 0.282659 -0.433421 0.618396 0.348693 0.247166 0.659476 -1.506200 0.785116 2.377928 -0.951194 -0.289026 -1.173767 1.055298
1776408899.885153 jaka_arm_left success 0.310864 0.282679 -0.433402 0.618326 0.348923 0.247435 0.659319 -1.506200 0.785116 2.377928 -0.951194 -0.289026 -1.173767 1.055298
1776408899.893511 jaka_arm_left success 0.310854 0.282686 -0.433391 0.618248 0.348959 0.247375 0.659396 -1.506200 0.785116 2.377928 -0.951194 -0.289026 -1.173767 1.055298
1776408899.901855 jaka_arm_left success 0.310833 0.282669 -0.433390 0.618180 0.348991 0.246965 0.659596 -1.506126 0.785513 2.378064 -0.951466 -0.289228 -1.173866 1.054829
1776408899.910105 jaka_arm_left success 0.310850 0.282700 -0.433389 0.618121 0.348914 0.246928 0.659706 -1.506126 0.785513 2.378064 -0.951466 -0.289228 -1.173866 1.054829
1776408899.918469 jaka_arm_left success 0.310864 0.282726 -0.433401 0.618110 0.348835 0.246785 0.659812 -1.506126 0.785513 2.378064 -0.951466 -0.289228 -1.173866 1.054829
1776408899.926864 jaka_arm_left success 0.310925 0.282736 -0.433428 0.618152 0.348513 0.246478 0.660057 -1.507012 0.785116 2.378756 -0.952239 -0.288522 -1.174078 1.053811
1776408899.935101 jaka_arm_left success 0.310925 0.282713 -0.433454 0.618133 0.348562 0.246060 0.660205 -1.508908 0.783378 2.379683 -0.952478 -0.288395 -1.172959 1.050204
1776408899.943467 jaka_arm_left success 0.310997 0.282708 -0.433500 0.617931 0.348430 0.246207 0.660409 -1.509256 0.783488 2.379439 -0.952700 -0.288473 -1.173225 1.050320
1776408899.951776 jaka_arm_left success 0.311023 0.282734 -0.433526 0.617938 0.348448 0.246282 0.660365 -1.509256 0.783488 2.379439 -0.952700 -0.288473 -1.173225 1.050320
1776408899.960170 jaka_arm_left success 0.311034 0.282739 -0.433535 0.617993 0.348533 0.246353 0.660242 -1.509256 0.783488 2.379439 -0.952700 -0.288473 -1.173225 1.050320
1776408899.968516 jaka_arm_left success 0.311040 0.282728 -0.433553 0.618029 0.348573 0.246158 0.660260 -1.509256 0.783488 2.379439 -0.952700 -0.288473 -1.173225 1.050320
1776408899.976796 jaka_arm_left success 0.311024 0.282856 -0.433531 0.618629 0.348470 0.246505 0.659623 -1.509237 0.782998 2.379364 -0.952246 -0.288310 -1.172853 1.050676
1776408899.985173 jaka_arm_left success 0.311017 0.282827 -0.433528 0.618626 0.348518 0.246392 0.659642 -1.509237 0.782998 2.379364 -0.952246 -0.288310 -1.172853 1.050676
1776408899.993418 jaka_arm_left success 0.311012 0.282712 -0.433522 0.618019 0.348903 0.246275 0.660051 -1.509237 0.782998 2.379364 -0.952246 -0.288310 -1.172853 1.050676
1776408900.001813 jaka_arm_left success 0.311024 0.282850 -0.433507 0.618609 0.348537 0.246596 0.659572 -1.509237 0.782998 2.379364 -0.952246 -0.288310 -1.172853 1.050676
1776408900.010132 jaka_arm_left success 0.311007 0.282880 -0.433491 0.618727 0.348689 0.246697 0.659344 -1.509237 0.782998 2.379364 -0.952246 -0.288310 -1.172853 1.050676
1776408900.018476 jaka_arm_left success 0.311030 0.282852 -0.433526 0.618526 0.348524 0.246198 0.659806 -1.509237 0.782998 2.379364 -0.952246 -0.288310 -1.172853 1.050676
1776408900.026861 jaka_arm_left success 0.311036 0.282854 -0.433542 0.618435 0.348477 0.246056 0.659968 -1.509237 0.782998 2.379364 -0.952246 -0.288310 -1.172853 1.050676
1776408900.035163 jaka_arm_left success 0.311066 0.282790 -0.433555 0.617959 0.348668 0.246063 0.660311 -1.509290 0.783408 2.379377 -0.952565 -0.288484 -1.173101 1.050404
1776408900.043437 jaka_arm_left success 0.311097 0.282859 -0.433585 0.618291 0.348408 0.246013 0.660156 -1.509290 0.783408 2.379377 -0.952565 -0.288484 -1.173101 1.050404
1776408900.051795 jaka_arm_left success 0.311111 0.282862 -0.433609 0.618235 0.348391 0.246064 0.660198 -1.509290 0.783408 2.379377 -0.952565 -0.288484 -1.173101 1.050404
1776408900.060152 jaka_arm_left success 0.311107 0.282833 -0.433610 0.618144 0.348601 0.246115 0.660154 -1.509290 0.783408 2.379377 -0.952565 -0.288484 -1.173101 1.050404
1776408900.068475 jaka_arm_left success 0.311126 0.282732 -0.433621 0.617562 0.348865 0.246094 0.660567 -1.509318 0.783808 2.379305 -0.952784 -0.288776 -1.173269 1.050127
1776408900.076828 jaka_arm_left success 0.311134 0.282754 -0.433616 0.617581 0.348893 0.246312 0.660453 -1.509318 0.783808 2.379305 -0.952784 -0.288776 -1.173269 1.050127
1776408900.085177 jaka_arm_left success 0.311132 0.282826 -0.433619 0.617992 0.348697 0.246363 0.660153 -1.509318 0.783808 2.379305 -0.952784 -0.288776 -1.173269 1.050127
1776408900.093459 jaka_arm_left success 0.311140 0.282836 -0.433620 0.618077 0.348603 0.246293 0.660148 -1.509318 0.783808 2.379305 -0.952784 -0.288776 -1.173269 1.050127
1776408900.101787 jaka_arm_left success 0.311129 0.282878 -0.433603 0.618228 0.348533 0.246397 0.660006 -1.509320 0.783399 2.379265 -0.952431 -0.288598 -1.172991 1.050434
1776408900.110229 jaka_arm_left success 0.311122 0.282848 -0.433610 0.618192 0.348496 0.246183 0.660138 -1.509320 0.783399 2.379265 -0.952431 -0.288598 -1.172991 1.050434
1776408900.118515 jaka_arm_left success 0.311162 0.282848 -0.433625 0.618086 0.348400 0.246442 0.660192 -1.509320 0.783399 2.379265 -0.952431 -0.288598 -1.172991 1.050434
1776408900.126856 jaka_arm_left success 0.311166 0.282835 -0.433640 0.618074 0.348372 0.246326 0.660261 -1.509320 0.783399 2.379265 -0.952431 -0.288598 -1.172991 1.050434
1776408900.135191 jaka_arm_left success 0.311167 0.282833 -0.433652 0.618081 0.348329 0.246240 0.660309 -1.509320 0.783399 2.379265 -0.952431 -0.288598 -1.172991 1.050434
1776408900.143493 jaka_arm_left success 0.311186 0.282830 -0.433673 0.618081 0.348295 0.246178 0.660351 -1.509320 0.783399 2.379265 -0.952431 -0.288598 -1.172991 1.050434
1776408900.151804 jaka_arm_left success 0.311201 0.282869 -0.433682 0.618240 0.348221 0.246193 0.660235 -1.509320 0.783399 2.379265 -0.952431 -0.288598 -1.172991 1.050434
1776408900.160109 jaka_arm_left success 0.311205 0.282859 -0.433710 0.618157 0.348333 0.246295 0.660216 -1.509320 0.783399 2.379265 -0.952431 -0.288598 -1.172991 1.050434
1776408900.168506 jaka_arm_left success 0.311229 0.282871 -0.433737 0.618166 0.348372 0.246284 0.660190 -1.509320 0.783399 2.379265 -0.952431 -0.288598 -1.172991 1.050434
1776408900.176769 jaka_arm_left success 0.311242 0.282911 -0.433749 0.618317 0.348323 0.246156 0.660123 -1.509320 0.783399 2.379265 -0.952431 -0.288598 -1.172991 1.050434
1776408900.185138 jaka_arm_left success 0.311264 0.283048 -0.433761 0.618458 0.348622 0.247131 0.659468 -1.509464 0.782894 2.378909 -0.951907 -0.288624 -1.172611 1.050918
1776408900.193508 jaka_arm_left success 0.311277 0.282992 -0.433749 0.618325 0.348862 0.247037 0.659502 -1.509464 0.782894 2.378909 -0.951907 -0.288624 -1.172611 1.050918
1776408900.201873 jaka_arm_left success 0.311275 0.282866 -0.433782 0.618138 0.348859 0.246317 0.659948 -1.509306 0.783342 2.379134 -0.952167 -0.288725 -1.172737 1.050526
1776408900.210128 jaka_arm_left success 0.311243 0.282895 -0.433760 0.618542 0.348900 0.245571 0.659825 -1.508908 0.783381 2.379680 -0.952134 -0.288437 -1.172559 1.050240
1776408900.218451 jaka_arm_left success 0.311246 0.282899 -0.433768 0.618591 0.348935 0.245503 0.659786 -1.508908 0.783381 2.379680 -0.952134 -0.288437 -1.172559 1.050240
1776408900.226849 jaka_arm_left success 0.311256 0.282902 -0.433775 0.618593 0.348941 0.245475 0.659791 -1.508908 0.783381 2.379680 -0.952134 -0.288437 -1.172559 1.050240
1776408900.235119 jaka_arm_left success 0.311269 0.282895 -0.433789 0.618505 0.348925 0.245490 0.659877 -1.508908 0.783381 2.379680 -0.952134 -0.288437 -1.172559 1.050240
1776408900.243446 jaka_arm_left success 0.311286 0.282919 -0.433798 0.618580 0.348848 0.245559 0.659821 -1.508908 0.783381 2.379680 -0.952134 -0.288437 -1.172559 1.050240
1776408900.251840 jaka_arm_left success 0.311269 0.282933 -0.433799 0.618586 0.348924 0.245650 0.659742 -1.508908 0.783381 2.379680 -0.952134 -0.288437 -1.172559 1.050240
1776408900.260180 jaka_arm_left success 0.311235 0.282942 -0.433852 0.618674 0.348872 0.244863 0.659980 -1.509798 0.782930 2.380835 -0.952482 -0.287795 -1.172179 1.048227
1776408900.268480 jaka_arm_left success 0.311108 0.282981 -0.433878 0.618449 0.349938 0.245033 0.659563 -1.509418 0.782893 2.380672 -0.951924 -0.288342 -1.171588 1.047945
1776408900.276793 jaka_arm_left success 0.311146 0.283010 -0.433901 0.618528 0.349801 0.244911 0.659606 -1.509418 0.782893 2.380672 -0.951924 -0.288342 -1.171588 1.047945
1776408900.285118 jaka_arm_left success 0.311157 0.282995 -0.433908 0.618512 0.349915 0.244856 0.659581 -1.509418 0.782893 2.380672 -0.951924 -0.288342 -1.171588 1.047945
1776408900.293515 jaka_arm_left success 0.311181 0.283002 -0.433924 0.618581 0.349846 0.244769 0.659585 -1.509418 0.782893 2.380672 -0.951924 -0.288342 -1.171588 1.047945
1776408900.301833 jaka_arm_left success 0.311269 0.283016 -0.433920 0.618940 0.349092 0.244568 0.659723 -1.509788 0.782475 2.381360 -0.952246 -0.287275 -1.171754 1.047990
1776408900.310147 jaka_arm_left success 0.311282 0.282922 -0.433915 0.618769 0.349132 0.244423 0.659916 -1.509788 0.782475 2.381360 -0.952246 -0.287275 -1.171754 1.047990
1776408900.318513 jaka_arm_left success 0.311270 0.282867 -0.433909 0.618681 0.349440 0.244410 0.659840 -1.509855 0.782795 2.381257 -0.952422 -0.287588 -1.171863 1.047689
1776408900.326772 jaka_arm_left success 0.311293 0.282785 -0.433913 0.618481 0.349553 0.244356 0.659988 -1.509855 0.782795 2.381257 -0.952422 -0.287588 -1.171863 1.047689
1776408900.335139 jaka_arm_left success 0.311363 0.282904 -0.433899 0.618667 0.349432 0.245260 0.659542 -1.510197 0.782512 2.380637 -0.952058 -0.287959 -1.171628 1.048017
1776408900.343466 jaka_arm_left success 0.311316 0.282833 -0.433921 0.618552 0.349601 0.244556 0.659822 -1.509955 0.782872 2.380932 -0.952235 -0.288032 -1.171653 1.047570
1776408900.351769 jaka_arm_left success 0.311318 0.283015 -0.433947 0.619086 0.349392 0.244686 0.659384 -1.509907 0.782551 2.381021 -0.951987 -0.287824 -1.171414 1.047722
1776408900.360131 jaka_arm_left success 0.311250 0.283038 -0.433973 0.618819 0.350151 0.244900 0.659152 -1.509641 0.782545 2.380870 -0.951558 -0.288290 -1.170927 1.047476
1776408900.368515 jaka_arm_left success 0.311245 0.283070 -0.433988 0.618869 0.350152 0.244832 0.659130 -1.509641 0.782545 2.380870 -0.951558 -0.288290 -1.170927 1.047476
1776408900.376803 jaka_arm_left success 0.311248 0.283071 -0.434003 0.618807 0.350206 0.244746 0.659191 -1.509641 0.782545 2.380870 -0.951558 -0.288290 -1.170927 1.047476
1776408900.385225 jaka_arm_left success 0.311278 0.283071 -0.434029 0.618678 0.350036 0.244518 0.659487 -1.509641 0.782545 2.380870 -0.951558 -0.288290 -1.170927 1.047476
1776408900.393528 jaka_arm_left success 0.311258 0.283099 -0.434010 0.618837 0.350156 0.244572 0.659254 -1.509641 0.782545 2.380870 -0.951558 -0.288290 -1.170927 1.047476
1776408900.401826 jaka_arm_left success 0.311257 0.283098 -0.434015 0.618811 0.350194 0.244492 0.659288 -1.509641 0.782545 2.380870 -0.951558 -0.288290 -1.170927 1.047476
1776408900.410132 jaka_arm_left success 0.311347 0.283247 -0.433995 0.619087 0.349896 0.245442 0.658834 -1.509950 0.782221 2.380505 -0.951336 -0.288336 -1.170794 1.047846
1776408900.418484 jaka_arm_left success 0.311375 0.283251 -0.434005 0.619002 0.349892 0.245488 0.658899 -1.509950 0.782221 2.380505 -0.951336 -0.288336 -1.170794 1.047846
1776408900.426815 jaka_arm_left success 0.311379 0.283210 -0.434015 0.618850 0.350105 0.245348 0.658981 -1.509950 0.782221 2.380505 -0.951336 -0.288336 -1.170794 1.047846
1776408900.435192 jaka_arm_left success 0.311371 0.283225 -0.434008 0.618887 0.350235 0.245301 0.658894 -1.509950 0.782221 2.380505 -0.951336 -0.288336 -1.170794 1.047846
1776408900.443438 jaka_arm_left success 0.311377 0.283237 -0.434008 0.618898 0.350265 0.245312 0.658864 -1.509950 0.782221 2.380505 -0.951336 -0.288336 -1.170794 1.047846
1776408900.451882 jaka_arm_left success 0.311369 0.283264 -0.434004 0.618954 0.350333 0.245338 0.658765 -1.509950 0.782221 2.380505 -0.951336 -0.288336 -1.170794 1.047846
1776408900.460183 jaka_arm_left success 0.311280 0.283144 -0.434027 0.618707 0.350698 0.244280 0.659197 -1.509393 0.782843 2.381016 -0.951555 -0.288567 -1.170736 1.046996
1776408900.468533 jaka_arm_left success 0.311313 0.283164 -0.434054 0.618674 0.350452 0.244098 0.659426 -1.509393 0.782843 2.381016 -0.951555 -0.288567 -1.170736 1.046996
1776408900.476776 jaka_arm_left success 0.311315 0.283189 -0.434060 0.618670 0.350455 0.244085 0.659433 -1.509393 0.782843 2.381016 -0.951555 -0.288567 -1.170736 1.046996
1776408900.485207 jaka_arm_left success 0.311320 0.283189 -0.434073 0.618565 0.350542 0.243979 0.659524 -1.509374 0.783128 2.381189 -0.951835 -0.288599 -1.170899 1.046664
1776408900.493530 jaka_arm_left success 0.311333 0.283207 -0.434089 0.618682 0.350467 0.243858 0.659499 -1.509374 0.783128 2.381189 -0.951835 -0.288599 -1.170899 1.046664
1776408900.501836 jaka_arm_left success 0.311420 0.283322 -0.434081 0.618821 0.350287 0.244669 0.659164 -1.509640 0.782731 2.380933 -0.951602 -0.288538 -1.170751 1.047001
1776408900.510182 jaka_arm_left success 0.311421 0.283354 -0.434065 0.618894 0.350392 0.244709 0.659024 -1.509640 0.782731 2.380933 -0.951602 -0.288538 -1.170751 1.047001
1776408900.518493 jaka_arm_left success 0.311435 0.283343 -0.434074 0.618874 0.350464 0.244699 0.659009 -1.509640 0.782731 2.380933 -0.951602 -0.288538 -1.170751 1.047001
1776408900.526804 jaka_arm_left success 0.311426 0.283250 -0.434065 0.618503 0.351125 0.244777 0.658976 -1.509749 0.783038 2.380307 -0.951306 -0.289652 -1.170210 1.046449
1776408900.535239 jaka_arm_left success 0.311408 0.283301 -0.434062 0.618708 0.351252 0.244804 0.658706 -1.509556 0.782849 2.380478 -0.951083 -0.289520 -1.169939 1.046452
1776408900.543489 jaka_arm_left success 0.311428 0.283326 -0.434064 0.618776 0.351253 0.244744 0.658664 -1.509556 0.782849 2.380478 -0.951083 -0.289520 -1.169939 1.046452
1776408900.551806 jaka_arm_left success 0.311439 0.283435 -0.434087 0.619113 0.350906 0.244817 0.658505 -1.509557 0.782469 2.380626 -0.950892 -0.289166 -1.169734 1.046681
1776408900.560217 jaka_arm_left success 0.311452 0.283321 -0.434107 0.618603 0.351132 0.244650 0.658926 -1.509557 0.782469 2.380626 -0.950892 -0.289166 -1.169734 1.046681
1776408900.568558 jaka_arm_left success 0.311456 0.283484 -0.434117 0.619207 0.350769 0.244762 0.658510 -1.509557 0.782469 2.380626 -0.950892 -0.289166 -1.169734 1.046681
1776408900.576780 jaka_arm_left success 0.311456 0.283516 -0.434119 0.619310 0.350765 0.244536 0.658499 -1.509578 0.781990 2.381461 -0.951078 -0.288047 -1.169670 1.046785
1776408900.585232 jaka_arm_left success 0.311365 0.283377 -0.434150 0.619020 0.351041 0.243310 0.659078 -1.509394 0.782703 2.381813 -0.951636 -0.288259 -1.169979 1.045999
1776408900.593502 jaka_arm_left success 0.311367 0.283357 -0.434162 0.618996 0.351061 0.243248 0.659113 -1.509544 0.782613 2.382087 -0.951840 -0.288338 -1.169848 1.045143
1776408900.601824 jaka_arm_left success 0.311361 0.283376 -0.434148 0.619082 0.351087 0.243016 0.659104 -1.509544 0.782613 2.382087 -0.951840 -0.288338 -1.169848 1.045143
1776408900.610224 jaka_arm_left success 0.311357 0.283347 -0.434157 0.618970 0.351168 0.242994 0.659174 -1.509544 0.782613 2.382087 -0.951840 -0.288338 -1.169848 1.045143
1776408900.618504 jaka_arm_left success 0.311449 0.283374 -0.434130 0.618782 0.351158 0.243660 0.659110 -1.509544 0.782613 2.382087 -0.951840 -0.288338 -1.169848 1.045143
1776408900.626884 jaka_arm_left success 0.311433 0.283393 -0.434119 0.618861 0.351172 0.243566 0.659064 -1.509544 0.782613 2.382087 -0.951840 -0.288338 -1.169848 1.045143
1776408900.635199 jaka_arm_left success 0.311424 0.283429 -0.434110 0.619159 0.351091 0.243221 0.658954 -1.509669 0.781943 2.382186 -0.951511 -0.288109 -1.169414 1.045081
1776408900.643486 jaka_arm_left success 0.311331 0.283304 -0.434128 0.619024 0.351369 0.241981 0.659389 -1.510780 0.781214 2.383435 -0.952831 -0.287984 -1.169487 1.041475
1776408900.651855 jaka_arm_left success 0.311359 0.283216 -0.434167 0.618703 0.351523 0.242183 0.659534 -1.510780 0.781214 2.383435 -0.952831 -0.287984 -1.169487 1.041475
1776408900.660183 jaka_arm_left success 0.311399 0.283213 -0.434183 0.618805 0.351252 0.242021 0.659642 -1.510780 0.781214 2.383435 -0.952831 -0.287984 -1.169487 1.041475
1776408900.668487 jaka_arm_left success 0.311346 0.283328 -0.434182 0.619270 0.351219 0.242149 0.659177 -1.510780 0.781214 2.383435 -0.952831 -0.287984 -1.169487 1.041475
1776408900.676792 jaka_arm_left success 0.311329 0.283339 -0.434185 0.619356 0.351244 0.242128 0.659090 -1.510839 0.780773 2.383400 -0.952530 -0.287798 -1.169232 1.041725
1776408900.685148 jaka_arm_left success 0.311322 0.283345 -0.434186 0.619415 0.351199 0.242197 0.659034 -1.510839 0.780773 2.383400 -0.952530 -0.287798 -1.169232 1.041725
1776408900.693529 jaka_arm_left success 0.311306 0.283343 -0.434181 0.619461 0.351215 0.242223 0.658972 -1.510839 0.780773 2.383400 -0.952530 -0.287798 -1.169232 1.041725
1776408900.701821 jaka_arm_left success 0.311296 0.283340 -0.434171 0.619483 0.351220 0.242302 0.658920 -1.510839 0.780773 2.383400 -0.952530 -0.287798 -1.169232 1.041725
1776408900.710170 jaka_arm_left success 0.311281 0.283316 -0.434154 0.619439 0.351269 0.242256 0.658951 -1.510839 0.780773 2.383400 -0.952530 -0.287798 -1.169232 1.041725
1776408900.718477 jaka_arm_left success 0.311257 0.283262 -0.434139 0.619317 0.351272 0.242199 0.659086 -1.510839 0.780773 2.383400 -0.952530 -0.287798 -1.169232 1.041725
1776408900.726871 jaka_arm_left success 0.311239 0.283263 -0.434117 0.619303 0.351307 0.242083 0.659123 -1.510839 0.780773 2.383400 -0.952530 -0.287798 -1.169232 1.041725
1776408900.735130 jaka_arm_left success 0.311221 0.283332 -0.434086 0.619657 0.351154 0.241717 0.659006 -1.510745 0.780490 2.383725 -0.952451 -0.287415 -1.169082 1.041725
1776408900.743503 jaka_arm_left success 0.311212 0.283351 -0.434083 0.619719 0.351033 0.241563 0.659069 -1.511157 0.779980 2.384174 -0.952746 -0.286830 -1.169091 1.041335
1776408900.751825 jaka_arm_left success 0.311205 0.283299 -0.434087 0.619591 0.350904 0.241315 0.659349 -1.511157 0.779980 2.384174 -0.952746 -0.286830 -1.169091 1.041335
1776408900.760196 jaka_arm_left success 0.311226 0.283221 -0.434115 0.619252 0.351051 0.241518 0.659514 -1.511339 0.780305 2.384062 -0.953064 -0.287059 -1.169355 1.041095
1776408900.768487 jaka_arm_left success 0.311213 0.283222 -0.434123 0.619277 0.351010 0.241491 0.659522 -1.511339 0.780305 2.384062 -0.953064 -0.287059 -1.169355 1.041095
1776408900.776811 jaka_arm_left success 0.311220 0.283224 -0.434141 0.619400 0.350908 0.241491 0.659462 -1.511339 0.780305 2.384062 -0.953064 -0.287059 -1.169355 1.041095
1776408900.785143 jaka_arm_left success 0.311243 0.283316 -0.434143 0.619602 0.351020 0.242316 0.658909 -1.511530 0.779865 2.383675 -0.952644 -0.287190 -1.169042 1.041428
1776408900.793492 jaka_arm_left success 0.311224 0.283240 -0.434150 0.619621 0.351071 0.241931 0.659005 -1.511530 0.779865 2.383675 -0.952644 -0.287190 -1.169042 1.041428
1776408900.801825 jaka_arm_left success 0.311232 0.283283 -0.434133 0.619691 0.351192 0.242510 0.658662 -1.511530 0.779865 2.383675 -0.952644 -0.287190 -1.169042 1.041428
1776408900.810064 jaka_arm_left success 0.311195 0.283188 -0.434126 0.619673 0.351250 0.241980 0.658843 -1.511530 0.779865 2.383675 -0.952644 -0.287190 -1.169042 1.041428
1776408900.818477 jaka_arm_left success 0.311139 0.283154 -0.434095 0.619727 0.351496 0.242088 0.658621 -1.511275 0.779809 2.383742 -0.952379 -0.287332 -1.168702 1.041259
1776408900.826771 jaka_arm_left success 0.311148 0.283138 -0.434095 0.619708 0.351455 0.242157 0.658636 -1.511275 0.779809 2.383742 -0.952379 -0.287332 -1.168702 1.041259
1776408900.835139 jaka_arm_left success 0.311130 0.283158 -0.434074 0.619811 0.351458 0.242104 0.658557 -1.511275 0.779809 2.383742 -0.952379 -0.287332 -1.168702 1.041259
1776408900.843443 jaka_arm_left success 0.311137 0.283083 -0.434096 0.619582 0.351319 0.241859 0.658936 -1.511275 0.779809 2.383742 -0.952379 -0.287332 -1.168702 1.041259
1776408900.851793 jaka_arm_left success 0.311117 0.283068 -0.434104 0.619522 0.351348 0.241859 0.658978 -1.511275 0.779809 2.383742 -0.952379 -0.287332 -1.168702 1.041259
1776408900.860125 jaka_arm_left success 0.311136 0.283094 -0.434109 0.619579 0.351244 0.241844 0.658985 -1.511275 0.779809 2.383742 -0.952379 -0.287332 -1.168702 1.041259
1776408900.868502 jaka_arm_left success 0.311180 0.283140 -0.434134 0.619665 0.351115 0.241780 0.658996 -1.511275 0.779809 2.383742 -0.952379 -0.287332 -1.168702 1.041259
1776408900.876843 jaka_arm_left success 0.311162 0.283136 -0.434148 0.619655 0.351182 0.241846 0.658946 -1.511275 0.779809 2.383742 -0.952379 -0.287332 -1.168702 1.041259
1776408900.885099 jaka_arm_left success 0.311175 0.283136 -0.434159 0.619668 0.351194 0.241769 0.658956 -1.511275 0.779809 2.383742 -0.952379 -0.287332 -1.168702 1.041259
1776408900.893508 jaka_arm_left success 0.311188 0.283144 -0.434158 0.619708 0.351259 0.241854 0.658852 -1.511275 0.779809 2.383742 -0.952379 -0.287332 -1.168702 1.041259
1776408900.901863 jaka_arm_left success 0.311166 0.283156 -0.434152 0.619792 0.351337 0.241788 0.658756 -1.511275 0.779809 2.383742 -0.952379 -0.287332 -1.168702 1.041259
1776408900.910104 jaka_arm_left success 0.311161 0.283153 -0.434148 0.619767 0.351357 0.241703 0.658799 -1.511275 0.779809 2.383742 -0.952379 -0.287332 -1.168702 1.041259
1776408900.918482 jaka_arm_left success 0.311120 0.283156 -0.434120 0.619807 0.351620 0.241775 0.658595 -1.511275 0.779809 2.383742 -0.952379 -0.287332 -1.168702 1.041259
1776408900.926793 jaka_arm_left success 0.311120 0.283193 -0.434113 0.619844 0.351554 0.241844 0.658571 -1.511275 0.779809 2.383742 -0.952379 -0.287332 -1.168702 1.041259
1776408900.935174 jaka_arm_left success 0.311101 0.283139 -0.434110 0.619653 0.351506 0.241705 0.658827 -1.511275 0.779809 2.383742 -0.952379 -0.287332 -1.168702 1.041259
1776408900.943425 jaka_arm_left success 0.311119 0.283188 -0.434114 0.619745 0.351513 0.241831 0.658690 -1.511275 0.779809 2.383742 -0.952379 -0.287332 -1.168702 1.041259
1776408900.951794 jaka_arm_left success 0.311120 0.283210 -0.434118 0.619769 0.351516 0.241864 0.658654 -1.511275 0.779809 2.383742 -0.952379 -0.287332 -1.168702 1.041259
1776408900.960152 jaka_arm_left success 0.311138 0.283146 -0.434144 0.619475 0.351265 0.241703 0.659123 -1.511275 0.779809 2.383742 -0.952379 -0.287332 -1.168702 1.041259
1776408900.968483 jaka_arm_left success 0.311152 0.283155 -0.434154 0.619474 0.351263 0.241648 0.659145 -1.511328 0.780113 2.383845 -0.952704 -0.287374 -1.168925 1.040999
1776408900.976782 jaka_arm_left success 0.311157 0.283201 -0.434162 0.619614 0.351306 0.241793 0.658938 -1.511328 0.780113 2.383845 -0.952704 -0.287374 -1.168925 1.040999
1776408900.985177 jaka_arm_left success 0.311140 0.283207 -0.434174 0.619654 0.351346 0.241810 0.658873 -1.511328 0.780113 2.383845 -0.952704 -0.287374 -1.168925 1.040999
1776408900.993489 jaka_arm_left success 0.311153 0.283215 -0.434182 0.619712 0.351391 0.241731 0.658823 -1.511328 0.780113 2.383845 -0.952704 -0.287374 -1.168925 1.040999
1776408901.001776 jaka_arm_left success 0.311156 0.283218 -0.434191 0.619722 0.351432 0.241729 0.658792 -1.511328 0.780113 2.383845 -0.952704 -0.287374 -1.168925 1.040999
1776408901.010114 jaka_arm_left success 0.311157 0.283217 -0.434194 0.619742 0.351436 0.241622 0.658811 -1.511194 0.780005 2.383973 -0.952570 -0.287316 -1.168738 1.040928
1776408901.018434 jaka_arm_left success 0.311166 0.283273 -0.434195 0.620045 0.351306 0.241720 0.658559 -1.511180 0.779746 2.384029 -0.952394 -0.287168 -1.168545 1.041026
1776408901.026835 jaka_arm_left success 0.311168 0.283292 -0.434191 0.620172 0.351264 0.241741 0.658454 -1.511180 0.779746 2.384029 -0.952394 -0.287168 -1.168545 1.041026
1776408901.035161 jaka_arm_left success 0.311161 0.283274 -0.434189 0.620133 0.351323 0.241727 0.658464 -1.511180 0.779746 2.384029 -0.952394 -0.287168 -1.168545 1.041026
1776408901.043411 jaka_arm_left success 0.311110 0.283273 -0.434180 0.620235 0.351474 0.241884 0.658230 -1.511144 0.779508 2.384026 -0.952172 -0.287120 -1.168304 1.041106
1776408901.051888 jaka_arm_left success 0.311114 0.283264 -0.434178 0.620231 0.351523 0.242044 0.658149 -1.511144 0.779508 2.384026 -0.952172 -0.287120 -1.168304 1.041106
1776408901.060184 jaka_arm_left success 0.311100 0.283278 -0.434168 0.620310 0.351475 0.242011 0.658113 -1.511144 0.779508 2.384026 -0.952172 -0.287120 -1.168304 1.041106
1776408901.068616 jaka_arm_left success 0.311101 0.283344 -0.434151 0.620333 0.351624 0.242721 0.657750 -1.511338 0.779047 2.383558 -0.951685 -0.287321 -1.167897 1.041493
1776408901.076773 jaka_arm_left success 0.311108 0.283282 -0.434177 0.620219 0.351257 0.242170 0.658256 -1.511338 0.779047 2.383558 -0.951685 -0.287321 -1.167897 1.041493
1776408901.085115 jaka_arm_left success 0.311100 0.283269 -0.434183 0.620144 0.351236 0.241982 0.658407 -1.511442 0.779388 2.383727 -0.952135 -0.287246 -1.168217 1.041269
1776408901.093429 jaka_arm_left success 0.311065 0.283182 -0.434185 0.619720 0.351348 0.241833 0.658801 -1.511491 0.779740 2.383818 -0.952486 -0.287318 -1.168458 1.041000
1776408901.101770 jaka_arm_left success 0.311064 0.283188 -0.434188 0.619645 0.351359 0.241825 0.658868 -1.511491 0.779740 2.383818 -0.952486 -0.287318 -1.168458 1.041000
1776408901.110161 jaka_arm_left success 0.311082 0.283203 -0.434186 0.619628 0.351302 0.241775 0.658934 -1.511491 0.779740 2.383818 -0.952486 -0.287318 -1.168458 1.041000
1776408901.118530 jaka_arm_left success 0.311071 0.283199 -0.434176 0.619562 0.351322 0.241792 0.658979 -1.511491 0.779740 2.383818 -0.952486 -0.287318 -1.168458 1.041000
1776408901.126845 jaka_arm_left success 0.311076 0.283200 -0.434176 0.619506 0.351316 0.241858 0.659011 -1.511491 0.779740 2.383818 -0.952486 -0.287318 -1.168458 1.041000
1776408901.135191 jaka_arm_left success 0.311059 0.283218 -0.434157 0.619499 0.351366 0.241816 0.659005 -1.511491 0.779740 2.383818 -0.952486 -0.287318 -1.168458 1.041000
1776408901.143454 jaka_arm_left success 0.311048 0.283235 -0.434148 0.619513 0.351347 0.241821 0.659000 -1.511491 0.779740 2.383818 -0.952486 -0.287318 -1.168458 1.041000
1776408901.151782 jaka_arm_left success 0.311033 0.283243 -0.434140 0.619397 0.351431 0.241836 0.659059 -1.511491 0.779740 2.383818 -0.952486 -0.287318 -1.168458 1.041000
1776408901.160204 jaka_arm_left success 0.311034 0.283261 -0.434149 0.619303 0.351434 0.241825 0.659150 -1.511569 0.780059 2.383791 -0.952770 -0.287493 -1.168675 1.040759
1776408901.168507 jaka_arm_left success 0.311017 0.283279 -0.434145 0.619262 0.351480 0.241804 0.659172 -1.511569 0.780059 2.383791 -0.952770 -0.287493 -1.168675 1.040759
1776408901.176794 jaka_arm_left success 0.310994 0.283313 -0.434158 0.619283 0.351421 0.241871 0.659159 -1.511569 0.780059 2.383791 -0.952770 -0.287493 -1.168675 1.040759
1776408901.185113 jaka_arm_left success 0.311007 0.283317 -0.434181 0.619129 0.351414 0.241988 0.659264 -1.511569 0.780059 2.383791 -0.952770 -0.287493 -1.168675 1.040759
1776408901.193488 jaka_arm_left success 0.310990 0.283344 -0.434180 0.619118 0.351466 0.242048 0.659225 -1.511569 0.780059 2.383791 -0.952770 -0.287493 -1.168675 1.040759
1776408901.201862 jaka_arm_left success 0.310976 0.283356 -0.434187 0.619036 0.351518 0.242076 0.659264 -1.511569 0.780059 2.383791 -0.952770 -0.287493 -1.168675 1.040759
1776408901.210129 jaka_arm_left success 0.310972 0.283367 -0.434191 0.618948 0.351495 0.242118 0.659343 -1.511569 0.780059 2.383791 -0.952770 -0.287493 -1.168675 1.040759
1776408901.218480 jaka_arm_left success 0.310904 0.283420 -0.434169 0.619201 0.351521 0.241598 0.659282 -1.511478 0.780278 2.383894 -0.952925 -0.287604 -1.168758 1.040470
1776408901.226812 jaka_arm_left success 0.310873 0.283436 -0.434153 0.619149 0.351507 0.241454 0.659391 -1.511478 0.780278 2.383894 -0.952925 -0.287604 -1.168758 1.040470
1776408901.235182 jaka_arm_left success 0.310914 0.283552 -0.434131 0.619225 0.351253 0.242332 0.659133 -1.511806 0.780025 2.383500 -0.952809 -0.287700 -1.168769 1.040788
1776408901.243470 jaka_arm_left success 0.310913 0.283577 -0.434114 0.619218 0.351276 0.242488 0.659071 -1.511806 0.780025 2.383500 -0.952809 -0.287700 -1.168769 1.040788
1776408901.251837 jaka_arm_left success 0.310933 0.283563 -0.434137 0.618958 0.351148 0.242895 0.659233 -1.511806 0.780025 2.383500 -0.952809 -0.287700 -1.168769 1.040788
1776408901.260190 jaka_arm_left success 0.310940 0.283554 -0.434148 0.618824 0.351134 0.243062 0.659305 -1.512232 0.780033 2.382948 -0.952859 -0.288014 -1.168951 1.041036
1776408901.268483 jaka_arm_left success 0.310926 0.283564 -0.434158 0.618856 0.351176 0.243134 0.659226 -1.512232 0.780033 2.382948 -0.952859 -0.288014 -1.168951 1.041036
1776408901.276784 jaka_arm_left success 0.310938 0.283559 -0.434178 0.618778 0.351096 0.243080 0.659362 -1.512232 0.780033 2.382948 -0.952859 -0.288014 -1.168951 1.041036
1776408901.285109 jaka_arm_left success 0.310952 0.283572 -0.434199 0.618757 0.351023 0.243116 0.659407 -1.512232 0.780033 2.382948 -0.952859 -0.288014 -1.168951 1.041036
1776408901.293469 jaka_arm_left success 0.310894 0.283437 -0.434247 0.618462 0.351257 0.242014 0.659964 -1.512024 0.780595 2.383251 -0.953279 -0.288115 -1.169247 1.040518
1776408901.301836 jaka_arm_left success 0.310926 0.283371 -0.434291 0.618137 0.351352 0.242341 0.660099 -1.512024 0.780595 2.383251 -0.953279 -0.288115 -1.169247 1.040518
1776408901.310246 jaka_arm_left success 0.310905 0.283371 -0.434283 0.618156 0.351407 0.242268 0.660078 -1.512024 0.780595 2.383251 -0.953279 -0.288115 -1.169247 1.040518
1776408901.318555 jaka_arm_left success 0.310871 0.283418 -0.434247 0.618410 0.351378 0.242068 0.659929 -1.512024 0.780595 2.383251 -0.953279 -0.288115 -1.169247 1.040518
1776408901.326861 jaka_arm_left success 0.310891 0.283528 -0.434197 0.618687 0.351260 0.242954 0.659405 -1.512124 0.780223 2.382903 -0.952880 -0.288231 -1.169004 1.040873
1776408901.335169 jaka_arm_left success 0.310855 0.283547 -0.434158 0.618831 0.351438 0.243341 0.659033 -1.512113 0.779947 2.382592 -0.952467 -0.288425 -1.168709 1.041137
1776408901.343472 jaka_arm_left success 0.310835 0.283521 -0.434147 0.618747 0.351568 0.243366 0.659034 -1.512113 0.779947 2.382592 -0.952467 -0.288425 -1.168709 1.041137
1776408901.351841 jaka_arm_left success 0.310831 0.283513 -0.434152 0.618687 0.351542 0.243371 0.659101 -1.512113 0.779947 2.382592 -0.952467 -0.288425 -1.168709 1.041137
1776408901.360172 jaka_arm_left success 0.310833 0.283518 -0.434158 0.618649 0.351489 0.243331 0.659180 -1.512113 0.779947 2.382592 -0.952467 -0.288425 -1.168709 1.041137
1776408901.368558 jaka_arm_left success 0.310843 0.283534 -0.434171 0.618608 0.351372 0.243320 0.659286 -1.512113 0.779947 2.382592 -0.952467 -0.288425 -1.168709 1.041137
1776408901.376793 jaka_arm_left success 0.310870 0.283537 -0.434210 0.618459 0.351142 0.243098 0.659629 -1.512256 0.780244 2.382523 -0.952781 -0.288518 -1.169024 1.041062
1776408901.385211 jaka_arm_left success 0.310912 0.283584 -0.434237 0.618578 0.350908 0.243006 0.659676 -1.512256 0.780244 2.382523 -0.952781 -0.288518 -1.169024 1.041062
1776408901.393533 jaka_arm_left success 0.310917 0.283582 -0.434258 0.618529 0.350926 0.242947 0.659734 -1.512256 0.780244 2.382523 -0.952781 -0.288518 -1.169024 1.041062
1776408901.401839 jaka_arm_left success 0.310937 0.283518 -0.434298 0.618228 0.351087 0.243204 0.659836 -1.512363 0.780453 2.382429 -0.952972 -0.288617 -1.169244 1.041039
1776408901.410120 jaka_arm_left success 0.310870 0.283405 -0.434320 0.617960 0.351639 0.242797 0.659943 -1.512015 0.780922 2.382597 -0.953087 -0.288905 -1.169282 1.040583
1776408901.418469 jaka_arm_left success 0.310866 0.283388 -0.434321 0.617973 0.351768 0.242893 0.659827 -1.512015 0.780922 2.382597 -0.953087 -0.288905 -1.169282 1.040583
1776408901.426915 jaka_arm_left success 0.310930 0.283456 -0.434302 0.618202 0.351511 0.243467 0.659538 -1.512116 0.780598 2.382252 -0.952716 -0.289004 -1.169071 1.040973
1776408901.435104 jaka_arm_left success 0.310910 0.283461 -0.434278 0.618286 0.351605 0.243631 0.659348 -1.512116 0.780598 2.382252 -0.952716 -0.289004 -1.169071 1.040973
1776408901.443407 jaka_arm_left success 0.310858 0.283456 -0.434241 0.618319 0.351856 0.243703 0.659156 -1.511949 0.780427 2.382043 -0.952288 -0.289226 -1.168726 1.041134
1776408901.451838 jaka_arm_left success 0.310824 0.283528 -0.434203 0.618659 0.351762 0.243483 0.658970 -1.511949 0.780427 2.382043 -0.952288 -0.289226 -1.168726 1.041134
1776408901.460176 jaka_arm_left success 0.310826 0.283544 -0.434200 0.618640 0.351650 0.243433 0.659065 -1.511949 0.780427 2.382043 -0.952288 -0.289226 -1.168726 1.041134
1776408901.468440 jaka_arm_left success 0.310851 0.283548 -0.434220 0.618491 0.351337 0.243353 0.659401 -1.511949 0.780427 2.382043 -0.952288 -0.289226 -1.168726 1.041134
1776408901.476772 jaka_arm_left success 0.310861 0.283560 -0.434221 0.618436 0.351224 0.243331 0.659522 -1.511949 0.780427 2.382043 -0.952288 -0.289226 -1.168726 1.041134
1776408901.485139 jaka_arm_left success 0.310877 0.283576 -0.434240 0.618384 0.351145 0.243271 0.659635 -1.512145 0.780612 2.382140 -0.952695 -0.288979 -1.169152 1.041228
1776408901.493457 jaka_arm_left success 0.310890 0.283589 -0.434253 0.618364 0.351107 0.243322 0.659655 -1.512145 0.780612 2.382140 -0.952695 -0.288979 -1.169152 1.041228
1776408901.501796 jaka_arm_left success 0.310905 0.283607 -0.434265 0.618366 0.351094 0.243289 0.659672 -1.512145 0.780612 2.382140 -0.952695 -0.288979 -1.169152 1.041228
1776408901.510202 jaka_arm_left success 0.310825 0.283586 -0.434284 0.617978 0.352058 0.243527 0.659434 -1.511624 0.780936 2.381984 -0.952326 -0.289673 -1.168788 1.040863
1776408901.518479 jaka_arm_left success 0.310849 0.283519 -0.434313 0.617600 0.352327 0.243853 0.659524 -1.511794 0.781212 2.381529 -0.952383 -0.290150 -1.168933 1.040909
1776408901.526786 jaka_arm_left success 0.310913 0.283599 -0.434289 0.618244 0.351429 0.243468 0.659542 -1.511833 0.780708 2.381953 -0.952381 -0.289190 -1.169039 1.041526
1776408901.535131 jaka_arm_left success 0.310915 0.283616 -0.434279 0.618442 0.351250 0.243294 0.659516 -1.511833 0.780708 2.381953 -0.952381 -0.289190 -1.169039 1.041526
1776408901.543460 jaka_arm_left success 0.310905 0.283590 -0.434274 0.618310 0.351396 0.243245 0.659579 -1.511833 0.780708 2.381953 -0.952381 -0.289190 -1.169039 1.041526
1776408901.551822 jaka_arm_left success 0.310901 0.283608 -0.434263 0.618382 0.351347 0.243276 0.659527 -1.511833 0.780708 2.381953 -0.952381 -0.289190 -1.169039 1.041526
1776408901.560254 jaka_arm_left success 0.310865 0.283588 -0.434248 0.618318 0.351476 0.243309 0.659505 -1.511833 0.780708 2.381953 -0.952381 -0.289190 -1.169039 1.041526
1776408901.568544 jaka_arm_left success 0.310866 0.283597 -0.434251 0.618311 0.351456 0.243353 0.659507 -1.511833 0.780708 2.381953 -0.952381 -0.289190 -1.169039 1.041526
1776408901.576807 jaka_arm_left success 0.310841 0.283508 -0.434281 0.618104 0.351468 0.242535 0.659996 -1.511582 0.781253 2.382469 -0.952901 -0.289030 -1.169415 1.041044
1776408901.585140 jaka_arm_left success 0.310897 0.283591 -0.434281 0.618236 0.351234 0.243058 0.659804 -1.511582 0.781253 2.382469 -0.952901 -0.289030 -1.169415 1.041044
1776408901.593469 jaka_arm_left success 0.310914 0.283620 -0.434293 0.618244 0.351173 0.243286 0.659745 -1.511832 0.780940 2.382231 -0.952769 -0.288906 -1.169442 1.041467
1776408901.601758 jaka_arm_left success 0.310837 0.283713 -0.434311 0.618267 0.351875 0.243755 0.659177 -1.511596 0.780686 2.381970 -0.952187 -0.289227 -1.168966 1.041596
1776408901.610166 jaka_arm_left success 0.310823 0.283632 -0.434321 0.617910 0.352110 0.243705 0.659405 -1.511547 0.781142 2.381715 -0.952300 -0.289758 -1.169084 1.041352
1776408901.618519 jaka_arm_left success 0.310850 0.283674 -0.434356 0.617913 0.352054 0.244052 0.659303 -1.511584 0.781019 2.381362 -0.952016 -0.289988 -1.168939 1.041635
1776408901.626846 jaka_arm_left success 0.310826 0.283729 -0.434326 0.618260 0.352065 0.243870 0.659039 -1.511584 0.781019 2.381362 -0.952016 -0.289988 -1.168939 1.041635
1776408901.635248 jaka_arm_left success 0.310824 0.283641 -0.434312 0.618019 0.352194 0.243651 0.659276 -1.511584 0.781019 2.381362 -0.952016 -0.289988 -1.168939 1.041635
1776408901.643453 jaka_arm_left success 0.310828 0.283613 -0.434311 0.617927 0.352256 0.243574 0.659359 -1.511584 0.781019 2.381362 -0.952016 -0.289988 -1.168939 1.041635
1776408901.651856 jaka_arm_left success 0.310898 0.283635 -0.434308 0.618263 0.351558 0.243346 0.659500 -1.511354 0.781151 2.382101 -0.952423 -0.289235 -1.169265 1.041603
1776408901.660210 jaka_arm_left success 0.310918 0.283645 -0.434312 0.618366 0.351407 0.243253 0.659519 -1.511354 0.781151 2.382101 -0.952423 -0.289235 -1.169265 1.041603
1776408901.668489 jaka_arm_left success 0.310928 0.283677 -0.434326 0.618474 0.351372 0.243338 0.659404 -1.511354 0.781151 2.382101 -0.952423 -0.289235 -1.169265 1.041603
1776408901.676802 jaka_arm_left success 0.310933 0.283658 -0.434336 0.618371 0.351357 0.243282 0.659530 -1.511354 0.781151 2.382101 -0.952423 -0.289235 -1.169265 1.041603
1776408901.685132 jaka_arm_left success 0.310856 0.283631 -0.434353 0.617966 0.352159 0.243460 0.659416 -1.510908 0.781537 2.381581 -0.951930 -0.290336 -1.168853 1.041240
1776408901.693537 jaka_arm_left success 0.310845 0.283755 -0.434356 0.618333 0.352104 0.243795 0.658977 -1.511024 0.781087 2.381521 -0.951697 -0.290010 -1.168739 1.041730
1776408901.701818 jaka_arm_left success 0.310839 0.283781 -0.434366 0.618321 0.352051 0.243840 0.659001 -1.511024 0.781087 2.381521 -0.951697 -0.290010 -1.168739 1.041730
1776408901.710133 jaka_arm_left success 0.310836 0.283798 -0.434360 0.618318 0.352029 0.243942 0.658977 -1.511024 0.781087 2.381521 -0.951697 -0.290010 -1.168739 1.041730
1776408901.718479 jaka_arm_left success 0.310833 0.283816 -0.434370 0.618233 0.352160 0.244360 0.658832 -1.511241 0.780917 2.381170 -0.951557 -0.290092 -1.168726 1.042105
1776408901.726775 jaka_arm_left success 0.310817 0.283849 -0.434340 0.618415 0.352065 0.244180 0.658778 -1.511241 0.780917 2.381170 -0.951557 -0.290092 -1.168726 1.042105
1776408901.735120 jaka_arm_left success 0.310791 0.283823 -0.434324 0.618304 0.352142 0.244071 0.658882 -1.511241 0.780917 2.381170 -0.951557 -0.290092 -1.168726 1.042105
1776408901.743463 jaka_arm_left success 0.310798 0.283828 -0.434323 0.618265 0.352122 0.244002 0.658955 -1.511241 0.780917 2.381170 -0.951557 -0.290092 -1.168726 1.042105
1776408901.751858 jaka_arm_left success 0.310802 0.283744 -0.434319 0.617984 0.352292 0.243951 0.659146 -1.511241 0.780917 2.381170 -0.951557 -0.290092 -1.168726 1.042105
1776408901.760080 jaka_arm_left success 0.310802 0.283707 -0.434324 0.617770 0.352347 0.243789 0.659377 -1.511126 0.781413 2.381293 -0.951900 -0.290252 -1.168988 1.041776
1776408901.768497 jaka_arm_left success 0.310825 0.283749 -0.434340 0.617886 0.352294 0.243792 0.659296 -1.511126 0.781413 2.381293 -0.951900 -0.290252 -1.168988 1.041776
1776408901.776801 jaka_arm_left success 0.310807 0.283876 -0.434337 0.618292 0.352322 0.244076 0.658795 -1.511126 0.781413 2.381293 -0.951900 -0.290252 -1.168988 1.041776
1776408901.785201 jaka_arm_left success 0.310807 0.283991 -0.434353 0.618606 0.352232 0.244203 0.658502 -1.510957 0.780921 2.381310 -0.951412 -0.290054 -1.168584 1.042115
1776408901.793453 jaka_arm_left success 0.310790 0.284012 -0.434353 0.618616 0.352362 0.244275 0.658396 -1.510957 0.780921 2.381310 -0.951412 -0.290054 -1.168584 1.042115
1776408901.801803 jaka_arm_left success 0.310779 0.284016 -0.434353 0.618526 0.352512 0.244278 0.658399 -1.510957 0.780921 2.381310 -0.951412 -0.290054 -1.168584 1.042115
1776408901.810198 jaka_arm_left success 0.310782 0.284046 -0.434354 0.618531 0.352506 0.244327 0.658379 -1.510848 0.780767 2.381206 -0.951147 -0.290132 -1.168366 1.042255
1776408901.818493 jaka_arm_left success 0.310789 0.284061 -0.434365 0.618460 0.352487 0.244292 0.658469 -1.510848 0.780767 2.381206 -0.951147 -0.290132 -1.168366 1.042255
1776408901.826846 jaka_arm_left success 0.310789 0.284083 -0.434375 0.618454 0.352454 0.244204 0.658525 -1.510848 0.780767 2.381206 -0.951147 -0.290132 -1.168366 1.042255
1776408901.835187 jaka_arm_left success 0.310793 0.284051 -0.434386 0.618187 0.352558 0.244032 0.658784 -1.510848 0.780767 2.381206 -0.951147 -0.290132 -1.168366 1.042255
1776408901.843531 jaka_arm_left success 0.310805 0.284099 -0.434392 0.618340 0.352464 0.244059 0.658680 -1.510848 0.780767 2.381206 -0.951147 -0.290132 -1.168366 1.042255
1776408901.851817 jaka_arm_left success 0.310813 0.284059 -0.434398 0.618096 0.352574 0.243904 0.658909 -1.510812 0.781172 2.381240 -0.951446 -0.290304 -1.168608 1.042003
1776408901.860157 jaka_arm_left success 0.310814 0.284063 -0.434402 0.618100 0.352622 0.243841 0.658902 -1.510812 0.781172 2.381240 -0.951446 -0.290304 -1.168608 1.042003
1776408901.868423 jaka_arm_left success 0.310814 0.284087 -0.434401 0.618188 0.352682 0.243849 0.658784 -1.510812 0.781172 2.381240 -0.951446 -0.290304 -1.168608 1.042003
1776408901.879145 jaka_arm_left success 0.310832 0.284088 -0.434413 0.618176 0.352660 0.243741 0.658847 -1.510812 0.781172 2.381240 -0.951446 -0.290304 -1.168608 1.042003
1776408901.885063 jaka_arm_left success 0.310836 0.284100 -0.434419 0.618208 0.352710 0.243757 0.658785 -1.510812 0.781172 2.381240 -0.951446 -0.290304 -1.168608 1.042003
