1776409039.495872 jaka_arm_left success 0.276872 0.288931 -0.396819 0.624271 0.335555 0.279023 0.647946 -1.178582 1.112630 1.303098 -1.219098 0.691851 -1.205168 0.519627
1776409039.503696 jaka_arm_left success 0.276881 0.288914 -0.396821 0.624186 0.335943 0.278646 0.647989 -1.178296 1.112806 1.303366 -1.218869 0.691835 -1.205183 0.519285
1776409039.512066 jaka_arm_left success 0.276913 0.288804 -0.396826 0.623640 0.336444 0.278321 0.648395 -1.178100 1.113379 1.303647 -1.218623 0.691433 -1.205275 0.518667
1776409039.520387 jaka_arm_left success 0.276925 0.288791 -0.396864 0.623320 0.336688 0.278073 0.648682 -1.178063 1.113860 1.303881 -1.218533 0.691040 -1.205454 0.518172
1776409039.528709 jaka_arm_left success 0.276935 0.288797 -0.396868 0.623335 0.336854 0.277986 0.648619 -1.178063 1.113860 1.303881 -1.218533 0.691040 -1.205454 0.518172
1776409039.537068 jaka_arm_left success 0.276940 0.288797 -0.396881 0.623203 0.337241 0.277973 0.648550 -1.177894 1.114048 1.303890 -1.218268 0.690894 -1.205296 0.517898
1776409039.545379 jaka_arm_left success 0.276978 0.288652 -0.396897 0.622435 0.337828 0.277723 0.649089 -1.177802 1.114825 1.304004 -1.217971 0.690222 -1.205294 0.517189
1776409039.553771 jaka_arm_left success 0.276995 0.288669 -0.396899 0.622728 0.337846 0.277556 0.648870 -1.177802 1.114825 1.304004 -1.217971 0.690222 -1.205294 0.517189
1776409039.562099 jaka_arm_left success 0.277018 0.288716 -0.396898 0.622966 0.337879 0.277474 0.648660 -1.177802 1.114825 1.304004 -1.217971 0.690222 -1.205294 0.517189
1776409039.570384 jaka_arm_left success 0.277022 0.288706 -0.396895 0.623013 0.338016 0.277066 0.648718 -1.177417 1.114665 1.304341 -1.217710 0.690514 -1.205248 0.516924
1776409039.578638 jaka_arm_left success 0.277023 0.288717 -0.396887 0.623125 0.338173 0.276686 0.648690 -1.177145 1.114531 1.304673 -1.217538 0.690727 -1.205277 0.516636
1776409039.587068 jaka_arm_left success 0.277003 0.288701 -0.396887 0.623195 0.338375 0.276182 0.648732 -1.177618 1.113160 1.305392 -1.217386 0.690756 -1.205360 0.514657
1776409039.595384 jaka_arm_left success 0.277010 0.288689 -0.396888 0.623262 0.338462 0.275803 0.648784 -1.177618 1.113160 1.305392 -1.217386 0.690756 -1.205360 0.514657
1776409039.603829 jaka_arm_left success 0.277004 0.288657 -0.396894 0.623267 0.338661 0.275487 0.648810 -1.177377 1.113196 1.305633 -1.217172 0.690795 -1.205330 0.514309
1776409039.612155 jaka_arm_left success 0.277005 0.288646 -0.396904 0.623401 0.338761 0.275343 0.648690 -1.177377 1.113196 1.305633 -1.217172 0.690795 -1.205330 0.514309
1776409039.620420 jaka_arm_left success 0.277006 0.288637 -0.396911 0.623597 0.338841 0.275324 0.648468 -1.177837 1.111458 1.305966 -1.216965 0.691199 -1.204645 0.512651
1776409039.628752 jaka_arm_left success 0.277004 0.288589 -0.396917 0.623670 0.338999 0.275402 0.648281 -1.177837 1.111458 1.305966 -1.216965 0.691199 -1.204645 0.512651
1776409039.637072 jaka_arm_left success 0.277013 0.288604 -0.396871 0.624296 0.338705 0.275564 0.647764 -1.178123 1.110528 1.305606 -1.217081 0.691732 -1.203793 0.512745
1776409039.645410 jaka_arm_left success 0.277059 0.288516 -0.396880 0.624306 0.338540 0.275275 0.647963 -1.178123 1.110528 1.305606 -1.217081 0.691732 -1.203793 0.512745
1776409039.653642 jaka_arm_left success 0.277061 0.288442 -0.396883 0.624284 0.338657 0.275258 0.647930 -1.178123 1.110528 1.305606 -1.217081 0.691732 -1.203793 0.512745
1776409039.662139 jaka_arm_left success 0.277053 0.288403 -0.396882 0.624379 0.338732 0.275189 0.647829 -1.178123 1.110528 1.305606 -1.217081 0.691732 -1.203793 0.512745
1776409039.670355 jaka_arm_left success 0.277069 0.288315 -0.396885 0.624258 0.338870 0.274984 0.647961 -1.179082 1.109741 1.306829 -1.217948 0.692145 -1.202396 0.510118
1776409039.678686 jaka_arm_left success 0.277039 0.288293 -0.396882 0.624423 0.338992 0.274562 0.647917 -1.179082 1.109741 1.306829 -1.217948 0.692145 -1.202396 0.510118
1776409039.687107 jaka_arm_left success 0.277072 0.288127 -0.396891 0.623861 0.339271 0.274161 0.648481 -1.178838 1.110282 1.307414 -1.217867 0.691878 -1.202725 0.509428
1776409039.695441 jaka_arm_left success 0.277071 0.288213 -0.396877 0.624292 0.339047 0.274139 0.648194 -1.178838 1.110282 1.307414 -1.217867 0.691878 -1.202725 0.509428
1776409039.703720 jaka_arm_left success 0.277092 0.288270 -0.396856 0.624475 0.338969 0.274429 0.647934 -1.178905 1.109752 1.307339 -1.218045 0.692299 -1.202665 0.509796
1776409039.712160 jaka_arm_left success 0.277110 0.288193 -0.396841 0.624241 0.339160 0.274463 0.648046 -1.178905 1.109752 1.307339 -1.218045 0.692299 -1.202665 0.509796
1776409039.720448 jaka_arm_left success 0.277117 0.288217 -0.396803 0.624503 0.339138 0.274674 0.647716 -1.179008 1.109425 1.307083 -1.218559 0.692542 -1.201467 0.509416
1776409039.728810 jaka_arm_left success 0.277074 0.288327 -0.396738 0.625304 0.339309 0.275288 0.646591 -1.176242 1.111096 1.307475 -1.227417 0.695252 -1.193254 0.507788
1776409039.737086 jaka_arm_left success 0.277054 0.288271 -0.396700 0.625555 0.339534 0.275736 0.646040 -1.176242 1.111096 1.307475 -1.227417 0.695252 -1.193254 0.507788
1776409039.745473 jaka_arm_left success 0.277040 0.288232 -0.396655 0.625751 0.339925 0.275985 0.645537 -1.172951 1.109405 1.305151 -1.230304 0.694719 -1.191508 0.506735
1776409039.753711 jaka_arm_left success 0.276998 0.288240 -0.396631 0.626553 0.340207 0.275838 0.644674 -1.172729 1.109886 1.306406 -1.234885 0.697144 -1.185772 0.504877
1776409039.762125 jaka_arm_left success 0.277058 0.288392 -0.396574 0.627713 0.340059 0.275646 0.643704 -1.171353 1.107158 1.305683 -1.236016 0.697902 -1.185054 0.504072
1776409039.770478 jaka_arm_left success 0.277147 0.288317 -0.396551 0.627789 0.340429 0.274745 0.643820 -1.171020 1.106222 1.306282 -1.237117 0.697820 -1.184132 0.501476
1776409039.778727 jaka_arm_left success 0.277260 0.288294 -0.396513 0.628386 0.340497 0.273207 0.643856 -1.171118 1.103888 1.307913 -1.238025 0.698284 -1.183812 0.497718
1776409039.787126 jaka_arm_left success 0.277314 0.288526 -0.396436 0.630619 0.339782 0.272398 0.642391 -1.171460 1.099150 1.308921 -1.240902 0.700864 -1.180544 0.494228
1776409039.795445 jaka_arm_left success 0.277441 0.288630 -0.396411 0.632336 0.338904 0.270883 0.641808 -1.171594 1.094829 1.310407 -1.243361 0.702685 -1.179380 0.490687
1776409039.803796 jaka_arm_left success 0.277594 0.288693 -0.396366 0.633856 0.337879 0.270066 0.641193 -1.171128 1.093519 1.311114 -1.243620 0.704190 -1.179668 0.491242
1776409039.812072 jaka_arm_left success 0.277576 0.288736 -0.396260 0.635290 0.338128 0.270079 0.639635 -1.167429 1.091311 1.311769 -1.256743 0.708276 -1.167955 0.485155
1776409039.820432 jaka_arm_left success 0.277576 0.288760 -0.396163 0.636597 0.338309 0.270618 0.638010 -1.166946 1.090466 1.311193 -1.256203 0.709046 -1.167000 0.485708
1776409039.829073 jaka_arm_left success 0.277464 0.288568 -0.396106 0.637600 0.338863 0.270824 0.636626 -1.160823 1.092322 1.310482 -1.267972 0.711936 -1.157528 0.484060
1776409039.837089 jaka_arm_left success 0.277445 0.288452 -0.396023 0.638242 0.339209 0.271562 0.635483 -1.159815 1.090721 1.309584 -1.269484 0.712437 -1.155379 0.482891
1776409039.845474 jaka_arm_left success 0.277418 0.288326 -0.395917 0.639046 0.339410 0.271877 0.634432 -1.156319 1.091551 1.309449 -1.278289 0.714538 -1.148079 0.480612
1776409039.853690 jaka_arm_left success 0.277360 0.288191 -0.395795 0.639597 0.339847 0.272159 0.633522 -1.155167 1.090842 1.308861 -1.279406 0.715240 -1.146352 0.480358
1776409039.862133 jaka_arm_left success 0.277322 0.287891 -0.395723 0.639177 0.340507 0.272037 0.633643 -1.155119 1.091503 1.308625 -1.279330 0.714656 -1.145959 0.479935
1776409039.870464 jaka_arm_left success 0.277295 0.287857 -0.395626 0.639404 0.340521 0.272248 0.633316 -1.151992 1.093289 1.308791 -1.286510 0.716345 -1.140674 0.479007
1776409039.878729 jaka_arm_left success 0.277255 0.287790 -0.395534 0.639810 0.340095 0.272008 0.633238 -1.151934 1.092847 1.309053 -1.286727 0.716736 -1.140936 0.479121
1776409039.887038 jaka_arm_left success 0.277168 0.287735 -0.395415 0.640161 0.340153 0.271963 0.632871 -1.151496 1.090459 1.308555 -1.287467 0.716606 -1.140535 0.477201
1776409039.895517 jaka_arm_left success 0.277138 0.287790 -0.395286 0.640956 0.339392 0.272082 0.632424 -1.151635 1.089821 1.308525 -1.287814 0.717143 -1.140637 0.477725
1776409039.903781 jaka_arm_left success 0.277105 0.287807 -0.395148 0.641741 0.338563 0.272182 0.632029 -1.151734 1.088921 1.308557 -1.288227 0.717941 -1.140782 0.478403
1776409039.912063 jaka_arm_left success 0.276931 0.287720 -0.394979 0.641876 0.338867 0.272570 0.631562 -1.148616 1.089507 1.307615 -1.293205 0.718856 -1.137273 0.478123
1776409039.920470 jaka_arm_left success 0.276824 0.287696 -0.394840 0.642002 0.338745 0.273229 0.631214 -1.148616 1.089507 1.307615 -1.293205 0.718856 -1.137273 0.478123
1776409039.928735 jaka_arm_left success 0.276677 0.287562 -0.394731 0.641673 0.338700 0.273535 0.631440 -1.149005 1.089572 1.307134 -1.293427 0.718599 -1.137120 0.478392
1776409039.937197 jaka_arm_left success 0.276573 0.287309 -0.394641 0.640536 0.338906 0.273681 0.632420 -1.149000 1.091428 1.306865 -1.293980 0.717178 -1.137390 0.478158
1776409039.945608 jaka_arm_left success 0.276560 0.287171 -0.394585 0.639649 0.338421 0.273652 0.633589 -1.149632 1.092003 1.307043 -1.294717 0.716518 -1.138165 0.478072
1776409039.953720 jaka_arm_left success 0.276464 0.287312 -0.394451 0.640037 0.337858 0.273739 0.633461 -1.149632 1.092003 1.307043 -1.294717 0.716518 -1.138165 0.478072
1776409039.962079 jaka_arm_left success 0.276468 0.287422 -0.394324 0.640269 0.337115 0.273627 0.633670 -1.149989 1.091548 1.307240 -1.295413 0.716853 -1.138791 0.478565
1776409039.970428 jaka_arm_left success 0.276452 0.287478 -0.394221 0.640218 0.336652 0.273325 0.634098 -1.149227 1.091029 1.307219 -1.295807 0.716382 -1.140957 0.478932
1776409039.978717 jaka_arm_left success 0.276446 0.287320 -0.394137 0.638951 0.336608 0.272444 0.635776 -1.149351 1.092143 1.307783 -1.295744 0.714592 -1.142899 0.477707
1776409039.987057 jaka_arm_left success 0.276407 0.287510 -0.393988 0.639146 0.336012 0.271988 0.636090 -1.149949 1.089606 1.306948 -1.290371 0.712732 -1.149119 0.478816
1776409039.995449 jaka_arm_left success 0.276356 0.287643 -0.393893 0.639204 0.335575 0.271628 0.636416 -1.150153 1.089448 1.307150 -1.290692 0.712845 -1.149505 0.478950
1776409040.003782 jaka_arm_left success 0.276300 0.287812 -0.393828 0.639119 0.335296 0.271561 0.636677 -1.150339 1.089428 1.307349 -1.290943 0.712808 -1.149896 0.478954
1776409040.012126 jaka_arm_left success 0.276326 0.288017 -0.393804 0.639232 0.334545 0.271107 0.637152 -1.153351 1.085887 1.307475 -1.284203 0.711143 -1.156044 0.478761
1776409040.020380 jaka_arm_left success 0.276370 0.288179 -0.393803 0.639324 0.333625 0.270079 0.637979 -1.157857 1.083611 1.309090 -1.277403 0.710560 -1.161835 0.479406
1776409040.028749 jaka_arm_left success 0.276338 0.288344 -0.393817 0.639191 0.333646 0.269414 0.638381 -1.157655 1.083932 1.309505 -1.277326 0.710427 -1.162110 0.479035
1776409040.037276 jaka_arm_left success 0.276352 0.288513 -0.393818 0.639375 0.333000 0.268112 0.639082 -1.158021 1.082412 1.310881 -1.276707 0.710208 -1.164676 0.477611
1776409040.045455 jaka_arm_left success 0.276466 0.288533 -0.393882 0.638715 0.332205 0.266437 0.640854 -1.164275 1.080256 1.312505 -1.265680 0.707778 -1.173625 0.478180
1776409040.053686 jaka_arm_left success 0.276529 0.288587 -0.393918 0.638173 0.331966 0.264901 0.642154 -1.166879 1.078350 1.314185 -1.260954 0.706609 -1.178706 0.476934
1776409040.062089 jaka_arm_left success 0.276524 0.288695 -0.393923 0.638299 0.331858 0.264131 0.642401 -1.166560 1.078502 1.314913 -1.260920 0.706705 -1.179191 0.476484
1776409040.070428 jaka_arm_left success 0.276518 0.288821 -0.393925 0.638354 0.331901 0.264101 0.642337 -1.166560 1.078502 1.314913 -1.260920 0.706705 -1.179191 0.476484
1776409040.078689 jaka_arm_left success 0.276431 0.288864 -0.393908 0.638144 0.332710 0.264584 0.641928 -1.166351 1.078645 1.314547 -1.260401 0.706530 -1.178641 0.476347
1776409040.087176 jaka_arm_left success 0.276377 0.288906 -0.393886 0.638134 0.333246 0.265281 0.641372 -1.166328 1.078608 1.313614 -1.259844 0.706375 -1.177665 0.476614
1776409040.095384 jaka_arm_left success 0.276306 0.288946 -0.393836 0.638177 0.334097 0.266449 0.640401 -1.165425 1.080068 1.312237 -1.259627 0.706780 -1.175570 0.478594
1776409040.103772 jaka_arm_left success 0.276231 0.288937 -0.393802 0.638259 0.334649 0.267250 0.639698 -1.164574 1.081199 1.311297 -1.259994 0.707114 -1.173957 0.479947
1776409040.112154 jaka_arm_left success 0.276123 0.288941 -0.393745 0.638505 0.335234 0.268048 0.638811 -1.160924 1.083165 1.310406 -1.264970 0.708014 -1.170096 0.480389
1776409040.120432 jaka_arm_left success 0.276007 0.288952 -0.393681 0.638811 0.335454 0.268584 0.638165 -1.159867 1.083209 1.309539 -1.267242 0.708646 -1.167891 0.480701
1776409040.128751 jaka_arm_left success 0.275976 0.288987 -0.393641 0.639096 0.335111 0.269008 0.637881 -1.159867 1.083209 1.309539 -1.267242 0.708646 -1.167891 0.480701
1776409040.137086 jaka_arm_left success 0.275916 0.288968 -0.393630 0.639194 0.334711 0.269116 0.637947 -1.160095 1.082843 1.309327 -1.267525 0.708874 -1.167887 0.481134
1776409040.145453 jaka_arm_left success 0.275784 0.289007 -0.393572 0.639749 0.334096 0.268338 0.638041 -1.159908 1.082212 1.309947 -1.267908 0.709604 -1.168420 0.481328
1776409040.153723 jaka_arm_left success 0.275741 0.289087 -0.393541 0.640076 0.333335 0.267947 0.638275 -1.159971 1.081786 1.310454 -1.268416 0.710014 -1.169057 0.481460
1776409040.162083 jaka_arm_left success 0.275627 0.289153 -0.393460 0.640487 0.333072 0.267890 0.638024 -1.159820 1.081266 1.310648 -1.268534 0.710476 -1.169204 0.481605
1776409040.170403 jaka_arm_left success 0.275594 0.289209 -0.393432 0.640704 0.332340 0.267564 0.638324 -1.159973 1.080916 1.311002 -1.269012 0.710719 -1.169777 0.481712
1776409040.178708 jaka_arm_left success 0.275509 0.289276 -0.393393 0.641134 0.331637 0.267585 0.638249 -1.160112 1.080384 1.311157 -1.269405 0.711090 -1.170145 0.481998
1776409040.187167 jaka_arm_left success 0.275427 0.289311 -0.393330 0.641297 0.331248 0.268068 0.638085 -1.160311 1.080009 1.310977 -1.269643 0.711252 -1.170215 0.482318
1776409040.195424 jaka_arm_left success 0.275293 0.289348 -0.393253 0.641844 0.331076 0.268555 0.637420 -1.160337 1.079229 1.310507 -1.269670 0.711765 -1.169878 0.482933
1776409040.203780 jaka_arm_left success 0.275176 0.289253 -0.393184 0.641951 0.330700 0.268556 0.637506 -1.160337 1.079229 1.310507 -1.269670 0.711765 -1.169878 0.482933
1776409040.212072 jaka_arm_left success 0.275081 0.289166 -0.393116 0.641797 0.330662 0.269255 0.637386 -1.160633 1.079011 1.310099 -1.269914 0.711754 -1.169817 0.483338
1776409040.220446 jaka_arm_left success 0.274949 0.289123 -0.393018 0.641840 0.331032 0.270045 0.636817 -1.157231 1.080355 1.307450 -1.271307 0.711081 -1.169315 0.485838
1776409040.228726 jaka_arm_left success 0.274867 0.289001 -0.392959 0.641530 0.331159 0.270273 0.636966 -1.157231 1.080355 1.307450 -1.271307 0.711081 -1.169315 0.485838
1776409040.237109 jaka_arm_left success 0.274824 0.288794 -0.392932 0.640455 0.331563 0.270000 0.637952 -1.157404 1.081660 1.307768 -1.271420 0.709896 -1.169808 0.484933
1776409040.245369 jaka_arm_left success 0.274937 0.288811 -0.392931 0.640459 0.330318 0.269509 0.638801 -1.157978 1.081658 1.308325 -1.272403 0.709817 -1.170935 0.485053
1776409040.253691 jaka_arm_left success 0.274931 0.288929 -0.392898 0.640769 0.329868 0.268786 0.639027 -1.157782 1.081441 1.309345 -1.272823 0.710181 -1.171932 0.484776
1776409040.262079 jaka_arm_left success 0.274983 0.288915 -0.392929 0.640496 0.329604 0.267599 0.639934 -1.158351 1.078857 1.309814 -1.271935 0.708537 -1.174735 0.481615
1776409040.270411 jaka_arm_left success 0.274946 0.288963 -0.392950 0.640308 0.329846 0.266647 0.640396 -1.158333 1.078445 1.310441 -1.271288 0.708227 -1.175601 0.480554
1776409040.278741 jaka_arm_left success 0.275006 0.289008 -0.392978 0.640078 0.329701 0.265957 0.640987 -1.161063 1.076641 1.311017 -1.266979 0.707038 -1.179026 0.479674
1776409040.287016 jaka_arm_left success 0.275027 0.288900 -0.392983 0.639290 0.330151 0.265212 0.641849 -1.160832 1.077398 1.311641 -1.266831 0.706529 -1.179469 0.478861
1776409040.295364 jaka_arm_left success 0.275040 0.288826 -0.392978 0.638736 0.330663 0.264808 0.642304 -1.160721 1.078101 1.312012 -1.266663 0.705962 -1.179751 0.478167
1776409040.303729 jaka_arm_left success 0.275071 0.288766 -0.392995 0.638214 0.330771 0.264591 0.642857 -1.163994 1.077182 1.312355 -1.260972 0.704470 -1.183874 0.478521
1776409040.312099 jaka_arm_left success 0.275055 0.288755 -0.392977 0.638002 0.331006 0.264631 0.642930 -1.163994 1.077182 1.312355 -1.260972 0.704470 -1.183874 0.478521
1776409040.320430 jaka_arm_left success 0.275025 0.288766 -0.392946 0.637943 0.331164 0.264759 0.642854 -1.163994 1.077182 1.312355 -1.260972 0.704470 -1.183874 0.478521
1776409040.328686 jaka_arm_left success 0.274902 0.288802 -0.392897 0.637782 0.332002 0.265480 0.642284 -1.163668 1.077663 1.311673 -1.260128 0.704018 -1.182893 0.478283
1776409040.337136 jaka_arm_left success 0.274859 0.288817 -0.392872 0.637546 0.332098 0.265646 0.642401 -1.163858 1.078005 1.311203 -1.260052 0.703622 -1.182595 0.478391
1776409040.345440 jaka_arm_left success 0.274820 0.288887 -0.392822 0.637480 0.331795 0.265518 0.642675 -1.163858 1.078005 1.311203 -1.260052 0.703622 -1.182595 0.478391
1776409040.353746 jaka_arm_left success 0.274815 0.288929 -0.392801 0.637136 0.331515 0.265664 0.643100 -1.164277 1.078274 1.311280 -1.260551 0.703317 -1.183095 0.478493
1776409040.362134 jaka_arm_left success 0.274819 0.288729 -0.392826 0.635527 0.331508 0.265110 0.644923 -1.163239 1.081744 1.311346 -1.259306 0.701113 -1.187306 0.480665
1776409040.370432 jaka_arm_left success 0.274761 0.288851 -0.392770 0.635488 0.331048 0.264875 0.645294 -1.165430 1.079391 1.311262 -1.254250 0.699817 -1.191675 0.480663
1776409040.378692 jaka_arm_left success 0.274655 0.288930 -0.392754 0.635393 0.330726 0.264531 0.645693 -1.165529 1.079683 1.311804 -1.254431 0.699761 -1.192343 0.480581
1776409040.387122 jaka_arm_left success 0.274594 0.288963 -0.392704 0.634643 0.330829 0.264902 0.646226 -1.165843 1.081523 1.311335 -1.252881 0.699011 -1.193953 0.482874
1776409040.395457 jaka_arm_left success 0.274528 0.289043 -0.392658 0.634540 0.330456 0.264553 0.646660 -1.167552 1.079775 1.311272 -1.248837 0.697742 -1.197707 0.482777
1776409040.403672 jaka_arm_left success 0.274496 0.289124 -0.392638 0.634212 0.330095 0.264828 0.647053 -1.167989 1.081254 1.311523 -1.247779 0.697835 -1.199004 0.484927
1776409040.412114 jaka_arm_left success 0.274461 0.289167 -0.392597 0.633889 0.329835 0.264948 0.647454 -1.168298 1.081534 1.311510 -1.247991 0.697472 -1.199287 0.484869
1776409040.420499 jaka_arm_left success 0.274472 0.289209 -0.392584 0.633349 0.329552 0.264966 0.648118 -1.169518 1.080817 1.310415 -1.241066 0.695080 -1.206353 0.487704
1776409040.428720 jaka_arm_left success 0.274402 0.289383 -0.392490 0.633063 0.330225 0.266226 0.647538 -1.169709 1.081085 1.309224 -1.240484 0.694607 -1.205198 0.488014
1776409040.437188 jaka_arm_left success 0.274320 0.289444 -0.392469 0.632843 0.330161 0.265809 0.647958 -1.169709 1.081085 1.309224 -1.240484 0.694607 -1.205198 0.488014
1776409040.445427 jaka_arm_left success 0.274260 0.289440 -0.392456 0.631840 0.330541 0.265329 0.648939 -1.169744 1.082462 1.309923 -1.240538 0.693577 -1.205909 0.486966
1776409040.453754 jaka_arm_left success 0.274288 0.289502 -0.392467 0.630933 0.330419 0.265170 0.649948 -1.171118 1.084800 1.310462 -1.236944 0.692573 -1.209395 0.489495
1776409040.462168 jaka_arm_left success 0.274243 0.289666 -0.392393 0.630846 0.330214 0.264803 0.650286 -1.172100 1.083242 1.310848 -1.235979 0.691830 -1.211272 0.488094
1776409040.470412 jaka_arm_left success 0.274100 0.289806 -0.392314 0.630578 0.330639 0.265030 0.650237 -1.171993 1.083484 1.310518 -1.235581 0.691557 -1.210868 0.487976
1776409040.478756 jaka_arm_left success 0.274071 0.290203 -0.392243 0.631305 0.329570 0.265571 0.649853 -1.172422 1.082794 1.310178 -1.236026 0.691966 -1.210948 0.488763
1776409040.487066 jaka_arm_left success 0.274079 0.290315 -0.392239 0.630744 0.328816 0.265432 0.650837 -1.172276 1.081960 1.308679 -1.230478 0.689721 -1.218357 0.492236
1776409040.495391 jaka_arm_left success 0.274016 0.290412 -0.392139 0.630347 0.328783 0.265604 0.651167 -1.173815 1.082859 1.309242 -1.229627 0.689601 -1.218569 0.492499
1776409040.503760 jaka_arm_left success 0.273902 0.290339 -0.392060 0.629154 0.329466 0.265957 0.651832 -1.174192 1.084795 1.308987 -1.228221 0.688449 -1.219163 0.493092
1776409040.512091 jaka_arm_left success 0.273823 0.290420 -0.392018 0.628250 0.329595 0.266325 0.652488 -1.174353 1.086244 1.308450 -1.226250 0.687154 -1.221530 0.494780
1776409040.520449 jaka_arm_left success 0.273692 0.290531 -0.391986 0.627519 0.330031 0.267011 0.652690 -1.174651 1.086880 1.307823 -1.226022 0.686340 -1.221186 0.494667
1776409040.528700 jaka_arm_left success 0.273534 0.290793 -0.391861 0.627572 0.330144 0.267428 0.652411 -1.174651 1.086880 1.307823 -1.226022 0.686340 -1.221186 0.494667
1776409040.537035 jaka_arm_left success 0.273405 0.291091 -0.391711 0.627700 0.330081 0.268519 0.651871 -1.174614 1.086664 1.306023 -1.225350 0.686205 -1.219833 0.495867
1776409040.545414 jaka_arm_left success 0.273365 0.291054 -0.391663 0.626087 0.329887 0.268191 0.653654 -1.172759 1.089817 1.305140 -1.223856 0.683455 -1.225641 0.499157
1776409040.553701 jaka_arm_left success 0.273272 0.291124 -0.391561 0.625231 0.329671 0.267517 0.654857 -1.177455 1.088556 1.306028 -1.214563 0.681716 -1.232480 0.500323
1776409040.562054 jaka_arm_left success 0.273098 0.291263 -0.391450 0.624810 0.329996 0.267532 0.655089 -1.177380 1.089025 1.306195 -1.214448 0.681353 -1.232620 0.499935
1776409040.570437 jaka_arm_left success 0.272898 0.291716 -0.391358 0.625167 0.329902 0.267038 0.654998 -1.177108 1.088813 1.306557 -1.214402 0.681636 -1.232847 0.499805
1776409040.578768 jaka_arm_left success 0.272806 0.291920 -0.391255 0.624761 0.329551 0.267119 0.655529 -1.177291 1.087958 1.305680 -1.214120 0.680407 -1.234395 0.499560
1776409040.587075 jaka_arm_left success 0.272659 0.291936 -0.391136 0.623457 0.330254 0.267151 0.656402 -1.177262 1.089399 1.305744 -1.213762 0.678842 -1.235149 0.498568
1776409040.595447 jaka_arm_left success 0.272655 0.292044 -0.391102 0.622574 0.329541 0.266972 0.657670 -1.177511 1.088406 1.304434 -1.207034 0.675901 -1.243638 0.501290
1776409040.603758 jaka_arm_left success 0.272433 0.292323 -0.390969 0.622626 0.329568 0.267888 0.657235 -1.177884 1.088421 1.303430 -1.206710 0.675728 -1.242861 0.502022
1776409040.612166 jaka_arm_left success 0.272246 0.292357 -0.390884 0.621505 0.329965 0.268257 0.657946 -1.177772 1.091359 1.303437 -1.205712 0.674888 -1.244227 0.504025
1776409040.620439 jaka_arm_left success 0.272107 0.292452 -0.390790 0.620353 0.330235 0.268588 0.658762 -1.177763 1.092401 1.302559 -1.203759 0.673062 -1.246822 0.505074
1776409040.628705 jaka_arm_left success 0.272018 0.292411 -0.390746 0.618664 0.330590 0.268932 0.660031 -1.178240 1.095244 1.302220 -1.200858 0.670908 -1.250028 0.506820
1776409040.637114 jaka_arm_left success 0.271828 0.292693 -0.390628 0.618740 0.330813 0.270090 0.659374 -1.178642 1.094851 1.301043 -1.200714 0.670810 -1.249240 0.507618
1776409040.645511 jaka_arm_left success 0.271646 0.293038 -0.390513 0.619183 0.330473 0.270311 0.659039 -1.178644 1.094329 1.300727 -1.200693 0.671174 -1.249015 0.508116
1776409040.653666 jaka_arm_left success 0.271617 0.293178 -0.390468 0.618635 0.329700 0.269421 0.660304 -1.179307 1.092897 1.300541 -1.195249 0.669223 -1.255880 0.509275
1776409040.662024 jaka_arm_left success 0.271457 0.293470 -0.390380 0.618941 0.329648 0.269983 0.659813 -1.179527 1.092620 1.300160 -1.195319 0.669319 -1.255688 0.509701
1776409040.670452 jaka_arm_left success 0.271480 0.293616 -0.390343 0.618562 0.329155 0.270012 0.660402 -1.180122 1.093148 1.300157 -1.193928 0.669043 -1.257397 0.511118
1776409040.678745 jaka_arm_left success 0.271369 0.293654 -0.390312 0.617737 0.329778 0.269830 0.660938 -1.180056 1.094047 1.300277 -1.193636 0.668277 -1.257482 0.510414
1776409040.687110 jaka_arm_left success 0.271291 0.293715 -0.390311 0.617122 0.330363 0.269898 0.661193 -1.180081 1.094802 1.300152 -1.193358 0.667538 -1.257427 0.509925
1776409040.695343 jaka_arm_left success 0.271203 0.293683 -0.390308 0.615981 0.331041 0.270075 0.661845 -1.180293 1.096026 1.299911 -1.193112 0.666301 -1.257450 0.509260
1776409040.703731 jaka_arm_left success 0.271149 0.293738 -0.390308 0.615504 0.331375 0.270459 0.661964 -1.179486 1.097509 1.298659 -1.191661 0.664974 -1.259186 0.511219
1776409040.712115 jaka_arm_left success 0.271051 0.293899 -0.390286 0.615597 0.331550 0.271161 0.661503 -1.179486 1.097509 1.298659 -1.191661 0.664974 -1.259186 0.511219
1776409040.720431 jaka_arm_left success 0.270993 0.294051 -0.390269 0.615655 0.331489 0.271511 0.661337 -1.179586 1.097062 1.297830 -1.191430 0.665110 -1.258519 0.511874
1776409040.728693 jaka_arm_left success 0.270962 0.293955 -0.390296 0.614690 0.331859 0.271681 0.661978 -1.179330 1.098843 1.297497 -1.190816 0.664006 -1.259199 0.512401
1776409040.737207 jaka_arm_left success 0.270990 0.293957 -0.390344 0.614260 0.331481 0.271777 0.662527 -1.179291 1.099693 1.297271 -1.189464 0.663569 -1.261560 0.514458
1776409040.745487 jaka_arm_left success 0.270979 0.294121 -0.390336 0.614635 0.330926 0.272031 0.662352 -1.179291 1.099693 1.297271 -1.189464 0.663569 -1.261560 0.514458
1776409040.753739 jaka_arm_left success 0.270993 0.294208 -0.390345 0.614807 0.330526 0.272026 0.662394 -1.181050 1.097965 1.296963 -1.184929 0.663072 -1.265397 0.515996
1776409040.762038 jaka_arm_left success 0.271002 0.294227 -0.390363 0.614841 0.330182 0.271861 0.662602 -1.181154 1.097828 1.297497 -1.185129 0.663433 -1.265932 0.516111
1776409040.770441 jaka_arm_left success 0.270983 0.294151 -0.390395 0.614721 0.330042 0.271218 0.663047 -1.181198 1.098072 1.298020 -1.185290 0.663359 -1.266461 0.515792
1776409040.778699 jaka_arm_left success 0.271002 0.294128 -0.390414 0.614709 0.329804 0.270970 0.663278 -1.185008 1.096039 1.299014 -1.180182 0.663137 -1.269232 0.515273
1776409040.787075 jaka_arm_left success 0.271018 0.294044 -0.390426 0.614546 0.329617 0.270614 0.663667 -1.185008 1.096039 1.299014 -1.180182 0.663137 -1.269232 0.515273
1776409040.795455 jaka_arm_left success 0.271045 0.293997 -0.390430 0.614488 0.329415 0.270538 0.663851 -1.185150 1.097044 1.299726 -1.179857 0.663034 -1.270721 0.515982
1776409040.803824 jaka_arm_left success 0.271109 0.293900 -0.390472 0.614163 0.328995 0.270307 0.664455 -1.186595 1.097117 1.300261 -1.176984 0.662525 -1.273894 0.517095
1776409040.812068 jaka_arm_left success 0.271103 0.293866 -0.390464 0.614276 0.328821 0.270259 0.664456 -1.186595 1.097117 1.300261 -1.176984 0.662525 -1.273894 0.517095
1776409040.820390 jaka_arm_left success 0.271085 0.293776 -0.390465 0.614204 0.328938 0.270664 0.664300 -1.186595 1.097117 1.300261 -1.176984 0.662525 -1.273894 0.517095
1776409040.828703 jaka_arm_left success 0.271140 0.293834 -0.390496 0.614789 0.328148 0.270630 0.664163 -1.186581 1.096188 1.300092 -1.176900 0.663406 -1.273666 0.517935
1776409040.837093 jaka_arm_left success 0.271170 0.293830 -0.390520 0.615174 0.327699 0.270545 0.664063 -1.186810 1.095854 1.300402 -1.177153 0.663812 -1.274105 0.518270
1776409040.845579 jaka_arm_left success 0.271227 0.293608 -0.390565 0.614804 0.327474 0.269955 0.664757 -1.191066 1.095640 1.302271 -1.171959 0.663627 -1.277344 0.518404
1776409040.853682 jaka_arm_left success 0.271267 0.293585 -0.390594 0.615184 0.327157 0.269592 0.664709 -1.191066 1.095640 1.302271 -1.171959 0.663627 -1.277344 0.518404
1776409040.862036 jaka_arm_left success 0.271386 0.293452 -0.390590 0.615229 0.326635 0.269353 0.665021 -1.191094 1.095190 1.302762 -1.172347 0.664168 -1.277881 0.518614
1776409040.870398 jaka_arm_left success 0.271456 0.293350 -0.390622 0.615275 0.326412 0.268916 0.665264 -1.190978 1.095143 1.303370 -1.172488 0.664412 -1.278391 0.518403
1776409040.878712 jaka_arm_left success 0.271454 0.293174 -0.390665 0.615185 0.326630 0.268284 0.665495 -1.191122 1.094986 1.303989 -1.171878 0.664311 -1.278957 0.517593
1776409040.887069 jaka_arm_left success 0.271578 0.293141 -0.390739 0.615601 0.325936 0.267774 0.665656 -1.194622 1.092375 1.305308 -1.167900 0.664572 -1.281511 0.516630
1776409040.895414 jaka_arm_left success 0.271617 0.293039 -0.390759 0.615789 0.325842 0.267235 0.665745 -1.194622 1.092375 1.305308 -1.167900 0.664572 -1.281511 0.516630
1776409040.903732 jaka_arm_left success 0.271603 0.292881 -0.390768 0.615830 0.325894 0.266745 0.665879 -1.194262 1.092383 1.306064 -1.167875 0.664917 -1.281929 0.516272
1776409040.912129 jaka_arm_left success 0.271637 0.292572 -0.390801 0.615004 0.326198 0.265662 0.666925 -1.195762 1.092302 1.307619 -1.166431 0.664048 -1.283770 0.514013
1776409040.920396 jaka_arm_left success 0.271645 0.292470 -0.390818 0.615341 0.326323 0.265482 0.666624 -1.195762 1.092302 1.307619 -1.166431 0.664048 -1.283770 0.514013
1776409040.928728 jaka_arm_left success 0.271759 0.292426 -0.390844 0.615833 0.325557 0.265075 0.666706 -1.195663 1.091495 1.308057 -1.166684 0.664932 -1.284059 0.514386
1776409040.937157 jaka_arm_left success 0.271859 0.292310 -0.390900 0.616152 0.324838 0.264427 0.667020 -1.199241 1.089403 1.309917 -1.163635 0.665621 -1.285715 0.513059
1776409040.945463 jaka_arm_left success 0.271923 0.292010 -0.390963 0.615716 0.324782 0.263433 0.667843 -1.199141 1.090044 1.310843 -1.163814 0.665390 -1.286565 0.512341
1776409040.953676 jaka_arm_left success 0.272019 0.291860 -0.391019 0.615680 0.324594 0.263256 0.668036 -1.202886 1.089240 1.311945 -1.158740 0.665450 -1.289484 0.513176
1776409040.962048 jaka_arm_left success 0.272069 0.291742 -0.391085 0.616139 0.324258 0.262360 0.668129 -1.202394 1.089044 1.312793 -1.158692 0.666027 -1.289896 0.512864
1776409040.970382 jaka_arm_left success 0.272168 0.291693 -0.391157 0.616979 0.323545 0.261568 0.668010 -1.202831 1.087333 1.313884 -1.158667 0.667105 -1.290848 0.512419
1776409040.978735 jaka_arm_left success 0.272307 0.291544 -0.391262 0.617062 0.323315 0.260891 0.668310 -1.204219 1.086181 1.314922 -1.157626 0.667146 -1.291623 0.510798
1776409040.987140 jaka_arm_left success 0.272566 0.291331 -0.391356 0.617266 0.321936 0.259862 0.669187 -1.210018 1.084548 1.317395 -1.150962 0.667513 -1.296356 0.511163
1776409040.995453 jaka_arm_left success 0.272675 0.291057 -0.391444 0.616841 0.322139 0.259258 0.669716 -1.209811 1.085006 1.318061 -1.150959 0.667399 -1.296861 0.510605
1776409041.003786 jaka_arm_left success 0.272716 0.290876 -0.391526 0.616948 0.322247 0.258677 0.669790 -1.209570 1.085090 1.318569 -1.150894 0.667557 -1.297136 0.510285
1776409041.012085 jaka_arm_left success 0.272726 0.290509 -0.391584 0.616439 0.322675 0.257792 0.670393 -1.209264 1.085738 1.319296 -1.150712 0.667300 -1.297561 0.509451
1776409041.020465 jaka_arm_left success 0.272833 0.290313 -0.391665 0.616262 0.322532 0.257599 0.670699 -1.211699 1.085121 1.320347 -1.149347 0.667061 -1.298285 0.507953
1776409041.028713 jaka_arm_left success 0.272888 0.290100 -0.391717 0.616359 0.322574 0.257034 0.670806 -1.211461 1.085085 1.320779 -1.149272 0.667314 -1.298470 0.507758
1776409041.037168 jaka_arm_left success 0.272920 0.289954 -0.391787 0.616605 0.322637 0.256668 0.670690 -1.211461 1.085085 1.320779 -1.149272 0.667314 -1.298470 0.507758
1776409041.045430 jaka_arm_left success 0.273093 0.289969 -0.391837 0.617861 0.321322 0.256563 0.670206 -1.211495 1.083644 1.321389 -1.149891 0.668788 -1.298967 0.508556
1776409041.053677 jaka_arm_left success 0.273190 0.289801 -0.391908 0.618100 0.320899 0.255899 0.670442 -1.214199 1.081792 1.323352 -1.148719 0.669940 -1.299358 0.506803
1776409041.062068 jaka_arm_left success 0.273167 0.289538 -0.391966 0.618191 0.321379 0.255408 0.670314 -1.213868 1.081947 1.323513 -1.148358 0.669960 -1.299191 0.506500
1776409041.070443 jaka_arm_left success 0.273205 0.289310 -0.392013 0.618131 0.321581 0.255118 0.670384 -1.213659 1.082113 1.323719 -1.148143 0.669961 -1.299157 0.506230
1776409041.078739 jaka_arm_left success 0.273250 0.289094 -0.392033 0.618512 0.321464 0.254792 0.670212 -1.213659 1.082113 1.323719 -1.148143 0.669961 -1.299157 0.506230
1776409041.087067 jaka_arm_left success 0.273379 0.288882 -0.392069 0.619044 0.320674 0.254357 0.670265 -1.213556 1.081359 1.324657 -1.148606 0.671010 -1.299809 0.506411
1776409041.095506 jaka_arm_left success 0.273482 0.288607 -0.392132 0.619015 0.320794 0.254121 0.670324 -1.213556 1.081359 1.324657 -1.148606 0.671010 -1.299809 0.506411
1776409041.103826 jaka_arm_left success 0.273548 0.288698 -0.392175 0.620562 0.320454 0.254320 0.668980 -1.215003 1.079491 1.325933 -1.148205 0.673733 -1.297731 0.506333
1776409041.112072 jaka_arm_left success 0.273627 0.288394 -0.392250 0.620196 0.320819 0.253839 0.669326 -1.214895 1.080110 1.326242 -1.148018 0.673357 -1.297829 0.505733
1776409041.120473 jaka_arm_left success 0.273685 0.288141 -0.392358 0.619948 0.321200 0.253170 0.669627 -1.215150 1.080813 1.327093 -1.148099 0.673068 -1.298236 0.504800
1776409041.128743 jaka_arm_left success 0.273812 0.287981 -0.392459 0.619823 0.321485 0.252988 0.669675 -1.215966 1.080862 1.327779 -1.147517 0.673495 -1.297066 0.503770
1776409041.137133 jaka_arm_left success 0.273989 0.287793 -0.392562 0.619545 0.321100 0.252163 0.670427 -1.216293 1.081216 1.328584 -1.148094 0.673386 -1.298008 0.503366
1776409041.145384 jaka_arm_left success 0.274032 0.287677 -0.392602 0.619959 0.321269 0.251181 0.670333 -1.217340 1.080015 1.330057 -1.147433 0.674154 -1.297566 0.501214
1776409041.153709 jaka_arm_left success 0.274163 0.287670 -0.392674 0.620785 0.320700 0.250080 0.670252 -1.219162 1.077496 1.331810 -1.147427 0.675453 -1.297834 0.499163
1776409041.162035 jaka_arm_left success 0.274317 0.287660 -0.392738 0.621508 0.320125 0.249623 0.670027 -1.219284 1.076786 1.332296 -1.147457 0.676132 -1.297918 0.499069
1776409041.170500 jaka_arm_left success 0.274497 0.287571 -0.392812 0.621871 0.319255 0.248818 0.670405 -1.221334 1.075036 1.333481 -1.147449 0.676781 -1.298493 0.497727
1776409041.178711 jaka_arm_left success 0.274587 0.287610 -0.392900 0.622607 0.318712 0.248580 0.670068 -1.222404 1.073613 1.334505 -1.146897 0.677812 -1.298542 0.496968
1776409041.187089 jaka_arm_left success 0.274623 0.287461 -0.393002 0.622516 0.318695 0.247786 0.670454 -1.223107 1.073538 1.335227 -1.146127 0.677666 -1.298770 0.495796
1776409041.195433 jaka_arm_left success 0.274641 0.287200 -0.393082 0.621965 0.319209 0.247066 0.670987 -1.223819 1.073982 1.336281 -1.145678 0.677235 -1.299560 0.494452
1776409041.203784 jaka_arm_left success 0.274741 0.287085 -0.393162 0.621966 0.318929 0.246187 0.671442 -1.225916 1.072462 1.337670 -1.144351 0.677413 -1.300676 0.492546
1776409041.212087 jaka_arm_left success 0.274854 0.286995 -0.393232 0.621895 0.318772 0.245592 0.671801 -1.225874 1.072688 1.338147 -1.144416 0.677394 -1.301092 0.492236
1776409041.220454 jaka_arm_left success 0.274873 0.286969 -0.393258 0.622194 0.319008 0.245118 0.671585 -1.225874 1.072688 1.338147 -1.144416 0.677394 -1.301092 0.492236
1776409041.228743 jaka_arm_left success 0.274940 0.286872 -0.393322 0.622090 0.318815 0.244303 0.672070 -1.229752 1.071014 1.340293 -1.140232 0.677770 -1.303122 0.490417
1776409041.238392 jaka_arm_left success 0.275036 0.286811 -0.393393 0.621953 0.318516 0.243684 0.672563 -1.229614 1.071195 1.341018 -1.140386 0.677885 -1.303758 0.490043
1776409041.245425 jaka_arm_left success 0.275047 0.286791 -0.393429 0.622072 0.318567 0.243515 0.672489 -1.229614 1.071195 1.341018 -1.140386 0.677885 -1.303758 0.490043
1776409041.253733 jaka_arm_left success 0.275079 0.286711 -0.393479 0.621949 0.318347 0.242820 0.672959 -1.234217 1.069367 1.342640 -1.133459 0.677579 -1.308398 0.489918
1776409041.262080 jaka_arm_left success 0.275115 0.286643 -0.393524 0.621756 0.318025 0.242328 0.673466 -1.234077 1.069630 1.343254 -1.133576 0.677611 -1.308941 0.489568
1776409041.270387 jaka_arm_left success 0.275152 0.286607 -0.393574 0.621534 0.317797 0.241856 0.673949 -1.234189 1.069946 1.343777 -1.133863 0.677475 -1.309620 0.489274
1776409041.278750 jaka_arm_left success 0.275221 0.286568 -0.393652 0.621096 0.317468 0.241402 0.674670 -1.238419 1.068214 1.344612 -1.124793 0.676315 -1.316161 0.490384
1776409041.287067 jaka_arm_left success 0.275262 0.286602 -0.393686 0.621194 0.316954 0.240481 0.675150 -1.238507 1.068336 1.345598 -1.125371 0.676564 -1.317223 0.490126
1776409041.295443 jaka_arm_left success 0.275337 0.286598 -0.393746 0.620760 0.316857 0.239978 0.675773 -1.242929 1.067131 1.347010 -1.119317 0.676107 -1.320970 0.489805
1776409041.303719 jaka_arm_left success 0.275426 0.286655 -0.393799 0.620617 0.316417 0.239193 0.676389 -1.242826 1.067524 1.347894 -1.119588 0.676115 -1.321836 0.489308
1776409041.312042 jaka_arm_left success 0.275433 0.286638 -0.393817 0.620199 0.316806 0.238715 0.676759 -1.242990 1.067758 1.348264 -1.118757 0.675499 -1.322691 0.488460
1776409041.320395 jaka_arm_left success 0.275435 0.286716 -0.393839 0.620059 0.317094 0.237983 0.677010 -1.243886 1.066398 1.348668 -1.116846 0.675005 -1.324044 0.486963
1776409041.328701 jaka_arm_left success 0.275606 0.286928 -0.393882 0.620295 0.316469 0.237687 0.677190 -1.248659 1.064148 1.349916 -1.109716 0.674945 -1.328705 0.487493
1776409041.337087 jaka_arm_left success 0.275669 0.287003 -0.393958 0.619785 0.316981 0.237176 0.677596 -1.248414 1.064700 1.350179 -1.109466 0.674654 -1.328805 0.487002
1776409041.345431 jaka_arm_left success 0.275690 0.287159 -0.394024 0.619577 0.317387 0.236582 0.677805 -1.248122 1.065118 1.350521 -1.109217 0.674487 -1.328931 0.486501
1776409041.353735 jaka_arm_left success 0.275758 0.287066 -0.394078 0.618323 0.317996 0.235581 0.679012 -1.251548 1.064489 1.351703 -1.102553 0.672683 -1.333929 0.485257
1776409041.362073 jaka_arm_left success 0.275834 0.287163 -0.394123 0.617979 0.318241 0.235055 0.679392 -1.251351 1.065082 1.352075 -1.102386 0.672375 -1.334170 0.484696
1776409041.370417 jaka_arm_left success 0.275959 0.287410 -0.394207 0.618043 0.317622 0.234439 0.679836 -1.254348 1.063246 1.353071 -1.098450 0.671933 -1.337533 0.483854
1776409041.378725 jaka_arm_left success 0.276009 0.287515 -0.394246 0.617800 0.317556 0.233852 0.680291 -1.254293 1.063625 1.353664 -1.098602 0.671866 -1.338126 0.483472
1776409041.387022 jaka_arm_left success 0.275932 0.287691 -0.394271 0.617583 0.318452 0.233450 0.680206 -1.253908 1.063879 1.353784 -1.098143 0.671764 -1.337928 0.483055
1776409041.395505 jaka_arm_left success 0.275942 0.287748 -0.394296 0.617076 0.318552 0.233085 0.680745 -1.254270 1.064092 1.354024 -1.097281 0.670836 -1.338899 0.481935
1776409041.403730 jaka_arm_left success 0.275997 0.287850 -0.394318 0.616744 0.318588 0.233022 0.681050 -1.257178 1.062223 1.354050 -1.090993 0.669835 -1.343247 0.482446
1776409041.412115 jaka_arm_left success 0.276058 0.287767 -0.394347 0.615511 0.318832 0.232116 0.682359 -1.258349 1.064317 1.355257 -1.089338 0.668776 -1.345224 0.481937
1776409041.420428 jaka_arm_left success 0.276101 0.287891 -0.394380 0.614945 0.318725 0.231449 0.683146 -1.262753 1.062830 1.356409 -1.080525 0.667938 -1.351742 0.483077
1776409041.428715 jaka_arm_left success 0.276135 0.287938 -0.394399 0.614585 0.318644 0.230960 0.683673 -1.262602 1.063422 1.356887 -1.080473 0.667676 -1.352137 0.482517
1776409041.437042 jaka_arm_left success 0.276227 0.287892 -0.394419 0.613729 0.318754 0.230766 0.684456 -1.262915 1.064439 1.357091 -1.080654 0.666820 -1.352729 0.481946
1776409041.445449 jaka_arm_left success 0.276209 0.288026 -0.394434 0.613534 0.319424 0.231225 0.684163 -1.262764 1.064653 1.356687 -1.080147 0.666505 -1.352217 0.481829
1776409041.453698 jaka_arm_left success 0.276262 0.288158 -0.394446 0.613576 0.319290 0.231049 0.684247 -1.262764 1.064653 1.356687 -1.080147 0.666505 -1.352217 0.481829
1776409041.462097 jaka_arm_left success 0.276325 0.288190 -0.394459 0.613399 0.319101 0.230775 0.684587 -1.265723 1.062773 1.357111 -1.074086 0.665655 -1.356839 0.482070
1776409041.470375 jaka_arm_left success 0.276415 0.288207 -0.394489 0.612990 0.318639 0.230143 0.685380 -1.267082 1.064237 1.358533 -1.072728 0.665852 -1.358715 0.482895
1776409041.478751 jaka_arm_left success 0.276505 0.288257 -0.394496 0.612789 0.318318 0.229819 0.685818 -1.267082 1.064237 1.358533 -1.072728 0.665852 -1.358715 0.482895
1776409041.487056 jaka_arm_left success 0.276543 0.288240 -0.394507 0.612455 0.318185 0.229147 0.686402 -1.270974 1.062164 1.359665 -1.066120 0.664923 -1.363881 0.482154
1776409041.495426 jaka_arm_left success 0.276623 0.288322 -0.394491 0.612430 0.317699 0.228620 0.686826 -1.271074 1.062526 1.360519 -1.066407 0.664982 -1.364866 0.481819
1776409041.503705 jaka_arm_left success 0.276665 0.288293 -0.394520 0.612088 0.317449 0.228232 0.687375 -1.276285 1.060653 1.361550 -1.056977 0.664218 -1.371294 0.482981
1776409041.512123 jaka_arm_left success 0.276690 0.288298 -0.394548 0.611873 0.317114 0.227881 0.687837 -1.276326 1.061245 1.362130 -1.057175 0.664175 -1.371944 0.482861
1776409041.520390 jaka_arm_left success 0.276724 0.288262 -0.394571 0.611614 0.316849 0.227540 0.688303 -1.276763 1.061968 1.362622 -1.056910 0.664108 -1.372916 0.483302
1776409041.528705 jaka_arm_left success 0.276716 0.288164 -0.394596 0.611409 0.316715 0.226769 0.688801 -1.277178 1.061947 1.363476 -1.056193 0.664011 -1.374144 0.482573
1776409041.537203 jaka_arm_left success 0.276736 0.288106 -0.394611 0.611391 0.316318 0.226442 0.689107 -1.281964 1.059839 1.364566 -1.048125 0.663752 -1.379172 0.483140
1776409041.545419 jaka_arm_left success 0.276739 0.287985 -0.394618 0.611174 0.316017 0.225873 0.689624 -1.281972 1.060426 1.365298 -1.048400 0.663761 -1.379994 0.482950
1776409041.553768 jaka_arm_left success 0.276864 0.287949 -0.394630 0.611581 0.314699 0.225762 0.689902 -1.283153 1.060847 1.366108 -1.046740 0.664715 -1.382039 0.485482
1776409041.562037 jaka_arm_left success 0.276921 0.287909 -0.394676 0.611831 0.313836 0.225753 0.690077 -1.283580 1.060601 1.366224 -1.047284 0.664873 -1.382522 0.485823
1776409041.570451 jaka_arm_left success 0.276940 0.287769 -0.394698 0.611672 0.313503 0.225656 0.690400 -1.288528 1.059007 1.367448 -1.038196 0.664567 -1.388864 0.487528
1776409041.578735 jaka_arm_left success 0.276921 0.287552 -0.394712 0.611125 0.313602 0.225301 0.690956 -1.288505 1.059689 1.367764 -1.038208 0.664212 -1.389222 0.487110
1776409041.587068 jaka_arm_left success 0.276934 0.287434 -0.394744 0.611119 0.313428 0.225262 0.691053 -1.288505 1.059689 1.367764 -1.038208 0.664212 -1.389222 0.487110
1776409041.595434 jaka_arm_left success 0.276940 0.287417 -0.394756 0.611742 0.313125 0.225064 0.690703 -1.288525 1.059199 1.368085 -1.038493 0.664822 -1.389456 0.487457
1776409041.603711 jaka_arm_left success 0.276994 0.287391 -0.394785 0.612171 0.312900 0.224986 0.690450 -1.288525 1.059199 1.368085 -1.038493 0.664822 -1.389456 0.487457
1776409041.612087 jaka_arm_left success 0.277027 0.287186 -0.394809 0.611960 0.313076 0.224515 0.690711 -1.288265 1.059127 1.368568 -1.038448 0.665203 -1.389614 0.487302
1776409041.620390 jaka_arm_left success 0.277073 0.287267 -0.394834 0.613054 0.312785 0.224716 0.689806 -1.288148 1.057913 1.368598 -1.038492 0.666313 -1.389252 0.488048
1776409041.628755 jaka_arm_left success 0.277129 0.287181 -0.394844 0.613207 0.312917 0.224825 0.689575 -1.288148 1.057913 1.368598 -1.038492 0.666313 -1.389252 0.488048
1776409041.637030 jaka_arm_left success 0.277200 0.287130 -0.394878 0.613516 0.312428 0.224808 0.689527 -1.288256 1.057366 1.368633 -1.038651 0.666841 -1.389152 0.488480
1776409041.645476 jaka_arm_left success 0.277233 0.287048 -0.394940 0.613340 0.312463 0.224966 0.689617 -1.288256 1.057366 1.368633 -1.038651 0.666841 -1.389152 0.488480
1776409041.653696 jaka_arm_left success 0.277182 0.287089 -0.394971 0.613842 0.312427 0.224723 0.689265 -1.288256 1.057366 1.368633 -1.038651 0.666841 -1.389152 0.488480
1776409041.662042 jaka_arm_left success 0.277184 0.287093 -0.395002 0.613958 0.312349 0.224535 0.689259 -1.288023 1.057000 1.368936 -1.038548 0.667404 -1.389024 0.488545
1776409041.670509 jaka_arm_left success 0.277167 0.287077 -0.395018 0.613972 0.312390 0.224414 0.689267 -1.288023 1.057000 1.368936 -1.038548 0.667404 -1.389024 0.488545
1776409041.678706 jaka_arm_left success 0.277176 0.287068 -0.395024 0.614137 0.312252 0.224200 0.689252 -1.288023 1.057000 1.368936 -1.038548 0.667404 -1.389024 0.488545
1776409041.687053 jaka_arm_left success 0.277165 0.287124 -0.394983 0.614617 0.312004 0.223520 0.689157 -1.287677 1.056498 1.369854 -1.038675 0.668338 -1.389373 0.488408
1776409041.695364 jaka_arm_left success 0.277175 0.287118 -0.394970 0.614708 0.311892 0.223300 0.689199 -1.287677 1.056498 1.369854 -1.038675 0.668338 -1.389373 0.488408
1776409041.703706 jaka_arm_left success 0.277147 0.287104 -0.394961 0.614682 0.311787 0.223271 0.689278 -1.289487 1.055924 1.371038 -1.038721 0.669002 -1.389029 0.487074
1776409041.712122 jaka_arm_left success 0.277122 0.287153 -0.394954 0.614892 0.311302 0.223246 0.689319 -1.289487 1.055924 1.371038 -1.038721 0.669002 -1.389029 0.487074
1776409041.720431 jaka_arm_left success 0.277044 0.287069 -0.394938 0.614283 0.311385 0.223020 0.689896 -1.289854 1.056248 1.371175 -1.039075 0.668715 -1.389491 0.486974
1776409041.728711 jaka_arm_left success 0.277022 0.287057 -0.394935 0.614055 0.311103 0.222908 0.690264 -1.290112 1.056558 1.371408 -1.039355 0.668496 -1.389965 0.486801
1776409041.737090 jaka_arm_left success 0.276997 0.287073 -0.394928 0.614006 0.310899 0.222763 0.690446 -1.290112 1.056558 1.371408 -1.039355 0.668496 -1.389965 0.486801
1776409041.745447 jaka_arm_left success 0.276975 0.287107 -0.394900 0.614079 0.310716 0.222299 0.690613 -1.291258 1.055442 1.372361 -1.038643 0.668368 -1.391427 0.485167
1776409041.753665 jaka_arm_left success 0.276974 0.287121 -0.394889 0.614019 0.310577 0.221950 0.690841 -1.291258 1.055442 1.372361 -1.038643 0.668368 -1.391427 0.485167
1776409041.762018 jaka_arm_left success 0.276976 0.287122 -0.394877 0.614014 0.310457 0.221609 0.691008 -1.292258 1.054628 1.373049 -1.037580 0.668289 -1.392729 0.484233
1776409041.770419 jaka_arm_left success 0.276975 0.287084 -0.394868 0.613940 0.310351 0.221246 0.691238 -1.292258 1.054628 1.373049 -1.037580 0.668289 -1.392729 0.484233
1776409041.778751 jaka_arm_left success 0.276978 0.287076 -0.394874 0.613928 0.310120 0.221083 0.691404 -1.296816 1.052835 1.374295 -1.030314 0.668016 -1.397497 0.484439
1776409041.787045 jaka_arm_left success 0.276969 0.287015 -0.394894 0.613649 0.310018 0.221030 0.691715 -1.296747 1.053429 1.374570 -1.030312 0.667897 -1.397821 0.484440
1776409041.795442 jaka_arm_left success 0.276930 0.286898 -0.394893 0.613404 0.309709 0.220654 0.692190 -1.296900 1.054145 1.374969 -1.030368 0.667867 -1.398724 0.484983
1776409041.803709 jaka_arm_left success 0.276921 0.286827 -0.394917 0.613217 0.309535 0.220424 0.692507 -1.297222 1.054817 1.375231 -1.029185 0.667707 -1.400151 0.485938
1776409041.812093 jaka_arm_left success 0.276930 0.286854 -0.394951 0.613616 0.308861 0.220218 0.692520 -1.297338 1.054393 1.375515 -1.029502 0.668156 -1.400490 0.486199
1776409041.820520 jaka_arm_left success 0.277013 0.286688 -0.395023 0.613222 0.308687 0.220064 0.692996 -1.303271 1.053055 1.377104 -1.019646 0.667885 -1.406444 0.487312
1776409041.828711 jaka_arm_left success 0.277130 0.286705 -0.395094 0.613808 0.308201 0.220244 0.692636 -1.303396 1.052452 1.377047 -1.019885 0.668400 -1.406408 0.487913
1776409041.837138 jaka_arm_left success 0.277289 0.286601 -0.395152 0.614030 0.307825 0.220251 0.692604 -1.303324 1.052259 1.377319 -1.019983 0.669021 -1.406428 0.488455
1776409041.845457 jaka_arm_left success 0.277500 0.286489 -0.395198 0.614606 0.307018 0.219696 0.692628 -1.303533 1.051890 1.377809 -1.020535 0.669577 -1.406982 0.488766
1776409041.853664 jaka_arm_left success 0.277621 0.286322 -0.395264 0.614839 0.307149 0.219528 0.692416 -1.303320 1.051756 1.378061 -1.020402 0.669903 -1.406917 0.488718
1776409041.862134 jaka_arm_left success 0.277686 0.286237 -0.395347 0.615579 0.307587 0.219635 0.691530 -1.302859 1.051089 1.378041 -1.019902 0.670616 -1.406200 0.488931
1776409041.870384 jaka_arm_left success 0.277868 0.286113 -0.395471 0.615807 0.307591 0.219549 0.691352 -1.304419 1.051613 1.379007 -1.020127 0.671966 -1.404873 0.489462
1776409041.878768 jaka_arm_left success 0.277982 0.286116 -0.395584 0.616310 0.307596 0.219573 0.690894 -1.304067 1.051309 1.379039 -1.019741 0.672340 -1.404420 0.489450
1776409041.887095 jaka_arm_left success 0.278146 0.286057 -0.395720 0.616718 0.307378 0.219243 0.690732 -1.303954 1.050812 1.379342 -1.019770 0.672970 -1.404342 0.489600
1776409041.895380 jaka_arm_left success 0.278305 0.285632 -0.395900 0.615485 0.308449 0.218290 0.691655 -1.304138 1.052620 1.380222 -1.019292 0.672067 -1.404440 0.487798
1776409041.903785 jaka_arm_left success 0.278645 0.285559 -0.396069 0.615752 0.308265 0.217454 0.691763 -1.307913 1.051580 1.382564 -1.018874 0.673589 -1.402854 0.484853
1776409041.912103 jaka_arm_left success 0.278899 0.285487 -0.396264 0.616150 0.308366 0.217228 0.691435 -1.307913 1.051580 1.382564 -1.018874 0.673589 -1.402854 0.484853
1776409041.920407 jaka_arm_left success 0.279067 0.285506 -0.396401 0.617644 0.308372 0.216622 0.690288 -1.307914 1.049489 1.383455 -1.018444 0.675932 -1.401444 0.484847
1776409041.928697 jaka_arm_left success 0.279340 0.285140 -0.396578 0.617036 0.309012 0.215719 0.690828 -1.308148 1.050594 1.384462 -1.018191 0.675520 -1.401605 0.483208
1776409041.937041 jaka_arm_left success 0.279535 0.285018 -0.396725 0.617564 0.309163 0.215388 0.690392 -1.310555 1.049604 1.385921 -1.018004 0.677004 -1.399419 0.481183
1776409041.945396 jaka_arm_left success 0.279730 0.284910 -0.396907 0.617821 0.309131 0.215313 0.690200 -1.310555 1.049604 1.385921 -1.018004 0.677004 -1.399419 0.481183
1776409041.953652 jaka_arm_left success 0.279889 0.284771 -0.397105 0.618232 0.309053 0.215494 0.689810 -1.311170 1.049193 1.386247 -1.018068 0.678094 -1.398280 0.481579
1776409041.962055 jaka_arm_left success 0.279979 0.284565 -0.397257 0.618418 0.309314 0.214786 0.689747 -1.311064 1.049310 1.387045 -1.018076 0.678527 -1.398376 0.481054
1776409041.970372 jaka_arm_left success 0.280205 0.284593 -0.397346 0.619915 0.307941 0.214620 0.689069 -1.312353 1.047410 1.388033 -1.018841 0.680673 -1.397711 0.481467
1776409041.978755 jaka_arm_left success 0.280339 0.284408 -0.397449 0.620223 0.307919 0.214358 0.688883 -1.312479 1.047207 1.388439 -1.018825 0.681133 -1.397465 0.481247
1776409041.987080 jaka_arm_left success 0.280389 0.284165 -0.397513 0.620316 0.308702 0.214463 0.688416 -1.313058 1.047849 1.388777 -1.018465 0.681426 -1.395681 0.480414
1776409041.995490 jaka_arm_left success 0.280457 0.283927 -0.397570 0.620792 0.308857 0.214094 0.688032 -1.313608 1.047414 1.389624 -1.018784 0.682699 -1.394199 0.479848
1776409042.003780 jaka_arm_left success 0.280580 0.283745 -0.397644 0.621234 0.308605 0.213889 0.687811 -1.314273 1.047029 1.390316 -1.019469 0.683679 -1.393325 0.479545
1776409042.020687 jaka_arm_left success 0.280625 0.283485 -0.397789 0.621460 0.308525 0.213401 0.687794 -1.314324 1.047048 1.390884 -1.019749 0.684019 -1.393445 0.479244
1776409042.028707 jaka_arm_left success 0.280872 0.283196 -0.397921 0.622505 0.307280 0.213925 0.687243 -1.315246 1.046091 1.391175 -1.020748 0.685549 -1.392580 0.480380
1776409042.037082 jaka_arm_left success 0.280921 0.283146 -0.397960 0.623192 0.306890 0.214596 0.686585 -1.315799 1.046227 1.391278 -1.021564 0.686901 -1.390652 0.481558
1776409042.045388 jaka_arm_left success 0.280854 0.282828 -0.398008 0.623223 0.307139 0.213622 0.686749 -1.315337 1.046504 1.391882 -1.021371 0.687061 -1.390819 0.480996
1776409042.053693 jaka_arm_left success 0.280859 0.282715 -0.398040 0.624095 0.306830 0.213200 0.686226 -1.316795 1.045330 1.393518 -1.023288 0.688683 -1.388551 0.478444
1776409042.062079 jaka_arm_left success 0.280917 0.282634 -0.398032 0.624993 0.306135 0.212791 0.685846 -1.316767 1.044432 1.393929 -1.023728 0.689629 -1.388772 0.478928
1776409042.070429 jaka_arm_left success 0.280969 0.282341 -0.398089 0.624836 0.305823 0.212483 0.686224 -1.316767 1.044432 1.393929 -1.023728 0.689629 -1.388772 0.478928
1776409042.078724 jaka_arm_left success 0.281001 0.282162 -0.398131 0.625094 0.305747 0.212621 0.685980 -1.316767 1.044432 1.393929 -1.023728 0.689629 -1.388772 0.478928
1776409042.087075 jaka_arm_left success 0.280907 0.281919 -0.398100 0.625028 0.306468 0.212675 0.685701 -1.315855 1.046286 1.394787 -1.029759 0.691008 -1.383250 0.476979
1776409042.095484 jaka_arm_left success 0.280935 0.281777 -0.398158 0.625366 0.306121 0.213372 0.685332 -1.315997 1.045751 1.394403 -1.029880 0.691242 -1.382968 0.477514
1776409042.103706 jaka_arm_left success 0.281011 0.281657 -0.398199 0.625609 0.305280 0.213372 0.685485 -1.316246 1.045462 1.394470 -1.030336 0.691479 -1.383260 0.477889
1776409042.112147 jaka_arm_left success 0.281008 0.281618 -0.398233 0.626261 0.304733 0.213418 0.685119 -1.316315 1.044710 1.394633 -1.030748 0.692192 -1.383410 0.478470
1776409042.120705 jaka_arm_left success 0.281019 0.281433 -0.398303 0.626165 0.304271 0.212882 0.685579 -1.316289 1.044812 1.395269 -1.031182 0.692428 -1.384091 0.478355
1776409042.128705 jaka_arm_left success 0.280976 0.281255 -0.398306 0.626144 0.304367 0.212339 0.685723 -1.316289 1.044812 1.395269 -1.031182 0.692428 -1.384091 0.478355
1776409042.137092 jaka_arm_left success 0.280949 0.281153 -0.398289 0.626402 0.304467 0.212177 0.685494 -1.315897 1.044816 1.395700 -1.031036 0.692699 -1.384177 0.478065
1776409042.145483 jaka_arm_left success 0.280855 0.281059 -0.398235 0.626864 0.304832 0.212139 0.684920 -1.315493 1.044497 1.395849 -1.030761 0.693108 -1.383891 0.478008
1776409042.153657 jaka_arm_left success 0.280833 0.280937 -0.398225 0.626823 0.304985 0.212231 0.684861 -1.315493 1.044497 1.395849 -1.030761 0.693108 -1.383891 0.478008
1776409042.162036 jaka_arm_left success 0.280857 0.280907 -0.398197 0.627197 0.304449 0.212006 0.684827 -1.315504 1.044013 1.396048 -1.031023 0.693611 -1.383978 0.478273
1776409042.170420 jaka_arm_left success 0.280807 0.280829 -0.398222 0.627031 0.304725 0.211852 0.684904 -1.315504 1.044013 1.396048 -1.031023 0.693611 -1.383978 0.478273
1776409042.178727 jaka_arm_left success 0.280912 0.280710 -0.398254 0.626830 0.304087 0.211486 0.685485 -1.315638 1.044469 1.396622 -1.031469 0.693478 -1.384703 0.477917
1776409042.187111 jaka_arm_left success 0.280988 0.280784 -0.398284 0.627183 0.303650 0.211503 0.685350 -1.315638 1.044469 1.396622 -1.031469 0.693478 -1.384703 0.477917
1776409042.195417 jaka_arm_left success 0.281018 0.280789 -0.398292 0.627264 0.303655 0.211180 0.685374 -1.315631 1.044060 1.397014 -1.031747 0.693981 -1.384959 0.478010
1776409042.203736 jaka_arm_left success 0.281153 0.280754 -0.398359 0.626872 0.303397 0.211017 0.685896 -1.315631 1.044060 1.397014 -1.031747 0.693981 -1.384959 0.478010
1776409042.212122 jaka_arm_left success 0.281202 0.280733 -0.398390 0.626747 0.303497 0.210779 0.686039 -1.315816 1.044653 1.397424 -1.032030 0.693607 -1.385556 0.477515
1776409042.220377 jaka_arm_left success 0.281171 0.280705 -0.398366 0.626589 0.304335 0.210588 0.685871 -1.315483 1.044818 1.397465 -1.031596 0.693517 -1.385267 0.477106
1776409042.228736 jaka_arm_left success 0.281104 0.280736 -0.398353 0.626352 0.305035 0.210504 0.685802 -1.315448 1.045160 1.397088 -1.031028 0.692882 -1.384605 0.476318
1776409042.237070 jaka_arm_left success 0.281137 0.280735 -0.398398 0.626003 0.304932 0.210521 0.686161 -1.315448 1.045160 1.397088 -1.031028 0.692882 -1.384605 0.476318
1776409042.245454 jaka_arm_left success 0.281167 0.280852 -0.398403 0.625941 0.304855 0.210733 0.686187 -1.315448 1.045160 1.397088 -1.031028 0.692882 -1.384605 0.476318
1776409042.253687 jaka_arm_left success 0.281159 0.280967 -0.398412 0.626099 0.304642 0.210833 0.686107 -1.315448 1.045160 1.397088 -1.031028 0.692882 -1.384605 0.476318
1776409042.262035 jaka_arm_left success 0.281190 0.281056 -0.398418 0.626205 0.304472 0.211104 0.686003 -1.315796 1.045032 1.396941 -1.031329 0.692834 -1.384726 0.476555
1776409042.270382 jaka_arm_left success 0.281193 0.281100 -0.398416 0.626193 0.304514 0.211268 0.685944 -1.315796 1.045032 1.396941 -1.031329 0.692834 -1.384726 0.476555
1776409042.278703 jaka_arm_left success 0.281155 0.281073 -0.398414 0.626095 0.304621 0.210884 0.686104 -1.315796 1.045032 1.396941 -1.031329 0.692834 -1.384726 0.476555
1776409042.287079 jaka_arm_left success 0.281128 0.281114 -0.398392 0.626124 0.304777 0.210974 0.685980 -1.315796 1.045032 1.396941 -1.031329 0.692834 -1.384726 0.476555
1776409042.295434 jaka_arm_left success 0.281070 0.281155 -0.398361 0.626084 0.305045 0.211093 0.685862 -1.315796 1.045032 1.396941 -1.031329 0.692834 -1.384726 0.476555
1776409042.303777 jaka_arm_left success 0.281040 0.281247 -0.398339 0.626162 0.305125 0.211388 0.685664 -1.315665 1.044947 1.396541 -1.030935 0.692695 -1.384177 0.476503
1776409042.312058 jaka_arm_left success 0.281014 0.281303 -0.398318 0.626047 0.305136 0.211526 0.685722 -1.315665 1.044947 1.396541 -1.030935 0.692695 -1.384177 0.476503
1776409042.320411 jaka_arm_left success 0.280984 0.281388 -0.398302 0.626000 0.305074 0.211523 0.685793 -1.315665 1.044947 1.396541 -1.030935 0.692695 -1.384177 0.476503
1776409042.328726 jaka_arm_left success 0.280910 0.281466 -0.398276 0.625775 0.305521 0.211634 0.685765 -1.315703 1.045234 1.396129 -1.030700 0.692201 -1.383879 0.476328
1776409042.337098 jaka_arm_left success 0.280926 0.281429 -0.398279 0.625049 0.305754 0.211252 0.686440 -1.315680 1.046068 1.396312 -1.030670 0.691534 -1.384238 0.475667
1776409042.345477 jaka_arm_left success 0.280985 0.281542 -0.398277 0.624997 0.305508 0.211455 0.686535 -1.315680 1.046068 1.396312 -1.030670 0.691534 -1.384238 0.475667
1776409042.353761 jaka_arm_left success 0.280940 0.281513 -0.398284 0.624316 0.306199 0.211185 0.686930 -1.315699 1.046882 1.396232 -1.030521 0.690737 -1.384388 0.475073
1776409042.362119 jaka_arm_left success 0.280961 0.281577 -0.398282 0.623918 0.306066 0.210493 0.687562 -1.315692 1.047486 1.396782 -1.030748 0.690372 -1.385151 0.474434
1776409042.370398 jaka_arm_left success 0.280990 0.281648 -0.398286 0.623711 0.305973 0.210300 0.687851 -1.315692 1.047486 1.396782 -1.030748 0.690372 -1.385151 0.474434
1776409042.378766 jaka_arm_left success 0.280979 0.281726 -0.398266 0.623626 0.305936 0.210062 0.688018 -1.315803 1.047464 1.397075 -1.030902 0.689927 -1.386009 0.473678
1776409042.387120 jaka_arm_left success 0.280967 0.281819 -0.398233 0.623762 0.306002 0.210003 0.687882 -1.315538 1.046808 1.397008 -1.030567 0.690133 -1.385867 0.473473
1776409042.395473 jaka_arm_left success 0.281012 0.282003 -0.398241 0.624192 0.305626 0.210161 0.687611 -1.315819 1.046474 1.396893 -1.030843 0.690216 -1.386017 0.473739
1776409042.404110 jaka_arm_left success 0.281050 0.282054 -0.398244 0.624122 0.305524 0.210089 0.687742 -1.315966 1.045837 1.396946 -1.030901 0.690104 -1.386576 0.473331
1776409042.412085 jaka_arm_left success 0.281116 0.282073 -0.398287 0.623891 0.305417 0.209974 0.688035 -1.316458 1.044478 1.396573 -1.030325 0.689050 -1.387855 0.471871
1776409042.420424 jaka_arm_left success 0.281148 0.282007 -0.398297 0.623394 0.305747 0.209536 0.688472 -1.316310 1.044967 1.396782 -1.030148 0.688735 -1.388031 0.471389
1776409042.428759 jaka_arm_left success 0.281195 0.282056 -0.398337 0.623417 0.305844 0.209425 0.688442 -1.316310 1.044967 1.396782 -1.030148 0.688735 -1.388031 0.471389
1776409042.437060 jaka_arm_left success 0.281325 0.282091 -0.398393 0.623544 0.305496 0.209088 0.688584 -1.317545 1.043385 1.397384 -1.029031 0.688521 -1.389378 0.469710
1776409042.445447 jaka_arm_left success 0.281407 0.282141 -0.398446 0.623511 0.305621 0.209106 0.688552 -1.317545 1.043385 1.397384 -1.029031 0.688521 -1.389378 0.469710
1776409042.453722 jaka_arm_left success 0.281461 0.282147 -0.398502 0.623441 0.305734 0.208853 0.688642 -1.317545 1.043385 1.397384 -1.029031 0.688521 -1.389378 0.469710
1776409042.462023 jaka_arm_left success 0.281548 0.282090 -0.398558 0.623212 0.305760 0.208526 0.688938 -1.318394 1.043811 1.397958 -1.028029 0.688248 -1.389943 0.469041
1776409042.470428 jaka_arm_left success 0.281628 0.282138 -0.398614 0.623445 0.305566 0.208216 0.688906 -1.321075 1.042351 1.399087 -1.025151 0.688903 -1.391206 0.468370
1776409042.478720 jaka_arm_left success 0.281672 0.282078 -0.398692 0.623242 0.305734 0.208408 0.688957 -1.321022 1.042760 1.398718 -1.024724 0.688561 -1.390880 0.468491
1776409042.487161 jaka_arm_left success 0.281732 0.282213 -0.398717 0.624102 0.305346 0.208015 0.688470 -1.321028 1.041997 1.399120 -1.025073 0.689407 -1.391159 0.468959
1776409042.495439 jaka_arm_left success 0.281769 0.282101 -0.398781 0.623766 0.305619 0.207880 0.688693 -1.321028 1.041997 1.399120 -1.025073 0.689407 -1.391159 0.468959
1776409042.503693 jaka_arm_left success 0.281865 0.282065 -0.398843 0.623723 0.305312 0.207004 0.689132 -1.322565 1.041841 1.400611 -1.023530 0.689378 -1.392769 0.467437
1776409042.512019 jaka_arm_left success 0.281863 0.281976 -0.398902 0.623712 0.305560 0.206458 0.689196 -1.322365 1.041905 1.400801 -1.023360 0.689452 -1.392776 0.467244
1776409042.520421 jaka_arm_left success 0.281910 0.281934 -0.398957 0.623796 0.305573 0.206309 0.689159 -1.322365 1.041905 1.400801 -1.023360 0.689452 -1.392776 0.467244
1776409042.528770 jaka_arm_left success 0.282013 0.281962 -0.398993 0.624127 0.305386 0.206489 0.688889 -1.322365 1.041905 1.400801 -1.023360 0.689452 -1.392776 0.467244
1776409042.537292 jaka_arm_left success 0.282146 0.281888 -0.399060 0.623871 0.305314 0.207127 0.688961 -1.323797 1.042624 1.401143 -1.022201 0.690152 -1.392517 0.468664
1776409042.545469 jaka_arm_left success 0.282168 0.281861 -0.399059 0.624107 0.305576 0.207242 0.688596 -1.323797 1.042624 1.401143 -1.022201 0.690152 -1.392517 0.468664
1776409042.553816 jaka_arm_left success 0.282147 0.281768 -0.399082 0.624149 0.305689 0.206640 0.688689 -1.323423 1.042518 1.401364 -1.021881 0.690404 -1.392363 0.468454
1776409042.562039 jaka_arm_left success 0.282161 0.281719 -0.399096 0.624136 0.305696 0.206506 0.688738 -1.323423 1.042518 1.401364 -1.021881 0.690404 -1.392363 0.468454
1776409042.570523 jaka_arm_left success 0.282182 0.281695 -0.399108 0.624056 0.305780 0.206710 0.688712 -1.323423 1.042518 1.401364 -1.021881 0.690404 -1.392363 0.468454
1776409042.578726 jaka_arm_left success 0.282178 0.281619 -0.399127 0.623962 0.305646 0.206208 0.689006 -1.323423 1.042518 1.401364 -1.021881 0.690404 -1.392363 0.468454
1776409042.587075 jaka_arm_left success 0.282183 0.281562 -0.399146 0.623819 0.305508 0.205817 0.689314 -1.325087 1.041782 1.402642 -1.020778 0.690308 -1.393613 0.466411
1776409042.595414 jaka_arm_left success 0.282209 0.281578 -0.399152 0.623869 0.305315 0.205736 0.689379 -1.325087 1.041782 1.402642 -1.020778 0.690308 -1.393613 0.466411
1776409042.603704 jaka_arm_left success 0.282234 0.281557 -0.399162 0.623826 0.305137 0.205432 0.689587 -1.325232 1.041789 1.402927 -1.021044 0.690413 -1.394022 0.466430
1776409042.612121 jaka_arm_left success 0.282266 0.281536 -0.399172 0.623780 0.304938 0.205297 0.689757 -1.325232 1.041789 1.402927 -1.021044 0.690413 -1.394022 0.466430
1776409042.620384 jaka_arm_left success 0.282254 0.281571 -0.399151 0.624063 0.304718 0.204641 0.689793 -1.330312 1.040427 1.404923 -1.014110 0.690959 -1.398282 0.466770
1776409042.628701 jaka_arm_left success 0.282276 0.281479 -0.399174 0.623576 0.304841 0.204760 0.690143 -1.330312 1.040427 1.404923 -1.014110 0.690959 -1.398282 0.466770
1776409042.637161 jaka_arm_left success 0.282253 0.281444 -0.399170 0.623483 0.304859 0.204506 0.690295 -1.330164 1.040984 1.405122 -1.013972 0.690630 -1.398492 0.466351
1776409042.645378 jaka_arm_left success 0.282224 0.281407 -0.399156 0.623320 0.304962 0.204344 0.690445 -1.330164 1.040984 1.405122 -1.013972 0.690630 -1.398492 0.466351
1776409042.653677 jaka_arm_left success 0.282208 0.281404 -0.399134 0.623333 0.304859 0.204261 0.690503 -1.330164 1.040984 1.405122 -1.013972 0.690630 -1.398492 0.466351
1776409042.662058 jaka_arm_left success 0.282179 0.281391 -0.399117 0.623292 0.304827 0.204217 0.690567 -1.330164 1.040984 1.405122 -1.013972 0.690630 -1.398492 0.466351
1776409042.670569 jaka_arm_left success 0.282161 0.281416 -0.399094 0.623382 0.304647 0.204394 0.690513 -1.330164 1.040984 1.405122 -1.013972 0.690630 -1.398492 0.466351
1776409042.678695 jaka_arm_left success 0.282141 0.281482 -0.399070 0.623803 0.304321 0.204688 0.690189 -1.330394 1.040781 1.405088 -1.014257 0.690744 -1.398679 0.466661
1776409042.687016 jaka_arm_left success 0.282060 0.281381 -0.399070 0.623490 0.304402 0.204501 0.690491 -1.330394 1.040781 1.405088 -1.014257 0.690744 -1.398679 0.466661
1776409042.695419 jaka_arm_left success 0.282035 0.281322 -0.399078 0.623069 0.304134 0.204624 0.690953 -1.329491 1.042183 1.404637 -1.013180 0.689605 -1.401192 0.468401
1776409042.703812 jaka_arm_left success 0.281874 0.281464 -0.398968 0.623812 0.304194 0.204620 0.690257 -1.329136 1.041270 1.404749 -1.012951 0.690452 -1.400831 0.468729
1776409042.712064 jaka_arm_left success 0.281800 0.281493 -0.398916 0.623948 0.304094 0.204646 0.690170 -1.329136 1.041270 1.404749 -1.012951 0.690452 -1.400831 0.468729
1776409042.720449 jaka_arm_left success 0.281735 0.281500 -0.398869 0.623918 0.304090 0.204715 0.690179 -1.329136 1.041270 1.404749 -1.012951 0.690452 -1.400831 0.468729
1776409042.728720 jaka_arm_left success 0.281665 0.281468 -0.398831 0.623625 0.304104 0.204665 0.690453 -1.329136 1.041270 1.404749 -1.012951 0.690452 -1.400831 0.468729
1776409042.737122 jaka_arm_left success 0.281621 0.281488 -0.398785 0.623538 0.304057 0.204608 0.690569 -1.329136 1.041270 1.404749 -1.012951 0.690452 -1.400831 0.468729
1776409042.745443 jaka_arm_left success 0.281564 0.281437 -0.398757 0.623155 0.304149 0.204725 0.690840 -1.329448 1.041687 1.404622 -1.013158 0.689965 -1.401128 0.468659
1776409042.753735 jaka_arm_left success 0.281518 0.281596 -0.398709 0.623348 0.304024 0.205465 0.690500 -1.329685 1.041461 1.404156 -1.013199 0.689870 -1.400913 0.469053
1776409042.762078 jaka_arm_left success 0.281448 0.281613 -0.398661 0.623093 0.304219 0.205481 0.690640 -1.329685 1.041461 1.404156 -1.013199 0.689870 -1.400913 0.469053
1776409042.770487 jaka_arm_left success 0.281409 0.281675 -0.398632 0.622975 0.304306 0.205676 0.690650 -1.329685 1.041461 1.404156 -1.013199 0.689870 -1.400913 0.469053
1776409042.778707 jaka_arm_left success 0.281378 0.281717 -0.398604 0.622818 0.304343 0.205786 0.690743 -1.329750 1.041885 1.403645 -1.012958 0.689242 -1.400688 0.468996
1776409042.787097 jaka_arm_left success 0.281344 0.281899 -0.398559 0.623171 0.304204 0.206034 0.690411 -1.329735 1.041454 1.403398 -1.012956 0.689463 -1.400522 0.469412
1776409042.795358 jaka_arm_left success 0.281343 0.282029 -0.398514 0.623234 0.304139 0.206609 0.690211 -1.329868 1.041242 1.402948 -1.012962 0.689394 -1.400305 0.469821
1776409042.803756 jaka_arm_left success 0.281310 0.282123 -0.398474 0.623254 0.304106 0.206737 0.690170 -1.329703 1.041045 1.402457 -1.012815 0.689345 -1.400087 0.470311
1776409042.812106 jaka_arm_left success 0.281245 0.282135 -0.398446 0.623074 0.304229 0.206347 0.690395 -1.329388 1.041425 1.402858 -1.012752 0.689269 -1.400440 0.469934
1776409042.820410 jaka_arm_left success 0.281212 0.282138 -0.398412 0.622731 0.304324 0.206178 0.690712 -1.325800 1.041627 1.401746 -1.012012 0.687618 -1.404189 0.471409
1776409042.828724 jaka_arm_left success 0.281222 0.282086 -0.398409 0.621858 0.304500 0.205803 0.691533 -1.326221 1.042458 1.401577 -1.012147 0.686770 -1.404493 0.471083
1776409042.837178 jaka_arm_left success 0.281224 0.282161 -0.398412 0.621642 0.304624 0.205671 0.691712 -1.326221 1.042458 1.401577 -1.012147 0.686770 -1.404493 0.471083
1776409042.845470 jaka_arm_left success 0.281252 0.282092 -0.398421 0.621000 0.304748 0.205267 0.692353 -1.327778 1.042587 1.402261 -1.010594 0.685631 -1.406017 0.469045
1776409042.853715 jaka_arm_left success 0.281186 0.282256 -0.398448 0.620950 0.305377 0.205638 0.692010 -1.327584 1.042514 1.401790 -1.010049 0.685512 -1.405350 0.469097
1776409042.862044 jaka_arm_left success 0.281190 0.282334 -0.398474 0.620730 0.305593 0.205858 0.692048 -1.327584 1.042514 1.401790 -1.010049 0.685512 -1.405350 0.469097
1776409042.870432 jaka_arm_left success 0.281243 0.282318 -0.398500 0.620185 0.305833 0.205751 0.692461 -1.327682 1.043294 1.401453 -1.009786 0.684714 -1.405250 0.468772
1776409042.878675 jaka_arm_left success 0.281273 0.282362 -0.398488 0.620209 0.305977 0.205752 0.692377 -1.327682 1.043294 1.401453 -1.009786 0.684714 -1.405250 0.468772
1776409042.887064 jaka_arm_left success 0.281340 0.282416 -0.398496 0.620236 0.306098 0.205844 0.692271 -1.327682 1.043294 1.401453 -1.009786 0.684714 -1.405250 0.468772
1776409042.895445 jaka_arm_left success 0.281400 0.282480 -0.398512 0.620198 0.306414 0.206489 0.691974 -1.327644 1.043227 1.400660 -1.009237 0.684436 -1.404398 0.469023
1776409042.903839 jaka_arm_left success 0.281415 0.282463 -0.398529 0.620196 0.306637 0.206134 0.691982 -1.327644 1.043227 1.400660 -1.009237 0.684436 -1.404398 0.469023
1776409042.912091 jaka_arm_left success 0.281552 0.282638 -0.398599 0.620930 0.306193 0.206591 0.691385 -1.327567 1.042429 1.400575 -1.009213 0.685124 -1.404070 0.469603
1776409042.920448 jaka_arm_left success 0.281664 0.282697 -0.398653 0.621173 0.306105 0.206637 0.691191 -1.327567 1.042429 1.400575 -1.009213 0.685124 -1.404070 0.469603
1776409042.928751 jaka_arm_left success 0.281767 0.282599 -0.398731 0.620669 0.306753 0.206625 0.691360 -1.327567 1.042429 1.400575 -1.009213 0.685124 -1.404070 0.469603
1776409042.937115 jaka_arm_left success 0.281875 0.282571 -0.398838 0.620381 0.306855 0.206286 0.691674 -1.327297 1.042936 1.400670 -1.008824 0.684849 -1.403938 0.469152
1776409042.945414 jaka_arm_left success 0.281992 0.282598 -0.398918 0.620401 0.306995 0.206122 0.691643 -1.327297 1.042936 1.400670 -1.008824 0.684849 -1.403938 0.469152
1776409042.953727 jaka_arm_left success 0.282026 0.282647 -0.398962 0.620710 0.307532 0.205759 0.691235 -1.326864 1.042985 1.400861 -1.008376 0.685003 -1.403661 0.468830
1776409042.962027 jaka_arm_left success 0.282027 0.282558 -0.399003 0.620245 0.308649 0.205098 0.691351 -1.326252 1.043443 1.401132 -1.007685 0.684880 -1.403353 0.468091
1776409042.970404 jaka_arm_left success 0.282098 0.282512 -0.399081 0.620069 0.308638 0.204352 0.691735 -1.327039 1.043809 1.402185 -1.007293 0.684845 -1.403376 0.466401
1776409042.978750 jaka_arm_left success 0.282170 0.282560 -0.399134 0.620248 0.308532 0.204384 0.691612 -1.327484 1.043226 1.402165 -1.007527 0.685232 -1.403313 0.466741
1776409042.987057 jaka_arm_left success 0.282217 0.282550 -0.399187 0.620278 0.308433 0.204180 0.691689 -1.327937 1.043423 1.402725 -1.007220 0.685229 -1.403304 0.465866
1776409042.995427 jaka_arm_left success 0.282223 0.282496 -0.399204 0.620192 0.308501 0.204444 0.691659 -1.327937 1.043423 1.402725 -1.007220 0.685229 -1.403304 0.465866
1776409043.003727 jaka_arm_left success 0.282221 0.282392 -0.399228 0.620318 0.308095 0.204122 0.691821 -1.327937 1.043423 1.402725 -1.007220 0.685229 -1.403304 0.465866
1776409043.020739 jaka_arm_left success 0.282187 0.282473 -0.399211 0.621379 0.307969 0.204340 0.690860 -1.327992 1.042147 1.402715 -1.007372 0.686281 -1.402976 0.466642
1776409043.028724 jaka_arm_left success 0.282215 0.282505 -0.399320 0.622419 0.306472 0.205415 0.690271 -1.328762 1.041021 1.402326 -1.008129 0.686936 -1.402978 0.467887
1776409043.037336 jaka_arm_left success 0.282162 0.282514 -0.399324 0.622504 0.306213 0.205985 0.690139 -1.329096 1.040465 1.401991 -1.008348 0.687254 -1.402742 0.468576
1776409043.045459 jaka_arm_left success 0.282099 0.282462 -0.399313 0.622568 0.306120 0.206105 0.690087 -1.329096 1.040465 1.401991 -1.008348 0.687254 -1.402742 0.468576
1776409043.053679 jaka_arm_left success 0.281925 0.282444 -0.399239 0.622953 0.306491 0.206424 0.689480 -1.328848 1.039794 1.401598 -1.007932 0.687790 -1.401877 0.469106
1776409043.062040 jaka_arm_left success 0.281842 0.282375 -0.399221 0.622873 0.306431 0.206334 0.689606 -1.328848 1.039794 1.401598 -1.007932 0.687790 -1.401877 0.469106
1776409043.070457 jaka_arm_left success 0.281779 0.282283 -0.399198 0.622692 0.306354 0.206242 0.689830 -1.328848 1.039794 1.401598 -1.007932 0.687790 -1.401877 0.469106
1776409043.078781 jaka_arm_left success 0.281713 0.282229 -0.399186 0.622598 0.306110 0.206161 0.690048 -1.329124 1.040241 1.401841 -1.008358 0.687615 -1.402385 0.469125
1776409043.087033 jaka_arm_left success 0.281678 0.282195 -0.399181 0.622493 0.306046 0.206160 0.690171 -1.329124 1.040241 1.401841 -1.008358 0.687615 -1.402385 0.469125
1776409043.095423 jaka_arm_left success 0.281638 0.282263 -0.399172 0.622780 0.305729 0.206157 0.690054 -1.329124 1.040241 1.401841 -1.008358 0.687615 -1.402385 0.469125
1776409043.103818 jaka_arm_left success 0.281610 0.282357 -0.399170 0.623164 0.305368 0.206382 0.689800 -1.329358 1.039830 1.401904 -1.008770 0.688038 -1.402556 0.469677
1776409043.112135 jaka_arm_left success 0.281582 0.282368 -0.399167 0.623059 0.305295 0.206341 0.689939 -1.329358 1.039830 1.401904 -1.008770 0.688038 -1.402556 0.469677
1776409043.120396 jaka_arm_left success 0.281580 0.282409 -0.399159 0.623058 0.305072 0.206210 0.690078 -1.329358 1.039830 1.401904 -1.008770 0.688038 -1.402556 0.469677
1776409043.128710 jaka_arm_left success 0.281522 0.282386 -0.399147 0.622829 0.305070 0.206175 0.690296 -1.329358 1.039830 1.401904 -1.008770 0.688038 -1.402556 0.469677
1776409043.137149 jaka_arm_left success 0.281448 0.282353 -0.399140 0.622330 0.305351 0.206074 0.690652 -1.329324 1.041029 1.402322 -1.008961 0.687565 -1.403240 0.469500
1776409043.145456 jaka_arm_left success 0.281375 0.282273 -0.399141 0.621713 0.305670 0.205453 0.691251 -1.329095 1.041823 1.402691 -1.008821 0.687175 -1.403583 0.468915
1776409043.153712 jaka_arm_left success 0.281408 0.282331 -0.399130 0.621479 0.305432 0.205470 0.691561 -1.329202 1.042476 1.402860 -1.008972 0.686798 -1.404176 0.468895
1776409043.162047 jaka_arm_left success 0.281379 0.282452 -0.399102 0.621460 0.305492 0.205836 0.691443 -1.329202 1.042476 1.402860 -1.008972 0.686798 -1.404176 0.468895
1776409043.170718 jaka_arm_left success 0.281326 0.282330 -0.399090 0.620346 0.306070 0.205570 0.692266 -1.328456 1.044444 1.402041 -1.007796 0.685262 -1.405439 0.470044
1776409043.178715 jaka_arm_left success 0.281337 0.282398 -0.399075 0.620199 0.305881 0.205413 0.692528 -1.328456 1.044444 1.402041 -1.007796 0.685262 -1.405439 0.470044
1776409043.187058 jaka_arm_left success 0.281315 0.282437 -0.399062 0.619954 0.305924 0.205405 0.692731 -1.328456 1.044444 1.402041 -1.007796 0.685262 -1.405439 0.470044
1776409043.195403 jaka_arm_left success 0.281316 0.282504 -0.399071 0.619762 0.305745 0.205443 0.692971 -1.329361 1.043257 1.401658 -1.002256 0.683823 -1.411220 0.471686
1776409043.203777 jaka_arm_left success 0.281240 0.282570 -0.399069 0.619370 0.306375 0.205638 0.692985 -1.329275 1.043701 1.401438 -1.001866 0.683423 -1.410906 0.471432
1776409043.212058 jaka_arm_left success 0.281201 0.282492 -0.399049 0.618421 0.306692 0.205375 0.693770 -1.329617 1.045338 1.401670 -1.001548 0.682497 -1.411302 0.470907
1776409043.220422 jaka_arm_left success 0.281209 0.282776 -0.399002 0.619273 0.306134 0.205717 0.693155 -1.329844 1.044346 1.401491 -1.001802 0.683202 -1.411122 0.471721
1776409043.228706 jaka_arm_left success 0.281150 0.282977 -0.398979 0.619487 0.306167 0.205786 0.692928 -1.329844 1.044346 1.401491 -1.001802 0.683202 -1.411122 0.471721
1776409043.237056 jaka_arm_left success 0.281166 0.282983 -0.399002 0.618817 0.305951 0.205623 0.693671 -1.330891 1.044534 1.401678 -0.999629 0.682916 -1.413077 0.472697
1776409043.245481 jaka_arm_left success 0.281196 0.283109 -0.398966 0.618845 0.305891 0.205979 0.693566 -1.330891 1.044534 1.401678 -0.999629 0.682916 -1.413077 0.472697
1776409043.253660 jaka_arm_left success 0.281177 0.283269 -0.398941 0.619068 0.305672 0.206068 0.693438 -1.330891 1.044534 1.401678 -0.999629 0.682916 -1.413077 0.472697
1776409043.262064 jaka_arm_left success 0.281241 0.283400 -0.398951 0.618919 0.305453 0.206103 0.693656 -1.331153 1.044165 1.401393 -0.999613 0.682993 -1.413077 0.473144
1776409043.270548 jaka_arm_left success 0.281261 0.283115 -0.398947 0.616963 0.306210 0.204811 0.695446 -1.337092 1.044405 1.403233 -0.985238 0.680960 -1.423450 0.474911
1776409043.278733 jaka_arm_left success 0.281288 0.283139 -0.398953 0.616622 0.306195 0.204452 0.695860 -1.337123 1.045186 1.403536 -0.985275 0.680505 -1.423876 0.474391
1776409043.287102 jaka_arm_left success 0.281340 0.283235 -0.398951 0.616533 0.306024 0.204067 0.696127 -1.337191 1.045420 1.403904 -0.985454 0.680485 -1.424310 0.474170
1776409043.295364 jaka_arm_left success 0.281353 0.283274 -0.398949 0.616309 0.306091 0.203946 0.696331 -1.337191 1.045420 1.403904 -0.985454 0.680485 -1.424310 0.474170
1776409043.303771 jaka_arm_left success 0.281269 0.283322 -0.398938 0.615981 0.306730 0.203754 0.696397 -1.336913 1.045926 1.404002 -0.985047 0.680145 -1.424237 0.473607
1776409043.312097 jaka_arm_left success 0.281274 0.283357 -0.398934 0.615746 0.306754 0.203600 0.696639 -1.337723 1.045698 1.404131 -0.984374 0.679403 -1.425031 0.472382
1776409043.320413 jaka_arm_left success 0.281284 0.283401 -0.398930 0.615636 0.306768 0.203486 0.696763 -1.337723 1.045698 1.404131 -0.984374 0.679403 -1.425031 0.472382
1776409043.328717 jaka_arm_left success 0.281258 0.283416 -0.398938 0.615341 0.307181 0.203382 0.696873 -1.337723 1.045698 1.404131 -0.984374 0.679403 -1.425031 0.472382
1776409043.337089 jaka_arm_left success 0.281287 0.283482 -0.398948 0.615216 0.307341 0.203515 0.696874 -1.337561 1.046075 1.404037 -0.984012 0.679057 -1.424865 0.472030
1776409043.345505 jaka_arm_left success 0.281346 0.283633 -0.398972 0.615448 0.307023 0.203495 0.696815 -1.337561 1.046075 1.404037 -0.984012 0.679057 -1.424865 0.472030
1776409043.353736 jaka_arm_left success 0.281414 0.283642 -0.398989 0.615248 0.307078 0.203197 0.697053 -1.338184 1.045588 1.404329 -0.983520 0.678831 -1.425733 0.471340
1776409043.362045 jaka_arm_left success 0.281450 0.283679 -0.399002 0.615176 0.307090 0.202804 0.697226 -1.339245 1.044691 1.404727 -0.982109 0.678638 -1.426793 0.470364
1776409043.370441 jaka_arm_left success 0.281500 0.283690 -0.399035 0.614958 0.307110 0.202157 0.697598 -1.339930 1.044717 1.405431 -0.981198 0.678477 -1.427906 0.469628
1776409043.378748 jaka_arm_left success 0.281553 0.283852 -0.399046 0.615363 0.307007 0.201894 0.697362 -1.340707 1.043606 1.405804 -0.980067 0.678981 -1.428344 0.469410
1776409043.387090 jaka_arm_left success 0.281657 0.283984 -0.399062 0.615654 0.306624 0.201757 0.697314 -1.341262 1.043158 1.406028 -0.979842 0.679251 -1.428815 0.469590
1776409043.395376 jaka_arm_left success 0.281731 0.284011 -0.399102 0.615507 0.306512 0.201195 0.697655 -1.348594 1.042221 1.408560 -0.967866 0.680127 -1.435617 0.472115
1776409043.403726 jaka_arm_left success 0.281807 0.284026 -0.399144 0.615329 0.306529 0.200918 0.697884 -1.348333 1.042572 1.408703 -0.967606 0.679954 -1.435623 0.471726
1776409043.412160 jaka_arm_left success 0.281932 0.284029 -0.399186 0.615286 0.306094 0.200159 0.698331 -1.348316 1.042948 1.409428 -0.967939 0.679993 -1.436447 0.471292
1776409043.420485 jaka_arm_left success 0.281989 0.284057 -0.399230 0.615124 0.305969 0.199599 0.698689 -1.349314 1.041373 1.409662 -0.966940 0.679212 -1.438038 0.469209
1776409043.428682 jaka_arm_left success 0.282070 0.284058 -0.399283 0.614834 0.305748 0.198838 0.699258 -1.350252 1.041307 1.410664 -0.966220 0.679128 -1.439664 0.468349
1776409043.437117 jaka_arm_left success 0.282106 0.283884 -0.399306 0.613485 0.306222 0.197589 0.700587 -1.356306 1.041138 1.412780 -0.954847 0.678409 -1.446798 0.469012
1776409043.445418 jaka_arm_left success 0.282098 0.283782 -0.399369 0.612567 0.306950 0.197196 0.701182 -1.355973 1.042409 1.412965 -0.954368 0.677566 -1.446953 0.468025
1776409043.453660 jaka_arm_left success 0.282213 0.283685 -0.399376 0.611926 0.306955 0.196315 0.701987 -1.355985 1.043615 1.413608 -0.954532 0.676936 -1.447870 0.467129
1776409043.462074 jaka_arm_left success 0.282150 0.283807 -0.399408 0.611919 0.307455 0.196059 0.701845 -1.355808 1.043681 1.413649 -0.954079 0.676762 -1.447826 0.466669
1776409043.470554 jaka_arm_left success 0.282234 0.283848 -0.399450 0.611784 0.307283 0.195655 0.702152 -1.357037 1.042187 1.414058 -0.952997 0.676263 -1.449419 0.464888
1776409043.478731 jaka_arm_left success 0.282286 0.283842 -0.399485 0.611455 0.307184 0.195233 0.702599 -1.359958 1.042435 1.415214 -0.947948 0.676101 -1.452600 0.465339
1776409043.487047 jaka_arm_left success 0.282304 0.283760 -0.399513 0.610799 0.307272 0.194676 0.703285 -1.360022 1.042998 1.415490 -0.948056 0.675796 -1.453077 0.464991
1776409043.495393 jaka_arm_left success 0.282358 0.283802 -0.399555 0.610530 0.307024 0.194400 0.703703 -1.363802 1.041475 1.416258 -0.938579 0.675136 -1.460109 0.466831
1776409043.503704 jaka_arm_left success 0.282387 0.283849 -0.399593 0.610319 0.306804 0.194108 0.704062 -1.363802 1.041475 1.416258 -0.938579 0.675136 -1.460109 0.466831
1776409043.512204 jaka_arm_left success 0.282432 0.283850 -0.399609 0.610123 0.306650 0.193682 0.704417 -1.364082 1.042111 1.416807 -0.939058 0.674943 -1.460967 0.466526
1776409043.520439 jaka_arm_left success 0.282428 0.283825 -0.399626 0.609827 0.306462 0.192837 0.704986 -1.368873 1.041922 1.418884 -0.933103 0.675520 -1.463992 0.466316
1776409043.528682 jaka_arm_left success 0.282471 0.283849 -0.399660 0.609435 0.306447 0.192952 0.705301 -1.369001 1.042425 1.418921 -0.933197 0.675138 -1.464324 0.466142
1776409043.537078 jaka_arm_left success 0.282509 0.283919 -0.399661 0.609365 0.306130 0.192817 0.705535 -1.369001 1.042425 1.418921 -0.933197 0.675138 -1.464324 0.466142
1776409043.545452 jaka_arm_left success 0.282531 0.283958 -0.399685 0.609020 0.306145 0.192723 0.705852 -1.368681 1.042352 1.418512 -0.929251 0.673998 -1.469075 0.468258
1776409043.553716 jaka_arm_left success 0.282584 0.284042 -0.399715 0.608818 0.306074 0.192519 0.706113 -1.371902 1.042507 1.419895 -0.927221 0.674658 -1.469130 0.467362
1776409043.562103 jaka_arm_left success 0.282629 0.284079 -0.399746 0.608543 0.305955 0.191975 0.706550 -1.371872 1.042954 1.420303 -0.927333 0.674523 -1.469669 0.466998
1776409043.570377 jaka_arm_left success 0.282636 0.284154 -0.399787 0.608245 0.306016 0.191231 0.706981 -1.375661 1.041122 1.421053 -0.918498 0.673820 -1.476179 0.468000
1776409043.578739 jaka_arm_left success 0.282630 0.284071 -0.399867 0.606991 0.306760 0.190911 0.707823 -1.375323 1.042612 1.421325 -0.918015 0.672908 -1.476447 0.466878
1776409043.587078 jaka_arm_left success 0.282599 0.284139 -0.399928 0.606671 0.306970 0.190233 0.708189 -1.375174 1.043363 1.421749 -0.917926 0.672590 -1.476887 0.466235
1776409043.595467 jaka_arm_left success 0.282612 0.284168 -0.399977 0.606369 0.307040 0.189795 0.708535 -1.380805 1.042139 1.423201 -0.908869 0.672483 -1.482337 0.466916
1776409043.603760 jaka_arm_left success 0.282663 0.284240 -0.400039 0.606189 0.307138 0.189576 0.708704 -1.380805 1.042139 1.423201 -0.908869 0.672483 -1.482337 0.466916
1776409043.612081 jaka_arm_left success 0.282689 0.284235 -0.400085 0.605910 0.307156 0.188805 0.709141 -1.380365 1.042808 1.423887 -0.908676 0.672435 -1.482771 0.466148
1776409043.620312 jaka_arm_left success 0.282783 0.284327 -0.400191 0.605447 0.306747 0.188246 0.709861 -1.385232 1.042029 1.425218 -0.899601 0.672003 -1.489489 0.467622
1776409043.628690 jaka_arm_left success 0.282795 0.284418 -0.400228 0.605282 0.306630 0.187365 0.710286 -1.384928 1.042512 1.426065 -0.899665 0.672172 -1.490141 0.466984
1776409043.637273 jaka_arm_left success 0.282809 0.284554 -0.400290 0.605228 0.306362 0.186653 0.710635 -1.386948 1.040983 1.427009 -0.897856 0.672009 -1.492331 0.465169
1776409043.645524 jaka_arm_left success 0.282776 0.284615 -0.400350 0.604670 0.307187 0.186431 0.710812 -1.386612 1.041555 1.427011 -0.897347 0.671626 -1.492161 0.464624
1776409043.653660 jaka_arm_left success 0.282727 0.284618 -0.400401 0.604077 0.307727 0.185930 0.711213 -1.386319 1.042408 1.427172 -0.896933 0.671098 -1.492267 0.463871
1776409043.662030 jaka_arm_left success 0.282735 0.284667 -0.400446 0.603698 0.307570 0.185251 0.711781 -1.390302 1.041007 1.428405 -0.889315 0.670681 -1.497844 0.463921
1776409043.670511 jaka_arm_left success 0.282718 0.284781 -0.400519 0.603425 0.307494 0.184995 0.712112 -1.390513 1.041545 1.428494 -0.889495 0.670321 -1.498257 0.463740
1776409043.678717 jaka_arm_left success 0.282720 0.284801 -0.400597 0.603003 0.307161 0.184410 0.712764 -1.395424 1.040874 1.429960 -0.878160 0.670069 -1.506524 0.466537
1776409043.687014 jaka_arm_left success 0.282685 0.284776 -0.400631 0.602104 0.307242 0.184112 0.713565 -1.395480 1.042008 1.430174 -0.878148 0.669388 -1.507017 0.465887
1776409043.695431 jaka_arm_left success 0.282607 0.284796 -0.400668 0.601646 0.307399 0.184070 0.713895 -1.395559 1.042619 1.430136 -0.878082 0.668926 -1.507194 0.465613
1776409043.703719 jaka_arm_left success 0.282529 0.284891 -0.400696 0.601515 0.307395 0.184178 0.713979 -1.395559 1.042619 1.430136 -0.878082 0.668926 -1.507194 0.465613
1776409043.712055 jaka_arm_left success 0.282476 0.285130 -0.400722 0.602325 0.307002 0.184675 0.713337 -1.395417 1.041679 1.429857 -0.877852 0.669570 -1.506658 0.466455
1776409043.720340 jaka_arm_left success 0.282337 0.284832 -0.400700 0.600172 0.308192 0.183822 0.714857 -1.395305 1.044390 1.430055 -0.877459 0.667682 -1.507503 0.464736
1776409043.728737 jaka_arm_left success 0.282287 0.285043 -0.400728 0.600637 0.308269 0.184481 0.714263 -1.395147 1.043781 1.429445 -0.877055 0.667819 -1.506930 0.465449
1776409043.737060 jaka_arm_left success 0.282197 0.285189 -0.400717 0.600707 0.307957 0.183965 0.714472 -1.395281 1.043896 1.429836 -0.877444 0.667934 -1.507566 0.465429
1776409043.745449 jaka_arm_left success 0.282163 0.285305 -0.400748 0.600561 0.307820 0.183990 0.714648 -1.394540 1.043025 1.429125 -0.874595 0.666919 -1.511236 0.466795
1776409043.753744 jaka_arm_left success 0.282203 0.285356 -0.400800 0.600160 0.307663 0.184143 0.715012 -1.396403 1.044283 1.429729 -0.872869 0.667128 -1.511927 0.467804
1776409043.762069 jaka_arm_left success 0.282163 0.285509 -0.400816 0.599989 0.307733 0.183777 0.715220 -1.402550 1.043218 1.431617 -0.858400 0.667396 -1.521057 0.471187
1776409043.770429 jaka_arm_left success 0.282147 0.285576 -0.400842 0.599486 0.307642 0.183287 0.715806 -1.402550 1.043218 1.431617 -0.858400 0.667396 -1.521057 0.471187
1776409043.778715 jaka_arm_left success 0.282244 0.285910 -0.400891 0.599811 0.307193 0.183807 0.715594 -1.402550 1.043218 1.431617 -0.858400 0.667396 -1.521057 0.471187
1776409043.787109 jaka_arm_left success 0.282208 0.286014 -0.400904 0.599276 0.307956 0.183740 0.715731 -1.402623 1.043715 1.431281 -0.858166 0.666788 -1.520952 0.470936
1776409043.795445 jaka_arm_left success 0.282249 0.286177 -0.400909 0.598865 0.308091 0.183305 0.716128 -1.402501 1.044238 1.431523 -0.858061 0.666524 -1.521249 0.470424
1776409043.803756 jaka_arm_left success 0.282288 0.286285 -0.400922 0.598208 0.308246 0.183161 0.716648 -1.402814 1.044458 1.431374 -0.857624 0.665455 -1.522276 0.469333
1776409043.812077 jaka_arm_left success 0.282345 0.286464 -0.400919 0.597791 0.308319 0.183531 0.716870 -1.403049 1.044597 1.431049 -0.857633 0.665091 -1.522268 0.469409
1776409043.820426 jaka_arm_left success 0.282157 0.286574 -0.400856 0.597082 0.309498 0.183085 0.717066 -1.402479 1.045255 1.431065 -0.856881 0.664644 -1.522000 0.468617
1776409043.828702 jaka_arm_left success 0.282150 0.286952 -0.400850 0.597600 0.308962 0.182733 0.716955 -1.402787 1.042784 1.430769 -0.855953 0.663876 -1.524213 0.467125
1776409043.837080 jaka_arm_left success 0.282237 0.287147 -0.400870 0.596957 0.309053 0.183307 0.717306 -1.402940 1.044067 1.430141 -0.854440 0.663095 -1.525249 0.468776
1776409043.845440 jaka_arm_left success 0.282277 0.287371 -0.400916 0.596646 0.308484 0.183106 0.717860 -1.407130 1.042247 1.431031 -0.845306 0.662849 -1.531826 0.470252
1776409043.853699 jaka_arm_left success 0.282265 0.287361 -0.400901 0.595093 0.309013 0.182362 0.719110 -1.408189 1.044553 1.431820 -0.843195 0.661901 -1.533748 0.469813
1776409043.862056 jaka_arm_left success 0.282216 0.287445 -0.400916 0.593791 0.310072 0.182137 0.719787 -1.408074 1.046117 1.431544 -0.842572 0.660557 -1.533874 0.468767
1776409043.870404 jaka_arm_left success 0.282287 0.287748 -0.400950 0.594158 0.309462 0.182154 0.719743 -1.410612 1.043597 1.431919 -0.836105 0.660540 -1.539174 0.470106
1776409043.878706 jaka_arm_left success 0.282301 0.287877 -0.400966 0.593200 0.309534 0.181551 0.720654 -1.415309 1.045222 1.433603 -0.830084 0.660601 -1.542500 0.470849
1776409043.887016 jaka_arm_left success 0.282336 0.288085 -0.400974 0.593180 0.309312 0.181551 0.720765 -1.415309 1.045222 1.433603 -0.830084 0.660601 -1.542500 0.470849
1776409043.895411 jaka_arm_left success 0.282288 0.288411 -0.400970 0.593118 0.309773 0.181335 0.720673 -1.414905 1.045174 1.433482 -0.829531 0.660403 -1.542431 0.470521
1776409043.903733 jaka_arm_left success 0.282300 0.288469 -0.400959 0.592077 0.310091 0.180994 0.721477 -1.415551 1.044076 1.433001 -0.823861 0.658588 -1.548295 0.471049
1776409043.912082 jaka_arm_left success 0.282406 0.288591 -0.400968 0.591284 0.309966 0.181001 0.722179 -1.417306 1.045700 1.433549 -0.822439 0.658108 -1.549117 0.470859
1776409043.920416 jaka_arm_left success 0.282417 0.288800 -0.400960 0.591180 0.309629 0.180828 0.722452 -1.420711 1.043677 1.434280 -0.813794 0.657961 -1.555653 0.472470
1776409043.928704 jaka_arm_left success 0.282397 0.288745 -0.400934 0.589849 0.310180 0.180252 0.723447 -1.420746 1.045389 1.434363 -0.813570 0.656850 -1.556158 0.471460
1776409043.937040 jaka_arm_left success 0.282407 0.288904 -0.400927 0.589567 0.309889 0.179702 0.723938 -1.425441 1.044923 1.436083 -0.807102 0.657293 -1.559982 0.471431
1776409043.945411 jaka_arm_left success 0.282337 0.289092 -0.400935 0.589162 0.310394 0.179823 0.724022 -1.425441 1.044923 1.436083 -0.807102 0.657293 -1.559982 0.471431
1776409043.953706 jaka_arm_left success 0.282377 0.289307 -0.400954 0.589228 0.309771 0.179657 0.724276 -1.424814 1.045202 1.435605 -0.806104 0.656717 -1.561773 0.472783
1776409043.962072 jaka_arm_left success 0.282349 0.289317 -0.400941 0.588157 0.309768 0.179215 0.725257 -1.430146 1.044921 1.437024 -0.793330 0.656389 -1.570759 0.475846
1776409043.970330 jaka_arm_left success 0.282254 0.289522 -0.400884 0.588201 0.309745 0.179002 0.725284 -1.430146 1.044921 1.437024 -0.793330 0.656389 -1.570759 0.475846
1776409043.978748 jaka_arm_left success 0.282275 0.289497 -0.400803 0.587161 0.310089 0.178831 0.726021 -1.430046 1.046431 1.437120 -0.793010 0.655413 -1.570776 0.474801
1776409043.987077 jaka_arm_left success 0.282300 0.289736 -0.400788 0.587924 0.309389 0.179159 0.725621 -1.430509 1.045808 1.437065 -0.793548 0.655737 -1.570783 0.475432
1776409043.995458 jaka_arm_left success 0.282205 0.289437 -0.400708 0.585734 0.310143 0.178113 0.727326 -1.430511 1.044221 1.446845 -0.791340 0.644360 -1.570796 0.477349
1776409044.003774 jaka_arm_left success 0.282171 0.289398 -0.400673 0.585073 0.310147 0.177868 0.727916 -1.434436 1.040504 1.458914 -0.785206 0.633954 -1.570796 0.481468
1776409044.012066 jaka_arm_left success 0.282175 0.289596 -0.400666 0.585934 0.309350 0.178148 0.727494 -1.434755 1.039558 1.459155 -0.785885 0.634746 -1.570796 0.482298
1776409044.020427 jaka_arm_left success 0.282124 0.289543 -0.400633 0.585401 0.309444 0.178017 0.727915 -1.433426 1.040635 1.459883 -0.786612 0.633746 -1.570796 0.483246
1776409044.028702 jaka_arm_left success 0.282052 0.289403 -0.400584 0.584763 0.309748 0.177881 0.728331 -1.432824 1.040316 1.460713 -0.787162 0.631511 -1.570796 0.482470
1776409044.037250 jaka_arm_left success 0.282020 0.289387 -0.400549 0.584724 0.309602 0.178058 0.728382 -1.432824 1.040316 1.460713 -0.787162 0.631511 -1.570796 0.482470
1776409044.045390 jaka_arm_left success 0.282005 0.289487 -0.400543 0.585213 0.309010 0.178238 0.728196 -1.433040 1.039578 1.460972 -0.787712 0.632170 -1.570796 0.483266
1776409044.053715 jaka_arm_left success 0.281980 0.289551 -0.400541 0.585395 0.308884 0.178434 0.728056 -1.432724 1.039916 1.460939 -0.787630 0.631827 -1.570796 0.484544
1776409044.062050 jaka_arm_left success 0.281954 0.289566 -0.400519 0.585515 0.308779 0.178510 0.727985 -1.432783 1.039559 1.460957 -0.787736 0.632017 -1.570796 0.484830
1776409044.070394 jaka_arm_left success 0.281908 0.289600 -0.400493 0.585951 0.308502 0.178636 0.727720 -1.432787 1.038744 1.461043 -0.787888 0.632587 -1.570796 0.485381
1776409044.078776 jaka_arm_left success 0.281884 0.289614 -0.400466 0.586172 0.308472 0.178811 0.727513 -1.432787 1.038744 1.461043 -0.787888 0.632587 -1.570796 0.485381
1776409044.087091 jaka_arm_left success 0.281890 0.289684 -0.400480 0.586655 0.308227 0.179210 0.727129 -1.432891 1.038199 1.460696 -0.787857 0.632712 -1.570498 0.485897
1776409044.095375 jaka_arm_left success 0.281850 0.289593 -0.400477 0.586300 0.308382 0.179195 0.727353 -1.432891 1.038199 1.460696 -0.787857 0.632712 -1.570498 0.485897
1776409044.103700 jaka_arm_left success 0.281844 0.289638 -0.400497 0.586726 0.308287 0.179737 0.726915 -1.432891 1.038199 1.460696 -0.787857 0.632712 -1.570498 0.485897
1776409044.112112 jaka_arm_left success 0.281850 0.289902 -0.400551 0.588335 0.307681 0.180628 0.725650 -1.432773 1.035912 1.459932 -0.787811 0.634089 -1.569234 0.488327
1776409044.120384 jaka_arm_left success 0.281798 0.289473 -0.400515 0.586150 0.308827 0.180035 0.727077 -1.432405 1.038708 1.459946 -0.787151 0.632262 -1.569791 0.486575
1776409044.128728 jaka_arm_left success 0.281799 0.289583 -0.400572 0.587236 0.308232 0.180275 0.726394 -1.432509 1.037669 1.459943 -0.787485 0.633057 -1.569680 0.487576
1776409044.137063 jaka_arm_left success 0.281800 0.289563 -0.400608 0.587577 0.308057 0.180443 0.726150 -1.432150 1.037198 1.460096 -0.787407 0.633739 -1.569465 0.488263
1776409044.145408 jaka_arm_left success 0.281758 0.289338 -0.400629 0.586596 0.308778 0.180076 0.726728 -1.432108 1.038734 1.459922 -0.787115 0.632616 -1.569750 0.487471
1776409044.153667 jaka_arm_left success 0.281819 0.289387 -0.400698 0.587106 0.308723 0.180638 0.726200 -1.432209 1.038117 1.459519 -0.787088 0.632818 -1.569305 0.488151
1776409044.162032 jaka_arm_left success 0.281844 0.289574 -0.400776 0.588251 0.308151 0.181022 0.725421 -1.432247 1.036666 1.459475 -0.787321 0.633871 -1.568865 0.489292
1776409044.170405 jaka_arm_left success 0.281822 0.289318 -0.400812 0.586950 0.308852 0.180362 0.726340 -1.431806 1.038230 1.459802 -0.786884 0.633131 -1.569204 0.488180
1776409044.178725 jaka_arm_left success 0.281861 0.289357 -0.400923 0.587368 0.308652 0.180702 0.726002 -1.432004 1.038067 1.459613 -0.787029 0.633144 -1.569157 0.488544
1776409044.187085 jaka_arm_left success 0.281929 0.289518 -0.401061 0.588146 0.308198 0.181202 0.725441 -1.431788 1.037010 1.459558 -0.786992 0.634195 -1.568469 0.489837
1776409044.195380 jaka_arm_left success 0.281987 0.289559 -0.401184 0.588344 0.308214 0.181558 0.725184 -1.431878 1.037654 1.459198 -0.787060 0.634320 -1.568028 0.491319
1776409044.203737 jaka_arm_left success 0.281957 0.289507 -0.401307 0.588221 0.308481 0.181144 0.725274 -1.431589 1.037895 1.459467 -0.786876 0.634403 -1.568054 0.491030
1776409044.212119 jaka_arm_left success 0.282006 0.289569 -0.401441 0.588639 0.308366 0.181449 0.724908 -1.431589 1.037895 1.459467 -0.786876 0.634403 -1.568054 0.491030
1776409044.220378 jaka_arm_left success 0.282018 0.289530 -0.401556 0.588561 0.308609 0.181442 0.724869 -1.431589 1.037895 1.459467 -0.786876 0.634403 -1.568054 0.491030
1776409044.228708 jaka_arm_left success 0.282038 0.289566 -0.401685 0.589063 0.308514 0.181529 0.724480 -1.431313 1.037097 1.459428 -0.786610 0.635040 -1.567426 0.491522
1776409044.237098 jaka_arm_left success 0.282077 0.289528 -0.401822 0.589225 0.308626 0.181589 0.724285 -1.431313 1.037097 1.459428 -0.786610 0.635040 -1.567426 0.491522
1776409044.245564 jaka_arm_left success 0.282123 0.289426 -0.401963 0.588725 0.309075 0.181248 0.724586 -1.431077 1.037427 1.459506 -0.786325 0.634958 -1.567277 0.491269
1776409044.253685 jaka_arm_left success 0.282149 0.289421 -0.402090 0.588897 0.309228 0.181235 0.724384 -1.430673 1.037577 1.459558 -0.785765 0.635167 -1.566623 0.491252
1776409044.262076 jaka_arm_left success 0.282230 0.289521 -0.402224 0.589667 0.308828 0.181464 0.723871 -1.431121 1.036988 1.459493 -0.786261 0.635562 -1.566681 0.491985
1776409044.270464 jaka_arm_left success 0.282250 0.289416 -0.402341 0.589381 0.309462 0.181341 0.723864 -1.430856 1.037107 1.459566 -0.785955 0.635621 -1.566422 0.491823
1776409044.278733 jaka_arm_left success 0.282270 0.289481 -0.402465 0.589994 0.309483 0.181127 0.723409 -1.430555 1.036774 1.459786 -0.785724 0.636110 -1.566074 0.491893
1776409044.287008 jaka_arm_left success 0.282301 0.289453 -0.402592 0.590335 0.309386 0.180596 0.723305 -1.430759 1.036479 1.460469 -0.786013 0.637064 -1.565960 0.492187
1776409044.295395 jaka_arm_left success 0.282286 0.289397 -0.402687 0.590434 0.309400 0.180234 0.723308 -1.430759 1.036479 1.460469 -0.786013 0.637064 -1.565960 0.492187
1776409044.303719 jaka_arm_left success 0.282276 0.289467 -0.402821 0.590861 0.309899 0.180912 0.722577 -1.430858 1.036686 1.460619 -0.785364 0.637852 -1.564100 0.492571
1776409044.312115 jaka_arm_left success 0.282276 0.289377 -0.402900 0.590659 0.310204 0.180963 0.722598 -1.430858 1.036686 1.460619 -0.785364 0.637852 -1.564100 0.492571
1776409044.320493 jaka_arm_left success 0.282287 0.289369 -0.402960 0.590769 0.310135 0.180954 0.722540 -1.430858 1.036686 1.460619 -0.785364 0.637852 -1.564100 0.492571
1776409044.328671 jaka_arm_left success 0.282277 0.289366 -0.402991 0.590842 0.310201 0.180935 0.722457 -1.430858 1.036686 1.460619 -0.785364 0.637852 -1.564100 0.492571
1776409044.337088 jaka_arm_left success 0.282315 0.289444 -0.403025 0.591303 0.309929 0.181268 0.722113 -1.430967 1.036300 1.460528 -0.785271 0.638363 -1.563309 0.493165
1776409044.345429 jaka_arm_left success 0.282292 0.289440 -0.403020 0.591276 0.309799 0.181073 0.722239 -1.430967 1.036300 1.460528 -0.785271 0.638363 -1.563309 0.493165
1776409044.353646 jaka_arm_left success 0.282267 0.289406 -0.402999 0.590922 0.309840 0.180884 0.722559 -1.430967 1.036300 1.460528 -0.785271 0.638363 -1.563309 0.493165
1776409044.362036 jaka_arm_left success 0.282226 0.289539 -0.402985 0.591183 0.309736 0.181198 0.722311 -1.430967 1.036300 1.460528 -0.785271 0.638363 -1.563309 0.493165
1776409044.370466 jaka_arm_left success 0.282201 0.289581 -0.402968 0.590961 0.309648 0.181303 0.722504 -1.431272 1.036581 1.460472 -0.785535 0.638141 -1.563555 0.493222
1776409044.378730 jaka_arm_left success 0.282252 0.289794 -0.402945 0.591126 0.308972 0.181769 0.722541 -1.431650 1.036510 1.460331 -0.785879 0.638088 -1.563722 0.493557
1776409044.387054 jaka_arm_left success 0.282195 0.289888 -0.402874 0.590800 0.308792 0.181349 0.722990 -1.431866 1.036875 1.460574 -0.786230 0.638013 -1.564235 0.493469
1776409044.395360 jaka_arm_left success 0.282119 0.289983 -0.402816 0.590527 0.308754 0.181502 0.723192 -1.431866 1.036875 1.460574 -0.786230 0.638013 -1.564235 0.493469
1776409044.403714 jaka_arm_left success 0.282127 0.289934 -0.402818 0.589374 0.308626 0.181688 0.724139 -1.432340 1.038446 1.460277 -0.786448 0.636714 -1.565001 0.492991
1776409044.412102 jaka_arm_left success 0.282122 0.290061 -0.402729 0.589379 0.308502 0.181729 0.724178 -1.432340 1.038446 1.460277 -0.786448 0.636714 -1.565001 0.492991
1776409044.420545 jaka_arm_left success 0.282088 0.290182 -0.402694 0.589020 0.308617 0.181790 0.724406 -1.432256 1.039114 1.460071 -0.786266 0.636093 -1.565392 0.492841
1776409044.428709 jaka_arm_left success 0.282069 0.290274 -0.402654 0.588430 0.308715 0.181627 0.724884 -1.432053 1.039021 1.459709 -0.782373 0.635280 -1.569466 0.494687
1776409044.437134 jaka_arm_left success 0.282047 0.290451 -0.402624 0.588194 0.308481 0.181463 0.725216 -1.433813 1.038720 1.460227 -0.780662 0.635044 -1.570796 0.494218
1776409044.445425 jaka_arm_left success 0.282008 0.290442 -0.402611 0.586427 0.309713 0.181437 0.726128 -1.433560 1.040744 1.459803 -0.779853 0.633383 -1.570796 0.492930
1776409044.453650 jaka_arm_left success 0.282032 0.290860 -0.402591 0.587085 0.308913 0.181965 0.725805 -1.433794 1.038898 1.464361 -0.778312 0.629246 -1.570796 0.497909
1776409044.462058 jaka_arm_left success 0.281949 0.290780 -0.402509 0.585300 0.309459 0.181136 0.727220 -1.440875 1.025599 1.510210 -0.759759 0.586983 -1.570796 0.517216
1776409044.470440 jaka_arm_left success 0.281954 0.291096 -0.402481 0.585958 0.308801 0.180979 0.727009 -1.441050 1.024794 1.510812 -0.760414 0.587905 -1.570796 0.517649
1776409044.478760 jaka_arm_left success 0.281934 0.291233 -0.402433 0.585783 0.308760 0.180772 0.727219 -1.441050 1.024794 1.510812 -0.760414 0.587905 -1.570796 0.517649
1776409044.487065 jaka_arm_left success 0.281957 0.291463 -0.402400 0.586174 0.308218 0.180933 0.727093 -1.441422 1.024564 1.510983 -0.760974 0.588079 -1.570796 0.517859
1776409044.495481 jaka_arm_left success 0.281850 0.291602 -0.402375 0.585757 0.308938 0.181304 0.727032 -1.441074 1.024621 1.510458 -0.760439 0.587249 -1.570796 0.517305
1776409044.503785 jaka_arm_left success 0.281843 0.291734 -0.402357 0.585552 0.308845 0.181502 0.727187 -1.440827 1.024003 1.510367 -0.761217 0.586271 -1.570796 0.516880
1776409044.512107 jaka_arm_left success 0.281749 0.291745 -0.402318 0.585024 0.309050 0.181565 0.727509 -1.439741 1.024383 1.510499 -0.762045 0.584880 -1.570796 0.516767
1776409044.520382 jaka_arm_left success 0.281666 0.291670 -0.402273 0.584115 0.309579 0.181702 0.727980 -1.439266 1.025312 1.510102 -0.761857 0.583578 -1.570796 0.516444
1776409044.528726 jaka_arm_left success 0.281716 0.291960 -0.402287 0.584930 0.309342 0.183103 0.727075 -1.439687 1.024151 1.509237 -0.761910 0.583709 -1.570172 0.517644
1776409044.537151 jaka_arm_left success 0.281690 0.292116 -0.402318 0.585199 0.309173 0.183428 0.726848 -1.439617 1.023432 1.508955 -0.761793 0.584019 -1.569783 0.518276
1776409044.545459 jaka_arm_left success 0.281640 0.292038 -0.402323 0.584559 0.309062 0.182881 0.727548 -1.439187 1.024406 1.509303 -0.762024 0.583641 -1.570796 0.518175
1776409044.553712 jaka_arm_left success 0.281708 0.292083 -0.402378 0.584155 0.308826 0.183123 0.727912 -1.437813 1.025316 1.509960 -0.762827 0.581913 -1.570796 0.519848
1776409044.562191 jaka_arm_left success 0.281578 0.292119 -0.402417 0.584274 0.308868 0.182393 0.727981 -1.437715 1.020024 1.523112 -0.759646 0.569322 -1.570796 0.524789
1776409044.570564 jaka_arm_left success 0.281549 0.292027 -0.402461 0.583404 0.309277 0.182043 0.728593 -1.438381 1.020978 1.523646 -0.759534 0.568668 -1.570796 0.523703
1776409044.578859 jaka_arm_left success 0.281593 0.292212 -0.402542 0.584170 0.308848 0.182307 0.728095 -1.438543 1.019993 1.523638 -0.759704 0.569306 -1.570656 0.524395
1776409044.587072 jaka_arm_left success 0.281669 0.292447 -0.402662 0.585056 0.308441 0.182804 0.727431 -1.438552 1.018682 1.523616 -0.759564 0.570211 -1.570207 0.525300
1776409044.595387 jaka_arm_left success 0.281621 0.292349 -0.402754 0.584043 0.309499 0.182455 0.727883 -1.438165 1.019878 1.523528 -0.758933 0.569360 -1.570129 0.524356
1776409044.603856 jaka_arm_left success 0.281642 0.292440 -0.402877 0.584037 0.309694 0.182164 0.727878 -1.438742 1.019899 1.523731 -0.757813 0.569149 -1.570796 0.523798
1776409044.612047 jaka_arm_left success 0.281700 0.292470 -0.402997 0.583774 0.309779 0.182069 0.728077 -1.439692 1.020412 1.524353 -0.757068 0.569180 -1.570768 0.523919
1776409044.620395 jaka_arm_left success 0.281740 0.292535 -0.403108 0.583806 0.309658 0.181861 0.728154 -1.442973 1.016836 1.538590 -0.750045 0.557866 -1.570796 0.530872
1776409044.628697 jaka_arm_left success 0.281788 0.292582 -0.403220 0.583726 0.309666 0.181643 0.728270 -1.443232 1.016822 1.538920 -0.750495 0.557742 -1.570796 0.530544
1776409044.637082 jaka_arm_left success 0.281813 0.292663 -0.403324 0.583644 0.309934 0.181638 0.728222 -1.442825 1.017070 1.538951 -0.749999 0.557492 -1.570779 0.530028
1776409044.645434 jaka_arm_left success 0.281832 0.292782 -0.403392 0.583979 0.310047 0.181871 0.727847 -1.443048 1.016499 1.538677 -0.750079 0.557623 -1.570645 0.530513
1776409044.653648 jaka_arm_left success 0.281878 0.293021 -0.403473 0.584786 0.309788 0.182364 0.727186 -1.443086 1.015220 1.538409 -0.749974 0.558245 -1.570103 0.531359
1776409044.662038 jaka_arm_left success 0.281850 0.293128 -0.403534 0.584713 0.310385 0.182729 0.726899 -1.442842 1.015133 1.538130 -0.749506 0.558094 -1.569639 0.531338
1776409044.670572 jaka_arm_left success 0.281884 0.293266 -0.403609 0.584838 0.310138 0.182819 0.726881 -1.442842 1.015133 1.538130 -0.749506 0.558094 -1.569639 0.531338
1776409044.678712 jaka_arm_left success 0.281919 0.293181 -0.403647 0.583481 0.310635 0.182431 0.727856 -1.443011 1.016611 1.537948 -0.749526 0.556943 -1.570184 0.530554
1776409044.687068 jaka_arm_left success 0.281966 0.293527 -0.403695 0.584595 0.309958 0.182553 0.727220 -1.443046 1.015229 1.538122 -0.749721 0.557954 -1.570045 0.531384
1776409044.695594 jaka_arm_left success 0.281995 0.293449 -0.403739 0.583276 0.310451 0.182414 0.728104 -1.444948 1.009087 1.559494 -0.742512 0.536476 -1.570796 0.540739
1776409044.703702 jaka_arm_left success 0.281993 0.293674 -0.403767 0.583712 0.310194 0.182526 0.727835 -1.444948 1.009087 1.559494 -0.742512 0.536476 -1.570796 0.540739
1776409044.712069 jaka_arm_left success 0.281953 0.293809 -0.403760 0.583646 0.310583 0.182143 0.727818 -1.444948 1.009087 1.559494 -0.742512 0.536476 -1.570796 0.540739
1776409044.720414 jaka_arm_left success 0.281906 0.293934 -0.403777 0.583319 0.311312 0.182272 0.727736 -1.444485 1.009181 1.559572 -0.741982 0.536464 -1.570441 0.540365
1776409044.728693 jaka_arm_left success 0.281938 0.294014 -0.403826 0.582787 0.311117 0.182130 0.728281 -1.445035 1.009441 1.559595 -0.741708 0.535708 -1.570796 0.539362
1776409044.737127 jaka_arm_left success 0.281976 0.294425 -0.403892 0.583608 0.310437 0.182308 0.727869 -1.445808 1.007891 1.560039 -0.741741 0.536374 -1.570796 0.539738
1776409044.745488 jaka_arm_left success 0.281985 0.294512 -0.403915 0.582877 0.310415 0.181963 0.728551 -1.456343 0.990474 1.623485 -0.719925 0.480445 -1.570796 0.567173
1776409044.753738 jaka_arm_left success 0.282002 0.294643 -0.403907 0.582491 0.310445 0.181965 0.728846 -1.456864 0.991242 1.623569 -0.720684 0.480012 -1.570796 0.566964
1776409044.762053 jaka_arm_left success 0.281920 0.294796 -0.403918 0.582065 0.311212 0.182159 0.728811 -1.456475 0.991535 1.623516 -0.720252 0.479740 -1.570578 0.566565
1776409044.770437 jaka_arm_left success 0.281974 0.294713 -0.403908 0.580436 0.311626 0.181919 0.729992 -1.456034 0.993317 1.623176 -0.720976 0.477509 -1.570796 0.565083
1776409044.778715 jaka_arm_left success 0.282047 0.295119 -0.403982 0.581490 0.310669 0.182297 0.729467 -1.455533 0.991242 1.623369 -0.722238 0.477894 -1.570796 0.566214
1776409044.787053 jaka_arm_left success 0.282034 0.295214 -0.403998 0.581052 0.310680 0.181922 0.729904 -1.455076 0.990940 1.623910 -0.723398 0.476496 -1.570796 0.564957
1776409044.795391 jaka_arm_left success 0.281979 0.295358 -0.403995 0.581060 0.310728 0.181590 0.729961 -1.454709 0.990281 1.624512 -0.723860 0.475793 -1.570796 0.564447
1776409044.803767 jaka_arm_left success 0.281985 0.295554 -0.404043 0.581250 0.310088 0.181455 0.730115 -1.460302 0.978245 1.665643 -0.713234 0.440192 -1.570796 0.582496
1776409044.812032 jaka_arm_left success 0.281977 0.295661 -0.404044 0.581152 0.310029 0.181246 0.730269 -1.460731 0.979376 1.665876 -0.713948 0.439629 -1.570796 0.581882
1776409044.820404 jaka_arm_left success 0.281983 0.295813 -0.404057 0.581466 0.309818 0.181389 0.730074 -1.460658 0.978490 1.665933 -0.713819 0.440192 -1.570558 0.582326
1776409044.828682 jaka_arm_left success 0.282044 0.295853 -0.404087 0.581178 0.309648 0.181437 0.730364 -1.460889 0.978632 1.665849 -0.714040 0.440019 -1.570631 0.582349
1776409044.837029 jaka_arm_left success 0.282075 0.295941 -0.404126 0.580991 0.310111 0.181795 0.730227 -1.460788 0.978794 1.665483 -0.713675 0.439568 -1.570397 0.582228
1776409044.845399 jaka_arm_left success 0.282038 0.296058 -0.404125 0.581390 0.310112 0.181652 0.729944 -1.460619 0.978490 1.665621 -0.713547 0.439838 -1.570320 0.582271
1776409044.853758 jaka_arm_left success 0.282110 0.296029 -0.404186 0.581050 0.310030 0.181593 0.730265 -1.460619 0.978490 1.665621 -0.713547 0.439838 -1.570320 0.582271
1776409044.862058 jaka_arm_left success 0.282138 0.296126 -0.404209 0.581463 0.310004 0.181432 0.729987 -1.460619 0.978490 1.665621 -0.713547 0.439838 -1.570320 0.582271
1776409044.870435 jaka_arm_left success 0.282180 0.295964 -0.404251 0.580614 0.310494 0.181319 0.730482 -1.460599 0.979069 1.665661 -0.713346 0.439118 -1.570796 0.581336
1776409044.878732 jaka_arm_left success 0.282202 0.296057 -0.404280 0.580844 0.310592 0.181255 0.730273 -1.460572 0.978621 1.665692 -0.713168 0.439306 -1.570796 0.581393
1776409044.887086 jaka_arm_left success 0.282264 0.296010 -0.404343 0.580517 0.310697 0.181327 0.730471 -1.460647 0.979489 1.665463 -0.713072 0.438513 -1.570796 0.580854
1776409044.895434 jaka_arm_left success 0.282348 0.296017 -0.404417 0.580359 0.310572 0.181138 0.730696 -1.463410 0.977042 1.675541 -0.709657 0.431430 -1.570796 0.584744
1776409044.903844 jaka_arm_left success 0.282405 0.296155 -0.404487 0.580778 0.310208 0.180908 0.730576 -1.463578 0.975585 1.676771 -0.710464 0.430406 -1.570796 0.584322
1776409044.912065 jaka_arm_left success 0.282455 0.296126 -0.404558 0.580575 0.310056 0.180644 0.730866 -1.469266 0.967815 1.704804 -0.702672 0.406276 -1.570796 0.594256
1776409044.920470 jaka_arm_left success 0.282535 0.296064 -0.404606 0.580303 0.310291 0.180571 0.731001 -1.469234 0.968572 1.705026 -0.703018 0.406090 -1.570796 0.594147
1776409044.928712 jaka_arm_left success 0.282548 0.296017 -0.404629 0.580215 0.310537 0.180278 0.731038 -1.469234 0.968572 1.705026 -0.703018 0.406090 -1.570796 0.594147
1776409044.937014 jaka_arm_left success 0.282635 0.296078 -0.404694 0.580535 0.310548 0.180464 0.730734 -1.469077 0.968414 1.705036 -0.702821 0.406190 -1.570632 0.594198
1776409044.945432 jaka_arm_left success 0.282713 0.296047 -0.404759 0.580431 0.310299 0.180179 0.730993 -1.469077 0.968414 1.705036 -0.702821 0.406190 -1.570632 0.594198
1776409044.953700 jaka_arm_left success 0.282833 0.295951 -0.404853 0.579953 0.310565 0.180440 0.731194 -1.469017 0.969549 1.704997 -0.702617 0.405730 -1.570796 0.594589
1776409044.962054 jaka_arm_left success 0.282948 0.296178 -0.404939 0.581126 0.310095 0.180987 0.730327 -1.469213 0.967957 1.705091 -0.702596 0.406885 -1.570506 0.595836
1776409044.970397 jaka_arm_left success 0.282957 0.296044 -0.404985 0.580697 0.310318 0.180412 0.730716 -1.468981 0.968599 1.705347 -0.702531 0.406681 -1.570626 0.595265
1776409044.978765 jaka_arm_left success 0.282990 0.296000 -0.405035 0.580766 0.310371 0.180239 0.730681 -1.468981 0.968599 1.705347 -0.702531 0.406681 -1.570626 0.595265
1776409044.987084 jaka_arm_left success 0.283103 0.295897 -0.405086 0.580706 0.310355 0.180446 0.730684 -1.469246 0.968863 1.705357 -0.702266 0.406605 -1.570708 0.595256
1776409044.995391 jaka_arm_left success 0.283192 0.295853 -0.405142 0.581115 0.310106 0.180318 0.730496 -1.470292 0.968638 1.705920 -0.701553 0.407431 -1.570719 0.595499
1776409045.003755 jaka_arm_left success 0.283230 0.295826 -0.405184 0.581225 0.309975 0.180107 0.730517 -1.470292 0.968638 1.705920 -0.701553 0.407431 -1.570719 0.595499
1776409045.012122 jaka_arm_left success 0.283284 0.295840 -0.405223 0.581446 0.309869 0.180115 0.730383 -1.470292 0.968638 1.705920 -0.701553 0.407431 -1.570719 0.595499
1776409045.020472 jaka_arm_left success 0.283299 0.295807 -0.405251 0.581482 0.309985 0.180018 0.730329 -1.471521 0.968326 1.706773 -0.700568 0.408294 -1.570796 0.595109
1776409045.028689 jaka_arm_left success 0.283342 0.295882 -0.405296 0.582135 0.309689 0.180184 0.729894 -1.471675 0.967554 1.706709 -0.700549 0.408744 -1.570587 0.595701
1776409045.037066 jaka_arm_left success 0.283308 0.295859 -0.405326 0.582280 0.309857 0.179739 0.729817 -1.471675 0.967554 1.706709 -0.700549 0.408744 -1.570587 0.595701
1776409045.045487 jaka_arm_left success 0.283305 0.295736 -0.405362 0.581712 0.310229 0.179541 0.730160 -1.471282 0.968028 1.707069 -0.700354 0.408716 -1.570652 0.595115
1776409045.053665 jaka_arm_left success 0.283294 0.295728 -0.405365 0.581790 0.310554 0.179444 0.729984 -1.471282 0.968028 1.707069 -0.700354 0.408716 -1.570652 0.595115
1776409045.062042 jaka_arm_left success 0.283378 0.295924 -0.405425 0.582939 0.310142 0.179963 0.729114 -1.471121 0.966942 1.707032 -0.699914 0.409346 -1.569965 0.595673
1776409045.070431 jaka_arm_left success 0.283354 0.295725 -0.405424 0.581853 0.310723 0.179229 0.729914 -1.471247 0.968327 1.707195 -0.700046 0.408554 -1.570417 0.594572
1776409045.078714 jaka_arm_left success 0.283417 0.295896 -0.405464 0.582712 0.310440 0.179477 0.729289 -1.471104 0.967305 1.707351 -0.699767 0.409297 -1.569941 0.595035
1776409045.087017 jaka_arm_left success 0.283452 0.295930 -0.405491 0.582811 0.310425 0.179410 0.729232 -1.471104 0.967305 1.707351 -0.699767 0.409297 -1.569941 0.595035
1776409045.095396 jaka_arm_left success 0.283493 0.295939 -0.405528 0.582737 0.310281 0.179116 0.729425 -1.473055 0.966607 1.708108 -0.699422 0.409786 -1.570124 0.593514
1776409045.103714 jaka_arm_left success 0.283481 0.295833 -0.405534 0.582030 0.310607 0.178650 0.729965 -1.472860 0.967485 1.708290 -0.699388 0.409373 -1.570426 0.592826
1776409045.112128 jaka_arm_left success 0.283521 0.295831 -0.405553 0.581998 0.310841 0.178672 0.729886 -1.472860 0.967485 1.708290 -0.699388 0.409373 -1.570426 0.592826
1776409045.120528 jaka_arm_left success 0.283547 0.295890 -0.405579 0.582163 0.310938 0.178734 0.729697 -1.472860 0.967485 1.708290 -0.699388 0.409373 -1.570426 0.592826
1776409045.128727 jaka_arm_left success 0.283595 0.295952 -0.405623 0.582515 0.310883 0.178906 0.729397 -1.472700 0.967061 1.708141 -0.698982 0.409490 -1.569944 0.593004
1776409045.137133 jaka_arm_left success 0.283570 0.295834 -0.405620 0.581882 0.311177 0.178342 0.729916 -1.472534 0.967787 1.708371 -0.698978 0.409203 -1.570235 0.592373
1776409045.145458 jaka_arm_left success 0.283599 0.295932 -0.405653 0.582517 0.311044 0.178570 0.729409 -1.472573 0.967094 1.708273 -0.698787 0.409539 -1.569879 0.592785
1776409045.153641 jaka_arm_left success 0.283589 0.295830 -0.405646 0.581971 0.311227 0.178251 0.729845 -1.472577 0.967716 1.708429 -0.698912 0.409268 -1.570228 0.592315
1776409045.162069 jaka_arm_left success 0.283582 0.295808 -0.405645 0.581850 0.311316 0.178264 0.729901 -1.472577 0.967716 1.708429 -0.698912 0.409268 -1.570228 0.592315
1776409045.170376 jaka_arm_left success 0.283612 0.295928 -0.405664 0.582522 0.311061 0.178765 0.729351 -1.472733 0.967028 1.708134 -0.698727 0.409452 -1.569823 0.592845
1776409045.178702 jaka_arm_left success 0.283579 0.295825 -0.405641 0.581888 0.311293 0.178577 0.729804 -1.472731 0.967725 1.708174 -0.698783 0.409049 -1.570102 0.592385
1776409045.187091 jaka_arm_left success 0.283556 0.295804 -0.405629 0.581736 0.311345 0.178485 0.729925 -1.472731 0.967725 1.708174 -0.698783 0.409049 -1.570102 0.592385
1776409045.195501 jaka_arm_left success 0.283547 0.295799 -0.405622 0.581684 0.311305 0.178457 0.729990 -1.472731 0.967725 1.708174 -0.698783 0.409049 -1.570102 0.592385
1776409045.203707 jaka_arm_left success 0.283539 0.295773 -0.405615 0.581550 0.311368 0.178338 0.730099 -1.472731 0.967725 1.708174 -0.698783 0.409049 -1.570102 0.592385
1776409045.212098 jaka_arm_left success 0.283543 0.295754 -0.405617 0.581487 0.311365 0.178220 0.730180 -1.472657 0.968294 1.708364 -0.698849 0.408835 -1.570402 0.591917
1776409045.220439 jaka_arm_left success 0.283569 0.295833 -0.405640 0.582072 0.311135 0.178345 0.729781 -1.472708 0.967614 1.708374 -0.698757 0.409254 -1.570177 0.592312
1776409045.228692 jaka_arm_left success 0.283593 0.295821 -0.405651 0.582130 0.311033 0.178295 0.729790 -1.472708 0.967614 1.708374 -0.698757 0.409254 -1.570177 0.592312
1776409045.237072 jaka_arm_left success 0.283572 0.295654 -0.405636 0.581410 0.311220 0.177725 0.730423 -1.473320 0.968121 1.708829 -0.698769 0.408842 -1.570796 0.590929
1776409045.245443 jaka_arm_left success 0.283592 0.295705 -0.405657 0.581878 0.310904 0.177879 0.730147 -1.473320 0.968121 1.708829 -0.698769 0.408842 -1.570796 0.590929
1776409045.253655 jaka_arm_left success 0.283591 0.295600 -0.405657 0.581425 0.311134 0.177798 0.730430 -1.473320 0.968121 1.708829 -0.698769 0.408842 -1.570796 0.590929
1776409045.262034 jaka_arm_left success 0.283653 0.295697 -0.405687 0.582139 0.310828 0.178431 0.729837 -1.473643 0.967174 1.708497 -0.698737 0.409195 -1.570442 0.591784
1776409045.270506 jaka_arm_left success 0.283675 0.295703 -0.405696 0.582304 0.310802 0.178735 0.729642 -1.473643 0.967174 1.708497 -0.698737 0.409195 -1.570442 0.591784
1776409045.278697 jaka_arm_left success 0.283779 0.295898 -0.405718 0.583439 0.309982 0.179557 0.728882 -1.474163 0.965683 1.708286 -0.698611 0.410641 -1.569570 0.594377
1776409045.287065 jaka_arm_left success 0.283804 0.295919 -0.405732 0.583666 0.309921 0.179684 0.728695 -1.474163 0.965683 1.708286 -0.698611 0.410641 -1.569570 0.594377
1776409045.295445 jaka_arm_left success 0.283788 0.295797 -0.405728 0.583034 0.310221 0.179225 0.729186 -1.473977 0.966389 1.708491 -0.698584 0.410392 -1.569794 0.593863
1776409045.303700 jaka_arm_left success 0.283849 0.295848 -0.405755 0.583625 0.310195 0.179568 0.728640 -1.473989 0.965789 1.708301 -0.698326 0.410638 -1.569338 0.594330
1776409045.312064 jaka_arm_left success 0.283873 0.295845 -0.405779 0.583719 0.310204 0.179521 0.728572 -1.473989 0.965789 1.708301 -0.698326 0.410638 -1.569338 0.594330
1776409045.320414 jaka_arm_left success 0.283904 0.295829 -0.405798 0.583721 0.310242 0.179522 0.728554 -1.473989 0.965789 1.708301 -0.698326 0.410638 -1.569338 0.594330
1776409045.328701 jaka_arm_left success 0.283936 0.295824 -0.405828 0.583621 0.310300 0.179436 0.728631 -1.473989 0.965789 1.708301 -0.698326 0.410638 -1.569338 0.594330
1776409045.337044 jaka_arm_left success 0.283946 0.295740 -0.405842 0.582977 0.310496 0.179004 0.729169 -1.473821 0.966618 1.708613 -0.698386 0.410400 -1.569680 0.593699
1776409045.345417 jaka_arm_left success 0.283985 0.295844 -0.405895 0.583512 0.310370 0.179170 0.728754 -1.473821 0.966618 1.708613 -0.698386 0.410400 -1.569680 0.593699
1776409045.353687 jaka_arm_left success 0.284020 0.295866 -0.405920 0.583519 0.310345 0.179100 0.728776 -1.473821 0.966618 1.708613 -0.698386 0.410400 -1.569680 0.593699
1776409045.362032 jaka_arm_left success 0.284035 0.295873 -0.405940 0.583321 0.310338 0.178755 0.729023 -1.473821 0.966618 1.708613 -0.698386 0.410400 -1.569680 0.593699
1776409045.370373 jaka_arm_left success 0.284097 0.295954 -0.405994 0.583458 0.310197 0.178547 0.729024 -1.475245 0.966189 1.709561 -0.697960 0.411389 -1.569588 0.593065
1776409045.378731 jaka_arm_left success 0.284144 0.295897 -0.406019 0.582974 0.310479 0.178188 0.729378 -1.475274 0.966952 1.709496 -0.697792 0.410813 -1.569800 0.592471
1776409045.387038 jaka_arm_left success 0.284205 0.295746 -0.406080 0.581834 0.310509 0.177450 0.730456 -1.480622 0.960897 1.739882 -0.689809 0.384321 -1.570796 0.602774
1776409045.395396 jaka_arm_left success 0.284264 0.295863 -0.406134 0.582420 0.310110 0.177472 0.730152 -1.481106 0.960165 1.739967 -0.690263 0.384880 -1.570796 0.603429
1776409045.403796 jaka_arm_left success 0.284270 0.295682 -0.406141 0.581515 0.310846 0.177280 0.730607 -1.481119 0.961428 1.739793 -0.690141 0.383866 -1.570796 0.602469
1776409045.412077 jaka_arm_left success 0.284311 0.295866 -0.406197 0.582620 0.310268 0.177535 0.729910 -1.480993 0.959965 1.740143 -0.689953 0.385041 -1.570375 0.603214
1776409045.420424 jaka_arm_left success 0.284386 0.295809 -0.406207 0.582332 0.310455 0.177611 0.730042 -1.480993 0.959965 1.740143 -0.689953 0.385041 -1.570375 0.603214
1776409045.428699 jaka_arm_left success 0.284324 0.295848 -0.406242 0.582910 0.310308 0.177487 0.729673 -1.480993 0.959965 1.740143 -0.689953 0.385041 -1.570375 0.603214
1776409045.437117 jaka_arm_left success 0.284375 0.295847 -0.406260 0.583145 0.310374 0.177609 0.729428 -1.480977 0.959297 1.740202 -0.689786 0.385494 -1.570078 0.603567
1776409045.445449 jaka_arm_left success 0.284358 0.295831 -0.406271 0.583361 0.310258 0.177568 0.729314 -1.480977 0.959297 1.740202 -0.689786 0.385494 -1.570078 0.603567
1776409045.453686 jaka_arm_left success 0.284411 0.295824 -0.406310 0.583695 0.310143 0.177756 0.729050 -1.481155 0.958529 1.740242 -0.689801 0.386028 -1.569876 0.604112
1776409045.462033 jaka_arm_left success 0.284435 0.295851 -0.406340 0.584177 0.309935 0.177751 0.728754 -1.481155 0.958529 1.740242 -0.689801 0.386028 -1.569876 0.604112
1776409045.470410 jaka_arm_left success 0.284425 0.295547 -0.406395 0.582920 0.310380 0.177431 0.729648 -1.481155 0.959544 1.740421 -0.689997 0.385578 -1.570287 0.603447
1776409045.478676 jaka_arm_left success 0.284477 0.295595 -0.406438 0.583734 0.310082 0.177714 0.729056 -1.481217 0.958660 1.740382 -0.689791 0.386114 -1.569831 0.604035
1776409045.487046 jaka_arm_left success 0.284472 0.295483 -0.406446 0.583346 0.310300 0.177365 0.729358 -1.481217 0.958660 1.740382 -0.689791 0.386114 -1.569831 0.604035
1776409045.495342 jaka_arm_left success 0.284496 0.295585 -0.406478 0.584269 0.310003 0.177699 0.728664 -1.481191 0.958064 1.740580 -0.689689 0.386679 -1.569568 0.604362
1776409045.503711 jaka_arm_left success 0.284440 0.295481 -0.406497 0.584313 0.310175 0.177240 0.728667 -1.481191 0.958064 1.740580 -0.689689 0.386679 -1.569568 0.604362
1776409045.512093 jaka_arm_left success 0.284387 0.295358 -0.406482 0.584114 0.310247 0.176819 0.728898 -1.480918 0.958415 1.741115 -0.689719 0.386907 -1.569768 0.603872
1776409045.520618 jaka_arm_left success 0.284377 0.295374 -0.406476 0.584612 0.310350 0.177100 0.728387 -1.480918 0.958415 1.741115 -0.689719 0.386907 -1.569768 0.603872
1776409045.528734 jaka_arm_left success 0.284340 0.295196 -0.406448 0.583960 0.310697 0.176662 0.728868 -1.480717 0.958705 1.741291 -0.689553 0.386859 -1.569697 0.603493
1776409045.537113 jaka_arm_left success 0.284349 0.295263 -0.406457 0.584748 0.310342 0.176828 0.728347 -1.480875 0.957872 1.741365 -0.689504 0.387455 -1.569360 0.604000
1776409045.545464 jaka_arm_left success 0.284346 0.295237 -0.406470 0.584949 0.310273 0.176742 0.728236 -1.480875 0.957872 1.741365 -0.689504 0.387455 -1.569360 0.604000
1776409045.553644 jaka_arm_left success 0.284397 0.295165 -0.406477 0.585037 0.309710 0.176632 0.728431 -1.481260 0.957697 1.741664 -0.690020 0.387880 -1.569743 0.604220
1776409045.562029 jaka_arm_left success 0.284397 0.295076 -0.406455 0.584905 0.309671 0.176343 0.728624 -1.481260 0.957697 1.741664 -0.690020 0.387880 -1.569743 0.604220
1776409045.570403 jaka_arm_left success 0.284339 0.295107 -0.406425 0.585241 0.309764 0.176294 0.728327 -1.481097 0.957582 1.741987 -0.689943 0.388211 -1.569668 0.604082
1776409045.578707 jaka_arm_left success 0.284402 0.295087 -0.406467 0.585320 0.309589 0.176818 0.728211 -1.481097 0.957582 1.741987 -0.689943 0.388211 -1.569668 0.604082
1776409045.587051 jaka_arm_left success 0.284358 0.294951 -0.406455 0.584777 0.309719 0.176593 0.728646 -1.481097 0.957582 1.741987 -0.689943 0.388211 -1.569668 0.604082
1776409045.595384 jaka_arm_left success 0.284386 0.295031 -0.406444 0.585267 0.309418 0.176687 0.728358 -1.481097 0.957582 1.741987 -0.689943 0.388211 -1.569668 0.604082
1776409045.603861 jaka_arm_left success 0.284412 0.295045 -0.406436 0.585355 0.309384 0.176848 0.728263 -1.481491 0.957348 1.741802 -0.690142 0.388249 -1.569671 0.604443
1776409045.612125 jaka_arm_left success 0.284406 0.295038 -0.406429 0.585242 0.309384 0.176831 0.728357 -1.481491 0.957348 1.741802 -0.690142 0.388249 -1.569671 0.604443
1776409045.620664 jaka_arm_left success 0.284401 0.294993 -0.406415 0.585044 0.309328 0.176631 0.728588 -1.481491 0.957348 1.741802 -0.690142 0.388249 -1.569671 0.604443
1776409045.628748 jaka_arm_left success 0.284398 0.294975 -0.406428 0.584938 0.309362 0.176705 0.728641 -1.481491 0.957348 1.741802 -0.690142 0.388249 -1.569671 0.604443
1776409045.637065 jaka_arm_left success 0.284413 0.295004 -0.406439 0.584872 0.309311 0.176590 0.728744 -1.481491 0.957348 1.741802 -0.690142 0.388249 -1.569671 0.604443
1776409045.645377 jaka_arm_left success 0.284424 0.295051 -0.406426 0.584976 0.309403 0.176542 0.728633 -1.481491 0.957348 1.741802 -0.690142 0.388249 -1.569671 0.604443
1776409045.653723 jaka_arm_left success 0.284395 0.294999 -0.406405 0.584598 0.309520 0.176213 0.728966 -1.481525 0.958181 1.742146 -0.690431 0.388040 -1.570140 0.603806
1776409045.662040 jaka_arm_left success 0.284354 0.294931 -0.406380 0.584300 0.309553 0.175779 0.729296 -1.482383 0.958721 1.742632 -0.690330 0.387907 -1.570074 0.602397
1776409045.670546 jaka_arm_left success 0.284341 0.294950 -0.406380 0.584451 0.309523 0.176046 0.729123 -1.482383 0.958721 1.742632 -0.690330 0.387907 -1.570074 0.602397
1776409045.678770 jaka_arm_left success 0.284345 0.295019 -0.406372 0.584814 0.309480 0.176444 0.728754 -1.482649 0.957881 1.742243 -0.690145 0.388117 -1.569578 0.603100
1776409045.687064 jaka_arm_left success 0.284256 0.294909 -0.406318 0.584312 0.309808 0.176263 0.729061 -1.482649 0.957881 1.742243 -0.690145 0.388117 -1.569578 0.603100
1776409045.695453 jaka_arm_left success 0.284248 0.295023 -0.406307 0.585002 0.309456 0.176634 0.728567 -1.482649 0.957881 1.742243 -0.690145 0.388117 -1.569578 0.603100
1776409045.703734 jaka_arm_left success 0.284146 0.294991 -0.406239 0.584733 0.309889 0.176362 0.728665 -1.482649 0.957881 1.742243 -0.690145 0.388117 -1.569578 0.603100
1776409045.712054 jaka_arm_left success 0.284114 0.294996 -0.406218 0.584698 0.309922 0.176367 0.728678 -1.482649 0.957881 1.742243 -0.690145 0.388117 -1.569578 0.603100
1776409045.720395 jaka_arm_left success 0.284103 0.294956 -0.406205 0.584327 0.309927 0.176289 0.728992 -1.482649 0.957881 1.742243 -0.690145 0.388117 -1.569578 0.603100
1776409045.728695 jaka_arm_left success 0.284090 0.294971 -0.406195 0.584256 0.309856 0.176228 0.729094 -1.482474 0.958454 1.742338 -0.690057 0.387829 -1.569676 0.602619
1776409045.737128 jaka_arm_left success 0.284084 0.294988 -0.406186 0.584172 0.309843 0.176285 0.729153 -1.482474 0.958454 1.742338 -0.690057 0.387829 -1.569676 0.602619
1776409045.745433 jaka_arm_left success 0.284113 0.295091 -0.406191 0.584578 0.309487 0.176450 0.728939 -1.482724 0.958165 1.742207 -0.690188 0.387923 -1.569682 0.602954
1776409045.753649 jaka_arm_left success 0.284049 0.295046 -0.406143 0.584411 0.309657 0.176336 0.729028 -1.482724 0.958165 1.742207 -0.690188 0.387923 -1.569682 0.602954
1776409045.762031 jaka_arm_left success 0.284041 0.295062 -0.406124 0.584329 0.309838 0.176482 0.728981 -1.482724 0.958165 1.742207 -0.690188 0.387923 -1.569682 0.602954
1776409045.770409 jaka_arm_left success 0.284035 0.295063 -0.406100 0.584426 0.309747 0.176535 0.728930 -1.482724 0.958165 1.742207 -0.690188 0.387923 -1.569682 0.602954
1776409045.778765 jaka_arm_left success 0.284065 0.295135 -0.406106 0.584843 0.309619 0.176965 0.728545 -1.482761 0.957649 1.741905 -0.689912 0.387993 -1.569229 0.603368
1776409045.787012 jaka_arm_left success 0.284077 0.295117 -0.406118 0.584779 0.309637 0.177202 0.728532 -1.482761 0.957649 1.741905 -0.689912 0.387993 -1.569229 0.603368
1776409045.795443 jaka_arm_left success 0.284054 0.295015 -0.406126 0.584206 0.309767 0.176916 0.729005 -1.482871 0.958253 1.741783 -0.690051 0.387554 -1.569473 0.603135
1776409045.803741 jaka_arm_left success 0.284053 0.295014 -0.406132 0.584220 0.309774 0.177021 0.728966 -1.482871 0.958253 1.741783 -0.690051 0.387554 -1.569473 0.603135
1776409045.812100 jaka_arm_left success 0.284040 0.294931 -0.406124 0.583694 0.310197 0.176887 0.729239 -1.482584 0.959027 1.741676 -0.689757 0.386980 -1.569404 0.602586
1776409045.820371 jaka_arm_left success 0.284107 0.294843 -0.406169 0.583207 0.310165 0.176940 0.729630 -1.482793 0.959414 1.741510 -0.689951 0.386644 -1.569638 0.602548
1776409045.828699 jaka_arm_left success 0.284121 0.295050 -0.406181 0.584051 0.309881 0.176985 0.729064 -1.482672 0.958719 1.741643 -0.689789 0.387198 -1.569345 0.602951
1776409045.837035 jaka_arm_left success 0.284126 0.295121 -0.406186 0.584355 0.309839 0.176839 0.728874 -1.482672 0.958719 1.741643 -0.689789 0.387198 -1.569345 0.602951
1776409045.845402 jaka_arm_left success 0.284125 0.295125 -0.406188 0.584424 0.309924 0.176721 0.728811 -1.482672 0.958719 1.741643 -0.689789 0.387198 -1.569345 0.602951
1776409045.853661 jaka_arm_left success 0.284110 0.295083 -0.406172 0.584163 0.310228 0.176407 0.728967 -1.482672 0.958719 1.741643 -0.689789 0.387198 -1.569345 0.602951
1776409045.862036 jaka_arm_left success 0.284120 0.295058 -0.406182 0.584047 0.310368 0.176454 0.728989 -1.482672 0.958719 1.741643 -0.689789 0.387198 -1.569345 0.602951
1776409045.870380 jaka_arm_left success 0.284130 0.295058 -0.406195 0.584046 0.310349 0.176471 0.728993 -1.482672 0.958719 1.741643 -0.689789 0.387198 -1.569345 0.602951
1776409045.878688 jaka_arm_left success 0.284147 0.295177 -0.406220 0.584797 0.309992 0.176876 0.728446 -1.482422 0.958059 1.741847 -0.689514 0.387764 -1.568964 0.603205
1776409045.887044 jaka_arm_left success 0.284161 0.295232 -0.406237 0.585149 0.309771 0.177054 0.728213 -1.482665 0.957389 1.741789 -0.689625 0.388173 -1.568833 0.603795
1776409045.895448 jaka_arm_left success 0.284169 0.295225 -0.406240 0.585211 0.309933 0.177356 0.728021 -1.482665 0.957389 1.741789 -0.689625 0.388173 -1.568833 0.603795
1776409045.903747 jaka_arm_left success 0.284209 0.295263 -0.406272 0.585401 0.309848 0.177631 0.727838 -1.482724 0.956965 1.741490 -0.689386 0.388214 -1.568398 0.604203
1776409045.912087 jaka_arm_left success 0.284119 0.295189 -0.406287 0.584729 0.310773 0.177537 0.728006 -1.482254 0.957666 1.741382 -0.688852 0.387673 -1.568053 0.603594
1776409045.920364 jaka_arm_left success 0.284143 0.295212 -0.406303 0.584760 0.310726 0.177583 0.727990 -1.482254 0.957666 1.741382 -0.688852 0.387673 -1.568053 0.603594
1776409045.928704 jaka_arm_left success 0.284189 0.295332 -0.406325 0.585208 0.310573 0.177884 0.727622 -1.482465 0.957300 1.741101 -0.688835 0.387715 -1.567820 0.604060
1776409045.937109 jaka_arm_left success 0.284183 0.295281 -0.406327 0.584486 0.311000 0.177657 0.728075 -1.482253 0.958189 1.741124 -0.688745 0.387212 -1.567929 0.603480
1776409045.945430 jaka_arm_left success 0.284255 0.295291 -0.406378 0.584159 0.310754 0.177713 0.728429 -1.482463 0.958406 1.741014 -0.688953 0.387030 -1.568121 0.603530
1776409045.953651 jaka_arm_left success 0.284301 0.295385 -0.406414 0.584253 0.310797 0.177879 0.728295 -1.482463 0.958406 1.741014 -0.688953 0.387030 -1.568121 0.603530
1776409045.962057 jaka_arm_left success 0.284339 0.295461 -0.406432 0.584349 0.310793 0.177806 0.728237 -1.482463 0.958406 1.741014 -0.688953 0.387030 -1.568121 0.603530
1776409045.970595 jaka_arm_left success 0.284493 0.295719 -0.406490 0.585301 0.310059 0.178570 0.727598 -1.482978 0.957131 1.740553 -0.689014 0.387517 -1.567681 0.604785
1776409045.978722 jaka_arm_left success 0.284511 0.295717 -0.406536 0.585164 0.310183 0.178232 0.727738 -1.482978 0.957131 1.740553 -0.689014 0.387517 -1.567681 0.604785
1776409045.987038 jaka_arm_left success 0.284603 0.295815 -0.406557 0.585415 0.310068 0.178602 0.727494 -1.482978 0.957131 1.740553 -0.689014 0.387517 -1.567681 0.604785
1776409045.995344 jaka_arm_left success 0.284696 0.295832 -0.406592 0.585328 0.310107 0.178712 0.727521 -1.482978 0.957131 1.740553 -0.689014 0.387517 -1.567681 0.604785
1776409046.003771 jaka_arm_left success 0.284716 0.295822 -0.406636 0.585218 0.310303 0.178313 0.727624 -1.482978 0.957131 1.740553 -0.689014 0.387517 -1.567681 0.604785
1776409046.020496 jaka_arm_left success 0.284786 0.295567 -0.406677 0.583712 0.310843 0.178079 0.728660 -1.482658 0.958985 1.740701 -0.688988 0.386524 -1.568148 0.603521
1776409046.028730 jaka_arm_left success 0.284778 0.296008 -0.406683 0.585386 0.310900 0.178066 0.727294 -1.482170 0.957648 1.740900 -0.688284 0.387468 -1.567201 0.604040
1776409046.037102 jaka_arm_left success 0.284779 0.296155 -0.406688 0.585961 0.310935 0.178153 0.726794 -1.482185 0.956539 1.740911 -0.688059 0.388168 -1.566649 0.604709
1776409046.045451 jaka_arm_left success 0.284801 0.296205 -0.406708 0.586100 0.310973 0.178171 0.726663 -1.482185 0.956539 1.740911 -0.688059 0.388168 -1.566649 0.604709
1776409046.053746 jaka_arm_left success 0.284847 0.296175 -0.406773 0.585772 0.310795 0.178213 0.726993 -1.482185 0.956539 1.740911 -0.688059 0.388168 -1.566649 0.604709
1776409046.062043 jaka_arm_left success 0.284823 0.296150 -0.406744 0.585693 0.311389 0.178119 0.726824 -1.482185 0.956539 1.740911 -0.688059 0.388168 -1.566649 0.604709
1776409046.070504 jaka_arm_left success 0.284891 0.296119 -0.406794 0.585404 0.311030 0.178001 0.727240 -1.482367 0.957011 1.740925 -0.688299 0.387922 -1.566935 0.604494
1776409046.078748 jaka_arm_left success 0.284874 0.296178 -0.406781 0.585821 0.311235 0.178096 0.726793 -1.482197 0.956806 1.740963 -0.688040 0.388065 -1.566626 0.604496
1776409046.087052 jaka_arm_left success 0.284868 0.296157 -0.406791 0.585717 0.311439 0.178226 0.726758 -1.482197 0.956806 1.740963 -0.688040 0.388065 -1.566626 0.604496
1776409046.095506 jaka_arm_left success 0.284911 0.296141 -0.406834 0.585400 0.311058 0.177983 0.727236 -1.482197 0.956806 1.740963 -0.688040 0.388065 -1.566626 0.604496
1776409046.103763 jaka_arm_left success 0.284919 0.296196 -0.406833 0.585583 0.310852 0.177648 0.727259 -1.482366 0.957039 1.741211 -0.688389 0.388156 -1.567006 0.604356
1776409046.112116 jaka_arm_left success 0.284899 0.296232 -0.406840 0.585646 0.311039 0.177661 0.727125 -1.482366 0.957039 1.741211 -0.688389 0.388156 -1.567006 0.604356
1776409046.120394 jaka_arm_left success 0.284900 0.296242 -0.406845 0.585578 0.311116 0.177633 0.727153 -1.482366 0.957039 1.741211 -0.688389 0.388156 -1.567006 0.604356
1776409046.128705 jaka_arm_left success 0.284906 0.296280 -0.406857 0.585644 0.310995 0.177560 0.727170 -1.482366 0.957039 1.741211 -0.688389 0.388156 -1.567006 0.604356
1776409046.137053 jaka_arm_left success 0.284908 0.296298 -0.406853 0.585693 0.310934 0.177683 0.727127 -1.482366 0.957039 1.741211 -0.688389 0.388156 -1.567006 0.604356
1776409046.145380 jaka_arm_left success 0.284837 0.296350 -0.406833 0.586070 0.311016 0.178169 0.726668 -1.482318 0.956464 1.741028 -0.688041 0.388341 -1.566471 0.604673
1776409046.153713 jaka_arm_left success 0.284848 0.296344 -0.406835 0.586115 0.310885 0.178356 0.726642 -1.482318 0.956464 1.741028 -0.688041 0.388341 -1.566471 0.604673
1776409046.162030 jaka_arm_left success 0.284810 0.296393 -0.406816 0.586336 0.310879 0.178635 0.726398 -1.482588 0.956000 1.740720 -0.688017 0.388403 -1.566201 0.605165
1776409046.170418 jaka_arm_left success 0.284770 0.296442 -0.406800 0.586602 0.310861 0.178751 0.726162 -1.482588 0.956000 1.740720 -0.688017 0.388403 -1.566201 0.605165
1776409046.178729 jaka_arm_left success 0.284783 0.296554 -0.406763 0.587130 0.310932 0.179452 0.725532 -1.482616 0.954891 1.740289 -0.687526 0.388747 -1.565299 0.605994
1776409046.187009 jaka_arm_left success 0.284825 0.296601 -0.406786 0.587117 0.310510 0.179247 0.725774 -1.482616 0.954891 1.740289 -0.687526 0.388747 -1.565299 0.605994
1776409046.195385 jaka_arm_left success 0.284775 0.296624 -0.406786 0.586997 0.310845 0.179497 0.725666 -1.482616 0.954891 1.740289 -0.687526 0.388747 -1.565299 0.605994
1776409046.203736 jaka_arm_left success 0.284800 0.296669 -0.406798 0.587009 0.310823 0.179592 0.725642 -1.482616 0.954891 1.740289 -0.687526 0.388747 -1.565299 0.605994
1776409046.212096 jaka_arm_left success 0.284832 0.296730 -0.406823 0.586756 0.310922 0.179795 0.725754 -1.482616 0.954891 1.740289 -0.687526 0.388747 -1.565299 0.605994
1776409046.220407 jaka_arm_left success 0.284782 0.296911 -0.406813 0.587245 0.310951 0.180128 0.725263 -1.482879 0.954484 1.739810 -0.687424 0.388653 -1.564920 0.606560
1776409046.228677 jaka_arm_left success 0.284798 0.296991 -0.406836 0.587187 0.310781 0.180246 0.725354 -1.482879 0.954484 1.739810 -0.687424 0.388653 -1.564920 0.606560
1776409046.237119 jaka_arm_left success 0.284723 0.297174 -0.406806 0.587583 0.310749 0.180051 0.725095 -1.482879 0.954484 1.739810 -0.687424 0.388653 -1.564920 0.606560
1776409046.245403 jaka_arm_left success 0.284674 0.297295 -0.406779 0.587725 0.310847 0.180103 0.724925 -1.482729 0.953945 1.739878 -0.687233 0.389063 -1.564574 0.606883
1776409046.253675 jaka_arm_left success 0.284674 0.297379 -0.406777 0.587541 0.310763 0.180177 0.725092 -1.482729 0.953945 1.739878 -0.687233 0.389063 -1.564574 0.606883
1776409046.262056 jaka_arm_left success 0.284641 0.297467 -0.406752 0.587348 0.310799 0.180133 0.725244 -1.482729 0.953945 1.739878 -0.687233 0.389063 -1.564574 0.606883
1776409046.270484 jaka_arm_left success 0.284626 0.297566 -0.406740 0.587212 0.310792 0.180201 0.725340 -1.482932 0.954182 1.739730 -0.687436 0.388826 -1.564768 0.606916
1776409046.278748 jaka_arm_left success 0.284571 0.297633 -0.406713 0.586703 0.311119 0.180105 0.725635 -1.482814 0.955026 1.739598 -0.687409 0.388195 -1.564957 0.606412
1776409046.287037 jaka_arm_left success 0.284446 0.297665 -0.406683 0.586195 0.311907 0.180059 0.725719 -1.482348 0.955505 1.739464 -0.686903 0.387729 -1.564650 0.605909
1776409046.295440 jaka_arm_left success 0.284432 0.297795 -0.406670 0.586123 0.311909 0.180252 0.725729 -1.482348 0.955505 1.739464 -0.686903 0.387729 -1.564650 0.605909
1776409046.303826 jaka_arm_left success 0.284445 0.297978 -0.406682 0.586017 0.311864 0.180500 0.725772 -1.482348 0.955505 1.739464 -0.686903 0.387729 -1.564650 0.605909
1776409046.312160 jaka_arm_left success 0.284496 0.298166 -0.406684 0.586024 0.311591 0.180962 0.725768 -1.482779 0.955479 1.738880 -0.687055 0.387284 -1.564677 0.606300
1776409046.320346 jaka_arm_left success 0.284489 0.298336 -0.406667 0.586025 0.311587 0.181027 0.725753 -1.482779 0.955479 1.738880 -0.687055 0.387284 -1.564677 0.606300
1776409046.328686 jaka_arm_left success 0.284467 0.298469 -0.406671 0.585791 0.311819 0.181151 0.725811 -1.482823 0.955591 1.738306 -0.686844 0.386712 -1.564490 0.606421
1776409046.337126 jaka_arm_left success 0.284444 0.298620 -0.406658 0.585606 0.312013 0.181181 0.725870 -1.482823 0.955591 1.738306 -0.686844 0.386712 -1.564490 0.606421
1776409046.345454 jaka_arm_left success 0.284401 0.298752 -0.406667 0.585328 0.312382 0.181256 0.725917 -1.482377 0.956086 1.738001 -0.686352 0.386074 -1.564268 0.605990
1776409046.353812 jaka_arm_left success 0.284400 0.298848 -0.406700 0.584656 0.312376 0.181068 0.726507 -1.481450 0.956500 1.737514 -0.686599 0.385070 -1.565938 0.605929
1776409046.362033 jaka_arm_left success 0.284405 0.299070 -0.406738 0.584676 0.312051 0.180966 0.726656 -1.481203 0.956254 1.737578 -0.686712 0.385141 -1.566486 0.606011
1776409046.370385 jaka_arm_left success 0.284354 0.299282 -0.406703 0.584665 0.312059 0.180549 0.726766 -1.480452 0.955550 1.737439 -0.686513 0.384655 -1.567900 0.605336
1776409046.378738 jaka_arm_left success 0.284315 0.299431 -0.406694 0.584545 0.312538 0.180768 0.726602 -1.480266 0.955467 1.737174 -0.686106 0.384431 -1.567537 0.605308
1776409046.387052 jaka_arm_left success 0.284286 0.299622 -0.406715 0.584464 0.312791 0.181070 0.726483 -1.480266 0.955467 1.737174 -0.686106 0.384431 -1.567537 0.605308
1776409046.395394 jaka_arm_left success 0.284260 0.299788 -0.406735 0.584359 0.312817 0.181193 0.726525 -1.480305 0.955468 1.736622 -0.685802 0.383923 -1.567253 0.605410
1776409046.403800 jaka_arm_left success 0.284259 0.300075 -0.406751 0.584786 0.312392 0.181599 0.726263 -1.480514 0.954928 1.736374 -0.685854 0.384046 -1.567193 0.605934
1776409046.412170 jaka_arm_left success 0.284254 0.300304 -0.406813 0.584678 0.311926 0.181753 0.726512 -1.479533 0.954346 1.735822 -0.685664 0.383598 -1.569250 0.606872
1776409046.420402 jaka_arm_left success 0.284235 0.300454 -0.406821 0.584632 0.312068 0.181841 0.726466 -1.479533 0.954346 1.735822 -0.685664 0.383598 -1.569250 0.606872
1776409046.428685 jaka_arm_left success 0.284215 0.300589 -0.406834 0.584441 0.312186 0.181673 0.726611 -1.479533 0.954346 1.735822 -0.685664 0.383598 -1.569250 0.606872
1776409046.437125 jaka_arm_left success 0.284175 0.300736 -0.406860 0.584154 0.312819 0.181863 0.726522 -1.479050 0.954686 1.735614 -0.684991 0.383126 -1.568805 0.606398
1776409046.445483 jaka_arm_left success 0.284172 0.300891 -0.406900 0.583919 0.313042 0.181878 0.726611 -1.478994 0.955523 1.734937 -0.684597 0.381936 -1.568796 0.605870
1776409046.453641 jaka_arm_left success 0.284177 0.301025 -0.406940 0.583470 0.313319 0.181828 0.726865 -1.478561 0.955168 1.735019 -0.684319 0.381820 -1.569766 0.605549
1776409046.462050 jaka_arm_left success 0.284135 0.301250 -0.406942 0.583543 0.313657 0.182014 0.726614 -1.478414 0.954977 1.734812 -0.683961 0.381715 -1.569440 0.605597
1776409046.470422 jaka_arm_left success 0.284040 0.301523 -0.406926 0.583934 0.313964 0.181628 0.726264 -1.478119 0.954773 1.734960 -0.683687 0.381908 -1.569243 0.605491
1776409046.478831 jaka_arm_left success 0.283983 0.301708 -0.406946 0.583702 0.314457 0.181555 0.726255 -1.477841 0.954790 1.734971 -0.683367 0.381830 -1.569055 0.605245
1776409046.487025 jaka_arm_left success 0.284060 0.301956 -0.406996 0.583644 0.314237 0.182055 0.726272 -1.477973 0.954469 1.734361 -0.683094 0.381319 -1.569030 0.605347
1776409046.495375 jaka_arm_left success 0.284090 0.302126 -0.407028 0.583332 0.314153 0.181935 0.726589 -1.477929 0.953839 1.734150 -0.682913 0.380716 -1.570735 0.604623
1776409046.503752 jaka_arm_left success 0.284129 0.302367 -0.407078 0.583218 0.313925 0.181866 0.726796 -1.496084 0.929490 1.840774 -0.660117 0.289126 -1.570796 0.645191
1776409046.512089 jaka_arm_left success 0.284106 0.302523 -0.407103 0.582940 0.314164 0.181679 0.726962 -1.496388 0.930063 1.840734 -0.660663 0.288757 -1.570796 0.644897
1776409046.520447 jaka_arm_left success 0.284093 0.302693 -0.407143 0.582641 0.314439 0.181585 0.727107 -1.495855 0.930739 1.840965 -0.660555 0.288326 -1.570796 0.643870
1776409046.528744 jaka_arm_left success 0.284063 0.302731 -0.407157 0.581758 0.314923 0.181286 0.727678 -1.495726 0.929648 1.840467 -0.662107 0.286690 -1.570796 0.641706
1776409046.537090 jaka_arm_left success 0.284100 0.302835 -0.407196 0.581192 0.315141 0.181269 0.728041 -1.495517 0.930243 1.840348 -0.662211 0.286138 -1.570796 0.641289
1776409046.545429 jaka_arm_left success 0.284108 0.303076 -0.407265 0.581098 0.314548 0.180944 0.728453 -1.494058 0.928632 1.840518 -0.665334 0.284853 -1.570796 0.640636
1776409046.553690 jaka_arm_left success 0.284116 0.303209 -0.407294 0.580831 0.314647 0.180967 0.728617 -1.494126 0.927526 1.845153 -0.664990 0.280027 -1.570796 0.642232
1776409046.562238 jaka_arm_left success 0.284094 0.303390 -0.407288 0.580972 0.314954 0.181070 0.728347 -1.494032 0.927375 1.845092 -0.664790 0.280032 -1.570651 0.642290
1776409046.570541 jaka_arm_left success 0.284073 0.303542 -0.407281 0.581043 0.315049 0.181140 0.728232 -1.493854 0.926960 1.844842 -0.664291 0.279971 -1.570330 0.642488
1776409046.578700 jaka_arm_left success 0.284067 0.303681 -0.407287 0.581067 0.315060 0.181337 0.728159 -1.493854 0.926960 1.844842 -0.664291 0.279971 -1.570330 0.642488
1776409046.587130 jaka_arm_left success 0.284090 0.303777 -0.407285 0.580947 0.314982 0.181901 0.728148 -1.493757 0.927160 1.844289 -0.664081 0.279492 -1.570796 0.643318
1776409046.595374 jaka_arm_left success 0.284099 0.303867 -0.407296 0.580911 0.314905 0.181952 0.728197 -1.493757 0.927160 1.844289 -0.664081 0.279492 -1.570796 0.643318
1776409046.603775 jaka_arm_left success 0.284116 0.303947 -0.407317 0.580814 0.314817 0.181948 0.728313 -1.499146 0.919434 1.877281 -0.659034 0.250297 -1.570796 0.655405
1776409046.612135 jaka_arm_left success 0.284139 0.304022 -0.407337 0.580472 0.314612 0.181556 0.728772 -1.508503 0.908313 1.931391 -0.652341 0.204273 -1.570796 0.674202
1776409046.620391 jaka_arm_left success 0.284129 0.304091 -0.407367 0.580326 0.314715 0.181436 0.728874 -1.507709 0.907880 1.931382 -0.653915 0.203464 -1.570796 0.673687
1776409046.628738 jaka_arm_left success 0.284129 0.304192 -0.407401 0.580524 0.314583 0.181632 0.728724 -1.507898 0.907162 1.931208 -0.653809 0.203750 -1.570793 0.674351
1776409046.637103 jaka_arm_left success 0.284099 0.304257 -0.407384 0.580547 0.314715 0.181427 0.728700 -1.507621 0.907412 1.931441 -0.653755 0.203768 -1.570794 0.674015
1776409046.645492 jaka_arm_left success 0.284089 0.304300 -0.407399 0.580531 0.314715 0.181343 0.728734 -1.507621 0.907412 1.931441 -0.653755 0.203768 -1.570794 0.674015
1776409046.653723 jaka_arm_left success 0.284117 0.304317 -0.407424 0.580412 0.314647 0.181351 0.728856 -1.507621 0.907412 1.931441 -0.653755 0.203768 -1.570794 0.674015
1776409046.661991 jaka_arm_left success 0.284118 0.304353 -0.407432 0.580414 0.314576 0.181297 0.728898 -1.507621 0.907412 1.931441 -0.653755 0.203768 -1.570794 0.674015
1776409046.670494 jaka_arm_left success 0.284090 0.304362 -0.407407 0.580471 0.314832 0.181263 0.728751 -1.507621 0.907412 1.931441 -0.653755 0.203768 -1.570794 0.674015
1776409046.678730 jaka_arm_left success 0.284079 0.304394 -0.407387 0.580593 0.314837 0.181195 0.728668 -1.507621 0.907412 1.931441 -0.653755 0.203768 -1.570794 0.674015
1776409046.687100 jaka_arm_left success 0.284023 0.304417 -0.407356 0.580690 0.314934 0.181128 0.728567 -1.507392 0.907448 1.931615 -0.653642 0.203844 -1.570780 0.673813
1776409046.695434 jaka_arm_left success 0.284005 0.304416 -0.407352 0.580551 0.314721 0.181076 0.728782 -1.507392 0.907448 1.931615 -0.653642 0.203844 -1.570780 0.673813
1776409046.703668 jaka_arm_left success 0.284024 0.304394 -0.407348 0.580432 0.314542 0.181160 0.728933 -1.506985 0.906798 1.931726 -0.655111 0.203000 -1.570796 0.673324
1776409046.712068 jaka_arm_left success 0.283977 0.304367 -0.407339 0.580257 0.314509 0.181133 0.729093 -1.506985 0.906798 1.931726 -0.655111 0.203000 -1.570796 0.673324
1776409046.720529 jaka_arm_left success 0.283939 0.304416 -0.407308 0.580685 0.314618 0.181517 0.728609 -1.507000 0.906483 1.931546 -0.654893 0.203006 -1.570609 0.673591
1776409046.728690 jaka_arm_left success 0.283894 0.304414 -0.407288 0.580759 0.314360 0.181628 0.728635 -1.507000 0.906483 1.931546 -0.654893 0.203006 -1.570609 0.673591
1776409046.737101 jaka_arm_left success 0.283805 0.304452 -0.407255 0.580997 0.314185 0.181665 0.728511 -1.507028 0.905901 1.931704 -0.654963 0.203571 -1.570796 0.674234
1776409046.745476 jaka_arm_left success 0.283761 0.304439 -0.407224 0.580917 0.314144 0.181706 0.728582 -1.507148 0.906015 1.931553 -0.655049 0.203399 -1.570796 0.674295
1776409046.753654 jaka_arm_left success 0.283722 0.304413 -0.407189 0.580802 0.314047 0.181627 0.728735 -1.507148 0.906015 1.931553 -0.655049 0.203399 -1.570796 0.674295
1776409046.762094 jaka_arm_left success 0.283676 0.304296 -0.407138 0.580140 0.314239 0.181329 0.729254 -1.508309 0.903290 1.946842 -0.654760 0.188799 -1.570796 0.679559
1776409046.770440 jaka_arm_left success 0.283635 0.304291 -0.407093 0.580096 0.314077 0.181256 0.729377 -1.519117 0.887401 2.016753 -0.650086 0.128340 -1.570796 0.704431
1776409046.778745 jaka_arm_left success 0.283600 0.304308 -0.407042 0.580111 0.313951 0.181181 0.729438 -1.519117 0.887401 2.016753 -0.650086 0.128340 -1.570796 0.704431
1776409046.787059 jaka_arm_left success 0.283532 0.304260 -0.407004 0.579868 0.314051 0.180983 0.729637 -1.519054 0.888268 2.017024 -0.650570 0.128143 -1.570796 0.703830
1776409046.795427 jaka_arm_left success 0.283483 0.304214 -0.406991 0.579454 0.313747 0.180654 0.730178 -1.528139 0.877723 2.069861 -0.648366 0.082812 -1.570796 0.721444
1776409046.803736 jaka_arm_left success 0.283445 0.304204 -0.406976 0.579464 0.313601 0.180749 0.730209 -1.527593 0.877476 2.069752 -0.649355 0.082644 -1.570796 0.722124
1776409046.812051 jaka_arm_left success 0.283422 0.304184 -0.406954 0.579315 0.313576 0.180774 0.730332 -1.527593 0.877476 2.069752 -0.649355 0.082644 -1.570796 0.722124
1776409046.820535 jaka_arm_left success 0.283400 0.304168 -0.406945 0.579176 0.313569 0.180748 0.730452 -1.535888 0.866771 2.122156 -0.648524 0.036895 -1.570796 0.740168
1776409046.828713 jaka_arm_left success 0.283387 0.304158 -0.406934 0.579063 0.313485 0.180721 0.730584 -1.535888 0.866771 2.122156 -0.648524 0.036895 -1.570796 0.740168
1776409046.837564 jaka_arm_left large_joint_change 0.283390 0.304172 -0.406927 0.579019 0.313335 0.180630 0.730706 -1.535888 0.866771 2.122156 -0.648524 0.036895 -1.570796 0.740168
1776409046.845537 jaka_arm_left large_joint_change 0.283367 0.304168 -0.406903 0.578958 0.313325 0.180602 0.730766 -1.535888 0.866771 2.122156 -0.648524 0.036895 -1.570796 0.740168
1776409046.853764 jaka_arm_left large_joint_change 0.283358 0.304174 -0.406887 0.578920 0.313257 0.180582 0.730830 -1.535888 0.866771 2.122156 -0.648524 0.036895 -1.570796 0.740168
1776409046.862163 jaka_arm_left large_joint_change 0.283347 0.304246 -0.406890 0.579161 0.313072 0.180682 0.730693 -1.535888 0.866771 2.122156 -0.648524 0.036895 -1.570796 0.740168
1776409046.870656 jaka_arm_left large_joint_change 0.283336 0.304245 -0.406884 0.579102 0.313049 0.180735 0.730736 -1.535888 0.866771 2.122156 -0.648524 0.036895 -1.570796 0.740168
1776409046.878844 jaka_arm_left large_joint_change 0.283318 0.304243 -0.406879 0.579098 0.313093 0.180754 0.730716 -1.535888 0.866771 2.122156 -0.648524 0.036895 -1.570796 0.740168
1776409046.887228 jaka_arm_left large_joint_change 0.283310 0.304257 -0.406871 0.579164 0.313093 0.180832 0.730644 -1.535888 0.866771 2.122156 -0.648524 0.036895 -1.570796 0.740168
1776409046.895525 jaka_arm_left large_joint_change 0.283307 0.304261 -0.406866 0.579210 0.313069 0.180882 0.730606 -1.535888 0.866771 2.122156 -0.648524 0.036895 -1.570796 0.740168
1776409046.903797 jaka_arm_left large_joint_change 0.283293 0.304191 -0.406845 0.578925 0.313270 0.180694 0.730793 -1.535888 0.866771 2.122156 -0.648524 0.036895 -1.570796 0.740168
1776409046.912202 jaka_arm_left large_joint_change 0.283287 0.304194 -0.406837 0.578950 0.313214 0.180672 0.730801 -1.535888 0.866771 2.122156 -0.648524 0.036895 -1.570796 0.740168
1776409046.920437 jaka_arm_left large_joint_change 0.283274 0.304216 -0.406829 0.579042 0.313170 0.180710 0.730739 -1.535888 0.866771 2.122156 -0.648524 0.036895 -1.570796 0.740168
1776409046.928824 jaka_arm_left large_joint_change 0.283259 0.304294 -0.406824 0.579329 0.312987 0.180878 0.730548 -1.535888 0.866771 2.122156 -0.648524 0.036895 -1.570796 0.740168
1776409046.937196 jaka_arm_left large_joint_change 0.283263 0.304331 -0.406827 0.579327 0.312885 0.181061 0.730548 -1.535888 0.866771 2.122156 -0.648524 0.036895 -1.570796 0.740168
1776409046.945575 jaka_arm_left large_joint_change 0.283240 0.304355 -0.406816 0.579294 0.312921 0.181180 0.730529 -1.535888 0.866771 2.122156 -0.648524 0.036895 -1.570796 0.740168
1776409046.953765 jaka_arm_left large_joint_change 0.283220 0.304404 -0.406811 0.579359 0.312907 0.181328 0.730447 -1.535888 0.866771 2.122156 -0.648524 0.036895 -1.570796 0.740168
1776409046.962147 jaka_arm_left large_joint_change 0.283195 0.304447 -0.406807 0.579331 0.313018 0.181465 0.730387 -1.535888 0.866771 2.122156 -0.648524 0.036895 -1.570796 0.740168
1776409046.970448 jaka_arm_left success 0.283196 0.304485 -0.406797 0.579338 0.312891 0.181544 0.730416 -1.540519 0.860140 2.150865 -0.649005 0.011987 -1.570796 0.752031
1776409046.978858 jaka_arm_left large_joint_change 0.283154 0.304543 -0.406782 0.579340 0.312911 0.181538 0.730408 -1.540519 0.860140 2.150865 -0.649005 0.011987 -1.570796 0.752031
1776409046.987103 jaka_arm_left success 0.283134 0.304636 -0.406748 0.579642 0.313019 0.181605 0.730105 -1.540516 0.859773 2.150881 -0.648844 0.012164 -1.570796 0.752212
1776409046.995422 jaka_arm_left success 0.283130 0.304642 -0.406740 0.579328 0.313176 0.181833 0.730230 -1.540516 0.859773 2.150881 -0.648844 0.012164 -1.570796 0.752212
1776409047.003792 jaka_arm_left success 0.283144 0.304682 -0.406733 0.579166 0.313105 0.182037 0.730339 -1.545241 0.853752 2.181200 -0.648979 -0.015122 -1.570796 0.763035
1776409047.020494 jaka_arm_left success 0.282983 0.304808 -0.406684 0.579666 0.313713 0.181711 0.729762 -1.544916 0.853597 2.181453 -0.648725 -0.014912 -1.570591 0.762901
1776409047.028764 jaka_arm_left solver_failed 0.283068 0.304572 -0.406661 0.577167 0.313927 0.181694 0.731653 -1.544916 0.853597 2.181453 -0.648725 -0.014912 -1.570591 0.762901
1776409047.037138 jaka_arm_left solver_failed 0.283087 0.304608 -0.406682 0.576764 0.313773 0.181598 0.732060 -1.544916 0.853597 2.181453 -0.648725 -0.014912 -1.570591 0.762901
1776409047.045535 jaka_arm_left solver_failed 0.283079 0.304621 -0.406679 0.576553 0.313903 0.181562 0.732179 -1.544916 0.853597 2.181453 -0.648725 -0.014912 -1.570591 0.762901
1776409047.053714 jaka_arm_left solver_failed 0.283111 0.304699 -0.406685 0.576583 0.313900 0.181725 0.732117 -1.544916 0.853597 2.181453 -0.648725 -0.014912 -1.570591 0.762901
1776409047.062111 jaka_arm_left solver_failed 0.283154 0.304749 -0.406702 0.576503 0.313749 0.181670 0.732258 -1.544916 0.853597 2.181453 -0.648725 -0.014912 -1.570591 0.762901
1776409047.070498 jaka_arm_left solver_failed 0.283204 0.304893 -0.406744 0.576916 0.313499 0.182096 0.731934 -1.544916 0.853597 2.181453 -0.648725 -0.014912 -1.570591 0.762901
1776409047.078768 jaka_arm_left solver_failed 0.283218 0.304922 -0.406751 0.576769 0.313617 0.182260 0.731959 -1.544916 0.853597 2.181453 -0.648725 -0.014912 -1.570591 0.762901
1776409047.087090 jaka_arm_left solver_failed 0.283225 0.304936 -0.406753 0.576701 0.313686 0.182429 0.731940 -1.544916 0.853597 2.181453 -0.648725 -0.014912 -1.570591 0.762901
1776409047.095479 jaka_arm_left solver_failed 0.283223 0.304966 -0.406747 0.576734 0.313658 0.182469 0.731916 -1.544916 0.853597 2.181453 -0.648725 -0.014912 -1.570591 0.762901
1776409047.103931 jaka_arm_left solver_failed 0.283229 0.304979 -0.406746 0.576733 0.313653 0.182494 0.731913 -1.544916 0.853597 2.181453 -0.648725 -0.014912 -1.570591 0.762901
1776409047.120581 jaka_arm_left solver_failed 0.283241 0.304988 -0.406754 0.576689 0.313670 0.182434 0.731955 -1.544916 0.853597 2.181453 -0.648725 -0.014912 -1.570591 0.762901
1776409047.125051 jaka_arm_left solver_failed 0.283250 0.304922 -0.406780 0.576080 0.314010 0.181988 0.732400 -1.544916 0.853597 2.181453 -0.648725 -0.014912 -1.570591 0.762901
1776409047.137229 jaka_arm_left solver_failed 0.283251 0.304950 -0.406813 0.576067 0.313911 0.181712 0.732521 -1.544916 0.853597 2.181453 -0.648725 -0.014912 -1.570591 0.762901
1776409047.145498 jaka_arm_left solver_failed 0.283265 0.304962 -0.406830 0.576076 0.313885 0.181616 0.732549 -1.544916 0.853597 2.181453 -0.648725 -0.014912 -1.570591 0.762901
1776409047.153790 jaka_arm_left solver_failed 0.283295 0.305133 -0.406869 0.577022 0.313424 0.181931 0.731924 -1.544916 0.853597 2.181453 -0.648725 -0.014912 -1.570591 0.762901
1776409047.162163 jaka_arm_left solver_failed 0.283306 0.305142 -0.406883 0.577103 0.313327 0.181963 0.731893 -1.544916 0.853597 2.181453 -0.648725 -0.014912 -1.570591 0.762901
1776409047.170536 jaka_arm_left solver_failed 0.283319 0.305156 -0.406902 0.577142 0.313173 0.182065 0.731903 -1.544916 0.853597 2.181453 -0.648725 -0.014912 -1.570591 0.762901
1776409047.178822 jaka_arm_left solver_failed 0.283341 0.305072 -0.406897 0.576866 0.313277 0.182163 0.732052 -1.544916 0.853597 2.181453 -0.648725 -0.014912 -1.570591 0.762901
1776409047.187087 jaka_arm_left solver_failed 0.283358 0.305032 -0.406890 0.576896 0.313374 0.182379 0.731933 -1.544916 0.853597 2.181453 -0.648725 -0.014912 -1.570591 0.762901
1776409047.195471 jaka_arm_left solver_failed 0.283392 0.305148 -0.406911 0.577673 0.312956 0.182739 0.731409 -1.544916 0.853597 2.181453 -0.648725 -0.014912 -1.570591 0.762901
1776409047.203853 jaka_arm_left solver_failed 0.283395 0.305038 -0.406910 0.577141 0.313323 0.182538 0.731722 -1.544916 0.853597 2.181453 -0.648725 -0.014912 -1.570591 0.762901
1776409047.212178 jaka_arm_left solver_failed 0.283465 0.305027 -0.406941 0.577141 0.313202 0.182353 0.731820 -1.544916 0.853597 2.181453 -0.648725 -0.014912 -1.570591 0.762901
1776409047.220517 jaka_arm_left solver_failed 0.283498 0.304918 -0.406924 0.576708 0.313464 0.181754 0.732198 -1.544916 0.853597 2.181453 -0.648725 -0.014912 -1.570591 0.762901
1776409047.228878 jaka_arm_left solver_failed 0.283561 0.305040 -0.407015 0.577105 0.312929 0.181495 0.732178 -1.544916 0.853597 2.181453 -0.648725 -0.014912 -1.570591 0.762901
1776409047.237213 jaka_arm_left solver_failed 0.283613 0.305101 -0.407048 0.577366 0.312820 0.181293 0.732069 -1.544916 0.853597 2.181453 -0.648725 -0.014912 -1.570591 0.762901
1776409047.245518 jaka_arm_left solver_failed 0.283667 0.305105 -0.407087 0.577355 0.312773 0.181273 0.732103 -1.544916 0.853597 2.181453 -0.648725 -0.014912 -1.570591 0.762901
1776409047.253712 jaka_arm_left solver_failed 0.283733 0.305169 -0.407124 0.577687 0.312625 0.181552 0.731835 -1.544916 0.853597 2.181453 -0.648725 -0.014912 -1.570591 0.762901
1776409047.262136 jaka_arm_left solver_failed 0.283757 0.305124 -0.407148 0.577387 0.312822 0.181490 0.732003 -1.544916 0.853597 2.181453 -0.648725 -0.014912 -1.570591 0.762901
1776409047.270642 jaka_arm_left solver_failed 0.283784 0.305017 -0.407167 0.576946 0.312980 0.181213 0.732352 -1.544916 0.853597 2.181453 -0.648725 -0.014912 -1.570591 0.762901
1776409047.278760 jaka_arm_left solver_failed 0.283831 0.305137 -0.407204 0.577494 0.313201 0.181628 0.731722 -1.544916 0.853597 2.181453 -0.648725 -0.014912 -1.570591 0.762901
1776409047.287146 jaka_arm_left solver_failed 0.283858 0.305072 -0.407236 0.577262 0.313384 0.181341 0.731898 -1.544916 0.853597 2.181453 -0.648725 -0.014912 -1.570591 0.762901
1776409047.295511 jaka_arm_left solver_failed 0.283924 0.305043 -0.407290 0.577126 0.313359 0.181147 0.732063 -1.544916 0.853597 2.181453 -0.648725 -0.014912 -1.570591 0.762901
1776409047.303824 jaka_arm_left solver_failed 0.283983 0.305044 -0.407334 0.577113 0.313462 0.181089 0.732044 -1.544916 0.853597 2.181453 -0.648725 -0.014912 -1.570591 0.762901
1776409047.312181 jaka_arm_left solver_failed 0.284019 0.304873 -0.407341 0.576280 0.314068 0.180536 0.732577 -1.544916 0.853597 2.181453 -0.648725 -0.014912 -1.570591 0.762901
1776409047.320464 jaka_arm_left solver_failed 0.284137 0.305035 -0.407400 0.577145 0.313194 0.180539 0.732269 -1.544916 0.853597 2.181453 -0.648725 -0.014912 -1.570591 0.762901
1776409047.328743 jaka_arm_left solver_failed 0.284190 0.305040 -0.407433 0.577184 0.313144 0.180415 0.732291 -1.544916 0.853597 2.181453 -0.648725 -0.014912 -1.570591 0.762901
1776409047.337121 jaka_arm_left solver_failed 0.284276 0.304911 -0.407465 0.576597 0.313477 0.180383 0.732619 -1.544916 0.853597 2.181453 -0.648725 -0.014912 -1.570591 0.762901
1776409047.345520 jaka_arm_left solver_failed 0.284278 0.304884 -0.407487 0.576553 0.313631 0.180231 0.732625 -1.544916 0.853597 2.181453 -0.648725 -0.014912 -1.570591 0.762901
1776409047.353732 jaka_arm_left solver_failed 0.284352 0.305113 -0.407551 0.577676 0.313236 0.180954 0.731730 -1.544916 0.853597 2.181453 -0.648725 -0.014912 -1.570591 0.762901
1776409047.362128 jaka_arm_left solver_failed 0.284362 0.304933 -0.407550 0.576655 0.313819 0.180797 0.732325 -1.544916 0.853597 2.181453 -0.648725 -0.014912 -1.570591 0.762901
1776409047.370544 jaka_arm_left solver_failed 0.284417 0.304886 -0.407563 0.576499 0.313851 0.180797 0.732433 -1.544916 0.853597 2.181453 -0.648725 -0.014912 -1.570591 0.762901
1776409047.378763 jaka_arm_left solver_failed 0.284489 0.305076 -0.407620 0.577580 0.313358 0.181439 0.731634 -1.544916 0.853597 2.181453 -0.648725 -0.014912 -1.570591 0.762901
1776409047.387160 jaka_arm_left solver_failed 0.284573 0.305249 -0.407684 0.578372 0.312955 0.182059 0.731026 -1.544916 0.853597 2.181453 -0.648725 -0.014912 -1.570591 0.762901
1776409047.395523 jaka_arm_left solver_failed 0.284593 0.305278 -0.407710 0.578410 0.313011 0.182152 0.730949 -1.544916 0.853597 2.181453 -0.648725 -0.014912 -1.570591 0.762901
1776409047.403788 jaka_arm_left solver_failed 0.284612 0.305289 -0.407721 0.578288 0.313063 0.182092 0.731038 -1.544916 0.853597 2.181453 -0.648725 -0.014912 -1.570591 0.762901
1776409047.412212 jaka_arm_left solver_failed 0.284554 0.305011 -0.407665 0.576658 0.313835 0.181107 0.732239 -1.544916 0.853597 2.181453 -0.648725 -0.014912 -1.570591 0.762901
1776409047.420526 jaka_arm_left solver_failed 0.284613 0.305146 -0.407707 0.576924 0.313630 0.181289 0.732072 -1.544916 0.853597 2.181453 -0.648725 -0.014912 -1.570591 0.762901
1776409047.428813 jaka_arm_left solver_failed 0.284653 0.305121 -0.407712 0.576514 0.313495 0.180883 0.732553 -1.544916 0.853597 2.181453 -0.648725 -0.014912 -1.570591 0.762901
1776409047.437164 jaka_arm_left solver_failed 0.284689 0.305139 -0.407732 0.576300 0.313406 0.180649 0.732817 -1.544916 0.853597 2.181453 -0.648725 -0.014912 -1.570591 0.762901
1776409047.445544 jaka_arm_left solver_failed 0.284743 0.305009 -0.407730 0.575480 0.313961 0.180635 0.733227 -1.544916 0.853597 2.181453 -0.648725 -0.014912 -1.570591 0.762901
1776409047.453780 jaka_arm_left solver_failed 0.284793 0.305100 -0.407756 0.575719 0.313821 0.180828 0.733052 -1.544916 0.853597 2.181453 -0.648725 -0.014912 -1.570591 0.762901
1776409047.462141 jaka_arm_left solver_failed 0.284872 0.305158 -0.407814 0.575619 0.313342 0.180636 0.733383 -1.544916 0.853597 2.181453 -0.648725 -0.014912 -1.570591 0.762901
1776409047.470449 jaka_arm_left solver_failed 0.284882 0.305138 -0.407849 0.575297 0.313621 0.180453 0.733561 -1.544916 0.853597 2.181453 -0.648725 -0.014912 -1.570591 0.762901
1776409047.478791 jaka_arm_left solver_failed 0.284950 0.305344 -0.407895 0.576207 0.313314 0.181021 0.732837 -1.544916 0.853597 2.181453 -0.648725 -0.014912 -1.570591 0.762901
1776409047.487121 jaka_arm_left solver_failed 0.284986 0.305524 -0.407941 0.576527 0.313138 0.181227 0.732610 -1.544916 0.853597 2.181453 -0.648725 -0.014912 -1.570591 0.762901
1776409047.495484 jaka_arm_left solver_failed 0.284948 0.305461 -0.407909 0.576044 0.313421 0.180846 0.732963 -1.544916 0.853597 2.181453 -0.648725 -0.014912 -1.570591 0.762901
1776409047.503886 jaka_arm_left solver_failed 0.284953 0.305454 -0.407889 0.575876 0.313364 0.180862 0.733116 -1.544916 0.853597 2.181453 -0.648725 -0.014912 -1.570591 0.762901
1776409047.512179 jaka_arm_left solver_failed 0.284949 0.305484 -0.407876 0.575862 0.313336 0.180907 0.733128 -1.544916 0.853597 2.181453 -0.648725 -0.014912 -1.570591 0.762901
1776409047.520502 jaka_arm_left solver_failed 0.284936 0.305496 -0.407872 0.575770 0.313329 0.181029 0.733173 -1.544916 0.853597 2.181453 -0.648725 -0.014912 -1.570591 0.762901
1776409047.528777 jaka_arm_left solver_failed 0.284933 0.305524 -0.407862 0.575688 0.313337 0.181129 0.733209 -1.544916 0.853597 2.181453 -0.648725 -0.014912 -1.570591 0.762901
1776409047.537169 jaka_arm_left solver_failed 0.284916 0.305423 -0.407823 0.574901 0.313661 0.180708 0.733791 -1.544916 0.853597 2.181453 -0.648725 -0.014912 -1.570591 0.762901
1776409047.545505 jaka_arm_left solver_failed 0.284898 0.305352 -0.407808 0.574336 0.313857 0.180494 0.734202 -1.544916 0.853597 2.181453 -0.648725 -0.014912 -1.570591 0.762901
1776409047.553908 jaka_arm_left solver_failed 0.284865 0.305387 -0.407779 0.574512 0.314228 0.180775 0.733837 -1.544916 0.853597 2.181453 -0.648725 -0.014912 -1.570591 0.762901
1776409047.562116 jaka_arm_left solver_failed 0.284846 0.305371 -0.407782 0.574391 0.314344 0.180842 0.733866 -1.544916 0.853597 2.181453 -0.648725 -0.014912 -1.570591 0.762901
1776409047.570477 jaka_arm_left solver_failed 0.284836 0.305426 -0.407787 0.574573 0.314089 0.180901 0.733818 -1.544916 0.853597 2.181453 -0.648725 -0.014912 -1.570591 0.762901
1776409047.578899 jaka_arm_left solver_failed 0.284846 0.305463 -0.407774 0.574652 0.313946 0.180918 0.733813 -1.544916 0.853597 2.181453 -0.648725 -0.014912 -1.570591 0.762901
1776409047.587101 jaka_arm_left solver_failed 0.284857 0.305428 -0.407771 0.574382 0.313829 0.180767 0.734111 -1.544916 0.853597 2.181453 -0.648725 -0.014912 -1.570591 0.762901
1776409047.595537 jaka_arm_left solver_failed 0.284783 0.305409 -0.407758 0.574233 0.314315 0.181074 0.733944 -1.544916 0.853597 2.181453 -0.648725 -0.014912 -1.570591 0.762901
1776409047.603874 jaka_arm_left solver_failed 0.284814 0.305397 -0.407739 0.574294 0.314043 0.181013 0.734029 -1.544916 0.853597 2.181453 -0.648725 -0.014912 -1.570591 0.762901
1776409047.612229 jaka_arm_left solver_failed 0.284809 0.305386 -0.407727 0.574309 0.313994 0.180990 0.734043 -1.544916 0.853597 2.181453 -0.648725 -0.014912 -1.570591 0.762901
1776409047.620406 jaka_arm_left solver_failed 0.284797 0.305357 -0.407715 0.574273 0.314034 0.180945 0.734065 -1.544916 0.853597 2.181453 -0.648725 -0.014912 -1.570591 0.762901
1776409047.628791 jaka_arm_left solver_failed 0.284768 0.305340 -0.407706 0.574274 0.314068 0.180912 0.734059 -1.544916 0.853597 2.181453 -0.648725 -0.014912 -1.570591 0.762901
1776409047.637148 jaka_arm_left solver_failed 0.284732 0.305307 -0.407707 0.574238 0.314015 0.180831 0.734129 -1.544916 0.853597 2.181453 -0.648725 -0.014912 -1.570591 0.762901
1776409047.645480 jaka_arm_left solver_failed 0.284750 0.305266 -0.407724 0.574008 0.313549 0.180585 0.734569 -1.544916 0.853597 2.181453 -0.648725 -0.014912 -1.570591 0.762901
1776409047.653815 jaka_arm_left solver_failed 0.284748 0.305215 -0.407722 0.573921 0.313486 0.180526 0.734678 -1.544916 0.853597 2.181453 -0.648725 -0.014912 -1.570591 0.762901
1776409047.662092 jaka_arm_left solver_failed 0.284681 0.305177 -0.407671 0.574254 0.313689 0.180686 0.734292 -1.544916 0.853597 2.181453 -0.648725 -0.014912 -1.570591 0.762901
1776409047.670557 jaka_arm_left solver_failed 0.284659 0.305154 -0.407654 0.574336 0.313603 0.180803 0.734235 -1.544916 0.853597 2.181453 -0.648725 -0.014912 -1.570591 0.762901
1776409047.678782 jaka_arm_left solver_failed 0.284630 0.305220 -0.407645 0.574845 0.313318 0.181146 0.733874 -1.544916 0.853597 2.181453 -0.648725 -0.014912 -1.570591 0.762901
1776409047.687070 jaka_arm_left solver_failed 0.284606 0.305208 -0.407629 0.574924 0.313245 0.181224 0.733824 -1.544916 0.853597 2.181453 -0.648725 -0.014912 -1.570591 0.762901
1776409047.695487 jaka_arm_left solver_failed 0.284586 0.305170 -0.407609 0.574843 0.313243 0.181206 0.733893 -1.544916 0.853597 2.181453 -0.648725 -0.014912 -1.570591 0.762901
1776409047.703811 jaka_arm_left solver_failed 0.284567 0.305166 -0.407591 0.574888 0.313176 0.181161 0.733898 -1.544916 0.853597 2.181453 -0.648725 -0.014912 -1.570591 0.762901
1776409047.712147 jaka_arm_left solver_failed 0.284546 0.305160 -0.407571 0.574915 0.313150 0.181093 0.733904 -1.544916 0.853597 2.181453 -0.648725 -0.014912 -1.570591 0.762901
1776409047.720464 jaka_arm_left solver_failed 0.284499 0.305063 -0.407534 0.574383 0.313503 0.180920 0.734213 -1.544916 0.853597 2.181453 -0.648725 -0.014912 -1.570591 0.762901
1776409047.728781 jaka_arm_left solver_failed 0.284490 0.305061 -0.407515 0.574292 0.313421 0.180832 0.734341 -1.544916 0.853597 2.181453 -0.648725 -0.014912 -1.570591 0.762901
1776409047.737132 jaka_arm_left solver_failed 0.284441 0.305036 -0.407474 0.574252 0.313668 0.180990 0.734228 -1.544916 0.853597 2.181453 -0.648725 -0.014912 -1.570591 0.762901
1776409047.745463 jaka_arm_left solver_failed 0.284436 0.305066 -0.407476 0.574174 0.313551 0.180952 0.734347 -1.544916 0.853597 2.181453 -0.648725 -0.014912 -1.570591 0.762901
1776409047.753685 jaka_arm_left solver_failed 0.284363 0.305127 -0.407451 0.574224 0.313683 0.180811 0.734287 -1.544916 0.853597 2.181453 -0.648725 -0.014912 -1.570591 0.762901
1776409047.762115 jaka_arm_left solver_failed 0.284347 0.305157 -0.407440 0.574171 0.313620 0.180815 0.734354 -1.544916 0.853597 2.181453 -0.648725 -0.014912 -1.570591 0.762901
1776409047.770530 jaka_arm_left solver_failed 0.284335 0.305146 -0.407416 0.573879 0.313635 0.180760 0.734590 -1.544916 0.853597 2.181453 -0.648725 -0.014912 -1.570591 0.762901
1776409047.778784 jaka_arm_left solver_failed 0.284301 0.305179 -0.407394 0.573794 0.313580 0.180590 0.734721 -1.544916 0.853597 2.181453 -0.648725 -0.014912 -1.570591 0.762901
1776409047.787067 jaka_arm_left solver_failed 0.284312 0.305264 -0.407379 0.573723 0.313426 0.180827 0.734784 -1.544916 0.853597 2.181453 -0.648725 -0.014912 -1.570591 0.762901
1776409047.795498 jaka_arm_left solver_failed 0.284295 0.305307 -0.407344 0.573684 0.313366 0.180762 0.734856 -1.544916 0.853597 2.181453 -0.648725 -0.014912 -1.570591 0.762901
1776409047.803841 jaka_arm_left solver_failed 0.284242 0.305231 -0.407285 0.572906 0.313449 0.180476 0.735497 -1.544916 0.853597 2.181453 -0.648725 -0.014912 -1.570591 0.762901
1776409047.812178 jaka_arm_left solver_failed 0.284285 0.305560 -0.407307 0.574339 0.312635 0.181297 0.734524 -1.544916 0.853597 2.181453 -0.648725 -0.014912 -1.570591 0.762901
1776409047.820455 jaka_arm_left solver_failed 0.284234 0.305453 -0.407259 0.573344 0.312713 0.180916 0.735362 -1.544916 0.853597 2.181453 -0.648725 -0.014912 -1.570591 0.762901
1776409047.828749 jaka_arm_left solver_failed 0.284148 0.305487 -0.407163 0.573423 0.312842 0.181024 0.735219 -1.544916 0.853597 2.181453 -0.648725 -0.014912 -1.570591 0.762901
1776409047.837167 jaka_arm_left solver_failed 0.284080 0.305519 -0.407097 0.573381 0.312895 0.181145 0.735199 -1.544916 0.853597 2.181453 -0.648725 -0.014912 -1.570591 0.762901
1776409047.845494 jaka_arm_left solver_failed 0.283955 0.305315 -0.406988 0.572357 0.313141 0.180607 0.736024 -1.544916 0.853597 2.181453 -0.648725 -0.014912 -1.570591 0.762901
1776409047.853705 jaka_arm_left solver_failed 0.283820 0.305326 -0.406906 0.572362 0.313087 0.180466 0.736078 -1.544916 0.853597 2.181453 -0.648725 -0.014912 -1.570591 0.762901
1776409047.862080 jaka_arm_left solver_failed 0.283807 0.305542 -0.406878 0.572899 0.312809 0.181337 0.735564 -1.544916 0.853597 2.181453 -0.648725 -0.014912 -1.570591 0.762901
1776409047.870453 jaka_arm_left solver_failed 0.283699 0.305598 -0.406834 0.572659 0.312660 0.181050 0.735885 -1.544916 0.853597 2.181453 -0.648725 -0.014912 -1.570591 0.762901
1776409047.878765 jaka_arm_left solver_failed 0.283665 0.305659 -0.406824 0.572718 0.312391 0.181271 0.735899 -1.544916 0.853597 2.181453 -0.648725 -0.014912 -1.570591 0.762901
1776409047.887154 jaka_arm_left solver_failed 0.283648 0.305733 -0.406797 0.572883 0.312130 0.181103 0.735922 -1.544916 0.853597 2.181453 -0.648725 -0.014912 -1.570591 0.762901
1776409047.895485 jaka_arm_left solver_failed 0.283613 0.305843 -0.406800 0.573118 0.311713 0.181177 0.735898 -1.544916 0.853597 2.181453 -0.648725 -0.014912 -1.570591 0.762901
1776409047.903813 jaka_arm_left solver_failed 0.283576 0.305869 -0.406772 0.573061 0.311559 0.181247 0.735990 -1.544916 0.853597 2.181453 -0.648725 -0.014912 -1.570591 0.762901
1776409047.912165 jaka_arm_left solver_failed 0.283585 0.305933 -0.406783 0.573231 0.311145 0.181430 0.735988 -1.544916 0.853597 2.181453 -0.648725 -0.014912 -1.570591 0.762901
1776409047.920476 jaka_arm_left solver_failed 0.283547 0.305830 -0.406749 0.572512 0.311305 0.181212 0.736533 -1.544916 0.853597 2.181453 -0.648725 -0.014912 -1.570591 0.762901
1776409047.928858 jaka_arm_left solver_failed 0.283489 0.305682 -0.406674 0.571764 0.311515 0.180903 0.737101 -1.544916 0.853597 2.181453 -0.648725 -0.014912 -1.570591 0.762901
1776409047.937127 jaka_arm_left solver_failed 0.283459 0.305587 -0.406630 0.571327 0.311757 0.180855 0.737350 -1.544916 0.853597 2.181453 -0.648725 -0.014912 -1.570591 0.762901
1776409047.945502 jaka_arm_left solver_failed 0.283429 0.305538 -0.406596 0.571095 0.311901 0.180841 0.737472 -1.544916 0.853597 2.181453 -0.648725 -0.014912 -1.570591 0.762901
1776409047.953724 jaka_arm_left solver_failed 0.283475 0.305747 -0.406631 0.572119 0.311461 0.181607 0.736675 -1.544916 0.853597 2.181453 -0.648725 -0.014912 -1.570591 0.762901
1776409047.962113 jaka_arm_left solver_failed 0.283412 0.305643 -0.406594 0.571613 0.311787 0.181559 0.736942 -1.544916 0.853597 2.181453 -0.648725 -0.014912 -1.570591 0.762901
1776409047.970603 jaka_arm_left solver_failed 0.283370 0.305670 -0.406545 0.571690 0.311918 0.181566 0.736825 -1.544916 0.853597 2.181453 -0.648725 -0.014912 -1.570591 0.762901
1776409047.978837 jaka_arm_left solver_failed 0.283327 0.305672 -0.406523 0.571597 0.311936 0.181653 0.736868 -1.544916 0.853597 2.181453 -0.648725 -0.014912 -1.570591 0.762901
1776409047.987089 jaka_arm_left solver_failed 0.283270 0.305836 -0.406534 0.572338 0.311558 0.181906 0.736391 -1.544916 0.853597 2.181453 -0.648725 -0.014912 -1.570591 0.762901
1776409047.995418 jaka_arm_left solver_failed 0.283176 0.305777 -0.406480 0.571916 0.311712 0.181660 0.736714 -1.544916 0.853597 2.181453 -0.648725 -0.014912 -1.570591 0.762901
1776409048.003790 jaka_arm_left solver_failed 0.283094 0.305674 -0.406431 0.571356 0.312124 0.181511 0.737011 -1.544916 0.853597 2.181453 -0.648725 -0.014912 -1.570591 0.762901
1776409048.012143 jaka_arm_left solver_failed 0.283095 0.305635 -0.406434 0.571142 0.311423 0.180816 0.737643 -1.544916 0.853597 2.181453 -0.648725 -0.014912 -1.570591 0.762901
1776409048.020498 jaka_arm_left solver_failed 0.283134 0.305802 -0.406465 0.571927 0.310888 0.181121 0.737186 -1.544916 0.853597 2.181453 -0.648725 -0.014912 -1.570591 0.762901
1776409048.028736 jaka_arm_left solver_failed 0.283135 0.305756 -0.406447 0.571682 0.311103 0.181024 0.737309 -1.544916 0.853597 2.181453 -0.648725 -0.014912 -1.570591 0.762901
1776409048.037196 jaka_arm_left solver_failed 0.283095 0.305652 -0.406415 0.571440 0.311055 0.180595 0.737623 -1.544916 0.853597 2.181453 -0.648725 -0.014912 -1.570591 0.762901
1776409048.045571 jaka_arm_left solver_failed 0.283073 0.305553 -0.406390 0.571226 0.311127 0.180381 0.737810 -1.544916 0.853597 2.181453 -0.648725 -0.014912 -1.570591 0.762901
1776409048.053794 jaka_arm_left solver_failed 0.283060 0.305602 -0.406386 0.571552 0.311036 0.180294 0.737617 -1.544916 0.853597 2.181453 -0.648725 -0.014912 -1.570591 0.762901
1776409048.062122 jaka_arm_left solver_failed 0.283062 0.305644 -0.406418 0.571792 0.310941 0.180683 0.737376 -1.544916 0.853597 2.181453 -0.648725 -0.014912 -1.570591 0.762901
1776409048.070520 jaka_arm_left solver_failed 0.283070 0.305670 -0.406434 0.572103 0.311022 0.180997 0.737024 -1.544916 0.853597 2.181453 -0.648725 -0.014912 -1.570591 0.762901
1776409048.078909 jaka_arm_left solver_failed 0.283057 0.305555 -0.406420 0.571806 0.310985 0.180509 0.737389 -1.544916 0.853597 2.181453 -0.648725 -0.014912 -1.570591 0.762901
1776409048.087099 jaka_arm_left solver_failed 0.283089 0.305508 -0.406423 0.571637 0.310890 0.179974 0.737691 -1.544916 0.853597 2.181453 -0.648725 -0.014912 -1.570591 0.762901
1776409048.095515 jaka_arm_left solver_failed 0.283099 0.305448 -0.406433 0.571577 0.310878 0.179755 0.737795 -1.544916 0.853597 2.181453 -0.648725 -0.014912 -1.570591 0.762901
1776409048.103848 jaka_arm_left solver_failed 0.283127 0.305522 -0.406461 0.572311 0.310437 0.179812 0.737399 -1.544916 0.853597 2.181453 -0.648725 -0.014912 -1.570591 0.762901
1776409048.112201 jaka_arm_left solver_failed 0.283150 0.305471 -0.406456 0.572366 0.310279 0.179702 0.737449 -1.544916 0.853597 2.181453 -0.648725 -0.014912 -1.570591 0.762901
1776409048.120472 jaka_arm_left solver_failed 0.283167 0.305479 -0.406441 0.573095 0.310083 0.179965 0.736901 -1.544916 0.853597 2.181453 -0.648725 -0.014912 -1.570591 0.762901
1776409048.128730 jaka_arm_left solver_failed 0.283154 0.305175 -0.406446 0.572186 0.309986 0.178817 0.737927 -1.544916 0.853597 2.181453 -0.648725 -0.014912 -1.570591 0.762901
1776409048.137197 jaka_arm_left solver_failed 0.283153 0.305124 -0.406480 0.572382 0.309460 0.178947 0.737964 -1.544916 0.853597 2.181453 -0.648725 -0.014912 -1.570591 0.762901
1776409048.145477 jaka_arm_left solver_failed 0.283129 0.305027 -0.406471 0.572258 0.309341 0.178595 0.738195 -1.544916 0.853597 2.181453 -0.648725 -0.014912 -1.570591 0.762901
1776409048.153733 jaka_arm_left solver_failed 0.283070 0.305041 -0.406438 0.573006 0.309632 0.178784 0.737447 -1.544916 0.853597 2.181453 -0.648725 -0.014912 -1.570591 0.762901
1776409048.162109 jaka_arm_left solver_failed 0.283063 0.304793 -0.406424 0.572206 0.309930 0.178623 0.737982 -1.544916 0.853597 2.181453 -0.648725 -0.014912 -1.570591 0.762901
1776409048.170524 jaka_arm_left solver_failed 0.283002 0.304673 -0.406384 0.572058 0.310079 0.178408 0.738086 -1.544916 0.853597 2.181453 -0.648725 -0.014912 -1.570591 0.762901
1776409048.178808 jaka_arm_left solver_failed 0.283021 0.304658 -0.406386 0.572342 0.309676 0.178253 0.738073 -1.544916 0.853597 2.181453 -0.648725 -0.014912 -1.570591 0.762901
1776409048.187061 jaka_arm_left solver_failed 0.282956 0.304594 -0.406362 0.572338 0.309844 0.178319 0.737989 -1.544916 0.853597 2.181453 -0.648725 -0.014912 -1.570591 0.762901
1776409048.195498 jaka_arm_left solver_failed 0.282900 0.304595 -0.406356 0.572402 0.309747 0.178300 0.737985 -1.544916 0.853597 2.181453 -0.648725 -0.014912 -1.570591 0.762901
1776409048.203790 jaka_arm_left solver_failed 0.282884 0.304632 -0.406343 0.572980 0.309104 0.178540 0.737748 -1.544916 0.853597 2.181453 -0.648725 -0.014912 -1.570591 0.762901
1776409048.212153 jaka_arm_left solver_failed 0.282814 0.304551 -0.406318 0.572496 0.309289 0.178335 0.738096 -1.544916 0.853597 2.181453 -0.648725 -0.014912 -1.570591 0.762901
1776409048.220421 jaka_arm_left solver_failed 0.282774 0.304525 -0.406290 0.572369 0.309302 0.178266 0.738206 -1.544916 0.853597 2.181453 -0.648725 -0.014912 -1.570591 0.762901
1776409048.228747 jaka_arm_left solver_failed 0.282749 0.304588 -0.406267 0.572798 0.308995 0.178313 0.737989 -1.544916 0.853597 2.181453 -0.648725 -0.014912 -1.570591 0.762901
1776409048.237153 jaka_arm_left solver_failed 0.282739 0.304594 -0.406238 0.572945 0.308922 0.178409 0.737883 -1.544916 0.853597 2.181453 -0.648725 -0.014912 -1.570591 0.762901
1776409048.245482 jaka_arm_left solver_failed 0.282787 0.304616 -0.406195 0.573178 0.308291 0.178299 0.737993 -1.544916 0.853597 2.181453 -0.648725 -0.014912 -1.570591 0.762901
1776409048.253733 jaka_arm_left solver_failed 0.282658 0.304670 -0.406122 0.573465 0.308265 0.177726 0.737919 -1.544916 0.853597 2.181453 -0.648725 -0.014912 -1.570591 0.762901
1776409048.262096 jaka_arm_left solver_failed 0.282664 0.304694 -0.406105 0.573488 0.308196 0.177513 0.737981 -1.544916 0.853597 2.181453 -0.648725 -0.014912 -1.570591 0.762901
1776409048.270497 jaka_arm_left solver_failed 0.282572 0.304698 -0.406099 0.573193 0.308834 0.177462 0.737955 -1.544916 0.853597 2.181453 -0.648725 -0.014912 -1.570591 0.762901
1776409048.278792 jaka_arm_left solver_failed 0.282542 0.304568 -0.406085 0.572325 0.309242 0.177030 0.738562 -1.544916 0.853597 2.181453 -0.648725 -0.014912 -1.570591 0.762901
1776409048.287079 jaka_arm_left solver_failed 0.282485 0.304581 -0.406066 0.572292 0.309297 0.176717 0.738639 -1.544916 0.853597 2.181453 -0.648725 -0.014912 -1.570591 0.762901
1776409048.295495 jaka_arm_left solver_failed 0.282513 0.304699 -0.406097 0.572984 0.308704 0.176722 0.738350 -1.544916 0.853597 2.181453 -0.648725 -0.014912 -1.570591 0.762901
1776409048.303749 jaka_arm_left solver_failed 0.282489 0.304539 -0.406085 0.572243 0.309020 0.176306 0.738892 -1.544916 0.853597 2.181453 -0.648725 -0.014912 -1.570591 0.762901
1776409048.312196 jaka_arm_left solver_failed 0.282521 0.304609 -0.406094 0.573044 0.308033 0.176290 0.738686 -1.544916 0.853597 2.181453 -0.648725 -0.014912 -1.570591 0.762901
1776409048.320508 jaka_arm_left solver_failed 0.282535 0.304521 -0.406104 0.572861 0.307977 0.176430 0.738818 -1.544916 0.853597 2.181453 -0.648725 -0.014912 -1.570591 0.762901
1776409048.328817 jaka_arm_left solver_failed 0.282543 0.304433 -0.406122 0.572770 0.307802 0.176568 0.738929 -1.544916 0.853597 2.181453 -0.648725 -0.014912 -1.570591 0.762901
1776409048.337109 jaka_arm_left solver_failed 0.282455 0.304358 -0.406069 0.572624 0.308068 0.176119 0.739039 -1.544916 0.853597 2.181453 -0.648725 -0.014912 -1.570591 0.762901
1776409048.345500 jaka_arm_left solver_failed 0.282432 0.304444 -0.406083 0.573540 0.307920 0.176829 0.738220 -1.544916 0.853597 2.181453 -0.648725 -0.014912 -1.570591 0.762901
1776409048.353763 jaka_arm_left solver_failed 0.282415 0.304397 -0.406097 0.573793 0.307808 0.177079 0.738010 -1.544916 0.853597 2.181453 -0.648725 -0.014912 -1.570591 0.762901
1776409048.362107 jaka_arm_left solver_failed 0.282411 0.304313 -0.406120 0.573721 0.308028 0.177318 0.737917 -1.544916 0.853597 2.181453 -0.648725 -0.014912 -1.570591 0.762901
1776409048.370506 jaka_arm_left solver_failed 0.282402 0.304263 -0.406134 0.573833 0.308121 0.177354 0.737782 -1.544916 0.853597 2.181453 -0.648725 -0.014912 -1.570591 0.762901
1776409048.378782 jaka_arm_left solver_failed 0.282383 0.304255 -0.406173 0.574204 0.308019 0.177115 0.737593 -1.544916 0.853597 2.181453 -0.648725 -0.014912 -1.570591 0.762901
1776409048.387080 jaka_arm_left solver_failed 0.282394 0.304229 -0.406205 0.574336 0.308069 0.177112 0.737471 -1.544916 0.853597 2.181453 -0.648725 -0.014912 -1.570591 0.762901
1776409048.395496 jaka_arm_left solver_failed 0.282437 0.304252 -0.406257 0.574654 0.308204 0.177444 0.737086 -1.544916 0.853597 2.181453 -0.648725 -0.014912 -1.570591 0.762901
1776409048.403855 jaka_arm_left solver_failed 0.282490 0.304052 -0.406327 0.573785 0.308462 0.177403 0.737666 -1.544916 0.853597 2.181453 -0.648725 -0.014912 -1.570591 0.762901
1776409048.412152 jaka_arm_left solver_failed 0.282528 0.304112 -0.406401 0.574133 0.308429 0.177666 0.737345 -1.544916 0.853597 2.181453 -0.648725 -0.014912 -1.570591 0.762901
1776409048.420447 jaka_arm_left solver_failed 0.282573 0.304071 -0.406443 0.573907 0.308667 0.177643 0.737427 -1.544916 0.853597 2.181453 -0.648725 -0.014912 -1.570591 0.762901
1776409048.428740 jaka_arm_left solver_failed 0.282652 0.304136 -0.406497 0.574455 0.308430 0.177863 0.737047 -1.544916 0.853597 2.181453 -0.648725 -0.014912 -1.570591 0.762901
1776409048.437166 jaka_arm_left solver_failed 0.282666 0.304077 -0.406541 0.574373 0.308602 0.177564 0.737110 -1.544916 0.853597 2.181453 -0.648725 -0.014912 -1.570591 0.762901
1776409048.445503 jaka_arm_left solver_failed 0.282762 0.304081 -0.406630 0.574503 0.307972 0.177255 0.737346 -1.544916 0.853597 2.181453 -0.648725 -0.014912 -1.570591 0.762901
1776409048.453773 jaka_arm_left solver_failed 0.282839 0.303914 -0.406651 0.573941 0.308133 0.176832 0.737818 -1.544916 0.853597 2.181453 -0.648725 -0.014912 -1.570591 0.762901
1776409048.462150 jaka_arm_left solver_failed 0.282874 0.303851 -0.406679 0.573999 0.308127 0.176711 0.737805 -1.544916 0.853597 2.181453 -0.648725 -0.014912 -1.570591 0.762901
1776409048.470460 jaka_arm_left solver_failed 0.282870 0.303741 -0.406709 0.573979 0.308165 0.176091 0.737953 -1.544916 0.853597 2.181453 -0.648725 -0.014912 -1.570591 0.762901
1776409048.478789 jaka_arm_left solver_failed 0.282918 0.303680 -0.406736 0.574236 0.308120 0.176126 0.737763 -1.544916 0.853597 2.181453 -0.648725 -0.014912 -1.570591 0.762901
1776409048.487089 jaka_arm_left solver_failed 0.282925 0.303546 -0.406740 0.574116 0.308112 0.175958 0.737901 -1.544916 0.853597 2.181453 -0.648725 -0.014912 -1.570591 0.762901
1776409048.495459 jaka_arm_left solver_failed 0.282872 0.303460 -0.406723 0.574253 0.308382 0.176262 0.737608 -1.544916 0.853597 2.181453 -0.648725 -0.014912 -1.570591 0.762901
1776409048.503765 jaka_arm_left solver_failed 0.282924 0.303404 -0.406740 0.574763 0.307077 0.176059 0.737804 -1.544916 0.853597 2.181453 -0.648725 -0.014912 -1.570591 0.762901
1776409048.512154 jaka_arm_left solver_failed 0.282893 0.303328 -0.406742 0.574869 0.306894 0.176428 0.737709 -1.544916 0.853597 2.181453 -0.648725 -0.014912 -1.570591 0.762901
1776409048.520451 jaka_arm_left solver_failed 0.282899 0.303254 -0.406779 0.575011 0.306370 0.177165 0.737640 -1.544916 0.853597 2.181453 -0.648725 -0.014912 -1.570591 0.762901
1776409048.528770 jaka_arm_left solver_failed 0.282789 0.303169 -0.406748 0.575057 0.306415 0.177695 0.737458 -1.544916 0.853597 2.181453 -0.648725 -0.014912 -1.570591 0.762901
1776409048.537188 jaka_arm_left solver_failed 0.282675 0.303198 -0.406694 0.575496 0.306459 0.178077 0.737005 -1.544916 0.853597 2.181453 -0.648725 -0.014912 -1.570591 0.762901
1776409048.545472 jaka_arm_left solver_failed 0.282544 0.303182 -0.406633 0.575819 0.306776 0.178475 0.736524 -1.544916 0.853597 2.181453 -0.648725 -0.014912 -1.570591 0.762901
1776409048.553722 jaka_arm_left solver_failed 0.282476 0.303010 -0.406575 0.574749 0.307492 0.178254 0.737115 -1.544916 0.853597 2.181453 -0.648725 -0.014912 -1.570591 0.762901
1776409048.562092 jaka_arm_left solver_failed 0.282467 0.303170 -0.406578 0.575608 0.307085 0.178764 0.736490 -1.544916 0.853597 2.181453 -0.648725 -0.014912 -1.570591 0.762901
1776409048.570480 jaka_arm_left solver_failed 0.282401 0.302944 -0.406542 0.574497 0.307252 0.178253 0.737411 -1.544916 0.853597 2.181453 -0.648725 -0.014912 -1.570591 0.762901
1776409048.578808 jaka_arm_left solver_failed 0.282378 0.302877 -0.406506 0.573698 0.307815 0.178003 0.737859 -1.544916 0.853597 2.181453 -0.648725 -0.014912 -1.570591 0.762901
1776409048.587130 jaka_arm_left solver_failed 0.282345 0.303155 -0.406511 0.574839 0.306943 0.177668 0.737414 -1.544916 0.853597 2.181453 -0.648725 -0.014912 -1.570591 0.762901
1776409048.595546 jaka_arm_left solver_failed 0.282367 0.303360 -0.406550 0.575351 0.306350 0.178038 0.737172 -1.544916 0.853597 2.181453 -0.648725 -0.014912 -1.570591 0.762901
1776409048.603822 jaka_arm_left solver_failed 0.282328 0.303431 -0.406560 0.575092 0.306057 0.177815 0.737550 -1.544916 0.853597 2.181453 -0.648725 -0.014912 -1.570591 0.762901
1776409048.612131 jaka_arm_left solver_failed 0.282291 0.303438 -0.406545 0.574688 0.306031 0.177796 0.737880 -1.544916 0.853597 2.181453 -0.648725 -0.014912 -1.570591 0.762901
1776409048.620472 jaka_arm_left solver_failed 0.282220 0.303264 -0.406495 0.573299 0.306646 0.177675 0.738735 -1.544916 0.853597 2.181453 -0.648725 -0.014912 -1.570591 0.762901
1776409048.628789 jaka_arm_left solver_failed 0.282182 0.303263 -0.406468 0.573012 0.306649 0.177886 0.738905 -1.544916 0.853597 2.181453 -0.648725 -0.014912 -1.570591 0.762901
1776409048.637162 jaka_arm_left solver_failed 0.282139 0.303293 -0.406439 0.572964 0.306849 0.178359 0.738745 -1.544916 0.853597 2.181453 -0.648725 -0.014912 -1.570591 0.762901
1776409048.645540 jaka_arm_left solver_failed 0.282082 0.303270 -0.406388 0.572749 0.306945 0.178698 0.738790 -1.544916 0.853597 2.181453 -0.648725 -0.014912 -1.570591 0.762901
1776409048.653733 jaka_arm_left solver_failed 0.282072 0.303320 -0.406346 0.572782 0.306871 0.179497 0.738601 -1.544916 0.853597 2.181453 -0.648725 -0.014912 -1.570591 0.762901
1776409048.662098 jaka_arm_left solver_failed 0.282007 0.303463 -0.406298 0.573325 0.306740 0.180125 0.738081 -1.544916 0.853597 2.181453 -0.648725 -0.014912 -1.570591 0.762901
1776409048.670478 jaka_arm_left solver_failed 0.281929 0.303496 -0.406261 0.573379 0.306877 0.180478 0.737896 -1.544916 0.853597 2.181453 -0.648725 -0.014912 -1.570591 0.762901
1776409048.678807 jaka_arm_left solver_failed 0.281855 0.303508 -0.406228 0.573363 0.307236 0.180840 0.737671 -1.544916 0.853597 2.181453 -0.648725 -0.014912 -1.570591 0.762901
1776409048.687127 jaka_arm_left solver_failed 0.281819 0.303560 -0.406237 0.573364 0.307295 0.181080 0.737586 -1.544916 0.853597 2.181453 -0.648725 -0.014912 -1.570591 0.762901
1776409048.695483 jaka_arm_left solver_failed 0.281793 0.303645 -0.406281 0.573049 0.307229 0.180761 0.737937 -1.544916 0.853597 2.181453 -0.648725 -0.014912 -1.570591 0.762901
1776409048.703811 jaka_arm_left solver_failed 0.281725 0.303503 -0.406315 0.571850 0.307823 0.180191 0.738758 -1.544916 0.853597 2.181453 -0.648725 -0.014912 -1.570591 0.762901
1776409048.712154 jaka_arm_left solver_failed 0.281736 0.303565 -0.406348 0.571688 0.307542 0.180035 0.739038 -1.544916 0.853597 2.181453 -0.648725 -0.014912 -1.570591 0.762901
1776409048.720447 jaka_arm_left solver_failed 0.281727 0.303593 -0.406396 0.571499 0.307195 0.179956 0.739348 -1.544916 0.853597 2.181453 -0.648725 -0.014912 -1.570591 0.762901
1776409048.728758 jaka_arm_left solver_failed 0.281710 0.303583 -0.406439 0.571123 0.307256 0.179873 0.739634 -1.544916 0.853597 2.181453 -0.648725 -0.014912 -1.570591 0.762901
1776409048.737126 jaka_arm_left solver_failed 0.281722 0.303567 -0.406490 0.570815 0.307154 0.179995 0.739884 -1.544916 0.853597 2.181453 -0.648725 -0.014912 -1.570591 0.762901
1776409048.745439 jaka_arm_left solver_failed 0.281721 0.303538 -0.406534 0.570533 0.307231 0.179930 0.740085 -1.544916 0.853597 2.181453 -0.648725 -0.014912 -1.570591 0.762901
1776409048.753760 jaka_arm_left solver_failed 0.281744 0.303527 -0.406567 0.570415 0.307218 0.179897 0.740190 -1.544916 0.853597 2.181453 -0.648725 -0.014912 -1.570591 0.762901
1776409048.762172 jaka_arm_left solver_failed 0.281792 0.303575 -0.406597 0.570570 0.307292 0.180000 0.740015 -1.544916 0.853597 2.181453 -0.648725 -0.014912 -1.570591 0.762901
1776409048.770452 jaka_arm_left solver_failed 0.281825 0.303557 -0.406623 0.570603 0.307389 0.179988 0.739952 -1.544916 0.853597 2.181453 -0.648725 -0.014912 -1.570591 0.762901
1776409048.778788 jaka_arm_left solver_failed 0.281877 0.303509 -0.406649 0.570618 0.307442 0.179986 0.739918 -1.544916 0.853597 2.181453 -0.648725 -0.014912 -1.570591 0.762901
1776409048.787178 jaka_arm_left solver_failed 0.281927 0.303559 -0.406697 0.571185 0.307233 0.180173 0.739522 -1.544916 0.853597 2.181453 -0.648725 -0.014912 -1.570591 0.762901
1776409048.795442 jaka_arm_left solver_failed 0.282045 0.303514 -0.406782 0.571078 0.306723 0.180003 0.739858 -1.544916 0.853597 2.181453 -0.648725 -0.014912 -1.570591 0.762901
1776409048.803843 jaka_arm_left solver_failed 0.282106 0.303472 -0.406842 0.571032 0.306552 0.179918 0.739985 -1.544916 0.853597 2.181453 -0.648725 -0.014912 -1.570591 0.762901
1776409048.812171 jaka_arm_left solver_failed 0.282137 0.303340 -0.406897 0.570744 0.306589 0.179378 0.740322 -1.544916 0.853597 2.181453 -0.648725 -0.014912 -1.570591 0.762901
1776409048.820463 jaka_arm_left solver_failed 0.282206 0.303269 -0.406960 0.570698 0.306541 0.179586 0.740328 -1.544916 0.853597 2.181453 -0.648725 -0.014912 -1.570591 0.762901
1776409048.828810 jaka_arm_left solver_failed 0.282290 0.303201 -0.407032 0.570633 0.306445 0.180010 0.740315 -1.544916 0.853597 2.181453 -0.648725 -0.014912 -1.570591 0.762901
1776409048.837211 jaka_arm_left solver_failed 0.282366 0.303282 -0.407092 0.571460 0.305933 0.180385 0.739797 -1.544916 0.853597 2.181453 -0.648725 -0.014912 -1.570591 0.762901
1776409048.845521 jaka_arm_left solver_failed 0.282407 0.303227 -0.407102 0.571607 0.306134 0.180609 0.739546 -1.544916 0.853597 2.181453 -0.648725 -0.014912 -1.570591 0.762901
1776409048.853740 jaka_arm_left solver_failed 0.282456 0.303230 -0.407133 0.571967 0.306185 0.180877 0.739180 -1.544916 0.853597 2.181453 -0.648725 -0.014912 -1.570591 0.762901
1776409048.862111 jaka_arm_left solver_failed 0.282533 0.303185 -0.407156 0.572204 0.305725 0.180863 0.739191 -1.544916 0.853597 2.181453 -0.648725 -0.014912 -1.570591 0.762901
1776409048.870458 jaka_arm_left solver_failed 0.282589 0.303116 -0.407185 0.572144 0.305633 0.180909 0.739264 -1.544916 0.853597 2.181453 -0.648725 -0.014912 -1.570591 0.762901
1776409048.878906 jaka_arm_left solver_failed 0.282615 0.302953 -0.407194 0.571709 0.305714 0.180628 0.739635 -1.544916 0.853597 2.181453 -0.648725 -0.014912 -1.570591 0.762901
1776409048.887103 jaka_arm_left solver_failed 0.282669 0.302911 -0.407232 0.571663 0.305568 0.180722 0.739708 -1.544916 0.853597 2.181453 -0.648725 -0.014912 -1.570591 0.762901
1776409048.895469 jaka_arm_left solver_failed 0.282712 0.302885 -0.407258 0.571640 0.305421 0.180651 0.739805 -1.544916 0.853597 2.181453 -0.648725 -0.014912 -1.570591 0.762901
1776409048.903791 jaka_arm_left solver_failed 0.282758 0.302779 -0.407299 0.571211 0.305280 0.180597 0.740207 -1.544916 0.853597 2.181453 -0.648725 -0.014912 -1.570591 0.762901
1776409048.912149 jaka_arm_left solver_failed 0.282798 0.302687 -0.407331 0.570765 0.305454 0.180736 0.740446 -1.544916 0.853597 2.181453 -0.648725 -0.014912 -1.570591 0.762901
1776409048.920469 jaka_arm_left solver_failed 0.282828 0.302756 -0.407363 0.571187 0.305083 0.180930 0.740226 -1.544916 0.853597 2.181453 -0.648725 -0.014912 -1.570591 0.762901
1776409048.928750 jaka_arm_left solver_failed 0.282852 0.302647 -0.407367 0.570687 0.305185 0.180853 0.740588 -1.544916 0.853597 2.181453 -0.648725 -0.014912 -1.570591 0.762901
1776409048.937200 jaka_arm_left solver_failed 0.282894 0.302744 -0.407407 0.571251 0.304613 0.181075 0.740335 -1.544916 0.853597 2.181453 -0.648725 -0.014912 -1.570591 0.762901
1776409048.945509 jaka_arm_left solver_failed 0.282926 0.302737 -0.407423 0.571277 0.304411 0.181069 0.740399 -1.544916 0.853597 2.181453 -0.648725 -0.014912 -1.570591 0.762901
1776409048.953765 jaka_arm_left solver_failed 0.282978 0.302718 -0.407449 0.571160 0.304184 0.181062 0.740584 -1.544916 0.853597 2.181453 -0.648725 -0.014912 -1.570591 0.762901
1776409048.962116 jaka_arm_left solver_failed 0.283006 0.302695 -0.407470 0.571059 0.304002 0.180998 0.740753 -1.544916 0.853597 2.181453 -0.648725 -0.014912 -1.570591 0.762901
1776409048.970455 jaka_arm_left solver_failed 0.283065 0.302689 -0.407497 0.570976 0.303684 0.180989 0.740949 -1.544916 0.853597 2.181453 -0.648725 -0.014912 -1.570591 0.762901
1776409048.978825 jaka_arm_left solver_failed 0.283120 0.302581 -0.407511 0.570314 0.303709 0.180700 0.741519 -1.544916 0.853597 2.181453 -0.648725 -0.014912 -1.570591 0.762901
1776409048.987099 jaka_arm_left solver_failed 0.283196 0.302680 -0.407564 0.570774 0.303018 0.180863 0.741408 -1.544916 0.853597 2.181453 -0.648725 -0.014912 -1.570591 0.762901
1776409048.995518 jaka_arm_left solver_failed 0.283243 0.302671 -0.407587 0.570607 0.302830 0.180961 0.741590 -1.544916 0.853597 2.181453 -0.648725 -0.014912 -1.570591 0.762901
1776409049.003765 jaka_arm_left solver_failed 0.283283 0.302668 -0.407611 0.570496 0.302693 0.181048 0.741709 -1.544916 0.853597 2.181453 -0.648725 -0.014912 -1.570591 0.762901
1776409049.012098 jaka_arm_left solver_failed 0.283329 0.302560 -0.407626 0.569781 0.302885 0.181039 0.742183 -1.544916 0.853597 2.181453 -0.648725 -0.014912 -1.570591 0.762901
1776409049.020633 jaka_arm_left solver_failed 0.283390 0.302773 -0.407684 0.570641 0.302279 0.181527 0.741649 -1.544916 0.853597 2.181453 -0.648725 -0.014912 -1.570591 0.762901
1776409049.028773 jaka_arm_left solver_failed 0.283441 0.302805 -0.407714 0.570720 0.302047 0.181726 0.741635 -1.544916 0.853597 2.181453 -0.648725 -0.014912 -1.570591 0.762901
1776409049.037139 jaka_arm_left solver_failed 0.283471 0.302603 -0.407715 0.569614 0.302368 0.181422 0.742428 -1.544916 0.853597 2.181453 -0.648725 -0.014912 -1.570591 0.762901
1776409049.045486 jaka_arm_left solver_failed 0.283537 0.302651 -0.407749 0.569838 0.302150 0.181687 0.742280 -1.544916 0.853597 2.181453 -0.648725 -0.014912 -1.570591 0.762901
1776409049.053763 jaka_arm_left solver_failed 0.283586 0.302640 -0.407774 0.569858 0.302078 0.181797 0.742267 -1.544916 0.853597 2.181453 -0.648725 -0.014912 -1.570591 0.762901
1776409049.062128 jaka_arm_left solver_failed 0.283659 0.302654 -0.407830 0.569924 0.301617 0.181668 0.742436 -1.544916 0.853597 2.181453 -0.648725 -0.014912 -1.570591 0.762901
1776409049.070554 jaka_arm_left solver_failed 0.283719 0.302562 -0.407851 0.569353 0.302078 0.181629 0.742695 -1.544916 0.853597 2.181453 -0.648725 -0.014912 -1.570591 0.762901
1776409049.078763 jaka_arm_left solver_failed 0.283759 0.302679 -0.407898 0.570083 0.301614 0.181735 0.742298 -1.544916 0.853597 2.181453 -0.648725 -0.014912 -1.570591 0.762901
1776409049.087133 jaka_arm_left solver_failed 0.283820 0.302556 -0.407912 0.569711 0.301695 0.181407 0.742631 -1.544916 0.853597 2.181453 -0.648725 -0.014912 -1.570591 0.762901
1776409049.095466 jaka_arm_left solver_failed 0.283835 0.302532 -0.407922 0.569967 0.301958 0.181527 0.742298 -1.544916 0.853597 2.181453 -0.648725 -0.014912 -1.570591 0.762901
1776409049.103831 jaka_arm_left solver_failed 0.283857 0.302596 -0.407958 0.570658 0.301798 0.181823 0.741760 -1.544916 0.853597 2.181453 -0.648725 -0.014912 -1.570591 0.762901
1776409049.112178 jaka_arm_left solver_failed 0.283887 0.302611 -0.407995 0.570963 0.301902 0.182121 0.741410 -1.544916 0.853597 2.181453 -0.648725 -0.014912 -1.570591 0.762901
1776409049.120484 jaka_arm_left solver_failed 0.283972 0.302490 -0.408052 0.570724 0.302056 0.182475 0.741444 -1.544916 0.853597 2.181453 -0.648725 -0.014912 -1.570591 0.762901
1776409049.128855 jaka_arm_left solver_failed 0.283975 0.302481 -0.408085 0.570984 0.302194 0.182785 0.741111 -1.544916 0.853597 2.181453 -0.648725 -0.014912 -1.570591 0.762901
1776409049.137205 jaka_arm_left solver_failed 0.284047 0.302427 -0.408131 0.571068 0.302293 0.182943 0.740967 -1.544916 0.853597 2.181453 -0.648725 -0.014912 -1.570591 0.762901
1776409049.145404 jaka_arm_left solver_failed 0.284106 0.302454 -0.408171 0.571504 0.302188 0.183078 0.740640 -1.544916 0.853597 2.181453 -0.648725 -0.014912 -1.570591 0.762901
1776409049.153755 jaka_arm_left solver_failed 0.284148 0.302446 -0.408208 0.571810 0.302165 0.183000 0.740433 -1.544916 0.853597 2.181453 -0.648725 -0.014912 -1.570591 0.762901
1776409049.162189 jaka_arm_left solver_failed 0.284180 0.302437 -0.408243 0.572124 0.302175 0.182815 0.740232 -1.544916 0.853597 2.181453 -0.648725 -0.014912 -1.570591 0.762901
1776409049.170456 jaka_arm_left solver_failed 0.284150 0.302324 -0.408271 0.572157 0.302364 0.182118 0.740301 -1.544916 0.853597 2.181453 -0.648725 -0.014912 -1.570591 0.762901
1776409049.178791 jaka_arm_left solver_failed 0.284182 0.302407 -0.408322 0.573153 0.302040 0.182240 0.739633 -1.544916 0.853597 2.181453 -0.648725 -0.014912 -1.570591 0.762901
1776409049.187121 jaka_arm_left solver_failed 0.284214 0.302236 -0.408334 0.573184 0.302552 0.182433 0.739351 -1.544916 0.853597 2.181453 -0.648725 -0.014912 -1.570591 0.762901
1776409049.195510 jaka_arm_left solver_failed 0.284233 0.302198 -0.408391 0.573596 0.302545 0.182433 0.739035 -1.544916 0.853597 2.181453 -0.648725 -0.014912 -1.570591 0.762901
1776409049.203779 jaka_arm_left solver_failed 0.284279 0.302119 -0.408456 0.573946 0.302298 0.182455 0.738859 -1.544916 0.853597 2.181453 -0.648725 -0.014912 -1.570591 0.762901
1776409049.212134 jaka_arm_left solver_failed 0.284312 0.302091 -0.408531 0.574845 0.302026 0.182627 0.738228 -1.544916 0.853597 2.181453 -0.648725 -0.014912 -1.570591 0.762901
1776409049.220443 jaka_arm_left solver_failed 0.284403 0.301898 -0.408577 0.575036 0.301825 0.182446 0.738207 -1.544916 0.853597 2.181453 -0.648725 -0.014912 -1.570591 0.762901
1776409049.228745 jaka_arm_left solver_failed 0.284411 0.301766 -0.408595 0.575792 0.302038 0.182555 0.737502 -1.544916 0.853597 2.181453 -0.648725 -0.014912 -1.570591 0.762901
1776409049.237192 jaka_arm_left solver_failed 0.284516 0.301583 -0.408674 0.576336 0.301894 0.182873 0.737058 -1.544916 0.853597 2.181453 -0.648725 -0.014912 -1.570591 0.762901
1776409049.245549 jaka_arm_left solver_failed 0.284548 0.301366 -0.408725 0.576813 0.302285 0.182847 0.736531 -1.544916 0.853597 2.181453 -0.648725 -0.014912 -1.570591 0.762901
1776409049.253711 jaka_arm_left solver_failed 0.284630 0.301279 -0.408819 0.577880 0.301910 0.183117 0.735781 -1.544916 0.853597 2.181453 -0.648725 -0.014912 -1.570591 0.762901
1776409049.262107 jaka_arm_left solver_failed 0.284676 0.300989 -0.408848 0.577998 0.302216 0.182956 0.735603 -1.544916 0.853597 2.181453 -0.648725 -0.014912 -1.570591 0.762901
1776409049.270448 jaka_arm_left solver_failed 0.284777 0.300735 -0.408920 0.578221 0.301940 0.182350 0.735691 -1.544916 0.853597 2.181453 -0.648725 -0.014912 -1.570591 0.762901
1776409049.278776 jaka_arm_left solver_failed 0.284854 0.300707 -0.409047 0.579382 0.301487 0.182296 0.734976 -1.544916 0.853597 2.181453 -0.648725 -0.014912 -1.570591 0.762901
1776409049.287153 jaka_arm_left solver_failed 0.284909 0.300489 -0.409133 0.579953 0.301421 0.181803 0.734675 -1.544916 0.853597 2.181453 -0.648725 -0.014912 -1.570591 0.762901
1776409049.295658 jaka_arm_left solver_failed 0.284975 0.300166 -0.409231 0.579790 0.301802 0.181865 0.734632 -1.544916 0.853597 2.181453 -0.648725 -0.014912 -1.570591 0.762901
1776409049.303825 jaka_arm_left solver_failed 0.285091 0.299987 -0.409346 0.580552 0.301202 0.181910 0.734265 -1.544916 0.853597 2.181453 -0.648725 -0.014912 -1.570591 0.762901
1776409049.312158 jaka_arm_left solver_failed 0.285128 0.299842 -0.409425 0.581497 0.301473 0.181935 0.733399 -1.544916 0.853597 2.181453 -0.648725 -0.014912 -1.570591 0.762901
1776409049.320448 jaka_arm_left solver_failed 0.285183 0.299665 -0.409497 0.582307 0.301608 0.181828 0.732728 -1.544916 0.853597 2.181453 -0.648725 -0.014912 -1.570591 0.762901
1776409049.328739 jaka_arm_left solver_failed 0.285277 0.299483 -0.409627 0.583284 0.301351 0.181658 0.732098 -1.544916 0.853597 2.181453 -0.648725 -0.014912 -1.570591 0.762901
1776409049.337167 jaka_arm_left solver_failed 0.285365 0.299096 -0.409707 0.583163 0.301667 0.181534 0.732095 -1.544916 0.853597 2.181453 -0.648725 -0.014912 -1.570591 0.762901
1776409049.345477 jaka_arm_left solver_failed 0.285481 0.298765 -0.409834 0.583475 0.301576 0.181804 0.731817 -1.544916 0.853597 2.181453 -0.648725 -0.014912 -1.570591 0.762901
1776409049.353763 jaka_arm_left solver_failed 0.285540 0.298647 -0.409944 0.585005 0.301133 0.182148 0.730692 -1.544916 0.853597 2.181453 -0.648725 -0.014912 -1.570591 0.762901
1776409049.362131 jaka_arm_left solver_failed 0.285541 0.298400 -0.410033 0.585803 0.301417 0.182033 0.729964 -1.544916 0.853597 2.181453 -0.648725 -0.014912 -1.570591 0.762901
1776409049.370523 jaka_arm_left solver_failed 0.285670 0.298154 -0.410136 0.586617 0.301086 0.182140 0.729420 -1.544916 0.853597 2.181453 -0.648725 -0.014912 -1.570591 0.762901
1776409049.378845 jaka_arm_left solver_failed 0.285834 0.297994 -0.410342 0.587832 0.300702 0.183114 0.728355 -1.544916 0.853597 2.181453 -0.648725 -0.014912 -1.570591 0.762901
1776409049.387123 jaka_arm_left large_joint_change 0.285970 0.297523 -0.410431 0.587498 0.301382 0.183113 0.728344 -1.544916 0.853597 2.181453 -0.648725 -0.014912 -1.570591 0.762901
1776409049.395388 jaka_arm_left success 0.286013 0.297300 -0.410557 0.588584 0.301529 0.183065 0.727418 -1.569248 0.865506 2.192895 -0.632174 0.008750 -1.570796 0.781862
1776409049.403725 jaka_arm_left success 0.286144 0.296914 -0.410658 0.588873 0.301080 0.182490 0.727514 -1.569160 0.865499 2.193515 -0.632478 0.009425 -1.570796 0.781772
1776409049.412095 jaka_arm_left success 0.286289 0.296799 -0.410859 0.590235 0.300742 0.183260 0.726356 -1.569414 0.864146 2.193352 -0.631793 0.010009 -1.570124 0.782832
1776409049.420434 jaka_arm_left success 0.286359 0.296386 -0.410999 0.590540 0.301445 0.183303 0.725805 -1.569211 0.863848 2.193473 -0.631413 0.010222 -1.569712 0.782949
1776409049.428697 jaka_arm_left success 0.286445 0.296141 -0.411165 0.591393 0.301834 0.183610 0.724871 -1.570164 0.865558 2.194165 -0.630712 0.011638 -1.566236 0.784892
1776409049.437075 jaka_arm_left success 0.286608 0.295789 -0.411311 0.591544 0.301795 0.183691 0.724743 -1.570164 0.865558 2.194165 -0.630712 0.011638 -1.566236 0.784892
1776409049.445420 jaka_arm_left success 0.286823 0.295835 -0.411528 0.593610 0.301312 0.185355 0.722829 -1.571349 0.864757 2.194210 -0.629925 0.013699 -1.562796 0.788897
1776409049.453766 jaka_arm_left success 0.286824 0.295386 -0.411678 0.593331 0.301891 0.184717 0.722980 -1.570887 0.865806 2.194375 -0.630014 0.013222 -1.562492 0.788013
1776409049.462059 jaka_arm_left success 0.286930 0.295113 -0.411847 0.593707 0.302198 0.184837 0.722512 -1.567366 0.862001 2.193470 -0.644988 0.012157 -1.550260 0.787497
1776409049.470416 jaka_arm_left success 0.287020 0.294853 -0.412048 0.593803 0.302443 0.185162 0.722248 -1.566306 0.863108 2.193166 -0.644628 0.012136 -1.549270 0.789544
1776409049.478788 jaka_arm_left success 0.287074 0.294775 -0.412225 0.594993 0.302121 0.185654 0.721275 -1.566408 0.862014 2.193456 -0.644327 0.013256 -1.548611 0.790820
1776409049.487077 jaka_arm_left success 0.287168 0.294392 -0.412371 0.594717 0.302056 0.185313 0.721618 -1.566462 0.862388 2.193501 -0.644609 0.013179 -1.548826 0.790681
1776409049.495439 jaka_arm_left success 0.287186 0.294315 -0.412529 0.595821 0.301626 0.185646 0.720802 -1.566768 0.862226 2.193850 -0.644538 0.014331 -1.547425 0.792272
1776409049.503724 jaka_arm_left success 0.287184 0.294045 -0.412651 0.595688 0.301603 0.185451 0.720971 -1.566756 0.862466 2.193990 -0.644738 0.014398 -1.547548 0.792173
1776409049.512091 jaka_arm_left success 0.287224 0.294092 -0.412773 0.597040 0.301256 0.186498 0.719727 -1.562653 0.860094 2.192754 -0.659108 0.014173 -1.533850 0.795823
1776409049.520431 jaka_arm_left success 0.287273 0.293867 -0.412895 0.596981 0.301239 0.187293 0.719577 -1.562946 0.859935 2.192345 -0.659104 0.013949 -1.533857 0.796202
1776409049.528689 jaka_arm_left success 0.287223 0.293423 -0.412988 0.595747 0.301723 0.187181 0.720425 -1.561841 0.861745 2.191678 -0.659472 0.012529 -1.534580 0.796280
1776409049.537013 jaka_arm_left success 0.287253 0.293296 -0.413067 0.596673 0.300651 0.186947 0.720168 -1.562349 0.860795 2.192373 -0.660146 0.014185 -1.535256 0.797556
1776409049.545390 jaka_arm_left success 0.287254 0.293126 -0.413123 0.596824 0.300595 0.187178 0.720005 -1.562349 0.860795 2.192373 -0.660146 0.014185 -1.535256 0.797556
1776409049.553679 jaka_arm_left success 0.287286 0.293031 -0.413195 0.597215 0.300360 0.187634 0.719661 -1.562299 0.860163 2.192173 -0.659591 0.014294 -1.534697 0.798059
1776409049.562059 jaka_arm_left success 0.287398 0.293058 -0.413260 0.598521 0.299819 0.188682 0.718527 -1.561901 0.860918 2.192021 -0.659289 0.015796 -1.532519 0.802833
1776409049.570430 jaka_arm_left success 0.287421 0.292952 -0.413325 0.598851 0.299759 0.188870 0.718228 -1.561901 0.860918 2.192021 -0.659289 0.015796 -1.532519 0.802833
1776409049.578693 jaka_arm_left success 0.287488 0.292735 -0.413423 0.598731 0.300055 0.189522 0.718031 -1.561358 0.861905 2.191504 -0.659422 0.015674 -1.530814 0.804859
1776409049.587065 jaka_arm_left success 0.287544 0.292695 -0.413500 0.599325 0.299994 0.189999 0.717436 -1.555363 0.859105 2.189875 -0.673940 0.014323 -1.519478 0.807639
1776409049.595390 jaka_arm_left success 0.287625 0.292511 -0.413578 0.599277 0.299972 0.189984 0.717489 -1.555363 0.859105 2.189875 -0.673940 0.014323 -1.519478 0.807639
1776409049.603729 jaka_arm_left success 0.287746 0.292350 -0.413667 0.599560 0.299604 0.189910 0.717425 -1.555363 0.859105 2.189875 -0.673940 0.014323 -1.519478 0.807639
1776409049.612039 jaka_arm_left success 0.287857 0.292350 -0.413801 0.600565 0.299273 0.190099 0.716673 -1.555675 0.857737 2.190121 -0.673678 0.015407 -1.519179 0.808612
1776409049.620359 jaka_arm_left success 0.287981 0.292474 -0.413966 0.601936 0.298909 0.190723 0.715508 -1.556242 0.856171 2.190262 -0.673407 0.016603 -1.518704 0.809904
1776409049.628665 jaka_arm_left success 0.288071 0.292403 -0.414103 0.602461 0.299254 0.190870 0.714882 -1.557320 0.856599 2.190773 -0.673744 0.017414 -1.515697 0.810006
1776409049.637036 jaka_arm_left success 0.288262 0.292364 -0.414299 0.602925 0.299162 0.191452 0.714373 -1.557399 0.856071 2.190560 -0.673377 0.017482 -1.515277 0.810424
1776409049.645410 jaka_arm_left success 0.288407 0.292334 -0.414459 0.603452 0.299238 0.191496 0.713885 -1.556655 0.854715 2.190512 -0.680961 0.017824 -1.507508 0.810829
1776409049.653716 jaka_arm_left success 0.288552 0.292237 -0.414619 0.603635 0.299667 0.191650 0.713509 -1.555855 0.854635 2.190185 -0.680774 0.017433 -1.507008 0.811187
1776409049.662105 jaka_arm_left success 0.288715 0.292260 -0.414813 0.604670 0.299527 0.191722 0.712672 -1.555663 0.853938 2.190349 -0.680308 0.017889 -1.506511 0.811521
1776409049.670419 jaka_arm_left success 0.288832 0.292149 -0.415003 0.604847 0.299784 0.191310 0.712524 -1.555455 0.853750 2.190623 -0.680168 0.018197 -1.506319 0.811496
1776409049.678767 jaka_arm_left success 0.288964 0.292110 -0.415180 0.605240 0.300069 0.191577 0.711998 -1.552809 0.849735 2.189679 -0.693379 0.017152 -1.495298 0.810529
1776409049.686959 jaka_arm_left success 0.289080 0.292137 -0.415342 0.605927 0.300125 0.191967 0.711285 -1.552314 0.849612 2.189573 -0.692899 0.017526 -1.494414 0.811898
1776409049.695343 jaka_arm_left success 0.289219 0.292152 -0.415551 0.606608 0.299985 0.192769 0.710547 -1.551932 0.850303 2.189260 -0.692805 0.018041 -1.492922 0.814564
1776409049.703710 jaka_arm_left success 0.289343 0.292158 -0.415744 0.607249 0.299948 0.193222 0.709891 -1.551903 0.849721 2.189175 -0.692389 0.018249 -1.492467 0.814967
1776409049.712070 jaka_arm_left success 0.289510 0.292167 -0.415913 0.608206 0.299760 0.194060 0.708922 -1.548139 0.848442 2.188076 -0.704428 0.018182 -1.480795 0.818884
1776409049.720377 jaka_arm_left success 0.289657 0.292063 -0.416104 0.608353 0.299885 0.194897 0.708513 -1.548363 0.848008 2.187563 -0.704116 0.017940 -1.480495 0.819338
1776409049.728677 jaka_arm_left success 0.289754 0.291847 -0.416291 0.608192 0.300291 0.195368 0.708350 -1.547701 0.848386 2.186831 -0.703909 0.017264 -1.480036 0.820319
1776409049.737129 jaka_arm_left success 0.289810 0.291765 -0.416437 0.608590 0.300770 0.196282 0.707552 -1.542530 0.848113 2.185132 -0.709542 0.015771 -1.475063 0.824005
1776409049.745465 jaka_arm_left success 0.289914 0.291651 -0.416627 0.608720 0.301254 0.197528 0.706887 -1.542770 0.847604 2.184449 -0.708993 0.015393 -1.474449 0.824539
1776409049.753717 jaka_arm_left success 0.289989 0.291759 -0.416793 0.610086 0.301320 0.199007 0.705264 -1.535843 0.843840 2.181776 -0.727397 0.013910 -1.457217 0.829567
1776409049.762082 jaka_arm_left success 0.290103 0.291698 -0.416973 0.610525 0.301442 0.199783 0.704613 -1.535993 0.843502 2.181384 -0.727124 0.013745 -1.456941 0.829948
1776409049.770366 jaka_arm_left success 0.290252 0.291550 -0.417145 0.610474 0.301679 0.200370 0.704388 -1.535001 0.844655 2.180687 -0.726992 0.013338 -1.456004 0.832049
1776409049.778758 jaka_arm_left success 0.290427 0.291500 -0.417360 0.610563 0.301827 0.201106 0.704038 -1.535126 0.844414 2.180288 -0.726709 0.013111 -1.455685 0.832374
1776409049.787056 jaka_arm_left success 0.290603 0.291431 -0.417565 0.610623 0.301784 0.201652 0.703848 -1.534655 0.845901 2.179818 -0.726659 0.013154 -1.454210 0.834801
1776409049.795399 jaka_arm_left success 0.290666 0.291355 -0.417737 0.610753 0.302413 0.201779 0.703430 -1.534355 0.845880 2.179849 -0.726352 0.013058 -1.453875 0.834645
1776409049.803754 jaka_arm_left success 0.290794 0.291352 -0.417889 0.611314 0.302582 0.202129 0.702768 -1.534195 0.845487 2.179743 -0.725872 0.013084 -1.453348 0.834833
1776409049.812128 jaka_arm_left success 0.290910 0.291223 -0.418029 0.611311 0.303167 0.202365 0.702450 -1.532527 0.845485 2.178953 -0.734159 0.012233 -1.444248 0.835700
1776409049.820446 jaka_arm_left success 0.291088 0.291228 -0.418142 0.611712 0.303245 0.203084 0.701861 -1.531660 0.844921 2.178389 -0.734186 0.012085 -1.443789 0.836982
1776409049.828694 jaka_arm_left success 0.291285 0.291235 -0.418274 0.612089 0.303141 0.203644 0.701414 -1.531312 0.844880 2.178012 -0.734422 0.012168 -1.442810 0.838303
1776409049.837038 jaka_arm_left success 0.291357 0.291239 -0.418381 0.612290 0.303555 0.204170 0.700906 -1.524280 0.843035 2.175720 -0.748365 0.009853 -1.432013 0.841577
1776409049.845379 jaka_arm_left success 0.291295 0.290995 -0.418467 0.611268 0.305349 0.204871 0.700815 -1.523806 0.844019 2.174616 -0.747777 0.007796 -1.431363 0.840638
1776409049.853742 jaka_arm_left success 0.291394 0.290937 -0.418552 0.611085 0.305464 0.205125 0.700849 -1.523806 0.844019 2.174616 -0.747777 0.007796 -1.431363 0.840638
1776409049.862089 jaka_arm_left success 0.291459 0.290875 -0.418615 0.610752 0.305852 0.205401 0.700890 -1.523509 0.844543 2.174081 -0.747497 0.006893 -1.430961 0.840449
1776409049.870386 jaka_arm_left success 0.291485 0.290837 -0.418649 0.610620 0.305982 0.205467 0.700929 -1.523509 0.844543 2.174081 -0.747497 0.006893 -1.430961 0.840449
1776409049.878737 jaka_arm_left success 0.291526 0.290801 -0.418674 0.610484 0.305996 0.205593 0.701004 -1.523509 0.844543 2.174081 -0.747497 0.006893 -1.430961 0.840449
1776409049.887048 jaka_arm_left success 0.291570 0.290747 -0.418705 0.610271 0.305819 0.205743 0.701223 -1.523509 0.844543 2.174081 -0.747497 0.006893 -1.430961 0.840449
1776409049.895426 jaka_arm_left success 0.291640 0.290743 -0.418682 0.610435 0.304926 0.205671 0.701490 -1.524020 0.844633 2.173871 -0.747969 0.006899 -1.431402 0.840786
1776409049.903710 jaka_arm_left success 0.291637 0.290719 -0.418656 0.610388 0.304815 0.206000 0.701483 -1.524307 0.844579 2.173680 -0.748130 0.006909 -1.431550 0.841117
1776409049.912085 jaka_arm_left success 0.291640 0.290741 -0.418630 0.610541 0.304319 0.206351 0.701462 -1.524702 0.844319 2.173454 -0.748280 0.007076 -1.431691 0.841712
1776409049.920407 jaka_arm_left success 0.291614 0.290701 -0.418612 0.610233 0.304038 0.206733 0.701740 -1.524839 0.844556 2.173201 -0.748510 0.007132 -1.431976 0.842551
1776409049.928699 jaka_arm_left success 0.291561 0.290861 -0.418540 0.610953 0.303845 0.207715 0.700906 -1.523751 0.844969 2.172480 -0.747760 0.007392 -1.431196 0.845796
1776409049.937161 jaka_arm_left success 0.291513 0.290859 -0.418474 0.610976 0.303893 0.208333 0.700681 -1.522272 0.846178 2.171783 -0.747839 0.007098 -1.431044 0.848414
1776409049.945430 jaka_arm_left success 0.291464 0.290773 -0.418421 0.610564 0.304147 0.208904 0.700760 -1.522396 0.846459 2.171359 -0.747875 0.006561 -1.431059 0.848401
1776409049.953806 jaka_arm_left success 0.291352 0.290728 -0.418349 0.610316 0.304374 0.209172 0.700798 -1.521063 0.847244 2.170823 -0.748002 0.005805 -1.430959 0.849252
1776409049.962071 jaka_arm_left success 0.291269 0.290696 -0.418297 0.610095 0.304678 0.209241 0.700837 -1.521063 0.847244 2.170823 -0.748002 0.005805 -1.430959 0.849252
1776409049.970394 jaka_arm_left success 0.291248 0.290717 -0.418262 0.610032 0.304594 0.209734 0.700782 -1.520183 0.847634 2.170025 -0.748270 0.005141 -1.430870 0.850505
1776409049.978709 jaka_arm_left success 0.291207 0.290730 -0.418232 0.609945 0.304595 0.209885 0.700812 -1.520183 0.847634 2.170025 -0.748270 0.005141 -1.430870 0.850505
1776409049.987126 jaka_arm_left success 0.291194 0.290817 -0.418200 0.609949 0.304637 0.210531 0.700596 -1.518915 0.848024 2.169098 -0.748619 0.004520 -1.430560 0.852393
1776409049.995458 jaka_arm_left success 0.291148 0.290854 -0.418186 0.609915 0.304597 0.210723 0.700586 -1.518915 0.848024 2.169098 -0.748619 0.004520 -1.430560 0.852393
1776409050.003732 jaka_arm_left success 0.291147 0.290884 -0.418169 0.609768 0.304476 0.210947 0.700699 -1.518915 0.848024 2.169098 -0.748619 0.004520 -1.430560 0.852393
1776409050.020387 jaka_arm_left success 0.291154 0.290839 -0.418171 0.609292 0.304851 0.211938 0.700651 -1.516924 0.849589 2.167420 -0.749085 0.003053 -1.430208 0.855370
1776409050.028851 jaka_arm_left success 0.290946 0.291176 -0.418086 0.610034 0.305662 0.212451 0.699495 -1.511103 0.845116 2.165006 -0.758189 0.000401 -1.423992 0.856060
1776409050.037080 jaka_arm_left success 0.290891 0.291285 -0.418068 0.610184 0.306080 0.212956 0.699029 -1.509722 0.845193 2.164512 -0.763589 0.000271 -1.417565 0.857751
1776409050.045450 jaka_arm_left success 0.290855 0.291344 -0.418076 0.610121 0.306461 0.213395 0.698782 -1.509551 0.845145 2.164259 -0.763304 -0.000066 -1.417284 0.857709
1776409050.053725 jaka_arm_left success 0.290799 0.291410 -0.418095 0.610019 0.306933 0.213715 0.698567 -1.507486 0.845001 2.163385 -0.763971 -0.001152 -1.417392 0.858525
1776409050.062176 jaka_arm_left success 0.290790 0.291556 -0.418139 0.610147 0.307118 0.214033 0.698276 -1.507438 0.844752 2.163203 -0.763688 -0.001236 -1.417080 0.858679
1776409050.070398 jaka_arm_left success 0.290800 0.291616 -0.418189 0.610013 0.307234 0.214095 0.698323 -1.507438 0.844752 2.163203 -0.763688 -0.001236 -1.417080 0.858679
1776409050.078728 jaka_arm_left success 0.290844 0.291689 -0.418252 0.609944 0.307237 0.214057 0.698393 -1.507438 0.844752 2.163203 -0.763688 -0.001236 -1.417080 0.858679
1776409050.087102 jaka_arm_left success 0.290875 0.291777 -0.418321 0.609998 0.307312 0.214128 0.698291 -1.507438 0.844752 2.163203 -0.763688 -0.001236 -1.417080 0.858679
1776409050.095368 jaka_arm_left success 0.290905 0.291833 -0.418397 0.609949 0.307481 0.214162 0.698249 -1.507272 0.844848 2.162845 -0.763351 -0.001769 -1.416693 0.858550
1776409050.103695 jaka_arm_left success 0.290938 0.291881 -0.418464 0.609971 0.307726 0.214255 0.698094 -1.507272 0.844848 2.162845 -0.763351 -0.001769 -1.416693 0.858550
1776409050.112087 jaka_arm_left success 0.290929 0.291920 -0.418553 0.609911 0.308432 0.214587 0.697733 -1.501967 0.844218 2.161186 -0.772265 -0.003625 -1.409739 0.861042
1776409050.120416 jaka_arm_left success 0.290974 0.291922 -0.418643 0.609849 0.308828 0.214895 0.697516 -1.501826 0.844067 2.160863 -0.771811 -0.004013 -1.409270 0.860988
1776409050.128878 jaka_arm_left success 0.291116 0.291817 -0.418776 0.609456 0.309126 0.215450 0.697557 -1.502061 0.844353 2.160225 -0.771757 -0.004772 -1.409165 0.860964
1776409050.137054 jaka_arm_left success 0.291194 0.291807 -0.418873 0.609466 0.309657 0.215977 0.697150 -1.501803 0.844226 2.159876 -0.771138 -0.005195 -1.408510 0.860971
1776409050.145394 jaka_arm_left success 0.291282 0.291880 -0.418971 0.609992 0.309731 0.216430 0.696516 -1.501540 0.844988 2.159612 -0.771315 -0.005035 -1.406610 0.862553
1776409050.153714 jaka_arm_left success 0.291300 0.291837 -0.419057 0.610022 0.310307 0.216952 0.696070 -1.495575 0.843726 2.157644 -0.783820 -0.007087 -1.397000 0.865345
1776409050.162055 jaka_arm_left success 0.291356 0.291802 -0.419180 0.610100 0.310688 0.217496 0.695662 -1.495550 0.843316 2.157234 -0.783290 -0.007339 -1.396479 0.865585
1776409050.170432 jaka_arm_left success 0.291381 0.291757 -0.419296 0.610110 0.311189 0.217862 0.695315 -1.495390 0.843159 2.156827 -0.782746 -0.007780 -1.395914 0.865625
1776409050.178721 jaka_arm_left success 0.291454 0.291595 -0.419464 0.609380 0.311841 0.218240 0.695545 -1.495403 0.844075 2.156118 -0.782740 -0.009042 -1.395831 0.865172
1776409050.187081 jaka_arm_left success 0.291507 0.291559 -0.419626 0.609284 0.311952 0.218352 0.695544 -1.494991 0.844578 2.155950 -0.782562 -0.009320 -1.395319 0.865492
1776409050.195432 jaka_arm_left success 0.291583 0.291619 -0.419757 0.609551 0.311935 0.218432 0.695293 -1.494991 0.844578 2.155950 -0.782562 -0.009320 -1.395319 0.865492
1776409050.203733 jaka_arm_left success 0.291700 0.291643 -0.419888 0.609737 0.311768 0.218370 0.695224 -1.494947 0.844209 2.156044 -0.782380 -0.008990 -1.395101 0.865780
1776409050.212078 jaka_arm_left success 0.291757 0.291513 -0.420022 0.609370 0.311910 0.217789 0.695664 -1.494843 0.844637 2.156349 -0.782707 -0.008933 -1.395368 0.865457
1776409050.220426 jaka_arm_left success 0.291807 0.291669 -0.420155 0.610157 0.311796 0.217922 0.694984 -1.494692 0.844144 2.156488 -0.782350 -0.008563 -1.394983 0.865709
1776409050.228699 jaka_arm_left success 0.291901 0.291657 -0.420317 0.610170 0.311720 0.217946 0.694998 -1.494692 0.844144 2.156488 -0.782350 -0.008563 -1.394983 0.865709
1776409050.237131 jaka_arm_left success 0.291975 0.291575 -0.420462 0.610044 0.311820 0.218034 0.695037 -1.494692 0.844144 2.156488 -0.782350 -0.008563 -1.394983 0.865709
1776409050.245456 jaka_arm_left success 0.292028 0.291543 -0.420599 0.610280 0.311936 0.218253 0.694709 -1.494692 0.844144 2.156488 -0.782350 -0.008563 -1.394983 0.865709
1776409050.253684 jaka_arm_left success 0.292063 0.291468 -0.420736 0.610601 0.312167 0.218710 0.694179 -1.495023 0.844473 2.156410 -0.781686 -0.007948 -1.392890 0.867249
1776409050.262802 jaka_arm_left success 0.292186 0.291518 -0.420897 0.611585 0.311757 0.219512 0.693243 -1.495595 0.844396 2.156141 -0.781351 -0.007206 -1.391167 0.869170
1776409050.270396 jaka_arm_left success 0.292156 0.291436 -0.421036 0.612432 0.312049 0.219526 0.692359 -1.494795 0.843526 2.156382 -0.789150 -0.006563 -1.382197 0.869883
1776409050.278756 jaka_arm_left success 0.292280 0.291100 -0.421252 0.611842 0.312633 0.220058 0.692448 -1.492892 0.844995 2.155325 -0.789240 -0.007906 -1.382071 0.871405
1776409050.287122 jaka_arm_left success 0.292409 0.290959 -0.421452 0.612191 0.312511 0.220330 0.692108 -1.492892 0.844995 2.155325 -0.789240 -0.007906 -1.382071 0.871405
1776409050.295394 jaka_arm_left success 0.292568 0.291036 -0.421654 0.613333 0.312217 0.220750 0.691096 -1.493065 0.843485 2.155419 -0.788642 -0.006621 -1.380988 0.872967
1776409050.303829 jaka_arm_left success 0.292706 0.291024 -0.421857 0.614157 0.312108 0.220898 0.690365 -1.493363 0.843686 2.155659 -0.792662 -0.005678 -1.375206 0.874370
1776409050.312094 jaka_arm_left success 0.292862 0.290927 -0.422122 0.614498 0.312170 0.221206 0.689935 -1.493257 0.843420 2.155546 -0.792358 -0.005690 -1.374889 0.874515
1776409050.320405 jaka_arm_left success 0.292910 0.290854 -0.422330 0.614913 0.312572 0.221131 0.689407 -1.492971 0.843162 2.155602 -0.791962 -0.005614 -1.374466 0.874541
1776409050.328683 jaka_arm_left success 0.293039 0.290835 -0.422598 0.615590 0.312446 0.220985 0.688906 -1.492743 0.842709 2.155771 -0.791589 -0.005272 -1.374046 0.874723
1776409050.337202 jaka_arm_left success 0.293157 0.290752 -0.422865 0.615817 0.312643 0.220911 0.688638 -1.493507 0.842952 2.156160 -0.794621 -0.004579 -1.369402 0.875003
1776409050.345417 jaka_arm_left success 0.293306 0.290672 -0.423144 0.615875 0.312677 0.220713 0.688635 -1.493507 0.842952 2.156160 -0.794621 -0.004579 -1.369402 0.875003
1776409050.353784 jaka_arm_left success 0.293418 0.290669 -0.423401 0.616457 0.312960 0.220806 0.687955 -1.493117 0.842627 2.156373 -0.794180 -0.004351 -1.368940 0.874991
1776409050.362073 jaka_arm_left success 0.293450 0.290680 -0.423674 0.617262 0.313442 0.220628 0.687070 -1.491569 0.840328 2.156548 -0.801885 -0.004245 -1.360149 0.874256
1776409050.370400 jaka_arm_left success 0.293633 0.290614 -0.423965 0.617687 0.313307 0.220978 0.686637 -1.491766 0.839852 2.156222 -0.801769 -0.004045 -1.359914 0.875080
1776409050.378759 jaka_arm_left success 0.293725 0.290405 -0.424266 0.617360 0.314445 0.221632 0.686200 -1.489515 0.841838 2.155193 -0.802829 -0.005129 -1.357200 0.877538
1776409050.387035 jaka_arm_left success 0.293843 0.290152 -0.424545 0.617069 0.315026 0.221866 0.686119 -1.489081 0.842297 2.155068 -0.802639 -0.005603 -1.356551 0.877322
1776409050.395394 jaka_arm_left success 0.293989 0.290221 -0.424866 0.617956 0.315166 0.223127 0.684847 -1.482287 0.839439 2.151917 -0.819019 -0.007829 -1.342574 0.881945
1776409050.403729 jaka_arm_left success 0.294037 0.290068 -0.425238 0.618045 0.315706 0.223875 0.684273 -1.482159 0.839225 2.151591 -0.818507 -0.008089 -1.342070 0.882104
1776409050.412035 jaka_arm_left success 0.294124 0.289874 -0.425607 0.617954 0.315958 0.224171 0.684142 -1.482004 0.839849 2.151137 -0.818190 -0.008693 -1.341605 0.882344
1776409050.420367 jaka_arm_left success 0.294310 0.289984 -0.425957 0.619307 0.315189 0.225004 0.682999 -1.482759 0.838409 2.150990 -0.817915 -0.007180 -1.341093 0.884625
1776409050.428685 jaka_arm_left success 0.294412 0.289898 -0.426304 0.619618 0.315246 0.225097 0.682660 -1.482411 0.838301 2.151104 -0.817495 -0.007104 -1.340638 0.884632
1776409050.437049 jaka_arm_left success 0.294541 0.289771 -0.426718 0.619655 0.315248 0.225917 0.682355 -1.482179 0.841355 2.150645 -0.816576 -0.006948 -1.338111 0.887907
1776409050.445439 jaka_arm_left success 0.294613 0.289466 -0.427101 0.619014 0.315608 0.225803 0.682807 -1.482256 0.841970 2.150697 -0.816991 -0.007167 -1.338472 0.887642
1776409050.453755 jaka_arm_left success 0.294805 0.289564 -0.427436 0.620101 0.315200 0.227213 0.681541 -1.482455 0.842467 2.150103 -0.815984 -0.006422 -1.336532 0.890765
1776409050.462030 jaka_arm_left success 0.294922 0.289430 -0.427754 0.620292 0.315314 0.227943 0.681070 -1.482217 0.844618 2.149755 -0.815484 -0.006166 -1.334712 0.893468
1776409050.470400 jaka_arm_left success 0.295009 0.289107 -0.428095 0.619470 0.316092 0.229160 0.681050 -1.481472 0.847754 2.148396 -0.815148 -0.007472 -1.333433 0.896074
1776409050.478705 jaka_arm_left success 0.295083 0.288882 -0.428423 0.619393 0.316432 0.229409 0.680878 -1.481472 0.847754 2.148396 -0.815148 -0.007472 -1.333433 0.896074
1776409050.487039 jaka_arm_left success 0.295206 0.288861 -0.428683 0.619959 0.316483 0.230030 0.680129 -1.481112 0.848084 2.148178 -0.814487 -0.007220 -1.331983 0.897483
1776409050.495456 jaka_arm_left success 0.295363 0.288719 -0.428966 0.620010 0.316397 0.230965 0.679805 -1.481069 0.849926 2.147444 -0.814415 -0.007146 -1.330477 0.900426
1776409050.503762 jaka_arm_left success 0.295516 0.288655 -0.429202 0.620139 0.316464 0.231974 0.679313 -1.480690 0.851249 2.146687 -0.814318 -0.007255 -1.329022 0.902906
1776409050.512086 jaka_arm_left success 0.295672 0.288581 -0.429405 0.620536 0.316218 0.232124 0.679013 -1.480690 0.851249 2.146687 -0.814318 -0.007255 -1.329022 0.902906
1776409050.520362 jaka_arm_left success 0.295870 0.288563 -0.429549 0.621072 0.315815 0.232334 0.678639 -1.480726 0.850472 2.146794 -0.814004 -0.006628 -1.328663 0.903511
1776409050.528734 jaka_arm_left success 0.296036 0.288549 -0.429665 0.621631 0.315527 0.232538 0.678191 -1.481236 0.849854 2.147029 -0.814212 -0.005616 -1.328466 0.904480
1776409050.537094 jaka_arm_left success 0.296213 0.288438 -0.429807 0.621506 0.315303 0.232662 0.678368 -1.481506 0.850166 2.146765 -0.814285 -0.005863 -1.328273 0.904616
1776409050.545451 jaka_arm_left success 0.296322 0.288295 -0.429916 0.621142 0.315336 0.232533 0.678730 -1.481449 0.850531 2.146944 -0.814481 -0.005884 -1.328382 0.904396
1776409050.553756 jaka_arm_left success 0.296471 0.288035 -0.430027 0.619987 0.315667 0.233102 0.679436 -1.481467 0.852182 2.146170 -0.814465 -0.007414 -1.328103 0.903920
1776409050.562132 jaka_arm_left success 0.296543 0.287858 -0.430089 0.619317 0.315739 0.232972 0.680059 -1.481747 0.852623 2.146144 -0.814944 -0.007511 -1.328531 0.903887
1776409050.570392 jaka_arm_left success 0.296618 0.287791 -0.430119 0.618884 0.315625 0.233321 0.680386 -1.481990 0.853569 2.145902 -0.815262 -0.007865 -1.328750 0.904126
1776409050.578741 jaka_arm_left success 0.296688 0.287740 -0.430132 0.618411 0.315421 0.233693 0.680783 -1.481899 0.856230 2.145512 -0.814986 -0.007778 -1.328683 0.906787
1776409050.587059 jaka_arm_left success 0.296746 0.287761 -0.430120 0.618061 0.315121 0.234165 0.681078 -1.482104 0.856342 2.145354 -0.815147 -0.007889 -1.328864 0.906880
1776409050.595435 jaka_arm_left success 0.296820 0.287799 -0.430111 0.617576 0.314410 0.234448 0.681748 -1.481486 0.857953 2.144801 -0.814268 -0.008008 -1.331424 0.909135
1776409050.603759 jaka_arm_left success 0.296840 0.287890 -0.430087 0.617457 0.313841 0.234623 0.682058 -1.484422 0.858468 2.145620 -0.805433 -0.006993 -1.339532 0.908191
1776409050.612082 jaka_arm_left success 0.296837 0.287949 -0.430026 0.617200 0.313392 0.234427 0.682565 -1.485195 0.859364 2.145865 -0.805445 -0.006741 -1.339746 0.908280
1776409050.620449 jaka_arm_left success 0.296838 0.288083 -0.429968 0.617254 0.312664 0.234670 0.682766 -1.486806 0.860502 2.146270 -0.802893 -0.005752 -1.341773 0.909275
1776409050.628693 jaka_arm_left success 0.296846 0.288023 -0.429946 0.616396 0.312472 0.235384 0.683383 -1.487011 0.862628 2.145647 -0.798737 -0.006400 -1.346304 0.910485
1776409050.637092 jaka_arm_left success 0.296833 0.288148 -0.429865 0.616434 0.311910 0.235383 0.683605 -1.487956 0.862123 2.145936 -0.798622 -0.005746 -1.346963 0.910433
1776409050.645407 jaka_arm_left success 0.296818 0.288168 -0.429809 0.616004 0.311695 0.235574 0.684025 -1.488892 0.863199 2.146163 -0.794442 -0.005552 -1.351069 0.910465
1776409050.653685 jaka_arm_left success 0.296735 0.288144 -0.429784 0.615284 0.311915 0.235508 0.684595 -1.488806 0.864209 2.145862 -0.794403 -0.006539 -1.351203 0.909692
1776409050.662062 jaka_arm_left success 0.296739 0.288178 -0.429727 0.614784 0.311772 0.235551 0.685094 -1.489830 0.865254 2.146099 -0.790528 -0.006372 -1.355453 0.909580
1776409050.670367 jaka_arm_left success 0.296714 0.288256 -0.429688 0.614608 0.311469 0.235657 0.685353 -1.492727 0.867113 2.146723 -0.786483 -0.005499 -1.357283 0.909602
1776409050.678809 jaka_arm_left success 0.296769 0.288422 -0.429638 0.614431 0.311038 0.236563 0.685396 -1.492669 0.867122 2.146019 -0.785932 -0.005714 -1.358548 0.910860
1776409050.687101 jaka_arm_left success 0.296785 0.288521 -0.429616 0.614292 0.310666 0.236826 0.685599 -1.492307 0.867596 2.145643 -0.784571 -0.005832 -1.360689 0.911959
1776409050.695449 jaka_arm_left success 0.296782 0.288613 -0.429598 0.614158 0.310465 0.237067 0.685726 -1.492307 0.867596 2.145643 -0.784571 -0.005832 -1.360689 0.911959
1776409050.703699 jaka_arm_left success 0.296790 0.288750 -0.429583 0.614300 0.310254 0.237145 0.685668 -1.494769 0.868483 2.146128 -0.776632 -0.004993 -1.367338 0.911902
1776409050.712139 jaka_arm_left success 0.296806 0.288860 -0.429568 0.614389 0.310090 0.237355 0.685589 -1.494769 0.868483 2.146128 -0.776632 -0.004993 -1.367338 0.911902
1776409050.720502 jaka_arm_left success 0.296817 0.288857 -0.429578 0.613756 0.310512 0.237399 0.685951 -1.494943 0.868872 2.145854 -0.776752 -0.005424 -1.367451 0.911764
1776409050.728731 jaka_arm_left success 0.296834 0.288927 -0.429583 0.613736 0.310550 0.237437 0.685938 -1.494943 0.868872 2.145854 -0.776752 -0.005424 -1.367451 0.911764
1776409050.737103 jaka_arm_left success 0.296832 0.289076 -0.429598 0.613947 0.310708 0.237717 0.685580 -1.494849 0.868702 2.145642 -0.776337 -0.005592 -1.367056 0.911860
1776409050.745414 jaka_arm_left success 0.296856 0.289170 -0.429611 0.614099 0.310829 0.237897 0.685326 -1.494849 0.868702 2.145642 -0.776337 -0.005592 -1.367056 0.911860
1776409050.753681 jaka_arm_left success 0.296874 0.289250 -0.429629 0.614231 0.310928 0.237882 0.685169 -1.494849 0.868702 2.145642 -0.776337 -0.005592 -1.367056 0.911860
1776409050.762074 jaka_arm_left success 0.296899 0.289307 -0.429647 0.614208 0.311066 0.237846 0.685139 -1.494679 0.868511 2.145522 -0.775904 -0.005690 -1.366635 0.911909
1776409050.770404 jaka_arm_left success 0.296928 0.289399 -0.429665 0.614330 0.311058 0.237526 0.685145 -1.494679 0.868511 2.145522 -0.775904 -0.005690 -1.366635 0.911909
1776409050.778694 jaka_arm_left success 0.296975 0.289429 -0.429695 0.614188 0.311201 0.237248 0.685304 -1.494455 0.868687 2.145753 -0.775856 -0.005671 -1.366583 0.911607
1776409050.787154 jaka_arm_left success 0.297005 0.289477 -0.429721 0.614192 0.311349 0.237038 0.685305 -1.494455 0.868687 2.145753 -0.775856 -0.005671 -1.366583 0.911607
1776409050.795435 jaka_arm_left success 0.297027 0.289559 -0.429749 0.614372 0.311409 0.236904 0.685163 -1.494455 0.868687 2.145753 -0.775856 -0.005671 -1.366583 0.911607
1776409050.803654 jaka_arm_left success 0.297031 0.289599 -0.429769 0.614468 0.311555 0.236777 0.685055 -1.494494 0.868450 2.146291 -0.775431 -0.005464 -1.366041 0.910597
1776409050.812080 jaka_arm_left success 0.297000 0.289637 -0.429735 0.614710 0.311716 0.236423 0.684886 -1.494494 0.868450 2.146291 -0.775431 -0.005464 -1.366041 0.910597
1776409050.820442 jaka_arm_left success 0.297001 0.289653 -0.429730 0.614835 0.311809 0.236583 0.684676 -1.494494 0.868450 2.146291 -0.775431 -0.005464 -1.366041 0.910597
1776409050.828803 jaka_arm_left success 0.297009 0.289589 -0.429745 0.614619 0.312049 0.236957 0.684632 -1.494494 0.868450 2.146291 -0.775431 -0.005464 -1.366041 0.910597
1776409050.837038 jaka_arm_left success 0.296992 0.289570 -0.429743 0.614721 0.312101 0.237203 0.684431 -1.494416 0.868172 2.146061 -0.774969 -0.005617 -1.365568 0.910697
1776409050.845382 jaka_arm_left success 0.296966 0.289501 -0.429748 0.614676 0.312140 0.237260 0.684434 -1.494416 0.868172 2.146061 -0.774969 -0.005617 -1.365568 0.910697
1776409050.853694 jaka_arm_left success 0.296949 0.289477 -0.429751 0.614778 0.312005 0.237272 0.684400 -1.494416 0.868172 2.146061 -0.774969 -0.005617 -1.365568 0.910697
1776409050.862066 jaka_arm_left success 0.296937 0.289530 -0.429734 0.615220 0.311653 0.236964 0.684270 -1.494416 0.868172 2.146061 -0.774969 -0.005617 -1.365568 0.910697
1776409050.870372 jaka_arm_left success 0.296970 0.289446 -0.429771 0.614938 0.311472 0.237067 0.684569 -1.494416 0.868172 2.146061 -0.774969 -0.005617 -1.365568 0.910697
1776409050.878700 jaka_arm_left success 0.296977 0.289399 -0.429788 0.614811 0.311304 0.236904 0.684817 -1.494775 0.868197 2.146172 -0.775389 -0.005353 -1.365947 0.910841
1776409050.887061 jaka_arm_left success 0.296985 0.289365 -0.429801 0.614789 0.311121 0.236818 0.684949 -1.494775 0.868197 2.146172 -0.775389 -0.005353 -1.365947 0.910841
1776409050.895417 jaka_arm_left success 0.296992 0.289347 -0.429805 0.614816 0.310921 0.236707 0.685055 -1.495037 0.868186 2.146516 -0.775823 -0.004874 -1.366346 0.910915
1776409050.903689 jaka_arm_left success 0.296994 0.289304 -0.429804 0.614761 0.310803 0.236558 0.685208 -1.495037 0.868186 2.146516 -0.775823 -0.004874 -1.366346 0.910915
1776409050.912109 jaka_arm_left success 0.296987 0.289308 -0.429795 0.614932 0.310539 0.236432 0.685218 -1.495394 0.867876 2.146967 -0.776013 -0.004213 -1.366516 0.910909
1776409050.920449 jaka_arm_left success 0.296971 0.289287 -0.429786 0.614955 0.310389 0.236340 0.685297 -1.495394 0.867876 2.146967 -0.776013 -0.004213 -1.366516 0.910909
1776409050.928783 jaka_arm_left success 0.296955 0.289261 -0.429774 0.614959 0.310144 0.236236 0.685440 -1.496200 0.867793 2.147362 -0.776147 -0.003870 -1.366810 0.910252
1776409050.937077 jaka_arm_left success 0.296943 0.289297 -0.429755 0.615183 0.309897 0.236408 0.685292 -1.496200 0.867793 2.147362 -0.776147 -0.003870 -1.366810 0.910252
1776409050.945386 jaka_arm_left success 0.296964 0.289322 -0.429729 0.615638 0.309015 0.236232 0.685342 -1.496857 0.866775 2.147622 -0.776425 -0.002713 -1.367126 0.911230
1776409050.953763 jaka_arm_left success 0.296941 0.289336 -0.429706 0.615789 0.308746 0.236140 0.685360 -1.497276 0.866481 2.148014 -0.776368 -0.002227 -1.367357 0.910961
1776409050.962023 jaka_arm_left success 0.296928 0.289128 -0.429676 0.614901 0.309022 0.235835 0.686137 -1.503579 0.869451 2.149692 -0.765408 -0.001363 -1.374689 0.907370
1776409050.970378 jaka_arm_left success 0.296895 0.289077 -0.429640 0.614739 0.309046 0.235773 0.686293 -1.503579 0.869451 2.149692 -0.765408 -0.001363 -1.374689 0.907370
1776409050.978744 jaka_arm_left success 0.296886 0.289036 -0.429600 0.614583 0.308748 0.235659 0.686605 -1.503579 0.869451 2.149692 -0.765408 -0.001363 -1.374689 0.907370
1776409050.987066 jaka_arm_left success 0.296807 0.289093 -0.429526 0.614901 0.308530 0.235480 0.686480 -1.503587 0.869524 2.150160 -0.765823 -0.000845 -1.375152 0.907406
1776409050.995648 jaka_arm_left success 0.296708 0.289077 -0.429482 0.614726 0.308693 0.235586 0.686527 -1.503587 0.869524 2.150160 -0.765823 -0.000845 -1.375152 0.907406
1776409051.003745 jaka_arm_left success 0.296658 0.289180 -0.429401 0.615303 0.308247 0.235328 0.686299 -1.503587 0.869524 2.150160 -0.765823 -0.000845 -1.375152 0.907406
1776409051.020451 jaka_arm_left success 0.296570 0.289307 -0.429344 0.616032 0.308226 0.235316 0.685659 -1.503313 0.868669 2.150473 -0.765328 -0.000144 -1.374715 0.907827
1776409051.028688 jaka_arm_left success 0.296561 0.288926 -0.429272 0.614358 0.308190 0.234942 0.687303 -1.503234 0.870210 2.150795 -0.766466 -0.000675 -1.376106 0.906799
1776409051.037055 jaka_arm_left success 0.296545 0.288802 -0.429261 0.613876 0.308058 0.234912 0.687803 -1.503555 0.870377 2.150568 -0.766766 -0.000857 -1.376448 0.906893
1776409051.045432 jaka_arm_left success 0.296424 0.288757 -0.429204 0.613746 0.308309 0.234308 0.688012 -1.503157 0.870682 2.150820 -0.766866 -0.000998 -1.376941 0.906340
1776409051.053681 jaka_arm_left success 0.296383 0.288717 -0.429180 0.613680 0.308334 0.234025 0.688156 -1.503157 0.870682 2.150820 -0.766866 -0.000998 -1.376941 0.906340
1776409051.062100 jaka_arm_left success 0.296350 0.288802 -0.429160 0.614212 0.308051 0.233916 0.687846 -1.502984 0.870300 2.151213 -0.766804 -0.000467 -1.376992 0.906412
1776409051.070388 jaka_arm_left success 0.296300 0.288646 -0.429137 0.613795 0.308472 0.233549 0.688154 -1.502836 0.870714 2.151371 -0.767012 -0.000641 -1.377270 0.905954
1776409051.078706 jaka_arm_left success 0.296266 0.288598 -0.429122 0.613961 0.308526 0.233114 0.688129 -1.502836 0.870714 2.151371 -0.767012 -0.000641 -1.377270 0.905954
1776409051.087125 jaka_arm_left success 0.296276 0.288677 -0.429120 0.614781 0.308215 0.232883 0.687614 -1.502707 0.869120 2.152142 -0.766676 0.000238 -1.377557 0.905143
1776409051.095510 jaka_arm_left success 0.296249 0.288639 -0.429118 0.615048 0.308403 0.232490 0.687424 -1.502707 0.869120 2.152142 -0.766676 0.000238 -1.377557 0.905143
1776409051.103690 jaka_arm_left success 0.296200 0.288585 -0.429111 0.615260 0.308669 0.232022 0.687273 -1.502424 0.868267 2.152970 -0.766353 0.000756 -1.377372 0.903897
1776409051.112085 jaka_arm_left success 0.296052 0.288294 -0.429129 0.614899 0.309424 0.230373 0.687812 -1.503645 0.866802 2.154094 -0.766750 0.000301 -1.377921 0.898661
1776409051.120383 jaka_arm_left success 0.296005 0.288150 -0.429146 0.614795 0.309754 0.230096 0.687848 -1.503645 0.866802 2.154094 -0.766750 0.000301 -1.377921 0.898661
1776409051.128676 jaka_arm_left success 0.295950 0.288207 -0.429133 0.615749 0.309592 0.230155 0.687048 -1.503323 0.866288 2.154364 -0.766286 0.000725 -1.377460 0.898797
1776409051.137028 jaka_arm_left success 0.295946 0.288220 -0.429080 0.616790 0.308483 0.229424 0.686857 -1.503325 0.864983 2.155544 -0.766371 0.002708 -1.377501 0.899513
1776409051.145416 jaka_arm_left success 0.295883 0.288051 -0.429059 0.616642 0.308498 0.229197 0.687059 -1.503325 0.864983 2.155544 -0.766371 0.002708 -1.377501 0.899513
1776409051.153703 jaka_arm_left success 0.295784 0.287958 -0.429022 0.616779 0.308475 0.229260 0.686925 -1.503325 0.864983 2.155544 -0.766371 0.002708 -1.377501 0.899513
1776409051.162055 jaka_arm_left success 0.295711 0.287934 -0.428950 0.617087 0.308206 0.229438 0.686710 -1.503765 0.864776 2.155627 -0.766737 0.003088 -1.377786 0.899807
1776409051.170532 jaka_arm_left success 0.295546 0.287830 -0.428872 0.617108 0.308197 0.229451 0.686691 -1.503765 0.864776 2.155627 -0.766737 0.003088 -1.377786 0.899807
1776409051.178741 jaka_arm_left success 0.295433 0.287657 -0.428745 0.617160 0.307189 0.228471 0.687423 -1.503994 0.864995 2.156575 -0.767764 0.004056 -1.378746 0.899626
1776409051.187140 jaka_arm_left success 0.295295 0.287535 -0.428630 0.617132 0.306685 0.228377 0.687703 -1.504406 0.864748 2.156904 -0.768288 0.004674 -1.379241 0.899828
1776409051.195450 jaka_arm_left success 0.295144 0.287237 -0.428479 0.616277 0.306650 0.227863 0.688656 -1.504479 0.865397 2.157104 -0.768856 0.004508 -1.379800 0.899313
1776409051.203868 jaka_arm_left success 0.294968 0.287226 -0.428353 0.616459 0.306383 0.228169 0.688511 -1.504479 0.865397 2.157104 -0.768856 0.004508 -1.379800 0.899313
1776409051.212168 jaka_arm_left success 0.294674 0.287245 -0.428186 0.616824 0.306629 0.228201 0.688063 -1.504375 0.865064 2.157129 -0.768611 0.004637 -1.379583 0.899395
1776409051.220434 jaka_arm_left success 0.294484 0.287183 -0.428037 0.616669 0.306673 0.228344 0.688135 -1.504375 0.865064 2.157129 -0.768611 0.004637 -1.379583 0.899395
1776409051.228670 jaka_arm_left success 0.294380 0.287196 -0.427876 0.617234 0.305469 0.228182 0.688218 -1.505085 0.864345 2.157266 -0.769206 0.005498 -1.380212 0.900180
1776409051.237072 jaka_arm_left success 0.294285 0.287081 -0.427743 0.616975 0.304932 0.227858 0.688795 -1.505206 0.864522 2.157596 -0.769757 0.005779 -1.380803 0.900033
1776409051.245364 jaka_arm_left success 0.294121 0.286896 -0.427609 0.616496 0.304693 0.227688 0.689386 -1.505130 0.864604 2.157985 -0.770370 0.005958 -1.381737 0.899568
1776409051.253721 jaka_arm_left success 0.293922 0.286628 -0.427489 0.615118 0.305111 0.226950 0.690674 -1.504484 0.864937 2.157737 -0.770935 0.004566 -1.383894 0.897666
1776409051.262075 jaka_arm_left success 0.293699 0.286843 -0.427330 0.616307 0.304645 0.227535 0.689627 -1.504502 0.863825 2.157589 -0.770304 0.005041 -1.383349 0.898413
1776409051.270361 jaka_arm_left success 0.293518 0.286687 -0.427196 0.615980 0.304694 0.227164 0.690019 -1.504502 0.863825 2.157589 -0.770304 0.005041 -1.383349 0.898413
1776409051.278716 jaka_arm_left success 0.293447 0.286674 -0.427125 0.616094 0.304228 0.227146 0.690129 -1.504769 0.863845 2.157761 -0.770825 0.005348 -1.383927 0.898546
1776409051.287083 jaka_arm_left success 0.293372 0.286627 -0.427042 0.616037 0.304001 0.227108 0.690293 -1.504610 0.863372 2.158054 -0.771032 0.005832 -1.384532 0.898701
1776409051.295469 jaka_arm_left success 0.293296 0.286569 -0.426980 0.615982 0.303860 0.227049 0.690423 -1.504610 0.863372 2.158054 -0.771032 0.005832 -1.384532 0.898701
1776409051.303703 jaka_arm_left success 0.293294 0.286536 -0.426902 0.616296 0.302908 0.226773 0.690652 -1.504846 0.862656 2.158740 -0.771743 0.007048 -1.385629 0.899158
1776409051.312068 jaka_arm_left success 0.293117 0.286357 -0.426861 0.615415 0.303667 0.226372 0.691235 -1.504028 0.863510 2.158134 -0.771703 0.005279 -1.386708 0.897699
1776409051.320405 jaka_arm_left success 0.293023 0.286317 -0.426797 0.615555 0.303626 0.226317 0.691146 -1.504028 0.863510 2.158134 -0.771703 0.005279 -1.386708 0.897699
1776409051.328734 jaka_arm_left success 0.292884 0.286261 -0.426786 0.615535 0.303611 0.226054 0.691257 -1.504028 0.863510 2.158134 -0.771703 0.005279 -1.386708 0.897699
1776409051.337065 jaka_arm_left success 0.292808 0.286324 -0.426747 0.615824 0.303407 0.226059 0.691088 -1.503846 0.863072 2.158502 -0.771612 0.005833 -1.386717 0.897846
1776409051.345370 jaka_arm_left success 0.292729 0.286352 -0.426696 0.615852 0.303513 0.226325 0.690929 -1.503846 0.863072 2.158502 -0.771612 0.005833 -1.386717 0.897846
1776409051.353716 jaka_arm_left success 0.292657 0.286290 -0.426648 0.615619 0.303562 0.226094 0.691191 -1.503846 0.863072 2.158502 -0.771612 0.005833 -1.386717 0.897846
1776409051.362061 jaka_arm_left success 0.292575 0.286281 -0.426599 0.615557 0.303711 0.226059 0.691192 -1.503846 0.863072 2.158502 -0.771612 0.005833 -1.386717 0.897846
1776409051.370454 jaka_arm_left success 0.292493 0.286218 -0.426529 0.615285 0.303999 0.225894 0.691361 -1.503348 0.863354 2.158465 -0.771573 0.005333 -1.387015 0.897262
1776409051.378695 jaka_arm_left success 0.292433 0.286299 -0.426492 0.615407 0.303980 0.225910 0.691256 -1.503348 0.863354 2.158465 -0.771573 0.005333 -1.387015 0.897262
1776409051.387113 jaka_arm_left success 0.292415 0.286175 -0.426483 0.614458 0.304141 0.225506 0.692161 -1.502903 0.863746 2.158290 -0.772122 0.004519 -1.388634 0.896383
1776409051.395381 jaka_arm_left success 0.292357 0.286183 -0.426455 0.614258 0.304311 0.225547 0.692250 -1.502583 0.864057 2.158010 -0.771930 0.003853 -1.388703 0.895961
1776409051.403722 jaka_arm_left success 0.292329 0.286219 -0.426436 0.614101 0.304215 0.225344 0.692498 -1.502458 0.863726 2.158277 -0.772111 0.004224 -1.389318 0.895994
1776409051.412068 jaka_arm_left success 0.292315 0.286253 -0.426408 0.613932 0.304103 0.225244 0.692730 -1.502206 0.863503 2.157950 -0.772106 0.003696 -1.390486 0.895656
1776409051.420369 jaka_arm_left success 0.292278 0.286327 -0.426360 0.613840 0.304157 0.225180 0.692808 -1.502206 0.863503 2.157950 -0.772106 0.003696 -1.390486 0.895656
1776409051.428712 jaka_arm_left success 0.292239 0.286361 -0.426330 0.613691 0.304130 0.225001 0.693010 -1.502206 0.863503 2.157950 -0.772106 0.003696 -1.390486 0.895656
1776409051.437177 jaka_arm_left success 0.292214 0.286504 -0.426266 0.613830 0.303973 0.225471 0.692804 -1.502172 0.863170 2.157763 -0.771967 0.003649 -1.390787 0.895841
1776409051.445378 jaka_arm_left success 0.292181 0.286646 -0.426240 0.614155 0.303494 0.225583 0.692688 -1.502209 0.862596 2.157917 -0.771993 0.004163 -1.391238 0.896239
1776409051.453737 jaka_arm_left success 0.291991 0.286663 -0.426186 0.613817 0.304393 0.225322 0.692679 -1.501593 0.863077 2.157903 -0.771630 0.003549 -1.391000 0.895522
1776409051.462053 jaka_arm_left success 0.291921 0.286703 -0.426135 0.613735 0.304249 0.225162 0.692867 -1.501593 0.863077 2.157903 -0.771630 0.003549 -1.391000 0.895522
1776409051.470386 jaka_arm_left success 0.291757 0.286718 -0.426041 0.613816 0.304418 0.224337 0.692988 -1.500833 0.862226 2.158452 -0.771706 0.003478 -1.392524 0.893928
1776409051.478751 jaka_arm_left success 0.291641 0.286655 -0.425973 0.613269 0.304671 0.224111 0.693434 -1.500940 0.862611 2.158313 -0.771957 0.003136 -1.392827 0.893693
1776409051.487073 jaka_arm_left success 0.291567 0.286671 -0.425924 0.613139 0.304648 0.224174 0.693539 -1.500940 0.862611 2.158313 -0.771957 0.003136 -1.392827 0.893693
1776409051.495384 jaka_arm_left success 0.291535 0.286407 -0.425872 0.611899 0.304535 0.223416 0.694927 -1.501235 0.863783 2.158271 -0.765655 0.002009 -1.401971 0.891935
1776409051.503770 jaka_arm_left success 0.291495 0.286449 -0.425827 0.611756 0.304304 0.223733 0.695052 -1.501235 0.863783 2.158271 -0.765655 0.002009 -1.401971 0.891935
1776409051.512108 jaka_arm_left success 0.291365 0.286587 -0.425788 0.611874 0.304690 0.224035 0.694681 -1.501235 0.863783 2.158271 -0.765655 0.002009 -1.401971 0.891935
1776409051.520392 jaka_arm_left success 0.291416 0.286672 -0.425729 0.612087 0.303740 0.224235 0.694845 -1.501881 0.863076 2.158157 -0.765603 0.002682 -1.402016 0.892957
1776409051.528690 jaka_arm_left success 0.291381 0.286697 -0.425697 0.612065 0.303411 0.223871 0.695126 -1.503509 0.864262 2.158847 -0.763505 0.003305 -1.403378 0.892474
1776409051.537018 jaka_arm_left success 0.291307 0.286726 -0.425626 0.612051 0.303310 0.223606 0.695267 -1.503509 0.864262 2.158847 -0.763505 0.003305 -1.403378 0.892474
1776409051.545456 jaka_arm_left success 0.291202 0.286822 -0.425575 0.612046 0.303680 0.223999 0.694984 -1.503509 0.864262 2.158847 -0.763505 0.003305 -1.403378 0.892474
1776409051.553726 jaka_arm_left success 0.291147 0.286769 -0.425550 0.611716 0.303811 0.223624 0.695338 -1.503363 0.864660 2.158925 -0.763623 0.003083 -1.403561 0.892099
1776409051.562093 jaka_arm_left success 0.291055 0.286808 -0.425496 0.611819 0.303940 0.223368 0.695274 -1.503363 0.864660 2.158925 -0.763623 0.003083 -1.403561 0.892099
1776409051.570402 jaka_arm_left success 0.291019 0.286794 -0.425464 0.611658 0.304025 0.223378 0.695374 -1.503363 0.864660 2.158925 -0.763623 0.003083 -1.403561 0.892099
1776409051.578723 jaka_arm_left success 0.291015 0.286742 -0.425462 0.611399 0.303829 0.223276 0.695721 -1.503282 0.865029 2.159052 -0.763848 0.002956 -1.403853 0.891760
1776409051.587072 jaka_arm_left success 0.290990 0.286725 -0.425429 0.611368 0.303576 0.223054 0.695929 -1.503223 0.864593 2.159258 -0.763907 0.003060 -1.404983 0.891264
1776409051.595423 jaka_arm_left success 0.290978 0.286683 -0.425416 0.611096 0.303614 0.223250 0.696089 -1.503223 0.864593 2.159258 -0.763907 0.003060 -1.404983 0.891264
1776409051.603718 jaka_arm_left success 0.290963 0.286678 -0.425398 0.611032 0.303513 0.223191 0.696208 -1.503345 0.864764 2.159089 -0.764008 0.002831 -1.405146 0.891218
1776409051.612146 jaka_arm_left success 0.290950 0.286682 -0.425388 0.610982 0.303392 0.223135 0.696323 -1.503345 0.864764 2.159089 -0.764008 0.002831 -1.405146 0.891218
1776409051.620379 jaka_arm_left success 0.290991 0.286690 -0.425366 0.611139 0.302911 0.222929 0.696460 -1.505243 0.865075 2.159969 -0.755403 0.003892 -1.413562 0.890641
1776409051.628723 jaka_arm_left success 0.290964 0.286741 -0.425345 0.611180 0.303130 0.223059 0.696287 -1.505243 0.865075 2.159969 -0.755403 0.003892 -1.413562 0.890641
1776409051.637043 jaka_arm_left success 0.290961 0.286751 -0.425327 0.611241 0.303000 0.223033 0.696299 -1.505243 0.865075 2.159969 -0.755403 0.003892 -1.413562 0.890641
1776409051.645417 jaka_arm_left success 0.290938 0.286631 -0.425316 0.610564 0.303380 0.222828 0.696793 -1.505277 0.865843 2.159769 -0.755602 0.003254 -1.413740 0.890157
1776409051.653770 jaka_arm_left success 0.290926 0.286646 -0.425309 0.610567 0.303393 0.222800 0.696793 -1.505277 0.865843 2.159769 -0.755602 0.003254 -1.413740 0.890157
1776409051.662157 jaka_arm_left success 0.290863 0.286704 -0.425300 0.610897 0.303250 0.222522 0.696655 -1.505277 0.865843 2.159769 -0.755602 0.003254 -1.413740 0.890157
1776409051.670487 jaka_arm_left success 0.290782 0.286722 -0.425302 0.610645 0.303894 0.222589 0.696574 -1.504881 0.865906 2.159889 -0.755230 0.003147 -1.413381 0.889855
1776409051.678711 jaka_arm_left success 0.290734 0.286755 -0.425284 0.610678 0.304121 0.222673 0.696420 -1.504881 0.865906 2.159889 -0.755230 0.003147 -1.413381 0.889855
1776409051.687058 jaka_arm_left success 0.290758 0.286753 -0.425300 0.610481 0.303928 0.222485 0.696736 -1.504881 0.865906 2.159889 -0.755230 0.003147 -1.413381 0.889855
1776409051.695396 jaka_arm_left success 0.290759 0.286772 -0.425297 0.610427 0.303908 0.222583 0.696760 -1.504881 0.865906 2.159889 -0.755230 0.003147 -1.413381 0.889855
1776409051.703721 jaka_arm_left success 0.290759 0.286782 -0.425301 0.610339 0.303975 0.222656 0.696785 -1.504881 0.865906 2.159889 -0.755230 0.003147 -1.413381 0.889855
1776409051.712048 jaka_arm_left success 0.290753 0.286806 -0.425304 0.610311 0.303952 0.222727 0.696798 -1.504881 0.865906 2.159889 -0.755230 0.003147 -1.413381 0.889855
1776409051.720401 jaka_arm_left success 0.290759 0.286810 -0.425308 0.610192 0.304028 0.222790 0.696848 -1.504983 0.866413 2.159561 -0.755305 0.002544 -1.413462 0.889581
1776409051.728688 jaka_arm_left success 0.290767 0.286832 -0.425316 0.610161 0.304046 0.222848 0.696849 -1.504983 0.866413 2.159561 -0.755305 0.002544 -1.413462 0.889581
1776409051.737034 jaka_arm_left success 0.290843 0.286948 -0.425315 0.610262 0.303820 0.223656 0.696601 -1.505298 0.866125 2.159013 -0.755041 0.002276 -1.413221 0.890037
1776409051.745457 jaka_arm_left success 0.290893 0.286990 -0.425336 0.610217 0.303591 0.223696 0.696726 -1.505298 0.866125 2.159013 -0.755041 0.002276 -1.413221 0.890037
1776409051.753726 jaka_arm_left success 0.290905 0.287019 -0.425333 0.610243 0.303594 0.223720 0.696695 -1.505298 0.866125 2.159013 -0.755041 0.002276 -1.413221 0.890037
1776409051.762060 jaka_arm_left success 0.290972 0.287074 -0.425350 0.610231 0.303378 0.223885 0.696746 -1.505591 0.867093 2.158881 -0.754429 0.002539 -1.413435 0.891365
1776409051.770338 jaka_arm_left success 0.291000 0.287186 -0.425333 0.610570 0.303178 0.223955 0.696513 -1.505591 0.867093 2.158881 -0.754429 0.002539 -1.413435 0.891365
1776409051.778764 jaka_arm_left success 0.291011 0.287211 -0.425370 0.610525 0.303322 0.224094 0.696446 -1.505591 0.867093 2.158881 -0.754429 0.002539 -1.413435 0.891365
1776409051.787079 jaka_arm_left success 0.291001 0.287099 -0.425399 0.609939 0.303758 0.223690 0.696899 -1.505591 0.867093 2.158881 -0.754429 0.002539 -1.413435 0.891365
1776409051.795429 jaka_arm_left success 0.291045 0.287199 -0.425390 0.610267 0.303541 0.223729 0.696694 -1.505591 0.867093 2.158881 -0.754429 0.002539 -1.413435 0.891365
1776409051.803661 jaka_arm_left success 0.291044 0.287158 -0.425363 0.610118 0.303630 0.223364 0.696903 -1.505361 0.867322 2.159157 -0.754466 0.002581 -1.413508 0.891013
1776409051.812088 jaka_arm_left success 0.291027 0.287085 -0.425399 0.609908 0.303856 0.222738 0.697188 -1.507272 0.866893 2.160040 -0.752313 0.002853 -1.415123 0.888180
1776409051.820428 jaka_arm_left success 0.291043 0.287093 -0.425432 0.609857 0.303823 0.222587 0.697295 -1.507272 0.866893 2.160040 -0.752313 0.002853 -1.415123 0.888180
1776409051.828796 jaka_arm_left success 0.291074 0.287136 -0.425448 0.609923 0.303792 0.222817 0.697177 -1.507272 0.866893 2.160040 -0.752313 0.002853 -1.415123 0.888180
1776409051.837079 jaka_arm_left success 0.291154 0.287076 -0.425494 0.609648 0.303691 0.222640 0.697519 -1.507898 0.868838 2.160461 -0.749631 0.003281 -1.417155 0.888896
1776409051.845427 jaka_arm_left success 0.291223 0.287105 -0.425532 0.609757 0.303700 0.222847 0.697353 -1.508341 0.868390 2.159934 -0.749358 0.003101 -1.416991 0.889339
1776409051.853706 jaka_arm_left success 0.291183 0.287027 -0.425567 0.609598 0.303993 0.222283 0.697545 -1.507861 0.868869 2.160517 -0.749476 0.003220 -1.417137 0.888655
1776409051.862064 jaka_arm_left success 0.291156 0.287015 -0.425582 0.609716 0.304139 0.221837 0.697520 -1.508176 0.868479 2.161110 -0.749204 0.003398 -1.417357 0.887162
1776409051.870432 jaka_arm_left success 0.291240 0.287114 -0.425621 0.610098 0.303883 0.222365 0.697129 -1.508479 0.867990 2.160804 -0.748991 0.003467 -1.417172 0.887653
1776409051.878854 jaka_arm_left success 0.291293 0.287245 -0.425643 0.610783 0.303493 0.222853 0.696544 -1.508724 0.867163 2.160612 -0.748608 0.003838 -1.416812 0.888364
1776409051.887076 jaka_arm_left success 0.291309 0.287241 -0.425680 0.610878 0.303379 0.222648 0.696575 -1.508724 0.867163 2.160612 -0.748608 0.003838 -1.416812 0.888364
1776409051.895424 jaka_arm_left success 0.291347 0.287201 -0.425699 0.610845 0.303290 0.222628 0.696649 -1.509133 0.866896 2.161114 -0.749067 0.004751 -1.417265 0.888772
1776409051.903650 jaka_arm_left success 0.291347 0.287214 -0.425700 0.610971 0.303222 0.222910 0.696479 -1.509133 0.866896 2.161114 -0.749067 0.004751 -1.417265 0.888772
1776409051.912110 jaka_arm_left success 0.291318 0.287159 -0.425709 0.610921 0.303269 0.222768 0.696547 -1.509133 0.866896 2.161114 -0.749067 0.004751 -1.417265 0.888772
1776409051.920399 jaka_arm_left success 0.291332 0.287148 -0.425705 0.610968 0.303249 0.222939 0.696460 -1.509133 0.866896 2.161114 -0.749067 0.004751 -1.417265 0.888772
1776409051.928681 jaka_arm_left success 0.291318 0.287134 -0.425696 0.610978 0.303250 0.223026 0.696423 -1.509130 0.866724 2.160801 -0.748665 0.004512 -1.416876 0.888929
1776409051.937037 jaka_arm_left success 0.291297 0.287095 -0.425693 0.610865 0.303304 0.222918 0.696533 -1.509130 0.866724 2.160801 -0.748665 0.004512 -1.416876 0.888929
1776409051.945422 jaka_arm_left success 0.291294 0.287094 -0.425686 0.610798 0.303283 0.222974 0.696582 -1.509130 0.866724 2.160801 -0.748665 0.004512 -1.416876 0.888929
1776409051.953698 jaka_arm_left success 0.291301 0.287118 -0.425679 0.610765 0.303199 0.223010 0.696636 -1.509130 0.866724 2.160801 -0.748665 0.004512 -1.416876 0.888929
1776409051.962077 jaka_arm_left success 0.291313 0.287188 -0.425669 0.610659 0.303004 0.223280 0.696728 -1.509466 0.867558 2.160542 -0.748546 0.004310 -1.417025 0.889448
1776409051.970351 jaka_arm_left success 0.291294 0.287052 -0.425669 0.609855 0.303271 0.222568 0.697544 -1.509347 0.868406 2.160803 -0.749029 0.004067 -1.417528 0.888797
1776409051.978776 jaka_arm_left success 0.291251 0.287058 -0.425641 0.609743 0.303178 0.222162 0.697811 -1.514820 0.870288 2.162493 -0.737320 0.005369 -1.426105 0.885781
1776409051.986999 jaka_arm_left success 0.291300 0.287059 -0.425655 0.609492 0.303008 0.222183 0.698098 -1.514820 0.870288 2.162493 -0.737320 0.005369 -1.426105 0.885781
1776409051.995441 jaka_arm_left success 0.291410 0.287185 -0.425658 0.609469 0.302569 0.222962 0.698060 -1.515046 0.871134 2.162001 -0.737239 0.005346 -1.426371 0.887376
1776409052.003732 jaka_arm_left success 0.291407 0.287321 -0.425624 0.609788 0.302496 0.223024 0.697793 -1.515046 0.871134 2.162001 -0.737239 0.005346 -1.426371 0.887376
1776409052.012102 jaka_arm_left success 0.291447 0.287321 -0.425627 0.609547 0.302462 0.223316 0.697925 -1.515046 0.871134 2.162001 -0.737239 0.005346 -1.426371 0.887376
1776409052.020414 jaka_arm_left success 0.291443 0.287524 -0.425597 0.610158 0.302295 0.223622 0.697365 -1.515119 0.870387 2.161779 -0.736741 0.005580 -1.425915 0.888004
1776409052.028767 jaka_arm_left success 0.291425 0.287578 -0.425589 0.610274 0.302351 0.223557 0.697260 -1.515119 0.870387 2.161779 -0.736741 0.005580 -1.425915 0.888004
1776409052.037042 jaka_arm_left success 0.291412 0.287659 -0.425560 0.610457 0.302386 0.223736 0.697027 -1.515092 0.870002 2.161715 -0.736450 0.005741 -1.425650 0.888323
1776409052.045473 jaka_arm_left success 0.291400 0.287679 -0.425554 0.610384 0.302592 0.223699 0.697013 -1.515092 0.870002 2.161715 -0.736450 0.005741 -1.425650 0.888323
1776409052.053666 jaka_arm_left success 0.291355 0.287712 -0.425552 0.610194 0.303053 0.223849 0.696931 -1.514425 0.870320 2.161251 -0.735567 0.004849 -1.424830 0.888008
1776409052.062074 jaka_arm_left success 0.291315 0.287782 -0.425545 0.610164 0.303413 0.223806 0.696816 -1.514425 0.870320 2.161251 -0.735567 0.004849 -1.424830 0.888008
1776409052.070393 jaka_arm_left success 0.291341 0.287700 -0.425539 0.609279 0.303854 0.223856 0.697381 -1.514565 0.871064 2.161100 -0.736029 0.004377 -1.425285 0.887685
1776409052.078713 jaka_arm_left success 0.291330 0.287711 -0.425552 0.609119 0.303863 0.223253 0.697710 -1.514296 0.871627 2.161399 -0.736280 0.004290 -1.425558 0.887184
1776409052.087066 jaka_arm_left success 0.291358 0.287772 -0.425552 0.609113 0.303716 0.223169 0.697806 -1.514296 0.871627 2.161399 -0.736280 0.004290 -1.425558 0.887184
1776409052.095404 jaka_arm_left success 0.291358 0.287821 -0.425545 0.609111 0.303723 0.223057 0.697841 -1.514296 0.871627 2.161399 -0.736280 0.004290 -1.425558 0.887184
1776409052.103721 jaka_arm_left success 0.291356 0.287868 -0.425534 0.609154 0.303777 0.222964 0.697809 -1.514296 0.871627 2.161399 -0.736280 0.004290 -1.425558 0.887184
1776409052.112002 jaka_arm_left success 0.291395 0.287877 -0.425554 0.609062 0.303708 0.222943 0.697926 -1.514296 0.871627 2.161399 -0.736280 0.004290 -1.425558 0.887184
1776409052.120467 jaka_arm_left success 0.291402 0.287916 -0.425554 0.609108 0.303740 0.223047 0.697839 -1.514296 0.871627 2.161399 -0.736280 0.004290 -1.425558 0.887184
1776409052.128698 jaka_arm_left success 0.291421 0.287924 -0.425569 0.609103 0.303694 0.223217 0.697809 -1.514296 0.871627 2.161399 -0.736280 0.004290 -1.425558 0.887184
1776409052.137047 jaka_arm_left success 0.291444 0.287915 -0.425599 0.609108 0.303652 0.223488 0.697736 -1.514296 0.871627 2.161399 -0.736280 0.004290 -1.425558 0.887184
1776409052.145413 jaka_arm_left success 0.291474 0.288008 -0.425611 0.609390 0.303679 0.224124 0.697274 -1.514526 0.871228 2.160927 -0.735991 0.004126 -1.425311 0.887675
1776409052.153798 jaka_arm_left success 0.291467 0.287874 -0.425616 0.608958 0.304093 0.223906 0.697541 -1.514526 0.871228 2.160927 -0.735991 0.004126 -1.425311 0.887675
1776409052.162054 jaka_arm_left success 0.291502 0.287797 -0.425651 0.608662 0.304411 0.223856 0.697677 -1.514166 0.872153 2.160830 -0.736048 0.003387 -1.425402 0.886965
1776409052.170326 jaka_arm_left success 0.291545 0.287805 -0.425688 0.608670 0.304450 0.223888 0.697643 -1.514166 0.872153 2.160830 -0.736048 0.003387 -1.425402 0.886965
1776409052.178742 jaka_arm_left success 0.291598 0.287863 -0.425709 0.608831 0.304361 0.223970 0.697515 -1.514166 0.872153 2.160830 -0.736048 0.003387 -1.425402 0.886965
1776409052.187085 jaka_arm_left success 0.291622 0.287921 -0.425741 0.609033 0.304506 0.223615 0.697389 -1.514166 0.872153 2.160830 -0.736048 0.003387 -1.425402 0.886965
1776409052.195467 jaka_arm_left success 0.291651 0.288035 -0.425783 0.609363 0.304498 0.223617 0.697103 -1.513878 0.871780 2.160968 -0.735628 0.003612 -1.425012 0.887050
1776409052.203702 jaka_arm_left success 0.291699 0.288014 -0.425819 0.609264 0.304556 0.223445 0.697220 -1.513878 0.871780 2.160968 -0.735628 0.003612 -1.425012 0.887050
1776409052.212089 jaka_arm_left success 0.291745 0.288013 -0.425866 0.609120 0.304623 0.223268 0.697372 -1.513878 0.871780 2.160968 -0.735628 0.003612 -1.425012 0.887050
1776409052.220406 jaka_arm_left success 0.291783 0.288019 -0.425901 0.609109 0.304641 0.223169 0.697407 -1.513878 0.871780 2.160968 -0.735628 0.003612 -1.425012 0.887050
1776409052.228693 jaka_arm_left success 0.291813 0.288137 -0.425929 0.609703 0.304399 0.223262 0.696963 -1.513686 0.871488 2.161227 -0.735426 0.003958 -1.424825 0.887097
1776409052.237012 jaka_arm_left success 0.291828 0.288137 -0.425951 0.609777 0.304490 0.223326 0.696838 -1.513686 0.871488 2.161227 -0.735426 0.003958 -1.424825 0.887097
1776409052.245394 jaka_arm_left success 0.291828 0.288127 -0.425963 0.609811 0.304570 0.223391 0.696753 -1.513686 0.871488 2.161227 -0.735426 0.003958 -1.424825 0.887097
1776409052.253761 jaka_arm_left success 0.291859 0.288114 -0.425989 0.609797 0.304562 0.223438 0.696753 -1.513686 0.871488 2.161227 -0.735426 0.003958 -1.424825 0.887097
1776409052.262031 jaka_arm_left success 0.291861 0.288107 -0.426004 0.609863 0.304613 0.223471 0.696663 -1.513686 0.871488 2.161227 -0.735426 0.003958 -1.424825 0.887097
1776409052.270369 jaka_arm_left success 0.291891 0.288056 -0.426032 0.609661 0.304643 0.223554 0.696799 -1.513686 0.871488 2.161227 -0.735426 0.003958 -1.424825 0.887097
1776409052.278761 jaka_arm_left success 0.291903 0.288048 -0.426046 0.609757 0.304561 0.223580 0.696743 -1.513686 0.871488 2.161227 -0.735426 0.003958 -1.424825 0.887097
1776409052.287136 jaka_arm_left success 0.291909 0.288035 -0.426059 0.609775 0.304559 0.223508 0.696752 -1.513686 0.871488 2.161227 -0.735426 0.003958 -1.424825 0.887097
1776409052.295414 jaka_arm_left success 0.291918 0.288015 -0.426070 0.609709 0.304583 0.223478 0.696808 -1.513686 0.871488 2.161227 -0.735426 0.003958 -1.424825 0.887097
1776409052.303687 jaka_arm_left success 0.291913 0.288001 -0.426077 0.609679 0.304613 0.223339 0.696866 -1.513686 0.871488 2.161227 -0.735426 0.003958 -1.424825 0.887097
1776409052.312045 jaka_arm_left success 0.291936 0.288011 -0.426082 0.609711 0.304484 0.223441 0.696862 -1.513686 0.871488 2.161227 -0.735426 0.003958 -1.424825 0.887097
1776409052.320397 jaka_arm_left success 0.291937 0.287984 -0.426093 0.609694 0.304529 0.223269 0.696912 -1.513686 0.871488 2.161227 -0.735426 0.003958 -1.424825 0.887097
1776409052.328717 jaka_arm_left success 0.291944 0.287943 -0.426093 0.609617 0.304630 0.223198 0.696958 -1.513686 0.871488 2.161227 -0.735426 0.003958 -1.424825 0.887097
1776409052.337245 jaka_arm_left success 0.291976 0.287865 -0.426126 0.609291 0.304667 0.223359 0.697175 -1.513686 0.871488 2.161227 -0.735426 0.003958 -1.424825 0.887097
1776409052.345422 jaka_arm_left success 0.291920 0.287886 -0.426107 0.609562 0.304765 0.222784 0.697079 -1.513432 0.871639 2.161558 -0.735420 0.004100 -1.424807 0.886787
1776409052.353736 jaka_arm_left success 0.291915 0.287872 -0.426112 0.609588 0.304766 0.222638 0.697103 -1.513432 0.871639 2.161558 -0.735420 0.004100 -1.424807 0.886787
1776409052.362093 jaka_arm_left success 0.291918 0.287873 -0.426126 0.609617 0.304715 0.222603 0.697111 -1.513432 0.871639 2.161558 -0.735420 0.004100 -1.424807 0.886787
1776409052.370442 jaka_arm_left success 0.291941 0.287773 -0.426158 0.609267 0.304847 0.222664 0.697340 -1.513432 0.871639 2.161558 -0.735420 0.004100 -1.424807 0.886787
1776409052.378750 jaka_arm_left success 0.291972 0.287914 -0.426171 0.610136 0.304335 0.222985 0.696701 -1.513432 0.871639 2.161558 -0.735420 0.004100 -1.424807 0.886787
1776409052.387089 jaka_arm_left success 0.292026 0.287917 -0.426184 0.610330 0.304049 0.222791 0.696717 -1.513652 0.870789 2.161927 -0.735350 0.005040 -1.424704 0.887368
1776409052.395463 jaka_arm_left success 0.291985 0.287885 -0.426197 0.610271 0.304270 0.222629 0.696725 -1.513652 0.870789 2.161927 -0.735350 0.005040 -1.424704 0.887368
1776409052.403689 jaka_arm_left success 0.291981 0.287880 -0.426223 0.610309 0.304232 0.222728 0.696677 -1.513652 0.870789 2.161927 -0.735350 0.005040 -1.424704 0.887368
1776409052.412110 jaka_arm_left success 0.291980 0.287859 -0.426236 0.610317 0.304207 0.222680 0.696696 -1.513652 0.870789 2.161927 -0.735350 0.005040 -1.424704 0.887368
1776409052.420429 jaka_arm_left success 0.291977 0.287847 -0.426238 0.610385 0.304163 0.222705 0.696647 -1.513652 0.870789 2.161927 -0.735350 0.005040 -1.424704 0.887368
1776409052.428742 jaka_arm_left success 0.291936 0.287811 -0.426193 0.610538 0.304165 0.222304 0.696641 -1.513652 0.870789 2.161927 -0.735350 0.005040 -1.424704 0.887368
1776409052.437185 jaka_arm_left success 0.291948 0.287709 -0.426212 0.610174 0.304253 0.222619 0.696821 -1.513652 0.870789 2.161927 -0.735350 0.005040 -1.424704 0.887368
1776409052.445348 jaka_arm_left success 0.291951 0.287712 -0.426213 0.610219 0.304194 0.222769 0.696759 -1.513652 0.870789 2.161927 -0.735350 0.005040 -1.424704 0.887368
1776409052.453718 jaka_arm_left success 0.291864 0.287638 -0.426203 0.610097 0.304525 0.222518 0.696802 -1.513486 0.871184 2.162137 -0.735452 0.004950 -1.424762 0.886938
1776409052.462126 jaka_arm_left success 0.291844 0.287641 -0.426196 0.610171 0.304668 0.222668 0.696626 -1.513486 0.871184 2.162137 -0.735452 0.004950 -1.424762 0.886938
1776409052.470436 jaka_arm_left success 0.291855 0.287657 -0.426200 0.610144 0.304565 0.222798 0.696653 -1.513486 0.871184 2.162137 -0.735452 0.004950 -1.424762 0.886938
1776409052.478744 jaka_arm_left success 0.291900 0.287688 -0.426195 0.610120 0.304410 0.222993 0.696680 -1.513486 0.871184 2.162137 -0.735452 0.004950 -1.424762 0.886938
1776409052.487106 jaka_arm_left success 0.291934 0.287801 -0.426189 0.610515 0.304143 0.222547 0.696592 -1.513486 0.871184 2.162137 -0.735452 0.004950 -1.424762 0.886938
1776409052.495410 jaka_arm_left success 0.291963 0.287750 -0.426221 0.610086 0.304274 0.222627 0.696886 -1.513486 0.871184 2.162137 -0.735452 0.004950 -1.424762 0.886938
1776409052.503769 jaka_arm_left success 0.291976 0.287856 -0.426235 0.610284 0.304194 0.222641 0.696743 -1.513486 0.871184 2.162137 -0.735452 0.004950 -1.424762 0.886938
1776409052.512103 jaka_arm_left success 0.291975 0.287915 -0.426224 0.610319 0.304132 0.222452 0.696800 -1.513486 0.871184 2.162137 -0.735452 0.004950 -1.424762 0.886938
1776409052.520361 jaka_arm_left success 0.291974 0.287929 -0.426217 0.610221 0.304142 0.222393 0.696900 -1.513486 0.871184 2.162137 -0.735452 0.004950 -1.424762 0.886938
1776409052.528695 jaka_arm_left success 0.291961 0.287943 -0.426194 0.610233 0.304177 0.222339 0.696891 -1.513486 0.871184 2.162137 -0.735452 0.004950 -1.424762 0.886938
1776409052.537137 jaka_arm_left success 0.291899 0.287862 -0.426138 0.609698 0.304711 0.221890 0.697269 -1.513863 0.871655 2.162472 -0.735737 0.004613 -1.424931 0.885385
1776409052.545395 jaka_arm_left success 0.291879 0.287848 -0.426117 0.609699 0.304830 0.221931 0.697203 -1.513863 0.871655 2.162472 -0.735737 0.004613 -1.424931 0.885385
1776409052.553717 jaka_arm_left success 0.291903 0.287773 -0.426143 0.609273 0.304935 0.222243 0.697431 -1.513863 0.871655 2.162472 -0.735737 0.004613 -1.424931 0.885385
1776409052.562064 jaka_arm_left success 0.291867 0.287832 -0.426118 0.609560 0.304905 0.222086 0.697243 -1.513863 0.871655 2.162472 -0.735737 0.004613 -1.424931 0.885385
1776409052.570488 jaka_arm_left success 0.291860 0.287841 -0.426112 0.609593 0.304906 0.222138 0.697197 -1.513863 0.871655 2.162472 -0.735737 0.004613 -1.424931 0.885385
1776409052.578700 jaka_arm_left success 0.291859 0.287838 -0.426104 0.609603 0.304872 0.222124 0.697208 -1.513863 0.871655 2.162472 -0.735737 0.004613 -1.424931 0.885385
1776409052.587118 jaka_arm_left success 0.291851 0.287835 -0.426095 0.609609 0.304856 0.222077 0.697225 -1.513863 0.871655 2.162472 -0.735737 0.004613 -1.424931 0.885385
1776409052.595444 jaka_arm_left success 0.291843 0.287851 -0.426083 0.609636 0.304819 0.222149 0.697194 -1.513863 0.871655 2.162472 -0.735737 0.004613 -1.424931 0.885385
1776409052.603748 jaka_arm_left success 0.291829 0.287851 -0.426068 0.609624 0.304814 0.222140 0.697209 -1.513863 0.871655 2.162472 -0.735737 0.004613 -1.424931 0.885385
1776409052.612528 jaka_arm_left success 0.291810 0.287860 -0.426044 0.609666 0.304719 0.222182 0.697201 -1.513863 0.871655 2.162472 -0.735737 0.004613 -1.424931 0.885385
