1776408770.416575 jaka_arm_right success 0.468259 -0.160802 -0.133187 0.189396 0.795210 0.567362 0.099353 0.096217 -0.524328 -0.294515 -1.543468 -0.236413 0.662636 0.145758
1776408770.424855 jaka_arm_right success 0.468388 -0.159418 -0.133647 0.186897 0.795547 0.567259 0.101941 0.096878 -0.526234 -0.293022 -1.544017 -0.238261 0.660161 0.142550
1776408770.433126 jaka_arm_right success 0.468388 -0.157951 -0.134062 0.185243 0.795863 0.567021 0.103799 0.092012 -0.531084 -0.290987 -1.547381 -0.238726 0.649683 0.137200
1776408770.441470 jaka_arm_right success 0.468196 -0.156447 -0.134423 0.184439 0.795937 0.567084 0.104317 0.089712 -0.531255 -0.290014 -1.551693 -0.239050 0.644775 0.134308
1776408770.449736 jaka_arm_right success 0.468180 -0.154982 -0.134947 0.182743 0.796557 0.566475 0.105874 0.088036 -0.534432 -0.289841 -1.555483 -0.240932 0.637091 0.131841
1776408770.458139 jaka_arm_right success 0.468086 -0.153734 -0.135370 0.181375 0.797755 0.564991 0.107125 0.089994 -0.536839 -0.292416 -1.559802 -0.245205 0.630759 0.132703
1776408770.466450 jaka_arm_right success 0.468057 -0.152389 -0.135864 0.179803 0.798510 0.564220 0.108205 0.090489 -0.538315 -0.293139 -1.562802 -0.247759 0.626673 0.131639
1776408770.474831 jaka_arm_right success 0.468119 -0.151035 -0.136412 0.178449 0.798854 0.563907 0.109532 0.088973 -0.541050 -0.292756 -1.566493 -0.249297 0.619116 0.129464
1776408770.483159 jaka_arm_right success 0.468237 -0.149724 -0.137013 0.177586 0.799180 0.563358 0.111365 0.087177 -0.542728 -0.292730 -1.571591 -0.251233 0.610260 0.127118
1776408770.491480 jaka_arm_right success 0.468204 -0.148529 -0.137523 0.177874 0.799768 0.562218 0.112440 0.089201 -0.545169 -0.295956 -1.577378 -0.254552 0.600054 0.130374
1776408770.499850 jaka_arm_right success 0.468391 -0.147413 -0.138084 0.177321 0.800431 0.561100 0.114165 0.090154 -0.545647 -0.298063 -1.581788 -0.258105 0.593497 0.130313
1776408770.508125 jaka_arm_right success 0.468473 -0.146387 -0.138625 0.177547 0.800983 0.559930 0.115677 0.092020 -0.548453 -0.300882 -1.587887 -0.261213 0.582115 0.133295
1776408770.516451 jaka_arm_right success 0.468707 -0.145362 -0.139272 0.177370 0.801251 0.559144 0.117876 0.091569 -0.547955 -0.302297 -1.593929 -0.264324 0.572903 0.132111
1776408770.524921 jaka_arm_right success 0.468989 -0.144419 -0.139910 0.177432 0.801219 0.558890 0.119197 0.090579 -0.549837 -0.302224 -1.597873 -0.265059 0.564474 0.131843
1776408770.533111 jaka_arm_right success 0.469210 -0.143606 -0.140528 0.177916 0.801346 0.558413 0.119856 0.090219 -0.550929 -0.303542 -1.601748 -0.266279 0.557441 0.132744
1776408770.541461 jaka_arm_right success 0.469387 -0.142823 -0.141112 0.179022 0.801371 0.557970 0.120104 0.090072 -0.552048 -0.305138 -1.603747 -0.266767 0.552872 0.134636
1776408770.549795 jaka_arm_right success 0.469626 -0.142173 -0.141739 0.179611 0.801348 0.557838 0.119993 0.089477 -0.553523 -0.306070 -1.605348 -0.267013 0.548792 0.135715
1776408770.558187 jaka_arm_right success 0.470069 -0.141613 -0.142409 0.179621 0.801277 0.557841 0.120436 0.089654 -0.553440 -0.305948 -1.605208 -0.267152 0.548574 0.135555
1776408770.566440 jaka_arm_right success 0.470647 -0.141087 -0.143123 0.178702 0.801257 0.557998 0.121209 0.088358 -0.555639 -0.304769 -1.605673 -0.267807 0.545354 0.133251
1776408770.574850 jaka_arm_right success 0.470974 -0.140655 -0.143693 0.179355 0.801344 0.557772 0.120707 0.086073 -0.556900 -0.305311 -1.605609 -0.267016 0.543407 0.133662
1776408770.583142 jaka_arm_right success 0.471356 -0.140268 -0.144253 0.180100 0.801167 0.557892 0.120220 0.083829 -0.559223 -0.304731 -1.605430 -0.265792 0.540558 0.133639
1776408770.591484 jaka_arm_right success 0.471697 -0.139819 -0.144803 0.180387 0.801094 0.558030 0.119633 0.083218 -0.559579 -0.305214 -1.605480 -0.265873 0.540577 0.133691
1776408770.599829 jaka_arm_right success 0.472071 -0.139453 -0.145316 0.180396 0.801222 0.557899 0.119374 0.081475 -0.562500 -0.304333 -1.604762 -0.264926 0.538687 0.133289
1776408770.608111 jaka_arm_right success 0.472701 -0.139034 -0.145836 0.178865 0.801074 0.558481 0.119942 0.074930 -0.566132 -0.299907 -1.602483 -0.263568 0.536474 0.126466
1776408770.616497 jaka_arm_right success 0.472815 -0.138682 -0.146246 0.179258 0.801542 0.557934 0.118772 0.073824 -0.566160 -0.301288 -1.602280 -0.263689 0.536938 0.127010
1776408770.624763 jaka_arm_right success 0.473083 -0.138294 -0.146693 0.178625 0.801834 0.557734 0.118696 0.074188 -0.569363 -0.300942 -1.598570 -0.263672 0.538945 0.126973
1776408770.633193 jaka_arm_right success 0.473093 -0.137802 -0.147051 0.179646 0.801800 0.557616 0.117934 0.073519 -0.569225 -0.301473 -1.598521 -0.263269 0.539043 0.127565
1776408770.641455 jaka_arm_right success 0.473369 -0.137427 -0.147464 0.178737 0.802414 0.556908 0.118483 0.073768 -0.569688 -0.301748 -1.598548 -0.264295 0.539155 0.126810
1776408770.649750 jaka_arm_right success 0.473463 -0.136970 -0.147854 0.179013 0.802576 0.556547 0.118669 0.073189 -0.570560 -0.302828 -1.597583 -0.264901 0.538276 0.127071
1776408770.658113 jaka_arm_right success 0.473661 -0.136463 -0.148264 0.178530 0.802946 0.556016 0.119378 0.073404 -0.573174 -0.303081 -1.596554 -0.266051 0.536178 0.126661
1776408770.666492 jaka_arm_right success 0.474001 -0.136057 -0.148651 0.176843 0.803573 0.555319 0.120909 0.074034 -0.574640 -0.303342 -1.596266 -0.268385 0.535314 0.124786
1776408770.674875 jaka_arm_right success 0.473802 -0.135484 -0.148942 0.177863 0.804063 0.554452 0.120125 0.073264 -0.576665 -0.305155 -1.595366 -0.268437 0.533042 0.126693
1776408770.683130 jaka_arm_right success 0.473784 -0.134939 -0.149248 0.177904 0.804341 0.553896 0.120770 0.074403 -0.581186 -0.307223 -1.596315 -0.270306 0.527143 0.128649
1776408770.691513 jaka_arm_right success 0.474059 -0.134441 -0.149552 0.175726 0.804588 0.554012 0.121777 0.075525 -0.581895 -0.306590 -1.596798 -0.271821 0.527239 0.126919
1776408770.699853 jaka_arm_right success 0.473922 -0.133901 -0.149788 0.175862 0.804883 0.553617 0.121428 0.075243 -0.582027 -0.306876 -1.596954 -0.271835 0.527399 0.127012
1776408770.708184 jaka_arm_right success 0.473948 -0.133329 -0.149992 0.174410 0.805173 0.553548 0.121913 0.075691 -0.582593 -0.306643 -1.597329 -0.272492 0.527620 0.126283
1776408770.716411 jaka_arm_right success 0.473873 -0.132841 -0.150122 0.173588 0.805351 0.553617 0.121593 0.075738 -0.583424 -0.306852 -1.597756 -0.273517 0.527765 0.125350
1776408770.724912 jaka_arm_right success 0.473680 -0.132320 -0.150233 0.172969 0.805342 0.554146 0.120117 0.075161 -0.584456 -0.306355 -1.598955 -0.272344 0.528613 0.125883
1776408770.733519 jaka_arm_right success 0.473595 -0.131866 -0.150275 0.172050 0.805302 0.554444 0.120329 0.072700 -0.586521 -0.304575 -1.598836 -0.272118 0.526776 0.123212
1776408770.741495 jaka_arm_right success 0.473571 -0.131423 -0.150323 0.170426 0.805027 0.555211 0.120946 0.070042 -0.586565 -0.301652 -1.599500 -0.271673 0.526531 0.119071
1776408770.749879 jaka_arm_right success 0.473313 -0.130889 -0.150313 0.169932 0.804957 0.555638 0.120139 0.069137 -0.587236 -0.300950 -1.600110 -0.270773 0.527257 0.118832
1776408770.758196 jaka_arm_right success 0.473325 -0.130509 -0.150313 0.168080 0.805027 0.555841 0.121329 0.064541 -0.587627 -0.296771 -1.599632 -0.270554 0.526504 0.111992
1776408770.766606 jaka_arm_right success 0.473144 -0.130000 -0.150340 0.167648 0.804913 0.555953 0.122167 0.064780 -0.587637 -0.296552 -1.599576 -0.270706 0.526387 0.111749
1776408770.774854 jaka_arm_right success 0.473025 -0.129469 -0.150324 0.167290 0.804907 0.555951 0.122707 0.065114 -0.587715 -0.296263 -1.599553 -0.270956 0.526250 0.111385
1776408770.783246 jaka_arm_right success 0.472993 -0.128991 -0.150339 0.166454 0.804965 0.555872 0.123818 0.062420 -0.589849 -0.294528 -1.600739 -0.271457 0.521833 0.108106
1776408770.791598 jaka_arm_right success 0.472912 -0.128490 -0.150330 0.166454 0.805163 0.555271 0.125215 0.060719 -0.590474 -0.294571 -1.602953 -0.272639 0.515980 0.106517
1776408770.799826 jaka_arm_right success 0.473022 -0.128054 -0.150368 0.165724 0.805340 0.554674 0.127674 0.059294 -0.590464 -0.294603 -1.609109 -0.275006 0.506105 0.104135
1776408770.808222 jaka_arm_right success 0.472983 -0.127623 -0.150409 0.166334 0.805525 0.553906 0.129034 0.063493 -0.590493 -0.298603 -1.615940 -0.277839 0.496893 0.108483
1776408770.816498 jaka_arm_right success 0.472878 -0.127227 -0.150416 0.167598 0.805504 0.553565 0.128997 0.063118 -0.590050 -0.299004 -1.615579 -0.277624 0.496627 0.108901
1776408770.824899 jaka_arm_right success 0.473173 -0.127072 -0.150531 0.167275 0.806012 0.552508 0.130758 0.067044 -0.592340 -0.303382 -1.619781 -0.281430 0.487965 0.112325
1776408770.833242 jaka_arm_right success 0.473467 -0.126909 -0.150663 0.167931 0.806148 0.551750 0.132274 0.068827 -0.590229 -0.304961 -1.623572 -0.282949 0.483203 0.113481
1776408770.841500 jaka_arm_right success 0.473701 -0.126795 -0.150818 0.168834 0.806161 0.551079 0.133834 0.070118 -0.592066 -0.307950 -1.627997 -0.285230 0.473275 0.115828
1776408770.849802 jaka_arm_right success 0.473950 -0.126741 -0.151002 0.169775 0.805934 0.550922 0.134657 0.070632 -0.589651 -0.308936 -1.630616 -0.285711 0.470785 0.116551
1776408770.858456 jaka_arm_right success 0.474360 -0.126778 -0.151257 0.170018 0.805985 0.550397 0.136180 0.071012 -0.590497 -0.309708 -1.632100 -0.287281 0.465775 0.116349
1776408770.866558 jaka_arm_right success 0.474790 -0.126948 -0.151392 0.170608 0.805899 0.550280 0.136424 0.070925 -0.590107 -0.309807 -1.631749 -0.287148 0.465449 0.116555
1776408770.875119 jaka_arm_right success 0.474949 -0.127082 -0.151571 0.172630 0.804977 0.551325 0.135102 0.070067 -0.589429 -0.308848 -1.632063 -0.283967 0.465214 0.118961
1776408770.883165 jaka_arm_right success 0.475380 -0.127301 -0.151768 0.172518 0.804600 0.552049 0.134527 0.070067 -0.589429 -0.308848 -1.632063 -0.283967 0.465214 0.118961
1776408770.891442 jaka_arm_right success 0.475616 -0.127560 -0.151888 0.173257 0.804221 0.552660 0.133331 0.068911 -0.589422 -0.308309 -1.632504 -0.281955 0.465881 0.120133
1776408770.899786 jaka_arm_right success 0.475850 -0.127741 -0.151983 0.173549 0.803681 0.553634 0.132161 0.061656 -0.587891 -0.302189 -1.627270 -0.277904 0.472950 0.114196
1776408770.908174 jaka_arm_right success 0.476162 -0.128036 -0.152019 0.173266 0.803208 0.554124 0.133351 0.062410 -0.587835 -0.300997 -1.626986 -0.277780 0.472429 0.113731
1776408770.916394 jaka_arm_right success 0.476285 -0.128292 -0.152002 0.172965 0.802814 0.554442 0.134784 0.058438 -0.587888 -0.297886 -1.626860 -0.277314 0.469965 0.109437
1776408770.924857 jaka_arm_right success 0.476147 -0.128469 -0.151867 0.173968 0.802224 0.554886 0.135175 0.057990 -0.586882 -0.297114 -1.626502 -0.276185 0.469153 0.109829
1776408770.933159 jaka_arm_right success 0.476013 -0.128630 -0.151723 0.174843 0.801564 0.555364 0.136002 0.057163 -0.585604 -0.295982 -1.626717 -0.275349 0.467718 0.109372
1776408770.941515 jaka_arm_right success 0.476072 -0.129011 -0.151573 0.174349 0.801714 0.554775 0.138138 0.054041 -0.582989 -0.293857 -1.630779 -0.276258 0.462829 0.104908
1776408770.949772 jaka_arm_right success 0.476068 -0.129187 -0.151516 0.174492 0.801340 0.554843 0.139839 0.052298 -0.581792 -0.292704 -1.633524 -0.276984 0.458207 0.102462
1776408770.958201 jaka_arm_right success 0.475941 -0.129347 -0.151402 0.175756 0.800712 0.555054 0.141012 0.049290 -0.579208 -0.292173 -1.639351 -0.276739 0.450347 0.101316
1776408770.966469 jaka_arm_right success 0.476150 -0.129666 -0.151299 0.175279 0.800318 0.554946 0.144234 0.047689 -0.576525 -0.290310 -1.644594 -0.278161 0.442556 0.097783
1776408770.974846 jaka_arm_right success 0.476091 -0.129882 -0.151166 0.176343 0.799968 0.554676 0.145909 0.047897 -0.575104 -0.291375 -1.650494 -0.279397 0.433606 0.098327
1776408770.983201 jaka_arm_right success 0.476142 -0.130163 -0.150995 0.177071 0.799576 0.554613 0.147408 0.048797 -0.572168 -0.291875 -1.654030 -0.280216 0.429800 0.098480
1776408770.991503 jaka_arm_right success 0.476246 -0.130465 -0.150849 0.177438 0.799126 0.554622 0.149361 0.047563 -0.571296 -0.291465 -1.659017 -0.281168 0.421886 0.097202
1776408770.999806 jaka_arm_right success 0.476402 -0.130703 -0.150791 0.177578 0.798580 0.555062 0.150471 0.047998 -0.570927 -0.291018 -1.658662 -0.281182 0.421428 0.097061
1776408771.016496 jaka_arm_right success 0.476415 -0.130800 -0.150655 0.178184 0.797775 0.555922 0.150849 0.048088 -0.569957 -0.289198 -1.659118 -0.279560 0.420597 0.097495
1776408771.024822 jaka_arm_right success 0.476761 -0.131222 -0.150540 0.178551 0.796452 0.558122 0.149280 0.040349 -0.564346 -0.282087 -1.662322 -0.275063 0.423102 0.091889
1776408771.033197 jaka_arm_right success 0.476811 -0.131318 -0.150496 0.178436 0.796733 0.558272 0.147342 0.039305 -0.569828 -0.281331 -1.654618 -0.273192 0.428890 0.092664
1776408771.041510 jaka_arm_right success 0.477130 -0.131449 -0.150417 0.176889 0.796788 0.558947 0.146347 0.037357 -0.566633 -0.277835 -1.651247 -0.271861 0.438768 0.088736
1776408771.049748 jaka_arm_right success 0.477245 -0.131417 -0.150440 0.176421 0.796546 0.559679 0.145426 0.033981 -0.571360 -0.275062 -1.645930 -0.270099 0.441300 0.086580
1776408771.058219 jaka_arm_right success 0.477325 -0.131278 -0.150446 0.176258 0.796293 0.560068 0.145511 0.033988 -0.571110 -0.274125 -1.645969 -0.269261 0.441520 0.086700
1776408771.067440 jaka_arm_right success 0.477248 -0.131109 -0.150484 0.176364 0.796584 0.559565 0.145727 0.033988 -0.571110 -0.274125 -1.645969 -0.269261 0.441520 0.086700
1776408771.074813 jaka_arm_right success 0.477329 -0.130948 -0.150573 0.175700 0.797563 0.557979 0.147245 0.034117 -0.570732 -0.276146 -1.644524 -0.272467 0.440674 0.084837
1776408771.083142 jaka_arm_right success 0.477400 -0.130863 -0.150612 0.175019 0.798413 0.556473 0.149138 0.035009 -0.570888 -0.277299 -1.643649 -0.275235 0.439616 0.083214
1776408771.091473 jaka_arm_right success 0.477437 -0.130562 -0.150777 0.175266 0.798789 0.555410 0.150789 0.040783 -0.575070 -0.283541 -1.650653 -0.279382 0.426365 0.088896
1776408771.099880 jaka_arm_right success 0.477803 -0.130355 -0.150954 0.174852 0.799242 0.553994 0.154045 0.042215 -0.572470 -0.286579 -1.656450 -0.283691 0.417802 0.087964
1776408771.108122 jaka_arm_right success 0.477915 -0.130154 -0.151165 0.176016 0.798969 0.553766 0.154956 0.042666 -0.573516 -0.287694 -1.659021 -0.283884 0.411527 0.089729
1776408771.116465 jaka_arm_right success 0.478145 -0.130172 -0.151376 0.175949 0.799219 0.553473 0.154787 0.042666 -0.573516 -0.287694 -1.659021 -0.283884 0.411527 0.089729
1776408771.124821 jaka_arm_right success 0.478394 -0.130311 -0.151592 0.176578 0.799623 0.552622 0.155024 0.045326 -0.574053 -0.291218 -1.659196 -0.285722 0.410020 0.092080
1776408771.133158 jaka_arm_right success 0.478666 -0.130313 -0.151807 0.177641 0.799220 0.553357 0.153258 0.044622 -0.574015 -0.290743 -1.659772 -0.283390 0.410451 0.094011
1776408771.141448 jaka_arm_right success 0.478952 -0.130509 -0.151992 0.178595 0.799167 0.554024 0.149976 0.047643 -0.575488 -0.292886 -1.654446 -0.281597 0.419510 0.098527
1776408771.149783 jaka_arm_right success 0.479645 -0.130850 -0.152197 0.177375 0.799240 0.554393 0.149671 0.046344 -0.576682 -0.290418 -1.650040 -0.280795 0.424153 0.096273
1776408771.158309 jaka_arm_right success 0.479943 -0.131112 -0.152438 0.177939 0.799472 0.554504 0.147332 0.046546 -0.578834 -0.290260 -1.641194 -0.278631 0.434737 0.097739
1776408771.166581 jaka_arm_right success 0.480412 -0.131273 -0.152615 0.177678 0.799292 0.555118 0.146314 0.043156 -0.580061 -0.286563 -1.637135 -0.276013 0.439132 0.095379
1776408771.175136 jaka_arm_right success 0.480730 -0.131302 -0.152883 0.178599 0.798841 0.555726 0.145340 0.040614 -0.580798 -0.285063 -1.634345 -0.273855 0.440875 0.095101
1776408771.183136 jaka_arm_right success 0.481130 -0.131491 -0.153186 0.178038 0.799368 0.555181 0.145213 0.039815 -0.582990 -0.284351 -1.627123 -0.273798 0.447004 0.093567
1776408771.191530 jaka_arm_right success 0.481347 -0.131690 -0.153332 0.178923 0.800075 0.553840 0.145353 0.039335 -0.582512 -0.286146 -1.626061 -0.275050 0.446486 0.093429
1776408771.199857 jaka_arm_right success 0.481795 -0.131829 -0.153551 0.179137 0.799926 0.553616 0.146762 0.039698 -0.582126 -0.285946 -1.625563 -0.275253 0.445963 0.093238
1776408771.208153 jaka_arm_right success 0.481971 -0.131967 -0.153727 0.181004 0.800116 0.552576 0.147349 0.043557 -0.585562 -0.291065 -1.627281 -0.277346 0.437087 0.098760
1776408771.216464 jaka_arm_right success 0.482161 -0.132082 -0.153901 0.182976 0.799976 0.552115 0.147401 0.045971 -0.583564 -0.293941 -1.630292 -0.277769 0.433887 0.102258
1776408771.224871 jaka_arm_right success 0.482691 -0.132295 -0.154166 0.182502 0.799715 0.552633 0.147462 0.045971 -0.583564 -0.293941 -1.630292 -0.277769 0.433887 0.102258
1776408771.233220 jaka_arm_right success 0.482964 -0.132434 -0.154343 0.183591 0.799103 0.553702 0.145404 0.044824 -0.583828 -0.293309 -1.631018 -0.275294 0.434930 0.103942
1776408771.241477 jaka_arm_right success 0.483252 -0.132724 -0.154325 0.184611 0.798947 0.553862 0.144354 0.044152 -0.584182 -0.291947 -1.627255 -0.273031 0.439192 0.104626
1776408771.249806 jaka_arm_right success 0.483669 -0.132800 -0.154516 0.184601 0.797898 0.555785 0.142773 0.035995 -0.583461 -0.284318 -1.621084 -0.268005 0.447209 0.098522
1776408771.258204 jaka_arm_right success 0.484105 -0.133137 -0.154635 0.184383 0.798219 0.555433 0.142630 0.035961 -0.585580 -0.284742 -1.618035 -0.268427 0.448621 0.098395
1776408771.266529 jaka_arm_right success 0.484397 -0.133201 -0.154808 0.183479 0.797813 0.556693 0.141148 0.031982 -0.585131 -0.279532 -1.610252 -0.265205 0.460176 0.093986
1776408771.274835 jaka_arm_right success 0.484836 -0.133258 -0.154949 0.181103 0.797616 0.557877 0.140656 0.021565 -0.589508 -0.269655 -1.598920 -0.260887 0.468778 0.083601
1776408771.283174 jaka_arm_right success 0.484724 -0.133114 -0.154988 0.180871 0.797492 0.558818 0.137894 0.022315 -0.588673 -0.269327 -1.596349 -0.258656 0.477366 0.085323
1776408771.291626 jaka_arm_right success 0.484763 -0.132954 -0.154980 0.179798 0.797302 0.559567 0.137357 0.020998 -0.590489 -0.267143 -1.593798 -0.257808 0.480160 0.083332
1776408771.299903 jaka_arm_right success 0.484778 -0.132757 -0.155015 0.178726 0.797503 0.559543 0.137688 0.019787 -0.591310 -0.265663 -1.592129 -0.257560 0.482185 0.081342
1776408771.308268 jaka_arm_right success 0.484574 -0.132447 -0.155016 0.178239 0.797519 0.559840 0.137018 0.017413 -0.592230 -0.263867 -1.588904 -0.256600 0.486308 0.078979
1776408771.316431 jaka_arm_right success 0.484424 -0.132166 -0.155023 0.177655 0.798299 0.558847 0.137283 0.017609 -0.592467 -0.264700 -1.588420 -0.257911 0.486211 0.078335
1776408771.324896 jaka_arm_right success 0.484464 -0.131849 -0.155039 0.176883 0.798519 0.558517 0.138339 0.018231 -0.592570 -0.264477 -1.588269 -0.258668 0.486010 0.077599
1776408771.333311 jaka_arm_right success 0.484630 -0.131440 -0.155106 0.175480 0.798570 0.558456 0.140067 0.019250 -0.593087 -0.264562 -1.587945 -0.260994 0.485455 0.075562
1776408771.341566 jaka_arm_right success 0.484462 -0.131107 -0.154964 0.175825 0.799242 0.557174 0.140908 0.019958 -0.596859 -0.266944 -1.588693 -0.262796 0.478702 0.077228
1776408771.349826 jaka_arm_right success 0.484573 -0.130788 -0.154922 0.174865 0.799413 0.556855 0.142381 0.020924 -0.595982 -0.267024 -1.591311 -0.264360 0.475811 0.076238
1776408771.358206 jaka_arm_right success 0.484583 -0.130291 -0.155039 0.174812 0.798933 0.557474 0.142720 0.019354 -0.596318 -0.265878 -1.594049 -0.264003 0.471884 0.075199
1776408771.366520 jaka_arm_right success 0.484518 -0.129978 -0.154977 0.174899 0.799189 0.557138 0.142493 0.019354 -0.596318 -0.265878 -1.594049 -0.264003 0.471884 0.075199
1776408771.374857 jaka_arm_right success 0.484481 -0.129725 -0.154905 0.175148 0.799163 0.557158 0.142257 0.019046 -0.596423 -0.266157 -1.594200 -0.263883 0.472045 0.075419
1776408771.383126 jaka_arm_right success 0.484660 -0.129502 -0.154947 0.173816 0.799320 0.557524 0.141571 0.019068 -0.597096 -0.266132 -1.594841 -0.264029 0.472614 0.075217
1776408771.391553 jaka_arm_right success 0.484873 -0.129155 -0.154986 0.172627 0.798732 0.558758 0.141475 0.019549 -0.598263 -0.264365 -1.596046 -0.263029 0.473469 0.075043
1776408771.399852 jaka_arm_right success 0.484795 -0.128860 -0.154907 0.172988 0.798133 0.559815 0.140239 0.017469 -0.598551 -0.262287 -1.595538 -0.260835 0.474527 0.074469
1776408771.408237 jaka_arm_right success 0.484915 -0.128667 -0.154881 0.172147 0.797765 0.560747 0.139639 0.008276 -0.598490 -0.254815 -1.589413 -0.257235 0.481331 0.065755
1776408771.416454 jaka_arm_right success 0.485237 -0.128623 -0.154866 0.170052 0.798263 0.560588 0.139997 0.009203 -0.600911 -0.254416 -1.586870 -0.258212 0.483615 0.064648
1776408771.424929 jaka_arm_right success 0.485364 -0.128540 -0.154785 0.169199 0.798352 0.560803 0.139664 0.008743 -0.601708 -0.252604 -1.580589 -0.257490 0.491125 0.062685
1776408771.433180 jaka_arm_right success 0.485611 -0.128368 -0.154711 0.168003 0.797971 0.561583 0.140148 0.007966 -0.602677 -0.250621 -1.580451 -0.257279 0.491031 0.060660
1776408771.441455 jaka_arm_right success 0.485669 -0.128155 -0.154566 0.168536 0.797594 0.562031 0.139857 0.007252 -0.602819 -0.249897 -1.580505 -0.256042 0.491056 0.061060
1776408771.449764 jaka_arm_right success 0.485793 -0.128035 -0.154458 0.168365 0.797292 0.562575 0.139600 0.001135 -0.604061 -0.245440 -1.577902 -0.253628 0.491686 0.056139
1776408771.458232 jaka_arm_right success 0.486019 -0.127774 -0.154344 0.168832 0.795894 0.564455 0.139425 -0.002293 -0.603341 -0.241352 -1.577616 -0.250381 0.492433 0.053996
1776408771.466683 jaka_arm_right success 0.486271 -0.127786 -0.154268 0.169328 0.795741 0.564337 0.140170 -0.002076 -0.602974 -0.241121 -1.577208 -0.250361 0.492013 0.053946
1776408771.474755 jaka_arm_right success 0.486710 -0.127852 -0.154179 0.169252 0.795840 0.564108 0.140621 -0.001847 -0.602773 -0.240956 -1.576916 -0.250498 0.491714 0.053774
1776408771.483120 jaka_arm_right success 0.487165 -0.127865 -0.154116 0.169188 0.795633 0.564467 0.140428 -0.001847 -0.602773 -0.240956 -1.576916 -0.250498 0.491714 0.053774
1776408771.491452 jaka_arm_right success 0.487533 -0.127894 -0.154023 0.169816 0.795285 0.565208 0.138653 -0.004730 -0.607524 -0.238075 -1.570860 -0.246979 0.494924 0.053591
1776408771.499812 jaka_arm_right success 0.488108 -0.127918 -0.153935 0.170285 0.794836 0.565739 0.138484 -0.006440 -0.606898 -0.236567 -1.568185 -0.245602 0.497600 0.052444
1776408771.508131 jaka_arm_right success 0.488669 -0.128055 -0.153842 0.170423 0.794727 0.565991 0.137913 -0.007557 -0.609307 -0.235281 -1.562502 -0.244228 0.501676 0.051924
1776408771.516474 jaka_arm_right success 0.489337 -0.128052 -0.153934 0.169612 0.794379 0.567018 0.136693 -0.012247 -0.609708 -0.230435 -1.553597 -0.241167 0.512806 0.046839
1776408771.524870 jaka_arm_right success 0.489959 -0.128133 -0.153906 0.168800 0.793994 0.567982 0.135928 -0.015807 -0.614794 -0.226592 -1.546729 -0.238244 0.516391 0.044407
1776408771.533219 jaka_arm_right success 0.490319 -0.128179 -0.153853 0.169177 0.794098 0.568252 0.133704 -0.014018 -0.613633 -0.227396 -1.542236 -0.237272 0.525496 0.046336
1776408771.541528 jaka_arm_right success 0.491036 -0.128074 -0.153881 0.166989 0.793851 0.569338 0.133300 -0.021541 -0.620104 -0.220212 -1.529961 -0.233855 0.533428 0.038145
1776408771.549798 jaka_arm_right success 0.491424 -0.127927 -0.153845 0.166742 0.793193 0.570666 0.131838 -0.022765 -0.618180 -0.217725 -1.527435 -0.231178 0.541120 0.037076
1776408771.558180 jaka_arm_right success 0.491633 -0.127867 -0.153775 0.166523 0.793711 0.570159 0.131193 -0.021831 -0.622410 -0.218907 -1.523292 -0.231643 0.542484 0.038498
1776408771.566463 jaka_arm_right success 0.491802 -0.127572 -0.153840 0.166510 0.793653 0.570498 0.130086 -0.021919 -0.622787 -0.218885 -1.521122 -0.230766 0.545680 0.039167
1776408771.574869 jaka_arm_right success 0.492132 -0.127280 -0.153919 0.165997 0.793574 0.570647 0.130564 -0.021468 -0.623158 -0.218342 -1.521105 -0.230957 0.545732 0.038657
1776408771.583418 jaka_arm_right success 0.492451 -0.126862 -0.154043 0.164536 0.793815 0.570940 0.129663 -0.024956 -0.629610 -0.215491 -1.511389 -0.229401 0.551932 0.035159
1776408771.591557 jaka_arm_right success 0.492598 -0.126641 -0.154063 0.163620 0.794592 0.570253 0.129085 -0.025062 -0.629957 -0.216848 -1.511439 -0.231130 0.552675 0.034293
1776408771.599889 jaka_arm_right success 0.492823 -0.126248 -0.154185 0.163400 0.794495 0.570352 0.129523 -0.025062 -0.629957 -0.216848 -1.511439 -0.231130 0.552675 0.034293
1776408771.608160 jaka_arm_right success 0.493035 -0.125723 -0.154380 0.162315 0.794536 0.570742 0.128918 -0.024892 -0.632887 -0.215078 -1.506747 -0.229857 0.557384 0.033773
1776408771.616476 jaka_arm_right success 0.493353 -0.125333 -0.154590 0.161119 0.795136 0.570197 0.129131 -0.024604 -0.633344 -0.216076 -1.506438 -0.232038 0.557556 0.032280
1776408771.624820 jaka_arm_right success 0.493568 -0.124946 -0.154803 0.160505 0.795638 0.569764 0.128713 -0.023654 -0.637629 -0.216164 -1.502642 -0.232029 0.559310 0.033114
1776408771.633170 jaka_arm_right success 0.493708 -0.124456 -0.155023 0.160475 0.795981 0.569573 0.127467 -0.023485 -0.638768 -0.217512 -1.500286 -0.232100 0.562041 0.034336
1776408771.641470 jaka_arm_right success 0.494116 -0.123926 -0.155435 0.158551 0.796376 0.569696 0.126858 -0.024424 -0.643741 -0.215695 -1.491706 -0.231362 0.569309 0.032208
1776408771.649790 jaka_arm_right success 0.494240 -0.123545 -0.155624 0.158935 0.796609 0.569260 0.126869 -0.024955 -0.643573 -0.216902 -1.491260 -0.232308 0.569182 0.031984
1776408771.658167 jaka_arm_right success 0.494558 -0.123025 -0.155972 0.157821 0.796755 0.569569 0.125958 -0.025080 -0.646153 -0.216041 -1.490267 -0.231973 0.570473 0.031439
1776408771.666485 jaka_arm_right success 0.494883 -0.122624 -0.156316 0.156853 0.796677 0.570105 0.125233 -0.029685 -0.650608 -0.212771 -1.481621 -0.230094 0.576671 0.026929
1776408771.674882 jaka_arm_right success 0.495032 -0.122307 -0.156664 0.156444 0.797194 0.569725 0.124181 -0.028708 -0.651328 -0.213858 -1.479718 -0.230199 0.579781 0.028281
1776408771.683054 jaka_arm_right success 0.495466 -0.121900 -0.157175 0.156160 0.797176 0.569632 0.125077 -0.028278 -0.651302 -0.213612 -1.479524 -0.230568 0.579549 0.027836
1776408771.691493 jaka_arm_right success 0.495879 -0.121617 -0.157651 0.155642 0.797428 0.569468 0.124865 -0.030570 -0.656000 -0.213272 -1.476496 -0.230798 0.578217 0.026257
1776408771.699774 jaka_arm_right success 0.496232 -0.121215 -0.158114 0.155548 0.797114 0.570243 0.123439 -0.034970 -0.657361 -0.209453 -1.469759 -0.227685 0.585358 0.022479
1776408771.708181 jaka_arm_right success 0.496685 -0.121123 -0.158538 0.154732 0.797970 0.569493 0.122393 -0.033220 -0.661036 -0.211846 -1.465740 -0.229167 0.588332 0.024274
1776408771.716423 jaka_arm_right success 0.497326 -0.120852 -0.159142 0.154002 0.797665 0.570119 0.122386 -0.038263 -0.663857 -0.208303 -1.459520 -0.227525 0.591843 0.019000
1776408771.724872 jaka_arm_right success 0.497673 -0.120595 -0.159650 0.154321 0.797647 0.570501 0.120301 -0.037818 -0.665540 -0.208330 -1.454426 -0.225535 0.598064 0.021253
1776408771.733414 jaka_arm_right success 0.498385 -0.120429 -0.160229 0.153793 0.797448 0.570817 0.120799 -0.042489 -0.669552 -0.205510 -1.449724 -0.224552 0.598161 0.016650
1776408771.741554 jaka_arm_right success 0.498767 -0.120144 -0.160824 0.153812 0.796807 0.572291 0.117999 -0.047416 -0.669714 -0.201582 -1.439085 -0.220179 0.612678 0.012962
1776408771.749814 jaka_arm_right success 0.499346 -0.120030 -0.161326 0.153494 0.796277 0.573208 0.117535 -0.050904 -0.674683 -0.198823 -1.435136 -0.218045 0.612175 0.010742
1776408771.758203 jaka_arm_right success 0.499623 -0.120025 -0.161705 0.154048 0.796192 0.573606 0.115429 -0.051588 -0.674257 -0.198454 -1.429997 -0.215995 0.619993 0.011561
1776408771.766594 jaka_arm_right success 0.500020 -0.119825 -0.162242 0.153553 0.795237 0.575467 0.113385 -0.062256 -0.679727 -0.191209 -1.417907 -0.210355 0.629400 0.002785
1776408771.774814 jaka_arm_right success 0.500516 -0.119777 -0.162726 0.152826 0.794546 0.576809 0.112398 -0.064516 -0.679539 -0.187857 -1.410477 -0.207989 0.639885 -0.000859
1776408771.783133 jaka_arm_right success 0.501110 -0.119809 -0.163135 0.151198 0.794716 0.576995 0.112440 -0.066971 -0.685445 -0.186167 -1.404828 -0.207381 0.640705 -0.003377
1776408771.791640 jaka_arm_right success 0.501391 -0.119767 -0.163498 0.150500 0.793973 0.578660 0.110039 -0.073893 -0.686138 -0.180929 -1.391345 -0.202594 0.657857 -0.009973
1776408771.800019 jaka_arm_right success 0.501694 -0.119489 -0.163917 0.150584 0.792682 0.580547 0.109291 -0.076302 -0.688249 -0.177591 -1.390147 -0.199274 0.657626 -0.011082
1776408771.808544 jaka_arm_right success 0.501849 -0.119351 -0.164197 0.150591 0.792350 0.581140 0.108534 -0.082846 -0.690451 -0.173935 -1.384738 -0.196531 0.661447 -0.016654
1776408771.816517 jaka_arm_right success 0.502051 -0.119252 -0.164515 0.150235 0.791962 0.581882 0.107886 -0.084033 -0.691169 -0.172767 -1.380999 -0.195377 0.666108 -0.017861
1776408771.824818 jaka_arm_right success 0.502267 -0.119114 -0.164780 0.149783 0.791590 0.582566 0.107550 -0.088053 -0.694078 -0.169791 -1.376376 -0.193254 0.668236 -0.021502
1776408771.833262 jaka_arm_right success 0.502540 -0.118874 -0.165147 0.148770 0.791239 0.583312 0.107495 -0.089437 -0.694053 -0.167641 -1.374829 -0.192243 0.671016 -0.024109
1776408771.841644 jaka_arm_right success 0.502881 -0.118631 -0.165449 0.146902 0.790867 0.584271 0.107592 -0.096641 -0.697372 -0.162011 -1.366630 -0.189500 0.678003 -0.033019
1776408771.849916 jaka_arm_right success 0.502907 -0.118480 -0.165577 0.146351 0.790933 0.584663 0.105713 -0.094495 -0.698344 -0.163335 -1.362429 -0.189380 0.684522 -0.030384
1776408771.858214 jaka_arm_right success 0.503045 -0.118227 -0.165788 0.145594 0.790508 0.585570 0.104916 -0.100179 -0.702140 -0.159572 -1.355721 -0.186754 0.689319 -0.035868
1776408771.866578 jaka_arm_right success 0.503214 -0.117979 -0.165982 0.144278 0.790280 0.586319 0.104264 -0.100363 -0.702127 -0.158038 -1.352039 -0.185968 0.695742 -0.037655
1776408771.874834 jaka_arm_right success 0.503307 -0.117650 -0.166211 0.143333 0.790401 0.586489 0.103692 -0.101762 -0.707023 -0.157319 -1.347457 -0.185583 0.697551 -0.038915
1776408771.883157 jaka_arm_right success 0.503281 -0.117368 -0.166459 0.142872 0.790121 0.587268 0.102044 -0.104137 -0.707487 -0.155523 -1.339322 -0.183738 0.708770 -0.041659
1776408771.891601 jaka_arm_right success 0.503325 -0.117059 -0.166669 0.142053 0.789675 0.588219 0.101160 -0.105752 -0.709729 -0.154191 -1.338330 -0.182284 0.709467 -0.042473
1776408771.899893 jaka_arm_right success 0.503554 -0.116650 -0.167006 0.140345 0.789568 0.588831 0.100820 -0.111419 -0.712023 -0.150232 -1.332042 -0.180411 0.715197 -0.049640
1776408771.908168 jaka_arm_right success 0.503750 -0.116383 -0.167280 0.138913 0.789427 0.589350 0.100872 -0.112107 -0.714879 -0.148388 -1.327269 -0.179783 0.719033 -0.051972
1776408771.916569 jaka_arm_right success 0.503929 -0.116112 -0.167530 0.138155 0.789130 0.589949 0.100738 -0.114867 -0.715913 -0.146633 -1.324460 -0.178929 0.721783 -0.055347
1776408771.924884 jaka_arm_right success 0.504167 -0.115745 -0.167902 0.136918 0.789213 0.590268 0.099898 -0.115989 -0.719210 -0.145459 -1.318784 -0.178379 0.726972 -0.057343
1776408771.933137 jaka_arm_right success 0.504171 -0.115395 -0.168181 0.136764 0.789133 0.590568 0.098964 -0.117881 -0.722718 -0.144525 -1.310008 -0.176867 0.734145 -0.058429
1776408771.941513 jaka_arm_right success 0.504479 -0.115088 -0.168523 0.135322 0.789300 0.590707 0.098789 -0.117592 -0.723320 -0.144391 -1.310526 -0.177202 0.734606 -0.058898
1776408771.949835 jaka_arm_right success 0.504464 -0.114685 -0.168793 0.135582 0.789226 0.591010 0.097192 -0.119295 -0.726347 -0.144097 -1.305924 -0.176051 0.738111 -0.059096
1776408771.958206 jaka_arm_right success 0.504615 -0.114445 -0.169030 0.135119 0.789490 0.590762 0.097199 -0.119165 -0.726681 -0.144200 -1.306172 -0.176440 0.738377 -0.059427
1776408771.966690 jaka_arm_right success 0.504751 -0.114057 -0.169360 0.134884 0.789023 0.591549 0.096531 -0.121995 -0.728787 -0.142844 -1.303226 -0.175363 0.740372 -0.061879
1776408771.974805 jaka_arm_right success 0.505078 -0.113700 -0.169783 0.133372 0.789278 0.591562 0.096469 -0.123729 -0.731387 -0.141244 -1.297005 -0.175109 0.745127 -0.065348
1776408771.983127 jaka_arm_right success 0.505383 -0.113539 -0.170157 0.132517 0.789018 0.592102 0.096464 -0.125285 -0.732691 -0.139787 -1.294977 -0.174486 0.747059 -0.067736
1776408771.991477 jaka_arm_right success 0.505545 -0.113311 -0.170600 0.132336 0.788660 0.592811 0.095278 -0.129636 -0.735123 -0.137533 -1.287977 -0.171935 0.753179 -0.070896
1776408771.999834 jaka_arm_right success 0.505716 -0.113164 -0.171072 0.132305 0.788581 0.593032 0.094592 -0.129633 -0.737868 -0.137764 -1.284271 -0.171671 0.755568 -0.070288
1776408772.008210 jaka_arm_right success 0.506033 -0.113066 -0.171553 0.131189 0.788244 0.593807 0.094089 -0.134693 -0.739433 -0.134312 -1.277793 -0.169505 0.762648 -0.076378
1776408772.016458 jaka_arm_right success 0.506251 -0.112845 -0.172003 0.131271 0.787971 0.594418 0.092397 -0.134226 -0.742349 -0.134411 -1.273650 -0.168240 0.766103 -0.074276
1776408772.024936 jaka_arm_right success 0.506565 -0.112733 -0.172517 0.131108 0.786891 0.596053 0.091287 -0.142481 -0.745570 -0.129396 -1.263144 -0.163809 0.774803 -0.081737
1776408772.033247 jaka_arm_right success 0.506832 -0.112672 -0.173015 0.130985 0.786135 0.597204 0.090452 -0.145107 -0.746725 -0.127219 -1.257117 -0.161567 0.781442 -0.084178
1776408772.041499 jaka_arm_right success 0.507053 -0.112749 -0.173586 0.130779 0.785572 0.598106 0.089684 -0.148185 -0.749590 -0.125274 -1.253472 -0.159667 0.783354 -0.086502
1776408772.049705 jaka_arm_right success 0.507187 -0.112695 -0.174159 0.131124 0.784710 0.599342 0.088461 -0.152772 -0.750306 -0.122479 -1.247571 -0.156431 0.790084 -0.089863
1776408772.058193 jaka_arm_right success 0.507273 -0.112613 -0.174631 0.132140 0.783282 0.601146 0.087366 -0.155364 -0.751140 -0.120215 -1.246567 -0.152766 0.790573 -0.089678
1776408772.066611 jaka_arm_right success 0.507409 -0.112706 -0.175154 0.132425 0.782478 0.602216 0.086767 -0.161744 -0.752492 -0.117035 -1.241150 -0.149981 0.794621 -0.095266
1776408772.074837 jaka_arm_right success 0.507663 -0.112798 -0.175673 0.131924 0.781480 0.603744 0.085894 -0.166801 -0.755429 -0.113366 -1.232561 -0.146560 0.802036 -0.099927
1776408772.083181 jaka_arm_right success 0.507814 -0.112797 -0.176207 0.131517 0.780426 0.605309 0.085079 -0.171202 -0.758047 -0.109944 -1.226317 -0.143345 0.807993 -0.103945
1776408772.091510 jaka_arm_right success 0.507761 -0.112728 -0.176813 0.132298 0.778821 0.607481 0.083079 -0.178312 -0.759529 -0.105566 -1.219818 -0.138065 0.815248 -0.108533
1776408772.099977 jaka_arm_right success 0.507899 -0.112532 -0.177447 0.131852 0.777331 0.609637 0.081937 -0.184765 -0.761885 -0.101360 -1.212769 -0.133974 0.821798 -0.114063
1776408772.108107 jaka_arm_right success 0.508026 -0.112609 -0.178085 0.131822 0.776229 0.611173 0.080989 -0.189826 -0.763196 -0.098114 -1.207131 -0.130601 0.827915 -0.118213
1776408772.116448 jaka_arm_right success 0.507949 -0.112678 -0.178696 0.131670 0.775990 0.611775 0.078955 -0.189170 -0.764614 -0.098256 -1.199647 -0.129324 0.837799 -0.116402
1776408772.124806 jaka_arm_right success 0.508084 -0.112588 -0.179362 0.131307 0.774845 0.613326 0.078767 -0.196631 -0.767432 -0.093940 -1.195087 -0.125995 0.839846 -0.123750
1776408772.133121 jaka_arm_right success 0.508165 -0.112472 -0.180072 0.131042 0.773933 0.614548 0.078659 -0.201758 -0.769421 -0.090672 -1.190787 -0.123320 0.842814 -0.128814
1776408772.141456 jaka_arm_right success 0.508137 -0.112309 -0.180834 0.131288 0.772606 0.616249 0.077976 -0.205144 -0.769757 -0.087706 -1.189762 -0.119853 0.844153 -0.130802
1776408772.149713 jaka_arm_right success 0.508136 -0.112304 -0.181604 0.130700 0.772289 0.616971 0.076385 -0.211368 -0.774163 -0.085321 -1.178468 -0.117564 0.854707 -0.136469
1776408772.158222 jaka_arm_right success 0.508093 -0.112214 -0.182375 0.131602 0.771083 0.618293 0.076333 -0.213638 -0.774406 -0.083423 -1.177632 -0.114864 0.854513 -0.137001
1776408772.166645 jaka_arm_right success 0.508333 -0.112098 -0.183157 0.129928 0.770419 0.619557 0.075647 -0.221127 -0.779370 -0.079252 -1.167136 -0.112067 0.862989 -0.145499
1776408772.174885 jaka_arm_right success 0.508207 -0.111908 -0.183978 0.130497 0.769513 0.620823 0.073479 -0.223687 -0.779121 -0.078363 -1.163279 -0.109734 0.869489 -0.145771
1776408772.183123 jaka_arm_right success 0.508598 -0.111966 -0.184828 0.128735 0.769323 0.621397 0.073724 -0.228217 -0.783783 -0.075612 -1.153843 -0.108779 0.876626 -0.152595
1776408772.191501 jaka_arm_right success 0.508516 -0.111878 -0.185703 0.130186 0.768479 0.622302 0.072328 -0.229507 -0.783803 -0.074728 -1.153771 -0.105932 0.876783 -0.150546
1776408772.199921 jaka_arm_right success 0.508746 -0.111670 -0.186588 0.129586 0.767324 0.623940 0.071554 -0.237104 -0.788298 -0.070677 -1.142907 -0.102383 0.884869 -0.157841
1776408772.208224 jaka_arm_right success 0.508878 -0.111549 -0.187490 0.129087 0.766261 0.625509 0.070143 -0.243443 -0.792895 -0.068026 -1.132252 -0.099497 0.894258 -0.163032
1776408772.216434 jaka_arm_right success 0.508911 -0.111465 -0.188398 0.129915 0.764887 0.627108 0.069324 -0.244642 -0.792995 -0.066567 -1.132220 -0.096737 0.894727 -0.161993
1776408772.224818 jaka_arm_right success 0.509100 -0.111517 -0.189273 0.128784 0.763750 0.628750 0.069093 -0.253749 -0.797274 -0.061248 -1.122655 -0.092957 0.901996 -0.172216
1776408772.233150 jaka_arm_right success 0.508969 -0.111272 -0.190176 0.129032 0.761978 0.631090 0.066818 -0.261502 -0.801633 -0.057188 -1.111037 -0.087829 0.913199 -0.177381
1776408772.241438 jaka_arm_right success 0.509023 -0.111419 -0.191118 0.128833 0.760767 0.632554 0.067158 -0.265564 -0.800697 -0.054076 -1.109354 -0.085216 0.916120 -0.181807
1776408772.249741 jaka_arm_right success 0.509027 -0.111619 -0.192027 0.128378 0.759699 0.633882 0.067606 -0.271603 -0.803003 -0.050202 -1.103631 -0.082394 0.920144 -0.188729
1776408772.258192 jaka_arm_right success 0.508944 -0.111403 -0.193047 0.129226 0.757230 0.636614 0.068018 -0.280819 -0.803620 -0.044115 -1.102254 -0.076466 0.920094 -0.196660
1776408772.266495 jaka_arm_right success 0.508704 -0.111655 -0.193931 0.129776 0.756464 0.637490 0.067283 -0.282949 -0.803390 -0.043426 -1.101875 -0.074683 0.921313 -0.196657
1776408772.274781 jaka_arm_right success 0.508847 -0.111821 -0.194865 0.128744 0.754822 0.639603 0.067654 -0.293408 -0.806986 -0.037029 -1.092710 -0.070214 0.928163 -0.208808
1776408772.283142 jaka_arm_right success 0.508671 -0.111781 -0.195802 0.129492 0.753203 0.641479 0.066494 -0.299319 -0.808624 -0.033832 -1.086696 -0.066069 0.934684 -0.212440
1776408772.291530 jaka_arm_right success 0.508725 -0.111818 -0.196809 0.128966 0.751550 0.643497 0.066726 -0.305323 -0.811457 -0.029771 -1.080655 -0.062567 0.939266 -0.218619
1776408772.299914 jaka_arm_right success 0.508756 -0.111947 -0.197743 0.128639 0.749841 0.645560 0.066654 -0.313129 -0.814007 -0.024923 -1.073929 -0.058324 0.944926 -0.226421
1776408772.308111 jaka_arm_right success 0.508782 -0.112097 -0.198735 0.128688 0.747972 0.647789 0.065920 -0.320633 -0.817591 -0.020464 -1.064560 -0.053651 0.952997 -0.232661
1776408772.316483 jaka_arm_right success 0.508797 -0.112245 -0.199772 0.128708 0.746039 0.650057 0.065463 -0.327988 -0.820197 -0.015942 -1.056710 -0.049048 0.960290 -0.239018
1776408772.324965 jaka_arm_right success 0.508644 -0.112389 -0.200655 0.129552 0.744091 0.652279 0.063851 -0.334508 -0.822206 -0.012541 -1.049600 -0.044382 0.968058 -0.242632
1776408772.333184 jaka_arm_right success 0.508726 -0.112444 -0.201687 0.128769 0.742203 0.654695 0.062677 -0.341592 -0.828379 -0.008374 -1.035962 -0.040100 0.979722 -0.248882
1776408772.341463 jaka_arm_right success 0.508827 -0.112641 -0.202697 0.127969 0.740451 0.656906 0.061897 -0.348077 -0.832128 -0.004416 -1.025131 -0.036365 0.990502 -0.255204
1776408772.349826 jaka_arm_right success 0.508808 -0.112702 -0.203687 0.127709 0.738455 0.659415 0.059557 -0.355020 -0.837524 -0.001195 -1.009239 -0.031933 1.006532 -0.259435
1776408772.358211 jaka_arm_right success 0.508914 -0.112702 -0.204568 0.127610 0.736397 0.661834 0.058404 -0.360071 -0.842065 0.002154 -0.999179 -0.028003 1.015261 -0.263091
1776408772.366563 jaka_arm_right success 0.508954 -0.112857 -0.205362 0.128030 0.734848 0.663626 0.056633 -0.364987 -0.845624 0.004656 -0.988085 -0.024245 1.026595 -0.265359
1776408772.374815 jaka_arm_right success 0.509235 -0.112948 -0.206118 0.126701 0.733574 0.665319 0.056271 -0.368933 -0.852115 0.007392 -0.974454 -0.022270 1.037339 -0.270502
1776408772.383189 jaka_arm_right success 0.509211 -0.113018 -0.206769 0.126413 0.731948 0.667354 0.053944 -0.373219 -0.857220 0.009231 -0.959261 -0.018975 1.052598 -0.271822
1776408772.391534 jaka_arm_right success 0.509151 -0.112973 -0.207374 0.126736 0.730155 0.669301 0.053362 -0.375637 -0.857703 0.011920 -0.959105 -0.015365 1.053970 -0.272544
1776408772.399858 jaka_arm_right success 0.509129 -0.113008 -0.207880 0.126672 0.729334 0.670167 0.053869 -0.379260 -0.858209 0.014316 -0.958015 -0.013788 1.054813 -0.277414
1776408772.408162 jaka_arm_right success 0.508831 -0.112888 -0.208428 0.127802 0.727725 0.671606 0.055028 -0.386108 -0.859188 0.017871 -0.956832 -0.009697 1.053705 -0.282572
1776408772.416433 jaka_arm_right success 0.508525 -0.112912 -0.208790 0.128751 0.727053 0.672106 0.055585 -0.386223 -0.858801 0.018760 -0.956451 -0.008589 1.053326 -0.282397
1776408772.424856 jaka_arm_right success 0.508600 -0.112688 -0.209255 0.127514 0.725431 0.673862 0.058304 -0.394373 -0.859739 0.025066 -0.956118 -0.004878 1.051972 -0.294879
1776408772.433312 jaka_arm_right success 0.508435 -0.112682 -0.209635 0.127911 0.724491 0.674683 0.059613 -0.396672 -0.859392 0.026855 -0.955961 -0.003381 1.051172 -0.297564
1776408772.441569 jaka_arm_right success 0.508259 -0.112517 -0.210045 0.127843 0.723243 0.675946 0.060601 -0.401999 -0.860021 0.030411 -0.956667 -0.000601 1.050736 -0.303903
1776408772.449853 jaka_arm_right success 0.507958 -0.112374 -0.210355 0.128278 0.722665 0.676510 0.060290 -0.402854 -0.859967 0.030627 -0.956616 0.000456 1.050658 -0.303064
1776408772.458160 jaka_arm_right success 0.507674 -0.112216 -0.210719 0.128357 0.721750 0.677564 0.059240 -0.406243 -0.860174 0.032097 -0.957563 0.002352 1.051979 -0.305247
1776408772.466578 jaka_arm_right success 0.507932 -0.111894 -0.211136 0.126252 0.720202 0.679394 0.061591 -0.412098 -0.861105 0.037432 -0.957050 0.005127 1.052286 -0.315619
1776408772.474834 jaka_arm_right success 0.507871 -0.111700 -0.211433 0.125844 0.719752 0.679978 0.061241 -0.415614 -0.861965 0.038569 -0.956719 0.006192 1.053993 -0.318781
1776408772.483233 jaka_arm_right success 0.507685 -0.111477 -0.211729 0.126183 0.719618 0.680159 0.060100 -0.416433 -0.862191 0.038486 -0.956742 0.007004 1.054213 -0.317770
1776408772.491589 jaka_arm_right success 0.507710 -0.111019 -0.212111 0.126194 0.718603 0.681242 0.059953 -0.419981 -0.865064 0.040622 -0.952330 0.009033 1.057495 -0.321213
1776408772.499992 jaka_arm_right success 0.507628 -0.110738 -0.212397 0.126797 0.718310 0.681504 0.059211 -0.420732 -0.865279 0.040502 -0.952271 0.009805 1.057556 -0.320140
1776408772.508162 jaka_arm_right success 0.507603 -0.110380 -0.212696 0.126820 0.718283 0.681573 0.058684 -0.420296 -0.867066 0.039943 -0.951141 0.009501 1.057737 -0.319270
1776408772.516464 jaka_arm_right success 0.507644 -0.109920 -0.212960 0.127019 0.718173 0.681605 0.059230 -0.420296 -0.867066 0.039943 -0.951141 0.009501 1.057737 -0.319270
1776408772.524873 jaka_arm_right success 0.507731 -0.109569 -0.213193 0.126698 0.718940 0.680811 0.059733 -0.419656 -0.867195 0.039308 -0.950772 0.007864 1.057189 -0.320532
1776408772.533255 jaka_arm_right success 0.507923 -0.108978 -0.213471 0.126760 0.719702 0.679781 0.062125 -0.419658 -0.869365 0.039884 -0.949263 0.007515 1.052577 -0.322455
1776408772.541483 jaka_arm_right success 0.507629 -0.108381 -0.213795 0.129073 0.721205 0.677662 0.063064 -0.415859 -0.864117 0.036805 -0.966789 0.005105 1.033137 -0.317798
1776408772.549778 jaka_arm_right success 0.507620 -0.107711 -0.214139 0.130044 0.723062 0.675358 0.064513 -0.415298 -0.862089 0.034733 -0.978371 0.002228 1.018370 -0.318635
1776408772.558184 jaka_arm_right success 0.507473 -0.107087 -0.214456 0.132489 0.724987 0.672660 0.066100 -0.411039 -0.852224 0.030864 -0.998696 -0.000605 1.000275 -0.312802
1776408772.566481 jaka_arm_right success 0.507867 -0.106267 -0.214963 0.132429 0.725510 0.671779 0.069366 -0.415836 -0.854467 0.033894 -1.001541 -0.000256 0.990423 -0.321776
1776408772.574784 jaka_arm_right success 0.507728 -0.105746 -0.215385 0.134753 0.727378 0.669168 0.070548 -0.409836 -0.847320 0.029581 -1.019098 -0.003388 0.973281 -0.314484
1776408772.583167 jaka_arm_right success 0.508010 -0.105026 -0.215943 0.134710 0.728328 0.667992 0.071955 -0.411660 -0.850348 0.029720 -1.021257 -0.004646 0.965093 -0.318422
1776408772.591490 jaka_arm_right success 0.508050 -0.104347 -0.216518 0.136103 0.729365 0.666667 0.071116 -0.408338 -0.847779 0.026402 -1.027870 -0.006251 0.958801 -0.312567
1776408772.599899 jaka_arm_right success 0.508184 -0.103911 -0.217100 0.136953 0.730514 0.665325 0.070250 -0.409092 -0.848177 0.024385 -1.027646 -0.007308 0.957544 -0.311333
1776408772.608124 jaka_arm_right success 0.508458 -0.103562 -0.217645 0.137208 0.731527 0.664198 0.069882 -0.405688 -0.851091 0.021510 -1.027654 -0.009791 0.953343 -0.307867
1776408772.616496 jaka_arm_right success 0.508410 -0.103201 -0.218248 0.138846 0.732711 0.662789 0.067575 -0.402784 -0.851074 0.017104 -1.028531 -0.011390 0.952273 -0.300486
1776408772.624773 jaka_arm_right success 0.508709 -0.102881 -0.218872 0.138982 0.733131 0.662453 0.066018 -0.403159 -0.851679 0.015707 -1.029008 -0.012105 0.952663 -0.299515
1776408772.633118 jaka_arm_right success 0.508671 -0.102687 -0.219447 0.139386 0.734004 0.661764 0.062269 -0.397910 -0.852149 0.010989 -1.028548 -0.013795 0.955326 -0.289980
1776408772.641455 jaka_arm_right success 0.508900 -0.102426 -0.220101 0.139201 0.733334 0.662618 0.061492 -0.401350 -0.857652 0.012183 -1.018761 -0.012546 0.962150 -0.292676
1776408772.649780 jaka_arm_right success 0.508983 -0.102292 -0.220775 0.139306 0.733165 0.662935 0.059830 -0.398533 -0.859417 0.010288 -1.013278 -0.012834 0.968414 -0.287626
1776408772.658244 jaka_arm_right success 0.509203 -0.102297 -0.221436 0.137524 0.732834 0.663695 0.059584 -0.403056 -0.865578 0.012548 -1.000898 -0.012342 0.978084 -0.294466
1776408772.666618 jaka_arm_right success 0.509020 -0.102299 -0.222055 0.137407 0.732331 0.664471 0.057350 -0.402491 -0.866325 0.011517 -0.994346 -0.011848 0.987380 -0.291277
1776408772.674829 jaka_arm_right success 0.508850 -0.102339 -0.222692 0.137648 0.731078 0.665810 0.057231 -0.408079 -0.868527 0.014875 -0.991369 -0.008637 0.989229 -0.296161
1776408772.683161 jaka_arm_right success 0.508372 -0.102736 -0.223177 0.138263 0.731176 0.665771 0.054897 -0.406251 -0.870312 0.012440 -0.985362 -0.009012 0.995324 -0.290866
1776408772.691595 jaka_arm_right success 0.508097 -0.102951 -0.223738 0.137701 0.729952 0.667246 0.054694 -0.412435 -0.871065 0.015962 -0.982035 -0.006193 1.000255 -0.297256
1776408772.699890 jaka_arm_right success 0.508010 -0.103280 -0.224316 0.136675 0.728825 0.668616 0.055569 -0.417392 -0.873205 0.019473 -0.976409 -0.004012 1.005500 -0.303867
1776408772.708176 jaka_arm_right success 0.507682 -0.103751 -0.224810 0.136754 0.727563 0.669996 0.055282 -0.421302 -0.873443 0.021763 -0.972314 -0.001837 1.010879 -0.307316
1776408772.716571 jaka_arm_right success 0.507539 -0.104070 -0.225333 0.135873 0.725760 0.672112 0.055468 -0.427238 -0.877309 0.026016 -0.964062 0.001685 1.018471 -0.313739
1776408772.724925 jaka_arm_right success 0.507216 -0.104547 -0.225711 0.136738 0.724936 0.672861 0.055033 -0.428001 -0.876728 0.026716 -0.963955 0.003230 1.019111 -0.312831
1776408772.733247 jaka_arm_right success 0.506785 -0.105180 -0.226042 0.137711 0.724290 0.673575 0.052318 -0.429186 -0.875309 0.025707 -0.957628 0.004295 1.030394 -0.309683
1776408772.741494 jaka_arm_right success 0.506608 -0.105940 -0.226375 0.138517 0.724046 0.673707 0.051860 -0.429840 -0.875042 0.025677 -0.957319 0.004915 1.030159 -0.308981
1776408772.749795 jaka_arm_right success 0.506377 -0.106458 -0.226794 0.139573 0.722670 0.674989 0.051551 -0.434868 -0.874010 0.028474 -0.955841 0.008516 1.032985 -0.311735
1776408772.758257 jaka_arm_right success 0.505876 -0.107196 -0.227203 0.141304 0.722028 0.675407 0.050341 -0.436378 -0.874033 0.028093 -0.955836 0.009597 1.033050 -0.310156
1776408772.766572 jaka_arm_right success 0.505520 -0.108060 -0.227725 0.141968 0.721535 0.675778 0.050551 -0.437100 -0.873224 0.029093 -0.955514 0.011247 1.033418 -0.309616
1776408772.774826 jaka_arm_right success 0.504966 -0.109076 -0.228146 0.144168 0.721518 0.675288 0.051124 -0.438480 -0.871128 0.029235 -0.954300 0.012279 1.032691 -0.309026
1776408772.783111 jaka_arm_right success 0.504180 -0.110105 -0.228572 0.146601 0.720942 0.675386 0.051035 -0.443529 -0.865887 0.030423 -0.956509 0.014685 1.033848 -0.310780
1776408772.791562 jaka_arm_right success 0.503610 -0.111196 -0.229054 0.147623 0.720463 0.675556 0.052581 -0.448471 -0.861854 0.032918 -0.962821 0.016848 1.028531 -0.315684
1776408772.799959 jaka_arm_right success 0.502833 -0.112252 -0.229549 0.148887 0.719607 0.676128 0.053375 -0.452381 -0.857529 0.034949 -0.968709 0.018979 1.025747 -0.318847
1776408772.808121 jaka_arm_right success 0.501872 -0.113480 -0.230044 0.151213 0.719031 0.676173 0.054028 -0.456957 -0.848381 0.036420 -0.984938 0.021404 1.014480 -0.320972
1776408772.816447 jaka_arm_right success 0.500984 -0.114876 -0.230535 0.152102 0.718743 0.676186 0.055183 -0.458250 -0.844409 0.037579 -0.985798 0.022454 1.015385 -0.322234
1776408772.824902 jaka_arm_right success 0.500112 -0.116302 -0.231083 0.152836 0.717985 0.676642 0.057397 -0.465098 -0.839861 0.041496 -0.993531 0.025356 1.009028 -0.330164
1776408772.833415 jaka_arm_right success 0.499332 -0.117785 -0.231676 0.152937 0.717144 0.677220 0.060724 -0.471558 -0.834300 0.046089 -0.999800 0.027844 1.005114 -0.339733
1776408772.841482 jaka_arm_right success 0.498233 -0.119302 -0.232214 0.153921 0.715942 0.678045 0.063166 -0.478611 -0.827744 0.050614 -1.009607 0.031487 0.998831 -0.347620
1776408772.849756 jaka_arm_right success 0.497269 -0.120929 -0.232818 0.153903 0.714989 0.678751 0.066342 -0.486078 -0.821770 0.055719 -1.016463 0.034465 0.995758 -0.358058
1776408772.858313 jaka_arm_right success 0.496085 -0.122491 -0.233364 0.154544 0.713940 0.679617 0.067286 -0.490490 -0.815398 0.058407 -1.019795 0.037120 0.998046 -0.361772
1776408772.866594 jaka_arm_right success 0.494986 -0.124321 -0.233807 0.154597 0.713763 0.679717 0.068024 -0.493572 -0.810497 0.059521 -1.022595 0.037778 0.999331 -0.365036
1776408772.874954 jaka_arm_right success 0.494074 -0.126029 -0.234321 0.154899 0.713159 0.680027 0.070526 -0.500198 -0.805551 0.063702 -1.028371 0.040521 0.995619 -0.373621
1776408772.883173 jaka_arm_right success 0.492906 -0.127856 -0.234778 0.156517 0.712673 0.680048 0.071646 -0.505107 -0.797398 0.066039 -1.038343 0.043172 0.991133 -0.377374
1776408772.891532 jaka_arm_right success 0.491707 -0.129674 -0.235174 0.158132 0.711951 0.680204 0.073776 -0.511000 -0.789968 0.069137 -1.049538 0.045981 0.983248 -0.383288
1776408772.899829 jaka_arm_right success 0.490405 -0.131711 -0.235585 0.159624 0.711887 0.679729 0.075540 -0.514059 -0.781497 0.070949 -1.056741 0.047694 0.980886 -0.386049
1776408772.908184 jaka_arm_right success 0.489048 -0.133754 -0.236062 0.161196 0.711226 0.679834 0.077455 -0.521206 -0.773068 0.074137 -1.069717 0.050736 0.972110 -0.392860
1776408772.916439 jaka_arm_right success 0.487605 -0.135793 -0.236478 0.162309 0.710745 0.679871 0.079202 -0.526237 -0.764563 0.077039 -1.076549 0.053471 0.971215 -0.397535
1776408772.924857 jaka_arm_right success 0.486381 -0.137850 -0.236955 0.163610 0.709347 0.680608 0.082652 -0.535496 -0.758136 0.082963 -1.086389 0.058254 0.963474 -0.408434
1776408772.933248 jaka_arm_right success 0.484977 -0.140047 -0.237271 0.164676 0.708868 0.680672 0.084106 -0.540415 -0.748587 0.085748 -1.094868 0.060995 0.962534 -0.412778
1776408772.941464 jaka_arm_right success 0.483739 -0.142247 -0.237602 0.165813 0.708581 0.680404 0.086423 -0.546438 -0.740288 0.088766 -1.105468 0.063495 0.955851 -0.419295
1776408772.949854 jaka_arm_right success 0.482605 -0.144488 -0.237894 0.167576 0.707735 0.680434 0.089659 -0.553450 -0.732198 0.093442 -1.115537 0.067575 0.948861 -0.427176
1776408772.958191 jaka_arm_right success 0.481375 -0.146791 -0.238101 0.168779 0.707594 0.680056 0.091372 -0.556687 -0.722313 0.095375 -1.122852 0.069551 0.948222 -0.429778
1776408772.966525 jaka_arm_right success 0.479710 -0.149440 -0.238322 0.170575 0.707728 0.679436 0.091603 -0.559191 -0.711087 0.095271 -1.134261 0.070672 0.944505 -0.429543
1776408772.974845 jaka_arm_right success 0.478455 -0.151928 -0.238672 0.171513 0.706982 0.679439 0.095507 -0.567648 -0.705934 0.101023 -1.140678 0.074827 0.938438 -0.440903
1776408772.983100 jaka_arm_right success 0.476636 -0.154569 -0.238777 0.174408 0.706606 0.678821 0.097427 -0.575409 -0.692437 0.104594 -1.158284 0.079468 0.928962 -0.446724
1776408772.991544 jaka_arm_right success 0.474967 -0.157215 -0.239017 0.175836 0.706477 0.678125 0.100585 -0.581048 -0.681934 0.107763 -1.167077 0.082128 0.924836 -0.452916
1776408772.999781 jaka_arm_right success 0.473002 -0.159793 -0.239138 0.177582 0.705337 0.678623 0.102146 -0.588314 -0.673153 0.112013 -1.174944 0.087122 0.924165 -0.458824
1776408773.008213 jaka_arm_right success 0.471398 -0.162470 -0.239340 0.178162 0.705129 0.678096 0.106004 -0.596732 -0.663751 0.117210 -1.188021 0.090726 0.915468 -0.470297
1776408773.016427 jaka_arm_right success 0.469750 -0.165403 -0.239359 0.177986 0.706090 0.676502 0.110015 -0.601119 -0.650186 0.119766 -1.199364 0.091362 0.911448 -0.477338
1776408773.025019 jaka_arm_right success 0.468103 -0.168144 -0.239374 0.178763 0.707274 0.674671 0.112369 -0.601992 -0.637658 0.120462 -1.214562 0.091184 0.903001 -0.479459
1776408773.033214 jaka_arm_right success 0.466154 -0.170932 -0.239374 0.181256 0.707468 0.673430 0.114569 -0.608451 -0.627164 0.123253 -1.224368 0.094491 0.898308 -0.485148
1776408773.041540 jaka_arm_right success 0.464096 -0.173921 -0.239495 0.182989 0.707412 0.672206 0.119258 -0.618215 -0.614891 0.129176 -1.244096 0.099491 0.882959 -0.497816
1776408773.049767 jaka_arm_right success 0.461963 -0.176948 -0.239665 0.183891 0.707277 0.671152 0.124490 -0.628766 -0.602497 0.135825 -1.256691 0.104645 0.876104 -0.511710
1776408773.058166 jaka_arm_right success 0.459997 -0.180011 -0.239803 0.184741 0.706437 0.670593 0.130850 -0.641712 -0.589472 0.145240 -1.274551 0.112435 0.864698 -0.529435
1776408773.066498 jaka_arm_right success 0.457651 -0.183119 -0.239830 0.187238 0.705399 0.670195 0.134884 -0.654618 -0.577488 0.152474 -1.286767 0.120686 0.858388 -0.542429
1776408773.074850 jaka_arm_right success 0.455466 -0.186362 -0.239960 0.188690 0.705212 0.669291 0.138280 -0.664365 -0.563436 0.157670 -1.299170 0.126313 0.854493 -0.552365
1776408773.083106 jaka_arm_right success 0.453483 -0.189649 -0.240091 0.190358 0.704432 0.668832 0.142136 -0.675244 -0.553443 0.164432 -1.310230 0.133349 0.849184 -0.564914
1776408773.091588 jaka_arm_right success 0.451432 -0.193005 -0.240267 0.192899 0.703502 0.668102 0.146679 -0.688277 -0.541290 0.172141 -1.322952 0.142373 0.841944 -0.578753
1776408773.099883 jaka_arm_right success 0.449198 -0.196375 -0.240401 0.195880 0.702184 0.667261 0.152743 -0.704868 -0.527249 0.182884 -1.341557 0.154795 0.829494 -0.597550
1776408773.108132 jaka_arm_right success 0.446578 -0.199853 -0.240528 0.199514 0.701007 0.666164 0.158145 -0.722253 -0.512805 0.192985 -1.359498 0.167449 0.818125 -0.615990
1776408773.121132 jaka_arm_right success 0.444219 -0.203291 -0.240718 0.202258 0.699070 0.665640 0.165276 -0.743549 -0.499828 0.206759 -1.376679 0.183377 0.807268 -0.641086
1776408773.125899 jaka_arm_right success 0.441869 -0.206905 -0.240984 0.203769 0.698106 0.664340 0.172562 -0.762896 -0.487051 0.219103 -1.391019 0.196401 0.799478 -0.665744
1776408773.133241 jaka_arm_right success 0.439519 -0.210261 -0.241223 0.206617 0.696156 0.663631 0.179637 -0.785622 -0.473614 0.233679 -1.410050 0.214371 0.787701 -0.692330
1776408773.141688 jaka_arm_right success 0.437042 -0.213580 -0.241562 0.209438 0.694195 0.663455 0.184546 -0.805083 -0.463622 0.244621 -1.418407 0.228689 0.786396 -0.713180
1776408773.149796 jaka_arm_right success 0.434615 -0.217394 -0.241854 0.212173 0.693263 0.662020 0.189997 -0.824515 -0.450640 0.255783 -1.432874 0.243813 0.779360 -0.734639
1776408773.158190 jaka_arm_right success 0.432339 -0.220941 -0.242072 0.214769 0.691874 0.661378 0.194331 -0.840250 -0.438541 0.264611 -1.441152 0.256112 0.779622 -0.750858
1776408773.166526 jaka_arm_right success 0.429957 -0.224601 -0.242386 0.218395 0.690202 0.660619 0.198762 -0.860870 -0.428767 0.275794 -1.452589 0.273593 0.774452 -0.772408
1776408773.174836 jaka_arm_right success 0.427557 -0.228266 -0.242712 0.221775 0.688160 0.660423 0.202715 -0.880591 -0.417943 0.286043 -1.461182 0.290460 0.774954 -0.791548
1776408773.183146 jaka_arm_right success 0.425171 -0.231897 -0.243131 0.225484 0.686234 0.660256 0.205674 -0.897850 -0.407868 0.294178 -1.468562 0.305750 0.776511 -0.806451
1776408773.191610 jaka_arm_right success 0.422968 -0.235497 -0.243530 0.228089 0.684329 0.660442 0.208533 -0.913818 -0.399389 0.301674 -1.471979 0.319264 0.781574 -0.821069
1776408773.199987 jaka_arm_right success 0.420622 -0.239232 -0.243847 0.231577 0.682519 0.660070 0.211771 -0.933195 -0.388445 0.310335 -1.477862 0.336149 0.785405 -0.838765
1776408773.208267 jaka_arm_right success 0.418453 -0.243077 -0.244222 0.233292 0.681850 0.659083 0.215091 -0.945342 -0.378568 0.315679 -1.481942 0.345726 0.788705 -0.850948
1776408773.216442 jaka_arm_right success 0.416117 -0.246583 -0.244603 0.236244 0.680532 0.658698 0.217212 -0.959561 -0.371757 0.321265 -1.485600 0.358734 0.791605 -0.863301
1776408773.224912 jaka_arm_right success 0.413705 -0.250080 -0.245080 0.239924 0.678600 0.658082 0.221056 -0.982079 -0.362392 0.330860 -1.494625 0.379362 0.791979 -0.887007
1776408773.233190 jaka_arm_right success 0.411138 -0.253446 -0.245595 0.244372 0.676251 0.657345 0.225533 -1.005510 -0.351168 0.342328 -1.507938 0.403513 0.788784 -0.913522
1776408773.241460 jaka_arm_right success 0.408585 -0.256730 -0.246144 0.247539 0.674598 0.656183 0.230359 -1.026814 -0.344191 0.351164 -1.514708 0.423238 0.790136 -0.937988
1776408773.249798 jaka_arm_right success 0.405971 -0.260064 -0.246697 0.251448 0.672757 0.654395 0.236513 -1.052941 -0.334597 0.363292 -1.527838 0.449754 0.786877 -0.970832
1776408773.258317 jaka_arm_right success 0.403528 -0.263257 -0.247337 0.253845 0.670960 0.652810 0.243340 -1.077091 -0.326294 0.374450 -1.537069 0.473009 0.787913 -1.003167
1776408773.266584 jaka_arm_right success 0.400831 -0.266509 -0.247996 0.257455 0.670540 0.649300 0.250005 -1.103195 -0.314463 0.385855 -1.552850 0.499704 0.782119 -1.038449
1776408773.274893 jaka_arm_right success 0.398214 -0.269407 -0.248786 0.259676 0.669045 0.647274 0.256872 -1.130876 -0.303119 0.397136 -1.566134 0.527289 0.783789 -1.074851
1776408773.283107 jaka_arm_right success 0.395426 -0.272305 -0.249683 0.262530 0.667690 0.644492 0.264383 -1.158041 -0.295783 0.409332 -1.577286 0.557205 0.783702 -1.114330
1776408773.291601 jaka_arm_right success 0.392657 -0.275164 -0.250549 0.266075 0.665812 0.641739 0.272157 -1.189083 -0.287224 0.422323 -1.593007 0.591931 0.782448 -1.159727
1776408773.299864 jaka_arm_right success 0.389572 -0.277963 -0.251616 0.270343 0.663686 0.639496 0.278351 -1.218700 -0.279762 0.433247 -1.608454 0.625626 0.781947 -1.201762
1776408773.308171 jaka_arm_right success 0.386976 -0.280626 -0.252729 0.272286 0.661449 0.637984 0.285170 -1.243425 -0.277693 0.440686 -1.610183 0.648922 0.792654 -1.236306
1776408773.316555 jaka_arm_right success 0.384130 -0.283403 -0.253944 0.275605 0.658738 0.636805 0.290837 -1.268612 -0.273558 0.449413 -1.619178 0.678145 0.799312 -1.271548
1776408773.324809 jaka_arm_right success 0.381611 -0.285957 -0.255289 0.278672 0.655033 0.636606 0.296659 -1.293782 -0.273689 0.456010 -1.621198 0.703872 0.812770 -1.304481
1776408773.333318 jaka_arm_right success 0.378989 -0.288691 -0.256745 0.281450 0.651972 0.636081 0.301860 -1.317581 -0.271426 0.461591 -1.624133 0.727648 0.826043 -1.334897
1776408773.341469 jaka_arm_right success 0.376273 -0.291216 -0.258345 0.284619 0.648850 0.636162 0.305424 -1.337372 -0.271962 0.463415 -1.619746 0.743321 0.843898 -1.354182
1776408773.349813 jaka_arm_right success 0.373730 -0.293733 -0.259928 0.287211 0.645960 0.636573 0.308254 -1.354248 -0.272693 0.464950 -1.616121 0.756793 0.860094 -1.370524
1776408773.358160 jaka_arm_right success 0.371511 -0.296277 -0.261558 0.288676 0.643629 0.636807 0.311265 -1.368403 -0.275742 0.465570 -1.610264 0.766367 0.874976 -1.384598
1776408773.366862 jaka_arm_right success 0.369325 -0.299009 -0.263406 0.289860 0.641684 0.636477 0.314832 -1.382530 -0.276749 0.466490 -1.603526 0.775684 0.890608 -1.398795
1776408773.374799 jaka_arm_right success 0.366908 -0.301240 -0.265292 0.292057 0.638876 0.637010 0.317426 -1.397830 -0.279056 0.466707 -1.598356 0.786060 0.907594 -1.411548
1776408773.383229 jaka_arm_right success 0.364652 -0.303320 -0.267305 0.294261 0.636160 0.637388 0.320074 -1.412540 -0.281159 0.467085 -1.593220 0.795969 0.923651 -1.424814
1776408773.391500 jaka_arm_right success 0.362260 -0.305496 -0.269420 0.296982 0.634570 0.636582 0.322314 -1.427388 -0.280848 0.467002 -1.590525 0.806690 0.936572 -1.437478
1776408773.399964 jaka_arm_right success 0.360115 -0.307564 -0.271549 0.299238 0.632681 0.635831 0.325409 -1.439006 -0.285563 0.467855 -1.585079 0.816630 0.946978 -1.450480
1776408773.408104 jaka_arm_right success 0.357938 -0.309498 -0.273796 0.301365 0.630777 0.634827 0.329081 -1.455417 -0.286205 0.468370 -1.582537 0.828261 0.961425 -1.467223
1776408773.416412 jaka_arm_right success 0.355607 -0.311003 -0.276004 0.305868 0.628558 0.634180 0.330416 -1.470736 -0.286760 0.468442 -1.584463 0.841970 0.970932 -1.481114
1776408773.424855 jaka_arm_right success 0.353702 -0.313027 -0.278312 0.307398 0.627926 0.631727 0.334867 -1.483750 -0.289682 0.469819 -1.581919 0.853199 0.979136 -1.499834
1776408773.433136 jaka_arm_right success 0.351674 -0.314563 -0.280731 0.310155 0.625645 0.630805 0.338314 -1.496197 -0.296558 0.470339 -1.577877 0.863407 0.988791 -1.515302
1776408773.441494 jaka_arm_right success 0.349474 -0.316003 -0.283329 0.313721 0.623668 0.629966 0.340237 -1.508991 -0.300445 0.470104 -1.575435 0.873369 0.998580 -1.527357
1776408773.458198 jaka_arm_right success 0.345835 -0.319135 -0.288481 0.317442 0.620289 0.627260 0.347876 -1.533906 -0.309693 0.471131 -1.565250 0.890390 1.021689 -1.555935
1776408773.466605 jaka_arm_right success 0.343692 -0.320368 -0.291227 0.321099 0.618459 0.626483 0.349175 -1.543135 -0.316426 0.470911 -1.562068 0.898683 1.027356 -1.565486
1776408773.474829 jaka_arm_right success 0.342029 -0.321794 -0.293878 0.323006 0.617218 0.625075 0.352123 -1.553483 -0.321279 0.471367 -1.557776 0.906257 1.036452 -1.577019
1776408773.483108 jaka_arm_right success 0.340238 -0.322962 -0.296527 0.326319 0.615896 0.623815 0.353614 -1.562747 -0.326557 0.470829 -1.553991 0.913079 1.042580 -1.585920
1776408773.491636 jaka_arm_right success 0.338496 -0.324021 -0.299237 0.330770 0.614959 0.622068 0.354187 -1.574443 -0.327644 0.470005 -1.554741 0.922600 1.048093 -1.594799
1776408773.499846 jaka_arm_right success 0.336945 -0.325046 -0.302073 0.333360 0.614289 0.621039 0.354725 -1.578417 -0.330970 0.469743 -1.551942 0.927167 1.049680 -1.597603
1776408773.508292 jaka_arm_right success 0.335622 -0.325999 -0.304967 0.334177 0.612734 0.620981 0.356742 -1.585961 -0.340716 0.469129 -1.544691 0.929390 1.058609 -1.606966
1776408773.516466 jaka_arm_right success 0.334287 -0.326976 -0.307945 0.334157 0.611941 0.620516 0.358927 -1.593045 -0.347637 0.468130 -1.535568 0.929484 1.068957 -1.613306
1776408773.524844 jaka_arm_right success 0.332875 -0.327783 -0.310651 0.335010 0.611689 0.619546 0.360232 -1.597513 -0.352303 0.467273 -1.529339 0.930260 1.074074 -1.616913
1776408773.533186 jaka_arm_right success 0.331724 -0.328431 -0.313461 0.336789 0.611383 0.617293 0.362951 -1.601917 -0.357540 0.467780 -1.522510 0.934643 1.077047 -1.622896
1776408773.541492 jaka_arm_right success 0.330003 -0.328681 -0.316256 0.340027 0.611343 0.615696 0.362712 -1.609352 -0.364043 0.466195 -1.517575 0.938387 1.080994 -1.628767
1776408773.549757 jaka_arm_right success 0.328614 -0.329087 -0.319181 0.341219 0.610418 0.613640 0.366613 -1.615644 -0.372509 0.467150 -1.510638 0.942532 1.086316 -1.640326
1776408773.558167 jaka_arm_right success 0.327342 -0.329619 -0.322136 0.341318 0.610424 0.610442 0.371813 -1.625040 -0.382948 0.468682 -1.502694 0.948231 1.093391 -1.658186
1776408773.566551 jaka_arm_right success 0.325852 -0.329626 -0.324932 0.342425 0.610436 0.609069 0.373025 -1.630629 -0.388058 0.468140 -1.499559 0.950584 1.096280 -1.665483
1776408773.574896 jaka_arm_right success 0.324619 -0.329853 -0.327678 0.343132 0.611472 0.606247 0.375269 -1.635681 -0.392974 0.468393 -1.495067 0.953423 1.097855 -1.675214
1776408773.583137 jaka_arm_right success 0.323422 -0.330188 -0.330330 0.343328 0.612204 0.603642 0.378085 -1.641603 -0.399370 0.468801 -1.490378 0.956471 1.100379 -1.686837
1776408773.591524 jaka_arm_right success 0.322118 -0.330200 -0.333116 0.344304 0.612763 0.601505 0.379695 -1.647006 -0.404848 0.468734 -1.487004 0.959413 1.102053 -1.695861
1776408773.599888 jaka_arm_right success 0.320900 -0.330190 -0.335897 0.345710 0.612272 0.599546 0.382298 -1.652938 -0.412686 0.469529 -1.482745 0.963943 1.104898 -1.706501
1776408773.608186 jaka_arm_right success 0.319838 -0.330334 -0.338729 0.346948 0.611576 0.597422 0.385603 -1.658812 -0.421262 0.470777 -1.477790 0.968347 1.108365 -1.718344
1776408773.616504 jaka_arm_right success 0.318657 -0.330303 -0.341418 0.348447 0.611415 0.596394 0.386096 -1.663333 -0.426219 0.470289 -1.475418 0.970633 1.110202 -1.723680
1776408773.624885 jaka_arm_right success 0.317296 -0.329891 -0.344152 0.352879 0.609361 0.596105 0.385765 -1.668768 -0.433304 0.470242 -1.473283 0.976958 1.112264 -1.726684
1776408773.633162 jaka_arm_right success 0.316383 -0.329932 -0.346888 0.355007 0.608628 0.595020 0.386643 -1.673380 -0.440540 0.470182 -1.469566 0.980118 1.114622 -1.732720
1776408773.641471 jaka_arm_right success 0.315471 -0.330083 -0.349638 0.356878 0.608476 0.593335 0.387748 -1.677167 -0.446123 0.469950 -1.465934 0.982936 1.115660 -1.737475
1776408773.649830 jaka_arm_right success 0.314715 -0.329980 -0.352339 0.358836 0.606872 0.593183 0.388687 -1.680973 -0.455228 0.470363 -1.460937 0.985738 1.119364 -1.742988
1776408773.658239 jaka_arm_right success 0.313656 -0.329756 -0.354958 0.362569 0.606410 0.592508 0.386969 -1.684149 -0.458873 0.468972 -1.458934 0.989057 1.118846 -1.741761
1776408773.666582 jaka_arm_right success 0.312842 -0.329747 -0.357422 0.364768 0.607094 0.591563 0.385273 -1.685902 -0.461555 0.467123 -1.456422 0.989694 1.117465 -1.740867
1776408773.674875 jaka_arm_right success 0.312161 -0.329833 -0.359877 0.365971 0.607833 0.590039 0.385302 -1.687553 -0.465551 0.466280 -1.452218 0.990615 1.116806 -1.742816
1776408773.683169 jaka_arm_right success 0.311284 -0.329648 -0.362291 0.368936 0.608032 0.588914 0.383879 -1.689691 -0.468339 0.465251 -1.449829 0.993598 1.115277 -1.741985
1776408773.691499 jaka_arm_right success 0.310406 -0.329384 -0.364680 0.372252 0.607931 0.587813 0.382524 -1.691999 -0.472384 0.464108 -1.447569 0.996641 1.113621 -1.741819
1776408773.699976 jaka_arm_right success 0.309575 -0.329196 -0.367107 0.375743 0.607138 0.586713 0.382057 -1.694449 -0.475802 0.464018 -1.445477 1.001220 1.112787 -1.741733
1776408773.708113 jaka_arm_right success 0.309022 -0.329126 -0.369467 0.378083 0.605859 0.585826 0.383140 -1.697309 -0.484071 0.464710 -1.441121 1.005247 1.113977 -1.746396
1776408773.716537 jaka_arm_right success 0.308368 -0.329017 -0.371673 0.381624 0.605262 0.584587 0.382465 -1.699982 -0.488304 0.464369 -1.438806 1.009287 1.113059 -1.747265
1776408773.724988 jaka_arm_right success 0.307603 -0.328515 -0.373920 0.387767 0.603343 0.583603 0.380817 -1.703986 -0.495776 0.464082 -1.437346 1.016831 1.111072 -1.748104
1776408773.733242 jaka_arm_right success 0.307125 -0.328640 -0.376200 0.390686 0.603044 0.582585 0.379865 -1.705952 -0.497540 0.463478 -1.436630 1.019944 1.109775 -1.747188
1776408773.741477 jaka_arm_right success 0.306805 -0.328637 -0.378603 0.393647 0.601819 0.582056 0.379561 -1.707713 -0.502423 0.463780 -1.434489 1.024213 1.108950 -1.748179
1776408773.749718 jaka_arm_right success 0.306462 -0.328876 -0.380903 0.395697 0.601807 0.582005 0.377522 -1.707729 -0.507554 0.462019 -1.431877 1.024337 1.106681 -1.747323
1776408773.758234 jaka_arm_right success 0.306001 -0.328900 -0.383198 0.398529 0.601450 0.582378 0.374524 -1.704015 -0.511389 0.459050 -1.422701 1.022673 1.105578 -1.734383
1776408773.766507 jaka_arm_right success 0.305694 -0.329065 -0.385627 0.400449 0.601884 0.581631 0.372937 -1.705066 -0.514120 0.457330 -1.419590 1.022726 1.104396 -1.733195
1776408773.774867 jaka_arm_right success 0.305375 -0.328788 -0.387949 0.404958 0.600951 0.581529 0.369717 -1.706182 -0.516631 0.455689 -1.418876 1.026470 1.101503 -1.727703
1776408773.783134 jaka_arm_right success 0.305033 -0.328640 -0.390146 0.409886 0.600785 0.579798 0.367266 -1.708304 -0.518605 0.454670 -1.417460 1.031927 1.097739 -1.724476
1776408773.791481 jaka_arm_right success 0.305035 -0.328898 -0.392361 0.411970 0.602227 0.577235 0.366611 -1.707222 -0.520232 0.453972 -1.414974 1.034285 1.091483 -1.724981
1776408773.799797 jaka_arm_right success 0.304821 -0.328546 -0.394498 0.416866 0.602479 0.575274 0.363733 -1.707282 -0.522339 0.453244 -1.414884 1.040725 1.083783 -1.722288
1776408773.808185 jaka_arm_right success 0.304610 -0.328296 -0.396665 0.421537 0.603133 0.572317 0.361926 -1.706938 -0.524127 0.454008 -1.421560 1.050026 1.070136 -1.727773
1776408773.816457 jaka_arm_right success 0.304602 -0.328304 -0.398876 0.424223 0.604100 0.569543 0.361550 -1.708362 -0.527018 0.455497 -1.423158 1.057355 1.062910 -1.734883
1776408773.824876 jaka_arm_right success 0.304624 -0.328610 -0.401235 0.425020 0.606645 0.566457 0.361201 -1.710246 -0.525457 0.454223 -1.420855 1.058341 1.059868 -1.735953
1776408773.833151 jaka_arm_right success 0.304680 -0.328592 -0.403594 0.428123 0.606881 0.564226 0.360631 -1.708736 -0.530606 0.455219 -1.421627 1.064965 1.050313 -1.740930
1776408773.841484 jaka_arm_right success 0.304317 -0.328393 -0.405831 0.432376 0.607534 0.562283 0.357479 -1.708919 -0.529260 0.454359 -1.424402 1.070831 1.041906 -1.738436
1776408773.849810 jaka_arm_right success 0.304265 -0.328349 -0.408111 0.435268 0.607889 0.561536 0.354528 -1.710751 -0.530288 0.452533 -1.424786 1.072932 1.038911 -1.736355
1776408773.858200 jaka_arm_right success 0.304018 -0.328534 -0.410459 0.438377 0.609244 0.559283 0.351924 -1.709424 -0.530050 0.451348 -1.425096 1.076854 1.030577 -1.733682
1776408773.866585 jaka_arm_right success 0.303985 -0.328638 -0.412752 0.441593 0.609524 0.557597 0.350089 -1.709699 -0.531405 0.450896 -1.424148 1.081289 1.025290 -1.732550
1776408773.874871 jaka_arm_right success 0.304065 -0.328833 -0.415093 0.444111 0.609455 0.556872 0.348173 -1.708131 -0.533589 0.449919 -1.423767 1.083432 1.019752 -1.730778
1776408773.883113 jaka_arm_right success 0.303928 -0.328782 -0.417181 0.448398 0.609263 0.556435 0.343683 -1.706586 -0.533284 0.447718 -1.425132 1.086707 1.012239 -1.723574
1776408773.891504 jaka_arm_right success 0.303904 -0.328753 -0.419283 0.452079 0.609092 0.556202 0.339515 -1.704318 -0.532854 0.445555 -1.425985 1.089077 1.005258 -1.715821
1776408773.899792 jaka_arm_right success 0.303916 -0.328998 -0.421321 0.454518 0.610170 0.554956 0.336347 -1.701051 -0.531770 0.443534 -1.425070 1.090385 0.997588 -1.709300
1776408773.908140 jaka_arm_right success 0.303979 -0.329110 -0.423433 0.456879 0.610796 0.554371 0.332960 -1.696348 -0.533342 0.440595 -1.420220 1.089648 0.991200 -1.699503
1776408773.916388 jaka_arm_right success 0.304081 -0.329347 -0.425481 0.458993 0.612093 0.552606 0.330596 -1.696251 -0.532987 0.438678 -1.418773 1.090427 0.986791 -1.696869
1776408773.924856 jaka_arm_right success 0.304123 -0.329304 -0.427391 0.461552 0.613265 0.551183 0.327220 -1.693431 -0.531740 0.436532 -1.418476 1.091715 0.978862 -1.691211
1776408773.933193 jaka_arm_right success 0.304232 -0.329192 -0.429180 0.464244 0.614720 0.548957 0.324411 -1.691172 -0.531460 0.434881 -1.417908 1.094337 0.970474 -1.687215
1776408773.941525 jaka_arm_right success 0.304338 -0.329244 -0.430938 0.465625 0.616894 0.546481 0.322480 -1.687572 -0.530432 0.433402 -1.416929 1.095862 0.960412 -1.685430
1776408773.949802 jaka_arm_right success 0.304266 -0.329079 -0.432442 0.468936 0.618142 0.543677 0.320024 -1.686452 -0.530110 0.432839 -1.417291 1.100613 0.951923 -1.683929
1776408773.958266 jaka_arm_right success 0.304474 -0.329305 -0.433927 0.469365 0.621074 0.539682 0.320479 -1.686355 -0.527701 0.436297 -1.426648 1.110356 0.937059 -1.699105
1776408773.966527 jaka_arm_right success 0.304600 -0.329304 -0.435331 0.470557 0.623077 0.536592 0.320032 -1.685606 -0.528572 0.436008 -1.426230 1.112848 0.930090 -1.702710
1776408773.974854 jaka_arm_right success 0.304471 -0.329097 -0.436685 0.472462 0.624410 0.534109 0.318778 -1.685158 -0.527868 0.437805 -1.432293 1.120975 0.918847 -1.709419
1776408773.983176 jaka_arm_right success 0.304325 -0.328996 -0.437874 0.474553 0.625410 0.531128 0.318691 -1.688986 -0.527577 0.441029 -1.442005 1.131341 0.909674 -1.724071
1776408773.991558 jaka_arm_right success 0.304520 -0.329369 -0.439050 0.474112 0.626907 0.528089 0.321447 -1.690853 -0.530104 0.442957 -1.437943 1.134587 0.909168 -1.731644
1776408773.999898 jaka_arm_right success 0.304288 -0.329279 -0.439925 0.475885 0.626585 0.527050 0.321158 -1.692145 -0.532964 0.444724 -1.441429 1.140624 0.904358 -1.738626
1776408774.016462 jaka_arm_right success 0.303831 -0.329018 -0.440712 0.479205 0.625913 0.525811 0.319560 -1.694837 -0.528972 0.446461 -1.450577 1.149195 0.898482 -1.741163
1776408774.024871 jaka_arm_right success 0.303628 -0.329692 -0.441931 0.479880 0.625829 0.524722 0.320501 -1.696650 -0.531139 0.447249 -1.447781 1.151319 0.899378 -1.743874
1776408774.033289 jaka_arm_right success 0.303614 -0.330335 -0.442291 0.479303 0.625684 0.525186 0.320887 -1.696266 -0.531087 0.447567 -1.447814 1.151121 0.899724 -1.744081
1776408774.041474 jaka_arm_right success 0.303395 -0.330617 -0.442493 0.480291 0.624467 0.526369 0.319839 -1.697479 -0.532489 0.446983 -1.447900 1.150615 0.902363 -1.741860
1776408774.049762 jaka_arm_right success 0.303230 -0.330902 -0.442476 0.481435 0.622817 0.528420 0.317949 -1.696556 -0.531199 0.443052 -1.439725 1.142757 0.910835 -1.724687
1776408774.058243 jaka_arm_right success 0.303052 -0.331394 -0.442385 0.481514 0.622232 0.529489 0.317195 -1.695772 -0.531617 0.442366 -1.439351 1.141946 0.911127 -1.721462
1776408774.066638 jaka_arm_right success 0.302966 -0.331863 -0.442134 0.481158 0.620746 0.531821 0.316746 -1.693341 -0.533512 0.438508 -1.426641 1.131378 0.921814 -1.705383
1776408774.074791 jaka_arm_right success 0.302770 -0.332376 -0.441754 0.481145 0.619696 0.533034 0.316783 -1.693070 -0.534107 0.438744 -1.427244 1.131554 0.922269 -1.704891
1776408774.083082 jaka_arm_right success 0.302472 -0.332667 -0.441341 0.481767 0.617291 0.535059 0.317118 -1.696835 -0.534638 0.438329 -1.424988 1.129590 0.932506 -1.699155
1776408774.091502 jaka_arm_right success 0.302137 -0.333041 -0.440821 0.481874 0.615152 0.536815 0.318144 -1.698480 -0.537999 0.438016 -1.418835 1.126721 0.941497 -1.694597
1776408774.099856 jaka_arm_right success 0.301951 -0.333594 -0.440236 0.480113 0.613437 0.538959 0.320484 -1.698522 -0.541734 0.436844 -1.408404 1.119352 0.953711 -1.687498
1776408774.108172 jaka_arm_right success 0.301595 -0.334002 -0.439617 0.479267 0.611514 0.541544 0.321067 -1.699988 -0.542462 0.436139 -1.404885 1.114936 0.962933 -1.682608
1776408774.116489 jaka_arm_right success 0.301389 -0.334685 -0.438979 0.477095 0.610359 0.543363 0.323417 -1.698215 -0.546714 0.434327 -1.390985 1.105644 0.974928 -1.673962
1776408774.124989 jaka_arm_right success 0.300929 -0.334864 -0.438298 0.476882 0.607801 0.545779 0.324480 -1.699126 -0.549217 0.435468 -1.390576 1.105379 0.980511 -1.673392
1776408774.133190 jaka_arm_right success 0.300475 -0.335153 -0.437537 0.476646 0.605896 0.547925 0.324772 -1.702588 -0.549581 0.434799 -1.387499 1.102353 0.990776 -1.668330
1776408774.141471 jaka_arm_right success 0.300117 -0.335896 -0.436752 0.473767 0.605683 0.549808 0.326196 -1.702731 -0.550190 0.432933 -1.377444 1.093698 1.002707 -1.660816
1776408774.149833 jaka_arm_right success 0.299707 -0.336327 -0.436082 0.472886 0.604435 0.550350 0.328866 -1.702735 -0.552891 0.434470 -1.375090 1.093324 1.006376 -1.663378
1776408774.158268 jaka_arm_right success 0.299208 -0.336561 -0.435388 0.472604 0.602240 0.551948 0.330614 -1.705876 -0.556521 0.435864 -1.372712 1.092931 1.014794 -1.665142
1776408774.166503 jaka_arm_right success 0.298884 -0.337043 -0.434822 0.470964 0.600580 0.553214 0.333843 -1.709417 -0.560708 0.436896 -1.365943 1.090470 1.026441 -1.665880
1776408774.174863 jaka_arm_right success 0.298544 -0.337614 -0.434176 0.469372 0.599623 0.554189 0.336181 -1.711122 -0.562896 0.437458 -1.360740 1.087511 1.034563 -1.666420
1776408774.183136 jaka_arm_right success 0.297951 -0.337941 -0.433495 0.468878 0.598406 0.555927 0.336167 -1.711739 -0.561655 0.436384 -1.357112 1.083594 1.041933 -1.659321
1776408774.191590 jaka_arm_right success 0.297580 -0.338335 -0.432909 0.468115 0.597115 0.556943 0.337842 -1.712846 -0.564784 0.437381 -1.354621 1.082966 1.046888 -1.660866
1776408774.199887 jaka_arm_right success 0.297209 -0.338526 -0.432263 0.467926 0.594390 0.559471 0.338729 -1.713618 -0.568081 0.436291 -1.344492 1.077944 1.059150 -1.651042
1776408774.208165 jaka_arm_right success 0.296875 -0.339313 -0.431705 0.465680 0.594804 0.560744 0.338992 -1.713328 -0.565971 0.435181 -1.342919 1.073194 1.063385 -1.648515
1776408774.216424 jaka_arm_right success 0.296300 -0.339581 -0.431115 0.466502 0.593524 0.561324 0.339147 -1.713105 -0.566710 0.435613 -1.343484 1.073819 1.063954 -1.647864
1776408774.224778 jaka_arm_right success 0.296043 -0.340054 -0.430679 0.465590 0.592571 0.562421 0.340248 -1.716969 -0.567757 0.435866 -1.339719 1.072231 1.073097 -1.646623
1776408774.233130 jaka_arm_right success 0.295648 -0.340571 -0.430200 0.464784 0.592185 0.563823 0.339700 -1.715794 -0.565672 0.433740 -1.333451 1.066886 1.079506 -1.635815
1776408774.241490 jaka_arm_right success 0.295302 -0.341082 -0.429718 0.464165 0.591617 0.564832 0.339860 -1.716348 -0.567485 0.433403 -1.330369 1.064699 1.083862 -1.634555
1776408774.249761 jaka_arm_right success 0.294950 -0.341272 -0.429314 0.464351 0.590294 0.565830 0.340247 -1.715902 -0.568251 0.434045 -1.330960 1.065214 1.084867 -1.633834
1776408774.258230 jaka_arm_right success 0.294741 -0.341423 -0.428896 0.464046 0.588890 0.567728 0.339932 -1.717285 -0.568494 0.432611 -1.324589 1.060506 1.094614 -1.626017
1776408774.266597 jaka_arm_right success 0.294314 -0.341802 -0.428390 0.464551 0.589032 0.567677 0.339083 -1.717787 -0.568773 0.432123 -1.324759 1.060654 1.094244 -1.625547
1776408774.274862 jaka_arm_right success 0.294179 -0.342026 -0.427938 0.464525 0.587963 0.568743 0.339188 -1.717479 -0.568008 0.432244 -1.325470 1.060555 1.095660 -1.622898
1776408774.283125 jaka_arm_right success 0.293829 -0.342271 -0.427468 0.464662 0.587652 0.569057 0.339010 -1.717625 -0.567205 0.432317 -1.325798 1.060361 1.096963 -1.621418
1776408774.291553 jaka_arm_right success 0.293509 -0.342398 -0.426869 0.464811 0.587408 0.569976 0.337684 -1.718354 -0.564519 0.431287 -1.327135 1.059532 1.098404 -1.616915
1776408774.299905 jaka_arm_right success 0.293339 -0.342810 -0.426385 0.463508 0.588172 0.569797 0.338444 -1.717648 -0.563146 0.431175 -1.326693 1.057449 1.098797 -1.618192
1776408774.308122 jaka_arm_right success 0.293134 -0.343118 -0.425800 0.462316 0.588362 0.570520 0.338528 -1.717880 -0.561342 0.431085 -1.326593 1.055808 1.101254 -1.617104
1776408774.316443 jaka_arm_right success 0.292908 -0.343267 -0.425181 0.461069 0.588255 0.571555 0.338669 -1.719833 -0.558520 0.429850 -1.323939 1.051704 1.108508 -1.612454
1776408774.324844 jaka_arm_right success 0.293141 -0.343913 -0.424717 0.457199 0.589043 0.571406 0.342773 -1.719187 -0.562100 0.431716 -1.318576 1.048939 1.113191 -1.619315
1776408774.333841 jaka_arm_right success 0.292532 -0.343473 -0.424022 0.458706 0.587749 0.573201 0.339971 -1.719516 -0.560296 0.430070 -1.320853 1.048198 1.114360 -1.612228
1776408774.341435 jaka_arm_right success 0.292364 -0.343493 -0.423492 0.457210 0.587807 0.574499 0.339695 -1.717865 -0.561307 0.427657 -1.310675 1.041021 1.121949 -1.603402
1776408774.349858 jaka_arm_right success 0.292057 -0.343405 -0.422830 0.456188 0.587907 0.575814 0.338668 -1.716978 -0.560169 0.426604 -1.312116 1.038404 1.122602 -1.601442
1776408774.358273 jaka_arm_right success 0.291934 -0.343333 -0.422172 0.454214 0.587950 0.577841 0.337794 -1.714849 -0.559479 0.423985 -1.304643 1.030807 1.129768 -1.591714
1776408774.366561 jaka_arm_right success 0.292046 -0.343484 -0.421558 0.451517 0.588135 0.578847 0.339360 -1.712851 -0.558433 0.424359 -1.304835 1.027506 1.131157 -1.593529
1776408774.374850 jaka_arm_right success 0.291955 -0.343208 -0.420888 0.449731 0.588425 0.580923 0.337679 -1.711334 -0.556935 0.421437 -1.297317 1.020339 1.138683 -1.582264
1776408774.383094 jaka_arm_right success 0.291763 -0.342835 -0.420051 0.448632 0.588752 0.582624 0.335633 -1.709139 -0.555402 0.419507 -1.298806 1.016171 1.138819 -1.578086
1776408774.391647 jaka_arm_right success 0.291924 -0.342922 -0.419307 0.446234 0.590213 0.582542 0.336406 -1.707772 -0.553817 0.419286 -1.298405 1.012966 1.139291 -1.579773
1776408774.400000 jaka_arm_right success 0.292051 -0.342787 -0.418530 0.444029 0.591682 0.583082 0.335807 -1.705533 -0.549895 0.417915 -1.298492 1.008597 1.139563 -1.576741
1776408774.408182 jaka_arm_right success 0.292149 -0.342519 -0.417783 0.442540 0.592517 0.583675 0.335268 -1.704743 -0.549288 0.417252 -1.298920 1.006174 1.139856 -1.576962
1776408774.416451 jaka_arm_right success 0.292265 -0.342146 -0.416953 0.442437 0.592596 0.583470 0.335621 -1.704743 -0.549288 0.417252 -1.298920 1.006174 1.139856 -1.576962
1776408774.424832 jaka_arm_right success 0.292392 -0.341785 -0.416094 0.441412 0.593273 0.584569 0.333858 -1.702120 -0.544892 0.415681 -1.301651 1.002084 1.139265 -1.572744
1776408774.433140 jaka_arm_right success 0.292551 -0.341600 -0.415331 0.440334 0.594981 0.584553 0.332265 -1.701759 -0.542878 0.414029 -1.302241 0.999515 1.137889 -1.571990
1776408774.441454 jaka_arm_right success 0.292805 -0.341074 -0.414549 0.440333 0.594559 0.585129 0.332009 -1.700658 -0.542398 0.414016 -1.303691 0.998882 1.137924 -1.570678
1776408774.449836 jaka_arm_right success 0.293279 -0.340965 -0.413954 0.438139 0.595919 0.585148 0.332441 -1.698852 -0.539938 0.414003 -1.303805 0.996615 1.137360 -1.571207
1776408774.458325 jaka_arm_right success 0.293656 -0.340614 -0.413247 0.436999 0.596786 0.585837 0.331169 -1.695794 -0.535906 0.412402 -1.306679 0.993134 1.134860 -1.567470
1776408774.466563 jaka_arm_right success 0.293811 -0.340322 -0.412534 0.436493 0.598416 0.586057 0.328496 -1.692413 -0.529458 0.410426 -1.310101 0.990530 1.130408 -1.561291
1776408774.474796 jaka_arm_right success 0.294272 -0.340240 -0.412017 0.435873 0.599791 0.585226 0.328292 -1.691229 -0.527706 0.410077 -1.310519 0.989685 1.128172 -1.561452
1776408774.483186 jaka_arm_right success 0.294744 -0.340097 -0.411418 0.434956 0.601476 0.585637 0.325683 -1.686998 -0.521415 0.407954 -1.314732 0.986266 1.122898 -1.555704
1776408774.491586 jaka_arm_right success 0.295187 -0.339981 -0.410953 0.435398 0.602368 0.584675 0.325171 -1.684580 -0.518962 0.407753 -1.317558 0.987201 1.117110 -1.554635
1776408774.499797 jaka_arm_right success 0.295742 -0.339750 -0.410570 0.435225 0.603004 0.585004 0.323628 -1.682362 -0.515844 0.407084 -1.320929 0.986004 1.114078 -1.552478
1776408774.508179 jaka_arm_right success 0.296236 -0.339638 -0.410200 0.436006 0.603791 0.584519 0.321982 -1.680449 -0.512608 0.406337 -1.324456 0.986518 1.109139 -1.549693
1776408774.516458 jaka_arm_right success 0.296752 -0.339585 -0.409900 0.436440 0.604681 0.584922 0.318979 -1.677684 -0.507692 0.404456 -1.328986 0.984924 1.104359 -1.543997
1776408774.524907 jaka_arm_right success 0.297159 -0.339314 -0.409779 0.438300 0.604257 0.585187 0.316738 -1.676561 -0.506268 0.403509 -1.331931 0.986037 1.100676 -1.540012
1776408774.533195 jaka_arm_right success 0.297935 -0.339426 -0.409894 0.437769 0.604507 0.585634 0.316168 -1.675951 -0.506383 0.403051 -1.332854 0.984482 1.100796 -1.539973
1776408774.541498 jaka_arm_right success 0.298315 -0.339569 -0.410060 0.438362 0.605779 0.584750 0.314545 -1.672197 -0.501732 0.401772 -1.334592 0.984214 1.093751 -1.534848
1776408774.549864 jaka_arm_right success 0.298958 -0.339702 -0.410397 0.438088 0.606090 0.585239 0.313416 -1.671155 -0.501701 0.401129 -1.335443 0.983094 1.092814 -1.533619
1776408774.558166 jaka_arm_right success 0.299202 -0.339519 -0.410691 0.440219 0.605637 0.585379 0.311035 -1.669101 -0.500660 0.400056 -1.337284 0.983841 1.089131 -1.528025
1776408774.566466 jaka_arm_right success 0.299629 -0.339540 -0.411202 0.440807 0.605626 0.585433 0.310120 -1.665592 -0.499679 0.399498 -1.337408 0.983526 1.085127 -1.523809
1776408774.574801 jaka_arm_right success 0.300253 -0.339787 -0.411771 0.441280 0.606004 0.584346 0.310759 -1.665652 -0.499181 0.400198 -1.335905 0.985121 1.084405 -1.524151
1776408774.583109 jaka_arm_right success 0.300625 -0.339682 -0.412406 0.443219 0.606464 0.583147 0.309349 -1.663189 -0.500611 0.399270 -1.336056 0.986256 1.077921 -1.522284
1776408774.591484 jaka_arm_right success 0.301305 -0.339722 -0.412913 0.444762 0.606105 0.582075 0.309859 -1.662475 -0.502006 0.400338 -1.335094 0.989505 1.075116 -1.522656
1776408774.599798 jaka_arm_right success 0.301745 -0.339457 -0.413610 0.447907 0.606447 0.580576 0.307462 -1.659822 -0.500993 0.399255 -1.338016 0.992204 1.065729 -1.519482
1776408774.608179 jaka_arm_right success 0.302268 -0.339541 -0.414294 0.450424 0.607998 0.577189 0.307100 -1.659537 -0.496915 0.402505 -1.352730 1.003590 1.048106 -1.530203
1776408774.616459 jaka_arm_right success 0.302632 -0.339242 -0.414909 0.454538 0.608003 0.575146 0.304851 -1.661333 -0.493260 0.403592 -1.365315 1.012340 1.036355 -1.535198
1776408774.624839 jaka_arm_right success 0.303370 -0.339171 -0.415661 0.456876 0.608246 0.573066 0.304790 -1.661901 -0.493522 0.404093 -1.364943 1.016386 1.032464 -1.535747
1776408774.633092 jaka_arm_right success 0.304162 -0.339364 -0.416457 0.458070 0.609319 0.570506 0.305655 -1.659960 -0.493606 0.406693 -1.372255 1.023158 1.019810 -1.545490
1776408774.641457 jaka_arm_right success 0.304689 -0.339236 -0.417170 0.461385 0.610024 0.567672 0.304539 -1.661838 -0.489815 0.408859 -1.384191 1.033734 1.007376 -1.552499
1776408774.649837 jaka_arm_right success 0.305230 -0.338974 -0.417896 0.464344 0.610009 0.566126 0.302945 -1.660522 -0.488256 0.409403 -1.388703 1.038744 0.999199 -1.552401
1776408774.658194 jaka_arm_right success 0.305773 -0.338803 -0.418508 0.466971 0.610423 0.564152 0.301753 -1.659767 -0.487015 0.410623 -1.396056 1.045465 0.988535 -1.556569
1776408774.666620 jaka_arm_right success 0.306408 -0.338936 -0.419178 0.468450 0.611290 0.561742 0.302202 -1.661259 -0.487012 0.413203 -1.403400 1.053451 0.979447 -1.567177
1776408774.675071 jaka_arm_right success 0.306936 -0.338860 -0.419771 0.470668 0.611756 0.559551 0.301876 -1.661120 -0.483805 0.415170 -1.410419 1.060820 0.970656 -1.571010
1776408774.683114 jaka_arm_right success 0.307238 -0.338576 -0.420233 0.473526 0.611195 0.558579 0.300340 -1.661481 -0.482755 0.416079 -1.416023 1.066813 0.964045 -1.572549
1776408774.691553 jaka_arm_right success 0.307707 -0.338539 -0.420714 0.474847 0.611540 0.557113 0.300272 -1.662078 -0.484843 0.416925 -1.418075 1.070770 0.959346 -1.577357
1776408774.699834 jaka_arm_right success 0.307862 -0.338229 -0.420983 0.477228 0.610779 0.556991 0.298267 -1.662165 -0.482214 0.416582 -1.421473 1.073401 0.956483 -1.573766
1776408774.708159 jaka_arm_right success 0.308212 -0.338332 -0.421281 0.477390 0.611584 0.555604 0.298944 -1.661186 -0.482924 0.418033 -1.422737 1.076557 0.951663 -1.578466
1776408774.716546 jaka_arm_right success 0.308372 -0.338332 -0.421524 0.477583 0.611930 0.555067 0.298926 -1.661468 -0.482726 0.417808 -1.422515 1.076590 0.951346 -1.578544
1776408774.724849 jaka_arm_right success 0.308634 -0.338379 -0.421657 0.477176 0.611973 0.554759 0.300058 -1.661966 -0.483930 0.418965 -1.423128 1.078274 0.950343 -1.583096
1776408774.733191 jaka_arm_right success 0.308525 -0.338218 -0.421654 0.477740 0.611891 0.554630 0.299565 -1.662285 -0.483428 0.418944 -1.424282 1.079153 0.949678 -1.582713
1776408774.741527 jaka_arm_right success 0.308471 -0.338064 -0.421584 0.477605 0.611607 0.554936 0.299794 -1.662285 -0.483428 0.418944 -1.424282 1.079153 0.949678 -1.582713
1776408774.749727 jaka_arm_right success 0.308327 -0.337912 -0.421453 0.477489 0.611342 0.555179 0.300068 -1.663165 -0.483980 0.419733 -1.425695 1.079883 0.951100 -1.584626
1776408774.758204 jaka_arm_right success 0.308217 -0.337832 -0.421235 0.476387 0.611232 0.555673 0.301129 -1.662522 -0.483558 0.420194 -1.425621 1.078950 0.951721 -1.585722
1776408774.766540 jaka_arm_right success 0.307998 -0.337624 -0.420915 0.475790 0.610670 0.556602 0.301498 -1.663553 -0.484939 0.420721 -1.426128 1.078640 0.954643 -1.587206
1776408774.774831 jaka_arm_right success 0.307747 -0.337509 -0.420710 0.474208 0.610856 0.557218 0.302472 -1.664027 -0.485068 0.420857 -1.425825 1.076960 0.956711 -1.589263
1776408774.783208 jaka_arm_right success 0.307566 -0.337388 -0.420435 0.472731 0.610682 0.558170 0.303380 -1.665246 -0.486181 0.421153 -1.425206 1.075284 0.960650 -1.591382
1776408774.791502 jaka_arm_right success 0.307326 -0.337125 -0.420064 0.471632 0.610095 0.559517 0.303790 -1.667051 -0.487428 0.421155 -1.424392 1.073418 0.965778 -1.592342
1776408774.799901 jaka_arm_right success 0.307095 -0.337094 -0.419798 0.469441 0.610715 0.559821 0.305373 -1.667974 -0.488131 0.420774 -1.422703 1.069982 0.969445 -1.594836
1776408774.808148 jaka_arm_right success 0.306736 -0.336755 -0.419451 0.468744 0.610248 0.560362 0.306383 -1.670001 -0.490210 0.421226 -1.420465 1.069325 0.974074 -1.596834
1776408774.816456 jaka_arm_right success 0.306541 -0.336727 -0.419108 0.465803 0.611369 0.561093 0.307296 -1.669022 -0.489444 0.420697 -1.420430 1.064885 0.975868 -1.598408
1776408774.824842 jaka_arm_right success 0.306343 -0.336739 -0.418715 0.463589 0.612474 0.561009 0.308594 -1.669227 -0.488918 0.420519 -1.418596 1.061878 0.978399 -1.600255
1776408774.833169 jaka_arm_right success 0.306102 -0.336506 -0.418423 0.461752 0.613138 0.561298 0.309501 -1.669708 -0.489317 0.420205 -1.416833 1.058938 0.981415 -1.601816
1776408774.841435 jaka_arm_right success 0.305915 -0.336334 -0.418110 0.459940 0.614158 0.561155 0.310435 -1.669236 -0.488704 0.420227 -1.415974 1.056794 0.982397 -1.603391
1776408774.849749 jaka_arm_right success 0.305724 -0.336277 -0.417848 0.457158 0.615867 0.561089 0.311276 -1.669130 -0.488105 0.419377 -1.414523 1.052435 0.984268 -1.605560
1776408774.858272 jaka_arm_right success 0.305455 -0.335981 -0.417473 0.455845 0.616403 0.561112 0.312098 -1.668504 -0.487512 0.419504 -1.414251 1.050843 0.984793 -1.606765
1776408774.866656 jaka_arm_right success 0.305191 -0.335681 -0.417245 0.454426 0.617861 0.560508 0.312369 -1.668223 -0.486661 0.419002 -1.413956 1.048604 0.984794 -1.608235
1776408774.875083 jaka_arm_right success 0.305082 -0.335578 -0.417033 0.452552 0.618970 0.559917 0.313951 -1.668395 -0.486402 0.419569 -1.411989 1.047340 0.986067 -1.611431
1776408774.883156 jaka_arm_right success 0.304795 -0.335317 -0.416771 0.451688 0.619913 0.559330 0.314381 -1.668373 -0.485915 0.419194 -1.411751 1.045895 0.986030 -1.612634
1776408774.891559 jaka_arm_right success 0.304620 -0.335266 -0.416550 0.449858 0.621476 0.558797 0.314868 -1.668013 -0.484848 0.418684 -1.411441 1.043321 0.985952 -1.614574
1776408774.900107 jaka_arm_right success 0.304728 -0.335142 -0.416519 0.448342 0.620812 0.558071 0.319592 -1.671680 -0.491767 0.421765 -1.406349 1.045594 0.991245 -1.626298
1776408774.908290 jaka_arm_right success 0.304535 -0.334927 -0.416347 0.447664 0.621696 0.557719 0.319438 -1.671679 -0.491370 0.421438 -1.406530 1.044582 0.991141 -1.627022
1776408774.916459 jaka_arm_right success 0.304328 -0.334889 -0.416127 0.447573 0.622064 0.556706 0.320613 -1.678104 -0.488413 0.424706 -1.418496 1.052231 0.988728 -1.641148
1776408774.924807 jaka_arm_right success 0.304162 -0.334902 -0.415996 0.446371 0.623015 0.556711 0.320433 -1.677625 -0.487910 0.423883 -1.419117 1.049686 0.988545 -1.641939
1776408774.933447 jaka_arm_right success 0.303793 -0.334453 -0.415829 0.448248 0.622022 0.557164 0.318951 -1.678570 -0.488957 0.423734 -1.419646 1.051975 0.988235 -1.639911
1776408774.941565 jaka_arm_right success 0.303622 -0.334363 -0.415760 0.448419 0.621775 0.557483 0.318637 -1.678679 -0.489168 0.423538 -1.419952 1.051943 0.988198 -1.639621
1776408774.949844 jaka_arm_right success 0.303554 -0.334332 -0.415768 0.448457 0.621090 0.558063 0.318904 -1.678409 -0.489448 0.423772 -1.420315 1.052001 0.988559 -1.639408
1776408774.958241 jaka_arm_right success 0.303476 -0.334675 -0.415776 0.447666 0.622252 0.557384 0.318937 -1.678453 -0.488771 0.423598 -1.419863 1.051498 0.988259 -1.639937
1776408774.966848 jaka_arm_right success 0.303385 -0.334750 -0.415746 0.447865 0.621846 0.557969 0.318426 -1.678402 -0.487187 0.423154 -1.421059 1.050949 0.988755 -1.637658
1776408774.975006 jaka_arm_right success 0.303396 -0.334830 -0.415759 0.447850 0.620925 0.558930 0.318559 -1.677976 -0.487528 0.423496 -1.421507 1.050917 0.989289 -1.637468
1776408774.983140 jaka_arm_right success 0.303286 -0.334952 -0.415737 0.448173 0.620729 0.559157 0.318089 -1.678901 -0.485729 0.422786 -1.421365 1.050113 0.991753 -1.633900
1776408774.991519 jaka_arm_right success 0.303178 -0.335048 -0.415706 0.449017 0.620175 0.559252 0.317810 -1.679012 -0.486103 0.422790 -1.421580 1.050486 0.991845 -1.633477
1776408774.999799 jaka_arm_right success 0.303168 -0.335127 -0.415723 0.449430 0.619585 0.559499 0.317944 -1.678962 -0.486522 0.423047 -1.421787 1.051042 0.992140 -1.633040
1776408775.016446 jaka_arm_right success 0.303146 -0.335241 -0.415835 0.448646 0.619660 0.559713 0.318527 -1.679600 -0.487235 0.423118 -1.419563 1.050207 0.994478 -1.633384
1776408775.024948 jaka_arm_right success 0.303042 -0.335182 -0.415611 0.450876 0.617289 0.560969 0.317772 -1.680303 -0.489270 0.423700 -1.420333 1.053405 0.995251 -1.630773
1776408775.033239 jaka_arm_right success 0.302980 -0.335403 -0.415580 0.450646 0.617442 0.560917 0.317893 -1.680303 -0.489270 0.423700 -1.420333 1.053405 0.995251 -1.630773
1776408775.041481 jaka_arm_right success 0.302997 -0.335588 -0.415562 0.450746 0.617011 0.560871 0.318667 -1.679872 -0.489126 0.424182 -1.420222 1.053390 0.995669 -1.631016
1776408775.049758 jaka_arm_right success 0.303031 -0.335830 -0.415605 0.449975 0.616954 0.561427 0.318889 -1.682799 -0.490079 0.422873 -1.414372 1.049684 1.004018 -1.628182
1776408775.058200 jaka_arm_right success 0.302967 -0.335904 -0.415555 0.450033 0.616629 0.562157 0.318148 -1.681038 -0.489553 0.422425 -1.414103 1.048620 1.003670 -1.624708
1776408775.066557 jaka_arm_right success 0.303008 -0.335956 -0.415545 0.449837 0.616100 0.563087 0.317805 -1.679799 -0.489987 0.421316 -1.410703 1.045840 1.006172 -1.619555
1776408775.074811 jaka_arm_right success 0.302951 -0.335933 -0.415452 0.450434 0.615489 0.563855 0.316780 -1.679342 -0.490364 0.420657 -1.410463 1.045112 1.006702 -1.616765
1776408775.083197 jaka_arm_right success 0.302869 -0.335864 -0.415350 0.451173 0.614630 0.564715 0.315865 -1.677838 -0.489898 0.419287 -1.406590 1.042509 1.009547 -1.608690
1776408775.091524 jaka_arm_right success 0.302790 -0.335804 -0.415310 0.451408 0.614016 0.565649 0.315050 -1.677848 -0.490585 0.419159 -1.407247 1.042554 1.009778 -1.608121
1776408775.099868 jaka_arm_right success 0.302777 -0.335924 -0.415314 0.451059 0.614361 0.565263 0.315569 -1.677848 -0.490585 0.419159 -1.407247 1.042554 1.009778 -1.608121
1776408775.108149 jaka_arm_right success 0.302715 -0.335939 -0.415264 0.451061 0.614418 0.565162 0.315637 -1.677756 -0.490311 0.419215 -1.406994 1.042358 1.009761 -1.608415
1776408775.116454 jaka_arm_right success 0.302600 -0.335981 -0.415184 0.450773 0.614604 0.565315 0.315413 -1.677612 -0.490000 0.418858 -1.406966 1.041194 1.009751 -1.608879
1776408775.125013 jaka_arm_right success 0.302523 -0.335987 -0.415091 0.450900 0.614698 0.565189 0.315273 -1.677612 -0.490000 0.418858 -1.406966 1.041194 1.009751 -1.608879
1776408775.133233 jaka_arm_right success 0.302470 -0.335962 -0.415037 0.450916 0.614616 0.565354 0.315113 -1.677766 -0.490296 0.418719 -1.407187 1.041337 1.009757 -1.608540
1776408775.141462 jaka_arm_right success 0.302485 -0.336023 -0.415028 0.450604 0.614766 0.565402 0.315181 -1.677766 -0.490296 0.418719 -1.407187 1.041337 1.009757 -1.608540
1776408775.149808 jaka_arm_right success 0.302488 -0.336008 -0.414989 0.450485 0.614735 0.565450 0.315327 -1.677766 -0.490296 0.418719 -1.407187 1.041337 1.009757 -1.608540
1776408775.158256 jaka_arm_right success 0.302713 -0.336256 -0.415012 0.449025 0.614838 0.565397 0.317297 -1.677725 -0.491411 0.419608 -1.404423 1.039962 1.012886 -1.610706
1776408775.166628 jaka_arm_right success 0.302492 -0.336097 -0.414962 0.450105 0.614856 0.565623 0.315322 -1.678052 -0.490520 0.418219 -1.404898 1.039481 1.012253 -1.607442
1776408775.174908 jaka_arm_right success 0.302418 -0.336080 -0.414953 0.450089 0.615017 0.565925 0.314487 -1.676878 -0.488584 0.417177 -1.404832 1.037674 1.012152 -1.603471
1776408775.183201 jaka_arm_right success 0.302399 -0.336035 -0.414960 0.450215 0.615038 0.566001 0.314130 -1.676878 -0.488584 0.417177 -1.404832 1.037674 1.012152 -1.603471
1776408775.191466 jaka_arm_right success 0.302398 -0.336026 -0.414959 0.450027 0.615244 0.565982 0.314029 -1.677032 -0.488674 0.416903 -1.404933 1.037499 1.012014 -1.603342
1776408775.199810 jaka_arm_right success 0.302492 -0.335991 -0.415025 0.449563 0.615456 0.565897 0.314432 -1.676773 -0.488415 0.417045 -1.404769 1.037189 1.012107 -1.603666
1776408775.208323 jaka_arm_right success 0.302586 -0.335964 -0.415061 0.449404 0.615647 0.565480 0.315034 -1.676608 -0.488072 0.417206 -1.404419 1.037051 1.012100 -1.604039
1776408775.216416 jaka_arm_right success 0.302577 -0.335822 -0.415033 0.449704 0.615566 0.565343 0.315012 -1.676608 -0.488072 0.417206 -1.404419 1.037051 1.012100 -1.604039
1776408775.224833 jaka_arm_right success 0.302611 -0.335928 -0.415106 0.449269 0.616454 0.564377 0.315628 -1.676710 -0.487347 0.417206 -1.403601 1.036956 1.011709 -1.604670
1776408775.233317 jaka_arm_right success 0.302669 -0.335965 -0.415158 0.448995 0.617081 0.563678 0.316040 -1.676757 -0.486685 0.417248 -1.402850 1.036867 1.011370 -1.605287
1776408775.241447 jaka_arm_right success 0.302824 -0.335957 -0.415199 0.448683 0.617187 0.563502 0.316590 -1.676520 -0.486298 0.417552 -1.402378 1.036842 1.011369 -1.605795
1776408775.249803 jaka_arm_right success 0.302915 -0.335982 -0.415264 0.448272 0.617418 0.563312 0.317060 -1.675977 -0.487244 0.418179 -1.401244 1.037077 1.010975 -1.607575
1776408775.258234 jaka_arm_right success 0.302787 -0.335880 -0.415293 0.449216 0.617405 0.563089 0.316144 -1.676622 -0.487654 0.417592 -1.401419 1.037353 1.010505 -1.607072
1776408775.266478 jaka_arm_right success 0.302817 -0.335925 -0.415373 0.449240 0.617759 0.562797 0.315938 -1.676737 -0.488002 0.417212 -1.401274 1.037586 1.009310 -1.607265
1776408775.274797 jaka_arm_right success 0.302909 -0.335921 -0.415481 0.448943 0.617840 0.563060 0.315732 -1.676478 -0.488193 0.417244 -1.401581 1.037305 1.009441 -1.607268
1776408775.283065 jaka_arm_right success 0.302917 -0.335857 -0.415556 0.449016 0.618059 0.563308 0.314757 -1.676412 -0.488550 0.416281 -1.402515 1.035981 1.008892 -1.606970
1776408775.291526 jaka_arm_right success 0.302844 -0.335634 -0.415563 0.450136 0.617836 0.563406 0.313417 -1.675215 -0.487971 0.415807 -1.403775 1.036903 1.006140 -1.604191
1776408775.299747 jaka_arm_right success 0.302862 -0.335515 -0.415604 0.450632 0.617772 0.563196 0.313206 -1.675472 -0.488005 0.415622 -1.403716 1.037132 1.005869 -1.604003
1776408775.308178 jaka_arm_right success 0.303036 -0.335557 -0.415703 0.449736 0.617934 0.563458 0.313703 -1.675055 -0.487771 0.415929 -1.403623 1.036895 1.006062 -1.604332
1776408775.316453 jaka_arm_right success 0.302918 -0.335368 -0.415716 0.450354 0.617927 0.563584 0.312603 -1.675414 -0.488082 0.415459 -1.403925 1.036889 1.005763 -1.603912
1776408775.324817 jaka_arm_right success 0.302979 -0.335289 -0.415742 0.450256 0.617984 0.563672 0.312471 -1.674987 -0.488054 0.415049 -1.404541 1.036011 1.005361 -1.603655
1776408775.333128 jaka_arm_right success 0.302998 -0.335294 -0.415754 0.450355 0.618278 0.562906 0.313129 -1.674853 -0.487449 0.415707 -1.403552 1.037310 1.004840 -1.603767
1776408775.341482 jaka_arm_right success 0.302989 -0.335099 -0.415689 0.450724 0.617884 0.563190 0.312864 -1.674922 -0.487767 0.415577 -1.403861 1.037389 1.004807 -1.603460
1776408775.349742 jaka_arm_right success 0.302998 -0.335154 -0.415688 0.450130 0.618306 0.563102 0.313045 -1.674723 -0.487462 0.415580 -1.403737 1.036980 1.004721 -1.603811
1776408775.358170 jaka_arm_right success 0.302900 -0.335014 -0.415619 0.450830 0.618084 0.562948 0.312754 -1.674952 -0.487687 0.415365 -1.403894 1.037167 1.004526 -1.603509
1776408775.366423 jaka_arm_right success 0.302887 -0.334906 -0.415590 0.450884 0.617895 0.563036 0.312889 -1.674952 -0.487687 0.415365 -1.403894 1.037167 1.004526 -1.603509
1776408775.374831 jaka_arm_right success 0.303048 -0.335019 -0.415654 0.449356 0.618579 0.562824 0.314114 -1.673993 -0.486898 0.415897 -1.403388 1.036187 1.004594 -1.604875
1776408775.383123 jaka_arm_right success 0.303058 -0.335001 -0.415693 0.448966 0.618552 0.562878 0.314630 -1.673993 -0.486898 0.415897 -1.403388 1.036187 1.004594 -1.604875
1776408775.391470 jaka_arm_right success 0.303058 -0.334901 -0.415703 0.449075 0.618211 0.563064 0.314811 -1.673572 -0.486978 0.416328 -1.403455 1.036244 1.004953 -1.605011
1776408775.399829 jaka_arm_right success 0.303036 -0.334864 -0.415687 0.449007 0.618219 0.563098 0.314831 -1.673572 -0.486978 0.416328 -1.403455 1.036244 1.004953 -1.605011
1776408775.408201 jaka_arm_right success 0.302954 -0.334782 -0.415635 0.449093 0.618303 0.563213 0.314336 -1.673572 -0.486978 0.416328 -1.403455 1.036244 1.004953 -1.605011
1776408775.416433 jaka_arm_right success 0.302941 -0.334748 -0.415608 0.449036 0.618240 0.563365 0.314271 -1.673537 -0.487269 0.416269 -1.403725 1.036171 1.005019 -1.604893
1776408775.424825 jaka_arm_right success 0.302877 -0.334584 -0.415526 0.449442 0.617542 0.564178 0.313603 -1.673554 -0.487980 0.416153 -1.404395 1.036264 1.005223 -1.604348
1776408775.433079 jaka_arm_right success 0.302937 -0.334710 -0.415583 0.448727 0.618057 0.563832 0.314235 -1.673309 -0.487641 0.416283 -1.404150 1.035895 1.005251 -1.604826
1776408775.441506 jaka_arm_right success 0.303009 -0.334803 -0.415571 0.448138 0.618501 0.563383 0.315006 -1.673020 -0.487094 0.416509 -1.403677 1.035534 1.005250 -1.605511
1776408775.449840 jaka_arm_right success 0.303001 -0.334809 -0.415540 0.447838 0.618715 0.563242 0.315266 -1.672840 -0.486786 0.416627 -1.403394 1.035253 1.005244 -1.605977
1776408775.458153 jaka_arm_right success 0.302955 -0.334752 -0.415506 0.447676 0.618925 0.563272 0.315027 -1.672919 -0.486624 0.416108 -1.403288 1.034210 1.004880 -1.606666
1776408775.466467 jaka_arm_right success 0.302923 -0.334735 -0.415480 0.447494 0.619158 0.563234 0.314897 -1.672919 -0.486624 0.416108 -1.403288 1.034210 1.004880 -1.606666
1776408775.474933 jaka_arm_right success 0.302781 -0.334557 -0.415448 0.447968 0.618974 0.563743 0.313673 -1.673228 -0.487378 0.415660 -1.403996 1.034250 1.004829 -1.605981
1776408775.483078 jaka_arm_right success 0.303022 -0.334774 -0.415483 0.446538 0.619099 0.563566 0.315774 -1.672137 -0.486749 0.416542 -1.403301 1.033339 1.005432 -1.607583
1776408775.491513 jaka_arm_right success 0.302960 -0.334622 -0.415421 0.446966 0.618977 0.563441 0.315630 -1.672137 -0.486749 0.416542 -1.403301 1.033339 1.005432 -1.607583
1776408775.499775 jaka_arm_right success 0.302793 -0.334344 -0.415349 0.448145 0.618439 0.564063 0.313899 -1.673039 -0.488423 0.415775 -1.404458 1.034299 1.005176 -1.605913
1776408775.508173 jaka_arm_right success 0.302727 -0.334303 -0.415310 0.448459 0.618301 0.563832 0.314136 -1.673039 -0.488423 0.415775 -1.404458 1.034299 1.005176 -1.605913
1776408775.516483 jaka_arm_right success 0.302621 -0.334214 -0.415270 0.448567 0.618372 0.563876 0.313764 -1.673039 -0.488423 0.415775 -1.404458 1.034299 1.005176 -1.605913
1776408775.524827 jaka_arm_right success 0.302601 -0.334326 -0.415285 0.448106 0.618811 0.563686 0.313897 -1.673207 -0.488208 0.415612 -1.404229 1.034223 1.004928 -1.606064
1776408775.533194 jaka_arm_right success 0.302537 -0.334332 -0.415246 0.448176 0.618870 0.563614 0.313811 -1.673207 -0.488208 0.415612 -1.404229 1.034223 1.004928 -1.606064
1776408775.541465 jaka_arm_right success 0.302502 -0.334608 -0.415236 0.447654 0.619993 0.562452 0.314425 -1.673247 -0.486910 0.415622 -1.403054 1.033868 1.004214 -1.607290
1776408775.549888 jaka_arm_right success 0.302471 -0.334673 -0.415214 0.447584 0.620197 0.562266 0.314453 -1.673247 -0.486910 0.415622 -1.403054 1.033868 1.004214 -1.607290
1776408775.558207 jaka_arm_right success 0.302439 -0.334736 -0.415214 0.447485 0.620078 0.562201 0.314945 -1.673247 -0.486910 0.415622 -1.403054 1.033868 1.004214 -1.607290
1776408775.566462 jaka_arm_right success 0.302435 -0.334723 -0.415200 0.447360 0.619906 0.562416 0.315078 -1.673247 -0.486910 0.415622 -1.403054 1.033868 1.004214 -1.607290
1776408775.574847 jaka_arm_right success 0.302419 -0.334655 -0.415195 0.448021 0.619536 0.562323 0.315031 -1.673668 -0.487876 0.416401 -1.403229 1.035630 1.003834 -1.608781
1776408775.583168 jaka_arm_right success 0.302401 -0.334724 -0.415194 0.447846 0.619600 0.562384 0.315047 -1.673668 -0.487876 0.416401 -1.403229 1.035630 1.003834 -1.608781
1776408775.591493 jaka_arm_right success 0.302408 -0.334677 -0.415188 0.448038 0.619288 0.562639 0.314931 -1.673668 -0.487876 0.416401 -1.403229 1.035630 1.003834 -1.608781
1776408775.599808 jaka_arm_right success 0.302378 -0.334727 -0.415169 0.448012 0.619263 0.562607 0.315074 -1.673668 -0.487876 0.416401 -1.403229 1.035630 1.003834 -1.608781
1776408775.608167 jaka_arm_right success 0.302334 -0.334778 -0.415135 0.448021 0.619203 0.562804 0.314828 -1.673668 -0.487876 0.416401 -1.403229 1.035630 1.003834 -1.608781
1776408775.616423 jaka_arm_right success 0.302358 -0.334855 -0.415118 0.448073 0.619075 0.562707 0.315179 -1.673668 -0.487876 0.416401 -1.403229 1.035630 1.003834 -1.608781
1776408775.624978 jaka_arm_right success 0.302408 -0.334840 -0.415132 0.448527 0.618511 0.562684 0.315681 -1.673813 -0.488682 0.417236 -1.403448 1.036917 1.004608 -1.609074
1776408775.633117 jaka_arm_right success 0.302227 -0.334788 -0.415073 0.449395 0.618188 0.562772 0.314920 -1.674275 -0.489118 0.416895 -1.403728 1.037286 1.004413 -1.608551
1776408775.641487 jaka_arm_right success 0.302142 -0.334777 -0.415062 0.449755 0.617860 0.562837 0.314933 -1.674724 -0.489434 0.417127 -1.403918 1.038378 1.004546 -1.608253
1776408775.649811 jaka_arm_right success 0.302193 -0.334750 -0.415070 0.449974 0.617387 0.563003 0.315252 -1.674594 -0.489606 0.417366 -1.404052 1.038607 1.004785 -1.608170
1776408775.658190 jaka_arm_right success 0.302195 -0.334759 -0.415073 0.450029 0.617267 0.563059 0.315309 -1.675352 -0.490036 0.417603 -1.404444 1.039252 1.005325 -1.608972
1776408775.666485 jaka_arm_right success 0.302166 -0.334748 -0.415074 0.450042 0.617172 0.563241 0.315151 -1.675352 -0.490036 0.417603 -1.404444 1.039252 1.005325 -1.608972
1776408775.674830 jaka_arm_right success 0.302230 -0.334771 -0.415098 0.449897 0.617156 0.563269 0.315339 -1.675352 -0.490036 0.417603 -1.404444 1.039252 1.005325 -1.608972
1776408775.683172 jaka_arm_right success 0.302209 -0.334718 -0.415117 0.450082 0.617089 0.563324 0.315108 -1.675352 -0.490036 0.417603 -1.404444 1.039252 1.005325 -1.608972
1776408775.691496 jaka_arm_right success 0.302225 -0.334684 -0.415135 0.450110 0.617035 0.563348 0.315132 -1.675352 -0.490036 0.417603 -1.404444 1.039252 1.005325 -1.608972
1776408775.699808 jaka_arm_right success 0.302229 -0.334697 -0.415143 0.449962 0.617219 0.563214 0.315222 -1.675352 -0.490036 0.417603 -1.404444 1.039252 1.005325 -1.608972
1776408775.708181 jaka_arm_right success 0.302217 -0.334691 -0.415134 0.449969 0.617303 0.563115 0.315226 -1.675352 -0.490036 0.417603 -1.404444 1.039252 1.005325 -1.608972
1776408775.716434 jaka_arm_right success 0.302342 -0.334729 -0.415200 0.449663 0.617431 0.562749 0.316063 -1.676648 -0.491274 0.418351 -1.404335 1.040121 1.005913 -1.612892
1776408775.724832 jaka_arm_right success 0.302410 -0.334743 -0.415224 0.449470 0.617621 0.562604 0.316225 -1.676648 -0.491274 0.418351 -1.404335 1.040121 1.005913 -1.612892
1776408775.733176 jaka_arm_right success 0.302429 -0.334718 -0.415253 0.449475 0.617647 0.562647 0.316090 -1.676648 -0.491274 0.418351 -1.404335 1.040121 1.005913 -1.612892
1776408775.741476 jaka_arm_right success 0.302471 -0.334744 -0.415272 0.449177 0.618005 0.562615 0.315872 -1.676648 -0.491274 0.418351 -1.404335 1.040121 1.005913 -1.612892
1776408775.749783 jaka_arm_right success 0.302465 -0.334771 -0.415299 0.449196 0.618172 0.562371 0.315951 -1.676797 -0.490908 0.418116 -1.404080 1.039821 1.005602 -1.613184
1776408775.758215 jaka_arm_right success 0.302570 -0.334706 -0.415344 0.449206 0.618032 0.562471 0.316032 -1.676797 -0.490908 0.418116 -1.404080 1.039821 1.005602 -1.613184
1776408775.766509 jaka_arm_right success 0.302670 -0.334622 -0.415429 0.449114 0.617774 0.562875 0.315947 -1.676797 -0.490908 0.418116 -1.404080 1.039821 1.005602 -1.613184
1776408775.774858 jaka_arm_right success 0.302761 -0.334601 -0.415483 0.448805 0.617800 0.563093 0.315947 -1.676387 -0.491115 0.418276 -1.404510 1.039459 1.005954 -1.613198
1776408775.783142 jaka_arm_right success 0.302901 -0.334699 -0.415543 0.448587 0.617862 0.562775 0.316704 -1.676136 -0.490837 0.418487 -1.404307 1.039280 1.006031 -1.613559
1776408775.791482 jaka_arm_right success 0.302890 -0.334547 -0.415531 0.449272 0.617224 0.563304 0.316036 -1.676244 -0.491376 0.418375 -1.404768 1.039503 1.006112 -1.613068
1776408775.799832 jaka_arm_right success 0.302783 -0.334432 -0.415530 0.450086 0.617061 0.563319 0.315168 -1.676728 -0.491885 0.417938 -1.405133 1.039830 1.005850 -1.612435
1776408775.808156 jaka_arm_right success 0.302842 -0.334610 -0.415607 0.449586 0.617912 0.562392 0.315868 -1.676813 -0.491286 0.417912 -1.404544 1.039744 1.005509 -1.612899
1776408775.816514 jaka_arm_right success 0.302866 -0.334672 -0.415626 0.449448 0.618381 0.561931 0.315966 -1.676903 -0.490821 0.417857 -1.404092 1.039673 1.005198 -1.613255
1776408775.824831 jaka_arm_right success 0.303061 -0.334821 -0.415713 0.448077 0.618881 0.562167 0.316513 -1.676328 -0.490192 0.418198 -1.403761 1.039024 1.005352 -1.614048
1776408775.833205 jaka_arm_right success 0.303095 -0.334854 -0.415725 0.447832 0.619096 0.561995 0.316746 -1.676089 -0.489822 0.418253 -1.403563 1.038568 1.005306 -1.614520
1776408775.841608 jaka_arm_right success 0.303091 -0.334844 -0.415729 0.447769 0.619130 0.561934 0.316877 -1.676089 -0.489822 0.418253 -1.403563 1.038568 1.005306 -1.614520
1776408775.849843 jaka_arm_right success 0.303013 -0.334765 -0.415666 0.448705 0.618889 0.561356 0.317049 -1.676184 -0.490189 0.418503 -1.403347 1.039739 1.004423 -1.614816
1776408775.858193 jaka_arm_right success 0.302957 -0.334707 -0.415618 0.448690 0.618653 0.561741 0.316849 -1.676084 -0.490399 0.418548 -1.403586 1.039734 1.004534 -1.614715
1776408775.866529 jaka_arm_right success 0.302932 -0.334637 -0.415580 0.448995 0.618308 0.561923 0.316767 -1.676084 -0.490399 0.418548 -1.403586 1.039734 1.004534 -1.614715
1776408775.874793 jaka_arm_right success 0.302928 -0.334681 -0.415576 0.448864 0.618208 0.562000 0.317009 -1.676084 -0.490399 0.418548 -1.403586 1.039734 1.004534 -1.614715
1776408775.883087 jaka_arm_right success 0.302865 -0.334527 -0.415492 0.449393 0.617221 0.563136 0.316168 -1.676089 -0.491962 0.418447 -1.405099 1.040186 1.005055 -1.613437
1776408775.891469 jaka_arm_right success 0.302646 -0.334618 -0.415462 0.449945 0.617445 0.562752 0.315630 -1.676386 -0.491958 0.418211 -1.405041 1.040315 1.004795 -1.613309
1776408775.899754 jaka_arm_right success 0.302481 -0.334784 -0.415356 0.450204 0.617851 0.562293 0.315282 -1.676547 -0.489860 0.417926 -1.406377 1.041063 1.003186 -1.612360
1776408775.908158 jaka_arm_right success 0.302379 -0.334832 -0.415265 0.450294 0.617726 0.562566 0.314912 -1.676547 -0.489860 0.417926 -1.406377 1.041063 1.003186 -1.612360
1776408775.916480 jaka_arm_right success 0.302331 -0.334863 -0.415222 0.450327 0.617540 0.562717 0.314961 -1.676547 -0.489860 0.417926 -1.406377 1.041063 1.003186 -1.612360
1776408775.924883 jaka_arm_right success 0.302335 -0.334858 -0.415222 0.449852 0.617144 0.563434 0.315133 -1.676063 -0.490261 0.418274 -1.406945 1.040954 1.003770 -1.612184
1776408775.933156 jaka_arm_right success 0.302268 -0.334985 -0.415136 0.449342 0.617515 0.563663 0.314724 -1.675512 -0.490432 0.417791 -1.408153 1.038988 1.004280 -1.612329
1776408775.941418 jaka_arm_right success 0.302145 -0.334881 -0.415078 0.449661 0.616650 0.564356 0.314721 -1.675575 -0.490825 0.417869 -1.408453 1.039390 1.004487 -1.611868
1776408775.949814 jaka_arm_right success 0.302021 -0.334889 -0.415000 0.449726 0.616534 0.564307 0.314944 -1.676024 -0.490498 0.418216 -1.407928 1.040420 1.004803 -1.611564
1776408775.958245 jaka_arm_right success 0.302030 -0.334959 -0.414950 0.449110 0.616233 0.564765 0.315591 -1.676169 -0.490461 0.418629 -1.407993 1.039622 1.007047 -1.611849
1776408775.966529 jaka_arm_right success 0.301974 -0.334882 -0.414864 0.449115 0.615312 0.565834 0.315465 -1.677679 -0.491121 0.418279 -1.407716 1.039054 1.010195 -1.610837
1776408775.974906 jaka_arm_right success 0.301921 -0.334873 -0.414823 0.449261 0.614882 0.566177 0.315483 -1.677492 -0.491311 0.418466 -1.407905 1.039100 1.010485 -1.610724
1776408775.983138 jaka_arm_right success 0.301841 -0.335237 -0.414868 0.448419 0.616438 0.564400 0.316824 -1.677425 -0.489628 0.418984 -1.405959 1.038968 1.010238 -1.612391
1776408775.991468 jaka_arm_right success 0.301775 -0.335170 -0.414733 0.448997 0.615735 0.565022 0.316263 -1.677635 -0.490252 0.418802 -1.406465 1.039216 1.010349 -1.611810
1776408775.999766 jaka_arm_right success 0.301684 -0.335189 -0.414654 0.449645 0.614824 0.565248 0.316711 -1.678032 -0.490995 0.419454 -1.406283 1.041016 1.010974 -1.611120
1776408776.008122 jaka_arm_right success 0.301808 -0.335351 -0.414705 0.448255 0.614773 0.566033 0.317378 -1.680317 -0.493113 0.419070 -1.403894 1.038238 1.016613 -1.613290
1776408776.016422 jaka_arm_right success 0.301785 -0.335537 -0.414710 0.447953 0.614701 0.565984 0.318029 -1.680035 -0.492967 0.419374 -1.403765 1.038214 1.016838 -1.613491
1776408776.024869 jaka_arm_right success 0.301514 -0.335617 -0.414588 0.449124 0.614549 0.565515 0.317506 -1.680635 -0.493174 0.419052 -1.403672 1.038811 1.016478 -1.613021
1776408776.033118 jaka_arm_right success 0.301244 -0.335587 -0.414545 0.449657 0.614365 0.565930 0.316366 -1.681091 -0.493665 0.418668 -1.404040 1.039154 1.016314 -1.612349
1776408776.041475 jaka_arm_right success 0.301236 -0.335541 -0.414549 0.449928 0.613767 0.566294 0.316490 -1.681249 -0.494000 0.418938 -1.404240 1.040118 1.016674 -1.611468
1776408776.049783 jaka_arm_right success 0.301252 -0.335474 -0.414611 0.450102 0.613006 0.566682 0.317022 -1.680919 -0.494220 0.419329 -1.404455 1.040300 1.017122 -1.611341
1776408776.058189 jaka_arm_right success 0.301153 -0.335387 -0.414605 0.450774 0.612491 0.566868 0.316730 -1.681036 -0.494733 0.419398 -1.404786 1.040814 1.017334 -1.610788
1776408776.066481 jaka_arm_right success 0.301127 -0.335384 -0.414615 0.451012 0.612207 0.567063 0.316591 -1.681154 -0.495062 0.419461 -1.404959 1.041237 1.017491 -1.610391
1776408776.074834 jaka_arm_right success 0.301037 -0.335405 -0.414590 0.451504 0.612073 0.566856 0.316521 -1.681628 -0.495204 0.419393 -1.404781 1.041974 1.017361 -1.609979
1776408776.083127 jaka_arm_right success 0.301122 -0.335561 -0.414634 0.451120 0.611802 0.566952 0.317418 -1.681322 -0.494843 0.420377 -1.404014 1.042668 1.018145 -1.610426
1776408776.091564 jaka_arm_right success 0.301273 -0.335675 -0.414684 0.450449 0.611726 0.567134 0.318194 -1.683548 -0.496561 0.420339 -1.401768 1.041442 1.022513 -1.612310
1776408776.099776 jaka_arm_right success 0.301215 -0.335628 -0.414698 0.450927 0.611589 0.567242 0.317585 -1.683834 -0.496887 0.420063 -1.402012 1.041599 1.022396 -1.611891
1776408776.108202 jaka_arm_right success 0.301211 -0.335573 -0.414717 0.451184 0.611392 0.567536 0.317073 -1.684029 -0.497255 0.419830 -1.402351 1.041702 1.022364 -1.611444
1776408776.116419 jaka_arm_right success 0.301198 -0.335659 -0.414709 0.451115 0.611787 0.567343 0.316754 -1.683319 -0.494826 0.419057 -1.402512 1.040786 1.021838 -1.608177
1776408776.124882 jaka_arm_right success 0.301271 -0.335644 -0.414774 0.451148 0.611715 0.567295 0.316933 -1.683319 -0.494826 0.419057 -1.402512 1.040786 1.021838 -1.608177
1776408776.133143 jaka_arm_right success 0.301091 -0.335387 -0.414789 0.452345 0.611467 0.567522 0.315295 -1.683888 -0.495608 0.418480 -1.403154 1.041375 1.021513 -1.606884
1776408776.141431 jaka_arm_right success 0.301033 -0.335399 -0.414793 0.452230 0.611914 0.567473 0.314680 -1.683054 -0.493913 0.417773 -1.403460 1.040589 1.020270 -1.604744
1776408776.149730 jaka_arm_right success 0.301146 -0.335465 -0.414840 0.451511 0.612438 0.567516 0.314616 -1.682473 -0.493398 0.417488 -1.403563 1.039166 1.020200 -1.605003
1776408776.158149 jaka_arm_right success 0.301181 -0.335458 -0.414873 0.451272 0.612673 0.567412 0.314688 -1.682429 -0.493208 0.417473 -1.403419 1.039028 1.020127 -1.605132
1776408776.166473 jaka_arm_right success 0.301216 -0.335342 -0.414883 0.451573 0.612609 0.567041 0.315051 -1.682429 -0.493208 0.417473 -1.403419 1.039028 1.020127 -1.605132
1776408776.174972 jaka_arm_right success 0.301252 -0.335286 -0.414914 0.451352 0.612767 0.567014 0.315109 -1.682429 -0.493208 0.417473 -1.403419 1.039028 1.020127 -1.605132
1776408776.183214 jaka_arm_right success 0.301284 -0.335296 -0.414957 0.451263 0.613098 0.566695 0.315164 -1.682467 -0.492774 0.417482 -1.402949 1.038989 1.019890 -1.605464
1776408776.191478 jaka_arm_right success 0.301299 -0.335145 -0.414984 0.451688 0.612659 0.566546 0.315677 -1.682088 -0.492706 0.418607 -1.402179 1.040513 1.020158 -1.605529
1776408776.199787 jaka_arm_right success 0.301302 -0.335093 -0.414988 0.451612 0.612917 0.566223 0.315864 -1.682344 -0.492599 0.418328 -1.402005 1.040425 1.019837 -1.605610
1776408776.208167 jaka_arm_right success 0.301431 -0.335096 -0.415007 0.450824 0.613402 0.566407 0.315719 -1.682176 -0.492198 0.418060 -1.401861 1.039470 1.019622 -1.606212
1776408776.216434 jaka_arm_right success 0.301583 -0.335012 -0.415054 0.450150 0.613443 0.567022 0.315498 -1.681540 -0.492673 0.418012 -1.402722 1.038424 1.020088 -1.606222
1776408776.224908 jaka_arm_right success 0.301458 -0.334767 -0.415002 0.450522 0.613762 0.566924 0.314520 -1.681903 -0.492931 0.416719 -1.403317 1.037168 1.019221 -1.605887
1776408776.233122 jaka_arm_right success 0.301287 -0.334692 -0.414996 0.450466 0.614339 0.566881 0.313551 -1.680118 -0.491465 0.415888 -1.403680 1.036513 1.016322 -1.603332
1776408776.241665 jaka_arm_right success 0.301264 -0.334482 -0.415042 0.451067 0.613789 0.566810 0.313891 -1.679888 -0.491706 0.416246 -1.403795 1.036889 1.016606 -1.603161
1776408776.249816 jaka_arm_right success 0.301182 -0.334245 -0.415018 0.451731 0.613038 0.567186 0.313727 -1.679944 -0.492326 0.416387 -1.404155 1.037525 1.016810 -1.602579
1776408776.258196 jaka_arm_right success 0.301227 -0.334395 -0.415049 0.450700 0.614213 0.566701 0.313785 -1.679967 -0.491710 0.416299 -1.403605 1.037167 1.016504 -1.603143
1776408776.266480 jaka_arm_right success 0.301181 -0.334379 -0.415046 0.450481 0.614846 0.566466 0.313285 -1.680191 -0.491337 0.415893 -1.403339 1.036708 1.016067 -1.603434
1776408776.274866 jaka_arm_right success 0.301204 -0.334364 -0.415054 0.450250 0.615046 0.566399 0.313346 -1.680060 -0.491013 0.415703 -1.403251 1.036051 1.015888 -1.603809
1776408776.283138 jaka_arm_right success 0.301185 -0.334407 -0.415075 0.449736 0.615523 0.566270 0.313380 -1.679883 -0.490649 0.415534 -1.403153 1.035337 1.015728 -1.604226
1776408776.291482 jaka_arm_right success 0.301176 -0.334271 -0.415105 0.450166 0.615011 0.566093 0.314088 -1.679663 -0.490833 0.415864 -1.403219 1.035662 1.015955 -1.604127
1776408776.299781 jaka_arm_right success 0.301147 -0.334209 -0.415116 0.450177 0.615039 0.566068 0.314062 -1.679663 -0.490833 0.415864 -1.403219 1.035662 1.015955 -1.604127
1776408776.308144 jaka_arm_right success 0.301099 -0.334199 -0.415086 0.450198 0.615311 0.565855 0.313884 -1.679663 -0.490833 0.415864 -1.403219 1.035662 1.015955 -1.604127
1776408776.316457 jaka_arm_right success 0.301061 -0.334234 -0.415086 0.449913 0.615629 0.565720 0.313911 -1.679823 -0.490582 0.415707 -1.402936 1.035590 1.015666 -1.604315
1776408776.324791 jaka_arm_right success 0.300963 -0.334059 -0.415063 0.450851 0.615406 0.565571 0.313271 -1.680292 -0.490842 0.415335 -1.403016 1.035923 1.015303 -1.603915
1776408776.333189 jaka_arm_right success 0.300944 -0.334096 -0.415109 0.450477 0.615600 0.565694 0.313205 -1.680292 -0.490842 0.415335 -1.403016 1.035923 1.015303 -1.603915
1776408776.341506 jaka_arm_right success 0.300882 -0.334073 -0.415120 0.450693 0.615454 0.565712 0.313149 -1.680292 -0.490842 0.415335 -1.403016 1.035923 1.015303 -1.603915
1776408776.349792 jaka_arm_right success 0.300868 -0.334051 -0.415130 0.450785 0.615340 0.565829 0.313030 -1.680292 -0.490842 0.415335 -1.403016 1.035923 1.015303 -1.603915
1776408776.358180 jaka_arm_right success 0.300858 -0.334055 -0.415136 0.450676 0.615297 0.566088 0.312802 -1.680361 -0.491168 0.415182 -1.403353 1.035947 1.015289 -1.603604
1776408776.366421 jaka_arm_right success 0.300863 -0.334071 -0.415147 0.450556 0.615350 0.566234 0.312606 -1.680361 -0.491168 0.415182 -1.403353 1.035947 1.015289 -1.603604
1776408776.374812 jaka_arm_right success 0.300887 -0.334086 -0.415163 0.450589 0.615403 0.566103 0.312692 -1.680361 -0.491168 0.415182 -1.403353 1.035947 1.015289 -1.603604
1776408776.383169 jaka_arm_right success 0.300885 -0.334114 -0.415176 0.450537 0.615544 0.565961 0.312747 -1.680361 -0.491168 0.415182 -1.403353 1.035947 1.015289 -1.603604
1776408776.391466 jaka_arm_right success 0.300843 -0.334154 -0.415188 0.450439 0.615747 0.565866 0.312660 -1.680466 -0.490978 0.414937 -1.403264 1.035678 1.015018 -1.603721
1776408776.399797 jaka_arm_right success 0.300799 -0.334096 -0.415193 0.451026 0.615623 0.565580 0.312574 -1.680466 -0.490978 0.414937 -1.403264 1.035678 1.015018 -1.603721
1776408776.408145 jaka_arm_right success 0.300822 -0.334087 -0.415231 0.451025 0.615567 0.565632 0.312592 -1.680466 -0.490978 0.414937 -1.403264 1.035678 1.015018 -1.603721
1776408776.416430 jaka_arm_right success 0.300840 -0.334093 -0.415264 0.450994 0.615547 0.565679 0.312591 -1.680466 -0.490978 0.414937 -1.403264 1.035678 1.015018 -1.603721
1776408776.424843 jaka_arm_right success 0.300901 -0.334053 -0.415353 0.450829 0.615392 0.566036 0.312488 -1.680487 -0.491236 0.414867 -1.403518 1.035760 1.015018 -1.603455
1776408776.433145 jaka_arm_right success 0.300945 -0.333977 -0.415405 0.451134 0.615035 0.566161 0.312525 -1.680453 -0.491504 0.414920 -1.403731 1.035979 1.015083 -1.603185
1776408776.441419 jaka_arm_right success 0.300982 -0.334123 -0.415414 0.450533 0.615678 0.566241 0.311981 -1.680550 -0.491236 0.414474 -1.403714 1.035360 1.014689 -1.603341
1776408776.449789 jaka_arm_right success 0.300975 -0.334116 -0.415441 0.450726 0.615673 0.566294 0.311613 -1.680576 -0.491462 0.414245 -1.404065 1.035216 1.014597 -1.603034
1776408776.458156 jaka_arm_right success 0.300979 -0.334085 -0.415451 0.450986 0.615549 0.566322 0.311432 -1.680576 -0.491462 0.414245 -1.404065 1.035216 1.014597 -1.603034
1776408776.466539 jaka_arm_right success 0.301124 -0.334285 -0.415456 0.450048 0.615419 0.566308 0.313069 -1.679875 -0.491110 0.414909 -1.403849 1.035078 1.015023 -1.603520
1776408776.474854 jaka_arm_right success 0.300928 -0.334164 -0.415417 0.450825 0.615562 0.566435 0.311435 -1.680362 -0.491424 0.414339 -1.404126 1.035134 1.014630 -1.603012
1776408776.483297 jaka_arm_right success 0.300892 -0.334239 -0.415399 0.450576 0.615998 0.566292 0.311192 -1.678045 -0.488877 0.413785 -1.405187 1.034401 1.011882 -1.599733
1776408776.491510 jaka_arm_right success 0.300880 -0.334167 -0.415425 0.450896 0.615550 0.566112 0.311944 -1.677685 -0.488810 0.414298 -1.405029 1.034682 1.012186 -1.599884
1776408776.499752 jaka_arm_right success 0.300881 -0.334131 -0.415458 0.450917 0.615307 0.566168 0.312291 -1.677434 -0.488868 0.414812 -1.404840 1.035183 1.012468 -1.599944
1776408776.508563 jaka_arm_right success 0.300880 -0.334097 -0.415471 0.450923 0.615279 0.566134 0.312399 -1.677434 -0.488868 0.414812 -1.404840 1.035183 1.012468 -1.599944
1776408776.516458 jaka_arm_right success 0.300925 -0.334085 -0.415522 0.450703 0.615343 0.566044 0.312752 -1.677358 -0.488674 0.415030 -1.404480 1.035322 1.012476 -1.600238
1776408776.524835 jaka_arm_right success 0.300943 -0.334046 -0.415548 0.450652 0.615285 0.566062 0.312906 -1.677358 -0.488674 0.415030 -1.404480 1.035322 1.012476 -1.600238
1776408776.533184 jaka_arm_right success 0.300915 -0.334003 -0.415577 0.450617 0.615390 0.566060 0.312754 -1.677358 -0.488674 0.415030 -1.404480 1.035322 1.012476 -1.600238
1776408776.541467 jaka_arm_right success 0.300909 -0.333990 -0.415596 0.450506 0.615574 0.565949 0.312753 -1.677358 -0.488674 0.415030 -1.404480 1.035322 1.012476 -1.600238
1776408776.549730 jaka_arm_right success 0.300937 -0.333956 -0.415606 0.450398 0.615751 0.565970 0.312521 -1.677358 -0.488674 0.415030 -1.404480 1.035322 1.012476 -1.600238
1776408776.558182 jaka_arm_right success 0.301012 -0.333945 -0.415644 0.449916 0.615828 0.566349 0.312378 -1.677076 -0.488433 0.414578 -1.404509 1.033674 1.012382 -1.601140
1776408776.566439 jaka_arm_right success 0.301034 -0.333925 -0.415675 0.449500 0.616160 0.566413 0.312207 -1.677076 -0.488433 0.414578 -1.404509 1.033674 1.012382 -1.601140
1776408776.574800 jaka_arm_right success 0.301033 -0.333910 -0.415675 0.449546 0.616428 0.565962 0.312428 -1.677076 -0.488433 0.414578 -1.404509 1.033674 1.012382 -1.601140
1776408776.583262 jaka_arm_right success 0.301013 -0.333901 -0.415683 0.449436 0.616658 0.565751 0.312516 -1.677076 -0.488433 0.414578 -1.404509 1.033674 1.012382 -1.601140
1776408776.591460 jaka_arm_right success 0.301001 -0.333716 -0.415619 0.450164 0.616166 0.565809 0.312333 -1.677076 -0.488433 0.414578 -1.404509 1.033674 1.012382 -1.601140
1776408776.599795 jaka_arm_right success 0.300977 -0.333578 -0.415584 0.450631 0.615872 0.565995 0.311903 -1.677580 -0.488916 0.414214 -1.404706 1.034127 1.012105 -1.600593
1776408776.608147 jaka_arm_right success 0.301080 -0.333812 -0.415667 0.449868 0.616785 0.564887 0.313207 -1.677401 -0.488960 0.414844 -1.402953 1.034637 1.011288 -1.602821
1776408776.616547 jaka_arm_right success 0.301107 -0.333793 -0.415756 0.449614 0.616994 0.564952 0.313041 -1.677401 -0.488960 0.414844 -1.402953 1.034637 1.011288 -1.602821
1776408776.624854 jaka_arm_right success 0.301104 -0.333801 -0.415785 0.449626 0.617161 0.564731 0.313093 -1.677401 -0.488960 0.414844 -1.402953 1.034637 1.011288 -1.602821
1776408776.633157 jaka_arm_right success 0.301034 -0.333756 -0.415785 0.450157 0.616954 0.564762 0.312683 -1.677401 -0.488960 0.414844 -1.402953 1.034637 1.011288 -1.602821
1776408776.641500 jaka_arm_right success 0.300945 -0.333639 -0.415742 0.450782 0.616607 0.565117 0.311824 -1.677968 -0.489622 0.414277 -1.403442 1.034915 1.010985 -1.602101
1776408776.649775 jaka_arm_right success 0.301011 -0.333755 -0.415746 0.450192 0.616619 0.565246 0.312417 -1.677968 -0.489622 0.414277 -1.403442 1.034915 1.010985 -1.602101
1776408776.658214 jaka_arm_right success 0.300758 -0.333589 -0.415715 0.451334 0.616576 0.565326 0.310705 -1.678529 -0.490194 0.413652 -1.403933 1.035066 1.010638 -1.601412
1776408776.666553 jaka_arm_right success 0.300910 -0.333726 -0.415753 0.450465 0.616701 0.565184 0.311975 -1.678065 -0.489874 0.414051 -1.403744 1.034852 1.010866 -1.601856
1776408776.674767 jaka_arm_right success 0.301003 -0.333819 -0.415758 0.449776 0.616739 0.565626 0.312094 -1.677565 -0.489724 0.414341 -1.403802 1.034419 1.011167 -1.602212
1776408776.683271 jaka_arm_right success 0.301090 -0.333815 -0.415715 0.449448 0.616717 0.565733 0.312416 -1.677200 -0.489609 0.414530 -1.403832 1.034051 1.011370 -1.602507
1776408776.691517 jaka_arm_right success 0.301007 -0.333543 -0.415576 0.450030 0.616231 0.566243 0.311610 -1.677377 -0.490207 0.414237 -1.404406 1.034083 1.011388 -1.601967
1776408776.699832 jaka_arm_right success 0.300987 -0.333488 -0.415538 0.449701 0.616293 0.566392 0.311693 -1.676883 -0.490567 0.414117 -1.405154 1.033117 1.011736 -1.601978
1776408776.708142 jaka_arm_right success 0.301028 -0.333630 -0.415567 0.449256 0.616609 0.566045 0.312339 -1.676879 -0.490020 0.414179 -1.404587 1.033018 1.011523 -1.602450
1776408776.716507 jaka_arm_right success 0.301046 -0.333542 -0.415569 0.448915 0.616254 0.566886 0.312003 -1.676619 -0.490248 0.414298 -1.404894 1.032843 1.011805 -1.602378
1776408776.724867 jaka_arm_right success 0.300871 -0.333693 -0.415547 0.448921 0.616944 0.565970 0.312296 -1.676793 -0.489810 0.414140 -1.404439 1.032693 1.011479 -1.602712
1776408776.733224 jaka_arm_right success 0.300886 -0.333641 -0.415535 0.448921 0.616679 0.566254 0.312302 -1.676793 -0.489810 0.414140 -1.404439 1.032693 1.011479 -1.602712
1776408776.741510 jaka_arm_right success 0.300800 -0.333686 -0.415501 0.448947 0.616577 0.566393 0.312215 -1.676793 -0.489810 0.414140 -1.404439 1.032693 1.011479 -1.602712
1776408776.749974 jaka_arm_right success 0.300781 -0.333758 -0.415488 0.449299 0.616192 0.566246 0.312735 -1.676584 -0.490001 0.414510 -1.404494 1.033050 1.011792 -1.602609
1776408776.758214 jaka_arm_right success 0.300642 -0.333679 -0.415435 0.449816 0.615861 0.566698 0.311825 -1.676900 -0.490516 0.414251 -1.404865 1.033344 1.011747 -1.602050
1776408776.766436 jaka_arm_right success 0.300614 -0.333822 -0.415375 0.449646 0.616062 0.566555 0.311932 -1.676900 -0.490516 0.414251 -1.404865 1.033344 1.011747 -1.602050
1776408776.774857 jaka_arm_right success 0.300605 -0.333816 -0.415413 0.449907 0.615607 0.566724 0.312146 -1.676900 -0.490516 0.414251 -1.404865 1.033344 1.011747 -1.602050
1776408776.783120 jaka_arm_right success 0.300595 -0.333873 -0.415419 0.449618 0.615615 0.566916 0.312198 -1.676748 -0.490647 0.414445 -1.404970 1.033448 1.011982 -1.601978
1776408776.791449 jaka_arm_right success 0.300563 -0.333934 -0.415380 0.449587 0.615670 0.566893 0.312175 -1.676748 -0.490647 0.414445 -1.404970 1.033448 1.011982 -1.601978
1776408776.799831 jaka_arm_right success 0.300625 -0.333993 -0.415330 0.449311 0.615707 0.566799 0.312672 -1.676748 -0.490647 0.414445 -1.404970 1.033448 1.011982 -1.601978
1776408776.808103 jaka_arm_right success 0.300594 -0.334120 -0.415274 0.449102 0.616174 0.566353 0.312859 -1.676591 -0.490112 0.414669 -1.404462 1.033317 1.011979 -1.602495
1776408776.816429 jaka_arm_right success 0.300505 -0.334268 -0.415213 0.449080 0.616838 0.565554 0.313027 -1.676787 -0.489541 0.414585 -1.403847 1.033263 1.011645 -1.602924
1776408776.824825 jaka_arm_right success 0.300528 -0.334208 -0.415227 0.449249 0.616415 0.565938 0.312923 -1.676787 -0.489541 0.414585 -1.403847 1.033263 1.011645 -1.602924
1776408776.833143 jaka_arm_right success 0.300453 -0.334265 -0.415185 0.449399 0.616506 0.565675 0.313006 -1.676787 -0.489541 0.414585 -1.403847 1.033263 1.011645 -1.602924
1776408776.841653 jaka_arm_right success 0.300388 -0.334287 -0.415154 0.449752 0.616391 0.565577 0.312903 -1.677201 -0.489785 0.414574 -1.403763 1.034047 1.011551 -1.602512
1776408776.849813 jaka_arm_right success 0.300307 -0.334289 -0.415132 0.450188 0.616251 0.565586 0.312534 -1.677201 -0.489785 0.414574 -1.403763 1.034047 1.011551 -1.602512
1776408776.858137 jaka_arm_right success 0.300337 -0.334314 -0.415170 0.450222 0.615853 0.566104 0.312333 -1.677270 -0.490219 0.414589 -1.404121 1.034345 1.011730 -1.602084
1776408776.866490 jaka_arm_right success 0.300327 -0.334350 -0.415174 0.450254 0.615718 0.566366 0.312077 -1.677332 -0.490467 0.414555 -1.404355 1.034465 1.011836 -1.601822
1776408776.874929 jaka_arm_right success 0.300331 -0.334387 -0.415176 0.450264 0.615532 0.566640 0.311931 -1.677332 -0.490467 0.414555 -1.404355 1.034465 1.011836 -1.601822
1776408776.883387 jaka_arm_right success 0.300317 -0.334418 -0.415160 0.450303 0.615471 0.566774 0.311753 -1.677355 -0.490763 0.414506 -1.404684 1.034506 1.011992 -1.601522
1776408776.891609 jaka_arm_right success 0.300316 -0.334491 -0.415128 0.450113 0.615497 0.566834 0.311867 -1.677355 -0.490763 0.414506 -1.404684 1.034506 1.011992 -1.601522
1776408776.899817 jaka_arm_right success 0.300287 -0.334519 -0.415091 0.450152 0.615515 0.566740 0.311947 -1.677355 -0.490763 0.414506 -1.404684 1.034506 1.011992 -1.601522
1776408776.908143 jaka_arm_right success 0.300265 -0.334541 -0.415061 0.450165 0.615544 0.566682 0.311974 -1.677355 -0.490763 0.414506 -1.404684 1.034506 1.011992 -1.601522
1776408776.916595 jaka_arm_right success 0.300230 -0.334554 -0.415034 0.450211 0.615602 0.566569 0.311999 -1.677355 -0.490763 0.414506 -1.404684 1.034506 1.011992 -1.601522
1776408776.924829 jaka_arm_right success 0.300217 -0.334540 -0.415025 0.450258 0.615498 0.566608 0.312067 -1.677477 -0.490429 0.414640 -1.404544 1.034597 1.012342 -1.601474
1776408776.933180 jaka_arm_right success 0.300193 -0.334528 -0.415004 0.450171 0.615467 0.566768 0.311963 -1.677477 -0.490429 0.414640 -1.404544 1.034597 1.012342 -1.601474
1776408776.941431 jaka_arm_right success 0.300199 -0.334578 -0.414992 0.449775 0.615778 0.566818 0.311829 -1.677329 -0.490079 0.414245 -1.404859 1.033279 1.012532 -1.601791
1776408776.949777 jaka_arm_right success 0.300154 -0.334608 -0.414962 0.449642 0.615859 0.566775 0.311941 -1.677329 -0.490079 0.414245 -1.404859 1.033279 1.012532 -1.601791
1776408776.958131 jaka_arm_right success 0.300138 -0.334626 -0.414937 0.449604 0.615842 0.566803 0.311977 -1.677329 -0.490079 0.414245 -1.404859 1.033279 1.012532 -1.601791
1776408776.966466 jaka_arm_right success 0.300240 -0.334764 -0.414926 0.448873 0.616048 0.566497 0.313176 -1.677004 -0.489272 0.414989 -1.404004 1.033393 1.013078 -1.602550
1776408776.974880 jaka_arm_right success 0.300246 -0.334814 -0.414921 0.448756 0.616025 0.566390 0.313582 -1.677004 -0.489272 0.414989 -1.404004 1.033393 1.013078 -1.602550
1776408776.983111 jaka_arm_right success 0.300222 -0.334810 -0.414903 0.448804 0.615911 0.566499 0.313539 -1.677565 -0.489427 0.415328 -1.403625 1.033586 1.014507 -1.602796
1776408776.991478 jaka_arm_right success 0.300144 -0.334759 -0.414864 0.449192 0.615703 0.566608 0.313197 -1.677565 -0.489427 0.415328 -1.403625 1.033586 1.014507 -1.602796
1776408776.999809 jaka_arm_right success 0.300146 -0.334787 -0.414824 0.449057 0.615750 0.566611 0.313292 -1.677565 -0.489427 0.415328 -1.403625 1.033586 1.014507 -1.602796
1776408777.008179 jaka_arm_right success 0.300078 -0.334783 -0.414757 0.449288 0.615685 0.566789 0.312767 -1.677933 -0.489768 0.414950 -1.403920 1.033648 1.014384 -1.602379
1776408777.016406 jaka_arm_right success 0.300098 -0.334775 -0.414750 0.449394 0.615531 0.566989 0.312554 -1.678061 -0.490023 0.414793 -1.404196 1.033652 1.014441 -1.602093
1776408777.024871 jaka_arm_right success 0.300108 -0.334858 -0.414793 0.448940 0.615840 0.567174 0.312262 -1.678187 -0.489570 0.414313 -1.404520 1.032593 1.014891 -1.601758
1776408777.033102 jaka_arm_right success 0.300100 -0.334882 -0.414805 0.448866 0.615881 0.567224 0.312197 -1.678187 -0.489570 0.414313 -1.404520 1.032593 1.014891 -1.601758
1776408777.041439 jaka_arm_right success 0.300142 -0.334891 -0.414802 0.448676 0.615672 0.567578 0.312238 -1.678682 -0.488166 0.414031 -1.404163 1.031592 1.017402 -1.599506
1776408777.049842 jaka_arm_right success 0.300098 -0.334896 -0.414768 0.448689 0.615500 0.567682 0.312370 -1.678682 -0.488166 0.414031 -1.404163 1.031592 1.017402 -1.599506
1776408777.058176 jaka_arm_right success 0.300068 -0.334919 -0.414749 0.448665 0.615511 0.567672 0.312400 -1.678682 -0.488166 0.414031 -1.404163 1.031592 1.017402 -1.599506
1776408777.066512 jaka_arm_right success 0.300096 -0.334936 -0.414764 0.448425 0.615304 0.568001 0.312557 -1.678430 -0.488175 0.414227 -1.404218 1.031464 1.017656 -1.599595
1776408777.074812 jaka_arm_right success 0.300089 -0.334930 -0.414762 0.448427 0.615201 0.568110 0.312558 -1.678430 -0.488175 0.414227 -1.404218 1.031464 1.017656 -1.599595
1776408777.083105 jaka_arm_right success 0.299903 -0.334792 -0.414706 0.449038 0.615101 0.568329 0.311477 -1.678784 -0.488670 0.413803 -1.404657 1.031505 1.017564 -1.599037
1776408777.091542 jaka_arm_right success 0.299919 -0.334796 -0.414706 0.449289 0.615047 0.568050 0.311731 -1.678784 -0.488670 0.413803 -1.404657 1.031505 1.017564 -1.599037
1776408777.099790 jaka_arm_right success 0.299892 -0.334842 -0.414683 0.449083 0.615400 0.567748 0.311882 -1.678784 -0.488670 0.413803 -1.404657 1.031505 1.017564 -1.599037
1776408777.108346 jaka_arm_right success 0.299854 -0.334826 -0.414657 0.449332 0.615389 0.567551 0.311901 -1.678784 -0.488670 0.413803 -1.404657 1.031505 1.017564 -1.599037
1776408777.116409 jaka_arm_right success 0.299848 -0.334786 -0.414645 0.449475 0.615347 0.567546 0.311790 -1.678784 -0.488670 0.413803 -1.404657 1.031505 1.017564 -1.599037
1776408777.124807 jaka_arm_right success 0.299868 -0.334773 -0.414689 0.449202 0.615361 0.567843 0.311612 -1.678784 -0.488670 0.413803 -1.404657 1.031505 1.017564 -1.599037
1776408777.133184 jaka_arm_right success 0.299879 -0.334828 -0.414734 0.448791 0.615569 0.567812 0.311851 -1.678784 -0.488670 0.413803 -1.404657 1.031505 1.017564 -1.599037
1776408777.142322 jaka_arm_right success 0.299823 -0.334770 -0.414688 0.449001 0.615672 0.567676 0.311593 -1.679017 -0.488426 0.413559 -1.404414 1.031380 1.017289 -1.599142
1776408777.149781 jaka_arm_right success 0.299808 -0.334728 -0.414673 0.449149 0.615628 0.567702 0.311418 -1.679017 -0.488426 0.413559 -1.404414 1.031380 1.017289 -1.599142
1776408777.158128 jaka_arm_right success 0.299817 -0.334640 -0.414644 0.449537 0.615479 0.567685 0.311184 -1.679300 -0.488570 0.413304 -1.404497 1.031500 1.017121 -1.598863
1776408777.166445 jaka_arm_right success 0.299827 -0.334650 -0.414643 0.449659 0.615335 0.567616 0.311418 -1.679300 -0.488570 0.413304 -1.404497 1.031500 1.017121 -1.598863
1776408777.174779 jaka_arm_right success 0.299857 -0.334650 -0.414658 0.449595 0.615323 0.567580 0.311599 -1.679300 -0.488570 0.413304 -1.404497 1.031500 1.017121 -1.598863
1776408777.183150 jaka_arm_right success 0.299936 -0.334715 -0.414737 0.448870 0.615686 0.567367 0.312315 -1.678945 -0.488112 0.413702 -1.404088 1.031396 1.017288 -1.599352
1776408777.191483 jaka_arm_right success 0.299934 -0.334706 -0.414728 0.449185 0.615778 0.567016 0.312320 -1.678945 -0.488112 0.413702 -1.404088 1.031396 1.017288 -1.599352
1776408777.199824 jaka_arm_right success 0.299888 -0.334657 -0.414695 0.449109 0.615935 0.567179 0.311822 -1.678945 -0.488112 0.413702 -1.404088 1.031396 1.017288 -1.599352
1776408777.208154 jaka_arm_right success 0.299943 -0.334687 -0.414735 0.448510 0.616206 0.567109 0.312275 -1.678925 -0.487712 0.413691 -1.403734 1.031168 1.017154 -1.599715
1776408777.216435 jaka_arm_right success 0.299986 -0.334666 -0.414782 0.448167 0.616165 0.567424 0.312277 -1.678925 -0.487712 0.413691 -1.403734 1.031168 1.017154 -1.599715
1776408777.224869 jaka_arm_right success 0.299918 -0.334557 -0.414778 0.448240 0.616244 0.567692 0.311530 -1.678813 -0.487824 0.413102 -1.404235 1.030004 1.017253 -1.599389
1776408777.233085 jaka_arm_right success 0.299878 -0.334500 -0.414773 0.448330 0.616321 0.567682 0.311265 -1.678813 -0.487824 0.413102 -1.404235 1.030004 1.017253 -1.599389
1776408777.241454 jaka_arm_right success 0.299816 -0.334386 -0.414753 0.448566 0.616429 0.567737 0.310610 -1.678562 -0.487031 0.412274 -1.404543 1.029274 1.016828 -1.597265
1776408777.249757 jaka_arm_right success 0.299758 -0.334356 -0.414728 0.448568 0.616754 0.567483 0.310427 -1.678562 -0.487031 0.412274 -1.404543 1.029274 1.016828 -1.597265
1776408777.258139 jaka_arm_right success 0.299728 -0.334274 -0.414730 0.448643 0.616872 0.567441 0.310160 -1.678819 -0.486893 0.411956 -1.404425 1.029133 1.016519 -1.597262
1776408777.266471 jaka_arm_right success 0.299741 -0.334294 -0.414773 0.448318 0.617213 0.567197 0.310396 -1.678804 -0.486545 0.411874 -1.404177 1.028855 1.016353 -1.597533
1776408777.274728 jaka_arm_right success 0.299841 -0.334320 -0.414799 0.447746 0.617427 0.567130 0.310922 -1.678472 -0.486165 0.412080 -1.403950 1.028500 1.016448 -1.597965
1776408777.283079 jaka_arm_right success 0.299848 -0.334336 -0.414794 0.447489 0.617593 0.567052 0.311103 -1.678280 -0.485896 0.412150 -1.403792 1.028188 1.016463 -1.598267
1776408777.291501 jaka_arm_right success 0.299937 -0.334297 -0.414795 0.447370 0.617570 0.566935 0.311532 -1.678280 -0.485896 0.412150 -1.403792 1.028188 1.016463 -1.598267
1776408777.299827 jaka_arm_right success 0.299922 -0.334295 -0.414786 0.447300 0.617729 0.566771 0.311616 -1.678104 -0.485625 0.412295 -1.403554 1.028040 1.016479 -1.598572
1776408777.308075 jaka_arm_right success 0.299883 -0.334343 -0.414768 0.447285 0.618034 0.566469 0.311582 -1.678104 -0.485625 0.412295 -1.403554 1.028040 1.016479 -1.598572
1776408777.316530 jaka_arm_right success 0.299766 -0.334169 -0.414737 0.448168 0.617897 0.566376 0.310751 -1.678617 -0.485728 0.411835 -1.403522 1.028213 1.016038 -1.598282
1776408777.324780 jaka_arm_right success 0.299871 -0.334217 -0.414804 0.447865 0.617664 0.566647 0.311158 -1.678617 -0.485728 0.411835 -1.403522 1.028213 1.016038 -1.598282
1776408777.333181 jaka_arm_right success 0.299929 -0.334293 -0.414864 0.447442 0.617816 0.566622 0.311510 -1.678282 -0.485591 0.412132 -1.403439 1.028115 1.016240 -1.598514
1776408777.341438 jaka_arm_right success 0.299805 -0.334163 -0.414835 0.448297 0.617763 0.566560 0.310496 -1.678710 -0.485891 0.411719 -1.403623 1.028307 1.015938 -1.598077
1776408777.349822 jaka_arm_right success 0.299762 -0.334157 -0.414840 0.448561 0.617830 0.566383 0.310305 -1.678710 -0.485891 0.411719 -1.403623 1.028307 1.015938 -1.598077
1776408777.358202 jaka_arm_right success 0.299785 -0.334176 -0.414873 0.448574 0.617916 0.566193 0.310463 -1.678987 -0.485889 0.411506 -1.403529 1.028488 1.015652 -1.597924
1776408777.366483 jaka_arm_right success 0.299816 -0.334202 -0.414926 0.448358 0.617992 0.566116 0.310762 -1.678987 -0.485889 0.411506 -1.403529 1.028488 1.015652 -1.597924
1776408777.374807 jaka_arm_right success 0.299791 -0.334173 -0.414887 0.448923 0.617865 0.565809 0.310759 -1.679486 -0.485524 0.411663 -1.402621 1.029871 1.014949 -1.597746
1776408777.383180 jaka_arm_right success 0.299794 -0.334200 -0.414891 0.448746 0.618095 0.565654 0.310839 -1.679486 -0.485524 0.411663 -1.402621 1.029871 1.014949 -1.597746
1776408777.391471 jaka_arm_right success 0.299802 -0.334200 -0.414875 0.448964 0.617843 0.565725 0.310896 -1.679486 -0.485524 0.411663 -1.402621 1.029871 1.014949 -1.597746
1776408777.399847 jaka_arm_right success 0.299838 -0.334164 -0.414881 0.448882 0.617540 0.566191 0.310768 -1.679069 -0.485835 0.411968 -1.403032 1.029829 1.015368 -1.597623
1776408777.408103 jaka_arm_right success 0.299933 -0.334281 -0.414881 0.448244 0.617571 0.566387 0.311270 -1.678574 -0.485772 0.412320 -1.403124 1.029560 1.015712 -1.597877
1776408777.416517 jaka_arm_right success 0.299923 -0.334286 -0.414828 0.448308 0.617630 0.566445 0.310956 -1.678574 -0.485772 0.412320 -1.403124 1.029560 1.015712 -1.597877
1776408777.424778 jaka_arm_right success 0.299908 -0.334283 -0.414823 0.448092 0.617427 0.566859 0.310914 -1.678266 -0.486075 0.412323 -1.403628 1.029133 1.015995 -1.597780
1776408777.433136 jaka_arm_right success 0.299903 -0.334255 -0.414792 0.448327 0.617212 0.566910 0.310910 -1.678266 -0.486075 0.412323 -1.403628 1.029133 1.015995 -1.597780
1776408777.441489 jaka_arm_right success 0.299905 -0.334334 -0.414794 0.447574 0.617547 0.567061 0.311055 -1.677869 -0.485825 0.412333 -1.403689 1.028320 1.016134 -1.598208
1776408777.449788 jaka_arm_right success 0.299927 -0.334396 -0.414800 0.447126 0.617702 0.567049 0.311414 -1.677869 -0.485825 0.412333 -1.403689 1.028320 1.016134 -1.598208
1776408777.458198 jaka_arm_right success 0.299936 -0.334276 -0.414729 0.447319 0.616982 0.567837 0.311128 -1.677492 -0.486448 0.412126 -1.404525 1.027438 1.016623 -1.597898
1776408777.466430 jaka_arm_right success 0.299898 -0.334195 -0.414673 0.447844 0.616529 0.568121 0.310750 -1.677571 -0.486832 0.412108 -1.404792 1.027721 1.016727 -1.597483
1776408777.474800 jaka_arm_right success 0.299935 -0.334416 -0.414735 0.447451 0.617197 0.567134 0.311794 -1.677489 -0.486101 0.412359 -1.403983 1.027757 1.016552 -1.598100
1776408777.483073 jaka_arm_right success 0.299917 -0.334414 -0.414729 0.447133 0.617427 0.567256 0.311572 -1.677489 -0.486101 0.412359 -1.403983 1.027757 1.016552 -1.598100
1776408777.491470 jaka_arm_right success 0.299950 -0.334517 -0.414728 0.446646 0.617516 0.567339 0.311943 -1.677209 -0.485743 0.412583 -1.403698 1.027496 1.016658 -1.598528
1776408777.499776 jaka_arm_right success 0.299816 -0.334456 -0.414668 0.447434 0.617184 0.567448 0.311270 -1.677495 -0.486070 0.412330 -1.403904 1.027683 1.016551 -1.598134
1776408777.508214 jaka_arm_right success 0.299870 -0.334555 -0.414653 0.447100 0.617134 0.567516 0.311726 -1.677495 -0.486070 0.412330 -1.403904 1.027683 1.016551 -1.598134
1776408777.516509 jaka_arm_right success 0.299884 -0.334593 -0.414638 0.447072 0.617024 0.567645 0.311748 -1.677274 -0.486091 0.412551 -1.403929 1.027682 1.016776 -1.598183
1776408777.524763 jaka_arm_right success 0.299845 -0.334587 -0.414648 0.447269 0.616759 0.567988 0.311364 -1.677271 -0.486378 0.412536 -1.404177 1.027748 1.016918 -1.597924
1776408777.533128 jaka_arm_right success 0.299839 -0.334613 -0.414644 0.447243 0.616652 0.568202 0.311224 -1.677271 -0.486378 0.412536 -1.404177 1.027748 1.016918 -1.597924
1776408777.541456 jaka_arm_right success 0.299764 -0.334591 -0.414576 0.447937 0.616530 0.567883 0.311049 -1.677569 -0.486690 0.412340 -1.404334 1.028060 1.016831 -1.597494
1776408777.549759 jaka_arm_right success 0.299727 -0.334596 -0.414546 0.448177 0.616490 0.567878 0.310794 -1.677841 -0.486801 0.412332 -1.404231 1.028652 1.016854 -1.596926
1776408777.558190 jaka_arm_right success 0.299699 -0.334586 -0.414538 0.448491 0.616358 0.567942 0.310485 -1.677841 -0.486801 0.412332 -1.404231 1.028652 1.016854 -1.596926
1776408777.566433 jaka_arm_right success 0.299690 -0.334585 -0.414546 0.448630 0.616322 0.567973 0.310300 -1.678210 -0.486735 0.411874 -1.404368 1.028716 1.016787 -1.595919
1776408777.574833 jaka_arm_right success 0.299695 -0.334573 -0.414552 0.448751 0.616162 0.568142 0.310130 -1.678210 -0.486735 0.411874 -1.404368 1.028716 1.016787 -1.595919
1776408777.583160 jaka_arm_right success 0.299697 -0.334559 -0.414558 0.448844 0.616037 0.568409 0.309757 -1.677592 -0.485086 0.411379 -1.404298 1.027795 1.017734 -1.592268
1776408777.591478 jaka_arm_right success 0.299789 -0.334653 -0.414576 0.448915 0.615895 0.568176 0.310363 -1.677592 -0.485086 0.411379 -1.404298 1.027795 1.017734 -1.592268
1776408777.599830 jaka_arm_right success 0.299861 -0.334678 -0.414613 0.448809 0.615984 0.568533 0.309683 -1.677592 -0.485086 0.411379 -1.404298 1.027795 1.017734 -1.592268
1776408777.608159 jaka_arm_right success 0.299849 -0.334644 -0.414625 0.448880 0.616078 0.568756 0.308983 -1.677000 -0.484917 0.410767 -1.403976 1.026936 1.017596 -1.590339
1776408777.616441 jaka_arm_right success 0.300015 -0.334788 -0.414708 0.448048 0.616558 0.568645 0.309438 -1.676642 -0.484438 0.410963 -1.403655 1.026454 1.017680 -1.590891
1776408777.624884 jaka_arm_right success 0.299958 -0.334654 -0.414774 0.449344 0.616493 0.568661 0.307655 -1.675539 -0.483348 0.409701 -1.403836 1.025871 1.015887 -1.586617
1776408777.633112 jaka_arm_right success 0.300015 -0.334578 -0.414820 0.449497 0.616611 0.569470 0.305692 -1.670531 -0.481846 0.407237 -1.399894 1.021118 1.015121 -1.575324
1776408777.641675 jaka_arm_right success 0.300147 -0.334638 -0.414926 0.449519 0.617185 0.569098 0.305193 -1.670842 -0.481657 0.406864 -1.399688 1.020908 1.014752 -1.575425
1776408777.649875 jaka_arm_right success 0.300302 -0.334726 -0.415045 0.449433 0.618293 0.568491 0.304206 -1.671201 -0.481081 0.405491 -1.399745 1.019410 1.013503 -1.575354
1776408777.658135 jaka_arm_right success 0.300456 -0.334691 -0.415206 0.449305 0.619024 0.568406 0.303067 -1.669634 -0.479443 0.404536 -1.400349 1.018490 1.010998 -1.572621
1776408777.666432 jaka_arm_right success 0.300730 -0.334792 -0.415392 0.449128 0.619847 0.567533 0.303283 -1.668748 -0.478381 0.404418 -1.399673 1.017790 1.009677 -1.572856
1776408777.674785 jaka_arm_right success 0.300848 -0.334713 -0.415553 0.449698 0.620959 0.566820 0.301490 -1.664800 -0.475197 0.403169 -1.401530 1.017015 1.003267 -1.567926
1776408777.683194 jaka_arm_right success 0.300912 -0.334522 -0.415708 0.451475 0.621739 0.565682 0.299359 -1.663505 -0.473343 0.402030 -1.403144 1.018013 0.998145 -1.564798
1776408777.691509 jaka_arm_right success 0.301342 -0.334565 -0.415993 0.450908 0.622844 0.565451 0.298350 -1.662003 -0.471960 0.401149 -1.403950 1.016667 0.995412 -1.563712
1776408777.699763 jaka_arm_right success 0.301555 -0.334510 -0.416303 0.451857 0.623884 0.564132 0.297234 -1.658952 -0.469402 0.400416 -1.405608 1.017112 0.988685 -1.561053
1776408777.708208 jaka_arm_right success 0.301659 -0.334417 -0.416480 0.453332 0.625437 0.562437 0.294930 -1.656843 -0.466053 0.399148 -1.408791 1.018016 0.981533 -1.557789
1776408777.716419 jaka_arm_right success 0.302284 -0.334609 -0.416933 0.452250 0.626577 0.561237 0.296453 -1.654650 -0.467361 0.400526 -1.408108 1.018686 0.977437 -1.562878
1776408777.724774 jaka_arm_right success 0.302352 -0.334324 -0.417185 0.454398 0.627394 0.559908 0.293942 -1.652643 -0.462410 0.400472 -1.417024 1.023191 0.966539 -1.561895
1776408777.733094 jaka_arm_right success 0.302477 -0.334088 -0.417482 0.456592 0.628804 0.557871 0.291391 -1.652190 -0.457991 0.400668 -1.427151 1.028518 0.954961 -1.565072
1776408777.741441 jaka_arm_right success 0.302872 -0.333978 -0.417918 0.456341 0.630101 0.556912 0.290818 -1.652570 -0.457164 0.399801 -1.426839 1.027419 0.953965 -1.565728
1776408777.749864 jaka_arm_right success 0.303054 -0.333819 -0.418302 0.457738 0.631457 0.554676 0.289953 -1.649591 -0.454252 0.400950 -1.432899 1.032505 0.942375 -1.567832
1776408777.758188 jaka_arm_right success 0.303171 -0.333659 -0.418625 0.459135 0.632720 0.552934 0.288312 -1.648758 -0.450046 0.401439 -1.441345 1.036712 0.932820 -1.570825
1776408777.766458 jaka_arm_right success 0.303406 -0.333261 -0.418948 0.461305 0.632564 0.551450 0.288033 -1.650408 -0.452213 0.403126 -1.445319 1.043651 0.926453 -1.577626
1776408777.774957 jaka_arm_right success 0.303685 -0.333332 -0.419387 0.461345 0.634057 0.549108 0.289158 -1.651039 -0.450346 0.404977 -1.450939 1.048317 0.919691 -1.585816
1776408777.783134 jaka_arm_right success 0.303904 -0.333198 -0.419700 0.462387 0.634380 0.547621 0.289605 -1.653539 -0.450672 0.407471 -1.455955 1.055230 0.915058 -1.594792
1776408777.791433 jaka_arm_right success 0.303930 -0.332795 -0.420003 0.465006 0.634112 0.546485 0.288143 -1.654578 -0.446644 0.409103 -1.466204 1.063110 0.906819 -1.598284
1776408777.799851 jaka_arm_right success 0.304203 -0.332746 -0.420307 0.465306 0.633984 0.545606 0.289601 -1.655686 -0.448653 0.410355 -1.464512 1.065260 0.907392 -1.601906
1776408777.808188 jaka_arm_right success 0.304087 -0.332460 -0.420532 0.467724 0.634554 0.543999 0.287472 -1.655669 -0.445410 0.411313 -1.472994 1.072363 0.897387 -1.604753
1776408777.816476 jaka_arm_right success 0.304197 -0.332312 -0.420794 0.468555 0.634687 0.543455 0.286854 -1.656134 -0.445480 0.410897 -1.472978 1.072506 0.897003 -1.604550
1776408777.824845 jaka_arm_right success 0.304298 -0.332031 -0.420929 0.470218 0.634268 0.543437 0.285089 -1.655482 -0.444035 0.410387 -1.476264 1.074417 0.893115 -1.602133
1776408777.833136 jaka_arm_right success 0.304493 -0.332166 -0.421131 0.469773 0.635346 0.542550 0.285111 -1.655697 -0.443484 0.410149 -1.475768 1.074191 0.892658 -1.602553
1776408777.841450 jaka_arm_right success 0.304627 -0.332192 -0.421316 0.470056 0.635689 0.542215 0.284516 -1.654640 -0.442430 0.409812 -1.476880 1.074461 0.889261 -1.602479
1776408777.849762 jaka_arm_right success 0.304887 -0.332342 -0.421463 0.469777 0.635683 0.541747 0.285880 -1.653982 -0.443798 0.411289 -1.476386 1.076148 0.888175 -1.605694
1776408777.858142 jaka_arm_right success 0.304904 -0.332076 -0.421595 0.470583 0.635311 0.542446 0.284049 -1.654499 -0.444693 0.410682 -1.477241 1.076385 0.887993 -1.604775
1776408777.866471 jaka_arm_right success 0.304827 -0.331923 -0.421660 0.471610 0.635398 0.542192 0.282633 -1.652993 -0.441969 0.409982 -1.480745 1.076949 0.884437 -1.601033
1776408777.874809 jaka_arm_right success 0.304827 -0.331833 -0.421673 0.472121 0.635090 0.542572 0.281741 -1.653334 -0.442373 0.409606 -1.481123 1.077098 0.884247 -1.600553
1776408777.883100 jaka_arm_right success 0.304840 -0.332035 -0.421680 0.471754 0.635968 0.541783 0.281893 -1.653133 -0.441172 0.409208 -1.481203 1.076576 0.883036 -1.600662
1776408777.891464 jaka_arm_right success 0.304832 -0.331995 -0.421646 0.471848 0.635720 0.542208 0.281479 -1.653079 -0.441468 0.409193 -1.481575 1.076617 0.883139 -1.600379
1776408777.899782 jaka_arm_right success 0.304825 -0.332010 -0.421619 0.471712 0.635665 0.542388 0.281483 -1.653079 -0.441468 0.409193 -1.481575 1.076617 0.883139 -1.600379
1776408777.908173 jaka_arm_right success 0.304818 -0.331880 -0.421578 0.471794 0.634965 0.543128 0.281499 -1.652744 -0.441946 0.409443 -1.482150 1.076659 0.883584 -1.600051
1776408777.916442 jaka_arm_right success 0.304791 -0.331918 -0.421477 0.471519 0.634862 0.543395 0.281677 -1.652467 -0.442093 0.409629 -1.482424 1.076541 0.883865 -1.600000
1776408777.924752 jaka_arm_right success 0.304975 -0.332221 -0.421421 0.470107 0.634758 0.543432 0.284189 -1.651170 -0.441050 0.411089 -1.481368 1.075992 0.884954 -1.601605
1776408777.933153 jaka_arm_right success 0.304745 -0.332028 -0.421298 0.471121 0.634265 0.544054 0.282415 -1.651870 -0.442463 0.410247 -1.482776 1.076129 0.885086 -1.600197
1776408777.941442 jaka_arm_right success 0.304669 -0.332026 -0.421204 0.470720 0.634247 0.544588 0.282095 -1.651872 -0.442332 0.409992 -1.483144 1.075344 0.885564 -1.599956
1776408777.949847 jaka_arm_right success 0.304457 -0.331941 -0.421028 0.470623 0.633983 0.545871 0.280366 -1.651511 -0.438305 0.406605 -1.480635 1.068648 0.891089 -1.588607
1776408777.958472 jaka_arm_right success 0.304375 -0.331990 -0.420939 0.470528 0.634072 0.546094 0.279889 -1.651511 -0.438305 0.406605 -1.480635 1.068648 0.891089 -1.588607
1776408777.966434 jaka_arm_right success 0.304403 -0.332189 -0.420921 0.469514 0.634428 0.546346 0.280293 -1.650906 -0.438313 0.406501 -1.480524 1.067257 0.891395 -1.588937
1776408777.974808 jaka_arm_right success 0.304440 -0.332409 -0.420843 0.468408 0.634664 0.546691 0.280937 -1.650455 -0.440763 0.405088 -1.474113 1.062563 0.895674 -1.586265
1776408777.983052 jaka_arm_right success 0.304408 -0.332540 -0.420806 0.467942 0.634912 0.546670 0.281192 -1.650200 -0.440622 0.405270 -1.474064 1.062382 0.895817 -1.586442
1776408777.991473 jaka_arm_right success 0.304341 -0.332585 -0.420728 0.467958 0.635124 0.546319 0.281369 -1.650200 -0.440622 0.405270 -1.474064 1.062382 0.895817 -1.586442
1776408777.999849 jaka_arm_right success 0.304373 -0.332687 -0.420694 0.467215 0.635370 0.546525 0.281649 -1.649871 -0.440150 0.405460 -1.473778 1.061913 0.895889 -1.586970
1776408778.016535 jaka_arm_right success 0.304151 -0.332280 -0.420710 0.468685 0.634529 0.546608 0.280939 -1.650302 -0.440746 0.405146 -1.474165 1.062429 0.895776 -1.586226
1776408778.024842 jaka_arm_right success 0.304151 -0.332753 -0.420444 0.467476 0.636342 0.544597 0.282753 -1.650022 -0.438581 0.405851 -1.471917 1.062511 0.895219 -1.587954
1776408778.033105 jaka_arm_right success 0.304152 -0.332933 -0.420364 0.467057 0.637112 0.543737 0.283365 -1.650110 -0.437933 0.405775 -1.471313 1.062279 0.894869 -1.588509
1776408778.041435 jaka_arm_right success 0.304117 -0.332991 -0.420321 0.467215 0.637594 0.542771 0.283873 -1.650196 -0.438697 0.406661 -1.472442 1.064309 0.891715 -1.593128
1776408778.049815 jaka_arm_right success 0.304124 -0.333089 -0.420339 0.467154 0.638038 0.542112 0.284235 -1.650826 -0.437061 0.407803 -1.475202 1.066649 0.890019 -1.596345
1776408778.058187 jaka_arm_right success 0.304134 -0.333156 -0.420352 0.467161 0.638348 0.541697 0.284318 -1.651058 -0.436860 0.407632 -1.474972 1.066696 0.889747 -1.596437
1776408778.066463 jaka_arm_right success 0.304196 -0.333278 -0.420367 0.466867 0.638572 0.541568 0.284543 -1.651033 -0.436581 0.407673 -1.474740 1.066617 0.889654 -1.596698
1776408778.074762 jaka_arm_right success 0.304126 -0.333263 -0.420320 0.467640 0.638700 0.541171 0.283739 -1.651208 -0.435614 0.407557 -1.476562 1.067872 0.887702 -1.596569
1776408778.083101 jaka_arm_right success 0.304173 -0.333266 -0.420342 0.467781 0.638717 0.540958 0.283877 -1.651277 -0.435072 0.408029 -1.478007 1.069088 0.886225 -1.598131
1776408778.091493 jaka_arm_right success 0.304205 -0.333320 -0.420360 0.467804 0.638860 0.540494 0.284400 -1.651970 -0.435444 0.409096 -1.479667 1.071146 0.885072 -1.601971
1776408778.099850 jaka_arm_right success 0.304269 -0.333558 -0.420353 0.467430 0.639432 0.539273 0.286044 -1.655014 -0.436315 0.411717 -1.482986 1.076770 0.883300 -1.612162
1776408778.108127 jaka_arm_right success 0.304195 -0.333466 -0.420305 0.467833 0.639137 0.539176 0.286225 -1.655014 -0.436315 0.411717 -1.482986 1.076770 0.883300 -1.612162
1776408778.116511 jaka_arm_right success 0.304167 -0.333485 -0.420273 0.467895 0.639351 0.538450 0.287012 -1.657363 -0.434752 0.413366 -1.487348 1.081273 0.881532 -1.617808
1776408778.124843 jaka_arm_right success 0.304158 -0.333523 -0.420241 0.467776 0.639601 0.537780 0.287903 -1.658041 -0.435092 0.414375 -1.487775 1.082903 0.881026 -1.621355
1776408778.133153 jaka_arm_right success 0.304140 -0.333557 -0.420206 0.467711 0.639799 0.537222 0.288611 -1.659298 -0.435368 0.415576 -1.489578 1.085315 0.880304 -1.625938
1776408778.141406 jaka_arm_right success 0.304083 -0.333564 -0.420137 0.467790 0.639957 0.536724 0.289058 -1.659329 -0.435020 0.415684 -1.489203 1.085461 0.880187 -1.626173
1776408778.149788 jaka_arm_right success 0.304065 -0.333609 -0.420104 0.467512 0.640176 0.536496 0.289446 -1.660476 -0.434700 0.416778 -1.491539 1.087500 0.879489 -1.630467
1776408778.158489 jaka_arm_right success 0.304043 -0.333638 -0.420069 0.467228 0.640341 0.536433 0.289656 -1.660476 -0.434700 0.416778 -1.491539 1.087500 0.879489 -1.630467
