1776408919.317134 jaka_arm_right success 0.233927 -0.303092 -0.384019 0.494799 0.621509 0.511432 0.327626 0.821500 1.351617 -1.060256 -1.838358 -1.089547 0.734185 -0.095074
1776408919.325212 jaka_arm_right success 0.233489 -0.303251 -0.383784 0.495054 0.620862 0.511616 0.328178 0.821869 1.352147 -1.059878 -1.838402 -1.089018 0.733762 -0.094866
1776408919.333538 jaka_arm_right success 0.232809 -0.303226 -0.383558 0.495790 0.620072 0.512009 0.327946 0.821003 1.353505 -1.059488 -1.838649 -1.087883 0.733834 -0.094545
1776408919.341846 jaka_arm_right success 0.232222 -0.303334 -0.383397 0.495511 0.619557 0.512561 0.328479 0.817868 1.356430 -1.056814 -1.841553 -1.085081 0.736394 -0.097758
1776408919.350179 jaka_arm_right success 0.231700 -0.303353 -0.383241 0.495742 0.618581 0.512460 0.330125 0.817334 1.360741 -1.055398 -1.841939 -1.083733 0.736359 -0.100874
1776408919.358504 jaka_arm_right success 0.230991 -0.303552 -0.383050 0.495176 0.618301 0.512573 0.331321 0.814396 1.366535 -1.051702 -1.842199 -1.080024 0.741417 -0.109671
1776408919.367003 jaka_arm_right success 0.230398 -0.303603 -0.382828 0.495054 0.617862 0.512488 0.332452 0.814780 1.369544 -1.048172 -1.838904 -1.076220 0.745586 -0.116284
1776408919.375236 jaka_arm_right success 0.229580 -0.303501 -0.382603 0.495511 0.617179 0.512628 0.332824 0.814728 1.369954 -1.048160 -1.838688 -1.075890 0.745431 -0.115974
1776408919.383554 jaka_arm_right success 0.228913 -0.303761 -0.382414 0.494722 0.617689 0.511931 0.334121 0.811290 1.373639 -1.045513 -1.840963 -1.074783 0.747439 -0.121256
1776408919.391944 jaka_arm_right success 0.228366 -0.303862 -0.382304 0.493543 0.617020 0.512461 0.336282 0.811284 1.380826 -1.040876 -1.836667 -1.068866 0.755368 -0.134197
1776408919.400229 jaka_arm_right success 0.227551 -0.303712 -0.381928 0.494968 0.615788 0.512546 0.336317 0.811279 1.381754 -1.040691 -1.836177 -1.068102 0.754840 -0.133485
1776408919.408517 jaka_arm_right success 0.226819 -0.303895 -0.381706 0.494314 0.615607 0.512913 0.337048 0.807730 1.384466 -1.036546 -1.837994 -1.063815 0.758710 -0.137360
1776408919.416871 jaka_arm_right success 0.226179 -0.304097 -0.381466 0.493708 0.615803 0.512533 0.338155 0.807079 1.386915 -1.034905 -1.837269 -1.062792 0.760838 -0.142119
1776408919.425193 jaka_arm_right success 0.225579 -0.304218 -0.381220 0.493425 0.615021 0.513448 0.338604 0.805607 1.388618 -1.029831 -1.834232 -1.055843 0.768162 -0.147796
1776408919.433580 jaka_arm_right success 0.224947 -0.304419 -0.381001 0.492685 0.614723 0.513573 0.340029 0.806893 1.392773 -1.029256 -1.833485 -1.055498 0.769487 -0.153752
1776408919.441858 jaka_arm_right success 0.224122 -0.304470 -0.380684 0.492976 0.614349 0.514216 0.339311 0.805601 1.392197 -1.028068 -1.832748 -1.052963 0.771620 -0.153015
1776408919.450192 jaka_arm_right success 0.223425 -0.304811 -0.380417 0.491855 0.615063 0.514228 0.339626 0.802926 1.391452 -1.023605 -1.830941 -1.048492 0.778012 -0.157520
1776408919.458500 jaka_arm_right success 0.222756 -0.304909 -0.380217 0.491953 0.614195 0.514363 0.340848 0.802466 1.396776 -1.022484 -1.831419 -1.046887 0.779671 -0.162782
1776408919.466867 jaka_arm_right success 0.222048 -0.305173 -0.379907 0.491803 0.614416 0.514154 0.340982 0.801382 1.395969 -1.021035 -1.830903 -1.046181 0.780566 -0.163236
1776408919.475174 jaka_arm_right success 0.221252 -0.305205 -0.379634 0.492744 0.613319 0.514366 0.341277 0.799894 1.398185 -1.019455 -1.831311 -1.043562 0.781732 -0.163860
1776408919.483497 jaka_arm_right success 0.220764 -0.305684 -0.379475 0.490962 0.613685 0.514363 0.343186 0.797002 1.402856 -1.014538 -1.830902 -1.039246 0.788295 -0.173606
1776408919.491879 jaka_arm_right success 0.220187 -0.305760 -0.379183 0.491492 0.612360 0.514739 0.344232 0.798654 1.406187 -1.012083 -1.827587 -1.035550 0.791081 -0.178236
1776408919.500278 jaka_arm_right success 0.219512 -0.306100 -0.378846 0.491352 0.612661 0.514553 0.344172 0.797730 1.405449 -1.011600 -1.827366 -1.035512 0.791880 -0.178561
1776408919.508541 jaka_arm_right success 0.218947 -0.306380 -0.378559 0.490999 0.612618 0.514752 0.344456 0.794386 1.404817 -1.007262 -1.827431 -1.031215 0.796139 -0.180239
1776408919.516885 jaka_arm_right success 0.218350 -0.306529 -0.378326 0.491416 0.611641 0.515258 0.344841 0.794742 1.407054 -1.006929 -1.827077 -1.029495 0.796915 -0.181226
1776408919.525238 jaka_arm_right success 0.218048 -0.307016 -0.378127 0.490000 0.611673 0.515372 0.346624 0.793862 1.412411 -1.002815 -1.824165 -1.025240 0.804125 -0.192410
1776408919.533556 jaka_arm_right success 0.217238 -0.307028 -0.377763 0.491540 0.611081 0.515555 0.345214 0.792602 1.412754 -1.003424 -1.822740 -1.024606 0.804348 -0.190763
1776408919.541910 jaka_arm_right success 0.216820 -0.307507 -0.377558 0.490519 0.611142 0.515698 0.346341 0.792386 1.410611 -1.000491 -1.822987 -1.022323 0.806202 -0.191192
1776408919.550219 jaka_arm_right success 0.216397 -0.307887 -0.377306 0.490121 0.611295 0.515569 0.346825 0.791585 1.410371 -0.998569 -1.823040 -1.020664 0.808030 -0.192565
1776408919.558589 jaka_arm_right success 0.216042 -0.308205 -0.377115 0.489820 0.610935 0.515616 0.347814 0.789584 1.414214 -0.994969 -1.822048 -1.016750 0.812554 -0.198550
1776408919.566940 jaka_arm_right success 0.215550 -0.308411 -0.376876 0.490185 0.610387 0.515890 0.347855 0.789586 1.414539 -0.994951 -1.821827 -1.016450 0.812410 -0.198265
1776408919.575230 jaka_arm_right success 0.215227 -0.308861 -0.376652 0.489677 0.610711 0.515543 0.348516 0.789837 1.414235 -0.994458 -1.822107 -1.016629 0.812257 -0.198748
1776408919.583556 jaka_arm_right success 0.214872 -0.309193 -0.376370 0.489487 0.610549 0.515623 0.348948 0.787769 1.413149 -0.990018 -1.821043 -1.012523 0.816127 -0.200569
1776408919.591974 jaka_arm_right success 0.214527 -0.309440 -0.376193 0.489573 0.610267 0.516177 0.348501 0.787824 1.413500 -0.990423 -1.820941 -1.012067 0.816371 -0.200118
1776408919.600573 jaka_arm_right success 0.214345 -0.310047 -0.375973 0.489018 0.610390 0.515203 0.350502 0.787218 1.416662 -0.987319 -1.820094 -1.010495 0.818639 -0.206204
1776408919.608577 jaka_arm_right success 0.214084 -0.310348 -0.375781 0.489071 0.609948 0.515822 0.350286 0.787444 1.416950 -0.987650 -1.820130 -1.009962 0.818910 -0.205804
1776408919.616890 jaka_arm_right success 0.213766 -0.310503 -0.375590 0.490345 0.609011 0.516161 0.349636 0.786997 1.417704 -0.987658 -1.819079 -1.008599 0.818969 -0.204406
1776408919.625264 jaka_arm_right success 0.213592 -0.311051 -0.375425 0.489415 0.609029 0.516008 0.351130 0.787028 1.416531 -0.984762 -1.818921 -1.006541 0.820919 -0.206107
1776408919.633535 jaka_arm_right success 0.213450 -0.311372 -0.375322 0.489495 0.608474 0.516397 0.351410 0.786287 1.417056 -0.980960 -1.815283 -1.001482 0.826071 -0.209393
1776408919.641935 jaka_arm_right success 0.213106 -0.311701 -0.375120 0.490375 0.608404 0.516631 0.349957 0.785625 1.417337 -0.981580 -1.814630 -1.001398 0.826284 -0.208722
1776408919.650177 jaka_arm_right success 0.213092 -0.312389 -0.375063 0.489226 0.608509 0.516478 0.351604 0.786275 1.416779 -0.980979 -1.815349 -1.001597 0.826268 -0.209524
1776408919.658555 jaka_arm_right success 0.212883 -0.312784 -0.374875 0.490476 0.607551 0.515998 0.352223 0.786402 1.417679 -0.979965 -1.814762 -1.000994 0.825080 -0.209239
1776408919.667075 jaka_arm_right success 0.212854 -0.313010 -0.374878 0.490929 0.606250 0.517729 0.351291 0.786696 1.416266 -0.976392 -1.809744 -0.993925 0.831382 -0.209871
1776408919.675277 jaka_arm_right success 0.212643 -0.313394 -0.374757 0.491247 0.605831 0.518669 0.350182 0.786507 1.416591 -0.977242 -1.809501 -0.993488 0.831934 -0.209156
1776408919.683547 jaka_arm_right success 0.212771 -0.313899 -0.374720 0.491642 0.604357 0.519146 0.351466 0.788660 1.417079 -0.973834 -1.804619 -0.988460 0.835897 -0.212131
1776408919.691961 jaka_arm_right success 0.212747 -0.314375 -0.374741 0.491151 0.604308 0.519623 0.351532 0.788840 1.416883 -0.974004 -1.804878 -0.988460 0.836220 -0.212254
1776408919.700824 jaka_arm_right success 0.212500 -0.314910 -0.374654 0.491690 0.604722 0.518657 0.351493 0.788235 1.416759 -0.973615 -1.804341 -0.988943 0.835789 -0.212405
1776408919.708538 jaka_arm_right success 0.212409 -0.315216 -0.374472 0.492873 0.603474 0.519600 0.350587 0.787882 1.417583 -0.974062 -1.803339 -0.987463 0.836040 -0.210693
1776408919.716927 jaka_arm_right success 0.212463 -0.315557 -0.374602 0.492572 0.602467 0.521145 0.350448 0.789426 1.414083 -0.971065 -1.799128 -0.982140 0.841058 -0.210528
1776408919.725276 jaka_arm_right success 0.212327 -0.316081 -0.374596 0.492500 0.603010 0.520440 0.350663 0.789168 1.413794 -0.970690 -1.798988 -0.982594 0.840820 -0.210904
1776408919.734226 jaka_arm_right success 0.212331 -0.316312 -0.374610 0.492987 0.601193 0.522340 0.350275 0.790721 1.412871 -0.968398 -1.793941 -0.976929 0.845981 -0.211663
1776408919.741961 jaka_arm_right success 0.212312 -0.316703 -0.374592 0.493176 0.600545 0.523222 0.349803 0.790843 1.413422 -0.968925 -1.793778 -0.976262 0.846249 -0.211003
1776408919.750212 jaka_arm_right success 0.212226 -0.317260 -0.374644 0.492610 0.600959 0.523030 0.350176 0.792306 1.410572 -0.965797 -1.787720 -0.972767 0.851564 -0.214143
1776408919.758572 jaka_arm_right success 0.212083 -0.317566 -0.374605 0.493061 0.600899 0.523218 0.349363 0.791965 1.410907 -0.966183 -1.787305 -0.972587 0.851642 -0.213650
1776408919.766985 jaka_arm_right success 0.211918 -0.317488 -0.374541 0.494844 0.599118 0.524764 0.347578 0.791273 1.412510 -0.968037 -1.785900 -0.970634 0.852433 -0.210796
1776408919.775283 jaka_arm_right success 0.211880 -0.317795 -0.374550 0.495258 0.598392 0.525319 0.347399 0.791712 1.412597 -0.967848 -1.785750 -0.969446 0.852675 -0.209988
1776408919.783477 jaka_arm_right success 0.212021 -0.318350 -0.374586 0.494260 0.598388 0.525481 0.348581 0.792934 1.412204 -0.966625 -1.786467 -0.968973 0.852451 -0.210775
1776408919.791866 jaka_arm_right success 0.212077 -0.318517 -0.374682 0.494061 0.597605 0.526488 0.348686 0.795070 1.409954 -0.963109 -1.777555 -0.963131 0.860372 -0.214817
1776408919.800353 jaka_arm_right success 0.211967 -0.318655 -0.374707 0.494146 0.597456 0.527190 0.347759 0.795041 1.410195 -0.964031 -1.777524 -0.962700 0.861068 -0.214183
1776408919.808554 jaka_arm_right success 0.211678 -0.318743 -0.374672 0.495391 0.596871 0.527304 0.346820 0.794513 1.410788 -0.964481 -1.776797 -0.962355 0.861019 -0.213358
1776408919.816865 jaka_arm_right success 0.211589 -0.318845 -0.374594 0.495610 0.596125 0.528085 0.346601 0.794559 1.411350 -0.965003 -1.776573 -0.961651 0.861268 -0.212586
1776408919.825229 jaka_arm_right success 0.211577 -0.318917 -0.374623 0.495458 0.595638 0.528797 0.346570 0.795036 1.410321 -0.964444 -1.776024 -0.959378 0.862970 -0.211467
1776408919.833555 jaka_arm_right success 0.211500 -0.318846 -0.374620 0.495695 0.594982 0.529878 0.345705 0.795041 1.410181 -0.964832 -1.775282 -0.958084 0.864069 -0.210414
1776408919.841877 jaka_arm_right success 0.211417 -0.318926 -0.374640 0.494773 0.595306 0.530570 0.345406 0.795874 1.405708 -0.961887 -1.769493 -0.953737 0.870490 -0.211721
1776408919.850226 jaka_arm_right success 0.211267 -0.318907 -0.374616 0.494925 0.595350 0.530922 0.344571 0.795874 1.405708 -0.961887 -1.769493 -0.953737 0.870490 -0.211721
1776408919.858567 jaka_arm_right success 0.211085 -0.318805 -0.374598 0.494822 0.595516 0.531266 0.343901 0.795391 1.405699 -0.963152 -1.769298 -0.953687 0.871449 -0.211069
1776408919.867287 jaka_arm_right success 0.211039 -0.318756 -0.374603 0.494083 0.595638 0.531774 0.343967 0.795661 1.405354 -0.963362 -1.769731 -0.953723 0.871924 -0.211285
1776408919.875245 jaka_arm_right success 0.210982 -0.318704 -0.374648 0.493398 0.595631 0.532534 0.343787 0.796719 1.402170 -0.960583 -1.764121 -0.949298 0.878275 -0.213328
1776408919.883553 jaka_arm_right success 0.211059 -0.318705 -0.374627 0.492318 0.595822 0.532924 0.344400 0.798176 1.404840 -0.961415 -1.762880 -0.949653 0.880218 -0.217814
1776408919.891977 jaka_arm_right success 0.211001 -0.318659 -0.374593 0.491181 0.596808 0.532802 0.344504 0.798376 1.404082 -0.961389 -1.763454 -0.950131 0.880646 -0.218470
1776408919.900304 jaka_arm_right success 0.210959 -0.318701 -0.374614 0.490121 0.597847 0.532780 0.344247 0.798162 1.402428 -0.961701 -1.763821 -0.951071 0.881892 -0.219349
1776408919.908521 jaka_arm_right success 0.210949 -0.318708 -0.374637 0.489347 0.598599 0.532478 0.344508 0.798018 1.401543 -0.961341 -1.763855 -0.951717 0.882123 -0.220091
1776408919.916899 jaka_arm_right success 0.210787 -0.318600 -0.374559 0.489816 0.599209 0.531315 0.344577 0.797446 1.401299 -0.960843 -1.763403 -0.952327 0.881634 -0.220413
1776408919.925297 jaka_arm_right success 0.210638 -0.318385 -0.374515 0.489892 0.599543 0.531353 0.343828 0.796714 1.401021 -0.961398 -1.763046 -0.952779 0.882019 -0.220222
1776408919.933503 jaka_arm_right success 0.210685 -0.318370 -0.374445 0.488828 0.600514 0.531463 0.343477 0.796275 1.399729 -0.962069 -1.763390 -0.953588 0.883146 -0.220569
1776408919.941894 jaka_arm_right success 0.210445 -0.317904 -0.374355 0.490164 0.600172 0.531793 0.341655 0.795109 1.399916 -0.963077 -1.762297 -0.953084 0.883571 -0.218777
1776408919.950195 jaka_arm_right success 0.210436 -0.317750 -0.374327 0.489787 0.600445 0.532073 0.341281 0.795186 1.399558 -0.963365 -1.762593 -0.953154 0.884019 -0.218812
1776408919.958591 jaka_arm_right success 0.210446 -0.317643 -0.374319 0.489452 0.600640 0.532265 0.341118 0.795207 1.399213 -0.963654 -1.762819 -0.953229 0.884442 -0.218805
1776408919.966860 jaka_arm_right success 0.210337 -0.317603 -0.374247 0.488941 0.601612 0.531572 0.341219 0.794935 1.398423 -0.963453 -1.762987 -0.953967 0.884540 -0.219357
1776408919.975249 jaka_arm_right success 0.210344 -0.317427 -0.374215 0.488427 0.601597 0.532317 0.340822 0.794893 1.396842 -0.963523 -1.763188 -0.953400 0.885520 -0.218347
1776408919.983526 jaka_arm_right success 0.210124 -0.317213 -0.374052 0.489371 0.601639 0.531568 0.340561 0.793965 1.396716 -0.962874 -1.762699 -0.953160 0.884711 -0.217244
1776408919.991923 jaka_arm_right success 0.210105 -0.317231 -0.373999 0.488389 0.602053 0.531626 0.341150 0.794210 1.396082 -0.962742 -1.763271 -0.953531 0.884987 -0.217826
1776408920.000216 jaka_arm_right success 0.209934 -0.317252 -0.374033 0.487382 0.603129 0.531848 0.340342 0.793246 1.394492 -0.963860 -1.763556 -0.954679 0.886436 -0.217976
1776408920.008510 jaka_arm_right success 0.209784 -0.317077 -0.373954 0.487974 0.602747 0.531901 0.340087 0.793246 1.394492 -0.963860 -1.763556 -0.954679 0.886436 -0.217976
1776408920.016826 jaka_arm_right success 0.209655 -0.316841 -0.373830 0.488629 0.601837 0.532628 0.339620 0.793851 1.395631 -0.964081 -1.763560 -0.952884 0.886485 -0.216605
1776408920.025205 jaka_arm_right success 0.209578 -0.316988 -0.373742 0.487740 0.602399 0.532201 0.340569 0.793943 1.395016 -0.963487 -1.763917 -0.953396 0.886333 -0.217340
1776408920.033524 jaka_arm_right success 0.209689 -0.317123 -0.373773 0.486313 0.602225 0.533120 0.341478 0.794763 1.394493 -0.962343 -1.764891 -0.952215 0.887520 -0.218332
1776408920.041862 jaka_arm_right success 0.209667 -0.317202 -0.373728 0.485826 0.602305 0.533283 0.341778 0.795082 1.394219 -0.961886 -1.765207 -0.951901 0.888042 -0.218936
1776408920.050193 jaka_arm_right success 0.209447 -0.317205 -0.373571 0.486572 0.602406 0.533433 0.340301 0.793947 1.394197 -0.962934 -1.764434 -0.952017 0.888730 -0.218069
1776408920.058600 jaka_arm_right success 0.209305 -0.317255 -0.373514 0.486964 0.602248 0.533231 0.340335 0.793750 1.394400 -0.962810 -1.764129 -0.951904 0.888514 -0.217866
1776408920.066946 jaka_arm_right success 0.209251 -0.317276 -0.373513 0.487036 0.601685 0.533407 0.340952 0.793135 1.394425 -0.960717 -1.764122 -0.949660 0.889543 -0.217922
1776408920.075315 jaka_arm_right success 0.209267 -0.317449 -0.373536 0.485924 0.601746 0.534223 0.341152 0.793622 1.394063 -0.960888 -1.764749 -0.949591 0.890084 -0.218222
1776408920.083522 jaka_arm_right success 0.209284 -0.317731 -0.373594 0.484886 0.602015 0.534348 0.341958 0.794718 1.392976 -0.956318 -1.756012 -0.943707 0.900054 -0.225852
1776408920.091958 jaka_arm_right success 0.209283 -0.317908 -0.373586 0.484845 0.601614 0.534577 0.342365 0.795327 1.393344 -0.955892 -1.756185 -0.943240 0.899724 -0.225950
1776408920.100284 jaka_arm_right success 0.209275 -0.318087 -0.373612 0.484795 0.601549 0.534388 0.342844 0.795327 1.393344 -0.955892 -1.756185 -0.943240 0.899724 -0.225950
1776408920.108511 jaka_arm_right success 0.209149 -0.318199 -0.373554 0.486105 0.601360 0.533593 0.342558 0.794807 1.393823 -0.955413 -1.755386 -0.943320 0.898883 -0.225748
1776408920.116845 jaka_arm_right success 0.209072 -0.318401 -0.373521 0.486593 0.601493 0.533600 0.341621 0.794232 1.394024 -0.955615 -1.754826 -0.943463 0.898730 -0.225393
1776408920.125212 jaka_arm_right success 0.209080 -0.318519 -0.373552 0.487263 0.600830 0.533925 0.341326 0.794016 1.394480 -0.955860 -1.754417 -0.943166 0.898629 -0.224853
1776408920.133514 jaka_arm_right success 0.209261 -0.318885 -0.373659 0.486197 0.601063 0.534408 0.341678 0.794461 1.394177 -0.955971 -1.754942 -0.943111 0.899012 -0.225086
1776408920.141868 jaka_arm_right success 0.209314 -0.319101 -0.373746 0.486539 0.600821 0.534650 0.341239 0.794479 1.394364 -0.956291 -1.754819 -0.942830 0.899184 -0.224703
1776408920.150246 jaka_arm_right success 0.209228 -0.319245 -0.373691 0.487377 0.600980 0.534523 0.339958 0.794287 1.391043 -0.956181 -1.752918 -0.942254 0.899032 -0.221251
1776408920.158500 jaka_arm_right success 0.209456 -0.319574 -0.373865 0.486466 0.600418 0.535429 0.340830 0.795311 1.390906 -0.956188 -1.753786 -0.941749 0.899476 -0.221505
1776408920.166908 jaka_arm_right success 0.209572 -0.319802 -0.373981 0.486974 0.599657 0.535626 0.341135 0.795819 1.391649 -0.955970 -1.753626 -0.940888 0.899129 -0.221067
1776408920.175218 jaka_arm_right success 0.209505 -0.319833 -0.373992 0.488191 0.599325 0.536002 0.339382 0.795756 1.390738 -0.956729 -1.751706 -0.940063 0.899651 -0.218983
1776408920.183473 jaka_arm_right success 0.209538 -0.319886 -0.374047 0.489138 0.598552 0.536507 0.338586 0.795472 1.391359 -0.957195 -1.751115 -0.939569 0.899643 -0.218133
1776408920.191909 jaka_arm_right success 0.209678 -0.320174 -0.374104 0.489017 0.598119 0.536605 0.339369 0.796335 1.391490 -0.956689 -1.751157 -0.938848 0.899390 -0.218019
1776408920.200269 jaka_arm_right success 0.209817 -0.320650 -0.374203 0.488166 0.598996 0.536329 0.339483 0.798090 1.387494 -0.955895 -1.748795 -0.938456 0.900431 -0.217388
1776408920.208513 jaka_arm_right success 0.209833 -0.320811 -0.374218 0.488493 0.598913 0.536698 0.338574 0.797627 1.387671 -0.956461 -1.748336 -0.938407 0.900665 -0.216843
1776408920.216874 jaka_arm_right success 0.209879 -0.321013 -0.374292 0.488664 0.598829 0.536761 0.338376 0.797391 1.386720 -0.956655 -1.747546 -0.938462 0.901098 -0.216319
1776408920.225295 jaka_arm_right success 0.209881 -0.321067 -0.374380 0.489147 0.598081 0.537408 0.337975 0.798344 1.385873 -0.956481 -1.746030 -0.936833 0.901721 -0.214872
1776408920.233667 jaka_arm_right success 0.210069 -0.321255 -0.374547 0.488239 0.597639 0.538519 0.338301 0.801677 1.383463 -0.955673 -1.741139 -0.934179 0.905494 -0.216201
1776408920.241963 jaka_arm_right success 0.209933 -0.321347 -0.374581 0.489331 0.597407 0.538016 0.337934 0.801295 1.383918 -0.955580 -1.740541 -0.934058 0.905082 -0.215837
1776408920.250253 jaka_arm_right success 0.209658 -0.321306 -0.374475 0.490846 0.597118 0.537905 0.336422 0.800325 1.384627 -0.956054 -1.739428 -0.933915 0.904810 -0.214854
1776408920.258588 jaka_arm_right success 0.209630 -0.321439 -0.374523 0.490898 0.597099 0.537858 0.336453 0.799945 1.384750 -0.956234 -1.739095 -0.933955 0.904778 -0.214564
1776408920.267216 jaka_arm_right success 0.209678 -0.321344 -0.374572 0.491488 0.595832 0.539212 0.335669 0.800009 1.385630 -0.957088 -1.738796 -0.932943 0.905162 -0.213396
1776408920.275261 jaka_arm_right success 0.209717 -0.321482 -0.374679 0.491340 0.595474 0.539509 0.336045 0.800548 1.385903 -0.957235 -1.739087 -0.932285 0.905404 -0.213113
1776408920.283509 jaka_arm_right success 0.209722 -0.321566 -0.374741 0.491145 0.595361 0.539692 0.336235 0.800548 1.385903 -0.957235 -1.739087 -0.932285 0.905404 -0.213113
1776408920.291937 jaka_arm_right success 0.209656 -0.321635 -0.374806 0.491263 0.595207 0.539997 0.335847 0.800548 1.385903 -0.957235 -1.739087 -0.932285 0.905404 -0.213113
1776408920.300214 jaka_arm_right success 0.209677 -0.321835 -0.374892 0.490568 0.595617 0.540345 0.335575 0.801180 1.382273 -0.955957 -1.737502 -0.930137 0.907992 -0.211939
1776408920.308535 jaka_arm_right success 0.209720 -0.322099 -0.374980 0.490296 0.595848 0.539747 0.336522 0.801380 1.382089 -0.955216 -1.737593 -0.930339 0.907544 -0.212503
1776408920.316855 jaka_arm_right success 0.209679 -0.322289 -0.375032 0.490280 0.595978 0.539291 0.337049 0.801508 1.382555 -0.954445 -1.737102 -0.930574 0.907301 -0.213811
1776408920.325232 jaka_arm_right success 0.209574 -0.322306 -0.375032 0.490887 0.595874 0.539268 0.336383 0.801176 1.382856 -0.954721 -1.736691 -0.930460 0.907295 -0.213400
1776408920.333610 jaka_arm_right success 0.209512 -0.322410 -0.375072 0.491125 0.595826 0.539015 0.336527 0.801176 1.382856 -0.954721 -1.736691 -0.930460 0.907295 -0.213400
1776408920.341930 jaka_arm_right success 0.209391 -0.322515 -0.375058 0.491656 0.596046 0.538347 0.336432 0.800538 1.383019 -0.954471 -1.736019 -0.930748 0.906773 -0.213280
1776408920.350173 jaka_arm_right success 0.209314 -0.322653 -0.375096 0.491868 0.596263 0.538027 0.336248 0.800022 1.382927 -0.954335 -1.735629 -0.931136 0.906511 -0.213317
1776408920.358507 jaka_arm_right success 0.209236 -0.322894 -0.375149 0.491994 0.596500 0.537703 0.336163 0.799635 1.382732 -0.954207 -1.735408 -0.931510 0.906352 -0.213429
1776408920.366952 jaka_arm_right success 0.209068 -0.323022 -0.375171 0.492759 0.596630 0.537070 0.335822 0.799014 1.382850 -0.954118 -1.734825 -0.931759 0.905983 -0.213220
1776408920.375191 jaka_arm_right success 0.208926 -0.323005 -0.375133 0.493666 0.596443 0.536967 0.334986 0.797168 1.381417 -0.953670 -1.735770 -0.931313 0.905016 -0.209989
1776408920.383592 jaka_arm_right success 0.208801 -0.323268 -0.375133 0.493903 0.597153 0.536096 0.334768 0.795461 1.380005 -0.953318 -1.737263 -0.932736 0.903040 -0.208198
1776408920.391940 jaka_arm_right success 0.208705 -0.323542 -0.375143 0.493603 0.597970 0.535531 0.334656 0.794545 1.378404 -0.953374 -1.738673 -0.933988 0.902185 -0.207208
1776408920.400268 jaka_arm_right success 0.208600 -0.323666 -0.375167 0.493543 0.598140 0.535996 0.333693 0.794240 1.378436 -0.954289 -1.738583 -0.933878 0.902817 -0.206606
1776408920.408533 jaka_arm_right success 0.208513 -0.323766 -0.375197 0.493630 0.597963 0.536584 0.332937 0.794044 1.376827 -0.954645 -1.738502 -0.933003 0.903393 -0.204336
1776408920.416855 jaka_arm_right success 0.208315 -0.323835 -0.375156 0.494283 0.597862 0.536483 0.332312 0.793473 1.376022 -0.954306 -1.738260 -0.932573 0.902942 -0.202726
1776408920.425321 jaka_arm_right success 0.208168 -0.324006 -0.375107 0.494220 0.598153 0.536389 0.332034 0.792888 1.374389 -0.954030 -1.738691 -0.932883 0.903023 -0.201970
1776408920.433603 jaka_arm_right success 0.208007 -0.324190 -0.375043 0.494264 0.598539 0.536301 0.331413 0.791532 1.372132 -0.953932 -1.738805 -0.932708 0.903106 -0.199478
1776408920.441894 jaka_arm_right success 0.208010 -0.324337 -0.375074 0.494004 0.598267 0.536653 0.331723 0.792075 1.372182 -0.953783 -1.739205 -0.932354 0.903159 -0.199556
1776408920.450256 jaka_arm_right success 0.207954 -0.324380 -0.375027 0.494389 0.597702 0.537096 0.331451 0.792143 1.372642 -0.953964 -1.739030 -0.931865 0.903141 -0.199072
1776408920.458642 jaka_arm_right success 0.207863 -0.324491 -0.374990 0.495198 0.597193 0.536622 0.331929 0.792085 1.373199 -0.953557 -1.738597 -0.931520 0.902521 -0.198779
1776408920.466964 jaka_arm_right success 0.207646 -0.324722 -0.374846 0.495354 0.597427 0.536213 0.331936 0.791896 1.373217 -0.953129 -1.738402 -0.931668 0.902094 -0.198894
1776408920.475235 jaka_arm_right success 0.207507 -0.324891 -0.374778 0.495408 0.597683 0.536042 0.331669 0.790652 1.372556 -0.952678 -1.739025 -0.931667 0.902122 -0.198222
1776408920.483502 jaka_arm_right success 0.207462 -0.325136 -0.374774 0.494854 0.598207 0.536257 0.331204 0.790661 1.372142 -0.952918 -1.739340 -0.931871 0.902537 -0.198370
1776408920.491977 jaka_arm_right success 0.207199 -0.325259 -0.374649 0.495645 0.598534 0.536224 0.329480 0.787738 1.366497 -0.951758 -1.739612 -0.930161 0.903135 -0.192083
1776408920.500223 jaka_arm_right success 0.207126 -0.325406 -0.374569 0.495564 0.598776 0.536190 0.329219 0.787738 1.366497 -0.951758 -1.739612 -0.930161 0.903135 -0.192083
1776408920.508512 jaka_arm_right success 0.207032 -0.325523 -0.374414 0.495807 0.598782 0.536052 0.329066 0.787325 1.366327 -0.951778 -1.739419 -0.930514 0.903054 -0.192094
1776408920.516908 jaka_arm_right success 0.207077 -0.325612 -0.374340 0.495864 0.598190 0.536288 0.329673 0.787885 1.366752 -0.951413 -1.739627 -0.929907 0.902758 -0.191985
1776408920.525228 jaka_arm_right success 0.206739 -0.325462 -0.374106 0.497390 0.597487 0.536376 0.328501 0.785152 1.366767 -0.951379 -1.741911 -0.929182 0.901591 -0.188345
1776408920.533527 jaka_arm_right success 0.206879 -0.325772 -0.374084 0.496566 0.597239 0.536465 0.330050 0.786085 1.366625 -0.950446 -1.742618 -0.929005 0.901200 -0.189088
1776408920.541883 jaka_arm_right success 0.206775 -0.325908 -0.373974 0.496796 0.597027 0.536223 0.330480 0.786318 1.367082 -0.949738 -1.742474 -0.928726 0.900477 -0.189176
1776408920.550181 jaka_arm_right success 0.206605 -0.326109 -0.373784 0.497445 0.597167 0.534992 0.331244 0.783798 1.371251 -0.949972 -1.745415 -0.930975 0.898439 -0.191528
1776408920.558561 jaka_arm_right success 0.206520 -0.326209 -0.373629 0.497561 0.596721 0.535452 0.331133 0.784245 1.371770 -0.949930 -1.745487 -0.930244 0.898338 -0.191126
1776408920.567461 jaka_arm_right success 0.206387 -0.326146 -0.373513 0.498200 0.595754 0.536520 0.330183 0.784307 1.372538 -0.950635 -1.745234 -0.929339 0.898636 -0.190099
1776408920.575248 jaka_arm_right success 0.206259 -0.326226 -0.373352 0.498759 0.595345 0.536189 0.330614 0.784587 1.372997 -0.950036 -1.745234 -0.928585 0.898141 -0.189704
1776408920.583542 jaka_arm_right success 0.206158 -0.326271 -0.373223 0.498895 0.595122 0.536472 0.330351 0.784410 1.373152 -0.950305 -1.745089 -0.928411 0.898271 -0.189345
1776408920.592026 jaka_arm_right success 0.206050 -0.326395 -0.373096 0.498494 0.595270 0.536659 0.330385 0.784507 1.372926 -0.950394 -1.745358 -0.928413 0.898538 -0.189417
1776408920.600271 jaka_arm_right success 0.205984 -0.326703 -0.373047 0.497405 0.596001 0.536112 0.331594 0.784889 1.372173 -0.949749 -1.746028 -0.928860 0.898536 -0.190335
1776408920.608551 jaka_arm_right success 0.205876 -0.326683 -0.372942 0.497069 0.595445 0.537565 0.330744 0.783009 1.369319 -0.947158 -1.745870 -0.924804 0.902326 -0.188453
1776408920.616821 jaka_arm_right success 0.205795 -0.326934 -0.372796 0.496390 0.596128 0.536996 0.331457 0.783236 1.368786 -0.946617 -1.746270 -0.925233 0.902220 -0.189207
1776408920.625318 jaka_arm_right success 0.205672 -0.326917 -0.372672 0.496541 0.596132 0.536775 0.331581 0.783236 1.368786 -0.946617 -1.746270 -0.925233 0.902220 -0.189207
1776408920.633537 jaka_arm_right success 0.205637 -0.326920 -0.372683 0.495780 0.595939 0.537555 0.331804 0.783742 1.368631 -0.946446 -1.746768 -0.925098 0.902396 -0.189553
1776408920.641974 jaka_arm_right success 0.205595 -0.326851 -0.372665 0.496312 0.595095 0.537255 0.333008 0.783835 1.372840 -0.945213 -1.746830 -0.924392 0.902327 -0.192998
1776408920.650186 jaka_arm_right success 0.205463 -0.326853 -0.372620 0.496387 0.595186 0.537271 0.332706 0.783835 1.372840 -0.945213 -1.746830 -0.924392 0.902327 -0.192998
1776408920.658556 jaka_arm_right success 0.205336 -0.326933 -0.372552 0.496511 0.595643 0.536415 0.333084 0.783268 1.372556 -0.944982 -1.746528 -0.925011 0.902106 -0.193309
1776408920.666967 jaka_arm_right success 0.205314 -0.326959 -0.372542 0.496480 0.595646 0.536334 0.333256 0.783268 1.372556 -0.944982 -1.746528 -0.925011 0.902106 -0.193309
1776408920.675249 jaka_arm_right success 0.205270 -0.327010 -0.372533 0.496458 0.595821 0.536128 0.333307 0.783268 1.372556 -0.944982 -1.746528 -0.925011 0.902106 -0.193309
1776408920.683492 jaka_arm_right success 0.205274 -0.327168 -0.372575 0.495858 0.596183 0.536247 0.333362 0.783312 1.372112 -0.944828 -1.746824 -0.925368 0.902246 -0.193783
1776408920.691917 jaka_arm_right success 0.205259 -0.327218 -0.372592 0.495861 0.596265 0.536228 0.333242 0.783312 1.372112 -0.944828 -1.746824 -0.925368 0.902246 -0.193783
1776408920.700330 jaka_arm_right success 0.205189 -0.327270 -0.372583 0.496176 0.596174 0.536403 0.332653 0.783312 1.372112 -0.944828 -1.746824 -0.925368 0.902246 -0.193783
1776408920.708549 jaka_arm_right success 0.205108 -0.327309 -0.372608 0.496604 0.596039 0.536492 0.332112 0.782625 1.372366 -0.945449 -1.746240 -0.925359 0.902459 -0.193151
1776408920.716918 jaka_arm_right success 0.205072 -0.327489 -0.372675 0.496703 0.596156 0.536222 0.332190 0.782625 1.372366 -0.945449 -1.746240 -0.925359 0.902459 -0.193151
1776408920.725234 jaka_arm_right success 0.205052 -0.327514 -0.372691 0.497059 0.595519 0.536832 0.331814 0.782417 1.372689 -0.945796 -1.745938 -0.925057 0.902582 -0.192641
1776408920.733589 jaka_arm_right success 0.204932 -0.327747 -0.372781 0.497457 0.595529 0.536337 0.332002 0.782153 1.372794 -0.945619 -1.745615 -0.925086 0.902332 -0.192538
1776408920.741873 jaka_arm_right success 0.204816 -0.327956 -0.372842 0.497306 0.595885 0.536119 0.331940 0.781900 1.372463 -0.945440 -1.745555 -0.925417 0.902308 -0.192756
1776408920.750159 jaka_arm_right success 0.205047 -0.328508 -0.373051 0.495706 0.596018 0.535982 0.334308 0.782465 1.372548 -0.941652 -1.743760 -0.922959 0.905613 -0.197261
1776408920.758541 jaka_arm_right success 0.204852 -0.328607 -0.373217 0.496070 0.595483 0.536528 0.333845 0.782606 1.372922 -0.941987 -1.743666 -0.922472 0.905816 -0.196829
1776408920.766896 jaka_arm_right success 0.204598 -0.328876 -0.373309 0.496826 0.595371 0.536013 0.333749 0.782303 1.373188 -0.941884 -1.743198 -0.922433 0.905517 -0.196607
1776408920.775222 jaka_arm_right success 0.204416 -0.329082 -0.373383 0.497506 0.594967 0.536326 0.332951 0.781924 1.373620 -0.942198 -1.742641 -0.922177 0.905475 -0.196004
1776408920.783509 jaka_arm_right success 0.204330 -0.329536 -0.373513 0.497399 0.595380 0.535886 0.333080 0.781353 1.371880 -0.941232 -1.741258 -0.921795 0.906266 -0.195728
1776408920.791991 jaka_arm_right success 0.204138 -0.329741 -0.373769 0.498145 0.594461 0.536569 0.332506 0.781541 1.372386 -0.941466 -1.740369 -0.920401 0.906771 -0.194633
1776408920.800309 jaka_arm_right success 0.203935 -0.329991 -0.373892 0.498942 0.593858 0.536547 0.332426 0.781547 1.372911 -0.941156 -1.739743 -0.919729 0.906471 -0.194147
1776408920.808555 jaka_arm_right success 0.203975 -0.330414 -0.374140 0.498766 0.593275 0.537466 0.332244 0.783307 1.369165 -0.938266 -1.732566 -0.914994 0.912262 -0.195063
1776408920.816838 jaka_arm_right success 0.203773 -0.330872 -0.374273 0.499250 0.593561 0.537000 0.331762 0.782735 1.369182 -0.938394 -1.732090 -0.915303 0.912162 -0.194932
1776408920.825262 jaka_arm_right success 0.203771 -0.331398 -0.374536 0.498810 0.593649 0.537024 0.332225 0.783160 1.368811 -0.938000 -1.731690 -0.915284 0.912681 -0.195815
1776408920.833867 jaka_arm_right success 0.203727 -0.331676 -0.374821 0.499630 0.592167 0.537959 0.332128 0.785888 1.369660 -0.936705 -1.724601 -0.911336 0.917276 -0.198746
1776408920.841911 jaka_arm_right success 0.203734 -0.332077 -0.375058 0.499704 0.592069 0.538431 0.331425 0.785507 1.369802 -0.937408 -1.724279 -0.911253 0.917688 -0.198207
1776408920.850237 jaka_arm_right success 0.203742 -0.332613 -0.375312 0.499439 0.592175 0.538257 0.331918 0.785713 1.369400 -0.936890 -1.724168 -0.911328 0.917612 -0.198595
1776408920.858559 jaka_arm_right success 0.203673 -0.333155 -0.375499 0.499696 0.592642 0.537387 0.332106 0.785354 1.368476 -0.936052 -1.723036 -0.911738 0.917364 -0.198899
1776408920.867434 jaka_arm_right success 0.203533 -0.333389 -0.375643 0.500881 0.592059 0.537664 0.330910 0.785233 1.367149 -0.936097 -1.720916 -0.910423 0.918127 -0.196834
1776408920.875251 jaka_arm_right success 0.203485 -0.333681 -0.375879 0.500974 0.591723 0.538068 0.330714 0.785630 1.366530 -0.936072 -1.719682 -0.909469 0.918855 -0.196095
1776408920.883470 jaka_arm_right success 0.203662 -0.334136 -0.376271 0.500193 0.591201 0.538336 0.332389 0.790291 1.367952 -0.934623 -1.713719 -0.907607 0.922664 -0.202616
1776408920.891964 jaka_arm_right success 0.203539 -0.334467 -0.376455 0.500610 0.591349 0.538426 0.331350 0.789054 1.367074 -0.935207 -1.712316 -0.907462 0.923587 -0.201412
1776408920.900961 jaka_arm_right success 0.203612 -0.334988 -0.376726 0.500613 0.591381 0.537470 0.332839 0.789443 1.366828 -0.933630 -1.712386 -0.907712 0.922527 -0.202378
1776408920.908536 jaka_arm_right success 0.203413 -0.335128 -0.376858 0.502087 0.590853 0.537265 0.331887 0.788868 1.367509 -0.933762 -1.711497 -0.907455 0.922109 -0.201647
1776408920.916876 jaka_arm_right success 0.203467 -0.335670 -0.377006 0.501504 0.591573 0.536433 0.332829 0.788769 1.367012 -0.932970 -1.711495 -0.908041 0.921623 -0.202363
1776408920.925339 jaka_arm_right success 0.203308 -0.335988 -0.377094 0.502803 0.591044 0.536572 0.331582 0.788140 1.367586 -0.933307 -1.710645 -0.907825 0.921402 -0.201560
1776408920.933698 jaka_arm_right success 0.203310 -0.336489 -0.377207 0.502695 0.591288 0.536215 0.331888 0.787776 1.365913 -0.932533 -1.709645 -0.907686 0.921375 -0.200745
1776408920.941920 jaka_arm_right success 0.203236 -0.336851 -0.377300 0.503730 0.590597 0.536434 0.331195 0.787531 1.366187 -0.932743 -1.708662 -0.906746 0.921305 -0.199248
1776408920.950223 jaka_arm_right success 0.203109 -0.337136 -0.377344 0.504453 0.590302 0.536537 0.330453 0.787196 1.364286 -0.932352 -1.707440 -0.905632 0.921563 -0.196853
1776408920.958614 jaka_arm_right success 0.203379 -0.337775 -0.377567 0.502928 0.589939 0.537473 0.331901 0.790363 1.361899 -0.930560 -1.704604 -0.903232 0.924342 -0.198352
1776408920.967077 jaka_arm_right success 0.203187 -0.337965 -0.377452 0.504429 0.589038 0.538051 0.330281 0.789556 1.362652 -0.931573 -1.703353 -0.902404 0.924721 -0.196643
1776408920.975335 jaka_arm_right success 0.203106 -0.338230 -0.377399 0.504644 0.588273 0.539218 0.329414 0.789753 1.359593 -0.930534 -1.701123 -0.899388 0.927106 -0.193965
1776408920.983555 jaka_arm_right success 0.202956 -0.338735 -0.377410 0.504219 0.588635 0.539205 0.329438 0.789885 1.359279 -0.930509 -1.701378 -0.899522 0.927312 -0.194227
1776408920.992002 jaka_arm_right success 0.202743 -0.339009 -0.377328 0.504618 0.588302 0.539506 0.328929 0.789550 1.358313 -0.929958 -1.700008 -0.898145 0.928552 -0.193309
1776408921.000195 jaka_arm_right success 0.202640 -0.339354 -0.377323 0.504181 0.587936 0.540343 0.328881 0.790298 1.355125 -0.927002 -1.694684 -0.893799 0.934283 -0.194414
1776408921.008565 jaka_arm_right success 0.202493 -0.339729 -0.377266 0.504104 0.587560 0.540399 0.329578 0.791113 1.357379 -0.926794 -1.693885 -0.893605 0.935109 -0.197272
1776408921.016909 jaka_arm_right success 0.202370 -0.340150 -0.377151 0.503218 0.587598 0.541084 0.329739 0.791556 1.357158 -0.926902 -1.694363 -0.893437 0.935543 -0.197452
1776408921.025277 jaka_arm_right success 0.202013 -0.340313 -0.377022 0.504094 0.587163 0.540950 0.329398 0.791066 1.357500 -0.926644 -1.693414 -0.892666 0.935756 -0.196871
1776408921.033540 jaka_arm_right success 0.201796 -0.340562 -0.376846 0.504287 0.587083 0.541393 0.328513 0.789976 1.355224 -0.925412 -1.691748 -0.890120 0.938577 -0.195302
1776408921.041964 jaka_arm_right success 0.201618 -0.340991 -0.376649 0.504412 0.587250 0.540871 0.328884 0.789803 1.354935 -0.924765 -1.691621 -0.890517 0.938146 -0.195788
1776408921.050252 jaka_arm_right success 0.201471 -0.341234 -0.376537 0.504155 0.586320 0.541591 0.329752 0.788773 1.356640 -0.921157 -1.688975 -0.886111 0.943573 -0.199677
1776408921.058589 jaka_arm_right success 0.201299 -0.341433 -0.376401 0.504113 0.585828 0.542099 0.329854 0.789094 1.356976 -0.921246 -1.688974 -0.885620 0.943642 -0.199411
1776408921.067111 jaka_arm_right success 0.201023 -0.341814 -0.376233 0.503942 0.586163 0.541469 0.330556 0.789224 1.356666 -0.920545 -1.689077 -0.885900 0.943277 -0.200019
1776408921.075262 jaka_arm_right success 0.200905 -0.342064 -0.376150 0.503441 0.585528 0.542779 0.330297 0.790070 1.354593 -0.917528 -1.682401 -0.880684 0.950693 -0.202495
1776408921.083528 jaka_arm_right success 0.200583 -0.342286 -0.376017 0.503491 0.585161 0.543599 0.329519 0.790109 1.354940 -0.918276 -1.682347 -0.880243 0.951225 -0.201899
1776408921.091890 jaka_arm_right success 0.200418 -0.342929 -0.375789 0.502215 0.586407 0.543309 0.329730 0.790138 1.353296 -0.917901 -1.682628 -0.880866 0.952241 -0.202978
1776408921.100270 jaka_arm_right success 0.200154 -0.343323 -0.375643 0.502687 0.586245 0.542810 0.330121 0.790006 1.353339 -0.916967 -1.682165 -0.880752 0.951683 -0.203223
1776408921.108511 jaka_arm_right success 0.199973 -0.343433 -0.375515 0.503108 0.584387 0.544459 0.330060 0.789757 1.353571 -0.913142 -1.675122 -0.873545 0.960160 -0.205898
1776408921.116869 jaka_arm_right success 0.199771 -0.343836 -0.375279 0.503372 0.583932 0.544269 0.330773 0.790021 1.353928 -0.912598 -1.674980 -0.873245 0.959650 -0.205978
1776408921.125261 jaka_arm_right success 0.199498 -0.344351 -0.375264 0.502703 0.584098 0.544239 0.331547 0.790532 1.355154 -0.911838 -1.674306 -0.872972 0.960884 -0.208773
1776408921.133673 jaka_arm_right success 0.199124 -0.344617 -0.375138 0.503370 0.583203 0.544966 0.330915 0.790503 1.355789 -0.912272 -1.673959 -0.872344 0.961013 -0.208026
1776408921.141917 jaka_arm_right success 0.198854 -0.344901 -0.375039 0.503466 0.582575 0.546472 0.329388 0.790031 1.353599 -0.911939 -1.671901 -0.868988 0.964375 -0.205311
1776408921.150249 jaka_arm_right success 0.198740 -0.345687 -0.375027 0.502611 0.582658 0.545872 0.331534 0.790167 1.354719 -0.907411 -1.667096 -0.866053 0.970295 -0.212750
1776408921.158617 jaka_arm_right success 0.198384 -0.346001 -0.374883 0.504029 0.581283 0.545781 0.331946 0.790088 1.355812 -0.907206 -1.666273 -0.865267 0.969595 -0.211959
1776408921.166903 jaka_arm_right success 0.198311 -0.346644 -0.374973 0.503513 0.580663 0.546018 0.333422 0.791816 1.357591 -0.905617 -1.665074 -0.863664 0.970594 -0.214679
1776408921.175227 jaka_arm_right success 0.197924 -0.347135 -0.374967 0.503577 0.579943 0.547503 0.332140 0.792258 1.353880 -0.903764 -1.658134 -0.858605 0.977558 -0.214176
1776408921.183602 jaka_arm_right success 0.197386 -0.347590 -0.374774 0.504919 0.579717 0.547752 0.330080 0.791270 1.354515 -0.904627 -1.657091 -0.858523 0.977586 -0.213053
1776408921.191968 jaka_arm_right success 0.197095 -0.348160 -0.374824 0.504756 0.578962 0.548822 0.329878 0.790706 1.351106 -0.903086 -1.654596 -0.855031 0.980775 -0.210331
1776408921.200476 jaka_arm_right success 0.197080 -0.348728 -0.375020 0.504021 0.576988 0.550448 0.331745 0.794769 1.356573 -0.901080 -1.645078 -0.850315 0.990125 -0.221080
1776408921.208560 jaka_arm_right success 0.196494 -0.349134 -0.374928 0.505667 0.576184 0.550307 0.330871 0.793944 1.357012 -0.901049 -1.643667 -0.849501 0.989671 -0.219419
1776408921.216863 jaka_arm_right success 0.196257 -0.349984 -0.375104 0.504850 0.575987 0.550738 0.331743 0.794431 1.354055 -0.898721 -1.642551 -0.847286 0.991752 -0.219118
1776408921.225240 jaka_arm_right success 0.195688 -0.350063 -0.374965 0.507243 0.574284 0.551720 0.329406 0.793343 1.355457 -0.900177 -1.640630 -0.845370 0.992308 -0.215837
1776408921.233578 jaka_arm_right success 0.195377 -0.350566 -0.375203 0.506461 0.573284 0.553304 0.329694 0.794217 1.351984 -0.896324 -1.633836 -0.839111 1.000005 -0.216828
1776408921.241907 jaka_arm_right success 0.195132 -0.351481 -0.375248 0.505508 0.574183 0.552362 0.331168 0.794892 1.352730 -0.895139 -1.632559 -0.839964 1.001046 -0.221131
1776408921.250241 jaka_arm_right success 0.194885 -0.351845 -0.375299 0.506386 0.572630 0.553002 0.331447 0.795613 1.354059 -0.894723 -1.632002 -0.838341 1.000806 -0.220487
1776408921.258563 jaka_arm_right success 0.194656 -0.352108 -0.375461 0.507256 0.570702 0.553862 0.332007 0.795741 1.358002 -0.892976 -1.626940 -0.834274 1.006359 -0.224812
1776408921.266920 jaka_arm_right success 0.194256 -0.352477 -0.375590 0.507509 0.570587 0.553890 0.331770 0.795654 1.357438 -0.892736 -1.625847 -0.834057 1.006488 -0.224460
1776408921.275241 jaka_arm_right success 0.193826 -0.352790 -0.375640 0.508313 0.570459 0.553735 0.331017 0.794942 1.357264 -0.892981 -1.624915 -0.833950 1.006638 -0.223663
1776408921.283483 jaka_arm_right success 0.193711 -0.353467 -0.375863 0.506987 0.571008 0.554098 0.331497 0.796436 1.352310 -0.889905 -1.618881 -0.830632 1.012167 -0.225073
1776408921.291960 jaka_arm_right success 0.193327 -0.353633 -0.375793 0.508866 0.570255 0.553915 0.330216 0.795076 1.352881 -0.890424 -1.617533 -0.830243 1.012036 -0.223470
1776408921.300257 jaka_arm_right success 0.193273 -0.353998 -0.375986 0.508479 0.569730 0.554552 0.330648 0.795772 1.353071 -0.890344 -1.617920 -0.829637 1.012246 -0.223457
1776408921.308566 jaka_arm_right success 0.193173 -0.354353 -0.376134 0.508155 0.569756 0.554534 0.331133 0.796404 1.353151 -0.889467 -1.617093 -0.829030 1.013044 -0.224737
1776408921.316878 jaka_arm_right success 0.192943 -0.354539 -0.376261 0.509252 0.569400 0.553602 0.331617 0.795945 1.353630 -0.889002 -1.616316 -0.829027 1.012243 -0.224566
1776408921.325267 jaka_arm_right success 0.192820 -0.355026 -0.376416 0.507837 0.570582 0.553403 0.332091 0.795876 1.352521 -0.888050 -1.616667 -0.830056 1.012141 -0.226109
1776408921.333547 jaka_arm_right success 0.192701 -0.355398 -0.376594 0.507861 0.571006 0.553013 0.331974 0.795481 1.351791 -0.888188 -1.616725 -0.830801 1.012560 -0.226633
1776408921.341893 jaka_arm_right success 0.192616 -0.355610 -0.376742 0.507935 0.571036 0.552567 0.332550 0.795829 1.353242 -0.886798 -1.614125 -0.829566 1.013958 -0.228950
1776408921.350220 jaka_arm_right success 0.192386 -0.355713 -0.376840 0.508677 0.571048 0.552374 0.331716 0.795129 1.353355 -0.887266 -1.613547 -0.829838 1.013982 -0.228506
1776408921.358643 jaka_arm_right success 0.192269 -0.355768 -0.376923 0.509127 0.570889 0.552256 0.331495 0.795129 1.353355 -0.887266 -1.613547 -0.829838 1.013982 -0.228506
1776408921.366929 jaka_arm_right success 0.192264 -0.355868 -0.377104 0.509055 0.570756 0.552377 0.331632 0.795129 1.353355 -0.887266 -1.613547 -0.829838 1.013982 -0.228506
1776408921.375251 jaka_arm_right success 0.192328 -0.356054 -0.377257 0.508442 0.570973 0.552430 0.332110 0.795129 1.353355 -0.887266 -1.613547 -0.829838 1.013982 -0.228506
1776408921.383513 jaka_arm_right success 0.192167 -0.356065 -0.377324 0.508754 0.571406 0.552211 0.331252 0.794789 1.350309 -0.886783 -1.611115 -0.829521 1.015152 -0.227403
1776408921.391918 jaka_arm_right success 0.192160 -0.356212 -0.377443 0.508486 0.571792 0.552004 0.331343 0.794789 1.350309 -0.886783 -1.611115 -0.829521 1.015152 -0.227403
1776408921.400215 jaka_arm_right success 0.192021 -0.356153 -0.377492 0.509079 0.571898 0.551823 0.330549 0.794131 1.350164 -0.887179 -1.610720 -0.829996 1.015236 -0.227218
1776408921.408520 jaka_arm_right success 0.191984 -0.356216 -0.377582 0.508898 0.572316 0.551574 0.330520 0.794131 1.350164 -0.887179 -1.610720 -0.829996 1.015236 -0.227218
1776408921.416825 jaka_arm_right success 0.191975 -0.356352 -0.377717 0.508175 0.572956 0.551337 0.330918 0.794156 1.349318 -0.886962 -1.611187 -0.830658 1.015440 -0.227986
1776408921.425261 jaka_arm_right success 0.191782 -0.356357 -0.377802 0.508157 0.573785 0.551052 0.329982 0.793194 1.348394 -0.887450 -1.611026 -0.831887 1.015797 -0.228276
1776408921.433608 jaka_arm_right success 0.191717 -0.356433 -0.377916 0.507675 0.574473 0.550715 0.330090 0.793041 1.347819 -0.887396 -1.611185 -0.832396 1.015928 -0.228669
1776408921.441932 jaka_arm_right success 0.191664 -0.356479 -0.377948 0.507278 0.575131 0.550231 0.330361 0.792877 1.347173 -0.887123 -1.611339 -0.833002 1.015902 -0.229235
1776408921.450288 jaka_arm_right success 0.191635 -0.356432 -0.378022 0.506409 0.575457 0.551442 0.329107 0.793478 1.342151 -0.887538 -1.608905 -0.831812 1.019077 -0.227000
1776408921.458568 jaka_arm_right success 0.191432 -0.356488 -0.377977 0.506279 0.576449 0.550669 0.328864 0.792954 1.341664 -0.887215 -1.608690 -0.832565 1.018785 -0.227476
1776408921.466936 jaka_arm_right success 0.191310 -0.356563 -0.378043 0.505641 0.577224 0.550199 0.329273 0.792922 1.341026 -0.886888 -1.608985 -0.833126 1.018799 -0.228159
1776408921.475271 jaka_arm_right success 0.191164 -0.356540 -0.378023 0.505642 0.577521 0.550016 0.329057 0.792922 1.341026 -0.886888 -1.608985 -0.833126 1.018799 -0.228159
1776408921.483521 jaka_arm_right success 0.191032 -0.356466 -0.377988 0.505998 0.577646 0.549434 0.329261 0.792239 1.340724 -0.886484 -1.608572 -0.833866 1.018303 -0.228549
1776408921.491942 jaka_arm_right success 0.191070 -0.356526 -0.378034 0.505029 0.577921 0.549571 0.330038 0.792655 1.340299 -0.886179 -1.609131 -0.833982 1.018471 -0.229150
1776408921.500328 jaka_arm_right success 0.190895 -0.356483 -0.378016 0.505073 0.577906 0.550265 0.328839 0.792506 1.340314 -0.887142 -1.609229 -0.833904 1.019302 -0.228686
1776408921.508537 jaka_arm_right success 0.190727 -0.356404 -0.377991 0.505852 0.577118 0.550379 0.328835 0.792388 1.340858 -0.887170 -1.608807 -0.833526 1.019085 -0.228241
1776408921.516820 jaka_arm_right success 0.190647 -0.356618 -0.377941 0.505637 0.577205 0.550242 0.329241 0.792388 1.340858 -0.887170 -1.608807 -0.833526 1.019085 -0.228241
1776408921.525316 jaka_arm_right success 0.190621 -0.356626 -0.377847 0.505323 0.576288 0.551776 0.328762 0.791216 1.340925 -0.884645 -1.605783 -0.828790 1.025274 -0.229652
1776408921.533541 jaka_arm_right success 0.190506 -0.356947 -0.377777 0.504773 0.576794 0.551515 0.329156 0.791396 1.340375 -0.884105 -1.605894 -0.829290 1.025128 -0.230519
1776408921.541932 jaka_arm_right success 0.190394 -0.357174 -0.377654 0.504191 0.576794 0.551624 0.329865 0.792630 1.341019 -0.883971 -1.604094 -0.829054 1.027019 -0.233263
1776408921.550179 jaka_arm_right success 0.190117 -0.357308 -0.377534 0.503634 0.576955 0.552663 0.328693 0.792857 1.337078 -0.882873 -1.599701 -0.826028 1.031970 -0.232349
1776408921.558567 jaka_arm_right success 0.189724 -0.357402 -0.377287 0.504305 0.576750 0.552579 0.328165 0.792551 1.337359 -0.883042 -1.599322 -0.825986 1.031870 -0.232028
1776408921.567008 jaka_arm_right success 0.189317 -0.357403 -0.377181 0.504936 0.576090 0.552617 0.328289 0.792404 1.337874 -0.883040 -1.598913 -0.825670 1.031627 -0.231638
1776408921.575247 jaka_arm_right success 0.189310 -0.357504 -0.377102 0.504591 0.574624 0.553624 0.329691 0.791968 1.343972 -0.881610 -1.598500 -0.822621 1.034988 -0.236049
1776408921.583484 jaka_arm_right success 0.189084 -0.357590 -0.376985 0.504376 0.573934 0.554869 0.329130 0.792843 1.341394 -0.881022 -1.596413 -0.820531 1.037828 -0.235203
1776408921.591865 jaka_arm_right success 0.188841 -0.358292 -0.376937 0.502512 0.575938 0.553553 0.330692 0.792801 1.340628 -0.878961 -1.595091 -0.821443 1.039493 -0.239712
1776408921.600230 jaka_arm_right success 0.188564 -0.358434 -0.376779 0.503691 0.574361 0.553515 0.331703 0.793498 1.342223 -0.877793 -1.594501 -0.819994 1.038552 -0.239649
1776408921.608544 jaka_arm_right success 0.188091 -0.358302 -0.376604 0.505097 0.573025 0.554682 0.329920 0.792695 1.343596 -0.879524 -1.593457 -0.818798 1.039584 -0.237511
1776408921.616905 jaka_arm_right success 0.187910 -0.358509 -0.376533 0.504570 0.572619 0.555721 0.329684 0.791927 1.342155 -0.877843 -1.592237 -0.815946 1.043473 -0.237599
1776408921.625359 jaka_arm_right success 0.187750 -0.359057 -0.376440 0.503670 0.573322 0.554881 0.331249 0.792118 1.342673 -0.875901 -1.591390 -0.816089 1.044344 -0.241202
1776408921.634423 jaka_arm_right success 0.187314 -0.359411 -0.376242 0.503112 0.573957 0.555260 0.330361 0.791340 1.340726 -0.875969 -1.590298 -0.815313 1.047023 -0.240737
1776408921.641890 jaka_arm_right success 0.187058 -0.359474 -0.376181 0.503420 0.572819 0.555829 0.330909 0.791610 1.342367 -0.874336 -1.588121 -0.812668 1.049090 -0.242087
1776408921.650161 jaka_arm_right success 0.186694 -0.359597 -0.376136 0.504173 0.572026 0.556568 0.329891 0.791290 1.342923 -0.875113 -1.587629 -0.812299 1.049394 -0.241188
1776408921.658602 jaka_arm_right success 0.186622 -0.360141 -0.376130 0.503155 0.572502 0.555633 0.332188 0.791072 1.344221 -0.871628 -1.584298 -0.810703 1.053828 -0.247652
1776408921.666924 jaka_arm_right success 0.186313 -0.360047 -0.376098 0.504462 0.570599 0.556654 0.331769 0.792077 1.345999 -0.872433 -1.583826 -0.808454 1.054242 -0.245848
1776408921.675195 jaka_arm_right success 0.186103 -0.360284 -0.376015 0.504529 0.569747 0.557201 0.332215 0.792155 1.346464 -0.872211 -1.583482 -0.808026 1.053933 -0.245590
1776408921.683489 jaka_arm_right success 0.185840 -0.360638 -0.376000 0.504420 0.570207 0.557324 0.331383 0.791520 1.342788 -0.870432 -1.579394 -0.805800 1.057776 -0.245148
1776408921.692000 jaka_arm_right success 0.185392 -0.360914 -0.375947 0.505128 0.570509 0.556905 0.330487 0.790782 1.342922 -0.870751 -1.578773 -0.806128 1.057639 -0.244773
1776408921.700291 jaka_arm_right success 0.185279 -0.361273 -0.376073 0.504219 0.570682 0.557267 0.330965 0.791045 1.342555 -0.870729 -1.579183 -0.806200 1.057958 -0.245093
1776408921.708694 jaka_arm_right success 0.185081 -0.361494 -0.376166 0.504970 0.569984 0.556894 0.331653 0.791120 1.343057 -0.870115 -1.578756 -0.805790 1.057332 -0.245032
1776408921.716894 jaka_arm_right success 0.184979 -0.361496 -0.376284 0.505630 0.568285 0.558006 0.331693 0.791487 1.345493 -0.869430 -1.576446 -0.802767 1.060168 -0.246065
1776408921.725267 jaka_arm_right success 0.184795 -0.361519 -0.376288 0.506482 0.567195 0.558821 0.330884 0.791368 1.346232 -0.869902 -1.575917 -0.802189 1.060210 -0.245213
1776408921.733569 jaka_arm_right success 0.184693 -0.361804 -0.376370 0.506460 0.567062 0.558783 0.331212 0.791774 1.344009 -0.867524 -1.570330 -0.799044 1.064750 -0.246379
1776408921.741956 jaka_arm_right success 0.184748 -0.362172 -0.376555 0.505268 0.567163 0.559250 0.332070 0.794088 1.345511 -0.868173 -1.568208 -0.799561 1.066816 -0.250584
1776408921.750224 jaka_arm_right success 0.184647 -0.362415 -0.376716 0.505103 0.566761 0.559706 0.332239 0.795711 1.344136 -0.866831 -1.563122 -0.796814 1.071207 -0.252284
1776408921.758549 jaka_arm_right success 0.184658 -0.362647 -0.376919 0.504210 0.566865 0.561094 0.331075 0.798103 1.339594 -0.867281 -1.556652 -0.794960 1.076272 -0.252120
1776408921.766889 jaka_arm_right success 0.184627 -0.362540 -0.377150 0.504975 0.565283 0.561975 0.331119 0.799012 1.343913 -0.868193 -1.554900 -0.793946 1.077676 -0.254381
1776408921.775206 jaka_arm_right success 0.184551 -0.362923 -0.377249 0.504529 0.566323 0.561382 0.331028 0.798734 1.343100 -0.868027 -1.555108 -0.794724 1.077763 -0.255010
1776408921.783494 jaka_arm_right success 0.184376 -0.363029 -0.377356 0.505769 0.566064 0.560820 0.330531 0.798007 1.343418 -0.868040 -1.554282 -0.794921 1.077253 -0.254597
1776408921.791896 jaka_arm_right success 0.184283 -0.363165 -0.377427 0.505929 0.566406 0.560877 0.329601 0.796962 1.340985 -0.868260 -1.553044 -0.795054 1.077567 -0.252556
1776408921.800317 jaka_arm_right success 0.184289 -0.363183 -0.377590 0.506281 0.565828 0.561343 0.329261 0.797131 1.341424 -0.868524 -1.552884 -0.794532 1.077669 -0.252021
1776408921.808515 jaka_arm_right success 0.184462 -0.363415 -0.377867 0.505004 0.565318 0.563113 0.329074 0.801104 1.337432 -0.868475 -1.545394 -0.791374 1.083957 -0.252970
1776408921.816866 jaka_arm_right success 0.184417 -0.363557 -0.378004 0.505461 0.565154 0.563166 0.328563 0.800953 1.337668 -0.868599 -1.545123 -0.791276 1.083885 -0.252698
1776408921.825310 jaka_arm_right success 0.184264 -0.363668 -0.378129 0.506298 0.565001 0.563634 0.326730 0.799968 1.337196 -0.870176 -1.543932 -0.791093 1.084741 -0.250509
1776408921.833548 jaka_arm_right success 0.184215 -0.363703 -0.378304 0.506258 0.564510 0.565347 0.324674 0.800552 1.331531 -0.870691 -1.540992 -0.788458 1.087450 -0.245187
1776408921.841920 jaka_arm_right success 0.184254 -0.363871 -0.378397 0.506349 0.564108 0.566593 0.323056 0.801204 1.329502 -0.871762 -1.538773 -0.787093 1.089596 -0.242988
1776408921.850245 jaka_arm_right success 0.184161 -0.364055 -0.378538 0.506593 0.563973 0.567226 0.321795 0.801312 1.327452 -0.872594 -1.536730 -0.786270 1.091409 -0.241180
1776408921.858597 jaka_arm_right success 0.184076 -0.364140 -0.378568 0.507452 0.563508 0.567777 0.320281 0.801168 1.325457 -0.872878 -1.534454 -0.785275 1.092335 -0.238859
1776408921.866866 jaka_arm_right success 0.184078 -0.364219 -0.378693 0.507295 0.562901 0.569367 0.318772 0.802231 1.322392 -0.873818 -1.531520 -0.782980 1.095462 -0.235905
1776408921.875366 jaka_arm_right success 0.184166 -0.364443 -0.378829 0.506438 0.562568 0.570977 0.317840 0.805772 1.317874 -0.873543 -1.521244 -0.779769 1.103406 -0.237784
1776408921.883491 jaka_arm_right success 0.184099 -0.364637 -0.378974 0.506661 0.562119 0.571833 0.316738 0.805725 1.318360 -0.874696 -1.521128 -0.779351 1.104173 -0.236848
1776408921.891934 jaka_arm_right success 0.184129 -0.364678 -0.379167 0.506922 0.561012 0.572883 0.316386 0.806149 1.319178 -0.875402 -1.521015 -0.778368 1.104679 -0.235906
1776408921.900187 jaka_arm_right success 0.184318 -0.364915 -0.379309 0.505838 0.560851 0.574101 0.316199 0.811101 1.314051 -0.874705 -1.508767 -0.774559 1.113800 -0.238781
1776408921.908561 jaka_arm_right success 0.184318 -0.364932 -0.379392 0.505980 0.559968 0.575444 0.315095 0.811275 1.314795 -0.875822 -1.508669 -0.773825 1.114567 -0.237728
1776408921.916820 jaka_arm_right success 0.184406 -0.365149 -0.379587 0.504948 0.560029 0.576641 0.314452 0.814562 1.310213 -0.875430 -1.498766 -0.770759 1.122773 -0.239875
1776408921.925258 jaka_arm_right success 0.184232 -0.365313 -0.379622 0.505216 0.560453 0.577090 0.312437 0.813546 1.310142 -0.877169 -1.498381 -0.771385 1.123701 -0.238893
1776408921.933539 jaka_arm_right success 0.184208 -0.365355 -0.379672 0.505230 0.560277 0.577758 0.311491 0.813589 1.308435 -0.878136 -1.497523 -0.770797 1.125077 -0.236996
1776408921.941903 jaka_arm_right success 0.184191 -0.365320 -0.379689 0.505799 0.559487 0.578464 0.310679 0.813819 1.308432 -0.878615 -1.496666 -0.769753 1.125560 -0.235516
1776408921.950246 jaka_arm_right success 0.184181 -0.365373 -0.379799 0.505703 0.559485 0.578267 0.311204 0.813819 1.308432 -0.878615 -1.496666 -0.769753 1.125560 -0.235516
1776408921.958541 jaka_arm_right success 0.184178 -0.365436 -0.379836 0.505218 0.559978 0.578519 0.310636 0.814152 1.307049 -0.878462 -1.496429 -0.769867 1.126236 -0.235700
1776408921.966885 jaka_arm_right success 0.184150 -0.365259 -0.379813 0.505706 0.559142 0.578802 0.310822 0.814244 1.307633 -0.878438 -1.496072 -0.769341 1.126037 -0.235262
1776408921.975275 jaka_arm_right success 0.184143 -0.365370 -0.379910 0.505263 0.559991 0.577795 0.311886 0.814431 1.307011 -0.877440 -1.496342 -0.769771 1.125569 -0.236318
1776408921.983563 jaka_arm_right success 0.184085 -0.365342 -0.379835 0.505127 0.560715 0.577099 0.312094 0.814085 1.306450 -0.876831 -1.496279 -0.770514 1.125105 -0.237092
1776408921.991973 jaka_arm_right success 0.184092 -0.365256 -0.379837 0.504748 0.561065 0.577663 0.311032 0.813832 1.306118 -0.877819 -1.496509 -0.770904 1.125950 -0.236852
1776408922.000319 jaka_arm_right success 0.183948 -0.365015 -0.379814 0.505210 0.561133 0.577519 0.310424 0.813349 1.306260 -0.878186 -1.496103 -0.771091 1.125932 -0.236483
1776408922.016876 jaka_arm_right success 0.183980 -0.365205 -0.379843 0.503620 0.562749 0.576455 0.312058 0.813630 1.304659 -0.876749 -1.497043 -0.772446 1.125662 -0.238925
1776408922.025289 jaka_arm_right success 0.183817 -0.365121 -0.379760 0.504180 0.563160 0.575909 0.311419 0.812900 1.304691 -0.876983 -1.496516 -0.772913 1.125444 -0.238712
1776408922.033580 jaka_arm_right success 0.183782 -0.365045 -0.379715 0.504426 0.563182 0.575850 0.311091 0.812471 1.304687 -0.877255 -1.496268 -0.773193 1.125438 -0.238530
1776408922.041925 jaka_arm_right success 0.183852 -0.364972 -0.379734 0.504200 0.562917 0.576563 0.310616 0.812650 1.304775 -0.877975 -1.496534 -0.772951 1.126121 -0.238108
1776408922.050264 jaka_arm_right success 0.183781 -0.364895 -0.379649 0.504849 0.562827 0.576256 0.310295 0.812297 1.304977 -0.878081 -1.496148 -0.773004 1.125923 -0.237814
1776408922.058586 jaka_arm_right success 0.183757 -0.364903 -0.379600 0.504754 0.563277 0.576251 0.309640 0.811683 1.304627 -0.878695 -1.496019 -0.773576 1.126222 -0.237568
1776408922.066898 jaka_arm_right success 0.183752 -0.364874 -0.379580 0.504712 0.563337 0.576357 0.309403 0.811683 1.304627 -0.878695 -1.496019 -0.773576 1.126222 -0.237568
1776408922.075233 jaka_arm_right success 0.183729 -0.364817 -0.379549 0.504801 0.563330 0.576363 0.309258 0.811683 1.304627 -0.878695 -1.496019 -0.773576 1.126222 -0.237568
1776408922.083491 jaka_arm_right success 0.183718 -0.364736 -0.379525 0.504857 0.563252 0.576441 0.309164 0.811683 1.304627 -0.878695 -1.496019 -0.773576 1.126222 -0.237568
1776408922.091924 jaka_arm_right success 0.183750 -0.364691 -0.379533 0.504537 0.563369 0.576413 0.309524 0.811683 1.304627 -0.878695 -1.496019 -0.773576 1.126222 -0.237568
1776408922.100313 jaka_arm_right success 0.183763 -0.364624 -0.379535 0.504444 0.563464 0.576324 0.309670 0.811683 1.304627 -0.878695 -1.496019 -0.773576 1.126222 -0.237568
1776408922.108524 jaka_arm_right success 0.183793 -0.364543 -0.379544 0.504252 0.563512 0.576408 0.309739 0.811683 1.304627 -0.878695 -1.496019 -0.773576 1.126222 -0.237568
1776408922.116852 jaka_arm_right success 0.183905 -0.364529 -0.379598 0.503484 0.564063 0.576220 0.310334 0.812103 1.303930 -0.878475 -1.496750 -0.773834 1.126553 -0.238255
1776408922.125340 jaka_arm_right success 0.183952 -0.364272 -0.379651 0.503464 0.563580 0.577303 0.309231 0.812334 1.304030 -0.879581 -1.497108 -0.773503 1.127566 -0.237584
1776408922.133566 jaka_arm_right success 0.184012 -0.364123 -0.379698 0.503151 0.563501 0.577891 0.308785 0.812508 1.303984 -0.880268 -1.497367 -0.773325 1.128246 -0.237195
1776408922.141852 jaka_arm_right success 0.184020 -0.364072 -0.379705 0.503129 0.564101 0.577463 0.308524 0.812028 1.303472 -0.880399 -1.497246 -0.773961 1.128253 -0.237315
1776408922.150149 jaka_arm_right success 0.184189 -0.364100 -0.379838 0.502078 0.564629 0.577688 0.308850 0.812508 1.302519 -0.880318 -1.497817 -0.774213 1.128709 -0.237800
1776408922.158566 jaka_arm_right success 0.184135 -0.363859 -0.379870 0.502517 0.564559 0.578344 0.307032 0.813171 1.298127 -0.881383 -1.495449 -0.773116 1.129620 -0.233182
1776408922.166857 jaka_arm_right success 0.184103 -0.363571 -0.379952 0.502810 0.564155 0.579261 0.305562 0.812854 1.298510 -0.882711 -1.495240 -0.772946 1.130411 -0.232157
1776408922.175271 jaka_arm_right success 0.184227 -0.363457 -0.380056 0.502303 0.564345 0.580061 0.304524 0.813855 1.294867 -0.883888 -1.493445 -0.772400 1.132458 -0.229892
1776408922.183482 jaka_arm_right success 0.184438 -0.363367 -0.380157 0.501610 0.564677 0.580720 0.303795 0.814123 1.294599 -0.884345 -1.493878 -0.772401 1.133105 -0.229901
1776408922.191936 jaka_arm_right success 0.184752 -0.363403 -0.380384 0.499969 0.565356 0.581960 0.302865 0.818769 1.288739 -0.885674 -1.484957 -0.771191 1.139368 -0.230844
1776408922.200312 jaka_arm_right success 0.185037 -0.363341 -0.380591 0.498777 0.565755 0.582594 0.302865 0.820055 1.289013 -0.886311 -1.483938 -0.771174 1.141637 -0.233013
1776408922.208510 jaka_arm_right success 0.185233 -0.363093 -0.380804 0.498332 0.565627 0.583573 0.301952 0.822116 1.287104 -0.887766 -1.480599 -0.770438 1.144859 -0.232979
1776408922.216846 jaka_arm_right success 0.185243 -0.362922 -0.380853 0.498735 0.566303 0.583463 0.300224 0.821020 1.286946 -0.888670 -1.479962 -0.771207 1.145047 -0.232417
1776408922.225243 jaka_arm_right success 0.185399 -0.362966 -0.381011 0.498084 0.567514 0.583169 0.299590 0.821630 1.282355 -0.889235 -1.478565 -0.772079 1.145938 -0.230956
1776408922.233564 jaka_arm_right success 0.185555 -0.362893 -0.381172 0.497910 0.567545 0.583727 0.298734 0.821540 1.282443 -0.890027 -1.478533 -0.772017 1.146500 -0.230431
1776408922.241944 jaka_arm_right success 0.185746 -0.362857 -0.381359 0.497205 0.567673 0.584912 0.297343 0.823912 1.276972 -0.891603 -1.474966 -0.771168 1.149202 -0.227329
1776408922.250314 jaka_arm_right success 0.185968 -0.362768 -0.381581 0.497001 0.566768 0.586191 0.296890 0.826681 1.278303 -0.892854 -1.470534 -0.769816 1.152506 -0.229377
1776408922.258511 jaka_arm_right success 0.186150 -0.362811 -0.381804 0.496729 0.566313 0.587088 0.296443 0.829912 1.274730 -0.892651 -1.462913 -0.767581 1.157275 -0.230036
1776408922.266894 jaka_arm_right success 0.186188 -0.362927 -0.381962 0.496372 0.566700 0.588095 0.294296 0.829684 1.273158 -0.894795 -1.461947 -0.767639 1.159684 -0.228435
1776408922.275223 jaka_arm_right success 0.186439 -0.363099 -0.382220 0.495036 0.566490 0.590108 0.292917 0.834597 1.267931 -0.895524 -1.450418 -0.764776 1.168185 -0.230163
1776408922.283473 jaka_arm_right success 0.186596 -0.363148 -0.382447 0.495124 0.565376 0.591397 0.292322 0.835288 1.268882 -0.896544 -1.450605 -0.763558 1.169150 -0.229078
1776408922.291947 jaka_arm_right success 0.186722 -0.363222 -0.382625 0.495007 0.564395 0.593406 0.290339 0.840104 1.263914 -0.898174 -1.438344 -0.760213 1.178200 -0.229531
1776408922.300224 jaka_arm_right success 0.186813 -0.363508 -0.382785 0.493802 0.564818 0.595423 0.287423 0.841801 1.257852 -0.899885 -1.432551 -0.757974 1.184162 -0.226126
1776408922.308550 jaka_arm_right success 0.187049 -0.363798 -0.383060 0.492086 0.564715 0.597774 0.285683 0.847555 1.252801 -0.901394 -1.418932 -0.755057 1.195239 -0.229536
1776408922.316889 jaka_arm_right success 0.187346 -0.363868 -0.383303 0.491528 0.562791 0.600511 0.284699 0.852729 1.250305 -0.902647 -1.408549 -0.750862 1.203777 -0.230508
1776408922.325311 jaka_arm_right success 0.187424 -0.364114 -0.383399 0.491363 0.562176 0.602555 0.281864 0.853524 1.247727 -0.905306 -1.406259 -0.749178 1.207561 -0.226616
1776408922.333576 jaka_arm_right success 0.187622 -0.364198 -0.383568 0.490841 0.560699 0.605775 0.278798 0.858815 1.242851 -0.908049 -1.393122 -0.745464 1.218276 -0.226595
1776408922.341929 jaka_arm_right success 0.187827 -0.364399 -0.383696 0.490662 0.559475 0.607987 0.276749 0.861638 1.239055 -0.909456 -1.386779 -0.742333 1.223582 -0.223688
1776408922.350206 jaka_arm_right success 0.187996 -0.364804 -0.383787 0.489880 0.559535 0.609894 0.273802 0.866512 1.232816 -0.912025 -1.373119 -0.739968 1.234051 -0.224306
1776408922.358524 jaka_arm_right success 0.188305 -0.365016 -0.383896 0.489249 0.558092 0.612624 0.271774 0.869222 1.229432 -0.913553 -1.369133 -0.736580 1.238854 -0.220543
1776408922.366859 jaka_arm_right success 0.188477 -0.365142 -0.383971 0.489365 0.556747 0.614685 0.269661 0.873053 1.226487 -0.915448 -1.359470 -0.733755 1.245814 -0.219931
1776408922.375221 jaka_arm_right success 0.188600 -0.365331 -0.383971 0.489435 0.556135 0.616671 0.266243 0.873897 1.222314 -0.918339 -1.356973 -0.731553 1.249644 -0.213623
1776408922.383496 jaka_arm_right success 0.188852 -0.365324 -0.383992 0.489830 0.554602 0.618456 0.264566 0.877006 1.219231 -0.919604 -1.350225 -0.729236 1.253844 -0.211655
1776408922.391971 jaka_arm_right success 0.189076 -0.365694 -0.383996 0.488766 0.555316 0.619169 0.263366 0.879709 1.214808 -0.920425 -1.343507 -0.728172 1.259091 -0.211832
1776408922.400266 jaka_arm_right success 0.189338 -0.365789 -0.384018 0.487922 0.554625 0.621123 0.261781 0.883403 1.211426 -0.922133 -1.335965 -0.726077 1.265715 -0.211750
1776408922.408685 jaka_arm_right success 0.189365 -0.365782 -0.383923 0.488351 0.553990 0.622110 0.259976 0.883159 1.212148 -0.923957 -1.335807 -0.725706 1.266957 -0.210198
1776408922.416832 jaka_arm_right success 0.189464 -0.365903 -0.383855 0.487673 0.554299 0.623404 0.257480 0.884272 1.206161 -0.925484 -1.333146 -0.724137 1.270355 -0.205004
1776408922.425204 jaka_arm_right success 0.189717 -0.366001 -0.383832 0.486940 0.554082 0.624438 0.256827 0.888998 1.202013 -0.926415 -1.323220 -0.722485 1.276908 -0.206561
1776408922.433522 jaka_arm_right success 0.189752 -0.365981 -0.383718 0.487253 0.553926 0.624796 0.255694 0.888590 1.202351 -0.927233 -1.322959 -0.722545 1.277273 -0.205877
1776408922.441899 jaka_arm_right success 0.189882 -0.365967 -0.383613 0.487119 0.553275 0.626186 0.253954 0.889099 1.201189 -0.929162 -1.322300 -0.721315 1.279754 -0.202960
1776408922.450212 jaka_arm_right success 0.190260 -0.366244 -0.383628 0.484843 0.554165 0.627145 0.254004 0.894306 1.195486 -0.929089 -1.312419 -0.719986 1.287470 -0.206424
1776408922.458528 jaka_arm_right success 0.190449 -0.366159 -0.383554 0.484274 0.553622 0.628470 0.252997 0.894818 1.196136 -0.930521 -1.312936 -0.719289 1.288953 -0.205431
1776408922.466951 jaka_arm_right success 0.190498 -0.366053 -0.383434 0.483934 0.553465 0.629774 0.250739 0.895645 1.193110 -0.932392 -1.310636 -0.718167 1.291899 -0.201953
1776408922.475401 jaka_arm_right success 0.190603 -0.366100 -0.383321 0.482801 0.554350 0.630714 0.248594 0.899657 1.186992 -0.934006 -1.300462 -0.717127 1.299575 -0.202510
1776408922.483505 jaka_arm_right success 0.190905 -0.366054 -0.383185 0.481665 0.554823 0.631478 0.247800 0.899929 1.186399 -0.935254 -1.301349 -0.717493 1.301083 -0.202381
1776408922.491909 jaka_arm_right success 0.191301 -0.366051 -0.383135 0.479459 0.555251 0.633417 0.246168 0.907038 1.179522 -0.937519 -1.287833 -0.715548 1.311454 -0.204108
1776408922.500205 jaka_arm_right success 0.191545 -0.366024 -0.382915 0.478788 0.556010 0.633916 0.244469 0.906845 1.178693 -0.939015 -1.288663 -0.716406 1.312932 -0.203928
1776408922.508527 jaka_arm_right success 0.191934 -0.365993 -0.382834 0.476961 0.556729 0.635013 0.243556 0.909662 1.173437 -0.940260 -1.285768 -0.715534 1.316530 -0.201680
1776408922.516964 jaka_arm_right success 0.192123 -0.365965 -0.382575 0.476119 0.558307 0.635010 0.241593 0.910293 1.168801 -0.941760 -1.284322 -0.716368 1.318622 -0.199674
1776408922.525237 jaka_arm_right success 0.192382 -0.365817 -0.382295 0.474917 0.559301 0.636100 0.238774 0.911460 1.163760 -0.944068 -1.282724 -0.716348 1.321915 -0.196229
1776408922.533562 jaka_arm_right success 0.192907 -0.365925 -0.382117 0.472715 0.560913 0.636677 0.237821 0.916611 1.157754 -0.945969 -1.275008 -0.716734 1.328055 -0.197994
1776408922.541955 jaka_arm_right success 0.193327 -0.365681 -0.381874 0.471822 0.560978 0.638124 0.235553 0.917066 1.156610 -0.948225 -1.274737 -0.716518 1.330627 -0.196119
1776408922.550319 jaka_arm_right success 0.193782 -0.366002 -0.381617 0.468724 0.564249 0.638243 0.233597 0.921494 1.146710 -0.950213 -1.267547 -0.717422 1.337414 -0.195811
1776408922.558533 jaka_arm_right success 0.194057 -0.365709 -0.381192 0.468444 0.564884 0.638879 0.230868 0.921190 1.144300 -0.952355 -1.267060 -0.718100 1.339129 -0.193393
1776408922.566911 jaka_arm_right success 0.194691 -0.365780 -0.380913 0.465838 0.566449 0.640215 0.228595 0.925935 1.136459 -0.954898 -1.261994 -0.717451 1.344690 -0.190479
1776408922.575353 jaka_arm_right success 0.195289 -0.365801 -0.380579 0.463599 0.567761 0.641450 0.226418 0.932264 1.129390 -0.958024 -1.251248 -0.717055 1.353841 -0.191679
1776408922.583479 jaka_arm_right success 0.195788 -0.365681 -0.380139 0.461632 0.568578 0.642864 0.224369 0.933579 1.125619 -0.960000 -1.250811 -0.716949 1.357375 -0.189669
1776408922.591962 jaka_arm_right success 0.196374 -0.365761 -0.379757 0.458126 0.570704 0.644242 0.222192 0.941811 1.116898 -0.963638 -1.236910 -0.716778 1.369541 -0.192891
1776408922.600228 jaka_arm_right success 0.197103 -0.365587 -0.379207 0.456293 0.571218 0.645585 0.220743 0.942798 1.115269 -0.965375 -1.237711 -0.716899 1.371871 -0.191934
1776408922.608559 jaka_arm_right success 0.197397 -0.365352 -0.378444 0.455367 0.572355 0.646441 0.217176 0.943931 1.108211 -0.967894 -1.236643 -0.716377 1.374604 -0.185149
1776408922.616868 jaka_arm_right success 0.198040 -0.365524 -0.377809 0.452071 0.575185 0.647095 0.214622 0.947731 1.099487 -0.970491 -1.233951 -0.717335 1.379969 -0.183196
1776408922.625191 jaka_arm_right success 0.198731 -0.365409 -0.377011 0.449899 0.576977 0.647754 0.212373 0.949239 1.094358 -0.972457 -1.233677 -0.718097 1.382805 -0.181035
1776408922.633525 jaka_arm_right success 0.199581 -0.365346 -0.376275 0.446383 0.579038 0.648931 0.210587 0.957321 1.085624 -0.976075 -1.223807 -0.718442 1.391825 -0.182254
1776408922.641920 jaka_arm_right success 0.200272 -0.365478 -0.375325 0.443575 0.581435 0.649515 0.208099 0.958135 1.080007 -0.977831 -1.224192 -0.719213 1.395224 -0.180087
1776408922.650230 jaka_arm_right success 0.201067 -0.365385 -0.374267 0.441086 0.583180 0.650469 0.205510 0.960745 1.072713 -0.979985 -1.223817 -0.719028 1.398972 -0.175855
1776408922.658530 jaka_arm_right success 0.201900 -0.365188 -0.373123 0.439624 0.584488 0.650737 0.204075 0.962846 1.068006 -0.981406 -1.223546 -0.719319 1.400603 -0.173317
1776408922.666939 jaka_arm_right success 0.202524 -0.365399 -0.371906 0.436318 0.587687 0.650707 0.202067 0.964158 1.060807 -0.982846 -1.224348 -0.720841 1.403575 -0.171532
1776408922.675209 jaka_arm_right success 0.203217 -0.365318 -0.370521 0.434641 0.589058 0.651246 0.199942 0.965496 1.055867 -0.984259 -1.224899 -0.720885 1.405948 -0.168617
1776408922.683515 jaka_arm_right success 0.203918 -0.365316 -0.369121 0.432434 0.590405 0.652292 0.197325 0.967957 1.047829 -0.986060 -1.224774 -0.719751 1.409480 -0.162515
1776408922.691880 jaka_arm_right success 0.204720 -0.365343 -0.367656 0.430079 0.591367 0.653198 0.196597 0.970185 1.043767 -0.986756 -1.225025 -0.719035 1.412140 -0.160852
1776408922.700197 jaka_arm_right success 0.205767 -0.365628 -0.366261 0.426237 0.592722 0.654157 0.197688 0.974387 1.039570 -0.986621 -1.223426 -0.718240 1.416659 -0.162926
1776408922.708560 jaka_arm_right success 0.206519 -0.365702 -0.364541 0.424618 0.593597 0.654963 0.195872 0.975958 1.035113 -0.987678 -1.223752 -0.717596 1.419287 -0.160144
1776408922.716835 jaka_arm_right success 0.207263 -0.365672 -0.362812 0.423393 0.594158 0.655570 0.194789 0.976788 1.032793 -0.988375 -1.224549 -0.717247 1.420823 -0.158619
1776408922.725291 jaka_arm_right success 0.208052 -0.365982 -0.361005 0.420846 0.595869 0.655962 0.193757 0.978895 1.025415 -0.988049 -1.225490 -0.715801 1.423009 -0.154211
1776408922.733648 jaka_arm_right success 0.208991 -0.366072 -0.359211 0.418927 0.595906 0.657527 0.192495 0.981162 1.020983 -0.988954 -1.226509 -0.713725 1.426045 -0.150159
1776408922.741922 jaka_arm_right success 0.210109 -0.366326 -0.357323 0.416071 0.596699 0.658876 0.191618 0.984039 1.015151 -0.989242 -1.227034 -0.711961 1.428933 -0.146647
1776408922.750239 jaka_arm_right success 0.211275 -0.366645 -0.355492 0.412342 0.597512 0.660647 0.191045 0.990110 1.008297 -0.990317 -1.222740 -0.709790 1.435825 -0.145940
1776408922.758556 jaka_arm_right success 0.212263 -0.366743 -0.353558 0.411230 0.597413 0.662137 0.188579 0.991456 1.005421 -0.992389 -1.223102 -0.708347 1.438698 -0.141780
1776408922.766940 jaka_arm_right success 0.213371 -0.367010 -0.351563 0.408873 0.597939 0.663776 0.186261 0.995160 0.997925 -0.993638 -1.223455 -0.705438 1.442514 -0.135116
1776408922.775163 jaka_arm_right success 0.214495 -0.367224 -0.349431 0.406909 0.598001 0.665765 0.183240 0.998630 0.990574 -0.995599 -1.222662 -0.702462 1.446566 -0.127541
1776408922.783490 jaka_arm_right success 0.215828 -0.367443 -0.347479 0.404337 0.597783 0.667983 0.181567 1.004305 0.985005 -0.997815 -1.219600 -0.699674 1.451820 -0.123623
1776408922.791933 jaka_arm_right success 0.217176 -0.367705 -0.345473 0.400854 0.598231 0.670518 0.178443 1.015442 0.975520 -1.003029 -1.205986 -0.697235 1.463706 -0.121845
1776408922.800208 jaka_arm_right success 0.218545 -0.367911 -0.343501 0.397403 0.598813 0.672694 0.176004 1.020421 0.968654 -1.005427 -1.204934 -0.694551 1.470155 -0.117296
1776408922.808563 jaka_arm_right success 0.219800 -0.368033 -0.341470 0.394746 0.599029 0.675157 0.171763 1.029255 0.958818 -1.011062 -1.196263 -0.691977 1.479467 -0.110760
1776408922.816822 jaka_arm_right success 0.221255 -0.368230 -0.339590 0.390948 0.598948 0.678272 0.168429 1.039160 0.952987 -1.016436 -1.185999 -0.689827 1.491371 -0.110971
1776408922.825234 jaka_arm_right success 0.222770 -0.368244 -0.337690 0.388071 0.598134 0.681198 0.166149 1.047329 0.946312 -1.020101 -1.180596 -0.686220 1.498660 -0.105697
1776408922.833531 jaka_arm_right success 0.224227 -0.368156 -0.335784 0.385598 0.597976 0.683676 0.162255 1.056467 0.938430 -1.025905 -1.173681 -0.683281 1.506668 -0.098597
1776408922.841939 jaka_arm_right success 0.225793 -0.368150 -0.333830 0.383524 0.598728 0.684730 0.159937 1.060337 0.932708 -1.027939 -1.173855 -0.681961 1.509805 -0.093982
1776408922.850178 jaka_arm_right success 0.227297 -0.368167 -0.331897 0.381826 0.600859 0.684290 0.157877 1.063858 0.924956 -1.029830 -1.174298 -0.682417 1.510607 -0.088723
1776408922.858525 jaka_arm_right success 0.229136 -0.368103 -0.330015 0.379714 0.602534 0.683917 0.158198 1.065815 0.922175 -1.029928 -1.176037 -0.683209 1.511003 -0.089155
1776408922.866877 jaka_arm_right success 0.230784 -0.367741 -0.328115 0.378702 0.604092 0.683681 0.155682 1.071390 0.912758 -1.033178 -1.177726 -0.683060 1.509601 -0.079154
1776408922.875247 jaka_arm_right success 0.232792 -0.367248 -0.326308 0.377785 0.605618 0.682669 0.156425 1.075005 0.911479 -1.035168 -1.187726 -0.686703 1.498553 -0.074336
1776408922.883575 jaka_arm_right success 0.234443 -0.366820 -0.324359 0.378734 0.607631 0.680815 0.154391 1.071481 0.905253 -1.034250 -1.205807 -0.687875 1.484943 -0.059431
1776408922.891969 jaka_arm_right success 0.236421 -0.366393 -0.322668 0.377685 0.610271 0.678903 0.154966 1.069915 0.901246 -1.032688 -1.218000 -0.689797 1.475643 -0.052868
1776408922.900404 jaka_arm_right success 0.238448 -0.365897 -0.320899 0.378117 0.613111 0.675924 0.155724 1.066329 0.897965 -1.031297 -1.237192 -0.694373 1.459262 -0.043589
1776408922.908556 jaka_arm_right success 0.240447 -0.365334 -0.319213 0.377128 0.616150 0.674033 0.154317 1.065980 0.890663 -1.031294 -1.246274 -0.696393 1.452720 -0.035352
1776408922.916862 jaka_arm_right success 0.242586 -0.365005 -0.317588 0.375417 0.619910 0.671956 0.152476 1.068757 0.881550 -1.033584 -1.253582 -0.699807 1.447039 -0.027432
1776408922.925297 jaka_arm_right success 0.244546 -0.364409 -0.316028 0.374454 0.622831 0.670459 0.149501 1.071041 0.872598 -1.036351 -1.258042 -0.701486 1.444261 -0.018489
1776408922.933650 jaka_arm_right success 0.246583 -0.364033 -0.314731 0.371705 0.626016 0.669805 0.145950 1.075782 0.862287 -1.040467 -1.261544 -0.702864 1.444372 -0.010242
1776408922.941918 jaka_arm_right success 0.248944 -0.363346 -0.313531 0.369992 0.627495 0.669916 0.143415 1.082355 0.855538 -1.045451 -1.264129 -0.703797 1.442854 -0.002823
1776408922.950176 jaka_arm_right success 0.251250 -0.362886 -0.312252 0.368113 0.630683 0.668731 0.139752 1.089453 0.844966 -1.051684 -1.266564 -0.706144 1.441129 0.006946
1776408922.958550 jaka_arm_right success 0.253812 -0.362729 -0.311101 0.364725 0.635051 0.667157 0.136334 1.096631 0.834369 -1.057664 -1.268959 -0.709497 1.440851 0.013630
1776408922.967741 jaka_arm_right success 0.256317 -0.362174 -0.309922 0.363600 0.638354 0.665304 0.132926 1.105075 0.823092 -1.064692 -1.270541 -0.713053 1.437607 0.023643
1776408922.975243 jaka_arm_right success 0.258860 -0.361661 -0.308726 0.362936 0.641425 0.663346 0.129704 1.113719 0.812745 -1.072187 -1.272891 -0.716882 1.432904 0.034232
1776408922.983503 jaka_arm_right success 0.261293 -0.361101 -0.307592 0.362099 0.644560 0.661619 0.125250 1.121203 0.802352 -1.080213 -1.275536 -0.720121 1.430221 0.045429
1776408922.992069 jaka_arm_right success 0.263882 -0.360403 -0.306488 0.362285 0.647031 0.659725 0.121914 1.128818 0.793089 -1.087024 -1.278536 -0.723345 1.424870 0.056508
1776408923.000867 jaka_arm_right success 0.266583 -0.359734 -0.305495 0.362084 0.649696 0.657730 0.119083 1.136616 0.784355 -1.094226 -1.282521 -0.727116 1.418790 0.067368
1776408923.016878 jaka_arm_right success 0.269254 -0.359112 -0.304537 0.361629 0.652815 0.655624 0.114951 1.144549 0.774713 -1.102822 -1.286636 -0.731387 1.413469 0.079230
1776408923.025268 jaka_arm_right success 0.274506 -0.357260 -0.302522 0.363006 0.656769 0.652545 0.105198 1.161154 0.755541 -1.121124 -1.293104 -0.736192 1.404844 0.107916
1776408923.033534 jaka_arm_right success 0.277409 -0.356401 -0.301736 0.362235 0.658650 0.651759 0.100877 1.170977 0.746624 -1.129899 -1.295406 -0.737572 1.402430 0.120284
1776408923.041868 jaka_arm_right success 0.280606 -0.355649 -0.301288 0.359881 0.661130 0.650989 0.098007 1.187536 0.741712 -1.144186 -1.295318 -0.743207 1.398771 0.126607
1776408923.050202 jaka_arm_right success 0.283391 -0.354509 -0.300718 0.358803 0.662242 0.651420 0.091365 1.207150 0.733070 -1.161675 -1.287404 -0.745036 1.402804 0.137648
1776408923.058593 jaka_arm_right success 0.286230 -0.353793 -0.300257 0.356275 0.665423 0.650377 0.085379 1.228529 0.722037 -1.179254 -1.276045 -0.748538 1.410343 0.144726
1776408923.067177 jaka_arm_right success 0.289229 -0.352815 -0.299729 0.354753 0.667168 0.650310 0.078320 1.250724 0.712334 -1.198085 -1.264713 -0.750500 1.417974 0.155022
1776408923.075252 jaka_arm_right success 0.292709 -0.351761 -0.299707 0.349878 0.668858 0.651836 0.072963 1.283355 0.706482 -1.221609 -1.241612 -0.753478 1.434693 0.153400
1776408923.083554 jaka_arm_right success 0.295848 -0.350778 -0.299512 0.346681 0.670820 0.652288 0.065825 1.312809 0.697986 -1.244648 -1.221070 -0.756029 1.450486 0.159026
1776408923.091921 jaka_arm_right success 0.298986 -0.349992 -0.299461 0.342616 0.673546 0.652256 0.059270 1.345449 0.689907 -1.268349 -1.196988 -0.760595 1.468201 0.160384
1776408923.100473 jaka_arm_right success 0.302044 -0.349091 -0.299471 0.338781 0.675575 0.652823 0.051455 1.380950 0.683369 -1.294605 -1.171627 -0.764744 1.487813 0.164204
1776408923.108538 jaka_arm_right success 0.305142 -0.348084 -0.299487 0.335514 0.677161 0.653382 0.044439 1.413953 0.678931 -1.318665 -1.149775 -0.769628 1.504064 0.168525
1776408923.116847 jaka_arm_right success 0.308306 -0.347129 -0.299699 0.331977 0.679072 0.653584 0.038476 1.447451 0.675753 -1.342138 -1.126784 -0.776046 1.520250 0.170273
1776408923.125248 jaka_arm_right success 0.311445 -0.345993 -0.300020 0.329068 0.680186 0.654254 0.031813 1.480546 0.674342 -1.365565 -1.104888 -0.782054 1.536023 0.174149
1776408923.133532 jaka_arm_right success 0.314574 -0.345052 -0.300426 0.325134 0.681992 0.654620 0.025451 1.517278 0.673118 -1.390265 -1.077601 -0.789905 1.555710 0.174149
1776408923.141892 jaka_arm_right success 0.317804 -0.343917 -0.300965 0.320871 0.683684 0.655190 0.018548 1.554357 0.672726 -1.418980 -1.053065 -0.795755 1.570796 0.173960
1776408923.150260 jaka_arm_right success 0.320819 -0.342856 -0.301463 0.318044 0.685557 0.654771 0.011599 1.585419 0.650062 -1.488911 -1.023034 -0.760135 1.570796 0.151480
1776408923.158557 jaka_arm_right success 0.324143 -0.341811 -0.302048 0.314217 0.687768 0.654377 0.005731 1.625976 0.632152 -1.560541 -0.993634 -0.730052 1.570796 0.131983
1776408923.166939 jaka_arm_right success 0.327465 -0.340430 -0.302717 -0.310431 -0.689076 -0.654832 0.001360 1.666154 0.613086 -1.644015 -0.966655 -0.688055 1.570796 0.109578
1776408923.175271 jaka_arm_right success 0.330464 -0.339278 -0.303334 -0.307443 -0.691162 -0.654001 0.007514 1.707164 0.598115 -1.718404 -0.942088 -0.657265 1.570500 0.091611
1776408923.183506 jaka_arm_right success 0.333625 -0.338142 -0.303991 -0.303884 -0.693559 -0.653013 0.014321 1.759118 0.576886 -1.824478 -0.910067 -0.605601 1.570796 0.061461
1776408923.191962 jaka_arm_right success 0.336768 -0.336751 -0.304771 -0.300347 -0.694971 -0.652992 0.020239 1.812566 0.561269 -1.929877 -0.881700 -0.554527 1.570796 0.033394
1776408923.200299 jaka_arm_right success 0.339722 -0.335529 -0.305472 -0.296931 -0.696272 -0.652847 0.028782 1.896088 0.536795 -2.108433 -0.841400 -0.460151 1.570796 -0.013859
1776408923.208549 jaka_arm_right success 0.342893 -0.334391 -0.306184 -0.293065 -0.697906 -0.652429 0.037108 2.004230 0.511466 -2.342643 -0.802584 -0.333957 1.570796 -0.074896
1776408923.216908 jaka_arm_right success 0.345836 -0.333105 -0.306881 -0.290196 -0.698512 -0.652563 0.045046 2.225023 0.476283 -2.847364 -0.765266 -0.045025 1.570796 -0.210551
1776408923.225511 jaka_arm_right solver_failed 0.348826 -0.331831 -0.307651 -0.287112 -0.699114 -0.652725 0.052509 2.225023 0.476283 -2.847364 -0.765266 -0.045025 1.570796 -0.210551
1776408923.233606 jaka_arm_right solver_failed 0.351680 -0.330819 -0.308451 -0.283335 -0.700126 -0.652719 0.059185 2.225023 0.476283 -2.847364 -0.765266 -0.045025 1.570796 -0.210551
1776408923.242008 jaka_arm_right solver_failed 0.354260 -0.329661 -0.309181 -0.280671 -0.699791 -0.653566 0.066096 2.225023 0.476283 -2.847364 -0.765266 -0.045025 1.570796 -0.210551
1776408923.250246 jaka_arm_right solver_failed 0.356607 -0.328587 -0.309986 -0.277541 -0.699639 -0.654426 0.072132 2.225023 0.476283 -2.847364 -0.765266 -0.045025 1.570796 -0.210551
1776408923.258639 jaka_arm_right solver_failed 0.358760 -0.327560 -0.310768 -0.275011 -0.698985 -0.655381 0.079154 2.225023 0.476283 -2.847364 -0.765266 -0.045025 1.570796 -0.210551
1776408923.266987 jaka_arm_right solver_failed 0.361012 -0.326586 -0.311690 -0.270904 -0.697956 -0.657428 0.085190 2.225023 0.476283 -2.847364 -0.765266 -0.045025 1.570796 -0.210551
1776408923.275306 jaka_arm_right solver_failed 0.363025 -0.325664 -0.312566 -0.267141 -0.695392 -0.660681 0.092556 2.225023 0.476283 -2.847364 -0.765266 -0.045025 1.570796 -0.210551
1776408923.283549 jaka_arm_right solver_failed 0.365039 -0.324907 -0.313560 -0.263040 -0.694368 -0.662301 0.100103 2.225023 0.476283 -2.847364 -0.765266 -0.045025 1.570796 -0.210551
1776408923.292065 jaka_arm_right solver_failed 0.366912 -0.324254 -0.314521 -0.259103 -0.692636 -0.664496 0.107545 2.225023 0.476283 -2.847364 -0.765266 -0.045025 1.570796 -0.210551
1776408923.300290 jaka_arm_right solver_failed 0.368969 -0.323579 -0.315590 -0.254491 -0.690320 -0.667587 0.114108 2.225023 0.476283 -2.847364 -0.765266 -0.045025 1.570796 -0.210551
1776408923.308625 jaka_arm_right solver_failed 0.370692 -0.323123 -0.316533 -0.251503 -0.688231 -0.669652 0.121041 2.225023 0.476283 -2.847364 -0.765266 -0.045025 1.570796 -0.210551
1776408923.316912 jaka_arm_right solver_failed 0.372286 -0.322436 -0.317518 -0.247816 -0.684904 -0.672860 0.129435 2.225023 0.476283 -2.847364 -0.765266 -0.045025 1.570796 -0.210551
1776408923.325469 jaka_arm_right solver_failed 0.374002 -0.322185 -0.318672 -0.243594 -0.683321 -0.674887 0.135138 2.225023 0.476283 -2.847364 -0.765266 -0.045025 1.570796 -0.210551
1776408923.333762 jaka_arm_right solver_failed 0.375281 -0.321763 -0.319521 -0.241453 -0.680704 -0.676768 0.142577 2.225023 0.476283 -2.847364 -0.765266 -0.045025 1.570796 -0.210551
1776408923.341978 jaka_arm_right solver_failed 0.376556 -0.321468 -0.320432 -0.239350 -0.678247 -0.678765 0.148225 2.225023 0.476283 -2.847364 -0.765266 -0.045025 1.570796 -0.210551
1776408923.350254 jaka_arm_right solver_failed 0.377730 -0.321210 -0.321345 -0.237961 -0.676763 -0.679508 0.153737 2.225023 0.476283 -2.847364 -0.765266 -0.045025 1.570796 -0.210551
1776408923.358594 jaka_arm_right solver_failed 0.378997 -0.320673 -0.322204 -0.236319 -0.673971 -0.681817 0.158247 2.225023 0.476283 -2.847364 -0.765266 -0.045025 1.570796 -0.210551
1776408923.366915 jaka_arm_right solver_failed 0.380297 -0.320235 -0.323223 -0.234553 -0.672526 -0.683307 0.160575 2.225023 0.476283 -2.847364 -0.765266 -0.045025 1.570796 -0.210551
1776408923.375314 jaka_arm_right solver_failed 0.381247 -0.319884 -0.323969 -0.234525 -0.670567 -0.684327 0.164424 2.225023 0.476283 -2.847364 -0.765266 -0.045025 1.570796 -0.210551
1776408923.383564 jaka_arm_right solver_failed 0.382213 -0.319371 -0.324738 -0.234244 -0.669274 -0.684906 0.167647 2.225023 0.476283 -2.847364 -0.765266 -0.045025 1.570796 -0.210551
1776408923.392056 jaka_arm_right solver_failed 0.382978 -0.318817 -0.325364 -0.234083 -0.667839 -0.685407 0.171503 2.225023 0.476283 -2.847364 -0.765266 -0.045025 1.570796 -0.210551
1776408923.400317 jaka_arm_right solver_failed 0.383754 -0.318097 -0.326076 -0.232798 -0.666503 -0.686405 0.174433 2.225023 0.476283 -2.847364 -0.765266 -0.045025 1.570796 -0.210551
1776408923.408653 jaka_arm_right solver_failed 0.384358 -0.317297 -0.326610 -0.231258 -0.665294 -0.686993 0.178730 2.225023 0.476283 -2.847364 -0.765266 -0.045025 1.570796 -0.210551
1776408923.416906 jaka_arm_right solver_failed 0.384826 -0.316552 -0.327082 -0.230351 -0.664963 -0.686637 0.182461 2.225023 0.476283 -2.847364 -0.765266 -0.045025 1.570796 -0.210551
1776408923.425363 jaka_arm_right solver_failed 0.385330 -0.315657 -0.327701 -0.227427 -0.664543 -0.687134 0.185756 2.225023 0.476283 -2.847364 -0.765266 -0.045025 1.570796 -0.210551
1776408923.433593 jaka_arm_right solver_failed 0.385614 -0.314570 -0.328077 -0.225668 -0.663602 -0.687722 0.189062 2.225023 0.476283 -2.847364 -0.765266 -0.045025 1.570796 -0.210551
1776408923.442028 jaka_arm_right solver_failed 0.385835 -0.313561 -0.328442 -0.222476 -0.664265 -0.686839 0.193672 2.225023 0.476283 -2.847364 -0.765266 -0.045025 1.570796 -0.210551
1776408923.450209 jaka_arm_right solver_failed 0.386018 -0.312614 -0.328837 -0.219928 -0.665088 -0.686049 0.196533 2.225023 0.476283 -2.847364 -0.765266 -0.045025 1.570796 -0.210551
1776408923.458632 jaka_arm_right solver_failed 0.386145 -0.311198 -0.329265 -0.217572 -0.664741 -0.686547 0.198584 2.225023 0.476283 -2.847364 -0.765266 -0.045025 1.570796 -0.210551
1776408923.467046 jaka_arm_right solver_failed 0.386200 -0.310028 -0.329603 -0.215272 -0.665073 -0.686196 0.201173 2.225023 0.476283 -2.847364 -0.765266 -0.045025 1.570796 -0.210551
1776408923.475383 jaka_arm_right solver_failed 0.386208 -0.308919 -0.329907 -0.213844 -0.666418 -0.684793 0.203018 2.225023 0.476283 -2.847364 -0.765266 -0.045025 1.570796 -0.210551
1776408923.483569 jaka_arm_right solver_failed 0.386409 -0.307697 -0.330293 -0.211264 -0.667588 -0.684289 0.203573 2.225023 0.476283 -2.847364 -0.765266 -0.045025 1.570796 -0.210551
1776408923.491995 jaka_arm_right solver_failed 0.386143 -0.306690 -0.330292 -0.210687 -0.668894 -0.682145 0.207052 2.225023 0.476283 -2.847364 -0.765266 -0.045025 1.570796 -0.210551
1776408923.500359 jaka_arm_right solver_failed 0.385910 -0.305627 -0.330416 -0.210683 -0.669781 -0.680569 0.209360 2.225023 0.476283 -2.847364 -0.765266 -0.045025 1.570796 -0.210551
1776408923.508616 jaka_arm_right solver_failed 0.385912 -0.304386 -0.330745 -0.208985 -0.670341 -0.680283 0.210197 2.225023 0.476283 -2.847364 -0.765266 -0.045025 1.570796 -0.210551
1776408923.516901 jaka_arm_right solver_failed 0.385738 -0.303280 -0.330914 -0.208378 -0.670849 -0.679260 0.212476 2.225023 0.476283 -2.847364 -0.765266 -0.045025 1.570796 -0.210551
1776408923.525437 jaka_arm_right solver_failed 0.385473 -0.302311 -0.331113 -0.207660 -0.671504 -0.677883 0.215486 2.225023 0.476283 -2.847364 -0.765266 -0.045025 1.570796 -0.210551
1776408923.533701 jaka_arm_right solver_failed 0.385535 -0.301181 -0.331526 -0.205199 -0.671866 -0.677801 0.216967 2.225023 0.476283 -2.847364 -0.765266 -0.045025 1.570796 -0.210551
1776408923.541957 jaka_arm_right solver_failed 0.385416 -0.300188 -0.331830 -0.203697 -0.672304 -0.677002 0.219509 2.225023 0.476283 -2.847364 -0.765266 -0.045025 1.570796 -0.210551
1776408923.550268 jaka_arm_right solver_failed 0.385334 -0.299388 -0.332160 -0.202289 -0.673419 -0.675636 0.221588 2.225023 0.476283 -2.847364 -0.765266 -0.045025 1.570796 -0.210551
1776408923.558650 jaka_arm_right solver_failed 0.385032 -0.298439 -0.332291 -0.202115 -0.673690 -0.674554 0.224205 2.225023 0.476283 -2.847364 -0.765266 -0.045025 1.570796 -0.210551
1776408923.566984 jaka_arm_right solver_failed 0.384842 -0.297532 -0.332578 -0.200854 -0.674457 -0.673743 0.225469 2.225023 0.476283 -2.847364 -0.765266 -0.045025 1.570796 -0.210551
1776408923.575372 jaka_arm_right solver_failed 0.384563 -0.296736 -0.332672 -0.200857 -0.675391 -0.672517 0.226328 2.225023 0.476283 -2.847364 -0.765266 -0.045025 1.570796 -0.210551
1776408923.583543 jaka_arm_right solver_failed 0.384446 -0.295994 -0.332787 -0.200366 -0.676362 -0.671663 0.226399 2.225023 0.476283 -2.847364 -0.765266 -0.045025 1.570796 -0.210551
1776408923.592147 jaka_arm_right solver_failed 0.384115 -0.295259 -0.332834 -0.201032 -0.676875 -0.671127 0.225865 2.225023 0.476283 -2.847364 -0.765266 -0.045025 1.570796 -0.210551
1776408923.601150 jaka_arm_right solver_failed 0.383941 -0.294655 -0.332836 -0.200841 -0.678292 -0.669497 0.226620 2.225023 0.476283 -2.847364 -0.765266 -0.045025 1.570796 -0.210551
1776408923.608607 jaka_arm_right solver_failed 0.383723 -0.293973 -0.332937 -0.201450 -0.679091 -0.668926 0.225369 2.225023 0.476283 -2.847364 -0.765266 -0.045025 1.570796 -0.210551
1776408923.616995 jaka_arm_right solver_failed 0.383583 -0.293306 -0.333164 -0.200930 -0.679988 -0.668486 0.224434 2.225023 0.476283 -2.847364 -0.765266 -0.045025 1.570796 -0.210551
1776408923.625358 jaka_arm_right solver_failed 0.383383 -0.292789 -0.333097 -0.201081 -0.680772 -0.667146 0.225904 2.225023 0.476283 -2.847364 -0.765266 -0.045025 1.570796 -0.210551
1776408923.633607 jaka_arm_right solver_failed 0.383320 -0.292054 -0.333382 -0.200648 -0.680969 -0.667605 0.224333 2.225023 0.476283 -2.847364 -0.765266 -0.045025 1.570796 -0.210551
1776408923.641941 jaka_arm_right solver_failed 0.382890 -0.291653 -0.333238 -0.201930 -0.681931 -0.665474 0.226583 2.225023 0.476283 -2.847364 -0.765266 -0.045025 1.570796 -0.210551
1776408923.650243 jaka_arm_right solver_failed 0.382672 -0.291028 -0.333199 -0.201821 -0.681892 -0.665285 0.227351 2.225023 0.476283 -2.847364 -0.765266 -0.045025 1.570796 -0.210551
1776408923.658678 jaka_arm_right solver_failed 0.382815 -0.290328 -0.333502 -0.200166 -0.683112 -0.665564 0.224315 2.225023 0.476283 -2.847364 -0.765266 -0.045025 1.570796 -0.210551
1776408923.666995 jaka_arm_right solver_failed 0.382524 -0.289850 -0.333390 -0.200775 -0.683834 -0.664776 0.223904 2.225023 0.476283 -2.847364 -0.765266 -0.045025 1.570796 -0.210551
1776408923.675338 jaka_arm_right solver_failed 0.382383 -0.289291 -0.333358 -0.200481 -0.684503 -0.664748 0.222202 2.225023 0.476283 -2.847364 -0.765266 -0.045025 1.570796 -0.210551
1776408923.683553 jaka_arm_right solver_failed 0.382144 -0.288887 -0.333365 -0.200450 -0.685336 -0.664477 0.220464 2.225023 0.476283 -2.847364 -0.765266 -0.045025 1.570796 -0.210551
1776408923.692008 jaka_arm_right solver_failed 0.381816 -0.288507 -0.333189 -0.201650 -0.686150 -0.663935 0.218460 2.225023 0.476283 -2.847364 -0.765266 -0.045025 1.570796 -0.210551
1776408923.700269 jaka_arm_right solver_failed 0.381484 -0.288021 -0.333033 -0.201462 -0.686350 -0.664045 0.217672 2.225023 0.476283 -2.847364 -0.765266 -0.045025 1.570796 -0.210551
1776408923.708688 jaka_arm_right solver_failed 0.381142 -0.287722 -0.332841 -0.202007 -0.686801 -0.663653 0.216938 2.225023 0.476283 -2.847364 -0.765266 -0.045025 1.570796 -0.210551
1776408923.716948 jaka_arm_right solver_failed 0.381052 -0.287379 -0.332814 -0.201227 -0.687355 -0.664243 0.214085 2.225023 0.476283 -2.847364 -0.765266 -0.045025 1.570796 -0.210551
1776408923.725356 jaka_arm_right solver_failed 0.380708 -0.286964 -0.332605 -0.201041 -0.687323 -0.664205 0.214479 2.225023 0.476283 -2.847364 -0.765266 -0.045025 1.570796 -0.210551
1776408923.733711 jaka_arm_right solver_failed 0.380415 -0.286626 -0.332459 -0.200655 -0.687607 -0.664087 0.214296 2.225023 0.476283 -2.847364 -0.765266 -0.045025 1.570796 -0.210551
1776408923.741986 jaka_arm_right solver_failed 0.380187 -0.286192 -0.332236 -0.199493 -0.687712 -0.664245 0.214553 2.225023 0.476283 -2.847364 -0.765266 -0.045025 1.570796 -0.210551
1776408923.750266 jaka_arm_right solver_failed 0.380199 -0.285645 -0.332206 -0.197423 -0.687627 -0.665736 0.212104 2.225023 0.476283 -2.847364 -0.765266 -0.045025 1.570796 -0.210551
1776408923.758659 jaka_arm_right solver_failed 0.379678 -0.285467 -0.331798 -0.197039 -0.687994 -0.665019 0.213518 2.225023 0.476283 -2.847364 -0.765266 -0.045025 1.570796 -0.210551
1776408923.766951 jaka_arm_right solver_failed 0.379581 -0.284986 -0.331648 -0.194205 -0.688116 -0.666144 0.212208 2.225023 0.476283 -2.847364 -0.765266 -0.045025 1.570796 -0.210551
1776408923.775357 jaka_arm_right solver_failed 0.379188 -0.284550 -0.331282 -0.193746 -0.687674 -0.667039 0.211247 2.225023 0.476283 -2.847364 -0.765266 -0.045025 1.570796 -0.210551
1776408923.783584 jaka_arm_right solver_failed 0.378896 -0.284377 -0.331029 -0.191797 -0.688463 -0.667086 0.210308 2.225023 0.476283 -2.847364 -0.765266 -0.045025 1.570796 -0.210551
1776408923.791973 jaka_arm_right solver_failed 0.378764 -0.284008 -0.330889 -0.189125 -0.688989 -0.668181 0.207507 2.225023 0.476283 -2.847364 -0.765266 -0.045025 1.570796 -0.210551
1776408923.800275 jaka_arm_right solver_failed 0.378187 -0.283885 -0.330450 -0.189886 -0.689678 -0.667305 0.207346 2.225023 0.476283 -2.847364 -0.765266 -0.045025 1.570796 -0.210551
1776408923.808625 jaka_arm_right solver_failed 0.378124 -0.283691 -0.330310 -0.187718 -0.690682 -0.667463 0.205459 2.225023 0.476283 -2.847364 -0.765266 -0.045025 1.570796 -0.210551
1776408923.816956 jaka_arm_right solver_failed 0.377987 -0.283304 -0.330125 -0.186387 -0.690200 -0.668547 0.204767 2.225023 0.476283 -2.847364 -0.765266 -0.045025 1.570796 -0.210551
1776408923.825387 jaka_arm_right solver_failed 0.377882 -0.283130 -0.330022 -0.185448 -0.690656 -0.668583 0.203958 2.225023 0.476283 -2.847364 -0.765266 -0.045025 1.570796 -0.210551
1776408923.833632 jaka_arm_right solver_failed 0.377679 -0.282823 -0.329826 -0.185445 -0.690221 -0.668809 0.204695 2.225023 0.476283 -2.847364 -0.765266 -0.045025 1.570796 -0.210551
1776408923.842026 jaka_arm_right solver_failed 0.377718 -0.282585 -0.329874 -0.184672 -0.690141 -0.669228 0.204291 2.225023 0.476283 -2.847364 -0.765266 -0.045025 1.570796 -0.210551
1776408923.850277 jaka_arm_right solver_failed 0.377441 -0.282465 -0.329734 -0.185097 -0.689846 -0.668559 0.207078 2.225023 0.476283 -2.847364 -0.765266 -0.045025 1.570796 -0.210551
1776408923.858705 jaka_arm_right solver_failed 0.377396 -0.282285 -0.329788 -0.184317 -0.689383 -0.668696 0.208864 2.225023 0.476283 -2.847364 -0.765266 -0.045025 1.570796 -0.210551
1776408923.866975 jaka_arm_right solver_failed 0.377364 -0.282194 -0.329879 -0.184638 -0.689503 -0.668075 0.210167 2.225023 0.476283 -2.847364 -0.765266 -0.045025 1.570796 -0.210551
1776408923.875299 jaka_arm_right solver_failed 0.377439 -0.281959 -0.330104 -0.184184 -0.689457 -0.668017 0.210899 2.225023 0.476283 -2.847364 -0.765266 -0.045025 1.570796 -0.210551
1776408923.883560 jaka_arm_right solver_failed 0.377602 -0.281644 -0.330400 -0.183166 -0.688668 -0.668896 0.211574 2.225023 0.476283 -2.847364 -0.765266 -0.045025 1.570796 -0.210551
1776408923.892023 jaka_arm_right solver_failed 0.377429 -0.281728 -0.330454 -0.183327 -0.689845 -0.666483 0.215188 2.225023 0.476283 -2.847364 -0.765266 -0.045025 1.570796 -0.210551
1776408923.900362 jaka_arm_right solver_failed 0.377487 -0.281563 -0.330700 -0.182913 -0.690357 -0.665758 0.216138 2.225023 0.476283 -2.847364 -0.765266 -0.045025 1.570796 -0.210551
1776408923.908637 jaka_arm_right solver_failed 0.377573 -0.281132 -0.330944 -0.181879 -0.689928 -0.666317 0.216659 2.225023 0.476283 -2.847364 -0.765266 -0.045025 1.570796 -0.210551
1776408923.916991 jaka_arm_right solver_failed 0.377417 -0.280951 -0.331069 -0.182448 -0.690177 -0.665473 0.217977 2.225023 0.476283 -2.847364 -0.765266 -0.045025 1.570796 -0.210551
1776408923.925389 jaka_arm_right solver_failed 0.377156 -0.280806 -0.331090 -0.183893 -0.690694 -0.664006 0.219592 2.225023 0.476283 -2.847364 -0.765266 -0.045025 1.570796 -0.210551
1776408923.933685 jaka_arm_right solver_failed 0.377329 -0.280425 -0.331443 -0.183810 -0.691084 -0.664503 0.216917 2.225023 0.476283 -2.847364 -0.765266 -0.045025 1.570796 -0.210551
1776408923.942015 jaka_arm_right solver_failed 0.377228 -0.280379 -0.331544 -0.183209 -0.691193 -0.663620 0.219762 2.225023 0.476283 -2.847364 -0.765266 -0.045025 1.570796 -0.210551
1776408923.950294 jaka_arm_right solver_failed 0.377124 -0.280277 -0.331662 -0.184106 -0.691109 -0.662865 0.221547 2.225023 0.476283 -2.847364 -0.765266 -0.045025 1.570796 -0.210551
1776408923.958606 jaka_arm_right solver_failed 0.377236 -0.280095 -0.331875 -0.183809 -0.690517 -0.663228 0.222553 2.225023 0.476283 -2.847364 -0.765266 -0.045025 1.570796 -0.210551
1776408923.966997 jaka_arm_right solver_failed 0.377220 -0.280064 -0.331987 -0.184823 -0.689803 -0.663114 0.224260 2.225023 0.476283 -2.847364 -0.765266 -0.045025 1.570796 -0.210551
1776408923.975287 jaka_arm_right solver_failed 0.377433 -0.279781 -0.332249 -0.184637 -0.688418 -0.664671 0.224058 2.225023 0.476283 -2.847364 -0.765266 -0.045025 1.570796 -0.210551
1776408923.983561 jaka_arm_right solver_failed 0.377492 -0.279630 -0.332396 -0.184993 -0.687323 -0.665307 0.225236 2.225023 0.476283 -2.847364 -0.765266 -0.045025 1.570796 -0.210551
1776408923.992070 jaka_arm_right solver_failed 0.377401 -0.279548 -0.332394 -0.186318 -0.686425 -0.665354 0.226740 2.225023 0.476283 -2.847364 -0.765266 -0.045025 1.570796 -0.210551
1776408924.000400 jaka_arm_right solver_failed 0.377353 -0.279427 -0.332437 -0.186792 -0.685402 -0.665858 0.227960 2.225023 0.476283 -2.847364 -0.765266 -0.045025 1.570796 -0.210551
1776408924.008638 jaka_arm_right solver_failed 0.377082 -0.279432 -0.332330 -0.187930 -0.684765 -0.665277 0.230621 2.225023 0.476283 -2.847364 -0.765266 -0.045025 1.570796 -0.210551
1776408924.016915 jaka_arm_right solver_failed 0.376905 -0.279297 -0.332274 -0.188222 -0.684002 -0.665237 0.232752 2.225023 0.476283 -2.847364 -0.765266 -0.045025 1.570796 -0.210551
1776408924.025424 jaka_arm_right solver_failed 0.376804 -0.279168 -0.332251 -0.188219 -0.683443 -0.665575 0.233429 2.225023 0.476283 -2.847364 -0.765266 -0.045025 1.570796 -0.210551
1776408924.033728 jaka_arm_right solver_failed 0.376611 -0.279063 -0.332166 -0.188253 -0.682950 -0.665694 0.234503 2.225023 0.476283 -2.847364 -0.765266 -0.045025 1.570796 -0.210551
1776408924.042026 jaka_arm_right solver_failed 0.376438 -0.278915 -0.332141 -0.187328 -0.682500 -0.666142 0.235280 2.225023 0.476283 -2.847364 -0.765266 -0.045025 1.570796 -0.210551
1776408924.050251 jaka_arm_right solver_failed 0.376256 -0.278643 -0.332064 -0.186802 -0.681855 -0.666792 0.235726 2.225023 0.476283 -2.847364 -0.765266 -0.045025 1.570796 -0.210551
1776408924.058712 jaka_arm_right solver_failed 0.375918 -0.278539 -0.331870 -0.187884 -0.681423 -0.666428 0.237141 2.225023 0.476283 -2.847364 -0.765266 -0.045025 1.570796 -0.210551
1776408924.067052 jaka_arm_right solver_failed 0.375733 -0.278311 -0.331856 -0.188124 -0.681082 -0.666579 0.237506 2.225023 0.476283 -2.847364 -0.765266 -0.045025 1.570796 -0.210551
1776408924.075362 jaka_arm_right solver_failed 0.375608 -0.278008 -0.331901 -0.187894 -0.680678 -0.666873 0.238021 2.225023 0.476283 -2.847364 -0.765266 -0.045025 1.570796 -0.210551
1776408924.083583 jaka_arm_right solver_failed 0.375700 -0.277621 -0.332126 -0.186681 -0.680214 -0.667836 0.237603 2.225023 0.476283 -2.847364 -0.765266 -0.045025 1.570796 -0.210551
1776408924.092073 jaka_arm_right solver_failed 0.375483 -0.277412 -0.332126 -0.186747 -0.679805 -0.667372 0.240010 2.225023 0.476283 -2.847364 -0.765266 -0.045025 1.570796 -0.210551
1776408924.100623 jaka_arm_right solver_failed 0.375382 -0.277172 -0.332227 -0.186285 -0.679927 -0.666580 0.242213 2.225023 0.476283 -2.847364 -0.765266 -0.045025 1.570796 -0.210551
1776408924.108628 jaka_arm_right solver_failed 0.375092 -0.276705 -0.332313 -0.186711 -0.679439 -0.666241 0.244182 2.225023 0.476283 -2.847364 -0.765266 -0.045025 1.570796 -0.210551
1776408924.116962 jaka_arm_right solver_failed 0.374844 -0.276203 -0.332366 -0.187836 -0.679391 -0.665092 0.246573 2.225023 0.476283 -2.847364 -0.765266 -0.045025 1.570796 -0.210551
1776408924.125417 jaka_arm_right solver_failed 0.374920 -0.275673 -0.332702 -0.186388 -0.679623 -0.664703 0.248076 2.225023 0.476283 -2.847364 -0.765266 -0.045025 1.570796 -0.210551
1776408924.133696 jaka_arm_right solver_failed 0.374989 -0.275176 -0.333062 -0.185544 -0.680596 -0.663516 0.249216 2.225023 0.476283 -2.847364 -0.765266 -0.045025 1.570796 -0.210551
1776408924.141964 jaka_arm_right solver_failed 0.374768 -0.274780 -0.333192 -0.186140 -0.681247 -0.661491 0.252356 2.225023 0.476283 -2.847364 -0.765266 -0.045025 1.570796 -0.210551
1776408924.150222 jaka_arm_right solver_failed 0.374763 -0.274060 -0.333537 -0.185217 -0.681231 -0.661322 0.253520 2.225023 0.476283 -2.847364 -0.765266 -0.045025 1.570796 -0.210551
1776408924.158735 jaka_arm_right solver_failed 0.374756 -0.273376 -0.333837 -0.185233 -0.682314 -0.660089 0.253809 2.225023 0.476283 -2.847364 -0.765266 -0.045025 1.570796 -0.210551
1776408924.167238 jaka_arm_right solver_failed 0.374515 -0.272974 -0.334002 -0.185892 -0.683690 -0.657661 0.255918 2.225023 0.476283 -2.847364 -0.765266 -0.045025 1.570796 -0.210551
1776408924.175343 jaka_arm_right solver_failed 0.374466 -0.272301 -0.334301 -0.185659 -0.684782 -0.656556 0.256005 2.225023 0.476283 -2.847364 -0.765266 -0.045025 1.570796 -0.210551
1776408924.183580 jaka_arm_right solver_failed 0.374296 -0.271739 -0.334482 -0.185757 -0.685753 -0.654999 0.257320 2.225023 0.476283 -2.847364 -0.765266 -0.045025 1.570796 -0.210551
1776408924.191959 jaka_arm_right solver_failed 0.374125 -0.271335 -0.334630 -0.186215 -0.687324 -0.652801 0.258381 2.225023 0.476283 -2.847364 -0.765266 -0.045025 1.570796 -0.210551
1776408924.200376 jaka_arm_right solver_failed 0.374282 -0.270729 -0.335067 -0.184693 -0.688405 -0.652303 0.257853 2.225023 0.476283 -2.847364 -0.765266 -0.045025 1.570796 -0.210551
1776408924.208668 jaka_arm_right solver_failed 0.373991 -0.270393 -0.335129 -0.186024 -0.688915 -0.650851 0.259197 2.225023 0.476283 -2.847364 -0.765266 -0.045025 1.570796 -0.210551
1776408924.216933 jaka_arm_right solver_failed 0.374017 -0.269916 -0.335388 -0.185684 -0.688899 -0.650959 0.259214 2.225023 0.476283 -2.847364 -0.765266 -0.045025 1.570796 -0.210551
1776408924.225380 jaka_arm_right solver_failed 0.374139 -0.269531 -0.335563 -0.184503 -0.688908 -0.651222 0.259373 2.225023 0.476283 -2.847364 -0.765266 -0.045025 1.570796 -0.210551
1776408924.233753 jaka_arm_right solver_failed 0.374058 -0.269400 -0.335598 -0.185227 -0.689321 -0.650338 0.259978 2.225023 0.476283 -2.847364 -0.765266 -0.045025 1.570796 -0.210551
1776408924.241994 jaka_arm_right solver_failed 0.374039 -0.269278 -0.335629 -0.185229 -0.688943 -0.650466 0.260657 2.225023 0.476283 -2.847364 -0.765266 -0.045025 1.570796 -0.210551
1776408924.250273 jaka_arm_right solver_failed 0.374128 -0.269143 -0.335673 -0.184366 -0.687770 -0.651762 0.261129 2.225023 0.476283 -2.847364 -0.765266 -0.045025 1.570796 -0.210551
1776408924.258778 jaka_arm_right solver_failed 0.374300 -0.269243 -0.335740 -0.183625 -0.687211 -0.652975 0.260090 2.225023 0.476283 -2.847364 -0.765266 -0.045025 1.570796 -0.210551
1776408924.267210 jaka_arm_right solver_failed 0.374190 -0.269314 -0.335615 -0.184650 -0.686487 -0.653294 0.260475 2.225023 0.476283 -2.847364 -0.765266 -0.045025 1.570796 -0.210551
1776408924.275443 jaka_arm_right solver_failed 0.374226 -0.269454 -0.335590 -0.185280 -0.686476 -0.653299 0.260044 2.225023 0.476283 -2.847364 -0.765266 -0.045025 1.570796 -0.210551
1776408924.283627 jaka_arm_right solver_failed 0.374238 -0.269524 -0.335511 -0.185869 -0.685763 -0.653638 0.260650 2.225023 0.476283 -2.847364 -0.765266 -0.045025 1.570796 -0.210551
1776408924.292028 jaka_arm_right solver_failed 0.374256 -0.269595 -0.335504 -0.186820 -0.685132 -0.653937 0.260881 2.225023 0.476283 -2.847364 -0.765266 -0.045025 1.570796 -0.210551
1776408924.300646 jaka_arm_right solver_failed 0.374588 -0.269623 -0.335703 -0.187001 -0.684459 -0.655307 0.259075 2.225023 0.476283 -2.847364 -0.765266 -0.045025 1.570796 -0.210551
1776408924.308631 jaka_arm_right solver_failed 0.374493 -0.269942 -0.335663 -0.188770 -0.684121 -0.654363 0.261062 2.225023 0.476283 -2.847364 -0.765266 -0.045025 1.570796 -0.210551
1776408924.316991 jaka_arm_right solver_failed 0.374507 -0.270085 -0.335626 -0.190079 -0.683181 -0.654518 0.262182 2.225023 0.476283 -2.847364 -0.765266 -0.045025 1.570796 -0.210551
1776408924.325327 jaka_arm_right solver_failed 0.374676 -0.270263 -0.335701 -0.190622 -0.682423 -0.655164 0.262151 2.225023 0.476283 -2.847364 -0.765266 -0.045025 1.570796 -0.210551
1776408924.333644 jaka_arm_right solver_failed 0.374932 -0.270305 -0.335889 -0.190746 -0.681743 -0.656738 0.259879 2.225023 0.476283 -2.847364 -0.765266 -0.045025 1.570796 -0.210551
1776408924.342022 jaka_arm_right solver_failed 0.374871 -0.270559 -0.335814 -0.191705 -0.681452 -0.656682 0.260078 2.225023 0.476283 -2.847364 -0.765266 -0.045025 1.570796 -0.210551
1776408924.350198 jaka_arm_right solver_failed 0.374714 -0.270877 -0.335625 -0.193198 -0.681321 -0.656288 0.260313 2.225023 0.476283 -2.847364 -0.765266 -0.045025 1.570796 -0.210551
1776408924.358609 jaka_arm_right solver_failed 0.374772 -0.271126 -0.335612 -0.194072 -0.682012 -0.656596 0.257057 2.225023 0.476283 -2.847364 -0.765266 -0.045025 1.570796 -0.210551
1776408924.366975 jaka_arm_right solver_failed 0.374536 -0.271355 -0.335372 -0.196449 -0.682256 -0.656584 0.254621 2.225023 0.476283 -2.847364 -0.765266 -0.045025 1.570796 -0.210551
1776408924.375329 jaka_arm_right solver_failed 0.374686 -0.271417 -0.335459 -0.196560 -0.682731 -0.657915 0.249783 2.225023 0.476283 -2.847364 -0.765266 -0.045025 1.570796 -0.210551
1776408924.383553 jaka_arm_right solver_failed 0.374626 -0.271615 -0.335349 -0.197663 -0.682972 -0.658392 0.246979 2.225023 0.476283 -2.847364 -0.765266 -0.045025 1.570796 -0.210551
1776408924.392058 jaka_arm_right solver_failed 0.374392 -0.271998 -0.335045 -0.198702 -0.683053 -0.658053 0.246824 2.225023 0.476283 -2.847364 -0.765266 -0.045025 1.570796 -0.210551
1776408924.400379 jaka_arm_right solver_failed 0.374208 -0.272052 -0.334876 -0.200415 -0.682870 -0.658713 0.244172 2.225023 0.476283 -2.847364 -0.765266 -0.045025 1.570796 -0.210551
1776408924.408637 jaka_arm_right solver_failed 0.373953 -0.272202 -0.334651 -0.201578 -0.683210 -0.658482 0.242881 2.225023 0.476283 -2.847364 -0.765266 -0.045025 1.570796 -0.210551
1776408924.416935 jaka_arm_right solver_failed 0.373524 -0.272384 -0.334311 -0.202763 -0.683526 -0.658067 0.242129 2.225023 0.476283 -2.847364 -0.765266 -0.045025 1.570796 -0.210551
1776408924.425293 jaka_arm_right solver_failed 0.373434 -0.272546 -0.334108 -0.201919 -0.684766 -0.658258 0.238789 2.225023 0.476283 -2.847364 -0.765266 -0.045025 1.570796 -0.210551
1776408924.433671 jaka_arm_right solver_failed 0.373212 -0.272408 -0.333836 -0.202027 -0.684781 -0.659600 0.234923 2.225023 0.476283 -2.847364 -0.765266 -0.045025 1.570796 -0.210551
1776408924.441950 jaka_arm_right solver_failed 0.372570 -0.272403 -0.333279 -0.204751 -0.685452 -0.659005 0.232262 2.225023 0.476283 -2.847364 -0.765266 -0.045025 1.570796 -0.210551
1776408924.450322 jaka_arm_right solver_failed 0.372148 -0.272434 -0.332919 -0.205514 -0.687046 -0.658677 0.227766 2.225023 0.476283 -2.847364 -0.765266 -0.045025 1.570796 -0.210551
1776408924.458704 jaka_arm_right solver_failed 0.371621 -0.272360 -0.332426 -0.207196 -0.688341 -0.658760 0.222019 2.225023 0.476283 -2.847364 -0.765266 -0.045025 1.570796 -0.210551
1776408924.466993 jaka_arm_right solver_failed 0.371413 -0.272266 -0.332174 -0.207033 -0.689887 -0.659711 0.214416 2.225023 0.476283 -2.847364 -0.765266 -0.045025 1.570796 -0.210551
1776408924.475365 jaka_arm_right solver_failed 0.370689 -0.272315 -0.331611 -0.209975 -0.691688 -0.658635 0.208991 2.225023 0.476283 -2.847364 -0.765266 -0.045025 1.570796 -0.210551
1776408924.483552 jaka_arm_right solver_failed 0.369931 -0.272304 -0.331012 -0.212375 -0.692628 -0.658205 0.204765 2.225023 0.476283 -2.847364 -0.765266 -0.045025 1.570796 -0.210551
1776408924.492051 jaka_arm_right solver_failed 0.369553 -0.272227 -0.330629 -0.213615 -0.693245 -0.659143 0.198269 2.225023 0.476283 -2.847364 -0.765266 -0.045025 1.570796 -0.210551
1776408924.500370 jaka_arm_right solver_failed 0.368822 -0.272291 -0.330072 -0.216218 -0.693830 -0.658651 0.195009 2.225023 0.476283 -2.847364 -0.765266 -0.045025 1.570796 -0.210551
1776408924.508646 jaka_arm_right solver_failed 0.368721 -0.272282 -0.329924 -0.216587 -0.694793 -0.659561 0.187968 2.225023 0.476283 -2.847364 -0.765266 -0.045025 1.570796 -0.210551
1776408924.516940 jaka_arm_right solver_failed 0.368296 -0.272558 -0.329447 -0.218026 -0.695758 -0.659184 0.184015 2.225023 0.476283 -2.847364 -0.765266 -0.045025 1.570796 -0.210551
1776408924.525379 jaka_arm_right solver_failed 0.367600 -0.272823 -0.328855 -0.220742 -0.696001 -0.658659 0.181727 2.225023 0.476283 -2.847364 -0.765266 -0.045025 1.570796 -0.210551
1776408924.533654 jaka_arm_right solver_failed 0.367586 -0.272830 -0.328657 -0.220796 -0.696097 -0.660597 0.174097 2.225023 0.476283 -2.847364 -0.765266 -0.045025 1.570796 -0.210551
1776408924.542000 jaka_arm_right solver_failed 0.366868 -0.273063 -0.328079 -0.223883 -0.696295 -0.660452 0.169860 2.225023 0.476283 -2.847364 -0.765266 -0.045025 1.570796 -0.210551
1776408924.550298 jaka_arm_right solver_failed 0.366589 -0.273171 -0.327679 -0.224167 -0.695909 -0.662294 0.163784 2.225023 0.476283 -2.847364 -0.765266 -0.045025 1.570796 -0.210551
1776408924.558889 jaka_arm_right solver_failed 0.365858 -0.273364 -0.327074 -0.225780 -0.696107 -0.662420 0.160181 2.225023 0.476283 -2.847364 -0.765266 -0.045025 1.570796 -0.210551
1776408924.567158 jaka_arm_right solver_failed 0.365176 -0.273629 -0.326436 -0.227970 -0.695633 -0.663322 0.155333 2.225023 0.476283 -2.847364 -0.765266 -0.045025 1.570796 -0.210551
1776408924.575394 jaka_arm_right solver_failed 0.364430 -0.273909 -0.325713 -0.230002 -0.695986 -0.663541 0.149721 2.225023 0.476283 -2.847364 -0.765266 -0.045025 1.570796 -0.210551
1776408924.583649 jaka_arm_right solver_failed 0.363795 -0.274071 -0.325084 -0.230803 -0.695803 -0.664583 0.144628 2.225023 0.476283 -2.847364 -0.765266 -0.045025 1.570796 -0.210551
1776408924.592062 jaka_arm_right solver_failed 0.363027 -0.274147 -0.324334 -0.232182 -0.695458 -0.665580 0.139400 2.225023 0.476283 -2.847364 -0.765266 -0.045025 1.570796 -0.210551
1776408924.600713 jaka_arm_right solver_failed 0.362310 -0.274125 -0.323642 -0.232925 -0.695007 -0.666904 0.133976 2.225023 0.476283 -2.847364 -0.765266 -0.045025 1.570796 -0.210551
1776408924.608622 jaka_arm_right solver_failed 0.361291 -0.274386 -0.322755 -0.234510 -0.695115 -0.666861 0.130829 2.225023 0.476283 -2.847364 -0.765266 -0.045025 1.570796 -0.210551
1776408924.616979 jaka_arm_right solver_failed 0.360470 -0.274570 -0.321994 -0.235886 -0.695277 -0.667355 0.124839 2.225023 0.476283 -2.847364 -0.765266 -0.045025 1.570796 -0.210551
1776408924.625425 jaka_arm_right solver_failed 0.359761 -0.274649 -0.321280 -0.236225 -0.694302 -0.669315 0.118997 2.225023 0.476283 -2.847364 -0.765266 -0.045025 1.570796 -0.210551
1776408924.633854 jaka_arm_right solver_failed 0.358851 -0.274582 -0.320479 -0.238166 -0.692388 -0.671469 0.114040 2.225023 0.476283 -2.847364 -0.765266 -0.045025 1.570796 -0.210551
1776408924.641998 jaka_arm_right solver_failed 0.357886 -0.274943 -0.319621 -0.239486 -0.692514 -0.671620 0.109533 2.225023 0.476283 -2.847364 -0.765266 -0.045025 1.570796 -0.210551
1776408924.650297 jaka_arm_right solver_failed 0.357008 -0.275133 -0.318821 -0.240442 -0.691794 -0.672821 0.104499 2.225023 0.476283 -2.847364 -0.765266 -0.045025 1.570796 -0.210551
1776408924.658727 jaka_arm_right solver_failed 0.356149 -0.275180 -0.318010 -0.241242 -0.690608 -0.674608 0.098831 2.225023 0.476283 -2.847364 -0.765266 -0.045025 1.570796 -0.210551
1776408924.667060 jaka_arm_right solver_failed 0.355009 -0.275307 -0.317009 -0.243065 -0.689391 -0.675780 0.094767 2.225023 0.476283 -2.847364 -0.765266 -0.045025 1.570796 -0.210551
1776408924.675359 jaka_arm_right solver_failed 0.353696 -0.275412 -0.316045 -0.245163 -0.688336 -0.676602 0.091096 2.225023 0.476283 -2.847364 -0.765266 -0.045025 1.570796 -0.210551
1776408924.683564 jaka_arm_right solver_failed 0.352643 -0.275393 -0.315245 -0.245931 -0.686994 -0.678415 0.085504 2.225023 0.476283 -2.847364 -0.765266 -0.045025 1.570796 -0.210551
1776408924.692057 jaka_arm_right solver_failed 0.352000 -0.275459 -0.314552 -0.245557 -0.686438 -0.680054 0.077654 2.225023 0.476283 -2.847364 -0.765266 -0.045025 1.570796 -0.210551
1776408924.700253 jaka_arm_right success 0.350816 -0.275708 -0.313585 -0.247035 -0.686788 -0.679768 0.072195 2.235981 0.590584 -2.850833 -0.778091 -0.060358 1.562978 -0.239640
1776408924.708527 jaka_arm_right success 0.349684 -0.275595 -0.312689 -0.248753 -0.685479 -0.681077 0.066137 2.223471 0.578018 -2.844800 -0.802092 -0.050692 1.544476 -0.250726
1776408924.716910 jaka_arm_right success 0.348617 -0.275640 -0.311949 -0.249886 -0.685662 -0.681137 0.058970 2.210449 0.561325 -2.838525 -0.838386 -0.041529 1.516247 -0.263593
1776408924.725246 jaka_arm_right success 0.347490 -0.275613 -0.311079 -0.250926 -0.684794 -0.682121 0.052954 2.197068 0.549537 -2.833069 -0.861488 -0.032388 1.498786 -0.276677
1776408924.733563 jaka_arm_right success 0.346183 -0.275392 -0.310207 -0.252696 -0.683292 -0.683294 0.048630 2.184382 0.538236 -2.828229 -0.887591 -0.022170 1.479414 -0.285672
1776408924.741927 jaka_arm_right success 0.344814 -0.275626 -0.309346 -0.254652 -0.684045 -0.682171 0.043338 2.173556 0.522673 -2.824405 -0.917091 -0.015494 1.456830 -0.295244
1776408924.750171 jaka_arm_right success 0.343506 -0.275524 -0.308527 -0.256467 -0.682990 -0.682857 0.038155 2.161062 0.510993 -2.819246 -0.940199 -0.004693 1.439290 -0.305438
1776408924.758571 jaka_arm_right success 0.342323 -0.275529 -0.307788 -0.258518 -0.683440 -0.682011 0.030641 2.146423 0.493978 -2.813524 -0.976019 0.004987 1.409862 -0.321469
1776408924.766932 jaka_arm_right success 0.341130 -0.275286 -0.307015 -0.260789 -0.682698 -0.682207 0.022508 2.128503 0.479282 -2.806233 -1.009733 0.019487 1.381711 -0.340166
1776408924.775248 jaka_arm_right success 0.339585 -0.275346 -0.306133 -0.262440 -0.683786 -0.680632 0.017335 2.117049 0.464459 -2.802900 -1.037535 0.026461 1.359349 -0.351697
1776408924.783491 jaka_arm_right success 0.338512 -0.275193 -0.305508 -0.264671 -0.684369 -0.679367 0.006915 2.098075 0.447099 -2.795135 -1.074507 0.040579 1.326292 -0.375658
1776408924.791962 jaka_arm_right success 0.336918 -0.274865 -0.304716 0.268011 0.683980 0.678485 0.000621 2.079273 0.431392 -2.788496 -1.106062 0.057336 1.299776 -0.394101
1776408924.800195 jaka_arm_right success 0.335152 -0.274624 -0.303844 0.272086 0.683506 0.677310 0.006333 2.062349 0.415087 -2.783562 -1.141130 0.071833 1.270831 -0.409827
1776408924.808520 jaka_arm_right success 0.334037 -0.274190 -0.303293 0.274365 0.682616 0.677154 0.014898 2.043419 0.402908 -2.776333 -1.170961 0.088468 1.245095 -0.433950
1776408924.816870 jaka_arm_right success 0.332804 -0.274259 -0.302497 0.277740 0.684022 0.674186 0.021153 2.027782 0.386323 -2.772176 -1.202090 0.100406 1.217573 -0.451515
1776408924.825274 jaka_arm_right success 0.331677 -0.273750 -0.301784 0.280494 0.683689 0.673182 0.026823 2.013133 0.374924 -2.767354 -1.227637 0.114750 1.195353 -0.468268
1776408924.833567 jaka_arm_right success 0.330622 -0.273198 -0.301051 0.284043 0.683485 0.671559 0.034294 1.995615 0.361428 -2.761279 -1.258846 0.132199 1.167207 -0.490195
1776408924.841908 jaka_arm_right success 0.329267 -0.272605 -0.300185 0.287326 0.684147 0.669172 0.039946 1.982503 0.346181 -2.757017 -1.294660 0.145320 1.135586 -0.506792
1776408924.850238 jaka_arm_right success 0.327910 -0.271798 -0.299295 0.291056 0.684086 0.667160 0.047012 1.962592 0.332889 -2.751041 -1.322478 0.165231 1.111709 -0.531944
1776408924.858620 jaka_arm_right success 0.326399 -0.270811 -0.298423 0.294765 0.684332 0.664654 0.055118 1.940908 0.316799 -2.744168 -1.361827 0.187385 1.077663 -0.562533
1776408924.866919 jaka_arm_right success 0.325074 -0.269683 -0.297581 0.297135 0.684399 0.662758 0.063718 1.920497 0.304748 -2.736854 -1.393559 0.209263 1.049858 -0.594575
1776408924.875251 jaka_arm_right success 0.323652 -0.268501 -0.296636 0.299334 0.684561 0.660695 0.072509 1.902413 0.292177 -2.729277 -1.428967 0.231125 1.017984 -0.625299
1776408924.883493 jaka_arm_right success 0.322142 -0.267199 -0.295706 0.301148 0.685226 0.658208 0.080853 1.879801 0.280340 -2.721713 -1.457769 0.255134 0.994877 -0.662280
1776408924.891928 jaka_arm_right success 0.320644 -0.265715 -0.294732 0.302763 0.685435 0.656363 0.087754 1.864116 0.270188 -2.715174 -1.489653 0.275187 0.967236 -0.691049
1776408924.900220 jaka_arm_right success 0.319144 -0.264144 -0.293706 0.304241 0.686380 0.653574 0.095710 1.844893 0.258892 -2.707754 -1.521479 0.298415 0.940262 -0.726627
1776408924.908557 jaka_arm_right success 0.317701 -0.262614 -0.292700 0.304262 0.687281 0.651576 0.102561 1.828480 0.250520 -2.701126 -1.546755 0.318124 0.920314 -0.759244
1776408924.916865 jaka_arm_right success 0.316339 -0.260887 -0.291760 0.304378 0.688222 0.649180 0.110764 1.809632 0.242036 -2.693331 -1.574718 0.341644 0.897416 -0.797985
1776408924.925253 jaka_arm_right success 0.314747 -0.258919 -0.290695 0.306556 0.688326 0.646894 0.117297 1.790003 0.233171 -2.685970 -1.604643 0.368341 0.873734 -0.835067
1776408924.933501 jaka_arm_right success 0.313174 -0.256814 -0.289668 0.308202 0.688300 0.644762 0.124648 1.768820 0.225587 -2.677656 -1.634122 0.397670 0.851046 -0.877337
1776408924.941916 jaka_arm_right success 0.311824 -0.254960 -0.288644 0.308669 0.689865 0.641326 0.132326 1.750368 0.217018 -2.669377 -1.663319 0.424001 0.827119 -0.918890
1776408924.950214 jaka_arm_right success 0.310442 -0.252962 -0.287678 0.307834 0.691071 0.639002 0.139053 1.734020 0.211411 -2.661954 -1.686951 0.446885 0.809375 -0.957573
1776408924.958585 jaka_arm_right success 0.308870 -0.250619 -0.286627 0.309175 0.691309 0.636839 0.144702 1.715822 0.205574 -2.654472 -1.713650 0.474552 0.789740 -0.997101
1776408924.966884 jaka_arm_right success 0.307482 -0.248424 -0.285715 0.310158 0.692029 0.633939 0.151720 1.696094 0.199922 -2.645634 -1.741168 0.505501 0.768765 -1.042882
1776408924.975240 jaka_arm_right success 0.305916 -0.245883 -0.284750 0.310871 0.691822 0.632310 0.157882 1.676387 0.196972 -2.637149 -1.765699 0.536266 0.752651 -1.088306
1776408924.983506 jaka_arm_right success 0.304420 -0.243675 -0.283804 0.310511 0.693055 0.629959 0.162508 1.662371 0.192796 -2.630543 -1.787365 0.558519 0.737376 -1.123851
1776408924.991908 jaka_arm_right success 0.303176 -0.241541 -0.282983 0.309028 0.693798 0.628553 0.167533 1.651245 0.193994 -2.624034 -1.802890 0.576782 0.724771 -1.157062
1776408925.000917 jaka_arm_right success 0.301820 -0.239169 -0.282153 0.309187 0.693775 0.627294 0.171995 1.634015 0.190265 -2.617119 -1.823654 0.602808 0.714471 -1.195893
1776408925.008542 jaka_arm_right success 0.300735 -0.236945 -0.281513 0.306903 0.693906 0.627171 0.175961 1.627382 0.195020 -2.613088 -1.829700 0.611845 0.709769 -1.218506
1776408925.016953 jaka_arm_right success 0.299521 -0.234462 -0.280903 0.307291 0.692875 0.627018 0.179846 1.609508 0.194236 -2.605877 -1.850241 0.639140 0.700874 -1.258685
1776408925.025320 jaka_arm_right success 0.298361 -0.232388 -0.280204 0.306588 0.693589 0.625574 0.183291 1.600957 0.195674 -2.600044 -1.864608 0.655361 0.688623 -1.286310
1776408925.034129 jaka_arm_right success 0.297325 -0.229957 -0.279491 0.306137 0.693998 0.624439 0.186339 1.588209 0.194237 -2.594350 -1.881097 0.674909 0.679985 -1.317585
1776408925.041883 jaka_arm_right success 0.296367 -0.227624 -0.278851 0.306933 0.694306 0.622503 0.190319 1.577123 0.196214 -2.585455 -1.900345 0.700285 0.663043 -1.353325
1776408925.050180 jaka_arm_right success 0.295386 -0.225366 -0.278109 0.306496 0.695615 0.620195 0.193748 1.563222 0.193883 -2.579061 -1.917585 0.721879 0.652565 -1.388019
1776408925.058537 jaka_arm_right success 0.294304 -0.222890 -0.277420 0.306590 0.696606 0.618096 0.196722 1.554804 0.195332 -2.570889 -1.936079 0.743933 0.634792 -1.419611
1776408925.066892 jaka_arm_right success 0.293255 -0.220497 -0.276810 0.307341 0.696678 0.616115 0.201455 1.534782 0.196198 -2.561573 -1.954620 0.775670 0.626304 -1.467139
1776408925.075232 jaka_arm_right success 0.292472 -0.218008 -0.276383 0.306319 0.696172 0.615586 0.206316 1.521974 0.203065 -2.553139 -1.967032 0.797747 0.618610 -1.505768
1776408925.083517 jaka_arm_right success 0.291302 -0.215676 -0.275893 0.306957 0.696317 0.613979 0.209643 1.508832 0.207021 -2.545003 -1.980191 0.822265 0.608945 -1.541476
1776408925.091955 jaka_arm_right success 0.290609 -0.213484 -0.275523 0.305167 0.696013 0.613925 0.213391 1.497613 0.211645 -2.538939 -1.991137 0.837124 0.605998 -1.572629
1776408925.100242 jaka_arm_right success 0.289741 -0.211585 -0.275098 0.305092 0.696278 0.612826 0.215779 1.489561 0.215502 -2.532950 -2.000686 0.853393 0.596559 -1.598450
1776408925.108529 jaka_arm_right success 0.289316 -0.209731 -0.274858 0.303174 0.695780 0.613478 0.218222 1.483852 0.221620 -2.530630 -2.003402 0.857869 0.597076 -1.614951
1776408925.116847 jaka_arm_right success 0.288790 -0.208018 -0.274587 0.302942 0.695774 0.612868 0.220266 1.476096 0.223969 -2.524167 -2.015095 0.873931 0.589476 -1.639126
1776408925.125293 jaka_arm_right success 0.288206 -0.206068 -0.274309 0.304340 0.694971 0.613014 0.220468 1.473007 0.230870 -2.522188 -2.017344 0.880745 0.585546 -1.649212
1776408925.133833 jaka_arm_right success 0.287960 -0.204512 -0.274113 0.303884 0.695127 0.613019 0.220592 1.472978 0.230366 -2.518925 -2.025579 0.887354 0.577497 -1.656352
1776408925.141906 jaka_arm_right success 0.287850 -0.202877 -0.273885 0.304018 0.694594 0.613374 0.221101 1.469775 0.237659 -2.517729 -2.026013 0.890812 0.575634 -1.666567
1776408925.150238 jaka_arm_right success 0.287561 -0.201315 -0.273717 0.305590 0.694353 0.612622 0.221772 1.463681 0.240835 -2.509667 -2.040136 0.911412 0.561397 -1.689462
1776408925.158615 jaka_arm_right success 0.287429 -0.199793 -0.273561 0.306612 0.694058 0.612136 0.222625 1.455106 0.246278 -2.505486 -2.045421 0.923739 0.558943 -1.708527
1776408925.166913 jaka_arm_right success 0.287328 -0.198382 -0.273424 0.307406 0.694364 0.610874 0.224040 1.453066 0.247446 -2.497179 -2.055959 0.940974 0.545171 -1.726153
1776408925.175314 jaka_arm_right success 0.287145 -0.197036 -0.273286 0.309383 0.693811 0.610031 0.225321 1.439275 0.252653 -2.491181 -2.064505 0.959208 0.543172 -1.753196
1776408925.183484 jaka_arm_right success 0.287051 -0.195450 -0.273272 0.310588 0.692535 0.610715 0.225739 1.438591 0.257275 -2.490401 -2.063665 0.962009 0.542036 -1.756200
1776408925.191917 jaka_arm_right success 0.287112 -0.194469 -0.273248 0.310190 0.693151 0.609531 0.227586 1.433907 0.263969 -2.480885 -2.073237 0.980930 0.527653 -1.782602
1776408925.200275 jaka_arm_right success 0.286884 -0.193201 -0.273219 0.312174 0.692371 0.609563 0.227162 1.428482 0.267293 -2.479435 -2.076257 0.987621 0.527137 -1.791138
1776408925.208575 jaka_arm_right success 0.287129 -0.192291 -0.273317 0.312050 0.692059 0.609839 0.227544 1.428933 0.268725 -2.478575 -2.077099 0.989075 0.525678 -1.792555
1776408925.216858 jaka_arm_right success 0.287336 -0.191387 -0.273313 0.312368 0.692015 0.610091 0.226561 1.432417 0.271794 -2.476428 -2.080215 0.993306 0.517198 -1.794426
1776408925.225219 jaka_arm_right success 0.287624 -0.190480 -0.273380 0.312335 0.691876 0.611088 0.224332 1.431809 0.272782 -2.478270 -2.083489 0.991842 0.516291 -1.793667
1776408925.233578 jaka_arm_right success 0.287631 -0.189657 -0.273395 0.314303 0.691257 0.611937 0.221158 1.436001 0.272736 -2.478593 -2.086311 0.994121 0.510319 -1.787141
1776408925.241873 jaka_arm_right success 0.288034 -0.189062 -0.273436 0.314601 0.690779 0.613385 0.218196 1.447568 0.278787 -2.482810 -2.083806 0.986306 0.502367 -1.772606
1776408925.250226 jaka_arm_right success 0.288225 -0.188304 -0.273514 0.315802 0.690226 0.614088 0.216225 1.449933 0.277662 -2.483934 -2.084890 0.986144 0.501066 -1.766495
1776408925.258560 jaka_arm_right success 0.288540 -0.187652 -0.273611 0.316610 0.689216 0.615244 0.214975 1.452979 0.283752 -2.486791 -2.081273 0.981971 0.500424 -1.761704
1776408925.267932 jaka_arm_right success 0.288482 -0.187067 -0.273581 0.318328 0.688768 0.615679 0.212614 1.453763 0.282307 -2.487600 -2.083427 0.983355 0.499029 -1.757456
1776408925.275258 jaka_arm_right success 0.288790 -0.186377 -0.273672 0.318882 0.687249 0.617104 0.212570 1.454034 0.284144 -2.487376 -2.084074 0.984273 0.500265 -1.756294
1776408925.283509 jaka_arm_right success 0.288989 -0.185752 -0.273756 0.319781 0.686405 0.617227 0.213584 1.454201 0.287015 -2.486690 -2.081231 0.985221 0.501304 -1.756878
1776408925.291938 jaka_arm_right success 0.288930 -0.185139 -0.273710 0.321390 0.685520 0.617340 0.213688 1.453609 0.289072 -2.486503 -2.079941 0.986857 0.501830 -1.756925
1776408925.300215 jaka_arm_right success 0.289016 -0.184482 -0.273718 0.322652 0.684176 0.617840 0.214645 1.449304 0.298428 -2.483174 -2.079196 0.993663 0.500147 -1.769120
1776408925.308601 jaka_arm_right success 0.289212 -0.183716 -0.273775 0.323916 0.682415 0.618221 0.217233 1.436495 0.304382 -2.474219 -2.086925 1.011193 0.498764 -1.794609
1776408925.316828 jaka_arm_right success 0.289036 -0.183044 -0.273777 0.326142 0.682197 0.617274 0.217284 1.434912 0.309714 -2.469451 -2.089798 1.022444 0.489615 -1.804894
1776408925.325294 jaka_arm_right success 0.288991 -0.182356 -0.273723 0.328229 0.680888 0.617337 0.218063 1.424613 0.312632 -2.464874 -2.093983 1.033187 0.492130 -1.819440
1776408925.333558 jaka_arm_right success 0.289278 -0.181639 -0.273820 0.328835 0.679031 0.618374 0.219995 1.423206 0.319867 -2.463088 -2.090727 1.035259 0.494131 -1.824896
1776408925.341939 jaka_arm_right success 0.289336 -0.181022 -0.273821 0.330232 0.677903 0.619153 0.219189 1.423013 0.323415 -2.459707 -2.094752 1.043177 0.489035 -1.829642
1776408925.350210 jaka_arm_right success 0.289388 -0.180337 -0.273810 0.332483 0.676346 0.620133 0.217821 1.422028 0.325175 -2.460154 -2.095102 1.045295 0.489711 -1.828080
1776408925.358507 jaka_arm_right success 0.289830 -0.179880 -0.273924 0.332944 0.675293 0.621037 0.217807 1.422157 0.325969 -2.459989 -2.095642 1.045695 0.490320 -1.827637
1776408925.366870 jaka_arm_right success 0.290013 -0.179322 -0.273985 0.333635 0.674309 0.622385 0.215945 1.422152 0.329152 -2.461047 -2.096586 1.046109 0.489860 -1.826542
1776408925.375219 jaka_arm_right success 0.290297 -0.178671 -0.274022 0.335994 0.672251 0.623622 0.215131 1.422588 0.335450 -2.461411 -2.095048 1.047896 0.489715 -1.825846
1776408925.383559 jaka_arm_right success 0.290631 -0.178149 -0.274076 0.336364 0.671422 0.624535 0.214496 1.423162 0.337367 -2.461553 -2.095359 1.048320 0.489561 -1.825098
1776408925.391934 jaka_arm_right success 0.290648 -0.177357 -0.274139 0.339479 0.669593 0.625018 0.213896 1.422879 0.344718 -2.461157 -2.092806 1.052164 0.488130 -1.826454
1776408925.400191 jaka_arm_right success 0.290614 -0.176541 -0.274120 0.341692 0.668106 0.625596 0.213331 1.420060 0.352302 -2.456445 -2.096530 1.063319 0.481482 -1.837361
1776408925.408515 jaka_arm_right success 0.290757 -0.175787 -0.274182 0.343979 0.666729 0.624964 0.215802 1.405401 0.354805 -2.445391 -2.105004 1.083292 0.481044 -1.862690
1776408925.416837 jaka_arm_right success 0.290853 -0.175018 -0.274225 0.345228 0.665531 0.624862 0.217792 1.402844 0.363918 -2.443235 -2.102217 1.087184 0.480294 -1.871789
1776408925.425211 jaka_arm_right success 0.290941 -0.174082 -0.274272 0.347043 0.664048 0.624275 0.221093 1.384780 0.372421 -2.426667 -2.115694 1.116655 0.472840 -1.912787
1776408925.433509 jaka_arm_right success 0.290853 -0.173132 -0.274295 0.348405 0.663377 0.624014 0.221703 1.384604 0.380701 -2.424790 -2.113608 1.121334 0.468988 -1.919590
1776408925.441972 jaka_arm_right success 0.290979 -0.172350 -0.274278 0.349985 0.662721 0.622940 0.224179 1.369476 0.385852 -2.409484 -2.126165 1.148908 0.461067 -1.954800
1776408925.450209 jaka_arm_right success 0.291328 -0.171353 -0.274309 0.350856 0.661175 0.623064 0.227021 1.368204 0.400349 -2.403373 -2.124133 1.159401 0.454560 -1.972409
1776408925.458605 jaka_arm_right success 0.291310 -0.170531 -0.274299 0.352261 0.660296 0.623597 0.225939 1.367397 0.401531 -2.404114 -2.125144 1.160487 0.454699 -1.971239
1776408925.466867 jaka_arm_right success 0.291636 -0.169703 -0.274354 0.353663 0.658958 0.623409 0.228161 1.355484 0.409043 -2.393999 -2.133141 1.178153 0.451748 -1.997966
1776408925.475234 jaka_arm_right success 0.291986 -0.169184 -0.274448 0.353197 0.658388 0.623989 0.228942 1.356812 0.412972 -2.394491 -2.131661 1.177240 0.450711 -1.999207
1776408925.483488 jaka_arm_right success 0.291983 -0.168249 -0.274469 0.355906 0.656386 0.624975 0.227805 1.356513 0.417939 -2.394182 -2.130113 1.180155 0.451721 -1.998703
1776408925.491929 jaka_arm_right success 0.292286 -0.167427 -0.274511 0.357248 0.655105 0.625522 0.227889 1.356233 0.423960 -2.394295 -2.128624 1.181559 0.450859 -2.001543
1776408925.500214 jaka_arm_right success 0.292819 -0.166896 -0.274603 0.356827 0.654637 0.625787 0.229162 1.357657 0.431568 -2.391671 -2.127365 1.185539 0.446670 -2.009347
1776408925.508523 jaka_arm_right success 0.293026 -0.165810 -0.274613 0.359164 0.652491 0.626507 0.229664 1.351855 0.438746 -2.387838 -2.129723 1.193971 0.446372 -2.020637
1776408925.516868 jaka_arm_right success 0.293242 -0.164999 -0.274654 0.360464 0.651911 0.626210 0.230087 1.348712 0.449551 -2.379680 -2.134529 1.211319 0.435019 -2.041785
1776408925.525302 jaka_arm_right success 0.293419 -0.164015 -0.274636 0.362062 0.650549 0.626484 0.230683 1.342979 0.452160 -2.377057 -2.136154 1.216207 0.437457 -2.048766
1776408925.533605 jaka_arm_right success 0.293703 -0.163210 -0.274693 0.363295 0.650401 0.625181 0.232689 1.334816 0.463010 -2.360598 -2.146744 1.247380 0.421018 -2.086084
1776408925.541910 jaka_arm_right success 0.294008 -0.162329 -0.274738 0.363599 0.649748 0.624697 0.235321 1.331792 0.468557 -2.359988 -2.143071 1.246322 0.424600 -2.092235
1776408925.550216 jaka_arm_right success 0.293925 -0.161294 -0.274709 0.365772 0.649431 0.623417 0.236225 1.317845 0.477542 -2.341874 -2.157626 1.283136 0.410295 -2.134801
1776408925.558571 jaka_arm_right success 0.294198 -0.160265 -0.274792 0.367070 0.648295 0.622655 0.239320 1.315100 0.492835 -2.334714 -2.157296 1.298077 0.403183 -2.159233
1776408925.566898 jaka_arm_right success 0.294231 -0.159374 -0.274781 0.367988 0.648230 0.621872 0.240122 1.305954 0.495387 -2.326787 -2.164053 1.313918 0.400198 -2.179894
1776408925.575214 jaka_arm_right success 0.294352 -0.158313 -0.274875 0.369720 0.647201 0.621072 0.242295 1.300864 0.512764 -2.316365 -2.167795 1.340038 0.388108 -2.215236
1776408925.583504 jaka_arm_right success 0.294628 -0.157540 -0.274942 0.369803 0.646848 0.620948 0.243427 1.300112 0.513731 -2.315684 -2.166856 1.339694 0.389594 -2.217088
1776408925.591917 jaka_arm_right success 0.294827 -0.156524 -0.275071 0.371090 0.646177 0.620624 0.244075 1.293159 0.525480 -2.306365 -2.172998 1.363442 0.381549 -2.247955
1776408925.600228 jaka_arm_right success 0.295174 -0.155601 -0.275242 0.372079 0.644892 0.620506 0.246258 1.290646 0.532040 -2.306899 -2.170007 1.362145 0.384551 -2.253317
1776408925.608564 jaka_arm_right success 0.295006 -0.154637 -0.275241 0.373973 0.644944 0.619902 0.244769 1.286227 0.540082 -2.293448 -2.180346 1.400772 0.367586 -2.290442
1776408925.616840 jaka_arm_right success 0.295413 -0.153725 -0.275421 0.374292 0.643802 0.619656 0.247892 1.283239 0.548186 -2.294325 -2.177466 1.397181 0.372536 -2.296755
1776408925.625247 jaka_arm_right success 0.295265 -0.152820 -0.275482 0.375300 0.643817 0.619251 0.247341 1.280844 0.557157 -2.288737 -2.181604 1.418246 0.363906 -2.321038
1776408925.633545 jaka_arm_right success 0.295653 -0.152000 -0.275704 0.374808 0.642880 0.619270 0.250458 1.279052 0.562464 -2.289051 -2.179633 1.414781 0.367269 -2.327012
1776408925.641959 jaka_arm_right success 0.295602 -0.151000 -0.275776 0.377050 0.641626 0.618341 0.252595 1.269108 0.576304 -2.275920 -2.190423 1.455899 0.358663 -2.377717
1776408925.650175 jaka_arm_right success 0.295608 -0.150047 -0.275953 0.377706 0.641013 0.617803 0.254481 1.266733 0.583608 -2.277430 -2.186690 1.453745 0.361477 -2.383813
1776408925.658568 jaka_arm_right success 0.295561 -0.148925 -0.276126 0.379174 0.639776 0.617604 0.255888 1.265259 0.598609 -2.271290 -2.191537 1.484877 0.353064 -2.422585
1776408925.666945 jaka_arm_right success 0.295608 -0.148192 -0.276245 0.379677 0.639506 0.616534 0.258387 1.257855 0.603152 -2.267981 -2.195607 1.497473 0.356075 -2.444775
1776408925.675261 jaka_arm_right success 0.295743 -0.147330 -0.276480 0.380165 0.638319 0.616029 0.261786 1.256482 0.613660 -2.269260 -2.192104 1.497105 0.358862 -2.456398
1776408925.683487 jaka_arm_right success 0.295552 -0.146299 -0.276642 0.381276 0.637806 0.616294 0.260795 1.256794 0.622093 -2.266882 -2.197162 1.524762 0.351529 -2.486272
1776408925.691956 jaka_arm_right success 0.295843 -0.145614 -0.276886 0.380627 0.637038 0.616271 0.263659 1.256186 0.625663 -2.266218 -2.195875 1.522378 0.355050 -2.489541
1776408925.700209 jaka_arm_right success 0.295631 -0.144573 -0.277008 0.382473 0.636409 0.616252 0.262545 1.253724 0.630072 -2.268246 -2.195323 1.522632 0.356230 -2.491968
1776408925.708509 jaka_arm_right success 0.295960 -0.143988 -0.277277 0.381605 0.636046 0.616184 0.264840 1.257169 0.639176 -2.268761 -2.192921 1.530238 0.353706 -2.507598
1776408925.716839 jaka_arm_right success 0.295883 -0.142920 -0.277477 0.383268 0.635230 0.616806 0.262942 1.255502 0.640610 -2.269649 -2.194442 1.532758 0.353973 -2.507332
1776408925.725219 jaka_arm_right success 0.296208 -0.142425 -0.277694 0.382378 0.635350 0.616697 0.264200 1.256378 0.644240 -2.270415 -2.193137 1.532425 0.353814 -2.512521
1776408925.733526 jaka_arm_right success 0.296363 -0.141626 -0.277912 0.383248 0.634914 0.616993 0.263296 1.259290 0.651966 -2.270027 -2.196154 1.558416 0.347711 -2.539494
1776408925.741870 jaka_arm_right success 0.296667 -0.140929 -0.278076 0.383449 0.634648 0.617415 0.262656 1.259301 0.652397 -2.270176 -2.196590 1.558689 0.347704 -2.539105
1776408925.750185 jaka_arm_right success 0.296723 -0.139989 -0.278253 0.385199 0.634115 0.617418 0.261372 1.260748 0.654081 -2.270719 -2.195392 1.562186 0.346277 -2.538398
1776408925.758601 jaka_arm_right success 0.296912 -0.139578 -0.278434 0.385688 0.633855 0.617077 0.262084 1.264179 0.661287 -2.271015 -2.196438 1.584014 0.343452 -2.563971
1776408925.766923 jaka_arm_right success 0.296792 -0.138974 -0.278543 0.386859 0.633258 0.617102 0.261745 1.261928 0.662558 -2.271228 -2.197265 1.584825 0.345464 -2.564489
1776408925.775189 jaka_arm_right success 0.296851 -0.138316 -0.278756 0.387546 0.632551 0.617203 0.262200 1.260134 0.666270 -2.272481 -2.197210 1.583949 0.347397 -2.567504
1776408925.783488 jaka_arm_right success 0.297004 -0.137934 -0.278837 0.387636 0.632324 0.616868 0.263396 1.263079 0.674432 -2.274305 -2.198569 1.605426 0.346564 -2.595376
1776408925.791946 jaka_arm_right success 0.297270 -0.137588 -0.279021 0.387846 0.631803 0.616812 0.264468 1.263429 0.674529 -2.273780 -2.198584 1.605249 0.347065 -2.595547
1776408925.800242 jaka_arm_right success 0.297643 -0.137136 -0.279241 0.388055 0.630680 0.617541 0.265140 1.263837 0.675723 -2.272989 -2.198939 1.605546 0.348378 -2.595148
1776408925.808520 jaka_arm_right success 0.297667 -0.136782 -0.279332 0.389155 0.630809 0.617414 0.263512 1.263204 0.676006 -2.273604 -2.198884 1.606156 0.348112 -2.594599
1776408925.816887 jaka_arm_right success 0.298056 -0.136664 -0.279488 0.389059 0.630473 0.617902 0.263313 1.264775 0.679267 -2.274863 -2.197064 1.606265 0.347177 -2.595147
1776408925.825270 jaka_arm_right success 0.298238 -0.136292 -0.279672 0.390039 0.629489 0.618999 0.261638 1.264677 0.680753 -2.275988 -2.198398 1.607430 0.346379 -2.593583
1776408925.834188 jaka_arm_right success 0.298488 -0.136038 -0.279875 0.391701 0.628404 0.619322 0.260996 1.265726 0.683151 -2.275718 -2.197118 1.609206 0.347033 -2.592105
1776408925.841896 jaka_arm_right success 0.298727 -0.135830 -0.280049 0.392153 0.628330 0.620248 0.258282 1.268524 0.682754 -2.276520 -2.196145 1.612140 0.343308 -2.588936
1776408925.850241 jaka_arm_right success 0.298982 -0.135792 -0.280258 0.392394 0.628662 0.620580 0.256304 1.270856 0.681798 -2.276919 -2.195757 1.614530 0.340195 -2.586221
1776408925.858570 jaka_arm_right success 0.299529 -0.135750 -0.280444 0.392899 0.627833 0.621185 0.256097 1.273373 0.682563 -2.276543 -2.194830 1.615818 0.339002 -2.584386
1776408925.866902 jaka_arm_right success 0.299817 -0.135722 -0.280646 0.393717 0.628164 0.620768 0.255038 1.273384 0.682418 -2.276982 -2.194138 1.616982 0.338192 -2.583359
1776408925.875251 jaka_arm_right success 0.300432 -0.135684 -0.280936 0.393094 0.627718 0.621696 0.254833 1.279446 0.683019 -2.276259 -2.191696 1.618491 0.334630 -2.580422
1776408925.883486 jaka_arm_right success 0.300711 -0.135564 -0.281075 0.394217 0.627423 0.622130 0.252757 1.281316 0.683184 -2.276537 -2.190983 1.620859 0.332512 -2.577242
1776408925.891972 jaka_arm_right success 0.301083 -0.135338 -0.281300 0.395155 0.626408 0.622923 0.251859 1.283630 0.684730 -2.276576 -2.189697 1.622099 0.331218 -2.574714
1776408925.900340 jaka_arm_right success 0.301367 -0.135156 -0.281445 0.395893 0.626134 0.623540 0.249845 1.287227 0.684541 -2.276563 -2.188299 1.624665 0.327797 -2.570190
1776408925.908542 jaka_arm_right success 0.301647 -0.135052 -0.281603 0.396904 0.625872 0.623794 0.248261 1.287992 0.684644 -2.276852 -2.187772 1.626240 0.326504 -2.567678
1776408925.916907 jaka_arm_right success 0.301998 -0.134975 -0.281810 0.397628 0.625252 0.624265 0.247478 1.289553 0.685298 -2.276734 -2.186867 1.627180 0.325493 -2.565460
1776408925.925208 jaka_arm_right success 0.302303 -0.134872 -0.281987 0.398420 0.624564 0.625171 0.245648 1.293336 0.685888 -2.276660 -2.184741 1.628424 0.322090 -2.559607
1776408925.933507 jaka_arm_right success 0.302717 -0.134759 -0.282160 0.398598 0.624568 0.625812 0.243708 1.293860 0.685545 -2.275358 -2.179352 1.609111 0.317878 -2.535908
1776408925.941927 jaka_arm_right success 0.303112 -0.134698 -0.282408 0.399319 0.624445 0.625928 0.242543 1.294654 0.684704 -2.274893 -2.179269 1.611019 0.317051 -2.533402
1776408925.950161 jaka_arm_right success 0.303447 -0.134551 -0.282593 0.400359 0.624479 0.626037 0.240449 1.295174 0.683673 -2.275252 -2.178834 1.613658 0.315190 -2.530546
1776408925.958565 jaka_arm_right success 0.303855 -0.134463 -0.282761 0.401364 0.623971 0.626352 0.239271 1.296351 0.683575 -2.275019 -2.178682 1.615383 0.314255 -2.528508
1776408925.966954 jaka_arm_right success 0.303988 -0.134233 -0.282877 0.402642 0.623589 0.626863 0.236768 1.298870 0.682556 -2.274745 -2.178425 1.619204 0.311518 -2.524143
1776408925.975204 jaka_arm_right success 0.304343 -0.134142 -0.283100 0.403202 0.623359 0.627198 0.235531 1.301715 0.681583 -2.274435 -2.177031 1.621917 0.308781 -2.520802
1776408925.983477 jaka_arm_right success 0.304568 -0.134201 -0.283235 0.403239 0.623454 0.627595 0.234152 1.304846 0.680540 -2.274150 -2.176336 1.623733 0.305781 -2.517660
1776408925.991949 jaka_arm_right success 0.304883 -0.134238 -0.283422 0.403275 0.623046 0.628360 0.233125 1.308566 0.681192 -2.274082 -2.174753 1.623948 0.302793 -2.513719
1776408926.000224 jaka_arm_right success 0.305388 -0.134164 -0.283639 0.403386 0.622131 0.629152 0.233239 1.308281 0.683161 -2.272111 -2.167606 1.598262 0.301227 -2.486081
1776408926.016876 jaka_arm_right success 0.305216 -0.133987 -0.283684 0.404132 0.622074 0.630583 0.228181 1.311535 0.679555 -2.272321 -2.169834 1.601787 0.295534 -2.477918
1776408926.025295 jaka_arm_right success 0.305902 -0.133972 -0.284003 0.402035 0.620842 0.633967 0.225854 1.312340 0.675214 -2.269411 -2.152979 1.510068 0.291698 -2.377523
1776408926.033538 jaka_arm_right success 0.306193 -0.134090 -0.284174 0.400508 0.620995 0.635258 0.224513 1.318630 0.674067 -2.274596 -2.147078 1.489159 0.292913 -2.352747
1776408926.041865 jaka_arm_right success 0.306523 -0.134093 -0.284286 0.399034 0.620972 0.636762 0.222935 1.326373 0.668877 -2.282804 -2.140890 1.460084 0.296790 -2.317823
1776408926.050182 jaka_arm_right success 0.306870 -0.134084 -0.284404 0.397467 0.620865 0.637949 0.222638 1.332807 0.663551 -2.293210 -2.134305 1.429577 0.304591 -2.285682
1776408926.058568 jaka_arm_right success 0.306935 -0.134004 -0.284453 0.397604 0.620481 0.638759 0.221138 1.334257 0.662743 -2.293620 -2.135933 1.430642 0.302959 -2.283226
1776408926.066908 jaka_arm_right success 0.307238 -0.133960 -0.284540 0.396827 0.620011 0.639914 0.220512 1.340957 0.662102 -2.300971 -2.129841 1.413813 0.307537 -2.264022
1776408926.075233 jaka_arm_right success 0.307429 -0.133885 -0.284598 0.396337 0.619793 0.641105 0.218535 1.350563 0.655866 -2.311854 -2.123275 1.391380 0.313661 -2.232807
1776408926.083546 jaka_arm_right success 0.307592 -0.133872 -0.284629 0.395782 0.620076 0.642333 0.215105 1.358094 0.645492 -2.318881 -2.123703 1.379328 0.315788 -2.208390
1776408926.091963 jaka_arm_right success 0.308130 -0.133878 -0.284760 0.393240 0.620643 0.644201 0.212530 1.372407 0.634498 -2.341526 -2.112785 1.338079 0.330648 -2.160944
1776408926.100259 jaka_arm_right success 0.308589 -0.133958 -0.284824 0.390234 0.622466 0.645639 0.208338 1.393096 0.620464 -2.358311 -2.105369 1.313560 0.334695 -2.119663
1776408926.108541 jaka_arm_right success 0.309153 -0.133988 -0.284956 0.387359 0.623966 0.647017 0.204912 1.410561 0.611517 -2.374502 -2.098749 1.292062 0.338216 -2.087525
1776408926.116953 jaka_arm_right success 0.309387 -0.133876 -0.285032 0.385974 0.625483 0.648156 0.199222 1.428878 0.598766 -2.392107 -2.094616 1.272298 0.341005 -2.050855
1776408926.125261 jaka_arm_right success 0.310019 -0.133833 -0.285149 0.383731 0.626838 0.649177 0.195943 1.446047 0.590370 -2.407781 -2.086975 1.253128 0.345171 -2.020898
1776408926.133555 jaka_arm_right success 0.310575 -0.133921 -0.285389 0.381124 0.628688 0.649684 0.193407 1.463251 0.580253 -2.425547 -2.079725 1.230989 0.350992 -1.990120
1776408926.141873 jaka_arm_right success 0.310918 -0.133741 -0.285556 0.380530 0.629132 0.650419 0.190641 1.468764 0.577154 -2.427905 -2.081900 1.230914 0.347190 -1.983125
1776408926.150190 jaka_arm_right success 0.311359 -0.133787 -0.285727 0.378907 0.630549 0.650591 0.188596 1.484366 0.570291 -2.444200 -2.072637 1.211457 0.353790 -1.955570
1776408926.158546 jaka_arm_right success 0.311692 -0.133725 -0.285918 0.377923 0.631467 0.650760 0.186908 1.488466 0.566695 -2.445693 -2.075300 1.211091 0.349976 -1.951541
1776408926.166907 jaka_arm_right success 0.312071 -0.133770 -0.286079 0.376661 0.632837 0.650663 0.185152 1.500082 0.561895 -2.456786 -2.069775 1.198840 0.352410 -1.933247
1776408926.175217 jaka_arm_right success 0.312573 -0.133630 -0.286331 0.374857 0.633576 0.651482 0.183398 1.514144 0.558706 -2.471207 -2.061643 1.181897 0.358305 -1.911150
1776408926.183521 jaka_arm_right success 0.313133 -0.133666 -0.286553 0.372355 0.635342 0.652155 0.179959 1.534774 0.548470 -2.489708 -2.056058 1.162238 0.361751 -1.879985
1776408926.191915 jaka_arm_right success 0.313671 -0.133663 -0.286785 0.370557 0.636843 0.652679 0.176430 1.550879 0.540662 -2.508185 -2.048396 1.142832 0.369357 -1.851024
1776408926.200210 jaka_arm_right success 0.314338 -0.133727 -0.287077 0.367769 0.638872 0.653429 0.172100 1.576291 0.528750 -2.531410 -2.041165 1.118902 0.375690 -1.812093
1776408926.208511 jaka_arm_right success 0.315087 -0.133597 -0.287317 0.365560 0.640473 0.654409 0.167059 1.599503 0.522561 -2.552918 -2.032580 1.098386 0.379399 -1.778199
1776408926.216852 jaka_arm_right success 0.315883 -0.133618 -0.287617 0.363286 0.642440 0.655226 0.161162 1.628737 0.512194 -2.580387 -2.022506 1.072148 0.386057 -1.734248
1776408926.225204 jaka_arm_right success 0.316754 -0.133558 -0.287927 0.360990 0.644277 0.656025 0.155642 1.655386 0.503247 -2.607555 -2.012299 1.045440 0.394202 -1.693700
1776408926.233585 jaka_arm_right success 0.317555 -0.133352 -0.288241 0.359759 0.645629 0.656686 0.149999 1.682710 0.495190 -2.629502 -2.006636 1.025970 0.395322 -1.656604
1776408926.241891 jaka_arm_right success 0.318430 -0.133276 -0.288651 0.357677 0.647925 0.656561 0.145561 1.705661 0.490507 -2.649651 -1.997377 1.007325 0.398025 -1.625374
1776408926.250193 jaka_arm_right success 0.319155 -0.133123 -0.288948 0.356929 0.649460 0.656391 0.141256 1.725008 0.486145 -2.664912 -1.993102 0.994329 0.396269 -1.600869
1776408926.258564 jaka_arm_right success 0.319794 -0.132927 -0.289337 0.355423 0.651485 0.656084 0.137096 1.746392 0.481810 -2.682648 -1.987121 0.978488 0.396407 -1.573638
1776408926.266921 jaka_arm_right success 0.320443 -0.132641 -0.289659 0.354551 0.652969 0.655999 0.132628 1.767631 0.476529 -2.701297 -1.982088 0.962272 0.398922 -1.544509
1776408926.275218 jaka_arm_right success 0.321336 -0.132560 -0.290111 0.351372 0.655273 0.656055 0.129407 1.792278 0.473643 -2.723305 -1.971858 0.940269 0.403192 -1.514088
1776408926.283502 jaka_arm_right success 0.322018 -0.132448 -0.290482 0.349959 0.656874 0.655895 0.125886 1.811693 0.469320 -2.740535 -1.965610 0.924163 0.406544 -1.488646
1776408926.291901 jaka_arm_right success 0.322722 -0.132177 -0.290854 0.347786 0.657907 0.656888 0.121247 1.837352 0.467546 -2.764768 -1.954259 0.901207 0.414395 -1.454171
1776408926.300227 jaka_arm_right success 0.323335 -0.131839 -0.291224 0.345574 0.658653 0.658236 0.116101 1.864537 0.465150 -2.791245 -1.941927 0.875972 0.425418 -1.416137
1776408926.308529 jaka_arm_right success 0.323961 -0.131583 -0.291575 0.342930 0.659254 0.659937 0.110756 1.892962 0.463347 -2.819521 -1.927030 0.848154 0.440287 -1.375387
1776408926.316864 jaka_arm_right success 0.324524 -0.131403 -0.291876 0.339854 0.660285 0.661342 0.105591 1.917081 0.461159 -2.843409 -1.917229 0.825005 0.449481 -1.341629
1776408926.325291 jaka_arm_right success 0.324937 -0.131067 -0.292176 0.337756 0.660758 0.662705 0.100706 1.941037 0.458066 -2.868808 -1.903851 0.798791 0.465718 -1.305145
1776408926.333554 jaka_arm_right success 0.325447 -0.130824 -0.292464 0.335646 0.660812 0.664187 0.097594 1.955582 0.460193 -2.880724 -1.896628 0.786334 0.471458 -1.286063
1776408926.342010 jaka_arm_right success 0.325853 -0.130427 -0.292679 0.332823 0.661306 0.665700 0.093522 1.977927 0.460094 -2.903135 -1.882159 0.761997 0.486556 -1.254122
1776408926.350210 jaka_arm_right success 0.326207 -0.130016 -0.292880 0.330315 0.661322 0.667321 0.090716 1.990961 0.464405 -2.916316 -1.871314 0.747426 0.495305 -1.235815
1776408926.358545 jaka_arm_right success 0.326465 -0.129748 -0.292996 0.327145 0.662371 0.668280 0.087422 2.006728 0.461569 -2.930592 -1.866241 0.731043 0.503616 -1.214995
1776408926.366951 jaka_arm_right success 0.326590 -0.129202 -0.293115 0.325140 0.661812 0.670024 0.085771 2.011170 0.466089 -2.940226 -1.855329 0.719716 0.515810 -1.204919
1776408926.375237 jaka_arm_right success 0.326844 -0.128897 -0.293259 0.321272 0.662479 0.671261 0.085525 2.022314 0.468917 -2.947305 -1.846957 0.708602 0.521997 -1.193950
1776408926.383483 jaka_arm_right success 0.326709 -0.128456 -0.293188 0.318514 0.662974 0.672471 0.082446 2.035537 0.466643 -2.960735 -1.840984 0.693198 0.532743 -1.174495
1776408926.391961 jaka_arm_right success 0.326843 -0.127981 -0.293246 0.315159 0.663075 0.674037 0.081733 2.038241 0.474162 -2.966743 -1.830465 0.683745 0.541426 -1.170881
1776408926.400189 jaka_arm_right success 0.326760 -0.127426 -0.293207 0.312855 0.662994 0.675355 0.080349 2.048898 0.469627 -2.975359 -1.827904 0.673121 0.549814 -1.156000
1776408926.408517 jaka_arm_right success 0.326783 -0.126896 -0.293156 0.309170 0.663046 0.677177 0.078833 2.054292 0.479112 -2.982344 -1.814602 0.662371 0.559790 -1.149240
1776408926.416824 jaka_arm_right success 0.326903 -0.126554 -0.293092 0.305490 0.663492 0.678593 0.077237 2.067879 0.476449 -2.993835 -1.807724 0.647602 0.571367 -1.130814
1776408926.425306 jaka_arm_right success 0.326984 -0.125917 -0.293070 0.303238 0.662591 0.680603 0.076150 2.067804 0.484101 -2.996866 -1.798794 0.642120 0.579622 -1.129885
1776408926.433598 jaka_arm_right success 0.327073 -0.125455 -0.293009 0.300377 0.662546 0.682279 0.072809 2.084684 0.484157 -3.010286 -1.787709 0.626402 0.592804 -1.105694
1776408926.441930 jaka_arm_right success 0.327357 -0.125067 -0.293051 0.297541 0.662395 0.683874 0.070846 2.091145 0.488485 -3.019250 -1.775838 0.614218 0.605209 -1.095018
1776408926.450143 jaka_arm_right success 0.327780 -0.124689 -0.293107 0.293652 0.662716 0.685486 0.068449 2.106193 0.489844 -3.029195 -1.768626 0.600964 0.613055 -1.076883
1776408926.458593 jaka_arm_right success 0.328125 -0.124147 -0.293156 0.291177 0.662458 0.687118 0.065069 2.114088 0.496163 -3.038526 -1.752867 0.589645 0.628227 -1.062124
1776408926.466862 jaka_arm_right success 0.328372 -0.123794 -0.293147 0.288502 0.663226 0.687802 0.061851 2.128739 0.495492 -3.048971 -1.748003 0.576752 0.634295 -1.043749
1776408926.475241 jaka_arm_right success 0.328626 -0.123463 -0.293182 0.286178 0.663780 0.688474 0.059169 2.136862 0.498710 -3.057121 -1.740813 0.567353 0.639932 -1.031821
1776408926.483495 jaka_arm_right success 0.328972 -0.122915 -0.293323 0.283437 0.664239 0.689320 0.057346 2.146961 0.502093 -3.065241 -1.728653 0.555804 0.650990 -1.018422
1776408926.491890 jaka_arm_right success 0.328936 -0.122504 -0.293290 0.283494 0.664698 0.689008 0.055455 2.146131 0.502730 -3.067083 -1.729403 0.555074 0.650572 -1.017471
1776408926.500193 jaka_arm_right success 0.329191 -0.122149 -0.293346 0.281450 0.665926 0.688778 0.053971 2.157933 0.502984 -3.072471 -1.729412 0.547967 0.648295 -1.006204
1776408926.508538 jaka_arm_right success 0.329550 -0.121641 -0.293532 0.279934 0.666442 0.688937 0.053451 2.160925 0.505781 -3.074914 -1.723736 0.543856 0.652157 -1.002900
1776408926.516930 jaka_arm_right success 0.329781 -0.121090 -0.293667 0.278968 0.667188 0.688709 0.052128 2.167136 0.507148 -3.079428 -1.721969 0.538614 0.652096 -0.995871
1776408926.525233 jaka_arm_right success 0.330164 -0.120576 -0.293865 0.277576 0.668145 0.688490 0.050147 2.176701 0.509025 -3.085689 -1.717669 0.531620 0.653160 -0.984497
1776408926.533654 jaka_arm_right success 0.330596 -0.120169 -0.294077 0.275344 0.669688 0.687998 0.048604 2.186714 0.509932 -3.092627 -1.712049 0.522546 0.656572 -0.973359
1776408926.541989 jaka_arm_right success 0.330833 -0.119751 -0.294279 0.274335 0.671432 0.686922 0.045357 2.196941 0.510717 -3.100271 -1.710941 0.515069 0.654970 -0.960859
1776408926.550266 jaka_arm_right success 0.331117 -0.119313 -0.294513 0.273496 0.672337 0.686433 0.044415 2.202571 0.512997 -3.104462 -1.705270 0.510076 0.657573 -0.953922
1776408926.558614 jaka_arm_right success 0.331257 -0.118741 -0.294710 0.273340 0.673374 0.685604 0.042412 2.207681 0.513264 -3.108921 -1.705491 0.506115 0.655699 -0.947419
1776408926.566895 jaka_arm_right success 0.331218 -0.118296 -0.294879 0.274029 0.674502 0.684293 0.041204 2.208394 0.513067 -3.111017 -1.705542 0.505254 0.653549 -0.945296
1776408926.575264 jaka_arm_right success 0.331395 -0.117807 -0.295137 0.274350 0.675277 0.683292 0.042958 2.209240 0.512160 -3.110593 -1.704444 0.504958 0.651800 -0.946017
1776408926.583494 jaka_arm_right success 0.331106 -0.117146 -0.295234 0.276330 0.675419 0.682398 0.042236 2.211315 0.513363 -3.109648 -1.711567 0.508568 0.639338 -0.945270
1776408926.591968 jaka_arm_right success 0.331030 -0.116734 -0.295430 0.277748 0.675862 0.681250 0.044334 2.204958 0.512972 -3.103520 -1.716809 0.514797 0.632166 -0.955561
1776408926.600219 jaka_arm_right success 0.331020 -0.116274 -0.295641 0.278354 0.676485 0.680247 0.046377 2.200418 0.513407 -3.098589 -1.724346 0.520162 0.620529 -0.964751
1776408926.608532 jaka_arm_right success 0.330717 -0.115790 -0.295705 0.280926 0.676940 0.678646 0.047673 2.194143 0.507696 -3.091466 -1.739244 0.529219 0.606228 -0.975070
1776408926.616902 jaka_arm_right success 0.330481 -0.115274 -0.295848 0.283279 0.676639 0.677792 0.050108 2.183603 0.511612 -3.083356 -1.741387 0.538444 0.597928 -0.988765
1776408926.625273 jaka_arm_right success 0.330418 -0.114995 -0.296041 0.284409 0.677322 0.676342 0.053933 2.171484 0.506501 -3.072103 -1.756831 0.549023 0.583580 -1.008326
1776408926.633612 jaka_arm_right success 0.330233 -0.114452 -0.296139 0.286559 0.676610 0.675931 0.056561 2.161966 0.510866 -3.062589 -1.759387 0.559426 0.574621 -1.021495
1776408926.641892 jaka_arm_right success 0.329639 -0.113901 -0.296099 0.290224 0.675963 0.674983 0.056945 2.154142 0.503259 -3.054716 -1.775892 0.570477 0.562767 -1.030418
1776408926.650201 jaka_arm_right success 0.329497 -0.113540 -0.296188 0.291253 0.676176 0.674061 0.059998 2.141765 0.507058 -3.043901 -1.779833 0.580428 0.553218 -1.048294
1776408926.658576 jaka_arm_right success 0.329311 -0.113090 -0.296264 0.292139 0.676096 0.673630 0.061416 2.139588 0.507547 -3.040167 -1.783068 0.583639 0.547649 -1.053485
1776408926.666881 jaka_arm_right success 0.329019 -0.112504 -0.296348 0.293783 0.675610 0.673232 0.063251 2.124711 0.508733 -3.028723 -1.791180 0.595205 0.538936 -1.071772
1776408926.675211 jaka_arm_right success 0.328680 -0.111968 -0.296337 0.295195 0.675409 0.672760 0.063854 2.124245 0.507554 -3.024788 -1.798079 0.600389 0.530367 -1.074266
1776408926.683559 jaka_arm_right success 0.328393 -0.111422 -0.296335 0.296454 0.676000 0.671518 0.064826 2.116956 0.508564 -3.018590 -1.804762 0.606779 0.520487 -1.084816
1776408926.691935 jaka_arm_right success 0.328349 -0.110833 -0.296424 0.296117 0.676155 0.671267 0.067307 2.108576 0.509721 -3.011660 -1.806112 0.611084 0.518285 -1.096839
1776408926.700274 jaka_arm_right success 0.328171 -0.110202 -0.296471 0.296539 0.676616 0.670318 0.070210 2.101777 0.511985 -3.001082 -1.814691 0.619923 0.503424 -1.111282
1776408926.708581 jaka_arm_right success 0.327685 -0.109607 -0.296358 0.298308 0.677453 0.668463 0.072293 2.090978 0.504979 -2.989856 -1.829501 0.630685 0.491345 -1.125712
1776408926.716885 jaka_arm_right success 0.327237 -0.108805 -0.296336 0.299907 0.677687 0.667060 0.076336 2.071696 0.510250 -2.971384 -1.837706 0.646192 0.475920 -1.152318
1776408926.725259 jaka_arm_right success 0.326729 -0.108107 -0.296266 0.302003 0.678409 0.664795 0.081260 2.052652 0.511881 -2.948578 -1.854895 0.664272 0.451784 -1.182947
1776408926.733515 jaka_arm_right success 0.326400 -0.107276 -0.296281 0.303450 0.678656 0.663104 0.087391 2.026054 0.511759 -2.922175 -1.869024 0.684626 0.434349 -1.217091
1776408926.741977 jaka_arm_right success 0.325814 -0.106448 -0.296200 0.305939 0.678961 0.661145 0.091110 2.006380 0.517273 -2.899630 -1.880575 0.702396 0.413675 -1.244687
1776408926.750211 jaka_arm_right success 0.325344 -0.105773 -0.296213 0.308454 0.679553 0.658620 0.096354 1.978784 0.515862 -2.868280 -1.902286 0.725352 0.387892 -1.280916
1776408926.758522 jaka_arm_right success 0.325025 -0.105132 -0.296250 0.310241 0.680031 0.656541 0.101298 1.952328 0.519445 -2.840896 -1.913139 0.742923 0.371597 -1.313330
1776408926.766914 jaka_arm_right success 0.324930 -0.104588 -0.296407 0.310356 0.680092 0.656009 0.103954 1.942150 0.522839 -2.827281 -1.917830 0.751508 0.361448 -1.327483
1776408926.775213 jaka_arm_right success 0.324772 -0.104023 -0.296480 0.312197 0.679537 0.655509 0.105214 1.931676 0.527216 -2.817709 -1.919449 0.757967 0.356254 -1.338408
1776408926.783481 jaka_arm_right success 0.324945 -0.103634 -0.296665 0.312718 0.679543 0.655098 0.106183 1.928988 0.527829 -2.809222 -1.924757 0.764306 0.347375 -1.344007
1776408926.791966 jaka_arm_right success 0.325103 -0.103356 -0.296843 0.313275 0.679427 0.654923 0.106362 1.926402 0.529022 -2.808248 -1.923417 0.764860 0.347685 -1.345923
1776408926.800255 jaka_arm_right success 0.325182 -0.102968 -0.296950 0.315045 0.678708 0.654966 0.105460 1.923164 0.532029 -2.804581 -1.924281 0.769059 0.343965 -1.348167
1776408926.808520 jaka_arm_right success 0.325653 -0.102797 -0.297221 0.314233 0.678870 0.655082 0.106117 1.923571 0.531949 -2.804258 -1.924291 0.768698 0.344101 -1.348562
1776408926.816901 jaka_arm_right success 0.325801 -0.102430 -0.297324 0.316199 0.678256 0.654797 0.105961 1.919400 0.536881 -2.799446 -1.922627 0.772674 0.340735 -1.352707
1776408926.825267 jaka_arm_right success 0.325979 -0.102212 -0.297479 0.316909 0.677668 0.655126 0.105566 1.919053 0.537122 -2.799599 -1.922758 0.773162 0.340810 -1.352234
1776408926.833539 jaka_arm_right success 0.326109 -0.102104 -0.297549 0.317664 0.677605 0.654902 0.105095 1.918593 0.537099 -2.799190 -1.922440 0.774555 0.340951 -1.351270
1776408926.841912 jaka_arm_right success 0.326319 -0.101984 -0.297713 0.317668 0.677450 0.655108 0.104797 1.918593 0.537099 -2.799190 -1.922440 0.774555 0.340951 -1.351270
1776408926.850207 jaka_arm_right success 0.326589 -0.101877 -0.297740 0.318709 0.677244 0.654896 0.104290 1.918096 0.537236 -2.799520 -1.922428 0.775091 0.340796 -1.350739
1776408926.858555 jaka_arm_right success 0.326683 -0.101609 -0.297747 0.319964 0.676649 0.655076 0.103173 1.917396 0.537779 -2.799147 -1.922259 0.777411 0.340963 -1.348904
1776408926.866895 jaka_arm_right success 0.326857 -0.101444 -0.297794 0.320542 0.676356 0.655233 0.102302 1.917163 0.538327 -2.799455 -1.922727 0.778000 0.340771 -1.348232
1776408926.875225 jaka_arm_right success 0.326947 -0.101209 -0.297801 0.321541 0.675885 0.655360 0.101464 1.918692 0.539263 -2.798997 -1.923431 0.780022 0.337752 -1.346549
1776408926.883475 jaka_arm_right success 0.327169 -0.101157 -0.297849 0.321442 0.676037 0.655166 0.102016 1.918692 0.539263 -2.798997 -1.923431 0.780022 0.337752 -1.346549
1776408926.891983 jaka_arm_right success 0.327340 -0.101013 -0.297976 0.321334 0.676183 0.655014 0.102359 1.919952 0.540224 -2.797758 -1.922933 0.780483 0.335484 -1.347228
1776408926.900338 jaka_arm_right success 0.327423 -0.100857 -0.298012 0.321084 0.676385 0.654901 0.102537 1.919952 0.540224 -2.797758 -1.922933 0.780483 0.335484 -1.347228
1776408926.908559 jaka_arm_right success 0.327458 -0.100575 -0.298064 0.321566 0.675864 0.655211 0.102476 1.919962 0.540442 -2.797563 -1.922981 0.780750 0.335654 -1.347065
1776408926.916961 jaka_arm_right success 0.327499 -0.100330 -0.298081 0.321877 0.675579 0.655317 0.102699 1.915622 0.544100 -2.791413 -1.924693 0.784870 0.330207 -1.352627
1776408926.925268 jaka_arm_right success 0.327631 -0.100135 -0.298120 0.321042 0.675569 0.655747 0.102638 1.915993 0.544300 -2.791215 -1.925005 0.784511 0.330460 -1.352925
1776408926.933661 jaka_arm_right success 0.327515 -0.099926 -0.298002 0.321840 0.675484 0.655486 0.102362 1.915993 0.544300 -2.791215 -1.925005 0.784511 0.330460 -1.352925
1776408926.941930 jaka_arm_right success 0.327563 -0.099701 -0.297955 0.321811 0.675369 0.655501 0.103118 1.914053 0.547747 -2.789161 -1.923511 0.785529 0.328658 -1.355675
1776408926.950176 jaka_arm_right success 0.327691 -0.099539 -0.297852 0.320742 0.675708 0.655501 0.104215 1.914825 0.547557 -2.788672 -1.923867 0.784330 0.328701 -1.356958
1776408926.958602 jaka_arm_right success 0.327717 -0.099450 -0.297730 0.320045 0.676354 0.655008 0.105269 1.911612 0.547788 -2.784423 -1.926121 0.785866 0.325354 -1.361860
1776408926.967011 jaka_arm_right success 0.327405 -0.099039 -0.297442 0.321357 0.675987 0.654845 0.104640 1.908639 0.547235 -2.778895 -1.931869 0.791090 0.317950 -1.364758
1776408926.975287 jaka_arm_right success 0.327421 -0.098731 -0.297250 0.321410 0.675796 0.654745 0.106317 1.897806 0.550350 -2.768819 -1.933127 0.795403 0.315456 -1.375646
1776408926.983506 jaka_arm_right success 0.327526 -0.098642 -0.297051 0.320303 0.676698 0.654069 0.108073 1.897383 0.552925 -2.763921 -1.935346 0.796721 0.307783 -1.381167
1776408926.991951 jaka_arm_right success 0.327498 -0.098462 -0.296749 0.320408 0.676827 0.653919 0.107862 1.896825 0.552805 -2.764420 -1.935399 0.796946 0.307410 -1.380915
1776408927.000361 jaka_arm_right success 0.327440 -0.098327 -0.296474 0.320581 0.676863 0.653828 0.107667 1.896888 0.551659 -2.763483 -1.937264 0.797349 0.307163 -1.381140
1776408927.016879 jaka_arm_right success 0.327620 -0.098060 -0.296286 0.318250 0.677029 0.654118 0.111708 1.885727 0.553256 -2.751531 -1.940319 0.799113 0.304463 -1.395930
1776408927.025331 jaka_arm_right success 0.326806 -0.097770 -0.295294 0.320814 0.678030 0.650268 0.120438 1.833898 0.562687 -2.687469 -1.967985 0.831222 0.260689 -1.453598
1776408927.033667 jaka_arm_right success 0.326359 -0.097783 -0.294669 0.321467 0.676914 0.651183 0.120025 1.833767 0.563518 -2.686101 -1.967766 0.832977 0.262213 -1.452342
1776408927.041959 jaka_arm_right success 0.325985 -0.098582 -0.294153 0.318844 0.677572 0.651506 0.121550 1.832864 0.561770 -2.686280 -1.969141 0.829737 0.265027 -1.455182
1776408927.050225 jaka_arm_right success 0.325639 -0.099208 -0.293747 0.316594 0.674194 0.654662 0.129029 1.815601 0.566647 -2.679058 -1.958912 0.823287 0.286882 -1.469671
1776408927.058563 jaka_arm_right success 0.324691 -0.099678 -0.293000 0.319710 0.669651 0.656821 0.133933 1.777853 0.571616 -2.645497 -1.968192 0.837816 0.286986 -1.499136
1776408927.066933 jaka_arm_right success 0.324273 -0.100307 -0.292127 0.320033 0.666013 0.659461 0.138261 1.761904 0.576040 -2.634825 -1.966076 0.838882 0.298536 -1.510837
1776408927.075236 jaka_arm_right success 0.324042 -0.101184 -0.291182 0.318329 0.664119 0.662053 0.138922 1.760706 0.577809 -2.634537 -1.966640 0.836951 0.303596 -1.512400
1776408927.083511 jaka_arm_right success 0.324218 -0.102105 -0.290069 0.316259 0.662756 0.664094 0.140401 1.761397 0.574563 -2.639374 -1.964563 0.831013 0.317403 -1.509610
1776408927.091979 jaka_arm_right success 0.324197 -0.102766 -0.288834 0.316155 0.661226 0.666027 0.138689 1.770260 0.567747 -2.650066 -1.961645 0.826119 0.329160 -1.496510
1776408927.100268 jaka_arm_right success 0.324466 -0.103559 -0.287745 0.313874 0.660472 0.668237 0.136819 1.788418 0.562963 -2.671478 -1.953643 0.813516 0.345418 -1.475932
1776408927.108516 jaka_arm_right success 0.324830 -0.104537 -0.286671 0.311277 0.660456 0.669576 0.136283 1.800582 0.555107 -2.685517 -1.949498 0.803254 0.359337 -1.461596
1776408927.117013 jaka_arm_right success 0.325132 -0.105227 -0.285640 0.308899 0.659988 0.671315 0.135405 1.814231 0.551282 -2.698439 -1.943941 0.794055 0.370061 -1.447121
1776408927.125286 jaka_arm_right success 0.325354 -0.105587 -0.284642 0.307896 0.659189 0.672657 0.134916 1.815072 0.550267 -2.701118 -1.942616 0.791280 0.375852 -1.444863
1776408927.133533 jaka_arm_right success 0.325853 -0.105992 -0.283749 0.305992 0.660042 0.672492 0.135899 1.820755 0.547580 -2.702779 -1.944061 0.789082 0.375016 -1.442014
1776408927.142054 jaka_arm_right success 0.326168 -0.105974 -0.282961 0.304751 0.660335 0.673090 0.134292 1.832508 0.544632 -2.711836 -1.942592 0.784162 0.376902 -1.430236
1776408927.150152 jaka_arm_right success 0.326593 -0.105846 -0.282235 0.304803 0.661548 0.672250 0.132402 1.840501 0.541502 -2.716893 -1.944618 0.782378 0.373319 -1.423084
1776408927.158701 jaka_arm_right success 0.327841 -0.105448 -0.281894 0.302896 0.663153 0.671672 0.131679 1.852358 0.541301 -2.722783 -1.943276 0.778787 0.368737 -1.415545
1776408927.166913 jaka_arm_right success 0.328794 -0.105214 -0.281574 0.303740 0.666085 0.669098 0.127986 1.870523 0.538235 -2.733754 -1.943906 0.776419 0.358501 -1.399744
1776408927.175298 jaka_arm_right success 0.330203 -0.104434 -0.281556 0.304213 0.667636 0.668023 0.124347 1.887698 0.536830 -2.743926 -1.944034 0.774052 0.351463 -1.384716
1776408927.183491 jaka_arm_right success 0.331590 -0.103699 -0.281597 0.305807 0.670709 0.665029 0.119867 1.905810 0.534244 -2.754027 -1.946383 0.774100 0.337109 -1.369134
1776408927.191927 jaka_arm_right success 0.333018 -0.102801 -0.281843 0.308214 0.673037 0.662363 0.115332 1.921026 0.531755 -2.760947 -1.950338 0.776577 0.322525 -1.355808
1776408927.200259 jaka_arm_right success 0.334217 -0.101800 -0.282249 0.310442 0.675753 0.659342 0.110691 1.937287 0.531161 -2.769374 -1.953201 0.778276 0.306975 -1.342413
1776408927.208513 jaka_arm_right success 0.335710 -0.100856 -0.282856 0.310575 0.678330 0.657186 0.107320 1.960327 0.532121 -2.786958 -1.948944 0.772498 0.300504 -1.324587
1776408927.216867 jaka_arm_right success 0.337012 -0.099701 -0.283585 0.311653 0.680644 0.654744 0.104434 1.971272 0.531283 -2.791109 -1.952078 0.774536 0.287283 -1.316929
1776408927.225226 jaka_arm_right success 0.338147 -0.098282 -0.284402 0.312246 0.682742 0.652753 0.101390 1.991791 0.531567 -2.807303 -1.948516 0.770219 0.282588 -1.300793
1776408927.233533 jaka_arm_right success 0.339165 -0.097006 -0.285158 0.313820 0.685525 0.649444 0.098968 2.002281 0.535226 -2.810272 -1.949566 0.773051 0.265584 -1.295034
1776408927.241873 jaka_arm_right success 0.340426 -0.095626 -0.286029 0.314009 0.687898 0.646937 0.098323 2.007519 0.537586 -2.811973 -1.949094 0.773612 0.256050 -1.293343
1776408927.250197 jaka_arm_right success 0.341018 -0.094124 -0.286726 0.317442 0.687788 0.645510 0.097442 2.006824 0.542536 -2.801429 -1.953892 0.782619 0.237656 -1.295482
1776408927.258608 jaka_arm_right success 0.341556 -0.093294 -0.287354 0.320362 0.687174 0.644282 0.100302 1.975025 0.552405 -2.767222 -1.960761 0.795279 0.218633 -1.321776
1776408927.266920 jaka_arm_right success 0.341864 -0.092559 -0.287811 0.324330 0.685981 0.642942 0.104242 1.940389 0.564155 -2.721190 -1.971911 0.813239 0.189438 -1.349566
1776408927.275372 jaka_arm_right success 0.342058 -0.092242 -0.287950 0.327269 0.686163 0.641213 0.104511 1.930673 0.569624 -2.701322 -1.978252 0.822396 0.169241 -1.356867
1776408927.283515 jaka_arm_right success 0.342632 -0.092239 -0.288204 0.327868 0.687777 0.639133 0.104757 1.930405 0.567950 -2.702011 -1.977079 0.821590 0.167443 -1.357699
1776408927.292047 jaka_arm_right success 0.343165 -0.092091 -0.288395 0.328847 0.689056 0.637326 0.104294 1.935357 0.567275 -2.700405 -1.980382 0.825399 0.156419 -1.354782
1776408927.300412 jaka_arm_right success 0.343592 -0.092185 -0.288637 0.330153 0.689983 0.635703 0.103939 1.932040 0.569851 -2.691401 -1.983706 0.829376 0.143256 -1.357278
1776408927.308540 jaka_arm_right success 0.344250 -0.092600 -0.289052 0.329166 0.690865 0.635693 0.101238 1.946107 0.568533 -2.705147 -1.982593 0.828435 0.145458 -1.349330
1776408927.316937 jaka_arm_right success 0.344643 -0.092877 -0.289198 0.329773 0.691381 0.635709 0.095478 1.981560 0.559973 -2.746230 -1.973711 0.825443 0.161732 -1.325285
1776408927.325363 jaka_arm_right success 0.345461 -0.093279 -0.289473 0.329107 0.692453 0.635377 0.092162 2.009070 0.554200 -2.777656 -1.966155 0.820164 0.174779 -1.306962
1776408927.333529 jaka_arm_right success 0.345966 -0.093786 -0.289733 0.329919 0.694015 0.633636 0.089449 2.021684 0.550650 -2.787313 -1.968604 0.821099 0.169402 -1.298307
1776408927.341852 jaka_arm_right success 0.346283 -0.093998 -0.289941 0.331705 0.695124 0.631858 0.086777 2.032957 0.547560 -2.795864 -1.969947 0.823222 0.164915 -1.289310
1776408927.350206 jaka_arm_right success 0.346660 -0.094435 -0.290204 0.333725 0.697103 0.628416 0.088143 2.035483 0.542429 -2.794310 -1.971483 0.825544 0.157129 -1.287820
1776408927.358651 jaka_arm_right success 0.346786 -0.094786 -0.290483 0.335255 0.698933 0.625427 0.089094 2.024775 0.545800 -2.774531 -1.979113 0.832362 0.134759 -1.295537
1776408927.367010 jaka_arm_right success 0.346697 -0.095226 -0.290643 0.338140 0.700791 0.621426 0.091559 1.994093 0.548031 -2.731132 -1.995059 0.842327 0.101022 -1.313976
1776408927.375249 jaka_arm_right success 0.346660 -0.095480 -0.290911 0.340108 0.702079 0.618243 0.095849 1.959887 0.559015 -2.684316 -2.004375 0.846238 0.068722 -1.332945
1776408927.383482 jaka_arm_right success 0.346819 -0.095917 -0.291287 0.340887 0.703806 0.614919 0.101626 1.925894 0.561349 -2.639681 -2.015571 0.845611 0.043444 -1.347524
1776408927.391942 jaka_arm_right success 0.346746 -0.096284 -0.291640 0.343195 0.704620 0.611795 0.106931 1.884764 0.575458 -2.579635 -2.030200 0.842975 0.002756 -1.361649
1776408927.400314 jaka_arm_right success 0.346500 -0.096763 -0.291941 0.345751 0.705347 0.608725 0.111336 1.846799 0.584507 -2.529408 -2.043656 0.835544 -0.027651 -1.369177
1776408927.408498 jaka_arm_right success 0.346351 -0.097342 -0.292295 0.347810 0.705742 0.606348 0.115318 1.814207 0.599063 -2.487654 -2.052596 0.824073 -0.056427 -1.374593
1776408927.416849 jaka_arm_right success 0.346369 -0.098099 -0.292660 0.349212 0.706201 0.604442 0.118242 1.797706 0.601755 -2.464321 -2.059050 0.817972 -0.069984 -1.375063
1776408927.425309 jaka_arm_right success 0.346575 -0.098815 -0.293100 0.350791 0.705799 0.603384 0.121327 1.783460 0.609217 -2.446826 -2.059652 0.810472 -0.079369 -1.377024
1776408927.433976 jaka_arm_right success 0.346776 -0.099755 -0.293449 0.351624 0.705359 0.603236 0.122211 1.783545 0.609062 -2.444670 -2.057957 0.811289 -0.078617 -1.375933
1776408927.441893 jaka_arm_right success 0.346996 -0.100671 -0.293764 0.353065 0.704633 0.603138 0.122726 1.776168 0.608083 -2.439645 -2.057065 0.809986 -0.075779 -1.375808
1776408927.450172 jaka_arm_right success 0.347274 -0.101964 -0.293966 0.353575 0.704559 0.603132 0.121713 1.775777 0.608185 -2.439941 -2.057007 0.810378 -0.075926 -1.375421
1776408927.458584 jaka_arm_right success 0.347722 -0.103174 -0.294244 0.354335 0.703331 0.604238 0.121116 1.776274 0.602887 -2.441178 -2.057661 0.814186 -0.069773 -1.372754
1776408927.466936 jaka_arm_right success 0.347930 -0.104446 -0.294347 0.355031 0.702620 0.605045 0.119158 1.790204 0.589892 -2.463290 -2.051164 0.823839 -0.050304 -1.370193
1776408927.475175 jaka_arm_right success 0.347986 -0.105892 -0.294473 0.355571 0.701990 0.606030 0.116217 1.812662 0.578418 -2.494246 -2.041036 0.834455 -0.027768 -1.366585
1776408927.483516 jaka_arm_right success 0.348227 -0.107252 -0.294644 0.355204 0.700554 0.608289 0.114186 1.824796 0.565616 -2.522546 -2.032530 0.839323 0.003840 -1.364627
1776408927.491907 jaka_arm_right success 0.348422 -0.108635 -0.294859 0.354909 0.698625 0.611032 0.112261 1.843215 0.559948 -2.552172 -2.020473 0.843068 0.029988 -1.360006
1776408927.500216 jaka_arm_right success 0.348417 -0.109978 -0.295013 0.354360 0.696476 0.614290 0.109532 1.867622 0.546919 -2.593619 -2.007442 0.844964 0.068109 -1.350904
1776408927.508498 jaka_arm_right success 0.348105 -0.111373 -0.295057 0.354805 0.694462 0.616781 0.106854 1.886216 0.536014 -2.624962 -1.998815 0.845308 0.096648 -1.339382
1776408927.516824 jaka_arm_right success 0.347925 -0.113060 -0.295223 0.352732 0.692446 0.620614 0.104579 1.920268 0.522951 -2.675453 -1.983244 0.839535 0.137869 -1.321141
1776408927.525327 jaka_arm_right success 0.347492 -0.114309 -0.295353 0.351848 0.690208 0.624097 0.101582 1.942596 0.514880 -2.712312 -1.971739 0.831066 0.170382 -1.302611
1776408927.533614 jaka_arm_right success 0.347045 -0.115580 -0.295597 0.349779 0.688167 0.627995 0.098500 1.969116 0.505631 -2.754810 -1.957491 0.816199 0.208742 -1.278868
1776408927.541884 jaka_arm_right success 0.346568 -0.116865 -0.295815 0.346568 0.687484 0.631031 0.095161 2.000519 0.498619 -2.801283 -1.939875 0.796260 0.245264 -1.251376
1776408927.550239 jaka_arm_right success 0.345726 -0.118007 -0.295875 0.345551 0.686823 0.632815 0.091723 2.013677 0.493423 -2.825268 -1.932081 0.784974 0.266127 -1.234457
1776408927.558544 jaka_arm_right success 0.345087 -0.118974 -0.296202 0.342024 0.687250 0.634498 0.090110 2.030746 0.487127 -2.849089 -1.924281 0.770240 0.287467 -1.217321
1776408927.566844 jaka_arm_right success 0.344116 -0.120061 -0.296294 0.339880 0.688641 0.634357 0.088578 2.050004 0.480741 -2.869698 -1.922169 0.757909 0.294488 -1.200790
1776408927.575258 jaka_arm_right success 0.343066 -0.120790 -0.296572 0.337599 0.689770 0.634579 0.086914 2.056100 0.477383 -2.885372 -1.914989 0.746453 0.310764 -1.191849
1776408927.583489 jaka_arm_right success 0.342023 -0.121560 -0.296902 0.334318 0.691880 0.634139 0.086033 2.077325 0.474237 -2.906828 -1.909660 0.731762 0.317443 -1.174164
1776408927.591999 jaka_arm_right success 0.340989 -0.122370 -0.297396 0.329265 0.694813 0.633587 0.085951 2.090707 0.467850 -2.927725 -1.902312 0.713462 0.334021 -1.162069
1776408927.600263 jaka_arm_right success 0.339755 -0.123042 -0.298031 0.326323 0.697363 0.632132 0.087220 2.091101 0.467213 -2.930470 -1.903458 0.707988 0.331828 -1.165915
1776408927.608690 jaka_arm_right success 0.337933 -0.123652 -0.298535 0.325068 0.700497 0.629549 0.085457 2.098569 0.458886 -2.938277 -1.911379 0.703468 0.325907 -1.159948
1776408927.616907 jaka_arm_right success 0.336462 -0.124230 -0.299445 0.322878 0.702988 0.627792 0.086221 2.098654 0.457717 -2.940903 -1.912145 0.698966 0.324170 -1.162867
1776408927.625266 jaka_arm_right success 0.335092 -0.124776 -0.300521 0.321117 0.705890 0.625226 0.087724 2.099005 0.453124 -2.943578 -1.913770 0.694591 0.322335 -1.165267
1776408927.633574 jaka_arm_right success 0.333384 -0.125284 -0.301609 0.319793 0.708965 0.622387 0.087952 2.099492 0.448777 -2.947464 -1.917289 0.690332 0.318768 -1.166811
1776408927.641906 jaka_arm_right success 0.331401 -0.125722 -0.303005 0.320029 0.711775 0.619085 0.087703 2.099684 0.443755 -2.950316 -1.920488 0.688779 0.313619 -1.166865
1776408927.650221 jaka_arm_right success 0.329763 -0.126178 -0.304699 0.316778 0.714507 0.617402 0.089139 2.099887 0.443176 -2.953340 -1.921676 0.682539 0.311167 -1.171483
1776408927.658618 jaka_arm_right success 0.327623 -0.126388 -0.306662 0.314947 0.716608 0.615895 0.089190 2.099264 0.441946 -2.955291 -1.921978 0.679263 0.309906 -1.173997
1776408927.666955 jaka_arm_right success 0.325563 -0.126541 -0.308617 0.312690 0.718891 0.614548 0.088041 2.096570 0.440249 -2.960369 -1.924177 0.673868 0.310355 -1.176944
1776408927.675197 jaka_arm_right success 0.323399 -0.126613 -0.311060 0.309094 0.721516 0.613419 0.087137 2.096742 0.438541 -2.972335 -1.917795 0.661867 0.322293 -1.176355
1776408927.683588 jaka_arm_right success 0.321144 -0.126362 -0.313449 0.307919 0.722522 0.612788 0.087403 2.095042 0.438859 -2.974540 -1.917058 0.658769 0.322651 -1.178785
1776408927.691995 jaka_arm_right success 0.318864 -0.125935 -0.316101 0.305314 0.723883 0.612505 0.087259 2.087106 0.441862 -2.978357 -1.910473 0.652396 0.330886 -1.185621
1776408927.701597 jaka_arm_right success 0.316524 -0.125154 -0.318846 0.304105 0.724768 0.611755 0.089371 2.073611 0.444317 -2.973782 -1.904308 0.651820 0.337164 -1.198081
1776408927.708525 jaka_arm_right success 0.314165 -0.124461 -0.321499 0.302763 0.726646 0.610056 0.090289 2.057816 0.446407 -2.964938 -1.906691 0.654743 0.332572 -1.214904
1776408927.716861 jaka_arm_right success 0.311767 -0.123588 -0.324096 0.301840 0.728724 0.607846 0.091524 2.040370 0.452284 -2.953988 -1.908650 0.658955 0.323394 -1.234239
1776408927.725365 jaka_arm_right success 0.309405 -0.122281 -0.326830 0.300044 0.730450 0.606603 0.091922 2.033124 0.455552 -2.952585 -1.907536 0.657152 0.321363 -1.242707
1776408927.733589 jaka_arm_right success 0.306805 -0.120995 -0.329532 0.299307 0.733491 0.602870 0.094629 2.008025 0.461559 -2.929928 -1.917017 0.667444 0.300009 -1.272333
1776408927.741938 jaka_arm_right success 0.304193 -0.119734 -0.332199 0.297497 0.736540 0.599492 0.098044 1.981179 0.462412 -2.908555 -1.926639 0.674984 0.285046 -1.300549
1776408927.750251 jaka_arm_right success 0.301652 -0.118177 -0.334884 0.295462 0.739029 0.597042 0.100394 1.958610 0.467797 -2.890305 -1.932539 0.679652 0.272028 -1.324957
1776408927.758585 jaka_arm_right success 0.299027 -0.116632 -0.337667 0.293577 0.741080 0.594812 0.103980 1.929213 0.473080 -2.865821 -1.937476 0.686122 0.261115 -1.353621
1776408927.766923 jaka_arm_right success 0.296630 -0.114805 -0.340602 0.291260 0.742670 0.593308 0.107680 1.901723 0.482261 -2.844048 -1.938459 0.689589 0.252350 -1.380694
1776408927.775244 jaka_arm_right success 0.294250 -0.113038 -0.343393 0.290835 0.743953 0.590989 0.112612 1.860113 0.495143 -2.800816 -1.949714 0.703873 0.225429 -1.420299
1776408927.783567 jaka_arm_right success 0.291409 -0.111143 -0.346035 0.293568 0.745201 0.587560 0.115183 1.816061 0.504881 -2.760382 -1.959268 0.716200 0.203964 -1.453191
1776408927.791950 jaka_arm_right success 0.289038 -0.109183 -0.348809 0.294348 0.745664 0.585377 0.121149 1.767885 0.520020 -2.713143 -1.965484 0.724464 0.184339 -1.490880
1776408927.800538 jaka_arm_right success 0.286701 -0.106949 -0.351658 0.296290 0.745507 0.583621 0.125769 1.714683 0.541055 -2.657268 -1.975660 0.734647 0.155328 -1.528309
1776408927.808572 jaka_arm_right success 0.284544 -0.104868 -0.354435 0.298454 0.745197 0.581990 0.129976 1.674379 0.557667 -2.620290 -1.977212 0.735607 0.141394 -1.554470
1776408927.816906 jaka_arm_right success 0.282537 -0.102693 -0.357236 0.300677 0.744497 0.580914 0.133633 1.632792 0.579760 -2.577038 -1.981660 0.737199 0.120333 -1.580237
1776408927.825326 jaka_arm_right success 0.280546 -0.100405 -0.359999 0.303308 0.744501 0.579241 0.134914 1.603202 0.597113 -2.548281 -1.985185 0.736997 0.102710 -1.596112
1776408927.833550 jaka_arm_right success 0.278837 -0.098204 -0.362530 0.305028 0.745033 0.577039 0.137513 1.572803 0.617255 -2.513617 -1.990956 0.734318 0.077034 -1.614545
1776408927.841913 jaka_arm_right success 0.277299 -0.095800 -0.365197 0.305989 0.745865 0.575068 0.139115 1.556773 0.632372 -2.499993 -1.987726 0.729266 0.066554 -1.624800
1776408927.850219 jaka_arm_right success 0.275725 -0.093284 -0.367728 0.307194 0.747009 0.572678 0.140173 1.532800 0.652322 -2.470716 -1.995644 0.723787 0.038778 -1.638271
1776408927.858580 jaka_arm_right success 0.274245 -0.090681 -0.370163 0.308202 0.748732 0.569462 0.141862 1.513302 0.670766 -2.447794 -1.997462 0.716099 0.016514 -1.649502
1776408927.866966 jaka_arm_right success 0.272676 -0.087948 -0.372555 0.309524 0.750999 0.565113 0.144370 1.485058 0.693690 -2.411385 -2.008565 0.705317 -0.020094 -1.661921
1776408927.875253 jaka_arm_right success 0.271257 -0.084939 -0.374991 0.310778 0.753858 0.559461 0.148721 1.450639 0.725243 -2.367270 -2.022461 0.687161 -0.065824 -1.676433
1776408927.883488 jaka_arm_right success 0.269946 -0.081941 -0.377361 0.311034 0.756834 0.554175 0.152807 1.425652 0.753190 -2.334355 -2.032429 0.667312 -0.104287 -1.687120
1776408927.891963 jaka_arm_right success 0.268607 -0.078879 -0.379678 0.312639 0.759496 0.547930 0.158729 1.393445 0.788986 -2.293005 -2.045722 0.639396 -0.149757 -1.697631
1776408927.901234 jaka_arm_right success 0.267676 -0.075881 -0.382100 0.312239 0.762600 0.541760 0.165660 1.367613 0.821402 -2.261126 -2.056059 0.609195 -0.187916 -1.707721
1776408927.908554 jaka_arm_right success 0.266608 -0.073099 -0.384333 0.313257 0.766059 0.534045 0.172686 1.340612 0.859325 -2.227022 -2.070424 0.573631 -0.233994 -1.716230
1776408927.916871 jaka_arm_right success 0.265547 -0.070229 -0.386595 0.315017 0.768036 0.527766 0.179856 1.316236 0.895026 -2.199313 -2.080460 0.539713 -0.269045 -1.723537
1776408927.925354 jaka_arm_right success 0.264881 -0.067485 -0.388881 0.316137 0.769437 0.522639 0.186740 1.297408 0.928310 -2.180677 -2.085215 0.508181 -0.294645 -1.732237
1776408927.933648 jaka_arm_right success 0.264280 -0.065085 -0.391061 0.316571 0.770864 0.518430 0.191788 1.284749 0.954843 -2.169789 -2.086759 0.483230 -0.312912 -1.740074
1776408927.941947 jaka_arm_right success 0.263596 -0.062718 -0.393011 0.319616 0.771671 0.514901 0.192992 1.276627 0.976255 -2.163191 -2.087078 0.467587 -0.329791 -1.742673
1776408927.950233 jaka_arm_right success 0.263358 -0.060618 -0.394952 0.320769 0.772108 0.513190 0.193886 1.274982 0.985723 -2.161967 -2.082890 0.460236 -0.333511 -1.745574
1776408927.958543 jaka_arm_right success 0.263207 -0.058552 -0.396653 0.322768 0.772473 0.511685 0.193090 1.272774 1.004574 -2.158355 -2.084656 0.449733 -0.351448 -1.745714
1776408927.966938 jaka_arm_right success 0.263389 -0.056864 -0.398284 0.322399 0.773333 0.511326 0.191204 1.277111 1.006584 -2.163018 -2.081613 0.450933 -0.354935 -1.746211
1776408927.975230 jaka_arm_right success 0.263473 -0.055065 -0.399603 0.323313 0.774358 0.510937 0.186496 1.284922 1.007333 -2.168492 -2.078302 0.456973 -0.362163 -1.743263
1776408927.983477 jaka_arm_right success 0.263710 -0.053390 -0.400925 0.324050 0.774973 0.511021 0.182391 1.295547 1.008580 -2.175100 -2.074458 0.464052 -0.369260 -1.740419
1776408927.991952 jaka_arm_right success 0.264059 -0.051766 -0.401952 0.323614 0.775810 0.511392 0.178523 1.304703 1.008046 -2.183106 -2.072388 0.470697 -0.373957 -1.739196
1776408928.000210 jaka_arm_right success 0.264231 -0.050320 -0.402817 0.322848 0.777400 0.510894 0.174373 1.314627 1.005625 -2.189510 -2.069475 0.478089 -0.380873 -1.737008
1776408928.008525 jaka_arm_right success 0.264754 -0.048724 -0.403742 0.322520 0.776842 0.511919 0.174463 1.317861 1.009430 -2.192632 -2.066132 0.478361 -0.379465 -1.738114
1776408928.016818 jaka_arm_right success 0.264774 -0.047258 -0.404258 0.323879 0.777040 0.511009 0.173727 1.319119 1.014050 -2.193969 -2.061901 0.477480 -0.381582 -1.738121
1776408928.025266 jaka_arm_right success 0.264843 -0.045913 -0.404757 0.324878 0.776889 0.510136 0.175099 1.317843 1.022878 -2.191680 -2.057768 0.471046 -0.383239 -1.739676
1776408928.034540 jaka_arm_right success 0.264699 -0.044398 -0.405041 0.326726 0.775762 0.510603 0.175292 1.313467 1.034425 -2.190189 -2.055846 0.463676 -0.385305 -1.740971
1776408928.041865 jaka_arm_right success 0.264585 -0.042955 -0.405201 0.327963 0.774454 0.511078 0.177369 1.307309 1.044299 -2.186729 -2.054851 0.455449 -0.384368 -1.742775
1776408928.050255 jaka_arm_right success 0.264529 -0.042055 -0.405253 0.327723 0.774263 0.510522 0.180230 1.301336 1.053660 -2.183067 -2.055240 0.444430 -0.386084 -1.746488
1776408928.058576 jaka_arm_right success 0.264360 -0.040967 -0.405258 0.328213 0.772683 0.510980 0.184761 1.291781 1.065263 -2.178459 -2.054119 0.431350 -0.381328 -1.751495
1776408928.066990 jaka_arm_right success 0.264119 -0.040072 -0.405133 0.328021 0.771710 0.511102 0.188788 1.283816 1.074569 -2.174446 -2.053391 0.419773 -0.378132 -1.756212
1776408928.075250 jaka_arm_right success 0.263651 -0.039062 -0.404839 0.329951 0.769679 0.511490 0.192627 1.271079 1.088573 -2.167785 -2.052990 0.405934 -0.373544 -1.760112
1776408928.083479 jaka_arm_right success 0.263421 -0.038303 -0.404654 0.329509 0.768006 0.512086 0.198388 1.261091 1.099501 -2.163031 -2.052048 0.391791 -0.366774 -1.766754
1776408928.091960 jaka_arm_right success 0.263199 -0.037483 -0.404421 0.329722 0.766745 0.512397 0.202076 1.253101 1.109521 -2.159588 -2.051323 0.381411 -0.361779 -1.771206
1776408928.100215 jaka_arm_right success 0.262958 -0.036693 -0.404225 0.329313 0.765321 0.512894 0.206826 1.244201 1.119352 -2.155931 -2.049576 0.369130 -0.355112 -1.777394
1776408928.108543 jaka_arm_right success 0.262852 -0.036135 -0.403959 0.327862 0.765219 0.512191 0.211202 1.237616 1.127549 -2.153554 -2.048833 0.358089 -0.351283 -1.783457
1776408928.116827 jaka_arm_right success 0.262680 -0.035371 -0.403707 0.328022 0.764222 0.511597 0.215952 1.228404 1.138918 -2.148912 -2.047733 0.344784 -0.347151 -1.789651
1776408928.125271 jaka_arm_right success 0.262417 -0.034639 -0.403358 0.329396 0.763370 0.510367 0.219749 1.219138 1.151281 -2.142005 -2.047608 0.332799 -0.346661 -1.793386
1776408928.133536 jaka_arm_right success 0.262488 -0.033960 -0.403213 0.328696 0.762822 0.509916 0.223711 1.212748 1.161384 -2.139818 -2.047971 0.321169 -0.345459 -1.799479
1776408928.141880 jaka_arm_right success 0.262660 -0.033509 -0.403004 0.327517 0.762811 0.508225 0.229259 1.205899 1.171653 -2.135622 -2.048060 0.307567 -0.344133 -1.806529
1776408928.150212 jaka_arm_right success 0.262675 -0.032885 -0.402817 0.327694 0.762291 0.507079 0.233236 1.198087 1.183510 -2.130924 -2.047948 0.294842 -0.343804 -1.812141
1776408928.158679 jaka_arm_right success 0.262806 -0.032414 -0.402625 0.326856 0.762017 0.506322 0.236924 1.193984 1.190943 -2.128569 -2.048422 0.286009 -0.343066 -1.816772
1776408928.166924 jaka_arm_right success 0.262757 -0.031714 -0.402527 0.327069 0.761683 0.505572 0.239293 1.191217 1.196046 -2.125610 -2.047833 0.280298 -0.343229 -1.819172
1776408928.175267 jaka_arm_right success 0.262780 -0.031088 -0.402486 0.326739 0.761313 0.504854 0.242416 1.185228 1.206098 -2.123831 -2.047274 0.269821 -0.341766 -1.824658
1776408928.183535 jaka_arm_right success 0.262778 -0.030596 -0.402368 0.326294 0.761478 0.503699 0.244892 1.182683 1.211474 -2.122186 -2.047642 0.263586 -0.342089 -1.827907
1776408928.191863 jaka_arm_right success 0.262847 -0.030000 -0.402265 0.325757 0.760940 0.503341 0.247993 1.177094 1.220965 -2.120298 -2.046959 0.253729 -0.339988 -1.833109
1776408928.200261 jaka_arm_right success 0.262790 -0.029547 -0.402112 0.325161 0.761259 0.502745 0.249001 1.177467 1.220555 -2.119891 -2.046947 0.253096 -0.339985 -1.833655
1776408928.208546 jaka_arm_right success 0.262748 -0.028930 -0.402056 0.324426 0.761042 0.503002 0.250103 1.176218 1.224450 -2.120060 -2.046491 0.249014 -0.339647 -1.836217
1776408928.216831 jaka_arm_right success 0.262593 -0.028391 -0.401884 0.324930 0.761110 0.502046 0.251158 1.172991 1.230702 -2.118650 -2.046561 0.243472 -0.340925 -1.838631
1776408928.225263 jaka_arm_right success 0.262705 -0.027962 -0.401719 0.323596 0.761326 0.501421 0.253467 1.171613 1.234384 -2.118194 -2.046977 0.238475 -0.340966 -1.841768
1776408928.233623 jaka_arm_right success 0.262616 -0.027327 -0.401622 0.322571 0.761435 0.502093 0.253116 1.172045 1.234300 -2.119874 -2.047627 0.238290 -0.340812 -1.842528
1776408928.241957 jaka_arm_right success 0.262578 -0.026721 -0.401559 0.322563 0.760638 0.502175 0.255350 1.170008 1.239344 -2.119133 -2.046272 0.233173 -0.338486 -1.845511
1776408928.250223 jaka_arm_right success 0.262306 -0.026193 -0.401391 0.323282 0.760699 0.501232 0.256109 1.165594 1.247419 -2.117480 -2.047371 0.226719 -0.341339 -1.848000
1776408928.258613 jaka_arm_right success 0.262459 -0.025722 -0.401421 0.322119 0.760142 0.501977 0.257763 1.166839 1.247279 -2.117684 -2.048335 0.225780 -0.340255 -1.849139
1776408928.267088 jaka_arm_right success 0.262609 -0.025049 -0.401494 0.321653 0.759540 0.502867 0.258385 1.165361 1.252045 -2.119912 -2.042689 0.222808 -0.332941 -1.851724
1776408928.275237 jaka_arm_right success 0.262599 -0.024569 -0.401363 0.321721 0.759683 0.502463 0.258664 1.165361 1.252045 -2.119912 -2.042689 0.222808 -0.332941 -1.851724
1776408928.283512 jaka_arm_right success 0.262830 -0.024201 -0.401384 0.320149 0.759803 0.503017 0.259185 1.166265 1.250988 -2.121496 -2.043131 0.221838 -0.332712 -1.853367
1776408928.291980 jaka_arm_right success 0.263075 -0.023684 -0.401438 0.318692 0.760278 0.503300 0.259040 1.167322 1.250440 -2.122886 -2.042959 0.221533 -0.332419 -1.854308
1776408928.300253 jaka_arm_right success 0.263349 -0.023308 -0.401391 0.317903 0.760688 0.502560 0.260241 1.169524 1.251835 -2.123502 -2.040447 0.220092 -0.331965 -1.855752
1776408928.308530 jaka_arm_right success 0.263472 -0.022841 -0.401375 0.317733 0.760739 0.502973 0.259501 1.169282 1.251947 -2.124212 -2.040389 0.220452 -0.332096 -1.855592
1776408928.316899 jaka_arm_right success 0.263538 -0.022154 -0.401426 0.318786 0.760399 0.503261 0.258645 1.170672 1.253807 -2.125246 -2.038593 0.221495 -0.332721 -1.854767
1776408928.325233 jaka_arm_right success 0.263656 -0.021844 -0.401360 0.318346 0.761692 0.501500 0.258802 1.172864 1.256165 -2.125508 -2.037332 0.219483 -0.337490 -1.855994
1776408928.333550 jaka_arm_right success 0.263953 -0.021505 -0.401375 0.317736 0.761776 0.501465 0.259373 1.173270 1.255899 -2.125375 -2.037495 0.219027 -0.337382 -1.856456
1776408928.341861 jaka_arm_right success 0.264234 -0.020892 -0.401518 0.317585 0.761019 0.503066 0.258678 1.173651 1.256531 -2.127749 -2.038400 0.219836 -0.336871 -1.856446
1776408928.350218 jaka_arm_right success 0.264547 -0.020653 -0.401432 0.317195 0.761315 0.502741 0.258919 1.175067 1.256714 -2.127513 -2.037587 0.219326 -0.337298 -1.856923
1776408928.358560 jaka_arm_right success 0.264718 -0.020390 -0.401418 0.317167 0.761636 0.502580 0.258320 1.176310 1.257030 -2.128637 -2.036659 0.219760 -0.338610 -1.856892
1776408928.366948 jaka_arm_right success 0.264960 -0.020074 -0.401482 0.317230 0.761460 0.503020 0.257902 1.177317 1.257856 -2.129280 -2.036772 0.220495 -0.338583 -1.856433
1776408928.375186 jaka_arm_right success 0.265345 -0.019988 -0.401520 0.316192 0.761730 0.502867 0.258678 1.178771 1.257264 -2.129571 -2.036166 0.219781 -0.339098 -1.857398
1776408928.383474 jaka_arm_right success 0.265538 -0.019632 -0.401522 0.316354 0.761804 0.503903 0.256238 1.184659 1.255962 -2.132253 -2.034120 0.224998 -0.341977 -1.854636
1776408928.392039 jaka_arm_right success 0.265682 -0.019556 -0.401435 0.317095 0.761645 0.504230 0.255148 1.186275 1.255193 -2.132923 -2.033936 0.227355 -0.343125 -1.853142
1776408928.400438 jaka_arm_right success 0.265981 -0.019613 -0.401436 0.316360 0.762062 0.504625 0.254030 1.190629 1.251401 -2.135152 -2.034140 0.231179 -0.345070 -1.851833
1776408928.408741 jaka_arm_right success 0.265966 -0.019431 -0.401390 0.317151 0.761731 0.505436 0.252420 1.191460 1.250744 -2.135885 -2.034160 0.234049 -0.345677 -1.849850
1776408928.416882 jaka_arm_right success 0.266136 -0.019423 -0.401390 0.317175 0.761342 0.505684 0.253064 1.191787 1.250922 -2.135707 -2.034483 0.234016 -0.345335 -1.849859
1776408928.425293 jaka_arm_right success 0.266177 -0.019454 -0.401331 0.317334 0.761400 0.505478 0.253102 1.191787 1.250922 -2.135707 -2.034483 0.234016 -0.345335 -1.849859
1776408928.433585 jaka_arm_right success 0.266382 -0.019469 -0.401349 0.316746 0.761040 0.506199 0.253480 1.192208 1.251064 -2.135602 -2.034885 0.233931 -0.344928 -1.849961
1776408928.441856 jaka_arm_right success 0.266447 -0.019558 -0.401281 0.317575 0.760397 0.506150 0.254468 1.192420 1.251818 -2.133198 -2.034693 0.233876 -0.344171 -1.849200
1776408928.450230 jaka_arm_right success 0.266643 -0.019744 -0.401246 0.316942 0.760997 0.505832 0.254097 1.192653 1.250988 -2.134896 -2.034848 0.233627 -0.344286 -1.850129
1776408928.458561 jaka_arm_right success 0.266851 -0.019926 -0.401194 0.316115 0.761511 0.505706 0.253838 1.192618 1.250527 -2.135093 -2.034601 0.233415 -0.344568 -1.850435
1776408928.466911 jaka_arm_right success 0.266915 -0.019997 -0.401143 0.316207 0.761394 0.506087 0.253316 1.194408 1.248561 -2.135923 -2.034216 0.235835 -0.344396 -1.849326
1776408928.475327 jaka_arm_right success 0.266867 -0.019913 -0.401051 0.317802 0.760597 0.506858 0.252168 1.193940 1.249697 -2.135694 -2.034271 0.237320 -0.344059 -1.847736
1776408928.483500 jaka_arm_right success 0.266865 -0.020003 -0.400954 0.318091 0.760755 0.506739 0.251569 1.196178 1.246220 -2.135773 -2.034037 0.240856 -0.344804 -1.845756
1776408928.491923 jaka_arm_right success 0.266903 -0.020089 -0.400886 0.317834 0.760926 0.506635 0.251584 1.196178 1.246220 -2.135773 -2.034037 0.240856 -0.344804 -1.845756
1776408928.500578 jaka_arm_right success 0.267035 -0.020215 -0.400815 0.316791 0.761242 0.506528 0.252156 1.196726 1.245585 -2.135733 -2.034177 0.240135 -0.344753 -1.846563
1776408928.508536 jaka_arm_right success 0.267102 -0.020268 -0.400743 0.316242 0.761374 0.506299 0.252908 1.197207 1.245104 -2.135669 -2.034334 0.239539 -0.344660 -1.847218
1776408928.516842 jaka_arm_right success 0.267166 -0.020416 -0.400642 0.315384 0.761788 0.505347 0.254629 1.197909 1.243824 -2.135082 -2.034189 0.237881 -0.344787 -1.848781
1776408928.525264 jaka_arm_right success 0.267044 -0.020352 -0.400585 0.315553 0.761737 0.504763 0.255727 1.194631 1.246843 -2.133852 -2.034455 0.233980 -0.343743 -1.850686
1776408928.533518 jaka_arm_right success 0.266949 -0.020416 -0.400474 0.315364 0.762096 0.503425 0.257525 1.191288 1.250602 -2.132089 -2.035061 0.228618 -0.344106 -1.853383
1776408928.541940 jaka_arm_right success 0.267050 -0.020488 -0.400423 0.314484 0.762341 0.502473 0.259723 1.189451 1.253428 -2.130594 -2.035524 0.223967 -0.343986 -1.856008
1776408928.550255 jaka_arm_right success 0.267171 -0.020590 -0.400356 0.313708 0.762559 0.502022 0.260891 1.189821 1.252870 -2.129623 -2.035329 0.222774 -0.344083 -1.856872
1776408928.558552 jaka_arm_right success 0.267201 -0.020699 -0.400262 0.313731 0.762775 0.501552 0.261138 1.188166 1.254993 -2.128725 -2.035738 0.220350 -0.344834 -1.857910
1776408928.566905 jaka_arm_right success 0.267312 -0.020993 -0.399999 0.313298 0.763484 0.501387 0.259901 1.189459 1.253314 -2.130198 -2.037755 0.221872 -0.348581 -1.857319
1776408928.575192 jaka_arm_right success 0.267452 -0.021293 -0.399791 0.313179 0.764097 0.500681 0.259603 1.190249 1.252402 -2.129769 -2.039302 0.222252 -0.351733 -1.856917
1776408928.583534 jaka_arm_right success 0.267797 -0.021544 -0.399671 0.312431 0.764261 0.501188 0.259041 1.191039 1.251683 -2.130986 -2.040100 0.223017 -0.352299 -1.856875
1776408928.591944 jaka_arm_right success 0.268092 -0.021547 -0.399689 0.313619 0.762996 0.502823 0.258167 1.193431 1.250046 -2.131165 -2.040722 0.227581 -0.352307 -1.853786
1776408928.600203 jaka_arm_right success 0.268320 -0.022051 -0.399412 0.313158 0.764150 0.502399 0.256129 1.197391 1.244545 -2.132052 -2.041811 0.232848 -0.356646 -1.851027
1776408928.608518 jaka_arm_right success 0.268623 -0.022224 -0.399282 0.313389 0.763408 0.503672 0.255559 1.198944 1.243497 -2.132810 -2.042888 0.234943 -0.356111 -1.850011
1776408928.616903 jaka_arm_right success 0.268784 -0.022542 -0.399149 0.314144 0.763141 0.504111 0.254561 1.201283 1.240012 -2.132745 -2.043541 0.239266 -0.356583 -1.847419
1776408928.625304 jaka_arm_right success 0.268968 -0.022767 -0.398891 0.314448 0.763364 0.504259 0.253220 1.203256 1.237217 -2.133184 -2.044189 0.242870 -0.358338 -1.845280
1776408928.633695 jaka_arm_right success 0.269198 -0.023146 -0.398676 0.313748 0.763922 0.503923 0.253076 1.204525 1.234897 -2.133551 -2.044638 0.243871 -0.359820 -1.845116
1776408928.641923 jaka_arm_right success 0.269407 -0.023318 -0.398569 0.313424 0.763884 0.504266 0.252909 1.205267 1.234384 -2.134034 -2.045252 0.244497 -0.359806 -1.844971
1776408928.650153 jaka_arm_right success 0.269695 -0.023756 -0.398407 0.312406 0.764266 0.503250 0.255028 1.206155 1.233008 -2.132707 -2.045017 0.242864 -0.360006 -1.846311
1776408928.658635 jaka_arm_right success 0.269593 -0.023835 -0.398153 0.313494 0.763859 0.503514 0.254391 1.205879 1.233655 -2.132728 -2.045161 0.243514 -0.359843 -1.845610
1776408928.667086 jaka_arm_right success 0.269623 -0.024005 -0.397960 0.313125 0.764171 0.503235 0.254460 1.205879 1.233655 -2.132728 -2.045161 0.243514 -0.359843 -1.845610
1776408928.675295 jaka_arm_right success 0.269714 -0.024450 -0.397725 0.311709 0.765498 0.501949 0.254749 1.207188 1.228697 -2.131318 -2.050087 0.244515 -0.366150 -1.845026
1776408928.683496 jaka_arm_right success 0.269738 -0.024603 -0.397519 0.312275 0.765230 0.501883 0.254992 1.207321 1.228941 -2.131048 -2.050281 0.244545 -0.365953 -1.844896
1776408928.691944 jaka_arm_right success 0.269904 -0.024871 -0.397346 0.311944 0.765114 0.501925 0.255661 1.207640 1.228911 -2.130715 -2.050480 0.244273 -0.365755 -1.845084
1776408928.701123 jaka_arm_right success 0.269891 -0.025223 -0.397055 0.311956 0.765820 0.501544 0.254277 1.208347 1.225882 -2.129758 -2.056680 0.246940 -0.373486 -1.842621
1776408928.708534 jaka_arm_right success 0.269906 -0.025471 -0.396832 0.312363 0.765945 0.502454 0.251592 1.210729 1.223517 -2.131195 -2.057619 0.251090 -0.376148 -1.840304
1776408928.716936 jaka_arm_right success 0.270262 -0.025825 -0.396649 0.310889 0.766206 0.502881 0.251767 1.211917 1.222188 -2.132727 -2.058435 0.251043 -0.376088 -1.841351
1776408928.725302 jaka_arm_right success 0.270504 -0.026304 -0.396381 0.310123 0.766434 0.502417 0.252942 1.212995 1.221231 -2.132482 -2.058995 0.250532 -0.375820 -1.842097
1776408928.733696 jaka_arm_right success 0.270391 -0.026591 -0.396085 0.310963 0.766330 0.502541 0.251977 1.213651 1.218571 -2.131888 -2.060336 0.253751 -0.377037 -1.839819
1776408928.741881 jaka_arm_right success 0.270451 -0.027008 -0.395841 0.310179 0.767195 0.501461 0.252465 1.213693 1.217701 -2.131679 -2.059883 0.253087 -0.377540 -1.840452
1776408928.750178 jaka_arm_right success 0.270500 -0.027379 -0.395557 0.310389 0.766648 0.501992 0.252811 1.213943 1.217774 -2.131480 -2.060139 0.253023 -0.377312 -1.840481
1776408928.758542 jaka_arm_right success 0.270533 -0.027938 -0.395280 0.309572 0.767272 0.501510 0.252877 1.214320 1.213099 -2.130923 -2.063157 0.254377 -0.379342 -1.840101
1776408928.766887 jaka_arm_right success 0.270570 -0.028421 -0.394964 0.310109 0.766861 0.501175 0.254125 1.214414 1.213809 -2.127762 -2.063037 0.254137 -0.378910 -1.839111
1776408928.775254 jaka_arm_right success 0.270527 -0.028984 -0.394671 0.309848 0.767208 0.501442 0.252865 1.214027 1.212652 -2.129579 -2.064360 0.255124 -0.379518 -1.839065
1776408928.783453 jaka_arm_right success 0.270733 -0.029618 -0.394388 0.309834 0.766941 0.501550 0.253480 1.214159 1.211380 -2.128019 -2.065749 0.255529 -0.379417 -1.838519
1776408928.791928 jaka_arm_right success 0.270661 -0.030338 -0.394069 0.310448 0.767623 0.500890 0.251964 1.214536 1.202893 -2.126116 -2.072848 0.261466 -0.385493 -1.834371
1776408928.801419 jaka_arm_right success 0.270601 -0.031009 -0.393714 0.312700 0.767041 0.500779 0.251172 1.213076 1.204268 -2.123189 -2.074033 0.262157 -0.387598 -1.832013
1776408928.808552 jaka_arm_right success 0.270948 -0.031854 -0.393500 0.311321 0.767536 0.500830 0.251269 1.213920 1.202856 -2.124355 -2.074984 0.261986 -0.387923 -1.832994
1776408928.816863 jaka_arm_right success 0.271168 -0.032823 -0.393212 0.311308 0.767629 0.501167 0.250330 1.217186 1.195136 -2.123040 -2.078948 0.268689 -0.390543 -1.829057
1776408928.825223 jaka_arm_right success 0.271511 -0.033970 -0.392879 0.310794 0.767948 0.500657 0.251009 1.217458 1.194590 -2.122858 -2.078893 0.268166 -0.390655 -1.829584
1776408928.833521 jaka_arm_right success 0.271437 -0.034994 -0.392397 0.313332 0.767383 0.500255 0.250383 1.215364 1.192634 -2.118538 -2.081420 0.270157 -0.392567 -1.826347
1776408928.841872 jaka_arm_right success 0.271581 -0.036036 -0.392050 0.314248 0.766680 0.501019 0.249860 1.214636 1.190475 -2.117411 -2.084120 0.273142 -0.392695 -1.823877
1776408928.850189 jaka_arm_right success 0.271708 -0.037428 -0.391744 0.314945 0.766791 0.500146 0.250392 1.213982 1.188096 -2.114927 -2.085608 0.273251 -0.393485 -1.823288
1776408928.858609 jaka_arm_right success 0.272009 -0.038598 -0.391378 0.314817 0.766443 0.501113 0.249681 1.214542 1.182705 -2.114191 -2.089237 0.278208 -0.393113 -1.820366
1776408928.868014 jaka_arm_right success 0.272169 -0.039709 -0.390962 0.316143 0.765545 0.501991 0.248997 1.214534 1.175694 -2.111569 -2.091942 0.284281 -0.391572 -1.816276
1776408928.875246 jaka_arm_right success 0.272685 -0.041388 -0.390547 0.314538 0.766262 0.501270 0.250274 1.215448 1.173892 -2.111166 -2.091901 0.282775 -0.391770 -1.817934
1776408928.883501 jaka_arm_right success 0.272531 -0.042344 -0.390021 0.317680 0.765212 0.501712 0.248626 1.213754 1.171943 -2.108060 -2.093771 0.287143 -0.391701 -1.813422
1776408928.891873 jaka_arm_right success 0.272776 -0.043808 -0.389525 0.318137 0.765272 0.500997 0.249296 1.212869 1.168359 -2.104748 -2.096131 0.288371 -0.392225 -1.811893
1776408928.900234 jaka_arm_right success 0.273057 -0.045207 -0.389041 0.318964 0.764528 0.500974 0.250565 1.210057 1.165419 -2.100614 -2.099621 0.289004 -0.390769 -1.810344
1776408928.908552 jaka_arm_right success 0.273353 -0.046574 -0.388586 0.318666 0.764012 0.501749 0.250969 1.210592 1.165036 -2.099969 -2.100385 0.289253 -0.389865 -1.810188
1776408928.916845 jaka_arm_right success 0.273528 -0.047978 -0.387974 0.319226 0.763846 0.501397 0.251465 1.209206 1.160603 -2.097561 -2.102343 0.291325 -0.388933 -1.808581
1776408928.925260 jaka_arm_right success 0.273740 -0.049497 -0.387362 0.319004 0.763856 0.501424 0.251662 1.208453 1.152169 -2.094062 -2.106469 0.296030 -0.387104 -1.805560
1776408928.933574 jaka_arm_right success 0.273614 -0.050677 -0.386761 0.321550 0.763002 0.501490 0.250882 1.206974 1.153068 -2.091670 -2.105296 0.297294 -0.387523 -1.803158
1776408928.941891 jaka_arm_right success 0.273772 -0.052442 -0.385919 0.321150 0.763556 0.500499 0.251684 1.205511 1.147656 -2.089027 -2.109714 0.298506 -0.388284 -1.802215
1776408928.950162 jaka_arm_right success 0.273989 -0.053749 -0.385342 0.321660 0.762456 0.501672 0.252034 1.204999 1.145550 -2.087265 -2.112343 0.300425 -0.386526 -1.800631
1776408928.958527 jaka_arm_right success 0.274030 -0.055050 -0.384589 0.323362 0.761399 0.502463 0.251474 1.201883 1.138175 -2.082834 -2.117279 0.305971 -0.383927 -1.796057
1776408928.966981 jaka_arm_right success 0.274446 -0.056837 -0.383804 0.322790 0.760818 0.502721 0.253446 1.202642 1.137718 -2.080690 -2.117725 0.305273 -0.382703 -1.796259
1776408928.975166 jaka_arm_right success 0.274376 -0.058417 -0.382830 0.323490 0.761219 0.502307 0.252166 1.200186 1.129781 -2.077980 -2.121497 0.310287 -0.383083 -1.792605
1776408928.983535 jaka_arm_right success 0.274339 -0.059965 -0.381900 0.324565 0.760442 0.502858 0.252031 1.198594 1.125037 -2.075021 -2.125071 0.313821 -0.381689 -1.789672
1776408928.992042 jaka_arm_right success 0.274365 -0.061462 -0.380961 0.325160 0.759316 0.504013 0.252351 1.197237 1.121289 -2.072776 -2.127813 0.316596 -0.378743 -1.787612
1776408929.000205 jaka_arm_right success 0.274478 -0.063304 -0.379940 0.324482 0.759603 0.503154 0.254067 1.195016 1.115356 -2.069237 -2.131452 0.317140 -0.376747 -1.787273
1776408929.008555 jaka_arm_right success 0.274346 -0.064951 -0.378981 0.324880 0.759514 0.502663 0.254798 1.192802 1.112253 -2.065442 -2.133468 0.317646 -0.376286 -1.786006
1776408929.016911 jaka_arm_right success 0.274424 -0.066780 -0.377932 0.324377 0.759244 0.502505 0.256547 1.189798 1.107468 -2.061721 -2.137520 0.317798 -0.374478 -1.785532
1776408929.025344 jaka_arm_right success 0.274358 -0.068569 -0.376853 0.325177 0.758089 0.502268 0.259398 1.183481 1.106179 -2.055487 -2.141715 0.315439 -0.370327 -1.785330
1776408929.033597 jaka_arm_right success 0.274321 -0.070340 -0.375668 0.325442 0.757311 0.502666 0.260567 1.177511 1.100938 -2.050742 -2.144912 0.316524 -0.364348 -1.783924
1776408929.041892 jaka_arm_right success 0.274304 -0.072099 -0.374596 0.325625 0.756476 0.503553 0.261049 1.176233 1.098003 -2.048793 -2.147315 0.318482 -0.362198 -1.782358
1776408929.050250 jaka_arm_right success 0.274377 -0.074211 -0.373365 0.325119 0.755905 0.504035 0.262401 1.173351 1.090366 -2.044203 -2.151797 0.321024 -0.357562 -1.780584
1776408929.058645 jaka_arm_right success 0.274272 -0.076258 -0.372099 0.326159 0.755020 0.504377 0.262998 1.170444 1.086740 -2.039951 -2.153763 0.322954 -0.355032 -1.778264
1776408929.067020 jaka_arm_right success 0.274285 -0.078190 -0.370810 0.327337 0.753453 0.505750 0.263394 1.165722 1.079307 -2.035604 -2.158548 0.327473 -0.348915 -1.774740
1776408929.075189 jaka_arm_right success 0.274314 -0.080404 -0.369443 0.327548 0.752425 0.507297 0.263095 1.164213 1.070698 -2.032956 -2.160929 0.333798 -0.343564 -1.770759
1776408929.083496 jaka_arm_right success 0.274249 -0.082469 -0.368049 0.328704 0.751279 0.508710 0.262198 1.162103 1.058304 -2.028956 -2.163323 0.342484 -0.335639 -1.765329
1776408929.091962 jaka_arm_right success 0.274346 -0.084820 -0.366586 0.328080 0.750650 0.510203 0.261881 1.162044 1.045054 -2.027885 -2.163545 0.350531 -0.325424 -1.762043
1776408929.100733 jaka_arm_right success 0.274319 -0.087179 -0.365106 0.328025 0.750025 0.511247 0.261705 1.160876 1.039483 -2.025567 -2.166022 0.354880 -0.322490 -1.758883
1776408929.108539 jaka_arm_right success 0.274481 -0.089448 -0.363595 0.328174 0.748744 0.512281 0.263158 1.155932 1.027879 -2.019197 -2.169651 0.359883 -0.312874 -1.755537
1776408929.116855 jaka_arm_right success 0.274436 -0.091638 -0.362077 0.328196 0.747754 0.514182 0.262238 1.155729 1.014387 -2.017893 -2.169478 0.369187 -0.301971 -1.750915
1776408929.125440 jaka_arm_right success 0.274340 -0.093758 -0.360493 0.328573 0.747198 0.514568 0.262592 1.153017 1.009593 -2.014748 -2.172350 0.371921 -0.299429 -1.748508
1776408929.134552 jaka_arm_right success 0.274123 -0.095863 -0.358828 0.328891 0.746776 0.515259 0.262041 1.150855 1.001884 -2.010474 -2.176714 0.376951 -0.297299 -1.744307
1776408929.141941 jaka_arm_right success 0.274117 -0.098317 -0.357115 0.327682 0.747060 0.515322 0.262620 1.149239 0.991115 -2.006718 -2.181317 0.380844 -0.295448 -1.741919
1776408929.150160 jaka_arm_right success 0.274036 -0.100669 -0.355364 0.327275 0.746751 0.515216 0.264211 1.145475 0.983001 -2.000303 -2.186680 0.383198 -0.291602 -1.739619
1776408929.158531 jaka_arm_right success 0.273701 -0.102983 -0.353560 0.327359 0.747046 0.514709 0.264258 1.140657 0.972336 -1.994139 -2.193000 0.387457 -0.291060 -1.735672
1776408929.166960 jaka_arm_right success 0.273529 -0.105239 -0.351749 0.327164 0.747045 0.514986 0.263965 1.138386 0.963215 -1.990597 -2.198822 0.392433 -0.290000 -1.731846
1776408929.175260 jaka_arm_right success 0.273588 -0.108016 -0.349816 0.325371 0.747537 0.515003 0.264751 1.137122 0.952477 -1.985905 -2.203260 0.396294 -0.288338 -1.729202
1776408929.183502 jaka_arm_right success 0.273405 -0.110482 -0.347973 0.325448 0.747264 0.515391 0.264673 1.133610 0.939196 -1.978992 -2.210342 0.403349 -0.284855 -1.723491
1776408929.191928 jaka_arm_right success 0.273381 -0.113252 -0.345940 0.324976 0.747583 0.515748 0.263656 1.132362 0.925010 -1.974031 -2.215387 0.411390 -0.282833 -1.717647
1776408929.200357 jaka_arm_right success 0.273347 -0.115812 -0.343968 0.325064 0.747330 0.516876 0.262052 1.131044 0.907951 -1.969928 -2.220002 0.421929 -0.277331 -1.710722
1776408929.208589 jaka_arm_right success 0.273613 -0.118722 -0.341983 0.323220 0.747087 0.519009 0.260805 1.132119 0.886090 -1.969440 -2.218888 0.434310 -0.261236 -1.705528
1776408929.216835 jaka_arm_right success 0.273499 -0.121743 -0.339701 0.324281 0.747052 0.519760 0.258078 1.131723 0.869353 -1.963853 -2.224717 0.446638 -0.259930 -1.695816
1776408929.225374 jaka_arm_right success 0.273364 -0.124564 -0.337495 0.324732 0.746518 0.521389 0.255760 1.128664 0.850861 -1.960326 -2.227404 0.458535 -0.249867 -1.688191
1776408929.233548 jaka_arm_right success 0.273418 -0.127341 -0.335394 0.324157 0.745610 0.523825 0.254156 1.127481 0.829580 -1.958190 -2.225860 0.471090 -0.231723 -1.681848
1776408929.241998 jaka_arm_right success 0.273465 -0.130453 -0.333064 0.322388 0.745840 0.524930 0.253451 1.127148 0.811327 -1.954910 -2.228593 0.480895 -0.223039 -1.675893
1776408929.250178 jaka_arm_right success 0.273335 -0.133358 -0.330734 0.322143 0.745505 0.525781 0.252983 1.121831 0.793890 -1.948684 -2.231460 0.488993 -0.212270 -1.670395
1776408929.258524 jaka_arm_right success 0.272999 -0.136505 -0.328257 0.321723 0.745696 0.525943 0.252620 1.118949 0.779362 -1.941956 -2.236733 0.496194 -0.209092 -1.664410
1776408929.266873 jaka_arm_right success 0.272707 -0.139450 -0.325768 0.321097 0.745826 0.527099 0.250613 1.113075 0.758215 -1.937410 -2.239734 0.506883 -0.196437 -1.657430
1776408929.275179 jaka_arm_right success 0.272555 -0.142567 -0.323265 0.319998 0.745934 0.528277 0.249213 1.109963 0.735789 -1.932867 -2.241546 0.517794 -0.182599 -1.650582
1776408929.283490 jaka_arm_right success 0.272369 -0.145714 -0.320739 0.318422 0.746739 0.528964 0.247357 1.107198 0.712646 -1.929602 -2.243424 0.529307 -0.169801 -1.643194
1776408929.291975 jaka_arm_right success 0.272088 -0.148889 -0.318128 0.317680 0.747090 0.530073 0.244864 1.103306 0.686765 -1.925301 -2.244733 0.541823 -0.155079 -1.634857
1776408929.300204 jaka_arm_right success 0.271862 -0.151873 -0.315551 0.317392 0.747253 0.530644 0.243501 1.098118 0.668390 -1.918200 -2.247448 0.551018 -0.145397 -1.627438
1776408929.308536 jaka_arm_right success 0.271601 -0.154827 -0.312807 0.316652 0.747939 0.531268 0.240983 1.093320 0.643537 -1.913931 -2.248358 0.562764 -0.130516 -1.619167
1776408929.316852 jaka_arm_right success 0.271478 -0.157964 -0.310028 0.314909 0.748953 0.531248 0.240161 1.092233 0.625036 -1.907435 -2.253965 0.570958 -0.126989 -1.612294
1776408929.325277 jaka_arm_right success 0.271294 -0.160981 -0.307361 0.313042 0.750175 0.530537 0.240360 1.083907 0.605934 -1.897295 -2.258158 0.576546 -0.118560 -1.607410
1776408929.333647 jaka_arm_right success 0.270908 -0.164279 -0.304359 0.311846 0.752366 0.527778 0.241141 1.072890 0.588837 -1.880037 -2.265439 0.581147 -0.119272 -1.601332
1776408929.341850 jaka_arm_right success 0.270570 -0.167059 -0.301607 0.310970 0.753132 0.527152 0.241249 1.062287 0.569878 -1.868798 -2.267949 0.587811 -0.108262 -1.595333
1776408929.350323 jaka_arm_right solver_failed 0.270083 -0.169619 -0.298696 0.311403 0.753815 0.526200 0.240634 1.062287 0.569878 -1.868798 -2.267949 0.587811 -0.108262 -1.595333
1776408929.358668 jaka_arm_right solver_failed 0.269698 -0.172502 -0.295644 0.310636 0.755446 0.524422 0.240390 1.062287 0.569878 -1.868798 -2.267949 0.587811 -0.108262 -1.595333
1776408929.366960 jaka_arm_right solver_failed 0.269350 -0.175439 -0.292507 0.309805 0.757645 0.521325 0.241278 1.062287 0.569878 -1.868798 -2.267949 0.587811 -0.108262 -1.595333
1776408929.375381 jaka_arm_right solver_failed 0.269116 -0.178374 -0.289459 0.307564 0.759663 0.519241 0.242291 1.062287 0.569878 -1.868798 -2.267949 0.587811 -0.108262 -1.595333
1776408929.383578 jaka_arm_right solver_failed 0.268721 -0.181269 -0.286466 0.306289 0.761420 0.517380 0.242373 1.062287 0.569878 -1.868798 -2.267949 0.587811 -0.108262 -1.595333
1776408929.391943 jaka_arm_right solver_failed 0.268583 -0.184374 -0.283401 0.303471 0.763427 0.516034 0.242476 1.062287 0.569878 -1.868798 -2.267949 0.587811 -0.108262 -1.595333
1776408929.400299 jaka_arm_right solver_failed 0.268596 -0.187692 -0.280184 0.300611 0.765697 0.515031 0.241007 1.062287 0.569878 -1.868798 -2.267949 0.587811 -0.108262 -1.595333
1776408929.408639 jaka_arm_right solver_failed 0.268485 -0.190601 -0.277015 0.299625 0.767174 0.513935 0.239875 1.062287 0.569878 -1.868798 -2.267949 0.587811 -0.108262 -1.595333
1776408929.416909 jaka_arm_right solver_failed 0.268377 -0.193704 -0.273734 0.299180 0.768645 0.512630 0.238509 1.062287 0.569878 -1.868798 -2.267949 0.587811 -0.108262 -1.595333
1776408929.425327 jaka_arm_right solver_failed 0.268120 -0.196708 -0.270552 0.298448 0.770510 0.511847 0.235067 1.062287 0.569878 -1.868798 -2.267949 0.587811 -0.108262 -1.595333
1776408929.433632 jaka_arm_right solver_failed 0.267998 -0.199725 -0.267136 0.298016 0.771558 0.510668 0.234740 1.062287 0.569878 -1.868798 -2.267949 0.587811 -0.108262 -1.595333
1776408929.441967 jaka_arm_right solver_failed 0.268098 -0.202897 -0.263785 0.295836 0.773507 0.509129 0.234427 1.062287 0.569878 -1.868798 -2.267949 0.587811 -0.108262 -1.595333
1776408929.450238 jaka_arm_right solver_failed 0.268102 -0.205996 -0.260421 0.294604 0.775317 0.507124 0.234346 1.062287 0.569878 -1.868798 -2.267949 0.587811 -0.108262 -1.595333
1776408929.458617 jaka_arm_right solver_failed 0.268051 -0.208896 -0.257110 0.294918 0.776497 0.504776 0.235109 1.062287 0.569878 -1.868798 -2.267949 0.587811 -0.108262 -1.595333
1776408929.466966 jaka_arm_right solver_failed 0.268239 -0.212018 -0.253727 0.292732 0.778288 0.503130 0.235449 1.062287 0.569878 -1.868798 -2.267949 0.587811 -0.108262 -1.595333
1776408929.475370 jaka_arm_right solver_failed 0.268536 -0.215176 -0.250524 0.290669 0.780295 0.500765 0.236400 1.062287 0.569878 -1.868798 -2.267949 0.587811 -0.108262 -1.595333
1776408929.483561 jaka_arm_right solver_failed 0.268646 -0.218028 -0.247040 0.291216 0.781287 0.499207 0.235744 1.062287 0.569878 -1.868798 -2.267949 0.587811 -0.108262 -1.595333
1776408929.491924 jaka_arm_right solver_failed 0.269129 -0.221175 -0.243637 0.289914 0.783240 0.496473 0.236640 1.062287 0.569878 -1.868798 -2.267949 0.587811 -0.108262 -1.595333
1776408929.500289 jaka_arm_right solver_failed 0.269274 -0.223936 -0.240170 0.291584 0.784515 0.493908 0.235731 1.062287 0.569878 -1.868798 -2.267949 0.587811 -0.108262 -1.595333
1776408929.508627 jaka_arm_right solver_failed 0.269786 -0.226920 -0.236749 0.290288 0.786405 0.491236 0.236617 1.062287 0.569878 -1.868798 -2.267949 0.587811 -0.108262 -1.595333
1776408929.516964 jaka_arm_right solver_failed 0.270659 -0.229967 -0.233260 0.287720 0.788388 0.488781 0.238233 1.062287 0.569878 -1.868798 -2.267949 0.587811 -0.108262 -1.595333
1776408929.525338 jaka_arm_right solver_failed 0.271444 -0.232962 -0.229859 0.285269 0.790422 0.486397 0.239316 1.062287 0.569878 -1.868798 -2.267949 0.587811 -0.108262 -1.595333
1776408929.533620 jaka_arm_right solver_failed 0.272015 -0.235848 -0.226418 0.285548 0.791912 0.483502 0.239924 1.062287 0.569878 -1.868798 -2.267949 0.587811 -0.108262 -1.595333
1776408929.542081 jaka_arm_right solver_failed 0.272763 -0.238750 -0.223005 0.284884 0.794051 0.480122 0.240430 1.062287 0.569878 -1.868798 -2.267949 0.587811 -0.108262 -1.595333
1776408929.550312 jaka_arm_right solver_failed 0.273845 -0.241369 -0.219705 0.284247 0.795248 0.478335 0.240791 1.062287 0.569878 -1.868798 -2.267949 0.587811 -0.108262 -1.595333
1776408929.558629 jaka_arm_right solver_failed 0.274809 -0.244287 -0.216194 0.283620 0.797682 0.474045 0.241958 1.062287 0.569878 -1.868798 -2.267949 0.587811 -0.108262 -1.595333
1776408929.566907 jaka_arm_right solver_failed 0.275755 -0.246998 -0.212871 0.283953 0.798919 0.471497 0.242465 1.062287 0.569878 -1.868798 -2.267949 0.587811 -0.108262 -1.595333
1776408929.575354 jaka_arm_right solver_failed 0.277002 -0.249639 -0.209527 0.283597 0.800248 0.469315 0.242731 1.062287 0.569878 -1.868798 -2.267949 0.587811 -0.108262 -1.595333
1776408929.583555 jaka_arm_right solver_failed 0.278248 -0.252206 -0.206090 0.284527 0.801724 0.466494 0.242213 1.062287 0.569878 -1.868798 -2.267949 0.587811 -0.108262 -1.595333
1776408929.592031 jaka_arm_right solver_failed 0.279802 -0.254690 -0.202621 0.283570 0.804051 0.464120 0.240172 1.062287 0.569878 -1.868798 -2.267949 0.587811 -0.108262 -1.595333
1776408929.600343 jaka_arm_right solver_failed 0.281590 -0.257158 -0.199191 0.281539 0.806513 0.461374 0.239597 1.062287 0.569878 -1.868798 -2.267949 0.587811 -0.108262 -1.595333
1776408929.608633 jaka_arm_right solver_failed 0.283403 -0.259605 -0.195782 0.279599 0.808621 0.459063 0.239201 1.062287 0.569878 -1.868798 -2.267949 0.587811 -0.108262 -1.595333
1776408929.616942 jaka_arm_right solver_failed 0.285087 -0.261787 -0.192525 0.277736 0.810847 0.457200 0.237400 1.062287 0.569878 -1.868798 -2.267949 0.587811 -0.108262 -1.595333
1776408929.625347 jaka_arm_right solver_failed 0.286827 -0.263967 -0.189193 0.276628 0.812418 0.455466 0.236653 1.062287 0.569878 -1.868798 -2.267949 0.587811 -0.108262 -1.595333
1776408929.633630 jaka_arm_right solver_failed 0.288917 -0.265759 -0.185802 0.275104 0.813830 0.454124 0.236158 1.062287 0.569878 -1.868798 -2.267949 0.587811 -0.108262 -1.595333
1776408929.642004 jaka_arm_right solver_failed 0.290635 -0.267542 -0.182318 0.275815 0.815871 0.450589 0.235052 1.062287 0.569878 -1.868798 -2.267949 0.587811 -0.108262 -1.595333
1776408929.650249 jaka_arm_right solver_failed 0.292362 -0.268903 -0.178893 0.276199 0.817093 0.449242 0.232927 1.062287 0.569878 -1.868798 -2.267949 0.587811 -0.108262 -1.595333
1776408929.658700 jaka_arm_right solver_failed 0.294355 -0.270310 -0.175337 0.275226 0.818507 0.446662 0.234073 1.062287 0.569878 -1.868798 -2.267949 0.587811 -0.108262 -1.595333
1776408929.666995 jaka_arm_right solver_failed 0.296256 -0.271453 -0.171785 0.272956 0.820440 0.444641 0.233812 1.062287 0.569878 -1.868798 -2.267949 0.587811 -0.108262 -1.595333
1776408929.675292 jaka_arm_right solver_failed 0.298289 -0.272301 -0.168414 0.270158 0.821740 0.443489 0.234680 1.062287 0.569878 -1.868798 -2.267949 0.587811 -0.108262 -1.595333
1776408929.683483 jaka_arm_right success 0.300125 -0.273050 -0.164843 0.268964 0.823672 0.441089 0.233802 1.560087 -0.523904 -2.354195 -2.268928 0.987353 0.444387 -1.375532
1776408929.691918 jaka_arm_right success 0.302378 -0.273548 -0.161362 0.265796 0.825622 0.439707 0.233148 1.548379 -0.542750 -2.334628 -2.267167 0.983155 0.451452 -1.356571
1776408929.700254 jaka_arm_right success 0.304578 -0.273894 -0.157843 0.263870 0.827240 0.437527 0.233700 1.541256 -0.561099 -2.316581 -2.266035 0.982853 0.454657 -1.341129
1776408929.708516 jaka_arm_right success 0.306874 -0.274113 -0.154312 0.260914 0.829404 0.436162 0.231895 1.517116 -0.579530 -2.290408 -2.251886 0.973437 0.469635 -1.315246
1776408929.716888 jaka_arm_right success 0.309247 -0.274174 -0.150746 0.259066 0.830977 0.434189 0.232039 1.507874 -0.599190 -2.275725 -2.246954 0.970096 0.479804 -1.297357
1776408929.725321 jaka_arm_right success 0.311705 -0.274197 -0.147272 0.255100 0.832793 0.433884 0.230488 1.489314 -0.619774 -2.257050 -2.233523 0.960124 0.500324 -1.272876
1776408929.733597 jaka_arm_right success 0.313952 -0.273852 -0.143707 0.253422 0.834144 0.433668 0.227846 1.473110 -0.641299 -2.241219 -2.222768 0.953210 0.519333 -1.247653
1776408929.742002 jaka_arm_right success 0.316517 -0.273585 -0.140123 0.250665 0.835674 0.432344 0.227806 1.465677 -0.659586 -2.228312 -2.217456 0.950241 0.529564 -1.231680
1776408929.750207 jaka_arm_right success 0.319244 -0.273061 -0.136489 0.247411 0.837237 0.431780 0.226690 1.450541 -0.678777 -2.210526 -2.203075 0.944323 0.546965 -1.209347
1776408929.758678 jaka_arm_right success 0.321828 -0.272454 -0.132977 0.245335 0.838661 0.431082 0.225003 1.438696 -0.697901 -2.196688 -2.193812 0.940240 0.561407 -1.188910
1776408929.766987 jaka_arm_right success 0.324662 -0.271695 -0.129511 0.241366 0.839838 0.432270 0.222614 1.423450 -0.714591 -2.181832 -2.177554 0.931446 0.583810 -1.166798
1776408929.775210 jaka_arm_right success 0.327439 -0.270848 -0.126008 0.239468 0.840915 0.431789 0.221531 1.413694 -0.732089 -2.168850 -2.167847 0.928849 0.597438 -1.147563
1776408929.783559 jaka_arm_right success 0.330063 -0.269841 -0.122309 0.238178 0.842903 0.430464 0.217914 1.400640 -0.756273 -2.154606 -2.155495 0.925430 0.614618 -1.121361
1776408929.791993 jaka_arm_right success 0.333124 -0.268793 -0.118975 0.234639 0.844526 0.430142 0.216098 1.388014 -0.773684 -2.140399 -2.140749 0.919825 0.632026 -1.101368
1776408929.800252 jaka_arm_right success 0.336913 -0.267603 -0.115542 0.227496 0.846140 0.430367 0.216972 1.379645 -0.787926 -2.122829 -2.129601 0.916281 0.643453 -1.089452
1776408929.808536 jaka_arm_right success 0.339685 -0.266078 -0.112183 0.226151 0.847423 0.429998 0.214085 1.365388 -0.804836 -2.110291 -2.112932 0.911863 0.661533 -1.066984
1776408929.816864 jaka_arm_right success 0.342373 -0.264554 -0.108836 0.225474 0.848853 0.428670 0.211783 1.358529 -0.823638 -2.099404 -2.104639 0.911973 0.671936 -1.048069
1776408929.825335 jaka_arm_right success 0.345534 -0.262951 -0.105523 0.222796 0.850659 0.427539 0.209646 1.346914 -0.843485 -2.084722 -2.090667 0.910645 0.685674 -1.026676
1776408929.833597 jaka_arm_right success 0.348720 -0.261349 -0.102235 0.220513 0.852077 0.426422 0.208573 1.340342 -0.860800 -2.073069 -2.082459 0.910245 0.694862 -1.010818
1776408929.841886 jaka_arm_right success 0.351971 -0.259603 -0.099136 0.218461 0.853282 0.425278 0.208144 1.332596 -0.875553 -2.060518 -2.070869 0.911214 0.703348 -0.995789
1776408929.850199 jaka_arm_right success 0.355352 -0.257778 -0.096085 0.216688 0.854455 0.425482 0.204739 1.319274 -0.892857 -2.046856 -2.052734 0.908617 0.721154 -0.973055
1776408929.858539 jaka_arm_right success 0.358941 -0.256024 -0.092949 0.214362 0.855773 0.424385 0.203958 1.312281 -0.908788 -2.034996 -2.042891 0.909511 0.729260 -0.957848
1776408929.866860 jaka_arm_right success 0.362838 -0.254133 -0.090092 0.211175 0.856974 0.424691 0.201587 1.297522 -0.922196 -2.020385 -2.021583 0.906755 0.745996 -0.939097
1776408929.875242 jaka_arm_right success 0.366102 -0.252228 -0.087201 0.210443 0.858979 0.422654 0.198072 1.287182 -0.944367 -2.010021 -2.004975 0.905253 0.761541 -0.913454
1776408929.883546 jaka_arm_right success 0.369684 -0.250261 -0.084247 0.209415 0.860458 0.421483 0.195217 1.277869 -0.961543 -2.000130 -1.990951 0.904300 0.773935 -0.893657
1776408929.892003 jaka_arm_right success 0.373374 -0.248244 -0.081602 0.206864 0.861701 0.421283 0.192871 1.266150 -0.976750 -1.988088 -1.972478 0.903127 0.788216 -0.874331
1776408929.901411 jaka_arm_right success 0.376994 -0.246108 -0.079012 0.205316 0.862463 0.421310 0.191054 1.258896 -0.990528 -1.977441 -1.961769 0.904661 0.797051 -0.858917
1776408929.908561 jaka_arm_right success 0.380672 -0.243979 -0.076498 0.203926 0.863378 0.421402 0.188182 1.245027 -1.003521 -1.966572 -1.939211 0.902612 0.813394 -0.838872
1776408929.916877 jaka_arm_right success 0.384383 -0.241959 -0.074036 0.201145 0.864704 0.421049 0.185862 1.236787 -1.017517 -1.956527 -1.924990 0.902221 0.824579 -0.822579
1776408929.925275 jaka_arm_right success 0.388002 -0.239766 -0.071780 0.200157 0.865269 0.421694 0.182817 1.223422 -1.029426 -1.946477 -1.902865 0.900395 0.840645 -0.803158
1776408929.933962 jaka_arm_right success 0.391993 -0.237616 -0.069591 0.197797 0.866128 0.421968 0.180668 1.212049 -1.040559 -1.936524 -1.884558 0.899348 0.853773 -0.787026
1776408929.941939 jaka_arm_right success 0.395789 -0.235493 -0.067461 0.195742 0.866597 0.423402 0.177273 1.199632 -1.050595 -1.926313 -1.863938 0.898194 0.868847 -0.769938
1776408929.950254 jaka_arm_right success 0.399441 -0.233191 -0.065466 0.195779 0.867037 0.424488 0.172418 1.185336 -1.062553 -1.918321 -1.840398 0.895307 0.888746 -0.746312
1776408929.958582 jaka_arm_right success 0.403071 -0.230892 -0.063475 0.195695 0.867327 0.425585 0.168300 1.174408 -1.073989 -1.909965 -1.822516 0.895244 0.903062 -0.726711
1776408929.966967 jaka_arm_right success 0.407160 -0.228674 -0.061613 0.193060 0.867869 0.426542 0.166112 1.161786 -1.081928 -1.900305 -1.802536 0.895116 0.914895 -0.713174
1776408929.975241 jaka_arm_right success 0.410835 -0.226362 -0.059893 0.192132 0.868468 0.427247 0.162198 1.148837 -1.093104 -1.891481 -1.779772 0.893605 0.931102 -0.693608
1776408929.983498 jaka_arm_right success 0.414769 -0.224048 -0.058357 0.190056 0.868940 0.428415 0.159004 1.136162 -1.101748 -1.882059 -1.760154 0.893410 0.943682 -0.679012
1776408929.991916 jaka_arm_right success 0.418565 -0.221642 -0.056856 0.188013 0.869622 0.428818 0.156602 1.125019 -1.110764 -1.873405 -1.742149 0.893787 0.953973 -0.665478
1776408930.000363 jaka_arm_right success 0.422086 -0.219063 -0.055504 0.186961 0.870269 0.429200 0.153184 1.111596 -1.120279 -1.865338 -1.719075 0.892424 0.969097 -0.647775
1776408930.016888 jaka_arm_right success 0.429303 -0.213955 -0.053115 0.181882 0.871507 0.430191 0.149435 1.088980 -1.136358 -1.847635 -1.682193 0.893154 0.988791 -0.624489
1776408930.025398 jaka_arm_right success 0.433001 -0.211120 -0.052113 0.179793 0.872165 0.430397 0.147514 1.078909 -1.144418 -1.839248 -1.668848 0.895252 0.993929 -0.615599
1776408930.034020 jaka_arm_right success 0.436453 -0.208343 -0.051183 0.177685 0.873361 0.429858 0.144537 1.064891 -1.154506 -1.831443 -1.645693 0.893964 1.006489 -0.600094
1776408930.041945 jaka_arm_right success 0.439788 -0.205526 -0.050359 0.175834 0.874595 0.429452 0.140485 1.052943 -1.165513 -1.824864 -1.624319 0.891975 1.019832 -0.583257
1776408930.050227 jaka_arm_right success 0.443196 -0.202766 -0.049541 0.172672 0.875705 0.429373 0.137711 1.038611 -1.174639 -1.816099 -1.600448 0.891074 1.032694 -0.569376
1776408930.058594 jaka_arm_right success 0.446717 -0.199867 -0.049052 0.169598 0.876301 0.429992 0.135793 1.028511 -1.180920 -1.807698 -1.586617 0.892125 1.039646 -0.562547
1776408930.066877 jaka_arm_right success 0.450390 -0.197095 -0.048463 0.165070 0.877494 0.429800 0.134267 1.013412 -1.187824 -1.799235 -1.561631 0.890280 1.050892 -0.553797
1776408930.075266 jaka_arm_right success 0.453602 -0.194359 -0.047927 0.161362 0.878582 0.430247 0.130168 1.000308 -1.195746 -1.792679 -1.538086 0.886620 1.066326 -0.540573
1776408930.083497 jaka_arm_right success 0.456821 -0.191335 -0.047729 0.158634 0.878856 0.431679 0.126892 0.985775 -1.201878 -1.783090 -1.517769 0.888158 1.076683 -0.530815
1776408930.092051 jaka_arm_right success 0.460003 -0.188367 -0.047545 0.156357 0.879386 0.432139 0.124450 0.972745 -1.208159 -1.776639 -1.497395 0.887719 1.087262 -0.519976
1776408930.100369 jaka_arm_right success 0.463167 -0.185558 -0.047162 0.152783 0.880778 0.431550 0.121050 0.959041 -1.218845 -1.769747 -1.471579 0.885758 1.100552 -0.505037
1776408930.108579 jaka_arm_right success 0.466683 -0.182535 -0.047283 0.147716 0.880625 0.434451 0.118035 0.941797 -1.221062 -1.759656 -1.446785 0.885497 1.115051 -0.498509
1776408930.116894 jaka_arm_right success 0.469386 -0.179671 -0.047090 0.145642 0.881951 0.433908 0.112581 0.928301 -1.230140 -1.756076 -1.419587 0.880407 1.134144 -0.479467
1776408930.125267 jaka_arm_right success 0.472426 -0.176826 -0.047245 0.141090 0.882460 0.435358 0.108726 0.912262 -1.233433 -1.748507 -1.395657 0.878704 1.148163 -0.472076
1776408930.133601 jaka_arm_right success 0.475579 -0.173934 -0.047409 0.136427 0.882779 0.436903 0.105852 0.895440 -1.238858 -1.739647 -1.368482 0.877614 1.162982 -0.462971
1776408930.141972 jaka_arm_right success 0.478370 -0.170939 -0.047781 0.133464 0.882696 0.438851 0.102198 0.880879 -1.242864 -1.730554 -1.352881 0.879928 1.170239 -0.459154
1776408930.150237 jaka_arm_right success 0.481330 -0.168161 -0.047987 0.129375 0.883165 0.439813 0.099224 0.863413 -1.247227 -1.724670 -1.322294 0.877578 1.186623 -0.447375
1776408930.158641 jaka_arm_right success 0.484442 -0.165284 -0.048326 0.125229 0.883210 0.441589 0.096214 0.850368 -1.251153 -1.716836 -1.302686 0.877509 1.197582 -0.442519
1776408930.167069 jaka_arm_right success 0.487618 -0.162509 -0.048685 0.120684 0.883517 0.442812 0.093541 0.831798 -1.255136 -1.709891 -1.271105 0.875880 1.213948 -0.432331
1776408930.175202 jaka_arm_right success 0.490314 -0.159559 -0.049271 0.118875 0.883122 0.445237 0.087913 0.811163 -1.260939 -1.701160 -1.242799 0.877840 1.228865 -0.418712
1776408930.183501 jaka_arm_right success 0.493111 -0.156877 -0.049619 0.116936 0.883465 0.445658 0.084874 0.799558 -1.267338 -1.696741 -1.219931 0.877484 1.240946 -0.405768
1776408930.192032 jaka_arm_right success 0.496037 -0.154152 -0.050122 0.114466 0.883571 0.446802 0.081038 0.782591 -1.271503 -1.690925 -1.194041 0.877150 1.254534 -0.395506
1776408930.200258 jaka_arm_right success 0.499220 -0.151271 -0.050879 0.111186 0.883070 0.449179 0.077874 0.763799 -1.274658 -1.683460 -1.164063 0.878127 1.269605 -0.385448
1776408930.208691 jaka_arm_right success 0.502325 -0.148603 -0.051570 0.107325 0.883105 0.450632 0.074414 0.744833 -1.279549 -1.675659 -1.134382 0.878316 1.284989 -0.375899
1776408930.216932 jaka_arm_right success 0.504512 -0.145960 -0.052125 0.108798 0.883791 0.449931 0.068105 0.733294 -1.288608 -1.675530 -1.106414 0.876417 1.302600 -0.349068
1776408930.225248 jaka_arm_right success 0.507372 -0.143272 -0.052925 0.106401 0.883743 0.451113 0.064607 0.714580 -1.291966 -1.669347 -1.079207 0.877516 1.314341 -0.341001
1776408930.233545 jaka_arm_right success 0.510315 -0.140490 -0.053780 0.103857 0.883534 0.452441 0.062276 0.698708 -1.296841 -1.662568 -1.056460 0.879933 1.322964 -0.333958
1776408930.241973 jaka_arm_right success 0.513177 -0.137748 -0.054737 0.102055 0.883726 0.452958 0.058671 0.680005 -1.303055 -1.657741 -1.023282 0.880419 1.338097 -0.317869
1776408930.250152 jaka_arm_right success 0.516158 -0.135039 -0.055570 0.099605 0.884017 0.453301 0.055778 0.663988 -1.308674 -1.653094 -0.995479 0.881041 1.349996 -0.306163
1776408930.258586 jaka_arm_right success 0.518799 -0.132356 -0.056529 0.098839 0.884344 0.453305 0.051775 0.646877 -1.316321 -1.649383 -0.964120 0.881190 1.364629 -0.287895
1776408930.267030 jaka_arm_right success 0.521746 -0.129473 -0.057602 0.096689 0.884876 0.453137 0.048077 0.628475 -1.322350 -1.645204 -0.930883 0.881683 1.378560 -0.273024
1776408930.275287 jaka_arm_right success 0.524375 -0.126791 -0.058495 0.095173 0.885768 0.451971 0.045606 0.614782 -1.330615 -1.642940 -0.902075 0.881111 1.390274 -0.256621
1776408930.283548 jaka_arm_right success 0.527200 -0.123939 -0.059686 0.092658 0.886253 0.451799 0.042983 0.597850 -1.335998 -1.638837 -0.874247 0.881441 1.400902 -0.247354
1776408930.291914 jaka_arm_right success 0.529670 -0.121168 -0.060742 0.092099 0.887318 0.450049 0.040504 0.588165 -1.344712 -1.638209 -0.854219 0.881090 1.406758 -0.232993
1776408930.300234 jaka_arm_right success 0.532109 -0.118231 -0.061984 0.091204 0.888178 0.448871 0.036573 0.567124 -1.352835 -1.635084 -0.811723 0.881338 1.425013 -0.209301
1776408930.308545 jaka_arm_right success 0.534925 -0.115331 -0.063278 0.087654 0.888876 0.448404 0.033899 0.546870 -1.359261 -1.631129 -0.773180 0.881282 1.440698 -0.194708
1776408930.316843 jaka_arm_right success 0.537158 -0.112588 -0.064568 0.086303 0.889625 0.447432 0.030405 0.532160 -1.365360 -1.629587 -0.746536 0.880646 1.451395 -0.181504
1776408930.325431 jaka_arm_right success 0.539336 -0.109789 -0.065874 0.085280 0.890543 0.445985 0.027547 0.514658 -1.373463 -1.627542 -0.710531 0.880676 1.464954 -0.162010
1776408930.333575 jaka_arm_right success 0.541390 -0.107168 -0.067061 0.083216 0.891729 0.444133 0.025296 0.498130 -1.380077 -1.625713 -0.676306 0.880579 1.478232 -0.144985
1776408930.341916 jaka_arm_right success 0.543527 -0.104453 -0.068349 0.080294 0.892757 0.442716 0.023263 0.483922 -1.386751 -1.623968 -0.649136 0.879332 1.488775 -0.135426
1776408930.350198 jaka_arm_right success 0.545625 -0.101638 -0.069801 0.076526 0.892807 0.443382 0.021232 0.459480 -1.390427 -1.619453 -0.603786 0.881149 1.505838 -0.120801
1776408930.358582 jaka_arm_right success 0.547270 -0.098823 -0.071087 0.074892 0.893287 0.442834 0.018097 0.445978 -1.398211 -1.617079 -0.574219 0.882003 1.518327 -0.102933
1776408930.366878 jaka_arm_right success 0.548779 -0.096054 -0.072277 0.074040 0.894092 0.441451 0.015460 0.431617 -1.403263 -1.616515 -0.545880 0.881625 1.527999 -0.089327
1776408930.375196 jaka_arm_right success 0.550399 -0.093330 -0.073391 0.071741 0.895228 0.439646 0.011436 0.403901 -1.410878 -1.614022 -0.485281 0.881667 1.554080 -0.059652
1776408930.383473 jaka_arm_right success 0.551941 -0.090888 -0.074434 0.068942 0.896132 0.438302 0.009261 0.384500 -1.416340 -1.612253 -0.443897 0.882160 1.569512 -0.041784
1776408930.391930 jaka_arm_right success 0.553448 -0.088229 -0.075514 0.067161 0.896836 0.437186 0.006568 0.366286 -1.409250 -1.529140 -0.403987 0.802444 1.570796 -0.009164
1776408930.400263 jaka_arm_right success 0.555008 -0.085765 -0.076548 0.064125 0.897747 0.435794 0.004646 0.338773 -1.392335 -1.363672 -0.351611 0.642303 1.570796 0.035358
1776408930.408530 jaka_arm_right success 0.556318 -0.083391 -0.077588 0.062243 0.898258 0.435032 0.002467 0.307522 -1.373261 -1.118919 -0.305981 0.405368 1.570796 0.088450
1776408930.416953 jaka_arm_right solver_failed 0.557723 -0.080822 -0.078815 -0.059416 -0.897897 -0.436177 0.000327 0.307522 -1.373261 -1.118919 -0.305981 0.405368 1.570796 0.088450
1776408930.425318 jaka_arm_right solver_failed 0.559090 -0.078221 -0.079936 -0.056651 -0.898102 -0.436118 0.001965 0.307522 -1.373261 -1.118919 -0.305981 0.405368 1.570796 0.088450
1776408930.433666 jaka_arm_right solver_failed 0.560251 -0.076011 -0.080731 -0.053750 -0.898915 -0.434796 0.003904 0.307522 -1.373261 -1.118919 -0.305981 0.405368 1.570796 0.088450
1776408930.441966 jaka_arm_right solver_failed 0.560955 -0.073654 -0.081565 -0.053642 -0.898969 -0.434674 0.005951 0.307522 -1.373261 -1.118919 -0.305981 0.405368 1.570796 0.088450
1776408930.450373 jaka_arm_right solver_failed 0.562090 -0.071392 -0.082483 -0.050057 -0.899238 -0.434532 0.006815 0.307522 -1.373261 -1.118919 -0.305981 0.405368 1.570796 0.088450
1776408930.458664 jaka_arm_right solver_failed 0.563008 -0.069384 -0.083052 -0.046781 -0.899950 -0.433395 0.008403 0.307522 -1.373261 -1.118919 -0.305981 0.405368 1.570796 0.088450
1776408930.467471 jaka_arm_right solver_failed 0.563564 -0.067280 -0.083806 -0.044986 -0.899782 -0.433874 0.011051 0.307522 -1.373261 -1.118919 -0.305981 0.405368 1.570796 0.088450
1776408930.475329 jaka_arm_right solver_failed 0.564153 -0.065292 -0.084416 -0.042512 -0.899624 -0.434407 0.012636 0.307522 -1.373261 -1.118919 -0.305981 0.405368 1.570796 0.088450
1776408930.483574 jaka_arm_right solver_failed 0.564783 -0.063449 -0.084892 -0.039152 -0.899737 -0.434461 0.013596 0.307522 -1.373261 -1.118919 -0.305981 0.405368 1.570796 0.088450
1776408930.491986 jaka_arm_right solver_failed 0.565051 -0.061586 -0.085453 -0.037393 -0.899509 -0.435042 0.014978 0.307522 -1.373261 -1.118919 -0.305981 0.405368 1.570796 0.088450
1776408930.500460 jaka_arm_right solver_failed 0.565410 -0.059814 -0.085892 -0.035356 -0.899434 -0.435359 0.015194 0.307522 -1.373261 -1.118919 -0.305981 0.405368 1.570796 0.088450
1776408930.508652 jaka_arm_right solver_failed 0.565725 -0.058005 -0.086358 -0.033257 -0.899112 -0.436160 0.015972 0.307522 -1.373261 -1.118919 -0.305981 0.405368 1.570796 0.088450
1776408930.516945 jaka_arm_right solver_failed 0.566286 -0.056470 -0.086814 -0.029287 -0.898993 -0.436711 0.015416 0.307522 -1.373261 -1.118919 -0.305981 0.405368 1.570796 0.088450
1776408930.525519 jaka_arm_right solver_failed 0.566522 -0.054994 -0.087100 -0.027096 -0.899056 -0.436708 0.015833 0.307522 -1.373261 -1.118919 -0.305981 0.405368 1.570796 0.088450
1776408930.533787 jaka_arm_right solver_failed 0.566681 -0.053458 -0.087418 -0.026174 -0.899020 -0.436838 0.015821 0.307522 -1.373261 -1.118919 -0.305981 0.405368 1.570796 0.088450
1776408930.542039 jaka_arm_right solver_failed 0.567187 -0.051912 -0.087794 -0.023391 -0.898913 -0.437265 0.014453 0.307522 -1.373261 -1.118919 -0.305981 0.405368 1.570796 0.088450
1776408930.550299 jaka_arm_right solver_failed 0.567401 -0.050613 -0.088164 -0.022718 -0.898701 -0.437742 0.014212 0.307522 -1.373261 -1.118919 -0.305981 0.405368 1.570796 0.088450
1776408930.558699 jaka_arm_right solver_failed 0.567712 -0.049389 -0.088393 -0.021873 -0.898973 -0.437245 0.013655 0.307522 -1.373261 -1.118919 -0.305981 0.405368 1.570796 0.088450
1776408930.568470 jaka_arm_right solver_failed 0.568647 -0.047792 -0.088875 -0.018840 -0.898363 -0.438690 0.011849 0.307522 -1.373261 -1.118919 -0.305981 0.405368 1.570796 0.088450
1776408930.575335 jaka_arm_right solver_failed 0.568672 -0.046838 -0.088934 -0.020154 -0.899058 -0.437164 0.013270 0.307522 -1.373261 -1.118919 -0.305981 0.405368 1.570796 0.088450
1776408930.583603 jaka_arm_right solver_failed 0.569532 -0.045492 -0.089435 -0.017609 -0.898337 -0.438781 0.012317 0.307522 -1.373261 -1.118919 -0.305981 0.405368 1.570796 0.088450
1776408930.592276 jaka_arm_right solver_failed 0.569961 -0.044343 -0.089665 -0.017078 -0.898225 -0.439018 0.012766 0.307522 -1.373261 -1.118919 -0.305981 0.405368 1.570796 0.088450
1776408930.600650 jaka_arm_right solver_failed 0.570035 -0.043426 -0.089782 -0.017852 -0.898390 -0.438591 0.014674 0.307522 -1.373261 -1.118919 -0.305981 0.405368 1.570796 0.088450
1776408930.608656 jaka_arm_right solver_failed 0.570630 -0.042311 -0.090076 -0.016676 -0.898040 -0.439334 0.015189 0.307522 -1.373261 -1.118919 -0.305981 0.405368 1.570796 0.088450
1776408930.616975 jaka_arm_right solver_failed 0.570834 -0.041404 -0.090234 -0.017361 -0.898132 -0.439101 0.015747 0.307522 -1.373261 -1.118919 -0.305981 0.405368 1.570796 0.088450
1776408930.625431 jaka_arm_right solver_failed 0.571494 -0.040240 -0.090582 -0.014772 -0.897853 -0.439752 0.016127 0.307522 -1.373261 -1.118919 -0.305981 0.405368 1.570796 0.088450
1776408930.633826 jaka_arm_right solver_failed 0.571929 -0.039329 -0.090700 -0.013813 -0.898464 -0.438501 0.016978 0.307522 -1.373261 -1.118919 -0.305981 0.405368 1.570796 0.088450
1776408930.642028 jaka_arm_right solver_failed 0.572303 -0.038162 -0.091146 -0.012844 -0.898006 -0.439452 0.017362 0.307522 -1.373261 -1.118919 -0.305981 0.405368 1.570796 0.088450
1776408930.650293 jaka_arm_right solver_failed 0.572054 -0.037208 -0.091293 -0.015334 -0.898358 -0.438599 0.018686 0.307522 -1.373261 -1.118919 -0.305981 0.405368 1.570796 0.088450
1776408930.658719 jaka_arm_right solver_failed 0.572784 -0.036191 -0.091689 -0.011696 -0.898452 -0.438550 0.017927 0.307522 -1.373261 -1.118919 -0.305981 0.405368 1.570796 0.088450
1776408930.667094 jaka_arm_right solver_failed 0.572830 -0.035289 -0.091930 -0.011831 -0.898991 -0.437384 0.019221 0.307522 -1.373261 -1.118919 -0.305981 0.405368 1.570796 0.088450
1776408930.675321 jaka_arm_right solver_failed 0.573108 -0.034327 -0.092272 -0.011241 -0.899284 -0.436774 0.019743 0.307522 -1.373261 -1.118919 -0.305981 0.405368 1.570796 0.088450
1776408930.683582 jaka_arm_right solver_failed 0.573666 -0.033278 -0.092634 -0.009525 -0.899307 -0.436806 0.018911 0.307522 -1.373261 -1.118919 -0.305981 0.405368 1.570796 0.088450
1776408930.692277 jaka_arm_right solver_failed 0.573853 -0.032336 -0.092886 -0.009296 -0.899481 -0.436417 0.019699 0.307522 -1.373261 -1.118919 -0.305981 0.405368 1.570796 0.088450
1776408930.700431 jaka_arm_right solver_failed 0.574070 -0.031502 -0.093072 -0.009027 -0.899863 -0.435662 0.019087 0.307522 -1.373261 -1.118919 -0.305981 0.405368 1.570796 0.088450
1776408930.708587 jaka_arm_right solver_failed 0.573982 -0.030663 -0.093217 -0.009776 -0.900228 -0.434822 0.020589 0.307522 -1.373261 -1.118919 -0.305981 0.405368 1.570796 0.088450
1776408930.717151 jaka_arm_right solver_failed 0.574261 -0.029773 -0.093466 -0.008832 -0.900435 -0.434410 0.020670 0.307522 -1.373261 -1.118919 -0.305981 0.405368 1.570796 0.088450
1776408930.725435 jaka_arm_right solver_failed 0.574877 -0.028732 -0.093773 -0.006801 -0.899987 -0.435425 0.019563 0.307522 -1.373261 -1.118919 -0.305981 0.405368 1.570796 0.088450
1776408930.733784 jaka_arm_right solver_failed 0.574643 -0.027994 -0.093923 -0.008487 -0.899970 -0.435394 0.020368 0.307522 -1.373261 -1.118919 -0.305981 0.405368 1.570796 0.088450
1776408930.742028 jaka_arm_right solver_failed 0.574693 -0.027425 -0.093981 -0.008717 -0.900656 -0.433941 0.020925 0.307522 -1.373261 -1.118919 -0.305981 0.405368 1.570796 0.088450
1776408930.750288 jaka_arm_right solver_failed 0.574902 -0.026769 -0.094134 -0.008241 -0.900465 -0.434324 0.021379 0.307522 -1.373261 -1.118919 -0.305981 0.405368 1.570796 0.088450
1776408930.759028 jaka_arm_right solver_failed 0.575408 -0.025955 -0.094338 -0.006664 -0.900293 -0.434665 0.022239 0.307522 -1.373261 -1.118919 -0.305981 0.405368 1.570796 0.088450
1776408930.767181 jaka_arm_right solver_failed 0.576010 -0.025258 -0.094518 -0.003974 -0.900043 -0.435214 0.022243 0.307522 -1.373261 -1.118919 -0.305981 0.405368 1.570796 0.088450
1776408930.775319 jaka_arm_right solver_failed 0.575980 -0.024688 -0.094608 -0.005727 -0.899932 -0.435373 0.023247 0.307522 -1.373261 -1.118919 -0.305981 0.405368 1.570796 0.088450
1776408930.783602 jaka_arm_right solver_failed 0.575952 -0.024239 -0.094490 -0.007506 -0.900091 -0.434916 0.025078 0.307522 -1.373261 -1.118919 -0.305981 0.405368 1.570796 0.088450
1776408930.792078 jaka_arm_right solver_failed 0.577014 -0.023339 -0.094887 -0.003054 -0.898966 -0.437386 0.023322 0.307522 -1.373261 -1.118919 -0.305981 0.405368 1.570796 0.088450
1776408930.800414 jaka_arm_right solver_failed 0.576948 -0.022918 -0.094759 -0.005157 -0.899277 -0.436687 0.024049 0.307522 -1.373261 -1.118919 -0.305981 0.405368 1.570796 0.088450
1776408930.808596 jaka_arm_right solver_failed 0.576825 -0.022628 -0.094713 -0.006799 -0.899289 -0.436533 0.025934 0.307522 -1.373261 -1.118919 -0.305981 0.405368 1.570796 0.088450
1776408930.816965 jaka_arm_right solver_failed 0.577645 -0.021984 -0.095037 -0.003791 -0.898243 -0.438741 0.025533 0.307522 -1.373261 -1.118919 -0.305981 0.405368 1.570796 0.088450
1776408930.825412 jaka_arm_right solver_failed 0.578065 -0.021543 -0.095168 -0.002747 -0.897848 -0.439449 0.027313 0.307522 -1.373261 -1.118919 -0.305981 0.405368 1.570796 0.088450
1776408930.835096 jaka_arm_right solver_failed 0.578316 -0.021256 -0.095206 -0.003333 -0.897528 -0.440049 0.028105 0.307522 -1.373261 -1.118919 -0.305981 0.405368 1.570796 0.088450
1776408930.842023 jaka_arm_right solver_failed 0.578280 -0.021012 -0.095248 -0.005182 -0.897544 -0.439858 0.030219 0.307522 -1.373261 -1.118919 -0.305981 0.405368 1.570796 0.088450
1776408930.850286 jaka_arm_right solver_failed 0.578682 -0.020589 -0.095411 -0.004510 -0.897308 -0.440265 0.031381 0.307522 -1.373261 -1.118919 -0.305981 0.405368 1.570796 0.088450
1776408930.858690 jaka_arm_right solver_failed 0.578866 -0.020266 -0.095497 -0.005448 -0.897411 -0.440052 0.031268 0.307522 -1.373261 -1.118919 -0.305981 0.405368 1.570796 0.088450
1776408930.867028 jaka_arm_right solver_failed 0.579533 -0.019634 -0.095888 -0.003418 -0.896856 -0.441320 0.029564 0.307522 -1.373261 -1.118919 -0.305981 0.405368 1.570796 0.088450
1776408930.875389 jaka_arm_right solver_failed 0.579464 -0.019454 -0.095971 -0.004457 -0.897300 -0.440328 0.030731 0.307522 -1.373261 -1.118919 -0.305981 0.405368 1.570796 0.088450
1776408930.883635 jaka_arm_right solver_failed 0.579614 -0.019221 -0.096075 -0.004460 -0.897699 -0.439547 0.030234 0.307522 -1.373261 -1.118919 -0.305981 0.405368 1.570796 0.088450
1776408930.891975 jaka_arm_right solver_failed 0.580109 -0.018771 -0.096424 -0.003186 -0.897395 -0.440190 0.030092 0.307522 -1.373261 -1.118919 -0.305981 0.405368 1.570796 0.088450
1776408930.900292 jaka_arm_right solver_failed 0.580413 -0.018473 -0.096713 -0.003510 -0.897403 -0.440111 0.030953 0.307522 -1.373261 -1.118919 -0.305981 0.405368 1.570796 0.088450
1776408930.908605 jaka_arm_right solver_failed 0.580640 -0.018338 -0.096949 -0.004357 -0.897530 -0.439745 0.032328 0.307522 -1.373261 -1.118919 -0.305981 0.405368 1.570796 0.088450
1776408930.916956 jaka_arm_right solver_failed 0.581005 -0.018065 -0.097367 -0.004117 -0.897387 -0.439903 0.034123 0.307522 -1.373261 -1.118919 -0.305981 0.405368 1.570796 0.088450
1776408930.925339 jaka_arm_right solver_failed 0.581683 -0.017674 -0.097892 -0.002543 -0.896891 -0.440858 0.034993 0.307522 -1.373261 -1.118919 -0.305981 0.405368 1.570796 0.088450
1776408930.933665 jaka_arm_right solver_failed 0.582169 -0.017355 -0.098460 -0.001551 -0.896326 -0.441902 0.036340 0.307522 -1.373261 -1.118919 -0.305981 0.405368 1.570796 0.088450
1776408930.941964 jaka_arm_right solver_failed 0.582299 -0.017260 -0.098805 -0.003050 -0.896522 -0.441397 0.037528 0.307522 -1.373261 -1.118919 -0.305981 0.405368 1.570796 0.088450
1776408930.950342 jaka_arm_right solver_failed 0.582700 -0.017091 -0.099255 -0.002682 -0.896396 -0.441498 0.039325 0.307522 -1.373261 -1.118919 -0.305981 0.405368 1.570796 0.088450
1776408930.958595 jaka_arm_right solver_failed 0.582877 -0.017039 -0.099623 -0.003438 -0.896627 -0.440895 0.040746 0.307522 -1.373261 -1.118919 -0.305981 0.405368 1.570796 0.088450
1776408930.967033 jaka_arm_right solver_failed 0.583135 -0.016924 -0.100073 -0.003947 -0.896692 -0.440653 0.041871 0.307522 -1.373261 -1.118919 -0.305981 0.405368 1.570796 0.088450
1776408930.975366 jaka_arm_right solver_failed 0.583618 -0.016722 -0.100640 -0.003363 -0.896708 -0.440553 0.042610 0.307522 -1.373261 -1.118919 -0.305981 0.405368 1.570796 0.088450
1776408930.983546 jaka_arm_right solver_failed 0.584103 -0.016473 -0.101245 -0.003284 -0.896414 -0.441112 0.043026 0.307522 -1.373261 -1.118919 -0.305981 0.405368 1.570796 0.088450
1776408930.991981 jaka_arm_right solver_failed 0.584456 -0.016371 -0.101752 -0.004136 -0.896478 -0.440850 0.044282 0.307522 -1.373261 -1.118919 -0.305981 0.405368 1.570796 0.088450
1776408931.000382 jaka_arm_right solver_failed 0.584884 -0.016304 -0.102262 -0.004256 -0.896344 -0.440965 0.045808 0.307522 -1.373261 -1.118919 -0.305981 0.405368 1.570796 0.088450
1776408931.016993 jaka_arm_right solver_failed 0.585397 -0.016088 -0.102693 -0.004630 -0.896407 -0.440689 0.047172 0.307522 -1.373261 -1.118919 -0.305981 0.405368 1.570796 0.088450
1776408931.025367 jaka_arm_right solver_failed 0.586525 -0.015832 -0.103912 -0.003067 -0.895856 -0.441680 0.048496 0.307522 -1.373261 -1.118919 -0.305981 0.405368 1.570796 0.088450
1776408931.033627 jaka_arm_right solver_failed 0.586842 -0.015888 -0.104381 -0.004135 -0.896142 -0.440897 0.050227 0.307522 -1.373261 -1.118919 -0.305981 0.405368 1.570796 0.088450
1776408931.041967 jaka_arm_right solver_failed 0.587350 -0.015816 -0.104891 -0.003773 -0.895894 -0.441302 0.051109 0.307522 -1.373261 -1.118919 -0.305981 0.405368 1.570796 0.088450
1776408931.050300 jaka_arm_right solver_failed 0.587560 -0.015760 -0.105218 -0.005448 -0.895922 -0.440967 0.053301 0.307522 -1.373261 -1.118919 -0.305981 0.405368 1.570796 0.088450
1776408931.058614 jaka_arm_right solver_failed 0.588089 -0.015715 -0.105673 -0.004661 -0.895869 -0.441013 0.053897 0.307522 -1.373261 -1.118919 -0.305981 0.405368 1.570796 0.088450
1776408931.067016 jaka_arm_right solver_failed 0.588568 -0.015641 -0.106085 -0.004335 -0.895574 -0.441561 0.054335 0.307522 -1.373261 -1.118919 -0.305981 0.405368 1.570796 0.088450
1776408931.075273 jaka_arm_right solver_failed 0.589133 -0.015511 -0.106535 -0.003969 -0.895010 -0.442757 0.053915 0.307522 -1.373261 -1.118919 -0.305981 0.405368 1.570796 0.088450
1776408931.083611 jaka_arm_right solver_failed 0.589395 -0.015508 -0.106757 -0.004307 -0.895027 -0.442518 0.055542 0.307522 -1.373261 -1.118919 -0.305981 0.405368 1.570796 0.088450
1776408931.092182 jaka_arm_right solver_failed 0.589630 -0.015651 -0.106926 -0.004616 -0.894918 -0.442583 0.056756 0.307522 -1.373261 -1.118919 -0.305981 0.405368 1.570796 0.088450
1776408931.101573 jaka_arm_right solver_failed 0.590312 -0.015505 -0.107296 -0.003160 -0.894031 -0.444364 0.056920 0.307522 -1.373261 -1.118919 -0.305981 0.405368 1.570796 0.088450
1776408931.108623 jaka_arm_right solver_failed 0.590521 -0.015525 -0.107493 -0.004213 -0.893587 -0.445079 0.058222 0.307522 -1.373261 -1.118919 -0.305981 0.405368 1.570796 0.088450
1776408931.116938 jaka_arm_right solver_failed 0.591077 -0.015470 -0.107726 -0.002867 -0.892764 -0.446529 0.059809 0.307522 -1.373261 -1.118919 -0.305981 0.405368 1.570796 0.088450
1776408931.125365 jaka_arm_right solver_failed 0.591295 -0.015651 -0.107783 -0.002825 -0.892739 -0.446362 0.061397 0.307522 -1.373261 -1.118919 -0.305981 0.405368 1.570796 0.088450
1776408931.133822 jaka_arm_right solver_failed 0.591301 -0.015708 -0.107846 -0.004439 -0.892436 -0.446747 0.062896 0.307522 -1.373261 -1.118919 -0.305981 0.405368 1.570796 0.088450
1776408931.141943 jaka_arm_right solver_failed 0.591699 -0.015673 -0.108019 -0.003501 -0.892082 -0.447393 0.063378 0.307522 -1.373261 -1.118919 -0.305981 0.405368 1.570796 0.088450
1776408931.150337 jaka_arm_right solver_failed 0.592106 -0.015710 -0.108056 -0.002305 -0.891983 -0.447662 0.062927 0.307522 -1.373261 -1.118919 -0.305981 0.405368 1.570796 0.088450
1776408931.158695 jaka_arm_right solver_failed 0.592587 -0.015729 -0.108239 -0.000489 -0.891890 -0.447776 0.063470 0.307522 -1.373261 -1.118919 -0.305981 0.405368 1.570796 0.088450
1776408931.167040 jaka_arm_right solver_failed 0.592614 -0.015480 -0.108695 -0.001414 -0.890775 -0.449779 0.064929 0.307522 -1.373261 -1.118919 -0.305981 0.405368 1.570796 0.088450
1776408931.175380 jaka_arm_right solver_failed 0.593078 -0.015494 -0.108875 -0.000136 -0.890843 -0.449604 0.065238 0.307522 -1.373261 -1.118919 -0.305981 0.405368 1.570796 0.088450
1776408931.183660 jaka_arm_right solver_failed 0.593333 -0.015471 -0.109099 -0.000653 -0.890642 -0.449974 0.065429 0.307522 -1.373261 -1.118919 -0.305981 0.405368 1.570796 0.088450
1776408931.192091 jaka_arm_right solver_failed 0.593567 -0.015537 -0.109206 -0.001188 -0.890811 -0.449456 0.066661 0.307522 -1.373261 -1.118919 -0.305981 0.405368 1.570796 0.088450
1776408931.200365 jaka_arm_right solver_failed 0.594310 -0.015413 -0.109442 0.000956 -0.890810 -0.449600 0.065702 0.307522 -1.373261 -1.118919 -0.305981 0.405368 1.570796 0.088450
1776408931.208615 jaka_arm_right solver_failed 0.594465 -0.015571 -0.109566 -0.001000 -0.891096 -0.449061 0.065499 0.307522 -1.373261 -1.118919 -0.305981 0.405368 1.570796 0.088450
1776408931.216950 jaka_arm_right solver_failed 0.594817 -0.015500 -0.109986 -0.000378 -0.890312 -0.450327 0.067451 0.307522 -1.373261 -1.118919 -0.305981 0.405368 1.570796 0.088450
1776408931.225311 jaka_arm_right solver_failed 0.595125 -0.015539 -0.110163 -0.001028 -0.890176 -0.450504 0.068053 0.307522 -1.373261 -1.118919 -0.305981 0.405368 1.570796 0.088450
1776408931.233644 jaka_arm_right solver_failed 0.595444 -0.015706 -0.110394 -0.001165 -0.890058 -0.450567 0.069176 0.307522 -1.373261 -1.118919 -0.305981 0.405368 1.570796 0.088450
1776408931.242077 jaka_arm_right solver_failed 0.595951 -0.015707 -0.110638 -0.000292 -0.889625 -0.451397 0.069330 0.307522 -1.373261 -1.118919 -0.305981 0.405368 1.570796 0.088450
1776408931.250244 jaka_arm_right solver_failed 0.596568 -0.015509 -0.110977 0.000831 -0.888765 -0.453100 0.069259 0.307522 -1.373261 -1.118919 -0.305981 0.405368 1.570796 0.088450
1776408931.258744 jaka_arm_right solver_failed 0.596691 -0.015646 -0.111140 -0.000046 -0.888737 -0.452994 0.070312 0.307522 -1.373261 -1.118919 -0.305981 0.405368 1.570796 0.088450
1776408931.267007 jaka_arm_right solver_failed 0.597004 -0.015828 -0.111273 -0.000092 -0.889090 -0.452255 0.070604 0.307522 -1.373261 -1.118919 -0.305981 0.405368 1.570796 0.088450
1776408931.275432 jaka_arm_right solver_failed 0.597097 -0.015852 -0.111583 -0.001043 -0.888542 -0.452998 0.072698 0.307522 -1.373261 -1.118919 -0.305981 0.405368 1.570796 0.088450
1776408931.283568 jaka_arm_right solver_failed 0.597629 -0.015752 -0.111864 0.000619 -0.888199 -0.453715 0.072419 0.307522 -1.373261 -1.118919 -0.305981 0.405368 1.570796 0.088450
1776408931.292061 jaka_arm_right solver_failed 0.597980 -0.015678 -0.112160 0.001412 -0.887692 -0.454676 0.072598 0.307522 -1.373261 -1.118919 -0.305981 0.405368 1.570796 0.088450
1776408931.300428 jaka_arm_right solver_failed 0.598340 -0.015615 -0.112488 0.002744 -0.887334 -0.455147 0.073966 0.307522 -1.373261 -1.118919 -0.305981 0.405368 1.570796 0.088450
1776408931.308615 jaka_arm_right solver_failed 0.598164 -0.015760 -0.112494 0.001525 -0.887286 -0.454970 0.075648 0.307522 -1.373261 -1.118919 -0.305981 0.405368 1.570796 0.088450
1776408931.316941 jaka_arm_right solver_failed 0.598491 -0.015940 -0.112568 0.002755 -0.887550 -0.454286 0.076624 0.307522 -1.373261 -1.118919 -0.305981 0.405368 1.570796 0.088450
1776408931.325636 jaka_arm_right solver_failed 0.598823 -0.015905 -0.112808 0.003960 -0.887173 -0.455032 0.076518 0.307522 -1.373261 -1.118919 -0.305981 0.405368 1.570796 0.088450
1776408931.333684 jaka_arm_right solver_failed 0.599080 -0.015967 -0.112891 0.004748 -0.887084 -0.455199 0.076509 0.307522 -1.373261 -1.118919 -0.305981 0.405368 1.570796 0.088450
1776408931.341977 jaka_arm_right solver_failed 0.599188 -0.015896 -0.113198 0.004726 -0.886060 -0.456862 0.078438 0.307522 -1.373261 -1.118919 -0.305981 0.405368 1.570796 0.088450
1776408931.350340 jaka_arm_right solver_failed 0.599327 -0.016028 -0.113262 0.003983 -0.885821 -0.457155 0.079466 0.307522 -1.373261 -1.118919 -0.305981 0.405368 1.570796 0.088450
1776408931.358842 jaka_arm_right solver_failed 0.599530 -0.016071 -0.113412 0.004524 -0.885185 -0.458180 0.080604 0.307522 -1.373261 -1.118919 -0.305981 0.405368 1.570796 0.088450
1776408931.367164 jaka_arm_right solver_failed 0.599767 -0.016181 -0.113417 0.005149 -0.884818 -0.458536 0.082558 0.307522 -1.373261 -1.118919 -0.305981 0.405368 1.570796 0.088450
1776408931.375396 jaka_arm_right solver_failed 0.600108 -0.016229 -0.113495 0.006341 -0.884377 -0.459220 0.083395 0.307522 -1.373261 -1.118919 -0.305981 0.405368 1.570796 0.088450
1776408931.383586 jaka_arm_right solver_failed 0.600618 -0.016089 -0.113683 0.008332 -0.883715 -0.460527 0.083019 0.307522 -1.373261 -1.118919 -0.305981 0.405368 1.570796 0.088450
1776408931.392148 jaka_arm_right solver_failed 0.600860 -0.016034 -0.113805 0.009207 -0.883222 -0.461317 0.083795 0.307522 -1.373261 -1.118919 -0.305981 0.405368 1.570796 0.088450
1776408931.400371 jaka_arm_right solver_failed 0.601017 -0.016121 -0.113962 0.009737 -0.882663 -0.462136 0.085098 0.307522 -1.373261 -1.118919 -0.305981 0.405368 1.570796 0.088450
1776408931.408657 jaka_arm_right solver_failed 0.601080 -0.016067 -0.114187 0.009646 -0.881691 -0.463641 0.086979 0.307522 -1.373261 -1.118919 -0.305981 0.405368 1.570796 0.088450
1776408931.416958 jaka_arm_right solver_failed 0.601270 -0.016097 -0.114210 0.010314 -0.881657 -0.463532 0.087825 0.307522 -1.373261 -1.118919 -0.305981 0.405368 1.570796 0.088450
1776408931.425324 jaka_arm_right solver_failed 0.601277 -0.016216 -0.114200 0.010189 -0.881838 -0.462957 0.089041 0.307522 -1.373261 -1.118919 -0.305981 0.405368 1.570796 0.088450
1776408931.433636 jaka_arm_right solver_failed 0.601460 -0.016172 -0.114370 0.011013 -0.881757 -0.462937 0.089848 0.307522 -1.373261 -1.118919 -0.305981 0.405368 1.570796 0.088450
1776408931.441990 jaka_arm_right solver_failed 0.601543 -0.016105 -0.114478 0.010893 -0.881681 -0.462911 0.090738 0.307522 -1.373261 -1.118919 -0.305981 0.405368 1.570796 0.088450
1776408931.450243 jaka_arm_right solver_failed 0.601695 -0.015922 -0.114788 0.011239 -0.881379 -0.463393 0.091164 0.307522 -1.373261 -1.118919 -0.305981 0.405368 1.570796 0.088450
1776408931.458570 jaka_arm_right solver_failed 0.601791 -0.015705 -0.115064 0.011003 -0.881418 -0.463209 0.091754 0.307522 -1.373261 -1.118919 -0.305981 0.405368 1.570796 0.088450
1776408931.466974 jaka_arm_right solver_failed 0.601966 -0.015704 -0.115160 0.011223 -0.881900 -0.462261 0.091872 0.307522 -1.373261 -1.118919 -0.305981 0.405368 1.570796 0.088450
1776408931.475365 jaka_arm_right solver_failed 0.602145 -0.015515 -0.115431 0.010719 -0.882005 -0.461803 0.093221 0.307522 -1.373261 -1.118919 -0.305981 0.405368 1.570796 0.088450
1776408931.483579 jaka_arm_right solver_failed 0.602505 -0.015231 -0.115877 0.011702 -0.881740 -0.462298 0.093158 0.307522 -1.373261 -1.118919 -0.305981 0.405368 1.570796 0.088450
1776408931.491962 jaka_arm_right solver_failed 0.602542 -0.014976 -0.116242 0.010469 -0.881535 -0.462575 0.093869 0.307522 -1.373261 -1.118919 -0.305981 0.405368 1.570796 0.088450
1776408931.500293 jaka_arm_right solver_failed 0.602807 -0.014816 -0.116476 0.011065 -0.882049 -0.461472 0.094398 0.307522 -1.373261 -1.118919 -0.305981 0.405368 1.570796 0.088450
1776408931.508609 jaka_arm_right solver_failed 0.602855 -0.014553 -0.116882 0.010792 -0.882208 -0.461052 0.094987 0.307522 -1.373261 -1.118919 -0.305981 0.405368 1.570796 0.088450
1776408931.516964 jaka_arm_right solver_failed 0.603113 -0.014350 -0.117206 0.011289 -0.882825 -0.459731 0.095604 0.307522 -1.373261 -1.118919 -0.305981 0.405368 1.570796 0.088450
1776408931.525360 jaka_arm_right solver_failed 0.603370 -0.014136 -0.117624 0.012358 -0.882975 -0.459434 0.095517 0.307522 -1.373261 -1.118919 -0.305981 0.405368 1.570796 0.088450
1776408931.533743 jaka_arm_right solver_failed 0.603630 -0.013857 -0.118108 0.013065 -0.882843 -0.459391 0.096836 0.307522 -1.373261 -1.118919 -0.305981 0.405368 1.570796 0.088450
1776408931.541978 jaka_arm_right solver_failed 0.603978 -0.013532 -0.118620 0.014423 -0.882804 -0.459503 0.096467 0.307522 -1.373261 -1.118919 -0.305981 0.405368 1.570796 0.088450
1776408931.550272 jaka_arm_right solver_failed 0.604285 -0.013281 -0.119045 0.015868 -0.882738 -0.459271 0.097936 0.307522 -1.373261 -1.118919 -0.305981 0.405368 1.570796 0.088450
1776408931.558603 jaka_arm_right solver_failed 0.604487 -0.012943 -0.119470 0.016763 -0.882447 -0.459610 0.098817 0.307522 -1.373261 -1.118919 -0.305981 0.405368 1.570796 0.088450
1776408931.566975 jaka_arm_right solver_failed 0.604639 -0.012672 -0.119854 0.017425 -0.882436 -0.459470 0.099453 0.307522 -1.373261 -1.118919 -0.305981 0.405368 1.570796 0.088450
1776408931.575361 jaka_arm_right solver_failed 0.604642 -0.012482 -0.120177 0.016646 -0.882385 -0.459474 0.100022 0.307522 -1.373261 -1.118919 -0.305981 0.405368 1.570796 0.088450
1776408931.583547 jaka_arm_right solver_failed 0.604698 -0.012136 -0.120567 0.016222 -0.882200 -0.459590 0.101174 0.307522 -1.373261 -1.118919 -0.305981 0.405368 1.570796 0.088450
1776408931.591992 jaka_arm_right solver_failed 0.604890 -0.011920 -0.120912 0.016699 -0.882204 -0.459324 0.102266 0.307522 -1.373261 -1.118919 -0.305981 0.405368 1.570796 0.088450
1776408931.600358 jaka_arm_right solver_failed 0.605008 -0.011709 -0.121263 0.016434 -0.882361 -0.458900 0.102861 0.307522 -1.373261 -1.118919 -0.305981 0.405368 1.570796 0.088450
1776408931.608605 jaka_arm_right solver_failed 0.605178 -0.011462 -0.121562 0.016605 -0.882362 -0.458663 0.103875 0.307522 -1.373261 -1.118919 -0.305981 0.405368 1.570796 0.088450
1776408931.616973 jaka_arm_right solver_failed 0.605243 -0.011248 -0.121885 0.016676 -0.882309 -0.458570 0.104720 0.307522 -1.373261 -1.118919 -0.305981 0.405368 1.570796 0.088450
1776408931.625334 jaka_arm_right solver_failed 0.605372 -0.010832 -0.122345 0.017022 -0.881980 -0.458957 0.105739 0.307522 -1.373261 -1.118919 -0.305981 0.405368 1.570796 0.088450
1776408931.633605 jaka_arm_right solver_failed 0.605445 -0.010625 -0.122631 0.016928 -0.881854 -0.458858 0.107223 0.307522 -1.373261 -1.118919 -0.305981 0.405368 1.570796 0.088450
1776408931.642028 jaka_arm_right solver_failed 0.605690 -0.010405 -0.122952 0.017669 -0.881821 -0.458856 0.107381 0.307522 -1.373261 -1.118919 -0.305981 0.405368 1.570796 0.088450
1776408931.650260 jaka_arm_right solver_failed 0.605910 -0.010109 -0.123397 0.018476 -0.881125 -0.459998 0.108070 0.307522 -1.373261 -1.118919 -0.305981 0.405368 1.570796 0.088450
1776408931.658577 jaka_arm_right solver_failed 0.605959 -0.010000 -0.123593 0.018228 -0.880805 -0.460372 0.109120 0.307522 -1.373261 -1.118919 -0.305981 0.405368 1.570796 0.088450
1776408931.666996 jaka_arm_right solver_failed 0.605963 -0.009846 -0.123811 0.017942 -0.880461 -0.460721 0.110468 0.307522 -1.373261 -1.118919 -0.305981 0.405368 1.570796 0.088450
1776408931.675330 jaka_arm_right solver_failed 0.606059 -0.009662 -0.124086 0.018158 -0.879743 -0.461643 0.112288 0.307522 -1.373261 -1.118919 -0.305981 0.405368 1.570796 0.088450
1776408931.683718 jaka_arm_right solver_failed 0.606170 -0.009530 -0.124235 0.018278 -0.879420 -0.462009 0.113284 0.307522 -1.373261 -1.118919 -0.305981 0.405368 1.570796 0.088450
1776408931.691976 jaka_arm_right solver_failed 0.606190 -0.009292 -0.124467 0.017905 -0.878831 -0.462937 0.114131 0.307522 -1.373261 -1.118919 -0.305981 0.405368 1.570796 0.088450
1776408931.700333 jaka_arm_right solver_failed 0.606604 -0.009032 -0.124699 0.020057 -0.878490 -0.463815 0.112826 0.307522 -1.373261 -1.118919 -0.305981 0.405368 1.570796 0.088450
1776408931.708576 jaka_arm_right solver_failed 0.606448 -0.008878 -0.124862 0.019353 -0.878458 -0.463703 0.113649 0.307522 -1.373261 -1.118919 -0.305981 0.405368 1.570796 0.088450
1776408931.716915 jaka_arm_right solver_failed 0.606354 -0.008840 -0.124963 0.019218 -0.878478 -0.463447 0.114561 0.307522 -1.373261 -1.118919 -0.305981 0.405368 1.570796 0.088450
1776408931.725434 jaka_arm_right solver_failed 0.606458 -0.008701 -0.125152 0.019803 -0.878351 -0.463418 0.115551 0.307522 -1.373261 -1.118919 -0.305981 0.405368 1.570796 0.088450
1776408931.733658 jaka_arm_right solver_failed 0.606801 -0.008494 -0.125492 0.021919 -0.877710 -0.464068 0.117416 0.307522 -1.373261 -1.118919 -0.305981 0.405368 1.570796 0.088450
1776408931.741966 jaka_arm_right solver_failed 0.606967 -0.008351 -0.125769 0.022630 -0.877253 -0.464407 0.119338 0.307522 -1.373261 -1.118919 -0.305981 0.405368 1.570796 0.088450
1776408931.750311 jaka_arm_right solver_failed 0.607004 -0.008254 -0.125989 0.022264 -0.877141 -0.464464 0.120006 0.307522 -1.373261 -1.118919 -0.305981 0.405368 1.570796 0.088450
1776408931.758727 jaka_arm_right solver_failed 0.607060 -0.008074 -0.126243 0.022421 -0.877036 -0.464121 0.122051 0.307522 -1.373261 -1.118919 -0.305981 0.405368 1.570796 0.088450
1776408931.768133 jaka_arm_right solver_failed 0.607087 -0.007785 -0.126521 0.022884 -0.876774 -0.464362 0.122926 0.307522 -1.373261 -1.118919 -0.305981 0.405368 1.570796 0.088450
1776408931.775327 jaka_arm_right solver_failed 0.607160 -0.007545 -0.126798 0.023338 -0.876595 -0.464698 0.122849 0.307522 -1.373261 -1.118919 -0.305981 0.405368 1.570796 0.088450
1776408931.783649 jaka_arm_right solver_failed 0.607307 -0.007252 -0.127129 0.024486 -0.876500 -0.464656 0.123464 0.307522 -1.373261 -1.118919 -0.305981 0.405368 1.570796 0.088450
1776408931.791960 jaka_arm_right solver_failed 0.607370 -0.007124 -0.127292 0.025478 -0.876902 -0.463795 0.123649 0.307522 -1.373261 -1.118919 -0.305981 0.405368 1.570796 0.088450
1776408931.800338 jaka_arm_right solver_failed 0.607278 -0.006946 -0.127540 0.025306 -0.876901 -0.463558 0.124570 0.307522 -1.373261 -1.118919 -0.305981 0.405368 1.570796 0.088450
1776408931.808647 jaka_arm_right solver_failed 0.607367 -0.006643 -0.127955 0.026324 -0.876355 -0.464157 0.125962 0.307522 -1.373261 -1.118919 -0.305981 0.405368 1.570796 0.088450
1776408931.816965 jaka_arm_right solver_failed 0.607551 -0.006299 -0.128348 0.027088 -0.876135 -0.464555 0.125868 0.307522 -1.373261 -1.118919 -0.305981 0.405368 1.570796 0.088450
1776408931.825356 jaka_arm_right solver_failed 0.607494 -0.006175 -0.128530 0.026959 -0.876339 -0.464036 0.126387 0.307522 -1.373261 -1.118919 -0.305981 0.405368 1.570796 0.088450
1776408931.833640 jaka_arm_right solver_failed 0.607399 -0.006069 -0.128705 0.026940 -0.876606 -0.463105 0.127942 0.307522 -1.373261 -1.118919 -0.305981 0.405368 1.570796 0.088450
1776408931.841977 jaka_arm_right solver_failed 0.607207 -0.006061 -0.128764 0.026467 -0.877094 -0.461911 0.129010 0.307522 -1.373261 -1.118919 -0.305981 0.405368 1.570796 0.088450
1776408931.850311 jaka_arm_right solver_failed 0.607236 -0.005861 -0.128964 0.027143 -0.877090 -0.461862 0.129076 0.307522 -1.373261 -1.118919 -0.305981 0.405368 1.570796 0.088450
1776408931.858853 jaka_arm_right solver_failed 0.607288 -0.005609 -0.129174 0.027925 -0.876942 -0.461985 0.129467 0.307522 -1.373261 -1.118919 -0.305981 0.405368 1.570796 0.088450
1776408931.867095 jaka_arm_right solver_failed 0.607401 -0.005408 -0.129437 0.028766 -0.876539 -0.462687 0.129510 0.307522 -1.373261 -1.118919 -0.305981 0.405368 1.570796 0.088450
1776408931.875391 jaka_arm_right solver_failed 0.607362 -0.005366 -0.129451 0.028246 -0.876814 -0.462320 0.129074 0.307522 -1.373261 -1.118919 -0.305981 0.405368 1.570796 0.088450
1776408931.883579 jaka_arm_right solver_failed 0.607221 -0.005452 -0.129403 0.027241 -0.877087 -0.461568 0.130119 0.307522 -1.373261 -1.118919 -0.305981 0.405368 1.570796 0.088450
1776408931.892080 jaka_arm_right solver_failed 0.607210 -0.005411 -0.129473 0.027104 -0.876991 -0.461564 0.130807 0.307522 -1.373261 -1.118919 -0.305981 0.405368 1.570796 0.088450
1776408931.900378 jaka_arm_right solver_failed 0.607196 -0.005318 -0.129620 0.027012 -0.876550 -0.462172 0.131635 0.307522 -1.373261 -1.118919 -0.305981 0.405368 1.570796 0.088450
1776408931.908659 jaka_arm_right solver_failed 0.607200 -0.005103 -0.129831 0.027338 -0.876255 -0.462543 0.132224 0.307522 -1.373261 -1.118919 -0.305981 0.405368 1.570796 0.088450
1776408931.916945 jaka_arm_right solver_failed 0.607279 -0.004894 -0.130067 0.028887 -0.875735 -0.463059 0.133530 0.307522 -1.373261 -1.118919 -0.305981 0.405368 1.570796 0.088450
1776408931.925418 jaka_arm_right solver_failed 0.607171 -0.004702 -0.130192 0.029264 -0.875570 -0.463195 0.134056 0.307522 -1.373261 -1.118919 -0.305981 0.405368 1.570796 0.088450
1776408931.934079 jaka_arm_right solver_failed 0.606855 -0.004572 -0.130267 0.028605 -0.875623 -0.462975 0.134611 0.307522 -1.373261 -1.118919 -0.305981 0.405368 1.570796 0.088450
1776408931.941960 jaka_arm_right solver_failed 0.606702 -0.004604 -0.130251 0.029162 -0.876142 -0.461713 0.135448 0.307522 -1.373261 -1.118919 -0.305981 0.405368 1.570796 0.088450
1776408931.950338 jaka_arm_right solver_failed 0.606544 -0.004394 -0.130477 0.030250 -0.875826 -0.461663 0.137406 0.307522 -1.373261 -1.118919 -0.305981 0.405368 1.570796 0.088450
1776408931.958755 jaka_arm_right solver_failed 0.606415 -0.004143 -0.130786 0.031312 -0.875072 -0.462668 0.138587 0.307522 -1.373261 -1.118919 -0.305981 0.405368 1.570796 0.088450
1776408931.967052 jaka_arm_right solver_failed 0.606287 -0.004048 -0.130939 0.031899 -0.875228 -0.462515 0.137980 0.307522 -1.373261 -1.118919 -0.305981 0.405368 1.570796 0.088450
1776408931.975375 jaka_arm_right solver_failed 0.605827 -0.004025 -0.130977 0.030449 -0.875382 -0.461958 0.139189 0.307522 -1.373261 -1.118919 -0.305981 0.405368 1.570796 0.088450
1776408931.983681 jaka_arm_right solver_failed 0.605647 -0.003985 -0.131110 0.031188 -0.875526 -0.461189 0.140667 0.307522 -1.373261 -1.118919 -0.305981 0.405368 1.570796 0.088450
1776408931.992050 jaka_arm_right solver_failed 0.605846 -0.003475 -0.131593 0.033779 -0.874781 -0.462673 0.139821 0.307522 -1.373261 -1.118919 -0.305981 0.405368 1.570796 0.088450
1776408932.000305 jaka_arm_right solver_failed 0.605745 -0.003364 -0.131734 0.033957 -0.874870 -0.462294 0.140476 0.307522 -1.373261 -1.118919 -0.305981 0.405368 1.570796 0.088450
1776408932.008617 jaka_arm_right solver_failed 0.605400 -0.003332 -0.131814 0.033380 -0.874810 -0.461965 0.142064 0.307522 -1.373261 -1.118919 -0.305981 0.405368 1.570796 0.088450
1776408932.016991 jaka_arm_right solver_failed 0.604854 -0.003319 -0.131908 0.032129 -0.874743 -0.461408 0.144549 0.307522 -1.373261 -1.118919 -0.305981 0.405368 1.570796 0.088450
1776408932.025377 jaka_arm_right solver_failed 0.604694 -0.003219 -0.132120 0.032429 -0.874979 -0.460851 0.144831 0.307522 -1.373261 -1.118919 -0.305981 0.405368 1.570796 0.088450
1776408932.033638 jaka_arm_right solver_failed 0.604766 -0.002836 -0.132504 0.033987 -0.874509 -0.461801 0.144287 0.307522 -1.373261 -1.118919 -0.305981 0.405368 1.570796 0.088450
1776408932.041928 jaka_arm_right solver_failed 0.604334 -0.002900 -0.132543 0.033175 -0.874837 -0.460670 0.146093 0.307522 -1.373261 -1.118919 -0.305981 0.405368 1.570796 0.088450
1776408932.050246 jaka_arm_right solver_failed 0.603968 -0.002962 -0.132622 0.032509 -0.875087 -0.459779 0.147541 0.307522 -1.373261 -1.118919 -0.305981 0.405368 1.570796 0.088450
1776408932.058643 jaka_arm_right solver_failed 0.603659 -0.002846 -0.132840 0.031634 -0.874674 -0.460317 0.148501 0.307522 -1.373261 -1.118919 -0.305981 0.405368 1.570796 0.088450
1776408932.066981 jaka_arm_right solver_failed 0.603874 -0.002690 -0.133227 0.034496 -0.874303 -0.460903 0.148235 0.307522 -1.373261 -1.118919 -0.305981 0.405368 1.570796 0.088450
1776408932.075375 jaka_arm_right solver_failed 0.603775 -0.002501 -0.133503 0.034860 -0.873964 -0.461054 0.149671 0.307522 -1.373261 -1.118919 -0.305981 0.405368 1.570796 0.088450
1776408932.083543 jaka_arm_right solver_failed 0.603383 -0.002224 -0.133915 0.033573 -0.873132 -0.462156 0.151414 0.307522 -1.373261 -1.118919 -0.305981 0.405368 1.570796 0.088450
1776408932.092042 jaka_arm_right solver_failed 0.603180 -0.002158 -0.134085 0.033630 -0.873467 -0.461494 0.151485 0.307522 -1.373261 -1.118919 -0.305981 0.405368 1.570796 0.088450
1776408932.100269 jaka_arm_right solver_failed 0.602667 -0.001848 -0.134395 0.032186 -0.872866 -0.462001 0.153701 0.307522 -1.373261 -1.118919 -0.305981 0.405368 1.570796 0.088450
1776408932.108611 jaka_arm_right solver_failed 0.602869 -0.001426 -0.134825 0.035364 -0.873051 -0.462150 0.151487 0.307522 -1.373261 -1.118919 -0.305981 0.405368 1.570796 0.088450
1776408932.117008 jaka_arm_right solver_failed 0.602366 -0.001345 -0.134977 0.035015 -0.873380 -0.461202 0.152558 0.307522 -1.373261 -1.118919 -0.305981 0.405368 1.570796 0.088450
1776408932.125575 jaka_arm_right solver_failed 0.601989 -0.001061 -0.135291 0.035028 -0.873067 -0.461196 0.154356 0.307522 -1.373261 -1.118919 -0.305981 0.405368 1.570796 0.088450
1776408932.133692 jaka_arm_right solver_failed 0.601528 -0.000859 -0.135552 0.034661 -0.873290 -0.460806 0.154341 0.307522 -1.373261 -1.118919 -0.305981 0.405368 1.570796 0.088450
1776408932.142017 jaka_arm_right solver_failed 0.601192 -0.000527 -0.136080 0.035603 -0.872421 -0.461710 0.156328 0.307522 -1.373261 -1.118919 -0.305981 0.405368 1.570796 0.088450
1776408932.150349 jaka_arm_right solver_failed 0.601071 -0.000249 -0.136478 0.036726 -0.872540 -0.461370 0.156406 0.307522 -1.373261 -1.118919 -0.305981 0.405368 1.570796 0.088450
1776408932.158757 jaka_arm_right solver_failed 0.600682 0.000156 -0.136951 0.036815 -0.872264 -0.461315 0.158079 0.307522 -1.373261 -1.118919 -0.305981 0.405368 1.570796 0.088450
1776408932.167713 jaka_arm_right solver_failed 0.600368 0.000583 -0.137436 0.037327 -0.871776 -0.462082 0.158408 0.307522 -1.373261 -1.118919 -0.305981 0.405368 1.570796 0.088450
1776408932.175299 jaka_arm_right solver_failed 0.599961 0.000990 -0.137879 0.036745 -0.871708 -0.462091 0.158891 0.307522 -1.373261 -1.118919 -0.305981 0.405368 1.570796 0.088450
1776408932.183614 jaka_arm_right solver_failed 0.599699 0.001349 -0.138280 0.037667 -0.871979 -0.461222 0.159713 0.307522 -1.373261 -1.118919 -0.305981 0.405368 1.570796 0.088450
1776408932.192110 jaka_arm_right solver_failed 0.599260 0.001786 -0.138757 0.037028 -0.872135 -0.460856 0.160067 0.307522 -1.373261 -1.118919 -0.305981 0.405368 1.570796 0.088450
1776408932.200433 jaka_arm_right solver_failed 0.599014 0.002208 -0.139236 0.036850 -0.872144 -0.461060 0.159471 0.307522 -1.373261 -1.118919 -0.305981 0.405368 1.570796 0.088450
1776408932.208623 jaka_arm_right solver_failed 0.598612 0.002488 -0.139599 0.036595 -0.872254 -0.460504 0.160533 0.307522 -1.373261 -1.118919 -0.305981 0.405368 1.570796 0.088450
1776408932.216945 jaka_arm_right solver_failed 0.598340 0.002949 -0.140234 0.036896 -0.871846 -0.461121 0.160907 0.307522 -1.373261 -1.118919 -0.305981 0.405368 1.570796 0.088450
1776408932.225334 jaka_arm_right solver_failed 0.598411 0.003368 -0.140806 0.038940 -0.871451 -0.461853 0.160467 0.307522 -1.373261 -1.118919 -0.305981 0.405368 1.570796 0.088450
1776408932.233705 jaka_arm_right solver_failed 0.598156 0.003785 -0.141316 0.038825 -0.871203 -0.462205 0.160822 0.307522 -1.373261 -1.118919 -0.305981 0.405368 1.570796 0.088450
1776408932.241995 jaka_arm_right solver_failed 0.597926 0.003923 -0.141684 0.039332 -0.870849 -0.463047 0.160197 0.307522 -1.373261 -1.118919 -0.305981 0.405368 1.570796 0.088450
1776408932.250271 jaka_arm_right solver_failed 0.597593 0.004059 -0.142064 0.039123 -0.870654 -0.463526 0.159923 0.307522 -1.373261 -1.118919 -0.305981 0.405368 1.570796 0.088450
1776408932.258764 jaka_arm_right solver_failed 0.597248 0.004312 -0.142685 0.038876 -0.869414 -0.465837 0.160013 0.307522 -1.373261 -1.118919 -0.305981 0.405368 1.570796 0.088450
1776408932.267008 jaka_arm_right solver_failed 0.597230 0.004651 -0.143433 0.040092 -0.867849 -0.468828 0.159471 0.307522 -1.373261 -1.118919 -0.305981 0.405368 1.570796 0.088450
1776408932.275343 jaka_arm_right solver_failed 0.596950 0.004568 -0.143820 0.039803 -0.867310 -0.470115 0.158688 0.307522 -1.373261 -1.118919 -0.305981 0.405368 1.570796 0.088450
1776408932.283574 jaka_arm_right solver_failed 0.596761 0.004485 -0.144211 0.038918 -0.867224 -0.470637 0.157826 0.307522 -1.373261 -1.118919 -0.305981 0.405368 1.570796 0.088450
1776408932.292110 jaka_arm_right solver_failed 0.596546 0.004481 -0.144734 0.038235 -0.866405 -0.472451 0.157070 0.307522 -1.373261 -1.118919 -0.305981 0.405368 1.570796 0.088450
1776408932.300536 jaka_arm_right solver_failed 0.596563 0.004503 -0.145363 0.038905 -0.865393 -0.474376 0.156682 0.307522 -1.373261 -1.118919 -0.305981 0.405368 1.570796 0.088450
1776408932.308648 jaka_arm_right solver_failed 0.596418 0.004423 -0.145942 0.038274 -0.864628 -0.475913 0.156401 0.307522 -1.373261 -1.118919 -0.305981 0.405368 1.570796 0.088450
1776408932.317003 jaka_arm_right solver_failed 0.596405 0.004333 -0.146600 0.038333 -0.863753 -0.477775 0.155541 0.307522 -1.373261 -1.118919 -0.305981 0.405368 1.570796 0.088450
1776408932.325337 jaka_arm_right solver_failed 0.596002 0.004129 -0.147076 0.036270 -0.863164 -0.478602 0.156759 0.307522 -1.373261 -1.118919 -0.305981 0.405368 1.570796 0.088450
1776408932.333602 jaka_arm_right solver_failed 0.596170 0.004009 -0.147797 0.037272 -0.862392 -0.480242 0.155749 0.307522 -1.373261 -1.118919 -0.305981 0.405368 1.570796 0.088450
1776408932.342006 jaka_arm_right solver_failed 0.595914 0.003840 -0.148367 0.035465 -0.861581 -0.481694 0.156180 0.307522 -1.373261 -1.118919 -0.305981 0.405368 1.570796 0.088450
1776408932.350226 jaka_arm_right solver_failed 0.595859 0.003763 -0.149091 0.035215 -0.860507 -0.483718 0.155896 0.307522 -1.373261 -1.118919 -0.305981 0.405368 1.570796 0.088450
1776408932.358615 jaka_arm_right solver_failed 0.596032 0.003678 -0.149787 0.035900 -0.859795 -0.484988 0.155723 0.307522 -1.373261 -1.118919 -0.305981 0.405368 1.570796 0.088450
1776408932.367044 jaka_arm_right solver_failed 0.596091 0.003641 -0.150470 0.035555 -0.858762 -0.486794 0.155868 0.307522 -1.373261 -1.118919 -0.305981 0.405368 1.570796 0.088450
1776408932.375400 jaka_arm_right solver_failed 0.596145 0.003475 -0.150906 0.034602 -0.858553 -0.486962 0.156707 0.307522 -1.373261 -1.118919 -0.305981 0.405368 1.570796 0.088450
1776408932.383573 jaka_arm_right solver_failed 0.596316 0.003423 -0.151402 0.034471 -0.858149 -0.487393 0.157609 0.307522 -1.373261 -1.118919 -0.305981 0.405368 1.570796 0.088450
1776408932.391978 jaka_arm_right solver_failed 0.596295 0.003425 -0.151860 0.033585 -0.857433 -0.488345 0.158743 0.307522 -1.373261 -1.118919 -0.305981 0.405368 1.570796 0.088450
1776408932.400278 jaka_arm_right solver_failed 0.596279 0.003458 -0.152316 0.033572 -0.856517 -0.489522 0.160061 0.307522 -1.373261 -1.118919 -0.305981 0.405368 1.570796 0.088450
1776408932.408603 jaka_arm_right solver_failed 0.596147 0.003512 -0.152744 0.033276 -0.855696 -0.490876 0.160370 0.307522 -1.373261 -1.118919 -0.305981 0.405368 1.570796 0.088450
1776408932.417023 jaka_arm_right solver_failed 0.596009 0.003610 -0.153019 0.033822 -0.855437 -0.491536 0.159613 0.307522 -1.373261 -1.118919 -0.305981 0.405368 1.570796 0.088450
1776408932.425381 jaka_arm_right solver_failed 0.595612 0.003433 -0.153075 0.032481 -0.855729 -0.491073 0.159751 0.307522 -1.373261 -1.118919 -0.305981 0.405368 1.570796 0.088450
1776408932.433673 jaka_arm_right solver_failed 0.595576 0.003337 -0.153219 0.033289 -0.856030 -0.490628 0.159339 0.307522 -1.373261 -1.118919 -0.305981 0.405368 1.570796 0.088450
1776408932.442007 jaka_arm_right solver_failed 0.595477 0.003397 -0.153639 0.034145 -0.855143 -0.492104 0.159366 0.307522 -1.373261 -1.118919 -0.305981 0.405368 1.570796 0.088450
1776408932.450236 jaka_arm_right solver_failed 0.595601 0.003451 -0.153791 0.035129 -0.855279 -0.491895 0.159071 0.307522 -1.373261 -1.118919 -0.305981 0.405368 1.570796 0.088450
1776408932.458829 jaka_arm_right solver_failed 0.595556 0.003698 -0.154069 0.034927 -0.854511 -0.493059 0.159635 0.307522 -1.373261 -1.118919 -0.305981 0.405368 1.570796 0.088450
1776408932.467823 jaka_arm_right solver_failed 0.595473 0.003844 -0.154280 0.034744 -0.854124 -0.493560 0.160201 0.307522 -1.373261 -1.118919 -0.305981 0.405368 1.570796 0.088450
1776408932.475357 jaka_arm_right solver_failed 0.595337 0.004028 -0.154537 0.034668 -0.853529 -0.494190 0.161438 0.307522 -1.373261 -1.118919 -0.305981 0.405368 1.570796 0.088450
1776408932.483608 jaka_arm_right solver_failed 0.595138 0.004056 -0.154716 0.034370 -0.853452 -0.494102 0.162177 0.307522 -1.373261 -1.118919 -0.305981 0.405368 1.570796 0.088450
1776408932.492129 jaka_arm_right solver_failed 0.594980 0.004080 -0.154857 0.034091 -0.853573 -0.494046 0.161767 0.307522 -1.373261 -1.118919 -0.305981 0.405368 1.570796 0.088450
1776408932.500356 jaka_arm_right solver_failed 0.594790 0.004103 -0.154899 0.033370 -0.853808 -0.493586 0.162085 0.307522 -1.373261 -1.118919 -0.305981 0.405368 1.570796 0.088450
1776408932.508663 jaka_arm_right solver_failed 0.594601 0.004161 -0.155052 0.032353 -0.853707 -0.493603 0.162768 0.307522 -1.373261 -1.118919 -0.305981 0.405368 1.570796 0.088450
1776408932.516881 jaka_arm_right solver_failed 0.594599 0.004440 -0.155380 0.032712 -0.852871 -0.494514 0.164309 0.307522 -1.373261 -1.118919 -0.305981 0.405368 1.570796 0.088450
1776408932.525465 jaka_arm_right solver_failed 0.594746 0.004683 -0.155646 0.033760 -0.852525 -0.495004 0.164416 0.307522 -1.373261 -1.118919 -0.305981 0.405368 1.570796 0.088450
1776408932.533688 jaka_arm_right solver_failed 0.594657 0.004895 -0.155824 0.033477 -0.852500 -0.494785 0.165261 0.307522 -1.373261 -1.118919 -0.305981 0.405368 1.570796 0.088450
1776408932.542035 jaka_arm_right solver_failed 0.594602 0.005117 -0.156041 0.033540 -0.852331 -0.494656 0.166499 0.307522 -1.373261 -1.118919 -0.305981 0.405368 1.570796 0.088450
1776408932.550215 jaka_arm_right solver_failed 0.594637 0.005412 -0.156288 0.034496 -0.851971 -0.495024 0.167053 0.307522 -1.373261 -1.118919 -0.305981 0.405368 1.570796 0.088450
1776408932.558760 jaka_arm_right solver_failed 0.594734 0.005763 -0.156581 0.035027 -0.851693 -0.495703 0.166344 0.307522 -1.373261 -1.118919 -0.305981 0.405368 1.570796 0.088450
1776408932.567398 jaka_arm_right solver_failed 0.594619 0.005940 -0.156783 0.035035 -0.851517 -0.495909 0.166634 0.307522 -1.373261 -1.118919 -0.305981 0.405368 1.570796 0.088450
1776408932.575371 jaka_arm_right solver_failed 0.594594 0.006232 -0.157076 0.035023 -0.851046 -0.496373 0.167655 0.307522 -1.373261 -1.118919 -0.305981 0.405368 1.570796 0.088450
1776408932.583578 jaka_arm_right solver_failed 0.594768 0.006556 -0.157264 0.035961 -0.850823 -0.496880 0.167083 0.307522 -1.373261 -1.118919 -0.305981 0.405368 1.570796 0.088450
1776408932.591975 jaka_arm_right solver_failed 0.594616 0.006769 -0.157355 0.035675 -0.850540 -0.497098 0.167937 0.307522 -1.373261 -1.118919 -0.305981 0.405368 1.570796 0.088450
1776408932.600344 jaka_arm_right solver_failed 0.594844 0.007090 -0.157598 0.037428 -0.850555 -0.497201 0.167171 0.307522 -1.373261 -1.118919 -0.305981 0.405368 1.570796 0.088450
1776408932.608669 jaka_arm_right solver_failed 0.594915 0.007465 -0.157886 0.038158 -0.850327 -0.497654 0.166817 0.307522 -1.373261 -1.118919 -0.305981 0.405368 1.570796 0.088450
1776408932.616975 jaka_arm_right solver_failed 0.594788 0.007546 -0.157951 0.037896 -0.850417 -0.497425 0.167103 0.307522 -1.373261 -1.118919 -0.305981 0.405368 1.570796 0.088450
1776408932.625288 jaka_arm_right solver_failed 0.594622 0.007605 -0.158034 0.037630 -0.850608 -0.496745 0.168211 0.307522 -1.373261 -1.118919 -0.305981 0.405368 1.570796 0.088450
1776408932.633592 jaka_arm_right solver_failed 0.594652 0.007823 -0.158226 0.037513 -0.850416 -0.497071 0.168244 0.307522 -1.373261 -1.118919 -0.305981 0.405368 1.570796 0.088450
1776408932.642025 jaka_arm_right solver_failed 0.594907 0.008328 -0.158554 0.038406 -0.849560 -0.498388 0.168471 0.307522 -1.373261 -1.118919 -0.305981 0.405368 1.570796 0.088450
1776408932.650273 jaka_arm_right solver_failed 0.594917 0.008430 -0.158675 0.037934 -0.849469 -0.498740 0.167991 0.307522 -1.373261 -1.118919 -0.305981 0.405368 1.570796 0.088450
1776408932.658559 jaka_arm_right solver_failed 0.594937 0.008526 -0.158795 0.037522 -0.849406 -0.498971 0.167717 0.307522 -1.373261 -1.118919 -0.305981 0.405368 1.570796 0.088450
1776408932.667064 jaka_arm_right solver_failed 0.594857 0.008685 -0.158931 0.037442 -0.849059 -0.499343 0.168386 0.307522 -1.373261 -1.118919 -0.305981 0.405368 1.570796 0.088450
1776408932.675310 jaka_arm_right solver_failed 0.594840 0.008832 -0.159087 0.037368 -0.848795 -0.499753 0.168515 0.307522 -1.373261 -1.118919 -0.305981 0.405368 1.570796 0.088450
1776408932.683680 jaka_arm_right solver_failed 0.594655 0.009025 -0.159280 0.036624 -0.848131 -0.500448 0.169957 0.307522 -1.373261 -1.118919 -0.305981 0.405368 1.570796 0.088450
1776408932.691921 jaka_arm_right solver_failed 0.594680 0.009304 -0.159569 0.036494 -0.847559 -0.501325 0.170249 0.307522 -1.373261 -1.118919 -0.305981 0.405368 1.570796 0.088450
1776408932.700297 jaka_arm_right solver_failed 0.594797 0.009513 -0.159809 0.036984 -0.847416 -0.501707 0.169729 0.307522 -1.373261 -1.118919 -0.305981 0.405368 1.570796 0.088450
1776408932.708614 jaka_arm_right solver_failed 0.594884 0.009636 -0.159948 0.037450 -0.847466 -0.501710 0.169371 0.307522 -1.373261 -1.118919 -0.305981 0.405368 1.570796 0.088450
1776408932.716943 jaka_arm_right solver_failed 0.594931 0.009831 -0.160124 0.038438 -0.847157 -0.502084 0.169585 0.307522 -1.373261 -1.118919 -0.305981 0.405368 1.570796 0.088450
1776408932.725270 jaka_arm_right solver_failed 0.594698 0.009922 -0.160274 0.037872 -0.847162 -0.501814 0.170485 0.307522 -1.373261 -1.118919 -0.305981 0.405368 1.570796 0.088450
1776408932.733589 jaka_arm_right solver_failed 0.594669 0.010036 -0.160451 0.038640 -0.847067 -0.502143 0.169811 0.307522 -1.373261 -1.118919 -0.305981 0.405368 1.570796 0.088450
1776408932.741977 jaka_arm_right solver_failed 0.594410 0.010131 -0.160567 0.038575 -0.846871 -0.502492 0.169773 0.307522 -1.373261 -1.118919 -0.305981 0.405368 1.570796 0.088450
1776408932.750262 jaka_arm_right solver_failed 0.594266 0.010295 -0.160840 0.038760 -0.846344 -0.503542 0.169250 0.307522 -1.373261 -1.118919 -0.305981 0.405368 1.570796 0.088450
1776408932.758713 jaka_arm_right solver_failed 0.594189 0.010269 -0.160872 0.038680 -0.846705 -0.503448 0.167733 0.307522 -1.373261 -1.118919 -0.305981 0.405368 1.570796 0.088450
1776408932.767066 jaka_arm_right solver_failed 0.594242 0.010314 -0.161071 0.039298 -0.846626 -0.503770 0.167020 0.307522 -1.373261 -1.118919 -0.305981 0.405368 1.570796 0.088450
1776408932.775271 jaka_arm_right solver_failed 0.594154 0.010455 -0.161433 0.039573 -0.845739 -0.505285 0.166876 0.307522 -1.373261 -1.118919 -0.305981 0.405368 1.570796 0.088450
1776408932.783634 jaka_arm_right solver_failed 0.594084 0.010522 -0.161679 0.039406 -0.845329 -0.505973 0.166905 0.307522 -1.373261 -1.118919 -0.305981 0.405368 1.570796 0.088450
1776408932.791997 jaka_arm_right solver_failed 0.594150 0.010700 -0.162055 0.039610 -0.844729 -0.507282 0.165919 0.307522 -1.373261 -1.118919 -0.305981 0.405368 1.570796 0.088450
1776408932.800370 jaka_arm_right solver_failed 0.594182 0.010714 -0.162313 0.039749 -0.844545 -0.507841 0.165110 0.307522 -1.373261 -1.118919 -0.305981 0.405368 1.570796 0.088450
1776408932.808629 jaka_arm_right solver_failed 0.593897 0.010701 -0.162546 0.038054 -0.844058 -0.508806 0.165028 0.307522 -1.373261 -1.118919 -0.305981 0.405368 1.570796 0.088450
1776408932.816925 jaka_arm_right solver_failed 0.593700 0.010726 -0.162770 0.037283 -0.843670 -0.509505 0.165035 0.307522 -1.373261 -1.118919 -0.305981 0.405368 1.570796 0.088450
1776408932.825440 jaka_arm_right solver_failed 0.593632 0.010752 -0.163076 0.037905 -0.843072 -0.510721 0.164188 0.307522 -1.373261 -1.118919 -0.305981 0.405368 1.570796 0.088450
1776408932.834014 jaka_arm_right solver_failed 0.593354 0.010547 -0.163117 0.036736 -0.843384 -0.510737 0.162793 0.307522 -1.373261 -1.118919 -0.305981 0.405368 1.570796 0.088450
1776408932.841997 jaka_arm_right solver_failed 0.593298 0.010502 -0.163346 0.037461 -0.843112 -0.511938 0.160243 0.307522 -1.373261 -1.118919 -0.305981 0.405368 1.570796 0.088450
1776408932.850329 jaka_arm_right solver_failed 0.593083 0.010523 -0.163538 0.036996 -0.842401 -0.513594 0.158786 0.307522 -1.373261 -1.118919 -0.305981 0.405368 1.570796 0.088450
1776408932.858749 jaka_arm_right solver_failed 0.592882 0.010433 -0.163673 0.036653 -0.841987 -0.514951 0.156652 0.307522 -1.373261 -1.118919 -0.305981 0.405368 1.570796 0.088450
1776408932.867119 jaka_arm_right solver_failed 0.592584 0.010276 -0.163698 0.035927 -0.841995 -0.515550 0.154794 0.307522 -1.373261 -1.118919 -0.305981 0.405368 1.570796 0.088450
1776408932.875341 jaka_arm_right solver_failed 0.592223 0.010268 -0.163886 0.034845 -0.841422 -0.516912 0.153616 0.307522 -1.373261 -1.118919 -0.305981 0.405368 1.570796 0.088450
1776408932.883631 jaka_arm_right solver_failed 0.591976 0.010111 -0.163873 0.033892 -0.841572 -0.517412 0.151305 0.307522 -1.373261 -1.118919 -0.305981 0.405368 1.570796 0.088450
1776408932.892009 jaka_arm_right solver_failed 0.591691 0.009780 -0.163863 0.032975 -0.841922 -0.517323 0.149854 0.307522 -1.373261 -1.118919 -0.305981 0.405368 1.570796 0.088450
1776408932.900402 jaka_arm_right solver_failed 0.591311 0.009825 -0.163973 0.031806 -0.841627 -0.518420 0.147961 0.307522 -1.373261 -1.118919 -0.305981 0.405368 1.570796 0.088450
1776408932.908717 jaka_arm_right solver_failed 0.590876 0.009810 -0.164001 0.030049 -0.841675 -0.519471 0.144327 0.307522 -1.373261 -1.118919 -0.305981 0.405368 1.570796 0.088450
1776408932.916932 jaka_arm_right solver_failed 0.590435 0.009827 -0.164064 0.029191 -0.841382 -0.520774 0.141489 0.307522 -1.373261 -1.118919 -0.305981 0.405368 1.570796 0.088450
1776408932.925455 jaka_arm_right solver_failed 0.589904 0.009770 -0.164081 0.027845 -0.841056 -0.522452 0.137456 0.307522 -1.373261 -1.118919 -0.305981 0.405368 1.570796 0.088450
1776408932.933975 jaka_arm_right solver_failed 0.589375 0.009802 -0.164182 0.027695 -0.840735 -0.523907 0.133861 0.307522 -1.373261 -1.118919 -0.305981 0.405368 1.570796 0.088450
1776408932.942004 jaka_arm_right solver_failed 0.588686 0.009642 -0.164112 0.025951 -0.840855 -0.524650 0.130505 0.307522 -1.373261 -1.118919 -0.305981 0.405368 1.570796 0.088450
1776408932.950325 jaka_arm_right solver_failed 0.588068 0.009426 -0.164036 0.025508 -0.841081 -0.524963 0.127849 0.307522 -1.373261 -1.118919 -0.305981 0.405368 1.570796 0.088450
1776408932.958802 jaka_arm_right solver_failed 0.587593 0.009654 -0.164360 0.026362 -0.840044 -0.527306 0.124817 0.307522 -1.373261 -1.118919 -0.305981 0.405368 1.570796 0.088450
1776408932.968300 jaka_arm_right solver_failed 0.587007 0.009690 -0.164458 0.025373 -0.839727 -0.528508 0.122041 0.307522 -1.373261 -1.118919 -0.305981 0.405368 1.570796 0.088450
1776408932.975407 jaka_arm_right solver_failed 0.586555 0.009579 -0.164374 0.024803 -0.840322 -0.528279 0.119019 0.307522 -1.373261 -1.118919 -0.305981 0.405368 1.570796 0.088450
1776408932.983651 jaka_arm_right solver_failed 0.585759 0.009544 -0.164401 0.022116 -0.840595 -0.528822 0.115144 0.307522 -1.373261 -1.118919 -0.305981 0.405368 1.570796 0.088450
1776408932.992070 jaka_arm_right solver_failed 0.584923 0.009472 -0.164333 0.019618 -0.840808 -0.529091 0.112780 0.307522 -1.373261 -1.118919 -0.305981 0.405368 1.570796 0.088450
1776408933.000310 jaka_arm_right solver_failed 0.584460 0.009773 -0.164540 0.020030 -0.839929 -0.531246 0.109063 0.307522 -1.373261 -1.118919 -0.305981 0.405368 1.570796 0.088450
1776408933.008657 jaka_arm_right solver_failed 0.583849 0.009748 -0.164466 0.019115 -0.840452 -0.531302 0.104849 0.307522 -1.373261 -1.118919 -0.305981 0.405368 1.570796 0.088450
1776408933.016929 jaka_arm_right solver_failed 0.583104 0.009741 -0.164422 0.018114 -0.840954 -0.531164 0.101654 0.307522 -1.373261 -1.118919 -0.305981 0.405368 1.570796 0.088450
1776408933.025385 jaka_arm_right solver_failed 0.582587 0.009778 -0.164521 0.019153 -0.841059 -0.531533 0.098617 0.307522 -1.373261 -1.118919 -0.305981 0.405368 1.570796 0.088450
1776408933.033780 jaka_arm_right solver_failed 0.581634 0.009677 -0.164630 0.017360 -0.841162 -0.531821 0.096502 0.307522 -1.373261 -1.118919 -0.305981 0.405368 1.570796 0.088450
1776408933.041987 jaka_arm_right solver_failed 0.581032 0.009851 -0.164885 0.016634 -0.840494 -0.533284 0.094342 0.307522 -1.373261 -1.118919 -0.305981 0.405368 1.570796 0.088450
1776408933.050331 jaka_arm_right solver_failed 0.580624 0.009867 -0.165056 0.016450 -0.840187 -0.534209 0.091848 0.307522 -1.373261 -1.118919 -0.305981 0.405368 1.570796 0.088450
1776408933.058712 jaka_arm_right solver_failed 0.580179 0.009785 -0.165065 0.015777 -0.840594 -0.533882 0.090123 0.307522 -1.373261 -1.118919 -0.305981 0.405368 1.570796 0.088450
1776408933.067050 jaka_arm_right solver_failed 0.579803 0.009823 -0.165148 0.014295 -0.840237 -0.534883 0.087738 0.307522 -1.373261 -1.118919 -0.305981 0.405368 1.570796 0.088450
1776408933.075352 jaka_arm_right solver_failed 0.579594 0.009793 -0.165095 0.013922 -0.840553 -0.534708 0.085816 0.307522 -1.373261 -1.118919 -0.305981 0.405368 1.570796 0.088450
1776408933.083579 jaka_arm_right solver_failed 0.579354 0.009785 -0.165177 0.013040 -0.840329 -0.535448 0.083506 0.307522 -1.373261 -1.118919 -0.305981 0.405368 1.570796 0.088450
1776408933.092039 jaka_arm_right solver_failed 0.579167 0.009684 -0.165204 0.012016 -0.840451 -0.535507 0.082033 0.307522 -1.373261 -1.118919 -0.305981 0.405368 1.570796 0.088450
1776408933.100397 jaka_arm_right solver_failed 0.578881 0.009751 -0.165343 0.010332 -0.839915 -0.536440 0.081665 0.307522 -1.373261 -1.118919 -0.305981 0.405368 1.570796 0.088450
1776408933.108649 jaka_arm_right solver_failed 0.578880 0.009755 -0.165430 0.009822 -0.839557 -0.536987 0.081810 0.307522 -1.373261 -1.118919 -0.305981 0.405368 1.570796 0.088450
1776408933.116990 jaka_arm_right solver_failed 0.578852 0.009655 -0.165466 0.008507 -0.839414 -0.537055 0.082973 0.307522 -1.373261 -1.118919 -0.305981 0.405368 1.570796 0.088450
1776408933.125399 jaka_arm_right solver_failed 0.579017 0.009565 -0.165496 0.008021 -0.839482 -0.536765 0.084192 0.307522 -1.373261 -1.118919 -0.305981 0.405368 1.570796 0.088450
1776408933.133793 jaka_arm_right solver_failed 0.579424 0.009476 -0.165599 0.009255 -0.839546 -0.536348 0.086066 0.307522 -1.373261 -1.118919 -0.305981 0.405368 1.570796 0.088450
1776408933.141981 jaka_arm_right solver_failed 0.579528 0.009251 -0.165583 0.007937 -0.839842 -0.535592 0.088004 0.307522 -1.373261 -1.118919 -0.305981 0.405368 1.570796 0.088450
1776408933.150313 jaka_arm_right solver_failed 0.579612 0.009350 -0.165682 0.008104 -0.839446 -0.535767 0.090656 0.307522 -1.373261 -1.118919 -0.305981 0.405368 1.570796 0.088450
1776408933.158685 jaka_arm_right solver_failed 0.579668 0.009435 -0.165704 0.007554 -0.838820 -0.536436 0.092524 0.307522 -1.373261 -1.118919 -0.305981 0.405368 1.570796 0.088450
1776408933.167103 jaka_arm_right solver_failed 0.579992 0.009375 -0.165757 0.009188 -0.838790 -0.536412 0.092784 0.307522 -1.373261 -1.118919 -0.305981 0.405368 1.570796 0.088450
1776408933.175327 jaka_arm_right solver_failed 0.580038 0.009184 -0.165646 0.009732 -0.839045 -0.535703 0.094507 0.307522 -1.373261 -1.118919 -0.305981 0.405368 1.570796 0.088450
1776408933.183582 jaka_arm_right solver_failed 0.580298 0.008985 -0.165626 0.012069 -0.839123 -0.535145 0.096681 0.307522 -1.373261 -1.118919 -0.305981 0.405368 1.570796 0.088450
1776408933.192116 jaka_arm_right solver_failed 0.580384 0.008802 -0.165534 0.012562 -0.838914 -0.534913 0.099668 0.307522 -1.373261 -1.118919 -0.305981 0.405368 1.570796 0.088450
1776408933.200509 jaka_arm_right solver_failed 0.580711 0.008631 -0.165521 0.015061 -0.839057 -0.534266 0.101570 0.307522 -1.373261 -1.118919 -0.305981 0.405368 1.570796 0.088450
1776408933.208630 jaka_arm_right solver_failed 0.581066 0.008549 -0.165504 0.017104 -0.839085 -0.533737 0.103775 0.307522 -1.373261 -1.118919 -0.305981 0.405368 1.570796 0.088450
1776408933.216911 jaka_arm_right solver_failed 0.581359 0.008402 -0.165544 0.018733 -0.838677 -0.533933 0.105761 0.307522 -1.373261 -1.118919 -0.305981 0.405368 1.570796 0.088450
1776408933.225391 jaka_arm_right solver_failed 0.581737 0.008218 -0.165502 0.020850 -0.838507 -0.533427 0.109213 0.307522 -1.373261 -1.118919 -0.305981 0.405368 1.570796 0.088450
1776408933.233740 jaka_arm_right solver_failed 0.581987 0.008042 -0.165540 0.021748 -0.838075 -0.533503 0.111948 0.307522 -1.373261 -1.118919 -0.305981 0.405368 1.570796 0.088450
1776408933.242087 jaka_arm_right solver_failed 0.582462 0.007875 -0.165651 0.024204 -0.837578 -0.533352 0.115809 0.307522 -1.373261 -1.118919 -0.305981 0.405368 1.570796 0.088450
1776408933.250303 jaka_arm_right solver_failed 0.582703 0.007649 -0.165773 0.026296 -0.837220 -0.532452 0.121927 0.307522 -1.373261 -1.118919 -0.305981 0.405368 1.570796 0.088450
1776408933.258771 jaka_arm_right solver_failed 0.583078 0.007531 -0.165833 0.028110 -0.837082 -0.531594 0.126138 0.307522 -1.373261 -1.118919 -0.305981 0.405368 1.570796 0.088450
1776408933.267117 jaka_arm_right solver_failed 0.583484 0.007599 -0.165987 0.029868 -0.836729 -0.531277 0.129372 0.307522 -1.373261 -1.118919 -0.305981 0.405368 1.570796 0.088450
1776408933.275357 jaka_arm_right solver_failed 0.583759 0.007658 -0.166089 0.031911 -0.836478 -0.531046 0.131439 0.307522 -1.373261 -1.118919 -0.305981 0.405368 1.570796 0.088450
1776408933.283657 jaka_arm_right solver_failed 0.583859 0.007725 -0.166212 0.033166 -0.836635 -0.530235 0.133385 0.307522 -1.373261 -1.118919 -0.305981 0.405368 1.570796 0.088450
1776408933.291935 jaka_arm_right solver_failed 0.583831 0.007794 -0.166305 0.033598 -0.837055 -0.529263 0.134499 0.307522 -1.373261 -1.118919 -0.305981 0.405368 1.570796 0.088450
1776408933.300325 jaka_arm_right solver_failed 0.583996 0.007750 -0.166387 0.035588 -0.837846 -0.527678 0.135289 0.307522 -1.373261 -1.118919 -0.305981 0.405368 1.570796 0.088450
1776408933.308663 jaka_arm_right solver_failed 0.583848 0.007796 -0.166517 0.034653 -0.838614 -0.526133 0.136787 0.307522 -1.373261 -1.118919 -0.305981 0.405368 1.570796 0.088450
1776408933.316987 jaka_arm_right solver_failed 0.584211 0.008223 -0.166858 0.037312 -0.838859 -0.525460 0.137170 0.307522 -1.373261 -1.118919 -0.305981 0.405368 1.570796 0.088450
1776408933.325330 jaka_arm_right solver_failed 0.584198 0.008359 -0.167127 0.038229 -0.839373 -0.523965 0.139475 0.307522 -1.373261 -1.118919 -0.305981 0.405368 1.570796 0.088450
1776408933.333756 jaka_arm_right solver_failed 0.583899 0.008436 -0.167364 0.036621 -0.840288 -0.522165 0.141134 0.307522 -1.373261 -1.118919 -0.305981 0.405368 1.570796 0.088450
1776408933.341971 jaka_arm_right solver_failed 0.583915 0.008695 -0.167718 0.036942 -0.840660 -0.521029 0.143021 0.307522 -1.373261 -1.118919 -0.305981 0.405368 1.570796 0.088450
1776408933.350261 jaka_arm_right solver_failed 0.583785 0.008910 -0.168024 0.037155 -0.840647 -0.520670 0.144342 0.307522 -1.373261 -1.118919 -0.305981 0.405368 1.570796 0.088450
1776408933.358610 jaka_arm_right solver_failed 0.583701 0.009194 -0.168386 0.038781 -0.840061 -0.521260 0.145198 0.307522 -1.373261 -1.118919 -0.305981 0.405368 1.570796 0.088450
1776408933.367016 jaka_arm_right solver_failed 0.583368 0.009363 -0.168524 0.038419 -0.839981 -0.521134 0.146202 0.307522 -1.373261 -1.118919 -0.305981 0.405368 1.570796 0.088450
1776408933.375331 jaka_arm_right solver_failed 0.583042 0.009522 -0.168561 0.037868 -0.840110 -0.521006 0.146062 0.307522 -1.373261 -1.118919 -0.305981 0.405368 1.570796 0.088450
1776408933.383540 jaka_arm_right solver_failed 0.582830 0.009708 -0.168620 0.039038 -0.840379 -0.520727 0.145198 0.307522 -1.373261 -1.118919 -0.305981 0.405368 1.570796 0.088450
1776408933.392014 jaka_arm_right solver_failed 0.582216 0.010066 -0.168732 0.038943 -0.839974 -0.521135 0.146102 0.307522 -1.373261 -1.118919 -0.305981 0.405368 1.570796 0.088450
1776408933.400384 jaka_arm_right solver_failed 0.581725 0.010233 -0.168709 0.038730 -0.840341 -0.520918 0.144814 0.307522 -1.373261 -1.118919 -0.305981 0.405368 1.570796 0.088450
1776408933.408711 jaka_arm_right solver_failed 0.581513 0.010316 -0.168693 0.040369 -0.840892 -0.520150 0.143930 0.307522 -1.373261 -1.118919 -0.305981 0.405368 1.570796 0.088450
1776408933.416989 jaka_arm_right solver_failed 0.581244 0.010726 -0.168775 0.041036 -0.840534 -0.520948 0.142937 0.307522 -1.373261 -1.118919 -0.305981 0.405368 1.570796 0.088450
1776408933.425554 jaka_arm_right solver_failed 0.580901 0.010884 -0.168826 0.041662 -0.840339 -0.521174 0.143077 0.307522 -1.373261 -1.118919 -0.305981 0.405368 1.570796 0.088450
1776408933.434128 jaka_arm_right solver_failed 0.580390 0.010874 -0.168686 0.039861 -0.841003 -0.520485 0.142203 0.307522 -1.373261 -1.118919 -0.305981 0.405368 1.570796 0.088450
1776408933.442006 jaka_arm_right solver_failed 0.580218 0.011212 -0.168725 0.040353 -0.840732 -0.521188 0.141082 0.307522 -1.373261 -1.118919 -0.305981 0.405368 1.570796 0.088450
1776408933.450349 jaka_arm_right solver_failed 0.580077 0.011387 -0.168650 0.040183 -0.840980 -0.521165 0.139728 0.307522 -1.373261 -1.118919 -0.305981 0.405368 1.570796 0.088450
1776408933.458592 jaka_arm_right solver_failed 0.579728 0.011494 -0.168555 0.038070 -0.841162 -0.521762 0.136971 0.307522 -1.373261 -1.118919 -0.305981 0.405368 1.570796 0.088450
1776408933.466996 jaka_arm_right solver_failed 0.579537 0.011635 -0.168420 0.037139 -0.841160 -0.522353 0.134971 0.307522 -1.373261 -1.118919 -0.305981 0.405368 1.570796 0.088450
1776408933.475386 jaka_arm_right solver_failed 0.579268 0.011543 -0.168137 0.035440 -0.842087 -0.521362 0.133471 0.307522 -1.373261 -1.118919 -0.305981 0.405368 1.570796 0.088450
1776408933.483612 jaka_arm_right solver_failed 0.578868 0.011556 -0.167995 0.033264 -0.842016 -0.522166 0.131324 0.307522 -1.373261 -1.118919 -0.305981 0.405368 1.570796 0.088450
1776408933.492167 jaka_arm_right solver_failed 0.578733 0.011576 -0.167796 0.032147 -0.842389 -0.521962 0.130008 0.307522 -1.373261 -1.118919 -0.305981 0.405368 1.570796 0.088450
1776408933.501648 jaka_arm_right solver_failed 0.578639 0.011667 -0.167702 0.030738 -0.842323 -0.522389 0.129063 0.307522 -1.373261 -1.118919 -0.305981 0.405368 1.570796 0.088450
1776408933.508656 jaka_arm_right solver_failed 0.578690 0.011908 -0.167722 0.031226 -0.841649 -0.523529 0.128719 0.307522 -1.373261 -1.118919 -0.305981 0.405368 1.570796 0.088450
1776408933.516946 jaka_arm_right solver_failed 0.578501 0.012056 -0.167747 0.030006 -0.841346 -0.524130 0.128543 0.307522 -1.373261 -1.118919 -0.305981 0.405368 1.570796 0.088450
1776408933.525297 jaka_arm_right solver_failed 0.578674 0.012258 -0.167793 0.030174 -0.841183 -0.524603 0.127643 0.307522 -1.373261 -1.118919 -0.305981 0.405368 1.570796 0.088450
1776408933.533619 jaka_arm_right solver_failed 0.578546 0.012458 -0.167782 0.028995 -0.841182 -0.524556 0.128117 0.307522 -1.373261 -1.118919 -0.305981 0.405368 1.570796 0.088450
1776408933.541966 jaka_arm_right solver_failed 0.578285 0.012562 -0.167786 0.028214 -0.841192 -0.524265 0.129409 0.307522 -1.373261 -1.118919 -0.305981 0.405368 1.570796 0.088450
1776408933.550288 jaka_arm_right solver_failed 0.578093 0.012828 -0.167912 0.028535 -0.841070 -0.524136 0.130644 0.307522 -1.373261 -1.118919 -0.305981 0.405368 1.570796 0.088450
1776408933.558569 jaka_arm_right solver_failed 0.577623 0.013122 -0.168041 0.027765 -0.840645 -0.524620 0.131602 0.307522 -1.373261 -1.118919 -0.305981 0.405368 1.570796 0.088450
1776408933.566937 jaka_arm_right solver_failed 0.577368 0.013380 -0.168193 0.028408 -0.840669 -0.524467 0.131920 0.307522 -1.373261 -1.118919 -0.305981 0.405368 1.570796 0.088450
1776408933.575307 jaka_arm_right solver_failed 0.576864 0.013656 -0.168306 0.027977 -0.840626 -0.524204 0.133324 0.307522 -1.373261 -1.118919 -0.305981 0.405368 1.570796 0.088450
1776408933.583573 jaka_arm_right solver_failed 0.576441 0.014043 -0.168499 0.028003 -0.840269 -0.524499 0.134404 0.307522 -1.373261 -1.118919 -0.305981 0.405368 1.570796 0.088450
1776408933.592211 jaka_arm_right solver_failed 0.576216 0.014461 -0.168763 0.029941 -0.840238 -0.523909 0.136461 0.307522 -1.373261 -1.118919 -0.305981 0.405368 1.570796 0.088450
1776408933.601268 jaka_arm_right solver_failed 0.575792 0.014607 -0.168825 0.030057 -0.840716 -0.523156 0.136387 0.307522 -1.373261 -1.118919 -0.305981 0.405368 1.570796 0.088450
1776408933.608737 jaka_arm_right solver_failed 0.575460 0.015126 -0.169059 0.030973 -0.840464 -0.523379 0.136876 0.307522 -1.373261 -1.118919 -0.305981 0.405368 1.570796 0.088450
1776408933.616924 jaka_arm_right solver_failed 0.575131 0.015401 -0.169285 0.032098 -0.840641 -0.522497 0.138886 0.307522 -1.373261 -1.118919 -0.305981 0.405368 1.570796 0.088450
1776408933.625313 jaka_arm_right solver_failed 0.574811 0.015654 -0.169255 0.031942 -0.841460 -0.521278 0.138544 0.307522 -1.373261 -1.118919 -0.305981 0.405368 1.570796 0.088450
1776408933.633649 jaka_arm_right solver_failed 0.574562 0.015995 -0.169371 0.032612 -0.841852 -0.520333 0.139551 0.307522 -1.373261 -1.118919 -0.305981 0.405368 1.570796 0.088450
1776408933.641991 jaka_arm_right solver_failed 0.574436 0.016354 -0.169562 0.033747 -0.841987 -0.520169 0.139079 0.307522 -1.373261 -1.118919 -0.305981 0.405368 1.570796 0.088450
1776408933.650322 jaka_arm_right solver_failed 0.573969 0.016589 -0.169652 0.032320 -0.842654 -0.519039 0.139599 0.307522 -1.373261 -1.118919 -0.305981 0.405368 1.570796 0.088450
1776408933.658719 jaka_arm_right solver_failed 0.573832 0.017003 -0.169810 0.033206 -0.842704 -0.518746 0.140177 0.307522 -1.373261 -1.118919 -0.305981 0.405368 1.570796 0.088450
1776408933.667009 jaka_arm_right solver_failed 0.573583 0.017272 -0.169792 0.032054 -0.843363 -0.517913 0.139563 0.307522 -1.373261 -1.118919 -0.305981 0.405368 1.570796 0.088450
1776408933.675311 jaka_arm_right solver_failed 0.573410 0.017610 -0.169942 0.032223 -0.843170 -0.518161 0.139768 0.307522 -1.373261 -1.118919 -0.305981 0.405368 1.570796 0.088450
1776408933.683663 jaka_arm_right solver_failed 0.573298 0.017834 -0.169927 0.032787 -0.843555 -0.517514 0.139712 0.307522 -1.373261 -1.118919 -0.305981 0.405368 1.570796 0.088450
1776408933.691986 jaka_arm_right solver_failed 0.573399 0.018241 -0.170100 0.034275 -0.843215 -0.518325 0.138392 0.307522 -1.373261 -1.118919 -0.305981 0.405368 1.570796 0.088450
1776408933.700249 jaka_arm_right solver_failed 0.573339 0.018395 -0.170101 0.034256 -0.843217 -0.518435 0.137973 0.307522 -1.373261 -1.118919 -0.305981 0.405368 1.570796 0.088450
1776408933.708608 jaka_arm_right solver_failed 0.573270 0.018405 -0.169950 0.034120 -0.843699 -0.517578 0.138281 0.307522 -1.373261 -1.118919 -0.305981 0.405368 1.570796 0.088450
1776408933.716940 jaka_arm_right solver_failed 0.573197 0.018620 -0.169928 0.034168 -0.843274 -0.518246 0.138356 0.307522 -1.373261 -1.118919 -0.305981 0.405368 1.570796 0.088450
1776408933.725317 jaka_arm_right solver_failed 0.573019 0.018832 -0.169935 0.033166 -0.842593 -0.519215 0.139117 0.307522 -1.373261 -1.118919 -0.305981 0.405368 1.570796 0.088450
1776408933.733612 jaka_arm_right solver_failed 0.573157 0.018868 -0.169778 0.034450 -0.842687 -0.519016 0.138976 0.307522 -1.373261 -1.118919 -0.305981 0.405368 1.570796 0.088450
1776408933.741986 jaka_arm_right solver_failed 0.573112 0.018938 -0.169669 0.034258 -0.842481 -0.519287 0.139263 0.307522 -1.373261 -1.118919 -0.305981 0.405368 1.570796 0.088450
1776408933.750261 jaka_arm_right solver_failed 0.573061 0.019023 -0.169617 0.034485 -0.842092 -0.519772 0.139745 0.307522 -1.373261 -1.118919 -0.305981 0.405368 1.570796 0.088450
1776408933.758621 jaka_arm_right solver_failed 0.573026 0.019087 -0.169560 0.034925 -0.841789 -0.520064 0.140376 0.307522 -1.373261 -1.118919 -0.305981 0.405368 1.570796 0.088450
1776408933.766994 jaka_arm_right solver_failed 0.573108 0.019149 -0.169473 0.035239 -0.841829 -0.519981 0.140364 0.307522 -1.373261 -1.118919 -0.305981 0.405368 1.570796 0.088450
1776408933.775304 jaka_arm_right solver_failed 0.573057 0.019205 -0.169375 0.034663 -0.841898 -0.519927 0.140291 0.307522 -1.373261 -1.118919 -0.305981 0.405368 1.570796 0.088450
1776408933.783584 jaka_arm_right solver_failed 0.573095 0.019363 -0.169354 0.034507 -0.841847 -0.520189 0.139668 0.307522 -1.373261 -1.118919 -0.305981 0.405368 1.570796 0.088450
1776408933.791939 jaka_arm_right solver_failed 0.573067 0.019632 -0.169375 0.033412 -0.841806 -0.520659 0.138421 0.307522 -1.373261 -1.118919 -0.305981 0.405368 1.570796 0.088450
1776408933.800294 jaka_arm_right solver_failed 0.573236 0.019854 -0.169377 0.033809 -0.842040 -0.520854 0.136149 0.307522 -1.373261 -1.118919 -0.305981 0.405368 1.570796 0.088450
1776408933.808653 jaka_arm_right solver_failed 0.573045 0.019952 -0.169373 0.032675 -0.842220 -0.520756 0.135688 0.307522 -1.373261 -1.118919 -0.305981 0.405368 1.570796 0.088450
1776408933.816965 jaka_arm_right solver_failed 0.572820 0.020079 -0.169326 0.031073 -0.842476 -0.520415 0.135782 0.307522 -1.373261 -1.118919 -0.305981 0.405368 1.570796 0.088450
1776408933.825313 jaka_arm_right solver_failed 0.572794 0.020426 -0.169539 0.030828 -0.842618 -0.520433 0.134883 0.307522 -1.373261 -1.118919 -0.305981 0.405368 1.570796 0.088450
1776408933.833601 jaka_arm_right solver_failed 0.572803 0.020710 -0.169664 0.030580 -0.842502 -0.520951 0.133662 0.307522 -1.373261 -1.118919 -0.305981 0.405368 1.570796 0.088450
1776408933.841952 jaka_arm_right solver_failed 0.572771 0.020938 -0.169841 0.030551 -0.842238 -0.521553 0.132987 0.307522 -1.373261 -1.118919 -0.305981 0.405368 1.570796 0.088450
1776408933.850241 jaka_arm_right solver_failed 0.572792 0.021159 -0.169959 0.030146 -0.842215 -0.521670 0.132762 0.307522 -1.373261 -1.118919 -0.305981 0.405368 1.570796 0.088450
1776408933.858604 jaka_arm_right solver_failed 0.573061 0.021552 -0.170223 0.031724 -0.841562 -0.522904 0.131675 0.307522 -1.373261 -1.118919 -0.305981 0.405368 1.570796 0.088450
1776408933.866960 jaka_arm_right solver_failed 0.573066 0.021721 -0.170347 0.031651 -0.841433 -0.523229 0.131224 0.307522 -1.373261 -1.118919 -0.305981 0.405368 1.570796 0.088450
1776408933.875303 jaka_arm_right solver_failed 0.572873 0.021877 -0.170283 0.030854 -0.841702 -0.522588 0.132242 0.307522 -1.373261 -1.118919 -0.305981 0.405368 1.570796 0.088450
1776408933.883560 jaka_arm_right solver_failed 0.572789 0.022046 -0.170359 0.030787 -0.841593 -0.522777 0.132202 0.307522 -1.373261 -1.118919 -0.305981 0.405368 1.570796 0.088450
1776408933.891991 jaka_arm_right solver_failed 0.572781 0.022179 -0.170371 0.030712 -0.841813 -0.522704 0.131105 0.307522 -1.373261 -1.118919 -0.305981 0.405368 1.570796 0.088450
1776408933.900339 jaka_arm_right solver_failed 0.572790 0.022330 -0.170424 0.030719 -0.841781 -0.522982 0.130196 0.307522 -1.373261 -1.118919 -0.305981 0.405368 1.570796 0.088450
1776408933.908717 jaka_arm_right solver_failed 0.572663 0.022554 -0.170473 0.029857 -0.841612 -0.523377 0.129898 0.307522 -1.373261 -1.118919 -0.305981 0.405368 1.570796 0.088450
1776408933.916929 jaka_arm_right solver_failed 0.572577 0.022678 -0.170493 0.029173 -0.841879 -0.523173 0.129147 0.307522 -1.373261 -1.118919 -0.305981 0.405368 1.570796 0.088450
1776408933.925351 jaka_arm_right solver_failed 0.572550 0.022837 -0.170541 0.028464 -0.841805 -0.523686 0.127698 0.307522 -1.373261 -1.118919 -0.305981 0.405368 1.570796 0.088450
1776408933.933595 jaka_arm_right solver_failed 0.572490 0.023064 -0.170575 0.027857 -0.841658 -0.524007 0.127487 0.307522 -1.373261 -1.118919 -0.305981 0.405368 1.570796 0.088450
1776408933.942000 jaka_arm_right solver_failed 0.572482 0.023175 -0.170573 0.027048 -0.841745 -0.524165 0.126430 0.307522 -1.373261 -1.118919 -0.305981 0.405368 1.570796 0.088450
1776408933.950286 jaka_arm_right solver_failed 0.572483 0.023347 -0.170624 0.026644 -0.841530 -0.524683 0.125798 0.307522 -1.373261 -1.118919 -0.305981 0.405368 1.570796 0.088450
1776408933.958575 jaka_arm_right solver_failed 0.572567 0.023484 -0.170709 0.026549 -0.841463 -0.525040 0.124772 0.307522 -1.373261 -1.118919 -0.305981 0.405368 1.570796 0.088450
1776408933.967045 jaka_arm_right solver_failed 0.572686 0.023807 -0.170826 0.027228 -0.841006 -0.525806 0.124478 0.307522 -1.373261 -1.118919 -0.305981 0.405368 1.570796 0.088450
1776408933.975366 jaka_arm_right solver_failed 0.572763 0.024141 -0.170982 0.027224 -0.840534 -0.526631 0.124181 0.307522 -1.373261 -1.118919 -0.305981 0.405368 1.570796 0.088450
1776408933.983562 jaka_arm_right solver_failed 0.572909 0.024425 -0.171172 0.027259 -0.840107 -0.527684 0.122585 0.307522 -1.373261 -1.118919 -0.305981 0.405368 1.570796 0.088450
1776408933.992007 jaka_arm_right solver_failed 0.572905 0.024633 -0.171229 0.026557 -0.840165 -0.527923 0.121305 0.307522 -1.373261 -1.118919 -0.305981 0.405368 1.570796 0.088450
1776408934.000240 jaka_arm_right solver_failed 0.572940 0.024792 -0.171379 0.026611 -0.839788 -0.528673 0.120636 0.307522 -1.373261 -1.118919 -0.305981 0.405368 1.570796 0.088450
1776408934.016973 jaka_arm_right solver_failed 0.572783 0.024984 -0.171386 0.026203 -0.840030 -0.528541 0.119614 0.307522 -1.373261 -1.118919 -0.305981 0.405368 1.570796 0.088450
1776408934.025307 jaka_arm_right solver_failed 0.572792 0.025339 -0.171606 0.025703 -0.839586 -0.529644 0.117947 0.307522 -1.373261 -1.118919 -0.305981 0.405368 1.570796 0.088450
1776408934.033663 jaka_arm_right solver_failed 0.572702 0.025533 -0.171704 0.024742 -0.839445 -0.530146 0.116896 0.307522 -1.373261 -1.118919 -0.305981 0.405368 1.570796 0.088450
1776408934.042033 jaka_arm_right solver_failed 0.572534 0.025754 -0.171776 0.023708 -0.839307 -0.530533 0.116345 0.307522 -1.373261 -1.118919 -0.305981 0.405368 1.570796 0.088450
1776408934.050289 jaka_arm_right solver_failed 0.572453 0.026028 -0.171890 0.023454 -0.839078 -0.530956 0.116116 0.307522 -1.373261 -1.118919 -0.305981 0.405368 1.570796 0.088450
1776408934.058619 jaka_arm_right solver_failed 0.572326 0.026198 -0.171982 0.023122 -0.839245 -0.530901 0.115225 0.307522 -1.373261 -1.118919 -0.305981 0.405368 1.570796 0.088450
1776408934.067041 jaka_arm_right solver_failed 0.572345 0.026452 -0.172115 0.023263 -0.839251 -0.531213 0.113706 0.307522 -1.373261 -1.118919 -0.305981 0.405368 1.570796 0.088450
1776408934.075301 jaka_arm_right solver_failed 0.572384 0.026947 -0.172304 0.023572 -0.838618 -0.532489 0.112342 0.307522 -1.373261 -1.118919 -0.305981 0.405368 1.570796 0.088450
1776408934.083564 jaka_arm_right solver_failed 0.572158 0.027100 -0.172346 0.022644 -0.838787 -0.532223 0.112528 0.307522 -1.373261 -1.118919 -0.305981 0.405368 1.570796 0.088450
1776408934.092192 jaka_arm_right solver_failed 0.572195 0.027516 -0.172540 0.023670 -0.838469 -0.532960 0.111192 0.307522 -1.373261 -1.118919 -0.305981 0.405368 1.570796 0.088450
1776408934.100302 jaka_arm_right solver_failed 0.572134 0.027841 -0.172635 0.024364 -0.838275 -0.533220 0.111254 0.307522 -1.373261 -1.118919 -0.305981 0.405368 1.570796 0.088450
1776408934.108715 jaka_arm_right solver_failed 0.572027 0.028081 -0.172724 0.024503 -0.838118 -0.533610 0.110535 0.307522 -1.373261 -1.118919 -0.305981 0.405368 1.570796 0.088450
1776408934.116899 jaka_arm_right solver_failed 0.571805 0.028281 -0.172750 0.024156 -0.838201 -0.533751 0.109294 0.307522 -1.373261 -1.118919 -0.305981 0.405368 1.570796 0.088450
1776408934.125383 jaka_arm_right solver_failed 0.571488 0.028423 -0.172723 0.023714 -0.838245 -0.533697 0.109323 0.307522 -1.373261 -1.118919 -0.305981 0.405368 1.570796 0.088450
1776408934.133705 jaka_arm_right solver_failed 0.571163 0.028636 -0.172690 0.023117 -0.838476 -0.533484 0.108712 0.307522 -1.373261 -1.118919 -0.305981 0.405368 1.570796 0.088450
1776408934.141927 jaka_arm_right solver_failed 0.570975 0.028989 -0.172720 0.023296 -0.838060 -0.534331 0.107718 0.307522 -1.373261 -1.118919 -0.305981 0.405368 1.570796 0.088450
1776408934.150334 jaka_arm_right solver_failed 0.570964 0.029346 -0.172810 0.024208 -0.837953 -0.534725 0.106383 0.307522 -1.373261 -1.118919 -0.305981 0.405368 1.570796 0.088450
1776408934.158623 jaka_arm_right solver_failed 0.570767 0.029683 -0.172904 0.024557 -0.837847 -0.534993 0.105794 0.307522 -1.373261 -1.118919 -0.305981 0.405368 1.570796 0.088450
1776408934.166985 jaka_arm_right solver_failed 0.570224 0.029853 -0.172936 0.023041 -0.837844 -0.534962 0.106310 0.307522 -1.373261 -1.118919 -0.305981 0.405368 1.570796 0.088450
1776408934.175325 jaka_arm_right solver_failed 0.570136 0.029917 -0.172799 0.023550 -0.838559 -0.534043 0.105177 0.307522 -1.373261 -1.118919 -0.305981 0.405368 1.570796 0.088450
1776408934.183690 jaka_arm_right solver_failed 0.570152 0.030100 -0.172726 0.025094 -0.838769 -0.533707 0.104850 0.307522 -1.373261 -1.118919 -0.305981 0.405368 1.570796 0.088450
1776408934.191967 jaka_arm_right solver_failed 0.569888 0.030044 -0.172601 0.024832 -0.839043 -0.533210 0.105252 0.307522 -1.373261 -1.118919 -0.305981 0.405368 1.570796 0.088450
1776408934.200319 jaka_arm_right solver_failed 0.569583 0.030065 -0.172486 0.024155 -0.839299 -0.532802 0.105433 0.307522 -1.373261 -1.118919 -0.305981 0.405368 1.570796 0.088450
1776408934.208638 jaka_arm_right solver_failed 0.569511 0.030094 -0.172438 0.024692 -0.839542 -0.532471 0.105045 0.307522 -1.373261 -1.118919 -0.305981 0.405368 1.570796 0.088450
1776408934.216973 jaka_arm_right solver_failed 0.569332 0.030111 -0.172345 0.024213 -0.839623 -0.532402 0.104856 0.307522 -1.373261 -1.118919 -0.305981 0.405368 1.570796 0.088450
1776408934.225380 jaka_arm_right solver_failed 0.569215 0.030148 -0.172271 0.024096 -0.839466 -0.532610 0.105080 0.307522 -1.373261 -1.118919 -0.305981 0.405368 1.570796 0.088450
1776408934.233609 jaka_arm_right solver_failed 0.569022 0.030167 -0.172207 0.023375 -0.839246 -0.533039 0.104832 0.307522 -1.373261 -1.118919 -0.305981 0.405368 1.570796 0.088450
1776408934.241997 jaka_arm_right solver_failed 0.568927 0.030169 -0.172130 0.023672 -0.838992 -0.533466 0.104619 0.307522 -1.373261 -1.118919 -0.305981 0.405368 1.570796 0.088450
1776408934.250248 jaka_arm_right solver_failed 0.568811 0.030117 -0.171940 0.023333 -0.838991 -0.533604 0.104002 0.307522 -1.373261 -1.118919 -0.305981 0.405368 1.570796 0.088450
1776408934.258601 jaka_arm_right solver_failed 0.568661 0.030109 -0.171788 0.023282 -0.839014 -0.533628 0.103707 0.307522 -1.373261 -1.118919 -0.305981 0.405368 1.570796 0.088450
1776408934.267020 jaka_arm_right solver_failed 0.568409 0.030058 -0.171604 0.023210 -0.838998 -0.533664 0.103660 0.307522 -1.373261 -1.118919 -0.305981 0.405368 1.570796 0.088450
1776408934.275356 jaka_arm_right solver_failed 0.568270 0.030011 -0.171407 0.022870 -0.839121 -0.533693 0.102589 0.307522 -1.373261 -1.118919 -0.305981 0.405368 1.570796 0.088450
1776408934.283588 jaka_arm_right solver_failed 0.568326 0.030123 -0.171279 0.024101 -0.838796 -0.534311 0.101749 0.307522 -1.373261 -1.118919 -0.305981 0.405368 1.570796 0.088450
1776408934.292248 jaka_arm_right solver_failed 0.568137 0.030173 -0.171137 0.023852 -0.838761 -0.534468 0.101268 0.307522 -1.373261 -1.118919 -0.305981 0.405368 1.570796 0.088450
1776408934.300322 jaka_arm_right solver_failed 0.567788 0.030165 -0.170891 0.022761 -0.838974 -0.534218 0.101077 0.307522 -1.373261 -1.118919 -0.305981 0.405368 1.570796 0.088450
1776408934.308636 jaka_arm_right solver_failed 0.567558 0.030157 -0.170677 0.022591 -0.839582 -0.533504 0.099822 0.307522 -1.373261 -1.118919 -0.305981 0.405368 1.570796 0.088450
1776408934.317005 jaka_arm_right solver_failed 0.567249 0.030041 -0.170430 0.022537 -0.840285 -0.532568 0.098919 0.307522 -1.373261 -1.118919 -0.305981 0.405368 1.570796 0.088450
1776408934.325456 jaka_arm_right solver_failed 0.567066 0.030215 -0.170314 0.022916 -0.840527 -0.532237 0.098553 0.307522 -1.373261 -1.118919 -0.305981 0.405368 1.570796 0.088450
1776408934.333717 jaka_arm_right solver_failed 0.566539 0.030199 -0.170084 0.021327 -0.841019 -0.531680 0.097716 0.307522 -1.373261 -1.118919 -0.305981 0.405368 1.570796 0.088450
1776408934.342040 jaka_arm_right solver_failed 0.566261 0.030294 -0.170017 0.020527 -0.841223 -0.531572 0.096715 0.307522 -1.373261 -1.118919 -0.305981 0.405368 1.570796 0.088450
1776408934.350348 jaka_arm_right solver_failed 0.566368 0.030226 -0.169902 0.021890 -0.842050 -0.530400 0.095648 0.307522 -1.373261 -1.118919 -0.305981 0.405368 1.570796 0.088450
1776408934.358590 jaka_arm_right solver_failed 0.566311 0.030244 -0.169871 0.021489 -0.842374 -0.530007 0.095060 0.307522 -1.373261 -1.118919 -0.305981 0.405368 1.570796 0.088450
1776408934.367032 jaka_arm_right solver_failed 0.566313 0.030319 -0.169967 0.021155 -0.842525 -0.529831 0.094777 0.307522 -1.373261 -1.118919 -0.305981 0.405368 1.570796 0.088450
1776408934.375320 jaka_arm_right solver_failed 0.566446 0.030381 -0.170144 0.021193 -0.842648 -0.529802 0.093835 0.307522 -1.373261 -1.118919 -0.305981 0.405368 1.570796 0.088450
1776408934.383580 jaka_arm_right solver_failed 0.566538 0.030410 -0.170318 0.020534 -0.842597 -0.529970 0.093489 0.307522 -1.373261 -1.118919 -0.305981 0.405368 1.570796 0.088450
1776408934.392308 jaka_arm_right solver_failed 0.566582 0.030481 -0.170508 0.019346 -0.842512 -0.530190 0.093259 0.307522 -1.373261 -1.118919 -0.305981 0.405368 1.570796 0.088450
1776408934.400523 jaka_arm_right solver_failed 0.566674 0.030453 -0.170793 0.018820 -0.841989 -0.531018 0.093384 0.307522 -1.373261 -1.118919 -0.305981 0.405368 1.570796 0.088450
1776408934.408625 jaka_arm_right solver_failed 0.566761 0.030403 -0.171074 0.017642 -0.841477 -0.531945 0.092947 0.307522 -1.373261 -1.118919 -0.305981 0.405368 1.570796 0.088450
1776408934.416967 jaka_arm_right solver_failed 0.567120 0.030394 -0.171331 0.018193 -0.840922 -0.532671 0.093705 0.307522 -1.373261 -1.118919 -0.305981 0.405368 1.570796 0.088450
1776408934.425346 jaka_arm_right solver_failed 0.567280 0.030404 -0.171531 0.017792 -0.840619 -0.533135 0.093867 0.307522 -1.373261 -1.118919 -0.305981 0.405368 1.570796 0.088450
1776408934.433642 jaka_arm_right solver_failed 0.567302 0.030331 -0.171678 0.016645 -0.840540 -0.533114 0.094894 0.307522 -1.373261 -1.118919 -0.305981 0.405368 1.570796 0.088450
1776408934.442006 jaka_arm_right solver_failed 0.567372 0.030344 -0.171877 0.016137 -0.840127 -0.533759 0.095007 0.307522 -1.373261 -1.118919 -0.305981 0.405368 1.570796 0.088450
1776408934.450264 jaka_arm_right solver_failed 0.567501 0.030436 -0.172108 0.015822 -0.839628 -0.534719 0.094073 0.307522 -1.373261 -1.118919 -0.305981 0.405368 1.570796 0.088450
1776408934.458749 jaka_arm_right solver_failed 0.567600 0.030457 -0.172272 0.015798 -0.839433 -0.535189 0.093145 0.307522 -1.373261 -1.118919 -0.305981 0.405368 1.570796 0.088450
1776408934.467072 jaka_arm_right solver_failed 0.567695 0.030496 -0.172493 0.016148 -0.839143 -0.535930 0.091419 0.307522 -1.373261 -1.118919 -0.305981 0.405368 1.570796 0.088450
1776408934.475328 jaka_arm_right solver_failed 0.567741 0.030636 -0.172774 0.016703 -0.838500 -0.537034 0.090741 0.307522 -1.373261 -1.118919 -0.305981 0.405368 1.570796 0.088450
1776408934.483589 jaka_arm_right solver_failed 0.567760 0.030785 -0.173019 0.017052 -0.838280 -0.537584 0.089444 0.307522 -1.373261 -1.118919 -0.305981 0.405368 1.570796 0.088450
1776408934.492141 jaka_arm_right solver_failed 0.567714 0.030881 -0.173242 0.017099 -0.837947 -0.538234 0.088641 0.307522 -1.373261 -1.118919 -0.305981 0.405368 1.570796 0.088450
1776408934.501169 jaka_arm_right solver_failed 0.567459 0.030914 -0.173438 0.016066 -0.837799 -0.538415 0.089129 0.307522 -1.373261 -1.118919 -0.305981 0.405368 1.570796 0.088450
1776408934.508627 jaka_arm_right solver_failed 0.567472 0.031213 -0.173846 0.016844 -0.836752 -0.540118 0.088515 0.307522 -1.373261 -1.118919 -0.305981 0.405368 1.570796 0.088450
1776408934.517017 jaka_arm_right solver_failed 0.567263 0.031315 -0.174160 0.016506 -0.836214 -0.540937 0.088657 0.307522 -1.373261 -1.118919 -0.305981 0.405368 1.570796 0.088450
1776408934.525541 jaka_arm_right solver_failed 0.567207 0.031450 -0.174490 0.017224 -0.835754 -0.541513 0.089343 0.307522 -1.373261 -1.118919 -0.305981 0.405368 1.570796 0.088450
1776408934.533845 jaka_arm_right solver_failed 0.567300 0.031721 -0.174962 0.017757 -0.835076 -0.542723 0.088235 0.307522 -1.373261 -1.118919 -0.305981 0.405368 1.570796 0.088450
1776408934.541990 jaka_arm_right solver_failed 0.567431 0.032100 -0.175535 0.018843 -0.833962 -0.544425 0.088054 0.307522 -1.373261 -1.118919 -0.305981 0.405368 1.570796 0.088450
1776408934.550305 jaka_arm_right solver_failed 0.567164 0.032163 -0.175966 0.018005 -0.833504 -0.545019 0.088890 0.307522 -1.373261 -1.118919 -0.305981 0.405368 1.570796 0.088450
1776408934.558696 jaka_arm_right solver_failed 0.567067 0.032388 -0.176362 0.018276 -0.832876 -0.545885 0.089405 0.307522 -1.373261 -1.118919 -0.305981 0.405368 1.570796 0.088450
1776408934.567034 jaka_arm_right solver_failed 0.566788 0.032544 -0.176733 0.017808 -0.832283 -0.546721 0.089913 0.307522 -1.373261 -1.118919 -0.305981 0.405368 1.570796 0.088450
1776408934.575372 jaka_arm_right solver_failed 0.566616 0.032785 -0.177149 0.018184 -0.831748 -0.547634 0.089229 0.307522 -1.373261 -1.118919 -0.305981 0.405368 1.570796 0.088450
1776408934.583553 jaka_arm_right solver_failed 0.566611 0.033138 -0.177631 0.019511 -0.830912 -0.549056 0.087992 0.307522 -1.373261 -1.118919 -0.305981 0.405368 1.570796 0.088450
1776408934.592078 jaka_arm_right solver_failed 0.566406 0.033250 -0.177999 0.019816 -0.830335 -0.550106 0.086797 0.307522 -1.373261 -1.118919 -0.305981 0.405368 1.570796 0.088450
1776408934.600447 jaka_arm_right solver_failed 0.566241 0.033479 -0.178355 0.020297 -0.829612 -0.551172 0.086846 0.307522 -1.373261 -1.118919 -0.305981 0.405368 1.570796 0.088450
1776408934.608656 jaka_arm_right solver_failed 0.566009 0.033690 -0.178750 0.021244 -0.829002 -0.552061 0.086795 0.307522 -1.373261 -1.118919 -0.305981 0.405368 1.570796 0.088450
1776408934.616957 jaka_arm_right solver_failed 0.565751 0.033955 -0.179184 0.021042 -0.828256 -0.553271 0.086263 0.307522 -1.373261 -1.118919 -0.305981 0.405368 1.570796 0.088450
1776408934.625303 jaka_arm_right solver_failed 0.565319 0.034047 -0.179452 0.019583 -0.828284 -0.553266 0.086363 0.307522 -1.373261 -1.118919 -0.305981 0.405368 1.570796 0.088450
1776408934.633657 jaka_arm_right solver_failed 0.565248 0.034402 -0.179814 0.020342 -0.827169 -0.554918 0.086277 0.307522 -1.373261 -1.118919 -0.305981 0.405368 1.570796 0.088450
1776408934.641965 jaka_arm_right solver_failed 0.565105 0.034669 -0.180129 0.021522 -0.826387 -0.555859 0.087418 0.307522 -1.373261 -1.118919 -0.305981 0.405368 1.570796 0.088450
1776408934.650308 jaka_arm_right solver_failed 0.565034 0.034854 -0.180415 0.022318 -0.825870 -0.556591 0.087453 0.307522 -1.373261 -1.118919 -0.305981 0.405368 1.570796 0.088450
1776408934.658650 jaka_arm_right solver_failed 0.564875 0.034975 -0.180660 0.023035 -0.825429 -0.557117 0.088070 0.307522 -1.373261 -1.118919 -0.305981 0.405368 1.570796 0.088450
1776408934.667090 jaka_arm_right solver_failed 0.564642 0.034885 -0.180777 0.022098 -0.826008 -0.556382 0.087530 0.307522 -1.373261 -1.118919 -0.305981 0.405368 1.570796 0.088450
1776408934.675398 jaka_arm_right solver_failed 0.564714 0.035113 -0.180906 0.023555 -0.825887 -0.556768 0.085826 0.307522 -1.373261 -1.118919 -0.305981 0.405368 1.570796 0.088450
1776408934.683560 jaka_arm_right solver_failed 0.564543 0.035109 -0.181068 0.024499 -0.825625 -0.557212 0.085192 0.307522 -1.373261 -1.118919 -0.305981 0.405368 1.570796 0.088450
1776408934.691980 jaka_arm_right solver_failed 0.564330 0.035190 -0.181175 0.025174 -0.825637 -0.557189 0.085034 0.307522 -1.373261 -1.118919 -0.305981 0.405368 1.570796 0.088450
1776408934.700314 jaka_arm_right solver_failed 0.563717 0.035221 -0.181204 0.023339 -0.825883 -0.556837 0.085471 0.307522 -1.373261 -1.118919 -0.305981 0.405368 1.570796 0.088450
1776408934.708637 jaka_arm_right solver_failed 0.563489 0.035570 -0.181405 0.024009 -0.824550 -0.559055 0.083656 0.307522 -1.373261 -1.118919 -0.305981 0.405368 1.570796 0.088450
1776408934.716966 jaka_arm_right solver_failed 0.563084 0.035632 -0.181514 0.024439 -0.824185 -0.559775 0.082299 0.307522 -1.373261 -1.118919 -0.305981 0.405368 1.570796 0.088450
1776408934.725362 jaka_arm_right solver_failed 0.562684 0.035710 -0.181536 0.024380 -0.824082 -0.560185 0.080541 0.307522 -1.373261 -1.118919 -0.305981 0.405368 1.570796 0.088450
1776408934.733641 jaka_arm_right solver_failed 0.562174 0.035493 -0.181432 0.023574 -0.825014 -0.559167 0.078278 0.307522 -1.373261 -1.118919 -0.305981 0.405368 1.570796 0.088450
1776408934.741930 jaka_arm_right solver_failed 0.561920 0.035617 -0.181579 0.025205 -0.824133 -0.560572 0.077001 0.307522 -1.373261 -1.118919 -0.305981 0.405368 1.570796 0.088450
1776408934.750301 jaka_arm_right solver_failed 0.561468 0.035481 -0.181590 0.023894 -0.824414 -0.560440 0.075348 0.307522 -1.373261 -1.118919 -0.305981 0.405368 1.570796 0.088450
1776408934.758595 jaka_arm_right solver_failed 0.561207 0.035431 -0.181616 0.023784 -0.824409 -0.560591 0.074306 0.307522 -1.373261 -1.118919 -0.305981 0.405368 1.570796 0.088450
1776408934.766955 jaka_arm_right solver_failed 0.561189 0.035195 -0.181528 0.025403 -0.825285 -0.559285 0.073890 0.307522 -1.373261 -1.118919 -0.305981 0.405368 1.570796 0.088450
1776408934.775264 jaka_arm_right solver_failed 0.561157 0.035050 -0.181596 0.026912 -0.825539 -0.558784 0.074304 0.307522 -1.373261 -1.118919 -0.305981 0.405368 1.570796 0.088450
1776408934.783640 jaka_arm_right solver_failed 0.561019 0.034780 -0.181692 0.026909 -0.826015 -0.557983 0.075036 0.307522 -1.373261 -1.118919 -0.305981 0.405368 1.570796 0.088450
1776408934.791970 jaka_arm_right solver_failed 0.560879 0.034753 -0.181980 0.026165 -0.825313 -0.558896 0.076217 0.307522 -1.373261 -1.118919 -0.305981 0.405368 1.570796 0.088450
1776408934.800387 jaka_arm_right solver_failed 0.560868 0.034725 -0.182254 0.025868 -0.824628 -0.559767 0.077335 0.307522 -1.373261 -1.118919 -0.305981 0.405368 1.570796 0.088450
1776408934.808604 jaka_arm_right solver_failed 0.561070 0.034548 -0.182397 0.026464 -0.824853 -0.559280 0.078248 0.307522 -1.373261 -1.118919 -0.305981 0.405368 1.570796 0.088450
1776408934.816964 jaka_arm_right solver_failed 0.560998 0.034527 -0.182521 0.025829 -0.824753 -0.559289 0.079443 0.307522 -1.373261 -1.118919 -0.305981 0.405368 1.570796 0.088450
1776408934.825540 jaka_arm_right solver_failed 0.561095 0.034451 -0.182631 0.026189 -0.825006 -0.558884 0.079553 0.307522 -1.373261 -1.118919 -0.305981 0.405368 1.570796 0.088450
1776408934.833699 jaka_arm_right solver_failed 0.560993 0.034266 -0.182670 0.026530 -0.825222 -0.558494 0.079938 0.307522 -1.373261 -1.118919 -0.305981 0.405368 1.570796 0.088450
1776408934.842012 jaka_arm_right solver_failed 0.560822 0.034003 -0.182682 0.025875 -0.825786 -0.557701 0.079857 0.307522 -1.373261 -1.118919 -0.305981 0.405368 1.570796 0.088450
1776408934.850309 jaka_arm_right solver_failed 0.561209 0.034000 -0.182813 0.028108 -0.825805 -0.558012 0.076678 0.307522 -1.373261 -1.118919 -0.305981 0.405368 1.570796 0.088450
1776408934.858813 jaka_arm_right solver_failed 0.560907 0.033699 -0.182759 0.026182 -0.826390 -0.557333 0.075989 0.307522 -1.373261 -1.118919 -0.305981 0.405368 1.570796 0.088450
1776408934.867130 jaka_arm_right solver_failed 0.560801 0.033530 -0.182745 0.025617 -0.826632 -0.557115 0.075137 0.307522 -1.373261 -1.118919 -0.305981 0.405368 1.570796 0.088450
1776408934.875340 jaka_arm_right solver_failed 0.560747 0.033279 -0.182701 0.024910 -0.827023 -0.556767 0.073640 0.307522 -1.373261 -1.118919 -0.305981 0.405368 1.570796 0.088450
1776408934.883624 jaka_arm_right solver_failed 0.560756 0.033028 -0.182682 0.024787 -0.827392 -0.556303 0.073041 0.307522 -1.373261 -1.118919 -0.305981 0.405368 1.570796 0.088450
1776408934.892150 jaka_arm_right solver_failed 0.560794 0.032720 -0.182699 0.024968 -0.827488 -0.556125 0.073244 0.307522 -1.373261 -1.118919 -0.305981 0.405368 1.570796 0.088450
1776408934.900457 jaka_arm_right solver_failed 0.560615 0.032613 -0.182842 0.024325 -0.826424 -0.557388 0.075832 0.307522 -1.373261 -1.118919 -0.305981 0.405368 1.570796 0.088450
1776408934.908677 jaka_arm_right solver_failed 0.560737 0.032323 -0.182982 0.024891 -0.825819 -0.558053 0.077330 0.307522 -1.373261 -1.118919 -0.305981 0.405368 1.570796 0.088450
1776408934.917002 jaka_arm_right solver_failed 0.561088 0.031999 -0.183057 0.025984 -0.825734 -0.558131 0.077311 0.307522 -1.373261 -1.118919 -0.305981 0.405368 1.570796 0.088450
1776408934.925615 jaka_arm_right solver_failed 0.560890 0.031507 -0.183065 0.024390 -0.825421 -0.558395 0.079244 0.307522 -1.373261 -1.118919 -0.305981 0.405368 1.570796 0.088450
1776408934.933676 jaka_arm_right solver_failed 0.560690 0.031351 -0.183069 0.023163 -0.824749 -0.559218 0.080788 0.307522 -1.373261 -1.118919 -0.305981 0.405368 1.570796 0.088450
1776408934.942106 jaka_arm_right solver_failed 0.560738 0.030992 -0.182964 0.024719 -0.824968 -0.558727 0.081492 0.307522 -1.373261 -1.118919 -0.305981 0.405368 1.570796 0.088450
1776408934.950429 jaka_arm_right solver_failed 0.560610 0.030745 -0.182957 0.024872 -0.824320 -0.559709 0.081259 0.307522 -1.373261 -1.118919 -0.305981 0.405368 1.570796 0.088450
1776408934.958801 jaka_arm_right solver_failed 0.560695 0.030442 -0.182955 0.026091 -0.824030 -0.560273 0.079920 0.307522 -1.373261 -1.118919 -0.305981 0.405368 1.570796 0.088450
1776408934.966985 jaka_arm_right solver_failed 0.560698 0.030125 -0.182789 0.027359 -0.824522 -0.559653 0.078766 0.307522 -1.373261 -1.118919 -0.305981 0.405368 1.570796 0.088450
1776408934.975300 jaka_arm_right solver_failed 0.560381 0.029912 -0.182769 0.026372 -0.823661 -0.561001 0.078519 0.307522 -1.373261 -1.118919 -0.305981 0.405368 1.570796 0.088450
1776408934.983635 jaka_arm_right solver_failed 0.559956 0.029423 -0.182544 0.024530 -0.823847 -0.560887 0.077976 0.307522 -1.373261 -1.118919 -0.305981 0.405368 1.570796 0.088450
1776408934.992083 jaka_arm_right solver_failed 0.559901 0.029066 -0.182480 0.025614 -0.823298 -0.561615 0.078192 0.307522 -1.373261 -1.118919 -0.305981 0.405368 1.570796 0.088450
1776408935.001020 jaka_arm_right solver_failed 0.559674 0.028500 -0.182293 0.025382 -0.823343 -0.561572 0.078097 0.307522 -1.373261 -1.118919 -0.305981 0.405368 1.570796 0.088450
1776408935.016977 jaka_arm_right solver_failed 0.559514 0.028131 -0.181896 0.024098 -0.823375 -0.561565 0.078215 0.307522 -1.373261 -1.118919 -0.305981 0.405368 1.570796 0.088450
1776408935.025615 jaka_arm_right solver_failed 0.559473 0.027550 -0.182079 0.024256 -0.820495 -0.565867 0.077418 0.307522 -1.373261 -1.118919 -0.305981 0.405368 1.570796 0.088450
1776408935.033805 jaka_arm_right solver_failed 0.559694 0.027119 -0.182113 0.025054 -0.819584 -0.567185 0.077174 0.307522 -1.373261 -1.118919 -0.305981 0.405368 1.570796 0.088450
1776408935.042376 jaka_arm_right solver_failed 0.559821 0.026747 -0.182002 0.023957 -0.819352 -0.567650 0.076559 0.307522 -1.373261 -1.118919 -0.305981 0.405368 1.570796 0.088450
1776408935.050376 jaka_arm_right solver_failed 0.559748 0.026294 -0.181884 0.022603 -0.818664 -0.568519 0.077874 0.307522 -1.373261 -1.118919 -0.305981 0.405368 1.570796 0.088450
1776408935.058836 jaka_arm_right solver_failed 0.559837 0.025674 -0.181815 0.021464 -0.818778 -0.568562 0.076675 0.307522 -1.373261 -1.118919 -0.305981 0.405368 1.570796 0.088450
1776408935.067852 jaka_arm_right solver_failed 0.560211 0.025583 -0.181983 0.022918 -0.817508 -0.570387 0.076249 0.307522 -1.373261 -1.118919 -0.305981 0.405368 1.570796 0.088450
1776408935.075329 jaka_arm_right solver_failed 0.560107 0.025009 -0.181935 0.020544 -0.817431 -0.570650 0.075785 0.307522 -1.373261 -1.118919 -0.305981 0.405368 1.570796 0.088450
1776408935.083553 jaka_arm_right solver_failed 0.560025 0.024362 -0.181813 0.018343 -0.818341 -0.569476 0.075355 0.307522 -1.373261 -1.118919 -0.305981 0.405368 1.570796 0.088450
1776408935.092423 jaka_arm_right solver_failed 0.560710 0.024106 -0.181970 0.020483 -0.817584 -0.570778 0.073141 0.307522 -1.373261 -1.118919 -0.305981 0.405368 1.570796 0.088450
1776408935.100481 jaka_arm_right solver_failed 0.561084 0.023821 -0.182182 0.020765 -0.816991 -0.571903 0.070870 0.307522 -1.373261 -1.118919 -0.305981 0.405368 1.570796 0.088450
1776408935.108669 jaka_arm_right solver_failed 0.560873 0.023250 -0.182120 0.018050 -0.817361 -0.571368 0.071656 0.307522 -1.373261 -1.118919 -0.305981 0.405368 1.570796 0.088450
1776408935.116962 jaka_arm_right solver_failed 0.560971 0.022926 -0.182189 0.016739 -0.817209 -0.571706 0.071011 0.307522 -1.373261 -1.118919 -0.305981 0.405368 1.570796 0.088450
1776408935.125515 jaka_arm_right solver_failed 0.561398 0.022470 -0.182368 0.016989 -0.816767 -0.572489 0.069715 0.307522 -1.373261 -1.118919 -0.305981 0.405368 1.570796 0.088450
1776408935.133768 jaka_arm_right solver_failed 0.561353 0.021904 -0.182388 0.015646 -0.817192 -0.571851 0.070273 0.307522 -1.373261 -1.118919 -0.305981 0.405368 1.570796 0.088450
1776408935.142028 jaka_arm_right solver_failed 0.561399 0.021402 -0.182506 0.014554 -0.816524 -0.572826 0.070327 0.307522 -1.373261 -1.118919 -0.305981 0.405368 1.570796 0.088450
1776408935.150305 jaka_arm_right solver_failed 0.561566 0.020932 -0.182564 0.013742 -0.816653 -0.572786 0.069321 0.307522 -1.373261 -1.118919 -0.305981 0.405368 1.570796 0.088450
1776408935.158719 jaka_arm_right solver_failed 0.561366 0.020198 -0.182624 0.011798 -0.816669 -0.572738 0.069882 0.307522 -1.373261 -1.118919 -0.305981 0.405368 1.570796 0.088450
1776408935.167189 jaka_arm_right solver_failed 0.561372 0.019504 -0.182642 0.011427 -0.817245 -0.571858 0.070413 0.307522 -1.373261 -1.118919 -0.305981 0.405368 1.570796 0.088450
1776408935.175379 jaka_arm_right solver_failed 0.561522 0.018955 -0.182699 0.011239 -0.817215 -0.572126 0.068594 0.307522 -1.373261 -1.118919 -0.305981 0.405368 1.570796 0.088450
1776408935.183592 jaka_arm_right solver_failed 0.561482 0.018530 -0.182942 0.010874 -0.816112 -0.573738 0.068315 0.307522 -1.373261 -1.118919 -0.305981 0.405368 1.570796 0.088450
1776408935.192064 jaka_arm_right solver_failed 0.561572 0.017993 -0.182900 0.011453 -0.816234 -0.573682 0.067228 0.307522 -1.373261 -1.118919 -0.305981 0.405368 1.570796 0.088450
1776408935.200362 jaka_arm_right solver_failed 0.561588 0.017412 -0.183051 0.011484 -0.816496 -0.573446 0.066040 0.307522 -1.373261 -1.118919 -0.305981 0.405368 1.570796 0.088450
1776408935.208643 jaka_arm_right solver_failed 0.561032 0.016688 -0.182985 0.008665 -0.816634 -0.573177 0.067097 0.307522 -1.373261 -1.118919 -0.305981 0.405368 1.570796 0.088450
1776408935.217004 jaka_arm_right solver_failed 0.561034 0.016129 -0.182908 0.008821 -0.816857 -0.573074 0.065211 0.307522 -1.373261 -1.118919 -0.305981 0.405368 1.570796 0.088450
1776408935.225305 jaka_arm_right solver_failed 0.561165 0.015549 -0.182905 0.010559 -0.816868 -0.573163 0.064029 0.307522 -1.373261 -1.118919 -0.305981 0.405368 1.570796 0.088450
1776408935.233639 jaka_arm_right solver_failed 0.561087 0.015054 -0.182984 0.011001 -0.815704 -0.574875 0.063438 0.307522 -1.373261 -1.118919 -0.305981 0.405368 1.570796 0.088450
1776408935.241977 jaka_arm_right solver_failed 0.561015 0.014474 -0.182862 0.011825 -0.815779 -0.574803 0.062984 0.307522 -1.373261 -1.118919 -0.305981 0.405368 1.570796 0.088450
1776408935.250315 jaka_arm_right solver_failed 0.560692 0.013620 -0.182690 0.010595 -0.816113 -0.574298 0.063473 0.307522 -1.373261 -1.118919 -0.305981 0.405368 1.570796 0.088450
1776408935.258597 jaka_arm_right solver_failed 0.560461 0.012976 -0.182595 0.010839 -0.815305 -0.575444 0.063439 0.307522 -1.373261 -1.118919 -0.305981 0.405368 1.570796 0.088450
1776408935.266944 jaka_arm_right solver_failed 0.560328 0.012583 -0.182675 0.011391 -0.813445 -0.578157 0.062548 0.307522 -1.373261 -1.118919 -0.305981 0.405368 1.570796 0.088450
1776408935.275292 jaka_arm_right solver_failed 0.560135 0.011557 -0.182446 0.011290 -0.814439 -0.576794 0.062206 0.307522 -1.373261 -1.118919 -0.305981 0.405368 1.570796 0.088450
1776408935.283584 jaka_arm_right solver_failed 0.559613 0.010620 -0.182152 0.008742 -0.814365 -0.576884 0.062748 0.307522 -1.373261 -1.118919 -0.305981 0.405368 1.570796 0.088450
1776408935.292008 jaka_arm_right solver_failed 0.559942 0.010379 -0.182148 0.011592 -0.812818 -0.579273 0.060284 0.307522 -1.373261 -1.118919 -0.305981 0.405368 1.570796 0.088450
1776408935.300301 jaka_arm_right solver_failed 0.559570 0.009519 -0.181937 0.009935 -0.812820 -0.579311 0.060202 0.307522 -1.373261 -1.118919 -0.305981 0.405368 1.570796 0.088450
1776408935.308609 jaka_arm_right solver_failed 0.559620 0.008904 -0.181738 0.010446 -0.812428 -0.580038 0.058373 0.307522 -1.373261 -1.118919 -0.305981 0.405368 1.570796 0.088450
1776408935.316970 jaka_arm_right solver_failed 0.559079 0.008068 -0.181434 0.007549 -0.813113 -0.579010 0.059481 0.307522 -1.373261 -1.118919 -0.305981 0.405368 1.570796 0.088450
1776408935.325304 jaka_arm_right solver_failed 0.559084 0.007277 -0.181275 0.007722 -0.812787 -0.579555 0.058597 0.307522 -1.373261 -1.118919 -0.305981 0.405368 1.570796 0.088450
1776408935.333642 jaka_arm_right solver_failed 0.559013 0.006798 -0.181106 0.006933 -0.812367 -0.580268 0.057451 0.307522 -1.373261 -1.118919 -0.305981 0.405368 1.570796 0.088450
1776408935.341996 jaka_arm_right solver_failed 0.559246 0.006303 -0.180873 0.009052 -0.811908 -0.580955 0.056698 0.307522 -1.373261 -1.118919 -0.305981 0.405368 1.570796 0.088450
1776408935.350299 jaka_arm_right solver_failed 0.559039 0.005559 -0.180682 0.007396 -0.811937 -0.581006 0.055988 0.307522 -1.373261 -1.118919 -0.305981 0.405368 1.570796 0.088450
1776408935.358597 jaka_arm_right solver_failed 0.558699 0.004891 -0.180400 0.005695 -0.812381 -0.580240 0.057672 0.307522 -1.373261 -1.118919 -0.305981 0.405368 1.570796 0.088450
1776408935.367028 jaka_arm_right solver_failed 0.558678 0.004282 -0.180143 0.004984 -0.812455 -0.580269 0.056386 0.307522 -1.373261 -1.118919 -0.305981 0.405368 1.570796 0.088450
1776408935.375294 jaka_arm_right solver_failed 0.558669 0.003823 -0.179913 0.005642 -0.812423 -0.580273 0.056745 0.307522 -1.373261 -1.118919 -0.305981 0.405368 1.570796 0.088450
1776408935.383699 jaka_arm_right solver_failed 0.558124 0.003122 -0.179555 0.001855 -0.812556 -0.580199 0.055843 0.307522 -1.373261 -1.118919 -0.305981 0.405368 1.570796 0.088450
1776408935.392082 jaka_arm_right solver_failed 0.558102 0.002519 -0.179316 0.002437 -0.812780 -0.579936 0.055297 0.307522 -1.373261 -1.118919 -0.305981 0.405368 1.570796 0.088450
1776408935.400420 jaka_arm_right solver_failed 0.558187 0.002041 -0.179140 0.003400 -0.812675 -0.580259 0.053359 0.307522 -1.373261 -1.118919 -0.305981 0.405368 1.570796 0.088450
1776408935.408640 jaka_arm_right solver_failed 0.558130 0.001692 -0.178884 0.004436 -0.811834 -0.581547 0.052049 0.307522 -1.373261 -1.118919 -0.305981 0.405368 1.570796 0.088450
1776408935.416981 jaka_arm_right solver_failed 0.557894 0.001285 -0.178651 0.004419 -0.811814 -0.581614 0.051614 0.307522 -1.373261 -1.118919 -0.305981 0.405368 1.570796 0.088450
1776408935.425431 jaka_arm_right solver_failed 0.557628 0.000861 -0.178431 0.004518 -0.811182 -0.582583 0.050593 0.307522 -1.373261 -1.118919 -0.305981 0.405368 1.570796 0.088450
1776408935.433886 jaka_arm_right solver_failed 0.557449 0.000427 -0.178260 0.004729 -0.811129 -0.582790 0.049023 0.307522 -1.373261 -1.118919 -0.305981 0.405368 1.570796 0.088450
1776408935.442025 jaka_arm_right solver_failed 0.557234 -0.000253 -0.177946 0.004282 -0.811923 -0.581841 0.047162 0.307522 -1.373261 -1.118919 -0.305981 0.405368 1.570796 0.088450
1776408935.450365 jaka_arm_right solver_failed 0.556814 -0.000767 -0.177601 0.003116 -0.812138 -0.581548 0.047159 0.307522 -1.373261 -1.118919 -0.305981 0.405368 1.570796 0.088450
1776408935.458820 jaka_arm_right solver_failed 0.556401 -0.001070 -0.177471 0.002005 -0.811356 -0.582758 0.045716 0.307522 -1.373261 -1.118919 -0.305981 0.405368 1.570796 0.088450
1776408935.468557 jaka_arm_right solver_failed 0.555892 -0.001462 -0.177228 0.000517 -0.810874 -0.583516 0.044644 0.307522 -1.373261 -1.118919 -0.305981 0.405368 1.570796 0.088450
1776408935.475384 jaka_arm_right solver_failed 0.555723 -0.001984 -0.177036 0.000547 -0.810751 -0.583822 0.042838 0.307522 -1.373261 -1.118919 -0.305981 0.405368 1.570796 0.088450
1776408935.483615 jaka_arm_right solver_failed 0.555197 -0.002634 -0.176794 -0.001076 -0.810830 -0.583752 0.042269 0.307522 -1.373261 -1.118919 -0.305981 0.405368 1.570796 0.088450
1776408935.492191 jaka_arm_right solver_failed 0.554947 -0.003270 -0.176664 -0.001266 -0.810747 -0.583992 0.040506 0.307522 -1.373261 -1.118919 -0.305981 0.405368 1.570796 0.088450
1776408935.500428 jaka_arm_right solver_failed 0.554397 -0.003709 -0.176586 -0.002570 -0.809564 -0.585685 0.039647 0.307522 -1.373261 -1.118919 -0.305981 0.405368 1.570796 0.088450
1776408935.508699 jaka_arm_right solver_failed 0.553785 -0.004422 -0.176449 -0.004068 -0.809330 -0.586019 0.039372 0.307522 -1.373261 -1.118919 -0.305981 0.405368 1.570796 0.088450
1776408935.517078 jaka_arm_right solver_failed 0.553351 -0.005285 -0.176437 -0.005421 -0.808882 -0.586758 0.037361 0.307522 -1.373261 -1.118919 -0.305981 0.405368 1.570796 0.088450
1776408935.525506 jaka_arm_right solver_failed 0.552714 -0.005979 -0.176259 -0.007025 -0.808218 -0.587685 0.036886 0.307522 -1.373261 -1.118919 -0.305981 0.405368 1.570796 0.088450
1776408935.533688 jaka_arm_right solver_failed 0.552165 -0.006616 -0.176279 -0.008484 -0.807218 -0.589135 0.035320 0.307522 -1.373261 -1.118919 -0.305981 0.405368 1.570796 0.088450
1776408935.542044 jaka_arm_right solver_failed 0.551855 -0.007446 -0.176260 -0.009067 -0.806625 -0.590078 0.032885 0.307522 -1.373261 -1.118919 -0.305981 0.405368 1.570796 0.088450
1776408935.550337 jaka_arm_right solver_failed 0.551693 -0.008296 -0.176202 -0.008138 -0.806337 -0.590574 0.031245 0.307522 -1.373261 -1.118919 -0.305981 0.405368 1.570796 0.088450
1776408935.558764 jaka_arm_right solver_failed 0.551226 -0.009087 -0.176224 -0.010824 -0.806064 -0.591046 0.028412 0.307522 -1.373261 -1.118919 -0.305981 0.405368 1.570796 0.088450
1776408935.568787 jaka_arm_right solver_failed 0.550769 -0.009715 -0.176214 -0.013426 -0.805326 -0.592081 0.026644 0.307522 -1.373261 -1.118919 -0.305981 0.405368 1.570796 0.088450
1776408935.575345 jaka_arm_right solver_failed 0.549985 -0.010459 -0.176129 -0.017868 -0.805346 -0.592037 0.024321 0.307522 -1.373261 -1.118919 -0.305981 0.405368 1.570796 0.088450
1776408935.583631 jaka_arm_right solver_failed 0.549709 -0.011432 -0.176070 -0.019033 -0.805705 -0.591633 0.021139 0.307522 -1.373261 -1.118919 -0.305981 0.405368 1.570796 0.088450
1776408935.591987 jaka_arm_right success 0.549358 -0.012335 -0.176065 -0.022104 -0.806005 -0.591267 0.016475 -0.098878 -1.431088 -0.911281 -0.150842 0.597893 1.545715 -0.180303
1776408935.601346 jaka_arm_right success 0.548907 -0.013175 -0.176103 -0.024228 -0.805994 -0.591275 0.013425 -0.081135 -1.414531 -0.911940 -0.211290 0.597564 1.510393 -0.202603
1776408935.608515 jaka_arm_right success 0.548485 -0.014293 -0.176133 -0.026907 -0.807051 -0.589791 0.009529 -0.055514 -1.395335 -0.914482 -0.279384 0.595882 1.469708 -0.223359
1776408935.616932 jaka_arm_right success 0.547902 -0.015370 -0.176078 -0.030007 -0.807467 -0.589112 0.006609 -0.035204 -1.374217 -0.915389 -0.349108 0.595955 1.429878 -0.247193
1776408935.625252 jaka_arm_right success 0.547340 -0.016163 -0.176211 -0.033258 -0.806891 -0.589745 0.004770 -0.022237 -1.359712 -0.914220 -0.398581 0.598303 1.399151 -0.264288
1776408935.634610 jaka_arm_right success 0.547037 -0.017226 -0.176320 -0.033510 -0.806737 -0.589955 0.002337 -0.017298 -1.354846 -0.913918 -0.411637 0.598600 1.390279 -0.271082
1776408935.641917 jaka_arm_right success 0.546390 -0.018386 -0.176284 -0.035900 -0.806693 -0.589879 0.000526 -0.001012 -1.340655 -0.914569 -0.458815 0.599460 1.363124 -0.283297
1776408935.650259 jaka_arm_right success 0.545974 -0.019663 -0.176360 0.036336 0.806905 0.589562 0.001124 -0.002076 -1.337084 -0.914174 -0.461996 0.599655 1.360494 -0.288913
1776408935.658544 jaka_arm_right success 0.545270 -0.021001 -0.176352 0.038045 0.807309 0.588894 0.003036 0.015613 -1.322036 -0.915547 -0.508303 0.599316 1.334942 -0.302467
1776408935.666980 jaka_arm_right success 0.544675 -0.022393 -0.176358 0.038465 0.807332 0.588826 0.004378 0.014589 -1.318162 -0.914929 -0.513294 0.599829 1.331713 -0.308162
1776408935.675262 jaka_arm_right success 0.543953 -0.023711 -0.176413 0.040159 0.807013 0.589126 0.006887 0.025556 -1.304479 -0.914425 -0.553492 0.601087 1.307655 -0.324767
1776408935.683503 jaka_arm_right success 0.543264 -0.025246 -0.176433 0.041303 0.806704 0.589431 0.009716 0.030682 -1.295189 -0.913696 -0.571741 0.602053 1.296905 -0.334500
1776408935.692009 jaka_arm_right success 0.542267 -0.026776 -0.176343 0.044389 0.806719 0.589131 0.012589 0.048889 -1.278945 -0.914109 -0.622374 0.603812 1.266073 -0.348042
1776408935.700381 jaka_arm_right success 0.541399 -0.028232 -0.176340 0.046334 0.806349 0.589393 0.016415 0.055932 -1.267587 -0.912283 -0.654051 0.606430 1.243287 -0.364281
1776408935.708529 jaka_arm_right success 0.540404 -0.029782 -0.176360 0.048979 0.805961 0.589599 0.020012 0.061617 -1.255858 -0.911063 -0.682809 0.608802 1.222725 -0.378850
1776408935.716906 jaka_arm_right success 0.539650 -0.031433 -0.176333 0.050301 0.805657 0.589694 0.025451 0.073890 -1.241130 -0.908983 -0.725094 0.611578 1.193706 -0.399226
1776408935.725278 jaka_arm_right success 0.538633 -0.033114 -0.176340 0.053665 0.804740 0.590370 0.031255 0.084924 -1.224010 -0.905914 -0.770474 0.616605 1.160754 -0.420293
1776408935.733746 jaka_arm_right success 0.537972 -0.035000 -0.176362 0.053998 0.804454 0.590393 0.037075 0.090132 -1.211559 -0.903260 -0.795808 0.618444 1.142400 -0.439301
1776408935.741970 jaka_arm_right success 0.536759 -0.036928 -0.176282 0.057198 0.804169 0.590301 0.039805 0.102131 -1.196890 -0.904349 -0.826466 0.619784 1.124921 -0.447229
1776408935.750310 jaka_arm_right success 0.535778 -0.038815 -0.176281 0.059995 0.803404 0.590774 0.043921 0.105225 -1.185911 -0.900129 -0.854299 0.625206 1.101463 -0.464227
1776408935.758616 jaka_arm_right success 0.535117 -0.040726 -0.176261 0.061361 0.802323 0.591686 0.049186 0.109835 -1.172113 -0.896688 -0.882514 0.628792 1.082114 -0.482273
1776408935.766984 jaka_arm_right success 0.534225 -0.042733 -0.176234 0.063298 0.801116 0.592909 0.051630 0.110153 -1.162664 -0.893651 -0.894826 0.631777 1.074927 -0.492262
1776408935.775326 jaka_arm_right success 0.533354 -0.044895 -0.176235 0.066259 0.800056 0.593738 0.054730 0.116580 -1.148250 -0.891555 -0.925446 0.635491 1.054909 -0.506474
1776408935.783532 jaka_arm_right success 0.532535 -0.047081 -0.176180 0.067808 0.799254 0.594495 0.056310 0.117735 -1.141039 -0.891188 -0.930260 0.636308 1.054494 -0.509340
1776408935.792029 jaka_arm_right success 0.531663 -0.049471 -0.176098 0.069895 0.798604 0.594988 0.057749 0.119582 -1.129956 -0.890587 -0.943836 0.637654 1.048516 -0.517057
1776408935.801161 jaka_arm_right success 0.530885 -0.051826 -0.176116 0.071813 0.797764 0.595709 0.059556 0.124569 -1.119974 -0.889245 -0.964874 0.640107 1.035996 -0.525777
1776408935.808520 jaka_arm_right success 0.530326 -0.054133 -0.176161 0.072241 0.796329 0.597333 0.061928 0.121430 -1.112898 -0.886789 -0.964647 0.640945 1.039140 -0.532837
1776408935.816910 jaka_arm_right success 0.529448 -0.056531 -0.176213 0.074621 0.795263 0.598216 0.064233 0.120946 -1.102760 -0.883467 -0.983206 0.645235 1.025518 -0.545445
1776408935.825258 jaka_arm_right success 0.528730 -0.058931 -0.176308 0.076551 0.793583 0.599802 0.067846 0.121552 -1.090630 -0.879362 -1.000159 0.649202 1.015103 -0.558889
1776408935.833736 jaka_arm_right success 0.527868 -0.061435 -0.176319 0.078554 0.792543 0.600576 0.070804 0.125509 -1.076730 -0.878038 -1.018085 0.651019 1.006282 -0.569353
1776408935.841906 jaka_arm_right success 0.526936 -0.063951 -0.176383 0.082092 0.791052 0.601596 0.074696 0.127465 -1.065439 -0.873654 -1.040659 0.657056 0.988070 -0.582681
1776408935.850173 jaka_arm_right success 0.526051 -0.066463 -0.176447 0.084931 0.789808 0.602307 0.078848 0.127003 -1.052239 -0.869912 -1.059325 0.661300 0.973988 -0.598235
1776408935.858542 jaka_arm_right success 0.525302 -0.068927 -0.176512 0.086405 0.788509 0.603192 0.083348 0.128311 -1.040531 -0.865940 -1.074673 0.664572 0.963496 -0.611962
1776408935.866964 jaka_arm_right success 0.524520 -0.071475 -0.176612 0.088590 0.786789 0.604323 0.088928 0.130109 -1.025171 -0.861021 -1.099789 0.669703 0.945229 -0.630608
1776408935.875259 jaka_arm_right success 0.523418 -0.074197 -0.176737 0.092424 0.785444 0.604734 0.093980 0.131248 -1.010071 -0.855425 -1.124631 0.676393 0.925187 -0.648601
1776408935.883493 jaka_arm_right success 0.522412 -0.076732 -0.176834 0.095708 0.784203 0.605068 0.098790 0.132268 -0.994289 -0.850681 -1.149179 0.681889 0.906082 -0.667071
1776408935.891920 jaka_arm_right success 0.521334 -0.079550 -0.176858 0.099108 0.783863 0.604235 0.103135 0.141792 -0.977855 -0.850994 -1.174566 0.684027 0.888925 -0.677007
1776408935.900230 jaka_arm_right success 0.520261 -0.082114 -0.177028 0.101863 0.781896 0.605683 0.106822 0.135435 -0.968933 -0.844571 -1.184149 0.690076 0.879936 -0.691105
1776408935.908527 jaka_arm_right success 0.519329 -0.084825 -0.177310 0.103961 0.780060 0.606895 0.111253 0.131377 -0.955091 -0.837567 -1.200830 0.695880 0.868171 -0.709796
1776408935.916845 jaka_arm_right success 0.518063 -0.087674 -0.177370 0.108435 0.779317 0.606468 0.114469 0.141511 -0.937259 -0.838284 -1.228190 0.698901 0.850886 -0.717668
1776408935.925277 jaka_arm_right success 0.517304 -0.090575 -0.177545 0.109653 0.778225 0.606531 0.120257 0.134018 -0.927744 -0.830352 -1.237056 0.704062 0.840276 -0.737642
1776408935.933612 jaka_arm_right success 0.516193 -0.093264 -0.177837 0.111931 0.776028 0.608218 0.123786 0.130675 -0.913214 -0.823745 -1.254421 0.709776 0.830198 -0.754388
1776408935.941936 jaka_arm_right success 0.514906 -0.096049 -0.178021 0.114975 0.774501 0.608765 0.127809 0.131197 -0.898176 -0.819285 -1.272564 0.714518 0.818002 -0.768550
1776408935.950207 jaka_arm_right success 0.513557 -0.099039 -0.178162 0.117899 0.773448 0.608398 0.133155 0.129958 -0.882995 -0.813616 -1.294530 0.720600 0.799498 -0.787339
1776408935.958643 jaka_arm_right success 0.512333 -0.101930 -0.178316 0.119772 0.771624 0.609002 0.139167 0.125391 -0.868184 -0.805271 -1.309930 0.726792 0.787185 -0.807975
1776408935.968209 jaka_arm_right success 0.511307 -0.104690 -0.178485 0.120815 0.769394 0.609788 0.146950 0.118913 -0.850840 -0.793129 -1.330562 0.734135 0.770999 -0.837416
1776408935.975236 jaka_arm_right success 0.509670 -0.107745 -0.178653 0.124543 0.768484 0.608761 0.152746 0.122261 -0.828363 -0.788243 -1.361895 0.740348 0.747498 -0.858134
1776408935.983580 jaka_arm_right success 0.507932 -0.110538 -0.178806 0.128941 0.766726 0.608591 0.158502 0.115820 -0.814385 -0.776073 -1.383048 0.751923 0.725817 -0.882130
1776408935.991933 jaka_arm_right success 0.506365 -0.113215 -0.178951 0.131911 0.764278 0.609643 0.163748 0.110426 -0.796498 -0.765563 -1.404727 0.760711 0.711179 -0.904684
1776408936.000284 jaka_arm_right success 0.504477 -0.116419 -0.179071 0.135865 0.763372 0.608528 0.168813 0.112443 -0.777658 -0.760098 -1.430255 0.767124 0.690986 -0.922322
1776408936.008535 jaka_arm_right success 0.502854 -0.119477 -0.179339 0.137789 0.761080 0.609401 0.174362 0.101568 -0.763544 -0.749697 -1.438955 0.774200 0.685918 -0.943118
1776408936.016943 jaka_arm_right success 0.501291 -0.122589 -0.179557 0.139103 0.759693 0.609446 0.179144 0.099008 -0.747489 -0.742455 -1.457945 0.779343 0.672834 -0.962591
1776408936.025359 jaka_arm_right success 0.499299 -0.125732 -0.179842 0.142228 0.757733 0.610379 0.181793 0.093660 -0.731651 -0.736991 -1.470857 0.783604 0.669299 -0.976646
1776408936.034319 jaka_arm_right success 0.497640 -0.128733 -0.180245 0.144802 0.754553 0.612421 0.186070 0.080625 -0.718556 -0.725817 -1.479130 0.792233 0.666981 -0.996310
1776408936.041877 jaka_arm_right success 0.496461 -0.131830 -0.180586 0.143409 0.752359 0.614092 0.190477 0.073350 -0.706645 -0.720019 -1.482763 0.792724 0.671785 -1.011368
1776408936.050263 jaka_arm_right success 0.494587 -0.134852 -0.180946 0.145907 0.750226 0.615747 0.191646 0.068322 -0.694930 -0.717545 -1.489839 0.794919 0.673556 -1.019219
1776408936.058686 jaka_arm_right success 0.492650 -0.138036 -0.181268 0.148194 0.748765 0.616870 0.191993 0.065239 -0.685002 -0.718007 -1.493287 0.795229 0.678654 -1.021159
1776408936.066985 jaka_arm_right success 0.490764 -0.141176 -0.181667 0.150035 0.746942 0.618234 0.193269 0.061519 -0.673217 -0.716528 -1.499781 0.796000 0.681667 -1.028081
1776408936.075211 jaka_arm_right success 0.488889 -0.144548 -0.182076 0.151990 0.744635 0.619699 0.195938 0.053602 -0.659592 -0.711815 -1.507153 0.799501 0.684719 -1.040244
1776408936.083515 jaka_arm_right success 0.487018 -0.147818 -0.182497 0.153060 0.742519 0.621221 0.198299 0.046522 -0.648213 -0.707888 -1.513276 0.802325 0.687424 -1.051061
1776408936.091958 jaka_arm_right success 0.484868 -0.151083 -0.182889 0.156054 0.740778 0.621940 0.200217 0.042170 -0.633815 -0.706156 -1.521515 0.804093 0.688590 -1.060081
1776408936.100694 jaka_arm_right success 0.483080 -0.154488 -0.183326 0.156119 0.739341 0.622816 0.202736 0.037647 -0.623340 -0.704899 -1.525181 0.803675 0.693357 -1.067774
1776408936.108558 jaka_arm_right success 0.481011 -0.157679 -0.183739 0.158241 0.737525 0.623739 0.204856 0.031791 -0.610863 -0.701846 -1.532410 0.806098 0.695853 -1.077942
1776408936.116918 jaka_arm_right success 0.479015 -0.160900 -0.184226 0.160238 0.735588 0.624505 0.207912 0.023038 -0.597377 -0.695868 -1.543285 0.811782 0.693821 -1.094598
1776408936.125259 jaka_arm_right success 0.476694 -0.164138 -0.184771 0.163372 0.733167 0.625779 0.210182 0.015670 -0.584846 -0.691416 -1.553012 0.817499 0.693162 -1.106372
1776408936.133537 jaka_arm_right success 0.474545 -0.167477 -0.185327 0.166486 0.730484 0.626592 0.214612 0.005133 -0.568715 -0.684644 -1.561830 0.824320 0.694554 -1.124119
1776408936.141876 jaka_arm_right success 0.472099 -0.170619 -0.185925 0.169440 0.727410 0.628461 0.217260 -0.007662 -0.556707 -0.676697 -1.572396 0.834146 0.693992 -1.142193
1776408936.150260 jaka_arm_right success 0.469830 -0.173906 -0.186575 0.171992 0.724975 0.629395 0.220664 -0.016595 -0.542518 -0.671575 -1.581564 0.839673 0.696591 -1.156805
1776408936.158560 jaka_arm_right success 0.467379 -0.177177 -0.187141 0.176632 0.721890 0.630461 0.224042 -0.028693 -0.527085 -0.661717 -1.598525 0.853876 0.689510 -1.178634
1776408936.166867 jaka_arm_right success 0.464874 -0.180651 -0.187661 0.179397 0.720157 0.630921 0.226116 -0.033190 -0.514636 -0.662378 -1.601372 0.853755 0.696284 -1.182619
1776408936.175232 jaka_arm_right success 0.462503 -0.184125 -0.188326 0.181846 0.717936 0.631806 0.228737 -0.042973 -0.500982 -0.658404 -1.609771 0.858767 0.700296 -1.197147
1776408936.183471 jaka_arm_right success 0.459916 -0.187607 -0.189030 0.184809 0.715326 0.633093 0.230973 -0.050786 -0.488958 -0.656731 -1.614721 0.862229 0.706126 -1.205406
1776408936.191970 jaka_arm_right success 0.457418 -0.190881 -0.189883 0.187716 0.711723 0.635065 0.234320 -0.069439 -0.476245 -0.648845 -1.621613 0.873512 0.714980 -1.227371
1776408936.200298 jaka_arm_right success 0.454857 -0.194319 -0.190764 0.190392 0.708036 0.637275 0.237313 -0.082116 -0.464900 -0.643631 -1.626168 0.881840 0.723917 -1.241044
1776408936.208517 jaka_arm_right success 0.452315 -0.197676 -0.191715 0.192196 0.704783 0.639659 0.239119 -0.092395 -0.454063 -0.642596 -1.629097 0.883452 0.736570 -1.249267
1776408936.216841 jaka_arm_right success 0.449741 -0.201147 -0.192608 0.194649 0.702192 0.641233 0.240538 -0.101233 -0.443521 -0.642022 -1.631306 0.885405 0.747398 -1.255809
1776408936.225266 jaka_arm_right success 0.447292 -0.204404 -0.193647 0.196476 0.698779 0.643828 0.242054 -0.115235 -0.435101 -0.640117 -1.631449 0.889608 0.762862 -1.265392
1776408936.233645 jaka_arm_right success 0.444753 -0.207790 -0.194726 0.197955 0.696061 0.646024 0.242830 -0.124875 -0.426345 -0.640170 -1.631758 0.890388 0.776572 -1.270819
1776408936.241955 jaka_arm_right success 0.442146 -0.211108 -0.195826 0.200004 0.693077 0.648188 0.243918 -0.140897 -0.421550 -0.638183 -1.627228 0.895476 0.793590 -1.280461
1776408936.250239 jaka_arm_right success 0.439751 -0.214403 -0.196982 0.201023 0.690037 0.650363 0.245898 -0.150103 -0.411517 -0.638255 -1.627249 0.895445 0.808644 -1.286410
1776408936.258539 jaka_arm_right success 0.437111 -0.217493 -0.198126 0.204223 0.686649 0.652291 0.247634 -0.165890 -0.405026 -0.636434 -1.626050 0.902051 0.824713 -1.296788
1776408936.266891 jaka_arm_right success 0.434593 -0.220728 -0.199301 0.206394 0.684092 0.653461 0.249816 -0.175352 -0.395563 -0.636021 -1.626629 0.905195 0.835811 -1.304185
1776408936.275245 jaka_arm_right success 0.432123 -0.223813 -0.200458 0.208530 0.680953 0.655216 0.252012 -0.191181 -0.389408 -0.634551 -1.626578 0.911323 0.851495 -1.316346
1776408936.283504 jaka_arm_right success 0.429363 -0.226819 -0.201616 0.211831 0.677877 0.656711 0.253655 -0.206039 -0.383222 -0.632454 -1.627546 0.920069 0.863915 -1.328891
1776408936.291910 jaka_arm_right success 0.426825 -0.229948 -0.202820 0.214702 0.674509 0.658083 0.256648 -0.217519 -0.372895 -0.631777 -1.629805 0.924997 0.876560 -1.338813
1776408936.300352 jaka_arm_right success 0.424447 -0.232790 -0.204082 0.216634 0.671142 0.659926 0.259107 -0.236395 -0.370075 -0.629253 -1.628574 0.934965 0.893573 -1.354875
1776408936.308540 jaka_arm_right success 0.421931 -0.235639 -0.205283 0.219893 0.667839 0.661792 0.260132 -0.246547 -0.364117 -0.628476 -1.629289 0.940823 0.905659 -1.360577
1776408936.316881 jaka_arm_right success 0.419557 -0.238528 -0.206673 0.221616 0.664599 0.663785 0.261887 -0.263769 -0.360719 -0.628301 -1.625469 0.946484 0.925061 -1.371325
1776408936.325326 jaka_arm_right success 0.417053 -0.241351 -0.208048 0.223971 0.661283 0.665817 0.263116 -0.274959 -0.353289 -0.628970 -1.625312 0.949313 0.940883 -1.376492
1776408936.334198 jaka_arm_right success 0.414586 -0.244197 -0.209457 0.225833 0.658083 0.667935 0.264175 -0.292261 -0.353131 -0.628964 -1.618169 0.954952 0.961929 -1.384692
1776408936.341905 jaka_arm_right success 0.412267 -0.247025 -0.210849 0.228171 0.655430 0.669289 0.265331 -0.302262 -0.349344 -0.629179 -1.615724 0.958974 0.975458 -1.388203
1776408936.350253 jaka_arm_right success 0.409671 -0.249515 -0.212158 0.231571 0.652267 0.671434 0.264762 -0.314122 -0.343828 -0.631439 -1.615411 0.960980 0.991392 -1.390098
1776408936.358579 jaka_arm_right success 0.407351 -0.252130 -0.213612 0.233749 0.648718 0.673324 0.266759 -0.330788 -0.341815 -0.631424 -1.610509 0.967421 1.011413 -1.399463
1776408936.366983 jaka_arm_right success 0.404736 -0.254636 -0.215054 0.236286 0.646209 0.674769 0.266964 -0.343342 -0.340009 -0.632215 -1.606237 0.971750 1.027350 -1.403600
1776408936.375257 jaka_arm_right success 0.402281 -0.257089 -0.216534 0.238673 0.643248 0.676155 0.268480 -0.354807 -0.335301 -0.633045 -1.605736 0.975661 1.042140 -1.408882
1776408936.383495 jaka_arm_right success 0.399625 -0.259376 -0.218003 0.241543 0.640476 0.677718 0.268599 -0.369102 -0.332687 -0.634428 -1.602670 0.980814 1.058710 -1.414484
1776408936.392059 jaka_arm_right success 0.397251 -0.261671 -0.219532 0.242720 0.638241 0.678604 0.270615 -0.381605 -0.331255 -0.634742 -1.598879 0.984684 1.073969 -1.422861
1776408936.400331 jaka_arm_right success 0.394973 -0.263801 -0.221072 0.244396 0.634991 0.679941 0.273381 -0.399922 -0.333630 -0.633912 -1.592978 0.994138 1.093531 -1.435350
1776408936.408511 jaka_arm_right success 0.392623 -0.266007 -0.222590 0.246222 0.632748 0.680581 0.275345 -0.410866 -0.328566 -0.634930 -1.593433 0.997138 1.107152 -1.442444
1776408936.416914 jaka_arm_right success 0.390104 -0.267934 -0.224186 0.247837 0.630834 0.681505 0.276000 -0.423497 -0.328152 -0.636412 -1.590612 1.000573 1.120812 -1.448918
1776408936.425314 jaka_arm_right success 0.387669 -0.269750 -0.225866 0.250819 0.628498 0.681880 0.277706 -0.438302 -0.328654 -0.636325 -1.588231 1.009716 1.134339 -1.459265
1776408936.433554 jaka_arm_right success 0.385357 -0.271622 -0.227492 0.252665 0.627328 0.681503 0.279594 -0.446243 -0.322663 -0.637836 -1.589654 1.011377 1.143361 -1.465058
1776408936.441914 jaka_arm_right success 0.382853 -0.273186 -0.229208 0.254660 0.625779 0.682241 0.279457 -0.458237 -0.322839 -0.639494 -1.588464 1.014895 1.155267 -1.471464
1776408936.450222 jaka_arm_right success 0.380565 -0.274835 -0.230906 0.256760 0.624350 0.681992 0.281333 -0.469280 -0.319622 -0.640761 -1.588272 1.019484 1.165835 -1.479635
1776408936.458585 jaka_arm_right success 0.378313 -0.276436 -0.232608 0.258902 0.623434 0.681089 0.283581 -0.480975 -0.317615 -0.641665 -1.589160 1.025430 1.175212 -1.490772
1776408936.466956 jaka_arm_right success 0.376244 -0.277992 -0.234334 0.259775 0.622218 0.680766 0.286215 -0.494230 -0.318394 -0.642091 -1.587935 1.031768 1.186607 -1.503926
1776408936.475207 jaka_arm_right success 0.374062 -0.279397 -0.236147 0.260987 0.621402 0.680348 0.287875 -0.504655 -0.318325 -0.642852 -1.586785 1.036291 1.196309 -1.512316
1776408936.483514 jaka_arm_right success 0.372063 -0.280834 -0.237888 0.262565 0.620171 0.679790 0.290402 -0.516553 -0.317380 -0.643771 -1.586465 1.041746 1.206771 -1.522965
1776408936.491914 jaka_arm_right success 0.369986 -0.282268 -0.239703 0.263931 0.619668 0.678713 0.292746 -0.526196 -0.315531 -0.644547 -1.586110 1.045781 1.215211 -1.533152
1776408936.500201 jaka_arm_right success 0.367841 -0.283595 -0.241525 0.265957 0.619795 0.677282 0.293956 -0.535187 -0.314471 -0.645904 -1.586772 1.050583 1.220602 -1.541383
1776408936.508587 jaka_arm_right success 0.365675 -0.284624 -0.243276 0.269072 0.619440 0.676261 0.294219 -0.541155 -0.312465 -0.647438 -1.588502 1.054547 1.223500 -1.544515
1776408936.516832 jaka_arm_right success 0.363789 -0.285833 -0.245130 0.270526 0.619125 0.675142 0.296114 -0.553115 -0.311662 -0.648854 -1.589916 1.059575 1.232079 -1.557537
1776408936.525263 jaka_arm_right success 0.361877 -0.286951 -0.247053 0.272014 0.618587 0.674235 0.297936 -0.562624 -0.311265 -0.649833 -1.590232 1.064437 1.239318 -1.566486
1776408936.533569 jaka_arm_right success 0.359945 -0.288086 -0.248979 0.274216 0.618730 0.672400 0.299761 -0.573916 -0.311311 -0.650918 -1.591607 1.071211 1.245743 -1.579374
1776408936.541931 jaka_arm_right success 0.358040 -0.289072 -0.250928 0.275790 0.618548 0.671517 0.300672 -0.582020 -0.311327 -0.652210 -1.591659 1.074723 1.251480 -1.586184
1776408936.550293 jaka_arm_right success 0.356243 -0.290001 -0.252814 0.277627 0.618197 0.670487 0.301998 -0.591062 -0.311300 -0.653334 -1.591888 1.079607 1.257951 -1.593910
1776408936.558597 jaka_arm_right success 0.354342 -0.290963 -0.254705 0.279644 0.618967 0.668834 0.302226 -0.594766 -0.309775 -0.654815 -1.591405 1.081633 1.258572 -1.596288
1776408936.568207 jaka_arm_right success 0.352585 -0.291876 -0.256596 0.282044 0.618591 0.667517 0.303672 -0.606673 -0.308635 -0.656727 -1.594041 1.087085 1.266904 -1.607327
1776408936.575214 jaka_arm_right success 0.350802 -0.292696 -0.258513 0.283510 0.618650 0.666824 0.303710 -0.613955 -0.310696 -0.657845 -1.592942 1.090492 1.271220 -1.613303
1776408936.583538 jaka_arm_right success 0.348886 -0.293517 -0.260479 0.285304 0.618641 0.666084 0.303673 -0.622048 -0.309987 -0.660029 -1.592739 1.092457 1.277657 -1.617205
1776408936.591868 jaka_arm_right success 0.347202 -0.294487 -0.262444 0.286622 0.618943 0.664615 0.305031 -0.631816 -0.311933 -0.661023 -1.591064 1.097480 1.284439 -1.626259
1776408936.600269 jaka_arm_right success 0.345391 -0.295193 -0.264454 0.288375 0.618596 0.664061 0.305289 -0.640041 -0.312627 -0.662627 -1.590018 1.100434 1.291030 -1.630664
1776408936.608543 jaka_arm_right success 0.343688 -0.296017 -0.266505 0.289831 0.617937 0.663368 0.306750 -0.650465 -0.314898 -0.663533 -1.588095 1.105660 1.299616 -1.638524
1776408936.616922 jaka_arm_right success 0.341838 -0.296714 -0.268571 0.291686 0.617951 0.662419 0.307012 -0.660019 -0.316829 -0.665016 -1.586269 1.109815 1.306634 -1.644551
1776408936.625301 jaka_arm_right success 0.340240 -0.297561 -0.270696 0.291852 0.618546 0.661129 0.308433 -0.669123 -0.318942 -0.666121 -1.582324 1.112293 1.314184 -1.652627
1776408936.633632 jaka_arm_right success 0.338330 -0.298037 -0.272818 0.293288 0.617995 0.661402 0.307589 -0.678070 -0.321860 -0.667909 -1.578694 1.113744 1.322958 -1.654375
1776408936.641880 jaka_arm_right success 0.336838 -0.298863 -0.275073 0.293305 0.617320 0.660811 0.310188 -0.690974 -0.327820 -0.667793 -1.572417 1.119631 1.335156 -1.665085
1776408936.650161 jaka_arm_right success 0.335160 -0.299529 -0.277350 0.293265 0.617492 0.660344 0.310877 -0.700224 -0.330591 -0.668930 -1.565890 1.120978 1.345035 -1.669220
1776408936.658576 jaka_arm_right success 0.333366 -0.299915 -0.279579 0.294686 0.616674 0.660378 0.311088 -0.709334 -0.335505 -0.669562 -1.561795 1.124874 1.352894 -1.672838
1776408936.667449 jaka_arm_right success 0.331860 -0.300377 -0.281884 0.295589 0.616009 0.659765 0.312842 -0.723823 -0.341730 -0.669553 -1.556147 1.131316 1.366290 -1.683306
1776408936.675236 jaka_arm_right success 0.330442 -0.300805 -0.284204 0.296370 0.615873 0.658465 0.315102 -0.731325 -0.345868 -0.669236 -1.552043 1.136534 1.370835 -1.690735
1776408936.683531 jaka_arm_right success 0.328759 -0.301054 -0.286466 0.298526 0.616089 0.657345 0.314982 -0.742116 -0.348106 -0.670712 -1.550942 1.141016 1.378493 -1.696418
1776408936.691956 jaka_arm_right success 0.327285 -0.301155 -0.288741 0.299922 0.615634 0.656642 0.316010 -0.751946 -0.354333 -0.670349 -1.548108 1.147866 1.384544 -1.704177
1776408936.700195 jaka_arm_right success 0.325813 -0.301369 -0.291035 0.302966 0.615573 0.654346 0.317983 -0.763244 -0.357129 -0.670296 -1.548952 1.156907 1.390098 -1.715837
1776408936.708590 jaka_arm_right success 0.324519 -0.301633 -0.293388 0.303400 0.616858 0.652257 0.319368 -0.766571 -0.357124 -0.671085 -1.547187 1.158877 1.390159 -1.720014
1776408936.716966 jaka_arm_right success 0.323054 -0.301729 -0.295790 0.304967 0.617805 0.650620 0.319383 -0.776697 -0.361488 -0.671963 -1.546675 1.163893 1.394404 -1.730165
1776408936.725244 jaka_arm_right success 0.321699 -0.301691 -0.298310 0.307167 0.617511 0.649158 0.320815 -0.787350 -0.366691 -0.671622 -1.546720 1.172448 1.399572 -1.739744
1776408936.733547 jaka_arm_right success 0.320494 -0.301897 -0.300860 0.307172 0.619038 0.646945 0.322333 -0.792689 -0.368232 -0.672086 -1.543720 1.174720 1.401501 -1.747159
1776408936.741858 jaka_arm_right success 0.319341 -0.301905 -0.303460 0.308118 0.619201 0.645952 0.323108 -0.803612 -0.375055 -0.672119 -1.540578 1.180482 1.407547 -1.756535
1776408936.750158 jaka_arm_right success 0.318037 -0.302206 -0.306007 0.308528 0.621762 0.643509 0.322674 -0.805753 -0.374117 -0.674484 -1.538700 1.180330 1.405040 -1.757422
1776408936.758618 jaka_arm_right success 0.317072 -0.302320 -0.308737 0.309618 0.622305 0.641942 0.323703 -0.815877 -0.381811 -0.673551 -1.534283 1.187825 1.410007 -1.767120
1776408936.766863 jaka_arm_right success 0.315880 -0.302144 -0.311609 0.311873 0.622770 0.640832 0.322841 -0.824100 -0.385502 -0.674558 -1.531330 1.191956 1.414394 -1.769322
1776408936.775223 jaka_arm_right success 0.314725 -0.302009 -0.314477 0.314101 0.623094 0.639966 0.321773 -0.829744 -0.389843 -0.675223 -1.528252 1.196172 1.415552 -1.770306
1776408936.783497 jaka_arm_right success 0.314090 -0.302004 -0.317497 0.314749 0.623232 0.638887 0.323013 -0.840757 -0.399101 -0.674073 -1.521020 1.203289 1.422153 -1.778199
1776408936.791891 jaka_arm_right success 0.313160 -0.301912 -0.320493 0.317191 0.624510 0.637106 0.321674 -0.845410 -0.401266 -0.675359 -1.517865 1.206966 1.422186 -1.777270
1776408936.800253 jaka_arm_right success 0.312531 -0.301666 -0.323459 0.319715 0.624825 0.636349 0.320057 -0.851007 -0.407814 -0.675669 -1.513250 1.211957 1.422635 -1.776875
1776408936.808523 jaka_arm_right success 0.311803 -0.301497 -0.326506 0.322839 0.626060 0.634415 0.318341 -0.855469 -0.409600 -0.677188 -1.511618 1.216331 1.421266 -1.775838
1776408936.816909 jaka_arm_right success 0.311141 -0.301314 -0.329570 0.325072 0.627250 0.633215 0.316107 -0.858968 -0.413470 -0.678484 -1.508428 1.219495 1.419068 -1.774793
1776408936.825283 jaka_arm_right success 0.310436 -0.300968 -0.332649 0.328400 0.627450 0.632420 0.313855 -0.865247 -0.420460 -0.678749 -1.503734 1.225793 1.419550 -1.772842
1776408936.833550 jaka_arm_right success 0.309861 -0.300809 -0.335795 0.329555 0.628861 0.631632 0.311398 -0.869947 -0.426034 -0.680224 -1.492905 1.226971 1.421461 -1.766303
1776408936.841859 jaka_arm_right success 0.309275 -0.300510 -0.338927 0.331769 0.629851 0.630765 0.308791 -0.873053 -0.429652 -0.681900 -1.489798 1.228821 1.419415 -1.763720
1776408936.850173 jaka_arm_right success 0.308682 -0.300390 -0.342207 0.332995 0.631740 0.629262 0.306673 -0.875694 -0.433811 -0.683092 -1.484545 1.231210 1.417065 -1.761279
1776408936.858519 jaka_arm_right success 0.308281 -0.300092 -0.345329 0.334672 0.632904 0.628108 0.304807 -0.879541 -0.439395 -0.683822 -1.477819 1.234589 1.415856 -1.758914
1776408936.866901 jaka_arm_right success 0.307767 -0.299798 -0.348425 0.336161 0.634694 0.626365 0.303028 -0.882759 -0.443025 -0.685138 -1.473377 1.236947 1.413899 -1.757246
1776408936.875276 jaka_arm_right success 0.307242 -0.299502 -0.351553 0.337460 0.636907 0.623850 0.302128 -0.885824 -0.446516 -0.686144 -1.469136 1.240646 1.410318 -1.758326
1776408936.883507 jaka_arm_right success 0.306613 -0.299208 -0.354629 0.340143 0.638783 0.620147 0.302782 -0.890687 -0.449725 -0.685880 -1.467286 1.249035 1.406660 -1.763267
1776408936.891969 jaka_arm_right success 0.306024 -0.298843 -0.357691 0.343446 0.640008 0.616145 0.304629 -0.898961 -0.456222 -0.683818 -1.468093 1.262126 1.403452 -1.775879
1776408936.900274 jaka_arm_right success 0.305340 -0.298174 -0.360745 0.348464 0.640379 0.612773 0.304954 -0.907552 -0.461142 -0.682413 -1.472785 1.275019 1.400771 -1.786374
1776408936.908533 jaka_arm_right success 0.304887 -0.297814 -0.363698 0.351583 0.641030 0.608876 0.307799 -0.916169 -0.466078 -0.679829 -1.476299 1.288561 1.399111 -1.801072
1776408936.916825 jaka_arm_right success 0.304454 -0.297489 -0.366807 0.354640 0.641169 0.606143 0.309393 -0.924126 -0.470988 -0.677725 -1.478760 1.299542 1.399002 -1.812007
1776408936.925259 jaka_arm_right success 0.303675 -0.297005 -0.369658 0.360816 0.640476 0.603225 0.309390 -0.932202 -0.475991 -0.675728 -1.483573 1.313600 1.396961 -1.820092
1776408936.934839 jaka_arm_right success 0.303551 -0.296712 -0.372490 0.365035 0.639890 0.600459 0.311030 -0.940179 -0.481792 -0.672704 -1.486671 1.327296 1.396520 -1.830606
1776408936.941893 jaka_arm_right success 0.303554 -0.296380 -0.375170 0.369343 0.638944 0.598776 0.311134 -0.945914 -0.485732 -0.670994 -1.488975 1.337206 1.396249 -1.834186
1776408936.950204 jaka_arm_right success 0.303275 -0.296168 -0.377890 0.374450 0.639250 0.595848 0.310019 -0.950092 -0.489534 -0.670309 -1.491156 1.347375 1.391831 -1.837154
1776408936.958623 jaka_arm_right success 0.303181 -0.295950 -0.380443 0.379418 0.638817 0.593829 0.308743 -0.953982 -0.492366 -0.669526 -1.493786 1.356922 1.388723 -1.838079
1776408936.967023 jaka_arm_right success 0.303240 -0.295789 -0.382991 0.383855 0.638263 0.591915 0.308080 -0.957707 -0.496323 -0.668112 -1.495471 1.366720 1.385878 -1.839961
1776408936.975224 jaka_arm_right success 0.303253 -0.295621 -0.385490 0.388841 0.637748 0.589098 0.308292 -0.962742 -0.501418 -0.665707 -1.497597 1.379819 1.382821 -1.845241
1776408936.983532 jaka_arm_right success 0.303315 -0.295552 -0.388045 0.393277 0.637682 0.585908 0.308880 -0.968063 -0.506041 -0.663456 -1.500409 1.392449 1.380037 -1.852523
1776408936.991940 jaka_arm_right success 0.303290 -0.295456 -0.390312 0.398538 0.638068 0.582328 0.308108 -0.971682 -0.507423 -0.662687 -1.510172 1.404457 1.373866 -1.861596
1776408937.000742 jaka_arm_right success 0.303515 -0.295239 -0.392347 0.405575 0.637712 0.577672 0.308427 -0.974440 -0.508396 -0.659950 -1.524537 1.422471 1.365861 -1.874305
1776408937.008523 jaka_arm_right success 0.304023 -0.295134 -0.394419 0.411201 0.637720 0.573292 0.309132 -0.975864 -0.509607 -0.657551 -1.534319 1.438248 1.358103 -1.884511
1776408937.016873 jaka_arm_right success 0.304485 -0.295049 -0.396416 0.418234 0.638445 0.567340 0.309183 -0.975158 -0.507793 -0.655845 -1.553226 1.457108 1.344970 -1.901094
1776408937.025269 jaka_arm_right success 0.304844 -0.294864 -0.398267 0.426136 0.638431 0.561976 0.308217 -0.973446 -0.506619 -0.653543 -1.570772 1.477486 1.331742 -1.912828
1776408937.033858 jaka_arm_right success 0.305460 -0.294990 -0.400002 0.432703 0.639168 0.556706 0.307099 -0.970247 -0.503252 -0.652912 -1.586134 1.492956 1.318671 -1.922432
1776408937.041945 jaka_arm_right success 0.306098 -0.295042 -0.401821 0.439213 0.639135 0.551507 0.307309 -0.971109 -0.504990 -0.649816 -1.597527 1.512844 1.310376 -1.934185
1776408937.050236 jaka_arm_right success 0.306851 -0.295092 -0.403604 0.444850 0.639192 0.547347 0.306517 -0.968693 -0.504497 -0.648233 -1.608948 1.528214 1.299902 -1.942912
1776408937.058531 jaka_arm_right success 0.307506 -0.295183 -0.405475 0.450739 0.639441 0.542665 0.305719 -0.967345 -0.504611 -0.646380 -1.619309 1.545346 1.290161 -1.951375
1776408937.066893 jaka_arm_right success 0.307913 -0.295050 -0.407172 0.458036 0.638985 0.538758 0.302723 -0.964157 -0.504181 -0.645304 -1.628507 1.560812 1.278543 -1.953315
1776408937.075274 jaka_arm_right success 0.308281 -0.294934 -0.408908 0.464646 0.638847 0.534719 0.300089 -0.960868 -0.502787 -0.644434 -1.640716 1.576658 1.266802 -1.958614
1776408937.083518 jaka_arm_right success 0.309191 -0.295362 -0.410839 0.467987 0.639525 0.530191 0.301483 -0.960930 -0.505295 -0.641910 -1.645412 1.591699 1.261564 -1.969564
1776408937.091926 jaka_arm_right success 0.309421 -0.295079 -0.412507 0.474894 0.639690 0.526380 0.296978 -0.955204 -0.501854 -0.642330 -1.659594 1.606174 1.246520 -1.971031
1776408937.100213 jaka_arm_right success 0.309846 -0.295125 -0.414300 0.480467 0.639989 0.521726 0.295580 -0.952901 -0.502076 -0.641028 -1.670188 1.623097 1.236580 -1.980966
1776408937.108558 jaka_arm_right success 0.310401 -0.295351 -0.416026 0.483547 0.641701 0.517163 0.294864 -0.949054 -0.501668 -0.640343 -1.675939 1.636221 1.226354 -1.989040
1776408937.116880 jaka_arm_right success 0.310765 -0.295363 -0.417657 0.487785 0.642800 0.513186 0.292429 -0.944148 -0.500127 -0.640296 -1.684232 1.649208 1.214191 -1.994095
1776408937.125252 jaka_arm_right success 0.311248 -0.295534 -0.419289 0.491219 0.643926 0.508584 0.292243 -0.941485 -0.499807 -0.639118 -1.694055 1.664771 1.205943 -2.007127
1776408937.133569 jaka_arm_right success 0.311620 -0.295663 -0.420782 0.494878 0.644983 0.504297 0.291164 -0.938077 -0.499618 -0.638300 -1.700496 1.678956 1.196597 -2.014354
1776408937.141891 jaka_arm_right success 0.311907 -0.295825 -0.422207 0.498816 0.645397 0.500242 0.290523 -0.935838 -0.499083 -0.637055 -1.710898 1.694639 1.189707 -2.026118
1776408937.150246 jaka_arm_right success 0.312319 -0.296185 -0.423640 0.500006 0.646426 0.497338 0.291175 -0.935563 -0.500110 -0.636270 -1.711728 1.702825 1.186955 -2.031310
1776408937.158589 jaka_arm_right success 0.312443 -0.296181 -0.424944 0.503170 0.646893 0.494658 0.289247 -0.933536 -0.500608 -0.636091 -1.715258 1.712085 1.180207 -2.033467
1776408937.166939 jaka_arm_right success 0.312479 -0.296192 -0.426101 0.506305 0.646639 0.492556 0.287929 -0.932320 -0.501029 -0.635445 -1.719428 1.720926 1.175757 -2.036028
1776408937.175320 jaka_arm_right success 0.312672 -0.296460 -0.427288 0.508193 0.646824 0.490399 0.287868 -0.931675 -0.501960 -0.634680 -1.721229 1.728704 1.172989 -2.040723
1776408937.183485 jaka_arm_right success 0.312676 -0.296782 -0.428383 0.509233 0.647660 0.488492 0.287390 -0.931269 -0.501720 -0.634944 -1.722811 1.733687 1.170091 -2.043490
1776408937.191889 jaka_arm_right success 0.312762 -0.296916 -0.429458 0.510866 0.647571 0.486463 0.288137 -0.931881 -0.504311 -0.633464 -1.724071 1.742329 1.169429 -2.049026
1776408937.200210 jaka_arm_right success 0.312604 -0.297064 -0.430414 0.512142 0.647993 0.484602 0.288056 -0.932245 -0.505452 -0.632940 -1.727065 1.749380 1.168173 -2.055261
1776408937.208509 jaka_arm_right success 0.312535 -0.297010 -0.431375 0.513303 0.648214 0.483506 0.287332 -0.933362 -0.504759 -0.633629 -1.727159 1.750874 1.167640 -2.054838
1776408937.216851 jaka_arm_right success 0.312456 -0.297088 -0.432216 0.514844 0.648465 0.481182 0.287911 -0.932501 -0.508235 -0.631936 -1.728414 1.761050 1.164936 -2.061527
1776408937.225277 jaka_arm_right success 0.312385 -0.297111 -0.433072 0.515306 0.649530 0.479678 0.287194 -0.932382 -0.507469 -0.632887 -1.729809 1.763113 1.162827 -2.064202
1776408937.233754 jaka_arm_right success 0.312558 -0.297270 -0.433983 0.515233 0.650667 0.477872 0.287759 -0.930794 -0.508879 -0.632402 -1.730253 1.768639 1.159809 -2.069544
1776408937.241871 jaka_arm_right success 0.312766 -0.297442 -0.434819 0.515700 0.651670 0.475638 0.288353 -0.929824 -0.509914 -0.631895 -1.731518 1.775362 1.157444 -2.075889
1776408937.250269 jaka_arm_right success 0.312799 -0.297392 -0.435531 0.516788 0.652440 0.474009 0.287346 -0.928020 -0.509441 -0.632205 -1.734534 1.780779 1.153153 -2.079435
1776408937.258577 jaka_arm_right success 0.313071 -0.297382 -0.436324 0.517558 0.652849 0.472754 0.287100 -0.928896 -0.508985 -0.632903 -1.734566 1.782193 1.152377 -2.079472
1776408937.267552 jaka_arm_right success 0.313551 -0.297481 -0.437168 0.517821 0.653502 0.471651 0.286954 -0.926301 -0.511494 -0.632002 -1.733893 1.787668 1.148165 -2.082499
1776408937.275261 jaka_arm_right success 0.313590 -0.297262 -0.437790 0.520035 0.653615 0.470669 0.284291 -0.923388 -0.511346 -0.632134 -1.736923 1.792655 1.142044 -2.081902
1776408937.283474 jaka_arm_right success 0.313875 -0.297066 -0.438521 0.522090 0.653632 0.469438 0.282516 -0.920804 -0.511149 -0.632051 -1.739198 1.798383 1.136526 -2.081629
1776408937.292003 jaka_arm_right success 0.314214 -0.297318 -0.439248 0.521916 0.655272 0.467534 0.282195 -0.917501 -0.510483 -0.632809 -1.739456 1.801899 1.130642 -2.084998
1776408937.300821 jaka_arm_right success 0.314619 -0.297446 -0.439994 0.522142 0.656325 0.465806 0.282188 -0.915590 -0.510411 -0.632844 -1.739664 1.805947 1.127193 -2.087612
1776408937.308531 jaka_arm_right success 0.314874 -0.297254 -0.440615 0.523725 0.656599 0.464389 0.280951 -0.913619 -0.510687 -0.632709 -1.741308 1.811817 1.122732 -2.088930
1776408937.316847 jaka_arm_right success 0.315293 -0.297192 -0.441286 0.523466 0.657669 0.463580 0.280264 -0.911056 -0.511233 -0.633156 -1.741808 1.814019 1.118202 -2.091215
1776408937.325398 jaka_arm_right success 0.315492 -0.296961 -0.441775 0.525026 0.657666 0.462355 0.279377 -0.910031 -0.511221 -0.632937 -1.743234 1.818656 1.115480 -2.091546
1776408937.334588 jaka_arm_right success 0.315601 -0.296645 -0.442241 0.526512 0.658362 0.461265 0.276730 -0.903742 -0.510828 -0.633214 -1.746512 1.825185 1.105022 -2.092576
1776408937.341889 jaka_arm_right success 0.316219 -0.297150 -0.442897 0.524077 0.660417 0.459503 0.279374 -0.902958 -0.510749 -0.633546 -1.745108 1.826152 1.105167 -2.099823
1776408937.350257 jaka_arm_right success 0.316197 -0.296662 -0.443167 0.526589 0.659575 0.459237 0.277068 -0.904045 -0.511309 -0.633576 -1.747367 1.828479 1.104474 -2.097381
1776408937.358560 jaka_arm_right success 0.316452 -0.296635 -0.443617 0.525969 0.660194 0.458708 0.277644 -0.904029 -0.510629 -0.633854 -1.746521 1.828597 1.104374 -2.098148
1776408937.366904 jaka_arm_right success 0.316348 -0.296293 -0.443893 0.527133 0.660425 0.458541 0.275154 -0.900140 -0.511959 -0.633681 -1.748211 1.832762 1.097662 -2.097986
1776408937.375266 jaka_arm_right success 0.316316 -0.296181 -0.444004 0.527539 0.660526 0.458610 0.274016 -0.899575 -0.511721 -0.634154 -1.749477 1.833178 1.095822 -2.097493
1776408937.383554 jaka_arm_right success 0.316349 -0.295999 -0.444132 0.527921 0.659996 0.458926 0.274027 -0.899511 -0.511796 -0.633801 -1.749933 1.833549 1.096066 -2.096871
1776408937.391965 jaka_arm_right success 0.316258 -0.295826 -0.444152 0.528244 0.659558 0.459386 0.273689 -0.899545 -0.512082 -0.633632 -1.750429 1.833682 1.096109 -2.096363
1776408937.400377 jaka_arm_right success 0.316242 -0.295723 -0.444148 0.528145 0.659284 0.459936 0.273617 -0.899545 -0.512082 -0.633632 -1.750429 1.833682 1.096109 -2.096363
1776408937.408519 jaka_arm_right success 0.316210 -0.295746 -0.444119 0.527238 0.659719 0.460226 0.273831 -0.898981 -0.512434 -0.633278 -1.750444 1.833016 1.096324 -2.096607
1776408937.416902 jaka_arm_right success 0.316283 -0.295982 -0.444099 0.524859 0.660569 0.460911 0.275194 -0.897759 -0.512936 -0.633429 -1.749178 1.830302 1.096175 -2.098952
1776408937.425325 jaka_arm_right success 0.316219 -0.295887 -0.444015 0.524285 0.660296 0.461986 0.275142 -0.901032 -0.510932 -0.634568 -1.748298 1.822817 1.100647 -2.094997
1776408937.433534 jaka_arm_right success 0.316423 -0.296055 -0.444014 0.522352 0.660028 0.463334 0.277188 -0.904141 -0.513589 -0.634049 -1.742347 1.817804 1.105855 -2.093073
1776408937.441887 jaka_arm_right success 0.316542 -0.296149 -0.443977 0.520880 0.659636 0.464858 0.278339 -0.907771 -0.515563 -0.633970 -1.736422 1.811061 1.111305 -2.089080
1776408937.450134 jaka_arm_right success 0.316145 -0.295814 -0.443776 0.522492 0.658567 0.465748 0.276352 -0.907153 -0.515304 -0.633729 -1.735846 1.810329 1.109664 -2.082584
1776408937.458491 jaka_arm_right success 0.316120 -0.295775 -0.443748 0.522322 0.657856 0.466764 0.276653 -0.907251 -0.515856 -0.633208 -1.735839 1.809258 1.110709 -2.081390
1776408937.466905 jaka_arm_right success 0.315846 -0.295550 -0.443594 0.523673 0.657116 0.467465 0.274666 -0.908175 -0.514471 -0.633935 -1.735435 1.805845 1.110562 -2.074472
1776408937.475219 jaka_arm_right success 0.315885 -0.295583 -0.443601 0.523379 0.656993 0.468086 0.274465 -0.908117 -0.515064 -0.633858 -1.734987 1.804933 1.110423 -2.073089
1776408937.483498 jaka_arm_right success 0.316215 -0.295890 -0.443778 0.521596 0.657198 0.468927 0.275927 -0.910568 -0.515977 -0.634155 -1.728586 1.799273 1.113982 -2.069644
1776408937.491859 jaka_arm_right success 0.316334 -0.295911 -0.443868 0.521380 0.656986 0.469514 0.275844 -0.910174 -0.516385 -0.633829 -1.728743 1.798840 1.114163 -2.069596
1776408937.500227 jaka_arm_right success 0.316522 -0.296097 -0.444019 0.520661 0.657199 0.469871 0.276085 -0.910522 -0.518118 -0.634078 -1.720323 1.793596 1.113860 -2.062427
1776408937.508512 jaka_arm_right success 0.316667 -0.296223 -0.444149 0.520558 0.657268 0.469772 0.276283 -0.910522 -0.518118 -0.634078 -1.720323 1.793596 1.113860 -2.062427
1776408937.516905 jaka_arm_right success 0.316848 -0.296357 -0.444282 0.520659 0.657337 0.469158 0.276970 -0.910578 -0.517382 -0.634107 -1.719737 1.794070 1.114024 -2.062664
1776408937.525221 jaka_arm_right success 0.316972 -0.296291 -0.444412 0.522131 0.656775 0.468330 0.276935 -0.911355 -0.516450 -0.634008 -1.719879 1.796128 1.114299 -2.061563
1776408937.533610 jaka_arm_right success 0.317190 -0.296301 -0.444640 0.523068 0.656851 0.467681 0.276083 -0.910601 -0.518357 -0.633642 -1.719649 1.799618 1.111813 -2.061958
1776408937.541916 jaka_arm_right success 0.317244 -0.296513 -0.444852 0.523632 0.657457 0.466184 0.276104 -0.908522 -0.518971 -0.633046 -1.719713 1.804997 1.108508 -2.064683
1776408937.550198 jaka_arm_right success 0.317588 -0.296373 -0.445193 0.524635 0.656676 0.465728 0.276825 -0.909116 -0.521199 -0.631375 -1.721321 1.810773 1.109981 -2.068598
1776408937.558483 jaka_arm_right success 0.317831 -0.296713 -0.445537 0.523742 0.658360 0.463662 0.277982 -0.907439 -0.521166 -0.631642 -1.721837 1.814796 1.107601 -2.075617
1776408937.566865 jaka_arm_right success 0.317937 -0.296427 -0.445787 0.525638 0.657940 0.462906 0.276654 -0.907672 -0.520955 -0.631749 -1.724001 1.818081 1.106147 -2.075152
1776408937.575249 jaka_arm_right success 0.318166 -0.296029 -0.445941 0.527726 0.657469 0.462912 0.273774 -0.902891 -0.520093 -0.631470 -1.728478 1.823178 1.098626 -2.073422
1776408937.583487 jaka_arm_right success 0.318701 -0.296596 -0.446332 0.525052 0.659414 0.461227 0.277063 -0.902460 -0.520235 -0.631737 -1.726138 1.823397 1.099601 -2.080857
1776408937.591922 jaka_arm_right success 0.318559 -0.296363 -0.446309 0.526246 0.659831 0.460603 0.274832 -0.900889 -0.519594 -0.632344 -1.728786 1.825838 1.095775 -2.080967
1776408937.600203 jaka_arm_right success 0.318487 -0.296242 -0.446303 0.526427 0.660312 0.460308 0.273824 -0.898005 -0.517718 -0.633071 -1.731940 1.827339 1.091229 -2.081563
1776408937.608518 jaka_arm_right success 0.318488 -0.296150 -0.446254 0.526341 0.660573 0.459974 0.273920 -0.897933 -0.517516 -0.633161 -1.731653 1.827254 1.091197 -2.081922
1776408937.616808 jaka_arm_right success 0.318589 -0.296174 -0.446239 0.524933 0.661318 0.460064 0.274673 -0.897223 -0.517369 -0.633104 -1.730800 1.826307 1.091306 -2.083173
1776408937.625256 jaka_arm_right success 0.318502 -0.295937 -0.446167 0.525124 0.661398 0.460455 0.273457 -0.897621 -0.518018 -0.633562 -1.731333 1.826003 1.090691 -2.083022
1776408937.633526 jaka_arm_right success 0.318549 -0.295921 -0.446161 0.524570 0.661754 0.460302 0.273915 -0.897219 -0.518158 -0.633755 -1.730882 1.825088 1.090454 -2.083986
1776408937.641844 jaka_arm_right success 0.318561 -0.295744 -0.446127 0.525061 0.661254 0.460593 0.273693 -0.897367 -0.518431 -0.633674 -1.731427 1.825291 1.090426 -2.083446
1776408937.650227 jaka_arm_right success 0.318556 -0.295559 -0.446190 0.525855 0.660748 0.460704 0.273204 -0.897706 -0.518637 -0.633547 -1.732203 1.825905 1.090443 -2.082491
1776408937.658522 jaka_arm_right success 0.318789 -0.295808 -0.446385 0.524391 0.661621 0.460125 0.274877 -0.897196 -0.517650 -0.634077 -1.730267 1.825064 1.090279 -2.084854
1776408937.666945 jaka_arm_right success 0.318748 -0.295580 -0.446362 0.525928 0.661488 0.459957 0.272531 -0.895776 -0.517511 -0.633853 -1.733143 1.827810 1.087340 -2.082978
1776408937.675241 jaka_arm_right success 0.319008 -0.295777 -0.446477 0.525108 0.661922 0.459734 0.273430 -0.895283 -0.517214 -0.633723 -1.732500 1.827407 1.087530 -2.083723
1776408937.683510 jaka_arm_right success 0.319132 -0.295804 -0.446601 0.525031 0.662372 0.459525 0.272840 -0.895595 -0.517385 -0.634291 -1.732435 1.827157 1.086923 -2.084062
1776408937.691892 jaka_arm_right success 0.319211 -0.295927 -0.446676 0.524873 0.662707 0.459192 0.272893 -0.894587 -0.517087 -0.634513 -1.732047 1.827372 1.085565 -2.084889
1776408937.700269 jaka_arm_right success 0.319273 -0.295961 -0.446686 0.525259 0.662690 0.458969 0.272566 -0.893515 -0.517007 -0.634579 -1.732737 1.828440 1.083672 -2.084699
1776408937.708533 jaka_arm_right success 0.319566 -0.296118 -0.446823 0.524188 0.662982 0.459595 0.272861 -0.892872 -0.517133 -0.634249 -1.732470 1.827817 1.083908 -2.085175
1776408937.716842 jaka_arm_right success 0.319647 -0.296207 -0.446855 0.524428 0.663055 0.459125 0.273017 -0.892872 -0.517133 -0.634249 -1.732470 1.827817 1.083908 -2.085175
1776408937.725237 jaka_arm_right success 0.319613 -0.296104 -0.446834 0.525525 0.662560 0.459161 0.272045 -0.893372 -0.517240 -0.634547 -1.732868 1.828226 1.083554 -2.084692
1776408937.733537 jaka_arm_right success 0.319562 -0.296076 -0.446856 0.526189 0.662385 0.459027 0.271414 -0.891929 -0.516704 -0.634470 -1.733846 1.830101 1.080913 -2.083058
1776408937.741906 jaka_arm_right success 0.319494 -0.296000 -0.446890 0.527001 0.662067 0.459056 0.270564 -0.891945 -0.516692 -0.634100 -1.734657 1.830948 1.080940 -2.081857
1776408937.750285 jaka_arm_right success 0.319454 -0.295895 -0.446890 0.527782 0.661666 0.459406 0.269428 -0.891303 -0.516676 -0.634343 -1.735721 1.831181 1.079202 -2.080553
1776408937.758500 jaka_arm_right success 0.319613 -0.296000 -0.447005 0.527161 0.661758 0.459912 0.269555 -0.888854 -0.515551 -0.634282 -1.735429 1.829629 1.077084 -2.079111
1776408937.766853 jaka_arm_right success 0.319820 -0.296158 -0.447116 0.526732 0.661849 0.459852 0.270270 -0.888655 -0.515293 -0.634198 -1.735080 1.829565 1.077230 -2.079380
1776408937.775225 jaka_arm_right success 0.319825 -0.296251 -0.447209 0.526641 0.662426 0.459382 0.269830 -0.888992 -0.515194 -0.634701 -1.734871 1.829539 1.076777 -2.079641
1776408937.783462 jaka_arm_right success 0.319885 -0.296377 -0.447246 0.526238 0.663307 0.458912 0.269251 -0.887549 -0.514665 -0.635734 -1.734007 1.828904 1.073559 -2.079816
1776408937.791893 jaka_arm_right success 0.319880 -0.296305 -0.447248 0.526773 0.663449 0.458825 0.268004 -0.885885 -0.514108 -0.636036 -1.734672 1.829024 1.070618 -2.078051
1776408937.800198 jaka_arm_right success 0.320113 -0.296439 -0.447372 0.525958 0.664277 0.458793 0.267608 -0.883538 -0.513105 -0.636644 -1.733997 1.827779 1.067355 -2.077392
1776408937.808541 jaka_arm_right success 0.320223 -0.296503 -0.447424 0.525710 0.664656 0.458675 0.267354 -0.880619 -0.511226 -0.637173 -1.733546 1.827018 1.063143 -2.074807
1776408937.816874 jaka_arm_right success 0.320328 -0.296494 -0.447441 0.525746 0.664959 0.458693 0.266500 -0.880770 -0.511601 -0.637379 -1.733834 1.826808 1.062813 -2.074704
1776408937.825271 jaka_arm_right success 0.320318 -0.296319 -0.447438 0.526627 0.664875 0.458379 0.265505 -0.879668 -0.511195 -0.637741 -1.734430 1.827157 1.060317 -2.073128
1776408937.833718 jaka_arm_right success 0.320485 -0.296229 -0.447447 0.526528 0.664927 0.458235 0.265820 -0.879668 -0.511195 -0.637741 -1.734430 1.827157 1.060317 -2.073128
1776408937.841908 jaka_arm_right success 0.320567 -0.295943 -0.447436 0.527446 0.664601 0.457677 0.265777 -0.879892 -0.510431 -0.637602 -1.734385 1.828426 1.060467 -2.072494
1776408937.850211 jaka_arm_right success 0.320720 -0.295839 -0.447481 0.526910 0.664763 0.457522 0.266700 -0.879526 -0.510163 -0.637412 -1.733948 1.828318 1.060686 -2.072901
1776408937.858508 jaka_arm_right success 0.320737 -0.295726 -0.447539 0.526183 0.665590 0.456642 0.267580 -0.877813 -0.511436 -0.637089 -1.732705 1.831624 1.058599 -2.077058
1776408937.866937 jaka_arm_right success 0.320539 -0.295523 -0.447527 0.525719 0.666617 0.455897 0.267206 -0.875170 -0.510899 -0.637454 -1.736055 1.834672 1.055327 -2.082491
1776408937.875366 jaka_arm_right success 0.320380 -0.295201 -0.447460 0.526097 0.667261 0.454492 0.267249 -0.874402 -0.510741 -0.637456 -1.739076 1.838536 1.054364 -2.087216
1776408937.883514 jaka_arm_right success 0.320480 -0.294978 -0.447479 0.525035 0.667451 0.454469 0.268897 -0.876287 -0.511850 -0.637239 -1.740105 1.839571 1.058040 -2.093058
1776408937.891872 jaka_arm_right success 0.320428 -0.294645 -0.447457 0.524656 0.667975 0.454236 0.268728 -0.876287 -0.511850 -0.637239 -1.740105 1.839571 1.058040 -2.093058
1776408937.900232 jaka_arm_right success 0.320255 -0.294390 -0.447429 0.524037 0.669236 0.453251 0.268463 -0.872984 -0.511789 -0.637650 -1.742999 1.844013 1.053607 -2.099786
1776408937.908540 jaka_arm_right success 0.320528 -0.294398 -0.447616 0.521345 0.670648 0.452632 0.271209 -0.874376 -0.512459 -0.638040 -1.742022 1.842482 1.056973 -2.106356
1776408937.916852 jaka_arm_right success 0.320410 -0.294056 -0.447501 0.520887 0.672001 0.451653 0.270372 -0.872750 -0.512260 -0.638750 -1.743405 1.844757 1.054006 -2.110149
1776408937.925356 jaka_arm_right success 0.320405 -0.293697 -0.447429 0.519993 0.672999 0.451377 0.270072 -0.871713 -0.512297 -0.639511 -1.744365 1.844232 1.052271 -2.112691
1776408937.933642 jaka_arm_right success 0.320349 -0.293419 -0.447423 0.518493 0.675011 0.450215 0.269874 -0.868627 -0.510934 -0.640677 -1.745685 1.845619 1.047779 -2.117284
1776408937.941913 jaka_arm_right success 0.320690 -0.293306 -0.447582 0.515316 0.676732 0.449675 0.272535 -0.868112 -0.511723 -0.640932 -1.744707 1.844315 1.049037 -2.124044
1776408937.950227 jaka_arm_right success 0.320499 -0.292598 -0.447536 0.515682 0.677665 0.448881 0.270828 -0.866017 -0.511603 -0.641555 -1.747290 1.847854 1.044934 -2.127090
1776408937.958551 jaka_arm_right success 0.320348 -0.292061 -0.447432 0.514910 0.679180 0.448488 0.269148 -0.861395 -0.509497 -0.642857 -1.751794 1.848611 1.038259 -2.129650
1776408937.966930 jaka_arm_right success 0.320411 -0.291864 -0.447400 0.512553 0.681934 0.447230 0.268775 -0.858328 -0.508127 -0.644876 -1.751912 1.847744 1.033078 -2.134413
1776408937.975374 jaka_arm_right success 0.320665 -0.291361 -0.447498 0.510697 0.682518 0.447786 0.269897 -0.857386 -0.508748 -0.644840 -1.751288 1.845950 1.032977 -2.136074
1776408937.983556 jaka_arm_right success 0.320863 -0.291434 -0.447574 0.507254 0.685862 0.446320 0.270341 -0.853993 -0.508145 -0.646829 -1.750387 1.844384 1.027929 -2.142474
1776408937.991911 jaka_arm_right success 0.320592 -0.290791 -0.447407 0.507475 0.687099 0.446645 0.266218 -0.847542 -0.504858 -0.648665 -1.754929 1.843051 1.017527 -2.139617
1776408938.000180 jaka_arm_right success 0.320953 -0.290550 -0.447512 0.504907 0.688782 0.446518 0.266965 -0.846856 -0.505065 -0.649571 -1.753284 1.840734 1.016634 -2.142488
1776408938.016891 jaka_arm_right success 0.320916 -0.290237 -0.447555 0.503218 0.690871 0.446228 0.265235 -0.841782 -0.503499 -0.651649 -1.753678 1.837867 1.008058 -2.142137
1776408938.025287 jaka_arm_right success 0.321096 -0.289549 -0.447524 0.499879 0.694524 0.445960 0.262444 -0.831210 -0.499165 -0.654769 -1.753965 1.832374 0.992444 -2.139952
1776408938.033573 jaka_arm_right success 0.321221 -0.289368 -0.447515 0.497290 0.697140 0.444618 0.262703 -0.830775 -0.499693 -0.656483 -1.752152 1.829360 0.990586 -2.143607
1776408938.041883 jaka_arm_right success 0.321401 -0.288790 -0.447624 0.495838 0.697753 0.445092 0.263017 -0.830257 -0.499618 -0.656434 -1.751542 1.828679 0.990625 -2.144484
1776408938.050185 jaka_arm_right success 0.321297 -0.288460 -0.447564 0.494191 0.700036 0.443152 0.263328 -0.827227 -0.498631 -0.657945 -1.750475 1.829370 0.985569 -2.149006
1776408938.058536 jaka_arm_right success 0.321139 -0.287946 -0.447505 0.493489 0.701416 0.441889 0.263094 -0.821652 -0.497277 -0.658409 -1.754991 1.834718 0.978664 -2.155842
1776408938.066868 jaka_arm_right success 0.321243 -0.287450 -0.447630 0.491880 0.702048 0.441807 0.264556 -0.824033 -0.497913 -0.658623 -1.755676 1.833763 0.982940 -2.161126
1776408938.075246 jaka_arm_right success 0.321185 -0.287121 -0.447613 0.490387 0.703480 0.440640 0.265466 -0.823699 -0.500115 -0.658656 -1.756627 1.838622 0.982537 -2.169786
1776408938.083508 jaka_arm_right success 0.321144 -0.286939 -0.447647 0.488421 0.705122 0.439577 0.266496 -0.823134 -0.499563 -0.659518 -1.756398 1.837660 0.982241 -2.174309
1776408938.091952 jaka_arm_right success 0.321083 -0.286432 -0.447652 0.487846 0.705757 0.438980 0.266853 -0.822475 -0.500601 -0.659459 -1.759448 1.841871 0.982184 -2.182186
1776408938.100331 jaka_arm_right success 0.321072 -0.286099 -0.447652 0.487122 0.706272 0.438540 0.267535 -0.823316 -0.500904 -0.659458 -1.762704 1.844995 0.984235 -2.188946
1776408938.108538 jaka_arm_right success 0.320968 -0.286016 -0.447583 0.485868 0.708113 0.436635 0.268063 -0.819195 -0.500671 -0.659856 -1.764480 1.850126 0.979290 -2.196452
1776408938.116832 jaka_arm_right success 0.320950 -0.285491 -0.447627 0.485659 0.708489 0.436421 0.267797 -0.819347 -0.500949 -0.660299 -1.764537 1.849647 0.978879 -2.197139
1776408938.125256 jaka_arm_right success 0.321037 -0.285158 -0.447697 0.484760 0.708953 0.436265 0.268451 -0.820710 -0.501646 -0.660299 -1.768048 1.852221 0.981889 -2.204498
1776408938.133544 jaka_arm_right success 0.321196 -0.285243 -0.447730 0.482282 0.710928 0.434861 0.269966 -0.820227 -0.501007 -0.661391 -1.765711 1.850610 0.981114 -2.207715
1776408938.141835 jaka_arm_right success 0.321040 -0.284890 -0.447678 0.482465 0.711447 0.434089 0.269513 -0.816716 -0.502222 -0.660917 -1.768262 1.857043 0.976872 -2.212965
1776408938.150181 jaka_arm_right success 0.320959 -0.284481 -0.447643 0.482496 0.711961 0.433332 0.269320 -0.816091 -0.500451 -0.661617 -1.774566 1.861422 0.976803 -2.220690
1776408938.158516 jaka_arm_right success 0.320938 -0.283995 -0.447755 0.482846 0.711507 0.433248 0.270026 -0.817584 -0.503432 -0.660516 -1.774895 1.864541 0.979783 -2.224345
1776408938.167076 jaka_arm_right success 0.321084 -0.283912 -0.447836 0.481065 0.712507 0.432989 0.270983 -0.817090 -0.503336 -0.660878 -1.773761 1.863362 0.979564 -2.226147
1776408938.175326 jaka_arm_right success 0.320908 -0.283758 -0.447740 0.480628 0.713834 0.431425 0.270759 -0.814356 -0.503222 -0.661283 -1.776639 1.868987 0.976292 -2.233397
1776408938.183503 jaka_arm_right success 0.320877 -0.283474 -0.447741 0.480485 0.714130 0.431059 0.270815 -0.814565 -0.503243 -0.661719 -1.776616 1.868784 0.976013 -2.234124
1776408938.191936 jaka_arm_right success 0.320854 -0.283263 -0.447734 0.480267 0.714543 0.430786 0.270548 -0.814705 -0.503305 -0.662120 -1.776693 1.868714 0.975634 -2.234785
1776408938.200231 jaka_arm_right success 0.321056 -0.283134 -0.447839 0.478727 0.715258 0.430571 0.271726 -0.814333 -0.503738 -0.662151 -1.777011 1.869199 0.976446 -2.239275
1776408938.208538 jaka_arm_right success 0.321043 -0.282971 -0.447829 0.478188 0.715861 0.430060 0.271897 -0.813887 -0.504085 -0.662395 -1.778161 1.871343 0.976114 -2.243381
1776408938.216885 jaka_arm_right success 0.321068 -0.282933 -0.447854 0.477003 0.717088 0.429089 0.272280 -0.812009 -0.504327 -0.662872 -1.779947 1.873740 0.974204 -2.249181
1776408938.225275 jaka_arm_right success 0.320945 -0.282574 -0.447800 0.477724 0.717041 0.428857 0.271504 -0.812503 -0.504320 -0.663146 -1.780286 1.874210 0.973949 -2.248743
1776408938.234612 jaka_arm_right success 0.320945 -0.282293 -0.447793 0.477515 0.717551 0.428389 0.271262 -0.810071 -0.504282 -0.663033 -1.783396 1.878388 0.971348 -2.252468
1776408938.241888 jaka_arm_right success 0.321066 -0.282082 -0.447906 0.476741 0.717797 0.427995 0.272592 -0.811153 -0.504942 -0.662948 -1.784109 1.879695 0.974129 -2.257613
1776408938.250272 jaka_arm_right success 0.321160 -0.282001 -0.447876 0.475380 0.719112 0.427359 0.272500 -0.810666 -0.505081 -0.663725 -1.783620 1.879222 0.972939 -2.259802
1776408938.258499 jaka_arm_right success 0.320973 -0.281735 -0.447871 0.475629 0.719930 0.425666 0.272556 -0.805884 -0.505522 -0.663263 -1.787798 1.889584 0.968157 -2.268786
1776408938.266912 jaka_arm_right success 0.321092 -0.281547 -0.447865 0.474439 0.720782 0.425455 0.272708 -0.805935 -0.505838 -0.664111 -1.787417 1.888272 0.967463 -2.270452
1776408938.275230 jaka_arm_right success 0.320993 -0.281126 -0.447882 0.474552 0.721157 0.425168 0.271967 -0.805409 -0.503968 -0.664905 -1.792288 1.889616 0.967112 -2.273969
1776408938.283513 jaka_arm_right success 0.321108 -0.280960 -0.447896 0.473247 0.722480 0.423898 0.272709 -0.803976 -0.504358 -0.665272 -1.791560 1.892115 0.965656 -2.278729
1776408938.291993 jaka_arm_right success 0.321099 -0.280677 -0.447944 0.472114 0.723661 0.423101 0.272780 -0.801190 -0.504829 -0.665236 -1.793912 1.895846 0.963543 -2.284873
1776408938.300580 jaka_arm_right success 0.321143 -0.280182 -0.447987 0.471886 0.723872 0.423467 0.272045 -0.801534 -0.505293 -0.665664 -1.794230 1.895604 0.963003 -2.284946
1776408938.308564 jaka_arm_right success 0.321278 -0.280168 -0.447973 0.469258 0.726343 0.422368 0.271714 -0.796519 -0.503865 -0.667511 -1.795108 1.895241 0.956081 -2.289940
1776408938.316900 jaka_arm_right success 0.321293 -0.279941 -0.448027 0.467654 0.727858 0.422011 0.270980 -0.794999 -0.503559 -0.668923 -1.795254 1.893914 0.952962 -2.292368
1776408938.325321 jaka_arm_right success 0.321354 -0.279561 -0.448101 0.466498 0.729010 0.421729 0.270312 -0.793307 -0.503521 -0.669898 -1.795510 1.893414 0.949752 -2.293852
1776408938.334341 jaka_arm_right success 0.321526 -0.279361 -0.448137 0.464195 0.730848 0.421139 0.270232 -0.790448 -0.502807 -0.671007 -1.794830 1.892489 0.945787 -2.296539
1776408938.341889 jaka_arm_right success 0.321299 -0.278834 -0.448122 0.463917 0.732119 0.420458 0.268324 -0.784768 -0.501170 -0.671917 -1.797324 1.894665 0.937431 -2.297000
1776408938.350242 jaka_arm_right success 0.321506 -0.278627 -0.448181 0.461662 0.733614 0.419629 0.269427 -0.784205 -0.500925 -0.672931 -1.795337 1.892782 0.936667 -2.300109
1776408938.358512 jaka_arm_right success 0.321491 -0.278184 -0.448226 0.460620 0.734492 0.418683 0.270286 -0.782385 -0.501342 -0.673325 -1.797214 1.897114 0.935385 -2.307508
1776408938.366871 jaka_arm_right success 0.321489 -0.277875 -0.448232 0.459137 0.736057 0.417566 0.270282 -0.781047 -0.501286 -0.674139 -1.797951 1.897864 0.933638 -2.311448
1776408938.375185 jaka_arm_right success 0.321347 -0.277441 -0.448186 0.458587 0.737233 0.415862 0.270637 -0.775504 -0.502075 -0.674069 -1.805004 1.910943 0.929585 -2.326505
1776408938.383491 jaka_arm_right success 0.321370 -0.276991 -0.448246 0.457618 0.737846 0.415309 0.271455 -0.778351 -0.501479 -0.675023 -1.807326 1.909877 0.933970 -2.331582
1776408938.391928 jaka_arm_right success 0.321326 -0.276525 -0.448346 0.457280 0.738675 0.413461 0.272588 -0.777746 -0.506068 -0.674241 -1.807867 1.920155 0.934640 -2.341773
1776408938.400420 jaka_arm_right success 0.321521 -0.276194 -0.448455 0.455652 0.739407 0.412717 0.274451 -0.780643 -0.505577 -0.674981 -1.811660 1.921084 0.940875 -2.350931
1776408938.408589 jaka_arm_right success 0.321367 -0.275698 -0.448469 0.455778 0.740470 0.411289 0.273518 -0.776915 -0.506858 -0.675100 -1.812348 1.927831 0.935804 -2.355106
1776408938.416870 jaka_arm_right success 0.321309 -0.275385 -0.448512 0.454671 0.741589 0.410014 0.274242 -0.775236 -0.506640 -0.676156 -1.817230 1.934035 0.935517 -2.366246
1776408938.425435 jaka_arm_right success 0.321443 -0.275090 -0.448565 0.453591 0.742265 0.409299 0.275266 -0.775144 -0.507490 -0.675996 -1.817805 1.935921 0.937160 -2.370993
1776408938.433556 jaka_arm_right success 0.321391 -0.274849 -0.448572 0.452712 0.743618 0.408307 0.274534 -0.772024 -0.507692 -0.676980 -1.819761 1.939890 0.932952 -2.376261
1776408938.441929 jaka_arm_right success 0.321492 -0.274744 -0.448586 0.450998 0.744744 0.407739 0.275150 -0.771581 -0.507682 -0.677572 -1.818598 1.938590 0.932534 -2.378334
1776408938.450224 jaka_arm_right success 0.321494 -0.274562 -0.448565 0.449567 0.746053 0.407353 0.274514 -0.768492 -0.506848 -0.678826 -1.820682 1.939337 0.928668 -2.382774
1776408938.458635 jaka_arm_right success 0.321476 -0.274271 -0.448652 0.449010 0.746456 0.407165 0.274610 -0.768492 -0.506848 -0.678826 -1.820682 1.939337 0.928668 -2.382774
1776408938.467031 jaka_arm_right success 0.321650 -0.274231 -0.448707 0.447129 0.747656 0.406967 0.274707 -0.767987 -0.507426 -0.679911 -1.819685 1.937510 0.927374 -2.385551
1776408938.475200 jaka_arm_right success 0.321687 -0.274058 -0.448735 0.446466 0.748444 0.406154 0.274842 -0.764479 -0.507309 -0.680268 -1.820854 1.941456 0.923730 -2.389935
1776408938.483489 jaka_arm_right success 0.321622 -0.273869 -0.448715 0.446038 0.749151 0.405685 0.274303 -0.763975 -0.506869 -0.681085 -1.822036 1.942054 0.922465 -2.391738
1776408938.492019 jaka_arm_right success 0.321679 -0.273641 -0.448801 0.445549 0.749520 0.405495 0.274372 -0.763748 -0.506868 -0.681115 -1.821760 1.941744 0.922444 -2.392242
1776408938.500264 jaka_arm_right success 0.321855 -0.273583 -0.448901 0.444372 0.749952 0.405116 0.275658 -0.763243 -0.507433 -0.681175 -1.821514 1.942654 0.923141 -2.396085
1776408938.508518 jaka_arm_right success 0.321795 -0.273427 -0.448893 0.444676 0.750160 0.404479 0.275535 -0.762960 -0.508032 -0.681263 -1.822816 1.945576 0.922998 -2.398632
1776408938.516974 jaka_arm_right success 0.321606 -0.273132 -0.448809 0.445625 0.750628 0.403702 0.273862 -0.758805 -0.507274 -0.681586 -1.826445 1.952490 0.918099 -2.402315
1776408938.525258 jaka_arm_right success 0.321646 -0.273005 -0.448882 0.445591 0.750623 0.403628 0.274041 -0.758989 -0.507433 -0.681748 -1.826682 1.952483 0.917973 -2.402402
1776408938.533553 jaka_arm_right success 0.321602 -0.272939 -0.448871 0.445583 0.750925 0.403377 0.273597 -0.759149 -0.507412 -0.681940 -1.826679 1.952538 0.917824 -2.402473
1776408938.541856 jaka_arm_right success 0.321578 -0.272885 -0.448827 0.445793 0.751018 0.403329 0.273069 -0.758649 -0.507167 -0.682335 -1.828407 1.953912 0.916900 -2.403685
1776408938.550191 jaka_arm_right success 0.321579 -0.272884 -0.448809 0.445740 0.751115 0.403398 0.272788 -0.758649 -0.507167 -0.682335 -1.828407 1.953912 0.916900 -2.403685
1776408938.558572 jaka_arm_right success 0.321592 -0.272893 -0.448808 0.445658 0.751153 0.403512 0.272647 -0.758649 -0.507167 -0.682335 -1.828407 1.953912 0.916900 -2.403685
1776408938.566900 jaka_arm_right success 0.321596 -0.272878 -0.448800 0.445939 0.750915 0.403812 0.272401 -0.758649 -0.507167 -0.682335 -1.828407 1.953912 0.916900 -2.403685
1776408938.575217 jaka_arm_right success 0.321657 -0.272981 -0.448803 0.445569 0.751139 0.403955 0.272175 -0.758687 -0.507672 -0.682382 -1.828852 1.953662 0.916613 -2.403592
1776408938.583544 jaka_arm_right success 0.321670 -0.273073 -0.448770 0.445456 0.751327 0.403981 0.271802 -0.758762 -0.507913 -0.682519 -1.829054 1.953523 0.916351 -2.403603
1776408938.591933 jaka_arm_right success 0.321753 -0.273100 -0.448849 0.445439 0.750920 0.404439 0.272273 -0.758423 -0.507968 -0.682191 -1.829095 1.953367 0.916582 -2.403589
1776408938.600284 jaka_arm_right success 0.321863 -0.273198 -0.448888 0.444818 0.750957 0.404797 0.272653 -0.757998 -0.508104 -0.681890 -1.829046 1.952984 0.916773 -2.403794
1776408938.608512 jaka_arm_right success 0.321906 -0.273255 -0.448915 0.444642 0.750938 0.405047 0.272621 -0.757756 -0.508354 -0.681750 -1.829137 1.952604 0.916772 -2.403921
1776408938.616880 jaka_arm_right success 0.321940 -0.273270 -0.448932 0.444610 0.750916 0.405074 0.272694 -0.757756 -0.508354 -0.681750 -1.829137 1.952604 0.916772 -2.403921
1776408938.625325 jaka_arm_right success 0.321938 -0.273325 -0.448904 0.444546 0.750873 0.404696 0.273478 -0.757502 -0.508052 -0.681600 -1.828778 1.952538 0.917036 -2.404155
1776408938.634164 jaka_arm_right success 0.321921 -0.273311 -0.448901 0.444619 0.750769 0.404609 0.273771 -0.757502 -0.508052 -0.681600 -1.828778 1.952538 0.917036 -2.404155
1776408938.641984 jaka_arm_right success 0.321756 -0.273146 -0.448866 0.445547 0.750640 0.404576 0.272665 -0.757985 -0.507964 -0.681853 -1.829066 1.953012 0.916830 -2.403675
1776408938.650194 jaka_arm_right success 0.321716 -0.273127 -0.448833 0.445575 0.750785 0.404309 0.272616 -0.757985 -0.507964 -0.681853 -1.829066 1.953012 0.916830 -2.403675
1776408938.658688 jaka_arm_right success 0.321685 -0.273109 -0.448781 0.445629 0.750975 0.403808 0.272745 -0.758296 -0.507504 -0.682141 -1.828833 1.953435 0.916756 -2.403635
1776408938.667064 jaka_arm_right success 0.321660 -0.273066 -0.448781 0.445549 0.751087 0.403536 0.272971 -0.758296 -0.507504 -0.682141 -1.828833 1.953435 0.916756 -2.403635
1776408938.675234 jaka_arm_right success 0.321576 -0.272859 -0.448809 0.446070 0.750826 0.403554 0.272811 -0.758485 -0.507086 -0.682197 -1.828748 1.953938 0.916861 -2.403406
1776408938.683568 jaka_arm_right success 0.321650 -0.272899 -0.448863 0.444767 0.751379 0.403470 0.273539 -0.757914 -0.507036 -0.682068 -1.828157 1.953268 0.917031 -2.404307
1776408938.691908 jaka_arm_right success 0.321687 -0.272954 -0.448880 0.443769 0.751907 0.403102 0.274252 -0.757578 -0.506944 -0.682603 -1.827073 1.952214 0.916719 -2.406096
1776408938.701762 jaka_arm_right success 0.321660 -0.272921 -0.448883 0.443184 0.752255 0.402864 0.274593 -0.757662 -0.507058 -0.683224 -1.826642 1.951610 0.916277 -2.407323
1776408938.708528 jaka_arm_right success 0.321548 -0.272749 -0.448908 0.443389 0.752157 0.402761 0.274682 -0.758484 -0.507444 -0.683015 -1.829437 1.954183 0.919121 -2.411447
1776408938.716858 jaka_arm_right success 0.321541 -0.272644 -0.448912 0.443108 0.752186 0.402395 0.275590 -0.758249 -0.507160 -0.682844 -1.829110 1.954201 0.919411 -2.411656
1776408938.725266 jaka_arm_right success 0.321487 -0.272557 -0.448873 0.442919 0.752452 0.401912 0.275870 -0.759669 -0.509519 -0.682705 -1.830985 1.959605 0.922856 -2.418639
1776408938.734450 jaka_arm_right success 0.321367 -0.272465 -0.448813 0.442578 0.752935 0.401561 0.275614 -0.759669 -0.509519 -0.682705 -1.830985 1.959605 0.922856 -2.418639
1776408938.741874 jaka_arm_right success 0.321280 -0.272285 -0.448833 0.442715 0.752898 0.401352 0.275799 -0.759659 -0.509538 -0.683184 -1.830683 1.959228 0.922456 -2.419600
1776408938.750229 jaka_arm_right success 0.321373 -0.272264 -0.448906 0.441637 0.753183 0.400882 0.277426 -0.760338 -0.510243 -0.683236 -1.832237 1.960932 0.925432 -2.425214
1776408938.758507 jaka_arm_right success 0.321070 -0.271864 -0.448868 0.443134 0.752790 0.400650 0.276440 -0.760412 -0.510397 -0.682999 -1.834419 1.964955 0.925458 -2.425750
1776408938.766868 jaka_arm_right success 0.321159 -0.271705 -0.448964 0.442164 0.752729 0.401091 0.277517 -0.760601 -0.511057 -0.682706 -1.834535 1.964344 0.927193 -2.427904
1776408938.775213 jaka_arm_right success 0.321023 -0.271789 -0.448809 0.441505 0.753574 0.399879 0.278022 -0.761008 -0.511202 -0.683498 -1.835887 1.967320 0.928334 -2.433304
1776408938.783478 jaka_arm_right success 0.320875 -0.271632 -0.448793 0.441657 0.753518 0.399326 0.278727 -0.761447 -0.511732 -0.683243 -1.837017 1.969170 0.930250 -2.436072
1776408938.791822 jaka_arm_right success 0.320801 -0.271515 -0.448764 0.441574 0.753427 0.398842 0.279794 -0.763372 -0.513128 -0.682950 -1.838835 1.972418 0.934557 -2.441018
1776408938.800372 jaka_arm_right success 0.320728 -0.271363 -0.448791 0.441710 0.752983 0.398670 0.281019 -0.765163 -0.514156 -0.682569 -1.839559 1.974363 0.938575 -2.444608
1776408938.808510 jaka_arm_right success 0.320561 -0.271229 -0.448760 0.441828 0.752866 0.398519 0.281360 -0.766320 -0.515338 -0.682151 -1.840983 1.976154 0.941699 -2.447926
1776408938.816809 jaka_arm_right success 0.320465 -0.271211 -0.448774 0.441371 0.752851 0.398214 0.282547 -0.768415 -0.516371 -0.682021 -1.842094 1.977877 0.945692 -2.451633
1776408938.825244 jaka_arm_right success 0.320407 -0.271212 -0.448771 0.441229 0.752440 0.397927 0.284263 -0.771834 -0.518233 -0.681564 -1.842731 1.979615 0.952144 -2.456453
1776408938.833566 jaka_arm_right success 0.320186 -0.271049 -0.448768 0.442198 0.751597 0.397859 0.285082 -0.774841 -0.520321 -0.680325 -1.844393 1.982825 0.958382 -2.459643
1776408938.841851 jaka_arm_right success 0.320033 -0.271036 -0.448683 0.442823 0.750929 0.397557 0.286288 -0.776184 -0.520729 -0.679720 -1.845241 1.984533 0.961631 -2.461372
1776408938.850212 jaka_arm_right success 0.320024 -0.271204 -0.448625 0.442358 0.750646 0.397767 0.287456 -0.778691 -0.521673 -0.679343 -1.846020 1.984219 0.966435 -2.463990
1776408938.858552 jaka_arm_right success 0.319750 -0.271134 -0.448535 0.443660 0.749677 0.398532 0.286918 -0.778974 -0.522074 -0.678847 -1.847219 1.984904 0.966638 -2.462513
1776408938.866944 jaka_arm_right success 0.319645 -0.271264 -0.448497 0.444032 0.749001 0.399262 0.287095 -0.778532 -0.522083 -0.678069 -1.847525 1.985002 0.967308 -2.461953
1776408938.875262 jaka_arm_right success 0.319515 -0.271639 -0.448278 0.444553 0.748767 0.399860 0.286062 -0.778909 -0.522473 -0.677782 -1.848670 1.985381 0.967357 -2.460627
1776408938.883599 jaka_arm_right success 0.319685 -0.272147 -0.448212 0.443501 0.748678 0.400627 0.286856 -0.781601 -0.519242 -0.678667 -1.848647 1.977291 0.970160 -2.457396
1776408938.892018 jaka_arm_right success 0.319474 -0.272200 -0.448139 0.445993 0.747081 0.401384 0.286095 -0.782694 -0.519684 -0.677385 -1.848442 1.978060 0.970976 -2.452329
1776408938.900273 jaka_arm_right success 0.319362 -0.272621 -0.447990 0.447149 0.746262 0.402081 0.285450 -0.783709 -0.518366 -0.677115 -1.847456 1.974819 0.970798 -2.446325
1776408938.908581 jaka_arm_right success 0.319293 -0.272976 -0.447806 0.448590 0.745112 0.402724 0.285287 -0.783886 -0.518072 -0.676263 -1.848259 1.975845 0.971579 -2.444312
1776408938.916867 jaka_arm_right success 0.319299 -0.273456 -0.447697 0.449613 0.743841 0.403452 0.285964 -0.787695 -0.517060 -0.675543 -1.846737 1.971114 0.976012 -2.438574
1776408938.925277 jaka_arm_right success 0.319035 -0.273856 -0.447480 0.452106 0.742309 0.402986 0.286669 -0.788004 -0.515408 -0.674643 -1.846790 1.973446 0.977462 -2.436599
1776408938.933548 jaka_arm_right success 0.318809 -0.274467 -0.447181 0.453692 0.741478 0.402313 0.287260 -0.788478 -0.514735 -0.673833 -1.847467 1.975181 0.978642 -2.434715
1776408938.941948 jaka_arm_right success 0.318634 -0.274916 -0.447015 0.455575 0.739649 0.402466 0.288778 -0.795208 -0.516097 -0.672592 -1.847781 1.975757 0.988881 -2.435182
1776408938.950189 jaka_arm_right success 0.318174 -0.275185 -0.446783 0.459115 0.736987 0.402149 0.290412 -0.803341 -0.519448 -0.670343 -1.849563 1.980775 1.001548 -2.436645
1776408938.958508 jaka_arm_right success 0.317699 -0.275673 -0.446438 0.461821 0.735302 0.401112 0.291824 -0.807794 -0.520992 -0.668984 -1.853552 1.987650 1.010533 -2.442290
1776408938.966994 jaka_arm_right success 0.317397 -0.276347 -0.446213 0.463238 0.733096 0.400366 0.296122 -0.815196 -0.523190 -0.666377 -1.855583 1.990667 1.025886 -2.447414
1776408938.975273 jaka_arm_right success 0.317004 -0.276933 -0.445959 0.465583 0.730561 0.400197 0.298924 -0.823634 -0.526724 -0.664132 -1.857657 1.994416 1.040837 -2.452260
1776408938.983485 jaka_arm_right success 0.316330 -0.277455 -0.445665 0.468850 0.727729 0.399824 0.301216 -0.831158 -0.529265 -0.661620 -1.861291 1.999429 1.054633 -2.455738
1776408938.991969 jaka_arm_right success 0.315796 -0.278249 -0.445402 0.471199 0.724822 0.399674 0.304738 -0.839610 -0.531763 -0.658981 -1.863184 2.001591 1.070215 -2.458783
1776408939.000464 jaka_arm_right success 0.315206 -0.278929 -0.445174 0.474094 0.721629 0.399891 0.307527 -0.848115 -0.534771 -0.656015 -1.864734 2.003866 1.085157 -2.459841
1776408939.016920 jaka_arm_right success 0.314766 -0.279677 -0.444969 0.477159 0.718173 0.400081 0.310615 -0.857181 -0.538397 -0.652755 -1.865507 2.006052 1.100872 -2.460529
1776408939.025265 jaka_arm_right success 0.313986 -0.281274 -0.445041 0.482042 0.710722 0.401117 0.318769 -0.879479 -0.547287 -0.646035 -1.862769 2.004201 1.137575 -2.459947
1776408939.033528 jaka_arm_right success 0.313544 -0.282347 -0.445020 0.484889 0.707418 0.400395 0.322686 -0.889103 -0.554523 -0.641685 -1.859973 2.009635 1.154198 -2.462334
1776408939.041937 jaka_arm_right success 0.313481 -0.283350 -0.445082 0.487074 0.704852 0.399243 0.326415 -0.895690 -0.557557 -0.638797 -1.859795 2.013518 1.166713 -2.465088
1776408939.050250 jaka_arm_right success 0.313145 -0.283933 -0.445206 0.492492 0.700798 0.396702 0.330094 -0.906619 -0.566920 -0.632799 -1.863221 2.028349 1.188177 -2.474536
1776408939.058585 jaka_arm_right success 0.313135 -0.284575 -0.445329 0.496666 0.698014 0.393518 0.333533 -0.912581 -0.574135 -0.627979 -1.867942 2.043832 1.203371 -2.486333
1776408939.066878 jaka_arm_right success 0.313174 -0.285210 -0.445445 0.501413 0.695374 0.390092 0.335958 -0.916548 -0.579301 -0.623432 -1.876151 2.061446 1.216549 -2.498759
1776408939.075200 jaka_arm_right success 0.313358 -0.285894 -0.445668 0.506278 0.692629 0.384978 0.340205 -0.922132 -0.586813 -0.617481 -1.884358 2.082532 1.235348 -2.515597
1776408939.083471 jaka_arm_right success 0.313399 -0.286110 -0.446004 0.512219 0.689575 0.380404 0.342652 -0.925931 -0.594154 -0.611650 -1.894564 2.104578 1.251109 -2.530723
1776408939.096076 jaka_arm_right success 0.313669 -0.286828 -0.446276 0.516169 0.688165 0.375118 0.345377 -0.927178 -0.599251 -0.607520 -1.903537 2.125309 1.263392 -2.547446
1776408939.100477 jaka_arm_right success 0.313910 -0.287570 -0.446536 0.519581 0.687284 0.369780 0.347762 -0.927614 -0.603689 -0.603910 -1.911935 2.144683 1.274072 -2.562935
