1776408821.308232 jaka_arm_right success 0.265575 -0.327063 -0.392831 0.411011 0.621452 0.579342 0.330498 0.960778 1.065915 -1.293517 -1.450359 -0.532522 0.888575 -0.584434
1776408821.316351 jaka_arm_right success 0.265607 -0.327046 -0.392867 0.410947 0.621539 0.579290 0.330507 0.960778 1.065915 -1.293517 -1.450359 -0.532522 0.888575 -0.584434
1776408821.324699 jaka_arm_right success 0.265585 -0.326902 -0.392909 0.411344 0.621467 0.579542 0.329708 0.960392 1.066090 -1.294040 -1.450165 -0.532476 0.888669 -0.583981
1776408821.333098 jaka_arm_right success 0.265622 -0.326822 -0.392944 0.411566 0.621230 0.579716 0.329571 0.960392 1.066090 -1.294040 -1.450165 -0.532476 0.888669 -0.583981
1776408821.341463 jaka_arm_right success 0.265724 -0.326750 -0.393018 0.411941 0.620618 0.579809 0.330090 0.960541 1.066743 -1.293973 -1.450085 -0.531812 0.888586 -0.583513
1776408821.349675 jaka_arm_right success 0.265619 -0.326641 -0.393050 0.412627 0.620611 0.579869 0.329139 0.960125 1.067078 -1.294403 -1.449752 -0.531627 0.888513 -0.582964
1776408821.358074 jaka_arm_right success 0.265634 -0.326534 -0.393078 0.413301 0.620523 0.579809 0.328565 0.959670 1.067371 -1.294832 -1.449381 -0.531480 0.888391 -0.582412
1776408821.366433 jaka_arm_right success 0.265650 -0.326515 -0.393110 0.413407 0.620728 0.579707 0.328225 0.959295 1.067332 -1.295268 -1.449173 -0.531599 0.888372 -0.582084
1776408821.374688 jaka_arm_right success 0.265694 -0.326555 -0.393138 0.413249 0.620921 0.579688 0.328091 0.959295 1.067332 -1.295268 -1.449173 -0.531599 0.888372 -0.582084
1776408821.383025 jaka_arm_right success 0.265720 -0.326565 -0.393172 0.413336 0.621085 0.579695 0.327660 0.959870 1.065129 -1.296231 -1.449371 -0.531702 0.887934 -0.579946
1776408821.391387 jaka_arm_right success 0.265758 -0.326538 -0.393187 0.413319 0.621091 0.579873 0.327354 0.959870 1.065129 -1.296231 -1.449371 -0.531702 0.887934 -0.579946
1776408821.399719 jaka_arm_right success 0.265789 -0.326552 -0.393200 0.413166 0.621254 0.579917 0.327161 0.959870 1.065129 -1.296231 -1.449371 -0.531702 0.887934 -0.579946
1776408821.408077 jaka_arm_right success 0.265830 -0.326559 -0.393217 0.413009 0.621369 0.579979 0.327030 0.959665 1.064653 -1.296866 -1.449536 -0.532146 0.888299 -0.579833
1776408821.416394 jaka_arm_right success 0.265864 -0.326576 -0.393226 0.412869 0.621510 0.579959 0.326972 0.959665 1.064653 -1.296866 -1.449536 -0.532146 0.888299 -0.579833
1776408821.424688 jaka_arm_right success 0.265888 -0.326580 -0.393240 0.412715 0.621589 0.579970 0.326999 0.959665 1.064653 -1.296866 -1.449536 -0.532146 0.888299 -0.579833
1776408821.433081 jaka_arm_right success 0.265891 -0.326613 -0.393243 0.412852 0.621576 0.579795 0.327161 0.959665 1.064653 -1.296866 -1.449536 -0.532146 0.888299 -0.579833
1776408821.441416 jaka_arm_right success 0.265807 -0.326546 -0.393231 0.413022 0.621688 0.579925 0.326502 0.959481 1.063895 -1.297547 -1.449534 -0.532470 0.888432 -0.579239
1776408821.449674 jaka_arm_right success 0.265768 -0.326534 -0.393224 0.413143 0.621680 0.579920 0.326374 0.959481 1.063895 -1.297547 -1.449534 -0.532470 0.888432 -0.579239
1776408821.458050 jaka_arm_right success 0.265734 -0.326536 -0.393217 0.413154 0.621671 0.579919 0.326378 0.959481 1.063895 -1.297547 -1.449534 -0.532470 0.888432 -0.579239
1776408821.466446 jaka_arm_right success 0.265694 -0.326543 -0.393215 0.413169 0.621605 0.579968 0.326399 0.959481 1.063895 -1.297547 -1.449534 -0.532470 0.888432 -0.579239
1776408821.474719 jaka_arm_right success 0.265728 -0.326654 -0.393218 0.412746 0.621681 0.579843 0.327011 0.959481 1.063895 -1.297547 -1.449534 -0.532470 0.888432 -0.579239
1776408821.483021 jaka_arm_right success 0.265799 -0.326821 -0.393230 0.411667 0.621982 0.579937 0.327632 0.960183 1.063351 -1.296965 -1.450077 -0.532696 0.888578 -0.579941
1776408821.491693 jaka_arm_right success 0.265602 -0.326779 -0.393181 0.412398 0.621895 0.579881 0.326976 0.959949 1.063454 -1.297034 -1.449792 -0.532612 0.888379 -0.579689
1776408821.499761 jaka_arm_right success 0.265532 -0.326724 -0.393146 0.412822 0.621437 0.580308 0.326554 0.959790 1.063847 -1.297317 -1.449630 -0.532208 0.888404 -0.579101
1776408821.508017 jaka_arm_right success 0.265422 -0.326808 -0.393153 0.413406 0.621309 0.580072 0.326478 0.959581 1.064054 -1.297362 -1.449341 -0.531998 0.888193 -0.578759
1776408821.516390 jaka_arm_right success 0.265347 -0.326763 -0.393139 0.413385 0.621132 0.580656 0.325802 0.959551 1.063190 -1.298103 -1.449457 -0.531450 0.888775 -0.577078
1776408821.524758 jaka_arm_right success 0.265560 -0.327113 -0.393201 0.411406 0.621414 0.581172 0.326847 0.960974 1.062117 -1.297113 -1.450506 -0.531668 0.889416 -0.578175
1776408821.533356 jaka_arm_right success 0.265584 -0.327205 -0.393220 0.411068 0.621327 0.581428 0.326981 0.961428 1.061504 -1.297061 -1.450414 -0.531372 0.890314 -0.577938
1776408821.541452 jaka_arm_right success 0.265583 -0.327237 -0.393229 0.411150 0.621261 0.581277 0.327273 0.961442 1.061543 -1.296709 -1.450145 -0.531272 0.890027 -0.578008
1776408821.549751 jaka_arm_right success 0.265672 -0.327421 -0.393234 0.410729 0.621199 0.581224 0.328014 0.962175 1.061761 -1.295838 -1.448451 -0.530936 0.892037 -0.579509
1776408821.558097 jaka_arm_right success 0.265711 -0.327435 -0.393242 0.410946 0.620869 0.581264 0.328294 0.962175 1.061761 -1.295838 -1.448451 -0.530936 0.892037 -0.579509
1776408821.566570 jaka_arm_right success 0.265667 -0.327545 -0.393232 0.411264 0.621089 0.580840 0.328231 0.961996 1.061946 -1.295487 -1.447961 -0.530804 0.891514 -0.579477
1776408821.574778 jaka_arm_right success 0.265723 -0.327644 -0.393260 0.411397 0.621062 0.580699 0.328364 0.961996 1.061946 -1.295487 -1.447961 -0.530804 0.891514 -0.579477
1776408821.583179 jaka_arm_right success 0.265729 -0.327724 -0.393275 0.411427 0.621192 0.580650 0.328169 0.961996 1.061946 -1.295487 -1.447961 -0.530804 0.891514 -0.579477
1776408821.591445 jaka_arm_right success 0.265715 -0.327786 -0.393297 0.411426 0.621175 0.580770 0.327988 0.961996 1.061946 -1.295487 -1.447961 -0.530804 0.891514 -0.579477
1776408821.599753 jaka_arm_right success 0.265726 -0.327800 -0.393306 0.411530 0.621136 0.580805 0.327870 0.961996 1.061946 -1.295487 -1.447961 -0.530804 0.891514 -0.579477
1776408821.608194 jaka_arm_right success 0.265698 -0.327710 -0.393272 0.412116 0.620539 0.581260 0.327457 0.961722 1.062498 -1.295743 -1.447610 -0.530341 0.891413 -0.578845
1776408821.616377 jaka_arm_right success 0.265677 -0.327703 -0.393260 0.412241 0.620427 0.581394 0.327275 0.961650 1.062768 -1.295941 -1.447520 -0.530067 0.891494 -0.578479
1776408821.624742 jaka_arm_right success 0.265653 -0.327685 -0.393254 0.412304 0.620279 0.581511 0.327269 0.961650 1.062768 -1.295941 -1.447520 -0.530067 0.891494 -0.578479
1776408821.633090 jaka_arm_right success 0.265626 -0.327701 -0.393247 0.412168 0.620316 0.581561 0.327280 0.961650 1.062768 -1.295941 -1.447520 -0.530067 0.891494 -0.578479
1776408821.641532 jaka_arm_right success 0.265617 -0.327740 -0.393239 0.412026 0.620419 0.581504 0.327365 0.961650 1.062768 -1.295941 -1.447520 -0.530067 0.891494 -0.578479
1776408821.649745 jaka_arm_right success 0.265594 -0.327717 -0.393218 0.412047 0.620355 0.581524 0.327423 0.961650 1.062768 -1.295941 -1.447520 -0.530067 0.891494 -0.578479
1776408821.658204 jaka_arm_right success 0.265586 -0.327695 -0.393221 0.411673 0.620342 0.581696 0.327614 0.962006 1.062684 -1.295872 -1.447865 -0.530003 0.891798 -0.578610
1776408821.666466 jaka_arm_right success 0.265508 -0.327706 -0.393178 0.411326 0.620509 0.582024 0.327153 0.962235 1.061911 -1.296152 -1.447666 -0.529786 0.893079 -0.578218
1776408821.674747 jaka_arm_right success 0.265480 -0.327697 -0.393172 0.411382 0.620448 0.582001 0.327238 0.962235 1.061911 -1.296152 -1.447666 -0.529786 0.893079 -0.578218
1776408821.683146 jaka_arm_right success 0.265450 -0.327680 -0.393163 0.411499 0.620353 0.582051 0.327181 0.962235 1.061911 -1.296152 -1.447666 -0.529786 0.893079 -0.578218
1776408821.691454 jaka_arm_right success 0.265402 -0.327672 -0.393163 0.411732 0.620112 0.581892 0.327628 0.962264 1.062246 -1.295763 -1.447350 -0.529424 0.892732 -0.578115
1776408821.699813 jaka_arm_right success 0.265451 -0.327709 -0.393203 0.411264 0.620153 0.581918 0.328092 0.962531 1.063120 -1.295063 -1.445810 -0.529273 0.895128 -0.580204
1776408821.708085 jaka_arm_right success 0.265411 -0.327667 -0.393182 0.411577 0.619994 0.582106 0.327664 0.962531 1.063120 -1.295063 -1.445810 -0.529273 0.895128 -0.580204
1776408821.716430 jaka_arm_right success 0.265416 -0.327700 -0.393203 0.411111 0.620235 0.582153 0.327711 0.962531 1.063120 -1.295063 -1.445810 -0.529273 0.895128 -0.580204
1776408821.724728 jaka_arm_right success 0.265388 -0.327713 -0.393164 0.411166 0.620495 0.582188 0.327087 0.962661 1.060790 -1.295557 -1.444214 -0.528959 0.896538 -0.578570
1776408821.733088 jaka_arm_right success 0.265391 -0.327711 -0.393150 0.411115 0.620599 0.582198 0.326934 0.962661 1.060790 -1.295557 -1.444214 -0.528959 0.896538 -0.578570
1776408821.741443 jaka_arm_right success 0.265405 -0.327664 -0.393138 0.411127 0.620588 0.582246 0.326855 0.962661 1.060790 -1.295557 -1.444214 -0.528959 0.896538 -0.578570
1776408821.749767 jaka_arm_right success 0.265456 -0.327692 -0.393164 0.410595 0.620748 0.582523 0.326726 0.962846 1.060580 -1.295790 -1.444557 -0.529095 0.896975 -0.578659
1776408821.758137 jaka_arm_right success 0.265549 -0.327741 -0.393195 0.409862 0.620983 0.582484 0.327271 0.964109 1.060082 -1.295666 -1.442793 -0.529291 0.898773 -0.579810
1776408821.766829 jaka_arm_right success 0.265515 -0.327643 -0.393147 0.410341 0.620887 0.582473 0.326871 0.963880 1.060269 -1.295845 -1.442556 -0.529187 0.898702 -0.579540
1776408821.774770 jaka_arm_right success 0.265537 -0.327652 -0.393158 0.410087 0.621028 0.582316 0.327201 0.963880 1.060269 -1.295845 -1.442556 -0.529187 0.898702 -0.579540
1776408821.783140 jaka_arm_right success 0.265485 -0.327734 -0.393161 0.409883 0.621542 0.581725 0.327533 0.963913 1.059678 -1.295429 -1.442483 -0.529740 0.898436 -0.580201
1776408821.791437 jaka_arm_right success 0.265488 -0.327737 -0.393169 0.409942 0.621599 0.581501 0.327747 0.963913 1.059678 -1.295429 -1.442483 -0.529740 0.898436 -0.580201
1776408821.799776 jaka_arm_right success 0.265465 -0.327724 -0.393174 0.409916 0.621622 0.581572 0.327609 0.963913 1.059678 -1.295429 -1.442483 -0.529740 0.898436 -0.580201
1776408821.808152 jaka_arm_right success 0.265462 -0.327731 -0.393191 0.409870 0.621688 0.581561 0.327562 0.963913 1.059678 -1.295429 -1.442483 -0.529740 0.898436 -0.580201
1776408821.816450 jaka_arm_right success 0.265484 -0.327702 -0.393215 0.409866 0.621620 0.581734 0.327390 0.963913 1.059678 -1.295429 -1.442483 -0.529740 0.898436 -0.580201
1776408821.824717 jaka_arm_right success 0.265506 -0.327760 -0.393259 0.409753 0.621704 0.581849 0.327167 0.963913 1.059678 -1.295429 -1.442483 -0.529740 0.898436 -0.580201
1776408821.833205 jaka_arm_right success 0.265518 -0.327779 -0.393270 0.409564 0.621802 0.582112 0.326749 0.963634 1.059320 -1.296161 -1.442608 -0.530171 0.898940 -0.580098
1776408821.841501 jaka_arm_right success 0.265568 -0.327698 -0.393267 0.409838 0.621601 0.582245 0.326552 0.963634 1.059320 -1.296161 -1.442608 -0.530171 0.898940 -0.580098
1776408821.849754 jaka_arm_right success 0.265581 -0.327730 -0.393267 0.409809 0.621806 0.582173 0.326324 0.963634 1.059320 -1.296161 -1.442608 -0.530171 0.898940 -0.580098
1776408821.858083 jaka_arm_right success 0.265626 -0.327866 -0.393291 0.409311 0.622170 0.582120 0.326351 0.963632 1.058044 -1.296747 -1.441439 -0.530179 0.899314 -0.578969
1776408821.866440 jaka_arm_right success 0.265633 -0.327915 -0.393280 0.409768 0.622172 0.581896 0.326173 0.963632 1.058044 -1.296747 -1.441439 -0.530179 0.899314 -0.578969
1776408821.874767 jaka_arm_right success 0.265652 -0.327979 -0.393289 0.409722 0.622291 0.581807 0.326163 0.963632 1.058044 -1.296747 -1.441439 -0.530179 0.899314 -0.578969
1776408821.883118 jaka_arm_right success 0.265656 -0.327952 -0.393279 0.410114 0.621984 0.581966 0.325973 0.963632 1.058044 -1.296747 -1.441439 -0.530179 0.899314 -0.578969
1776408821.891371 jaka_arm_right success 0.265638 -0.328068 -0.393313 0.409756 0.622391 0.581915 0.325738 0.963632 1.058044 -1.296747 -1.441439 -0.530179 0.899314 -0.578969
1776408821.899778 jaka_arm_right success 0.265659 -0.328081 -0.393331 0.410185 0.622227 0.581714 0.325870 0.963632 1.058044 -1.296747 -1.441439 -0.530179 0.899314 -0.578969
1776408821.908100 jaka_arm_right success 0.265653 -0.328185 -0.393353 0.410188 0.622233 0.581515 0.326211 0.963501 1.057989 -1.296457 -1.441062 -0.530205 0.898889 -0.579011
1776408821.916455 jaka_arm_right success 0.265635 -0.328097 -0.393330 0.410869 0.621545 0.581966 0.325860 0.963439 1.058542 -1.296596 -1.440865 -0.529653 0.898842 -0.578426
1776408821.924709 jaka_arm_right success 0.265599 -0.328244 -0.393361 0.410952 0.621532 0.581928 0.325849 0.963439 1.058542 -1.296596 -1.440865 -0.529653 0.898842 -0.578426
1776408821.933182 jaka_arm_right success 0.265426 -0.328189 -0.393352 0.412047 0.621118 0.582167 0.324826 0.962863 1.058869 -1.297388 -1.440092 -0.528768 0.898785 -0.576546
1776408821.941413 jaka_arm_right success 0.265311 -0.328213 -0.393312 0.412411 0.620962 0.582513 0.324040 0.963382 1.056629 -1.297424 -1.439560 -0.527460 0.899097 -0.573571
1776408821.949737 jaka_arm_right success 0.265264 -0.328346 -0.393292 0.412506 0.621142 0.582466 0.323659 0.963014 1.056216 -1.297817 -1.439453 -0.527915 0.899190 -0.573564
1776408821.958116 jaka_arm_right success 0.265137 -0.328263 -0.393239 0.413198 0.620408 0.583133 0.322983 0.962827 1.056862 -1.298306 -1.439326 -0.527294 0.899377 -0.572708
1776408821.966423 jaka_arm_right success 0.265117 -0.328401 -0.393267 0.412714 0.620524 0.583389 0.322915 0.963097 1.056201 -1.298592 -1.439579 -0.526968 0.900141 -0.571995
1776408821.974806 jaka_arm_right success 0.265155 -0.328456 -0.393293 0.411988 0.620366 0.583958 0.323118 0.963822 1.055640 -1.298252 -1.439920 -0.526661 0.900869 -0.572006
1776408821.983193 jaka_arm_right success 0.265153 -0.328558 -0.393322 0.411780 0.620268 0.584073 0.323363 0.963822 1.055640 -1.298252 -1.439920 -0.526661 0.900869 -0.572006
1776408821.991378 jaka_arm_right success 0.265092 -0.328521 -0.393312 0.411843 0.619842 0.584554 0.323231 0.964289 1.055611 -1.298207 -1.439800 -0.525849 0.902029 -0.571522
1776408821.999745 jaka_arm_right success 0.265022 -0.328620 -0.393329 0.411830 0.619931 0.584458 0.323249 0.964178 1.055583 -1.298136 -1.439602 -0.525868 0.901916 -0.571522
1776408822.016429 jaka_arm_right success 0.264844 -0.328766 -0.393272 0.411884 0.620548 0.584065 0.322707 0.963458 1.054136 -1.298258 -1.438825 -0.526528 0.902306 -0.571470
1776408822.024811 jaka_arm_right success 0.265015 -0.329050 -0.393317 0.410517 0.620663 0.583727 0.324832 0.964028 1.055833 -1.295910 -1.436831 -0.526435 0.905268 -0.575955
1776408822.033112 jaka_arm_right success 0.265054 -0.329137 -0.393360 0.410011 0.620709 0.584043 0.324815 0.966071 1.053705 -1.295447 -1.432898 -0.525469 0.909060 -0.575861
1776408822.041445 jaka_arm_right success 0.264972 -0.329160 -0.393352 0.410349 0.620746 0.583832 0.324697 0.966071 1.053705 -1.295447 -1.432898 -0.525469 0.909060 -0.575861
1776408822.049725 jaka_arm_right success 0.264887 -0.329162 -0.393356 0.411071 0.620557 0.583646 0.324479 0.965613 1.054094 -1.295511 -1.432309 -0.525271 0.908627 -0.575476
1776408822.058098 jaka_arm_right success 0.264855 -0.329184 -0.393373 0.411228 0.620584 0.583621 0.324274 0.965613 1.054094 -1.295511 -1.432309 -0.525271 0.908627 -0.575476
1776408822.066401 jaka_arm_right success 0.264867 -0.329225 -0.393408 0.411094 0.620663 0.583621 0.324291 0.965613 1.054094 -1.295511 -1.432309 -0.525271 0.908627 -0.575476
1776408822.074754 jaka_arm_right success 0.264874 -0.329236 -0.393440 0.411070 0.620681 0.583683 0.324178 0.965613 1.054094 -1.295511 -1.432309 -0.525271 0.908627 -0.575476
1776408822.083090 jaka_arm_right success 0.264887 -0.329275 -0.393476 0.410998 0.620768 0.583610 0.324234 0.965613 1.054094 -1.295511 -1.432309 -0.525271 0.908627 -0.575476
1776408822.091447 jaka_arm_right success 0.264898 -0.329288 -0.393510 0.410973 0.620809 0.583589 0.324225 0.965613 1.054094 -1.295511 -1.432309 -0.525271 0.908627 -0.575476
1776408822.099749 jaka_arm_right success 0.264897 -0.329281 -0.393542 0.411019 0.620870 0.583581 0.324063 0.965613 1.054094 -1.295511 -1.432309 -0.525271 0.908627 -0.575476
1776408822.108092 jaka_arm_right success 0.264907 -0.329286 -0.393573 0.411021 0.620926 0.583587 0.323943 0.965613 1.054094 -1.295511 -1.432309 -0.525271 0.908627 -0.575476
1776408822.116467 jaka_arm_right success 0.264931 -0.329299 -0.393600 0.410992 0.620980 0.583577 0.323895 0.965175 1.054026 -1.295847 -1.431997 -0.525499 0.908534 -0.575313
1776408822.124754 jaka_arm_right success 0.264863 -0.329218 -0.393611 0.411556 0.620994 0.583643 0.323031 0.964619 1.054177 -1.296446 -1.431640 -0.525533 0.908534 -0.574798
1776408822.133132 jaka_arm_right success 0.264989 -0.329298 -0.393654 0.411061 0.621155 0.583640 0.323357 0.964619 1.054177 -1.296446 -1.431640 -0.525533 0.908534 -0.574798
1776408822.141432 jaka_arm_right success 0.265006 -0.329312 -0.393681 0.411176 0.621265 0.583542 0.323176 0.964619 1.054177 -1.296446 -1.431640 -0.525533 0.908534 -0.574798
1776408822.149752 jaka_arm_right success 0.265044 -0.329401 -0.393702 0.411193 0.621622 0.583260 0.322975 0.964393 1.053512 -1.296695 -1.431623 -0.526192 0.908603 -0.575065
1776408822.158089 jaka_arm_right success 0.265064 -0.329412 -0.393733 0.411399 0.621639 0.583267 0.322669 0.964393 1.053512 -1.296695 -1.431623 -0.526192 0.908603 -0.575065
1776408822.166444 jaka_arm_right success 0.265082 -0.329438 -0.393770 0.411917 0.621536 0.583091 0.322525 0.964005 1.053654 -1.296931 -1.431218 -0.526134 0.908379 -0.574676
1776408822.174760 jaka_arm_right success 0.265238 -0.329561 -0.393833 0.411321 0.621878 0.582958 0.322866 0.964213 1.052817 -1.296870 -1.431177 -0.526565 0.908243 -0.574796
1776408822.183113 jaka_arm_right success 0.265263 -0.329480 -0.393921 0.411875 0.621467 0.583146 0.322611 0.964169 1.053196 -1.297021 -1.431019 -0.526171 0.908194 -0.574312
1776408822.191429 jaka_arm_right success 0.265346 -0.329458 -0.393989 0.412138 0.621366 0.583177 0.322414 0.964115 1.053377 -1.297163 -1.430886 -0.525967 0.908145 -0.573977
1776408822.199708 jaka_arm_right success 0.265388 -0.329428 -0.394058 0.412575 0.621232 0.583142 0.322177 0.963973 1.053546 -1.297305 -1.430666 -0.525807 0.908015 -0.573641
1776408822.208088 jaka_arm_right success 0.265442 -0.329488 -0.394122 0.412558 0.621433 0.583214 0.321682 0.964715 1.051924 -1.298223 -1.430415 -0.525868 0.907826 -0.571954
1776408822.216417 jaka_arm_right success 0.265480 -0.329502 -0.394171 0.412696 0.621465 0.583181 0.321502 0.964715 1.051924 -1.298223 -1.430415 -0.525868 0.907826 -0.571954
1776408822.224694 jaka_arm_right success 0.265533 -0.329513 -0.394222 0.412691 0.621495 0.583272 0.321285 0.964715 1.051924 -1.298223 -1.430415 -0.525868 0.907826 -0.571954
1776408822.233150 jaka_arm_right success 0.265555 -0.329532 -0.394260 0.412820 0.621579 0.583047 0.321365 0.964504 1.051921 -1.298306 -1.430126 -0.525892 0.907599 -0.571764
1776408822.241481 jaka_arm_right success 0.265560 -0.329521 -0.394285 0.412991 0.621582 0.583046 0.321141 0.964504 1.051921 -1.298306 -1.430126 -0.525892 0.907599 -0.571764
1776408822.249793 jaka_arm_right success 0.265577 -0.329542 -0.394322 0.412960 0.621675 0.582953 0.321171 0.965750 1.049722 -1.299171 -1.429475 -0.525989 0.906396 -0.569459
1776408822.258075 jaka_arm_right success 0.265582 -0.329522 -0.394368 0.412979 0.621604 0.583033 0.321137 0.965750 1.049722 -1.299171 -1.429475 -0.525989 0.906396 -0.569459
1776408822.266433 jaka_arm_right success 0.265569 -0.329509 -0.394410 0.412971 0.621594 0.583064 0.321110 0.965750 1.049722 -1.299171 -1.429475 -0.525989 0.906396 -0.569459
1776408822.274825 jaka_arm_right success 0.265526 -0.329497 -0.394459 0.413031 0.621576 0.583001 0.321183 0.965750 1.049722 -1.299171 -1.429475 -0.525989 0.906396 -0.569459
1776408822.283080 jaka_arm_right success 0.265483 -0.329470 -0.394499 0.413024 0.621510 0.583025 0.321277 0.965750 1.049722 -1.299171 -1.429475 -0.525989 0.906396 -0.569459
1776408822.291405 jaka_arm_right success 0.265418 -0.329429 -0.394533 0.413037 0.621435 0.583114 0.321244 0.965750 1.049722 -1.299171 -1.429475 -0.525989 0.906396 -0.569459
1776408822.299767 jaka_arm_right success 0.265315 -0.329403 -0.394554 0.413315 0.621465 0.582796 0.321405 0.966131 1.050341 -1.298331 -1.429135 -0.525310 0.905620 -0.569379
1776408822.308177 jaka_arm_right success 0.265261 -0.329397 -0.394625 0.412948 0.621455 0.582803 0.321881 0.966363 1.050033 -1.298335 -1.429473 -0.525581 0.905855 -0.569717
1776408822.316410 jaka_arm_right success 0.265159 -0.329325 -0.394684 0.412849 0.621379 0.583147 0.321534 0.966363 1.050033 -1.298335 -1.429473 -0.525581 0.905855 -0.569717
1776408822.324745 jaka_arm_right success 0.265051 -0.329335 -0.394695 0.412747 0.621687 0.582995 0.321345 0.966193 1.049721 -1.298970 -1.429733 -0.526028 0.906326 -0.569753
1776408822.333061 jaka_arm_right success 0.264971 -0.329295 -0.394765 0.412554 0.621520 0.583281 0.321397 0.966193 1.049721 -1.298970 -1.429733 -0.526028 0.906326 -0.569753
1776408822.341481 jaka_arm_right success 0.264802 -0.329245 -0.394793 0.412852 0.621184 0.583509 0.321248 0.966272 1.050177 -1.299206 -1.429836 -0.525621 0.906556 -0.569374
1776408822.349770 jaka_arm_right success 0.264684 -0.329201 -0.394864 0.412800 0.621039 0.583714 0.321225 0.966272 1.050177 -1.299206 -1.429836 -0.525621 0.906556 -0.569374
1776408822.358062 jaka_arm_right success 0.264640 -0.329198 -0.394933 0.412462 0.620962 0.583994 0.321296 0.966590 1.050302 -1.299320 -1.430224 -0.525453 0.906974 -0.569367
1776408822.366465 jaka_arm_right success 0.264565 -0.329207 -0.394975 0.412311 0.620963 0.584125 0.321253 0.966590 1.050302 -1.299320 -1.430224 -0.525453 0.906974 -0.569367
1776408822.374748 jaka_arm_right success 0.264499 -0.329130 -0.395007 0.412382 0.620656 0.584500 0.321073 0.966486 1.051917 -1.299861 -1.429626 -0.525073 0.908755 -0.570133
1776408822.383239 jaka_arm_right success 0.264455 -0.329155 -0.395062 0.411987 0.620855 0.584513 0.321169 0.966573 1.051481 -1.299676 -1.429593 -0.525486 0.908906 -0.570695
1776408822.391446 jaka_arm_right success 0.264403 -0.329009 -0.395139 0.412238 0.620576 0.584741 0.320971 0.966606 1.052088 -1.299948 -1.429201 -0.525051 0.909523 -0.570503
1776408822.399780 jaka_arm_right success 0.264303 -0.328924 -0.395192 0.412370 0.620473 0.584881 0.320747 0.966443 1.052325 -1.300274 -1.429037 -0.524915 0.909759 -0.570237
1776408822.408122 jaka_arm_right success 0.264268 -0.328904 -0.395248 0.412303 0.620437 0.584894 0.320878 0.966443 1.052325 -1.300274 -1.429037 -0.524915 0.909759 -0.570237
1776408822.416386 jaka_arm_right success 0.264222 -0.328897 -0.395271 0.412292 0.620657 0.584725 0.320776 0.966443 1.052325 -1.300274 -1.429037 -0.524915 0.909759 -0.570237
1776408822.424757 jaka_arm_right success 0.264164 -0.328819 -0.395325 0.412522 0.620511 0.584781 0.320659 0.966312 1.052042 -1.300031 -1.428727 -0.525259 0.909555 -0.570644
1776408822.433059 jaka_arm_right success 0.264093 -0.328657 -0.395391 0.412998 0.620183 0.585102 0.320096 0.966129 1.052605 -1.300491 -1.428610 -0.524808 0.909761 -0.570002
1776408822.441450 jaka_arm_right success 0.264018 -0.328482 -0.395454 0.413585 0.619877 0.585345 0.319488 0.965832 1.053086 -1.300983 -1.428400 -0.524462 0.909893 -0.569367
1776408822.449759 jaka_arm_right success 0.264088 -0.328265 -0.395569 0.413969 0.619081 0.585774 0.319746 0.966057 1.053816 -1.301047 -1.428444 -0.523719 0.910051 -0.568841
1776408822.458081 jaka_arm_right success 0.264182 -0.328141 -0.395661 0.414004 0.618839 0.585939 0.319868 0.967409 1.056201 -1.301577 -1.426562 -0.523526 0.911253 -0.570379
1776408822.466505 jaka_arm_right success 0.264293 -0.328129 -0.395728 0.413454 0.619349 0.585881 0.319697 0.967416 1.055493 -1.301737 -1.426789 -0.524187 0.911526 -0.570844
1776408822.474838 jaka_arm_right success 0.264399 -0.328000 -0.395785 0.413409 0.619383 0.586008 0.319457 0.967221 1.055230 -1.302216 -1.426787 -0.524484 0.911815 -0.570749
1776408822.483114 jaka_arm_right success 0.264498 -0.327861 -0.395850 0.413645 0.619325 0.585878 0.319502 0.967221 1.055230 -1.302216 -1.426787 -0.524484 0.911815 -0.570749
1776408822.491384 jaka_arm_right success 0.264647 -0.327607 -0.395962 0.413762 0.618971 0.586188 0.319466 0.967221 1.055230 -1.302216 -1.426787 -0.524484 0.911815 -0.570749
1776408822.499754 jaka_arm_right success 0.264821 -0.327426 -0.396058 0.413249 0.619180 0.586339 0.319449 0.967221 1.055230 -1.302216 -1.426787 -0.524484 0.911815 -0.570749
1776408822.508107 jaka_arm_right success 0.264928 -0.327206 -0.396154 0.412538 0.619761 0.586648 0.318673 0.970773 1.052908 -1.304895 -1.424700 -0.525333 0.913072 -0.569320
1776408822.516464 jaka_arm_right success 0.265108 -0.326967 -0.396205 0.412507 0.619604 0.586850 0.318646 0.971541 1.053697 -1.305147 -1.423937 -0.525116 0.913209 -0.569489
1776408822.524688 jaka_arm_right success 0.265322 -0.326811 -0.396291 0.411969 0.619918 0.586868 0.318699 0.973370 1.053823 -1.306007 -1.422470 -0.525875 0.913898 -0.570516
1776408822.533151 jaka_arm_right success 0.265430 -0.326575 -0.396342 0.411927 0.619894 0.586944 0.318661 0.973370 1.053823 -1.306007 -1.422470 -0.525875 0.913898 -0.570516
1776408822.541510 jaka_arm_right success 0.265470 -0.326255 -0.396382 0.412368 0.619854 0.586638 0.318731 0.973370 1.053823 -1.306007 -1.422470 -0.525875 0.913898 -0.570516
1776408822.549747 jaka_arm_right success 0.265581 -0.326015 -0.396442 0.411556 0.620360 0.586796 0.318505 0.973314 1.053377 -1.306365 -1.422654 -0.526415 0.914182 -0.570784
1776408822.558113 jaka_arm_right success 0.265558 -0.325753 -0.396474 0.411399 0.620982 0.586748 0.317582 0.972617 1.052892 -1.307459 -1.422514 -0.527212 0.914529 -0.570613
1776408822.566418 jaka_arm_right success 0.265596 -0.325531 -0.396481 0.411201 0.621149 0.586637 0.317717 0.972617 1.052892 -1.307459 -1.422514 -0.527212 0.914529 -0.570613
1776408822.574761 jaka_arm_right success 0.265584 -0.325279 -0.396498 0.411292 0.621239 0.586393 0.317876 0.972710 1.052656 -1.307389 -1.422551 -0.527472 0.914459 -0.570879
1776408822.583114 jaka_arm_right success 0.265759 -0.325165 -0.396534 0.409833 0.621724 0.586443 0.318718 0.973348 1.052049 -1.307079 -1.423171 -0.527920 0.914757 -0.571679
1776408822.591439 jaka_arm_right success 0.265770 -0.325050 -0.396543 0.409135 0.622307 0.586277 0.318783 0.973569 1.051260 -1.307286 -1.423337 -0.529126 0.914776 -0.572740
1776408822.599779 jaka_arm_right success 0.265701 -0.324798 -0.396556 0.409221 0.622803 0.586096 0.318034 0.973569 1.051260 -1.307286 -1.423337 -0.529126 0.914776 -0.572740
1776408822.608083 jaka_arm_right success 0.265716 -0.324668 -0.396585 0.408535 0.623151 0.586131 0.318170 0.973543 1.050704 -1.307811 -1.423653 -0.529817 0.915199 -0.573067
1776408822.616447 jaka_arm_right success 0.265620 -0.324454 -0.396580 0.408788 0.623448 0.586083 0.317351 0.974457 1.050751 -1.310022 -1.423208 -0.530949 0.914733 -0.572602
1776408822.624768 jaka_arm_right success 0.265636 -0.324379 -0.396564 0.408261 0.623878 0.585871 0.317576 0.974523 1.050389 -1.309890 -1.423231 -0.531303 0.914638 -0.572963
1776408822.633107 jaka_arm_right success 0.265618 -0.324321 -0.396550 0.408092 0.624036 0.585885 0.317457 0.974523 1.050389 -1.309890 -1.423231 -0.531303 0.914638 -0.572963
1776408822.641417 jaka_arm_right success 0.265601 -0.324319 -0.396547 0.407761 0.624270 0.585807 0.317565 0.974605 1.049988 -1.309921 -1.423386 -0.531699 0.914733 -0.573299
1776408822.649768 jaka_arm_right success 0.265562 -0.324354 -0.396547 0.407393 0.624701 0.585595 0.317582 0.974594 1.049514 -1.309972 -1.423463 -0.532192 0.914769 -0.573663
1776408822.658100 jaka_arm_right success 0.265507 -0.324368 -0.396531 0.407253 0.624822 0.585570 0.317569 0.974594 1.049514 -1.309972 -1.423463 -0.532192 0.914769 -0.573663
1776408822.666472 jaka_arm_right success 0.265429 -0.324366 -0.396493 0.407345 0.624692 0.585695 0.317477 0.974594 1.049514 -1.309972 -1.423463 -0.532192 0.914769 -0.573663
1776408822.674749 jaka_arm_right success 0.265327 -0.324446 -0.396475 0.407022 0.624888 0.585729 0.317443 0.974594 1.049514 -1.309972 -1.423463 -0.532192 0.914769 -0.573663
1776408822.683079 jaka_arm_right success 0.265284 -0.324623 -0.396448 0.406531 0.625159 0.585549 0.317870 0.974816 1.048981 -1.309897 -1.423775 -0.532642 0.914969 -0.574167
1776408822.691458 jaka_arm_right success 0.265084 -0.324680 -0.396321 0.406989 0.624977 0.585962 0.316877 0.974362 1.049161 -1.310613 -1.423604 -0.532607 0.915218 -0.573595
1776408822.699775 jaka_arm_right success 0.264967 -0.324926 -0.396303 0.406395 0.625392 0.585742 0.317227 0.974523 1.048701 -1.310545 -1.423837 -0.532948 0.915393 -0.573962
1776408822.708164 jaka_arm_right success 0.264792 -0.324925 -0.396271 0.407678 0.624309 0.586086 0.317080 0.974312 1.049455 -1.310589 -1.423421 -0.532242 0.915161 -0.573252
1776408822.716441 jaka_arm_right success 0.264629 -0.325035 -0.396207 0.408171 0.623740 0.586425 0.316940 0.974304 1.050144 -1.310611 -1.423250 -0.531515 0.915135 -0.572630
1776408822.724720 jaka_arm_right success 0.264577 -0.325328 -0.396177 0.407489 0.624147 0.586420 0.317025 0.974304 1.050144 -1.310611 -1.423250 -0.531515 0.915135 -0.572630
1776408822.733174 jaka_arm_right success 0.264480 -0.325478 -0.396178 0.407311 0.623880 0.586853 0.316980 0.974297 1.048474 -1.309465 -1.422953 -0.530640 0.917195 -0.572375
1776408822.741442 jaka_arm_right success 0.264387 -0.325588 -0.396186 0.407125 0.623295 0.587873 0.316479 0.974233 1.046808 -1.308186 -1.418514 -0.528049 0.923703 -0.571892
1776408822.749793 jaka_arm_right success 0.264186 -0.325718 -0.396172 0.407716 0.622806 0.588248 0.315982 0.974044 1.047372 -1.308489 -1.418296 -0.527597 0.923740 -0.571309
1776408822.758026 jaka_arm_right success 0.264173 -0.325936 -0.396187 0.407361 0.622288 0.588734 0.316554 0.975119 1.049493 -1.308190 -1.414816 -0.526947 0.927896 -0.574141
1776408822.766473 jaka_arm_right success 0.264233 -0.326278 -0.396166 0.406429 0.621771 0.589660 0.317046 0.977115 1.048432 -1.307279 -1.410687 -0.525340 0.932730 -0.574703
1776408822.774793 jaka_arm_right success 0.264192 -0.326394 -0.396184 0.406962 0.621046 0.589992 0.317164 0.977760 1.049906 -1.307047 -1.409738 -0.524520 0.933210 -0.575046
1776408822.783088 jaka_arm_right success 0.264077 -0.326538 -0.396208 0.407296 0.620591 0.590525 0.316634 0.977717 1.050330 -1.307430 -1.409750 -0.524136 0.933515 -0.574543
1776408822.791411 jaka_arm_right success 0.264004 -0.326758 -0.396186 0.407522 0.620440 0.590479 0.316724 0.977717 1.050330 -1.307430 -1.409750 -0.524136 0.933515 -0.574543
1776408822.799778 jaka_arm_right success 0.264005 -0.326876 -0.396190 0.407529 0.619901 0.591199 0.316430 0.979191 1.049427 -1.306383 -1.403727 -0.521719 0.939380 -0.574560
1776408822.808091 jaka_arm_right success 0.264072 -0.327047 -0.396252 0.407216 0.619592 0.591856 0.316208 0.982516 1.049363 -1.307486 -1.397589 -0.521227 0.944441 -0.575781
1776408822.816447 jaka_arm_right success 0.264063 -0.327130 -0.396252 0.407530 0.619250 0.592261 0.315715 0.982384 1.049688 -1.307772 -1.397507 -0.520962 0.944566 -0.575367
1776408822.824767 jaka_arm_right success 0.264140 -0.327302 -0.396296 0.407423 0.619306 0.592200 0.315856 0.982384 1.049688 -1.307772 -1.397507 -0.520962 0.944566 -0.575367
1776408822.833119 jaka_arm_right success 0.264229 -0.327459 -0.396332 0.408026 0.619052 0.591932 0.316078 0.982316 1.049926 -1.307501 -1.397173 -0.520706 0.944210 -0.575236
1776408822.841467 jaka_arm_right success 0.264346 -0.327628 -0.396322 0.408150 0.619117 0.591854 0.315938 0.982316 1.049926 -1.307501 -1.397173 -0.520706 0.944210 -0.575236
1776408822.849785 jaka_arm_right success 0.264455 -0.327814 -0.396376 0.407915 0.619110 0.591848 0.316265 0.982316 1.049926 -1.307501 -1.397173 -0.520706 0.944210 -0.575236
1776408822.858076 jaka_arm_right success 0.264553 -0.327855 -0.396445 0.408062 0.618652 0.592066 0.316564 0.982839 1.050212 -1.306852 -1.397218 -0.520181 0.944027 -0.575317
1776408822.866469 jaka_arm_right success 0.264693 -0.328001 -0.396522 0.407634 0.618650 0.592232 0.316809 0.982839 1.050212 -1.306852 -1.397218 -0.520181 0.944027 -0.575317
1776408822.874805 jaka_arm_right success 0.264822 -0.328063 -0.396605 0.407418 0.618527 0.592509 0.316809 0.984965 1.049517 -1.306791 -1.394709 -0.519807 0.946117 -0.575795
1776408822.883022 jaka_arm_right success 0.264906 -0.328058 -0.396666 0.407580 0.618273 0.592680 0.316777 0.985138 1.049939 -1.306984 -1.394342 -0.519503 0.946418 -0.575619
1776408822.891433 jaka_arm_right success 0.264962 -0.328095 -0.396712 0.407700 0.618313 0.592595 0.316703 0.984879 1.049925 -1.306952 -1.393833 -0.519622 0.946117 -0.575619
1776408822.899724 jaka_arm_right success 0.264941 -0.328000 -0.396748 0.408525 0.618279 0.592508 0.315869 0.984514 1.050173 -1.307392 -1.393557 -0.519522 0.946131 -0.575143
1776408822.908086 jaka_arm_right success 0.265001 -0.327992 -0.396805 0.408568 0.618290 0.592566 0.315682 0.984514 1.050173 -1.307392 -1.393557 -0.519522 0.946131 -0.575143
1776408822.916417 jaka_arm_right success 0.265102 -0.328024 -0.396889 0.408481 0.618418 0.592395 0.315864 0.984514 1.050173 -1.307392 -1.393557 -0.519522 0.946131 -0.575143
1776408822.924722 jaka_arm_right success 0.265163 -0.327998 -0.396955 0.408918 0.618442 0.592130 0.315750 0.984514 1.050173 -1.307392 -1.393557 -0.519522 0.946131 -0.575143
1776408822.933043 jaka_arm_right success 0.265260 -0.328046 -0.397023 0.408742 0.618734 0.591842 0.315945 0.984170 1.049929 -1.307437 -1.393155 -0.519856 0.945790 -0.575192
1776408822.941427 jaka_arm_right success 0.265355 -0.328077 -0.397092 0.408642 0.618893 0.591680 0.316066 0.984170 1.049929 -1.307437 -1.393155 -0.519856 0.945790 -0.575192
1776408822.949788 jaka_arm_right success 0.265467 -0.328192 -0.397187 0.408148 0.619525 0.591197 0.316371 0.984248 1.049082 -1.307132 -1.393156 -0.520615 0.945566 -0.575941
1776408822.958102 jaka_arm_right success 0.265591 -0.328273 -0.397249 0.407772 0.619887 0.591203 0.316135 0.984228 1.048566 -1.307275 -1.393196 -0.521116 0.945614 -0.576208
1776408822.966519 jaka_arm_right success 0.265594 -0.328208 -0.397267 0.408631 0.619546 0.591233 0.315637 0.984607 1.048795 -1.307874 -1.392485 -0.520585 0.945076 -0.574844
1776408822.974784 jaka_arm_right success 0.265629 -0.328117 -0.397303 0.409140 0.618957 0.591546 0.315548 0.984571 1.049059 -1.308013 -1.392345 -0.520350 0.945020 -0.574510
1776408822.983114 jaka_arm_right success 0.265768 -0.328245 -0.397358 0.408464 0.619377 0.591467 0.315745 0.984824 1.048701 -1.307971 -1.392584 -0.520601 0.945162 -0.574798
1776408822.991454 jaka_arm_right success 0.265853 -0.328289 -0.397402 0.408486 0.619353 0.591353 0.315979 0.984824 1.048701 -1.307971 -1.392584 -0.520601 0.945162 -0.574798
1776408822.999724 jaka_arm_right success 0.265908 -0.328324 -0.397442 0.408464 0.619375 0.591332 0.316002 0.985022 1.048486 -1.307784 -1.392576 -0.520729 0.945032 -0.575004
1776408823.016474 jaka_arm_right success 0.265857 -0.328229 -0.397501 0.410042 0.618596 0.591612 0.314960 0.985777 1.048718 -1.308840 -1.391320 -0.519892 0.943885 -0.572558
1776408823.024726 jaka_arm_right success 0.266005 -0.328328 -0.397542 0.409564 0.618507 0.591725 0.315544 0.985777 1.048718 -1.308840 -1.391320 -0.519892 0.943885 -0.572558
1776408823.033127 jaka_arm_right success 0.265909 -0.328261 -0.397564 0.410499 0.618200 0.591776 0.314833 0.985715 1.049014 -1.309055 -1.391198 -0.519640 0.943882 -0.572165
1776408823.041558 jaka_arm_right success 0.265922 -0.328308 -0.397596 0.410538 0.618126 0.591867 0.314757 0.985715 1.049014 -1.309055 -1.391198 -0.519640 0.943882 -0.572165
1776408823.049754 jaka_arm_right success 0.265947 -0.328519 -0.397652 0.410314 0.618410 0.591537 0.315111 0.985715 1.049014 -1.309055 -1.391198 -0.519640 0.943882 -0.572165
1776408823.058117 jaka_arm_right success 0.266010 -0.328635 -0.397702 0.410000 0.618354 0.591854 0.315034 0.985715 1.049014 -1.309055 -1.391198 -0.519640 0.943882 -0.572165
1776408823.066445 jaka_arm_right success 0.266008 -0.328705 -0.397682 0.409905 0.618161 0.592081 0.315111 0.986920 1.048414 -1.309145 -1.391316 -0.519561 0.944207 -0.571975
1776408823.074751 jaka_arm_right success 0.266212 -0.328883 -0.397718 0.409700 0.617618 0.592079 0.316443 0.988524 1.049250 -1.308224 -1.390605 -0.519155 0.943667 -0.572887
1776408823.083080 jaka_arm_right success 0.266258 -0.328908 -0.397674 0.409838 0.616833 0.592710 0.316616 0.990411 1.051255 -1.309011 -1.388382 -0.518703 0.945281 -0.573873
1776408823.091445 jaka_arm_right success 0.266381 -0.328999 -0.397688 0.409148 0.616797 0.592989 0.317053 0.992131 1.050794 -1.308541 -1.384732 -0.518594 0.948832 -0.575860
1776408823.099777 jaka_arm_right success 0.266320 -0.329009 -0.397687 0.409440 0.616656 0.593082 0.316778 0.992001 1.051095 -1.308748 -1.384594 -0.518361 0.948868 -0.575508
1776408823.108103 jaka_arm_right success 0.266386 -0.329123 -0.397689 0.409231 0.616593 0.593151 0.317040 0.992001 1.051095 -1.308748 -1.384594 -0.518361 0.948868 -0.575508
1776408823.116479 jaka_arm_right success 0.266295 -0.329177 -0.397686 0.410027 0.616211 0.593109 0.316835 0.991917 1.051529 -1.308726 -1.384340 -0.517957 0.948713 -0.575137
1776408823.124733 jaka_arm_right success 0.266277 -0.329217 -0.397687 0.410250 0.616010 0.593194 0.316775 0.991917 1.051529 -1.308726 -1.384340 -0.517957 0.948713 -0.575137
1776408823.133116 jaka_arm_right success 0.266220 -0.329241 -0.397672 0.410795 0.615744 0.593216 0.316547 0.991719 1.052067 -1.308797 -1.383993 -0.517487 0.948527 -0.574612
1776408823.141473 jaka_arm_right success 0.266229 -0.329279 -0.397693 0.410741 0.615505 0.593646 0.316276 0.991821 1.052447 -1.309019 -1.384092 -0.517068 0.948802 -0.574185
1776408823.149712 jaka_arm_right success 0.266240 -0.329373 -0.397715 0.410448 0.615400 0.594043 0.316114 0.992319 1.051608 -1.308953 -1.383692 -0.516609 0.949859 -0.573644
1776408823.158071 jaka_arm_right success 0.266228 -0.329424 -0.397714 0.410612 0.615119 0.594232 0.316093 0.992319 1.051608 -1.308953 -1.383692 -0.516609 0.949859 -0.573644
1776408823.166446 jaka_arm_right success 0.266173 -0.329498 -0.397704 0.410729 0.615070 0.594227 0.316046 0.992258 1.051920 -1.309064 -1.383566 -0.516306 0.949899 -0.573306
1776408823.174774 jaka_arm_right success 0.266133 -0.329597 -0.397686 0.411081 0.614878 0.593995 0.316398 0.992258 1.051920 -1.309064 -1.383566 -0.516306 0.949899 -0.573306
1776408823.183079 jaka_arm_right success 0.266031 -0.329571 -0.397666 0.411419 0.614422 0.594308 0.316256 0.992247 1.052524 -1.308901 -1.383278 -0.515686 0.949701 -0.572868
1776408823.191416 jaka_arm_right success 0.265902 -0.329559 -0.397627 0.411768 0.614097 0.594681 0.315733 0.992148 1.052983 -1.309126 -1.383162 -0.515253 0.949825 -0.572357
1776408823.199726 jaka_arm_right success 0.265782 -0.329608 -0.397615 0.411647 0.614116 0.594726 0.315768 0.992148 1.052983 -1.309126 -1.383162 -0.515253 0.949825 -0.572357
1776408823.208091 jaka_arm_right success 0.265726 -0.329670 -0.397640 0.411604 0.614023 0.594594 0.316251 0.992417 1.052992 -1.308810 -1.383279 -0.515090 0.949879 -0.572517
1776408823.216415 jaka_arm_right success 0.265718 -0.329821 -0.397641 0.411789 0.613966 0.594158 0.316942 0.992565 1.053010 -1.307869 -1.382921 -0.514914 0.949271 -0.572945
1776408823.224709 jaka_arm_right success 0.265668 -0.329876 -0.397669 0.411840 0.613842 0.594150 0.317130 0.992565 1.053010 -1.307869 -1.382921 -0.514914 0.949271 -0.572945
1776408823.233073 jaka_arm_right success 0.265365 -0.329659 -0.397612 0.413546 0.613028 0.594750 0.315355 0.991699 1.054490 -1.309278 -1.382549 -0.513664 0.950047 -0.570901
1776408823.241472 jaka_arm_right success 0.265344 -0.329734 -0.397659 0.413485 0.612887 0.594981 0.315274 0.991367 1.054350 -1.308975 -1.382089 -0.513642 0.949807 -0.570901
1776408823.249744 jaka_arm_right success 0.265497 -0.329930 -0.397733 0.412750 0.612739 0.595146 0.316211 0.992125 1.054165 -1.308013 -1.382536 -0.513314 0.950511 -0.571726
1776408823.258117 jaka_arm_right success 0.265542 -0.330064 -0.397812 0.412447 0.612636 0.595405 0.316318 0.990634 1.054648 -1.305810 -1.378504 -0.511450 0.956661 -0.574023
1776408823.266547 jaka_arm_right success 0.265494 -0.330061 -0.397846 0.413102 0.612214 0.595548 0.316011 0.990425 1.054888 -1.305998 -1.378247 -0.511314 0.956561 -0.573709
1776408823.274717 jaka_arm_right success 0.265577 -0.330343 -0.397884 0.412746 0.612451 0.595357 0.316378 0.990425 1.054888 -1.305998 -1.378247 -0.511314 0.956561 -0.573709
1776408823.283079 jaka_arm_right success 0.265465 -0.330376 -0.397904 0.413522 0.612097 0.595616 0.315560 0.990165 1.055127 -1.306264 -1.377965 -0.511169 0.956490 -0.573308
1776408823.291426 jaka_arm_right success 0.265535 -0.330301 -0.397918 0.413910 0.610989 0.596630 0.315285 0.991638 1.055135 -1.306928 -1.376919 -0.509878 0.957407 -0.571524
1776408823.299726 jaka_arm_right success 0.265493 -0.330292 -0.397931 0.414419 0.610583 0.596968 0.314761 0.991461 1.055600 -1.307271 -1.376718 -0.509503 0.957481 -0.570943
1776408823.308109 jaka_arm_right success 0.265521 -0.330400 -0.398000 0.414255 0.610391 0.597481 0.314377 0.992653 1.054372 -1.308019 -1.375233 -0.508644 0.959075 -0.569157
1776408823.316405 jaka_arm_right success 0.265524 -0.330434 -0.398026 0.414553 0.609979 0.597660 0.314443 0.992653 1.054372 -1.308019 -1.375233 -0.508644 0.959075 -0.569157
1776408823.324738 jaka_arm_right success 0.265547 -0.330514 -0.398073 0.414673 0.609502 0.598160 0.314259 0.995284 1.054306 -1.308070 -1.370165 -0.507357 0.962877 -0.569472
1776408823.333165 jaka_arm_right success 0.265447 -0.330444 -0.398071 0.416008 0.608316 0.598794 0.313584 0.994936 1.055394 -1.308423 -1.369669 -0.506473 0.962744 -0.568413
1776408823.341408 jaka_arm_right success 0.265265 -0.330469 -0.398050 0.417875 0.607404 0.598902 0.312661 0.994549 1.057208 -1.309036 -1.369000 -0.504763 0.962700 -0.566401
1776408823.349745 jaka_arm_right success 0.265453 -0.330775 -0.398140 0.416906 0.606925 0.599648 0.313456 0.995114 1.057054 -1.308713 -1.369445 -0.504680 0.962975 -0.566742
1776408823.358149 jaka_arm_right success 0.265582 -0.330837 -0.398148 0.417319 0.605155 0.601078 0.313588 0.996818 1.059081 -1.307516 -1.362479 -0.501651 0.970542 -0.568608
1776408823.366464 jaka_arm_right success 0.265561 -0.330967 -0.398197 0.418157 0.603989 0.602028 0.312897 0.996907 1.060091 -1.307935 -1.362452 -0.500693 0.970846 -0.567607
1776408823.374741 jaka_arm_right success 0.265512 -0.330888 -0.398169 0.419883 0.602060 0.603641 0.311191 0.999232 1.058631 -1.309494 -1.359173 -0.497513 0.973106 -0.561999
1776408823.383044 jaka_arm_right success 0.265437 -0.330933 -0.398154 0.420615 0.600950 0.605093 0.309523 1.000898 1.057478 -1.310889 -1.355096 -0.495493 0.977217 -0.559106
1776408823.391424 jaka_arm_right success 0.265373 -0.331125 -0.398115 0.421427 0.599744 0.606463 0.308072 1.001144 1.058042 -1.311907 -1.354228 -0.493898 0.978857 -0.556910
1776408823.399746 jaka_arm_right success 0.265384 -0.331268 -0.398108 0.422153 0.598290 0.607685 0.307497 1.004135 1.056987 -1.311917 -1.345675 -0.490836 0.986201 -0.555635
1776408823.408127 jaka_arm_right success 0.265624 -0.331589 -0.398183 0.421198 0.597346 0.608965 0.308110 1.007101 1.060532 -1.312209 -1.341007 -0.490571 0.991597 -0.560218
1776408823.416531 jaka_arm_right success 0.265606 -0.331775 -0.398142 0.422007 0.596060 0.610570 0.306311 1.008759 1.056613 -1.313365 -1.337117 -0.487820 0.995463 -0.554527
1776408823.424716 jaka_arm_right success 0.265569 -0.331989 -0.398214 0.422314 0.595418 0.611765 0.304749 1.011024 1.054544 -1.314317 -1.331832 -0.485977 1.000290 -0.552100
1776408823.433043 jaka_arm_right success 0.265613 -0.331914 -0.398222 0.423901 0.593251 0.613428 0.303424 1.011183 1.056884 -1.315349 -1.331864 -0.483890 1.001137 -0.549889
1776408823.441437 jaka_arm_right success 0.265742 -0.332142 -0.398286 0.424585 0.592023 0.614377 0.302945 1.014529 1.055103 -1.315919 -1.324128 -0.481509 1.006293 -0.547576
1776408823.449711 jaka_arm_right success 0.265667 -0.332443 -0.398293 0.425022 0.591933 0.615281 0.300669 1.014416 1.054386 -1.317784 -1.323318 -0.480724 1.008055 -0.544745
1776408823.458068 jaka_arm_right success 0.265542 -0.332663 -0.398284 0.426860 0.591348 0.615834 0.298071 1.013947 1.052238 -1.319217 -1.321773 -0.479517 1.008496 -0.540162
1776408823.466451 jaka_arm_right success 0.265850 -0.332769 -0.398393 0.426517 0.589705 0.617995 0.297346 1.019576 1.049941 -1.320174 -1.313198 -0.476426 1.016128 -0.537553
1776408823.474743 jaka_arm_right success 0.266008 -0.333177 -0.398466 0.426347 0.589610 0.618663 0.296384 1.019414 1.050071 -1.321419 -1.313654 -0.476555 1.017145 -0.536913
1776408823.483073 jaka_arm_right success 0.265987 -0.333509 -0.398511 0.426746 0.589721 0.619641 0.293533 1.019846 1.044290 -1.323563 -1.311211 -0.475380 1.019893 -0.530391
1776408823.491400 jaka_arm_right success 0.265946 -0.333248 -0.398489 0.429139 0.587846 0.621461 0.289936 1.020935 1.042564 -1.326128 -1.308776 -0.472245 1.021794 -0.522913
1776408823.499762 jaka_arm_right success 0.265917 -0.333454 -0.398552 0.429462 0.587475 0.622866 0.287181 1.023549 1.038538 -1.328554 -1.303959 -0.470797 1.026127 -0.517908
1776408823.508102 jaka_arm_right success 0.266311 -0.333550 -0.398664 0.429189 0.585843 0.624849 0.286615 1.028555 1.038534 -1.330017 -1.294074 -0.468703 1.034839 -0.517936
1776408823.516464 jaka_arm_right success 0.266246 -0.333758 -0.398717 0.430429 0.585887 0.624972 0.284389 1.027752 1.038513 -1.331641 -1.293300 -0.468461 1.035150 -0.515763
1776408823.524726 jaka_arm_right success 0.266422 -0.333920 -0.398840 0.430162 0.585285 0.626070 0.283617 1.029755 1.035794 -1.332476 -1.292271 -0.467171 1.037169 -0.512382
1776408823.533107 jaka_arm_right success 0.266380 -0.334087 -0.398890 0.430288 0.585262 0.627019 0.281367 1.030412 1.032356 -1.334640 -1.290202 -0.466501 1.039661 -0.507936
1776408823.541482 jaka_arm_right success 0.266350 -0.334192 -0.398878 0.430598 0.585533 0.627982 0.278162 1.031469 1.027046 -1.337333 -1.287421 -0.465345 1.042406 -0.501109
1776408823.549720 jaka_arm_right success 0.266306 -0.334198 -0.398944 0.431673 0.585000 0.628766 0.275840 1.032168 1.025932 -1.339169 -1.285766 -0.464404 1.043917 -0.497713
1776408823.558074 jaka_arm_right success 0.266542 -0.334312 -0.399065 0.431578 0.584660 0.629484 0.275069 1.035739 1.023907 -1.340408 -1.280883 -0.463709 1.047040 -0.495968
1776408823.566437 jaka_arm_right success 0.266899 -0.334173 -0.399146 0.432064 0.583159 0.630687 0.274737 1.037953 1.026553 -1.341466 -1.278163 -0.462800 1.049671 -0.496720
1776408823.574804 jaka_arm_right success 0.267090 -0.334149 -0.399279 0.431600 0.583276 0.631586 0.273149 1.040548 1.023971 -1.343313 -1.274055 -0.462268 1.053482 -0.494252
1776408823.583131 jaka_arm_right success 0.267032 -0.334015 -0.399323 0.432494 0.583257 0.632104 0.270562 1.040617 1.020851 -1.345820 -1.272170 -0.461815 1.054913 -0.489290
1776408823.591408 jaka_arm_right success 0.266838 -0.333721 -0.399311 0.433895 0.583323 0.632834 0.266441 1.040637 1.016296 -1.349378 -1.270547 -0.461039 1.056236 -0.481620
1776408823.599796 jaka_arm_right success 0.267167 -0.333807 -0.399426 0.431599 0.584811 0.633431 0.265488 1.046009 1.011351 -1.351625 -1.266003 -0.462137 1.060783 -0.480361
1776408823.608084 jaka_arm_right success 0.267501 -0.333835 -0.399529 0.430409 0.585838 0.633122 0.265892 1.046165 1.010252 -1.351416 -1.266118 -0.463317 1.060801 -0.481689
1776408823.616452 jaka_arm_right success 0.267604 -0.333719 -0.399604 0.430117 0.586353 0.633376 0.264620 1.046442 1.009786 -1.352981 -1.265923 -0.463821 1.062036 -0.480940
1776408823.624819 jaka_arm_right success 0.267690 -0.333295 -0.399675 0.429912 0.586289 0.634829 0.261597 1.051258 1.006114 -1.356740 -1.260382 -0.463260 1.066714 -0.476209
1776408823.633119 jaka_arm_right success 0.268020 -0.333283 -0.399781 0.427688 0.588176 0.635013 0.260559 1.056471 1.000599 -1.359714 -1.252666 -0.464952 1.073807 -0.475652
1776408823.641474 jaka_arm_right success 0.267955 -0.332946 -0.399827 0.427085 0.589355 0.635402 0.257922 1.055339 1.000020 -1.361946 -1.252884 -0.466276 1.074875 -0.474956
1776408823.649790 jaka_arm_right success 0.267814 -0.332466 -0.399795 0.426984 0.590302 0.635954 0.254539 1.056666 0.993401 -1.365216 -1.252023 -0.465948 1.077144 -0.467362
1776408823.658053 jaka_arm_right success 0.267860 -0.332201 -0.399772 0.425809 0.591815 0.635615 0.253840 1.056562 0.991978 -1.365761 -1.252478 -0.467433 1.077587 -0.468211
1776408823.666390 jaka_arm_right success 0.267972 -0.331970 -0.399839 0.423521 0.593719 0.635571 0.253330 1.058645 0.988392 -1.367792 -1.252076 -0.469805 1.079127 -0.468064
1776408823.674823 jaka_arm_right success 0.268092 -0.331597 -0.399843 0.422080 0.594758 0.635287 0.254011 1.059488 0.987553 -1.367751 -1.252244 -0.471189 1.079424 -0.469941
1776408823.683067 jaka_arm_right success 0.268133 -0.331154 -0.399833 0.420182 0.596021 0.635548 0.253545 1.061910 0.987099 -1.369777 -1.250845 -0.473079 1.081885 -0.471668
1776408823.691588 jaka_arm_right success 0.268026 -0.330616 -0.399775 0.419972 0.596691 0.635339 0.252838 1.061446 0.986514 -1.370374 -1.250756 -0.473878 1.082010 -0.471768
1776408823.699742 jaka_arm_right success 0.268044 -0.330438 -0.399578 0.417457 0.598846 0.634904 0.253004 1.061648 0.984107 -1.370962 -1.251692 -0.476183 1.082870 -0.473390
1776408823.708082 jaka_arm_right success 0.268151 -0.329801 -0.399546 0.415753 0.598174 0.636612 0.253107 1.067503 0.986869 -1.373090 -1.242677 -0.476409 1.092007 -0.478269
1776408823.716417 jaka_arm_right success 0.268211 -0.329446 -0.399498 0.414154 0.598108 0.637486 0.253683 1.068435 0.986584 -1.372854 -1.243632 -0.476379 1.092755 -0.478808
1776408823.724701 jaka_arm_right success 0.268013 -0.329086 -0.399399 0.412009 0.599364 0.638202 0.252409 1.072844 0.982116 -1.374323 -1.234611 -0.476146 1.103523 -0.479276
1776408823.733164 jaka_arm_right success 0.267938 -0.328716 -0.399258 0.410312 0.599712 0.639274 0.251631 1.074276 0.982622 -1.376192 -1.234305 -0.477377 1.106192 -0.480737
1776408823.741477 jaka_arm_right success 0.268018 -0.328327 -0.399102 0.408621 0.599663 0.640525 0.251320 1.076899 0.982158 -1.377016 -1.230521 -0.477029 1.111382 -0.481701
1776408823.749699 jaka_arm_right success 0.268125 -0.328077 -0.399010 0.406444 0.600115 0.641445 0.251421 1.082998 0.983629 -1.379190 -1.218782 -0.478308 1.122571 -0.488260
1776408823.758025 jaka_arm_right success 0.268304 -0.327673 -0.398857 0.403706 0.600187 0.643362 0.250764 1.089317 0.980035 -1.381311 -1.211992 -0.478029 1.131480 -0.487854
1776408823.766425 jaka_arm_right success 0.268107 -0.326963 -0.398505 0.404720 0.599074 0.644766 0.248171 1.088625 0.981741 -1.383344 -1.212133 -0.477082 1.132772 -0.485481
1776408823.774742 jaka_arm_right success 0.268264 -0.326664 -0.398378 0.402467 0.599400 0.646120 0.247525 1.093337 0.978441 -1.385284 -1.206583 -0.477046 1.139249 -0.484438
1776408823.783090 jaka_arm_right success 0.268277 -0.326162 -0.398095 0.402251 0.599055 0.647354 0.245480 1.094045 0.977919 -1.387274 -1.206480 -0.476412 1.141625 -0.481755
1776408823.791420 jaka_arm_right success 0.268396 -0.325747 -0.397800 0.401144 0.599211 0.648477 0.243940 1.095911 0.974898 -1.389307 -1.205675 -0.476544 1.144700 -0.478966
1776408823.799738 jaka_arm_right success 0.268455 -0.325382 -0.397500 0.400906 0.599286 0.649327 0.241876 1.097490 0.972760 -1.391415 -1.204309 -0.476209 1.146979 -0.475536
1776408823.808122 jaka_arm_right success 0.268797 -0.325011 -0.397156 0.399688 0.599523 0.650470 0.240229 1.102443 0.970505 -1.394092 -1.199672 -0.476528 1.151440 -0.473880
1776408823.816438 jaka_arm_right success 0.269092 -0.324350 -0.396777 0.400790 0.598164 0.651421 0.239202 1.102031 0.971960 -1.394913 -1.199454 -0.475543 1.151814 -0.472404
1776408823.824689 jaka_arm_right success 0.269118 -0.323760 -0.396365 0.401819 0.598098 0.652020 0.235987 1.102924 0.968830 -1.398385 -1.199015 -0.474944 1.152728 -0.465290
1776408823.833121 jaka_arm_right success 0.269711 -0.323466 -0.396067 0.399954 0.598512 0.652766 0.236044 1.104163 0.968153 -1.398801 -1.200519 -0.475495 1.154090 -0.465971
1776408823.841389 jaka_arm_right success 0.270216 -0.323080 -0.395766 0.398193 0.599057 0.653719 0.234998 1.108354 0.965732 -1.401100 -1.199763 -0.476285 1.155439 -0.463792
1776408823.849746 jaka_arm_right success 0.270554 -0.322438 -0.395381 0.398165 0.598671 0.654919 0.232677 1.111027 0.963584 -1.404047 -1.198527 -0.475986 1.157416 -0.459288
1776408823.858055 jaka_arm_right success 0.270908 -0.321778 -0.395011 0.398303 0.598848 0.655452 0.230476 1.112621 0.961990 -1.406924 -1.197788 -0.476280 1.158225 -0.455484
1776408823.866466 jaka_arm_right success 0.271130 -0.320842 -0.394616 0.399828 0.597905 0.656952 0.225968 1.114119 0.959112 -1.411347 -1.197163 -0.475177 1.159573 -0.446745
1776408823.874729 jaka_arm_right success 0.271859 -0.320461 -0.394322 0.397406 0.599076 0.657664 0.225063 1.118435 0.956007 -1.413567 -1.197237 -0.476788 1.160728 -0.445336
1776408823.883157 jaka_arm_right success 0.272400 -0.319680 -0.393966 0.397182 0.599046 0.658587 0.222830 1.120334 0.954788 -1.416429 -1.197002 -0.477004 1.161918 -0.441884
1776408823.891413 jaka_arm_right success 0.272954 -0.319031 -0.393576 0.397042 0.599212 0.659098 0.221116 1.122883 0.952716 -1.419161 -1.196788 -0.477442 1.162306 -0.438043
1776408823.899707 jaka_arm_right success 0.273200 -0.318312 -0.393111 0.397746 0.600068 0.659284 0.216935 1.124770 0.947556 -1.423679 -1.196345 -0.477966 1.162346 -0.429487
1776408823.908181 jaka_arm_right success 0.274023 -0.317551 -0.392777 0.395867 0.600392 0.660295 0.216399 1.126442 0.946833 -1.424601 -1.198154 -0.478770 1.163865 -0.429976
1776408823.916403 jaka_arm_right success 0.274333 -0.316768 -0.392341 0.396145 0.601854 0.659590 0.213969 1.129128 0.943073 -1.428299 -1.197920 -0.480552 1.161442 -0.424421
1776408823.924743 jaka_arm_right success 0.274971 -0.315980 -0.391923 0.394801 0.602363 0.660259 0.212953 1.133057 0.941279 -1.431404 -1.199833 -0.482279 1.160952 -0.422060
1776408823.933121 jaka_arm_right success 0.275447 -0.315129 -0.391533 0.394720 0.603110 0.660046 0.211646 1.134739 0.939921 -1.433413 -1.200500 -0.483394 1.158802 -0.419388
1776408823.941412 jaka_arm_right success 0.275925 -0.314224 -0.391195 0.393724 0.604520 0.659453 0.211326 1.135976 0.938454 -1.435059 -1.202243 -0.485769 1.157139 -0.419289
1776408823.949796 jaka_arm_right success 0.276427 -0.313276 -0.390795 0.392920 0.605002 0.659572 0.211071 1.138160 0.938451 -1.436966 -1.205081 -0.487367 1.154472 -0.418309
1776408823.958106 jaka_arm_right success 0.276726 -0.312370 -0.390479 0.392464 0.606599 0.658426 0.210915 1.135883 0.937009 -1.438667 -1.217478 -0.490717 1.142382 -0.414224
1776408823.966458 jaka_arm_right success 0.277086 -0.311310 -0.390090 0.392249 0.606697 0.658586 0.210535 1.135900 0.936995 -1.439185 -1.218188 -0.490971 1.142903 -0.414199
1776408823.974747 jaka_arm_right success 0.277484 -0.310626 -0.389714 0.391321 0.608304 0.657498 0.211024 1.134728 0.936540 -1.439755 -1.227455 -0.494022 1.134054 -0.413503
1776408823.983103 jaka_arm_right success 0.277832 -0.309659 -0.389440 0.390983 0.608873 0.657142 0.211118 1.134077 0.936806 -1.439970 -1.230685 -0.495027 1.131720 -0.413783
1776408823.991414 jaka_arm_right success 0.278239 -0.308674 -0.389161 0.390248 0.608902 0.657592 0.210995 1.134178 0.936819 -1.440685 -1.231490 -0.495347 1.132268 -0.413659
1776408823.999747 jaka_arm_right success 0.278674 -0.308096 -0.388926 0.388885 0.610336 0.656985 0.211258 1.136340 0.936728 -1.442776 -1.236671 -0.498750 1.126234 -0.413557
1776408824.008092 jaka_arm_right success 0.279010 -0.307418 -0.388653 0.388587 0.611197 0.656285 0.211493 1.132967 0.935334 -1.442164 -1.247787 -0.499955 1.117489 -0.410540
1776408824.016373 jaka_arm_right success 0.279202 -0.306670 -0.388322 0.389050 0.611676 0.655834 0.210651 1.132307 0.935166 -1.442704 -1.247448 -0.500370 1.117357 -0.410242
1776408824.024730 jaka_arm_right success 0.279547 -0.305848 -0.388204 0.388144 0.612099 0.656365 0.209439 1.132999 0.933948 -1.444581 -1.249198 -0.501293 1.118125 -0.408908
1776408824.033047 jaka_arm_right success 0.279869 -0.305049 -0.388051 0.387839 0.612419 0.656385 0.209004 1.134718 0.933172 -1.446601 -1.250903 -0.502628 1.115040 -0.406574
1776408824.041439 jaka_arm_right success 0.280362 -0.304476 -0.387937 0.386118 0.613441 0.656493 0.208852 1.135367 0.932426 -1.446746 -1.251900 -0.503297 1.115774 -0.407329
1776408824.049706 jaka_arm_right success 0.280554 -0.303676 -0.387801 0.386288 0.613885 0.656527 0.207121 1.137517 0.930418 -1.450529 -1.253861 -0.504999 1.113684 -0.402999
1776408824.058101 jaka_arm_right success 0.280867 -0.303166 -0.387662 0.385377 0.615100 0.655984 0.206933 1.137885 0.929146 -1.450957 -1.254673 -0.506607 1.113089 -0.403779
1776408824.066420 jaka_arm_right success 0.281043 -0.302305 -0.387495 0.386070 0.615088 0.655981 0.205681 1.139758 0.928809 -1.454417 -1.259977 -0.508257 1.106330 -0.398631
1776408824.074748 jaka_arm_right success 0.281208 -0.301746 -0.387419 0.385603 0.616477 0.655222 0.204822 1.138500 0.925662 -1.455206 -1.265995 -0.509689 1.101578 -0.395114
1776408824.087641 jaka_arm_right success 0.281525 -0.301183 -0.387395 0.384868 0.617248 0.654856 0.205049 1.138088 0.926624 -1.455660 -1.267517 -0.511253 1.100399 -0.397008
1776408824.091895 jaka_arm_right success 0.281897 -0.300565 -0.387388 0.383982 0.617601 0.655029 0.205098 1.138404 0.926286 -1.455716 -1.267998 -0.511581 1.100717 -0.397391
1776408824.099715 jaka_arm_right success 0.282001 -0.299706 -0.387339 0.384466 0.617306 0.655395 0.203903 1.139470 0.927221 -1.458647 -1.269699 -0.512720 1.098477 -0.395197
1776408824.108061 jaka_arm_right success 0.281971 -0.299118 -0.387205 0.385111 0.618811 0.654117 0.202220 1.138997 0.923291 -1.461337 -1.277663 -0.515338 1.089837 -0.388720
1776408824.116409 jaka_arm_right success 0.282452 -0.298713 -0.387326 0.382809 0.619445 0.654630 0.202989 1.140126 0.922549 -1.461062 -1.279134 -0.516098 1.090813 -0.390287
1776408824.124750 jaka_arm_right success 0.282676 -0.298281 -0.387296 0.382516 0.620458 0.653728 0.203352 1.140108 0.921780 -1.460797 -1.279015 -0.516868 1.090419 -0.391032
1776408824.133087 jaka_arm_right success 0.282766 -0.297655 -0.387342 0.381952 0.621036 0.654195 0.201136 1.139230 0.921537 -1.462844 -1.279521 -0.517836 1.091639 -0.390361
1776408824.141461 jaka_arm_right success 0.283016 -0.297218 -0.387416 0.380597 0.622198 0.654200 0.200096 1.140754 0.919728 -1.464959 -1.280878 -0.519598 1.092592 -0.389803
1776408824.149806 jaka_arm_right success 0.283279 -0.296601 -0.387564 0.379478 0.622563 0.654926 0.198703 1.143870 0.917974 -1.468105 -1.281075 -0.520605 1.093107 -0.386803
1776408824.158193 jaka_arm_right success 0.283492 -0.295957 -0.387637 0.379070 0.623132 0.654968 0.197560 1.144903 0.917169 -1.469812 -1.280720 -0.521732 1.092817 -0.385806
1776408824.166454 jaka_arm_right success 0.283528 -0.295465 -0.387703 0.378933 0.624136 0.654735 0.195414 1.148479 0.913250 -1.473506 -1.280227 -0.523165 1.092308 -0.380718
1776408824.174752 jaka_arm_right success 0.283933 -0.295005 -0.387847 0.377109 0.624705 0.655469 0.194660 1.149957 0.912962 -1.475121 -1.281039 -0.524240 1.093749 -0.381038
1776408824.183046 jaka_arm_right success 0.284118 -0.294264 -0.387973 0.377313 0.624632 0.655879 0.193111 1.151897 0.912943 -1.477895 -1.280050 -0.524656 1.094048 -0.378573
1776408824.191429 jaka_arm_right success 0.284177 -0.293748 -0.388057 0.376715 0.626010 0.655327 0.191687 1.154375 0.909767 -1.480372 -1.279165 -0.526929 1.093645 -0.376705
1776408824.199736 jaka_arm_right success 0.284473 -0.293204 -0.388230 0.375435 0.626354 0.656002 0.190760 1.157339 0.909665 -1.483039 -1.278948 -0.527855 1.095140 -0.375774
1776408824.208091 jaka_arm_right success 0.284600 -0.292701 -0.388264 0.374723 0.627482 0.655831 0.189036 1.159335 0.906999 -1.485812 -1.278030 -0.529277 1.096184 -0.373286
1776408824.216471 jaka_arm_right success 0.284866 -0.292264 -0.388331 0.373345 0.628738 0.655537 0.188608 1.160430 0.905460 -1.486839 -1.278476 -0.531086 1.096829 -0.374086
1776408824.224762 jaka_arm_right success 0.284822 -0.291462 -0.388355 0.373584 0.629021 0.655803 0.186252 1.162660 0.903962 -1.490398 -1.277436 -0.531555 1.097210 -0.369660
1776408824.233170 jaka_arm_right success 0.285132 -0.290850 -0.388476 0.371729 0.629334 0.656842 0.185243 1.170630 0.903074 -1.495334 -1.273671 -0.533711 1.099757 -0.368096
1776408824.241425 jaka_arm_right success 0.285266 -0.290461 -0.388539 0.370674 0.630820 0.656352 0.184031 1.170436 0.901857 -1.496332 -1.274280 -0.535177 1.100619 -0.368646
1776408824.249787 jaka_arm_right success 0.285401 -0.289948 -0.388557 0.369435 0.632013 0.656293 0.182640 1.173183 0.898046 -1.498861 -1.273184 -0.536453 1.102655 -0.365913
1776408824.258138 jaka_arm_right success 0.285570 -0.289330 -0.388652 0.369197 0.631834 0.656808 0.181884 1.173159 0.898442 -1.499578 -1.273592 -0.536358 1.103377 -0.365530
1776408824.266420 jaka_arm_right success 0.285705 -0.288756 -0.388698 0.367944 0.632610 0.657085 0.180723 1.178998 0.897628 -1.503957 -1.271155 -0.538713 1.104490 -0.364004
1776408824.274755 jaka_arm_right success 0.285845 -0.288333 -0.388723 0.367550 0.633558 0.656625 0.179874 1.178509 0.896838 -1.504743 -1.271153 -0.539755 1.104775 -0.364153
1776408824.283173 jaka_arm_right success 0.286095 -0.287878 -0.388713 0.366475 0.634192 0.656770 0.179302 1.179935 0.895634 -1.506104 -1.271337 -0.540896 1.105755 -0.363912
1776408824.291434 jaka_arm_right success 0.286349 -0.287455 -0.388786 0.366064 0.634692 0.656287 0.180141 1.180289 0.895216 -1.505722 -1.271389 -0.541206 1.105528 -0.364473
1776408824.299776 jaka_arm_right success 0.286615 -0.286928 -0.388824 0.364748 0.634726 0.657482 0.178324 1.187405 0.894987 -1.510794 -1.268496 -0.543108 1.107027 -0.362021
1776408824.308056 jaka_arm_right success 0.286893 -0.286577 -0.388772 0.363948 0.635354 0.657768 0.176659 1.189035 0.892655 -1.512916 -1.267435 -0.543713 1.109773 -0.360096
1776408824.316466 jaka_arm_right success 0.286933 -0.285970 -0.388697 0.364022 0.634997 0.658785 0.173982 1.194550 0.891337 -1.517090 -1.262403 -0.543689 1.113631 -0.356101
1776408824.324753 jaka_arm_right success 0.287353 -0.285562 -0.388701 0.363494 0.634623 0.659452 0.173923 1.195164 0.892448 -1.517548 -1.262409 -0.543489 1.114518 -0.356528
1776408824.333089 jaka_arm_right success 0.287457 -0.285092 -0.388584 0.362874 0.634965 0.660490 0.169986 1.202592 0.889090 -1.523596 -1.256156 -0.544328 1.120486 -0.351088
1776408824.341436 jaka_arm_right success 0.287881 -0.284910 -0.388505 0.361543 0.635258 0.661230 0.168846 1.206688 0.887186 -1.525415 -1.250955 -0.544043 1.126133 -0.350114
1776408824.349748 jaka_arm_right success 0.287907 -0.284501 -0.388277 0.362280 0.634715 0.662273 0.165181 1.207540 0.885621 -1.528767 -1.250215 -0.543098 1.128983 -0.344615
1776408824.358056 jaka_arm_right success 0.288341 -0.284180 -0.388217 0.360856 0.634260 0.664040 0.162933 1.219069 0.884500 -1.535073 -1.238940 -0.543970 1.137707 -0.341991
1776408824.366409 jaka_arm_right success 0.288841 -0.283859 -0.388164 0.359617 0.633497 0.665591 0.162311 1.220265 0.886102 -1.535101 -1.235716 -0.542540 1.143339 -0.344019
1776408824.374762 jaka_arm_right success 0.289191 -0.283614 -0.387988 0.359065 0.632876 0.667024 0.160060 1.227830 0.885092 -1.539301 -1.228728 -0.542575 1.149733 -0.341380
1776408824.383103 jaka_arm_right success 0.289304 -0.283182 -0.387723 0.358534 0.632697 0.668313 0.156544 1.231921 0.881934 -1.543040 -1.224784 -0.541768 1.155653 -0.335966
1776408824.391441 jaka_arm_right success 0.289522 -0.282718 -0.387437 0.358925 0.631102 0.670134 0.154280 1.238117 0.882273 -1.546978 -1.216550 -0.540130 1.162953 -0.332341
1776408824.399736 jaka_arm_right success 0.289848 -0.282552 -0.387225 0.357938 0.630599 0.671614 0.152182 1.243414 0.880817 -1.549701 -1.210317 -0.539335 1.170495 -0.330432
1776408824.408172 jaka_arm_right success 0.290320 -0.282238 -0.386934 0.356798 0.630346 0.672677 0.151212 1.248560 0.882785 -1.552704 -1.205747 -0.540134 1.174105 -0.331066
1776408824.416392 jaka_arm_right success 0.290622 -0.281907 -0.386620 0.356486 0.629487 0.674041 0.149443 1.249756 0.881469 -1.553757 -1.205103 -0.538660 1.177398 -0.328035
1776408824.424741 jaka_arm_right success 0.290999 -0.281446 -0.386353 0.355877 0.628209 0.675920 0.147778 1.259499 0.883304 -1.558085 -1.190063 -0.538003 1.189580 -0.329082
1776408824.433087 jaka_arm_right success 0.291507 -0.281343 -0.385957 0.354597 0.628425 0.676783 0.145974 1.261821 0.880602 -1.559812 -1.190621 -0.537875 1.192211 -0.325792
1776408824.441475 jaka_arm_right success 0.291878 -0.280959 -0.385598 0.354365 0.627289 0.678273 0.144501 1.264426 0.880727 -1.561528 -1.189644 -0.536709 1.194443 -0.322761
1776408824.449782 jaka_arm_right success 0.292140 -0.280406 -0.385068 0.354691 0.626086 0.679897 0.141247 1.271205 0.879789 -1.566339 -1.184402 -0.536094 1.199229 -0.316722
1776408824.458099 jaka_arm_right success 0.292722 -0.280013 -0.384654 0.354484 0.624554 0.681521 0.140721 1.272243 0.881928 -1.566894 -1.182697 -0.534523 1.202023 -0.316525
1776408824.466450 jaka_arm_right success 0.293099 -0.279728 -0.384128 0.354532 0.624700 0.681779 0.138688 1.274048 0.879585 -1.568802 -1.181913 -0.534332 1.203614 -0.312495
1776408824.474767 jaka_arm_right success 0.293673 -0.279471 -0.383670 0.353281 0.624811 0.682663 0.137024 1.280548 0.877548 -1.572469 -1.179083 -0.535055 1.206993 -0.308586
1776408824.483048 jaka_arm_right success 0.294270 -0.279098 -0.383139 0.351861 0.624625 0.683982 0.134929 1.289680 0.876547 -1.577265 -1.170447 -0.535789 1.214830 -0.306216
1776408824.491405 jaka_arm_right success 0.294511 -0.278582 -0.382461 0.352062 0.624234 0.685078 0.130587 1.290984 0.873490 -1.580474 -1.170173 -0.534481 1.218724 -0.299027
1776408824.499726 jaka_arm_right success 0.295388 -0.278208 -0.382053 0.350135 0.624411 0.685813 0.131064 1.297660 0.875073 -1.582892 -1.167662 -0.536450 1.219833 -0.300410
1776408824.508183 jaka_arm_right success 0.295959 -0.277342 -0.381494 0.348506 0.622932 0.688614 0.127715 1.310136 0.875720 -1.588874 -1.149472 -0.535364 1.237158 -0.299554
1776408824.516475 jaka_arm_right success 0.296582 -0.277108 -0.380781 0.347337 0.624467 0.688036 0.126511 1.311084 0.873347 -1.590490 -1.150706 -0.537076 1.238249 -0.298655
1776408824.524719 jaka_arm_right success 0.297192 -0.276479 -0.380176 0.345076 0.624772 0.689467 0.123361 1.317182 0.867750 -1.594282 -1.151788 -0.537195 1.241503 -0.290325
1776408824.533119 jaka_arm_right success 0.297790 -0.275746 -0.379488 0.344236 0.624630 0.690517 0.120522 1.322335 0.866730 -1.598563 -1.151320 -0.537779 1.243182 -0.284648
1776408824.541436 jaka_arm_right success 0.298667 -0.274729 -0.378915 0.342514 0.623130 0.692999 0.118939 1.335478 0.871058 -1.604885 -1.138136 -0.539102 1.253455 -0.285784
1776408824.549751 jaka_arm_right success 0.299374 -0.273977 -0.378226 0.340418 0.624162 0.693676 0.115542 1.339000 0.865757 -1.608221 -1.138642 -0.539611 1.257611 -0.279422
1776408824.558101 jaka_arm_right success 0.300355 -0.273277 -0.377496 0.338364 0.624490 0.694592 0.114294 1.346415 0.865555 -1.612233 -1.137337 -0.541500 1.259343 -0.276739
1776408824.566471 jaka_arm_right success 0.301181 -0.272569 -0.376749 0.336278 0.626126 0.694649 0.111115 1.354447 0.862648 -1.618093 -1.134388 -0.544760 1.262936 -0.272239
1776408824.574802 jaka_arm_right success 0.301940 -0.271905 -0.375881 0.334111 0.628347 0.694358 0.106851 1.362660 0.856306 -1.624573 -1.132975 -0.547888 1.267115 -0.264031
1776408824.583120 jaka_arm_right success 0.303048 -0.270714 -0.375087 0.332193 0.628208 0.695698 0.104912 1.370349 0.855891 -1.629113 -1.130922 -0.549062 1.270569 -0.259865
1776408824.591380 jaka_arm_right success 0.304162 -0.269497 -0.374394 0.329829 0.629330 0.696186 0.102380 1.379194 0.854560 -1.634755 -1.128332 -0.552132 1.273435 -0.255895
1776408824.599736 jaka_arm_right success 0.305491 -0.268691 -0.373600 0.325368 0.631760 0.696561 0.099085 1.397212 0.851942 -1.644540 -1.114241 -0.557895 1.286729 -0.254056
1776408824.608024 jaka_arm_right success 0.306619 -0.267628 -0.372707 0.323125 0.633961 0.696149 0.095185 1.401919 0.845691 -1.649217 -1.115341 -0.560498 1.289393 -0.246854
1776408824.616371 jaka_arm_right success 0.307851 -0.266251 -0.371907 0.321294 0.635663 0.695938 0.091504 1.412080 0.841044 -1.656305 -1.116809 -0.564213 1.289613 -0.236750
1776408824.624691 jaka_arm_right success 0.309173 -0.265001 -0.371062 0.318301 0.637462 0.696146 0.087795 1.424398 0.840857 -1.665131 -1.115299 -0.569847 1.291264 -0.231066
1776408824.633087 jaka_arm_right success 0.310573 -0.263786 -0.370266 0.315942 0.640071 0.695169 0.085030 1.431526 0.834671 -1.669896 -1.116210 -0.573346 1.293146 -0.224375
1776408824.641447 jaka_arm_right success 0.312178 -0.262486 -0.369681 0.311496 0.641788 0.695778 0.083494 1.447547 0.837870 -1.678423 -1.105591 -0.579493 1.301013 -0.226004
1776408824.649714 jaka_arm_right success 0.313262 -0.261208 -0.368949 0.309138 0.644281 0.695047 0.079026 1.456733 0.831555 -1.685547 -1.106562 -0.583693 1.303270 -0.215985
1776408824.658021 jaka_arm_right success 0.314893 -0.260124 -0.368577 0.303790 0.647061 0.695004 0.077411 1.475604 0.832991 -1.695717 -1.095422 -0.592419 1.311586 -0.217306
1776408824.666413 jaka_arm_right success 0.316214 -0.258754 -0.367966 0.300404 0.648490 0.695602 0.073188 1.488344 0.830323 -1.703691 -1.092246 -0.596194 1.317600 -0.209463
1776408824.674723 jaka_arm_right success 0.317784 -0.257440 -0.367449 0.297672 0.651299 0.694544 0.069361 1.501333 0.827159 -1.712564 -1.089183 -0.602542 1.320661 -0.201946
1776408824.683091 jaka_arm_right success 0.319373 -0.256056 -0.366806 0.296571 0.654269 0.692733 0.064021 1.513545 0.821651 -1.722056 -1.088581 -0.608521 1.321777 -0.189227
1776408824.691432 jaka_arm_right success 0.321383 -0.254756 -0.366402 0.293614 0.657814 0.691093 0.058841 1.532021 0.817802 -1.734543 -1.082729 -0.617409 1.326445 -0.178521
1776408824.699728 jaka_arm_right success 0.323420 -0.253228 -0.365925 0.291855 0.660573 0.689694 0.052793 1.548875 0.814508 -1.746452 -1.078432 -0.624566 1.330074 -0.165290
1776408824.708091 jaka_arm_right success 0.325426 -0.251808 -0.365407 0.291640 0.664172 0.686758 0.046742 1.562668 0.807540 -1.757146 -1.078923 -0.632047 1.328876 -0.148710
1776408824.716422 jaka_arm_right success 0.327328 -0.250264 -0.364800 0.291750 0.667345 0.684074 0.039677 1.578536 0.802549 -1.770162 -1.080342 -0.640181 1.327431 -0.129360
1776408824.724707 jaka_arm_right success 0.329432 -0.248661 -0.364308 0.291982 0.670266 0.681417 0.034071 1.591726 0.797163 -1.780355 -1.081720 -0.646719 1.325934 -0.112488
1776408824.733101 jaka_arm_right success 0.331690 -0.246745 -0.363893 0.291783 0.671928 0.680061 0.029860 1.604245 0.797253 -1.789866 -1.082768 -0.652975 1.322224 -0.099307
1776408824.741425 jaka_arm_right success 0.333620 -0.244913 -0.363341 0.293310 0.674448 0.677128 0.024218 1.618135 0.792895 -1.801005 -1.084675 -0.660384 1.318777 -0.080762
1776408824.749722 jaka_arm_right success 0.335645 -0.243315 -0.362745 0.293604 0.678320 0.673317 0.017981 1.633743 0.788944 -1.814469 -1.089557 -0.670994 1.312148 -0.060841
1776408824.758049 jaka_arm_right success 0.337841 -0.241294 -0.362277 0.293609 0.680277 0.671449 0.013157 1.646342 0.785559 -1.823733 -1.091615 -0.676552 1.311217 -0.044971
1776408824.766425 jaka_arm_right success 0.339665 -0.239234 -0.361710 0.295300 0.682212 0.668838 0.006386 1.661061 0.783037 -1.836249 -1.093628 -0.684023 1.308216 -0.024103
1776408824.774786 jaka_arm_right success 0.341604 -0.237121 -0.361168 0.296108 0.683959 0.666723 0.000886 1.673837 0.781917 -1.846483 -1.095371 -0.690261 1.305266 -0.007102
1776408824.783067 jaka_arm_right success 0.343662 -0.234923 -0.360790 -0.295339 -0.686442 -0.664496 0.004153 1.688476 0.780794 -1.858311 -1.097924 -0.699022 1.303330 0.008658
1776408824.791417 jaka_arm_right success 0.345547 -0.232859 -0.360297 -0.294438 -0.688584 -0.662608 0.010452 1.705665 0.782177 -1.871035 -1.097395 -0.707769 1.303116 0.024191
1776408824.799803 jaka_arm_right success 0.347547 -0.230747 -0.359934 -0.292952 -0.691348 -0.660304 0.014659 1.722271 0.782323 -1.882468 -1.095235 -0.716770 1.304477 0.036490
1776408824.808075 jaka_arm_right success 0.349110 -0.228336 -0.359350 -0.292828 -0.693021 -0.658402 0.021895 1.739581 0.782811 -1.894987 -1.091256 -0.723612 1.308660 0.053479
1776408824.816449 jaka_arm_right success 0.350943 -0.226206 -0.358941 -0.291750 -0.695886 -0.655706 0.025979 1.754524 0.781796 -1.905381 -1.091761 -0.732121 1.308770 0.066822
1776408824.824719 jaka_arm_right success 0.352819 -0.223879 -0.358581 -0.290660 -0.697263 -0.654553 0.030024 1.769797 0.786232 -1.915754 -1.086722 -0.739629 1.310662 0.076299
1776408824.833132 jaka_arm_right success 0.354468 -0.221638 -0.358097 -0.290642 -0.699191 -0.652298 0.034160 1.780855 0.784008 -1.923625 -1.087354 -0.744701 1.311929 0.089784
1776408824.841451 jaka_arm_right success 0.356040 -0.219460 -0.357569 -0.291296 -0.701191 -0.649612 0.038480 1.794400 0.785117 -1.934003 -1.088282 -0.752707 1.309058 0.105337
1776408824.849738 jaka_arm_right success 0.357589 -0.217305 -0.357029 -0.291564 -0.703159 -0.647021 0.043842 1.808143 0.784182 -1.944317 -1.089567 -0.759737 1.309407 0.122064
1776408824.858097 jaka_arm_right success 0.359151 -0.215175 -0.356513 -0.292857 -0.704015 -0.645271 0.047151 1.820569 0.787890 -1.953465 -1.088971 -0.767089 1.305589 0.134724
1776408824.866424 jaka_arm_right success 0.360737 -0.213348 -0.356098 -0.292795 -0.706109 -0.642797 0.049929 1.830401 0.787473 -1.960739 -1.090433 -0.772952 1.304337 0.146358
1776408824.874850 jaka_arm_right success 0.362004 -0.211527 -0.355610 -0.294083 -0.708120 -0.639724 0.053234 1.842878 0.787291 -1.969944 -1.092761 -0.781005 1.300396 0.162006
1776408824.883127 jaka_arm_right success 0.363070 -0.209707 -0.355074 -0.296918 -0.708764 -0.637531 0.055195 1.845851 0.786261 -1.974680 -1.101751 -0.785401 1.290917 0.175787
1776408824.891403 jaka_arm_right success 0.364097 -0.208044 -0.354543 -0.298994 -0.708904 -0.636180 0.057734 1.849682 0.787669 -1.980039 -1.110241 -0.789596 1.281351 0.189889
1776408824.899737 jaka_arm_right success 0.365217 -0.206567 -0.354225 -0.299314 -0.708735 -0.636113 0.058869 1.852387 0.787831 -1.982180 -1.114974 -0.790862 1.277850 0.197040
1776408824.908197 jaka_arm_right success 0.366299 -0.205196 -0.354108 -0.299319 -0.707570 -0.637501 0.057834 1.852910 0.790941 -1.981124 -1.115054 -0.789580 1.276158 0.196322
1776408824.916387 jaka_arm_right success 0.366774 -0.204198 -0.353799 -0.299804 -0.706025 -0.638709 0.060809 1.852849 0.793555 -1.982401 -1.114403 -0.788135 1.277020 0.199094
1776408824.924704 jaka_arm_right success 0.367426 -0.203296 -0.353740 -0.298302 -0.704105 -0.641522 0.060845 1.858891 0.801853 -1.983325 -1.099476 -0.787286 1.286162 0.190137
1776408824.933044 jaka_arm_right success 0.367817 -0.202514 -0.353626 -0.296946 -0.701600 -0.644716 0.062618 1.860355 0.806402 -1.981975 -1.091308 -0.782032 1.294307 0.186715
1776408824.941460 jaka_arm_right success 0.368184 -0.201933 -0.353734 -0.294669 -0.698670 -0.648861 0.063332 1.864632 0.813937 -1.980290 -1.072622 -0.776788 1.310228 0.174028
1776408824.949831 jaka_arm_right success 0.368666 -0.201423 -0.353850 -0.292381 -0.696570 -0.652086 0.063940 1.869995 0.823190 -1.980437 -1.053903 -0.774454 1.322936 0.161914
1776408824.958109 jaka_arm_right success 0.369015 -0.201090 -0.353842 -0.290737 -0.694528 -0.654810 0.065787 1.876576 0.827596 -1.980953 -1.042498 -0.771164 1.333548 0.159640
1776408824.966451 jaka_arm_right success 0.369288 -0.200721 -0.353974 -0.289288 -0.692652 -0.657209 0.067994 1.881625 0.835479 -1.982782 -1.023322 -0.769693 1.347860 0.149542
1776408824.974781 jaka_arm_right success 0.369509 -0.200299 -0.354099 -0.288527 -0.691111 -0.659007 0.069485 1.886589 0.838626 -1.983739 -1.017925 -0.768084 1.352296 0.151029
1776408824.983065 jaka_arm_right success 0.369935 -0.200020 -0.354386 -0.286672 -0.690689 -0.660295 0.069119 1.888648 0.842721 -1.983178 -1.005331 -0.767072 1.361665 0.140513
1776408824.991391 jaka_arm_right success 0.370034 -0.199643 -0.354526 -0.286062 -0.689695 -0.661449 0.070536 1.893331 0.847893 -1.985760 -1.000462 -0.768084 1.363557 0.140920
1776408824.999770 jaka_arm_right success 0.370052 -0.199332 -0.354589 -0.285372 -0.688766 -0.662423 0.073207 1.898761 0.849362 -1.987140 -0.985364 -0.765614 1.378168 0.137667
1776408825.008190 jaka_arm_right success 0.370089 -0.199046 -0.354707 -0.285307 -0.687955 -0.663246 0.073640 1.898614 0.850814 -1.986945 -0.985242 -0.764611 1.378211 0.138024
1776408825.016423 jaka_arm_right success 0.370108 -0.198784 -0.354849 -0.285309 -0.687088 -0.664145 0.073626 1.897953 0.854070 -1.986775 -0.984128 -0.764538 1.377157 0.135543
1776408825.024716 jaka_arm_right success 0.370148 -0.198619 -0.355016 -0.284904 -0.686354 -0.665055 0.073830 1.899108 0.856602 -1.986212 -0.974764 -0.762973 1.384020 0.129546
1776408825.033085 jaka_arm_right success 0.370106 -0.198427 -0.355246 -0.284581 -0.685592 -0.665904 0.074487 1.899870 0.858157 -1.986569 -0.973988 -0.762443 1.384782 0.129989
1776408825.041464 jaka_arm_right success 0.370144 -0.198185 -0.355494 -0.283611 -0.684507 -0.667236 0.076229 1.906598 0.862431 -1.988804 -0.956013 -0.762095 1.398645 0.123342
1776408825.049712 jaka_arm_right success 0.370237 -0.197799 -0.355806 -0.282756 -0.683139 -0.668897 0.077115 1.906724 0.867431 -1.988434 -0.952430 -0.760741 1.400154 0.119745
1776408825.058092 jaka_arm_right success 0.370232 -0.197526 -0.356006 -0.281881 -0.682162 -0.669969 0.079622 1.916125 0.870179 -1.991540 -0.937571 -0.759843 1.413048 0.120410
1776408825.066427 jaka_arm_right success 0.370296 -0.197078 -0.356236 -0.280270 -0.680983 -0.671502 0.082434 1.921820 0.876567 -1.994354 -0.920596 -0.759989 1.426147 0.112771
1776408825.074928 jaka_arm_right success 0.370077 -0.196728 -0.356330 -0.279159 -0.680925 -0.671398 0.087389 1.932628 0.879948 -2.000258 -0.909800 -0.761955 1.436295 0.117433
1776408825.083133 jaka_arm_right success 0.370416 -0.195979 -0.356715 -0.276195 -0.679558 -0.673888 0.088278 1.938646 0.886816 -2.000738 -0.888012 -0.760416 1.453788 0.103173
1776408825.091404 jaka_arm_right success 0.370202 -0.195242 -0.356835 -0.274995 -0.679339 -0.674077 0.092172 1.946128 0.890836 -2.006021 -0.881302 -0.762720 1.459516 0.107569
1776408825.099768 jaka_arm_right success 0.370074 -0.194413 -0.356989 -0.273217 -0.679267 -0.674432 0.095338 1.955575 0.895814 -2.010392 -0.865669 -0.764700 1.471899 0.104153
1776408825.108110 jaka_arm_right success 0.370312 -0.193639 -0.357324 -0.269408 -0.680241 -0.674869 0.096146 1.961941 0.898953 -2.012867 -0.851278 -0.766435 1.485290 0.094941
1776408825.116449 jaka_arm_right success 0.370004 -0.192716 -0.357409 -0.267925 -0.680877 -0.674524 0.098183 1.966282 0.900643 -2.016224 -0.851452 -0.769181 1.486333 0.097745
1776408825.124722 jaka_arm_right success 0.369593 -0.191698 -0.357493 -0.266250 -0.681757 -0.674044 0.099919 1.969984 0.902024 -2.019377 -0.850473 -0.771687 1.488779 0.099178
1776408825.133153 jaka_arm_right success 0.369431 -0.190697 -0.357689 -0.263727 -0.683115 -0.673587 0.100416 1.973036 0.905273 -2.021905 -0.847026 -0.775079 1.491447 0.094196
1776408825.141423 jaka_arm_right success 0.369175 -0.189676 -0.357821 -0.261235 -0.684432 -0.673194 0.100596 1.978733 0.906160 -2.024421 -0.843541 -0.778059 1.495122 0.092771
1776408825.149795 jaka_arm_right success 0.368908 -0.188608 -0.357890 -0.258698 -0.685548 -0.672930 0.101313 1.979295 0.908047 -2.026081 -0.843865 -0.780133 1.496931 0.089270
1776408825.158122 jaka_arm_right success 0.368611 -0.187479 -0.358072 -0.256165 -0.687158 -0.672162 0.101939 1.982837 0.909178 -2.028868 -0.844219 -0.783593 1.498126 0.088489
1776408825.166438 jaka_arm_right success 0.368398 -0.186619 -0.358279 -0.252996 -0.689470 -0.670865 0.102784 1.989594 0.910250 -2.032972 -0.841469 -0.788561 1.501929 0.087029
1776408825.174833 jaka_arm_right success 0.368328 -0.185537 -0.358506 -0.250524 -0.690686 -0.670733 0.101531 1.990160 0.911022 -2.033522 -0.842755 -0.790519 1.501831 0.083245
1776408825.183135 jaka_arm_right success 0.368042 -0.184593 -0.358619 -0.249995 -0.691909 -0.669633 0.101765 1.990657 0.910496 -2.034524 -0.843470 -0.792381 1.501823 0.082154
1776408825.191413 jaka_arm_right success 0.367675 -0.183677 -0.358754 -0.248732 -0.693050 -0.668757 0.102850 1.991302 0.911602 -2.037086 -0.844328 -0.795201 1.501786 0.082049
1776408825.199771 jaka_arm_right success 0.367587 -0.182818 -0.359064 -0.246801 -0.694098 -0.668532 0.101895 1.992860 0.912267 -2.037634 -0.845792 -0.796886 1.501397 0.079933
1776408825.208103 jaka_arm_right success 0.367099 -0.181923 -0.359142 -0.246976 -0.693877 -0.668313 0.104380 1.992018 0.914147 -2.039416 -0.845429 -0.797222 1.501976 0.081877
1776408825.216417 jaka_arm_right success 0.367084 -0.181219 -0.359469 -0.244225 -0.695044 -0.667941 0.105462 1.999600 0.916573 -2.043093 -0.841740 -0.800978 1.505887 0.081504
1776408825.224735 jaka_arm_right success 0.366948 -0.180585 -0.359758 -0.243343 -0.695734 -0.667466 0.105960 2.000055 0.918397 -2.044665 -0.841607 -0.802935 1.505441 0.080279
1776408825.233095 jaka_arm_right success 0.367054 -0.179902 -0.360041 -0.241593 -0.695935 -0.667855 0.106191 2.002575 0.922515 -2.046145 -0.836145 -0.804642 1.508088 0.075375
1776408825.241519 jaka_arm_right success 0.366993 -0.179311 -0.360360 -0.240206 -0.696245 -0.667852 0.107320 2.009529 0.923942 -2.048618 -0.827968 -0.805897 1.515277 0.075138
1776408825.249762 jaka_arm_right success 0.366922 -0.178901 -0.360548 -0.239811 -0.696786 -0.667171 0.108915 2.010381 0.925009 -2.050672 -0.827135 -0.807772 1.516121 0.075264
1776408825.258088 jaka_arm_right success 0.367024 -0.178307 -0.360884 -0.237987 -0.696140 -0.668232 0.110531 2.019930 0.931174 -2.053279 -0.803999 -0.809045 1.530922 0.064663
1776408825.266646 jaka_arm_right success 0.367353 -0.177972 -0.361302 -0.236083 -0.696501 -0.668559 0.110362 2.020988 0.933477 -2.054449 -0.804296 -0.810351 1.531253 0.063031
1776408825.274752 jaka_arm_right success 0.367297 -0.177651 -0.361482 -0.235964 -0.696549 -0.668197 0.112488 2.025575 0.936044 -2.057377 -0.798251 -0.811915 1.535111 0.064663
1776408825.283082 jaka_arm_right success 0.367592 -0.177381 -0.361781 -0.234781 -0.696526 -0.668387 0.113970 2.034040 0.938589 -2.060031 -0.783778 -0.813271 1.546198 0.060723
1776408825.291454 jaka_arm_right success 0.367971 -0.177096 -0.362145 -0.233492 -0.696364 -0.668974 0.114157 2.035860 0.942255 -2.060815 -0.773150 -0.814080 1.552003 0.052639
1776408825.299755 jaka_arm_right success 0.368242 -0.176774 -0.362464 -0.233332 -0.696094 -0.669177 0.114944 2.038030 0.944655 -2.062031 -0.772138 -0.814839 1.551374 0.054371
1776408825.308104 jaka_arm_right success 0.368413 -0.176436 -0.362720 -0.232995 -0.695484 -0.669402 0.117969 2.045651 0.948260 -2.065734 -0.761530 -0.816132 1.559089 0.056489
1776408825.316403 jaka_arm_right success 0.368933 -0.176366 -0.363082 -0.231550 -0.696014 -0.669282 0.118366 2.052715 0.952396 -2.067925 -0.741190 -0.818795 1.570796 0.044209
1776408825.324723 jaka_arm_right success 0.369371 -0.175916 -0.363459 -0.230998 -0.695080 -0.670331 0.118993 2.054902 0.956207 -2.069815 -0.738752 -0.817857 1.570796 0.044181
1776408825.333151 jaka_arm_right success 0.369810 -0.175671 -0.363820 -0.230129 -0.694878 -0.670434 0.121257 2.069725 0.951623 -2.111392 -0.722358 -0.786843 1.570796 0.030312
1776408825.341397 jaka_arm_right success 0.370304 -0.175467 -0.364211 -0.228875 -0.694585 -0.671014 0.122100 2.086744 0.950135 -2.152323 -0.701478 -0.757421 1.570796 0.012602
1776408825.349827 jaka_arm_right success 0.370837 -0.175087 -0.364525 -0.227128 -0.693371 -0.672504 0.124050 2.111181 0.941780 -2.234963 -0.672226 -0.690277 1.570796 -0.020612
1776408825.358086 jaka_arm_right success 0.371202 -0.174945 -0.364763 -0.226631 -0.693404 -0.672169 0.126563 2.119791 0.939531 -2.260400 -0.666999 -0.672561 1.570796 -0.024670
1776408825.366429 jaka_arm_right success 0.371832 -0.174594 -0.365200 -0.225264 -0.692829 -0.673245 0.126432 2.129658 0.939519 -2.290932 -0.655570 -0.648209 1.570796 -0.038330
1776408825.374739 jaka_arm_right success 0.372269 -0.174520 -0.365520 -0.224389 -0.692907 -0.673343 0.127036 2.140896 0.935896 -2.327079 -0.645932 -0.619631 1.570682 -0.051444
1776408825.383086 jaka_arm_right success 0.372554 -0.174369 -0.365730 -0.225056 -0.692767 -0.672861 0.129156 2.145100 0.937666 -2.335431 -0.642550 -0.615721 1.570796 -0.049473
1776408825.391428 jaka_arm_right success 0.372990 -0.174215 -0.366046 -0.225071 -0.692275 -0.673230 0.129849 2.162689 0.934512 -2.395730 -0.623214 -0.566982 1.570796 -0.070592
1776408825.399756 jaka_arm_right success 0.373634 -0.174068 -0.366563 -0.224220 -0.691650 -0.674272 0.129237 2.170283 0.935067 -2.422560 -0.614479 -0.544726 1.570796 -0.082866
1776408825.408167 jaka_arm_right success 0.374184 -0.174012 -0.366950 -0.223344 -0.691023 -0.674894 0.130853 2.198094 0.930058 -2.520924 -0.592323 -0.464766 1.570796 -0.113313
1776408825.416396 jaka_arm_right success 0.374571 -0.173953 -0.367305 -0.223585 -0.690253 -0.675041 0.133721 2.229261 0.925460 -2.635650 -0.572330 -0.372209 1.570796 -0.143452
1776408825.424733 jaka_arm_right success 0.375289 -0.173850 -0.367787 -0.222030 -0.688716 -0.676627 0.136195 2.320105 0.914340 -3.003322 -0.543916 -0.066903 1.570796 -0.246715
1776408825.433425 jaka_arm_right solver_failed 0.375779 -0.173844 -0.368223 -0.221350 -0.687751 -0.677146 0.139553 2.320105 0.914340 -3.003322 -0.543916 -0.066903 1.570796 -0.246715
1776408825.441480 jaka_arm_right solver_failed 0.376061 -0.173968 -0.368517 -0.221410 -0.687014 -0.676853 0.144428 2.320105 0.914340 -3.003322 -0.543916 -0.066903 1.570796 -0.246715
1776408825.449776 jaka_arm_right solver_failed 0.376419 -0.174034 -0.368875 -0.221042 -0.686055 -0.677281 0.147510 2.320105 0.914340 -3.003322 -0.543916 -0.066903 1.570796 -0.246715
1776408825.458190 jaka_arm_right solver_failed 0.377151 -0.173893 -0.369372 -0.219204 -0.684543 -0.678834 0.150117 2.320105 0.914340 -3.003322 -0.543916 -0.066903 1.570796 -0.246715
1776408825.466493 jaka_arm_right solver_failed 0.377577 -0.173858 -0.369820 -0.218506 -0.683691 -0.679449 0.152219 2.320105 0.914340 -3.003322 -0.543916 -0.066903 1.570796 -0.246715
1776408825.474816 jaka_arm_right solver_failed 0.377787 -0.173809 -0.370045 -0.219238 -0.682531 -0.679531 0.155963 2.320105 0.914340 -3.003322 -0.543916 -0.066903 1.570796 -0.246715
1776408825.483160 jaka_arm_right solver_failed 0.378185 -0.173891 -0.370420 -0.218728 -0.682359 -0.679274 0.158529 2.320105 0.914340 -3.003322 -0.543916 -0.066903 1.570796 -0.246715
1776408825.491520 jaka_arm_right solver_failed 0.378710 -0.173754 -0.370870 -0.217208 -0.681165 -0.680665 0.159779 2.320105 0.914340 -3.003322 -0.543916 -0.066903 1.570796 -0.246715
1776408825.499838 jaka_arm_right solver_failed 0.378924 -0.173883 -0.371127 -0.217962 -0.681039 -0.680025 0.161998 2.320105 0.914340 -3.003322 -0.543916 -0.066903 1.570796 -0.246715
1776408825.508301 jaka_arm_right solver_failed 0.379234 -0.173697 -0.371437 -0.217990 -0.679079 -0.680859 0.166625 2.320105 0.914340 -3.003322 -0.543916 -0.066903 1.570796 -0.246715
1776408825.516517 jaka_arm_right solver_failed 0.379802 -0.173661 -0.371970 -0.216290 -0.678360 -0.681767 0.168048 2.320105 0.914340 -3.003322 -0.543916 -0.066903 1.570796 -0.246715
1776408825.524809 jaka_arm_right solver_failed 0.379955 -0.173792 -0.372197 -0.217422 -0.677286 -0.681373 0.172462 2.320105 0.914340 -3.003322 -0.543916 -0.066903 1.570796 -0.246715
1776408825.533376 jaka_arm_right solver_failed 0.380448 -0.173753 -0.372748 -0.217417 -0.676253 -0.681688 0.175253 2.320105 0.914340 -3.003322 -0.543916 -0.066903 1.570796 -0.246715
1776408825.541416 jaka_arm_right solver_failed 0.380899 -0.173691 -0.373202 -0.216393 -0.674945 -0.682571 0.178101 2.320105 0.914340 -3.003322 -0.543916 -0.066903 1.570796 -0.246715
1776408825.549818 jaka_arm_right solver_failed 0.381291 -0.173682 -0.373691 -0.215652 -0.673832 -0.682965 0.181670 2.320105 0.914340 -3.003322 -0.543916 -0.066903 1.570796 -0.246715
1776408825.558179 jaka_arm_right solver_failed 0.381342 -0.173819 -0.373930 -0.216959 -0.672870 -0.682368 0.185874 2.320105 0.914340 -3.003322 -0.543916 -0.066903 1.570796 -0.246715
1776408825.566477 jaka_arm_right solver_failed 0.381938 -0.173899 -0.374496 -0.215848 -0.672157 -0.683292 0.186350 2.320105 0.914340 -3.003322 -0.543916 -0.066903 1.570796 -0.246715
1776408825.574796 jaka_arm_right solver_failed 0.382133 -0.173998 -0.374757 -0.216102 -0.670671 -0.683750 0.189701 2.320105 0.914340 -3.003322 -0.543916 -0.066903 1.570796 -0.246715
1776408825.583126 jaka_arm_right solver_failed 0.382543 -0.174035 -0.375159 -0.216164 -0.669286 -0.684697 0.191100 2.320105 0.914340 -3.003322 -0.543916 -0.066903 1.570796 -0.246715
1776408825.591479 jaka_arm_right solver_failed 0.382947 -0.174128 -0.375524 -0.216544 -0.667944 -0.685387 0.192884 2.320105 0.914340 -3.003322 -0.543916 -0.066903 1.570796 -0.246715
1776408825.599890 jaka_arm_right solver_failed 0.383203 -0.174314 -0.375793 -0.217051 -0.666667 -0.685738 0.195465 2.320105 0.914340 -3.003322 -0.543916 -0.066903 1.570796 -0.246715
1776408825.608213 jaka_arm_right solver_failed 0.383719 -0.174361 -0.376235 -0.216775 -0.665339 -0.686568 0.197376 2.320105 0.914340 -3.003322 -0.543916 -0.066903 1.570796 -0.246715
1776408825.616525 jaka_arm_right solver_failed 0.384150 -0.174467 -0.376598 -0.216888 -0.664257 -0.686885 0.199779 2.320105 0.914340 -3.003322 -0.543916 -0.066903 1.570796 -0.246715
1776408825.624848 jaka_arm_right solver_failed 0.384375 -0.174562 -0.376782 -0.217409 -0.662732 -0.687129 0.203406 2.320105 0.914340 -3.003322 -0.543916 -0.066903 1.570796 -0.246715
1776408825.633146 jaka_arm_right solver_failed 0.384679 -0.174551 -0.377087 -0.217591 -0.661344 -0.687975 0.204862 2.320105 0.914340 -3.003322 -0.543916 -0.066903 1.570796 -0.246715
1776408825.641707 jaka_arm_right solver_failed 0.385137 -0.174595 -0.377467 -0.214887 -0.660284 -0.688690 0.208698 2.320105 0.914340 -3.003322 -0.543916 -0.066903 1.570796 -0.246715
1776408825.649784 jaka_arm_right solver_failed 0.385379 -0.174551 -0.377782 -0.214067 -0.659578 -0.689002 0.210734 2.320105 0.914340 -3.003322 -0.543916 -0.066903 1.570796 -0.246715
1776408825.658151 jaka_arm_right solver_failed 0.385423 -0.174606 -0.377866 -0.213720 -0.658878 -0.688406 0.215176 2.320105 0.914340 -3.003322 -0.543916 -0.066903 1.570796 -0.246715
1776408825.666588 jaka_arm_right solver_failed 0.385694 -0.174580 -0.378095 -0.212136 -0.658015 -0.688719 0.218360 2.320105 0.914340 -3.003322 -0.543916 -0.066903 1.570796 -0.246715
1776408825.674895 jaka_arm_right solver_failed 0.385843 -0.174553 -0.378246 -0.211720 -0.657524 -0.688564 0.220719 2.320105 0.914340 -3.003322 -0.543916 -0.066903 1.570796 -0.246715
1776408825.683239 jaka_arm_right solver_failed 0.386001 -0.174430 -0.378449 -0.211114 -0.656999 -0.688739 0.222311 2.320105 0.914340 -3.003322 -0.543916 -0.066903 1.570796 -0.246715
1776408825.691485 jaka_arm_right solver_failed 0.386161 -0.174322 -0.378619 -0.209577 -0.656828 -0.688430 0.225206 2.320105 0.914340 -3.003322 -0.543916 -0.066903 1.570796 -0.246715
1776408825.700036 jaka_arm_right solver_failed 0.386254 -0.174030 -0.378820 -0.208810 -0.656030 -0.689136 0.226084 2.320105 0.914340 -3.003322 -0.543916 -0.066903 1.570796 -0.246715
1776408825.708241 jaka_arm_right solver_failed 0.386226 -0.173978 -0.378890 -0.208133 -0.655979 -0.688698 0.228183 2.320105 0.914340 -3.003322 -0.543916 -0.066903 1.570796 -0.246715
1776408825.716440 jaka_arm_right solver_failed 0.386305 -0.173833 -0.379065 -0.206586 -0.656058 -0.688544 0.229820 2.320105 0.914340 -3.003322 -0.543916 -0.066903 1.570796 -0.246715
1776408825.724843 jaka_arm_right solver_failed 0.386254 -0.173575 -0.379164 -0.205271 -0.655962 -0.688071 0.232672 2.320105 0.914340 -3.003322 -0.543916 -0.066903 1.570796 -0.246715
1776408825.733172 jaka_arm_right solver_failed 0.386201 -0.173367 -0.379226 -0.204297 -0.655776 -0.688016 0.234211 2.320105 0.914340 -3.003322 -0.543916 -0.066903 1.570796 -0.246715
1776408825.741540 jaka_arm_right solver_failed 0.386310 -0.172946 -0.379485 -0.201393 -0.655649 -0.688300 0.236239 2.320105 0.914340 -3.003322 -0.543916 -0.066903 1.570796 -0.246715
1776408825.749783 jaka_arm_right solver_failed 0.386221 -0.172604 -0.379564 -0.200769 -0.655608 -0.687930 0.237956 2.320105 0.914340 -3.003322 -0.543916 -0.066903 1.570796 -0.246715
1776408825.758147 jaka_arm_right solver_failed 0.386268 -0.172334 -0.379791 -0.198929 -0.656443 -0.687341 0.238898 2.320105 0.914340 -3.003322 -0.543916 -0.066903 1.570796 -0.246715
1776408825.766543 jaka_arm_right solver_failed 0.386094 -0.172048 -0.379796 -0.197974 -0.656749 -0.686177 0.242175 2.320105 0.914340 -3.003322 -0.543916 -0.066903 1.570796 -0.246715
1776408825.774822 jaka_arm_right solver_failed 0.386054 -0.171632 -0.379901 -0.197089 -0.656719 -0.686177 0.242975 2.320105 0.914340 -3.003322 -0.543916 -0.066903 1.570796 -0.246715
1776408825.783153 jaka_arm_right solver_failed 0.386004 -0.171481 -0.379979 -0.196515 -0.658448 -0.684315 0.244009 2.320105 0.914340 -3.003322 -0.543916 -0.066903 1.570796 -0.246715
1776408825.791512 jaka_arm_right solver_failed 0.386026 -0.171104 -0.380142 -0.196067 -0.658954 -0.683937 0.244065 2.320105 0.914340 -3.003322 -0.543916 -0.066903 1.570796 -0.246715
1776408825.799841 jaka_arm_right solver_failed 0.385731 -0.170794 -0.380069 -0.196977 -0.659362 -0.682943 0.245010 2.320105 0.914340 -3.003322 -0.543916 -0.066903 1.570796 -0.246715
1776408825.808189 jaka_arm_right solver_failed 0.385653 -0.170547 -0.380224 -0.197731 -0.660336 -0.682080 0.244184 2.320105 0.914340 -3.003322 -0.543916 -0.066903 1.570796 -0.246715
1776408825.816510 jaka_arm_right solver_failed 0.385802 -0.170410 -0.380406 -0.196764 -0.661680 -0.680756 0.245019 2.320105 0.914340 -3.003322 -0.543916 -0.066903 1.570796 -0.246715
1776408825.824781 jaka_arm_right solver_failed 0.385864 -0.170223 -0.380595 -0.196783 -0.662274 -0.680132 0.245134 2.320105 0.914340 -3.003322 -0.543916 -0.066903 1.570796 -0.246715
1776408825.833194 jaka_arm_right solver_failed 0.385917 -0.170034 -0.380821 -0.197466 -0.663160 -0.679248 0.244639 2.320105 0.914340 -3.003322 -0.543916 -0.066903 1.570796 -0.246715
1776408825.841480 jaka_arm_right solver_failed 0.385920 -0.169965 -0.381007 -0.198359 -0.663644 -0.678342 0.245117 2.320105 0.914340 -3.003322 -0.543916 -0.066903 1.570796 -0.246715
1776408825.849886 jaka_arm_right solver_failed 0.386003 -0.169803 -0.381262 -0.198713 -0.663440 -0.678230 0.245693 2.320105 0.914340 -3.003322 -0.543916 -0.066903 1.570796 -0.246715
1776408825.858150 jaka_arm_right solver_failed 0.386369 -0.169722 -0.381690 -0.198096 -0.663429 -0.678316 0.245984 2.320105 0.914340 -3.003322 -0.543916 -0.066903 1.570796 -0.246715
1776408825.866507 jaka_arm_right solver_failed 0.386536 -0.169605 -0.382019 -0.198979 -0.663220 -0.678083 0.246476 2.320105 0.914340 -3.003322 -0.543916 -0.066903 1.570796 -0.246715
1776408825.874883 jaka_arm_right solver_failed 0.386732 -0.169616 -0.382279 -0.199296 -0.662999 -0.677887 0.247353 2.320105 0.914340 -3.003322 -0.543916 -0.066903 1.570796 -0.246715
1776408825.883198 jaka_arm_right solver_failed 0.386999 -0.169522 -0.382616 -0.198773 -0.662446 -0.678290 0.248147 2.320105 0.914340 -3.003322 -0.543916 -0.066903 1.570796 -0.246715
1776408825.891507 jaka_arm_right solver_failed 0.387156 -0.169449 -0.382879 -0.198659 -0.661561 -0.678779 0.249261 2.320105 0.914340 -3.003322 -0.543916 -0.066903 1.570796 -0.246715
1776408825.899782 jaka_arm_right solver_failed 0.387284 -0.169401 -0.383083 -0.198772 -0.660807 -0.678831 0.251023 2.320105 0.914340 -3.003322 -0.543916 -0.066903 1.570796 -0.246715
1776408825.908166 jaka_arm_right solver_failed 0.387392 -0.169334 -0.383285 -0.198751 -0.659955 -0.679252 0.252139 2.320105 0.914340 -3.003322 -0.543916 -0.066903 1.570796 -0.246715
1776408825.916519 jaka_arm_right solver_failed 0.387529 -0.169428 -0.383469 -0.198949 -0.659863 -0.679204 0.252354 2.320105 0.914340 -3.003322 -0.543916 -0.066903 1.570796 -0.246715
1776408825.924803 jaka_arm_right solver_failed 0.387646 -0.169465 -0.383557 -0.198894 -0.659464 -0.679269 0.253264 2.320105 0.914340 -3.003322 -0.543916 -0.066903 1.570796 -0.246715
1776408825.933191 jaka_arm_right solver_failed 0.387759 -0.169390 -0.383632 -0.198468 -0.658625 -0.679736 0.254523 2.320105 0.914340 -3.003322 -0.543916 -0.066903 1.570796 -0.246715
1776408825.941457 jaka_arm_right solver_failed 0.387829 -0.169359 -0.383698 -0.197976 -0.657585 -0.680468 0.255637 2.320105 0.914340 -3.003322 -0.543916 -0.066903 1.570796 -0.246715
1776408825.950017 jaka_arm_right solver_failed 0.388149 -0.169510 -0.383851 -0.196132 -0.657576 -0.680891 0.255955 2.320105 0.914340 -3.003322 -0.543916 -0.066903 1.570796 -0.246715
1776408825.958108 jaka_arm_right solver_failed 0.388425 -0.169527 -0.384005 -0.195042 -0.656844 -0.682127 0.255377 2.320105 0.914340 -3.003322 -0.543916 -0.066903 1.570796 -0.246715
1776408825.966489 jaka_arm_right solver_failed 0.388527 -0.169597 -0.383992 -0.195504 -0.655741 -0.683357 0.254569 2.320105 0.914340 -3.003322 -0.543916 -0.066903 1.570796 -0.246715
1776408825.974796 jaka_arm_right solver_failed 0.388436 -0.169768 -0.383768 -0.195892 -0.653403 -0.684741 0.256554 2.320105 0.914340 -3.003322 -0.543916 -0.066903 1.570796 -0.246715
1776408825.983188 jaka_arm_right solver_failed 0.388817 -0.170068 -0.383905 -0.194333 -0.652590 -0.686334 0.255550 2.320105 0.914340 -3.003322 -0.543916 -0.066903 1.570796 -0.246715
1776408825.991459 jaka_arm_right solver_failed 0.388958 -0.170309 -0.383728 -0.195066 -0.651256 -0.687606 0.254976 2.320105 0.914340 -3.003322 -0.543916 -0.066903 1.570796 -0.246715
1776408825.999839 jaka_arm_right solver_failed 0.389009 -0.170696 -0.383576 -0.196554 -0.650972 -0.688012 0.253459 2.320105 0.914340 -3.003322 -0.543916 -0.066903 1.570796 -0.246715
1776408826.016511 jaka_arm_right solver_failed 0.389308 -0.170847 -0.383560 -0.195824 -0.650299 -0.689082 0.252844 2.320105 0.914340 -3.003322 -0.543916 -0.066903 1.570796 -0.246715
1776408826.024802 jaka_arm_right solver_failed 0.389827 -0.171155 -0.383583 -0.194586 -0.648724 -0.690600 0.253702 2.320105 0.914340 -3.003322 -0.543916 -0.066903 1.570796 -0.246715
1776408826.033164 jaka_arm_right solver_failed 0.389918 -0.171288 -0.383524 -0.194590 -0.647818 -0.691363 0.253937 2.320105 0.914340 -3.003322 -0.543916 -0.066903 1.570796 -0.246715
1776408826.041503 jaka_arm_right solver_failed 0.390133 -0.171339 -0.383600 -0.194398 -0.647379 -0.692549 0.251965 2.320105 0.914340 -3.003322 -0.543916 -0.066903 1.570796 -0.246715
1776408826.049808 jaka_arm_right solver_failed 0.390276 -0.171430 -0.383551 -0.193531 -0.646847 -0.693453 0.251511 2.320105 0.914340 -3.003322 -0.543916 -0.066903 1.570796 -0.246715
1776408826.058213 jaka_arm_right solver_failed 0.390281 -0.171532 -0.383455 -0.193446 -0.646705 -0.693635 0.251442 2.320105 0.914340 -3.003322 -0.543916 -0.066903 1.570796 -0.246715
1776408826.066502 jaka_arm_right solver_failed 0.390285 -0.171700 -0.383306 -0.193388 -0.647232 -0.693396 0.250786 2.320105 0.914340 -3.003322 -0.543916 -0.066903 1.570796 -0.246715
1776408826.074791 jaka_arm_right solver_failed 0.390304 -0.171750 -0.383223 -0.192641 -0.647297 -0.693764 0.250176 2.320105 0.914340 -3.003322 -0.543916 -0.066903 1.570796 -0.246715
1776408826.083225 jaka_arm_right solver_failed 0.390326 -0.171818 -0.383115 -0.191507 -0.647336 -0.694402 0.249174 2.320105 0.914340 -3.003322 -0.543916 -0.066903 1.570796 -0.246715
1776408826.091529 jaka_arm_right solver_failed 0.390248 -0.171852 -0.382916 -0.191323 -0.647428 -0.694957 0.247519 2.320105 0.914340 -3.003322 -0.543916 -0.066903 1.570796 -0.246715
1776408826.099876 jaka_arm_right solver_failed 0.390027 -0.171928 -0.382632 -0.191952 -0.647482 -0.695020 0.246714 2.320105 0.914340 -3.003322 -0.543916 -0.066903 1.570796 -0.246715
1776408826.108183 jaka_arm_right solver_failed 0.389891 -0.172029 -0.382420 -0.192364 -0.647768 -0.694926 0.245907 2.320105 0.914340 -3.003322 -0.543916 -0.066903 1.570796 -0.246715
1776408826.116524 jaka_arm_right solver_failed 0.389885 -0.172126 -0.382275 -0.192098 -0.648300 -0.694915 0.244742 2.320105 0.914340 -3.003322 -0.543916 -0.066903 1.570796 -0.246715
1776408826.124878 jaka_arm_right solver_failed 0.389810 -0.172251 -0.382076 -0.192118 -0.648827 -0.694634 0.244128 2.320105 0.914340 -3.003322 -0.543916 -0.066903 1.570796 -0.246715
1776408826.133268 jaka_arm_right solver_failed 0.389832 -0.172345 -0.381938 -0.192037 -0.649328 -0.694808 0.242358 2.320105 0.914340 -3.003322 -0.543916 -0.066903 1.570796 -0.246715
1776408826.141503 jaka_arm_right solver_failed 0.389748 -0.172441 -0.381697 -0.192384 -0.649050 -0.695273 0.241491 2.320105 0.914340 -3.003322 -0.543916 -0.066903 1.570796 -0.246715
1776408826.149807 jaka_arm_right solver_failed 0.389634 -0.172580 -0.381469 -0.192959 -0.649314 -0.695088 0.240857 2.320105 0.914340 -3.003322 -0.543916 -0.066903 1.570796 -0.246715
1776408826.158139 jaka_arm_right solver_failed 0.389614 -0.172773 -0.381306 -0.193046 -0.649723 -0.694950 0.240077 2.320105 0.914340 -3.003322 -0.543916 -0.066903 1.570796 -0.246715
1776408826.166545 jaka_arm_right solver_failed 0.389446 -0.173051 -0.381084 -0.194042 -0.650450 -0.694333 0.239091 2.320105 0.914340 -3.003322 -0.543916 -0.066903 1.570796 -0.246715
1776408826.174842 jaka_arm_right solver_failed 0.389510 -0.173192 -0.380965 -0.193978 -0.650638 -0.694969 0.236770 2.320105 0.914340 -3.003322 -0.543916 -0.066903 1.570796 -0.246715
1776408826.183172 jaka_arm_right solver_failed 0.389346 -0.173354 -0.380722 -0.194343 -0.650709 -0.695131 0.235800 2.320105 0.914340 -3.003322 -0.543916 -0.066903 1.570796 -0.246715
1776408826.191483 jaka_arm_right solver_failed 0.389082 -0.173697 -0.380321 -0.194942 -0.651335 -0.694189 0.236353 2.320105 0.914340 -3.003322 -0.543916 -0.066903 1.570796 -0.246715
1776408826.199855 jaka_arm_right solver_failed 0.389039 -0.173861 -0.380220 -0.194425 -0.652442 -0.694012 0.234234 2.320105 0.914340 -3.003322 -0.543916 -0.066903 1.570796 -0.246715
1776408826.208203 jaka_arm_right solver_failed 0.389010 -0.174038 -0.380100 -0.193287 -0.653909 -0.693791 0.231726 2.320105 0.914340 -3.003322 -0.543916 -0.066903 1.570796 -0.246715
1776408826.216548 jaka_arm_right solver_failed 0.388803 -0.174212 -0.379799 -0.192465 -0.655054 -0.693018 0.231491 2.320105 0.914340 -3.003322 -0.543916 -0.066903 1.570796 -0.246715
1776408826.224753 jaka_arm_right solver_failed 0.388571 -0.174383 -0.379441 -0.192474 -0.656170 -0.692122 0.231002 2.320105 0.914340 -3.003322 -0.543916 -0.066903 1.570796 -0.246715
1776408826.233231 jaka_arm_right solver_failed 0.388518 -0.174473 -0.379373 -0.191686 -0.657675 -0.691705 0.228613 2.320105 0.914340 -3.003322 -0.543916 -0.066903 1.570796 -0.246715
1776408826.241549 jaka_arm_right solver_failed 0.388358 -0.174623 -0.379175 -0.190808 -0.658537 -0.691169 0.228487 2.320105 0.914340 -3.003322 -0.543916 -0.066903 1.570796 -0.246715
1776408826.249860 jaka_arm_right solver_failed 0.388174 -0.174838 -0.378961 -0.190166 -0.659081 -0.690539 0.229357 2.320105 0.914340 -3.003322 -0.543916 -0.066903 1.570796 -0.246715
1776408826.258132 jaka_arm_right solver_failed 0.387997 -0.174970 -0.378707 -0.189693 -0.658970 -0.690533 0.230086 2.320105 0.914340 -3.003322 -0.543916 -0.066903 1.570796 -0.246715
1776408826.266517 jaka_arm_right solver_failed 0.388073 -0.175104 -0.378654 -0.188967 -0.659158 -0.691163 0.228243 2.320105 0.914340 -3.003322 -0.543916 -0.066903 1.570796 -0.246715
1776408826.274907 jaka_arm_right solver_failed 0.387791 -0.175449 -0.378437 -0.189975 -0.659792 -0.690344 0.228056 2.320105 0.914340 -3.003322 -0.543916 -0.066903 1.570796 -0.246715
1776408826.283143 jaka_arm_right solver_failed 0.387447 -0.175655 -0.378096 -0.190673 -0.659202 -0.690418 0.228954 2.320105 0.914340 -3.003322 -0.543916 -0.066903 1.570796 -0.246715
1776408826.291489 jaka_arm_right solver_failed 0.387310 -0.175849 -0.377835 -0.190399 -0.658634 -0.691105 0.228741 2.320105 0.914340 -3.003322 -0.543916 -0.066903 1.570796 -0.246715
1776408826.299873 jaka_arm_right solver_failed 0.387202 -0.176090 -0.377649 -0.189395 -0.658303 -0.691688 0.228768 2.320105 0.914340 -3.003322 -0.543916 -0.066903 1.570796 -0.246715
1776408826.308206 jaka_arm_right solver_failed 0.386954 -0.176284 -0.377377 -0.188940 -0.657463 -0.692389 0.229437 2.320105 0.914340 -3.003322 -0.543916 -0.066903 1.570796 -0.246715
1776408826.316512 jaka_arm_right solver_failed 0.386915 -0.176442 -0.377225 -0.187151 -0.656097 -0.694194 0.229358 2.320105 0.914340 -3.003322 -0.543916 -0.066903 1.570796 -0.246715
1776408826.324808 jaka_arm_right solver_failed 0.386743 -0.176568 -0.376963 -0.186201 -0.655061 -0.695020 0.230589 2.320105 0.914340 -3.003322 -0.543916 -0.066903 1.570796 -0.246715
1776408826.333263 jaka_arm_right solver_failed 0.386596 -0.176746 -0.376698 -0.185001 -0.654304 -0.695673 0.231732 2.320105 0.914340 -3.003322 -0.543916 -0.066903 1.570796 -0.246715
1776408826.341445 jaka_arm_right solver_failed 0.386390 -0.176815 -0.376420 -0.184084 -0.653079 -0.696998 0.231936 2.320105 0.914340 -3.003322 -0.543916 -0.066903 1.570796 -0.246715
1776408826.349820 jaka_arm_right solver_failed 0.386320 -0.176817 -0.376225 -0.182527 -0.652095 -0.698303 0.232009 2.320105 0.914340 -3.003322 -0.543916 -0.066903 1.570796 -0.246715
1776408826.358268 jaka_arm_right solver_failed 0.385919 -0.177121 -0.375749 -0.181923 -0.651292 -0.698333 0.234635 2.320105 0.914340 -3.003322 -0.543916 -0.066903 1.570796 -0.246715
1776408826.366512 jaka_arm_right solver_failed 0.385901 -0.177158 -0.375532 -0.180142 -0.650355 -0.699925 0.233863 2.320105 0.914340 -3.003322 -0.543916 -0.066903 1.570796 -0.246715
1776408826.374775 jaka_arm_right solver_failed 0.385758 -0.177247 -0.375253 -0.178865 -0.649471 -0.700948 0.234239 2.320105 0.914340 -3.003322 -0.543916 -0.066903 1.570796 -0.246715
1776408826.383220 jaka_arm_right solver_failed 0.385449 -0.177387 -0.374918 -0.177391 -0.648481 -0.701829 0.235460 2.320105 0.914340 -3.003322 -0.543916 -0.066903 1.570796 -0.246715
1776408826.391590 jaka_arm_right solver_failed 0.385414 -0.177414 -0.374704 -0.175773 -0.647344 -0.703623 0.234445 2.320105 0.914340 -3.003322 -0.543916 -0.066903 1.570796 -0.246715
1776408826.399837 jaka_arm_right solver_failed 0.385284 -0.177334 -0.374436 -0.173808 -0.645648 -0.705475 0.235021 2.320105 0.914340 -3.003322 -0.543916 -0.066903 1.570796 -0.246715
1776408826.408178 jaka_arm_right solver_failed 0.385149 -0.177652 -0.374115 -0.171628 -0.645219 -0.705775 0.236889 2.320105 0.914340 -3.003322 -0.543916 -0.066903 1.570796 -0.246715
1776408826.416510 jaka_arm_right solver_failed 0.385185 -0.177717 -0.373873 -0.168978 -0.643483 -0.707739 0.237660 2.320105 0.914340 -3.003322 -0.543916 -0.066903 1.570796 -0.246715
1776408826.424839 jaka_arm_right solver_failed 0.385248 -0.177893 -0.373734 -0.166012 -0.642553 -0.708749 0.239252 2.320105 0.914340 -3.003322 -0.543916 -0.066903 1.570796 -0.246715
1776408826.433237 jaka_arm_right solver_failed 0.385197 -0.178154 -0.373459 -0.163115 -0.640808 -0.709872 0.242570 2.320105 0.914340 -3.003322 -0.543916 -0.066903 1.570796 -0.246715
1776408826.441586 jaka_arm_right solver_failed 0.385245 -0.178292 -0.373288 -0.160467 -0.638906 -0.711569 0.244373 2.320105 0.914340 -3.003322 -0.543916 -0.066903 1.570796 -0.246715
1776408826.449791 jaka_arm_right solver_failed 0.385297 -0.178473 -0.373164 -0.158003 -0.636920 -0.713115 0.246648 2.320105 0.914340 -3.003322 -0.543916 -0.066903 1.570796 -0.246715
1776408826.458139 jaka_arm_right solver_failed 0.385462 -0.178787 -0.373006 -0.156110 -0.635033 -0.715023 0.247192 2.320105 0.914340 -3.003322 -0.543916 -0.066903 1.570796 -0.246715
1776408826.466594 jaka_arm_right solver_failed 0.385496 -0.179045 -0.372855 -0.153757 -0.632909 -0.716464 0.249929 2.320105 0.914340 -3.003322 -0.543916 -0.066903 1.570796 -0.246715
1776408826.474845 jaka_arm_right solver_failed 0.385684 -0.179491 -0.372747 -0.150992 -0.631033 -0.718155 0.251501 2.320105 0.914340 -3.003322 -0.543916 -0.066903 1.570796 -0.246715
1776408826.483138 jaka_arm_right solver_failed 0.385756 -0.179761 -0.372591 -0.148198 -0.628978 -0.719712 0.253847 2.320105 0.914340 -3.003322 -0.543916 -0.066903 1.570796 -0.246715
1776408826.491549 jaka_arm_right solver_failed 0.385742 -0.180178 -0.372289 -0.146171 -0.626776 -0.721084 0.256562 2.320105 0.914340 -3.003322 -0.543916 -0.066903 1.570796 -0.246715
1776408826.499844 jaka_arm_right solver_failed 0.386027 -0.180427 -0.372234 -0.142881 -0.624795 -0.723108 0.257548 2.320105 0.914340 -3.003322 -0.543916 -0.066903 1.570796 -0.246715
1776408826.508183 jaka_arm_right solver_failed 0.385940 -0.180810 -0.371912 -0.141050 -0.622486 -0.724185 0.261099 2.320105 0.914340 -3.003322 -0.543916 -0.066903 1.570796 -0.246715
1776408826.516458 jaka_arm_right solver_failed 0.386231 -0.181122 -0.371790 -0.138311 -0.620361 -0.726354 0.261597 2.320105 0.914340 -3.003322 -0.543916 -0.066903 1.570796 -0.246715
1776408826.524861 jaka_arm_right solver_failed 0.386297 -0.181405 -0.371535 -0.136546 -0.617485 -0.728497 0.263364 2.320105 0.914340 -3.003322 -0.543916 -0.066903 1.570796 -0.246715
1776408826.533233 jaka_arm_right solver_failed 0.386337 -0.181954 -0.371282 -0.134994 -0.615562 -0.729647 0.265471 2.320105 0.914340 -3.003322 -0.543916 -0.066903 1.570796 -0.246715
1776408826.541493 jaka_arm_right solver_failed 0.386465 -0.182272 -0.371081 -0.132983 -0.612802 -0.731706 0.267199 2.320105 0.914340 -3.003322 -0.543916 -0.066903 1.570796 -0.246715
1776408826.549797 jaka_arm_right solver_failed 0.386603 -0.182362 -0.370904 -0.130802 -0.609468 -0.734305 0.268765 2.320105 0.914340 -3.003322 -0.543916 -0.066903 1.570796 -0.246715
1776408826.558167 jaka_arm_right solver_failed 0.386704 -0.182737 -0.370725 -0.128196 -0.606500 -0.736285 0.271308 2.320105 0.914340 -3.003322 -0.543916 -0.066903 1.570796 -0.246715
1776408826.566565 jaka_arm_right solver_failed 0.386861 -0.182927 -0.370601 -0.125315 -0.603501 -0.738420 0.273530 2.320105 0.914340 -3.003322 -0.543916 -0.066903 1.570796 -0.246715
1776408826.574924 jaka_arm_right solver_failed 0.386990 -0.183018 -0.370489 -0.121675 -0.599815 -0.740874 0.276627 2.320105 0.914340 -3.003322 -0.543916 -0.066903 1.570796 -0.246715
1776408826.583270 jaka_arm_right solver_failed 0.387016 -0.183211 -0.370234 -0.119159 -0.596802 -0.742488 0.279893 2.320105 0.914340 -3.003322 -0.543916 -0.066903 1.570796 -0.246715
1776408826.591528 jaka_arm_right solver_failed 0.387190 -0.183221 -0.370187 -0.115265 -0.593879 -0.744555 0.282240 2.320105 0.914340 -3.003322 -0.543916 -0.066903 1.570796 -0.246715
1776408826.599825 jaka_arm_right solver_failed 0.387208 -0.183407 -0.369996 -0.113010 -0.591529 -0.745882 0.284574 2.320105 0.914340 -3.003322 -0.543916 -0.066903 1.570796 -0.246715
1776408826.608195 jaka_arm_right solver_failed 0.387077 -0.183476 -0.369818 -0.111594 -0.588734 -0.747354 0.287056 2.320105 0.914340 -3.003322 -0.543916 -0.066903 1.570796 -0.246715
1776408826.616459 jaka_arm_right solver_failed 0.386986 -0.183491 -0.369657 -0.110119 -0.586437 -0.748505 0.289320 2.320105 0.914340 -3.003322 -0.543916 -0.066903 1.570796 -0.246715
1776408826.624935 jaka_arm_right solver_failed 0.387010 -0.183415 -0.369589 -0.108339 -0.584034 -0.750130 0.290641 2.320105 0.914340 -3.003322 -0.543916 -0.066903 1.570796 -0.246715
1776408826.633177 jaka_arm_right solver_failed 0.387167 -0.183113 -0.369673 -0.106003 -0.581463 -0.752299 0.291050 2.320105 0.914340 -3.003322 -0.543916 -0.066903 1.570796 -0.246715
1776408826.641526 jaka_arm_right solver_failed 0.387238 -0.182966 -0.369658 -0.103998 -0.579612 -0.753218 0.293082 2.320105 0.914340 -3.003322 -0.543916 -0.066903 1.570796 -0.246715
1776408826.649823 jaka_arm_right solver_failed 0.387327 -0.182614 -0.369688 -0.102228 -0.577244 -0.754934 0.293962 2.320105 0.914340 -3.003322 -0.543916 -0.066903 1.570796 -0.246715
1776408826.658203 jaka_arm_right solver_failed 0.387399 -0.182396 -0.369746 -0.100719 -0.575914 -0.755665 0.295209 2.320105 0.914340 -3.003322 -0.543916 -0.066903 1.570796 -0.246715
1776408826.666550 jaka_arm_right solver_failed 0.387440 -0.182157 -0.369832 -0.100083 -0.574944 -0.756347 0.295571 2.320105 0.914340 -3.003322 -0.543916 -0.066903 1.570796 -0.246715
1776408826.674841 jaka_arm_right solver_failed 0.387372 -0.182034 -0.369901 -0.099751 -0.574497 -0.756188 0.296955 2.320105 0.914340 -3.003322 -0.543916 -0.066903 1.570796 -0.246715
1776408826.683237 jaka_arm_right solver_failed 0.387234 -0.181873 -0.370025 -0.099988 -0.573776 -0.755656 0.299613 2.320105 0.914340 -3.003322 -0.543916 -0.066903 1.570796 -0.246715
1776408826.691527 jaka_arm_right solver_failed 0.387329 -0.181471 -0.370298 -0.099095 -0.572535 -0.756415 0.300367 2.320105 0.914340 -3.003322 -0.543916 -0.066903 1.570796 -0.246715
1776408826.699830 jaka_arm_right solver_failed 0.387447 -0.181068 -0.370597 -0.098572 -0.571499 -0.757091 0.300807 2.320105 0.914340 -3.003322 -0.543916 -0.066903 1.570796 -0.246715
1776408826.708160 jaka_arm_right solver_failed 0.387461 -0.180929 -0.370843 -0.098259 -0.571288 -0.756237 0.303449 2.320105 0.914340 -3.003322 -0.543916 -0.066903 1.570796 -0.246715
1776408826.716522 jaka_arm_right solver_failed 0.387881 -0.180225 -0.371368 -0.096737 -0.569812 -0.757873 0.302630 2.320105 0.914340 -3.003322 -0.543916 -0.066903 1.570796 -0.246715
1776408826.724781 jaka_arm_right solver_failed 0.387892 -0.179915 -0.371671 -0.095948 -0.569127 -0.757453 0.305209 2.320105 0.914340 -3.003322 -0.543916 -0.066903 1.570796 -0.246715
1776408826.733175 jaka_arm_right solver_failed 0.387958 -0.179409 -0.372021 -0.095814 -0.567821 -0.757848 0.306700 2.320105 0.914340 -3.003322 -0.543916 -0.066903 1.570796 -0.246715
1776408826.741471 jaka_arm_right solver_failed 0.388159 -0.178930 -0.372420 -0.094641 -0.566655 -0.758486 0.307641 2.320105 0.914340 -3.003322 -0.543916 -0.066903 1.570796 -0.246715
1776408826.749797 jaka_arm_right solver_failed 0.388195 -0.178651 -0.372785 -0.094512 -0.566294 -0.758094 0.309308 2.320105 0.914340 -3.003322 -0.543916 -0.066903 1.570796 -0.246715
1776408826.758151 jaka_arm_right solver_failed 0.388260 -0.178019 -0.373152 -0.094087 -0.564619 -0.759087 0.310064 2.320105 0.914340 -3.003322 -0.543916 -0.066903 1.570796 -0.246715
1776408826.766497 jaka_arm_right solver_failed 0.388278 -0.177686 -0.373487 -0.093923 -0.563877 -0.759129 0.311359 2.320105 0.914340 -3.003322 -0.543916 -0.066903 1.570796 -0.246715
1776408826.774788 jaka_arm_right solver_failed 0.388421 -0.177129 -0.373846 -0.092335 -0.562188 -0.760134 0.312436 2.320105 0.914340 -3.003322 -0.543916 -0.066903 1.570796 -0.246715
1776408826.783112 jaka_arm_right solver_failed 0.388557 -0.176454 -0.374226 -0.091328 -0.560670 -0.761473 0.312198 2.320105 0.914340 -3.003322 -0.543916 -0.066903 1.570796 -0.246715
1776408826.791515 jaka_arm_right solver_failed 0.388464 -0.176061 -0.374432 -0.090592 -0.559317 -0.761818 0.313992 2.320105 0.914340 -3.003322 -0.543916 -0.066903 1.570796 -0.246715
1776408826.799886 jaka_arm_right solver_failed 0.388347 -0.175806 -0.374575 -0.090796 -0.559126 -0.761384 0.315323 2.320105 0.914340 -3.003322 -0.543916 -0.066903 1.570796 -0.246715
1776408826.808159 jaka_arm_right solver_failed 0.388389 -0.175241 -0.374762 -0.089749 -0.557908 -0.762524 0.315027 2.320105 0.914340 -3.003322 -0.543916 -0.066903 1.570796 -0.246715
1776408826.816502 jaka_arm_right solver_failed 0.388360 -0.174659 -0.374864 -0.088681 -0.556810 -0.763477 0.314962 2.320105 0.914340 -3.003322 -0.543916 -0.066903 1.570796 -0.246715
1776408826.824813 jaka_arm_right solver_failed 0.388157 -0.174294 -0.374808 -0.088135 -0.556585 -0.763515 0.315420 2.320105 0.914340 -3.003322 -0.543916 -0.066903 1.570796 -0.246715
1776408826.833175 jaka_arm_right solver_failed 0.388072 -0.173941 -0.374812 -0.087471 -0.556731 -0.763925 0.314354 2.320105 0.914340 -3.003322 -0.543916 -0.066903 1.570796 -0.246715
1776408826.841521 jaka_arm_right solver_failed 0.387899 -0.173599 -0.374817 -0.087004 -0.556373 -0.764082 0.314736 2.320105 0.914340 -3.003322 -0.543916 -0.066903 1.570796 -0.246715
1776408826.849864 jaka_arm_right solver_failed 0.387727 -0.173243 -0.374839 -0.087476 -0.555961 -0.764706 0.313815 2.320105 0.914340 -3.003322 -0.543916 -0.066903 1.570796 -0.246715
1776408826.858129 jaka_arm_right solver_failed 0.387546 -0.173037 -0.374844 -0.087926 -0.556002 -0.764475 0.314178 2.320105 0.914340 -3.003322 -0.543916 -0.066903 1.570796 -0.246715
1776408826.866503 jaka_arm_right solver_failed 0.387567 -0.172705 -0.374917 -0.087317 -0.555459 -0.765113 0.313757 2.320105 0.914340 -3.003322 -0.543916 -0.066903 1.570796 -0.246715
1776408826.874874 jaka_arm_right solver_failed 0.387639 -0.172474 -0.375016 -0.086533 -0.554876 -0.765506 0.314046 2.320105 0.914340 -3.003322 -0.543916 -0.066903 1.570796 -0.246715
1776408826.883275 jaka_arm_right solver_failed 0.387739 -0.172216 -0.375162 -0.086470 -0.554652 -0.766042 0.313151 2.320105 0.914340 -3.003322 -0.543916 -0.066903 1.570796 -0.246715
1776408826.891485 jaka_arm_right solver_failed 0.387743 -0.172058 -0.375226 -0.086653 -0.553927 -0.766236 0.313910 2.320105 0.914340 -3.003322 -0.543916 -0.066903 1.570796 -0.246715
1776408826.899822 jaka_arm_right solver_failed 0.387734 -0.171837 -0.375318 -0.087220 -0.552819 -0.766874 0.314146 2.320105 0.914340 -3.003322 -0.543916 -0.066903 1.570796 -0.246715
1776408826.908219 jaka_arm_right solver_failed 0.387865 -0.171694 -0.375478 -0.087574 -0.552219 -0.767377 0.313874 2.320105 0.914340 -3.003322 -0.543916 -0.066903 1.570796 -0.246715
1776408826.916583 jaka_arm_right solver_failed 0.387920 -0.171718 -0.375618 -0.087937 -0.551966 -0.767214 0.314616 2.320105 0.914340 -3.003322 -0.543916 -0.066903 1.570796 -0.246715
1776408826.924797 jaka_arm_right solver_failed 0.387938 -0.171818 -0.375765 -0.088905 -0.552054 -0.766789 0.315224 2.320105 0.914340 -3.003322 -0.543916 -0.066903 1.570796 -0.246715
1776408826.933154 jaka_arm_right solver_failed 0.388271 -0.171651 -0.376078 -0.087828 -0.551137 -0.767562 0.315250 2.320105 0.914340 -3.003322 -0.543916 -0.066903 1.570796 -0.246715
1776408826.941557 jaka_arm_right solver_failed 0.388423 -0.171663 -0.376294 -0.087597 -0.550616 -0.767810 0.315620 2.320105 0.914340 -3.003322 -0.543916 -0.066903 1.570796 -0.246715
1776408826.949947 jaka_arm_right solver_failed 0.388540 -0.171718 -0.376468 -0.087973 -0.550211 -0.767805 0.316234 2.320105 0.914340 -3.003322 -0.543916 -0.066903 1.570796 -0.246715
1776408826.958196 jaka_arm_right solver_failed 0.388684 -0.171701 -0.376660 -0.088489 -0.549267 -0.768319 0.316482 2.320105 0.914340 -3.003322 -0.543916 -0.066903 1.570796 -0.246715
1776408826.966642 jaka_arm_right solver_failed 0.388832 -0.171682 -0.376822 -0.088789 -0.548437 -0.768857 0.316532 2.320105 0.914340 -3.003322 -0.543916 -0.066903 1.570796 -0.246715
1776408826.974860 jaka_arm_right solver_failed 0.388893 -0.171711 -0.376934 -0.089367 -0.548057 -0.768925 0.316863 2.320105 0.914340 -3.003322 -0.543916 -0.066903 1.570796 -0.246715
1776408826.983298 jaka_arm_right solver_failed 0.388940 -0.171693 -0.377023 -0.089494 -0.547576 -0.769176 0.317047 2.320105 0.914340 -3.003322 -0.543916 -0.066903 1.570796 -0.246715
1776408826.991530 jaka_arm_right solver_failed 0.388973 -0.171663 -0.377079 -0.089625 -0.547279 -0.769325 0.317162 2.320105 0.914340 -3.003322 -0.543916 -0.066903 1.570796 -0.246715
1776408826.999765 jaka_arm_right solver_failed 0.389004 -0.171578 -0.377113 -0.089733 -0.547159 -0.769477 0.316970 2.320105 0.914340 -3.003322 -0.543916 -0.066903 1.570796 -0.246715
1776408827.016541 jaka_arm_right solver_failed 0.389046 -0.171420 -0.377155 -0.089733 -0.546860 -0.770173 0.315793 2.320105 0.914340 -3.003322 -0.543916 -0.066903 1.570796 -0.246715
1776408827.024844 jaka_arm_right solver_failed 0.389019 -0.171245 -0.377150 -0.090377 -0.548057 -0.769611 0.314904 2.320105 0.914340 -3.003322 -0.543916 -0.066903 1.570796 -0.246715
1776408827.033136 jaka_arm_right solver_failed 0.388853 -0.171028 -0.377132 -0.090703 -0.547653 -0.769548 0.315665 2.320105 0.914340 -3.003322 -0.543916 -0.066903 1.570796 -0.246715
1776408827.041483 jaka_arm_right solver_failed 0.388821 -0.170779 -0.377142 -0.090735 -0.547469 -0.769902 0.315113 2.320105 0.914340 -3.003322 -0.543916 -0.066903 1.570796 -0.246715
1776408827.049824 jaka_arm_right solver_failed 0.388788 -0.170592 -0.377158 -0.091048 -0.547373 -0.770112 0.314674 2.320105 0.914340 -3.003322 -0.543916 -0.066903 1.570796 -0.246715
1776408827.058148 jaka_arm_right solver_failed 0.388696 -0.170419 -0.377219 -0.090954 -0.547473 -0.769639 0.315684 2.320105 0.914340 -3.003322 -0.543916 -0.066903 1.570796 -0.246715
1776408827.066522 jaka_arm_right solver_failed 0.388809 -0.170144 -0.377370 -0.090704 -0.547553 -0.770088 0.314521 2.320105 0.914340 -3.003322 -0.543916 -0.066903 1.570796 -0.246715
1776408827.074840 jaka_arm_right solver_failed 0.388733 -0.169910 -0.377396 -0.091270 -0.547244 -0.770146 0.314752 2.320105 0.914340 -3.003322 -0.543916 -0.066903 1.570796 -0.246715
1776408827.083130 jaka_arm_right solver_failed 0.388743 -0.169745 -0.377505 -0.091063 -0.547325 -0.770189 0.314567 2.320105 0.914340 -3.003322 -0.543916 -0.066903 1.570796 -0.246715
1776408827.091629 jaka_arm_right solver_failed 0.388702 -0.169622 -0.377586 -0.091229 -0.547623 -0.770141 0.314116 2.320105 0.914340 -3.003322 -0.543916 -0.066903 1.570796 -0.246715
1776408827.099787 jaka_arm_right solver_failed 0.388516 -0.169687 -0.377573 -0.091522 -0.547945 -0.769479 0.315091 2.320105 0.914340 -3.003322 -0.543916 -0.066903 1.570796 -0.246715
1776408827.108140 jaka_arm_right solver_failed 0.388529 -0.169686 -0.377672 -0.091526 -0.548527 -0.769341 0.314413 2.320105 0.914340 -3.003322 -0.543916 -0.066903 1.570796 -0.246715
1776408827.116503 jaka_arm_right solver_failed 0.388526 -0.169665 -0.377725 -0.091648 -0.548645 -0.769351 0.314147 2.320105 0.914340 -3.003322 -0.543916 -0.066903 1.570796 -0.246715
1776408827.124916 jaka_arm_right solver_failed 0.388526 -0.169692 -0.377781 -0.092120 -0.548791 -0.769196 0.314133 2.320105 0.914340 -3.003322 -0.543916 -0.066903 1.570796 -0.246715
1776408827.133197 jaka_arm_right solver_failed 0.388583 -0.169650 -0.377888 -0.093289 -0.548538 -0.769515 0.313450 2.320105 0.914340 -3.003322 -0.543916 -0.066903 1.570796 -0.246715
1776408827.141544 jaka_arm_right solver_failed 0.388626 -0.169759 -0.377994 -0.093490 -0.548721 -0.768835 0.314735 2.320105 0.914340 -3.003322 -0.543916 -0.066903 1.570796 -0.246715
1776408827.149802 jaka_arm_right solver_failed 0.388685 -0.169820 -0.378082 -0.093466 -0.548506 -0.768590 0.315711 2.320105 0.914340 -3.003322 -0.543916 -0.066903 1.570796 -0.246715
1776408827.158201 jaka_arm_right solver_failed 0.388637 -0.170002 -0.378087 -0.094086 -0.548813 -0.767911 0.316647 2.320105 0.914340 -3.003322 -0.543916 -0.066903 1.570796 -0.246715
1776408827.166548 jaka_arm_right solver_failed 0.388695 -0.170072 -0.378143 -0.094564 -0.549234 -0.767692 0.316303 2.320105 0.914340 -3.003322 -0.543916 -0.066903 1.570796 -0.246715
1776408827.174819 jaka_arm_right solver_failed 0.388732 -0.170214 -0.378199 -0.094641 -0.549475 -0.767474 0.316392 2.320105 0.914340 -3.003322 -0.543916 -0.066903 1.570796 -0.246715
1776408827.183226 jaka_arm_right solver_failed 0.388759 -0.170489 -0.378216 -0.095079 -0.550248 -0.766988 0.316095 2.320105 0.914340 -3.003322 -0.543916 -0.066903 1.570796 -0.246715
1776408827.191539 jaka_arm_right solver_failed 0.388780 -0.170678 -0.378202 -0.095602 -0.550347 -0.766672 0.316533 2.320105 0.914340 -3.003322 -0.543916 -0.066903 1.570796 -0.246715
1776408827.199800 jaka_arm_right solver_failed 0.388846 -0.170815 -0.378228 -0.095716 -0.550623 -0.766416 0.316637 2.320105 0.914340 -3.003322 -0.543916 -0.066903 1.570796 -0.246715
1776408827.208140 jaka_arm_right solver_failed 0.389026 -0.170942 -0.378285 -0.095087 -0.550935 -0.766469 0.316156 2.320105 0.914340 -3.003322 -0.543916 -0.066903 1.570796 -0.246715
1776408827.216579 jaka_arm_right solver_failed 0.389038 -0.171066 -0.378272 -0.095501 -0.551165 -0.766275 0.316100 2.320105 0.914340 -3.003322 -0.543916 -0.066903 1.570796 -0.246715
1776408827.224811 jaka_arm_right solver_failed 0.388995 -0.171144 -0.378216 -0.095731 -0.551380 -0.766127 0.316013 2.320105 0.914340 -3.003322 -0.543916 -0.066903 1.570796 -0.246715
1776408827.233213 jaka_arm_right solver_failed 0.388882 -0.171173 -0.378114 -0.095942 -0.551493 -0.766240 0.315479 2.320105 0.914340 -3.003322 -0.543916 -0.066903 1.570796 -0.246715
1776408827.241463 jaka_arm_right solver_failed 0.388744 -0.171240 -0.377921 -0.097102 -0.552463 -0.766402 0.313024 2.320105 0.914340 -3.003322 -0.543916 -0.066903 1.570796 -0.246715
1776408827.249819 jaka_arm_right solver_failed 0.388502 -0.171295 -0.377637 -0.098613 -0.553386 -0.766152 0.311529 2.320105 0.914340 -3.003322 -0.543916 -0.066903 1.570796 -0.246715
1776408827.258181 jaka_arm_right solver_failed 0.388404 -0.171432 -0.377443 -0.099231 -0.554924 -0.766070 0.308786 2.320105 0.914340 -3.003322 -0.543916 -0.066903 1.570796 -0.246715
1776408827.266532 jaka_arm_right solver_failed 0.388037 -0.171416 -0.377035 -0.100898 -0.554665 -0.766628 0.307322 2.320105 0.914340 -3.003322 -0.543916 -0.066903 1.570796 -0.246715
1776408827.274840 jaka_arm_right solver_failed 0.387630 -0.171376 -0.376668 -0.104028 -0.554943 -0.766904 0.305082 2.320105 0.914340 -3.003322 -0.543916 -0.066903 1.570796 -0.246715
1776408827.283231 jaka_arm_right solver_failed 0.387480 -0.171510 -0.376392 -0.105986 -0.555965 -0.766985 0.302331 2.320105 0.914340 -3.003322 -0.543916 -0.066903 1.570796 -0.246715
1776408827.291445 jaka_arm_right solver_failed 0.387243 -0.171702 -0.376200 -0.108493 -0.557406 -0.766750 0.299370 2.320105 0.914340 -3.003322 -0.543916 -0.066903 1.570796 -0.246715
1776408827.299923 jaka_arm_right solver_failed 0.386878 -0.171870 -0.375883 -0.110941 -0.557929 -0.766685 0.297660 2.320105 0.914340 -3.003322 -0.543916 -0.066903 1.570796 -0.246715
1776408827.308228 jaka_arm_right solver_failed 0.386389 -0.171905 -0.375562 -0.114826 -0.558309 -0.766782 0.295214 2.320105 0.914340 -3.003322 -0.543916 -0.066903 1.570796 -0.246715
1776408827.316560 jaka_arm_right solver_failed 0.386100 -0.171962 -0.375305 -0.117282 -0.559434 -0.766454 0.292961 2.320105 0.914340 -3.003322 -0.543916 -0.066903 1.570796 -0.246715
1776408827.324854 jaka_arm_right solver_failed 0.385748 -0.171991 -0.374932 -0.119818 -0.560660 -0.766377 0.289778 2.320105 0.914340 -3.003322 -0.543916 -0.066903 1.570796 -0.246715
1776408827.333204 jaka_arm_right solver_failed 0.385470 -0.172048 -0.374697 -0.121605 -0.562505 -0.766312 0.285599 2.320105 0.914340 -3.003322 -0.543916 -0.066903 1.570796 -0.246715
1776408827.341486 jaka_arm_right solver_failed 0.385063 -0.172103 -0.374318 -0.123685 -0.563651 -0.766135 0.282908 2.320105 0.914340 -3.003322 -0.543916 -0.066903 1.570796 -0.246715
1776408827.349828 jaka_arm_right solver_failed 0.384589 -0.172472 -0.373796 -0.127119 -0.566524 -0.764986 0.278726 2.320105 0.914340 -3.003322 -0.543916 -0.066903 1.570796 -0.246715
1776408827.358192 jaka_arm_right solver_failed 0.384245 -0.172553 -0.373430 -0.129794 -0.568518 -0.764752 0.274035 2.320105 0.914340 -3.003322 -0.543916 -0.066903 1.570796 -0.246715
1776408827.366532 jaka_arm_right solver_failed 0.383820 -0.172621 -0.373030 -0.132301 -0.569752 -0.765068 0.269351 2.320105 0.914340 -3.003322 -0.543916 -0.066903 1.570796 -0.246715
1776408827.374955 jaka_arm_right solver_failed 0.383382 -0.172880 -0.372542 -0.135876 -0.571822 -0.764165 0.265725 2.320105 0.914340 -3.003322 -0.543916 -0.066903 1.570796 -0.246715
1776408827.383181 jaka_arm_right solver_failed 0.382991 -0.173126 -0.372194 -0.139031 -0.573957 -0.764022 0.259837 2.320105 0.914340 -3.003322 -0.543916 -0.066903 1.570796 -0.246715
1776408827.391527 jaka_arm_right solver_failed 0.382711 -0.173404 -0.371790 -0.142005 -0.574824 -0.764385 0.255198 2.320105 0.914340 -3.003322 -0.543916 -0.066903 1.570796 -0.246715
1776408827.399890 jaka_arm_right solver_failed 0.382298 -0.173968 -0.371345 -0.145960 -0.576688 -0.763371 0.251777 2.320105 0.914340 -3.003322 -0.543916 -0.066903 1.570796 -0.246715
1776408827.408198 jaka_arm_right solver_failed 0.381921 -0.174274 -0.370914 -0.150128 -0.576984 -0.763818 0.247251 2.320105 0.914340 -3.003322 -0.543916 -0.066903 1.570796 -0.246715
1776408827.416604 jaka_arm_right solver_failed 0.381735 -0.174855 -0.370686 -0.154471 -0.578570 -0.763543 0.241656 2.320105 0.914340 -3.003322 -0.543916 -0.066903 1.570796 -0.246715
1776408827.424847 jaka_arm_right solver_failed 0.381296 -0.175482 -0.370338 -0.159523 -0.579190 -0.763171 0.238038 2.320105 0.914340 -3.003322 -0.543916 -0.066903 1.570796 -0.246715
1776408827.433182 jaka_arm_right solver_failed 0.381009 -0.176072 -0.369987 -0.162488 -0.579398 -0.763140 0.235613 2.320105 0.914340 -3.003322 -0.543916 -0.066903 1.570796 -0.246715
1776408827.441553 jaka_arm_right solver_failed 0.380910 -0.176490 -0.369813 -0.165238 -0.579740 -0.764004 0.229990 2.320105 0.914340 -3.003322 -0.543916 -0.066903 1.570796 -0.246715
1776408827.449867 jaka_arm_right solver_failed 0.380398 -0.177167 -0.369344 -0.168759 -0.581243 -0.762890 0.227323 2.320105 0.914340 -3.003322 -0.543916 -0.066903 1.570796 -0.246715
1776408827.458173 jaka_arm_right solver_failed 0.379794 -0.177588 -0.368732 -0.172109 -0.582331 -0.762315 0.223931 2.320105 0.914340 -3.003322 -0.543916 -0.066903 1.570796 -0.246715
1776408827.466484 jaka_arm_right solver_failed 0.379369 -0.177866 -0.368246 -0.174405 -0.583774 -0.762298 0.218387 2.320105 0.914340 -3.003322 -0.543916 -0.066903 1.570796 -0.246715
1776408827.474797 jaka_arm_right solver_failed 0.378549 -0.178278 -0.367523 -0.177010 -0.586392 -0.761029 0.213649 2.320105 0.914340 -3.003322 -0.543916 -0.066903 1.570796 -0.246715
1776408827.483099 jaka_arm_right solver_failed 0.377740 -0.178733 -0.366647 -0.180633 -0.589758 -0.759613 0.206265 2.320105 0.914340 -3.003322 -0.543916 -0.066903 1.570796 -0.246715
1776408827.491512 jaka_arm_right solver_failed 0.376887 -0.178943 -0.365748 -0.184266 -0.592588 -0.758830 0.197642 2.320105 0.914340 -3.003322 -0.543916 -0.066903 1.570796 -0.246715
1776408827.499830 jaka_arm_right solver_failed 0.375777 -0.179284 -0.364863 -0.189168 -0.596222 -0.756987 0.188961 2.320105 0.914340 -3.003322 -0.543916 -0.066903 1.570796 -0.246715
1776408827.508337 jaka_arm_right solver_failed 0.374604 -0.179435 -0.363742 -0.195648 -0.598928 -0.756145 0.176783 2.320105 0.914340 -3.003322 -0.543916 -0.066903 1.570796 -0.246715
1776408827.516513 jaka_arm_right solver_failed 0.373352 -0.179668 -0.362683 -0.199604 -0.601986 -0.754903 0.167010 2.320105 0.914340 -3.003322 -0.543916 -0.066903 1.570796 -0.246715
1776408827.524837 jaka_arm_right solver_failed 0.371921 -0.180138 -0.361611 -0.204981 -0.606373 -0.751897 0.157943 2.320105 0.914340 -3.003322 -0.543916 -0.066903 1.570796 -0.246715
1776408827.533359 jaka_arm_right solver_failed 0.370639 -0.180323 -0.360589 -0.209262 -0.610086 -0.750006 0.146612 2.320105 0.914340 -3.003322 -0.543916 -0.066903 1.570796 -0.246715
1776408827.541587 jaka_arm_right solver_failed 0.369510 -0.180362 -0.359675 -0.212504 -0.613115 -0.748695 0.135599 2.320105 0.914340 -3.003322 -0.543916 -0.066903 1.570796 -0.246715
1776408827.549846 jaka_arm_right solver_failed 0.368328 -0.180691 -0.358724 -0.215439 -0.617299 -0.746099 0.125953 2.320105 0.914340 -3.003322 -0.543916 -0.066903 1.570796 -0.246715
1776408827.558141 jaka_arm_right solver_failed 0.366975 -0.180857 -0.357841 -0.220280 -0.620123 -0.743698 0.117634 2.320105 0.914340 -3.003322 -0.543916 -0.066903 1.570796 -0.246715
1776408827.566547 jaka_arm_right solver_failed 0.365932 -0.180870 -0.357066 -0.222937 -0.621702 -0.742852 0.109344 2.320105 0.914340 -3.003322 -0.543916 -0.066903 1.570796 -0.246715
1776408827.574824 jaka_arm_right solver_failed 0.364664 -0.180885 -0.356200 -0.227054 -0.623652 -0.740917 0.102698 2.320105 0.914340 -3.003322 -0.543916 -0.066903 1.570796 -0.246715
1776408827.583096 jaka_arm_right solver_failed 0.364099 -0.180877 -0.355791 -0.229289 -0.625651 -0.739976 0.091773 2.320105 0.914340 -3.003322 -0.543916 -0.066903 1.570796 -0.246715
1776408827.591410 jaka_arm_right success 0.363024 -0.180942 -0.355125 -0.234125 -0.627008 -0.738245 0.083908 2.170659 0.881318 -2.894801 -0.619429 0.060802 1.567406 -0.373445
1776408827.599746 jaka_arm_right success 0.362110 -0.181059 -0.354533 -0.237968 -0.629235 -0.735900 0.076715 2.158099 0.850605 -2.890038 -0.688270 0.065925 1.515286 -0.385302
1776408827.608112 jaka_arm_right success 0.361091 -0.181221 -0.354010 -0.244498 -0.631360 -0.732907 0.066720 2.141723 0.818032 -2.881732 -0.763019 0.075624 1.452799 -0.400980
1776408827.616378 jaka_arm_right success 0.360182 -0.180834 -0.353607 -0.249273 -0.630713 -0.732497 0.059255 2.126076 0.800466 -2.874018 -0.804636 0.085849 1.418358 -0.414868
1776408827.624708 jaka_arm_right success 0.359295 -0.180853 -0.353233 -0.256650 -0.631786 -0.729818 0.048404 2.106791 0.772879 -2.864318 -0.873058 0.097836 1.357539 -0.434807
1776408827.633107 jaka_arm_right success 0.358565 -0.181071 -0.352984 -0.261783 -0.633506 -0.727075 0.038758 2.091209 0.752060 -2.856180 -0.922277 0.106973 1.312429 -0.453303
1776408827.641496 jaka_arm_right success 0.357791 -0.181068 -0.352782 -0.267763 -0.634288 -0.724615 0.030249 2.074938 0.733006 -2.847921 -0.967911 0.118054 1.270383 -0.469851
1776408827.649760 jaka_arm_right success 0.357319 -0.181086 -0.352747 -0.272020 -0.635010 -0.722697 0.021825 2.060390 0.719941 -2.839573 -1.000132 0.127646 1.239131 -0.487725
1776408827.658157 jaka_arm_right success 0.356722 -0.180960 -0.352642 -0.276840 -0.634965 -0.721081 0.014844 2.045645 0.706791 -2.831830 -1.033843 0.138026 1.207841 -0.503378
1776408827.666533 jaka_arm_right success 0.356351 -0.180857 -0.352599 -0.280471 -0.635034 -0.719699 0.010006 2.034596 0.698146 -2.826236 -1.057357 0.145452 1.185253 -0.515485
1776408827.674831 jaka_arm_right success 0.356062 -0.180854 -0.352716 -0.281855 -0.635671 -0.718641 0.005904 2.027233 0.692950 -2.822135 -1.073148 0.149400 1.169304 -0.526236
1776408827.683127 jaka_arm_right success 0.356020 -0.180713 -0.352879 -0.282893 -0.636319 -0.717681 0.001688 2.021493 0.689646 -2.818258 -1.084934 0.152822 1.155418 -0.535898
1776408827.691463 jaka_arm_right success 0.355825 -0.180469 -0.352905 0.285466 0.636032 0.716913 0.002662 2.012476 0.684495 -2.812764 -1.100542 0.159309 1.140444 -0.547024
1776408827.699813 jaka_arm_right success 0.355490 -0.180281 -0.352884 0.288036 0.636512 0.715440 0.005817 2.007677 0.679258 -2.809408 -1.120332 0.163762 1.118771 -0.553822
1776408827.708151 jaka_arm_right success 0.355185 -0.180054 -0.352862 0.290777 0.637159 0.713691 0.011068 1.996738 0.669322 -2.802965 -1.142217 0.171809 1.099419 -0.565989
1776408827.716407 jaka_arm_right success 0.355045 -0.179493 -0.353016 0.292736 0.636511 0.713356 0.016805 1.986200 0.667200 -2.795618 -1.155132 0.179513 1.084925 -0.580974
1776408827.724771 jaka_arm_right success 0.354822 -0.179373 -0.353106 0.295207 0.637770 0.711034 0.023083 1.973733 0.658284 -2.787893 -1.181288 0.187199 1.059215 -0.598764
1776408827.733069 jaka_arm_right success 0.354496 -0.178891 -0.353154 0.299891 0.636342 0.710095 0.029996 1.958951 0.653813 -2.777831 -1.204524 0.200181 1.033433 -0.616459
1776408827.741506 jaka_arm_right success 0.354286 -0.178479 -0.353346 0.302980 0.635357 0.709422 0.035284 1.946173 0.650998 -2.769458 -1.219599 0.209874 1.017478 -0.632353
1776408827.749866 jaka_arm_right success 0.354114 -0.178309 -0.353513 0.305498 0.634694 0.708719 0.039389 1.935780 0.649030 -2.762809 -1.232240 0.217140 1.004010 -0.645954
1776408827.758190 jaka_arm_right success 0.354114 -0.177783 -0.353817 0.307730 0.632439 0.709591 0.042473 1.927852 0.652229 -2.757114 -1.236069 0.224656 0.997942 -0.654717
1776408827.766438 jaka_arm_right success 0.354173 -0.177501 -0.354006 0.309416 0.630825 0.710236 0.043428 1.925201 0.654857 -2.754420 -1.236709 0.228494 0.994980 -0.657670
1776408827.774808 jaka_arm_right success 0.354141 -0.177249 -0.354197 0.311242 0.629603 0.710514 0.043561 1.921078 0.655514 -2.752488 -1.239055 0.232298 0.992722 -0.659999
1776408827.783077 jaka_arm_right success 0.354330 -0.177092 -0.354431 0.312311 0.628756 0.710721 0.044756 1.918241 0.656560 -2.750308 -1.240811 0.234975 0.989663 -0.663523
1776408827.791514 jaka_arm_right success 0.354236 -0.176872 -0.354538 0.314135 0.627783 0.710786 0.044631 1.915166 0.655923 -2.749102 -1.244150 0.238372 0.986544 -0.664013
1776408827.799758 jaka_arm_right success 0.354340 -0.176397 -0.354787 0.316031 0.625908 0.711422 0.047355 1.906979 0.658386 -2.743427 -1.248139 0.244649 0.981962 -0.674144
1776408827.808090 jaka_arm_right success 0.354127 -0.175971 -0.354945 0.317535 0.625030 0.711464 0.048259 1.902707 0.659613 -2.740726 -1.253175 0.248632 0.975386 -0.678742
1776408827.816386 jaka_arm_right success 0.353503 -0.175397 -0.354912 0.321002 0.623603 0.711065 0.049623 1.891992 0.653898 -2.735161 -1.270477 0.257128 0.962758 -0.687373
1776408827.824728 jaka_arm_right success 0.353233 -0.175012 -0.354987 0.322788 0.622830 0.710675 0.053218 1.882982 0.653936 -2.728957 -1.279106 0.263859 0.953487 -0.698781
1776408827.833127 jaka_arm_right success 0.353179 -0.174725 -0.355193 0.323483 0.622642 0.709990 0.059911 1.871459 0.653371 -2.719189 -1.289273 0.271389 0.942144 -0.717800
1776408827.841393 jaka_arm_right success 0.352427 -0.174215 -0.355225 0.326737 0.623042 0.707901 0.062756 1.863513 0.652482 -2.712979 -1.308042 0.278796 0.918578 -0.730111
1776408827.849768 jaka_arm_right success 0.352071 -0.173629 -0.355339 0.329226 0.621906 0.707270 0.067916 1.848958 0.647412 -2.703157 -1.323783 0.288905 0.907114 -0.746478
1776408827.858081 jaka_arm_right success 0.351841 -0.173395 -0.355519 0.331017 0.622533 0.705359 0.073139 1.836703 0.645563 -2.694161 -1.340154 0.296678 0.889028 -0.764981
1776408827.866463 jaka_arm_right success 0.351516 -0.172671 -0.355724 0.333650 0.621188 0.704917 0.076779 1.827027 0.647761 -2.686563 -1.347983 0.304429 0.878351 -0.777967
1776408827.874786 jaka_arm_right success 0.351373 -0.172171 -0.356021 0.334081 0.620843 0.704762 0.079080 1.824192 0.651406 -2.683177 -1.349728 0.307061 0.873365 -0.784312
1776408827.883054 jaka_arm_right success 0.351157 -0.171693 -0.356303 0.335490 0.621555 0.703369 0.079931 1.821494 0.650618 -2.681285 -1.359281 0.309475 0.860958 -0.789077
1776408827.891415 jaka_arm_right success 0.351213 -0.171119 -0.356621 0.335713 0.620630 0.703970 0.080883 1.819191 0.651117 -2.678945 -1.359721 0.311588 0.862054 -0.791625
1776408827.899755 jaka_arm_right success 0.350769 -0.170205 -0.356826 0.338189 0.620228 0.703302 0.079446 1.816601 0.652010 -2.678796 -1.366067 0.314466 0.853453 -0.792345
1776408827.908089 jaka_arm_right success 0.350962 -0.169698 -0.357310 0.337544 0.620419 0.703168 0.081843 1.814593 0.653383 -2.676271 -1.365473 0.314834 0.852648 -0.798016
1776408827.916392 jaka_arm_right success 0.350596 -0.169123 -0.357576 0.339043 0.621556 0.701503 0.081308 1.814102 0.651531 -2.676371 -1.374789 0.316371 0.840773 -0.798608
1776408827.924725 jaka_arm_right success 0.350725 -0.168350 -0.357994 0.339097 0.621855 0.700838 0.084470 1.805371 0.653120 -2.670653 -1.378326 0.319904 0.836884 -0.811032
1776408827.933106 jaka_arm_right success 0.350365 -0.167738 -0.358285 0.339692 0.623802 0.698759 0.084944 1.807811 0.650456 -2.671442 -1.387420 0.319358 0.823511 -0.811236
1776408827.941478 jaka_arm_right success 0.350014 -0.166662 -0.358578 0.341104 0.623513 0.698249 0.085599 1.801640 0.653087 -2.667931 -1.391380 0.322876 0.818270 -0.818601
1776408827.949788 jaka_arm_right success 0.349760 -0.166055 -0.358878 0.342301 0.625611 0.695286 0.089546 1.793400 0.649715 -2.660201 -1.409900 0.328607 0.795820 -0.833512
1776408827.958091 jaka_arm_right success 0.349422 -0.165193 -0.359210 0.343854 0.626722 0.693378 0.090617 1.791922 0.649712 -2.659036 -1.417909 0.330193 0.783424 -0.837245
1776408827.966439 jaka_arm_right success 0.349167 -0.164285 -0.359544 0.345631 0.627359 0.691570 0.093221 1.779512 0.645416 -2.650713 -1.435651 0.337344 0.768420 -0.851774
1776408827.974710 jaka_arm_right success 0.349042 -0.163508 -0.360003 0.346385 0.628388 0.689842 0.096252 1.776189 0.648205 -2.646535 -1.440592 0.339883 0.756795 -0.860324
1776408827.983157 jaka_arm_right success 0.348695 -0.162840 -0.360383 0.347979 0.629735 0.687746 0.096690 1.776190 0.647078 -2.644978 -1.449767 0.341975 0.742895 -0.862787
1776408827.991483 jaka_arm_right success 0.348511 -0.162249 -0.360710 0.348358 0.631534 0.685903 0.096689 1.775474 0.642138 -2.645157 -1.458109 0.342172 0.734857 -0.863569
1776408827.999835 jaka_arm_right success 0.348418 -0.161581 -0.361055 0.349879 0.631889 0.684605 0.098061 1.770165 0.646214 -2.641019 -1.461208 0.345294 0.726280 -0.871964
1776408828.008185 jaka_arm_right success 0.348077 -0.161098 -0.361375 0.351553 0.633173 0.682448 0.098827 1.768931 0.642168 -2.638765 -1.474731 0.348418 0.709951 -0.874669
1776408828.016423 jaka_arm_right success 0.347811 -0.160480 -0.361657 0.353302 0.632719 0.681824 0.099802 1.760006 0.644736 -2.633622 -1.477536 0.352895 0.706680 -0.883287
1776408828.024764 jaka_arm_right success 0.347595 -0.159982 -0.361975 0.354117 0.632797 0.681095 0.101385 1.753679 0.645191 -2.628380 -1.487101 0.356649 0.696141 -0.892324
1776408828.033056 jaka_arm_right success 0.347168 -0.159642 -0.362156 0.355393 0.632954 0.680032 0.103057 1.748846 0.645991 -2.624042 -1.490468 0.359928 0.690622 -0.898493
1776408828.041422 jaka_arm_right success 0.346849 -0.159329 -0.362300 0.356632 0.633025 0.678989 0.105199 1.740444 0.645024 -2.617169 -1.500940 0.364753 0.680494 -0.908974
1776408828.049729 jaka_arm_right success 0.346333 -0.158820 -0.362345 0.358751 0.632111 0.678379 0.107404 1.729530 0.645439 -2.608334 -1.510586 0.371979 0.671369 -0.920385
1776408828.058071 jaka_arm_right success 0.345919 -0.158428 -0.362403 0.358741 0.632265 0.677820 0.110029 1.727197 0.648919 -2.604812 -1.510215 0.372988 0.668041 -0.926637
1776408828.066436 jaka_arm_right success 0.345367 -0.157853 -0.362364 0.360100 0.631771 0.677274 0.111773 1.715288 0.648126 -2.595669 -1.522085 0.379449 0.658861 -0.939439
1776408828.074761 jaka_arm_right success 0.345071 -0.157616 -0.362424 0.360371 0.631602 0.676762 0.114914 1.710246 0.652604 -2.589719 -1.523118 0.382273 0.654513 -0.948409
1776408828.083082 jaka_arm_right success 0.344663 -0.157309 -0.362397 0.360374 0.631561 0.676490 0.116715 1.703674 0.653656 -2.584657 -1.527321 0.384514 0.651091 -0.956918
1776408828.091506 jaka_arm_right success 0.344202 -0.156918 -0.362273 0.361292 0.631361 0.676033 0.117607 1.698057 0.653475 -2.579774 -1.536434 0.388250 0.642404 -0.963606
1776408828.099701 jaka_arm_right success 0.343735 -0.156453 -0.362127 0.361670 0.630764 0.676431 0.117358 1.698003 0.653846 -2.579723 -1.536722 0.388578 0.642653 -0.963309
1776408828.108137 jaka_arm_right success 0.343460 -0.156358 -0.362041 0.360725 0.631392 0.676114 0.118709 1.695192 0.653342 -2.577350 -1.537913 0.388613 0.642730 -0.967677
1776408828.116417 jaka_arm_right success 0.343320 -0.156061 -0.361994 0.360183 0.631258 0.676105 0.121092 1.691622 0.656758 -2.573576 -1.537632 0.389293 0.641356 -0.974641
1776408828.124893 jaka_arm_right success 0.342894 -0.155806 -0.361801 0.360259 0.631661 0.675559 0.121809 1.688617 0.655262 -2.571353 -1.542068 0.390397 0.638645 -0.978002
1776408828.133063 jaka_arm_right success 0.342493 -0.155409 -0.361658 0.360947 0.631289 0.675014 0.124691 1.677584 0.658805 -2.561601 -1.549469 0.395424 0.630975 -0.992485
1776408828.141441 jaka_arm_right success 0.342289 -0.155246 -0.361642 0.359805 0.632235 0.674229 0.127416 1.673155 0.659272 -2.556482 -1.555017 0.396588 0.624232 -1.001311
1776408828.149719 jaka_arm_right success 0.341669 -0.154876 -0.361399 0.361283 0.632232 0.673132 0.129035 1.663975 0.659560 -2.548815 -1.564766 0.401575 0.614685 -1.011554
1776408828.158071 jaka_arm_right success 0.341484 -0.154612 -0.361373 0.361428 0.632473 0.672170 0.132418 1.656922 0.661329 -2.541244 -1.570148 0.404482 0.608068 -1.022477
1776408828.166473 jaka_arm_right success 0.341135 -0.154323 -0.361370 0.361886 0.632610 0.671454 0.134135 1.652913 0.662819 -2.536753 -1.572761 0.407000 0.603275 -1.028078
1776408828.174799 jaka_arm_right success 0.340885 -0.154176 -0.361376 0.362377 0.633493 0.669765 0.137056 1.643519 0.662703 -2.527138 -1.583848 0.411608 0.591268 -1.040936
1776408828.183086 jaka_arm_right success 0.340727 -0.153872 -0.361406 0.363142 0.632846 0.669572 0.138949 1.640386 0.665531 -2.523613 -1.583895 0.412944 0.589653 -1.045842
1776408828.191402 jaka_arm_right success 0.340566 -0.153817 -0.361529 0.362387 0.633901 0.668957 0.139076 1.640404 0.664696 -2.524392 -1.584182 0.411546 0.589269 -1.046654
1776408828.199746 jaka_arm_right success 0.340287 -0.153608 -0.361586 0.362799 0.634284 0.668533 0.138289 1.640343 0.662997 -2.524808 -1.586709 0.412362 0.586921 -1.045385
1776408828.208108 jaka_arm_right success 0.340202 -0.153376 -0.361733 0.363069 0.634296 0.668247 0.138910 1.639204 0.664030 -2.523327 -1.588191 0.412865 0.583899 -1.047932
1776408828.216408 jaka_arm_right success 0.340207 -0.153097 -0.361948 0.363114 0.634225 0.668097 0.139835 1.637117 0.666129 -2.520894 -1.589242 0.413690 0.581914 -1.051587
1776408828.224705 jaka_arm_right success 0.340216 -0.152853 -0.362120 0.363725 0.634209 0.667448 0.141410 1.630691 0.668889 -2.515064 -1.593988 0.416238 0.575584 -1.060187
1776408828.233159 jaka_arm_right success 0.340115 -0.152567 -0.362245 0.364852 0.634596 0.666320 0.142088 1.628839 0.668025 -2.511238 -1.601683 0.419712 0.565394 -1.063000
1776408828.241424 jaka_arm_right success 0.339927 -0.152294 -0.362385 0.365785 0.635625 0.664864 0.141909 1.627549 0.666214 -2.510295 -1.604729 0.420656 0.560581 -1.064177
1776408828.249755 jaka_arm_right success 0.339915 -0.152014 -0.362611 0.366624 0.635777 0.663833 0.143875 1.620323 0.670343 -2.503744 -1.609309 0.423234 0.553076 -1.074103
1776408828.258078 jaka_arm_right success 0.339880 -0.151737 -0.362821 0.367763 0.636254 0.662213 0.146306 1.613036 0.672563 -2.495385 -1.617218 0.427226 0.541639 -1.084354
1776408828.266438 jaka_arm_right success 0.339956 -0.151696 -0.363117 0.367623 0.637306 0.660587 0.149397 1.609589 0.674756 -2.489941 -1.617713 0.428226 0.536919 -1.091669
1776408828.274738 jaka_arm_right success 0.339440 -0.151144 -0.363227 0.370381 0.637372 0.659149 0.148654 1.605721 0.671519 -2.484742 -1.632142 0.434359 0.521093 -1.093845
1776408828.283107 jaka_arm_right success 0.339244 -0.150873 -0.363499 0.371928 0.637524 0.657649 0.150765 1.593493 0.675968 -2.475084 -1.637092 0.437800 0.514174 -1.107042
1776408828.291550 jaka_arm_right success 0.339303 -0.150737 -0.363821 0.372443 0.637762 0.656508 0.153438 1.589241 0.680580 -2.468851 -1.638141 0.439730 0.507968 -1.114799
1776408828.299771 jaka_arm_right success 0.339445 -0.150622 -0.364142 0.373141 0.637921 0.655430 0.155673 1.582002 0.683727 -2.461127 -1.643398 0.442195 0.500482 -1.124433
1776408828.308142 jaka_arm_right success 0.339143 -0.150376 -0.364310 0.375160 0.638561 0.654098 0.153788 1.583516 0.678629 -2.461862 -1.649396 0.445418 0.493244 -1.119645
1776408828.316460 jaka_arm_right success 0.339217 -0.150110 -0.364620 0.376155 0.637976 0.653818 0.154969 1.580019 0.683968 -2.458234 -1.648482 0.446489 0.490717 -1.124848
1776408828.324747 jaka_arm_right success 0.339325 -0.150074 -0.364904 0.376668 0.638164 0.653107 0.155944 1.576827 0.685276 -2.454088 -1.650741 0.448350 0.486511 -1.128787
1776408828.333058 jaka_arm_right success 0.339377 -0.150031 -0.365125 0.377393 0.638277 0.652403 0.156677 1.574733 0.685900 -2.451631 -1.652892 0.449174 0.482870 -1.131739
1776408828.341477 jaka_arm_right success 0.339404 -0.149993 -0.365299 0.378044 0.638372 0.651756 0.157412 1.571221 0.687842 -2.447872 -1.655547 0.451173 0.478192 -1.135484
1776408828.349756 jaka_arm_right success 0.339125 -0.149910 -0.365390 0.379338 0.639079 0.650543 0.156442 1.571280 0.683583 -2.448076 -1.660759 0.453094 0.472171 -1.133341
1776408828.358102 jaka_arm_right success 0.339053 -0.149813 -0.365525 0.379964 0.639000 0.650153 0.156871 1.568493 0.687160 -2.444441 -1.661493 0.454026 0.469178 -1.137854
1776408828.366400 jaka_arm_right success 0.338868 -0.149653 -0.365631 0.380672 0.639017 0.649489 0.157828 1.561560 0.689453 -2.438401 -1.667167 0.456442 0.462833 -1.144681
1776408828.374748 jaka_arm_right success 0.338689 -0.149383 -0.365686 0.381755 0.638418 0.649148 0.159035 1.557937 0.691706 -2.433811 -1.668427 0.458436 0.460105 -1.148541
1776408828.383072 jaka_arm_right success 0.338500 -0.149061 -0.365700 0.382470 0.637973 0.648727 0.160811 1.550073 0.695687 -2.425833 -1.672973 0.460990 0.454698 -1.157058
1776408828.391525 jaka_arm_right success 0.338107 -0.148926 -0.365623 0.383359 0.638640 0.647462 0.161145 1.548862 0.692523 -2.422347 -1.681077 0.463644 0.445315 -1.158384
1776408828.399728 jaka_arm_right success 0.337911 -0.148958 -0.365633 0.382972 0.639438 0.646267 0.163677 1.541637 0.696770 -2.416029 -1.681884 0.463493 0.442202 -1.167804
1776408828.408132 jaka_arm_right success 0.337736 -0.148727 -0.365576 0.382776 0.639016 0.646526 0.164757 1.539613 0.698059 -2.413516 -1.682688 0.463405 0.441844 -1.170938
1776408828.416432 jaka_arm_right success 0.337429 -0.148607 -0.365476 0.384099 0.638411 0.645518 0.167947 1.524329 0.703934 -2.398102 -1.691570 0.468149 0.432775 -1.185878
1776408828.424714 jaka_arm_right success 0.337194 -0.148599 -0.365394 0.384546 0.638326 0.644852 0.169794 1.521779 0.706925 -2.394161 -1.692125 0.468304 0.429655 -1.190814
1776408828.433100 jaka_arm_right success 0.336767 -0.148495 -0.365303 0.385540 0.637699 0.644686 0.170528 1.513632 0.708862 -2.387509 -1.696694 0.470489 0.426441 -1.197095
1776408828.441456 jaka_arm_right success 0.336661 -0.148742 -0.365235 0.386095 0.637603 0.643628 0.173599 1.504352 0.711849 -2.375848 -1.704927 0.473640 0.417190 -1.207546
1776408828.449771 jaka_arm_right success 0.336246 -0.148747 -0.365044 0.388028 0.636616 0.643551 0.173193 1.503447 0.712697 -2.374908 -1.704389 0.475733 0.416867 -1.206299
1776408828.458094 jaka_arm_right success 0.336137 -0.149069 -0.364942 0.388592 0.636073 0.643323 0.174765 1.497749 0.715805 -2.369395 -1.704908 0.476743 0.416428 -1.211665
1776408828.466440 jaka_arm_right success 0.335994 -0.149336 -0.364774 0.389603 0.635633 0.642810 0.175998 1.489966 0.717656 -2.361344 -1.709712 0.479426 0.411783 -1.218080
1776408828.474771 jaka_arm_right success 0.335578 -0.149529 -0.364485 0.391946 0.634941 0.642085 0.175940 1.485655 0.715614 -2.354472 -1.718823 0.484738 0.402807 -1.219336
1776408828.483122 jaka_arm_right success 0.335492 -0.149937 -0.364331 0.393319 0.634805 0.640755 0.178201 1.475049 0.720663 -2.344007 -1.724192 0.486863 0.395327 -1.229854
1776408828.491442 jaka_arm_right success 0.335278 -0.150314 -0.364103 0.394066 0.635081 0.639984 0.178338 1.474562 0.719583 -2.343097 -1.724644 0.487733 0.393719 -1.229667
1776408828.499751 jaka_arm_right success 0.335056 -0.150624 -0.363846 0.395177 0.634943 0.639419 0.178401 1.470620 0.716948 -2.337659 -1.731908 0.490980 0.387808 -1.231235
1776408828.508174 jaka_arm_right success 0.334942 -0.151012 -0.363609 0.395913 0.634973 0.638697 0.179244 1.467728 0.719300 -2.334539 -1.731885 0.492034 0.385741 -1.233804
1776408828.516451 jaka_arm_right success 0.335005 -0.151344 -0.363477 0.396860 0.634272 0.638102 0.181734 1.456858 0.723560 -2.322600 -1.739047 0.494430 0.378824 -1.244140
1776408828.524700 jaka_arm_right success 0.334702 -0.151772 -0.363168 0.397469 0.635003 0.637363 0.180441 1.457277 0.720140 -2.323905 -1.741330 0.495751 0.376158 -1.241489
1776408828.533122 jaka_arm_right success 0.334756 -0.152182 -0.362910 0.397243 0.634586 0.638131 0.179688 1.457524 0.720515 -2.323889 -1.741898 0.495844 0.376617 -1.241307
1776408828.541444 jaka_arm_right success 0.334928 -0.152412 -0.362698 0.397297 0.634073 0.638914 0.178593 1.459741 0.715620 -2.325744 -1.744800 0.497368 0.378127 -1.236403
1776408828.549701 jaka_arm_right success 0.335097 -0.152722 -0.362480 0.397017 0.634390 0.638767 0.178615 1.459741 0.715620 -2.325744 -1.744800 0.497368 0.378127 -1.236403
1776408828.558066 jaka_arm_right success 0.334979 -0.152831 -0.362173 0.397924 0.634436 0.638679 0.176741 1.460925 0.712586 -2.327885 -1.746187 0.498544 0.377427 -1.232869
1776408828.566442 jaka_arm_right success 0.335026 -0.152934 -0.362011 0.398026 0.634613 0.638585 0.176213 1.462775 0.709792 -2.329412 -1.747107 0.499023 0.376910 -1.230319
1776408828.574764 jaka_arm_right success 0.335119 -0.153086 -0.361891 0.397802 0.635164 0.638263 0.175901 1.462734 0.709487 -2.329556 -1.746952 0.498822 0.376692 -1.230453
1776408828.583075 jaka_arm_right success 0.335203 -0.153048 -0.361799 0.397684 0.635288 0.638271 0.175690 1.463620 0.708479 -2.330330 -1.747408 0.498625 0.376399 -1.229779
1776408828.591458 jaka_arm_right success 0.335189 -0.153195 -0.361651 0.397977 0.635839 0.637708 0.175075 1.465550 0.705419 -2.332065 -1.748524 0.499246 0.374571 -1.227118
1776408828.599782 jaka_arm_right success 0.335263 -0.153326 -0.361600 0.397603 0.636270 0.637529 0.175010 1.465550 0.705419 -2.332065 -1.748524 0.499246 0.374571 -1.227118
1776408828.608148 jaka_arm_right success 0.335452 -0.153529 -0.361592 0.397058 0.636811 0.637189 0.175518 1.465940 0.704859 -2.331867 -1.748385 0.498654 0.374473 -1.227700
1776408828.616437 jaka_arm_right success 0.335506 -0.153619 -0.361560 0.397569 0.636809 0.636787 0.175829 1.465940 0.704859 -2.331867 -1.748385 0.498654 0.374473 -1.227700
1776408828.624702 jaka_arm_right success 0.335478 -0.153715 -0.361523 0.398103 0.637032 0.636272 0.175679 1.466769 0.703411 -2.331562 -1.748153 0.499430 0.372575 -1.226801
1776408828.633104 jaka_arm_right success 0.335407 -0.153818 -0.361494 0.399379 0.636957 0.635564 0.175614 1.466724 0.703108 -2.330819 -1.748132 0.500940 0.370671 -1.225836
1776408828.641404 jaka_arm_right success 0.335611 -0.153955 -0.361562 0.399513 0.636593 0.635599 0.176499 1.467118 0.703346 -2.329525 -1.747933 0.501270 0.370484 -1.226201
1776408828.649736 jaka_arm_right success 0.335636 -0.153992 -0.361573 0.400383 0.636310 0.635348 0.176457 1.464457 0.707201 -2.324751 -1.751414 0.503063 0.363718 -1.229984
1776408828.658090 jaka_arm_right success 0.335639 -0.154058 -0.361579 0.400582 0.636331 0.635282 0.176163 1.464146 0.707262 -2.325057 -1.751418 0.503233 0.363574 -1.229741
1776408828.666447 jaka_arm_right success 0.335582 -0.154221 -0.361567 0.401150 0.636930 0.634400 0.175886 1.464126 0.703380 -2.324866 -1.754196 0.504634 0.361048 -1.227934
1776408828.674780 jaka_arm_right success 0.335543 -0.154277 -0.361529 0.401482 0.637162 0.634126 0.175276 1.463825 0.703368 -2.325113 -1.754087 0.504781 0.360820 -1.227753
1776408828.683124 jaka_arm_right success 0.335579 -0.154384 -0.361487 0.401640 0.637423 0.633741 0.175355 1.463695 0.702709 -2.325077 -1.754540 0.505204 0.359661 -1.227416
1776408828.691435 jaka_arm_right success 0.335634 -0.154528 -0.361460 0.401390 0.637982 0.633457 0.174922 1.465032 0.700272 -2.325111 -1.756835 0.505689 0.357408 -1.226376
1776408828.699757 jaka_arm_right success 0.335773 -0.154663 -0.361468 0.400868 0.638443 0.633295 0.175024 1.465113 0.699917 -2.325247 -1.756825 0.505271 0.357251 -1.226709
1776408828.708034 jaka_arm_right success 0.335938 -0.154900 -0.361397 0.400271 0.639417 0.632758 0.174777 1.465578 0.698536 -2.326245 -1.757524 0.504457 0.356310 -1.226823
1776408828.716463 jaka_arm_right success 0.336032 -0.155101 -0.361296 0.400246 0.640291 0.631842 0.174950 1.467310 0.695586 -2.324939 -1.763131 0.505870 0.348950 -1.226261
1776408828.724701 jaka_arm_right success 0.336105 -0.155093 -0.361155 0.399991 0.640825 0.631508 0.174781 1.467234 0.695282 -2.325121 -1.762998 0.505630 0.348711 -1.226437
1776408828.733078 jaka_arm_right success 0.336190 -0.155011 -0.361043 0.400334 0.640919 0.631147 0.174954 1.467234 0.695282 -2.325121 -1.762998 0.505630 0.348711 -1.226437
1776408828.741490 jaka_arm_right success 0.336321 -0.155145 -0.360916 0.400369 0.641748 0.629951 0.176142 1.467798 0.694348 -2.323802 -1.763338 0.505760 0.344859 -1.227410
1776408828.749758 jaka_arm_right success 0.336300 -0.155403 -0.360719 0.400099 0.643139 0.628873 0.175534 1.469078 0.691247 -2.324107 -1.766213 0.506252 0.340668 -1.226473
1776408828.758097 jaka_arm_right success 0.336274 -0.155569 -0.360568 0.400278 0.643704 0.628232 0.175349 1.470243 0.688628 -2.322671 -1.771329 0.507897 0.334463 -1.225695
1776408828.766418 jaka_arm_right success 0.336231 -0.155633 -0.360370 0.401295 0.643358 0.628111 0.174728 1.469774 0.688920 -2.322906 -1.771232 0.508416 0.334290 -1.225195
1776408828.774757 jaka_arm_right success 0.336289 -0.156017 -0.360240 0.400867 0.643411 0.628314 0.174785 1.469774 0.688920 -2.322906 -1.771232 0.508416 0.334290 -1.225195
1776408828.783115 jaka_arm_right success 0.336422 -0.156489 -0.360027 0.400361 0.643263 0.628687 0.175147 1.470149 0.688982 -2.322578 -1.771482 0.508298 0.334623 -1.225355
1776408828.791444 jaka_arm_right success 0.336452 -0.156854 -0.359700 0.400545 0.642838 0.629393 0.173743 1.469860 0.688987 -2.323403 -1.772866 0.508790 0.335371 -1.224292
1776408828.799751 jaka_arm_right success 0.336738 -0.157736 -0.359501 0.399071 0.643571 0.629174 0.175213 1.470366 0.684342 -2.322478 -1.773629 0.508302 0.337459 -1.223932
1776408828.808121 jaka_arm_right success 0.336518 -0.158145 -0.358976 0.399895 0.643462 0.629436 0.172778 1.470670 0.679490 -2.324822 -1.776158 0.510174 0.338206 -1.219335
1776408828.816463 jaka_arm_right success 0.336635 -0.158888 -0.358609 0.398768 0.643985 0.629643 0.172677 1.473110 0.672851 -2.326691 -1.777376 0.510246 0.341106 -1.215664
1776408828.824734 jaka_arm_right success 0.336831 -0.159616 -0.358134 0.397892 0.643994 0.630012 0.173315 1.473931 0.670723 -2.327852 -1.775252 0.509179 0.345536 -1.214727
1776408828.833117 jaka_arm_right success 0.336817 -0.160335 -0.357596 0.397451 0.643918 0.630486 0.172888 1.475542 0.666617 -2.329820 -1.775157 0.509536 0.349446 -1.211147
1776408828.841542 jaka_arm_right success 0.336736 -0.161149 -0.357062 0.397366 0.644194 0.630283 0.172794 1.476210 0.664081 -2.330668 -1.775070 0.509208 0.350786 -1.210058
1776408828.849740 jaka_arm_right success 0.336769 -0.161801 -0.356475 0.397372 0.643474 0.631260 0.171895 1.477381 0.659198 -2.332416 -1.775168 0.510628 0.355821 -1.205098
1776408828.858105 jaka_arm_right success 0.336957 -0.162715 -0.355897 0.395581 0.643480 0.632282 0.172247 1.479448 0.654862 -2.336169 -1.770062 0.508221 0.366592 -1.201943
1776408828.866477 jaka_arm_right success 0.336801 -0.163570 -0.355177 0.396553 0.642979 0.632464 0.171212 1.480080 0.653460 -2.337254 -1.770506 0.509527 0.366958 -1.199201
1776408828.874755 jaka_arm_right success 0.336826 -0.164577 -0.354534 0.396271 0.642923 0.632769 0.170948 1.481814 0.647772 -2.338138 -1.771356 0.510647 0.369920 -1.195026
1776408828.883100 jaka_arm_right success 0.336988 -0.165536 -0.353937 0.394686 0.642981 0.634238 0.168938 1.491431 0.639622 -2.350570 -1.763172 0.507086 0.384698 -1.183212
1776408828.891421 jaka_arm_right success 0.337044 -0.166544 -0.353219 0.395269 0.642281 0.634877 0.167836 1.492040 0.637603 -2.351244 -1.764031 0.508471 0.386306 -1.180185
1776408828.899923 jaka_arm_right success 0.337079 -0.167628 -0.352529 0.394101 0.642758 0.635899 0.164861 1.503513 0.625946 -2.364233 -1.758716 0.505912 0.398868 -1.165022
1776408828.908137 jaka_arm_right success 0.337382 -0.168863 -0.351915 0.393676 0.642153 0.636810 0.164718 1.503710 0.622829 -2.365284 -1.757399 0.506107 0.403835 -1.162229
1776408828.916390 jaka_arm_right success 0.337615 -0.170018 -0.351153 0.392818 0.641819 0.638202 0.162667 1.510805 0.614346 -2.373508 -1.754236 0.504187 0.414231 -1.151629
1776408828.924732 jaka_arm_right success 0.337808 -0.171561 -0.350438 0.391843 0.642463 0.638159 0.162644 1.513418 0.608815 -2.375795 -1.752697 0.503575 0.418500 -1.147409
1776408828.933105 jaka_arm_right success 0.337889 -0.172895 -0.349635 0.391305 0.642714 0.638486 0.161664 1.516559 0.602292 -2.379214 -1.752375 0.503226 0.423261 -1.141406
1776408828.941446 jaka_arm_right success 0.337982 -0.174300 -0.348853 0.390583 0.643066 0.638778 0.160855 1.520622 0.595236 -2.383929 -1.749950 0.501953 0.429994 -1.134423
1776408828.949707 jaka_arm_right success 0.338015 -0.175744 -0.347924 0.389320 0.643769 0.639202 0.159411 1.528936 0.587376 -2.392685 -1.744121 0.498946 0.439989 -1.123310
1776408828.958124 jaka_arm_right success 0.338077 -0.177071 -0.346992 0.389449 0.643467 0.639543 0.158949 1.529522 0.584497 -2.392936 -1.744544 0.499647 0.442524 -1.120770
1776408828.966445 jaka_arm_right success 0.338363 -0.178896 -0.346101 0.387314 0.644804 0.639622 0.158428 1.535684 0.573485 -2.399074 -1.741997 0.496418 0.451104 -1.112100
1776408828.974739 jaka_arm_right success 0.338554 -0.180555 -0.345152 0.385901 0.645164 0.640371 0.157382 1.540678 0.565608 -2.405002 -1.740227 0.494053 0.459668 -1.103589
1776408828.983151 jaka_arm_right success 0.338710 -0.182407 -0.344131 0.384894 0.645842 0.640962 0.154637 1.554803 0.557668 -2.419616 -1.728884 0.487581 0.473697 -1.086370
1776408828.991466 jaka_arm_right success 0.339409 -0.184287 -0.343231 0.382330 0.645137 0.643492 0.153431 1.560922 0.549786 -2.427110 -1.722155 0.482579 0.491185 -1.076054
1776408828.999717 jaka_arm_right success 0.339772 -0.186472 -0.342234 0.380287 0.645854 0.644815 0.149891 1.578289 0.539160 -2.444203 -1.711948 0.473977 0.506978 -1.053766
1776408829.008159 jaka_arm_right success 0.340156 -0.188444 -0.341242 0.379664 0.644294 0.647331 0.147322 1.584644 0.534439 -2.452818 -1.699966 0.470133 0.527080 -1.039761
1776408829.016486 jaka_arm_right success 0.340639 -0.190719 -0.340283 0.377332 0.643386 0.650126 0.144952 1.598376 0.528280 -2.466524 -1.683887 0.460604 0.550734 -1.020651
1776408829.024740 jaka_arm_right success 0.340890 -0.193126 -0.339215 0.375738 0.643608 0.651560 0.141627 1.611464 0.518347 -2.479107 -1.675429 0.453778 0.565326 -1.000099
1776408829.033103 jaka_arm_right success 0.341297 -0.195283 -0.338157 0.374983 0.641949 0.653832 0.140686 1.613292 0.516208 -2.482266 -1.665645 0.451368 0.582509 -0.993022
1776408829.041436 jaka_arm_right success 0.341546 -0.197672 -0.336899 0.373928 0.641743 0.654832 0.139783 1.619264 0.508479 -2.487058 -1.661205 0.448460 0.593296 -0.981795
1776408829.049769 jaka_arm_right success 0.341772 -0.199974 -0.335683 0.372639 0.641580 0.655806 0.139406 1.621969 0.501601 -2.489066 -1.657289 0.446585 0.603170 -0.975200
1776408829.058105 jaka_arm_right success 0.341992 -0.202456 -0.334407 0.370618 0.641765 0.656792 0.139295 1.626802 0.495720 -2.494127 -1.647775 0.441014 0.618827 -0.966212
1776408829.066415 jaka_arm_right success 0.342150 -0.204903 -0.333090 0.368553 0.642498 0.657344 0.138794 1.633799 0.488520 -2.499215 -1.641927 0.435692 0.629659 -0.955845
1776408829.074731 jaka_arm_right success 0.342208 -0.207338 -0.331670 0.367197 0.642619 0.658127 0.138117 1.636589 0.482591 -2.501338 -1.638553 0.433714 0.638865 -0.949114
1776408829.083175 jaka_arm_right success 0.342189 -0.209838 -0.330324 0.365777 0.642771 0.659005 0.136984 1.641289 0.473638 -2.506337 -1.631923 0.429094 0.653379 -0.937684
1776408829.091389 jaka_arm_right success 0.342181 -0.212515 -0.329088 0.364160 0.642896 0.659983 0.135997 1.645731 0.466287 -2.509895 -1.625920 0.425588 0.666266 -0.927646
1776408829.099734 jaka_arm_right success 0.342336 -0.215101 -0.327929 0.362347 0.642009 0.661930 0.135564 1.648665 0.462052 -2.513296 -1.614446 0.421214 0.685019 -0.919088
1776408829.108248 jaka_arm_right success 0.342169 -0.217892 -0.326674 0.361756 0.640780 0.664079 0.132414 1.656919 0.454710 -2.520161 -1.603159 0.415073 0.704960 -0.901235
1776408829.116378 jaka_arm_right success 0.342397 -0.220684 -0.325641 0.359847 0.639839 0.666304 0.130982 1.663408 0.454035 -2.526517 -1.584999 0.407516 0.727352 -0.888101
1776408829.124719 jaka_arm_right success 0.342687 -0.223635 -0.324704 0.357933 0.638802 0.668712 0.128994 1.671149 0.448888 -2.532533 -1.571148 0.400489 0.748162 -0.872317
1776408829.133112 jaka_arm_right success 0.342938 -0.226782 -0.323733 0.356193 0.637857 0.671228 0.125371 1.682797 0.445542 -2.541546 -1.552511 0.390003 0.772858 -0.850809
1776408829.141453 jaka_arm_right success 0.343124 -0.229618 -0.322698 0.356413 0.636078 0.673502 0.121529 1.690934 0.442418 -2.547683 -1.538416 0.385020 0.792002 -0.831721
1776408829.149691 jaka_arm_right success 0.343241 -0.232793 -0.321810 0.355472 0.636062 0.674740 0.117432 1.702281 0.436430 -2.556678 -1.523779 0.375239 0.810204 -0.809174
1776408829.158075 jaka_arm_right success 0.343299 -0.235790 -0.320854 0.354618 0.635306 0.676684 0.112838 1.712105 0.432857 -2.564609 -1.506804 0.365976 0.833318 -0.788065
1776408829.166468 jaka_arm_right success 0.343407 -0.238791 -0.320011 0.353716 0.634713 0.678077 0.110614 1.715888 0.426889 -2.567018 -1.499539 0.363383 0.846959 -0.776959
1776408829.174773 jaka_arm_right success 0.343397 -0.241784 -0.319160 0.353397 0.633228 0.679857 0.109208 1.717884 0.425217 -2.569351 -1.484408 0.360779 0.867558 -0.767110
1776408829.183110 jaka_arm_right success 0.343368 -0.244850 -0.318383 0.352083 0.632687 0.681206 0.108181 1.723385 0.425675 -2.573354 -1.467174 0.354435 0.886020 -0.755819
1776408829.191451 jaka_arm_right success 0.343260 -0.247984 -0.317590 0.350981 0.632316 0.682290 0.107095 1.725856 0.420871 -2.574706 -1.459070 0.352391 0.898889 -0.747640
1776408829.199767 jaka_arm_right success 0.343247 -0.250953 -0.316847 0.348559 0.631674 0.684254 0.106258 1.729517 0.420957 -2.577479 -1.439155 0.345796 0.923636 -0.738945
1776408829.208112 jaka_arm_right success 0.342914 -0.254022 -0.316018 0.346789 0.632137 0.685283 0.102598 1.742694 0.418595 -2.584494 -1.421444 0.334345 0.942650 -0.717064
1776408829.216449 jaka_arm_right success 0.342897 -0.256914 -0.315345 0.343940 0.632681 0.686650 0.099656 1.750482 0.415726 -2.589613 -1.404288 0.324281 0.964955 -0.702342
1776408829.224747 jaka_arm_right success 0.342927 -0.260088 -0.314725 0.341111 0.633928 0.687296 0.096971 1.760628 0.413875 -2.594425 -1.389407 0.314166 0.981746 -0.686881
1776408829.233116 jaka_arm_right success 0.342954 -0.263052 -0.314043 0.339146 0.633829 0.688790 0.093855 1.769433 0.413039 -2.599712 -1.365996 0.304336 1.008018 -0.669282
1776408829.241438 jaka_arm_right success 0.342758 -0.266066 -0.313406 0.337931 0.634141 0.689516 0.090750 1.777486 0.409137 -2.603574 -1.354632 0.297353 1.022766 -0.653944
1776408829.249757 jaka_arm_right success 0.342534 -0.268992 -0.312858 0.336859 0.634138 0.690389 0.088079 1.782293 0.408194 -2.606887 -1.337906 0.291163 1.042626 -0.642576
1776408829.258122 jaka_arm_right success 0.342328 -0.271710 -0.312374 0.336807 0.633204 0.691414 0.086949 1.784111 0.408752 -2.607368 -1.327215 0.290660 1.055273 -0.636471
1776408829.266433 jaka_arm_right success 0.342054 -0.274568 -0.311933 0.335824 0.633599 0.691642 0.086064 1.787609 0.406543 -2.609543 -1.313096 0.286002 1.070046 -0.628226
1776408829.274819 jaka_arm_right success 0.341547 -0.277685 -0.311333 0.334856 0.635656 0.690498 0.083818 1.796611 0.400459 -2.612924 -1.304263 0.277951 1.080252 -0.613801
1776408829.283114 jaka_arm_right success 0.341180 -0.280502 -0.310802 0.334788 0.636273 0.690109 0.082599 1.796923 0.396910 -2.614282 -1.294041 0.275804 1.093752 -0.608418
1776408829.291440 jaka_arm_right success 0.340803 -0.283229 -0.310376 0.333876 0.636996 0.690037 0.081319 1.800347 0.392602 -2.615798 -1.287847 0.272570 1.102602 -0.600530
1776408829.299700 jaka_arm_right success 0.340520 -0.286156 -0.309924 0.332084 0.637831 0.690200 0.080718 1.804067 0.392771 -2.617851 -1.268699 0.266367 1.123244 -0.593388
1776408829.308084 jaka_arm_right success 0.340091 -0.289015 -0.309630 0.330430 0.638911 0.690122 0.079628 1.810843 0.393018 -2.619612 -1.255882 0.260071 1.134602 -0.584933
1776408829.316455 jaka_arm_right success 0.339606 -0.291960 -0.309325 0.328786 0.639416 0.690712 0.077224 1.815193 0.391653 -2.622791 -1.237216 0.252716 1.156265 -0.574854
1776408829.324771 jaka_arm_right success 0.339042 -0.294847 -0.309021 0.328137 0.639026 0.691695 0.074368 1.821914 0.392233 -2.625086 -1.219865 0.247279 1.175471 -0.561894
1776408829.333109 jaka_arm_right success 0.338757 -0.298055 -0.309001 0.326157 0.639689 0.692175 0.072893 1.826241 0.396684 -2.627574 -1.197493 0.240471 1.196101 -0.555052
1776408829.341464 jaka_arm_right success 0.338206 -0.300878 -0.308865 0.326145 0.637917 0.694160 0.069522 1.831686 0.398835 -2.629602 -1.176936 0.237069 1.218865 -0.541546
1776408829.349788 jaka_arm_right success 0.337855 -0.303778 -0.308930 0.325430 0.636228 0.696397 0.065880 1.837652 0.406053 -2.632625 -1.149453 0.231288 1.245490 -0.528817
1776408829.358129 jaka_arm_right success 0.337573 -0.306717 -0.308950 0.325959 0.635028 0.697393 0.064293 1.839659 0.406513 -2.633588 -1.135554 0.230728 1.259197 -0.520953
1776408829.366360 jaka_arm_right success 0.337097 -0.309608 -0.309019 0.326888 0.633497 0.698596 0.061555 1.841735 0.407388 -2.634967 -1.120181 0.230137 1.276979 -0.511021
1776408829.374780 jaka_arm_right success 0.336883 -0.312540 -0.309146 0.326788 0.632687 0.699465 0.060537 1.844261 0.412355 -2.636296 -1.098526 0.227136 1.295502 -0.505382
1776408829.383118 jaka_arm_right success 0.336329 -0.315582 -0.309181 0.328187 0.632296 0.699334 0.058548 1.847633 0.409339 -2.637635 -1.091663 0.226094 1.303111 -0.495265
1776408829.391404 jaka_arm_right success 0.336148 -0.318299 -0.309394 0.327620 0.631136 0.700560 0.059568 1.846064 0.417169 -2.637323 -1.071442 0.226416 1.319346 -0.497009
1776408829.399746 jaka_arm_right success 0.335524 -0.321188 -0.309417 0.328115 0.630799 0.700749 0.058172 1.848198 0.415158 -2.638225 -1.057739 0.224845 1.334531 -0.489419
1776408829.408104 jaka_arm_right success 0.335046 -0.324060 -0.309459 0.329833 0.630526 0.700022 0.060127 1.846388 0.412544 -2.637151 -1.054560 0.228431 1.335598 -0.488440
1776408829.416398 jaka_arm_right success 0.334439 -0.326509 -0.309402 0.331885 0.629821 0.699737 0.059551 1.843514 0.408532 -2.637139 -1.052161 0.231730 1.339846 -0.485231
1776408829.424728 jaka_arm_right success 0.333952 -0.329235 -0.309262 0.333996 0.630749 0.697936 0.059064 1.841696 0.405056 -2.638148 -1.044695 0.232355 1.346336 -0.481335
1776408829.433112 jaka_arm_right success 0.333241 -0.331622 -0.308792 0.338108 0.631098 0.695903 0.055838 1.841535 0.396850 -2.640620 -1.044636 0.232787 1.348369 -0.470170
1776408829.441460 jaka_arm_right success 0.332897 -0.334089 -0.308501 0.340568 0.632573 0.693371 0.055694 1.841609 0.391145 -2.641983 -1.043128 0.232031 1.347430 -0.465405
1776408829.449730 jaka_arm_right success 0.332606 -0.336476 -0.308233 0.342444 0.634153 0.690861 0.057386 1.842286 0.385692 -2.641720 -1.041560 0.232052 1.346195 -0.463524
1776408829.458107 jaka_arm_right success 0.332067 -0.338627 -0.307743 0.345438 0.635656 0.687863 0.058808 1.841127 0.375878 -2.641877 -1.048251 0.234262 1.338391 -0.459890
1776408829.466413 jaka_arm_right success 0.331413 -0.340818 -0.307058 0.348391 0.638125 0.683843 0.061477 1.832257 0.359960 -2.640149 -1.065992 0.241742 1.324543 -0.466308
1776408829.474761 jaka_arm_right success 0.330736 -0.342905 -0.306461 0.350612 0.641143 0.679450 0.065989 1.822921 0.348455 -2.638638 -1.085493 0.247863 1.305295 -0.478484
1776408829.483109 jaka_arm_right success 0.329764 -0.344884 -0.305478 0.353734 0.644418 0.674446 0.068706 1.819402 0.329380 -2.637639 -1.106644 0.252186 1.287037 -0.479582
1776408829.491408 jaka_arm_right success 0.328924 -0.346914 -0.304525 0.355880 0.648343 0.669008 0.073681 1.804761 0.310834 -2.635371 -1.127278 0.262602 1.271657 -0.496341
1776408829.499737 jaka_arm_right success 0.327853 -0.348810 -0.303480 0.357927 0.652264 0.663615 0.077820 1.802089 0.295308 -2.634208 -1.149887 0.265936 1.248288 -0.501623
1776408829.508075 jaka_arm_right success 0.326646 -0.350320 -0.302276 0.359980 0.654809 0.659554 0.081408 1.785393 0.277632 -2.632656 -1.169402 0.279546 1.237985 -0.518504
1776408829.516458 jaka_arm_right success 0.325437 -0.351918 -0.301058 0.361611 0.657445 0.655715 0.083913 1.785081 0.263610 -2.631678 -1.186537 0.281794 1.222158 -0.519038
1776408829.524704 jaka_arm_right success 0.324500 -0.353629 -0.299887 0.362057 0.660573 0.651893 0.087134 1.774504 0.248961 -2.630936 -1.198281 0.289387 1.216960 -0.531875
1776408829.533131 jaka_arm_right success 0.323516 -0.355381 -0.298613 0.362424 0.663512 0.648266 0.090287 1.771895 0.236106 -2.629596 -1.213667 0.292943 1.203733 -0.537605
1776408829.541408 jaka_arm_right success 0.322477 -0.357124 -0.297308 0.362545 0.666694 0.644703 0.091859 1.768300 0.223048 -2.629623 -1.220952 0.295085 1.201269 -0.540210
1776408829.549806 jaka_arm_right success 0.321509 -0.358603 -0.296042 0.362559 0.668614 0.642513 0.093187 1.764698 0.214021 -2.629458 -1.227773 0.298117 1.197925 -0.544345
1776408829.558075 jaka_arm_right success 0.320480 -0.360078 -0.294532 0.363481 0.670585 0.639780 0.094228 1.762173 0.203449 -2.629804 -1.235669 0.299977 1.193409 -0.545327
1776408829.566456 jaka_arm_right success 0.319559 -0.361745 -0.293011 0.363882 0.673460 0.636281 0.095859 1.758675 0.189903 -2.629698 -1.248909 0.303590 1.184160 -0.549534
1776408829.574758 jaka_arm_right success 0.318802 -0.363076 -0.291436 0.364575 0.675460 0.633406 0.098156 1.753954 0.177256 -2.629154 -1.259448 0.309529 1.179042 -0.556004
1776408829.583128 jaka_arm_right success 0.317920 -0.364390 -0.289595 0.366102 0.677796 0.629688 0.100277 1.749854 0.163033 -2.629256 -1.276315 0.315782 1.165784 -0.560314
1776408829.591473 jaka_arm_right success 0.317239 -0.365517 -0.287770 0.367107 0.680142 0.626070 0.103321 1.739593 0.147699 -2.629580 -1.297631 0.328837 1.152002 -0.577072
1776408829.599739 jaka_arm_right success 0.316339 -0.366643 -0.285729 0.368779 0.682871 0.621810 0.105076 1.739071 0.133940 -2.629103 -1.312125 0.331758 1.138852 -0.577614
1776408829.608176 jaka_arm_right success 0.315675 -0.367612 -0.283637 0.370519 0.685228 0.617554 0.108656 1.730592 0.114425 -2.630028 -1.336867 0.346004 1.122121 -0.591542
1776408829.616426 jaka_arm_right success 0.314944 -0.368375 -0.281347 0.372241 0.687790 0.613365 0.110291 1.728219 0.099632 -2.630152 -1.353928 0.351857 1.108900 -0.595800
1776408829.624740 jaka_arm_right success 0.314555 -0.369169 -0.279064 0.373465 0.690331 0.608906 0.114892 1.721829 0.080162 -2.630838 -1.377704 0.367142 1.091746 -0.610784
1776408829.633100 jaka_arm_right success 0.313949 -0.369844 -0.276606 0.374748 0.693437 0.604052 0.117603 1.719247 0.062634 -2.631538 -1.396684 0.373236 1.077885 -0.616850
1776408829.641428 jaka_arm_right success 0.313436 -0.370364 -0.274090 0.375230 0.696458 0.599710 0.120405 1.716114 0.046669 -2.632502 -1.417616 0.382411 1.061801 -0.627984
1776408829.649744 jaka_arm_right success 0.313309 -0.370872 -0.271546 0.374395 0.699931 0.595374 0.124319 1.714866 0.030529 -2.632535 -1.434197 0.388382 1.050249 -0.638102
1776408829.658035 jaka_arm_right success 0.313009 -0.371409 -0.268813 0.374250 0.703923 0.590181 0.126945 1.715209 0.013511 -2.632020 -1.451450 0.391091 1.036096 -0.641527
1776408829.666437 jaka_arm_right success 0.312593 -0.371582 -0.265978 0.374944 0.707036 0.585481 0.129340 1.715244 -0.003340 -2.631951 -1.473691 0.397945 1.018769 -0.648028
1776408829.674706 jaka_arm_right success 0.312553 -0.371868 -0.263093 0.373974 0.710373 0.581363 0.132400 1.714800 -0.019460 -2.632910 -1.492027 0.404495 1.005303 -0.657773
1776408829.683124 jaka_arm_right success 0.312293 -0.371998 -0.260086 0.373963 0.713824 0.576685 0.134317 1.715838 -0.036027 -2.632254 -1.509390 0.406940 0.992690 -0.660431
1776408829.691477 jaka_arm_right success 0.311999 -0.371982 -0.257025 0.374597 0.716544 0.572584 0.135605 1.716800 -0.050985 -2.631778 -1.525783 0.410201 0.980116 -0.661851
1776408829.699731 jaka_arm_right success 0.312093 -0.372010 -0.253862 0.373613 0.719144 0.569233 0.138632 1.718521 -0.067433 -2.631329 -1.542865 0.415147 0.969032 -0.666104
1776408829.708051 jaka_arm_right success 0.311947 -0.372122 -0.250469 0.373585 0.723105 0.564038 0.139335 1.719828 -0.084319 -2.629329 -1.557897 0.413165 0.958099 -0.663924
1776408829.716424 jaka_arm_right success 0.312368 -0.372049 -0.247318 0.372599 0.725764 0.560210 0.143533 1.723443 -0.098578 -2.627323 -1.577660 0.418905 0.939465 -0.669999
1776408829.724728 jaka_arm_right success 0.312506 -0.371898 -0.244017 0.372501 0.728630 0.556113 0.145186 1.725373 -0.114168 -2.626061 -1.594160 0.420979 0.928029 -0.671030
1776408829.733119 jaka_arm_right success 0.312786 -0.371768 -0.240558 0.372124 0.731961 0.551404 0.147342 1.727955 -0.130879 -2.623064 -1.611660 0.422179 0.912867 -0.670537
1776408829.741441 jaka_arm_right success 0.313217 -0.371629 -0.237193 0.372171 0.735073 0.546592 0.149645 1.730525 -0.145963 -2.619666 -1.626949 0.422767 0.899169 -0.669763
1776408829.749686 jaka_arm_right success 0.313803 -0.371476 -0.233780 0.371630 0.738424 0.541884 0.151603 1.732807 -0.162428 -2.614575 -1.644838 0.421420 0.884244 -0.666506
1776408829.758128 jaka_arm_right success 0.314740 -0.371378 -0.230375 0.370083 0.741630 0.537598 0.154959 1.735804 -0.177291 -2.609375 -1.657754 0.420383 0.872819 -0.664811
1776408829.766459 jaka_arm_right success 0.315426 -0.371135 -0.226951 0.369409 0.744514 0.533310 0.157531 1.738298 -0.190939 -2.603976 -1.672948 0.420138 0.857519 -0.662646
1776408829.774737 jaka_arm_right success 0.316242 -0.370836 -0.223594 0.369104 0.746653 0.529719 0.160213 1.741462 -0.204096 -2.598606 -1.687022 0.421116 0.845182 -0.660449
1776408829.783111 jaka_arm_right success 0.317302 -0.370685 -0.220213 0.367869 0.749278 0.525626 0.164231 1.745267 -0.217018 -2.592881 -1.702239 0.422062 0.829277 -0.660830
1776408829.791477 jaka_arm_right success 0.318312 -0.370366 -0.216731 0.367914 0.751367 0.521921 0.166389 1.747608 -0.228626 -2.586914 -1.717886 0.422924 0.812534 -0.658721
1776408829.799720 jaka_arm_right success 0.319425 -0.370311 -0.213426 0.366852 0.753989 0.518080 0.168857 1.748995 -0.241901 -2.581194 -1.727655 0.421281 0.804321 -0.654966
1776408829.808083 jaka_arm_right success 0.320515 -0.369955 -0.210079 0.367752 0.755117 0.515452 0.169901 1.749796 -0.252886 -2.571678 -1.741800 0.421423 0.789681 -0.647056
1776408829.816471 jaka_arm_right success 0.322126 -0.369922 -0.206721 0.366204 0.757484 0.512376 0.171995 1.749277 -0.263047 -2.560125 -1.750246 0.416755 0.780537 -0.639421
1776408829.824750 jaka_arm_right success 0.323680 -0.369764 -0.203629 0.365268 0.759232 0.509778 0.173990 1.748001 -0.271298 -2.547598 -1.757784 0.412631 0.770668 -0.630685
1776408829.833057 jaka_arm_right success 0.325232 -0.369720 -0.200270 0.364220 0.761895 0.506683 0.173587 1.737949 -0.280096 -2.521459 -1.761340 0.398877 0.762283 -0.607766
1776408829.841465 jaka_arm_right success 0.327081 -0.369447 -0.197023 0.363703 0.763445 0.504965 0.172863 1.727985 -0.288110 -2.498855 -1.759828 0.387530 0.762656 -0.585282
1776408829.849727 jaka_arm_right success 0.329091 -0.369538 -0.193862 0.361161 0.766620 0.501936 0.172962 1.716946 -0.295164 -2.473749 -1.760120 0.373431 0.757704 -0.566680
1776408829.858106 jaka_arm_right success 0.331093 -0.369277 -0.190798 0.360366 0.768143 0.499875 0.173833 1.713560 -0.301965 -2.461324 -1.762227 0.369232 0.754083 -0.557448
1776408829.866577 jaka_arm_right success 0.333176 -0.369473 -0.187705 0.358195 0.771596 0.495758 0.174810 1.699531 -0.311391 -2.430581 -1.765871 0.355613 0.743980 -0.536187
1776408829.874713 jaka_arm_right success 0.335246 -0.369244 -0.184776 0.357767 0.773273 0.493122 0.175733 1.690237 -0.319228 -2.410162 -1.766616 0.348608 0.739540 -0.520538
1776408829.883115 jaka_arm_right success 0.337406 -0.368952 -0.181855 0.357421 0.774991 0.490516 0.176160 1.680929 -0.327408 -2.390074 -1.769516 0.342611 0.733021 -0.505842
1776408829.891465 jaka_arm_right success 0.339798 -0.368880 -0.178938 0.357166 0.777440 0.486198 0.177852 1.671914 -0.337626 -2.369924 -1.775362 0.337366 0.721621 -0.492848
1776408829.899937 jaka_arm_right success 0.342056 -0.368670 -0.176103 0.357283 0.779620 0.482695 0.177615 1.654308 -0.346952 -2.340641 -1.775071 0.328853 0.715964 -0.472052
1776408829.908112 jaka_arm_right success 0.344677 -0.368499 -0.173389 0.355930 0.781856 0.479882 0.178120 1.638095 -0.354538 -2.314250 -1.771968 0.320260 0.714375 -0.455650
1776408829.916412 jaka_arm_right success 0.347392 -0.368301 -0.170704 0.354731 0.784045 0.476897 0.178911 1.623338 -0.361847 -2.288465 -1.772633 0.313908 0.707521 -0.441520
1776408829.924762 jaka_arm_right success 0.350130 -0.368147 -0.167960 0.353791 0.786738 0.473256 0.178614 1.603352 -0.373530 -2.259451 -1.767475 0.306750 0.708059 -0.422053
1776408829.933082 jaka_arm_right success 0.352794 -0.367785 -0.165239 0.354280 0.788936 0.469426 0.178056 1.585770 -0.383785 -2.233371 -1.770601 0.302548 0.699541 -0.406660
1776408829.941436 jaka_arm_right success 0.355634 -0.367420 -0.162759 0.352839 0.791454 0.466345 0.177841 1.562640 -0.392758 -2.202750 -1.761152 0.295332 0.703736 -0.389851
1776408829.949754 jaka_arm_right success 0.358477 -0.366956 -0.160192 0.352172 0.793941 0.462973 0.176888 1.542969 -0.405267 -2.176000 -1.761581 0.292142 0.699439 -0.374049
1776408829.958115 jaka_arm_right success 0.361607 -0.366599 -0.157714 0.350046 0.797444 0.458379 0.177311 1.517723 -0.416962 -2.142692 -1.755137 0.285894 0.697730 -0.359958
1776408829.966434 jaka_arm_right success 0.364613 -0.366178 -0.155262 0.348110 0.800844 0.454187 0.176586 1.494906 -0.428731 -2.115069 -1.747716 0.281990 0.700387 -0.346479
1776408829.974763 jaka_arm_right success 0.367514 -0.365296 -0.152823 0.348514 0.802942 0.450641 0.175342 1.473733 -0.442708 -2.089054 -1.747751 0.281876 0.695439 -0.332120
1776408829.983109 jaka_arm_right success 0.370642 -0.364825 -0.150437 0.346699 0.806790 0.444930 0.175862 1.451342 -0.458683 -2.061781 -1.742415 0.279423 0.692356 -0.320786
1776408829.991504 jaka_arm_right success 0.373853 -0.364109 -0.148252 0.345069 0.809732 0.440564 0.176535 1.433908 -0.471928 -2.039977 -1.740554 0.278552 0.689172 -0.312115
1776408829.999791 jaka_arm_right success 0.376974 -0.363341 -0.145840 0.344773 0.812640 0.435458 0.176423 1.415770 -0.488561 -2.018503 -1.738517 0.279919 0.685168 -0.300614
1776408830.016469 jaka_arm_right success 0.382928 -0.361708 -0.141259 0.344599 0.818315 0.425563 0.174667 1.377481 -0.523035 -1.977030 -1.730100 0.284324 0.682413 -0.276871
1776408830.024717 jaka_arm_right success 0.385546 -0.360505 -0.138930 0.346631 0.820409 0.421311 0.171090 1.359944 -0.545420 -1.961116 -1.721658 0.288399 0.689878 -0.259749
1776408830.033146 jaka_arm_right success 0.388570 -0.359606 -0.136727 0.345667 0.823263 0.417274 0.169215 1.344678 -0.561463 -1.946626 -1.715633 0.290568 0.693555 -0.249200
1776408830.041387 jaka_arm_right success 0.391450 -0.358671 -0.134504 0.344983 0.826010 0.412818 0.168154 1.325817 -0.577294 -1.927855 -1.707454 0.292717 0.696679 -0.239840
1776408830.049737 jaka_arm_right success 0.394358 -0.357603 -0.132318 0.344075 0.828776 0.408300 0.167430 1.311340 -0.594823 -1.913133 -1.701401 0.295139 0.698406 -0.230231
1776408830.058127 jaka_arm_right success 0.397243 -0.356470 -0.130163 0.341865 0.831908 0.404322 0.166076 1.295639 -0.611613 -1.897864 -1.691595 0.296775 0.704706 -0.221348
1776408830.066455 jaka_arm_right success 0.399872 -0.355223 -0.127877 0.341317 0.834839 0.399295 0.164649 1.282648 -0.631005 -1.885912 -1.685360 0.298956 0.707923 -0.211071
1776408830.074788 jaka_arm_right success 0.402544 -0.353865 -0.125660 0.340478 0.837753 0.394056 0.164206 1.270909 -0.650275 -1.874050 -1.680472 0.301543 0.708715 -0.201463
1776408830.083120 jaka_arm_right success 0.405397 -0.352500 -0.123532 0.337578 0.841032 0.389643 0.163963 1.257500 -0.667991 -1.860283 -1.671822 0.303387 0.712570 -0.193612
1776408830.091467 jaka_arm_right success 0.407825 -0.350976 -0.121285 0.336636 0.844177 0.384110 0.162792 1.250382 -0.688227 -1.853011 -1.668419 0.305242 0.714944 -0.183496
1776408830.099769 jaka_arm_right success 0.410277 -0.349381 -0.119033 0.335849 0.846945 0.378546 0.163071 1.240387 -0.707934 -1.842833 -1.664028 0.308143 0.713942 -0.174042
1776408830.108082 jaka_arm_right success 0.412848 -0.347887 -0.116858 0.332988 0.850494 0.372981 0.163288 1.232925 -0.726967 -1.834745 -1.659271 0.308467 0.715651 -0.167024
1776408830.116411 jaka_arm_right success 0.415160 -0.346105 -0.114785 0.332175 0.852876 0.368717 0.162202 1.224306 -0.743992 -1.826604 -1.653645 0.310952 0.718908 -0.158007
1776408830.124780 jaka_arm_right success 0.417625 -0.344487 -0.112749 0.330013 0.855914 0.363982 0.161308 1.212083 -0.762142 -1.816353 -1.642666 0.312429 0.725380 -0.149582
1776408830.133099 jaka_arm_right success 0.419932 -0.342805 -0.110480 0.329194 0.859020 0.357845 0.160196 1.206407 -0.783632 -1.811647 -1.638099 0.313808 0.728942 -0.138548
1776408830.141391 jaka_arm_right success 0.421787 -0.340904 -0.108280 0.331286 0.861461 0.351843 0.156017 1.196798 -0.809623 -1.807011 -1.627955 0.317666 0.739726 -0.120163
1776408830.149756 jaka_arm_right success 0.424603 -0.339311 -0.106385 0.327490 0.864548 0.348208 0.155108 1.183924 -0.825065 -1.797013 -1.613402 0.318270 0.749472 -0.113519
1776408830.158044 jaka_arm_right success 0.427176 -0.337483 -0.104412 0.325627 0.866864 0.344630 0.154092 1.177271 -0.840171 -1.791145 -1.606044 0.319080 0.755621 -0.106203
1776408830.166441 jaka_arm_right success 0.429537 -0.335661 -0.102481 0.323951 0.869332 0.340420 0.153078 1.169413 -0.856719 -1.784903 -1.596994 0.320386 0.761998 -0.097607
1776408830.174769 jaka_arm_right success 0.431921 -0.333980 -0.100473 0.321359 0.872078 0.335984 0.152717 1.162655 -0.873051 -1.778830 -1.587477 0.320451 0.768216 -0.090760
1776408830.183145 jaka_arm_right success 0.434082 -0.332102 -0.098400 0.319282 0.874410 0.331982 0.152496 1.156940 -0.887948 -1.773706 -1.579517 0.321058 0.773661 -0.083726
1776408830.191560 jaka_arm_right success 0.436098 -0.330155 -0.096516 0.317312 0.876211 0.329738 0.151130 1.149545 -0.898798 -1.767878 -1.568323 0.321757 0.783043 -0.077978
1776408830.199721 jaka_arm_right success 0.438140 -0.328292 -0.094431 0.314668 0.878620 0.325921 0.150951 1.145645 -0.914334 -1.763176 -1.561606 0.321979 0.788387 -0.071089
1776408830.208108 jaka_arm_right success 0.440115 -0.326288 -0.092334 0.312435 0.880605 0.323514 0.149190 1.137225 -0.926745 -1.757175 -1.545843 0.322619 0.802007 -0.063670
1776408830.216445 jaka_arm_right success 0.442000 -0.324375 -0.090202 0.309604 0.882661 0.321319 0.147681 1.131799 -0.939192 -1.751689 -1.534504 0.322806 0.813751 -0.057252
1776408830.224765 jaka_arm_right success 0.443805 -0.322455 -0.088254 0.307222 0.884041 0.320139 0.146962 1.127783 -0.947874 -1.746334 -1.527361 0.323907 0.820241 -0.053041
1776408830.233131 jaka_arm_right success 0.445667 -0.320399 -0.086238 0.304813 0.885377 0.319176 0.146024 1.120909 -0.956992 -1.740145 -1.514278 0.324946 0.831320 -0.047850
1776408830.241413 jaka_arm_right success 0.447332 -0.318586 -0.084049 0.301989 0.887220 0.317647 0.144029 1.115814 -0.965232 -1.736651 -1.500753 0.324209 0.845858 -0.042749
1776408830.249761 jaka_arm_right success 0.449014 -0.316593 -0.081961 0.299499 0.888537 0.316950 0.142635 1.111295 -0.975840 -1.730563 -1.491830 0.325754 0.854600 -0.036933
1776408830.258137 jaka_arm_right success 0.450634 -0.314500 -0.079879 0.297476 0.889525 0.316699 0.141261 1.107242 -0.982797 -1.725947 -1.482149 0.326986 0.864254 -0.032224
1776408830.266528 jaka_arm_right success 0.452256 -0.312665 -0.077917 0.293935 0.891045 0.316079 0.140480 1.101189 -0.990755 -1.720135 -1.469583 0.326757 0.875290 -0.029249
1776408830.274743 jaka_arm_right success 0.453965 -0.310642 -0.075905 0.290296 0.892435 0.315678 0.140124 1.096486 -0.996645 -1.714218 -1.459672 0.327037 0.883858 -0.027717
1776408830.283139 jaka_arm_right success 0.455419 -0.308703 -0.073896 0.287823 0.893581 0.315218 0.138950 1.093256 -1.004161 -1.710025 -1.448755 0.327215 0.895147 -0.023424
1776408830.291437 jaka_arm_right success 0.456905 -0.306743 -0.071800 0.284776 0.894940 0.314410 0.138317 1.088432 -1.011143 -1.705053 -1.438227 0.327356 0.903897 -0.020685
1776408830.299742 jaka_arm_right success 0.458383 -0.304754 -0.069864 0.282376 0.895741 0.314666 0.137469 1.083972 -1.016482 -1.700081 -1.427511 0.328390 0.913951 -0.017439
1776408830.308121 jaka_arm_right success 0.459767 -0.302764 -0.067866 0.280170 0.896996 0.313900 0.135535 1.079036 -1.023546 -1.696038 -1.412259 0.328930 0.928629 -0.011766
1776408830.316412 jaka_arm_right success 0.461475 -0.300879 -0.066178 0.276838 0.897705 0.314923 0.135313 1.073752 -1.025294 -1.689843 -1.407351 0.329530 0.931573 -0.014323
1776408830.324750 jaka_arm_right success 0.462534 -0.298762 -0.064174 0.277272 0.898393 0.313025 0.134259 1.073938 -1.035333 -1.689319 -1.400273 0.330392 0.939661 -0.005454
1776408830.333118 jaka_arm_right success 0.464199 -0.296862 -0.062502 0.273790 0.899186 0.313969 0.133891 1.067460 -1.040667 -1.681715 -1.390323 0.332843 0.945682 -0.003838
1776408830.341444 jaka_arm_right success 0.465618 -0.295062 -0.060664 0.270990 0.900424 0.312653 0.134347 1.066372 -1.047317 -1.678851 -1.382111 0.331657 0.953252 -0.001954
1776408830.349738 jaka_arm_right success 0.466733 -0.293061 -0.058771 0.270201 0.901255 0.311300 0.133499 1.063514 -1.055146 -1.676748 -1.373109 0.332788 0.960557 0.004585
1776408830.358135 jaka_arm_right success 0.468221 -0.291263 -0.057100 0.266837 0.902013 0.311712 0.134188 1.060661 -1.059154 -1.670974 -1.368642 0.333828 0.962703 0.003637
1776408830.366456 jaka_arm_right success 0.469554 -0.289366 -0.055453 0.265029 0.902475 0.311592 0.134944 1.059909 -1.064241 -1.667622 -1.363945 0.334784 0.965386 0.005588
1776408830.374711 jaka_arm_right success 0.470600 -0.287410 -0.053814 0.264422 0.902833 0.311311 0.134381 1.058688 -1.069068 -1.665506 -1.359587 0.335980 0.969245 0.009297
1776408830.383053 jaka_arm_right success 0.472025 -0.285717 -0.052236 0.261078 0.903724 0.311565 0.134346 1.053432 -1.075064 -1.659010 -1.348994 0.337638 0.976274 0.011161
1776408830.391425 jaka_arm_right success 0.473205 -0.283914 -0.050764 0.259810 0.904140 0.311530 0.134085 1.049809 -1.078690 -1.656609 -1.336822 0.337862 0.986592 0.014511
1776408830.399790 jaka_arm_right success 0.474454 -0.282021 -0.049439 0.257887 0.904433 0.312489 0.133584 1.047938 -1.081695 -1.652163 -1.335079 0.339743 0.987780 0.014888
1776408830.408093 jaka_arm_right success 0.475606 -0.280246 -0.048053 0.255776 0.905100 0.312719 0.132588 1.042855 -1.086477 -1.647577 -1.323758 0.341122 0.997155 0.018111
1776408830.416439 jaka_arm_right success 0.476656 -0.278480 -0.046793 0.253761 0.905680 0.313165 0.131444 1.038973 -1.091189 -1.643659 -1.315075 0.342084 1.004706 0.020757
1776408830.424739 jaka_arm_right success 0.477788 -0.276681 -0.045450 0.251035 0.906345 0.313424 0.131476 1.035480 -1.092098 -1.639754 -1.308828 0.342149 1.008559 0.018575
1776408830.433168 jaka_arm_right success 0.478858 -0.274890 -0.044154 0.247974 0.907104 0.313417 0.132064 1.033650 -1.097601 -1.635333 -1.302219 0.342678 1.013163 0.019511
1776408830.441457 jaka_arm_right success 0.479810 -0.273047 -0.042930 0.245006 0.907741 0.313914 0.132050 1.032149 -1.098771 -1.631760 -1.299374 0.342811 1.015554 0.017335
1776408830.449708 jaka_arm_right success 0.480654 -0.271312 -0.041772 0.242236 0.908509 0.314202 0.131190 1.027374 -1.104313 -1.626609 -1.288556 0.344053 1.024613 0.019944
1776408830.458143 jaka_arm_right success 0.481661 -0.269536 -0.040753 0.238397 0.909016 0.315802 0.130863 1.022967 -1.102032 -1.621951 -1.282386 0.343729 1.029995 0.014630
1776408830.466444 jaka_arm_right success 0.482327 -0.267733 -0.039679 0.236944 0.909371 0.316485 0.129377 1.019929 -1.107505 -1.618477 -1.272940 0.345379 1.038515 0.019371
1776408830.474767 jaka_arm_right success 0.483276 -0.266130 -0.038805 0.233572 0.909784 0.318169 0.128476 1.013577 -1.105913 -1.613109 -1.265092 0.345859 1.045135 0.015165
1776408830.483104 jaka_arm_right success 0.484178 -0.264531 -0.038010 0.230856 0.910171 0.319692 0.126848 1.005486 -1.109066 -1.606533 -1.249586 0.347825 1.057383 0.016585
1776408830.491458 jaka_arm_right success 0.485095 -0.262928 -0.037275 0.228306 0.910715 0.321165 0.123807 0.999395 -1.108197 -1.603533 -1.234495 0.347140 1.074412 0.017015
1776408830.499772 jaka_arm_right success 0.485805 -0.261272 -0.036681 0.227594 0.910973 0.322264 0.120312 0.991632 -1.113732 -1.598390 -1.224504 0.350688 1.083683 0.022897
1776408830.508152 jaka_arm_right success 0.487083 -0.259869 -0.036085 0.223027 0.911706 0.323379 0.120319 0.986130 -1.111691 -1.593334 -1.216768 0.349854 1.088503 0.015687
1776408830.516470 jaka_arm_right success 0.488066 -0.258302 -0.035583 0.220398 0.912367 0.324085 0.118238 0.976564 -1.117177 -1.587859 -1.197819 0.351440 1.103852 0.020055
1776408830.524764 jaka_arm_right success 0.488944 -0.256701 -0.035412 0.218408 0.912231 0.326136 0.117337 0.974163 -1.115116 -1.584276 -1.196911 0.352338 1.105241 0.015939
1776408830.533121 jaka_arm_right success 0.489932 -0.255305 -0.034903 0.215504 0.913371 0.325081 0.116766 0.967116 -1.121532 -1.579657 -1.185673 0.352851 1.111476 0.017209
1776408830.541419 jaka_arm_right success 0.490899 -0.253825 -0.034628 0.213363 0.913911 0.325207 0.116121 0.962812 -1.122023 -1.577064 -1.179227 0.352656 1.116172 0.015427
1776408830.549805 jaka_arm_right success 0.492191 -0.252434 -0.034553 0.209916 0.914130 0.326367 0.117417 0.960068 -1.122473 -1.572339 -1.177034 0.353468 1.115423 0.010528
1776408830.558090 jaka_arm_right success 0.493239 -0.251101 -0.034376 0.207465 0.914865 0.326083 0.116835 0.952455 -1.126865 -1.567612 -1.167006 0.354558 1.120030 0.010486
1776408830.566453 jaka_arm_right success 0.494460 -0.249754 -0.034443 0.205702 0.914967 0.326907 0.116848 0.950103 -1.127255 -1.564736 -1.164724 0.355174 1.120717 0.008094
1776408830.574742 jaka_arm_right success 0.495479 -0.248445 -0.034415 0.205194 0.915199 0.326847 0.116094 0.944516 -1.131182 -1.561858 -1.156545 0.356905 1.125237 0.011120
1776408830.583078 jaka_arm_right success 0.496781 -0.247290 -0.034397 0.202788 0.915550 0.327325 0.116204 0.939876 -1.131687 -1.558520 -1.152119 0.357485 1.126133 0.008119
1776408830.591371 jaka_arm_right success 0.497869 -0.246088 -0.034668 0.201367 0.915230 0.328862 0.116853 0.937003 -1.131591 -1.554888 -1.150212 0.359305 1.125177 0.005649
1776408830.599746 jaka_arm_right success 0.498900 -0.245038 -0.034827 0.200285 0.915201 0.329671 0.116662 0.930583 -1.133040 -1.550764 -1.144647 0.361503 1.125485 0.004529
1776408830.608117 jaka_arm_right success 0.499935 -0.243990 -0.034941 0.199737 0.915273 0.330186 0.115572 0.926330 -1.136417 -1.548521 -1.136139 0.363015 1.131920 0.008313
1776408830.616446 jaka_arm_right success 0.501028 -0.243063 -0.035296 0.197857 0.915349 0.331775 0.113639 0.915129 -1.135568 -1.544098 -1.121388 0.364133 1.141411 0.006433
1776408830.624730 jaka_arm_right success 0.502354 -0.242238 -0.035827 0.195897 0.914976 0.334021 0.113457 0.911629 -1.132114 -1.540195 -1.120051 0.365666 1.142199 0.001214
1776408830.633073 jaka_arm_right success 0.503867 -0.241460 -0.036192 0.192629 0.915026 0.335812 0.113367 0.901306 -1.132646 -1.533998 -1.108443 0.367579 1.146652 -0.002852
1776408830.641457 jaka_arm_right success 0.505105 -0.240731 -0.036503 0.190729 0.914949 0.338019 0.110602 0.888399 -1.131278 -1.529085 -1.086432 0.368892 1.163744 -0.003089
1776408830.649734 jaka_arm_right success 0.506298 -0.239939 -0.037074 0.189692 0.914148 0.340573 0.111177 0.887273 -1.129466 -1.525509 -1.086325 0.371570 1.163733 -0.005193
1776408830.658090 jaka_arm_right success 0.507359 -0.239283 -0.037534 0.188751 0.913742 0.342238 0.111001 0.881492 -1.127468 -1.521863 -1.084675 0.373431 1.161406 -0.009948
1776408830.666452 jaka_arm_right success 0.508638 -0.238698 -0.037964 0.186816 0.913608 0.343841 0.110428 0.872342 -1.128773 -1.516820 -1.073023 0.375915 1.167122 -0.010695
1776408830.674735 jaka_arm_right success 0.509801 -0.238324 -0.038384 0.185014 0.913479 0.345270 0.110065 0.866363 -1.126477 -1.513663 -1.067790 0.376506 1.169835 -0.015377
1776408830.683155 jaka_arm_right success 0.510816 -0.237756 -0.038894 0.185637 0.912648 0.347252 0.109678 0.861431 -1.124535 -1.510572 -1.064610 0.379682 1.169113 -0.016484
1776408830.691406 jaka_arm_right success 0.511996 -0.237230 -0.039647 0.184707 0.911790 0.350054 0.109474 0.854114 -1.123440 -1.505950 -1.056938 0.382893 1.172235 -0.018014
1776408830.699760 jaka_arm_right success 0.512993 -0.236842 -0.040182 0.184095 0.911612 0.351432 0.107556 0.845649 -1.122665 -1.502977 -1.044955 0.384159 1.180873 -0.018193
1776408830.708133 jaka_arm_right success 0.513877 -0.236631 -0.040478 0.184014 0.912333 0.349972 0.106333 0.841797 -1.127291 -1.503517 -1.035395 0.383430 1.188651 -0.012673
1776408830.716467 jaka_arm_right success 0.514877 -0.236036 -0.041426 0.184274 0.910833 0.354063 0.105192 0.833954 -1.121594 -1.498386 -1.032718 0.387910 1.188369 -0.017510
1776408830.724720 jaka_arm_right success 0.516047 -0.235905 -0.042046 0.182553 0.911280 0.354319 0.103449 0.822823 -1.121528 -1.494950 -1.017955 0.388414 1.197856 -0.019239
1776408830.733108 jaka_arm_right success 0.516833 -0.235510 -0.042732 0.183830 0.910722 0.355481 0.102101 0.817228 -1.124053 -1.493755 -1.006202 0.390523 1.205820 -0.012863
1776408830.741492 jaka_arm_right success 0.518216 -0.235376 -0.043469 0.180655 0.910841 0.357245 0.100539 0.807020 -1.121883 -1.488197 -0.996793 0.391810 1.211914 -0.019681
1776408830.749740 jaka_arm_right success 0.519466 -0.235261 -0.044245 0.178582 0.911089 0.357901 0.099663 0.797070 -1.123550 -1.484946 -0.980765 0.392416 1.222880 -0.019303
1776408830.758096 jaka_arm_right success 0.520127 -0.234879 -0.045029 0.180190 0.910584 0.359139 0.096888 0.789845 -1.124216 -1.482890 -0.970946 0.395048 1.229708 -0.015255
1776408830.766496 jaka_arm_right success 0.521182 -0.234714 -0.045846 0.179367 0.910610 0.359739 0.095938 0.781941 -1.123497 -1.480435 -0.961238 0.395770 1.235887 -0.016857
1776408830.774752 jaka_arm_right success 0.522347 -0.234555 -0.046874 0.177424 0.910197 0.361820 0.095645 0.773069 -1.122511 -1.476076 -0.951843 0.397863 1.240018 -0.020358
1776408830.783066 jaka_arm_right success 0.523707 -0.234567 -0.047698 0.174342 0.910540 0.362583 0.095161 0.760411 -1.122934 -1.471324 -0.932353 0.398510 1.251419 -0.023930
1776408830.791381 jaka_arm_right success 0.524445 -0.234269 -0.048453 0.175735 0.910328 0.363408 0.091409 0.755801 -1.123769 -1.471472 -0.920784 0.399230 1.264259 -0.016830
1776408830.799757 jaka_arm_right success 0.525610 -0.234080 -0.049318 0.175633 0.910535 0.363533 0.089013 0.741566 -1.125935 -1.468297 -0.902200 0.401255 1.275709 -0.013750
1776408830.808166 jaka_arm_right success 0.526752 -0.233846 -0.050242 0.175938 0.910301 0.364728 0.085858 0.728906 -1.127466 -1.465001 -0.884565 0.403601 1.287660 -0.010394
1776408830.816452 jaka_arm_right success 0.527947 -0.233724 -0.051209 0.175304 0.910683 0.364562 0.083781 0.721605 -1.129576 -1.463705 -0.867467 0.403491 1.300667 -0.006929
1776408830.824697 jaka_arm_right success 0.528844 -0.233518 -0.052145 0.175395 0.910922 0.364719 0.080242 0.705934 -1.132978 -1.461043 -0.845247 0.405130 1.315860 -0.001477
1776408830.833089 jaka_arm_right success 0.529849 -0.233267 -0.053034 0.174912 0.911208 0.364744 0.077897 0.697828 -1.135091 -1.458797 -0.829976 0.406175 1.326980 0.001538
1776408830.841469 jaka_arm_right success 0.530848 -0.233068 -0.053958 0.173119 0.911462 0.365059 0.077456 0.690618 -1.135485 -1.456483 -0.823721 0.406624 1.329419 -0.001835
1776408830.849741 jaka_arm_right success 0.531875 -0.232903 -0.054466 0.171679 0.912643 0.362899 0.076897 0.685349 -1.140887 -1.456574 -0.807623 0.405087 1.340455 0.003030
1776408830.858152 jaka_arm_right success 0.533019 -0.232659 -0.055551 0.169532 0.912182 0.365082 0.076800 0.677412 -1.138131 -1.451949 -0.803960 0.407746 1.339982 -0.004254
1776408830.866435 jaka_arm_right success 0.533619 -0.232347 -0.056101 0.170807 0.912187 0.364918 0.074660 0.670417 -1.142151 -1.451256 -0.788432 0.408538 1.351800 0.003306
1776408830.874741 jaka_arm_right success 0.534554 -0.232289 -0.056555 0.169363 0.912775 0.364560 0.072489 0.656716 -1.144203 -1.448366 -0.767353 0.409101 1.365343 0.003951
1776408830.883182 jaka_arm_right success 0.535622 -0.232154 -0.057340 0.168062 0.912346 0.366358 0.071840 0.647780 -1.144033 -1.444594 -0.754688 0.411823 1.371943 0.003302
1776408830.891595 jaka_arm_right success 0.536436 -0.232037 -0.057918 0.166583 0.911970 0.368519 0.068958 0.632178 -1.143719 -1.439962 -0.725785 0.414521 1.393257 0.005888
1776408830.899756 jaka_arm_right success 0.537271 -0.232045 -0.058198 0.165042 0.911771 0.370097 0.066805 0.625169 -1.142305 -1.437190 -0.716349 0.415848 1.402192 0.004289
1776408830.908106 jaka_arm_right success 0.537873 -0.232086 -0.058541 0.163716 0.911334 0.372386 0.063213 0.605541 -1.144428 -1.431271 -0.677733 0.419723 1.430943 0.011055
1776408830.916400 jaka_arm_right success 0.538661 -0.231968 -0.058918 0.161357 0.910213 0.376441 0.061380 0.593364 -1.142047 -1.424777 -0.663916 0.424582 1.440188 0.007354
1776408830.924728 jaka_arm_right success 0.539495 -0.232119 -0.059187 0.158247 0.909999 0.378646 0.059050 0.575424 -1.142499 -1.418873 -0.627419 0.427457 1.467662 0.009299
1776408830.933077 jaka_arm_right success 0.540210 -0.232046 -0.059511 0.156384 0.908602 0.383072 0.056937 0.561791 -1.141043 -1.411964 -0.609910 0.433240 1.479973 0.008296
1776408830.941437 jaka_arm_right success 0.540659 -0.231846 -0.059722 0.156077 0.907419 0.386423 0.053927 0.551283 -1.138292 -1.408006 -0.593031 0.436771 1.494356 0.009870
1776408830.949771 jaka_arm_right success 0.541671 -0.231848 -0.059901 0.152578 0.907528 0.387720 0.052790 0.531514 -1.142199 -1.401207 -0.556151 0.441226 1.516674 0.012402
1776408830.958135 jaka_arm_right success 0.542465 -0.231722 -0.060200 0.150548 0.906854 0.390226 0.051717 0.525372 -1.140431 -1.397775 -0.548567 0.443430 1.523579 0.008991
1776408830.966459 jaka_arm_right success 0.543277 -0.231573 -0.060497 0.149509 0.906421 0.391841 0.050093 0.507907 -1.141413 -1.392784 -0.516717 0.447591 1.543579 0.013221
1776408830.974820 jaka_arm_right success 0.544056 -0.231545 -0.060628 0.148029 0.906861 0.391589 0.048462 0.498213 -1.146094 -1.390695 -0.490688 0.448605 1.562319 0.020302
1776408830.983118 jaka_arm_right success 0.544470 -0.231258 -0.060879 0.149709 0.906700 0.391581 0.046330 0.491345 -1.148018 -1.389712 -0.477611 0.450382 1.570796 0.027679
1776408830.991403 jaka_arm_right success 0.545403 -0.231139 -0.061204 0.148126 0.906711 0.392131 0.046553 0.485974 -1.147749 -1.382983 -0.472893 0.447394 1.570796 0.025428
1776408830.999784 jaka_arm_right success 0.546292 -0.231073 -0.061479 0.146853 0.906791 0.392533 0.045638 0.464159 -1.121214 -1.211171 -0.446905 0.288425 1.570796 0.070566
1776408831.016572 jaka_arm_right solver_failed 0.547816 -0.230942 -0.062074 0.145566 0.906527 0.393833 0.043755 0.464159 -1.121214 -1.211171 -0.446905 0.288425 1.570796 0.070566
1776408831.024785 jaka_arm_right solver_failed 0.548653 -0.231095 -0.062304 0.144109 0.907040 0.393456 0.041273 0.464159 -1.121214 -1.211171 -0.446905 0.288425 1.570796 0.070566
1776408831.033171 jaka_arm_right solver_failed 0.549263 -0.231080 -0.062815 0.143761 0.906338 0.395478 0.038487 0.464159 -1.121214 -1.211171 -0.446905 0.288425 1.570796 0.070566
1776408831.041529 jaka_arm_right solver_failed 0.550414 -0.231208 -0.063213 0.140429 0.906436 0.396518 0.037785 0.464159 -1.121214 -1.211171 -0.446905 0.288425 1.570796 0.070566
1776408831.049843 jaka_arm_right solver_failed 0.551517 -0.231238 -0.063890 0.137213 0.905836 0.399177 0.035929 0.464159 -1.121214 -1.211171 -0.446905 0.288425 1.570796 0.070566
1776408831.058163 jaka_arm_right solver_failed 0.551942 -0.231396 -0.064254 0.137795 0.905870 0.399163 0.032882 0.464159 -1.121214 -1.211171 -0.446905 0.288425 1.570796 0.070566
1776408831.066611 jaka_arm_right solver_failed 0.552583 -0.231464 -0.064870 0.137159 0.905328 0.400839 0.029950 0.464159 -1.121214 -1.211171 -0.446905 0.288425 1.570796 0.070566
1776408831.074852 jaka_arm_right solver_failed 0.553309 -0.231571 -0.065423 0.136249 0.905168 0.401694 0.027365 0.464159 -1.121214 -1.211171 -0.446905 0.288425 1.570796 0.070566
1776408831.083213 jaka_arm_right solver_failed 0.554186 -0.231900 -0.066011 0.134533 0.905708 0.401096 0.026751 0.464159 -1.121214 -1.211171 -0.446905 0.288425 1.570796 0.070566
1776408831.091511 jaka_arm_right solver_failed 0.554979 -0.232266 -0.066506 0.134051 0.906073 0.400541 0.025080 0.464159 -1.121214 -1.211171 -0.446905 0.288425 1.570796 0.070566
1776408831.099912 jaka_arm_right solver_failed 0.555853 -0.232554 -0.067145 0.133374 0.905830 0.401319 0.025029 0.464159 -1.121214 -1.211171 -0.446905 0.288425 1.570796 0.070566
1776408831.108237 jaka_arm_right solver_failed 0.556502 -0.232810 -0.067700 0.134994 0.905238 0.402258 0.022551 0.464159 -1.121214 -1.211171 -0.446905 0.288425 1.570796 0.070566
1776408831.116514 jaka_arm_right solver_failed 0.557660 -0.233274 -0.068307 0.132409 0.905514 0.402544 0.021698 0.464159 -1.121214 -1.211171 -0.446905 0.288425 1.570796 0.070566
1776408831.124825 jaka_arm_right solver_failed 0.557924 -0.233695 -0.068675 0.135900 0.905108 0.402499 0.017482 0.464159 -1.121214 -1.211171 -0.446905 0.288425 1.570796 0.070566
1776408831.133216 jaka_arm_right solver_failed 0.559217 -0.234181 -0.069262 0.132231 0.904972 0.403985 0.018330 0.464159 -1.121214 -1.211171 -0.446905 0.288425 1.570796 0.070566
1776408831.141621 jaka_arm_right solver_failed 0.559675 -0.234730 -0.069666 0.133082 0.904678 0.404458 0.016168 0.464159 -1.121214 -1.211171 -0.446905 0.288425 1.570796 0.070566
1776408831.149868 jaka_arm_right solver_failed 0.560561 -0.235157 -0.070342 0.131503 0.903981 0.406581 0.014725 0.464159 -1.121214 -1.211171 -0.446905 0.288425 1.570796 0.070566
1776408831.158169 jaka_arm_right solver_failed 0.561321 -0.235673 -0.070561 0.130288 0.903840 0.407323 0.013645 0.464159 -1.121214 -1.211171 -0.446905 0.288425 1.570796 0.070566
1776408831.166568 jaka_arm_right solver_failed 0.561931 -0.236025 -0.070809 0.129626 0.903039 0.409362 0.011886 0.464159 -1.121214 -1.211171 -0.446905 0.288425 1.570796 0.070566
1776408831.175009 jaka_arm_right solver_failed 0.562539 -0.236481 -0.071140 0.127928 0.902745 0.410582 0.010432 0.464159 -1.121214 -1.211171 -0.446905 0.288425 1.570796 0.070566
1776408831.183183 jaka_arm_right solver_failed 0.562961 -0.236730 -0.071386 0.126639 0.901870 0.412969 0.007069 0.464159 -1.121214 -1.211171 -0.446905 0.288425 1.570796 0.070566
1776408831.191483 jaka_arm_right solver_failed 0.563312 -0.236924 -0.071803 0.124422 0.900497 0.416645 0.005530 0.464159 -1.121214 -1.211171 -0.446905 0.288425 1.570796 0.070566
1776408831.199853 jaka_arm_right solver_failed 0.563818 -0.237243 -0.071905 0.120924 0.899940 0.418893 0.003671 0.464159 -1.121214 -1.211171 -0.446905 0.288425 1.570796 0.070566
1776408831.208216 jaka_arm_right solver_failed 0.564140 -0.237448 -0.072046 0.118465 0.899074 0.421462 0.001355 0.464159 -1.121214 -1.211171 -0.446905 0.288425 1.570796 0.070566
1776408831.216523 jaka_arm_right solver_failed 0.564286 -0.237700 -0.071969 -0.116630 -0.898235 -0.423756 0.001353 0.464159 -1.121214 -1.211171 -0.446905 0.288425 1.570796 0.070566
1776408831.224770 jaka_arm_right solver_failed 0.564719 -0.237971 -0.071933 -0.113546 -0.897956 -0.425177 0.002398 0.464159 -1.121214 -1.211171 -0.446905 0.288425 1.570796 0.070566
1776408831.233278 jaka_arm_right solver_failed 0.564946 -0.237912 -0.072061 -0.111475 -0.896074 -0.429654 0.004644 0.464159 -1.121214 -1.211171 -0.446905 0.288425 1.570796 0.070566
1776408831.241527 jaka_arm_right solver_failed 0.565458 -0.238118 -0.072043 -0.108206 -0.895939 -0.430779 0.003666 0.464159 -1.121214 -1.211171 -0.446905 0.288425 1.570796 0.070566
1776408831.249812 jaka_arm_right solver_failed 0.565483 -0.238067 -0.071892 -0.107805 -0.894539 -0.433766 0.004962 0.464159 -1.121214 -1.211171 -0.446905 0.288425 1.570796 0.070566
1776408831.258142 jaka_arm_right solver_failed 0.566071 -0.238331 -0.071812 -0.104243 -0.894565 -0.434589 0.004448 0.464159 -1.121214 -1.211171 -0.446905 0.288425 1.570796 0.070566
1776408831.266517 jaka_arm_right solver_failed 0.566582 -0.238329 -0.071845 -0.101977 -0.893969 -0.436355 0.003791 0.464159 -1.121214 -1.211171 -0.446905 0.288425 1.570796 0.070566
1776408831.274773 jaka_arm_right solver_failed 0.566821 -0.238300 -0.071752 -0.101366 -0.893166 -0.438119 0.005506 0.464159 -1.121214 -1.211171 -0.446905 0.288425 1.570796 0.070566
1776408831.283221 jaka_arm_right solver_failed 0.567382 -0.238314 -0.071793 -0.099595 -0.892933 -0.439001 0.005520 0.464159 -1.121214 -1.211171 -0.446905 0.288425 1.570796 0.070566
1776408831.291492 jaka_arm_right solver_failed 0.568056 -0.238267 -0.071790 -0.098195 -0.892228 -0.440756 0.004581 0.464159 -1.121214 -1.211171 -0.446905 0.288425 1.570796 0.070566
1776408831.299832 jaka_arm_right solver_failed 0.568533 -0.238235 -0.071986 -0.097212 -0.891422 -0.442602 0.004590 0.464159 -1.121214 -1.211171 -0.446905 0.288425 1.570796 0.070566
1776408831.308157 jaka_arm_right solver_failed 0.569121 -0.238234 -0.072109 -0.095806 -0.891139 -0.443447 0.006908 0.464159 -1.121214 -1.211171 -0.446905 0.288425 1.570796 0.070566
1776408831.316455 jaka_arm_right solver_failed 0.569884 -0.238091 -0.072417 -0.095036 -0.890217 -0.445467 0.006351 0.464159 -1.121214 -1.211171 -0.446905 0.288425 1.570796 0.070566
1776408831.324883 jaka_arm_right solver_failed 0.570444 -0.238094 -0.072623 -0.093780 -0.890099 -0.445938 0.008232 0.464159 -1.121214 -1.211171 -0.446905 0.288425 1.570796 0.070566
1776408831.333153 jaka_arm_right solver_failed 0.571147 -0.238128 -0.072941 -0.092546 -0.890062 -0.446243 0.009634 0.464159 -1.121214 -1.211171 -0.446905 0.288425 1.570796 0.070566
1776408831.341543 jaka_arm_right solver_failed 0.571633 -0.237987 -0.073316 -0.091747 -0.889756 -0.446961 0.011911 0.464159 -1.121214 -1.211171 -0.446905 0.288425 1.570796 0.070566
1776408831.349787 jaka_arm_right solver_failed 0.572318 -0.237896 -0.073705 -0.089998 -0.889733 -0.447345 0.012578 0.464159 -1.121214 -1.211171 -0.446905 0.288425 1.570796 0.070566
1776408831.358181 jaka_arm_right solver_failed 0.572917 -0.237819 -0.074129 -0.089983 -0.889707 -0.447413 0.012066 0.464159 -1.121214 -1.211171 -0.446905 0.288425 1.570796 0.070566
1776408831.366534 jaka_arm_right solver_failed 0.573319 -0.237757 -0.074424 -0.091289 -0.890193 -0.446112 0.014339 0.464159 -1.121214 -1.211171 -0.446905 0.288425 1.570796 0.070566
1776408831.374826 jaka_arm_right solver_failed 0.574017 -0.237620 -0.074814 -0.091308 -0.890336 -0.445777 0.015746 0.464159 -1.121214 -1.211171 -0.446905 0.288425 1.570796 0.070566
1776408831.383235 jaka_arm_right solver_failed 0.575078 -0.237533 -0.075362 -0.089945 -0.890986 -0.444763 0.015481 0.464159 -1.121214 -1.211171 -0.446905 0.288425 1.570796 0.070566
1776408831.391489 jaka_arm_right solver_failed 0.575863 -0.237347 -0.075858 -0.089849 -0.891241 -0.444264 0.015688 0.464159 -1.121214 -1.211171 -0.446905 0.288425 1.570796 0.070566
1776408831.400712 jaka_arm_right solver_failed 0.576720 -0.237083 -0.076390 -0.089745 -0.891600 -0.443544 0.016256 0.464159 -1.121214 -1.211171 -0.446905 0.288425 1.570796 0.070566
1776408831.408181 jaka_arm_right solver_failed 0.577421 -0.237017 -0.076819 -0.089548 -0.892140 -0.442433 0.017884 0.464159 -1.121214 -1.211171 -0.446905 0.288425 1.570796 0.070566
1776408831.416505 jaka_arm_right solver_failed 0.578033 -0.236731 -0.077361 -0.089811 -0.892476 -0.441649 0.019154 0.464159 -1.121214 -1.211171 -0.446905 0.288425 1.570796 0.070566
1776408831.424779 jaka_arm_right solver_failed 0.578551 -0.236447 -0.077855 -0.089179 -0.892732 -0.441139 0.021763 0.464159 -1.121214 -1.211171 -0.446905 0.288425 1.570796 0.070566
1776408831.433187 jaka_arm_right solver_failed 0.579136 -0.236227 -0.078388 -0.088615 -0.893288 -0.440122 0.021847 0.464159 -1.121214 -1.211171 -0.446905 0.288425 1.570796 0.070566
1776408831.441488 jaka_arm_right solver_failed 0.579718 -0.235871 -0.078945 -0.087310 -0.893400 -0.440073 0.023424 0.464159 -1.121214 -1.211171 -0.446905 0.288425 1.570796 0.070566
1776408831.449805 jaka_arm_right solver_failed 0.580209 -0.235571 -0.079446 -0.085408 -0.893774 -0.439619 0.024665 0.464159 -1.121214 -1.211171 -0.446905 0.288425 1.570796 0.070566
1776408831.458102 jaka_arm_right solver_failed 0.580458 -0.235086 -0.079933 -0.085482 -0.893669 -0.439693 0.026801 0.464159 -1.121214 -1.211171 -0.446905 0.288425 1.570796 0.070566
1776408831.466486 jaka_arm_right solver_failed 0.580686 -0.234829 -0.080146 -0.083822 -0.894202 -0.438777 0.029179 0.464159 -1.121214 -1.211171 -0.446905 0.288425 1.570796 0.070566
1776408831.474812 jaka_arm_right solver_failed 0.581156 -0.234501 -0.080535 -0.080624 -0.894508 -0.438740 0.029372 0.464159 -1.121214 -1.211171 -0.446905 0.288425 1.570796 0.070566
1776408831.483133 jaka_arm_right solver_failed 0.581524 -0.234019 -0.080891 -0.078051 -0.894445 -0.439280 0.030146 0.464159 -1.121214 -1.211171 -0.446905 0.288425 1.570796 0.070566
1776408831.491451 jaka_arm_right solver_failed 0.581748 -0.233569 -0.081293 -0.075371 -0.894302 -0.439987 0.030903 0.464159 -1.121214 -1.211171 -0.446905 0.288425 1.570796 0.070566
1776408831.500128 jaka_arm_right solver_failed 0.581983 -0.233152 -0.081640 -0.072731 -0.893926 -0.441139 0.031670 0.464159 -1.121214 -1.211171 -0.446905 0.288425 1.570796 0.070566
1776408831.508149 jaka_arm_right solver_failed 0.582103 -0.232839 -0.081768 -0.071679 -0.894368 -0.440342 0.032656 0.464159 -1.121214 -1.211171 -0.446905 0.288425 1.570796 0.070566
1776408831.516532 jaka_arm_right solver_failed 0.582330 -0.232437 -0.082044 -0.069829 -0.893820 -0.441701 0.033307 0.464159 -1.121214 -1.211171 -0.446905 0.288425 1.570796 0.070566
1776408831.524787 jaka_arm_right solver_failed 0.582589 -0.232251 -0.082296 -0.068001 -0.893750 -0.442111 0.033537 0.464159 -1.121214 -1.211171 -0.446905 0.288425 1.570796 0.070566
1776408831.533423 jaka_arm_right solver_failed 0.583008 -0.232015 -0.082597 -0.065898 -0.893658 -0.442636 0.033262 0.464159 -1.121214 -1.211171 -0.446905 0.288425 1.570796 0.070566
1776408831.541526 jaka_arm_right solver_failed 0.583344 -0.231674 -0.082943 -0.065132 -0.893223 -0.443537 0.034440 0.464159 -1.121214 -1.211171 -0.446905 0.288425 1.570796 0.070566
1776408831.549815 jaka_arm_right solver_failed 0.583661 -0.231536 -0.083221 -0.064768 -0.893149 -0.443687 0.035093 0.464159 -1.121214 -1.211171 -0.446905 0.288425 1.570796 0.070566
1776408831.558189 jaka_arm_right solver_failed 0.584162 -0.231246 -0.083629 -0.064424 -0.892249 -0.445574 0.034703 0.464159 -1.121214 -1.211171 -0.446905 0.288425 1.570796 0.070566
1776408831.566497 jaka_arm_right solver_failed 0.584468 -0.231290 -0.083767 -0.065264 -0.892438 -0.445086 0.034553 0.464159 -1.121214 -1.211171 -0.446905 0.288425 1.570796 0.070566
1776408831.574879 jaka_arm_right solver_failed 0.584891 -0.231195 -0.084196 -0.064092 -0.892048 -0.445847 0.036919 0.464159 -1.121214 -1.211171 -0.446905 0.288425 1.570796 0.070566
1776408831.583184 jaka_arm_right solver_failed 0.585233 -0.231167 -0.084487 -0.063958 -0.891569 -0.446644 0.039028 0.464159 -1.121214 -1.211171 -0.446905 0.288425 1.570796 0.070566
1776408831.591513 jaka_arm_right solver_failed 0.585483 -0.231188 -0.084805 -0.064882 -0.891529 -0.446487 0.040207 0.464159 -1.121214 -1.211171 -0.446905 0.288425 1.570796 0.070566
1776408831.599875 jaka_arm_right solver_failed 0.586179 -0.231219 -0.085264 -0.061998 -0.891274 -0.447423 0.040002 0.464159 -1.121214 -1.211171 -0.446905 0.288425 1.570796 0.070566
1776408831.608153 jaka_arm_right solver_failed 0.586708 -0.231089 -0.085700 -0.061023 -0.890601 -0.448823 0.040784 0.464159 -1.121214 -1.211171 -0.446905 0.288425 1.570796 0.070566
1776408831.616517 jaka_arm_right solver_failed 0.587033 -0.231146 -0.086070 -0.060339 -0.890216 -0.449577 0.041888 0.464159 -1.121214 -1.211171 -0.446905 0.288425 1.570796 0.070566
1776408831.624807 jaka_arm_right solver_failed 0.587110 -0.231270 -0.086359 -0.060955 -0.890365 -0.449075 0.043203 0.464159 -1.121214 -1.211171 -0.446905 0.288425 1.570796 0.070566
1776408831.633238 jaka_arm_right solver_failed 0.587176 -0.231370 -0.086753 -0.061351 -0.889891 -0.449854 0.044295 0.464159 -1.121214 -1.211171 -0.446905 0.288425 1.570796 0.070566
1776408831.641487 jaka_arm_right solver_failed 0.587449 -0.231518 -0.087055 -0.059951 -0.889693 -0.450298 0.045664 0.464159 -1.121214 -1.211171 -0.446905 0.288425 1.570796 0.070566
1776408831.649865 jaka_arm_right solver_failed 0.587851 -0.231675 -0.087465 -0.057605 -0.889529 -0.450898 0.045943 0.464159 -1.121214 -1.211171 -0.446905 0.288425 1.570796 0.070566
1776408831.658134 jaka_arm_right solver_failed 0.587832 -0.231874 -0.087781 -0.057991 -0.889170 -0.451373 0.047721 0.464159 -1.121214 -1.211171 -0.446905 0.288425 1.570796 0.070566
1776408831.666517 jaka_arm_right solver_failed 0.588213 -0.232040 -0.088239 -0.056289 -0.888564 -0.452829 0.047232 0.464159 -1.121214 -1.211171 -0.446905 0.288425 1.570796 0.070566
1776408831.674808 jaka_arm_right solver_failed 0.588518 -0.232215 -0.088693 -0.054547 -0.887876 -0.454389 0.047236 0.464159 -1.121214 -1.211171 -0.446905 0.288425 1.570796 0.070566
1776408831.683139 jaka_arm_right solver_failed 0.588448 -0.232568 -0.088980 -0.055235 -0.887609 -0.454689 0.048545 0.464159 -1.121214 -1.211171 -0.446905 0.288425 1.570796 0.070566
1776408831.691528 jaka_arm_right solver_failed 0.588727 -0.232789 -0.089508 -0.053054 -0.886809 -0.456396 0.049573 0.464159 -1.121214 -1.211171 -0.446905 0.288425 1.570796 0.070566
1776408831.699809 jaka_arm_right solver_failed 0.588806 -0.232964 -0.089929 -0.052678 -0.885988 -0.457885 0.050915 0.464159 -1.121214 -1.211171 -0.446905 0.288425 1.570796 0.070566
1776408831.708254 jaka_arm_right solver_failed 0.589087 -0.233447 -0.090358 -0.051162 -0.885995 -0.457960 0.051653 0.464159 -1.121214 -1.211171 -0.446905 0.288425 1.570796 0.070566
1776408831.716477 jaka_arm_right solver_failed 0.589156 -0.233632 -0.090925 -0.050744 -0.884987 -0.459774 0.053202 0.464159 -1.121214 -1.211171 -0.446905 0.288425 1.570796 0.070566
1776408831.724779 jaka_arm_right solver_failed 0.589317 -0.234037 -0.091390 -0.050297 -0.884796 -0.459978 0.055020 0.464159 -1.121214 -1.211171 -0.446905 0.288425 1.570796 0.070566
1776408831.733200 jaka_arm_right solver_failed 0.589503 -0.234189 -0.092070 -0.050232 -0.883660 -0.462003 0.056350 0.464159 -1.121214 -1.211171 -0.446905 0.288425 1.570796 0.070566
1776408831.741550 jaka_arm_right solver_failed 0.589740 -0.234569 -0.092714 -0.050372 -0.883565 -0.462241 0.055750 0.464159 -1.121214 -1.211171 -0.446905 0.288425 1.570796 0.070566
1776408831.749814 jaka_arm_right solver_failed 0.590368 -0.234657 -0.093504 -0.049007 -0.882736 -0.464175 0.054009 0.464159 -1.121214 -1.211171 -0.446905 0.288425 1.570796 0.070566
1776408831.758135 jaka_arm_right solver_failed 0.590536 -0.234913 -0.094251 -0.049671 -0.882404 -0.464672 0.054556 0.464159 -1.121214 -1.211171 -0.446905 0.288425 1.570796 0.070566
1776408831.766592 jaka_arm_right solver_failed 0.590913 -0.235131 -0.094950 -0.049708 -0.882064 -0.465214 0.055387 0.464159 -1.121214 -1.211171 -0.446905 0.288425 1.570796 0.070566
1776408831.774935 jaka_arm_right solver_failed 0.591033 -0.235390 -0.095469 -0.051479 -0.882106 -0.464672 0.057605 0.464159 -1.121214 -1.211171 -0.446905 0.288425 1.570796 0.070566
1776408831.783158 jaka_arm_right solver_failed 0.591440 -0.235336 -0.096134 -0.051998 -0.881856 -0.464871 0.059338 0.464159 -1.121214 -1.211171 -0.446905 0.288425 1.570796 0.070566
1776408831.791443 jaka_arm_right solver_failed 0.591723 -0.235530 -0.096714 -0.054000 -0.882450 -0.463276 0.061169 0.464159 -1.121214 -1.211171 -0.446905 0.288425 1.570796 0.070566
1776408831.799835 jaka_arm_right solver_failed 0.592507 -0.235484 -0.097515 -0.052231 -0.882280 -0.463749 0.061573 0.464159 -1.121214 -1.211171 -0.446905 0.288425 1.570796 0.070566
1776408831.808209 jaka_arm_right solver_failed 0.592579 -0.235384 -0.098172 -0.054830 -0.882015 -0.463763 0.062983 0.464159 -1.121214 -1.211171 -0.446905 0.288425 1.570796 0.070566
1776408831.816534 jaka_arm_right solver_failed 0.593391 -0.235444 -0.098790 -0.051957 -0.882109 -0.463958 0.062657 0.464159 -1.121214 -1.211171 -0.446905 0.288425 1.570796 0.070566
1776408831.824794 jaka_arm_right solver_failed 0.593750 -0.235264 -0.099415 -0.051481 -0.881582 -0.465027 0.062549 0.464159 -1.121214 -1.211171 -0.446905 0.288425 1.570796 0.070566
1776408831.833168 jaka_arm_right solver_failed 0.593830 -0.235206 -0.099884 -0.051839 -0.881554 -0.464861 0.063874 0.464159 -1.121214 -1.211171 -0.446905 0.288425 1.570796 0.070566
1776408831.841478 jaka_arm_right solver_failed 0.593629 -0.235244 -0.100123 -0.054372 -0.881579 -0.464335 0.065228 0.464159 -1.121214 -1.211171 -0.446905 0.288425 1.570796 0.070566
1776408831.849876 jaka_arm_right solver_failed 0.593889 -0.235150 -0.100530 -0.053241 -0.881147 -0.465305 0.065084 0.464159 -1.121214 -1.211171 -0.446905 0.288425 1.570796 0.070566
1776408831.858137 jaka_arm_right solver_failed 0.593891 -0.235131 -0.100772 -0.053561 -0.881025 -0.465418 0.065666 0.464159 -1.121214 -1.211171 -0.446905 0.288425 1.570796 0.070566
1776408831.866505 jaka_arm_right solver_failed 0.594130 -0.235048 -0.101124 -0.052567 -0.880744 -0.466064 0.065661 0.464159 -1.121214 -1.211171 -0.446905 0.288425 1.570796 0.070566
1776408831.874899 jaka_arm_right solver_failed 0.594249 -0.234941 -0.101380 -0.052584 -0.880428 -0.466621 0.065929 0.464159 -1.121214 -1.211171 -0.446905 0.288425 1.570796 0.070566
1776408831.883189 jaka_arm_right solver_failed 0.594391 -0.234899 -0.101487 -0.052615 -0.880239 -0.466883 0.066573 0.464159 -1.121214 -1.211171 -0.446905 0.288425 1.570796 0.070566
1776408831.891469 jaka_arm_right solver_failed 0.594479 -0.234767 -0.101816 -0.052775 -0.879269 -0.468587 0.067282 0.464159 -1.121214 -1.211171 -0.446905 0.288425 1.570796 0.070566
1776408831.899856 jaka_arm_right solver_failed 0.594553 -0.234681 -0.102180 -0.052801 -0.878376 -0.470261 0.067247 0.464159 -1.121214 -1.211171 -0.446905 0.288425 1.570796 0.070566
1776408831.908110 jaka_arm_right solver_failed 0.594721 -0.234612 -0.102548 -0.051978 -0.877846 -0.471429 0.066626 0.464159 -1.121214 -1.211171 -0.446905 0.288425 1.570796 0.070566
1776408831.916490 jaka_arm_right solver_failed 0.594790 -0.234423 -0.102975 -0.051483 -0.877058 -0.472988 0.066344 0.464159 -1.121214 -1.211171 -0.446905 0.288425 1.570796 0.070566
1776408831.924783 jaka_arm_right solver_failed 0.594771 -0.234294 -0.103158 -0.051495 -0.876688 -0.473633 0.066616 0.464159 -1.121214 -1.211171 -0.446905 0.288425 1.570796 0.070566
1776408831.933185 jaka_arm_right solver_failed 0.594989 -0.234194 -0.103375 -0.050267 -0.876415 -0.474376 0.065867 0.464159 -1.121214 -1.211171 -0.446905 0.288425 1.570796 0.070566
1776408831.941566 jaka_arm_right solver_failed 0.594998 -0.234015 -0.103521 -0.050389 -0.876062 -0.475001 0.065953 0.464159 -1.121214 -1.211171 -0.446905 0.288425 1.570796 0.070566
1776408831.949842 jaka_arm_right solver_failed 0.594970 -0.233955 -0.103488 -0.050723 -0.876145 -0.474669 0.066986 0.464159 -1.121214 -1.211171 -0.446905 0.288425 1.570796 0.070566
1776408831.958128 jaka_arm_right solver_failed 0.595070 -0.233782 -0.103635 -0.050264 -0.876004 -0.474988 0.066913 0.464159 -1.121214 -1.211171 -0.446905 0.288425 1.570796 0.070566
1776408831.966505 jaka_arm_right solver_failed 0.595064 -0.233563 -0.103790 -0.050663 -0.875827 -0.475156 0.067735 0.464159 -1.121214 -1.211171 -0.446905 0.288425 1.570796 0.070566
1776408831.974844 jaka_arm_right solver_failed 0.595358 -0.233211 -0.104046 -0.049047 -0.875010 -0.476737 0.068364 0.464159 -1.121214 -1.211171 -0.446905 0.288425 1.570796 0.070566
1776408831.983236 jaka_arm_right solver_failed 0.595509 -0.233208 -0.104094 -0.048780 -0.875196 -0.476476 0.067997 0.464159 -1.121214 -1.211171 -0.446905 0.288425 1.570796 0.070566
1776408831.991469 jaka_arm_right solver_failed 0.595599 -0.233101 -0.104247 -0.048812 -0.875241 -0.476539 0.066941 0.464159 -1.121214 -1.211171 -0.446905 0.288425 1.570796 0.070566
1776408831.999833 jaka_arm_right solver_failed 0.595677 -0.233040 -0.104260 -0.048353 -0.875221 -0.476629 0.066892 0.464159 -1.121214 -1.211171 -0.446905 0.288425 1.570796 0.070566
1776408832.008144 jaka_arm_right solver_failed 0.595761 -0.233098 -0.104202 -0.048158 -0.875620 -0.476049 0.065932 0.464159 -1.121214 -1.211171 -0.446905 0.288425 1.570796 0.070566
1776408832.016559 jaka_arm_right solver_failed 0.595817 -0.233088 -0.104153 -0.048122 -0.875719 -0.476011 0.064907 0.464159 -1.121214 -1.211171 -0.446905 0.288425 1.570796 0.070566
1776408832.024839 jaka_arm_right solver_failed 0.596055 -0.233010 -0.104165 -0.047723 -0.875444 -0.477007 0.061526 0.464159 -1.121214 -1.211171 -0.446905 0.288425 1.570796 0.070566
1776408832.033184 jaka_arm_right solver_failed 0.595928 -0.233138 -0.103957 -0.049277 -0.875667 -0.476576 0.060445 0.464159 -1.121214 -1.211171 -0.446905 0.288425 1.570796 0.070566
1776408832.041548 jaka_arm_right solver_failed 0.595991 -0.233342 -0.103740 -0.050107 -0.875756 -0.476506 0.059012 0.464159 -1.121214 -1.211171 -0.446905 0.288425 1.570796 0.070566
1776408832.049797 jaka_arm_right solver_failed 0.595955 -0.233684 -0.103441 -0.051652 -0.876151 -0.475656 0.058676 0.464159 -1.121214 -1.211171 -0.446905 0.288425 1.570796 0.070566
1776408832.058180 jaka_arm_right solver_failed 0.596003 -0.233914 -0.103269 -0.052588 -0.876371 -0.475133 0.058801 0.464159 -1.121214 -1.211171 -0.446905 0.288425 1.570796 0.070566
1776408832.066487 jaka_arm_right solver_failed 0.596049 -0.234173 -0.103084 -0.053201 -0.876651 -0.474570 0.058616 0.464159 -1.121214 -1.211171 -0.446905 0.288425 1.570796 0.070566
1776408832.074938 jaka_arm_right solver_failed 0.596176 -0.234327 -0.102986 -0.053233 -0.876791 -0.474475 0.057256 0.464159 -1.121214 -1.211171 -0.446905 0.288425 1.570796 0.070566
1776408832.083176 jaka_arm_right solver_failed 0.596344 -0.234491 -0.102843 -0.052845 -0.876954 -0.474412 0.055609 0.464159 -1.121214 -1.211171 -0.446905 0.288425 1.570796 0.070566
1776408832.091530 jaka_arm_right solver_failed 0.596102 -0.234714 -0.102572 -0.054099 -0.876861 -0.474435 0.055673 0.464159 -1.121214 -1.211171 -0.446905 0.288425 1.570796 0.070566
1776408832.099822 jaka_arm_right solver_failed 0.595851 -0.234998 -0.102267 -0.055410 -0.877276 -0.473575 0.055173 0.464159 -1.121214 -1.211171 -0.446905 0.288425 1.570796 0.070566
1776408832.108154 jaka_arm_right solver_failed 0.596164 -0.235158 -0.102215 -0.054155 -0.876949 -0.474772 0.051175 0.464159 -1.121214 -1.211171 -0.446905 0.288425 1.570796 0.070566
1776408832.116475 jaka_arm_right solver_failed 0.595776 -0.235613 -0.101788 -0.056733 -0.877676 -0.473157 0.050891 0.464159 -1.121214 -1.211171 -0.446905 0.288425 1.570796 0.070566
1776408832.124782 jaka_arm_right solver_failed 0.595574 -0.235910 -0.101445 -0.058014 -0.877255 -0.473794 0.050769 0.464159 -1.121214 -1.211171 -0.446905 0.288425 1.570796 0.070566
1776408832.133170 jaka_arm_right solver_failed 0.595692 -0.236151 -0.101299 -0.057738 -0.877120 -0.474224 0.049382 0.464159 -1.121214 -1.211171 -0.446905 0.288425 1.570796 0.070566
1776408832.141480 jaka_arm_right solver_failed 0.595748 -0.236392 -0.101142 -0.057811 -0.877216 -0.474101 0.048763 0.464159 -1.121214 -1.211171 -0.446905 0.288425 1.570796 0.070566
1776408832.149811 jaka_arm_right solver_failed 0.595624 -0.236615 -0.100944 -0.058506 -0.877462 -0.473609 0.048294 0.464159 -1.121214 -1.211171 -0.446905 0.288425 1.570796 0.070566
1776408832.158210 jaka_arm_right solver_failed 0.595410 -0.236833 -0.100780 -0.058931 -0.877957 -0.472606 0.048601 0.464159 -1.121214 -1.211171 -0.446905 0.288425 1.570796 0.070566
1776408832.166516 jaka_arm_right solver_failed 0.595110 -0.236922 -0.100616 -0.059976 -0.878280 -0.471774 0.049565 0.464159 -1.121214 -1.211171 -0.446905 0.288425 1.570796 0.070566
1776408832.174767 jaka_arm_right solver_failed 0.595056 -0.236986 -0.100553 -0.059343 -0.878918 -0.470769 0.048558 0.464159 -1.121214 -1.211171 -0.446905 0.288425 1.570796 0.070566
1776408832.183221 jaka_arm_right solver_failed 0.594900 -0.237014 -0.100426 -0.058940 -0.879705 -0.469304 0.048977 0.464159 -1.121214 -1.211171 -0.446905 0.288425 1.570796 0.070566
1776408832.191519 jaka_arm_right solver_failed 0.594464 -0.236945 -0.100230 -0.060451 -0.880963 -0.466715 0.049255 0.464159 -1.121214 -1.211171 -0.446905 0.288425 1.570796 0.070566
1776408832.199827 jaka_arm_right solver_failed 0.594258 -0.236709 -0.100274 -0.060225 -0.881816 -0.465156 0.049031 0.464159 -1.121214 -1.211171 -0.446905 0.288425 1.570796 0.070566
1776408832.208198 jaka_arm_right solver_failed 0.594097 -0.236406 -0.100315 -0.060597 -0.882532 -0.463906 0.047498 0.464159 -1.121214 -1.211171 -0.446905 0.288425 1.570796 0.070566
1776408832.216538 jaka_arm_right solver_failed 0.593877 -0.236232 -0.100317 -0.061065 -0.884063 -0.460987 0.046849 0.464159 -1.121214 -1.211171 -0.446905 0.288425 1.570796 0.070566
1776408832.224818 jaka_arm_right solver_failed 0.593552 -0.235995 -0.100427 -0.061709 -0.885279 -0.458555 0.046915 0.464159 -1.121214 -1.211171 -0.446905 0.288425 1.570796 0.070566
1776408832.233150 jaka_arm_right solver_failed 0.593342 -0.235993 -0.100374 -0.062292 -0.886814 -0.455457 0.047323 0.464159 -1.121214 -1.211171 -0.446905 0.288425 1.570796 0.070566
1776408832.241441 jaka_arm_right solver_failed 0.593283 -0.235795 -0.100487 -0.061464 -0.887427 -0.454280 0.048224 0.464159 -1.121214 -1.211171 -0.446905 0.288425 1.570796 0.070566
1776408832.249842 jaka_arm_right solver_failed 0.592973 -0.235735 -0.100524 -0.061422 -0.887534 -0.453953 0.049370 0.464159 -1.121214 -1.211171 -0.446905 0.288425 1.570796 0.070566
1776408832.258134 jaka_arm_right solver_failed 0.592672 -0.235801 -0.100414 -0.061273 -0.887505 -0.454040 0.049281 0.464159 -1.121214 -1.211171 -0.446905 0.288425 1.570796 0.070566
1776408832.266479 jaka_arm_right solver_failed 0.592348 -0.235828 -0.100248 -0.060600 -0.887689 -0.453651 0.050366 0.464159 -1.121214 -1.211171 -0.446905 0.288425 1.570796 0.070566
1776408832.274879 jaka_arm_right solver_failed 0.591863 -0.235822 -0.100072 -0.060756 -0.887772 -0.453453 0.050492 0.464159 -1.121214 -1.211171 -0.446905 0.288425 1.570796 0.070566
1776408832.283201 jaka_arm_right solver_failed 0.591929 -0.235665 -0.099986 -0.058277 -0.887620 -0.454447 0.047040 0.464159 -1.121214 -1.211171 -0.446905 0.288425 1.570796 0.070566
1776408832.291564 jaka_arm_right solver_failed 0.591436 -0.235634 -0.099749 -0.058383 -0.887814 -0.454112 0.046469 0.464159 -1.121214 -1.211171 -0.446905 0.288425 1.570796 0.070566
1776408832.299798 jaka_arm_right solver_failed 0.590883 -0.235670 -0.099429 -0.058609 -0.888413 -0.452905 0.046524 0.464159 -1.121214 -1.211171 -0.446905 0.288425 1.570796 0.070566
1776408832.308204 jaka_arm_right solver_failed 0.590252 -0.235591 -0.099162 -0.059314 -0.888953 -0.451812 0.045931 0.464159 -1.121214 -1.211171 -0.446905 0.288425 1.570796 0.070566
1776408832.316512 jaka_arm_right solver_failed 0.589619 -0.235564 -0.098853 -0.060049 -0.890052 -0.449675 0.044652 0.464159 -1.121214 -1.211171 -0.446905 0.288425 1.570796 0.070566
1776408832.324806 jaka_arm_right solver_failed 0.589442 -0.235290 -0.098662 -0.057251 -0.890305 -0.449645 0.043579 0.464159 -1.121214 -1.211171 -0.446905 0.288425 1.570796 0.070566
1776408832.333129 jaka_arm_right solver_failed 0.589017 -0.235021 -0.098565 -0.056558 -0.890665 -0.449239 0.041241 0.464159 -1.121214 -1.211171 -0.446905 0.288425 1.570796 0.070566
1776408832.341542 jaka_arm_right solver_failed 0.588670 -0.234868 -0.098389 -0.055545 -0.891251 -0.448301 0.040148 0.464159 -1.121214 -1.211171 -0.446905 0.288425 1.570796 0.070566
1776408832.349826 jaka_arm_right solver_failed 0.587942 -0.234788 -0.097996 -0.056632 -0.892251 -0.446157 0.040324 0.464159 -1.121214 -1.211171 -0.446905 0.288425 1.570796 0.070566
1776408832.358203 jaka_arm_right solver_failed 0.587137 -0.234670 -0.097703 -0.057995 -0.893005 -0.444389 0.041193 0.464159 -1.121214 -1.211171 -0.446905 0.288425 1.570796 0.070566
1776408832.366526 jaka_arm_right solver_failed 0.587132 -0.234296 -0.097698 -0.055738 -0.892782 -0.445406 0.038042 0.464159 -1.121214 -1.211171 -0.446905 0.288425 1.570796 0.070566
1776408832.374904 jaka_arm_right solver_failed 0.586578 -0.234247 -0.097359 -0.055543 -0.893649 -0.443615 0.038894 0.464159 -1.121214 -1.211171 -0.446905 0.288425 1.570796 0.070566
1776408832.383162 jaka_arm_right solver_failed 0.585835 -0.234127 -0.097114 -0.056817 -0.893868 -0.443030 0.038687 0.464159 -1.121214 -1.211171 -0.446905 0.288425 1.570796 0.070566
1776408832.391518 jaka_arm_right solver_failed 0.585407 -0.233980 -0.096851 -0.056225 -0.894536 -0.441849 0.037598 0.464159 -1.121214 -1.211171 -0.446905 0.288425 1.570796 0.070566
1776408832.399835 jaka_arm_right solver_failed 0.584913 -0.233885 -0.096633 -0.054471 -0.894992 -0.441171 0.037284 0.464159 -1.121214 -1.211171 -0.446905 0.288425 1.570796 0.070566
1776408832.408187 jaka_arm_right solver_failed 0.584231 -0.233748 -0.096359 -0.054334 -0.895202 -0.440721 0.037750 0.464159 -1.121214 -1.211171 -0.446905 0.288425 1.570796 0.070566
1776408832.416522 jaka_arm_right solver_failed 0.583381 -0.233809 -0.096027 -0.054922 -0.896209 -0.438543 0.038390 0.464159 -1.121214 -1.211171 -0.446905 0.288425 1.570796 0.070566
1776408832.424793 jaka_arm_right solver_failed 0.582611 -0.233846 -0.095707 -0.055598 -0.897141 -0.436661 0.037075 0.464159 -1.121214 -1.211171 -0.446905 0.288425 1.570796 0.070566
1776408832.433192 jaka_arm_right solver_failed 0.582037 -0.233853 -0.095552 -0.054738 -0.897765 -0.435530 0.036540 0.464159 -1.121214 -1.211171 -0.446905 0.288425 1.570796 0.070566
1776408832.441603 jaka_arm_right solver_failed 0.581100 -0.233919 -0.095205 -0.056070 -0.898063 -0.434722 0.036827 0.464159 -1.121214 -1.211171 -0.446905 0.288425 1.570796 0.070566
1776408832.449818 jaka_arm_right solver_failed 0.580583 -0.234031 -0.095011 -0.054541 -0.899286 -0.432601 0.034144 0.464159 -1.121214 -1.211171 -0.446905 0.288425 1.570796 0.070566
1776408832.458214 jaka_arm_right solver_failed 0.579731 -0.234095 -0.094767 -0.055616 -0.899715 -0.431598 0.033810 0.464159 -1.121214 -1.211171 -0.446905 0.288425 1.570796 0.070566
1776408832.466565 jaka_arm_right solver_failed 0.578924 -0.234151 -0.094542 -0.056128 -0.900112 -0.430753 0.033177 0.464159 -1.121214 -1.211171 -0.446905 0.288425 1.570796 0.070566
1776408832.474779 jaka_arm_right solver_failed 0.578260 -0.234299 -0.094285 -0.055666 -0.901082 -0.428960 0.030740 0.464159 -1.121214 -1.211171 -0.446905 0.288425 1.570796 0.070566
1776408832.483187 jaka_arm_right solver_failed 0.577533 -0.234459 -0.094058 -0.055486 -0.901823 -0.427620 0.027890 0.464159 -1.121214 -1.211171 -0.446905 0.288425 1.570796 0.070566
1776408832.491491 jaka_arm_right solver_failed 0.576397 -0.234590 -0.093777 -0.057497 -0.902068 -0.426871 0.027345 0.464159 -1.121214 -1.211171 -0.446905 0.288425 1.570796 0.070566
1776408832.499796 jaka_arm_right solver_failed 0.575510 -0.234623 -0.093557 -0.057662 -0.902269 -0.426494 0.026223 0.464159 -1.121214 -1.211171 -0.446905 0.288425 1.570796 0.070566
1776408832.508162 jaka_arm_right solver_failed 0.574648 -0.234701 -0.093386 -0.057350 -0.902973 -0.425099 0.025328 0.464159 -1.121214 -1.211171 -0.446905 0.288425 1.570796 0.070566
1776408832.516521 jaka_arm_right solver_failed 0.573857 -0.234837 -0.093286 -0.056654 -0.903440 -0.424288 0.023815 0.464159 -1.121214 -1.211171 -0.446905 0.288425 1.570796 0.070566
1776408832.524815 jaka_arm_right solver_failed 0.572921 -0.234934 -0.093177 -0.057292 -0.903909 -0.423268 0.022591 0.464159 -1.121214 -1.211171 -0.446905 0.288425 1.570796 0.070566
1776408832.533126 jaka_arm_right solver_failed 0.572024 -0.235103 -0.092964 -0.058089 -0.904438 -0.422080 0.021618 0.464159 -1.121214 -1.211171 -0.446905 0.288425 1.570796 0.070566
1776408832.541543 jaka_arm_right solver_failed 0.571108 -0.235196 -0.092826 -0.059420 -0.904743 -0.421302 0.020358 0.464159 -1.121214 -1.211171 -0.446905 0.288425 1.570796 0.070566
1776408832.549853 jaka_arm_right solver_failed 0.570700 -0.235326 -0.092773 -0.058046 -0.905037 -0.420945 0.018538 0.464159 -1.121214 -1.211171 -0.446905 0.288425 1.570796 0.070566
1776408832.558162 jaka_arm_right solver_failed 0.569568 -0.235284 -0.092703 -0.061018 -0.905050 -0.420468 0.019166 0.464159 -1.121214 -1.211171 -0.446905 0.288425 1.570796 0.070566
1776408832.566502 jaka_arm_right solver_failed 0.568686 -0.235365 -0.092676 -0.062621 -0.905172 -0.420004 0.018431 0.464159 -1.121214 -1.211171 -0.446905 0.288425 1.570796 0.070566
1776408832.574842 jaka_arm_right solver_failed 0.567594 -0.235505 -0.092552 -0.065505 -0.905658 -0.418484 0.019071 0.464159 -1.121214 -1.211171 -0.446905 0.288425 1.570796 0.070566
1776408832.583211 jaka_arm_right solver_failed 0.566451 -0.235513 -0.092465 -0.067259 -0.905671 -0.418133 0.020040 0.464159 -1.121214 -1.211171 -0.446905 0.288425 1.570796 0.070566
1776408832.591465 jaka_arm_right solver_failed 0.565579 -0.235335 -0.092547 -0.067742 -0.905541 -0.418436 0.017816 0.464159 -1.121214 -1.211171 -0.446905 0.288425 1.570796 0.070566
1776408832.599813 jaka_arm_right solver_failed 0.564672 -0.235225 -0.092623 -0.067646 -0.905377 -0.418825 0.017381 0.464159 -1.121214 -1.211171 -0.446905 0.288425 1.570796 0.070566
1776408832.608207 jaka_arm_right solver_failed 0.563897 -0.235174 -0.092778 -0.065997 -0.905272 -0.419390 0.015497 0.464159 -1.121214 -1.211171 -0.446905 0.288425 1.570796 0.070566
1776408832.616545 jaka_arm_right solver_failed 0.562938 -0.235173 -0.092963 -0.064686 -0.905640 -0.418823 0.014826 0.464159 -1.121214 -1.211171 -0.446905 0.288425 1.570796 0.070566
1776408832.624848 jaka_arm_right solver_failed 0.561498 -0.235162 -0.092992 -0.065892 -0.906138 -0.417542 0.015197 0.464159 -1.121214 -1.211171 -0.446905 0.288425 1.570796 0.070566
1776408832.633167 jaka_arm_right solver_failed 0.560200 -0.235016 -0.093082 -0.066194 -0.906187 -0.417386 0.015232 0.464159 -1.121214 -1.211171 -0.446905 0.288425 1.570796 0.070566
1776408832.641501 jaka_arm_right solver_failed 0.559287 -0.234767 -0.093324 -0.064763 -0.905856 -0.418377 0.013831 0.464159 -1.121214 -1.211171 -0.446905 0.288425 1.570796 0.070566
1776408832.649845 jaka_arm_right solver_failed 0.558350 -0.234710 -0.093408 -0.064519 -0.906322 -0.417488 0.011051 0.464159 -1.121214 -1.211171 -0.446905 0.288425 1.570796 0.070566
1776408832.658163 jaka_arm_right solver_failed 0.557112 -0.234613 -0.093493 -0.065029 -0.906738 -0.416540 0.009584 0.464159 -1.121214 -1.211171 -0.446905 0.288425 1.570796 0.070566
1776408832.666496 jaka_arm_right solver_failed 0.555793 -0.234522 -0.093604 -0.066312 -0.906811 -0.416201 0.008492 0.464159 -1.121214 -1.211171 -0.446905 0.288425 1.570796 0.070566
1776408832.674834 jaka_arm_right solver_failed 0.554927 -0.234304 -0.093862 -0.064377 -0.906631 -0.416937 0.006327 0.464159 -1.121214 -1.211171 -0.446905 0.288425 1.570796 0.070566
1776408832.683165 jaka_arm_right solver_failed 0.553841 -0.234164 -0.094191 -0.064129 -0.905941 -0.418507 0.003223 0.464159 -1.121214 -1.211171 -0.446905 0.288425 1.570796 0.070566
1776408832.691547 jaka_arm_right solver_failed 0.552927 -0.234028 -0.094424 0.063691 0.905218 0.420147 0.000555 0.464159 -1.121214 -1.211171 -0.446905 0.288425 1.570796 0.070566
1776408832.699819 jaka_arm_right solver_failed 0.551534 -0.233966 -0.094524 0.065822 0.905528 0.419150 0.000580 0.464159 -1.121214 -1.211171 -0.446905 0.288425 1.570796 0.070566
1776408832.708361 jaka_arm_right solver_failed 0.550394 -0.233958 -0.094775 0.066776 0.905541 0.418970 0.001275 0.464159 -1.121214 -1.211171 -0.446905 0.288425 1.570796 0.070566
1776408832.716535 jaka_arm_right solver_failed 0.549755 -0.233858 -0.095158 0.065759 0.904607 0.421131 0.003357 0.464159 -1.121214 -1.211171 -0.446905 0.288425 1.570796 0.070566
1776408832.724844 jaka_arm_right solver_failed 0.548928 -0.233706 -0.095570 0.065815 0.904064 0.422267 0.005199 0.464159 -1.121214 -1.211171 -0.446905 0.288425 1.570796 0.070566
1776408832.733140 jaka_arm_right solver_failed 0.547881 -0.233754 -0.095646 0.067049 0.904351 0.421456 0.005409 0.464159 -1.121214 -1.211171 -0.446905 0.288425 1.570796 0.070566
1776408832.741494 jaka_arm_right solver_failed 0.547025 -0.233673 -0.095967 0.067854 0.903542 0.423017 0.007955 0.464159 -1.121214 -1.211171 -0.446905 0.288425 1.570796 0.070566
1776408832.749853 jaka_arm_right solver_failed 0.546028 -0.233527 -0.096325 0.068425 0.902689 0.424709 0.009672 0.464159 -1.121214 -1.211171 -0.446905 0.288425 1.570796 0.070566
1776408832.758156 jaka_arm_right solver_failed 0.544973 -0.233544 -0.096677 0.068136 0.902540 0.425044 0.010800 0.464159 -1.121214 -1.211171 -0.446905 0.288425 1.570796 0.070566
1776408832.766567 jaka_arm_right solver_failed 0.543244 -0.233653 -0.096927 0.071234 0.902479 0.424629 0.012177 0.464159 -1.121214 -1.211171 -0.446905 0.288425 1.570796 0.070566
1776408832.774858 jaka_arm_right solver_failed 0.542223 -0.233553 -0.097390 0.070065 0.901624 0.426573 0.014161 0.464159 -1.121214 -1.211171 -0.446905 0.288425 1.570796 0.070566
1776408832.783159 jaka_arm_right solver_failed 0.541660 -0.233541 -0.097765 0.067591 0.900941 0.428246 0.018478 0.464159 -1.121214 -1.211171 -0.446905 0.288425 1.570796 0.070566
1776408832.791499 jaka_arm_right solver_failed 0.540495 -0.233551 -0.098040 0.068612 0.900301 0.429312 0.021015 0.464159 -1.121214 -1.211171 -0.446905 0.288425 1.570796 0.070566
1776408832.799864 jaka_arm_right solver_failed 0.539714 -0.233547 -0.098496 0.069787 0.898732 0.432116 0.026208 0.464159 -1.121214 -1.211171 -0.446905 0.288425 1.570796 0.070566
1776408832.808217 jaka_arm_right solver_failed 0.538511 -0.233767 -0.098599 0.073688 0.898628 0.431537 0.028539 0.464159 -1.121214 -1.211171 -0.446905 0.288425 1.570796 0.070566
1776408832.816515 jaka_arm_right solver_failed 0.537637 -0.233811 -0.098900 0.077161 0.897533 0.433006 0.031403 0.464159 -1.121214 -1.211171 -0.446905 0.288425 1.570796 0.070566
1776408832.824743 jaka_arm_right solver_failed 0.537490 -0.233809 -0.099276 0.077725 0.896003 0.435495 0.038481 0.464159 -1.121214 -1.211171 -0.446905 0.288425 1.570796 0.070566
1776408832.833159 jaka_arm_right solver_failed 0.536261 -0.233856 -0.099620 0.083914 0.894696 0.436823 0.040783 0.464159 -1.121214 -1.211171 -0.446905 0.288425 1.570796 0.070566
1776408832.841399 jaka_arm_right success 0.535353 -0.233772 -0.100021 0.087599 0.893354 0.438507 0.044233 0.345996 -1.041124 -1.054337 -0.468166 0.244367 1.570796 -0.108152
1776408832.849910 jaka_arm_right success 0.534677 -0.233697 -0.100462 0.089467 0.892249 0.440037 0.047478 0.346416 -1.037067 -1.053250 -0.471520 0.246274 1.564778 -0.109392
1776408832.858127 jaka_arm_right success 0.533801 -0.233785 -0.100873 0.092767 0.891261 0.440925 0.051318 0.369006 -1.017842 -1.058499 -0.533634 0.242143 1.521251 -0.118999
1776408832.866478 jaka_arm_right success 0.532958 -0.233683 -0.101475 0.094717 0.889738 0.443393 0.052893 0.374839 -1.009565 -1.058289 -0.557584 0.243470 1.503060 -0.122942
1776408832.874821 jaka_arm_right success 0.532537 -0.233792 -0.102072 0.094923 0.888478 0.445291 0.057554 0.386563 -0.999709 -1.058279 -0.593357 0.243493 1.473766 -0.131696
1776408832.883094 jaka_arm_right success 0.531704 -0.233970 -0.102616 0.097018 0.887417 0.446671 0.059693 0.394659 -0.991203 -1.060043 -0.619491 0.242693 1.453215 -0.135670
1776408832.891569 jaka_arm_right success 0.531327 -0.234109 -0.103149 0.097493 0.886102 0.448642 0.063551 0.401011 -0.981879 -1.059508 -0.643499 0.243344 1.433208 -0.143757
1776408832.899776 jaka_arm_right success 0.530236 -0.234225 -0.103610 0.103492 0.884389 0.450448 0.065140 0.419255 -0.968339 -1.064350 -0.682937 0.242519 1.406321 -0.139234
1776408832.908140 jaka_arm_right success 0.529441 -0.234165 -0.104222 0.107537 0.882224 0.453283 0.068204 0.426255 -0.957580 -1.063915 -0.715999 0.245280 1.377695 -0.144407
1776408832.916387 jaka_arm_right success 0.528615 -0.234333 -0.104611 0.112909 0.880313 0.454961 0.072872 0.441758 -0.940440 -1.067933 -0.760574 0.244404 1.340527 -0.149561
1776408832.924706 jaka_arm_right success 0.527852 -0.234683 -0.105020 0.117844 0.878793 0.455974 0.076965 0.455466 -0.928965 -1.071164 -0.798094 0.244476 1.308267 -0.150785
1776408832.933112 jaka_arm_right success 0.527528 -0.234740 -0.105669 0.120757 0.876220 0.459243 0.082174 0.462362 -0.918463 -1.069711 -0.824281 0.248010 1.283539 -0.155998
1776408832.941422 jaka_arm_right success 0.526814 -0.234785 -0.106208 0.126383 0.873898 0.461397 0.086264 0.477259 -0.902838 -1.073558 -0.866772 0.247921 1.247961 -0.159708
1776408832.949741 jaka_arm_right success 0.525878 -0.234869 -0.106910 0.131566 0.872267 0.462725 0.087897 0.481290 -0.895179 -1.074968 -0.886006 0.250618 1.229114 -0.158740
1776408832.958110 jaka_arm_right success 0.525152 -0.234878 -0.107658 0.134885 0.870794 0.464318 0.089068 0.484685 -0.887643 -1.075381 -0.901412 0.252292 1.217213 -0.160593
1776408832.966453 jaka_arm_right success 0.524803 -0.234902 -0.108577 0.135387 0.869403 0.466655 0.089675 0.483902 -0.884376 -1.073390 -0.908879 0.254878 1.210687 -0.163444
1776408832.974777 jaka_arm_right success 0.524348 -0.235002 -0.109519 0.135803 0.868407 0.468134 0.090985 0.482761 -0.878648 -1.071670 -0.916228 0.256584 1.204016 -0.169148
1776408832.983133 jaka_arm_right success 0.523574 -0.235144 -0.110387 0.137013 0.867251 0.470314 0.088925 0.481412 -0.877172 -1.070876 -0.917866 0.258882 1.205436 -0.167355
1776408832.991380 jaka_arm_right success 0.522542 -0.235218 -0.111281 0.140658 0.865278 0.473106 0.087636 0.478720 -0.869957 -1.070024 -0.923637 0.262521 1.203703 -0.167857
1776408832.999739 jaka_arm_right success 0.522366 -0.235585 -0.112064 0.138931 0.863926 0.476433 0.085678 0.475493 -0.865421 -1.066714 -0.926180 0.265082 1.208332 -0.172452
1776408833.008133 jaka_arm_right success 0.521965 -0.235745 -0.112893 0.139940 0.862274 0.479436 0.083914 0.468268 -0.862502 -1.063382 -0.924728 0.269259 1.210693 -0.175367
1776408833.016420 jaka_arm_right success 0.521462 -0.236060 -0.113588 0.141851 0.861273 0.480868 0.082783 0.467047 -0.860761 -1.063131 -0.925415 0.271235 1.211161 -0.173492
1776408833.024711 jaka_arm_right success 0.521252 -0.236215 -0.114392 0.141461 0.859665 0.483926 0.082340 0.459298 -0.857021 -1.058567 -0.923926 0.275382 1.213577 -0.179740
1776408833.033132 jaka_arm_right success 0.520952 -0.236365 -0.115207 0.141188 0.857893 0.487199 0.081986 0.452112 -0.853329 -1.054087 -0.921959 0.279617 1.216408 -0.185319
1776408833.041443 jaka_arm_right success 0.520271 -0.236415 -0.115902 0.143109 0.856586 0.489340 0.079536 0.448597 -0.850636 -1.053297 -0.919486 0.282340 1.222036 -0.183285
1776408833.049743 jaka_arm_right success 0.520052 -0.236536 -0.116689 0.141950 0.855587 0.491574 0.078593 0.439939 -0.851178 -1.048658 -0.913867 0.286027 1.226700 -0.188006
1776408833.058126 jaka_arm_right success 0.519640 -0.236601 -0.117339 0.141578 0.854570 0.493910 0.075628 0.431409 -0.851729 -1.045846 -0.897049 0.288817 1.244505 -0.186974
1776408833.066451 jaka_arm_right success 0.519627 -0.236565 -0.117985 0.137935 0.854022 0.496338 0.072593 0.415939 -0.857729 -1.038884 -0.875018 0.293482 1.264497 -0.190341
1776408833.074777 jaka_arm_right success 0.519528 -0.236549 -0.118633 0.134851 0.853461 0.498727 0.068494 0.399961 -0.861310 -1.033658 -0.849892 0.296177 1.290353 -0.194183
1776408833.083097 jaka_arm_right success 0.519279 -0.236396 -0.119132 0.131465 0.853338 0.500544 0.063136 0.389980 -0.869766 -1.030054 -0.821899 0.298385 1.319291 -0.188729
1776408833.091449 jaka_arm_right success 0.519432 -0.236312 -0.119658 0.125555 0.853571 0.502010 0.060323 0.370640 -0.877303 -1.022356 -0.793362 0.302398 1.343192 -0.195732
1776408833.099757 jaka_arm_right success 0.519311 -0.236077 -0.120063 0.121461 0.853505 0.503528 0.056889 0.355781 -0.884756 -1.016958 -0.763993 0.304988 1.370348 -0.197567
1776408833.108108 jaka_arm_right success 0.518685 -0.235815 -0.120347 0.119817 0.854163 0.503226 0.053037 0.353690 -0.889360 -1.017593 -0.755356 0.303964 1.382061 -0.192891
1776408833.116445 jaka_arm_right success 0.518648 -0.235443 -0.120619 0.115734 0.853959 0.504517 0.053124 0.345143 -0.891675 -1.012777 -0.746383 0.305879 1.389360 -0.201417
1776408833.124693 jaka_arm_right success 0.518513 -0.235017 -0.120849 0.112420 0.854556 0.504373 0.052006 0.338608 -0.896018 -1.010480 -0.727258 0.305812 1.406781 -0.202737
1776408833.133075 jaka_arm_right success 0.518638 -0.234611 -0.121018 0.108221 0.855097 0.504241 0.053267 0.338955 -0.898188 -1.009117 -0.726652 0.304185 1.407143 -0.208736
1776408833.141428 jaka_arm_right success 0.518117 -0.234313 -0.121028 0.108368 0.855875 0.503005 0.052152 0.338343 -0.899026 -1.010507 -0.726707 0.302555 1.407148 -0.208740
1776408833.149770 jaka_arm_right success 0.518057 -0.234057 -0.121073 0.107818 0.856374 0.502146 0.053371 0.339016 -0.899237 -1.010468 -0.726101 0.302203 1.406695 -0.209373
1776408833.158068 jaka_arm_right success 0.518634 -0.233778 -0.121178 0.103869 0.856428 0.502670 0.055368 0.338962 -0.900602 -1.008371 -0.725431 0.301348 1.406593 -0.216319
1776408833.166508 jaka_arm_right success 0.518746 -0.233629 -0.121156 0.103302 0.856830 0.502128 0.055126 0.338962 -0.900602 -1.008371 -0.725431 0.301348 1.406593 -0.216319
1776408833.174814 jaka_arm_right success 0.518955 -0.233583 -0.121057 0.103219 0.857419 0.501037 0.056032 0.339231 -0.901933 -1.009498 -0.724762 0.299322 1.405970 -0.217445
1776408833.183089 jaka_arm_right success 0.519027 -0.233345 -0.120959 0.105071 0.856960 0.501413 0.056256 0.338408 -0.900401 -1.009303 -0.724699 0.300999 1.405136 -0.215497
1776408833.191451 jaka_arm_right success 0.519693 -0.233224 -0.120857 0.103217 0.856655 0.502111 0.058078 0.338892 -0.901621 -1.007484 -0.723989 0.301623 1.403732 -0.218328
1776408833.199759 jaka_arm_right success 0.519927 -0.233140 -0.120725 0.103393 0.856704 0.502070 0.057396 0.338892 -0.901621 -1.007484 -0.723989 0.301623 1.403732 -0.218328
1776408833.208107 jaka_arm_right success 0.520062 -0.233109 -0.120587 0.104290 0.856836 0.501672 0.057280 0.338377 -0.901405 -1.008027 -0.723984 0.301428 1.403505 -0.217798
1776408833.216454 jaka_arm_right success 0.520269 -0.233062 -0.120411 0.104687 0.856924 0.501398 0.057633 0.338376 -0.901137 -1.008297 -0.723592 0.301363 1.402985 -0.217553
1776408833.224731 jaka_arm_right success 0.520578 -0.232973 -0.120325 0.103884 0.856801 0.501768 0.057693 0.338701 -0.901568 -1.007884 -0.723669 0.301496 1.403130 -0.217872
1776408833.233138 jaka_arm_right success 0.520753 -0.232927 -0.120243 0.103292 0.856851 0.501863 0.057191 0.338444 -0.904562 -1.007269 -0.723250 0.301917 1.402317 -0.217047
1776408833.241440 jaka_arm_right success 0.520683 -0.232761 -0.120191 0.103866 0.856645 0.502194 0.056327 0.337735 -0.904384 -1.007398 -0.723808 0.302204 1.402712 -0.216341
1776408833.249742 jaka_arm_right success 0.520509 -0.232617 -0.120082 0.104624 0.856832 0.501757 0.055978 0.337229 -0.904052 -1.007812 -0.723901 0.302219 1.402640 -0.215666
1776408833.258089 jaka_arm_right success 0.520469 -0.232407 -0.120044 0.104451 0.856744 0.501824 0.057031 0.337659 -0.903855 -1.007598 -0.723484 0.302404 1.402287 -0.215806
1776408833.266448 jaka_arm_right success 0.520390 -0.232126 -0.120097 0.104148 0.856897 0.501398 0.058998 0.338985 -0.904202 -1.007688 -0.722006 0.301670 1.400786 -0.216950
1776408833.274720 jaka_arm_right success 0.519838 -0.231941 -0.119993 0.106411 0.857412 0.500104 0.058460 0.345498 -0.903642 -1.010908 -0.730084 0.300255 1.394804 -0.210683
1776408833.283084 jaka_arm_right success 0.519365 -0.231466 -0.120090 0.109368 0.857193 0.499801 0.058794 0.352379 -0.899464 -1.013165 -0.755401 0.300062 1.372840 -0.211168
1776408833.291417 jaka_arm_right success 0.519420 -0.231026 -0.120204 0.110113 0.857043 0.499443 0.062530 0.359425 -0.893225 -1.014535 -0.774997 0.298715 1.354608 -0.216799
1776408833.299732 jaka_arm_right success 0.519529 -0.230534 -0.120361 0.111345 0.856617 0.499408 0.066342 0.367391 -0.887566 -1.015298 -0.795812 0.298228 1.334495 -0.221705
1776408833.308087 jaka_arm_right success 0.518903 -0.230192 -0.120392 0.115608 0.857235 0.497522 0.065225 0.378648 -0.885549 -1.021976 -0.806647 0.294664 1.328213 -0.211032
1776408833.316440 jaka_arm_right success 0.518549 -0.229815 -0.120488 0.118956 0.857092 0.496984 0.065191 0.386828 -0.882957 -1.025622 -0.827624 0.294098 1.310506 -0.206440
1776408833.324770 jaka_arm_right success 0.518345 -0.229533 -0.120510 0.121440 0.856726 0.496931 0.065818 0.389228 -0.881603 -1.026377 -0.834256 0.295145 1.302846 -0.204364
1776408833.333109 jaka_arm_right success 0.518151 -0.229204 -0.120523 0.123518 0.856342 0.497053 0.066033 0.394058 -0.879187 -1.028481 -0.842509 0.294763 1.296231 -0.201427
1776408833.341464 jaka_arm_right success 0.518139 -0.228936 -0.120457 0.124120 0.856511 0.496580 0.066270 0.393749 -0.878473 -1.028693 -0.845937 0.294583 1.292450 -0.203026
1776408833.349809 jaka_arm_right success 0.517819 -0.228540 -0.120376 0.126711 0.856053 0.496659 0.066684 0.402241 -0.875498 -1.031746 -0.857961 0.294123 1.283223 -0.197519
1776408833.358142 jaka_arm_right success 0.517428 -0.228161 -0.120301 0.128781 0.855795 0.496502 0.067201 0.404898 -0.871176 -1.032976 -0.873102 0.294150 1.270130 -0.199927
1776408833.366462 jaka_arm_right success 0.517326 -0.227692 -0.120236 0.128676 0.855523 0.496723 0.069205 0.408865 -0.869222 -1.033015 -0.884446 0.294357 1.259080 -0.201978
1776408833.374785 jaka_arm_right success 0.517155 -0.227050 -0.120212 0.128630 0.854822 0.497448 0.072658 0.413912 -0.864841 -1.032017 -0.899761 0.294644 1.244125 -0.208141
1776408833.383141 jaka_arm_right success 0.516611 -0.226529 -0.119923 0.130023 0.855049 0.496402 0.074628 0.426168 -0.859926 -1.036144 -0.915494 0.291773 1.232862 -0.205505
1776408833.391448 jaka_arm_right success 0.515869 -0.225823 -0.119885 0.132728 0.854911 0.495732 0.075896 0.430818 -0.855004 -1.038243 -0.938175 0.291408 1.211165 -0.208837
1776408833.399766 jaka_arm_right success 0.515406 -0.225063 -0.119840 0.133734 0.854524 0.495838 0.077765 0.441915 -0.851357 -1.040560 -0.954354 0.290132 1.199409 -0.206927
1776408833.408058 jaka_arm_right success 0.514547 -0.224426 -0.119704 0.136045 0.854676 0.494829 0.078521 0.449476 -0.847560 -1.044053 -0.973294 0.288716 1.182981 -0.205993
1776408833.416441 jaka_arm_right success 0.514026 -0.223727 -0.119670 0.136783 0.854483 0.494616 0.080652 0.452785 -0.844689 -1.044180 -0.985738 0.288764 1.169988 -0.209436
1776408833.424728 jaka_arm_right success 0.513533 -0.223164 -0.119505 0.137342 0.854950 0.493395 0.082213 0.463767 -0.841412 -1.048727 -0.998716 0.285329 1.161088 -0.206433
1776408833.433092 jaka_arm_right success 0.512956 -0.222448 -0.119531 0.138272 0.854629 0.493574 0.082919 0.463295 -0.839285 -1.047871 -1.008397 0.286371 1.151249 -0.210289
1776408833.441479 jaka_arm_right success 0.512950 -0.221713 -0.119626 0.135954 0.854455 0.494208 0.084739 0.463368 -0.839016 -1.045193 -1.012102 0.286652 1.146924 -0.216052
1776408833.449762 jaka_arm_right success 0.512092 -0.220978 -0.119740 0.138838 0.854217 0.493873 0.084420 0.472864 -0.836126 -1.049732 -1.026541 0.285632 1.137672 -0.209392
1776408833.458077 jaka_arm_right success 0.512121 -0.220342 -0.119911 0.136525 0.854048 0.494542 0.085976 0.470664 -0.835300 -1.046929 -1.027295 0.285995 1.135803 -0.215813
1776408833.466411 jaka_arm_right success 0.511705 -0.219567 -0.120217 0.136901 0.853500 0.495425 0.085735 0.467899 -0.834625 -1.044907 -1.031661 0.288104 1.131064 -0.218673
1776408833.474745 jaka_arm_right success 0.511397 -0.219077 -0.120294 0.136759 0.853361 0.495514 0.086818 0.468638 -0.832832 -1.044065 -1.039972 0.288535 1.122513 -0.222453
1776408833.483083 jaka_arm_right success 0.511389 -0.218459 -0.120588 0.135018 0.852580 0.497028 0.088543 0.467551 -0.829717 -1.041207 -1.042773 0.289399 1.120567 -0.228852
1776408833.491382 jaka_arm_right success 0.510981 -0.217873 -0.120896 0.136186 0.852036 0.497612 0.088717 0.468987 -0.828532 -1.040809 -1.053283 0.291065 1.110916 -0.229296
1776408833.499788 jaka_arm_right success 0.510511 -0.217265 -0.121248 0.137817 0.850666 0.499479 0.088851 0.467646 -0.823948 -1.039589 -1.057885 0.293414 1.107719 -0.231458
1776408833.508145 jaka_arm_right success 0.510792 -0.216664 -0.121784 0.135613 0.849058 0.502239 0.092007 0.463391 -0.820721 -1.033276 -1.063280 0.296989 1.100373 -0.242208
1776408833.516456 jaka_arm_right success 0.510590 -0.216398 -0.122034 0.135905 0.848720 0.502349 0.094066 0.465219 -0.817352 -1.032823 -1.074205 0.297205 1.089156 -0.246789
1776408833.524730 jaka_arm_right success 0.510312 -0.216041 -0.122397 0.136503 0.847674 0.503677 0.095528 0.464675 -0.812376 -1.030649 -1.081518 0.299290 1.082615 -0.251825
1776408833.533117 jaka_arm_right success 0.510150 -0.215664 -0.122894 0.136714 0.846640 0.505204 0.096332 0.463113 -0.809536 -1.028818 -1.085279 0.300932 1.079334 -0.255399
1776408833.541487 jaka_arm_right success 0.509971 -0.215324 -0.123336 0.137403 0.845309 0.506991 0.097638 0.462537 -0.806718 -1.026186 -1.095118 0.303982 1.069102 -0.259433
1776408833.549726 jaka_arm_right success 0.509776 -0.215001 -0.123898 0.137640 0.844062 0.508703 0.099176 0.459374 -0.800855 -1.023056 -1.100010 0.306452 1.064725 -0.266536
1776408833.558103 jaka_arm_right success 0.509904 -0.214744 -0.124616 0.136346 0.842789 0.510851 0.100735 0.456192 -0.796770 -1.019242 -1.101783 0.308270 1.063910 -0.273927
1776408833.566434 jaka_arm_right success 0.510063 -0.214578 -0.125298 0.135488 0.841324 0.513138 0.102499 0.450849 -0.793060 -1.014383 -1.103557 0.311301 1.061111 -0.282476
1776408833.574701 jaka_arm_right success 0.509767 -0.214485 -0.125898 0.137161 0.840195 0.514585 0.102279 0.446760 -0.791901 -1.011912 -1.106967 0.315164 1.057082 -0.283954
1776408833.583050 jaka_arm_right success 0.509907 -0.214322 -0.126708 0.136273 0.838845 0.517012 0.102311 0.442841 -0.787388 -1.008172 -1.108972 0.317244 1.058624 -0.290735
1776408833.591549 jaka_arm_right success 0.510152 -0.214100 -0.127528 0.135760 0.836764 0.520246 0.103630 0.434291 -0.784252 -1.001581 -1.110935 0.322796 1.054254 -0.299797
1776408833.599799 jaka_arm_right success 0.510155 -0.214108 -0.128293 0.136316 0.835528 0.521964 0.104236 0.431853 -0.781243 -0.999289 -1.111533 0.325483 1.054177 -0.302073
1776408833.608113 jaka_arm_right success 0.510239 -0.214080 -0.128982 0.136149 0.834067 0.524095 0.105453 0.425648 -0.777251 -0.994972 -1.112424 0.328196 1.052672 -0.310631
1776408833.616496 jaka_arm_right success 0.510192 -0.214170 -0.129738 0.136225 0.832770 0.525919 0.106522 0.420077 -0.774267 -0.990741 -1.113717 0.331904 1.050718 -0.316694
1776408833.624772 jaka_arm_right success 0.510102 -0.214144 -0.130506 0.136476 0.830860 0.528545 0.108099 0.412306 -0.769247 -0.985037 -1.115930 0.336360 1.047987 -0.326549
1776408833.633098 jaka_arm_right success 0.509832 -0.214204 -0.131250 0.136396 0.829168 0.531333 0.107525 0.408667 -0.766731 -0.982114 -1.117523 0.339478 1.048805 -0.329352
1776408833.641435 jaka_arm_right success 0.509750 -0.214339 -0.132114 0.136227 0.827430 0.533739 0.109197 0.401621 -0.761396 -0.976785 -1.118745 0.343381 1.047720 -0.338917
1776408833.649805 jaka_arm_right success 0.510007 -0.214385 -0.133012 0.133442 0.825393 0.537254 0.110809 0.392059 -0.756746 -0.969026 -1.119660 0.347623 1.048817 -0.352511
1776408833.658141 jaka_arm_right success 0.509620 -0.214650 -0.133797 0.134947 0.824057 0.538710 0.111856 0.386456 -0.755241 -0.965571 -1.120012 0.351746 1.045303 -0.356582
1776408833.666397 jaka_arm_right success 0.509517 -0.214981 -0.134605 0.134081 0.822915 0.540619 0.112093 0.383385 -0.751642 -0.962707 -1.120530 0.353289 1.047231 -0.361951
1776408833.674829 jaka_arm_right success 0.509426 -0.215012 -0.135700 0.133773 0.820322 0.544574 0.112320 0.371703 -0.747411 -0.955289 -1.121011 0.359906 1.048500 -0.372191
1776408833.683119 jaka_arm_right success 0.509383 -0.215174 -0.136714 0.133519 0.818234 0.547521 0.113521 0.364012 -0.742472 -0.949873 -1.120985 0.364190 1.050003 -0.381004
1776408833.691490 jaka_arm_right success 0.509236 -0.215431 -0.137683 0.133387 0.816372 0.550343 0.113432 0.353137 -0.742072 -0.943415 -1.118372 0.370166 1.051339 -0.388423
1776408833.699772 jaka_arm_right success 0.509687 -0.215655 -0.138789 0.129613 0.814164 0.553999 0.115857 0.338918 -0.740601 -0.933480 -1.108614 0.375400 1.059351 -0.403711
1776408833.708087 jaka_arm_right success 0.509400 -0.215869 -0.139784 0.130238 0.812186 0.556649 0.116337 0.334165 -0.735319 -0.930022 -1.109089 0.378828 1.062118 -0.408811
1776408833.716421 jaka_arm_right success 0.508990 -0.216211 -0.140824 0.130593 0.810694 0.558945 0.115329 0.323181 -0.734966 -0.925112 -1.106323 0.384125 1.064753 -0.414623
1776408833.724695 jaka_arm_right success 0.509072 -0.216531 -0.141858 0.129164 0.808386 0.562137 0.117607 0.312826 -0.730967 -0.917508 -1.104069 0.389561 1.067042 -0.426979
1776408833.733113 jaka_arm_right success 0.508692 -0.216778 -0.142992 0.129794 0.806374 0.565003 0.116993 0.303328 -0.728788 -0.912790 -1.101664 0.394824 1.070711 -0.432436
1776408833.741422 jaka_arm_right success 0.508835 -0.217113 -0.144120 0.127451 0.803837 0.568526 0.119919 0.291411 -0.724690 -0.903845 -1.099232 0.400651 1.073782 -0.447763
1776408833.749762 jaka_arm_right success 0.508474 -0.217441 -0.145219 0.128186 0.802024 0.570940 0.119804 0.284063 -0.722245 -0.900100 -1.097496 0.404837 1.076684 -0.452521
1776408833.758083 jaka_arm_right success 0.508565 -0.217837 -0.146361 0.126419 0.799392 0.574474 0.122352 0.271034 -0.718763 -0.891185 -1.094376 0.411380 1.079880 -0.467334
1776408833.766433 jaka_arm_right success 0.508405 -0.218053 -0.147573 0.126841 0.796623 0.578086 0.122961 0.258894 -0.715650 -0.884174 -1.091775 0.418608 1.083734 -0.476493
1776408833.774782 jaka_arm_right success 0.508195 -0.218400 -0.148808 0.126795 0.794177 0.581494 0.122763 0.246721 -0.714708 -0.877687 -1.085918 0.424922 1.090396 -0.484179
1776408833.783171 jaka_arm_right success 0.508107 -0.218774 -0.150017 0.126714 0.791886 0.584550 0.123134 0.235419 -0.713281 -0.871472 -1.081521 0.431265 1.095253 -0.491835
1776408833.791384 jaka_arm_right success 0.508105 -0.219133 -0.151225 0.125275 0.789503 0.588007 0.123443 0.219895 -0.713682 -0.864285 -1.067681 0.436998 1.109645 -0.500649
1776408833.799760 jaka_arm_right success 0.507917 -0.219495 -0.152446 0.125261 0.787441 0.590904 0.122793 0.211229 -0.712857 -0.859563 -1.064523 0.442199 1.114375 -0.505527
1776408833.808129 jaka_arm_right success 0.507990 -0.219766 -0.153803 0.123519 0.784662 0.594842 0.123337 0.195053 -0.714527 -0.851279 -1.050104 0.448974 1.128579 -0.514991
1776408833.816391 jaka_arm_right success 0.507955 -0.220132 -0.155044 0.123050 0.781977 0.598438 0.123460 0.181952 -0.713547 -0.844162 -1.043779 0.456398 1.136438 -0.523033
1776408833.824723 jaka_arm_right success 0.507939 -0.220432 -0.156277 0.122212 0.779073 0.602237 0.124176 0.168751 -0.713618 -0.836902 -1.035896 0.463167 1.144851 -0.532054
1776408833.833101 jaka_arm_right success 0.507684 -0.220876 -0.157400 0.121998 0.776914 0.605189 0.123560 0.154662 -0.714422 -0.831897 -1.022880 0.468975 1.158033 -0.536153
1776408833.841426 jaka_arm_right success 0.507641 -0.221079 -0.158597 0.121222 0.773741 0.609288 0.124091 0.142550 -0.713773 -0.823938 -1.020034 0.476707 1.163084 -0.546465
1776408833.849843 jaka_arm_right success 0.507578 -0.221342 -0.159702 0.119891 0.771042 0.612806 0.124856 0.129342 -0.714600 -0.816801 -1.010890 0.483088 1.173242 -0.555282
1776408833.858095 jaka_arm_right success 0.507604 -0.221592 -0.160824 0.117514 0.768697 0.616111 0.125309 0.112610 -0.718159 -0.809411 -0.991914 0.489111 1.191057 -0.563035
1776408833.866494 jaka_arm_right success 0.507555 -0.221806 -0.161863 0.116956 0.765688 0.619752 0.126298 0.102570 -0.716493 -0.802876 -0.991204 0.496157 1.194256 -0.571838
1776408833.874717 jaka_arm_right success 0.507492 -0.222046 -0.162898 0.115288 0.763327 0.622841 0.126927 0.088175 -0.719829 -0.796027 -0.976434 0.502139 1.208125 -0.578968
1776408833.883156 jaka_arm_right success 0.507601 -0.222415 -0.163847 0.113975 0.761175 0.625219 0.129321 0.081113 -0.715420 -0.791065 -0.976312 0.506256 1.211656 -0.588977
1776408833.891556 jaka_arm_right success 0.507168 -0.222787 -0.164806 0.115055 0.759619 0.626990 0.128935 0.073136 -0.715576 -0.787597 -0.975604 0.511309 1.212602 -0.593274
1776408833.899757 jaka_arm_right success 0.506827 -0.222716 -0.165740 0.116381 0.756738 0.630284 0.128631 0.062724 -0.716006 -0.782292 -0.973456 0.518822 1.215986 -0.597770
1776408833.908141 jaka_arm_right success 0.506623 -0.222779 -0.166681 0.116904 0.753784 0.633614 0.129133 0.050477 -0.715939 -0.776118 -0.966893 0.526172 1.224124 -0.604046
1776408833.916448 jaka_arm_right success 0.506327 -0.223063 -0.167543 0.116801 0.751923 0.635784 0.129412 0.043585 -0.715044 -0.772650 -0.965442 0.530223 1.227248 -0.609053
1776408833.924706 jaka_arm_right success 0.506540 -0.223249 -0.168392 0.114217 0.749956 0.638150 0.131471 0.033255 -0.718006 -0.766192 -0.957096 0.535186 1.234582 -0.618299
1776408833.933087 jaka_arm_right success 0.506320 -0.223295 -0.169275 0.114146 0.747563 0.640980 0.131398 0.020343 -0.720008 -0.760890 -0.945838 0.541644 1.245483 -0.622344
1776408833.941424 jaka_arm_right success 0.506244 -0.223344 -0.170189 0.113400 0.745192 0.643759 0.131925 0.010981 -0.720870 -0.755793 -0.941989 0.546744 1.251275 -0.629229
1776408833.949724 jaka_arm_right success 0.505957 -0.223312 -0.171032 0.112544 0.742828 0.646864 0.130795 -0.001105 -0.726221 -0.751024 -0.926720 0.552165 1.265615 -0.629610
1776408833.958090 jaka_arm_right success 0.505925 -0.223455 -0.171857 0.110714 0.741127 0.648848 0.132173 -0.009191 -0.725851 -0.746238 -0.923436 0.555910 1.270994 -0.638481
1776408833.966425 jaka_arm_right success 0.505640 -0.223709 -0.172672 0.109607 0.739864 0.650193 0.133551 -0.016297 -0.725722 -0.742640 -0.920349 0.559039 1.274850 -0.645478
1776408833.974790 jaka_arm_right success 0.505630 -0.223694 -0.173542 0.107409 0.737373 0.652943 0.135681 -0.027630 -0.728928 -0.735974 -0.911084 0.564796 1.283011 -0.654560
1776408833.983114 jaka_arm_right success 0.505204 -0.223737 -0.174388 0.106542 0.735908 0.654768 0.135524 -0.036337 -0.729757 -0.732588 -0.905831 0.568303 1.290006 -0.659291
1776408833.991414 jaka_arm_right success 0.504898 -0.223774 -0.175147 0.105964 0.733986 0.656790 0.136611 -0.043503 -0.729450 -0.728523 -0.903624 0.572468 1.294219 -0.665423
1776408833.999718 jaka_arm_right success 0.504594 -0.223847 -0.175906 0.106018 0.732194 0.658654 0.137212 -0.050713 -0.730153 -0.724842 -0.900532 0.577084 1.297375 -0.669704
1776408834.016420 jaka_arm_right success 0.504377 -0.224228 -0.176532 0.106066 0.731229 0.659276 0.139317 -0.053726 -0.727504 -0.722941 -0.899859 0.578656 1.299316 -0.674491
1776408834.024718 jaka_arm_right success 0.504535 -0.224340 -0.178082 0.104575 0.726611 0.663658 0.143733 -0.071941 -0.728299 -0.711701 -0.897577 0.590604 1.302800 -0.693939
1776408834.033091 jaka_arm_right success 0.504491 -0.224423 -0.178887 0.104472 0.724274 0.666040 0.144581 -0.082231 -0.730587 -0.706581 -0.892065 0.596709 1.308195 -0.699789
1776408834.041432 jaka_arm_right success 0.504352 -0.224659 -0.179647 0.105086 0.722590 0.667488 0.145877 -0.086636 -0.727748 -0.703933 -0.891708 0.600175 1.310864 -0.703476
1776408834.049734 jaka_arm_right success 0.504398 -0.224852 -0.180418 0.104717 0.720511 0.669451 0.147425 -0.096439 -0.730682 -0.698783 -0.887589 0.606033 1.313592 -0.711086
1776408834.058228 jaka_arm_right success 0.504283 -0.225042 -0.181260 0.105053 0.718079 0.671759 0.148548 -0.106992 -0.732426 -0.693851 -0.879487 0.612135 1.321306 -0.715518
1776408834.066455 jaka_arm_right success 0.504169 -0.225195 -0.182125 0.105242 0.715828 0.673888 0.149632 -0.113443 -0.730562 -0.690194 -0.879577 0.616529 1.324617 -0.721129
1776408834.074729 jaka_arm_right success 0.504059 -0.225383 -0.183059 0.105222 0.713220 0.676148 0.151886 -0.124096 -0.732477 -0.684173 -0.877024 0.623768 1.326405 -0.730435
1776408834.083084 jaka_arm_right success 0.503812 -0.225477 -0.184045 0.104623 0.710791 0.678553 0.152957 -0.134098 -0.734700 -0.679113 -0.871318 0.629284 1.332708 -0.736986
1776408834.095976 jaka_arm_right success 0.503685 -0.225674 -0.184978 0.104780 0.708136 0.680522 0.156377 -0.142694 -0.731748 -0.673927 -0.870782 0.635223 1.335712 -0.746674
1776408834.100260 jaka_arm_right success 0.503454 -0.225844 -0.186011 0.103655 0.705765 0.682750 0.158126 -0.153876 -0.735816 -0.667921 -0.864920 0.641609 1.340452 -0.755580
1776408834.108069 jaka_arm_right success 0.503166 -0.225900 -0.186975 0.103269 0.702951 0.685430 0.159315 -0.165225 -0.738915 -0.662404 -0.856470 0.647849 1.349086 -0.761201
1776408834.116432 jaka_arm_right success 0.502823 -0.226091 -0.187972 0.103433 0.700553 0.687510 0.160801 -0.172218 -0.736306 -0.658616 -0.856715 0.652336 1.353342 -0.767510
1776408834.124720 jaka_arm_right success 0.502468 -0.226197 -0.188996 0.103776 0.697770 0.690132 0.161450 -0.184397 -0.740501 -0.652907 -0.851657 0.660006 1.357717 -0.773906
1776408834.133108 jaka_arm_right success 0.502321 -0.226280 -0.189994 0.102550 0.695765 0.692300 0.161605 -0.195897 -0.746887 -0.648682 -0.834140 0.663934 1.372650 -0.774845
1776408834.141421 jaka_arm_right success 0.502005 -0.226420 -0.190890 0.102793 0.694293 0.693828 0.161227 -0.202227 -0.747639 -0.646371 -0.831053 0.667348 1.377223 -0.776393
1776408834.149730 jaka_arm_right success 0.501903 -0.226516 -0.191844 0.102997 0.693156 0.694656 0.162417 -0.206257 -0.746783 -0.644365 -0.830223 0.669755 1.379086 -0.780064
1776408834.158082 jaka_arm_right success 0.501957 -0.226516 -0.192796 0.103008 0.691502 0.695757 0.164730 -0.213576 -0.747829 -0.640275 -0.829065 0.674643 1.379533 -0.787875
1776408834.166473 jaka_arm_right success 0.501776 -0.226484 -0.193658 0.103858 0.690372 0.696502 0.165787 -0.218016 -0.748065 -0.637704 -0.828867 0.678404 1.379913 -0.791024
1776408834.174765 jaka_arm_right success 0.501514 -0.226488 -0.194550 0.105920 0.690005 0.696310 0.166810 -0.219578 -0.746757 -0.637657 -0.828153 0.679985 1.378209 -0.790831
1776408834.183089 jaka_arm_right success 0.501408 -0.226287 -0.195493 0.107453 0.688531 0.697106 0.168591 -0.228588 -0.748626 -0.633410 -0.828968 0.686579 1.375090 -0.799140
1776408834.191422 jaka_arm_right success 0.501376 -0.226213 -0.196419 0.108441 0.687558 0.697477 0.170382 -0.233638 -0.748345 -0.630768 -0.830110 0.690027 1.373998 -0.805501
1776408834.199832 jaka_arm_right success 0.501100 -0.226065 -0.197444 0.110569 0.686105 0.698354 0.171276 -0.238991 -0.746988 -0.628275 -0.834357 0.695019 1.370690 -0.810130
1776408834.208122 jaka_arm_right success 0.500915 -0.226019 -0.198512 0.111891 0.684918 0.699067 0.172262 -0.243837 -0.746642 -0.626119 -0.836447 0.698742 1.369026 -0.814543
1776408834.216442 jaka_arm_right success 0.500678 -0.225971 -0.199594 0.113435 0.683071 0.700410 0.173128 -0.250113 -0.746110 -0.622914 -0.838960 0.703757 1.368690 -0.819728
1776408834.224734 jaka_arm_right success 0.500505 -0.225940 -0.200739 0.114328 0.681437 0.701587 0.174205 -0.255475 -0.745919 -0.620013 -0.840612 0.708080 1.368758 -0.824229
1776408834.233158 jaka_arm_right success 0.500269 -0.226111 -0.201906 0.115205 0.680311 0.702370 0.174876 -0.259493 -0.745103 -0.618502 -0.841080 0.710758 1.368444 -0.827508
1776408834.241465 jaka_arm_right success 0.500217 -0.226272 -0.203022 0.115280 0.678829 0.703552 0.175829 -0.265083 -0.745261 -0.615479 -0.841581 0.713999 1.370085 -0.834031
1776408834.249755 jaka_arm_right success 0.500210 -0.226429 -0.204166 0.114749 0.677244 0.704930 0.176769 -0.272977 -0.746198 -0.612161 -0.841647 0.717723 1.373048 -0.841350
1776408834.258102 jaka_arm_right success 0.499811 -0.226547 -0.205250 0.115839 0.675918 0.706491 0.174891 -0.281634 -0.751698 -0.610186 -0.831395 0.721743 1.380323 -0.838116
1776408834.266433 jaka_arm_right success 0.499599 -0.226689 -0.206253 0.115915 0.674382 0.708196 0.173868 -0.289767 -0.756328 -0.607860 -0.819097 0.724594 1.391081 -0.835805
1776408834.274720 jaka_arm_right success 0.499545 -0.226872 -0.207325 0.115528 0.672537 0.709970 0.174042 -0.297284 -0.760530 -0.604579 -0.810145 0.728297 1.398291 -0.837196
1776408834.283085 jaka_arm_right success 0.499444 -0.227071 -0.208295 0.115067 0.671026 0.711493 0.173957 -0.304863 -0.764628 -0.601995 -0.800593 0.731320 1.406864 -0.836822
1776408834.291418 jaka_arm_right success 0.499164 -0.227350 -0.209180 0.115655 0.670530 0.712076 0.173093 -0.306748 -0.763729 -0.601991 -0.797707 0.731792 1.411492 -0.833990
1776408834.299777 jaka_arm_right success 0.499124 -0.227400 -0.210009 0.115253 0.669149 0.713582 0.172501 -0.315421 -0.773031 -0.599125 -0.779181 0.735179 1.422230 -0.830207
1776408834.308096 jaka_arm_right success 0.498851 -0.227622 -0.210746 0.116422 0.668161 0.714498 0.171754 -0.316999 -0.772370 -0.598582 -0.780307 0.736932 1.423012 -0.828621
1776408834.316421 jaka_arm_right success 0.498528 -0.227715 -0.211451 0.117923 0.666865 0.715597 0.171190 -0.322481 -0.770131 -0.597444 -0.780932 0.739462 1.426305 -0.829962
1776408834.324734 jaka_arm_right success 0.498495 -0.227943 -0.212113 0.117352 0.665670 0.716600 0.172035 -0.329180 -0.775019 -0.594285 -0.773349 0.742937 1.430804 -0.832593
1776408834.333144 jaka_arm_right success 0.498270 -0.228165 -0.212764 0.117961 0.663412 0.718359 0.173003 -0.336001 -0.776135 -0.590618 -0.770623 0.747601 1.435011 -0.836078
1776408834.341440 jaka_arm_right success 0.497696 -0.228397 -0.213359 0.120029 0.661626 0.719863 0.172168 -0.339507 -0.774414 -0.589329 -0.771751 0.750820 1.437216 -0.834415
1776408834.349807 jaka_arm_right success 0.497395 -0.228835 -0.213934 0.120326 0.659694 0.721286 0.173414 -0.346599 -0.776376 -0.585768 -0.768700 0.755158 1.440703 -0.839052
1776408834.358048 jaka_arm_right success 0.496870 -0.229181 -0.214511 0.121211 0.657086 0.723467 0.173612 -0.355452 -0.779082 -0.581865 -0.762621 0.760567 1.447427 -0.840437
1776408834.366465 jaka_arm_right success 0.496299 -0.229584 -0.215079 0.122175 0.655155 0.725083 0.173493 -0.361798 -0.779846 -0.579398 -0.758484 0.764230 1.453345 -0.840332
1776408834.374787 jaka_arm_right success 0.495919 -0.229804 -0.215572 0.122444 0.652084 0.727355 0.175354 -0.368105 -0.778873 -0.575068 -0.758563 0.769338 1.457626 -0.845578
1776408834.383111 jaka_arm_right success 0.495538 -0.230137 -0.216051 0.121458 0.649257 0.729849 0.176165 -0.379959 -0.788851 -0.569712 -0.737366 0.774899 1.472449 -0.844018
1776408834.391412 jaka_arm_right success 0.494874 -0.230620 -0.216407 0.122506 0.647363 0.731341 0.176221 -0.382540 -0.787310 -0.568094 -0.738692 0.778065 1.474005 -0.842974
1776408834.399768 jaka_arm_right success 0.494285 -0.231070 -0.216734 0.123124 0.645578 0.732562 0.177263 -0.388800 -0.785187 -0.565275 -0.739266 0.781284 1.478499 -0.848358
1776408834.408155 jaka_arm_right success 0.493660 -0.231461 -0.216959 0.124223 0.643227 0.734306 0.177829 -0.395470 -0.785255 -0.562148 -0.740449 0.785825 1.481313 -0.851964
1776408834.416458 jaka_arm_right success 0.493240 -0.232172 -0.217126 0.123774 0.642403 0.734905 0.178640 -0.396547 -0.784434 -0.560921 -0.740012 0.786763 1.483298 -0.853725
1776408834.424773 jaka_arm_right success 0.492744 -0.232431 -0.217292 0.124664 0.639463 0.737202 0.179109 -0.403620 -0.783806 -0.556981 -0.740555 0.791874 1.487802 -0.858062
1776408834.433172 jaka_arm_right success 0.492109 -0.232981 -0.217349 0.125440 0.638167 0.738503 0.177821 -0.408475 -0.785325 -0.556248 -0.733202 0.793572 1.495694 -0.852768
1776408834.441431 jaka_arm_right success 0.491763 -0.233473 -0.217364 0.125222 0.636202 0.740337 0.177391 -0.414369 -0.791344 -0.553133 -0.723009 0.797323 1.502917 -0.850263
1776408834.449762 jaka_arm_right success 0.491338 -0.234234 -0.217376 0.124654 0.635523 0.741264 0.176352 -0.414630 -0.791398 -0.553378 -0.715859 0.796284 1.511274 -0.844234
1776408834.458096 jaka_arm_right success 0.490906 -0.234833 -0.217331 0.125229 0.634260 0.742630 0.174736 -0.422051 -0.795645 -0.551466 -0.704058 0.799334 1.520881 -0.839260
1776408834.466562 jaka_arm_right success 0.490297 -0.235511 -0.217250 0.126255 0.633278 0.744030 0.171577 -0.420562 -0.793973 -0.552616 -0.704289 0.798743 1.525022 -0.831084
1776408834.474789 jaka_arm_right success 0.490033 -0.236178 -0.217290 0.125926 0.631730 0.745333 0.171868 -0.427504 -0.799369 -0.549705 -0.691144 0.801938 1.534081 -0.829227
1776408834.483142 jaka_arm_right success 0.489474 -0.236793 -0.217324 0.127410 0.629939 0.747020 0.170016 -0.429796 -0.797795 -0.549161 -0.690012 0.803865 1.539154 -0.823384
1776408834.491408 jaka_arm_right success 0.489057 -0.237556 -0.217294 0.128548 0.628286 0.748283 0.169723 -0.431825 -0.796850 -0.547597 -0.691122 0.806507 1.541038 -0.822266
1776408834.499756 jaka_arm_right success 0.488538 -0.238339 -0.217411 0.129079 0.627179 0.749208 0.169329 -0.438650 -0.800163 -0.545753 -0.681461 0.809127 1.548529 -0.820191
1776408834.508178 jaka_arm_right success 0.487823 -0.238909 -0.217432 0.131056 0.625000 0.750940 0.168192 -0.440840 -0.798753 -0.544148 -0.683613 0.812527 1.550346 -0.817104
1776408834.516401 jaka_arm_right success 0.487268 -0.239827 -0.217487 0.131941 0.623805 0.751594 0.169014 -0.443867 -0.795283 -0.542755 -0.683944 0.814335 1.554413 -0.818294
1776408834.524747 jaka_arm_right success 0.486415 -0.240357 -0.217637 0.134426 0.620744 0.753656 0.169144 -0.450100 -0.794903 -0.539536 -0.685640 0.820002 1.556078 -0.819311
1776408834.533093 jaka_arm_right success 0.485681 -0.241292 -0.217772 0.135850 0.618627 0.754696 0.171112 -0.455110 -0.792995 -0.536374 -0.686229 0.824795 1.557699 -0.822455
1776408834.541416 jaka_arm_right success 0.484568 -0.242142 -0.217881 0.138126 0.616499 0.756033 0.171069 -0.457627 -0.792039 -0.534480 -0.688089 0.828517 1.558493 -0.820888
1776408834.549755 jaka_arm_right success 0.483531 -0.243029 -0.218070 0.140029 0.613747 0.757651 0.172256 -0.465222 -0.789313 -0.531300 -0.690359 0.833537 1.562072 -0.824993
1776408834.558161 jaka_arm_right success 0.482479 -0.244205 -0.218330 0.141378 0.611453 0.758877 0.173905 -0.472625 -0.786541 -0.527941 -0.692195 0.838475 1.565351 -0.830431
1776408834.566446 jaka_arm_right success 0.481275 -0.245245 -0.218555 0.143321 0.608372 0.760759 0.174892 -0.479480 -0.784735 -0.524439 -0.695185 0.843940 1.568171 -0.834095
1776408834.574726 jaka_arm_right success 0.479975 -0.246394 -0.218860 0.144953 0.605415 0.762699 0.175363 -0.484793 -0.782777 -0.521599 -0.698220 0.848327 1.570796 -0.835708
1776408834.583097 jaka_arm_right success 0.478750 -0.247753 -0.219229 0.146704 0.602339 0.764392 0.177120 -0.492571 -0.781180 -0.515684 -0.703538 0.853807 1.570796 -0.842790
1776408834.591383 jaka_arm_right success 0.477408 -0.248974 -0.219608 0.148030 0.598867 0.766697 0.177825 -0.500634 -0.773929 -0.507234 -0.717238 0.853795 1.570796 -0.851151
1776408834.599760 jaka_arm_right success 0.476291 -0.250166 -0.220016 0.148537 0.594949 0.769145 0.179968 -0.525803 -0.771409 -0.454743 -0.705893 0.825986 1.570796 -0.841316
1776408834.608113 jaka_arm_right success 0.474910 -0.251721 -0.220337 0.149304 0.592830 0.770454 0.180725 -0.531540 -0.766409 -0.448211 -0.715645 0.825751 1.570796 -0.847657
1776408834.616485 jaka_arm_right success 0.473606 -0.253034 -0.220640 0.150966 0.589597 0.772469 0.181319 -0.547711 -0.763336 -0.414479 -0.711976 0.808242 1.570796 -0.840168
1776408834.624759 jaka_arm_right success 0.472228 -0.254515 -0.220948 0.152139 0.587131 0.773959 0.181985 -0.554257 -0.757192 -0.406490 -0.720974 0.807814 1.570796 -0.843587
1776408834.633147 jaka_arm_right success 0.470851 -0.255735 -0.221284 0.154792 0.583251 0.775823 0.184270 -0.564597 -0.753320 -0.397541 -0.728465 0.812391 1.570796 -0.850409
1776408834.641423 jaka_arm_right success 0.469231 -0.257285 -0.221599 0.156580 0.580982 0.776910 0.185347 -0.572105 -0.748173 -0.389271 -0.734786 0.812034 1.570796 -0.853645
1776408834.649755 jaka_arm_right success 0.467718 -0.258621 -0.221921 0.158803 0.577732 0.778209 0.188144 -0.582075 -0.743781 -0.380852 -0.742321 0.815987 1.570796 -0.861712
1776408834.658124 jaka_arm_right success 0.466051 -0.259880 -0.222212 0.162450 0.573993 0.779394 0.191537 -0.591537 -0.741897 -0.375424 -0.744611 0.824957 1.570796 -0.866689
1776408834.666455 jaka_arm_right success 0.464493 -0.261169 -0.222486 0.164681 0.570936 0.780446 0.194465 -0.602629 -0.738458 -0.368005 -0.752923 0.830285 1.570796 -0.878209
1776408834.674799 jaka_arm_right success 0.462818 -0.262927 -0.222889 0.167256 0.569056 0.780269 0.198445 -0.610562 -0.729861 -0.362886 -0.762754 0.833892 1.570357 -0.887563
1776408834.683137 jaka_arm_right success 0.460939 -0.264049 -0.223252 0.172125 0.564728 0.781386 0.202213 -0.619362 -0.718496 -0.357966 -0.792138 0.844144 1.558688 -0.907875
1776408834.691427 jaka_arm_right success 0.459346 -0.265447 -0.223542 0.175822 0.561518 0.781956 0.205741 -0.625784 -0.713000 -0.353995 -0.807597 0.852276 1.552689 -0.919335
1776408834.699725 jaka_arm_right success 0.457810 -0.266876 -0.223800 0.179839 0.558903 0.782086 0.208870 -0.632182 -0.704213 -0.350957 -0.826057 0.859555 1.546493 -0.931234
1776408834.708130 jaka_arm_right success 0.456170 -0.268236 -0.224060 0.184630 0.556117 0.782180 0.211757 -0.638105 -0.693995 -0.348187 -0.848915 0.867132 1.537156 -0.945082
1776408834.716422 jaka_arm_right success 0.454391 -0.269868 -0.224448 0.188992 0.554150 0.781896 0.214097 -0.643605 -0.682923 -0.346356 -0.870067 0.873366 1.529472 -0.957147
1776408834.724779 jaka_arm_right success 0.452654 -0.271348 -0.224865 0.192549 0.550473 0.782878 0.216808 -0.654307 -0.678794 -0.342220 -0.874795 0.882412 1.533611 -0.963648
1776408834.733065 jaka_arm_right success 0.451286 -0.272901 -0.225311 0.194618 0.547445 0.783234 0.221297 -0.662249 -0.675099 -0.337798 -0.886268 0.890578 1.530976 -0.977789
1776408834.741527 jaka_arm_right success 0.449513 -0.274603 -0.225709 0.198302 0.545431 0.783059 0.223607 -0.667768 -0.665093 -0.336192 -0.905315 0.895943 1.525655 -0.989469
1776408834.749765 jaka_arm_right success 0.447873 -0.276090 -0.226139 0.201515 0.542620 0.783593 0.225693 -0.676298 -0.660909 -0.333264 -0.908591 0.903224 1.529653 -0.993412
1776408834.758124 jaka_arm_right success 0.446181 -0.277518 -0.226527 0.204730 0.540228 0.784247 0.226267 -0.682913 -0.656569 -0.331415 -0.920874 0.909101 1.527633 -1.001160
1776408834.766444 jaka_arm_right success 0.444485 -0.279214 -0.226798 0.209347 0.538879 0.783609 0.227466 -0.688214 -0.646226 -0.330767 -0.938558 0.914624 1.522126 -1.009302
1776408834.774756 jaka_arm_right success 0.443139 -0.280706 -0.227160 0.212578 0.536751 0.783772 0.228935 -0.693636 -0.641528 -0.329122 -0.942684 0.920186 1.523815 -1.010931
1776408834.783104 jaka_arm_right success 0.441584 -0.282420 -0.227593 0.215777 0.535682 0.783473 0.229466 -0.699200 -0.634794 -0.328862 -0.954082 0.924088 1.522130 -1.016632
1776408834.791471 jaka_arm_right success 0.440136 -0.284053 -0.228030 0.218019 0.533677 0.784119 0.229813 -0.702202 -0.631956 -0.327717 -0.956271 0.927875 1.524074 -1.015650
1776408834.799716 jaka_arm_right success 0.438634 -0.285884 -0.228523 0.220086 0.532596 0.784128 0.230321 -0.707504 -0.627166 -0.327225 -0.959009 0.930666 1.528090 -1.016804
1776408834.808139 jaka_arm_right success 0.437137 -0.287495 -0.229068 0.222683 0.530388 0.784777 0.230708 -0.714548 -0.624001 -0.326054 -0.962183 0.935673 1.531450 -1.018798
1776408834.816474 jaka_arm_right success 0.435674 -0.289246 -0.229623 0.223930 0.528678 0.785542 0.230821 -0.718898 -0.621212 -0.325228 -0.964425 0.938149 1.535910 -1.019264
1776408834.824746 jaka_arm_right success 0.433972 -0.291358 -0.230388 0.225248 0.529541 0.784493 0.231128 -0.722025 -0.616696 -0.326257 -0.964445 0.938511 1.537370 -1.019471
1776408834.833107 jaka_arm_right success 0.432591 -0.292911 -0.231025 0.227019 0.527283 0.785034 0.232714 -0.729479 -0.614194 -0.324306 -0.966872 0.943269 1.543131 -1.023270
1776408834.841423 jaka_arm_right success 0.430961 -0.294478 -0.231726 0.229095 0.524574 0.786036 0.233423 -0.736813 -0.612082 -0.322101 -0.969047 0.949225 1.548097 -1.025892
1776408834.849743 jaka_arm_right success 0.429615 -0.296329 -0.232468 0.229469 0.524413 0.785526 0.235124 -0.741167 -0.609163 -0.321970 -0.968667 0.950243 1.551305 -1.029120
1776408834.858102 jaka_arm_right success 0.428023 -0.297967 -0.233252 0.230316 0.523169 0.786100 0.235151 -0.746492 -0.607237 -0.321798 -0.970116 0.951312 1.557228 -1.030199
1776408834.866399 jaka_arm_right success 0.426640 -0.299632 -0.234184 0.230552 0.522213 0.786217 0.236647 -0.752138 -0.605142 -0.320549 -0.969187 0.953729 1.562596 -1.034191
1776408834.874754 jaka_arm_right success 0.424984 -0.301262 -0.235007 0.230818 0.522224 0.786447 0.235596 -0.758841 -0.605847 -0.321011 -0.963524 0.954153 1.570796 -1.032552
1776408834.883089 jaka_arm_right success 0.423506 -0.302983 -0.235799 0.230395 0.522526 0.786205 0.236149 -0.768450 -0.602373 -0.304805 -0.960857 0.944561 1.570796 -1.028780
1776408834.891382 jaka_arm_right success 0.421792 -0.304740 -0.236685 0.231617 0.523560 0.784960 0.236802 -0.771572 -0.596627 -0.303683 -0.962132 0.942538 1.570796 -1.028334
1776408834.899724 jaka_arm_right success 0.420526 -0.306227 -0.237477 0.231811 0.522167 0.785205 0.238868 -0.795122 -0.597665 -0.267162 -0.951504 0.926031 1.570796 -1.022251
1776408834.908123 jaka_arm_right success 0.418836 -0.307836 -0.238331 0.232435 0.523318 0.784076 0.239452 -0.799602 -0.591579 -0.265421 -0.955725 0.923666 1.570796 -1.023901
1776408834.916441 jaka_arm_right success 0.417369 -0.309057 -0.239047 0.234304 0.522451 0.783636 0.240959 -0.807382 -0.589485 -0.261489 -0.959298 0.926666 1.570796 -1.029856
1776408834.924720 jaka_arm_right success 0.415944 -0.310378 -0.239755 0.236006 0.521992 0.782875 0.242757 -0.814217 -0.585540 -0.258008 -0.963546 0.928634 1.570796 -1.034828
1776408834.933207 jaka_arm_right success 0.414410 -0.311927 -0.240446 0.237314 0.523271 0.781292 0.243830 -0.816190 -0.581717 -0.258612 -0.962596 0.929146 1.570796 -1.035219
1776408834.941474 jaka_arm_right success 0.412864 -0.313148 -0.241213 0.239196 0.522823 0.780542 0.245348 -0.824774 -0.576614 -0.254827 -0.970280 0.930319 1.570796 -1.042668
1776408834.949761 jaka_arm_right success 0.411325 -0.314397 -0.241926 0.240452 0.523672 0.779202 0.246565 -0.827231 -0.572383 -0.254685 -0.971420 0.930595 1.570796 -1.043767
1776408834.958026 jaka_arm_right success 0.409911 -0.315721 -0.242606 0.240917 0.524574 0.777768 0.248713 -0.833917 -0.567920 -0.252458 -0.976515 0.930669 1.570796 -1.051793
1776408834.966563 jaka_arm_right success 0.408331 -0.316808 -0.243341 0.241797 0.524427 0.777253 0.249778 -0.836283 -0.564956 -0.251357 -0.978115 0.931458 1.570796 -1.053689
1776408834.974804 jaka_arm_right success 0.406893 -0.318111 -0.244042 0.242134 0.526342 0.775306 0.251467 -0.840430 -0.560020 -0.250937 -0.980624 0.930504 1.570796 -1.057919
1776408834.983142 jaka_arm_right success 0.405433 -0.319226 -0.244772 0.242375 0.527016 0.774300 0.252921 -0.846896 -0.554948 -0.247959 -0.986665 0.929663 1.570796 -1.066350
1776408834.991401 jaka_arm_right success 0.403838 -0.320204 -0.245472 0.242835 0.527984 0.773492 0.252931 -0.848374 -0.552726 -0.248895 -0.987022 0.928623 1.570796 -1.066182
1776408834.999793 jaka_arm_right success 0.402319 -0.321213 -0.246246 0.242924 0.528758 0.772660 0.253770 -0.852421 -0.546286 -0.246015 -0.992553 0.926396 1.570796 -1.070363
1776408835.016404 jaka_arm_right success 0.398984 -0.323233 -0.247787 0.242276 0.531282 0.770530 0.255589 -0.863010 -0.536396 -0.239564 -1.002121 0.919382 1.570796 -1.080436
1776408835.024713 jaka_arm_right success 0.397417 -0.324171 -0.248492 0.243359 0.532153 0.769208 0.256726 -0.868746 -0.534098 -0.237823 -1.003460 0.919885 1.570796 -1.084628
1776408835.033136 jaka_arm_right success 0.395960 -0.325015 -0.249153 0.241974 0.532639 0.768658 0.258667 -0.876829 -0.529324 -0.228088 -1.007396 0.914266 1.570796 -1.089864
1776408835.041424 jaka_arm_right success 0.394115 -0.325800 -0.249909 0.243294 0.532962 0.767693 0.259629 -0.884475 -0.526818 -0.224096 -1.010340 0.914013 1.570796 -1.094353
1776408835.049747 jaka_arm_right success 0.392306 -0.326512 -0.250451 0.245806 0.533243 0.766261 0.260911 -0.888173 -0.523967 -0.224205 -1.010071 0.917017 1.570796 -1.095029
1776408835.058075 jaka_arm_right success 0.390611 -0.327386 -0.251072 0.246295 0.534234 0.765407 0.260930 -0.894618 -0.518368 -0.222334 -1.016794 0.914956 1.570796 -1.100355
1776408835.066475 jaka_arm_right success 0.388660 -0.327909 -0.251694 0.248633 0.534066 0.764688 0.261166 -0.900857 -0.515433 -0.221214 -1.021728 0.917304 1.570796 -1.103568
1776408835.074737 jaka_arm_right success 0.387060 -0.328731 -0.252371 0.249158 0.534671 0.763807 0.262004 -0.905918 -0.510366 -0.219395 -1.026638 0.916870 1.570796 -1.108844
1776408835.083104 jaka_arm_right success 0.385648 -0.329509 -0.253044 0.247979 0.535393 0.763406 0.262816 -0.910313 -0.507492 -0.215752 -1.031665 0.913134 1.570796 -1.114669
1776408835.091442 jaka_arm_right success 0.383650 -0.330168 -0.253801 0.249510 0.536571 0.762581 0.261354 -0.912761 -0.502611 -0.216205 -1.034020 0.911023 1.570796 -1.112057
1776408835.099791 jaka_arm_right success 0.382232 -0.330802 -0.254544 0.249764 0.535541 0.762262 0.264140 -0.927375 -0.502152 -0.201294 -1.035802 0.908416 1.570796 -1.119428
1776408835.108066 jaka_arm_right success 0.380354 -0.331764 -0.255333 0.249014 0.537206 0.761243 0.264408 -0.933955 -0.497221 -0.196184 -1.039688 0.903275 1.570796 -1.122884
1776408835.116434 jaka_arm_right success 0.378743 -0.332638 -0.256015 0.249116 0.538238 0.760018 0.265734 -0.940111 -0.493349 -0.191703 -1.041643 0.900900 1.570796 -1.126597
1776408835.124738 jaka_arm_right success 0.377005 -0.333220 -0.256729 0.250630 0.537851 0.759300 0.267140 -0.949048 -0.490729 -0.186653 -1.046357 0.902271 1.570796 -1.132351
1776408835.133170 jaka_arm_right success 0.375120 -0.333860 -0.257548 0.251802 0.538200 0.758650 0.267183 -0.955839 -0.487695 -0.183535 -1.050161 0.901613 1.570796 -1.135669
1776408835.141449 jaka_arm_right success 0.373271 -0.334627 -0.258378 0.252368 0.538796 0.757689 0.268172 -0.963455 -0.483378 -0.178310 -1.054241 0.899644 1.570796 -1.139739
1776408835.149816 jaka_arm_right success 0.371385 -0.334893 -0.259210 0.254211 0.536645 0.758504 0.268442 -0.990328 -0.485508 -0.144149 -1.047859 0.889047 1.570796 -1.133001
1776408835.158104 jaka_arm_right success 0.369571 -0.335777 -0.260103 0.253615 0.537824 0.757845 0.268507 -0.994979 -0.481515 -0.140852 -1.052502 0.884957 1.570796 -1.136743
1776408835.166420 jaka_arm_right success 0.368164 -0.336341 -0.261154 0.255080 0.535499 0.757618 0.272378 -1.016402 -0.484798 -0.116625 -1.049954 0.882504 1.570796 -1.141990
1776408835.174812 jaka_arm_right success 0.366670 -0.337199 -0.262053 0.254495 0.535826 0.757454 0.272738 -1.035524 -0.483058 -0.090035 -1.046677 0.870132 1.570796 -1.137920
1776408835.183114 jaka_arm_right success 0.364975 -0.337864 -0.263002 0.254987 0.536185 0.757055 0.272682 -1.041361 -0.481647 -0.087266 -1.048358 0.868244 1.570796 -1.139435
1776408835.191419 jaka_arm_right success 0.363356 -0.338351 -0.263990 0.255723 0.535335 0.757684 0.271912 -1.069053 -0.484398 -0.046998 -1.039005 0.850712 1.570796 -1.127557
1776408835.199785 jaka_arm_right success 0.361861 -0.338922 -0.265000 0.258005 0.534010 0.757653 0.272450 -1.075784 -0.485462 -0.045195 -1.041176 0.854877 1.570796 -1.131605
1776408835.208179 jaka_arm_right success 0.360362 -0.339491 -0.265980 0.259251 0.533736 0.757663 0.271775 -1.084805 -0.481917 -0.038584 -1.046771 0.852548 1.570796 -1.132801
1776408835.216441 jaka_arm_right success 0.358848 -0.340025 -0.267066 0.260809 0.533413 0.757528 0.271294 -1.094029 -0.479446 -0.030890 -1.049613 0.850891 1.570796 -1.132394
1776408835.224731 jaka_arm_right success 0.357573 -0.340706 -0.268109 0.262137 0.533067 0.757462 0.270877 -1.112381 -0.481177 -0.006516 -1.043356 0.840209 1.570665 -1.124882
1776408835.233146 jaka_arm_right success 0.356096 -0.341210 -0.269218 0.263706 0.533575 0.757406 0.268504 -1.116829 -0.480550 -0.002991 -1.041227 0.837221 1.570796 -1.118626
1776408835.241456 jaka_arm_right success 0.354782 -0.341870 -0.270393 0.264556 0.534384 0.757175 0.266701 -1.123322 -0.477996 0.002647 -1.041854 0.832863 1.570796 -1.115392
1776408835.249740 jaka_arm_right success 0.353725 -0.342636 -0.271659 0.264323 0.535390 0.756841 0.265863 -1.144508 -0.485047 0.039093 -1.022881 0.813554 1.570796 -1.099318
1776408835.258064 jaka_arm_right success 0.352860 -0.343208 -0.273007 0.264572 0.534391 0.757163 0.266704 -1.168471 -0.489737 0.073994 -1.014001 0.798324 1.570796 -1.092225
1776408835.266442 jaka_arm_right success 0.351418 -0.343451 -0.274315 0.267775 0.533922 0.757593 0.263207 -1.171612 -0.490848 0.071997 -1.015730 0.799519 1.570454 -1.088501
1776408835.274834 jaka_arm_right success 0.350265 -0.344164 -0.275874 0.268425 0.535598 0.756463 0.262387 -1.173645 -0.486773 0.071492 -1.016099 0.797832 1.570796 -1.086802
1776408835.283121 jaka_arm_right success 0.349170 -0.344315 -0.277293 0.270697 0.534344 0.756968 0.261150 -1.184700 -0.487620 0.080437 -1.018306 0.796388 1.570796 -1.085895
1776408835.291384 jaka_arm_right success 0.348372 -0.344950 -0.278794 0.270901 0.535777 0.755929 0.261010 -1.192442 -0.490492 0.091893 -1.009437 0.789003 1.570796 -1.081057
1776408835.299841 jaka_arm_right success 0.347019 -0.344999 -0.280380 0.275312 0.536182 0.755081 0.258004 -1.196833 -0.490554 0.089409 -1.009787 0.791290 1.568634 -1.077411
1776408835.308052 jaka_arm_right success 0.346005 -0.345322 -0.281940 0.277045 0.537015 0.754374 0.256479 -1.199386 -0.489415 0.087819 -1.009838 0.791591 1.568580 -1.075489
1776408835.316445 jaka_arm_right success 0.344835 -0.345618 -0.283650 0.279232 0.538418 0.753325 0.254239 -1.202130 -0.488393 0.085513 -1.009485 0.791109 1.567424 -1.073733
1776408835.324766 jaka_arm_right success 0.344242 -0.346039 -0.285343 0.279874 0.539337 0.752164 0.255019 -1.204763 -0.487000 0.085056 -1.007881 0.791749 1.568516 -1.074860
1776408835.333196 jaka_arm_right success 0.343037 -0.346109 -0.287164 0.282890 0.540451 0.751093 0.252478 -1.208026 -0.487319 0.082742 -1.008012 0.792414 1.566728 -1.072547
1776408835.341528 jaka_arm_right success 0.342185 -0.346285 -0.289066 0.284109 0.541444 0.750529 0.250650 -1.210879 -0.486169 0.080832 -1.007063 0.791540 1.567987 -1.071048
1776408835.349783 jaka_arm_right success 0.341236 -0.346309 -0.290861 0.286672 0.542007 0.749678 0.249060 -1.213557 -0.486508 0.079281 -1.006923 0.792847 1.566304 -1.069248
1776408835.358122 jaka_arm_right success 0.340180 -0.346575 -0.292732 0.289232 0.544476 0.747264 0.247964 -1.216405 -0.485109 0.076945 -1.005259 0.792632 1.563503 -1.068669
1776408835.366459 jaka_arm_right success 0.339186 -0.346620 -0.294479 0.292422 0.545857 0.745602 0.246186 -1.219697 -0.484751 0.074816 -1.004707 0.793838 1.560903 -1.066809
1776408835.374774 jaka_arm_right success 0.338173 -0.346527 -0.296298 0.295149 0.547279 0.743491 0.246158 -1.224109 -0.484517 0.073413 -1.004932 0.795595 1.557961 -1.069667
1776408835.383156 jaka_arm_right success 0.337373 -0.346567 -0.298192 0.297819 0.548198 0.741210 0.247773 -1.231184 -0.478998 0.073193 -1.017849 0.800429 1.551281 -1.080270
1776408835.391438 jaka_arm_right success 0.336096 -0.346338 -0.300010 0.301834 0.548876 0.739162 0.247529 -1.237382 -0.479014 0.072418 -1.023647 0.805887 1.544174 -1.086528
1776408835.399824 jaka_arm_right success 0.334792 -0.346596 -0.301947 0.304574 0.551160 0.736003 0.248509 -1.244534 -0.472371 0.071035 -1.037671 0.809143 1.535413 -1.098295
1776408835.408091 jaka_arm_right success 0.333752 -0.346693 -0.303977 0.306896 0.552299 0.733325 0.251029 -1.248888 -0.473604 0.071431 -1.037821 0.813459 1.530818 -1.105788
1776408835.416418 jaka_arm_right success 0.332306 -0.346814 -0.305823 0.309056 0.554756 0.730636 0.250802 -1.255028 -0.469040 0.069377 -1.044628 0.814629 1.526567 -1.112530
1776408835.424770 jaka_arm_right success 0.331186 -0.346956 -0.307554 0.312919 0.556659 0.727472 0.250992 -1.257173 -0.462919 0.068670 -1.061488 0.819534 1.510694 -1.120718
1776408835.433234 jaka_arm_right success 0.330192 -0.347281 -0.309323 0.314976 0.558794 0.725184 0.250295 -1.259709 -0.461160 0.066550 -1.060250 0.819129 1.508473 -1.120482
1776408835.441451 jaka_arm_right success 0.329410 -0.347610 -0.311322 0.316437 0.560050 0.723020 0.251902 -1.265407 -0.461723 0.066342 -1.059898 0.822410 1.507128 -1.127541
1776408835.449755 jaka_arm_right success 0.328093 -0.347600 -0.313196 0.319697 0.559702 0.722392 0.250354 -1.271273 -0.460336 0.064999 -1.063091 0.826042 1.506956 -1.127878
1776408835.458101 jaka_arm_right success 0.326992 -0.347653 -0.315128 0.321645 0.558408 0.722553 0.250284 -1.275209 -0.463412 0.064700 -1.063550 0.828963 1.506954 -1.129964
1776408835.466575 jaka_arm_right success 0.325724 -0.347963 -0.317104 0.322853 0.559066 0.721881 0.249198 -1.277299 -0.463392 0.063642 -1.063154 0.829662 1.506172 -1.129625
1776408835.474775 jaka_arm_right success 0.324623 -0.348368 -0.319151 0.323793 0.559264 0.721184 0.249551 -1.283092 -0.465832 0.063198 -1.061027 0.831986 1.508403 -1.134116
1776408835.483074 jaka_arm_right success 0.323247 -0.348550 -0.321064 0.325658 0.559708 0.720621 0.247750 -1.288176 -0.466511 0.061282 -1.059900 0.832467 1.510964 -1.133803
1776408835.491397 jaka_arm_right success 0.322434 -0.348718 -0.322987 0.326372 0.558872 0.720465 0.249146 -1.295314 -0.472155 0.061768 -1.052024 0.836084 1.517841 -1.137751
1776408835.499764 jaka_arm_right success 0.321368 -0.349141 -0.324835 0.327086 0.560226 0.718728 0.250185 -1.297467 -0.474178 0.061386 -1.048749 0.837081 1.516093 -1.141044
1776408835.508107 jaka_arm_right success 0.320376 -0.349431 -0.326671 0.328383 0.561296 0.716722 0.251835 -1.299954 -0.474154 0.061275 -1.046324 0.839039 1.514664 -1.143718
1776408835.516444 jaka_arm_right success 0.319244 -0.349542 -0.328469 0.331086 0.561388 0.715043 0.252861 -1.306699 -0.477814 0.060912 -1.044905 0.843779 1.513837 -1.148777
1776408835.524805 jaka_arm_right success 0.318217 -0.350095 -0.330263 0.331939 0.563662 0.712115 0.254941 -1.312582 -0.478846 0.060991 -1.042577 0.846855 1.512806 -1.157356
1776408835.533156 jaka_arm_right success 0.317058 -0.350254 -0.332066 0.333344 0.564416 0.710673 0.255459 -1.317602 -0.479201 0.060372 -1.042584 0.849014 1.512752 -1.161635
1776408835.541471 jaka_arm_right success 0.315949 -0.350255 -0.333812 0.336895 0.564312 0.708578 0.256847 -1.326415 -0.478874 0.060698 -1.048183 0.856641 1.510082 -1.169956
1776408835.549744 jaka_arm_right success 0.314881 -0.350639 -0.335561 0.338463 0.565928 0.706036 0.258228 -1.331102 -0.477803 0.060429 -1.053420 0.859891 1.504564 -1.178965
1776408835.558114 jaka_arm_right success 0.314026 -0.351016 -0.337277 0.338788 0.567184 0.704257 0.259898 -1.332960 -0.477928 0.060558 -1.052032 0.861016 1.502915 -1.183401
1776408835.566465 jaka_arm_right success 0.312950 -0.351227 -0.339025 0.340296 0.568493 0.702196 0.260642 -1.337677 -0.478989 0.059915 -1.051780 0.863450 1.501001 -1.188619
1776408835.574713 jaka_arm_right success 0.312028 -0.351200 -0.340737 0.341474 0.569136 0.700748 0.261594 -1.341828 -0.480365 0.059772 -1.051844 0.865999 1.499774 -1.193708
1776408835.583130 jaka_arm_right success 0.311472 -0.351487 -0.342422 0.342334 0.569894 0.698033 0.266040 -1.349888 -0.481910 0.061780 -1.053934 0.872827 1.498627 -1.208188
1776408835.591380 jaka_arm_right success 0.310438 -0.351545 -0.343971 0.343750 0.571750 0.695504 0.266857 -1.354173 -0.478113 0.061231 -1.066240 0.875888 1.489596 -1.219617
1776408835.599739 jaka_arm_right success 0.309464 -0.351671 -0.345555 0.344514 0.574388 0.692249 0.268663 -1.357532 -0.476113 0.060996 -1.069295 0.877879 1.484389 -1.228350
1776408835.608095 jaka_arm_right success 0.308713 -0.351511 -0.346995 0.346222 0.575286 0.689387 0.271887 -1.365056 -0.474640 0.062101 -1.077215 0.884193 1.480168 -1.242643
1776408835.616409 jaka_arm_right success 0.308083 -0.351608 -0.348417 0.347201 0.577520 0.685124 0.276637 -1.371346 -0.469129 0.063946 -1.093253 0.891071 1.469720 -1.263528
1776408835.624705 jaka_arm_right success 0.307130 -0.351253 -0.349783 0.350069 0.578559 0.681628 0.279472 -1.378177 -0.467656 0.065100 -1.106356 0.899544 1.459151 -1.280372
1776408835.633152 jaka_arm_right success 0.306427 -0.351156 -0.351100 0.351300 0.580530 0.677859 0.282984 -1.383936 -0.465240 0.065927 -1.116728 0.905721 1.450466 -1.295978
1776408835.641412 jaka_arm_right success 0.305243 -0.350736 -0.352246 0.354748 0.582070 0.675013 0.282322 -1.384366 -0.459328 0.065295 -1.130472 0.909824 1.437988 -1.300730
1776408835.649752 jaka_arm_right success 0.304617 -0.350450 -0.353373 0.355768 0.582831 0.673185 0.283827 -1.389766 -0.460851 0.065521 -1.131483 0.913513 1.436936 -1.309231
1776408835.658157 jaka_arm_right success 0.304082 -0.350606 -0.354536 0.355811 0.585837 0.669460 0.286385 -1.394589 -0.455729 0.065929 -1.145253 0.917286 1.427709 -1.326965
1776408835.666418 jaka_arm_right success 0.303487 -0.350531 -0.355697 0.356479 0.587557 0.667264 0.287155 -1.395511 -0.454124 0.065448 -1.143522 0.918108 1.425733 -1.327790
1776408835.674754 jaka_arm_right success 0.302607 -0.350334 -0.356688 0.357509 0.590370 0.664866 0.285664 -1.394056 -0.451303 0.063422 -1.148737 0.916604 1.416371 -1.329646
1776408835.683099 jaka_arm_right success 0.302146 -0.350075 -0.357728 0.358201 0.591319 0.663433 0.286165 -1.398368 -0.449301 0.063380 -1.156314 0.919532 1.413356 -1.338303
1776408835.691372 jaka_arm_right success 0.301567 -0.349645 -0.358664 0.359150 0.591883 0.662495 0.285982 -1.399413 -0.449071 0.062818 -1.155863 0.920460 1.412055 -1.338134
1776408835.699746 jaka_arm_right success 0.301096 -0.349489 -0.359598 0.358738 0.594346 0.660035 0.287080 -1.400684 -0.447939 0.062605 -1.163248 0.921260 1.404098 -1.349105
1776408835.708190 jaka_arm_right success 0.300504 -0.349162 -0.360410 0.359736 0.595977 0.657886 0.287378 -1.402484 -0.445858 0.062335 -1.171261 0.923896 1.396683 -1.356577
1776408835.716429 jaka_arm_right success 0.300048 -0.348801 -0.361210 0.360782 0.597321 0.655422 0.288905 -1.406737 -0.442206 0.062735 -1.180116 0.928056 1.391738 -1.367302
1776408835.724727 jaka_arm_right success 0.299335 -0.348303 -0.361843 0.363183 0.599561 0.652376 0.288151 -1.405756 -0.434841 0.062093 -1.195015 0.931545 1.377505 -1.372513
1776408835.733194 jaka_arm_right success 0.298818 -0.347680 -0.362246 0.365742 0.601058 0.649921 0.287339 -1.408837 -0.430748 0.061432 -1.209762 0.936146 1.366678 -1.382376
1776408835.741406 jaka_arm_right success 0.298775 -0.347415 -0.362715 0.366487 0.603127 0.646544 0.289667 -1.412123 -0.426442 0.062385 -1.220728 0.941530 1.358285 -1.395838
1776408835.749766 jaka_arm_right success 0.298359 -0.346928 -0.363179 0.368537 0.605520 0.643199 0.289520 -1.410123 -0.420926 0.061920 -1.231978 0.944192 1.344678 -1.400373
1776408835.758082 jaka_arm_right success 0.298214 -0.346638 -0.363671 0.368282 0.607840 0.640200 0.291621 -1.416261 -0.416444 0.062357 -1.243864 0.948526 1.339826 -1.417518
1776408835.766428 jaka_arm_right success 0.297906 -0.346006 -0.364171 0.369807 0.608394 0.638545 0.292163 -1.415599 -0.416377 0.062989 -1.249054 0.952061 1.332146 -1.421915
1776408835.774782 jaka_arm_right success 0.297451 -0.345565 -0.364720 0.370770 0.609473 0.636166 0.293878 -1.421736 -0.412069 0.063606 -1.262911 0.958369 1.326743 -1.437135
1776408835.783136 jaka_arm_right success 0.297469 -0.345424 -0.365324 0.368796 0.610849 0.634371 0.297365 -1.420860 -0.415467 0.065673 -1.260156 0.959570 1.324435 -1.445728
1776408835.791441 jaka_arm_right success 0.296834 -0.344794 -0.365881 0.369886 0.610772 0.633997 0.296967 -1.423768 -0.415769 0.064989 -1.262406 0.961330 1.323963 -1.448102
1776408835.799783 jaka_arm_right success 0.296582 -0.344587 -0.366575 0.367244 0.611773 0.633403 0.299443 -1.424690 -0.418382 0.066037 -1.260458 0.960967 1.324601 -1.456060
1776408835.808152 jaka_arm_right success 0.296189 -0.344134 -0.367155 0.367916 0.611598 0.632796 0.300259 -1.426235 -0.419203 0.066271 -1.260339 0.962556 1.324582 -1.458609
1776408835.816447 jaka_arm_right success 0.295970 -0.343842 -0.367784 0.366570 0.611617 0.632582 0.302310 -1.428299 -0.422795 0.067536 -1.258916 0.964050 1.326140 -1.465964
1776408835.824718 jaka_arm_right success 0.295519 -0.343386 -0.368341 0.366593 0.611360 0.633153 0.301605 -1.428544 -0.423372 0.067239 -1.259465 0.963845 1.326278 -1.465517
1776408835.833160 jaka_arm_right success 0.295361 -0.343332 -0.368966 0.364583 0.612432 0.632602 0.303021 -1.428379 -0.423322 0.067377 -1.258025 0.961914 1.326952 -1.468720
1776408835.841459 jaka_arm_right success 0.295179 -0.342911 -0.369514 0.364497 0.612050 0.632839 0.303400 -1.429865 -0.426587 0.067767 -1.257174 0.962546 1.328502 -1.471790
1776408835.849735 jaka_arm_right success 0.294909 -0.342599 -0.369992 0.364417 0.612141 0.632741 0.303516 -1.431354 -0.427845 0.067307 -1.256255 0.962643 1.328794 -1.473399
1776408835.858031 jaka_arm_right success 0.294591 -0.342285 -0.370460 0.363800 0.613039 0.632631 0.302672 -1.431734 -0.427735 0.066549 -1.256055 0.961543 1.328397 -1.473659
1776408835.866487 jaka_arm_right success 0.294217 -0.341944 -0.370915 0.364345 0.613626 0.631814 0.302535 -1.432057 -0.427566 0.066223 -1.255808 0.961426 1.328033 -1.473754
1776408835.874753 jaka_arm_right success 0.294237 -0.341963 -0.371353 0.363377 0.614169 0.630525 0.305273 -1.434303 -0.432156 0.067423 -1.252498 0.963669 1.327529 -1.482579
1776408835.883048 jaka_arm_right success 0.294044 -0.341640 -0.371825 0.363582 0.614451 0.629739 0.306085 -1.435463 -0.432973 0.067840 -1.252338 0.964781 1.327785 -1.485335
1776408835.891453 jaka_arm_right success 0.293626 -0.341341 -0.372157 0.364880 0.614136 0.629164 0.306353 -1.438753 -0.434641 0.067923 -1.253697 0.968123 1.327410 -1.488956
1776408835.899752 jaka_arm_right success 0.293469 -0.341330 -0.372542 0.364652 0.614902 0.628134 0.307199 -1.439456 -0.434342 0.068229 -1.254164 0.968952 1.326448 -1.492072
1776408835.908076 jaka_arm_right success 0.293250 -0.341197 -0.372949 0.365379 0.614807 0.627493 0.307835 -1.441234 -0.435385 0.068602 -1.255299 0.971267 1.325451 -1.495709
1776408835.916437 jaka_arm_right success 0.293062 -0.341012 -0.373450 0.366082 0.614003 0.627374 0.308847 -1.443994 -0.437491 0.069557 -1.256872 0.974976 1.325916 -1.500105
1776408835.924735 jaka_arm_right success 0.292671 -0.340860 -0.373867 0.366854 0.613704 0.627617 0.308031 -1.444439 -0.437902 0.069146 -1.257287 0.974994 1.325789 -1.499584
1776408835.933106 jaka_arm_right success 0.292315 -0.340968 -0.374259 0.368045 0.612959 0.627587 0.308153 -1.445414 -0.438298 0.069311 -1.257793 0.977128 1.325810 -1.498740
1776408835.941460 jaka_arm_right success 0.292081 -0.340991 -0.374660 0.368441 0.612369 0.628061 0.307888 -1.445513 -0.438718 0.069298 -1.258203 0.977272 1.326018 -1.498397
1776408835.949744 jaka_arm_right success 0.292045 -0.341206 -0.375124 0.368090 0.612112 0.627827 0.309295 -1.447186 -0.440032 0.070280 -1.257228 0.978874 1.328124 -1.501720
1776408835.958048 jaka_arm_right success 0.291777 -0.341323 -0.375485 0.370168 0.611274 0.627413 0.309311 -1.449089 -0.440931 0.070371 -1.257567 0.982209 1.328034 -1.500869
1776408835.966452 jaka_arm_right success 0.291528 -0.341396 -0.375767 0.371874 0.610887 0.627099 0.308664 -1.450862 -0.441461 0.069959 -1.257950 0.984191 1.327721 -1.500327
1776408835.974767 jaka_arm_right success 0.291401 -0.341560 -0.376033 0.374728 0.610291 0.625719 0.309192 -1.457014 -0.441700 0.070748 -1.263653 0.991680 1.326538 -1.508054
1776408835.983110 jaka_arm_right success 0.291353 -0.341585 -0.376257 0.377121 0.609038 0.625536 0.309124 -1.458169 -0.442249 0.071051 -1.264409 0.995159 1.326009 -1.506389
1776408835.991454 jaka_arm_right success 0.291111 -0.341635 -0.376498 0.380132 0.608323 0.624917 0.308093 -1.458487 -0.437062 0.071354 -1.276519 1.000184 1.319175 -1.507928
1776408835.999797 jaka_arm_right success 0.291150 -0.341940 -0.376804 0.382651 0.607653 0.623506 0.309156 -1.462165 -0.439948 0.072393 -1.277202 1.006576 1.317894 -1.512874
1776408836.008053 jaka_arm_right success 0.291039 -0.342086 -0.377075 0.385666 0.606706 0.622628 0.309037 -1.465961 -0.436920 0.072897 -1.287197 1.012865 1.314947 -1.517656
1776408836.016432 jaka_arm_right success 0.290955 -0.342451 -0.377394 0.388415 0.605927 0.621485 0.309423 -1.467375 -0.437303 0.073588 -1.288073 1.017930 1.312975 -1.517785
1776408836.024788 jaka_arm_right success 0.290763 -0.342580 -0.377773 0.390948 0.604470 0.622015 0.308015 -1.468918 -0.438530 0.073414 -1.289398 1.021190 1.312620 -1.515329
1776408836.033172 jaka_arm_right success 0.290752 -0.342913 -0.378267 0.393273 0.602866 0.622028 0.308171 -1.469970 -0.439243 0.073940 -1.290162 1.024689 1.312591 -1.513833
1776408836.041663 jaka_arm_right success 0.290653 -0.343371 -0.378818 0.394773 0.601809 0.622431 0.307506 -1.470906 -0.439969 0.074063 -1.290872 1.026996 1.312608 -1.512417
1776408836.049718 jaka_arm_right success 0.290821 -0.343847 -0.379390 0.395618 0.599383 0.624160 0.307653 -1.471938 -0.441943 0.074523 -1.291414 1.027843 1.315636 -1.511477
1776408836.058101 jaka_arm_right success 0.290814 -0.344233 -0.379946 0.397302 0.597256 0.625624 0.306645 -1.475909 -0.444623 0.074262 -1.286030 1.029452 1.323864 -1.505879
1776408836.066437 jaka_arm_right success 0.290726 -0.344639 -0.380482 0.398926 0.595826 0.626715 0.305087 -1.472929 -0.447366 0.073876 -1.279764 1.028837 1.324192 -1.495742
1776408836.074716 jaka_arm_right success 0.290788 -0.345226 -0.381121 0.399640 0.594443 0.627732 0.304760 -1.476975 -0.452656 0.073410 -1.270246 1.029037 1.332703 -1.492075
1776408836.083145 jaka_arm_right success 0.290798 -0.345646 -0.381695 0.401281 0.593050 0.628253 0.304241 -1.475973 -0.453642 0.073692 -1.269721 1.030492 1.332229 -1.488115
1776408836.091424 jaka_arm_right success 0.290670 -0.346115 -0.382130 0.402962 0.592395 0.628645 0.302483 -1.474173 -0.453521 0.072488 -1.265018 1.029510 1.332546 -1.478061
1776408836.099775 jaka_arm_right success 0.290563 -0.346331 -0.382563 0.404559 0.591598 0.629139 0.300880 -1.475206 -0.454744 0.072012 -1.265981 1.030786 1.332439 -1.476213
1776408836.108112 jaka_arm_right success 0.290561 -0.346660 -0.382973 0.406693 0.590653 0.628776 0.300617 -1.476443 -0.455165 0.072080 -1.266009 1.033740 1.331956 -1.474557
1776408836.116434 jaka_arm_right success 0.290452 -0.346857 -0.383346 0.409867 0.589311 0.627967 0.300632 -1.478252 -0.455751 0.072552 -1.266076 1.038755 1.331191 -1.472569
1776408836.124734 jaka_arm_right success 0.290534 -0.347170 -0.383758 0.411110 0.588902 0.627138 0.301465 -1.478978 -0.455663 0.073406 -1.265503 1.042160 1.330793 -1.472191
1776408836.133073 jaka_arm_right success 0.290535 -0.347423 -0.384133 0.412760 0.588080 0.626642 0.301845 -1.479910 -0.456374 0.073648 -1.265399 1.044331 1.330417 -1.472118
1776408836.141450 jaka_arm_right success 0.290397 -0.347516 -0.384458 0.414424 0.586711 0.627152 0.301171 -1.480974 -0.457933 0.073958 -1.266313 1.046997 1.330603 -1.470815
1776408836.149792 jaka_arm_right success 0.290279 -0.347771 -0.384840 0.415811 0.585845 0.627221 0.300800 -1.481966 -0.458639 0.074213 -1.266584 1.049453 1.330493 -1.469879
1776408836.158124 jaka_arm_right success 0.290169 -0.348015 -0.385184 0.416533 0.585166 0.627081 0.301414 -1.482568 -0.459286 0.074591 -1.266409 1.050731 1.330871 -1.470244
1776408836.166424 jaka_arm_right success 0.289991 -0.348196 -0.385563 0.417545 0.584319 0.627952 0.299838 -1.483485 -0.460697 0.074039 -1.267548 1.051223 1.331111 -1.468810
1776408836.174792 jaka_arm_right success 0.289935 -0.348418 -0.385963 0.416834 0.583602 0.629567 0.298839 -1.485592 -0.463874 0.072742 -1.257674 1.047407 1.340261 -1.462022
1776408836.183090 jaka_arm_right success 0.289868 -0.348568 -0.386318 0.417135 0.582413 0.630646 0.298462 -1.483701 -0.469173 0.072869 -1.249745 1.046412 1.342314 -1.456260
1776408836.191416 jaka_arm_right success 0.289695 -0.348743 -0.386606 0.417196 0.582103 0.631190 0.297830 -1.483796 -0.469549 0.072726 -1.250130 1.046290 1.342457 -1.455884
1776408836.199777 jaka_arm_right success 0.289742 -0.349036 -0.386885 0.416227 0.581831 0.631866 0.298284 -1.485615 -0.469741 0.072082 -1.243393 1.043511 1.349981 -1.451761
1776408836.208098 jaka_arm_right success 0.289591 -0.349222 -0.387115 0.416584 0.581101 0.632166 0.298574 -1.485504 -0.471500 0.072636 -1.242519 1.044682 1.350180 -1.451458
1776408836.216404 jaka_arm_right success 0.289409 -0.349417 -0.387266 0.416654 0.581303 0.632043 0.298341 -1.485615 -0.471483 0.072520 -1.242451 1.044648 1.350081 -1.451431
1776408836.224784 jaka_arm_right success 0.289168 -0.349506 -0.387420 0.417260 0.581099 0.632003 0.297975 -1.486112 -0.471762 0.072346 -1.242479 1.045280 1.349954 -1.450793
1776408836.233104 jaka_arm_right success 0.288976 -0.349524 -0.387548 0.418232 0.580284 0.631959 0.298294 -1.486398 -0.472322 0.072602 -1.242869 1.046421 1.350142 -1.450074
1776408836.241593 jaka_arm_right success 0.288699 -0.349444 -0.387611 0.419335 0.579586 0.632301 0.297379 -1.486989 -0.472895 0.072288 -1.243339 1.046944 1.350009 -1.449283
1776408836.249772 jaka_arm_right success 0.288576 -0.349531 -0.387709 0.419309 0.579428 0.632397 0.297516 -1.486989 -0.472895 0.072288 -1.243339 1.046944 1.350009 -1.449283
1776408836.258064 jaka_arm_right success 0.288515 -0.349639 -0.387780 0.419171 0.578962 0.632769 0.297828 -1.489549 -0.474222 0.072584 -1.240782 1.047722 1.354598 -1.449101
1776408836.266442 jaka_arm_right success 0.288559 -0.349825 -0.387888 0.418849 0.578600 0.632471 0.299611 -1.490829 -0.477237 0.073703 -1.237368 1.049631 1.356302 -1.451804
1776408836.274776 jaka_arm_right success 0.288563 -0.350142 -0.388009 0.417839 0.579077 0.632713 0.299590 -1.490295 -0.476621 0.073492 -1.236339 1.047941 1.357239 -1.451407
1776408836.283081 jaka_arm_right success 0.288233 -0.350218 -0.388027 0.419084 0.578839 0.632682 0.298374 -1.490862 -0.475885 0.072653 -1.236263 1.047971 1.357595 -1.447945
1776408836.291410 jaka_arm_right success 0.288068 -0.350178 -0.387975 0.419674 0.577838 0.633744 0.297229 -1.490753 -0.475389 0.072160 -1.235553 1.047288 1.359602 -1.443149
1776408836.299720 jaka_arm_right success 0.287974 -0.350283 -0.387995 0.419815 0.577469 0.633935 0.297340 -1.490753 -0.475389 0.072160 -1.235553 1.047288 1.359602 -1.443149
1776408836.308096 jaka_arm_right success 0.288174 -0.350524 -0.388038 0.418617 0.577156 0.634147 0.299179 -1.491306 -0.478761 0.073573 -1.231907 1.047995 1.362370 -1.446241
1776408836.316415 jaka_arm_right success 0.288196 -0.350592 -0.388058 0.418666 0.576429 0.634410 0.299955 -1.492501 -0.480747 0.074038 -1.229358 1.048448 1.365190 -1.446607
1776408836.324754 jaka_arm_right success 0.288140 -0.350655 -0.388031 0.418740 0.576275 0.634305 0.300367 -1.492501 -0.480747 0.074038 -1.229358 1.048448 1.365190 -1.446607
1776408836.333121 jaka_arm_right success 0.287928 -0.350922 -0.387930 0.419238 0.577310 0.632974 0.300494 -1.493343 -0.479797 0.074190 -1.228248 1.050411 1.364287 -1.446689
1776408836.341432 jaka_arm_right success 0.287932 -0.350939 -0.387944 0.418914 0.576877 0.633521 0.300626 -1.493058 -0.480027 0.074377 -1.228482 1.050234 1.364641 -1.446654
1776408836.349755 jaka_arm_right success 0.287927 -0.351000 -0.387933 0.418876 0.576566 0.633623 0.301060 -1.492822 -0.480088 0.074616 -1.228529 1.050248 1.364907 -1.446726
1776408836.358047 jaka_arm_right success 0.287821 -0.351089 -0.387916 0.418907 0.576563 0.633505 0.301270 -1.492822 -0.480088 0.074616 -1.228529 1.050248 1.364907 -1.446726
1776408836.366431 jaka_arm_right success 0.287873 -0.351332 -0.387879 0.418048 0.577180 0.632858 0.302638 -1.493890 -0.480643 0.075236 -1.226208 1.050468 1.366359 -1.450269
1776408836.374681 jaka_arm_right success 0.287795 -0.351473 -0.387851 0.417294 0.577460 0.633122 0.302593 -1.493536 -0.480805 0.075349 -1.226386 1.049938 1.366773 -1.450377
1776408836.383113 jaka_arm_right success 0.287790 -0.351405 -0.387888 0.417181 0.576348 0.634176 0.302661 -1.495638 -0.482550 0.075298 -1.224556 1.049420 1.371419 -1.449882
1776408836.391386 jaka_arm_right success 0.287834 -0.351406 -0.387861 0.417030 0.575367 0.635028 0.302950 -1.496034 -0.485794 0.075759 -1.220261 1.049153 1.374920 -1.448485
1776408836.399720 jaka_arm_right success 0.287898 -0.351477 -0.387842 0.416980 0.574836 0.635396 0.303254 -1.495861 -0.485920 0.075969 -1.220370 1.049280 1.375143 -1.448404
1776408836.408077 jaka_arm_right success 0.287820 -0.351484 -0.387784 0.417353 0.574485 0.635958 0.302227 -1.495424 -0.485001 0.075461 -1.219202 1.048535 1.376582 -1.443624
1776408836.416431 jaka_arm_right success 0.287887 -0.351575 -0.387802 0.417023 0.574476 0.636169 0.302254 -1.495424 -0.485001 0.075461 -1.219202 1.048535 1.376582 -1.443624
1776408836.424751 jaka_arm_right success 0.287710 -0.351592 -0.387749 0.418060 0.574817 0.635628 0.301311 -1.495968 -0.485046 0.074927 -1.219186 1.048492 1.376117 -1.443347
1776408836.433095 jaka_arm_right success 0.287849 -0.351736 -0.387772 0.417465 0.575162 0.635453 0.301846 -1.495858 -0.484699 0.074971 -1.218832 1.048373 1.376020 -1.443662
1776408836.441397 jaka_arm_right success 0.287767 -0.351669 -0.387762 0.418278 0.575050 0.635351 0.301148 -1.496249 -0.484888 0.074609 -1.218981 1.048427 1.375742 -1.443291
1776408836.449806 jaka_arm_right success 0.287959 -0.351676 -0.387870 0.417890 0.574504 0.635716 0.301958 -1.495844 -0.484966 0.075051 -1.219047 1.048616 1.376106 -1.443342
1776408836.458055 jaka_arm_right success 0.287781 -0.351675 -0.387857 0.418735 0.575113 0.634828 0.301495 -1.496430 -0.484763 0.074623 -1.218776 1.048889 1.375496 -1.443205
1776408836.466484 jaka_arm_right success 0.287973 -0.351756 -0.387984 0.418044 0.575193 0.634783 0.302395 -1.496095 -0.484387 0.075019 -1.218382 1.049087 1.375578 -1.443624
1776408836.474784 jaka_arm_right success 0.288074 -0.351765 -0.388117 0.417919 0.575458 0.634496 0.302668 -1.496002 -0.484072 0.075159 -1.218009 1.049221 1.375458 -1.443933
1776408836.483182 jaka_arm_right success 0.288008 -0.351708 -0.388161 0.419436 0.575531 0.633834 0.301814 -1.497124 -0.484332 0.074883 -1.217974 1.051314 1.374236 -1.442917
1776408836.491440 jaka_arm_right success 0.288101 -0.351830 -0.388276 0.419268 0.576130 0.633268 0.302091 -1.496072 -0.484265 0.074686 -1.217472 1.050705 1.372262 -1.443587
1776408836.499779 jaka_arm_right success 0.288103 -0.351841 -0.388318 0.419608 0.576607 0.632832 0.301624 -1.496381 -0.484209 0.074381 -1.217407 1.050718 1.371905 -1.443481
1776408836.508066 jaka_arm_right success 0.288301 -0.351857 -0.388494 0.419052 0.576328 0.633304 0.301941 -1.496050 -0.484268 0.074623 -1.217486 1.050646 1.372130 -1.443556
1776408836.516426 jaka_arm_right success 0.288416 -0.351982 -0.388651 0.418828 0.576906 0.632916 0.301961 -1.495683 -0.483953 0.074416 -1.217150 1.049872 1.371687 -1.443966
1776408836.524770 jaka_arm_right success 0.288402 -0.352137 -0.388747 0.419266 0.577657 0.631818 0.302215 -1.495375 -0.483495 0.074282 -1.216682 1.050650 1.369542 -1.444082
1776408836.533087 jaka_arm_right success 0.288257 -0.351789 -0.388884 0.420690 0.576905 0.632578 0.300075 -1.496125 -0.484777 0.073450 -1.218189 1.050993 1.369060 -1.442094
1776408836.541419 jaka_arm_right success 0.288630 -0.351961 -0.389115 0.419415 0.577255 0.632267 0.301836 -1.494884 -0.483766 0.074307 -1.217199 1.050645 1.369152 -1.443456
1776408836.549747 jaka_arm_right success 0.288761 -0.351857 -0.389303 0.419932 0.576746 0.631953 0.302750 -1.494506 -0.483717 0.075198 -1.216996 1.051936 1.369332 -1.443599
1776408836.558055 jaka_arm_right success 0.288726 -0.351634 -0.389420 0.421304 0.576397 0.631487 0.302479 -1.495405 -0.484948 0.075113 -1.217267 1.054301 1.367564 -1.443317
1776408836.566412 jaka_arm_right success 0.288631 -0.351492 -0.389653 0.421804 0.577343 0.630948 0.301099 -1.495104 -0.485005 0.074009 -1.217980 1.053825 1.364465 -1.443091
1776408836.574774 jaka_arm_right success 0.288816 -0.351448 -0.389882 0.421117 0.577948 0.630474 0.301894 -1.494248 -0.484541 0.074390 -1.217519 1.053373 1.364028 -1.444342
1776408836.583176 jaka_arm_right success 0.288990 -0.351372 -0.390096 0.420754 0.578121 0.630474 0.302069 -1.493885 -0.484634 0.074395 -1.217490 1.052937 1.363745 -1.444838
1776408836.591426 jaka_arm_right success 0.289103 -0.351261 -0.390319 0.420705 0.578120 0.630366 0.302361 -1.493199 -0.485882 0.075065 -1.217700 1.053982 1.362693 -1.445757
1776408836.599737 jaka_arm_right success 0.289037 -0.351109 -0.390496 0.421127 0.579117 0.629617 0.301425 -1.493155 -0.485516 0.073910 -1.218103 1.053224 1.360037 -1.445912
1776408836.608111 jaka_arm_right success 0.289135 -0.350886 -0.390784 0.422386 0.578988 0.628718 0.301789 -1.491949 -0.485898 0.074824 -1.223080 1.056593 1.353836 -1.449733
1776408836.616464 jaka_arm_right success 0.289159 -0.350687 -0.391017 0.422983 0.579353 0.628252 0.301222 -1.492572 -0.484510 0.074131 -1.224360 1.056682 1.352663 -1.449596
1776408836.624780 jaka_arm_right success 0.289385 -0.350682 -0.391331 0.422380 0.579961 0.627593 0.302270 -1.492191 -0.484748 0.074744 -1.224468 1.057214 1.351271 -1.452862
1776408836.633100 jaka_arm_right success 0.289344 -0.350475 -0.391653 0.423147 0.580524 0.626826 0.301708 -1.492784 -0.484719 0.074232 -1.224423 1.057314 1.350721 -1.452651
1776408836.641456 jaka_arm_right success 0.289366 -0.350259 -0.391970 0.424123 0.581446 0.625579 0.301151 -1.490520 -0.479905 0.074594 -1.236681 1.060640 1.340119 -1.457610
1776408836.649879 jaka_arm_right success 0.289557 -0.350278 -0.392279 0.423972 0.582471 0.624367 0.301897 -1.491461 -0.480106 0.074387 -1.236484 1.060801 1.339017 -1.460953
1776408836.658079 jaka_arm_right success 0.289743 -0.349940 -0.392723 0.423921 0.582524 0.624684 0.301208 -1.491461 -0.480106 0.074387 -1.236484 1.060801 1.339017 -1.460953
1776408836.666476 jaka_arm_right success 0.289719 -0.349831 -0.393090 0.425328 0.583593 0.622825 0.301006 -1.490130 -0.480027 0.073979 -1.239465 1.062691 1.331880 -1.462637
1776408836.674732 jaka_arm_right success 0.290053 -0.349843 -0.393592 0.424505 0.584755 0.621607 0.302425 -1.490517 -0.480240 0.074537 -1.239561 1.063374 1.330470 -1.467652
1776408836.683120 jaka_arm_right success 0.290152 -0.349705 -0.394010 0.424966 0.586155 0.620532 0.301275 -1.488554 -0.476675 0.073433 -1.243026 1.062606 1.325123 -1.466585
1776408836.691436 jaka_arm_right success 0.290427 -0.349315 -0.394438 0.425038 0.586035 0.620737 0.300984 -1.488592 -0.476942 0.073391 -1.243266 1.062617 1.325164 -1.466416
1776408836.699752 jaka_arm_right success 0.290559 -0.349383 -0.394879 0.425406 0.588071 0.618319 0.301470 -1.487472 -0.476089 0.073576 -1.249508 1.065270 1.315859 -1.473759
1776408836.708198 jaka_arm_right success 0.290536 -0.348982 -0.395273 0.427424 0.588250 0.617217 0.300522 -1.487296 -0.472040 0.073695 -1.257577 1.068537 1.310026 -1.475791
1776408836.716447 jaka_arm_right success 0.290662 -0.348632 -0.395704 0.428968 0.588496 0.616083 0.300167 -1.488580 -0.473112 0.073457 -1.258639 1.070973 1.307389 -1.477472
1776408836.724766 jaka_arm_right success 0.290810 -0.348446 -0.396198 0.429450 0.589335 0.615026 0.300000 -1.487185 -0.473261 0.073405 -1.262359 1.072072 1.301443 -1.480781
1776408836.733113 jaka_arm_right success 0.291093 -0.348418 -0.396708 0.430010 0.590139 0.613318 0.301111 -1.489086 -0.472197 0.074323 -1.267356 1.075990 1.297920 -1.488424
1776408836.741429 jaka_arm_right success 0.291576 -0.348421 -0.397236 0.429186 0.590919 0.612480 0.302461 -1.488748 -0.471350 0.074658 -1.266536 1.075978 1.297813 -1.489281
1776408836.749770 jaka_arm_right success 0.291467 -0.347973 -0.397599 0.431100 0.591248 0.612271 0.299505 -1.488155 -0.470874 0.073098 -1.268743 1.075981 1.293541 -1.486596
1776408836.758143 jaka_arm_right success 0.291701 -0.347901 -0.398077 0.431481 0.591738 0.611300 0.299972 -1.487814 -0.470601 0.073214 -1.268540 1.076888 1.291573 -1.487455
1776408836.766483 jaka_arm_right success 0.291930 -0.347681 -0.398577 0.432230 0.591652 0.610649 0.300388 -1.486505 -0.473032 0.074232 -1.270675 1.079568 1.287040 -1.490817
1776408836.774778 jaka_arm_right success 0.292041 -0.347495 -0.399027 0.432740 0.592362 0.610011 0.299548 -1.486257 -0.471131 0.073343 -1.272499 1.079638 1.284036 -1.490258
1776408836.783068 jaka_arm_right success 0.292144 -0.347427 -0.399344 0.433502 0.592836 0.609266 0.299025 -1.486719 -0.471001 0.072981 -1.272362 1.079837 1.283547 -1.490148
1776408836.791413 jaka_arm_right success 0.292125 -0.347200 -0.399656 0.434340 0.593480 0.608830 0.297415 -1.484179 -0.468930 0.072161 -1.275850 1.080056 1.277548 -1.487709
1776408836.799714 jaka_arm_right success 0.292267 -0.346998 -0.399956 0.435368 0.593404 0.608378 0.296991 -1.484470 -0.468978 0.072035 -1.276763 1.081261 1.276011 -1.487822
1776408836.808113 jaka_arm_right success 0.292789 -0.347148 -0.400340 0.434247 0.593902 0.607424 0.299577 -1.483949 -0.471843 0.073933 -1.276217 1.083319 1.274113 -1.495292
1776408836.816454 jaka_arm_right success 0.292923 -0.347133 -0.400607 0.434463 0.594540 0.606677 0.299512 -1.483821 -0.469848 0.073703 -1.278627 1.083955 1.271602 -1.496417
1776408836.824738 jaka_arm_right success 0.293001 -0.347148 -0.400869 0.434277 0.595368 0.605984 0.299538 -1.484003 -0.469441 0.073517 -1.278236 1.083909 1.271237 -1.496713
1776408836.833084 jaka_arm_right success 0.292887 -0.346877 -0.401059 0.436163 0.595337 0.605282 0.298280 -1.482233 -0.465846 0.073661 -1.288424 1.087378 1.262156 -1.499582
1776408836.841405 jaka_arm_right success 0.293035 -0.346838 -0.401345 0.435728 0.595974 0.604977 0.298259 -1.482242 -0.465584 0.073538 -1.288178 1.087061 1.262020 -1.499919
1776408836.849742 jaka_arm_right success 0.293007 -0.346446 -0.401558 0.437235 0.595002 0.605328 0.297280 -1.482756 -0.466439 0.073182 -1.288967 1.087415 1.261964 -1.498995
1776408836.858127 jaka_arm_right success 0.293182 -0.346507 -0.401734 0.438054 0.595275 0.603680 0.298877 -1.484788 -0.468355 0.074754 -1.291800 1.092936 1.258972 -1.506575
1776408836.866499 jaka_arm_right success 0.293482 -0.346540 -0.401998 0.437169 0.595339 0.603997 0.299403 -1.484362 -0.468177 0.075040 -1.291697 1.092657 1.259237 -1.506925
1776408836.874813 jaka_arm_right success 0.293489 -0.346399 -0.402228 0.438077 0.595219 0.603739 0.298834 -1.484748 -0.468359 0.074701 -1.291863 1.092750 1.258970 -1.506612
1776408836.883173 jaka_arm_right success 0.293401 -0.346131 -0.402342 0.439769 0.595485 0.603105 0.297094 -1.483914 -0.466491 0.073739 -1.294805 1.093633 1.255035 -1.503536
1776408836.891486 jaka_arm_right success 0.293586 -0.346007 -0.402538 0.440119 0.595435 0.603065 0.296758 -1.484154 -0.466537 0.073537 -1.294850 1.093739 1.254806 -1.503386
1776408836.899793 jaka_arm_right success 0.293542 -0.346039 -0.402732 0.441250 0.596384 0.601300 0.296754 -1.481199 -0.463923 0.074393 -1.301952 1.097412 1.245087 -1.507245
1776408836.908078 jaka_arm_right success 0.293783 -0.345946 -0.403017 0.441068 0.596400 0.601133 0.297330 -1.481199 -0.463923 0.074393 -1.301952 1.097412 1.245087 -1.507245
1776408836.916382 jaka_arm_right success 0.294151 -0.345960 -0.403280 0.440786 0.596666 0.600558 0.298377 -1.482223 -0.465002 0.075098 -1.300950 1.098750 1.245087 -1.511409
1776408836.924778 jaka_arm_right success 0.294156 -0.345910 -0.403483 0.441446 0.598086 0.598967 0.297755 -1.481794 -0.463680 0.074458 -1.303802 1.099732 1.240215 -1.513012
1776408836.933081 jaka_arm_right success 0.294487 -0.345924 -0.403831 0.441053 0.598671 0.597890 0.299320 -1.481998 -0.465036 0.075797 -1.304168 1.101768 1.238884 -1.518832
1776408836.941418 jaka_arm_right success 0.294536 -0.345692 -0.404079 0.442259 0.598683 0.597031 0.299232 -1.482391 -0.463057 0.076487 -1.311888 1.106061 1.233161 -1.524048
1776408836.949723 jaka_arm_right success 0.294792 -0.345581 -0.404408 0.442572 0.598807 0.596208 0.300158 -1.482975 -0.463116 0.076982 -1.311861 1.107589 1.232844 -1.525653
1776408836.958098 jaka_arm_right success 0.294803 -0.345391 -0.404706 0.443846 0.599466 0.594802 0.299753 -1.482726 -0.463160 0.077489 -1.317706 1.111623 1.225904 -1.531048
1776408836.966467 jaka_arm_right success 0.294690 -0.345201 -0.404951 0.445415 0.600410 0.593436 0.298241 -1.482095 -0.456594 0.077085 -1.328548 1.114079 1.218971 -1.533162
1776408836.974722 jaka_arm_right success 0.294991 -0.345189 -0.405355 0.445264 0.600463 0.592809 0.299602 -1.482778 -0.457711 0.077766 -1.327367 1.115489 1.218965 -1.536093
1776408836.983058 jaka_arm_right success 0.295089 -0.345144 -0.405784 0.445978 0.601382 0.591255 0.299767 -1.483497 -0.459371 0.077918 -1.327790 1.118135 1.215457 -1.539975
1776408836.991437 jaka_arm_right success 0.295241 -0.345092 -0.406186 0.446622 0.602012 0.590017 0.299982 -1.483352 -0.458522 0.078187 -1.330031 1.120211 1.212000 -1.542526
1776408836.999730 jaka_arm_right success 0.295418 -0.345095 -0.406566 0.447225 0.602615 0.589022 0.299831 -1.483398 -0.457782 0.077936 -1.331252 1.121224 1.209499 -1.543557
1776408837.008131 jaka_arm_right success 0.295699 -0.345096 -0.407083 0.447692 0.603550 0.587578 0.300085 -1.481631 -0.457943 0.078769 -1.334399 1.124162 1.202925 -1.547874
1776408837.016418 jaka_arm_right success 0.295991 -0.344942 -0.407587 0.449408 0.603109 0.586507 0.300503 -1.484093 -0.458355 0.080077 -1.341447 1.130345 1.199369 -1.555810
1776408837.024839 jaka_arm_right success 0.296106 -0.344673 -0.407942 0.451150 0.602739 0.586612 0.298422 -1.484040 -0.456855 0.079127 -1.343932 1.130884 1.197643 -1.552056
1776408837.033149 jaka_arm_right success 0.296182 -0.344880 -0.408464 0.451485 0.604939 0.584449 0.297708 -1.481100 -0.452610 0.078242 -1.345451 1.130594 1.190582 -1.550790
1776408837.041431 jaka_arm_right success 0.296478 -0.344852 -0.408980 0.452466 0.605244 0.583347 0.297759 -1.480818 -0.453096 0.078246 -1.346489 1.132516 1.187167 -1.551945
1776408837.049751 jaka_arm_right success 0.296748 -0.344633 -0.409433 0.454618 0.604529 0.582475 0.297641 -1.480386 -0.453676 0.079846 -1.352688 1.138853 1.180845 -1.556829
1776408837.058120 jaka_arm_right success 0.297247 -0.344868 -0.410024 0.454035 0.605941 0.580997 0.298548 -1.480631 -0.452258 0.079569 -1.351379 1.138825 1.179686 -1.558295
1776408837.066463 jaka_arm_right success 0.297196 -0.344716 -0.410389 0.456804 0.606677 0.579295 0.296127 -1.477543 -0.447732 0.079308 -1.361410 1.142904 1.167842 -1.558990
1776408837.074727 jaka_arm_right success 0.297522 -0.344579 -0.410925 0.458312 0.606944 0.577711 0.296342 -1.478978 -0.448394 0.080296 -1.366003 1.148377 1.163568 -1.565314
1776408837.083167 jaka_arm_right success 0.297788 -0.344420 -0.411374 0.460696 0.607124 0.576188 0.295242 -1.476869 -0.445566 0.080655 -1.372629 1.152720 1.155166 -1.565849
1776408837.091419 jaka_arm_right success 0.298260 -0.344467 -0.411941 0.460977 0.608038 0.575074 0.295092 -1.477336 -0.445091 0.080241 -1.372126 1.152794 1.154560 -1.566106
1776408837.099743 jaka_arm_right success 0.298639 -0.344600 -0.412538 0.461845 0.609381 0.572433 0.296098 -1.476277 -0.443957 0.082122 -1.381802 1.160716 1.142616 -1.578359
1776408837.108088 jaka_arm_right success 0.299020 -0.344527 -0.413074 0.463636 0.609627 0.570632 0.296270 -1.476480 -0.444174 0.083261 -1.385342 1.166075 1.137611 -1.583250
1776408837.116347 jaka_arm_right success 0.299392 -0.344572 -0.413638 0.464879 0.610381 0.569086 0.295741 -1.475292 -0.441289 0.083153 -1.388810 1.168265 1.132351 -1.583354
1776408837.124756 jaka_arm_right success 0.299729 -0.344422 -0.414137 0.466821 0.610804 0.567644 0.294579 -1.473445 -0.440411 0.083498 -1.392768 1.172010 1.124977 -1.584646
1776408837.133043 jaka_arm_right success 0.299943 -0.344218 -0.414602 0.469007 0.610851 0.566609 0.292998 -1.472042 -0.436890 0.083452 -1.400540 1.176050 1.117410 -1.584549
1776408837.141456 jaka_arm_right success 0.300419 -0.344377 -0.415148 0.469211 0.612009 0.565284 0.292813 -1.472527 -0.436225 0.082982 -1.399835 1.176030 1.116707 -1.585001
1776408837.149735 jaka_arm_right success 0.300618 -0.344362 -0.415672 0.470627 0.612829 0.564092 0.291120 -1.469881 -0.435565 0.082369 -1.401858 1.177729 1.108285 -1.584723
1776408837.158129 jaka_arm_right success 0.301058 -0.344399 -0.416172 0.472283 0.612843 0.562815 0.290881 -1.468372 -0.435518 0.083454 -1.405333 1.182374 1.102197 -1.587090
1776408837.166376 jaka_arm_right success 0.301471 -0.344664 -0.416674 0.472795 0.614078 0.560889 0.291163 -1.467703 -0.434122 0.083671 -1.407706 1.184574 1.097474 -1.590379
1776408837.174730 jaka_arm_right success 0.301606 -0.344540 -0.417064 0.474560 0.614136 0.560653 0.288612 -1.466361 -0.431006 0.082645 -1.412093 1.185323 1.092744 -1.586626
1776408837.183057 jaka_arm_right success 0.302080 -0.344549 -0.417530 0.475995 0.613602 0.559910 0.288830 -1.466599 -0.431665 0.083339 -1.412206 1.188636 1.091295 -1.586877
1776408837.191398 jaka_arm_right success 0.302305 -0.344677 -0.417917 0.477289 0.614062 0.558836 0.287795 -1.463932 -0.431245 0.083616 -1.415169 1.191330 1.083869 -1.587478
1776408837.199805 jaka_arm_right success 0.302522 -0.344768 -0.418310 0.478131 0.614533 0.558109 0.286801 -1.464102 -0.430327 0.083007 -1.416455 1.191921 1.081911 -1.587004
1776408837.208091 jaka_arm_right success 0.302642 -0.344635 -0.418616 0.479945 0.614103 0.557849 0.285193 -1.463129 -0.429199 0.082858 -1.419341 1.194029 1.078334 -1.584540
1776408837.216414 jaka_arm_right success 0.302854 -0.344660 -0.418895 0.481147 0.613838 0.557387 0.284640 -1.463851 -0.429195 0.082731 -1.419423 1.195829 1.077649 -1.583591
1776408837.224751 jaka_arm_right success 0.303003 -0.344588 -0.419072 0.482787 0.613013 0.557474 0.283467 -1.461465 -0.428302 0.082894 -1.422920 1.197502 1.072709 -1.581600
1776408837.233129 jaka_arm_right success 0.303079 -0.344677 -0.419277 0.483607 0.612855 0.557241 0.282870 -1.461934 -0.428504 0.082593 -1.423100 1.197949 1.072412 -1.581143
1776408837.241422 jaka_arm_right success 0.303183 -0.344839 -0.419400 0.483775 0.613441 0.556603 0.282570 -1.461739 -0.427865 0.082342 -1.423781 1.198614 1.070728 -1.580719
1776408837.249703 jaka_arm_right success 0.303248 -0.344897 -0.419492 0.483672 0.613576 0.556758 0.282147 -1.461739 -0.427865 0.082342 -1.423781 1.198614 1.070728 -1.580719
1776408837.258113 jaka_arm_right success 0.303368 -0.344901 -0.419620 0.483229 0.613332 0.557214 0.282535 -1.461739 -0.427865 0.082342 -1.423781 1.198614 1.070728 -1.580719
1776408837.266448 jaka_arm_right success 0.303223 -0.344716 -0.419644 0.484446 0.612402 0.557252 0.282395 -1.461605 -0.428293 0.082647 -1.424208 1.199100 1.071051 -1.580228
1776408837.274790 jaka_arm_right success 0.303207 -0.344682 -0.419647 0.484127 0.612099 0.557469 0.283168 -1.461304 -0.428099 0.083479 -1.423890 1.200270 1.071520 -1.580264
1776408837.283152 jaka_arm_right success 0.303094 -0.344676 -0.419568 0.483403 0.612159 0.557629 0.283959 -1.460802 -0.428028 0.083771 -1.423678 1.199435 1.071939 -1.581264
1776408837.291449 jaka_arm_right success 0.302909 -0.344573 -0.419456 0.482975 0.611939 0.557967 0.284496 -1.460921 -0.428748 0.084308 -1.423592 1.199556 1.073141 -1.582312
1776408837.299758 jaka_arm_right success 0.302768 -0.344565 -0.419274 0.481772 0.612172 0.558133 0.285708 -1.463540 -0.430741 0.084572 -1.422068 1.199611 1.076648 -1.587045
1776408837.308166 jaka_arm_right success 0.302672 -0.344419 -0.419076 0.480240 0.612024 0.558903 0.287095 -1.462407 -0.430785 0.085279 -1.421993 1.197960 1.077853 -1.588475
1776408837.316430 jaka_arm_right success 0.302101 -0.344033 -0.418661 0.481163 0.611612 0.558879 0.286473 -1.463993 -0.431592 0.084980 -1.422638 1.199159 1.078736 -1.588093
1776408837.324700 jaka_arm_right success 0.301949 -0.344016 -0.418395 0.479463 0.611590 0.558972 0.289176 -1.468426 -0.433912 0.085963 -1.420439 1.200045 1.085275 -1.595916
1776408837.333067 jaka_arm_right success 0.301927 -0.344019 -0.418198 0.475965 0.611787 0.560341 0.291876 -1.469829 -0.436105 0.086933 -1.418284 1.196970 1.091601 -1.601795
1776408837.341402 jaka_arm_right success 0.301443 -0.343700 -0.417799 0.475049 0.611515 0.561373 0.291956 -1.469995 -0.436830 0.087187 -1.418699 1.195880 1.093758 -1.602118
1776408837.349768 jaka_arm_right success 0.301073 -0.343484 -0.417400 0.474258 0.611074 0.561635 0.293657 -1.474812 -0.438906 0.087339 -1.416514 1.195705 1.101045 -1.606885
1776408837.358072 jaka_arm_right success 0.300692 -0.343398 -0.417021 0.471716 0.612032 0.562377 0.294334 -1.473699 -0.438800 0.086787 -1.416663 1.191384 1.101526 -1.608853
1776408837.366454 jaka_arm_right success 0.300552 -0.343393 -0.416666 0.469463 0.611689 0.563105 0.297245 -1.478324 -0.441642 0.087963 -1.412164 1.191345 1.110987 -1.614163
1776408837.374789 jaka_arm_right success 0.300388 -0.343099 -0.416250 0.467392 0.611155 0.565004 0.298002 -1.480018 -0.443336 0.087732 -1.408925 1.187036 1.118856 -1.613026
1776408837.383116 jaka_arm_right success 0.299939 -0.343018 -0.415844 0.465628 0.611747 0.565523 0.298564 -1.478907 -0.443005 0.087761 -1.408457 1.184348 1.119421 -1.614351
1776408837.391438 jaka_arm_right success 0.299584 -0.342862 -0.415400 0.464326 0.611802 0.566087 0.299409 -1.479170 -0.443242 0.087711 -1.407190 1.182227 1.121876 -1.615045
1776408837.399752 jaka_arm_right success 0.299169 -0.342535 -0.414983 0.462615 0.611360 0.568094 0.299159 -1.482694 -0.444986 0.085918 -1.399634 1.176270 1.132800 -1.608833
1776408837.408051 jaka_arm_right success 0.298929 -0.342434 -0.414649 0.461171 0.610963 0.568740 0.300965 -1.481752 -0.446931 0.086952 -1.397362 1.174998 1.134577 -1.611224
1776408837.416398 jaka_arm_right success 0.298856 -0.342346 -0.414334 0.457719 0.610634 0.570556 0.303454 -1.484568 -0.452712 0.087455 -1.388923 1.170297 1.145559 -1.614025
1776408837.424717 jaka_arm_right success 0.298336 -0.342155 -0.413941 0.457017 0.610847 0.570832 0.303566 -1.484188 -0.452442 0.087469 -1.388739 1.169435 1.145685 -1.614541
1776408837.433117 jaka_arm_right success 0.298038 -0.342220 -0.413580 0.454485 0.611853 0.571319 0.304425 -1.482987 -0.451856 0.087236 -1.388416 1.165609 1.146596 -1.616180
1776408837.441387 jaka_arm_right success 0.297842 -0.342149 -0.413172 0.452679 0.612012 0.571976 0.305560 -1.485312 -0.451461 0.086717 -1.385449 1.162218 1.153067 -1.616355
1776408837.449750 jaka_arm_right success 0.297292 -0.341658 -0.412755 0.453723 0.610666 0.572648 0.305446 -1.485283 -0.452287 0.086981 -1.386201 1.162780 1.153547 -1.615546
1776408837.458096 jaka_arm_right success 0.297347 -0.341900 -0.412533 0.450542 0.611243 0.572724 0.308839 -1.488672 -0.456317 0.088320 -1.380621 1.162097 1.161055 -1.622647
1776408837.466413 jaka_arm_right success 0.297112 -0.341588 -0.412219 0.449771 0.610384 0.574247 0.308833 -1.488105 -0.457078 0.088631 -1.381219 1.160778 1.162801 -1.622128
1776408837.474797 jaka_arm_right success 0.296774 -0.341488 -0.411998 0.448774 0.611007 0.574040 0.309436 -1.487827 -0.456567 0.088391 -1.380676 1.159104 1.163095 -1.623147
1776408837.483118 jaka_arm_right success 0.296577 -0.341528 -0.411798 0.447041 0.611261 0.574320 0.310918 -1.491048 -0.457577 0.088404 -1.376974 1.157470 1.169562 -1.625637
1776408837.491422 jaka_arm_right success 0.296353 -0.341380 -0.411547 0.446863 0.610788 0.574439 0.311884 -1.490604 -0.457580 0.088900 -1.376961 1.157552 1.170026 -1.625778
1776408837.499750 jaka_arm_right success 0.296110 -0.341257 -0.411339 0.446820 0.610390 0.574639 0.312357 -1.492786 -0.459566 0.089466 -1.375209 1.158276 1.173726 -1.627857
1776408837.508181 jaka_arm_right success 0.295718 -0.341203 -0.411145 0.446393 0.610788 0.574741 0.312000 -1.493107 -0.459642 0.088946 -1.375293 1.157764 1.173437 -1.627836
1776408837.516397 jaka_arm_right success 0.295579 -0.341174 -0.410994 0.445763 0.610634 0.575139 0.312468 -1.492576 -0.459621 0.089307 -1.375338 1.157328 1.173909 -1.628131
1776408837.524737 jaka_arm_right success 0.295545 -0.341356 -0.410807 0.444119 0.611163 0.575179 0.313701 -1.492342 -0.459063 0.089419 -1.374342 1.154993 1.175685 -1.629939
1776408837.533180 jaka_arm_right success 0.295458 -0.341377 -0.410732 0.443367 0.610890 0.575658 0.314414 -1.495344 -0.460690 0.089372 -1.371979 1.153803 1.181506 -1.631575
1776408837.541446 jaka_arm_right success 0.295341 -0.341227 -0.410612 0.443397 0.610073 0.576388 0.314624 -1.495136 -0.461053 0.089623 -1.372310 1.153908 1.181879 -1.631320
1776408837.549839 jaka_arm_right success 0.295046 -0.341032 -0.410471 0.444124 0.609680 0.576802 0.313598 -1.495478 -0.461735 0.089351 -1.372937 1.154080 1.181898 -1.630592
1776408837.558039 jaka_arm_right success 0.294979 -0.341025 -0.410406 0.443796 0.609586 0.577059 0.313773 -1.495372 -0.461914 0.089449 -1.373117 1.154035 1.182120 -1.630460
1776408837.569208 jaka_arm_right success 0.294829 -0.340993 -0.410327 0.443577 0.609568 0.577374 0.313537 -1.496255 -0.461540 0.089004 -1.372662 1.153049 1.184211 -1.629027
1776408837.574707 jaka_arm_right success 0.294715 -0.341090 -0.410249 0.443153 0.610085 0.577045 0.313736 -1.496194 -0.461059 0.088951 -1.372191 1.152719 1.184083 -1.629502
