1776408790.380895 jaka_arm_right success 0.316019 -0.324597 -0.398404 0.521074 0.669652 0.465430 0.251838 0.986047 0.617012 -1.692609 -1.842549 -0.178036 0.084843 -0.507501
1776408790.397396 jaka_arm_right success 0.317407 -0.323293 -0.397277 0.524397 0.671606 0.461140 0.247595 0.995105 0.599075 -1.710090 -1.861604 -0.170101 0.052915 -0.496292
1776408790.405572 jaka_arm_right success 0.318597 -0.322643 -0.396781 0.523846 0.673028 0.458982 0.248907 0.999686 0.597365 -1.715238 -1.866128 -0.171831 0.042210 -0.497600
1776408790.413981 jaka_arm_right success 0.319530 -0.321662 -0.395985 0.524764 0.674315 0.456246 0.248519 1.005377 0.585333 -1.722362 -1.876779 -0.167532 0.025093 -0.492419
1776408790.422211 jaka_arm_right success 0.320758 -0.320786 -0.395180 0.524062 0.676151 0.453427 0.250166 1.011153 0.587909 -1.730828 -1.887830 -0.172150 0.004872 -0.496820
1776408790.430667 jaka_arm_right success 0.321788 -0.319411 -0.394022 0.524914 0.677623 0.450406 0.249852 1.019672 0.574000 -1.741041 -1.902332 -0.166344 -0.017612 -0.490916
1776408790.438939 jaka_arm_right success 0.322884 -0.318324 -0.392757 0.524432 0.680828 0.445653 0.250674 1.027085 0.561859 -1.752876 -1.919038 -0.164632 -0.045350 -0.489766
1776408790.447205 jaka_arm_right success 0.324172 -0.317005 -0.391436 0.523431 0.683455 0.442353 0.251461 1.037037 0.552712 -1.764928 -1.932620 -0.163072 -0.068431 -0.489405
1776408790.455540 jaka_arm_right success 0.325443 -0.315431 -0.390018 0.522859 0.685678 0.439165 0.252187 1.048576 0.545436 -1.778456 -1.945840 -0.161574 -0.091890 -0.489786
1776408790.463980 jaka_arm_right success 0.326714 -0.314131 -0.388535 0.520691 0.688842 0.436140 0.253298 1.057748 0.535346 -1.788638 -1.955722 -0.159785 -0.108127 -0.490189
1776408790.472230 jaka_arm_right success 0.327936 -0.312305 -0.387016 0.519946 0.690343 0.434328 0.253852 1.068204 0.529880 -1.800429 -1.968713 -0.158114 -0.127889 -0.491092
1776408790.480517 jaka_arm_right success 0.329227 -0.310918 -0.385544 0.516148 0.693293 0.433026 0.255783 1.076872 0.525804 -1.808904 -1.973478 -0.160354 -0.135048 -0.495245
1776408790.488933 jaka_arm_right success 0.330358 -0.309204 -0.384062 0.514046 0.694486 0.432288 0.258018 1.082728 0.528482 -1.814428 -1.980595 -0.164081 -0.146863 -0.499842
1776408790.497259 jaka_arm_right success 0.331430 -0.307592 -0.382574 0.511548 0.696197 0.431854 0.259095 1.093569 0.521421 -1.823577 -1.987372 -0.162041 -0.156473 -0.500879
1776408790.505546 jaka_arm_right success 0.332723 -0.305620 -0.380801 0.511120 0.697292 0.430302 0.259579 1.104851 0.516046 -1.836223 -2.001435 -0.158587 -0.177158 -0.501669
1776408790.513915 jaka_arm_right success 0.334199 -0.304045 -0.379153 0.509469 0.699991 0.427953 0.259444 1.122669 0.505110 -1.854081 -2.011250 -0.152392 -0.195855 -0.502593
1776408790.522261 jaka_arm_right success 0.335983 -0.302147 -0.377405 0.509214 0.702438 0.425245 0.257776 1.144537 0.490451 -1.876974 -2.025011 -0.140818 -0.218753 -0.501647
1776408790.530607 jaka_arm_right success 0.338174 -0.300559 -0.375701 0.507534 0.706335 0.421718 0.256232 1.175158 0.473477 -1.907329 -2.033957 -0.126498 -0.240613 -0.502948
1776408790.538985 jaka_arm_right success 0.340347 -0.298692 -0.374065 0.508219 0.708740 0.418125 0.254113 1.204143 0.457134 -1.935415 -2.048480 -0.109238 -0.267453 -0.503100
1776408790.547259 jaka_arm_right success 0.342710 -0.296706 -0.372345 0.509679 0.712334 0.413248 0.249065 1.251796 0.434763 -1.981539 -2.061351 -0.078929 -0.297694 -0.505033
1776408790.555503 jaka_arm_right success 0.345266 -0.294774 -0.370764 0.511236 0.715529 0.408293 0.244851 1.301621 0.413136 -2.027162 -2.068795 -0.046363 -0.321926 -0.509093
1776408790.564380 jaka_arm_right success 0.348043 -0.292850 -0.369178 0.512906 0.719784 0.401854 0.239482 1.361998 0.392233 -2.081229 -2.083525 -0.004107 -0.355041 -0.520220
1776408790.572239 jaka_arm_right success 0.351072 -0.291081 -0.367862 0.513428 0.723782 0.396143 0.235801 1.425074 0.376041 -2.134862 -2.090073 0.038389 -0.381288 -0.536583
1776408790.580714 jaka_arm_right success 0.353655 -0.288734 -0.366443 0.518202 0.725281 0.390531 0.230042 1.483191 0.368410 -2.179899 -2.105478 0.085327 -0.418396 -0.552130
1776408790.597292 jaka_arm_right success 0.359450 -0.284401 -0.363916 0.525067 0.730065 0.378325 0.219498 1.611637 0.356781 -2.272293 -2.122266 0.196879 -0.484392 -0.603008
1776408790.613945 jaka_arm_right success 0.365410 -0.280505 -0.361948 0.530083 0.735612 0.365489 0.210487 1.731425 0.363560 -2.346268 -2.129164 0.307143 -0.552539 -0.665332
1776408790.622276 jaka_arm_right success 0.368420 -0.278554 -0.361070 0.532644 0.738458 0.359178 0.204845 1.789192 0.368531 -2.376313 -2.134326 0.364902 -0.590688 -0.695792
1776408790.630746 jaka_arm_right success 0.371157 -0.276470 -0.360287 0.535892 0.740072 0.354075 0.199359 1.837166 0.375482 -2.399524 -2.133639 0.415766 -0.620561 -0.721376
1776408790.638982 jaka_arm_right success 0.373883 -0.274452 -0.359674 0.537845 0.742385 0.349582 0.193338 1.883002 0.381573 -2.421386 -2.129479 0.467027 -0.644570 -0.748952
1776408790.647371 jaka_arm_right success 0.376704 -0.272398 -0.359057 0.540099 0.744409 0.344922 0.187555 1.924896 0.390414 -2.439282 -2.125836 0.513040 -0.671897 -0.772985
1776408790.655563 jaka_arm_right success 0.379756 -0.270716 -0.358689 0.539616 0.747822 0.340663 0.183098 1.964117 0.398316 -2.456673 -2.117304 0.556641 -0.690832 -0.801994
1776408790.663961 jaka_arm_right success 0.382547 -0.268693 -0.358228 0.540783 0.750455 0.336187 0.177056 2.003136 0.407116 -2.471693 -2.111354 0.601305 -0.716683 -0.826194
1776408790.672389 jaka_arm_right success 0.385301 -0.266597 -0.357951 0.542369 0.752278 0.332552 0.171236 2.036565 0.417316 -2.484090 -2.102108 0.640889 -0.737361 -0.847865
1776408790.680562 jaka_arm_right success 0.387947 -0.264508 -0.357647 0.543642 0.754334 0.328275 0.166339 2.067845 0.428609 -2.494372 -2.093922 0.675194 -0.761287 -0.866740
1776408790.689013 jaka_arm_right success 0.390595 -0.262455 -0.357550 0.543984 0.756398 0.325230 0.161768 2.095774 0.438576 -2.503358 -2.084014 0.707688 -0.779018 -0.885939
1776408790.705563 jaka_arm_right success 0.395866 -0.258281 -0.357358 0.545048 0.760963 0.317545 0.151732 2.151591 0.462793 -2.519936 -2.064017 0.769519 -0.823505 -0.920766
1776408790.713921 jaka_arm_right success 0.398444 -0.255975 -0.357274 0.545855 0.763000 0.313745 0.146413 2.177469 0.477397 -2.527520 -2.051368 0.797282 -0.844953 -0.936936
1776408790.722370 jaka_arm_right success 0.400964 -0.253787 -0.357275 0.546103 0.766140 0.307354 0.142601 2.206158 0.493169 -2.534983 -2.040892 0.822432 -0.875336 -0.951573
1776408790.730609 jaka_arm_right success 0.403511 -0.251675 -0.357451 0.545757 0.768911 0.302155 0.140096 2.227054 0.511153 -2.541567 -2.029871 0.834230 -0.900609 -0.961242
1776408790.738995 jaka_arm_right success 0.405917 -0.249288 -0.357505 0.546428 0.771293 0.296518 0.136381 2.251615 0.526073 -2.546949 -2.022031 0.853134 -0.929980 -0.969051
1776408790.747272 jaka_arm_right success 0.408407 -0.246972 -0.357627 0.546203 0.774230 0.290749 0.133021 2.275233 0.543233 -2.553460 -2.009708 0.870874 -0.957120 -0.979560
1776408790.755534 jaka_arm_right success 0.410826 -0.244637 -0.357754 0.545751 0.777200 0.284651 0.130729 2.296674 0.561201 -2.559866 -1.998531 0.881813 -0.984314 -0.987293
1776408790.763912 jaka_arm_right success 0.413295 -0.242429 -0.358045 0.544457 0.780485 0.278738 0.129282 2.316487 0.578032 -2.566166 -1.988151 0.890505 -1.009463 -0.995005
1776408790.772211 jaka_arm_right success 0.415375 -0.239820 -0.358187 0.545942 0.782134 0.272213 0.126941 2.337439 0.595323 -2.571204 -1.979012 0.900172 -1.039361 -0.995638
1776408790.780607 jaka_arm_right success 0.417717 -0.237500 -0.358633 0.544875 0.784749 0.266974 0.126514 2.351666 0.613570 -2.577444 -1.967935 0.900280 -1.060074 -0.998696
1776408790.797364 jaka_arm_right success 0.422028 -0.232409 -0.359463 0.546185 0.787797 0.256296 0.123979 2.382878 0.650196 -2.587554 -1.946932 0.905480 -1.106075 -0.996853
1776408790.805562 jaka_arm_right success 0.424048 -0.230282 -0.359847 0.545552 0.790309 0.250734 0.122134 2.396179 0.661873 -2.593002 -1.940711 0.910066 -1.125823 -1.000015
1776408790.813963 jaka_arm_right success 0.426044 -0.228107 -0.360295 0.545565 0.791735 0.247074 0.120286 2.410171 0.679248 -2.597284 -1.929093 0.915537 -1.143277 -1.000831
1776408790.822246 jaka_arm_right success 0.428055 -0.225939 -0.360925 0.546125 0.792493 0.243895 0.119241 2.419047 0.692477 -2.601023 -1.918875 0.916723 -1.155391 -1.000731
1776408790.830706 jaka_arm_right success 0.430314 -0.223941 -0.361706 0.545878 0.793483 0.241759 0.118126 2.427009 0.705156 -2.604550 -1.908427 0.917928 -1.164247 -1.002861
1776408790.838936 jaka_arm_right success 0.432386 -0.222004 -0.362409 0.546569 0.794340 0.238664 0.115439 2.437783 0.718276 -2.607837 -1.895888 0.924623 -1.175973 -1.005727
1776408790.847321 jaka_arm_right success 0.434407 -0.220077 -0.363289 0.547403 0.794673 0.236450 0.113737 2.443865 0.729217 -2.610781 -1.884543 0.927069 -1.182696 -1.007440
1776408790.855585 jaka_arm_right success 0.436538 -0.218550 -0.364398 0.546675 0.795667 0.234732 0.113850 2.447949 0.738588 -2.613845 -1.874365 0.925734 -1.186446 -1.010115
1776408790.863992 jaka_arm_right success 0.438473 -0.217102 -0.365540 0.546173 0.796597 0.232822 0.113680 2.453580 0.750115 -2.617618 -1.862630 0.924238 -1.191342 -1.013912
1776408790.872272 jaka_arm_right success 0.440368 -0.215577 -0.366767 0.547003 0.796853 0.230513 0.112592 2.457948 0.759227 -2.620219 -1.852424 0.925347 -1.196431 -1.014980
1776408790.888967 jaka_arm_right success 0.444185 -0.212882 -0.369394 0.548410 0.798384 0.223780 0.108412 2.473831 0.782426 -2.627288 -1.821773 0.934951 -1.212314 -1.024109
1776408790.897290 jaka_arm_right success 0.446001 -0.211557 -0.370871 0.550499 0.798619 0.219126 0.105555 2.483212 0.796806 -2.630987 -1.804066 0.941083 -1.223443 -1.026002
1776408790.905564 jaka_arm_right success 0.447779 -0.210345 -0.372469 0.552397 0.799177 0.214375 0.101085 2.493275 0.809502 -2.634348 -1.783779 0.952361 -1.233991 -1.032148
1776408790.913977 jaka_arm_right success 0.449466 -0.209062 -0.374070 0.554849 0.799367 0.209042 0.097248 2.502588 0.823103 -2.638105 -1.763749 0.960629 -1.245088 -1.035821
1776408790.922374 jaka_arm_right success 0.451076 -0.207796 -0.375902 0.557705 0.799135 0.204163 0.093093 2.511064 0.836728 -2.641448 -1.742531 0.969057 -1.254876 -1.039416
1776408790.930583 jaka_arm_right success 0.452805 -0.206985 -0.377823 0.557786 0.800347 0.200703 0.089655 2.517714 0.847366 -2.644638 -1.722144 0.978462 -1.258959 -1.050700
1776408790.938950 jaka_arm_right success 0.454145 -0.205909 -0.379366 0.560152 0.800687 0.194906 0.084506 2.526332 0.859855 -2.647919 -1.698632 0.990407 -1.268427 -1.058452
1776408790.947330 jaka_arm_right success 0.455329 -0.204563 -0.381047 0.563012 0.800126 0.190020 0.081906 2.533530 0.872473 -2.651506 -1.685529 0.992584 -1.280284 -1.054675
1776408790.955580 jaka_arm_right success 0.456247 -0.203460 -0.382759 0.565068 0.799717 0.186827 0.079037 2.537584 0.883085 -2.654080 -1.667888 0.996741 -1.284700 -1.057522
1776408790.963993 jaka_arm_right success 0.457133 -0.202398 -0.384330 0.566536 0.799593 0.184017 0.076328 2.541499 0.891772 -2.656094 -1.655244 1.000742 -1.289484 -1.059269
1776408790.972253 jaka_arm_right success 0.457986 -0.201585 -0.385911 0.565193 0.801448 0.179613 0.077318 2.544630 0.900239 -2.661761 -1.647549 0.996032 -1.294893 -1.061387
1776408790.980668 jaka_arm_right success 0.458653 -0.200462 -0.387645 0.565329 0.801718 0.178514 0.076050 2.545021 0.907987 -2.663895 -1.635524 0.995670 -1.293450 -1.064813
1776408790.989014 jaka_arm_right success 0.459154 -0.199386 -0.389168 0.565247 0.802311 0.175756 0.076830 2.546462 0.915339 -2.667990 -1.629020 0.991308 -1.297088 -1.063930
1776408790.997580 jaka_arm_right success 0.459528 -0.198349 -0.390658 0.565108 0.802884 0.173678 0.076585 2.546886 0.919268 -2.670188 -1.625354 0.989377 -1.298535 -1.064065
1776408791.014078 jaka_arm_right success 0.459935 -0.197452 -0.392075 0.564398 0.803840 0.171681 0.076302 2.548449 0.926097 -2.673670 -1.618829 0.986719 -1.301055 -1.065188
1776408791.022344 jaka_arm_right success 0.460562 -0.195770 -0.394639 0.564149 0.805321 0.165973 0.075144 2.553501 0.941220 -2.680147 -1.600623 0.985873 -1.308750 -1.068189
1776408791.030574 jaka_arm_right success 0.460631 -0.194699 -0.395628 0.566406 0.804639 0.162838 0.072276 2.557052 0.947707 -2.681293 -1.592830 0.990166 -1.315763 -1.066044
1776408791.038912 jaka_arm_right success 0.460752 -0.193820 -0.396899 0.566405 0.805140 0.159637 0.073829 2.557951 0.954750 -2.686122 -1.586971 0.983270 -1.319446 -1.063641
1776408791.047411 jaka_arm_right success 0.460802 -0.192963 -0.398100 0.566801 0.805301 0.156672 0.075370 2.559429 0.962176 -2.689867 -1.582163 0.976541 -1.323282 -1.058995
1776408791.055574 jaka_arm_right success 0.460576 -0.191642 -0.398963 0.570076 0.803675 0.153621 0.074297 2.562077 0.970783 -2.692150 -1.575980 0.974349 -1.331039 -1.050304
1776408791.063951 jaka_arm_right success 0.460705 -0.191234 -0.399977 0.568586 0.805072 0.150635 0.076674 2.563218 0.973668 -2.696422 -1.575358 0.968334 -1.334057 -1.050713
1776408791.072228 jaka_arm_right success 0.460722 -0.190511 -0.400866 0.568130 0.805814 0.148121 0.077153 2.564601 0.981388 -2.700406 -1.571839 0.963696 -1.339016 -1.046764
1776408791.080823 jaka_arm_right success 0.460763 -0.189870 -0.401566 0.567410 0.806784 0.144350 0.079423 2.567357 0.988339 -2.705727 -1.569001 0.956522 -1.345714 -1.043425
1776408791.089010 jaka_arm_right success 0.460559 -0.188841 -0.402658 0.569388 0.805355 0.144050 0.080309 2.564939 0.993174 -2.707038 -1.567201 0.949698 -1.344981 -1.035356
1776408791.105651 jaka_arm_right success 0.460241 -0.187059 -0.404196 0.570822 0.804881 0.140584 0.081025 2.565803 1.002041 -2.711080 -1.563125 0.943194 -1.351807 -1.026031
1776408791.113957 jaka_arm_right success 0.459896 -0.186134 -0.404704 0.571172 0.805203 0.137684 0.080342 2.568265 1.008097 -2.713842 -1.561677 0.942682 -1.358990 -1.022473
1776408791.122361 jaka_arm_right success 0.459745 -0.185375 -0.405339 0.570739 0.805844 0.135155 0.081280 2.569763 1.013665 -2.717519 -1.559885 0.938288 -1.364123 -1.019067
1776408791.130579 jaka_arm_right success 0.459693 -0.184726 -0.406112 0.568686 0.807345 0.134077 0.082544 2.570208 1.014175 -2.719685 -1.561070 0.936563 -1.365060 -1.021495
1776408791.138999 jaka_arm_right success 0.459280 -0.183551 -0.406552 0.570716 0.806555 0.129591 0.083412 2.572645 1.025252 -2.724827 -1.558848 0.928484 -1.376318 -1.008220
1776408791.147348 jaka_arm_right success 0.458840 -0.182452 -0.407249 0.571839 0.806061 0.128242 0.082580 2.571908 1.027100 -2.725503 -1.557320 0.928915 -1.377960 -1.006248
1776408791.155584 jaka_arm_right success 0.458751 -0.181911 -0.408033 0.569971 0.807436 0.126163 0.085229 2.572883 1.031693 -2.730219 -1.556329 0.922078 -1.381203 -1.005148
1776408791.163973 jaka_arm_right success 0.458534 -0.181185 -0.408534 0.569462 0.808229 0.123432 0.085106 2.575407 1.039033 -2.733424 -1.553424 0.919889 -1.387345 -1.002014
1776408791.172199 jaka_arm_right success 0.458440 -0.180422 -0.409122 0.569543 0.808325 0.120897 0.087261 2.576324 1.044763 -2.737558 -1.550936 0.913066 -1.391687 -0.997518
1776408791.180658 jaka_arm_right success 0.458391 -0.179774 -0.409759 0.568323 0.809457 0.118879 0.087497 2.576100 1.045797 -2.739713 -1.551232 0.912366 -1.393315 -0.998844
1776408791.197312 jaka_arm_right success 0.458017 -0.178204 -0.411018 0.570389 0.808196 0.115409 0.090310 2.577711 1.060310 -2.745533 -1.544783 0.900094 -1.401480 -0.984754
1776408791.205583 jaka_arm_right success 0.457948 -0.177610 -0.411472 0.570477 0.808239 0.113198 0.092150 2.578679 1.064445 -2.749081 -1.544220 0.894491 -1.406088 -0.980616
1776408791.214097 jaka_arm_right success 0.457860 -0.177231 -0.412021 0.570030 0.808586 0.112459 0.092779 2.578607 1.065437 -2.750184 -1.544616 0.892667 -1.406866 -0.979745
1776408791.230589 jaka_arm_right success 0.457570 -0.176193 -0.413013 0.571815 0.807135 0.110729 0.096438 2.576423 1.074073 -2.755186 -1.546029 0.878185 -1.411417 -0.964518
1776408791.239075 jaka_arm_right success 0.457415 -0.175678 -0.413425 0.573085 0.806465 0.109567 0.095825 2.576192 1.074874 -2.755238 -1.545397 0.878497 -1.413311 -0.962062
1776408791.247265 jaka_arm_right success 0.457157 -0.174861 -0.413739 0.576340 0.804271 0.108420 0.096043 2.576451 1.080322 -2.755344 -1.542700 0.875569 -1.417795 -0.952067
1776408791.255565 jaka_arm_right success 0.457296 -0.174875 -0.414055 0.575530 0.804970 0.107858 0.095678 2.576012 1.080633 -2.756184 -1.542997 0.875662 -1.418267 -0.952745
1776408791.263952 jaka_arm_right success 0.457601 -0.175244 -0.414563 0.573976 0.805904 0.108786 0.096103 2.576670 1.081117 -2.756910 -1.544447 0.874650 -1.417670 -0.954557
1776408791.272331 jaka_arm_right success 0.457547 -0.174968 -0.414586 0.576499 0.804551 0.109681 0.091199 2.575327 1.076668 -2.751688 -1.542726 0.885659 -1.415712 -0.956972
1776408791.280581 jaka_arm_right success 0.457673 -0.175320 -0.414801 0.575538 0.804802 0.110314 0.094239 2.575845 1.076241 -2.753071 -1.543233 0.880285 -1.413861 -0.957644
1776408791.288959 jaka_arm_right success 0.457486 -0.175110 -0.414708 0.577784 0.803096 0.110790 0.094488 2.573061 1.077490 -2.752578 -1.542485 0.876974 -1.411799 -0.952082
1776408791.297274 jaka_arm_right success 0.457399 -0.174988 -0.414679 0.579007 0.802147 0.111081 0.094722 2.572929 1.077026 -2.751838 -1.541928 0.876335 -1.411759 -0.949972
1776408791.305555 jaka_arm_right success 0.457506 -0.175143 -0.414756 0.579198 0.801756 0.112783 0.094850 2.569803 1.075630 -2.751274 -1.544895 0.873625 -1.408134 -0.947464
1776408791.322352 jaka_arm_right success 0.457500 -0.175266 -0.414485 0.580430 0.801126 0.113070 0.092266 2.569172 1.075400 -2.749207 -1.544810 0.877852 -1.408277 -0.946379
1776408791.330559 jaka_arm_right success 0.457442 -0.175041 -0.414071 0.581956 0.800563 0.112537 0.088107 2.573017 1.073648 -2.745227 -1.542826 0.890599 -1.413481 -0.949245
1776408791.338899 jaka_arm_right success 0.457446 -0.174970 -0.413844 0.582682 0.800271 0.111606 0.087131 2.575081 1.075247 -2.744729 -1.539290 0.893621 -1.415824 -0.950026
1776408791.347355 jaka_arm_right success 0.457439 -0.174883 -0.413750 0.583326 0.799894 0.111178 0.086833 2.574828 1.074958 -2.744708 -1.538885 0.893776 -1.416040 -0.949701
1776408791.355572 jaka_arm_right success 0.457547 -0.175014 -0.413944 0.582642 0.800193 0.111989 0.087622 2.575268 1.075197 -2.744533 -1.539220 0.893494 -1.415662 -0.949914
1776408791.363945 jaka_arm_right success 0.457602 -0.175049 -0.413869 0.582161 0.800536 0.111973 0.087709 2.575502 1.075454 -2.744704 -1.539584 0.893230 -1.415513 -0.950365
1776408791.372215 jaka_arm_right success 0.457589 -0.174849 -0.413710 0.583315 0.799824 0.111346 0.087338 2.575220 1.074935 -2.744689 -1.538973 0.893311 -1.415850 -0.949893
1776408791.380563 jaka_arm_right success 0.457737 -0.175065 -0.413810 0.582328 0.800317 0.112398 0.088055 2.575693 1.075262 -2.744506 -1.539410 0.893026 -1.415399 -0.950175
1776408791.388920 jaka_arm_right success 0.457839 -0.175258 -0.413746 0.582177 0.800421 0.111942 0.088682 2.576020 1.074961 -2.745276 -1.539472 0.891824 -1.415588 -0.950915
1776408791.397301 jaka_arm_right success 0.457989 -0.175492 -0.413549 0.581907 0.800809 0.111381 0.087652 2.575436 1.075207 -2.745578 -1.539501 0.892343 -1.415771 -0.951081
1776408791.414021 jaka_arm_right success 0.458215 -0.176107 -0.413245 0.581911 0.800972 0.112077 0.085224 2.576566 1.070929 -2.742144 -1.538197 0.901523 -1.414229 -0.957987
1776408791.422237 jaka_arm_right success 0.458496 -0.176909 -0.413079 0.579836 0.802457 0.111642 0.085963 2.577584 1.068800 -2.743075 -1.534759 0.902995 -1.411582 -0.966998
1776408791.430605 jaka_arm_right success 0.458464 -0.176997 -0.413018 0.581622 0.801100 0.111777 0.086374 2.577672 1.068132 -2.741815 -1.533161 0.902832 -1.411335 -0.964750
1776408791.438894 jaka_arm_right success 0.458486 -0.177179 -0.412994 0.582845 0.800207 0.111561 0.086688 2.577478 1.070695 -2.742472 -1.531652 0.900560 -1.411890 -0.961807
1776408791.447299 jaka_arm_right success 0.458619 -0.177788 -0.413064 0.582030 0.800601 0.112850 0.086856 2.578193 1.070729 -2.741802 -1.532176 0.900071 -1.410865 -0.961942
1776408791.455817 jaka_arm_right success 0.458623 -0.178081 -0.412908 0.582814 0.800115 0.113178 0.085644 2.576621 1.068590 -2.740532 -1.532618 0.902237 -1.408946 -0.962863
1776408791.463983 jaka_arm_right success 0.458668 -0.178429 -0.412809 0.583856 0.799342 0.112818 0.086235 2.576653 1.067730 -2.740333 -1.531854 0.901999 -1.409247 -0.962218
1776408791.472290 jaka_arm_right success 0.458635 -0.178743 -0.412615 0.584909 0.798630 0.113334 0.085015 2.576135 1.067338 -2.738922 -1.531035 0.903228 -1.408718 -0.960582
1776408791.480700 jaka_arm_right success 0.458685 -0.179389 -0.412407 0.584446 0.798886 0.114236 0.084579 2.576013 1.062880 -2.737078 -1.533111 0.906284 -1.406529 -0.964241
1776408791.488971 jaka_arm_right success 0.458574 -0.179463 -0.412133 0.587691 0.796664 0.114773 0.082295 2.574433 1.062170 -2.734474 -1.531103 0.909164 -1.405866 -0.960676
1776408791.497288 jaka_arm_right success 0.458737 -0.180324 -0.412076 0.586718 0.797128 0.115118 0.084247 2.575656 1.062029 -2.734536 -1.531606 0.907908 -1.405612 -0.961361
1776408791.505549 jaka_arm_right success 0.458697 -0.180784 -0.411840 0.587219 0.796837 0.114383 0.084503 2.575573 1.061374 -2.734850 -1.531136 0.907594 -1.406147 -0.961254
1776408791.513959 jaka_arm_right success 0.458518 -0.181482 -0.411579 0.587300 0.796742 0.114742 0.084352 2.575742 1.061066 -2.734778 -1.531062 0.907423 -1.406183 -0.961211
1776408791.522328 jaka_arm_right success 0.458403 -0.181769 -0.411314 0.588048 0.796173 0.114848 0.084374 2.575741 1.059886 -2.733853 -1.531016 0.908015 -1.406035 -0.960474
1776408791.538933 jaka_arm_right success 0.458259 -0.182466 -0.410626 0.589052 0.795737 0.113968 0.082658 2.578025 1.055869 -2.731713 -1.532719 0.914835 -1.410029 -0.962200
1776408791.547237 jaka_arm_right success 0.458221 -0.182589 -0.410510 0.589126 0.795747 0.113825 0.082222 2.578025 1.055869 -2.731713 -1.532719 0.914835 -1.410029 -0.962200
1776408791.555610 jaka_arm_right success 0.458221 -0.182837 -0.410513 0.588245 0.796394 0.113823 0.082272 2.577814 1.056330 -2.732087 -1.533179 0.915047 -1.410069 -0.962750
1776408791.572268 jaka_arm_right success 0.458245 -0.183052 -0.410350 0.586962 0.797543 0.112985 0.081454 2.578621 1.055045 -2.732469 -1.534144 0.918607 -1.411764 -0.966710
1776408791.580661 jaka_arm_right success 0.458219 -0.183169 -0.410452 0.585678 0.798394 0.113448 0.081712 2.579275 1.053574 -2.732541 -1.535146 0.919035 -1.410836 -0.970001
1776408791.588930 jaka_arm_right success 0.458192 -0.183155 -0.410450 0.584283 0.799462 0.113114 0.081725 2.579136 1.054117 -2.733711 -1.535953 0.918884 -1.411235 -0.971567
1776408791.597296 jaka_arm_right success 0.458195 -0.182913 -0.410319 0.583545 0.800124 0.112797 0.080960 2.580597 1.052730 -2.733045 -1.535374 0.922671 -1.411680 -0.975858
1776408791.605540 jaka_arm_right success 0.458076 -0.182504 -0.410212 0.583298 0.800486 0.111379 0.081125 2.581279 1.053921 -2.734160 -1.534274 0.922703 -1.413366 -0.976520
1776408791.613987 jaka_arm_right success 0.457951 -0.182180 -0.410271 0.582101 0.801214 0.111163 0.082810 2.582420 1.054051 -2.735427 -1.534987 0.920798 -1.413847 -0.978105
1776408791.622357 jaka_arm_right success 0.457930 -0.182016 -0.410097 0.580544 0.802303 0.110655 0.083873 2.583064 1.054519 -2.736986 -1.535833 0.919321 -1.414488 -0.979837
1776408791.630582 jaka_arm_right success 0.457707 -0.181466 -0.409668 0.581192 0.802197 0.109537 0.081837 2.585465 1.059318 -2.737066 -1.532723 0.922446 -1.419317 -0.977742
1776408791.638970 jaka_arm_right success 0.457452 -0.181105 -0.409621 0.579595 0.803383 0.109370 0.081758 2.585362 1.060024 -2.738789 -1.533658 0.921976 -1.420074 -0.979733
1776408791.647364 jaka_arm_right success 0.457283 -0.180775 -0.409546 0.578514 0.804177 0.108672 0.082532 2.585731 1.060553 -2.739232 -1.534330 0.921583 -1.420030 -0.980592
1776408791.663959 jaka_arm_right success 0.456982 -0.179714 -0.409499 0.576014 0.806100 0.107028 0.083405 2.586740 1.061810 -2.742508 -1.535745 0.919462 -1.421958 -0.983936
1776408791.672199 jaka_arm_right success 0.456760 -0.179057 -0.409420 0.574531 0.807039 0.106816 0.084807 2.588779 1.065727 -2.744750 -1.535597 0.916675 -1.424494 -0.983490
1776408791.680673 jaka_arm_right success 0.456338 -0.178009 -0.409377 0.574463 0.807071 0.106061 0.085905 2.589201 1.070754 -2.746792 -1.534809 0.913201 -1.427470 -0.978829
1776408791.688996 jaka_arm_right success 0.456215 -0.177635 -0.409255 0.570759 0.809768 0.105477 0.085933 2.589462 1.072364 -2.749513 -1.537109 0.912247 -1.428296 -0.982458
1776408791.697330 jaka_arm_right success 0.455881 -0.176557 -0.409037 0.570663 0.810074 0.104504 0.084869 2.589501 1.073446 -2.749947 -1.537404 0.913991 -1.429600 -0.983164
1776408791.705544 jaka_arm_right success 0.455593 -0.175764 -0.409087 0.568465 0.811552 0.103488 0.086729 2.590763 1.073915 -2.752218 -1.538636 0.911822 -1.430773 -0.985758
1776408791.713954 jaka_arm_right success 0.455366 -0.174920 -0.408963 0.566838 0.812740 0.103064 0.086756 2.591758 1.076006 -2.753754 -1.539556 0.911530 -1.432411 -0.987060
1776408791.722322 jaka_arm_right success 0.455142 -0.174071 -0.408872 0.566963 0.812542 0.103201 0.087620 2.594096 1.080323 -2.754548 -1.538687 0.909020 -1.435772 -0.982800
1776408791.730585 jaka_arm_right success 0.455163 -0.174006 -0.408663 0.561877 0.816098 0.101524 0.089283 2.595174 1.082399 -2.759340 -1.542112 0.906656 -1.437734 -0.988809
1776408791.738924 jaka_arm_right success 0.454929 -0.173473 -0.408458 0.558664 0.818534 0.099313 0.089629 2.598592 1.084282 -2.761964 -1.542812 0.907712 -1.442475 -0.992958
1776408791.755618 jaka_arm_right success 0.454475 -0.172154 -0.408732 0.558429 0.818548 0.098434 0.091902 2.599053 1.089992 -2.765124 -1.541960 0.901357 -1.444958 -0.988211
1776408791.763992 jaka_arm_right success 0.454499 -0.172259 -0.408846 0.558759 0.818077 0.098528 0.093971 2.598335 1.090324 -2.766057 -1.542888 0.896829 -1.444556 -0.985017
1776408791.772259 jaka_arm_right success 0.454665 -0.172608 -0.408559 0.558568 0.818566 0.098168 0.091184 2.597490 1.090687 -2.765966 -1.543458 0.900062 -1.445318 -0.986094
1776408791.780602 jaka_arm_right success 0.454899 -0.173106 -0.408407 0.558288 0.818856 0.098284 0.090160 2.599792 1.087306 -2.763907 -1.543932 0.907154 -1.446900 -0.991183
1776408791.789006 jaka_arm_right success 0.454952 -0.173417 -0.408218 0.559110 0.818392 0.099310 0.088140 2.599646 1.085825 -2.760994 -1.543028 0.910834 -1.445031 -0.991513
1776408791.797371 jaka_arm_right success 0.454887 -0.173639 -0.408287 0.560674 0.817261 0.100682 0.087126 2.598364 1.082934 -2.758412 -1.542026 0.913807 -1.442176 -0.992337
1776408791.805523 jaka_arm_right success 0.455092 -0.174394 -0.408312 0.560656 0.817079 0.101653 0.087829 2.599259 1.082252 -2.757909 -1.542050 0.912838 -1.441501 -0.992432
1776408791.813923 jaka_arm_right success 0.455169 -0.174885 -0.408421 0.562594 0.815686 0.105981 0.083140 2.593356 1.071214 -2.750338 -1.543504 0.922959 -1.430020 -0.999051
1776408791.822231 jaka_arm_right success 0.455080 -0.174991 -0.408049 0.565907 0.813742 0.106427 0.079033 2.594534 1.070589 -2.745416 -1.538699 0.932763 -1.431179 -0.998558
1776408791.830610 jaka_arm_right success 0.455465 -0.176197 -0.407772 0.563967 0.815047 0.106976 0.078715 2.595271 1.065009 -2.744317 -1.537095 0.937236 -1.427098 -1.009847
1776408791.838919 jaka_arm_right success 0.455801 -0.177366 -0.407687 0.562220 0.816148 0.110453 0.074911 2.593657 1.058308 -2.739502 -1.531586 0.948613 -1.416718 -1.026476
1776408791.847393 jaka_arm_right success 0.455797 -0.177914 -0.407385 0.563341 0.815391 0.112423 0.071727 2.593236 1.054527 -2.734994 -1.529988 0.957221 -1.413856 -1.030641
1776408791.863948 jaka_arm_right success 0.455542 -0.179031 -0.406332 0.567495 0.812786 0.116438 0.061397 2.592704 1.046331 -2.722777 -1.518426 0.983405 -1.407196 -1.044191
1776408791.880675 jaka_arm_right success 0.455799 -0.181149 -0.405633 0.563754 0.814739 0.122817 0.057430 2.590428 1.032839 -2.714652 -1.512044 0.999915 -1.390188 -1.072688
1776408791.889080 jaka_arm_right success 0.455518 -0.181700 -0.405150 0.565142 0.813477 0.126128 0.054413 2.587830 1.028330 -2.710133 -1.513127 1.007070 -1.386451 -1.074311
1776408791.897342 jaka_arm_right success 0.455250 -0.182377 -0.404505 0.566123 0.812435 0.130295 0.049770 2.585567 1.018984 -2.701981 -1.510415 1.021327 -1.377778 -1.085856
1776408791.905530 jaka_arm_right success 0.455299 -0.183482 -0.404054 0.564459 0.813027 0.134634 0.047397 2.582043 1.009473 -2.696944 -1.514975 1.029574 -1.369831 -1.095875
1776408791.913985 jaka_arm_right success 0.455159 -0.184318 -0.403283 0.565032 0.812220 0.138738 0.042308 2.579720 0.999975 -2.689160 -1.515293 1.044982 -1.364000 -1.105856
1776408791.922421 jaka_arm_right success 0.454771 -0.184907 -0.402451 0.567546 0.809895 0.143804 0.035816 2.576537 0.992620 -2.679840 -1.505589 1.063061 -1.354734 -1.118654
1776408791.930563 jaka_arm_right success 0.454493 -0.185629 -0.401625 0.568972 0.808291 0.148571 0.029386 2.574064 0.983798 -2.670726 -1.505194 1.081013 -1.349302 -1.127701
1776408791.938919 jaka_arm_right success 0.454555 -0.186902 -0.401072 0.567100 0.808682 0.153685 0.028498 2.568801 0.974230 -2.665501 -1.507671 1.086962 -1.337609 -1.139761
1776408791.955595 jaka_arm_right success 0.454253 -0.188564 -0.399595 0.567098 0.807182 0.162595 0.020492 2.562767 0.959907 -2.652112 -1.499439 1.113950 -1.322194 -1.166246
1776408791.972357 jaka_arm_right success 0.453853 -0.190194 -0.397889 0.568135 0.804474 0.173122 0.008542 2.554799 0.943788 -2.634201 -1.484995 1.152309 -1.304791 -1.199943
1776408791.988992 jaka_arm_right success 0.453802 -0.192831 -0.396419 -0.564793 -0.803881 -0.186448 0.004563 2.544870 0.924450 -2.614106 -1.463423 1.199970 -1.283311 -1.254948
1776408791.997237 jaka_arm_right success 0.453739 -0.194041 -0.395962 -0.564634 -0.801742 -0.195704 0.009913 2.537600 0.914011 -2.601953 -1.459602 1.221016 -1.270278 -1.273692
1776408792.005553 jaka_arm_right success 0.453731 -0.195675 -0.395389 -0.562888 -0.800306 -0.205785 0.017875 2.527097 0.900809 -2.587484 -1.444029 1.252788 -1.253590 -1.312618
1776408792.014014 jaka_arm_right success 0.453606 -0.197175 -0.394638 -0.562059 -0.798442 -0.214385 0.024881 2.518076 0.889128 -2.574822 -1.436425 1.279388 -1.242222 -1.339280
1776408792.022278 jaka_arm_right success 0.453261 -0.198350 -0.394071 -0.563075 -0.794870 -0.223873 0.031772 2.507962 0.877373 -2.560939 -1.431559 1.304822 -1.230265 -1.359115
1776408792.030576 jaka_arm_right success 0.453262 -0.200089 -0.393707 -0.560798 -0.793955 -0.232102 0.035625 2.498449 0.867759 -2.549995 -1.419986 1.327829 -1.218155 -1.390415
1776408792.038932 jaka_arm_right success 0.453025 -0.201304 -0.392699 -0.560887 -0.792332 -0.236472 0.041194 2.494442 0.862174 -2.541328 -1.408033 1.349395 -1.214931 -1.411913
1776408792.047332 jaka_arm_right success 0.452759 -0.202380 -0.391861 -0.561361 -0.790452 -0.240935 0.044835 2.491802 0.855653 -2.534219 -1.407619 1.363717 -1.213614 -1.419992
1776408792.055600 jaka_arm_right success 0.452590 -0.203456 -0.391243 -0.560815 -0.789450 -0.244880 0.047852 2.486911 0.852172 -2.528174 -1.396459 1.378035 -1.208754 -1.439826
1776408792.063936 jaka_arm_right success 0.452445 -0.204461 -0.391117 -0.559126 -0.788565 -0.251241 0.049219 2.477869 0.843264 -2.519978 -1.399655 1.390188 -1.199206 -1.453308
1776408792.080608 jaka_arm_right success 0.451879 -0.206024 -0.390039 -0.559319 -0.784860 -0.260341 0.058129 2.469098 0.836637 -2.505009 -1.376063 1.425942 -1.193993 -1.490152
1776408792.088982 jaka_arm_right success 0.451906 -0.207480 -0.389924 -0.556102 -0.785402 -0.264760 0.061618 2.463142 0.832793 -2.498070 -1.364867 1.443899 -1.190880 -1.518347
1776408792.097306 jaka_arm_right success 0.451800 -0.208358 -0.389560 -0.555318 -0.783274 -0.270767 0.069199 2.459697 0.830713 -2.487650 -1.343729 1.471981 -1.193066 -1.547713
1776408792.105584 jaka_arm_right success 0.451703 -0.209292 -0.389568 -0.554367 -0.780890 -0.277961 0.075003 2.450018 0.827686 -2.476973 -1.328287 1.495598 -1.188239 -1.576257
1776408792.113963 jaka_arm_right success 0.451587 -0.210302 -0.389710 -0.552570 -0.778022 -0.287077 0.083277 2.441989 0.825563 -2.462368 -1.301724 1.530236 -1.188904 -1.617005
1776408792.122319 jaka_arm_right success 0.451637 -0.211947 -0.389934 -0.547664 -0.777599 -0.294801 0.092176 2.438017 0.827625 -2.449990 -1.266329 1.565359 -1.197342 -1.670102
1776408792.130585 jaka_arm_right success 0.451464 -0.212948 -0.390057 -0.546242 -0.774209 -0.303323 0.101073 2.428428 0.826271 -2.435694 -1.238877 1.597698 -1.200649 -1.708116
1776408792.138883 jaka_arm_right success 0.451330 -0.214142 -0.390165 -0.544381 -0.771185 -0.311348 0.109477 2.420401 0.827180 -2.422301 -1.211712 1.628599 -1.206655 -1.746317
1776408792.147325 jaka_arm_right success 0.451088 -0.215365 -0.390372 -0.541436 -0.768767 -0.319353 0.117724 2.417498 0.831339 -2.409616 -1.175035 1.659232 -1.218690 -1.790972
1776408792.155537 jaka_arm_right success 0.450944 -0.216483 -0.390775 -0.539255 -0.765705 -0.328182 0.123273 2.404887 0.830306 -2.396065 -1.155838 1.683744 -1.218939 -1.824666
1776408792.172234 jaka_arm_right success 0.450527 -0.218603 -0.391054 -0.535932 -0.762027 -0.339398 0.130003 2.396513 0.831360 -2.378375 -1.119052 1.717514 -1.229420 -1.875512
1776408792.180658 jaka_arm_right success 0.450115 -0.219413 -0.391155 -0.535955 -0.759057 -0.344953 0.132636 2.386052 0.825948 -2.369547 -1.118666 1.731198 -1.227912 -1.886193
1776408792.188941 jaka_arm_right success 0.449978 -0.220456 -0.391264 -0.534251 -0.758318 -0.348667 0.134017 2.380375 0.826677 -2.363790 -1.108238 1.740593 -1.228317 -1.904435
1776408792.197408 jaka_arm_right success 0.449619 -0.221298 -0.390923 -0.533394 -0.756767 -0.351906 0.137687 2.378695 0.826832 -2.357619 -1.093891 1.753757 -1.236219 -1.921103
1776408792.205564 jaka_arm_right success 0.449395 -0.222155 -0.391037 -0.531427 -0.756593 -0.354865 0.138647 2.376034 0.827488 -2.353519 -1.084727 1.760865 -1.238969 -1.936533
1776408792.213919 jaka_arm_right success 0.449254 -0.222771 -0.391086 -0.530034 -0.755397 -0.358797 0.140373 2.371521 0.827472 -2.347391 -1.076125 1.770981 -1.241200 -1.951562
1776408792.222557 jaka_arm_right success 0.449123 -0.223677 -0.391544 -0.526034 -0.755246 -0.364241 0.142198 2.369656 0.831934 -2.340319 -1.054230 1.783606 -1.248119 -1.980854
1776408792.230625 jaka_arm_right success 0.448735 -0.224234 -0.391455 -0.525418 -0.752564 -0.368808 0.146846 2.363777 0.830798 -2.332092 -1.042123 1.799366 -1.255398 -1.997488
1776408792.238932 jaka_arm_right success 0.448515 -0.225080 -0.391438 -0.522511 -0.751396 -0.373237 0.151922 2.367542 0.838670 -2.326296 -1.009381 1.814156 -1.271904 -2.028082
1776408792.247266 jaka_arm_right success 0.448244 -0.225673 -0.391461 -0.520959 -0.748906 -0.378401 0.156696 2.364060 0.841408 -2.318757 -0.990097 1.829234 -1.281601 -2.048398
1776408792.263999 jaka_arm_right success 0.447816 -0.227427 -0.391946 -0.514431 -0.744565 -0.391682 0.166041 2.363605 0.853649 -2.302006 -0.924338 1.863345 -1.312871 -2.116247
1776408792.272241 jaka_arm_right success 0.447575 -0.228037 -0.392044 -0.511900 -0.742041 -0.398056 0.169955 2.359142 0.857626 -2.293265 -0.904314 1.878155 -1.322053 -2.140080
1776408792.280564 jaka_arm_right success 0.447252 -0.228774 -0.392085 -0.509410 -0.739636 -0.404256 0.173254 2.356167 0.861347 -2.285085 -0.882335 1.891815 -1.332620 -2.164898
1776408792.288920 jaka_arm_right success 0.446869 -0.229494 -0.391930 -0.506844 -0.738141 -0.409022 0.175949 2.353325 0.863238 -2.278871 -0.867495 1.902279 -1.341640 -2.184185
1776408792.297328 jaka_arm_right success 0.446518 -0.230082 -0.391437 -0.504950 -0.736233 -0.413298 0.179366 2.353399 0.866734 -2.273509 -0.847630 1.912658 -1.353402 -2.201975
1776408792.305543 jaka_arm_right success 0.446182 -0.230396 -0.391157 -0.502241 -0.733448 -0.419956 0.182882 2.356119 0.873952 -2.266364 -0.814720 1.925363 -1.369550 -2.230597
1776408792.314023 jaka_arm_right success 0.445804 -0.230828 -0.390490 -0.499797 -0.731799 -0.424581 0.185481 2.351300 0.873780 -2.260621 -0.807699 1.934718 -1.376469 -2.243055
1776408792.322304 jaka_arm_right success 0.445632 -0.231085 -0.390527 -0.494847 -0.730900 -0.432050 0.185052 2.346265 0.877890 -2.251782 -0.790573 1.945197 -1.382203 -2.272857
1776408792.330613 jaka_arm_right success 0.445446 -0.231707 -0.390141 -0.489371 -0.731137 -0.437421 0.186056 2.347904 0.882382 -2.246596 -0.768774 1.953342 -1.395638 -2.299686
1776408792.338960 jaka_arm_right success 0.444935 -0.231788 -0.389418 -0.486226 -0.728757 -0.443528 0.189157 2.348559 0.887223 -2.239210 -0.745913 1.965197 -1.409593 -2.322439
1776408792.355578 jaka_arm_right success 0.444293 -0.232386 -0.388346 -0.477958 -0.726411 -0.455362 0.191127 2.350549 0.893811 -2.232820 -0.704529 1.987781 -1.432679 -2.370927
1776408792.363949 jaka_arm_right success 0.443890 -0.232597 -0.387780 -0.473208 -0.724366 -0.462052 0.194620 2.355556 0.903769 -2.227482 -0.668412 1.996816 -1.450616 -2.401415
1776408792.372309 jaka_arm_right success 0.443520 -0.232631 -0.387171 -0.469097 -0.721168 -0.469661 0.198199 2.358163 0.912314 -2.220567 -0.633644 2.008371 -1.470876 -2.432167
1776408792.389035 jaka_arm_right success 0.442857 -0.232670 -0.385858 -0.460014 -0.716012 -0.483683 0.204361 2.371415 0.931027 -2.211149 -0.554666 2.025665 -1.514672 -2.494503
1776408792.397324 jaka_arm_right success 0.442543 -0.232681 -0.384980 -0.454993 -0.713826 -0.489672 0.208937 2.378957 0.938882 -2.215188 -0.520659 2.039165 -1.535119 -2.521170
1776408792.405554 jaka_arm_right success 0.442216 -0.232711 -0.384299 -0.449382 -0.712597 -0.495802 0.210811 2.393898 0.952461 -2.213719 -0.466647 2.042746 -1.561858 -2.560693
1776408792.414087 jaka_arm_right success 0.441840 -0.232376 -0.383430 -0.445093 -0.709921 -0.502098 0.214015 2.406776 0.953353 -2.260075 -0.436497 2.093205 -1.570796 -2.588491
1776408792.422292 jaka_arm_right success 0.441486 -0.232263 -0.382543 -0.440295 -0.708604 -0.507537 0.215471 2.430474 0.951416 -2.374789 -0.395133 2.203335 -1.570796 -2.633520
1776408792.430589 jaka_arm_right success 0.440878 -0.231887 -0.381238 -0.437693 -0.706192 -0.511822 0.218533 2.441955 0.948625 -2.458382 -0.377669 2.288238 -1.570796 -2.657945
1776408792.438924 jaka_arm_right success 0.440652 -0.231656 -0.380300 -0.433365 -0.705479 -0.516565 0.218301 2.465360 0.945922 -2.588106 -0.350848 2.411238 -1.570522 -2.695763
1776408792.447274 jaka_arm_right success 0.440328 -0.231303 -0.379311 -0.428893 -0.705053 -0.521225 0.217429 2.469555 0.944908 -2.633877 -0.345769 2.461447 -1.570796 -2.716167
1776408792.455564 jaka_arm_right success 0.440028 -0.230979 -0.378307 -0.423923 -0.704346 -0.525788 0.218479 2.517588 0.945523 -2.948751 -0.307781 2.752770 -1.570796 -2.784391
1776408792.464159 jaka_arm_right solver_failed 0.439629 -0.230633 -0.377200 -0.419559 -0.703299 -0.530658 0.218503 2.517588 0.945523 -2.948751 -0.307781 2.752770 -1.570796 -2.784391
1776408792.480909 jaka_arm_right solver_failed 0.438833 -0.229775 -0.375135 -0.411015 -0.698416 -0.541989 0.222554 2.517588 0.945523 -2.948751 -0.307781 2.752770 -1.570796 -2.784391
1776408792.489091 jaka_arm_right solver_failed 0.438700 -0.229388 -0.374530 -0.405645 -0.696404 -0.548328 0.223180 2.517588 0.945523 -2.948751 -0.307781 2.752770 -1.570796 -2.784391
1776408792.497463 jaka_arm_right solver_failed 0.438464 -0.228903 -0.373827 -0.400502 -0.693572 -0.555472 0.223620 2.517588 0.945523 -2.948751 -0.307781 2.752770 -1.570796 -2.784391
1776408792.505645 jaka_arm_right solver_failed 0.438240 -0.228685 -0.373164 -0.395485 -0.691147 -0.561269 0.225576 2.517588 0.945523 -2.948751 -0.307781 2.752770 -1.570796 -2.784391
1776408792.514026 jaka_arm_right solver_failed 0.438140 -0.228238 -0.372510 -0.390191 -0.687507 -0.568706 0.227283 2.517588 0.945523 -2.948751 -0.307781 2.752770 -1.570796 -2.784391
1776408792.522376 jaka_arm_right solver_failed 0.437921 -0.227944 -0.371752 -0.385148 -0.685354 -0.574087 0.228857 2.517588 0.945523 -2.948751 -0.307781 2.752770 -1.570796 -2.784391
1776408792.530713 jaka_arm_right solver_failed 0.437769 -0.227529 -0.371075 -0.379731 -0.682860 -0.579882 0.230745 2.517588 0.945523 -2.948751 -0.307781 2.752770 -1.570796 -2.784391
1776408792.538970 jaka_arm_right solver_failed 0.437224 -0.227158 -0.369899 -0.376471 -0.679586 -0.584624 0.233767 2.517588 0.945523 -2.948751 -0.307781 2.752770 -1.570796 -2.784391
1776408792.547338 jaka_arm_right solver_failed 0.436986 -0.226851 -0.369120 -0.372430 -0.678119 -0.588604 0.234510 2.517588 0.945523 -2.948751 -0.307781 2.752770 -1.570796 -2.784391
1776408792.555743 jaka_arm_right solver_failed 0.436625 -0.226478 -0.368184 -0.368330 -0.675603 -0.593361 0.236253 2.517588 0.945523 -2.948751 -0.307781 2.752770 -1.570796 -2.784391
1776408792.572365 jaka_arm_right solver_failed 0.436169 -0.225669 -0.366823 -0.360609 -0.671087 -0.603363 0.235705 2.517588 0.945523 -2.948751 -0.307781 2.752770 -1.570796 -2.784391
1776408792.580663 jaka_arm_right solver_failed 0.435975 -0.225531 -0.366160 -0.356973 -0.669781 -0.606893 0.235892 2.517588 0.945523 -2.948751 -0.307781 2.752770 -1.570796 -2.784391
1776408792.589206 jaka_arm_right solver_failed 0.435750 -0.225101 -0.365607 -0.353551 -0.667078 -0.611582 0.236592 2.517588 0.945523 -2.948751 -0.307781 2.752770 -1.570796 -2.784391
1776408792.597420 jaka_arm_right solver_failed 0.435596 -0.224753 -0.365035 -0.351168 -0.664271 -0.615950 0.236706 2.517588 0.945523 -2.948751 -0.307781 2.752770 -1.570796 -2.784391
1776408792.605628 jaka_arm_right solver_failed 0.435554 -0.224524 -0.364725 -0.347057 -0.662018 -0.620302 0.237717 2.517588 0.945523 -2.948751 -0.307781 2.752770 -1.570796 -2.784391
1776408792.614164 jaka_arm_right solver_failed 0.435670 -0.224241 -0.364489 -0.342366 -0.659554 -0.625445 0.237891 2.517588 0.945523 -2.948751 -0.307781 2.752770 -1.570796 -2.784391
1776408792.622394 jaka_arm_right solver_failed 0.435531 -0.224185 -0.364034 -0.338507 -0.656523 -0.629510 0.241055 2.517588 0.945523 -2.948751 -0.307781 2.752770 -1.570796 -2.784391
1776408792.630683 jaka_arm_right solver_failed 0.435445 -0.223799 -0.363770 -0.334927 -0.653189 -0.634611 0.241738 2.517588 0.945523 -2.948751 -0.307781 2.752770 -1.570796 -2.784391
1776408792.638972 jaka_arm_right solver_failed 0.435488 -0.223541 -0.363670 -0.331756 -0.650940 -0.638337 0.242367 2.517588 0.945523 -2.948751 -0.307781 2.752770 -1.570796 -2.784391
1776408792.647842 jaka_arm_right solver_failed 0.435439 -0.223370 -0.363447 -0.328942 -0.648198 -0.641742 0.244546 2.517588 0.945523 -2.948751 -0.307781 2.752770 -1.570796 -2.784391
1776408792.664046 jaka_arm_right solver_failed 0.435401 -0.222962 -0.363236 -0.324618 -0.643248 -0.648000 0.246882 2.517588 0.945523 -2.948751 -0.307781 2.752770 -1.570796 -2.784391
1776408792.672295 jaka_arm_right solver_failed 0.435357 -0.222670 -0.363122 -0.322520 -0.640189 -0.651181 0.249203 2.517588 0.945523 -2.948751 -0.307781 2.752770 -1.570796 -2.784391
1776408792.680604 jaka_arm_right solver_failed 0.435624 -0.222394 -0.363446 -0.319217 -0.638596 -0.654555 0.248705 2.517588 0.945523 -2.948751 -0.307781 2.752770 -1.570796 -2.784391
1776408792.689021 jaka_arm_right solver_failed 0.435746 -0.221989 -0.363638 -0.316614 -0.636461 -0.657554 0.249588 2.517588 0.945523 -2.948751 -0.307781 2.752770 -1.570796 -2.784391
1776408792.697435 jaka_arm_right solver_failed 0.435856 -0.221513 -0.363883 -0.314089 -0.634127 -0.660876 0.249949 2.517588 0.945523 -2.948751 -0.307781 2.752770 -1.570796 -2.784391
1776408792.705640 jaka_arm_right solver_failed 0.435836 -0.221155 -0.363987 -0.312784 -0.632246 -0.663065 0.250553 2.517588 0.945523 -2.948751 -0.307781 2.752770 -1.570796 -2.784391
1776408792.714101 jaka_arm_right solver_failed 0.435980 -0.220770 -0.364343 -0.310862 -0.631238 -0.665321 0.249504 2.517588 0.945523 -2.948751 -0.307781 2.752770 -1.570796 -2.784391
1776408792.722382 jaka_arm_right solver_failed 0.435982 -0.220296 -0.364615 -0.308812 -0.629610 -0.667587 0.250109 2.517588 0.945523 -2.948751 -0.307781 2.752770 -1.570796 -2.784391
1776408792.730709 jaka_arm_right solver_failed 0.436093 -0.219868 -0.364941 -0.307812 -0.628537 -0.669577 0.248715 2.517588 0.945523 -2.948751 -0.307781 2.752770 -1.570796 -2.784391
1776408792.739057 jaka_arm_right solver_failed 0.435985 -0.219564 -0.365106 -0.306459 -0.627806 -0.670524 0.249679 2.517588 0.945523 -2.948751 -0.307781 2.752770 -1.570796 -2.784391
1776408792.755673 jaka_arm_right solver_failed 0.436048 -0.218598 -0.365980 -0.304081 -0.625896 -0.673264 0.250010 2.517588 0.945523 -2.948751 -0.307781 2.752770 -1.570796 -2.784391
1776408792.764123 jaka_arm_right solver_failed 0.436228 -0.218253 -0.366520 -0.303306 -0.626138 -0.673939 0.248521 2.517588 0.945523 -2.948751 -0.307781 2.752770 -1.570796 -2.784391
1776408792.772339 jaka_arm_right solver_failed 0.436186 -0.217804 -0.367026 -0.302988 -0.625430 -0.674182 0.250030 2.517588 0.945523 -2.948751 -0.307781 2.752770 -1.570796 -2.784391
1776408792.780692 jaka_arm_right solver_failed 0.436410 -0.217450 -0.367700 -0.302505 -0.626060 -0.674526 0.248102 2.517588 0.945523 -2.948751 -0.307781 2.752770 -1.570796 -2.784391
1776408792.788991 jaka_arm_right solver_failed 0.436493 -0.216831 -0.368377 -0.301582 -0.624571 -0.676210 0.248394 2.517588 0.945523 -2.948751 -0.307781 2.752770 -1.570796 -2.784391
1776408792.797343 jaka_arm_right solver_failed 0.436808 -0.216461 -0.369282 -0.300075 -0.624652 -0.677424 0.246700 2.517588 0.945523 -2.948751 -0.307781 2.752770 -1.570796 -2.784391
1776408792.805629 jaka_arm_right solver_failed 0.436829 -0.216189 -0.369874 -0.300291 -0.623883 -0.677818 0.247302 2.517588 0.945523 -2.948751 -0.307781 2.752770 -1.570796 -2.784391
1776408792.814005 jaka_arm_right solver_failed 0.436854 -0.215724 -0.370492 -0.300236 -0.622509 -0.678779 0.248192 2.517588 0.945523 -2.948751 -0.307781 2.752770 -1.570796 -2.784391
1776408792.822377 jaka_arm_right solver_failed 0.436938 -0.215528 -0.371197 -0.300244 -0.622017 -0.679389 0.247747 2.517588 0.945523 -2.948751 -0.307781 2.752770 -1.570796 -2.784391
1776408792.830690 jaka_arm_right solver_failed 0.437036 -0.215087 -0.371953 -0.299694 -0.620046 -0.681330 0.248021 2.517588 0.945523 -2.948751 -0.307781 2.752770 -1.570796 -2.784391
1776408792.839032 jaka_arm_right solver_failed 0.437139 -0.214822 -0.372728 -0.299896 -0.619061 -0.682253 0.247704 2.517588 0.945523 -2.948751 -0.307781 2.752770 -1.570796 -2.784391
1776408792.847322 jaka_arm_right solver_failed 0.437332 -0.214497 -0.373605 -0.298218 -0.617613 -0.684307 0.247676 2.517588 0.945523 -2.948751 -0.307781 2.752770 -1.570796 -2.784391
1776408792.864109 jaka_arm_right solver_failed 0.437441 -0.214284 -0.374946 -0.296598 -0.614365 -0.687466 0.248951 2.517588 0.945523 -2.948751 -0.307781 2.752770 -1.570796 -2.784391
1776408792.872349 jaka_arm_right solver_failed 0.437474 -0.214202 -0.375520 -0.295516 -0.613282 -0.688450 0.250184 2.517588 0.945523 -2.948751 -0.307781 2.752770 -1.570796 -2.784391
1776408792.880770 jaka_arm_right solver_failed 0.437453 -0.214029 -0.376062 -0.294811 -0.611318 -0.690383 0.250494 2.517588 0.945523 -2.948751 -0.307781 2.752770 -1.570796 -2.784391
1776408792.888993 jaka_arm_right solver_failed 0.437544 -0.213902 -0.376686 -0.293260 -0.609202 -0.692833 0.250705 2.517588 0.945523 -2.948751 -0.307781 2.752770 -1.570796 -2.784391
1776408792.897373 jaka_arm_right solver_failed 0.437678 -0.213805 -0.377330 -0.291591 -0.607236 -0.695294 0.250611 2.517588 0.945523 -2.948751 -0.307781 2.752770 -1.570796 -2.784391
1776408792.905623 jaka_arm_right solver_failed 0.437745 -0.213774 -0.377874 -0.290855 -0.606203 -0.696914 0.249465 2.517588 0.945523 -2.948751 -0.307781 2.752770 -1.570796 -2.784391
1776408792.914113 jaka_arm_right solver_failed 0.437766 -0.213769 -0.378358 -0.289929 -0.604962 -0.698421 0.249340 2.517588 0.945523 -2.948751 -0.307781 2.752770 -1.570796 -2.784391
1776408792.922382 jaka_arm_right solver_failed 0.437703 -0.213735 -0.378864 -0.288042 -0.603026 -0.700273 0.251018 2.517588 0.945523 -2.948751 -0.307781 2.752770 -1.570796 -2.784391
1776408792.930676 jaka_arm_right solver_failed 0.437681 -0.213523 -0.379301 -0.287691 -0.601071 -0.702071 0.251086 2.517588 0.945523 -2.948751 -0.307781 2.752770 -1.570796 -2.784391
1776408792.938987 jaka_arm_right solver_failed 0.437722 -0.213328 -0.379753 -0.286808 -0.599314 -0.703877 0.251239 2.517588 0.945523 -2.948751 -0.307781 2.752770 -1.570796 -2.784391
1776408792.955699 jaka_arm_right solver_failed 0.437888 -0.213210 -0.380544 -0.285405 -0.597459 -0.706028 0.251220 2.517588 0.945523 -2.948751 -0.307781 2.752770 -1.570796 -2.784391
1776408792.972331 jaka_arm_right solver_failed 0.437891 -0.212785 -0.381235 -0.285502 -0.596283 -0.707109 0.250863 2.517588 0.945523 -2.948751 -0.307781 2.752770 -1.570796 -2.784391
1776408792.980722 jaka_arm_right solver_failed 0.437925 -0.212690 -0.381579 -0.285630 -0.596457 -0.707092 0.250351 2.517588 0.945523 -2.948751 -0.307781 2.752770 -1.570796 -2.784391
1776408792.989104 jaka_arm_right solver_failed 0.437987 -0.212495 -0.381893 -0.284924 -0.595744 -0.708152 0.249856 2.517588 0.945523 -2.948751 -0.307781 2.752770 -1.570796 -2.784391
1776408792.997339 jaka_arm_right solver_failed 0.437982 -0.212151 -0.382217 -0.284580 -0.594025 -0.709586 0.250272 2.517588 0.945523 -2.948751 -0.307781 2.752770 -1.570796 -2.784391
1776408793.005594 jaka_arm_right solver_failed 0.438131 -0.211832 -0.382681 -0.283845 -0.593235 -0.710960 0.249077 2.517588 0.945523 -2.948751 -0.307781 2.752770 -1.570796 -2.784391
1776408793.014099 jaka_arm_right solver_failed 0.438389 -0.211730 -0.383195 -0.282493 -0.593302 -0.711651 0.248484 2.517588 0.945523 -2.948751 -0.307781 2.752770 -1.570796 -2.784391
1776408793.022372 jaka_arm_right solver_failed 0.438560 -0.211378 -0.383753 -0.281329 -0.592906 -0.712563 0.248134 2.517588 0.945523 -2.948751 -0.307781 2.752770 -1.570796 -2.784391
1776408793.030646 jaka_arm_right solver_failed 0.438570 -0.211127 -0.384091 -0.280288 -0.591517 -0.713465 0.250029 2.517588 0.945523 -2.948751 -0.307781 2.752770 -1.570796 -2.784391
1776408793.038997 jaka_arm_right solver_failed 0.438763 -0.210870 -0.384510 -0.279770 -0.591028 -0.714218 0.249614 2.517588 0.945523 -2.948751 -0.307781 2.752770 -1.570796 -2.784391
1776408793.047400 jaka_arm_right solver_failed 0.438866 -0.210464 -0.384833 -0.278883 -0.589553 -0.715215 0.251236 2.517588 0.945523 -2.948751 -0.307781 2.752770 -1.570796 -2.784391
1776408793.064061 jaka_arm_right solver_failed 0.438954 -0.209917 -0.385436 -0.278192 -0.589217 -0.715532 0.251886 2.517588 0.945523 -2.948751 -0.307781 2.752770 -1.570796 -2.784391
1776408793.076810 jaka_arm_right solver_failed 0.438821 -0.209403 -0.385529 -0.279143 -0.587707 -0.716124 0.252677 2.517588 0.945523 -2.948751 -0.307781 2.752770 -1.570796 -2.784391
1776408793.081172 jaka_arm_right solver_failed 0.438837 -0.208987 -0.385672 -0.280017 -0.586583 -0.716756 0.252532 2.517588 0.945523 -2.948751 -0.307781 2.752770 -1.570796 -2.784391
1776408793.089021 jaka_arm_right solver_failed 0.438746 -0.208819 -0.385782 -0.280742 -0.586592 -0.715996 0.253857 2.517588 0.945523 -2.948751 -0.307781 2.752770 -1.570796 -2.784391
1776408793.097387 jaka_arm_right solver_failed 0.438884 -0.208440 -0.386092 -0.280342 -0.586110 -0.716784 0.253190 2.517588 0.945523 -2.948751 -0.307781 2.752770 -1.570796 -2.784391
1776408793.105651 jaka_arm_right solver_failed 0.439000 -0.208112 -0.386367 -0.280897 -0.585783 -0.717006 0.252700 2.517588 0.945523 -2.948751 -0.307781 2.752770 -1.570796 -2.784391
1776408793.114017 jaka_arm_right solver_failed 0.439123 -0.207505 -0.386595 -0.280796 -0.584255 -0.718249 0.252818 2.517588 0.945523 -2.948751 -0.307781 2.752770 -1.570796 -2.784391
1776408793.122400 jaka_arm_right solver_failed 0.439374 -0.206973 -0.386999 -0.280145 -0.583726 -0.719280 0.251830 2.517588 0.945523 -2.948751 -0.307781 2.752770 -1.570796 -2.784391
1776408793.130750 jaka_arm_right solver_failed 0.439665 -0.206586 -0.387433 -0.278690 -0.583910 -0.720158 0.250506 2.517588 0.945523 -2.948751 -0.307781 2.752770 -1.570796 -2.784391
1776408793.138979 jaka_arm_right solver_failed 0.439591 -0.206129 -0.387578 -0.278767 -0.583025 -0.720466 0.251592 2.517588 0.945523 -2.948751 -0.307781 2.752770 -1.570796 -2.784391
1776408793.155670 jaka_arm_right solver_failed 0.439508 -0.205468 -0.387741 -0.278478 -0.581606 -0.721041 0.253542 2.517588 0.945523 -2.948751 -0.307781 2.752770 -1.570796 -2.784391
1776408793.164073 jaka_arm_right solver_failed 0.439606 -0.205037 -0.388004 -0.277773 -0.581383 -0.721924 0.252314 2.517588 0.945523 -2.948751 -0.307781 2.752770 -1.570796 -2.784391
1776408793.172340 jaka_arm_right solver_failed 0.439619 -0.204847 -0.388179 -0.276717 -0.581617 -0.721920 0.252943 2.517588 0.945523 -2.948751 -0.307781 2.752770 -1.570796 -2.784391
1776408793.180635 jaka_arm_right solver_failed 0.439730 -0.204568 -0.388340 -0.275902 -0.581177 -0.722887 0.252084 2.517588 0.945523 -2.948751 -0.307781 2.752770 -1.570796 -2.784391
1776408793.188991 jaka_arm_right solver_failed 0.439795 -0.204396 -0.388404 -0.274985 -0.580833 -0.723517 0.252069 2.517588 0.945523 -2.948751 -0.307781 2.752770 -1.570796 -2.784391
1776408793.197378 jaka_arm_right solver_failed 0.439722 -0.204278 -0.388377 -0.274587 -0.580300 -0.724136 0.251952 2.517588 0.945523 -2.948751 -0.307781 2.752770 -1.570796 -2.784391
1776408793.205706 jaka_arm_right solver_failed 0.439724 -0.204165 -0.388504 -0.273998 -0.580333 -0.724935 0.250216 2.517588 0.945523 -2.948751 -0.307781 2.752770 -1.570796 -2.784391
1776408793.214001 jaka_arm_right solver_failed 0.439377 -0.204238 -0.388325 -0.275055 -0.580024 -0.724729 0.250370 2.517588 0.945523 -2.948751 -0.307781 2.752770 -1.570796 -2.784391
1776408793.222363 jaka_arm_right solver_failed 0.439143 -0.204369 -0.388137 -0.276098 -0.579723 -0.724676 0.250074 2.517588 0.945523 -2.948751 -0.307781 2.752770 -1.570796 -2.784391
1776408793.230689 jaka_arm_right solver_failed 0.438961 -0.204586 -0.388002 -0.276121 -0.578645 -0.725216 0.250975 2.517588 0.945523 -2.948751 -0.307781 2.752770 -1.570796 -2.784391
1776408793.247387 jaka_arm_right solver_failed 0.439072 -0.204622 -0.388021 -0.275441 -0.576120 -0.728582 0.247763 2.517588 0.945523 -2.948751 -0.307781 2.752770 -1.570796 -2.784391
1776408793.255729 jaka_arm_right solver_failed 0.438788 -0.205008 -0.387653 -0.274771 -0.574680 -0.729065 0.250415 2.517588 0.945523 -2.948751 -0.307781 2.752770 -1.570796 -2.784391
1776408793.264107 jaka_arm_right solver_failed 0.438820 -0.205208 -0.387577 -0.274021 -0.573636 -0.730996 0.247992 2.517588 0.945523 -2.948751 -0.307781 2.752770 -1.570796 -2.784391
1776408793.272381 jaka_arm_right solver_failed 0.438632 -0.205524 -0.387312 -0.274252 -0.572414 -0.731873 0.247971 2.517588 0.945523 -2.948751 -0.307781 2.752770 -1.570796 -2.784391
1776408793.280653 jaka_arm_right solver_failed 0.438669 -0.205714 -0.387270 -0.273199 -0.571517 -0.733995 0.244911 2.517588 0.945523 -2.948751 -0.307781 2.752770 -1.570796 -2.784391
1776408793.289071 jaka_arm_right solver_failed 0.438369 -0.206446 -0.386970 -0.273741 -0.571873 -0.733799 0.244060 2.517588 0.945523 -2.948751 -0.307781 2.752770 -1.570796 -2.784391
1776408793.297392 jaka_arm_right solver_failed 0.438263 -0.206725 -0.386789 -0.273673 -0.570876 -0.735492 0.241362 2.517588 0.945523 -2.948751 -0.307781 2.752770 -1.570796 -2.784391
1776408793.305613 jaka_arm_right solver_failed 0.438221 -0.207143 -0.386683 -0.272807 -0.569318 -0.737820 0.238902 2.517588 0.945523 -2.948751 -0.307781 2.752770 -1.570796 -2.784391
1776408793.313991 jaka_arm_right solver_failed 0.437981 -0.207607 -0.386560 -0.273318 -0.568367 -0.738806 0.237532 2.517588 0.945523 -2.948751 -0.307781 2.752770 -1.570796 -2.784391
1776408793.322425 jaka_arm_right solver_failed 0.437937 -0.208021 -0.386470 -0.272887 -0.566611 -0.741129 0.234972 2.517588 0.945523 -2.948751 -0.307781 2.752770 -1.570796 -2.784391
1776408793.330664 jaka_arm_right solver_failed 0.437440 -0.208618 -0.386230 -0.274473 -0.565007 -0.740966 0.237487 2.517588 0.945523 -2.948751 -0.307781 2.752770 -1.570796 -2.784391
1776408793.339016 jaka_arm_right solver_failed 0.437503 -0.209060 -0.386329 -0.273167 -0.563171 -0.743044 0.236861 2.517588 0.945523 -2.948751 -0.307781 2.752770 -1.570796 -2.784391
1776408793.347341 jaka_arm_right solver_failed 0.437390 -0.209646 -0.386399 -0.273971 -0.562453 -0.743207 0.237128 2.517588 0.945523 -2.948751 -0.307781 2.752770 -1.570796 -2.784391
1776408793.355665 jaka_arm_right solver_failed 0.437294 -0.209995 -0.386441 -0.274210 -0.559493 -0.745238 0.237481 2.517588 0.945523 -2.948751 -0.307781 2.752770 -1.570796 -2.784391
1776408793.372365 jaka_arm_right solver_failed 0.437456 -0.210617 -0.387107 -0.273116 -0.557425 -0.747629 0.236085 2.517588 0.945523 -2.948751 -0.307781 2.752770 -1.570796 -2.784391
1776408793.380816 jaka_arm_right solver_failed 0.437217 -0.210756 -0.387185 -0.273951 -0.555695 -0.748164 0.237495 2.517588 0.945523 -2.948751 -0.307781 2.752770 -1.570796 -2.784391
1776408793.389040 jaka_arm_right solver_failed 0.437392 -0.210828 -0.387691 -0.274037 -0.554777 -0.749408 0.235615 2.517588 0.945523 -2.948751 -0.307781 2.752770 -1.570796 -2.784391
1776408793.397383 jaka_arm_right solver_failed 0.437498 -0.210956 -0.388075 -0.274082 -0.553550 -0.750402 0.235284 2.517588 0.945523 -2.948751 -0.307781 2.752770 -1.570796 -2.784391
1776408793.405643 jaka_arm_right solver_failed 0.437626 -0.211169 -0.388617 -0.273873 -0.553017 -0.750880 0.235254 2.517588 0.945523 -2.948751 -0.307781 2.752770 -1.570796 -2.784391
1776408793.414100 jaka_arm_right solver_failed 0.437541 -0.211164 -0.389086 -0.274822 -0.551342 -0.751711 0.235427 2.517588 0.945523 -2.948751 -0.307781 2.752770 -1.570796 -2.784391
1776408793.422369 jaka_arm_right solver_failed 0.437340 -0.211191 -0.389445 -0.275755 -0.549347 -0.752402 0.236787 2.517588 0.945523 -2.948751 -0.307781 2.752770 -1.570796 -2.784391
1776408793.430750 jaka_arm_right solver_failed 0.437135 -0.211426 -0.389881 -0.276580 -0.548007 -0.752954 0.237175 2.517588 0.945523 -2.948751 -0.307781 2.752770 -1.570796 -2.784391
1776408793.438949 jaka_arm_right solver_failed 0.437247 -0.211418 -0.390517 -0.276420 -0.546637 -0.754478 0.235678 2.517588 0.945523 -2.948751 -0.307781 2.752770 -1.570796 -2.784391
1776408793.447411 jaka_arm_right solver_failed 0.437139 -0.211522 -0.391095 -0.277363 -0.545731 -0.754658 0.236091 2.517588 0.945523 -2.948751 -0.307781 2.752770 -1.570796 -2.784391
1776408793.464086 jaka_arm_right solver_failed 0.436858 -0.211484 -0.392053 -0.279210 -0.542388 -0.755541 0.238779 2.517588 0.945523 -2.948751 -0.307781 2.752770 -1.570796 -2.784391
1776408793.472327 jaka_arm_right solver_failed 0.436840 -0.211588 -0.392657 -0.279948 -0.541342 -0.755917 0.239097 2.517588 0.945523 -2.948751 -0.307781 2.752770 -1.570796 -2.784391
1776408793.480693 jaka_arm_right solver_failed 0.437108 -0.211508 -0.393568 -0.279928 -0.540577 -0.757031 0.237320 2.517588 0.945523 -2.948751 -0.307781 2.752770 -1.570796 -2.784391
1776408793.488960 jaka_arm_right solver_failed 0.437057 -0.211573 -0.394198 -0.281045 -0.539476 -0.757400 0.237328 2.517588 0.945523 -2.948751 -0.307781 2.752770 -1.570796 -2.784391
1776408793.497322 jaka_arm_right solver_failed 0.437067 -0.211532 -0.394777 -0.282320 -0.538221 -0.757831 0.237288 2.517588 0.945523 -2.948751 -0.307781 2.752770 -1.570796 -2.784391
1776408793.505627 jaka_arm_right solver_failed 0.437197 -0.211551 -0.395475 -0.283557 -0.536711 -0.758996 0.235503 2.517588 0.945523 -2.948751 -0.307781 2.752770 -1.570796 -2.784391
1776408793.513997 jaka_arm_right solver_failed 0.437019 -0.211584 -0.395924 -0.284651 -0.535130 -0.759087 0.237481 2.517588 0.945523 -2.948751 -0.307781 2.752770 -1.570796 -2.784391
1776408793.522371 jaka_arm_right solver_failed 0.437426 -0.211477 -0.396796 -0.284068 -0.534051 -0.761100 0.234138 2.517588 0.945523 -2.948751 -0.307781 2.752770 -1.570796 -2.784391
1776408793.530668 jaka_arm_right solver_failed 0.437256 -0.211634 -0.397125 -0.285800 -0.532963 -0.760767 0.235590 2.517588 0.945523 -2.948751 -0.307781 2.752770 -1.570796 -2.784391
1776408793.538945 jaka_arm_right solver_failed 0.437234 -0.211724 -0.397649 -0.286490 -0.532487 -0.760832 0.235616 2.517588 0.945523 -2.948751 -0.307781 2.752770 -1.570796 -2.784391
1776408793.555653 jaka_arm_right solver_failed 0.437332 -0.211711 -0.398386 -0.287087 -0.529880 -0.762175 0.236427 2.517588 0.945523 -2.948751 -0.307781 2.752770 -1.570796 -2.784391
1776408793.564066 jaka_arm_right solver_failed 0.437401 -0.211661 -0.398701 -0.286351 -0.528843 -0.762860 0.237430 2.517588 0.945523 -2.948751 -0.307781 2.752770 -1.570796 -2.784391
1776408793.572338 jaka_arm_right solver_failed 0.437132 -0.211628 -0.398750 -0.287287 -0.527579 -0.762478 0.240321 2.517588 0.945523 -2.948751 -0.307781 2.752770 -1.570796 -2.784391
1776408793.580645 jaka_arm_right solver_failed 0.437068 -0.211450 -0.398913 -0.287879 -0.527066 -0.762307 0.241278 2.517588 0.945523 -2.948751 -0.307781 2.752770 -1.570796 -2.784391
1776408793.589034 jaka_arm_right solver_failed 0.437184 -0.211105 -0.399162 -0.287209 -0.525942 -0.763289 0.241425 2.517588 0.945523 -2.948751 -0.307781 2.752770 -1.570796 -2.784391
1776408793.597392 jaka_arm_right solver_failed 0.437554 -0.210673 -0.399625 -0.286025 -0.526108 -0.764450 0.238780 2.517588 0.945523 -2.948751 -0.307781 2.752770 -1.570796 -2.784391
1776408793.605697 jaka_arm_right solver_failed 0.437601 -0.210406 -0.399722 -0.285024 -0.526025 -0.764878 0.238789 2.517588 0.945523 -2.948751 -0.307781 2.752770 -1.570796 -2.784391
1776408793.614017 jaka_arm_right solver_failed 0.437303 -0.210259 -0.399546 -0.285336 -0.526106 -0.763992 0.241063 2.517588 0.945523 -2.948751 -0.307781 2.752770 -1.570796 -2.784391
1776408793.622380 jaka_arm_right solver_failed 0.437169 -0.209901 -0.399413 -0.285544 -0.526148 -0.763748 0.241500 2.517588 0.945523 -2.948751 -0.307781 2.752770 -1.570796 -2.784391
1776408793.630661 jaka_arm_right solver_failed 0.437255 -0.209489 -0.399458 -0.284822 -0.527002 -0.764047 0.239535 2.517588 0.945523 -2.948751 -0.307781 2.752770 -1.570796 -2.784391
1776408793.647416 jaka_arm_right solver_failed 0.437014 -0.208911 -0.399302 -0.284798 -0.530005 -0.762261 0.238626 2.517588 0.945523 -2.948751 -0.307781 2.752770 -1.570796 -2.784391
1776408793.655729 jaka_arm_right solver_failed 0.437193 -0.208363 -0.399362 -0.284055 -0.530006 -0.763524 0.235452 2.517588 0.945523 -2.948751 -0.307781 2.752770 -1.570796 -2.784391
1776408793.664052 jaka_arm_right solver_failed 0.436893 -0.207933 -0.399075 -0.284739 -0.529898 -0.763120 0.236176 2.517588 0.945523 -2.948751 -0.307781 2.752770 -1.570796 -2.784391
1776408793.672374 jaka_arm_right solver_failed 0.436400 -0.207865 -0.398712 -0.284919 -0.530481 -0.761593 0.239556 2.517588 0.945523 -2.948751 -0.307781 2.752770 -1.570796 -2.784391
1776408793.680727 jaka_arm_right solver_failed 0.436619 -0.207557 -0.399069 -0.283561 -0.532376 -0.761819 0.236221 2.517588 0.945523 -2.948751 -0.307781 2.752770 -1.570796 -2.784391
1776408793.689003 jaka_arm_right solver_failed 0.436755 -0.207310 -0.399275 -0.283068 -0.533266 -0.762127 0.233800 2.517588 0.945523 -2.948751 -0.307781 2.752770 -1.570796 -2.784391
1776408793.697364 jaka_arm_right solver_failed 0.436589 -0.207198 -0.399237 -0.283800 -0.533522 -0.761551 0.234207 2.517588 0.945523 -2.948751 -0.307781 2.752770 -1.570796 -2.784391
1776408793.705637 jaka_arm_right solver_failed 0.436462 -0.206917 -0.399211 -0.284211 -0.533384 -0.761336 0.234720 2.517588 0.945523 -2.948751 -0.307781 2.752770 -1.570796 -2.784391
1776408793.714067 jaka_arm_right solver_failed 0.436374 -0.206785 -0.399222 -0.284888 -0.533295 -0.761173 0.234629 2.517588 0.945523 -2.948751 -0.307781 2.752770 -1.570796 -2.784391
1776408793.722335 jaka_arm_right solver_failed 0.436179 -0.206597 -0.399186 -0.285764 -0.532295 -0.761225 0.235665 2.517588 0.945523 -2.948751 -0.307781 2.752770 -1.570796 -2.784391
1776408793.730650 jaka_arm_right solver_failed 0.436085 -0.206559 -0.399224 -0.286332 -0.532064 -0.761040 0.236092 2.517588 0.945523 -2.948751 -0.307781 2.752770 -1.570796 -2.784391
1776408793.739003 jaka_arm_right solver_failed 0.436167 -0.206549 -0.399416 -0.286330 -0.531942 -0.761388 0.235247 2.517588 0.945523 -2.948751 -0.307781 2.752770 -1.570796 -2.784391
1776408793.747421 jaka_arm_right solver_failed 0.436059 -0.206630 -0.399499 -0.287114 -0.532064 -0.760707 0.236214 2.517588 0.945523 -2.948751 -0.307781 2.752770 -1.570796 -2.784391
1776408793.755637 jaka_arm_right solver_failed 0.436150 -0.206616 -0.399718 -0.287006 -0.532363 -0.760719 0.235633 2.517588 0.945523 -2.948751 -0.307781 2.752770 -1.570796 -2.784391
1776408793.772326 jaka_arm_right solver_failed 0.436060 -0.206709 -0.399809 -0.287676 -0.532241 -0.760244 0.236625 2.517588 0.945523 -2.948751 -0.307781 2.752770 -1.570796 -2.784391
1776408793.780665 jaka_arm_right solver_failed 0.436041 -0.206697 -0.399848 -0.288055 -0.531996 -0.760333 0.236429 2.517588 0.945523 -2.948751 -0.307781 2.752770 -1.570796 -2.784391
1776408793.789186 jaka_arm_right solver_failed 0.436205 -0.206622 -0.400045 -0.287830 -0.531707 -0.761212 0.234517 2.517588 0.945523 -2.948751 -0.307781 2.752770 -1.570796 -2.784391
1776408793.797363 jaka_arm_right solver_failed 0.436081 -0.206775 -0.400055 -0.288123 -0.531590 -0.761062 0.234910 2.517588 0.945523 -2.948751 -0.307781 2.752770 -1.570796 -2.784391
1776408793.805683 jaka_arm_right solver_failed 0.436022 -0.206819 -0.400011 -0.288331 -0.530676 -0.761567 0.235081 2.517588 0.945523 -2.948751 -0.307781 2.752770 -1.570796 -2.784391
1776408793.814028 jaka_arm_right solver_failed 0.435983 -0.206803 -0.400024 -0.288600 -0.529940 -0.762058 0.234821 2.517588 0.945523 -2.948751 -0.307781 2.752770 -1.570796 -2.784391
1776408793.822396 jaka_arm_right solver_failed 0.435992 -0.206837 -0.400090 -0.288170 -0.529612 -0.762483 0.234708 2.517588 0.945523 -2.948751 -0.307781 2.752770 -1.570796 -2.784391
1776408793.830646 jaka_arm_right solver_failed 0.436154 -0.206800 -0.400258 -0.287381 -0.529522 -0.763361 0.233020 2.517588 0.945523 -2.948751 -0.307781 2.752770 -1.570796 -2.784391
1776408793.839144 jaka_arm_right solver_failed 0.436137 -0.206655 -0.400232 -0.287323 -0.528643 -0.764138 0.232539 2.517588 0.945523 -2.948751 -0.307781 2.752770 -1.570796 -2.784391
1776408793.847490 jaka_arm_right solver_failed 0.436117 -0.206663 -0.400179 -0.286863 -0.528701 -0.764317 0.232388 2.517588 0.945523 -2.948751 -0.307781 2.752770 -1.570796 -2.784391
1776408793.864013 jaka_arm_right solver_failed 0.436038 -0.206524 -0.399953 -0.286054 -0.528434 -0.764950 0.231909 2.517588 0.945523 -2.948751 -0.307781 2.752770 -1.570796 -2.784391
1776408793.872269 jaka_arm_right solver_failed 0.435859 -0.206691 -0.399760 -0.285902 -0.529537 -0.764080 0.232449 2.517588 0.945523 -2.948751 -0.307781 2.752770 -1.570796 -2.784391
1776408793.880754 jaka_arm_right solver_failed 0.435843 -0.206681 -0.399669 -0.285311 -0.530254 -0.764254 0.230962 2.517588 0.945523 -2.948751 -0.307781 2.752770 -1.570796 -2.784391
1776408793.889058 jaka_arm_right solver_failed 0.435556 -0.206777 -0.399387 -0.285742 -0.530494 -0.763653 0.231865 2.517588 0.945523 -2.948751 -0.307781 2.752770 -1.570796 -2.784391
1776408793.897372 jaka_arm_right solver_failed 0.435445 -0.206745 -0.399216 -0.286382 -0.530618 -0.763719 0.230573 2.517588 0.945523 -2.948751 -0.307781 2.752770 -1.570796 -2.784391
1776408793.905623 jaka_arm_right solver_failed 0.435473 -0.206578 -0.399176 -0.286400 -0.530154 -0.764705 0.228336 2.517588 0.945523 -2.948751 -0.307781 2.752770 -1.570796 -2.784391
1776408793.914055 jaka_arm_right solver_failed 0.435438 -0.206611 -0.399092 -0.286701 -0.530607 -0.764539 0.227461 2.517588 0.945523 -2.948751 -0.307781 2.752770 -1.570796 -2.784391
1776408793.922324 jaka_arm_right solver_failed 0.435364 -0.206511 -0.399009 -0.286804 -0.530261 -0.764931 0.226818 2.517588 0.945523 -2.948751 -0.307781 2.752770 -1.570796 -2.784391
1776408793.930719 jaka_arm_right solver_failed 0.435217 -0.206515 -0.398791 -0.287128 -0.529739 -0.764949 0.227567 2.517588 0.945523 -2.948751 -0.307781 2.752770 -1.570796 -2.784391
1776408793.938947 jaka_arm_right solver_failed 0.435381 -0.206349 -0.398827 -0.286357 -0.529321 -0.765921 0.226237 2.517588 0.945523 -2.948751 -0.307781 2.752770 -1.570796 -2.784391
1776408793.947446 jaka_arm_right solver_failed 0.435251 -0.206380 -0.398725 -0.286596 -0.529393 -0.765395 0.227542 2.517588 0.945523 -2.948751 -0.307781 2.752770 -1.570796 -2.784391
1776408793.955676 jaka_arm_right solver_failed 0.435225 -0.206411 -0.398725 -0.286910 -0.529445 -0.765217 0.227626 2.517588 0.945523 -2.948751 -0.307781 2.752770 -1.570796 -2.784391
1776408793.964028 jaka_arm_right solver_failed 0.435412 -0.206305 -0.398825 -0.286364 -0.528972 -0.766149 0.226277 2.517588 0.945523 -2.948751 -0.307781 2.752770 -1.570796 -2.784391
1776408793.972363 jaka_arm_right solver_failed 0.435421 -0.206309 -0.398843 -0.286334 -0.528765 -0.766310 0.226250 2.517588 0.945523 -2.948751 -0.307781 2.752770 -1.570796 -2.784391
1776408793.980649 jaka_arm_right solver_failed 0.435369 -0.206409 -0.398857 -0.286783 -0.528937 -0.765947 0.226509 2.517588 0.945523 -2.948751 -0.307781 2.752770 -1.570796 -2.784391
1776408793.989048 jaka_arm_right solver_failed 0.435358 -0.206439 -0.398880 -0.286905 -0.528870 -0.765956 0.226482 2.517588 0.945523 -2.948751 -0.307781 2.752770 -1.570796 -2.784391
1776408793.997370 jaka_arm_right solver_failed 0.435433 -0.206414 -0.398966 -0.286838 -0.528761 -0.766265 0.225774 2.517588 0.945523 -2.948751 -0.307781 2.752770 -1.570796 -2.784391
1776408794.014022 jaka_arm_right solver_failed 0.435227 -0.206588 -0.398919 -0.287563 -0.529385 -0.765092 0.227364 2.517588 0.945523 -2.948751 -0.307781 2.752770 -1.570796 -2.784391
1776408794.022372 jaka_arm_right solver_failed 0.435480 -0.206352 -0.399213 -0.287003 -0.529106 -0.766130 0.225212 2.517588 0.945523 -2.948751 -0.307781 2.752770 -1.570796 -2.784391
1776408794.030687 jaka_arm_right solver_failed 0.435344 -0.206373 -0.399192 -0.287394 -0.529071 -0.765704 0.226245 2.517588 0.945523 -2.948751 -0.307781 2.752770 -1.570796 -2.784391
1776408794.047468 jaka_arm_right solver_failed 0.435333 -0.206266 -0.399264 -0.286831 -0.528820 -0.765931 0.226775 2.517588 0.945523 -2.948751 -0.307781 2.752770 -1.570796 -2.784391
1776408794.055651 jaka_arm_right solver_failed 0.435046 -0.206398 -0.399119 -0.287632 -0.529095 -0.764712 0.229220 2.517588 0.945523 -2.948751 -0.307781 2.752770 -1.570796 -2.784391
1776408794.064100 jaka_arm_right solver_failed 0.435018 -0.206386 -0.399126 -0.287545 -0.529019 -0.764572 0.229970 2.517588 0.945523 -2.948751 -0.307781 2.752770 -1.570796 -2.784391
1776408794.080720 jaka_arm_right solver_failed 0.435041 -0.206290 -0.399202 -0.287674 -0.529092 -0.764145 0.231058 2.517588 0.945523 -2.948751 -0.307781 2.752770 -1.570796 -2.784391
1776408794.089019 jaka_arm_right solver_failed 0.435146 -0.206223 -0.399277 -0.287745 -0.528973 -0.764345 0.230581 2.517588 0.945523 -2.948751 -0.307781 2.752770 -1.570796 -2.784391
1776408794.097396 jaka_arm_right solver_failed 0.435286 -0.206105 -0.399338 -0.287660 -0.528811 -0.764831 0.229444 2.517588 0.945523 -2.948751 -0.307781 2.752770 -1.570796 -2.784391
1776408794.105654 jaka_arm_right solver_failed 0.435082 -0.206186 -0.399174 -0.288847 -0.529240 -0.763876 0.230141 2.517588 0.945523 -2.948751 -0.307781 2.752770 -1.570796 -2.784391
1776408794.114207 jaka_arm_right solver_failed 0.434939 -0.206247 -0.399021 -0.289685 -0.529952 -0.763227 0.229606 2.517588 0.945523 -2.948751 -0.307781 2.752770 -1.570796 -2.784391
1776408794.122375 jaka_arm_right solver_failed 0.434775 -0.206275 -0.398851 -0.290538 -0.530580 -0.762744 0.228677 2.517588 0.945523 -2.948751 -0.307781 2.752770 -1.570796 -2.784391
1776408794.130671 jaka_arm_right solver_failed 0.434659 -0.206184 -0.398640 -0.291198 -0.531271 -0.762671 0.226468 2.517588 0.945523 -2.948751 -0.307781 2.752770 -1.570796 -2.784391
1776408794.138990 jaka_arm_right solver_failed 0.434400 -0.206115 -0.398333 -0.292220 -0.532067 -0.762212 0.224821 2.517588 0.945523 -2.948751 -0.307781 2.752770 -1.570796 -2.784391
1776408794.147346 jaka_arm_right solver_failed 0.434367 -0.206028 -0.398165 -0.292873 -0.533029 -0.762309 0.221339 2.517588 0.945523 -2.948751 -0.307781 2.752770 -1.570796 -2.784391
1776408794.155725 jaka_arm_right solver_failed 0.434103 -0.206029 -0.397885 -0.293179 -0.534014 -0.761759 0.220451 2.517588 0.945523 -2.948751 -0.307781 2.752770 -1.570796 -2.784391
1776408794.172370 jaka_arm_right solver_failed 0.433512 -0.206137 -0.397281 -0.295573 -0.535511 -0.759971 0.219793 2.517588 0.945523 -2.948751 -0.307781 2.752770 -1.570796 -2.784391
1776408794.180699 jaka_arm_right solver_failed 0.433389 -0.206034 -0.397116 -0.296430 -0.535649 -0.759807 0.218868 2.517588 0.945523 -2.948751 -0.307781 2.752770 -1.570796 -2.784391
1776408794.189031 jaka_arm_right solver_failed 0.433067 -0.206137 -0.396871 -0.297730 -0.535646 -0.758926 0.220163 2.517588 0.945523 -2.948751 -0.307781 2.752770 -1.570796 -2.784391
1776408794.197386 jaka_arm_right solver_failed 0.433051 -0.206052 -0.396859 -0.298645 -0.535313 -0.759298 0.218443 2.517588 0.945523 -2.948751 -0.307781 2.752770 -1.570796 -2.784391
1776408794.205627 jaka_arm_right solver_failed 0.432921 -0.206041 -0.396798 -0.300157 -0.534594 -0.759419 0.217711 2.517588 0.945523 -2.948751 -0.307781 2.752770 -1.570796 -2.784391
1776408794.213989 jaka_arm_right solver_failed 0.432772 -0.206039 -0.396654 -0.302084 -0.533634 -0.759286 0.217867 2.517588 0.945523 -2.948751 -0.307781 2.752770 -1.570796 -2.784391
1776408794.222340 jaka_arm_right solver_failed 0.433045 -0.205906 -0.396735 -0.303045 -0.532495 -0.760361 0.215556 2.517588 0.945523 -2.948751 -0.307781 2.752770 -1.570796 -2.784391
1776408794.230689 jaka_arm_right solver_failed 0.433137 -0.205887 -0.396766 -0.304332 -0.532067 -0.760487 0.214350 2.517588 0.945523 -2.948751 -0.307781 2.752770 -1.570796 -2.784391
1776408794.238971 jaka_arm_right solver_failed 0.432918 -0.206074 -0.396602 -0.306175 -0.531604 -0.759557 0.216164 2.517588 0.945523 -2.948751 -0.307781 2.752770 -1.570796 -2.784391
1776408794.247397 jaka_arm_right solver_failed 0.433033 -0.206072 -0.396714 -0.306500 -0.530836 -0.760035 0.215910 2.517588 0.945523 -2.948751 -0.307781 2.752770 -1.570796 -2.784391
1776408794.264064 jaka_arm_right solver_failed 0.432877 -0.206344 -0.396741 -0.308373 -0.529776 -0.759445 0.217913 2.517588 0.945523 -2.948751 -0.307781 2.752770 -1.570796 -2.784391
1776408794.272318 jaka_arm_right solver_failed 0.433103 -0.206436 -0.396913 -0.308886 -0.529343 -0.760008 0.216269 2.517588 0.945523 -2.948751 -0.307781 2.752770 -1.570796 -2.784391
1776408794.280720 jaka_arm_right solver_failed 0.433196 -0.206658 -0.397061 -0.309553 -0.529426 -0.760035 0.215015 2.517588 0.945523 -2.948751 -0.307781 2.752770 -1.570796 -2.784391
1776408794.289001 jaka_arm_right solver_failed 0.432870 -0.207030 -0.396861 -0.311856 -0.529716 -0.758481 0.216458 2.517588 0.945523 -2.948751 -0.307781 2.752770 -1.570796 -2.784391
1776408794.297414 jaka_arm_right solver_failed 0.432450 -0.207380 -0.396609 -0.313765 -0.530342 -0.756680 0.218456 2.517588 0.945523 -2.948751 -0.307781 2.752770 -1.570796 -2.784391
1776408794.305628 jaka_arm_right solver_failed 0.432384 -0.207568 -0.396587 -0.314937 -0.530900 -0.756200 0.217075 2.517588 0.945523 -2.948751 -0.307781 2.752770 -1.570796 -2.784391
1776408794.314086 jaka_arm_right solver_failed 0.432193 -0.207829 -0.396420 -0.316458 -0.531991 -0.755104 0.216006 2.517588 0.945523 -2.948751 -0.307781 2.752770 -1.570796 -2.784391
1776408794.322372 jaka_arm_right solver_failed 0.431994 -0.208012 -0.396225 -0.317401 -0.532594 -0.754589 0.214935 2.517588 0.945523 -2.948751 -0.307781 2.752770 -1.570796 -2.784391
1776408794.330667 jaka_arm_right solver_failed 0.431957 -0.208051 -0.396059 -0.318154 -0.532809 -0.755155 0.211265 2.517588 0.945523 -2.948751 -0.307781 2.752770 -1.570796 -2.784391
1776408794.339005 jaka_arm_right solver_failed 0.431503 -0.208333 -0.395590 -0.320598 -0.534029 -0.753677 0.209764 2.517588 0.945523 -2.948751 -0.307781 2.752770 -1.570796 -2.784391
1776408794.355836 jaka_arm_right solver_failed 0.430467 -0.208749 -0.394644 -0.324419 -0.535867 -0.751858 0.205691 2.517588 0.945523 -2.948751 -0.307781 2.752770 -1.570796 -2.784391
1776408794.364075 jaka_arm_right solver_failed 0.429809 -0.209105 -0.393913 -0.326594 -0.536834 -0.750764 0.203714 2.517588 0.945523 -2.948751 -0.307781 2.752770 -1.570796 -2.784391
1776408794.372319 jaka_arm_right solver_failed 0.429342 -0.209094 -0.393281 -0.327103 -0.537105 -0.751692 0.198701 2.517588 0.945523 -2.948751 -0.307781 2.752770 -1.570796 -2.784391
1776408794.380725 jaka_arm_right solver_failed 0.428731 -0.209337 -0.392582 -0.327671 -0.538697 -0.751461 0.194277 2.517588 0.945523 -2.948751 -0.307781 2.752770 -1.570796 -2.784391
1776408794.388991 jaka_arm_right solver_failed 0.427654 -0.209505 -0.391466 -0.329278 -0.538905 -0.751199 0.191981 2.517588 0.945523 -2.948751 -0.307781 2.752770 -1.570796 -2.784391
1776408794.397417 jaka_arm_right solver_failed 0.426766 -0.209700 -0.390574 -0.329265 -0.539249 -0.751741 0.188891 2.517588 0.945523 -2.948751 -0.307781 2.752770 -1.570796 -2.784391
1776408794.405639 jaka_arm_right solver_failed 0.425763 -0.209987 -0.389626 -0.328486 -0.539943 -0.752509 0.185173 2.517588 0.945523 -2.948751 -0.307781 2.752770 -1.570796 -2.784391
1776408794.414108 jaka_arm_right solver_failed 0.424710 -0.210151 -0.388657 -0.327655 -0.540381 -0.753561 0.181043 2.517588 0.945523 -2.948751 -0.307781 2.752770 -1.570796 -2.784391
1776408794.422440 jaka_arm_right solver_failed 0.423597 -0.210441 -0.387660 -0.327301 -0.540452 -0.754850 0.176032 2.517588 0.945523 -2.948751 -0.307781 2.752770 -1.570796 -2.784391
1776408794.430704 jaka_arm_right solver_failed 0.422570 -0.210656 -0.386698 -0.326568 -0.540195 -0.756902 0.169238 2.517588 0.945523 -2.948751 -0.307781 2.752770 -1.570796 -2.784391
1776408794.447420 jaka_arm_right solver_failed 0.419631 -0.211713 -0.384331 -0.328640 -0.541434 -0.757581 0.157845 2.517588 0.945523 -2.948751 -0.307781 2.752770 -1.570796 -2.784391
1776408794.455637 jaka_arm_right solver_failed 0.418406 -0.212026 -0.383214 -0.330101 -0.541203 -0.758985 0.148577 2.517588 0.945523 -2.948751 -0.307781 2.752770 -1.570796 -2.784391
1776408794.464036 jaka_arm_right solver_failed 0.416852 -0.212883 -0.381971 -0.332163 -0.543015 -0.758180 0.141301 2.517588 0.945523 -2.948751 -0.307781 2.752770 -1.570796 -2.784391
1776408794.472329 jaka_arm_right solver_failed 0.415699 -0.213184 -0.380981 -0.333365 -0.542287 -0.759750 0.132562 2.517588 0.945523 -2.948751 -0.307781 2.752770 -1.570796 -2.784391
1776408794.480669 jaka_arm_right solver_failed 0.414198 -0.213702 -0.379744 -0.336691 -0.542222 -0.759527 0.125511 2.517588 0.945523 -2.948751 -0.307781 2.752770 -1.570796 -2.784391
1776408794.489035 jaka_arm_right solver_failed 0.412759 -0.214467 -0.378588 -0.338607 -0.542966 -0.758895 0.120879 2.517588 0.945523 -2.948751 -0.307781 2.752770 -1.570796 -2.784391
1776408794.497400 jaka_arm_right solver_failed 0.411525 -0.215211 -0.377637 -0.341064 -0.543638 -0.758422 0.113703 2.517588 0.945523 -2.948751 -0.307781 2.752770 -1.570796 -2.784391
1776408794.505602 jaka_arm_right solver_failed 0.410510 -0.215908 -0.376875 -0.342471 -0.544115 -0.758519 0.106310 2.517588 0.945523 -2.948751 -0.307781 2.752770 -1.570796 -2.784391
1776408794.514049 jaka_arm_right solver_failed 0.409143 -0.216550 -0.375934 -0.345873 -0.543987 -0.757808 0.100880 2.517588 0.945523 -2.948751 -0.307781 2.752770 -1.570796 -2.784391
1776408794.522363 jaka_arm_right solver_failed 0.407917 -0.217352 -0.375103 -0.348605 -0.543865 -0.757453 0.094601 2.517588 0.945523 -2.948751 -0.307781 2.752770 -1.570796 -2.784391
1776408794.538996 jaka_arm_right solver_failed 0.405425 -0.218725 -0.373564 -0.354655 -0.542547 -0.757200 0.080688 2.517588 0.945523 -2.948751 -0.307781 2.752770 -1.570796 -2.784391
1776408794.547358 jaka_arm_right solver_failed 0.403818 -0.219505 -0.372799 -0.359383 -0.542473 -0.755602 0.075054 2.517588 0.945523 -2.948751 -0.307781 2.752770 -1.570796 -2.784391
1776408794.555605 jaka_arm_right success 0.402442 -0.220361 -0.372170 -0.363136 -0.542242 -0.754707 0.067250 2.047036 0.958415 -2.570809 -0.450870 3.145088 -1.562984 -3.306612
1776408794.564001 jaka_arm_right success 0.401218 -0.220993 -0.371704 -0.366734 -0.541440 -0.754291 0.058262 2.016326 0.928801 -2.557843 -0.533701 3.158002 -1.505257 -3.323155
1776408794.572345 jaka_arm_right success 0.399835 -0.221775 -0.371311 -0.369693 -0.540979 -0.753639 0.051938 1.997000 0.911753 -2.549305 -0.578433 3.166548 -1.472911 -3.334553
1776408794.580722 jaka_arm_right success 0.398278 -0.222474 -0.370796 -0.374365 -0.539734 -0.752642 0.045481 1.973885 0.893240 -2.539433 -0.627784 3.177700 -1.435735 -3.345521
1776408794.588948 jaka_arm_right success 0.396568 -0.223112 -0.370163 -0.379206 -0.538081 -0.751627 0.041573 1.953297 0.876459 -2.531765 -0.673302 3.187504 -1.402356 -3.353008
1776408794.597275 jaka_arm_right success 0.395524 -0.223918 -0.370100 -0.381373 -0.538806 -0.750357 0.034753 1.936922 0.863046 -2.523856 -0.713600 3.193922 -1.370141 -3.367851
1776408794.605552 jaka_arm_right success 0.394275 -0.224567 -0.369773 -0.385407 -0.538282 -0.748948 0.028140 1.917437 0.848521 -2.514508 -0.753043 3.203782 -1.338126 -3.380371
1776408794.613943 jaka_arm_right success 0.392902 -0.225176 -0.369458 -0.389064 -0.537603 -0.747733 0.022509 1.899771 0.836470 -2.506156 -0.785909 3.212539 -1.312389 -3.392193
1776408794.630650 jaka_arm_right success 0.390274 -0.226269 -0.369044 -0.395343 -0.537314 -0.744927 0.009048 1.862697 0.812455 -2.487286 -0.861855 3.230139 -1.249832 -3.423164
1776408794.638866 jaka_arm_right success 0.388701 -0.226735 -0.368680 -0.399377 -0.537090 -0.742978 0.004012 1.844405 0.801421 -2.479177 -0.891189 3.238888 -1.226035 -3.435299
1776408794.647338 jaka_arm_right success 0.387187 -0.226973 -0.368461 0.403705 0.535432 0.741839 0.003194 1.822352 0.791742 -2.467306 -0.930354 3.251003 -1.192433 -3.453576
1776408794.664003 jaka_arm_right success 0.383641 -0.227086 -0.368079 0.416872 0.529926 0.738233 0.020194 1.764809 0.771817 -2.435561 -1.022410 3.283968 -1.111663 -3.500813
1776408794.672268 jaka_arm_right success 0.381643 -0.227126 -0.367896 0.423922 0.526695 0.736219 0.029397 1.733808 0.762799 -2.416838 -1.067808 3.302743 -1.071592 -3.527131
1776408794.680717 jaka_arm_right success 0.379610 -0.227280 -0.367830 0.430831 0.524277 0.733512 0.038460 1.703034 0.754551 -2.398394 -1.110763 3.320369 -1.033196 -3.554041
1776408794.688960 jaka_arm_right success 0.377622 -0.227353 -0.367817 0.436679 0.521490 0.731526 0.047205 1.675445 0.751853 -2.380407 -1.145133 3.336556 -1.001253 -3.580993
1776408794.697299 jaka_arm_right success 0.375326 -0.227182 -0.367657 0.443731 0.517031 0.729974 0.054040 1.646418 0.750401 -2.362231 -1.181316 3.354604 -0.970077 -3.605772
1776408794.705545 jaka_arm_right success 0.373369 -0.226896 -0.367795 0.448919 0.512527 0.729297 0.062562 1.619338 0.753064 -2.343225 -1.206209 3.369756 -0.948745 -3.633917
1776408794.713935 jaka_arm_right success 0.371464 -0.226722 -0.367811 0.453645 0.508590 0.728425 0.070285 1.593467 0.755735 -2.324747 -1.230449 3.384478 -0.928511 -3.659958
1776408794.722287 jaka_arm_right success 0.369007 -0.226229 -0.367606 0.460323 0.503189 0.727611 0.074064 1.567483 0.757539 -2.308238 -1.258912 3.401165 -0.905942 -3.679364
1776408794.730604 jaka_arm_right success 0.367557 -0.226024 -0.367893 0.463027 0.499626 0.727349 0.083327 1.545848 0.766038 -2.290010 -1.274550 3.412228 -0.891905 -3.707585
1776408794.738893 jaka_arm_right success 0.365440 -0.225872 -0.368042 0.467353 0.497050 0.725715 0.088654 1.523038 0.768273 -2.274663 -1.298475 3.423903 -0.871873 -3.729403
1776408794.755573 jaka_arm_right success 0.361835 -0.224991 -0.367980 0.476412 0.488620 0.724223 0.098911 1.483658 0.780052 -2.244325 -1.335570 3.447399 -0.840439 -3.768590
1776408794.763945 jaka_arm_right success 0.360334 -0.224358 -0.368152 0.479486 0.484212 0.724252 0.105315 1.463773 0.790971 -2.228501 -1.349222 3.456378 -0.830024 -3.792622
1776408794.772211 jaka_arm_right success 0.358434 -0.223852 -0.368120 0.482851 0.481392 0.723302 0.109322 1.445848 0.798056 -2.215964 -1.366202 3.464310 -0.815453 -3.811911
1776408794.780644 jaka_arm_right success 0.356809 -0.222990 -0.367989 0.486470 0.477477 0.722898 0.113055 1.429894 0.804892 -2.203810 -1.382101 3.473147 -0.803317 -3.827296
1776408794.788939 jaka_arm_right success 0.355132 -0.222238 -0.367936 0.489268 0.474700 0.722267 0.116645 1.417529 0.813082 -2.193957 -1.390558 3.478412 -0.795591 -3.842475
1776408794.797242 jaka_arm_right success 0.353292 -0.221302 -0.367759 0.493222 0.471139 0.721375 0.119914 1.398686 0.819085 -2.179440 -1.411186 3.488796 -0.779259 -3.859589
1776408794.805693 jaka_arm_right success 0.352133 -0.220451 -0.367874 0.493835 0.467508 0.722169 0.126633 1.388744 0.833444 -2.169432 -1.411742 3.491013 -0.779609 -3.877962
1776408794.814029 jaka_arm_right success 0.350409 -0.219321 -0.367743 0.496088 0.464389 0.722159 0.129326 1.375700 0.843360 -2.159877 -1.420760 3.496134 -0.774049 -3.892486
1776408794.822356 jaka_arm_right success 0.349075 -0.218485 -0.367827 0.496945 0.462647 0.721780 0.134299 1.362567 0.850173 -2.148792 -1.433370 3.499624 -0.765567 -3.910039
1776408794.830564 jaka_arm_right success 0.347783 -0.217184 -0.367611 0.498942 0.458893 0.722055 0.138244 1.351853 0.862555 -2.139115 -1.441207 3.504217 -0.759596 -3.925146
1776408794.847379 jaka_arm_right success 0.345112 -0.214960 -0.367191 0.501811 0.455446 0.721279 0.143216 1.331519 0.875757 -2.125031 -1.459578 3.510029 -0.747017 -3.948464
1776408794.863947 jaka_arm_right success 0.343042 -0.212791 -0.366978 0.504306 0.452092 0.720176 0.150446 1.313992 0.891915 -2.109005 -1.478149 3.515056 -0.730864 -3.975447
1776408794.872254 jaka_arm_right success 0.342029 -0.211582 -0.366766 0.507156 0.449744 0.719179 0.152663 1.306202 0.902341 -2.102696 -1.483292 3.518187 -0.724286 -3.986303
1776408794.880665 jaka_arm_right success 0.341025 -0.210685 -0.366571 0.509431 0.448455 0.717925 0.154761 1.295122 0.906951 -2.094609 -1.499736 3.522296 -0.710290 -3.997830
1776408794.889070 jaka_arm_right success 0.340203 -0.209718 -0.366545 0.510549 0.447129 0.717798 0.155505 1.292082 0.911802 -2.092921 -1.500093 3.522782 -0.710114 -4.001855
1776408794.897336 jaka_arm_right success 0.339634 -0.208833 -0.366604 0.511217 0.445226 0.718045 0.157613 1.288465 0.919555 -2.089205 -1.500018 3.523389 -0.710387 -4.008913
1776408794.905555 jaka_arm_right success 0.338936 -0.208001 -0.366520 0.512919 0.443650 0.717681 0.158189 1.281173 0.924612 -2.084403 -1.511134 3.526236 -0.701647 -4.016339
1776408794.914029 jaka_arm_right success 0.338501 -0.207005 -0.366493 0.514753 0.440256 0.718073 0.159922 1.277617 0.933355 -2.080661 -1.510600 3.528312 -0.701918 -4.021800
1776408794.922365 jaka_arm_right success 0.337821 -0.206148 -0.366442 0.516524 0.438289 0.718168 0.159186 1.274192 0.937959 -2.079174 -1.513162 3.530246 -0.699881 -4.024166
1776408794.930561 jaka_arm_right success 0.337451 -0.205162 -0.366411 0.518300 0.435008 0.718717 0.159933 1.270496 0.945932 -2.076283 -1.515040 3.532428 -0.698647 -4.028787
1776408794.938927 jaka_arm_right success 0.336959 -0.204477 -0.366366 0.519666 0.433347 0.718755 0.159843 1.267122 0.950050 -2.074331 -1.518543 3.534072 -0.695870 -4.031891
1776408794.955597 jaka_arm_right success 0.336215 -0.203114 -0.366723 0.523260 0.428984 0.718799 0.159684 1.260403 0.959810 -2.069761 -1.527328 3.538828 -0.688012 -4.038028
1776408794.963905 jaka_arm_right success 0.336135 -0.202454 -0.366934 0.524648 0.425949 0.719621 0.159554 1.260121 0.962635 -2.067754 -1.527229 3.541822 -0.688646 -4.037035
1776408794.972250 jaka_arm_right success 0.336313 -0.202247 -0.367563 0.524993 0.425047 0.719454 0.161566 1.258757 0.967068 -2.065253 -1.525403 3.541815 -0.688880 -4.041457
1776408794.980576 jaka_arm_right success 0.335958 -0.201570 -0.367638 0.527698 0.422093 0.720293 0.156685 1.257003 0.970512 -2.069467 -1.527692 3.544144 -0.689122 -4.036670
1776408794.989022 jaka_arm_right success 0.336206 -0.201371 -0.368403 0.527830 0.420061 0.721518 0.156065 1.258741 0.971969 -2.070008 -1.525910 3.545319 -0.690473 -4.034458
1776408794.997593 jaka_arm_right success 0.336232 -0.200890 -0.368954 0.529340 0.417417 0.722895 0.151611 1.262267 0.970762 -2.075352 -1.521886 3.547615 -0.694903 -4.024084
1776408795.013990 jaka_arm_right success 0.336764 -0.200793 -0.369779 0.528863 0.414410 0.725340 0.149834 1.267493 0.975383 -2.082007 -1.505893 3.545233 -0.711142 -4.017307
1776408795.022291 jaka_arm_right success 0.337542 -0.200102 -0.371163 0.531331 0.407380 0.729087 0.141990 1.280430 0.977590 -2.093927 -1.485237 3.547992 -0.729313 -3.994983
1776408795.030669 jaka_arm_right success 0.338118 -0.199835 -0.371846 0.531525 0.404294 0.731636 0.136880 1.288556 0.976834 -2.102584 -1.472791 3.547982 -0.741799 -3.980426
1776408795.047297 jaka_arm_right success 0.338718 -0.199410 -0.372978 0.535075 0.400781 0.733173 0.124608 1.297202 0.967869 -2.115927 -1.468432 3.552827 -0.745568 -3.953189
1776408795.055677 jaka_arm_right success 0.339691 -0.199377 -0.373802 0.532845 0.399405 0.735723 0.123544 1.307483 0.968647 -2.122233 -1.452421 3.549840 -0.759334 -3.943905
1776408795.064023 jaka_arm_right success 0.339711 -0.198860 -0.374031 0.535156 0.397600 0.736374 0.115215 1.310592 0.962610 -2.129972 -1.453964 3.552591 -0.759167 -3.928682
1776408795.072301 jaka_arm_right success 0.340166 -0.198753 -0.374827 0.535362 0.398160 0.736347 0.112469 1.316075 0.959171 -2.134919 -1.448999 3.552094 -0.761146 -3.920344
1776408795.080631 jaka_arm_right success 0.341088 -0.198491 -0.375568 0.533415 0.396515 0.738807 0.111393 1.323025 0.966328 -2.142219 -1.429855 3.546791 -0.779098 -3.915531
1776408795.088975 jaka_arm_right success 0.341092 -0.197676 -0.375642 0.535813 0.393497 0.739750 0.104088 1.327562 0.960140 -2.148076 -1.432545 3.551190 -0.777384 -3.899478
1776408795.097343 jaka_arm_right success 0.341444 -0.197462 -0.376309 0.535176 0.394040 0.740224 0.101921 1.334899 0.958075 -2.153901 -1.421848 3.549058 -0.784547 -3.890540
1776408795.105535 jaka_arm_right success 0.341861 -0.196851 -0.376734 0.536190 0.392322 0.740676 0.099914 1.334230 0.959839 -2.155610 -1.422731 3.549915 -0.784749 -3.888515
1776408795.114043 jaka_arm_right success 0.341987 -0.196186 -0.377131 0.536437 0.390856 0.741816 0.095793 1.341837 0.958956 -2.161860 -1.415192 3.550036 -0.789545 -3.877039
1776408795.122256 jaka_arm_right success 0.342123 -0.195593 -0.377382 0.537409 0.390401 0.741895 0.091484 1.343766 0.956341 -2.166888 -1.415787 3.550145 -0.789311 -3.869624
1776408795.138895 jaka_arm_right success 0.342723 -0.194591 -0.378320 0.536560 0.391028 0.742639 0.087681 1.353571 0.956208 -2.176124 -1.403187 3.546286 -0.797070 -3.858848
1776408795.147436 jaka_arm_right success 0.342935 -0.193890 -0.378561 0.536370 0.390837 0.743309 0.083930 1.357184 0.952348 -2.180899 -1.402742 3.545966 -0.798642 -3.850427
1776408795.155630 jaka_arm_right success 0.343708 -0.193513 -0.379216 0.534130 0.391929 0.744134 0.085792 1.362783 0.958457 -2.183321 -1.391056 3.540982 -0.806752 -3.852831
1776408795.172323 jaka_arm_right success 0.344215 -0.192308 -0.379606 0.533122 0.393113 0.744508 0.083373 1.367874 0.954875 -2.188064 -1.389791 3.539170 -0.806558 -3.846526
1776408795.180716 jaka_arm_right success 0.344048 -0.191853 -0.379894 0.533432 0.395225 0.743374 0.081494 1.369181 0.952127 -2.191262 -1.389226 3.537776 -0.804849 -3.843662
1776408795.188951 jaka_arm_right success 0.344084 -0.191247 -0.379952 0.532472 0.394829 0.744429 0.080056 1.373124 0.951242 -2.194615 -1.386217 3.536421 -0.808437 -3.838774
1776408795.198088 jaka_arm_right success 0.344375 -0.190766 -0.380308 0.530928 0.394789 0.745345 0.081971 1.375014 0.958143 -2.194997 -1.377249 3.532942 -0.815960 -3.843334
1776408795.205532 jaka_arm_right success 0.344058 -0.190116 -0.380284 0.531743 0.394114 0.745314 0.080185 1.374213 0.959117 -2.196887 -1.378027 3.533297 -0.815898 -3.841453
1776408795.213938 jaka_arm_right success 0.344178 -0.189837 -0.380477 0.531393 0.394476 0.745184 0.081920 1.374625 0.958343 -2.195986 -1.377421 3.532991 -0.815721 -3.842455
1776408795.222385 jaka_arm_right success 0.344161 -0.189415 -0.380677 0.530768 0.394749 0.745364 0.083010 1.374811 0.960603 -2.195171 -1.376271 3.531968 -0.815798 -3.845756
1776408795.230626 jaka_arm_right success 0.344110 -0.188931 -0.380850 0.529830 0.393820 0.746453 0.083630 1.374887 0.964065 -2.194378 -1.375843 3.531689 -0.817929 -3.847947
1776408795.238962 jaka_arm_right success 0.343841 -0.188192 -0.380632 0.530685 0.392241 0.746984 0.080841 1.373778 0.965690 -2.196579 -1.376521 3.532493 -0.817980 -3.845465
1776408795.247340 jaka_arm_right success 0.343799 -0.187859 -0.380655 0.531030 0.391687 0.746932 0.081736 1.374211 0.966007 -2.195671 -1.376543 3.533007 -0.818340 -3.845639
1776408795.264023 jaka_arm_right success 0.344085 -0.187334 -0.381204 0.529393 0.392514 0.747222 0.085646 1.373369 0.973240 -2.193020 -1.372419 3.530261 -0.819895 -3.855694
1776408795.272275 jaka_arm_right success 0.344741 -0.186985 -0.381502 0.527715 0.390339 0.749088 0.089551 1.376463 0.985376 -2.192038 -1.358000 3.526757 -0.831740 -3.862578
1776408795.280657 jaka_arm_right success 0.344548 -0.186802 -0.381732 0.528259 0.391573 0.748199 0.088385 1.376065 0.983953 -2.193428 -1.357734 3.526778 -0.830412 -3.860849
1776408795.288957 jaka_arm_right success 0.344598 -0.186584 -0.381884 0.529196 0.390964 0.747917 0.087864 1.375778 0.984400 -2.193531 -1.357766 3.527739 -0.830052 -3.859787
1776408795.297352 jaka_arm_right success 0.344943 -0.186467 -0.382296 0.528159 0.391119 0.748540 0.088103 1.376352 0.984211 -2.193399 -1.358102 3.527349 -0.830412 -3.860074
1776408795.305553 jaka_arm_right success 0.344994 -0.186239 -0.382479 0.528510 0.390164 0.748980 0.086476 1.377432 0.984211 -2.194659 -1.358398 3.528068 -0.830363 -3.857190
1776408795.314026 jaka_arm_right success 0.345388 -0.186032 -0.382769 0.528350 0.388746 0.749791 0.086815 1.382569 0.988338 -2.196245 -1.351141 3.527274 -0.833702 -3.855390
1776408795.322281 jaka_arm_right success 0.345391 -0.186141 -0.383172 0.528747 0.390563 0.748703 0.085622 1.382165 0.986142 -2.198170 -1.350792 3.526046 -0.832800 -3.854338
1776408795.330639 jaka_arm_right success 0.345608 -0.185754 -0.383170 0.530472 0.387667 0.749253 0.083265 1.381591 0.987987 -2.199059 -1.351732 3.528881 -0.832961 -3.850271
1776408795.338965 jaka_arm_right success 0.345836 -0.185351 -0.383300 0.531918 0.385102 0.749606 0.082769 1.380996 0.989674 -2.197633 -1.351176 3.531957 -0.832715 -3.848613
1776408795.355591 jaka_arm_right success 0.346623 -0.185461 -0.384371 0.531578 0.386189 0.748771 0.087323 1.382191 0.993473 -2.194657 -1.347629 3.530602 -0.831225 -3.855769
1776408795.363996 jaka_arm_right success 0.346811 -0.185123 -0.384459 0.532801 0.384725 0.748823 0.085871 1.381557 0.994660 -2.195127 -1.347887 3.531676 -0.831177 -3.854489
1776408795.372240 jaka_arm_right success 0.347166 -0.185020 -0.385020 0.532302 0.385442 0.748632 0.087402 1.381912 0.994143 -2.194491 -1.347465 3.531428 -0.831055 -3.855246
1776408795.380614 jaka_arm_right success 0.347489 -0.184779 -0.385157 0.532567 0.384761 0.748919 0.086329 1.382781 0.996059 -2.195066 -1.347034 3.532077 -0.830255 -3.854438
1776408795.388954 jaka_arm_right success 0.347778 -0.184679 -0.385410 0.532947 0.384373 0.748718 0.087445 1.383487 0.997840 -2.194119 -1.345043 3.532303 -0.828994 -3.856151
1776408795.397333 jaka_arm_right success 0.348032 -0.184603 -0.385682 0.533535 0.384202 0.748195 0.089073 1.383908 1.000439 -2.192322 -1.343572 3.532910 -0.828238 -3.858629
1776408795.405558 jaka_arm_right success 0.347965 -0.184348 -0.385703 0.534724 0.383579 0.747900 0.087081 1.382997 1.001211 -2.193360 -1.343612 3.533441 -0.827814 -3.857499
1776408795.413989 jaka_arm_right success 0.348213 -0.184100 -0.385910 0.534980 0.382347 0.748260 0.087832 1.383119 1.001947 -2.193074 -1.343915 3.534098 -0.828101 -3.857086
1776408795.422210 jaka_arm_right success 0.348368 -0.183923 -0.386021 0.535116 0.381584 0.748626 0.087198 1.383069 1.002710 -2.193075 -1.344197 3.534705 -0.828280 -3.856525
1776408795.430569 jaka_arm_right success 0.348234 -0.183663 -0.385976 0.536080 0.380932 0.748418 0.085901 1.382501 1.004095 -2.193781 -1.344306 3.535755 -0.827825 -3.855192
1776408795.438939 jaka_arm_right success 0.348425 -0.183532 -0.386273 0.536225 0.381313 0.747842 0.088295 1.383144 1.004606 -2.192029 -1.342704 3.535508 -0.826511 -3.857977
1776408795.447337 jaka_arm_right success 0.348548 -0.183527 -0.386614 0.535407 0.382446 0.747608 0.090314 1.384002 1.008627 -2.190658 -1.341269 3.533724 -0.825249 -3.864049
1776408795.455633 jaka_arm_right success 0.348665 -0.183337 -0.386708 0.535125 0.381803 0.748022 0.091274 1.383849 1.010459 -2.190312 -1.341198 3.533991 -0.825445 -3.864904
1776408795.463997 jaka_arm_right success 0.348621 -0.183097 -0.386684 0.535148 0.381389 0.748187 0.091519 1.383709 1.011250 -2.189429 -1.340679 3.534444 -0.825385 -3.865704
1776408795.480624 jaka_arm_right success 0.348553 -0.182905 -0.386929 0.536328 0.382071 0.746493 0.095505 1.380272 1.019491 -2.185282 -1.339720 3.533656 -0.821231 -3.878004
1776408795.488943 jaka_arm_right success 0.348549 -0.182655 -0.386972 0.537028 0.381391 0.746099 0.097357 1.377326 1.023753 -2.181960 -1.342089 3.534817 -0.817904 -3.884196
1776408795.497253 jaka_arm_right success 0.348244 -0.182444 -0.386816 0.537718 0.380968 0.745849 0.097118 1.375280 1.020780 -2.180219 -1.348829 3.537034 -0.813460 -3.883711
1776408795.505563 jaka_arm_right success 0.348243 -0.182163 -0.386838 0.537557 0.379812 0.746392 0.098361 1.373757 1.025087 -2.178742 -1.348936 3.537117 -0.814336 -3.887526
1776408795.513979 jaka_arm_right success 0.348288 -0.182121 -0.387087 0.537401 0.380322 0.745981 0.100336 1.373698 1.025069 -2.176887 -1.347829 3.536710 -0.813935 -3.890341
1776408795.522271 jaka_arm_right success 0.347891 -0.181818 -0.386928 0.538990 0.379510 0.745498 0.098467 1.371044 1.028278 -2.177052 -1.351963 3.538280 -0.809090 -3.891821
1776408795.530555 jaka_arm_right success 0.347794 -0.181714 -0.387051 0.539475 0.379049 0.745284 0.099200 1.370619 1.028376 -2.176198 -1.351689 3.538893 -0.808849 -3.892170
1776408795.538945 jaka_arm_right success 0.347893 -0.181589 -0.387181 0.539095 0.377960 0.745992 0.100097 1.370845 1.029401 -2.174417 -1.351826 3.539842 -0.809682 -3.892927
1776408795.547287 jaka_arm_right success 0.347892 -0.181612 -0.387481 0.538214 0.378704 0.746060 0.101504 1.370140 1.030414 -2.173479 -1.351346 3.538298 -0.810705 -3.896600
1776408795.555662 jaka_arm_right success 0.347942 -0.181342 -0.387525 0.538437 0.377375 0.746430 0.102550 1.368962 1.033696 -2.172064 -1.350962 3.539101 -0.811708 -3.898657
1776408795.572304 jaka_arm_right success 0.347565 -0.180632 -0.387390 0.539982 0.375222 0.746376 0.102715 1.366488 1.038550 -2.170843 -1.350552 3.540752 -0.811737 -3.900776
1776408795.580554 jaka_arm_right success 0.347421 -0.180499 -0.387541 0.539984 0.376394 0.745490 0.104831 1.364415 1.042250 -2.168820 -1.350051 3.539348 -0.810366 -3.907927
1776408795.589030 jaka_arm_right success 0.347124 -0.180153 -0.387456 0.540872 0.376603 0.744735 0.104873 1.361948 1.044352 -2.167348 -1.356803 3.540280 -0.802641 -3.912425
1776408795.605564 jaka_arm_right success 0.347443 -0.179748 -0.387954 0.539931 0.378512 0.743509 0.111347 1.358820 1.050219 -2.161371 -1.355115 3.538128 -0.801524 -3.926215
1776408795.614009 jaka_arm_right success 0.347514 -0.179428 -0.388135 0.539119 0.379085 0.743442 0.113752 1.357904 1.052689 -2.159131 -1.355535 3.537026 -0.800469 -3.932010
1776408795.622341 jaka_arm_right success 0.347293 -0.178802 -0.387940 0.540672 0.377467 0.743135 0.113769 1.355040 1.056938 -2.157204 -1.359683 3.539036 -0.795908 -3.935557
1776408795.630561 jaka_arm_right success 0.346958 -0.178305 -0.387854 0.541643 0.377689 0.742608 0.111842 1.353769 1.051247 -2.157384 -1.367737 3.541251 -0.788942 -3.932125
1776408795.638887 jaka_arm_right success 0.346886 -0.177899 -0.387824 0.540383 0.377469 0.743667 0.111635 1.354438 1.051579 -2.157302 -1.368532 3.541085 -0.789697 -3.932139
1776408795.647362 jaka_arm_right success 0.346956 -0.177601 -0.388019 0.538899 0.378643 0.743824 0.113766 1.353325 1.054664 -2.156815 -1.367425 3.538046 -0.792188 -3.938010
1776408795.664002 jaka_arm_right success 0.347232 -0.176887 -0.388253 0.538272 0.379333 0.742984 0.119773 1.351737 1.062851 -2.151593 -1.363980 3.535867 -0.792744 -3.950834
1776408795.672255 jaka_arm_right success 0.347025 -0.176551 -0.388402 0.538475 0.380427 0.741926 0.121924 1.350377 1.066456 -2.149946 -1.362981 3.534608 -0.790729 -3.957098
1776408795.680630 jaka_arm_right success 0.346632 -0.175848 -0.388106 0.540163 0.378994 0.741670 0.120468 1.348674 1.068558 -2.149511 -1.368405 3.536781 -0.784264 -3.957919
1776408795.697323 jaka_arm_right success 0.346218 -0.175049 -0.388083 0.541234 0.377950 0.740816 0.124137 1.340609 1.076252 -2.142684 -1.377533 3.538261 -0.776759 -3.971402
1776408795.705559 jaka_arm_right success 0.346153 -0.174892 -0.388208 0.540811 0.377522 0.741077 0.125716 1.340855 1.076256 -2.140018 -1.376695 3.539236 -0.777079 -3.972618
1776408795.713985 jaka_arm_right success 0.345929 -0.174807 -0.388210 0.541569 0.377195 0.740628 0.126084 1.338253 1.079461 -2.139664 -1.377013 3.539182 -0.777501 -3.975237
1776408795.722270 jaka_arm_right success 0.345939 -0.174552 -0.388226 0.541771 0.375327 0.741378 0.126387 1.338301 1.080834 -2.138290 -1.377209 3.540690 -0.778150 -3.974946
1776408795.730597 jaka_arm_right success 0.345890 -0.174505 -0.388375 0.541568 0.375324 0.741636 0.125749 1.338561 1.081054 -2.138932 -1.377863 3.540250 -0.778557 -3.974795
1776408795.738893 jaka_arm_right success 0.346049 -0.174404 -0.388491 0.540529 0.374443 0.742926 0.125225 1.337568 1.082693 -2.140660 -1.374737 3.538592 -0.785016 -3.974495
1776408795.747349 jaka_arm_right success 0.346157 -0.174403 -0.388618 0.539990 0.374186 0.743482 0.125018 1.340179 1.082370 -2.141213 -1.373552 3.538594 -0.785960 -3.972634
1776408795.755567 jaka_arm_right success 0.346271 -0.174400 -0.388706 0.539520 0.374086 0.743872 0.125030 1.342046 1.083566 -2.142755 -1.367447 3.537400 -0.791478 -3.971012
1776408795.763977 jaka_arm_right success 0.346334 -0.174454 -0.388767 0.539007 0.374535 0.744070 0.124714 1.342246 1.082997 -2.143797 -1.367410 3.536670 -0.791393 -3.970646
1776408795.772206 jaka_arm_right success 0.346671 -0.174402 -0.388801 0.537364 0.374594 0.745162 0.125109 1.346135 1.081568 -2.145615 -1.362176 3.534602 -0.797460 -3.967921
1776408795.789006 jaka_arm_right success 0.346869 -0.174351 -0.388883 0.536965 0.374879 0.745166 0.125943 1.346653 1.082652 -2.145226 -1.360951 3.533986 -0.798127 -3.969343
1776408795.797298 jaka_arm_right success 0.346834 -0.174131 -0.388795 0.536715 0.375974 0.744746 0.126228 1.346677 1.082136 -2.145242 -1.360640 3.533517 -0.797911 -3.969815
1776408795.805525 jaka_arm_right success 0.346963 -0.174027 -0.388831 0.536478 0.376078 0.744696 0.127218 1.347274 1.083019 -2.144653 -1.359749 3.532751 -0.798069 -3.971700
1776408795.813998 jaka_arm_right success 0.347038 -0.173973 -0.388822 0.536186 0.376439 0.744668 0.127549 1.347274 1.083019 -2.144653 -1.359749 3.532751 -0.798069 -3.971700
1776408795.822253 jaka_arm_right success 0.347172 -0.173963 -0.388879 0.535133 0.377822 0.744527 0.128699 1.348222 1.082892 -2.144341 -1.358630 3.530737 -0.798168 -3.974502
1776408795.830622 jaka_arm_right success 0.347235 -0.173809 -0.388736 0.535587 0.377692 0.744205 0.129048 1.348222 1.082892 -2.144341 -1.358630 3.530737 -0.798168 -3.974502
1776408795.838908 jaka_arm_right success 0.347273 -0.173698 -0.388632 0.535355 0.377934 0.744301 0.128752 1.348222 1.082892 -2.144341 -1.358630 3.530737 -0.798168 -3.974502
1776408795.847269 jaka_arm_right success 0.347409 -0.173713 -0.388621 0.535285 0.378900 0.743799 0.129105 1.348021 1.082423 -2.144460 -1.358174 3.530380 -0.797737 -3.974865
1776408795.855567 jaka_arm_right success 0.347615 -0.173811 -0.388565 0.535153 0.379235 0.743745 0.128978 1.348021 1.082423 -2.144460 -1.358174 3.530380 -0.797737 -3.974865
1776408795.863933 jaka_arm_right success 0.347816 -0.173717 -0.388308 0.535593 0.378276 0.744098 0.127929 1.348636 1.083087 -2.145653 -1.358854 3.530363 -0.797374 -3.973824
1776408795.880718 jaka_arm_right success 0.348107 -0.174146 -0.388424 0.537176 0.380000 0.741919 0.128834 1.350836 1.082193 -2.144145 -1.360932 3.531950 -0.786424 -3.975259
1776408795.888957 jaka_arm_right success 0.348125 -0.174382 -0.388457 0.537781 0.381230 0.740918 0.128436 1.348270 1.077403 -2.142913 -1.368113 3.533276 -0.780392 -3.975084
1776408795.897253 jaka_arm_right success 0.348048 -0.174497 -0.388250 0.538953 0.381545 0.740167 0.126911 1.347581 1.077110 -2.143984 -1.368486 3.533737 -0.778805 -3.973871
1776408795.905576 jaka_arm_right success 0.348088 -0.174720 -0.387996 0.540328 0.382133 0.739005 0.126063 1.345383 1.071509 -2.141077 -1.382566 3.537379 -0.764383 -3.974089
1776408795.913905 jaka_arm_right success 0.348068 -0.175171 -0.388177 0.540614 0.385613 0.736808 0.127095 1.344357 1.068714 -2.140630 -1.385095 3.536018 -0.758450 -3.977258
1776408795.922314 jaka_arm_right success 0.348217 -0.175323 -0.388160 0.541588 0.385978 0.735743 0.128004 1.340937 1.071189 -2.137256 -1.391852 3.537481 -0.750646 -3.983052
1776408795.930597 jaka_arm_right success 0.348650 -0.175339 -0.388215 0.540704 0.385610 0.736487 0.128573 1.341448 1.071175 -2.136969 -1.392231 3.537354 -0.751090 -3.983219
1776408795.938903 jaka_arm_right success 0.348854 -0.175587 -0.388159 0.541604 0.386144 0.735287 0.130042 1.341161 1.070519 -2.135167 -1.391071 3.537893 -0.750231 -3.984317
1776408795.947277 jaka_arm_right success 0.349534 -0.175945 -0.388247 0.541181 0.385995 0.734938 0.134150 1.339946 1.076046 -2.130414 -1.389867 3.537325 -0.749647 -3.992869
1776408795.955633 jaka_arm_right success 0.349646 -0.176291 -0.388391 0.541928 0.387061 0.733823 0.134172 1.340538 1.073320 -2.129531 -1.393563 3.538501 -0.742993 -3.992613
1776408795.972243 jaka_arm_right success 0.349744 -0.176974 -0.388031 0.544221 0.387553 0.732669 0.129698 1.338506 1.064111 -2.131017 -1.403306 3.542458 -0.733951 -3.984774
1776408795.980552 jaka_arm_right success 0.350270 -0.177588 -0.388267 0.543611 0.389055 0.731963 0.131730 1.339086 1.063270 -2.130055 -1.402774 3.541068 -0.733229 -3.987305
1776408795.988920 jaka_arm_right success 0.350379 -0.177953 -0.388103 0.545000 0.389203 0.730970 0.131070 1.339631 1.062651 -2.128551 -1.407009 3.543568 -0.725401 -3.987093
1776408795.997369 jaka_arm_right success 0.350865 -0.178699 -0.388459 0.544111 0.391161 0.730143 0.133518 1.339827 1.060912 -2.126993 -1.406063 3.542062 -0.725112 -3.989952
1776408796.005546 jaka_arm_right success 0.350893 -0.179103 -0.388247 0.544986 0.392002 0.729445 0.131284 1.339603 1.057514 -2.128671 -1.408431 3.543004 -0.722380 -3.986397
1776408796.013993 jaka_arm_right success 0.350819 -0.179366 -0.387924 0.546793 0.391732 0.728669 0.128862 1.337092 1.051901 -2.127861 -1.418216 3.546905 -0.713143 -3.982713
1776408796.022310 jaka_arm_right success 0.351693 -0.180212 -0.388499 0.543842 0.394176 0.728422 0.135137 1.336906 1.055947 -2.123220 -1.415478 3.542547 -0.715448 -3.994267
1776408796.030668 jaka_arm_right success 0.351650 -0.180780 -0.388366 0.544669 0.396015 0.726979 0.134201 1.337263 1.052812 -2.123880 -1.415317 3.542707 -0.712555 -3.992781
1776408796.038941 jaka_arm_right success 0.352045 -0.181233 -0.388355 0.544505 0.395814 0.727062 0.135003 1.337537 1.052714 -2.123507 -1.415377 3.542706 -0.712693 -3.992971
1776408796.047346 jaka_arm_right success 0.352295 -0.181730 -0.388058 0.545416 0.395855 0.726598 0.133698 1.338849 1.049477 -2.123554 -1.417017 3.544748 -0.709598 -3.989200
1776408796.055597 jaka_arm_right success 0.352493 -0.182429 -0.387987 0.544684 0.397479 0.726152 0.134290 1.339304 1.047802 -2.123939 -1.417058 3.543152 -0.709287 -3.990268
1776408796.063941 jaka_arm_right success 0.352885 -0.182997 -0.388044 0.543924 0.398910 0.726000 0.133944 1.340384 1.044143 -2.124628 -1.417781 3.542743 -0.708053 -3.988640
1776408796.080693 jaka_arm_right success 0.353839 -0.184432 -0.387912 0.542642 0.400404 0.725830 0.135600 1.341999 1.041692 -2.123481 -1.417778 3.541601 -0.708188 -3.989726
1776408796.088928 jaka_arm_right success 0.353610 -0.184827 -0.387481 0.543022 0.401412 0.725697 0.131753 1.344571 1.031934 -2.127894 -1.420836 3.543106 -0.705677 -3.979267
1776408796.097359 jaka_arm_right success 0.353781 -0.185726 -0.387507 0.541387 0.405631 0.724644 0.131360 1.346455 1.024670 -2.130613 -1.421800 3.540356 -0.704188 -3.977243
1776408796.105537 jaka_arm_right success 0.354140 -0.186446 -0.387298 0.539604 0.406944 0.724944 0.132968 1.347592 1.022730 -2.129668 -1.421561 3.538932 -0.704491 -3.978839
1776408796.113939 jaka_arm_right success 0.353980 -0.186576 -0.386545 0.541568 0.405769 0.724621 0.130309 1.348120 1.017866 -2.130738 -1.423835 3.542398 -0.702989 -3.971272
1776408796.122230 jaka_arm_right success 0.354495 -0.187508 -0.386686 0.538924 0.408951 0.724018 0.134602 1.349827 1.014566 -2.128111 -1.422465 3.539599 -0.703026 -3.975669
1776408796.130630 jaka_arm_right success 0.354105 -0.187843 -0.385917 0.540240 0.409945 0.723407 0.129490 1.349955 1.008478 -2.133597 -1.426320 3.540230 -0.700456 -3.967723
1776408796.138865 jaka_arm_right success 0.355204 -0.188877 -0.386332 0.536464 0.412786 0.723426 0.135904 1.350884 1.009426 -2.128745 -1.423782 3.536279 -0.702792 -3.977189
1776408796.147300 jaka_arm_right success 0.355146 -0.189444 -0.385753 0.537182 0.413509 0.723022 0.132982 1.352314 1.003659 -2.131751 -1.425712 3.537312 -0.700900 -3.970586
1776408796.155597 jaka_arm_right success 0.354914 -0.189818 -0.385154 0.538194 0.413279 0.723226 0.128420 1.353917 0.996270 -2.135717 -1.429136 3.539666 -0.699470 -3.960418
1776408796.172316 jaka_arm_right success 0.356095 -0.191836 -0.385239 0.533510 0.418307 0.722894 0.133454 1.356766 0.990849 -2.133861 -1.428067 3.534423 -0.699808 -3.966083
1776408796.180621 jaka_arm_right success 0.356543 -0.192754 -0.385116 0.531822 0.420794 0.722503 0.134492 1.358508 0.985995 -2.134442 -1.426587 3.532435 -0.702092 -3.965066
1776408796.188949 jaka_arm_right success 0.356899 -0.193559 -0.385126 0.529410 0.423742 0.722549 0.134501 1.363256 0.980226 -2.138422 -1.421081 3.528541 -0.707817 -3.961178
1776408796.197230 jaka_arm_right success 0.357029 -0.194123 -0.384603 0.529166 0.425163 0.722449 0.131480 1.366336 0.972779 -2.142612 -1.422140 3.528789 -0.707065 -3.952907
1776408796.205549 jaka_arm_right success 0.357595 -0.195103 -0.384588 0.527132 0.428258 0.721669 0.133864 1.367558 0.969615 -2.141932 -1.420903 3.525962 -0.706757 -3.955800
1776408796.213982 jaka_arm_right success 0.358195 -0.196039 -0.384394 0.525446 0.431328 0.720899 0.134786 1.370679 0.964496 -2.143147 -1.419998 3.523794 -0.706651 -3.954486
1776408796.222243 jaka_arm_right success 0.357960 -0.196551 -0.383689 0.526336 0.433136 0.720124 0.129559 1.374164 0.953643 -2.149774 -1.423037 3.524308 -0.704140 -3.942400
1776408796.230608 jaka_arm_right success 0.358624 -0.197573 -0.383747 0.524298 0.435289 0.719749 0.132652 1.375653 0.951253 -2.147573 -1.421813 3.522682 -0.704142 -3.945281
1776408796.238877 jaka_arm_right success 0.358560 -0.198642 -0.383562 0.523936 0.439308 0.717747 0.131674 1.376738 0.944874 -2.150938 -1.422315 3.520133 -0.702126 -3.943040
1776408796.247333 jaka_arm_right success 0.359160 -0.199613 -0.383636 0.521187 0.441167 0.718211 0.133825 1.379372 0.940695 -2.150136 -1.421400 3.518326 -0.704348 -3.943122
1776408796.263983 jaka_arm_right success 0.359350 -0.201182 -0.383159 0.519366 0.442947 0.719192 0.129692 1.387424 0.927827 -2.158979 -1.411681 3.516020 -0.717464 -3.926286
1776408796.272262 jaka_arm_right success 0.360024 -0.201966 -0.383147 0.516310 0.442594 0.721349 0.131112 1.392513 0.931736 -2.162546 -1.398063 3.511010 -0.732528 -3.925549
1776408796.280600 jaka_arm_right success 0.360129 -0.202671 -0.382774 0.515375 0.443022 0.722302 0.128063 1.396625 0.924007 -2.166772 -1.398152 3.511269 -0.734755 -3.915580
1776408796.288949 jaka_arm_right success 0.360579 -0.203593 -0.382690 0.512276 0.444442 0.723679 0.127799 1.404937 0.921801 -2.173141 -1.380391 3.505892 -0.752505 -3.907995
1776408796.297320 jaka_arm_right success 0.360792 -0.204742 -0.382572 0.509676 0.447291 0.723690 0.128198 1.407586 0.916328 -2.175247 -1.380553 3.502725 -0.753991 -3.906488
1776408796.305574 jaka_arm_right success 0.361127 -0.205543 -0.382306 0.507692 0.448964 0.724035 0.128272 1.410819 0.910919 -2.177231 -1.378217 3.500703 -0.758081 -3.902643
1776408796.313978 jaka_arm_right success 0.361326 -0.206370 -0.381856 0.504760 0.450917 0.725054 0.127229 1.418388 0.906824 -2.183400 -1.364911 3.496289 -0.772497 -3.893902
1776408796.322268 jaka_arm_right success 0.361504 -0.207375 -0.381496 0.501894 0.454005 0.725097 0.127342 1.421076 0.901255 -2.186194 -1.364904 3.492036 -0.773930 -3.893013
1776408796.330606 jaka_arm_right success 0.361353 -0.208054 -0.380955 0.500246 0.456603 0.724850 0.125939 1.423837 0.893723 -2.189581 -1.365565 3.489787 -0.775461 -3.887734
1776408796.338977 jaka_arm_right success 0.361876 -0.208867 -0.380413 0.496320 0.458502 0.726134 0.127165 1.428933 0.890293 -2.192533 -1.353582 3.485004 -0.789897 -3.884105
1776408796.347366 jaka_arm_right success 0.361704 -0.209529 -0.379705 0.495648 0.461303 0.725047 0.125857 1.430870 0.886124 -2.195876 -1.354482 3.482167 -0.788383 -3.882123
1776408796.355563 jaka_arm_right success 0.361984 -0.210592 -0.379245 0.492527 0.464693 0.724507 0.128713 1.432902 0.882605 -2.195548 -1.354342 3.478448 -0.788632 -3.885369
1776408796.363990 jaka_arm_right success 0.361992 -0.211303 -0.378624 0.490640 0.467788 0.724018 0.127458 1.435521 0.875292 -2.198670 -1.355781 3.475909 -0.788796 -3.881157
1776408796.372251 jaka_arm_right success 0.362222 -0.212259 -0.378124 0.487478 0.470850 0.723913 0.128902 1.439250 0.867352 -2.199592 -1.355237 3.472905 -0.791508 -3.878757
1776408796.388999 jaka_arm_right success 0.362546 -0.213809 -0.376986 0.481079 0.476737 0.724281 0.129237 1.449962 0.858530 -2.207047 -1.341416 3.463140 -0.807495 -3.871896
1776408796.397253 jaka_arm_right success 0.363078 -0.214879 -0.376676 0.476270 0.480981 0.723979 0.132964 1.452726 0.854277 -2.206666 -1.341198 3.457668 -0.808404 -3.876907
1776408796.405533 jaka_arm_right success 0.363005 -0.215352 -0.375817 0.473863 0.483758 0.724236 0.130057 1.459126 0.845867 -2.213367 -1.337391 3.453821 -0.815145 -3.866515
1776408796.413934 jaka_arm_right success 0.363587 -0.215945 -0.375105 0.470584 0.486039 0.724200 0.133609 1.460572 0.846227 -2.211473 -1.335554 3.450277 -0.817080 -3.872920
1776408796.422326 jaka_arm_right success 0.363230 -0.216418 -0.374170 0.470014 0.489775 0.722990 0.128426 1.464583 0.832813 -2.219500 -1.339051 3.447102 -0.816234 -3.860464
1776408796.430570 jaka_arm_right success 0.364010 -0.217344 -0.373860 0.464623 0.495350 0.722043 0.131939 1.471298 0.828047 -2.220622 -1.336048 3.440320 -0.817765 -3.863408
1776408796.438882 jaka_arm_right success 0.364273 -0.217518 -0.373061 0.464114 0.496112 0.721788 0.132260 1.471466 0.827521 -2.220626 -1.335902 3.439807 -0.817682 -3.863852
1776408796.447271 jaka_arm_right success 0.364603 -0.218337 -0.372489 0.461121 0.500471 0.720650 0.132514 1.475079 0.819835 -2.223682 -1.337012 3.434952 -0.817984 -3.862086
1776408796.455611 jaka_arm_right success 0.364738 -0.218830 -0.371871 0.458107 0.504255 0.720430 0.129790 1.484008 0.809806 -2.231456 -1.334960 3.429651 -0.820960 -3.851228
1776408796.463966 jaka_arm_right success 0.365433 -0.219531 -0.371482 0.453528 0.507790 0.720803 0.130016 1.494169 0.806803 -2.237632 -1.321265 3.421853 -0.833642 -3.846087
1776408796.480608 jaka_arm_right success 0.365825 -0.220632 -0.370210 0.448069 0.515627 0.719785 0.123585 1.510621 0.787998 -2.253265 -1.319931 3.411029 -0.837648 -3.825345
1776408796.488908 jaka_arm_right success 0.366595 -0.221190 -0.369954 0.442459 0.518786 0.720965 0.123695 1.520334 0.783764 -2.258955 -1.302595 3.402960 -0.857125 -3.819212
1776408796.497260 jaka_arm_right success 0.366736 -0.221385 -0.369385 0.439608 0.521854 0.720903 0.121294 1.528157 0.778366 -2.265751 -1.302046 3.397370 -0.858954 -3.811807
1776408796.505538 jaka_arm_right success 0.367406 -0.222207 -0.369043 0.434387 0.527551 0.719695 0.122626 1.537766 0.772083 -2.271044 -1.295044 3.388379 -0.863988 -3.809317
1776408796.513967 jaka_arm_right success 0.367796 -0.222430 -0.368531 0.430364 0.530834 0.719784 0.122123 1.546946 0.769407 -2.277284 -1.285107 3.381021 -0.874163 -3.803888
1776408796.522318 jaka_arm_right success 0.367887 -0.222850 -0.367869 0.428324 0.535650 0.717557 0.121367 1.549017 0.763389 -2.280967 -1.286140 3.375721 -0.872969 -3.803193
1776408796.530611 jaka_arm_right success 0.368143 -0.223084 -0.367198 0.425416 0.540480 0.715820 0.120430 1.554739 0.754115 -2.285654 -1.288753 3.370285 -0.870924 -3.798173
1776408796.538936 jaka_arm_right success 0.368548 -0.223097 -0.366507 0.422824 0.543825 0.714740 0.120918 1.558842 0.749857 -2.287829 -1.290275 3.366043 -0.869440 -3.797662
1776408796.547301 jaka_arm_right success 0.368856 -0.223515 -0.365939 0.418548 0.550051 0.712599 0.120265 1.566019 0.739529 -2.293716 -1.293156 3.358136 -0.867562 -3.793255
1776408796.555596 jaka_arm_right success 0.369461 -0.223734 -0.365480 0.414232 0.554533 0.711416 0.121622 1.572418 0.734297 -2.296651 -1.294019 3.351699 -0.866151 -3.793143
1776408796.572287 jaka_arm_right success 0.370114 -0.223652 -0.364263 0.408565 0.562748 0.708602 0.119465 1.586096 0.719314 -2.306947 -1.297911 3.340456 -0.862921 -3.782091
1776408796.580565 jaka_arm_right success 0.370673 -0.223608 -0.363741 0.403763 0.566741 0.708434 0.117906 1.600564 0.718263 -2.315952 -1.291115 3.330241 -0.866491 -3.775329
1776408796.588983 jaka_arm_right success 0.371194 -0.223784 -0.363260 0.397975 0.572418 0.707547 0.115461 1.616340 0.710738 -2.327135 -1.282317 3.317928 -0.875713 -3.764166
1776408796.597304 jaka_arm_right success 0.371485 -0.224015 -0.362673 0.393166 0.578814 0.705616 0.111805 1.630999 0.700997 -2.339344 -1.277797 3.306190 -0.880969 -3.750678
1776408796.605529 jaka_arm_right success 0.371964 -0.223959 -0.362177 0.388207 0.583280 0.704936 0.110204 1.644181 0.696765 -2.347934 -1.268353 3.295989 -0.889814 -3.742454
1776408796.613994 jaka_arm_right success 0.372261 -0.223643 -0.361591 0.384497 0.585915 0.704963 0.109056 1.649275 0.692820 -2.351978 -1.266695 3.290611 -0.896074 -3.738977
1776408796.622263 jaka_arm_right success 0.372475 -0.223636 -0.361021 0.380692 0.590230 0.703527 0.108404 1.657149 0.687705 -2.357675 -1.265593 3.282825 -0.897051 -3.734942
1776408796.630567 jaka_arm_right success 0.372533 -0.223432 -0.360422 0.377580 0.594047 0.702194 0.107078 1.663567 0.681826 -2.362791 -1.266374 3.276418 -0.898249 -3.730258
1776408796.638943 jaka_arm_right success 0.372822 -0.223535 -0.359921 0.373060 0.599241 0.700321 0.106242 1.675842 0.678078 -2.370808 -1.263443 3.265759 -0.898735 -3.724558
1776408796.647328 jaka_arm_right success 0.373043 -0.223359 -0.359364 0.369324 0.602565 0.699636 0.105003 1.684385 0.673735 -2.376272 -1.260181 3.258442 -0.903466 -3.719445
1776408796.663924 jaka_arm_right success 0.373969 -0.223172 -0.358391 0.358969 0.609798 0.699282 0.101452 1.711065 0.672936 -2.393495 -1.237331 3.237121 -0.925232 -3.704774
1776408796.672261 jaka_arm_right success 0.374524 -0.223087 -0.358031 0.354192 0.613494 0.698546 0.101027 1.721048 0.669032 -2.398655 -1.232889 3.228672 -0.931645 -3.700545
1776408796.680578 jaka_arm_right success 0.374980 -0.223019 -0.357558 0.349571 0.616693 0.698301 0.099324 1.733562 0.667623 -2.405939 -1.224741 3.219207 -0.940228 -3.693454
1776408796.688958 jaka_arm_right success 0.375171 -0.222501 -0.357116 0.346832 0.617781 0.698988 0.097314 1.739184 0.666737 -2.409684 -1.218331 3.215160 -0.949609 -3.688734
1776408796.697246 jaka_arm_right success 0.375159 -0.222421 -0.356594 0.343028 0.621193 0.698409 0.093140 1.753408 0.664260 -2.419989 -1.212931 3.204431 -0.956072 -3.676812
1776408796.705549 jaka_arm_right success 0.375381 -0.222268 -0.356149 0.339564 0.623749 0.698116 0.090925 1.764350 0.662903 -2.426900 -1.202820 3.196554 -0.966749 -3.668542
1776408796.713964 jaka_arm_right success 0.375801 -0.222477 -0.355752 0.334747 0.627236 0.697544 0.089175 1.775646 0.661435 -2.433603 -1.194705 3.186883 -0.976638 -3.662906
1776408796.722341 jaka_arm_right success 0.376172 -0.222627 -0.355315 0.330756 0.630330 0.696878 0.087437 1.787744 0.660436 -2.440495 -1.185942 3.177693 -0.985184 -3.655740
1776408796.730575 jaka_arm_right success 0.376625 -0.222730 -0.355057 0.326798 0.632709 0.696708 0.086492 1.796036 0.659939 -2.444660 -1.176277 3.171169 -0.996460 -3.651990
1776408796.738932 jaka_arm_right success 0.376994 -0.222661 -0.354725 0.323553 0.633892 0.697480 0.083765 1.807600 0.662800 -2.451189 -1.164290 3.163725 -1.007787 -3.644357
1776408796.755589 jaka_arm_right success 0.377835 -0.222701 -0.354202 0.315960 0.636715 0.699402 0.074835 1.835468 0.668823 -2.468488 -1.125213 3.145528 -1.049373 -3.622860
1776408796.763955 jaka_arm_right success 0.378196 -0.222495 -0.354018 0.311749 0.636918 0.701718 0.068847 1.852124 0.675554 -2.477519 -1.104766 3.136406 -1.071247 -3.610435
1776408796.772347 jaka_arm_right success 0.378841 -0.222568 -0.353873 0.307366 0.638057 0.703060 0.064148 1.868804 0.681360 -2.486323 -1.080814 3.126631 -1.094685 -3.599006
1776408796.789026 jaka_arm_right success 0.380212 -0.222607 -0.353614 0.298917 0.640427 0.705176 0.056827 1.895730 0.692345 -2.500057 -1.035661 3.109908 -1.140207 -3.583460
1776408796.797308 jaka_arm_right success 0.380623 -0.222349 -0.353561 0.294835 0.640734 0.706945 0.052546 1.909546 0.700100 -2.506428 -1.015939 3.102239 -1.159560 -3.576084
1776408796.805532 jaka_arm_right success 0.381189 -0.222484 -0.353467 0.290827 0.642923 0.706736 0.050921 1.920116 0.702356 -2.511288 -1.004091 3.094771 -1.171090 -3.571634
1776408796.813938 jaka_arm_right success 0.381787 -0.222374 -0.353391 0.286948 0.644070 0.707375 0.049560 1.926004 0.703650 -2.513766 -0.993819 3.090454 -1.184348 -3.570259
1776408796.822286 jaka_arm_right success 0.382091 -0.222054 -0.353282 0.283492 0.645444 0.707883 0.044002 1.942240 0.713572 -2.523013 -0.967564 3.079904 -1.206499 -3.560568
1776408796.830549 jaka_arm_right success 0.382744 -0.221814 -0.353320 0.279723 0.646491 0.708563 0.041752 1.954514 0.716962 -2.527644 -0.955806 3.073096 -1.218181 -3.554573
1776408796.838881 jaka_arm_right success 0.383148 -0.221615 -0.353172 0.276936 0.647859 0.708694 0.036574 1.968097 0.724168 -2.535251 -0.931317 3.064485 -1.240986 -3.546500
1776408796.847372 jaka_arm_right success 0.383970 -0.220939 -0.353304 0.273333 0.647215 0.710888 0.032262 1.981516 0.735837 -2.541121 -0.903955 3.058171 -1.265193 -3.540126
1776408796.855561 jaka_arm_right success 0.384938 -0.220908 -0.353461 0.267718 0.649867 0.710784 0.028022 2.000425 0.746240 -2.549784 -0.872294 3.046003 -1.292434 -3.533611
1776408796.864074 jaka_arm_right success 0.385752 -0.220354 -0.353635 0.263132 0.650994 0.711703 0.021168 2.019002 0.756669 -2.558923 -0.841196 3.035461 -1.321420 -3.523547
1776408796.880606 jaka_arm_right success 0.387414 -0.219395 -0.353915 0.255957 0.653619 0.712156 0.010101 2.052532 0.775915 -2.575285 -0.785215 3.017090 -1.369894 -3.504356
1776408796.888966 jaka_arm_right success 0.387997 -0.218778 -0.354001 0.252976 0.655157 0.711866 0.004420 2.065796 0.783234 -2.582562 -0.769658 3.008624 -1.383580 -3.496643
1776408796.897256 jaka_arm_right success 0.388689 -0.218119 -0.354092 -0.249945 -0.657118 -0.711142 0.000741 2.080400 0.791543 -2.590217 -0.747257 2.999611 -1.402161 -3.489094
1776408796.905567 jaka_arm_right success 0.389396 -0.217333 -0.354292 -0.247318 -0.658811 -0.710487 0.003321 2.089519 0.797431 -2.595048 -0.734279 2.993415 -1.411708 -3.485569
1776408796.913905 jaka_arm_right success 0.389850 -0.216535 -0.354354 -0.244861 -0.660341 -0.709881 0.007889 2.102473 0.804583 -2.601643 -0.714612 2.985612 -1.428214 -3.479139
1776408796.922276 jaka_arm_right success 0.390748 -0.215647 -0.354592 -0.241762 -0.662133 -0.709270 0.008146 2.109625 0.807348 -2.604228 -0.708216 2.980904 -1.432814 -3.478546
1776408796.930619 jaka_arm_right success 0.391294 -0.214966 -0.354631 -0.240630 -0.664285 -0.707621 0.009736 2.116044 0.807187 -2.608263 -0.708196 2.974987 -1.431739 -3.475202
1776408796.938957 jaka_arm_right success 0.391993 -0.214105 -0.354856 -0.237687 -0.665393 -0.707537 0.012186 2.125411 0.816104 -2.612620 -0.691966 2.969839 -1.443377 -3.472157
1776408796.947250 jaka_arm_right success 0.392712 -0.213432 -0.355067 -0.235031 -0.666921 -0.706918 0.015616 2.137234 0.826096 -2.618582 -0.668055 2.961960 -1.460398 -3.470360
1776408796.955567 jaka_arm_right success 0.393252 -0.212937 -0.355156 -0.232520 -0.668818 -0.705836 0.020322 2.150248 0.833862 -2.625289 -0.646816 2.954043 -1.478198 -3.464913
1776408796.963934 jaka_arm_right success 0.394073 -0.212261 -0.355485 -0.228993 -0.669502 -0.706207 0.024504 2.164511 0.847844 -2.631648 -0.613844 2.946529 -1.503070 -3.462379
1776408796.972201 jaka_arm_right success 0.394568 -0.211593 -0.355755 -0.226572 -0.669513 -0.706775 0.029751 2.178663 0.863037 -2.637715 -0.574283 2.940654 -1.533861 -3.458372
1776408796.989102 jaka_arm_right solver_failed 0.396181 -0.210697 -0.356456 -0.218343 -0.670188 -0.708264 0.039194 2.178663 0.863037 -2.637715 -0.574283 2.940654 -1.533861 -3.458372
1776408796.997352 jaka_arm_right solver_failed 0.396709 -0.210303 -0.356700 -0.215944 -0.670000 -0.708895 0.044007 2.178663 0.863037 -2.637715 -0.574283 2.940654 -1.533861 -3.458372
1776408797.005610 jaka_arm_right solver_failed 0.397497 -0.210014 -0.357021 -0.211787 -0.670311 -0.709692 0.046553 2.178663 0.863037 -2.637715 -0.574283 2.940654 -1.533861 -3.458372
1776408797.014057 jaka_arm_right solver_failed 0.398038 -0.209487 -0.357243 -0.209623 -0.669583 -0.710838 0.049259 2.178663 0.863037 -2.637715 -0.574283 2.940654 -1.533861 -3.458372
1776408797.022736 jaka_arm_right solver_failed 0.398562 -0.209233 -0.357455 -0.206998 -0.670114 -0.710911 0.051999 2.178663 0.863037 -2.637715 -0.574283 2.940654 -1.533861 -3.458372
1776408797.030653 jaka_arm_right solver_failed 0.398967 -0.208763 -0.357615 -0.205664 -0.669037 -0.712144 0.054242 2.178663 0.863037 -2.637715 -0.574283 2.940654 -1.533861 -3.458372
1776408797.039027 jaka_arm_right solver_failed 0.399419 -0.208536 -0.357777 -0.203870 -0.669074 -0.712388 0.057277 2.178663 0.863037 -2.637715 -0.574283 2.940654 -1.533861 -3.458372
1776408797.047385 jaka_arm_right solver_failed 0.400062 -0.208151 -0.358049 -0.201159 -0.668774 -0.713278 0.059253 2.178663 0.863037 -2.637715 -0.574283 2.940654 -1.533861 -3.458372
1776408797.064012 jaka_arm_right solver_failed 0.401218 -0.207700 -0.358447 -0.197973 -0.668079 -0.714351 0.064653 2.178663 0.863037 -2.637715 -0.574283 2.940654 -1.533861 -3.458372
1776408797.080744 jaka_arm_right solver_failed 0.402531 -0.207311 -0.359054 -0.192599 -0.667543 -0.715819 0.069972 2.178663 0.863037 -2.637715 -0.574283 2.940654 -1.533861 -3.458372
1776408797.097493 jaka_arm_right solver_failed 0.403417 -0.206735 -0.359670 -0.190250 -0.666311 -0.717072 0.075116 2.178663 0.863037 -2.637715 -0.574283 2.940654 -1.533861 -3.458372
1776408797.105628 jaka_arm_right solver_failed 0.403752 -0.206803 -0.359902 -0.189640 -0.667264 -0.716043 0.077962 2.178663 0.863037 -2.637715 -0.574283 2.940654 -1.533861 -3.458372
1776408797.114124 jaka_arm_right solver_failed 0.404350 -0.206590 -0.360360 -0.186420 -0.667528 -0.716419 0.079990 2.178663 0.863037 -2.637715 -0.574283 2.940654 -1.533861 -3.458372
1776408797.122377 jaka_arm_right solver_failed 0.404904 -0.206208 -0.360796 -0.184833 -0.666478 -0.717773 0.080285 2.178663 0.863037 -2.637715 -0.574283 2.940654 -1.533861 -3.458372
1776408797.130673 jaka_arm_right solver_failed 0.404998 -0.206023 -0.361081 -0.185468 -0.666967 -0.716866 0.082823 2.178663 0.863037 -2.637715 -0.574283 2.940654 -1.533861 -3.458372
1776408797.139050 jaka_arm_right solver_failed 0.405375 -0.205623 -0.361587 -0.184257 -0.666572 -0.717293 0.084982 2.178663 0.863037 -2.637715 -0.574283 2.940654 -1.533861 -3.458372
1776408797.147443 jaka_arm_right solver_failed 0.405483 -0.205409 -0.361912 -0.184555 -0.667255 -0.716256 0.087681 2.178663 0.863037 -2.637715 -0.574283 2.940654 -1.533861 -3.458372
1776408797.155670 jaka_arm_right solver_failed 0.405938 -0.204895 -0.362404 -0.183854 -0.665842 -0.717638 0.088592 2.178663 0.863037 -2.637715 -0.574283 2.940654 -1.533861 -3.458372
1776408797.164005 jaka_arm_right solver_failed 0.406421 -0.204438 -0.362931 -0.182846 -0.665710 -0.717834 0.090063 2.178663 0.863037 -2.637715 -0.574283 2.940654 -1.533861 -3.458372
1776408797.172323 jaka_arm_right solver_failed 0.406561 -0.204114 -0.363358 -0.183365 -0.665801 -0.717114 0.093988 2.178663 0.863037 -2.637715 -0.574283 2.940654 -1.533861 -3.458372
1776408797.189170 jaka_arm_right solver_failed 0.407437 -0.203091 -0.364595 -0.182208 -0.666473 -0.716355 0.097211 2.178663 0.863037 -2.637715 -0.574283 2.940654 -1.533861 -3.458372
1776408797.197373 jaka_arm_right solver_failed 0.407671 -0.202617 -0.365043 -0.182095 -0.666899 -0.715536 0.100475 2.178663 0.863037 -2.637715 -0.574283 2.940654 -1.533861 -3.458372
1776408797.205621 jaka_arm_right solver_failed 0.407987 -0.201832 -0.365638 -0.181508 -0.666695 -0.715691 0.101779 2.178663 0.863037 -2.637715 -0.574283 2.940654 -1.533861 -3.458372
1776408797.214039 jaka_arm_right solver_failed 0.408269 -0.201248 -0.366108 -0.180746 -0.667837 -0.714729 0.102408 2.178663 0.863037 -2.637715 -0.574283 2.940654 -1.533861 -3.458372
1776408797.222494 jaka_arm_right solver_failed 0.408312 -0.200546 -0.366390 -0.181417 -0.668322 -0.713770 0.104718 2.178663 0.863037 -2.637715 -0.574283 2.940654 -1.533861 -3.458372
1776408797.230650 jaka_arm_right solver_failed 0.408512 -0.199777 -0.366829 -0.181100 -0.669603 -0.712674 0.104547 2.178663 0.863037 -2.637715 -0.574283 2.940654 -1.533861 -3.458372
1776408797.239002 jaka_arm_right solver_failed 0.408240 -0.199211 -0.366945 -0.181799 -0.671425 -0.710316 0.107650 2.178663 0.863037 -2.637715 -0.574283 2.940654 -1.533861 -3.458372
1776408797.247520 jaka_arm_right solver_failed 0.408373 -0.198223 -0.367207 -0.181842 -0.671366 -0.710403 0.107375 2.178663 0.863037 -2.637715 -0.574283 2.940654 -1.533861 -3.458372
1776408797.255679 jaka_arm_right solver_failed 0.408559 -0.197529 -0.367610 -0.180258 -0.672813 -0.709425 0.107453 2.178663 0.863037 -2.637715 -0.574283 2.940654 -1.533861 -3.458372
1776408797.264100 jaka_arm_right solver_failed 0.408334 -0.196825 -0.367764 -0.180485 -0.673790 -0.708053 0.109965 2.178663 0.863037 -2.637715 -0.574283 2.940654 -1.533861 -3.458372
1776408797.280700 jaka_arm_right solver_failed 0.408330 -0.195499 -0.368116 -0.180069 -0.674777 -0.707047 0.111064 2.178663 0.863037 -2.637715 -0.574283 2.940654 -1.533861 -3.458372
1776408797.289179 jaka_arm_right solver_failed 0.408479 -0.194911 -0.368379 -0.178925 -0.675189 -0.707039 0.110462 2.178663 0.863037 -2.637715 -0.574283 2.940654 -1.533861 -3.458372
1776408797.297343 jaka_arm_right solver_failed 0.408228 -0.194253 -0.368387 -0.179497 -0.674841 -0.706956 0.112179 2.178663 0.863037 -2.637715 -0.574283 2.940654 -1.533861 -3.458372
1776408797.314419 jaka_arm_right solver_failed 0.408300 -0.193469 -0.368488 -0.178052 -0.674998 -0.707144 0.112345 2.178663 0.863037 -2.637715 -0.574283 2.940654 -1.533861 -3.458372
1776408797.322402 jaka_arm_right solver_failed 0.408035 -0.193135 -0.368388 -0.178470 -0.674689 -0.706978 0.114569 2.178663 0.863037 -2.637715 -0.574283 2.940654 -1.533861 -3.458372
1776408797.330727 jaka_arm_right solver_failed 0.408155 -0.192859 -0.368503 -0.177327 -0.674851 -0.707238 0.113782 2.178663 0.863037 -2.637715 -0.574283 2.940654 -1.533861 -3.458372
1776408797.339098 jaka_arm_right solver_failed 0.408087 -0.192609 -0.368400 -0.177211 -0.674646 -0.707318 0.114677 2.178663 0.863037 -2.637715 -0.574283 2.940654 -1.533861 -3.458372
1776408797.347536 jaka_arm_right solver_failed 0.408081 -0.192443 -0.368299 -0.176631 -0.674659 -0.707375 0.115142 2.178663 0.863037 -2.637715 -0.574283 2.940654 -1.533861 -3.458372
1776408797.355669 jaka_arm_right solver_failed 0.408005 -0.192228 -0.368208 -0.175423 -0.674410 -0.707765 0.116047 2.178663 0.863037 -2.637715 -0.574283 2.940654 -1.533861 -3.458372
1776408797.372340 jaka_arm_right solver_failed 0.407868 -0.191823 -0.368065 -0.174333 -0.673769 -0.708689 0.115774 2.178663 0.863037 -2.637715 -0.574283 2.940654 -1.533861 -3.458372
1776408797.381372 jaka_arm_right solver_failed 0.407849 -0.191697 -0.368014 -0.173486 -0.673426 -0.709283 0.115402 2.178663 0.863037 -2.637715 -0.574283 2.940654 -1.533861 -3.458372
1776408797.389017 jaka_arm_right solver_failed 0.407555 -0.191723 -0.367846 -0.173898 -0.673373 -0.708985 0.116914 2.178663 0.863037 -2.637715 -0.574283 2.940654 -1.533861 -3.458372
1776408797.397327 jaka_arm_right solver_failed 0.407544 -0.191566 -0.367790 -0.173033 -0.673145 -0.709239 0.117967 2.178663 0.863037 -2.637715 -0.574283 2.940654 -1.533861 -3.458372
1776408797.405650 jaka_arm_right solver_failed 0.407332 -0.191339 -0.367820 -0.172860 -0.672598 -0.709556 0.119420 2.178663 0.863037 -2.637715 -0.574283 2.940654 -1.533861 -3.458372
1776408797.413982 jaka_arm_right solver_failed 0.407409 -0.191180 -0.367860 -0.171708 -0.672399 -0.709861 0.120387 2.178663 0.863037 -2.637715 -0.574283 2.940654 -1.533861 -3.458372
1776408797.422406 jaka_arm_right solver_failed 0.407363 -0.191010 -0.367871 -0.171501 -0.672133 -0.709849 0.122222 2.178663 0.863037 -2.637715 -0.574283 2.940654 -1.533861 -3.458372
1776408797.430679 jaka_arm_right solver_failed 0.407227 -0.190845 -0.367888 -0.171552 -0.672236 -0.709399 0.124187 2.178663 0.863037 -2.637715 -0.574283 2.940654 -1.533861 -3.458372
1776408797.438958 jaka_arm_right solver_failed 0.407215 -0.190626 -0.367949 -0.171736 -0.672349 -0.709228 0.124291 2.178663 0.863037 -2.637715 -0.574283 2.940654 -1.533861 -3.458372
1776408797.447356 jaka_arm_right solver_failed 0.407182 -0.190375 -0.368054 -0.171365 -0.672705 -0.708899 0.124753 2.178663 0.863037 -2.637715 -0.574283 2.940654 -1.533861 -3.458372
1776408797.455659 jaka_arm_right solver_failed 0.407317 -0.190053 -0.368298 -0.170598 -0.673276 -0.708690 0.123913 2.178663 0.863037 -2.637715 -0.574283 2.940654 -1.533861 -3.458372
1776408797.464087 jaka_arm_right solver_failed 0.407077 -0.190008 -0.368306 -0.171572 -0.674255 -0.707282 0.125281 2.178663 0.863037 -2.637715 -0.574283 2.940654 -1.533861 -3.458372
1776408797.472301 jaka_arm_right solver_failed 0.406918 -0.189771 -0.368299 -0.172171 -0.674434 -0.706809 0.126162 2.178663 0.863037 -2.637715 -0.574283 2.940654 -1.533861 -3.458372
1776408797.480768 jaka_arm_right solver_failed 0.406968 -0.189607 -0.368411 -0.172637 -0.675065 -0.706202 0.125545 2.178663 0.863037 -2.637715 -0.574283 2.940654 -1.533861 -3.458372
1776408797.497566 jaka_arm_right solver_failed 0.407267 -0.189328 -0.368891 -0.172341 -0.675613 -0.705955 0.124390 2.178663 0.863037 -2.637715 -0.574283 2.940654 -1.533861 -3.458372
1776408797.505654 jaka_arm_right solver_failed 0.407083 -0.189422 -0.368893 -0.173736 -0.675902 -0.704832 0.127214 2.178663 0.863037 -2.637715 -0.574283 2.940654 -1.533861 -3.458372
1776408797.514184 jaka_arm_right solver_failed 0.407192 -0.189506 -0.369073 -0.173845 -0.675773 -0.704750 0.128204 2.178663 0.863037 -2.637715 -0.574283 2.940654 -1.533861 -3.458372
1776408797.522377 jaka_arm_right solver_failed 0.407404 -0.189572 -0.369356 -0.173457 -0.675516 -0.705060 0.128377 2.178663 0.863037 -2.637715 -0.574283 2.940654 -1.533861 -3.458372
1776408797.530755 jaka_arm_right solver_failed 0.407758 -0.189586 -0.369655 -0.172827 -0.674879 -0.705808 0.128470 2.178663 0.863037 -2.637715 -0.574283 2.940654 -1.533861 -3.458372
1776408797.538999 jaka_arm_right solver_failed 0.407966 -0.189787 -0.369854 -0.172190 -0.674706 -0.706019 0.129072 2.178663 0.863037 -2.637715 -0.574283 2.940654 -1.533861 -3.458372
1776408797.547597 jaka_arm_right solver_failed 0.408146 -0.189977 -0.370003 -0.172925 -0.674300 -0.706295 0.128703 2.178663 0.863037 -2.637715 -0.574283 2.940654 -1.533861 -3.458372
1776408797.555690 jaka_arm_right solver_failed 0.408224 -0.190079 -0.370089 -0.173154 -0.673433 -0.706753 0.130407 2.178663 0.863037 -2.637715 -0.574283 2.940654 -1.533861 -3.458372
1776408797.564088 jaka_arm_right solver_failed 0.408369 -0.190243 -0.370268 -0.172862 -0.673171 -0.706970 0.130974 2.178663 0.863037 -2.637715 -0.574283 2.940654 -1.533861 -3.458372
1776408797.572385 jaka_arm_right solver_failed 0.408383 -0.190397 -0.370330 -0.173543 -0.672624 -0.707120 0.132066 2.178663 0.863037 -2.637715 -0.574283 2.940654 -1.533861 -3.458372
1776408797.589105 jaka_arm_right solver_failed 0.408514 -0.190360 -0.370418 -0.173462 -0.670881 -0.708348 0.134434 2.178663 0.863037 -2.637715 -0.574283 2.940654 -1.533861 -3.458372
1776408797.597381 jaka_arm_right solver_failed 0.408581 -0.190430 -0.370478 -0.173504 -0.670604 -0.708466 0.135141 2.178663 0.863037 -2.637715 -0.574283 2.940654 -1.533861 -3.458372
1776408797.605643 jaka_arm_right solver_failed 0.408541 -0.190492 -0.370492 -0.173735 -0.670284 -0.708534 0.136069 2.178663 0.863037 -2.637715 -0.574283 2.940654 -1.533861 -3.458372
1776408797.614032 jaka_arm_right solver_failed 0.408607 -0.190370 -0.370565 -0.173085 -0.669581 -0.709291 0.136417 2.178663 0.863037 -2.637715 -0.574283 2.940654 -1.533861 -3.458372
1776408797.622420 jaka_arm_right solver_failed 0.408613 -0.190311 -0.370599 -0.172793 -0.669178 -0.709689 0.136690 2.178663 0.863037 -2.637715 -0.574283 2.940654 -1.533861 -3.458372
1776408797.630683 jaka_arm_right solver_failed 0.408539 -0.190285 -0.370591 -0.172792 -0.668925 -0.709811 0.137295 2.178663 0.863037 -2.637715 -0.574283 2.940654 -1.533861 -3.458372
1776408797.639006 jaka_arm_right solver_failed 0.408578 -0.190226 -0.370619 -0.171966 -0.668830 -0.710149 0.137045 2.178663 0.863037 -2.637715 -0.574283 2.940654 -1.533861 -3.458372
1776408797.647400 jaka_arm_right solver_failed 0.408458 -0.190202 -0.370549 -0.172236 -0.668860 -0.709960 0.137538 2.178663 0.863037 -2.637715 -0.574283 2.940654 -1.533861 -3.458372
1776408797.655685 jaka_arm_right solver_failed 0.408353 -0.189988 -0.370475 -0.172509 -0.668354 -0.710401 0.137382 2.178663 0.863037 -2.637715 -0.574283 2.940654 -1.533861 -3.458372
1776408797.664088 jaka_arm_right solver_failed 0.408315 -0.189792 -0.370399 -0.172348 -0.667957 -0.710811 0.137393 2.178663 0.863037 -2.637715 -0.574283 2.940654 -1.533861 -3.458372
1776408797.680720 jaka_arm_right solver_failed 0.408005 -0.189426 -0.370219 -0.174216 -0.667016 -0.711352 0.136811 2.178663 0.863037 -2.637715 -0.574283 2.940654 -1.533861 -3.458372
1776408797.689043 jaka_arm_right solver_failed 0.407913 -0.189281 -0.370193 -0.174964 -0.666825 -0.711564 0.135681 2.178663 0.863037 -2.637715 -0.574283 2.940654 -1.533861 -3.458372
1776408797.697394 jaka_arm_right solver_failed 0.407803 -0.189208 -0.370146 -0.175860 -0.666627 -0.711635 0.135120 2.178663 0.863037 -2.637715 -0.574283 2.940654 -1.533861 -3.458372
1776408797.714157 jaka_arm_right solver_failed 0.407534 -0.189046 -0.370005 -0.178828 -0.666209 -0.711513 0.133924 2.178663 0.863037 -2.637715 -0.574283 2.940654 -1.533861 -3.458372
1776408797.722430 jaka_arm_right solver_failed 0.407319 -0.188985 -0.369957 -0.181129 -0.665875 -0.711362 0.133291 2.178663 0.863037 -2.637715 -0.574283 2.940654 -1.533861 -3.458372
1776408797.730707 jaka_arm_right solver_failed 0.407378 -0.188890 -0.370049 -0.182025 -0.665932 -0.711360 0.131787 2.178663 0.863037 -2.637715 -0.574283 2.940654 -1.533861 -3.458372
1776408797.739001 jaka_arm_right solver_failed 0.407241 -0.188796 -0.370011 -0.183601 -0.665588 -0.711386 0.131200 2.178663 0.863037 -2.637715 -0.574283 2.940654 -1.533861 -3.458372
1776408797.747411 jaka_arm_right solver_failed 0.407008 -0.188715 -0.369909 -0.185599 -0.665149 -0.711241 0.131400 2.178663 0.863037 -2.637715 -0.574283 2.940654 -1.533861 -3.458372
1776408797.755743 jaka_arm_right solver_failed 0.406928 -0.188675 -0.369861 -0.187353 -0.665178 -0.710965 0.130248 2.178663 0.863037 -2.637715 -0.574283 2.940654 -1.533861 -3.458372
1776408797.764152 jaka_arm_right solver_failed 0.406804 -0.188588 -0.369817 -0.189253 -0.664865 -0.710984 0.128997 2.178663 0.863037 -2.637715 -0.574283 2.940654 -1.533861 -3.458372
1776408797.772328 jaka_arm_right solver_failed 0.406510 -0.188329 -0.369722 -0.191984 -0.664026 -0.711250 0.127812 2.178663 0.863037 -2.637715 -0.574283 2.940654 -1.533861 -3.458372
1776408797.780668 jaka_arm_right solver_failed 0.406352 -0.188275 -0.369638 -0.193876 -0.664074 -0.710913 0.126573 2.178663 0.863037 -2.637715 -0.574283 2.940654 -1.533861 -3.458372
1776408797.789103 jaka_arm_right solver_failed 0.406146 -0.188248 -0.369534 -0.196267 -0.663897 -0.710711 0.124940 2.178663 0.863037 -2.637715 -0.574283 2.940654 -1.533861 -3.458372
1776408797.805695 jaka_arm_right solver_failed 0.405887 -0.187982 -0.369401 -0.199505 -0.662506 -0.711782 0.121039 2.178663 0.863037 -2.637715 -0.574283 2.940654 -1.533861 -3.458372
1776408797.814035 jaka_arm_right solver_failed 0.405441 -0.187815 -0.369170 -0.203106 -0.661515 -0.711753 0.120636 2.178663 0.863037 -2.637715 -0.574283 2.940654 -1.533861 -3.458372
1776408797.822342 jaka_arm_right solver_failed 0.405067 -0.187748 -0.368918 -0.206750 -0.661320 -0.711101 0.119356 2.178663 0.863037 -2.637715 -0.574283 2.940654 -1.533861 -3.458372
1776408797.830683 jaka_arm_right solver_failed 0.404935 -0.187806 -0.368795 -0.209962 -0.661593 -0.710449 0.116075 2.178663 0.863037 -2.637715 -0.574283 2.940654 -1.533861 -3.458372
1776408797.838994 jaka_arm_right solver_failed 0.404563 -0.187593 -0.368617 -0.214733 -0.660880 -0.710110 0.113451 2.178663 0.863037 -2.637715 -0.574283 2.940654 -1.533861 -3.458372
1776408797.847408 jaka_arm_right solver_failed 0.404350 -0.187543 -0.368476 -0.219149 -0.661273 -0.709254 0.107934 2.178663 0.863037 -2.637715 -0.574283 2.940654 -1.533861 -3.458372
1776408797.855708 jaka_arm_right solver_failed 0.403777 -0.187291 -0.368154 -0.225791 -0.661221 -0.707662 0.104975 2.178663 0.863037 -2.637715 -0.574283 2.940654 -1.533861 -3.458372
1776408797.864008 jaka_arm_right solver_failed 0.403330 -0.187119 -0.367943 -0.230021 -0.661564 -0.706344 0.102478 2.178663 0.863037 -2.637715 -0.574283 2.940654 -1.533861 -3.458372
1776408797.872355 jaka_arm_right solver_failed 0.403017 -0.186958 -0.367899 -0.232972 -0.662547 -0.704956 0.098958 2.178663 0.863037 -2.637715 -0.574283 2.940654 -1.533861 -3.458372
1776408797.880697 jaka_arm_right solver_failed 0.402549 -0.186824 -0.367762 -0.235762 -0.663882 -0.703022 0.097145 2.178663 0.863037 -2.637715 -0.574283 2.940654 -1.533861 -3.458372
1776408797.897369 jaka_arm_right solver_failed 0.401505 -0.186348 -0.367454 -0.238946 -0.666370 -0.699825 0.095404 2.178663 0.863037 -2.637715 -0.574283 2.940654 -1.533861 -3.458372
1776408797.905702 jaka_arm_right solver_failed 0.400890 -0.185798 -0.367347 -0.241380 -0.666565 -0.699153 0.092800 2.178663 0.863037 -2.637715 -0.574283 2.940654 -1.533861 -3.458372
1776408797.914048 jaka_arm_right solver_failed 0.400187 -0.185347 -0.367080 -0.244413 -0.667838 -0.697139 0.090845 2.178663 0.863037 -2.637715 -0.574283 2.940654 -1.533861 -3.458372
1776408797.922334 jaka_arm_right success 0.399461 -0.185044 -0.366829 -0.247339 -0.670271 -0.694273 0.086862 2.233017 0.937149 -2.690835 -0.502247 2.907737 -1.550027 -3.352176
1776408797.930577 jaka_arm_right success 0.398821 -0.184516 -0.366607 -0.250242 -0.671509 -0.692634 0.081930 2.219028 0.916951 -2.686126 -0.552735 2.911793 -1.511101 -3.351974
1776408797.938931 jaka_arm_right success 0.397958 -0.183948 -0.366228 -0.255065 -0.673340 -0.689640 0.077149 2.202054 0.888780 -2.681889 -0.625300 2.915906 -1.454089 -3.345487
1776408797.947311 jaka_arm_right success 0.397173 -0.183320 -0.365864 -0.259668 -0.674084 -0.687815 0.071372 2.187017 0.870725 -2.675983 -0.669452 2.921199 -1.416813 -3.347735
1776408797.955562 jaka_arm_right success 0.396455 -0.182686 -0.365579 -0.263315 -0.675509 -0.685588 0.065741 2.170316 0.848498 -2.671117 -0.730199 2.925031 -1.366243 -3.347349
1776408797.963916 jaka_arm_right success 0.395294 -0.182053 -0.365043 -0.268608 -0.676124 -0.683132 0.063539 2.162609 0.831573 -2.669287 -0.769675 2.928153 -1.333988 -3.338902
1776408797.972289 jaka_arm_right success 0.394778 -0.181488 -0.364835 -0.271763 -0.676497 -0.681996 0.058119 2.149014 0.818724 -2.663837 -0.806454 2.932569 -1.301207 -3.343836
1776408797.988920 jaka_arm_right success 0.393612 -0.180366 -0.364358 -0.278070 -0.676892 -0.679707 0.049921 2.127521 0.796213 -2.655185 -0.866979 2.940553 -1.246873 -3.348162
1776408797.997350 jaka_arm_right success 0.392787 -0.179812 -0.363980 -0.281378 -0.676450 -0.678908 0.048228 2.120507 0.790032 -2.653408 -0.891755 2.943697 -1.221607 -3.344997
1776408798.013978 jaka_arm_right success 0.392209 -0.179493 -0.363715 -0.283657 -0.676892 -0.677737 0.045029 2.110183 0.777946 -2.649509 -0.917491 2.946852 -1.202086 -3.348936
1776408798.022312 jaka_arm_right success 0.391221 -0.178461 -0.363400 -0.286729 -0.676567 -0.677292 0.036309 2.092372 0.764463 -2.640350 -0.963198 2.953568 -1.158774 -3.359596
1776408798.030576 jaka_arm_right success 0.390591 -0.178045 -0.363133 -0.289357 -0.676194 -0.676729 0.032741 2.082171 0.757804 -2.635571 -0.979760 2.958378 -1.142871 -3.364761
1776408798.038976 jaka_arm_right success 0.389995 -0.177522 -0.362928 -0.291641 -0.675352 -0.676778 0.028589 2.071588 0.751126 -2.629996 -1.002173 2.963456 -1.121817 -3.370570
1776408798.047359 jaka_arm_right success 0.389268 -0.176958 -0.362627 -0.294671 -0.673758 -0.677158 0.025999 2.060012 0.746739 -2.624502 -1.018694 2.969664 -1.105348 -3.376405
1776408798.055596 jaka_arm_right success 0.388556 -0.176700 -0.362278 -0.297507 -0.672779 -0.677023 0.022321 2.047881 0.739665 -2.618908 -1.040262 2.975397 -1.086247 -3.382564
1776408798.063977 jaka_arm_right success 0.388027 -0.176474 -0.362015 -0.299165 -0.671834 -0.677352 0.018256 2.037912 0.736089 -2.612983 -1.054664 2.980265 -1.071698 -3.390835
1776408798.080661 jaka_arm_right success 0.386633 -0.175784 -0.361298 -0.304307 -0.669623 -0.677377 0.012733 2.019845 0.724233 -2.603894 -1.096147 2.990165 -1.033339 -3.397095
1776408798.088974 jaka_arm_right success 0.386035 -0.175422 -0.361025 -0.305921 -0.668536 -0.677773 0.009842 2.012001 0.724726 -2.598819 -1.099537 2.994406 -1.027728 -3.405275
1776408798.097302 jaka_arm_right success 0.385596 -0.175098 -0.360808 -0.306186 -0.667935 -0.678272 0.007686 2.005188 0.723747 -2.594872 -1.107319 2.997408 -1.020833 -3.411868
1776408798.105556 jaka_arm_right success 0.384732 -0.174761 -0.360430 -0.308046 -0.667091 -0.678269 0.006894 1.998729 0.719855 -2.592277 -1.121650 3.000997 -1.007742 -3.412981
1776408798.113981 jaka_arm_right success 0.384374 -0.174351 -0.360336 -0.308280 -0.666456 -0.678816 0.002895 1.990403 0.717755 -2.586293 -1.128507 3.004762 -1.001956 -3.422872
1776408798.122284 jaka_arm_right success 0.383728 -0.174067 -0.360055 0.309485 0.666303 0.678424 0.000167 1.981273 0.712464 -2.581651 -1.147038 3.008321 -0.985378 -3.428987
1776408798.130587 jaka_arm_right success 0.383186 -0.173577 -0.359892 0.310170 0.665451 0.678939 0.003395 1.973653 0.712554 -2.576401 -1.154408 3.011839 -0.977186 -3.437624
1776408798.138929 jaka_arm_right success 0.382640 -0.173454 -0.359617 0.310709 0.665959 0.678171 0.006618 1.965784 0.706830 -2.572257 -1.172241 3.014108 -0.960355 -3.443606
1776408798.147325 jaka_arm_right success 0.382010 -0.172991 -0.359440 0.312081 0.665323 0.678121 0.010108 1.956953 0.704651 -2.566623 -1.182580 3.018126 -0.950454 -3.451909
1776408798.155569 jaka_arm_right success 0.381253 -0.172553 -0.359216 0.314628 0.664445 0.677762 0.012647 1.946665 0.699414 -2.561306 -1.201930 3.023480 -0.932594 -3.456837
1776408798.172274 jaka_arm_right success 0.380464 -0.171903 -0.359114 0.314748 0.664090 0.677905 0.019042 1.934402 0.699276 -2.552311 -1.210936 3.027854 -0.921349 -3.472846
1776408798.180702 jaka_arm_right success 0.379741 -0.171553 -0.358891 0.316340 0.663867 0.677371 0.019466 1.931996 0.695426 -2.551768 -1.227349 3.029234 -0.905497 -3.470736
1776408798.189061 jaka_arm_right success 0.379586 -0.171152 -0.358969 0.316121 0.663497 0.677760 0.021948 1.927521 0.698171 -2.548217 -1.227786 3.030580 -0.902851 -3.478237
1776408798.197291 jaka_arm_right success 0.379485 -0.170670 -0.359091 0.316027 0.662834 0.678388 0.023835 1.922473 0.699765 -2.544402 -1.229326 3.032845 -0.900672 -3.484817
1776408798.205559 jaka_arm_right success 0.379279 -0.170435 -0.359091 0.316509 0.662962 0.677992 0.025114 1.918373 0.699102 -2.542332 -1.234215 3.033898 -0.895537 -3.488779
1776408798.213923 jaka_arm_right success 0.379028 -0.170138 -0.359054 0.316850 0.663005 0.677800 0.024861 1.918539 0.697022 -2.542730 -1.236626 3.034250 -0.894490 -3.486765
1776408798.222263 jaka_arm_right success 0.378787 -0.169626 -0.359093 0.317939 0.662032 0.678190 0.026214 1.911615 0.696876 -2.538690 -1.244072 3.037357 -0.886944 -3.492682
1776408798.230572 jaka_arm_right success 0.378554 -0.169389 -0.359096 0.318383 0.661870 0.678138 0.026259 1.911294 0.697012 -2.538792 -1.243990 3.037697 -0.886807 -3.492282
1776408798.239056 jaka_arm_right success 0.378389 -0.169203 -0.359047 0.319170 0.661854 0.677758 0.026900 1.910067 0.697973 -2.538285 -1.249101 3.038091 -0.879419 -3.493054
1776408798.247338 jaka_arm_right success 0.378349 -0.169071 -0.359064 0.319838 0.662223 0.677035 0.028061 1.906936 0.693932 -2.536349 -1.257542 3.039339 -0.872574 -3.494554
1776408798.263951 jaka_arm_right success 0.378306 -0.168719 -0.359120 0.320865 0.662825 0.675859 0.030373 1.902638 0.693900 -2.534599 -1.265876 3.039963 -0.859525 -3.498260
1776408798.272260 jaka_arm_right success 0.378292 -0.168621 -0.359154 0.321256 0.663138 0.675322 0.031343 1.901918 0.690869 -2.533803 -1.269273 3.040265 -0.857175 -3.498384
1776408798.280657 jaka_arm_right success 0.378250 -0.168547 -0.359196 0.321805 0.663176 0.675000 0.031854 1.900540 0.691909 -2.533149 -1.271820 3.040362 -0.852628 -3.500143
1776408798.288933 jaka_arm_right success 0.378320 -0.168394 -0.359360 0.321936 0.662517 0.675556 0.032449 1.900579 0.692277 -2.532265 -1.272009 3.041381 -0.852552 -3.500055
1776408798.297269 jaka_arm_right success 0.378352 -0.168363 -0.359455 0.322157 0.662414 0.675548 0.032505 1.899259 0.692143 -2.531528 -1.272546 3.041748 -0.851781 -3.501418
1776408798.305528 jaka_arm_right success 0.378353 -0.168310 -0.359513 0.322855 0.662207 0.675434 0.032178 1.898774 0.692305 -2.531722 -1.272429 3.042157 -0.851656 -3.500910
1776408798.313909 jaka_arm_right success 0.378295 -0.168179 -0.359580 0.323188 0.661916 0.675617 0.030959 1.898200 0.692797 -2.532166 -1.272666 3.042560 -0.851905 -3.500227
1776408798.322262 jaka_arm_right success 0.378260 -0.168102 -0.359630 0.323638 0.661884 0.675456 0.030465 1.897678 0.692940 -2.532546 -1.272615 3.042821 -0.851870 -3.499684
1776408798.330562 jaka_arm_right success 0.378431 -0.168009 -0.359779 0.323374 0.662131 0.675308 0.031163 1.897678 0.692940 -2.532546 -1.272615 3.042821 -0.851870 -3.499684
1776408798.338928 jaka_arm_right success 0.378455 -0.167969 -0.359828 0.323489 0.662491 0.674908 0.030991 1.897712 0.692517 -2.532588 -1.272337 3.042535 -0.851560 -3.499863
1776408798.347356 jaka_arm_right success 0.378483 -0.167843 -0.359897 0.323660 0.662615 0.674710 0.030863 1.897599 0.692315 -2.532789 -1.272206 3.042351 -0.851382 -3.499834
1776408798.355564 jaka_arm_right success 0.378353 -0.167781 -0.359863 0.323931 0.663029 0.674195 0.030362 1.899299 0.691090 -2.534424 -1.273684 3.041441 -0.849360 -3.497045
1776408798.363984 jaka_arm_right success 0.378434 -0.167740 -0.359962 0.323205 0.663594 0.673909 0.032052 1.900083 0.692071 -2.534055 -1.275621 3.039952 -0.845670 -3.499236
1776408798.372262 jaka_arm_right success 0.378253 -0.167619 -0.359907 0.323663 0.664000 0.673307 0.031692 1.900876 0.688750 -2.534871 -1.279928 3.039826 -0.842894 -3.496449
1776408798.388975 jaka_arm_right success 0.378225 -0.167490 -0.359949 0.323061 0.665156 0.672351 0.033805 1.898358 0.689529 -2.533646 -1.284366 3.038440 -0.835175 -3.501608
1776408798.397286 jaka_arm_right success 0.378083 -0.167173 -0.359916 0.323764 0.664816 0.672355 0.033684 1.897581 0.688314 -2.533417 -1.286507 3.039444 -0.834211 -3.500576
1776408798.405580 jaka_arm_right success 0.378114 -0.167157 -0.359950 0.323292 0.665455 0.671939 0.033897 1.897851 0.687821 -2.533725 -1.286737 3.038447 -0.834115 -3.501223
1776408798.413979 jaka_arm_right success 0.378143 -0.167093 -0.359995 0.322995 0.665736 0.671801 0.033955 1.897851 0.687821 -2.533725 -1.286737 3.038447 -0.834115 -3.501223
1776408798.422311 jaka_arm_right success 0.378199 -0.167007 -0.360038 0.322518 0.665810 0.671974 0.033605 1.897851 0.687821 -2.533725 -1.286737 3.038447 -0.834115 -3.501223
1776408798.430586 jaka_arm_right success 0.378268 -0.166863 -0.360076 0.322081 0.665584 0.672409 0.033595 1.898217 0.688102 -2.533685 -1.287270 3.038206 -0.834571 -3.501497
1776408798.438932 jaka_arm_right success 0.378264 -0.166843 -0.360079 0.321979 0.666022 0.672018 0.033711 1.898353 0.687686 -2.533953 -1.287233 3.037476 -0.834481 -3.501931
1776408798.447309 jaka_arm_right success 0.378284 -0.166855 -0.360122 0.321003 0.666762 0.671719 0.034340 1.898997 0.687238 -2.533909 -1.287400 3.036501 -0.834554 -3.502828
1776408798.455580 jaka_arm_right success 0.378271 -0.166817 -0.360103 0.320718 0.667066 0.671535 0.034683 1.899260 0.686876 -2.534073 -1.287430 3.035765 -0.834500 -3.503357
1776408798.464142 jaka_arm_right success 0.378218 -0.166705 -0.360084 0.320954 0.667105 0.671340 0.035522 1.899421 0.688453 -2.534020 -1.288380 3.035215 -0.831066 -3.504327
1776408798.480584 jaka_arm_right success 0.378113 -0.166713 -0.360008 0.321032 0.667646 0.670798 0.034892 1.899435 0.687307 -2.535091 -1.289163 3.034652 -0.830806 -3.503210
1776408798.488966 jaka_arm_right success 0.378198 -0.166827 -0.360038 0.320377 0.668096 0.670692 0.034324 1.901028 0.685512 -2.536266 -1.290519 3.033544 -0.831211 -3.501509
1776408798.497261 jaka_arm_right success 0.378332 -0.166844 -0.360127 0.320206 0.667767 0.671085 0.034631 1.901028 0.685512 -2.536266 -1.290519 3.033544 -0.831211 -3.501509
1776408798.505532 jaka_arm_right success 0.378369 -0.166900 -0.360154 0.320438 0.667653 0.671109 0.034231 1.901028 0.685512 -2.536266 -1.290519 3.033544 -0.831211 -3.501509
1776408798.513941 jaka_arm_right success 0.378462 -0.167042 -0.360220 0.320127 0.667711 0.671241 0.033419 1.900924 0.686043 -2.536472 -1.290991 3.033742 -0.831690 -3.501193
1776408798.522405 jaka_arm_right success 0.378528 -0.167134 -0.360274 0.320279 0.667651 0.671232 0.033344 1.900924 0.686043 -2.536472 -1.290991 3.033742 -0.831690 -3.501193
1776408798.530556 jaka_arm_right success 0.378609 -0.167248 -0.360324 0.320089 0.667719 0.671267 0.033100 1.901856 0.685556 -2.537065 -1.291021 3.033832 -0.832922 -3.499520
1776408798.538902 jaka_arm_right success 0.378580 -0.167319 -0.360329 0.320539 0.667733 0.671068 0.032482 1.901469 0.685462 -2.537426 -1.290811 3.033856 -0.832794 -3.499187
1776408798.547261 jaka_arm_right success 0.378530 -0.167393 -0.360341 0.321153 0.667824 0.670701 0.032121 1.901014 0.685324 -2.537811 -1.290525 3.033936 -0.832587 -3.498767
1776408798.555573 jaka_arm_right success 0.378593 -0.167415 -0.360433 0.320867 0.667658 0.671018 0.031816 1.903924 0.683961 -2.538802 -1.290073 3.033970 -0.834350 -3.495031
1776408798.563979 jaka_arm_right success 0.378593 -0.167476 -0.360443 0.321255 0.667660 0.670835 0.031698 1.903924 0.683961 -2.538802 -1.290073 3.033970 -0.834350 -3.495031
1776408798.572215 jaka_arm_right success 0.378609 -0.167526 -0.360481 0.321218 0.667689 0.670846 0.031257 1.903592 0.683909 -2.539200 -1.289946 3.033867 -0.834293 -3.494806
1776408798.580569 jaka_arm_right success 0.378628 -0.167526 -0.360507 0.321367 0.667614 0.670863 0.030962 1.903592 0.683909 -2.539200 -1.289946 3.033867 -0.834293 -3.494806
1776408798.588890 jaka_arm_right success 0.378688 -0.167556 -0.360581 0.321229 0.667673 0.670861 0.031148 1.904116 0.683801 -2.539810 -1.289512 3.033246 -0.834361 -3.494425
1776408798.605551 jaka_arm_right success 0.378783 -0.167524 -0.360684 0.321345 0.667573 0.670905 0.031135 1.904299 0.684098 -2.539532 -1.289337 3.033758 -0.834293 -3.494056
1776408798.614007 jaka_arm_right success 0.378803 -0.167436 -0.360749 0.321528 0.667168 0.671235 0.030820 1.906001 0.685695 -2.540569 -1.287087 3.033351 -0.835409 -3.492540
1776408798.622271 jaka_arm_right success 0.378916 -0.167475 -0.360839 0.321162 0.667281 0.671309 0.030596 1.906422 0.685833 -2.540727 -1.286755 3.033135 -0.836176 -3.492435
1776408798.630575 jaka_arm_right success 0.378952 -0.167599 -0.360851 0.320943 0.667953 0.670781 0.029791 1.909504 0.683880 -2.542913 -1.285568 3.031607 -0.838814 -3.488957
1776408798.638911 jaka_arm_right success 0.378953 -0.167598 -0.360861 0.321104 0.668080 0.670592 0.029469 1.909504 0.683880 -2.542913 -1.285568 3.031607 -0.838814 -3.488957
1776408798.647240 jaka_arm_right success 0.378959 -0.167566 -0.360884 0.321360 0.668129 0.670419 0.029503 1.909504 0.683880 -2.542913 -1.285568 3.031607 -0.838814 -3.488957
1776408798.655596 jaka_arm_right success 0.378931 -0.167552 -0.360885 0.321551 0.668314 0.670133 0.029731 1.909148 0.683565 -2.543158 -1.285093 3.031560 -0.838389 -3.488784
1776408798.663981 jaka_arm_right success 0.378848 -0.167567 -0.360895 0.321300 0.668721 0.669859 0.029453 1.908890 0.683334 -2.543645 -1.284910 3.031141 -0.838248 -3.488768
1776408798.672259 jaka_arm_right success 0.378758 -0.167278 -0.360933 0.322007 0.667823 0.670402 0.029750 1.908880 0.683996 -2.543179 -1.284968 3.032121 -0.838222 -3.488245
1776408798.680560 jaka_arm_right success 0.378777 -0.167361 -0.360957 0.321710 0.668489 0.669860 0.030223 1.909070 0.683499 -2.543094 -1.284602 3.031713 -0.837830 -3.488648
1776408798.697376 jaka_arm_right success 0.378717 -0.167542 -0.360929 0.321315 0.669366 0.669210 0.029398 1.909213 0.683142 -2.544738 -1.284760 3.029903 -0.837782 -3.488631
1776408798.705571 jaka_arm_right success 0.378791 -0.167597 -0.360976 0.320922 0.669422 0.669334 0.029572 1.909213 0.683142 -2.544738 -1.284760 3.029903 -0.837782 -3.488631
1776408798.713968 jaka_arm_right success 0.378688 -0.167665 -0.360964 0.321042 0.669594 0.669133 0.028925 1.909201 0.683254 -2.545221 -1.285057 3.029505 -0.838086 -3.488558
1776408798.722329 jaka_arm_right success 0.378644 -0.167707 -0.360943 0.320722 0.669630 0.669270 0.028486 1.912431 0.682472 -2.546777 -1.285003 3.028704 -0.838814 -3.485026
1776408798.730615 jaka_arm_right success 0.378537 -0.167716 -0.360874 0.320652 0.669501 0.669462 0.027753 1.912338 0.682669 -2.547016 -1.285200 3.028657 -0.839048 -3.484884
1776408798.738872 jaka_arm_right success 0.378515 -0.167813 -0.360867 0.319769 0.669754 0.669618 0.028083 1.913429 0.682507 -2.546760 -1.285141 3.028145 -0.839585 -3.485240
1776408798.747363 jaka_arm_right success 0.378490 -0.167695 -0.360880 0.319812 0.668966 0.670346 0.028989 1.913801 0.682802 -2.546255 -1.285313 3.028465 -0.839743 -3.485366
1776408798.755577 jaka_arm_right success 0.378407 -0.167763 -0.360791 0.319771 0.668970 0.670357 0.029101 1.913801 0.682802 -2.546255 -1.285313 3.028465 -0.839743 -3.485366
1776408798.763949 jaka_arm_right success 0.378346 -0.167860 -0.360714 0.319241 0.668919 0.670657 0.029183 1.912077 0.684080 -2.545194 -1.283198 3.028612 -0.841652 -3.488450
1776408798.772288 jaka_arm_right success 0.378306 -0.168081 -0.360609 0.318973 0.669026 0.670635 0.030155 1.912574 0.683945 -2.544631 -1.283138 3.028647 -0.841580 -3.488842
1776408798.788929 jaka_arm_right success 0.378178 -0.168472 -0.360464 0.318363 0.669443 0.670487 0.030636 1.913011 0.683649 -2.544309 -1.283095 3.028333 -0.841557 -3.489376
1776408798.797292 jaka_arm_right success 0.378150 -0.168535 -0.360451 0.318132 0.668923 0.671120 0.030530 1.911887 0.683770 -2.543142 -1.282732 3.029190 -0.843973 -3.490874
1776408798.805587 jaka_arm_right success 0.378125 -0.168601 -0.360396 0.318076 0.668319 0.671743 0.030640 1.910228 0.684324 -2.541952 -1.281506 3.030474 -0.845660 -3.492234
1776408798.813934 jaka_arm_right success 0.378007 -0.168663 -0.360307 0.318427 0.667848 0.672060 0.030325 1.910055 0.684623 -2.541922 -1.281590 3.030851 -0.845823 -3.491958
1776408798.822255 jaka_arm_right success 0.377958 -0.168779 -0.360289 0.318520 0.667760 0.672074 0.030952 1.909552 0.684499 -2.540920 -1.280846 3.031368 -0.846202 -3.493037
1776408798.830598 jaka_arm_right success 0.377932 -0.168846 -0.360282 0.318264 0.667806 0.672120 0.031570 1.909552 0.684499 -2.540920 -1.280846 3.031368 -0.846202 -3.493037
1776408798.838868 jaka_arm_right success 0.377783 -0.168822 -0.360205 0.318512 0.667944 0.671855 0.031796 1.909169 0.684251 -2.540167 -1.280203 3.031638 -0.845891 -3.493929
1776408798.847286 jaka_arm_right success 0.377543 -0.168682 -0.360137 0.319124 0.667659 0.671838 0.032010 1.909169 0.684251 -2.540167 -1.280203 3.031638 -0.845891 -3.493929
1776408798.855545 jaka_arm_right success 0.377522 -0.168602 -0.360122 0.318287 0.668014 0.671851 0.032663 1.907754 0.684885 -2.539000 -1.280080 3.031511 -0.845760 -3.496997
1776408798.863950 jaka_arm_right success 0.377432 -0.168441 -0.360081 0.318484 0.667753 0.672012 0.032760 1.907469 0.685205 -2.538934 -1.280110 3.032006 -0.845789 -3.496676
1776408798.880687 jaka_arm_right success 0.377214 -0.168259 -0.360003 0.318246 0.668451 0.671467 0.032015 1.906919 0.684993 -2.539736 -1.280098 3.031422 -0.845834 -3.496651
1776408798.888958 jaka_arm_right success 0.377209 -0.168136 -0.360044 0.318190 0.668724 0.671175 0.032983 1.906318 0.685006 -2.539077 -1.280575 3.031083 -0.844805 -3.498449
1776408798.897325 jaka_arm_right success 0.377129 -0.168199 -0.360012 0.317590 0.669895 0.670306 0.032659 1.906163 0.684202 -2.540128 -1.280657 3.029494 -0.844833 -3.499054
1776408798.914030 jaka_arm_right success 0.376997 -0.168108 -0.359966 0.317077 0.670969 0.669441 0.033344 1.908927 0.681312 -2.541611 -1.285884 3.027445 -0.840002 -3.496622
1776408798.922324 jaka_arm_right success 0.376967 -0.167935 -0.360058 0.316097 0.671658 0.669164 0.034307 1.909483 0.680799 -2.541651 -1.286137 3.026012 -0.839954 -3.498082
1776408798.930581 jaka_arm_right success 0.376712 -0.167742 -0.359998 0.316911 0.671893 0.668573 0.033741 1.907660 0.681534 -2.542052 -1.289515 3.026058 -0.834914 -3.498472
1776408798.938940 jaka_arm_right success 0.376602 -0.167659 -0.359996 0.316819 0.672305 0.668204 0.033703 1.907558 0.681224 -2.542225 -1.289366 3.025817 -0.834755 -3.498530
1776408798.947385 jaka_arm_right success 0.376503 -0.167486 -0.360001 0.317265 0.672287 0.667973 0.034424 1.905105 0.677716 -2.541188 -1.298146 3.026501 -0.828037 -3.499117
1776408798.955585 jaka_arm_right success 0.376521 -0.167547 -0.360019 0.317164 0.672890 0.667358 0.035484 1.905365 0.677173 -2.540896 -1.297735 3.026252 -0.827576 -3.499520
1776408798.963935 jaka_arm_right success 0.376481 -0.167593 -0.360031 0.317040 0.673326 0.666951 0.035960 1.905385 0.677098 -2.540688 -1.298031 3.025747 -0.826152 -3.500388
1776408798.972216 jaka_arm_right success 0.376441 -0.167635 -0.360037 0.316873 0.673474 0.666875 0.036077 1.905425 0.676919 -2.540897 -1.298260 3.025207 -0.826088 -3.500768
1776408798.980685 jaka_arm_right success 0.376367 -0.167586 -0.360030 0.316934 0.672875 0.667476 0.035620 1.905346 0.677384 -2.540840 -1.298567 3.025618 -0.826347 -3.500476
1776408798.988945 jaka_arm_right success 0.376350 -0.167797 -0.360034 0.316229 0.673029 0.667680 0.035149 1.905413 0.677638 -2.540908 -1.298928 3.025579 -0.826698 -3.500491
1776408799.005555 jaka_arm_right success 0.376268 -0.167930 -0.359999 0.316084 0.672859 0.667948 0.034613 1.905328 0.677927 -2.541095 -1.299273 3.025608 -0.827074 -3.500354
1776408799.013941 jaka_arm_right success 0.376510 -0.168173 -0.360056 0.315263 0.672377 0.668709 0.036692 1.904980 0.677846 -2.538695 -1.298920 3.026235 -0.828021 -3.503228
1776408799.022336 jaka_arm_right success 0.376024 -0.168624 -0.359866 0.316547 0.671354 0.669263 0.034189 1.902842 0.677348 -2.539118 -1.298946 3.028547 -0.830515 -3.500834
1776408799.030569 jaka_arm_right success 0.375984 -0.169049 -0.359888 0.316330 0.670922 0.669713 0.035832 1.900424 0.676961 -2.536169 -1.297912 3.029918 -0.833063 -3.504913
1776408799.038921 jaka_arm_right success 0.375820 -0.169520 -0.359780 0.316479 0.670878 0.669706 0.035448 1.900053 0.676925 -2.536311 -1.297694 3.030168 -0.832947 -3.504583
1776408799.047346 jaka_arm_right success 0.375606 -0.169747 -0.359749 0.316516 0.669940 0.670698 0.034084 1.898466 0.674990 -2.535629 -1.296865 3.032341 -0.838351 -3.503417
1776408799.055584 jaka_arm_right success 0.375442 -0.170000 -0.359706 0.316136 0.668927 0.671937 0.033080 1.896425 0.676680 -2.533719 -1.288627 3.034592 -0.849322 -3.505827
1776408799.063957 jaka_arm_right success 0.375379 -0.170544 -0.359586 0.316581 0.668556 0.672014 0.034747 1.896801 0.676268 -2.533034 -1.288086 3.034771 -0.848746 -3.506158
1776408799.072225 jaka_arm_right success 0.374957 -0.171033 -0.359296 0.317234 0.668070 0.672303 0.032458 1.895555 0.677053 -2.533799 -1.288212 3.035958 -0.849234 -3.504463
1776408799.080839 jaka_arm_right success 0.375134 -0.171280 -0.359363 0.316261 0.666701 0.674001 0.034804 1.891780 0.679432 -2.528744 -1.285456 3.038858 -0.852958 -3.511431
1776408799.088917 jaka_arm_right success 0.374606 -0.171812 -0.359073 0.316775 0.666718 0.673809 0.033502 1.890985 0.678824 -2.529861 -1.285614 3.038802 -0.854093 -3.510299
1776408799.097286 jaka_arm_right success 0.374718 -0.172452 -0.359026 0.316420 0.666595 0.673962 0.036130 1.892042 0.677703 -2.527465 -1.284541 3.039560 -0.853412 -3.511647
1776408799.114036 jaka_arm_right success 0.374055 -0.173266 -0.358558 0.316676 0.665359 0.675100 0.035420 1.888298 0.675594 -2.525245 -1.284852 3.042475 -0.859424 -3.513142
1776408799.130576 jaka_arm_right success 0.373539 -0.174612 -0.358039 0.317132 0.665639 0.674368 0.039743 1.880240 0.675132 -2.518518 -1.283964 3.045793 -0.857846 -3.523779
1776408799.138920 jaka_arm_right success 0.373445 -0.175196 -0.357958 0.317003 0.665769 0.674100 0.043012 1.873431 0.674099 -2.513348 -1.286606 3.047915 -0.855032 -3.532620
1776408799.147245 jaka_arm_right success 0.373081 -0.175770 -0.357620 0.317710 0.665118 0.674400 0.043170 1.870429 0.669238 -2.511257 -1.291428 3.050730 -0.854667 -3.532180
1776408799.155571 jaka_arm_right success 0.372813 -0.176431 -0.357375 0.317779 0.665664 0.673784 0.043848 1.869333 0.667911 -2.510623 -1.294371 3.050621 -0.851534 -3.533399
1776408799.164040 jaka_arm_right success 0.372605 -0.177258 -0.357085 0.317913 0.665550 0.673782 0.044628 1.867891 0.665422 -2.508879 -1.295774 3.052075 -0.851772 -3.534126
1776408799.172240 jaka_arm_right success 0.372565 -0.177981 -0.356874 0.318636 0.665431 0.673349 0.047682 1.860732 0.665366 -2.503906 -1.299562 3.054583 -0.846265 -3.542468
1776408799.188992 jaka_arm_right success 0.371799 -0.179690 -0.356111 0.320774 0.665142 0.672655 0.047174 1.857562 0.656271 -2.502375 -1.308856 3.058455 -0.842464 -3.538262
1776408799.197372 jaka_arm_right success 0.371929 -0.180565 -0.356091 0.319967 0.664586 0.673419 0.049534 1.858049 0.656357 -2.499826 -1.308597 3.059001 -0.842165 -3.540898
1776408799.205542 jaka_arm_right success 0.371593 -0.181504 -0.355716 0.321130 0.663861 0.673589 0.049427 1.853983 0.655668 -2.497682 -1.308772 3.062293 -0.843617 -3.542045
1776408799.222350 jaka_arm_right success 0.370939 -0.183518 -0.355205 0.321967 0.663112 0.673849 0.050482 1.847888 0.650371 -2.493334 -1.309247 3.066230 -0.847519 -3.545577
1776408799.230582 jaka_arm_right success 0.370873 -0.184596 -0.355070 0.322729 0.662436 0.673900 0.053689 1.838897 0.652241 -2.486721 -1.310241 3.070422 -0.845141 -3.556079
1776408799.239096 jaka_arm_right success 0.370706 -0.185644 -0.354883 0.323140 0.661272 0.674738 0.055028 1.834355 0.648851 -2.482264 -1.311629 3.074701 -0.847723 -3.558701
1776408799.247388 jaka_arm_right success 0.370517 -0.187110 -0.354596 0.323395 0.661530 0.674260 0.056277 1.834635 0.648102 -2.481764 -1.311008 3.074550 -0.847103 -3.559181
1776408799.255600 jaka_arm_right success 0.370159 -0.188489 -0.354316 0.324372 0.661679 0.673599 0.056819 1.828724 0.641675 -2.478090 -1.314719 3.078224 -0.847654 -3.561405
1776408799.263946 jaka_arm_right success 0.369945 -0.189617 -0.354132 0.325378 0.660288 0.674340 0.058433 1.823422 0.643001 -2.473438 -1.315294 3.082115 -0.846583 -3.566828
1776408799.272230 jaka_arm_right success 0.369683 -0.190807 -0.353992 0.326376 0.659028 0.674911 0.060463 1.817591 0.641873 -2.468882 -1.315760 3.086489 -0.847322 -3.571011
1776408799.280595 jaka_arm_right success 0.369516 -0.192061 -0.353805 0.327024 0.658117 0.675298 0.062529 1.810168 0.640649 -2.463154 -1.316641 3.090627 -0.847783 -3.578287
1776408799.288972 jaka_arm_right success 0.369090 -0.193389 -0.353489 0.328100 0.657576 0.675289 0.062679 1.807646 0.636369 -2.461108 -1.318624 3.093622 -0.849102 -3.577415
1776408799.297292 jaka_arm_right success 0.368690 -0.194727 -0.353155 0.329287 0.656658 0.675525 0.063541 1.804004 0.635285 -2.458141 -1.319377 3.097016 -0.849226 -3.579156
1776408799.314132 jaka_arm_right success 0.368023 -0.197651 -0.352521 0.330176 0.656306 0.675039 0.067587 1.791589 0.629169 -2.448957 -1.322807 3.103300 -0.849798 -3.590284
1776408799.322236 jaka_arm_right success 0.367350 -0.199151 -0.351976 0.332049 0.656237 0.674256 0.066906 1.788826 0.620874 -2.448389 -1.330470 3.106543 -0.846454 -3.585576
1776408799.330581 jaka_arm_right success 0.367098 -0.200395 -0.351738 0.332911 0.654923 0.674847 0.069479 1.782783 0.624487 -2.442643 -1.330072 3.110379 -0.844339 -3.594022
1776408799.338889 jaka_arm_right success 0.366770 -0.201911 -0.351426 0.332770 0.654661 0.675096 0.070209 1.780049 0.617982 -2.439164 -1.331555 3.113750 -0.849073 -3.594148
1776408799.347483 jaka_arm_right success 0.366663 -0.203463 -0.351161 0.332672 0.654374 0.675045 0.073745 1.773971 0.620569 -2.434211 -1.330439 3.115753 -0.847308 -3.603697
1776408799.355556 jaka_arm_right success 0.365976 -0.204741 -0.350760 0.334165 0.653317 0.675395 0.073154 1.770296 0.615175 -2.432223 -1.332153 3.119705 -0.850997 -3.601819
1776408799.363988 jaka_arm_right success 0.365454 -0.206366 -0.350295 0.334672 0.653351 0.675052 0.073703 1.765813 0.610347 -2.429231 -1.333667 3.122766 -0.852959 -3.603426
1776408799.372247 jaka_arm_right success 0.365159 -0.207695 -0.350037 0.334968 0.652488 0.675466 0.076166 1.760676 0.611783 -2.424576 -1.333542 3.125556 -0.852536 -3.610488
1776408799.380656 jaka_arm_right success 0.364595 -0.209154 -0.349606 0.336412 0.651887 0.675185 0.077424 1.751738 0.606556 -2.419185 -1.337942 3.131230 -0.852493 -3.614868
1776408799.389026 jaka_arm_right success 0.364066 -0.210582 -0.349200 0.336877 0.651624 0.675058 0.078719 1.747397 0.602566 -2.415586 -1.340224 3.134593 -0.852915 -3.617109
1776408799.405592 jaka_arm_right success 0.363068 -0.213434 -0.348377 0.337987 0.650869 0.674795 0.082373 1.735129 0.598239 -2.406443 -1.343529 3.141756 -0.853285 -3.627636
1776408799.414019 jaka_arm_right success 0.362703 -0.214608 -0.348062 0.338568 0.649516 0.675465 0.085133 1.728689 0.600324 -2.400652 -1.344609 3.146386 -0.852121 -3.634978
1776408799.422276 jaka_arm_right success 0.361866 -0.215981 -0.347556 0.339833 0.649973 0.674411 0.084964 1.723233 0.591098 -2.398304 -1.353249 3.149662 -0.849166 -3.634376
1776408799.430650 jaka_arm_right success 0.361414 -0.217202 -0.347181 0.340342 0.649685 0.674253 0.086372 1.719089 0.588810 -2.395061 -1.354323 3.152681 -0.848607 -3.637040
1776408799.438873 jaka_arm_right success 0.360879 -0.218485 -0.346812 0.340720 0.649517 0.673984 0.088225 1.712107 0.586148 -2.390224 -1.356716 3.156320 -0.848604 -3.643014
1776408799.447217 jaka_arm_right success 0.360279 -0.219922 -0.346377 0.340753 0.650729 0.672694 0.089005 1.709648 0.579368 -2.388833 -1.362380 3.157280 -0.845752 -3.643026
1776408799.455563 jaka_arm_right success 0.359770 -0.220973 -0.346048 0.341736 0.650211 0.672420 0.091074 1.702429 0.579869 -2.383715 -1.364588 3.161126 -0.843450 -3.650511
1776408799.463951 jaka_arm_right success 0.359348 -0.221949 -0.345828 0.341837 0.649632 0.672565 0.093712 1.694596 0.577518 -2.377670 -1.367392 3.165567 -0.843497 -3.657817
1776408799.472246 jaka_arm_right success 0.358626 -0.223071 -0.345425 0.342487 0.650080 0.671706 0.094387 1.690436 0.570689 -2.374636 -1.375123 3.168944 -0.839551 -3.658094
1776408799.480806 jaka_arm_right success 0.357818 -0.224287 -0.345042 0.342698 0.651138 0.670518 0.094775 1.688383 0.566042 -2.374129 -1.377514 3.169191 -0.838750 -3.658242
1776408799.497277 jaka_arm_right success 0.356591 -0.226239 -0.344457 0.343119 0.651274 0.669663 0.098297 1.674354 0.561490 -2.365050 -1.383796 3.175607 -0.836782 -3.670895
1776408799.505523 jaka_arm_right success 0.356012 -0.227207 -0.344268 0.343922 0.651006 0.669162 0.100650 1.666886 0.561205 -2.359846 -1.389135 3.179595 -0.830984 -3.678279
1776408799.514069 jaka_arm_right success 0.355147 -0.228026 -0.343983 0.344927 0.650879 0.668775 0.100612 1.663257 0.555722 -2.357599 -1.393968 3.183128 -0.829590 -3.677298
1776408799.522342 jaka_arm_right success 0.354738 -0.228874 -0.343875 0.344466 0.650364 0.669147 0.103016 1.661391 0.556765 -2.354749 -1.393687 3.183884 -0.829662 -3.682046
1776408799.530603 jaka_arm_right success 0.354130 -0.229929 -0.343675 0.344349 0.650508 0.668866 0.104313 1.653444 0.554086 -2.350242 -1.394022 3.187369 -0.832445 -3.688235
1776408799.538934 jaka_arm_right success 0.353426 -0.230985 -0.343456 0.344664 0.651907 0.667269 0.104771 1.649852 0.546485 -2.348446 -1.400210 3.189162 -0.829617 -3.688175
1776408799.547351 jaka_arm_right success 0.352753 -0.231558 -0.343333 0.345911 0.650265 0.668066 0.105780 1.644222 0.550738 -2.344826 -1.400161 3.192838 -0.828571 -3.694015
1776408799.555575 jaka_arm_right success 0.352150 -0.232694 -0.343258 0.344515 0.652051 0.667051 0.105747 1.644074 0.547007 -2.345238 -1.400874 3.190963 -0.829720 -3.694588
1776408799.563968 jaka_arm_right success 0.351271 -0.233342 -0.343026 0.346796 0.650663 0.667247 0.105603 1.635338 0.541507 -2.340437 -1.404672 3.198204 -0.831806 -3.695771
1776408799.572243 jaka_arm_right success 0.350805 -0.234438 -0.343022 0.346088 0.651855 0.666187 0.107251 1.633482 0.540240 -2.339064 -1.405437 3.197646 -0.830139 -3.699385
1776408799.588920 jaka_arm_right success 0.349769 -0.236219 -0.342951 0.346151 0.651936 0.665636 0.109942 1.623509 0.537585 -2.332767 -1.406047 3.201992 -0.832720 -3.708510
1776408799.597339 jaka_arm_right success 0.348870 -0.236668 -0.342812 0.348332 0.650267 0.666492 0.107735 1.621768 0.537999 -2.333153 -1.406790 3.204932 -0.833308 -3.705398
1776408799.605538 jaka_arm_right success 0.348249 -0.237679 -0.342706 0.348347 0.651908 0.664761 0.108457 1.614632 0.528347 -2.329500 -1.416466 3.208206 -0.828903 -3.707910
1776408799.613996 jaka_arm_right success 0.347734 -0.238421 -0.342658 0.348747 0.651112 0.665186 0.109340 1.614683 0.528808 -2.328225 -1.415599 3.209821 -0.828299 -3.707789
1776408799.622330 jaka_arm_right success 0.347190 -0.239309 -0.342675 0.348760 0.651659 0.664403 0.110800 1.609792 0.528470 -2.325243 -1.414703 3.210842 -0.829752 -3.713973
1776408799.630603 jaka_arm_right success 0.346487 -0.240071 -0.342576 0.348659 0.652563 0.663545 0.110936 1.606757 0.523301 -2.324322 -1.416336 3.212145 -0.831378 -3.713658
1776408799.638929 jaka_arm_right success 0.345756 -0.240775 -0.342429 0.349885 0.652425 0.662881 0.111853 1.598370 0.523093 -2.320169 -1.419852 3.215938 -0.828598 -3.720666
1776408799.647250 jaka_arm_right success 0.344974 -0.241504 -0.342349 0.349775 0.653866 0.661524 0.111816 1.597816 0.516129 -2.320365 -1.423009 3.215928 -0.828382 -3.718130
1776408799.655599 jaka_arm_right success 0.344028 -0.242235 -0.342165 0.350769 0.654706 0.660178 0.111746 1.592728 0.509370 -2.317919 -1.431375 3.219091 -0.822765 -3.718856
1776408799.663905 jaka_arm_right success 0.343324 -0.243014 -0.342003 0.350600 0.656122 0.658692 0.112731 1.589067 0.508648 -2.316665 -1.434168 3.218828 -0.819048 -3.723576
1776408799.680675 jaka_arm_right success 0.341820 -0.244532 -0.341687 0.351382 0.658791 0.655148 0.115351 1.574947 0.494891 -2.308294 -1.452034 3.226094 -0.806145 -3.731732
1776408799.688916 jaka_arm_right success 0.341139 -0.245475 -0.341539 0.351916 0.660572 0.652666 0.117584 1.569794 0.493682 -2.305834 -1.458439 3.226439 -0.796679 -3.738604
1776408799.697255 jaka_arm_right success 0.340313 -0.246307 -0.341357 0.351940 0.662016 0.651049 0.118360 1.562924 0.484918 -2.301897 -1.466530 3.230337 -0.792405 -3.741020
1776408799.705549 jaka_arm_right success 0.339579 -0.247397 -0.341160 0.352591 0.664171 0.648165 0.120159 1.559477 0.477535 -2.299262 -1.474588 3.231933 -0.784112 -3.742897
1776408799.714058 jaka_arm_right success 0.338810 -0.248338 -0.340905 0.353062 0.665826 0.646205 0.120177 1.556166 0.471361 -2.298530 -1.478998 3.232697 -0.781154 -3.743213
1776408799.722244 jaka_arm_right success 0.337901 -0.249326 -0.340642 0.353901 0.667131 0.644187 0.121298 1.548476 0.467364 -2.294673 -1.486910 3.235620 -0.773702 -3.749454
1776408799.730603 jaka_arm_right success 0.337051 -0.250540 -0.340346 0.354684 0.669068 0.641632 0.121882 1.543642 0.457560 -2.291984 -1.496144 3.238681 -0.766828 -3.749638
1776408799.738940 jaka_arm_right success 0.336173 -0.251551 -0.340062 0.356133 0.669885 0.639713 0.123252 1.532515 0.454458 -2.286644 -1.504381 3.243936 -0.759241 -3.757879
1776408799.747230 jaka_arm_right success 0.335543 -0.252879 -0.339841 0.355782 0.671298 0.638040 0.125232 1.528087 0.445652 -2.282528 -1.508084 3.247265 -0.758486 -3.759365
1776408799.755629 jaka_arm_right success 0.334672 -0.254215 -0.339508 0.356112 0.672294 0.636626 0.126143 1.523932 0.445170 -2.280611 -1.509151 3.247928 -0.755699 -3.764265
1776408799.772244 jaka_arm_right success 0.332747 -0.257073 -0.338722 0.357789 0.674081 0.633481 0.127684 1.503831 0.429815 -2.269145 -1.523221 3.260290 -0.750782 -3.774210
1776408799.780710 jaka_arm_right success 0.331710 -0.258470 -0.338238 0.359154 0.674181 0.632485 0.128263 1.499146 0.424202 -2.266340 -1.526619 3.264373 -0.748945 -3.774537
1776408799.788936 jaka_arm_right success 0.330898 -0.260217 -0.337893 0.358507 0.674847 0.631961 0.129150 1.497484 0.422238 -2.264678 -1.525771 3.264713 -0.750144 -3.776834
1776408799.805701 jaka_arm_right success 0.328885 -0.263411 -0.336856 0.360001 0.674720 0.630985 0.130421 1.477327 0.413062 -2.253984 -1.525690 3.276896 -0.760094 -3.787589
1776408799.813998 jaka_arm_right success 0.327902 -0.264900 -0.336291 0.360866 0.673640 0.631605 0.130612 1.471554 0.408517 -2.249817 -1.527385 3.282561 -0.763415 -3.788782
1776408799.822232 jaka_arm_right success 0.326901 -0.266675 -0.335640 0.362020 0.673677 0.630672 0.131734 1.459762 0.403027 -2.243477 -1.529851 3.289767 -0.765264 -3.795653
1776408799.830608 jaka_arm_right success 0.326014 -0.268412 -0.335031 0.362142 0.674214 0.629807 0.132783 1.453096 0.397122 -2.238819 -1.532772 3.294741 -0.765824 -3.798994
1776408799.838943 jaka_arm_right success 0.324944 -0.269810 -0.334265 0.364327 0.672680 0.630068 0.133348 1.440301 0.396691 -2.232143 -1.534191 3.303496 -0.767741 -3.807325
1776408799.847298 jaka_arm_right success 0.323880 -0.271814 -0.333474 0.364557 0.674004 0.628394 0.133934 1.434594 0.385620 -2.228067 -1.539934 3.308221 -0.767207 -3.807603
1776408799.863992 jaka_arm_right success 0.321952 -0.275218 -0.331867 0.365633 0.674162 0.626928 0.137038 1.409793 0.377147 -2.213407 -1.544842 3.324012 -0.770608 -3.825589
1776408799.872239 jaka_arm_right success 0.320942 -0.276949 -0.330990 0.366299 0.674293 0.625991 0.138882 1.401114 0.370640 -2.206605 -1.550476 3.331527 -0.768606 -3.830987
1776408799.880523 jaka_arm_right success 0.319840 -0.278613 -0.330006 0.367243 0.674802 0.624670 0.139864 1.387429 0.362037 -2.198596 -1.556865 3.341012 -0.768140 -3.838881
1776408799.888984 jaka_arm_right success 0.318839 -0.280146 -0.328994 0.367075 0.674872 0.624267 0.141755 1.380932 0.360077 -2.194674 -1.557342 3.344402 -0.769760 -3.844832
1776408799.897271 jaka_arm_right success 0.317775 -0.281748 -0.327979 0.368096 0.675329 0.622699 0.143813 1.358961 0.349200 -2.181277 -1.568574 3.360498 -0.766978 -3.859077
1776408799.905623 jaka_arm_right success 0.316616 -0.283263 -0.326843 0.368614 0.676245 0.621034 0.145373 1.347632 0.340847 -2.173633 -1.577601 3.369289 -0.762210 -3.866508
1776408799.913873 jaka_arm_right success 0.315419 -0.284934 -0.325689 0.368419 0.678015 0.618941 0.146543 1.339500 0.332340 -2.169134 -1.580778 3.373577 -0.762840 -3.871293
1776408799.922295 jaka_arm_right success 0.314485 -0.286154 -0.324627 0.368445 0.678156 0.617910 0.150133 1.317036 0.327264 -2.154798 -1.592720 3.388840 -0.757302 -3.892410
1776408799.930572 jaka_arm_right success 0.313225 -0.287686 -0.323381 0.369130 0.680032 0.615140 0.151335 1.307229 0.316905 -2.147911 -1.599717 3.397132 -0.753185 -3.897566
1776408799.938928 jaka_arm_right success 0.312170 -0.289239 -0.322203 0.368422 0.682195 0.612575 0.153712 1.289739 0.305088 -2.137474 -1.608694 3.408126 -0.750777 -3.910765
1776408799.955580 jaka_arm_right success 0.310018 -0.291961 -0.319610 0.368791 0.685926 0.606758 0.159194 1.255378 0.288856 -2.114992 -1.633466 3.432528 -0.732773 -3.942566
1776408799.972313 jaka_arm_right success 0.307874 -0.294791 -0.316803 0.369172 0.691184 0.599189 0.164161 1.214666 0.262597 -2.088677 -1.660332 3.463616 -0.715898 -3.975206
1776408799.980594 jaka_arm_right success 0.306812 -0.296065 -0.315317 0.370522 0.693289 0.595004 0.167436 1.187674 0.250717 -2.071287 -1.677703 3.485265 -0.702151 -3.999198
1776408799.988925 jaka_arm_right success 0.305682 -0.297442 -0.313913 0.370775 0.695934 0.590933 0.170296 1.160837 0.234778 -2.053831 -1.692622 3.506686 -0.695300 -4.020861
1776408799.997328 jaka_arm_right success 0.304789 -0.298881 -0.312493 0.370239 0.698009 0.587581 0.174512 1.135676 0.226357 -2.036800 -1.703231 3.526308 -0.689152 -4.046012
1776408800.005548 jaka_arm_right success 0.303822 -0.300379 -0.311040 0.370256 0.700144 0.583977 0.177985 1.109085 0.214364 -2.018989 -1.716402 3.548109 -0.681893 -4.070485
1776408800.013955 jaka_arm_right success 0.302647 -0.301789 -0.309515 0.371288 0.702251 0.580279 0.179624 1.083329 0.198142 -2.001551 -1.727796 3.572435 -0.677613 -4.089361
1776408800.022298 jaka_arm_right success 0.301940 -0.303401 -0.307984 0.370901 0.703944 0.577271 0.183446 1.050763 0.187693 -1.982503 -1.739927 3.596787 -0.675573 -4.120642
1776408800.030576 jaka_arm_right success 0.300847 -0.304895 -0.306365 0.372318 0.705851 0.573500 0.185073 1.017804 0.170783 -1.961813 -1.753827 3.628277 -0.670747 -4.147242
1776408800.038938 jaka_arm_right success 0.299913 -0.306457 -0.304678 0.373262 0.707428 0.570417 0.186669 0.984197 0.151805 -1.943360 -1.759494 3.657701 -0.677742 -4.171321
1776408800.047325 jaka_arm_right success 0.299120 -0.308277 -0.303031 0.372681 0.709585 0.567251 0.189272 0.954291 0.136478 -1.925292 -1.771262 3.686812 -0.676419 -4.200017
1776408800.055598 jaka_arm_right success 0.298186 -0.309840 -0.301285 0.373337 0.711008 0.564505 0.190842 0.914625 0.116777 -1.905672 -1.779763 3.723517 -0.684933 -4.233432
1776408800.063951 jaka_arm_right success 0.297307 -0.311541 -0.299430 0.373994 0.712442 0.561403 0.193344 0.876743 0.096593 -1.887269 -1.789019 3.763907 -0.691785 -4.269257
1776408800.080706 jaka_arm_right success 0.295583 -0.314823 -0.295848 0.373911 0.715483 0.556076 0.197620 0.790337 0.046006 -1.853752 -1.805697 3.859465 -0.723793 -4.356964
1776408800.088961 jaka_arm_right success 0.294886 -0.316501 -0.293884 0.373765 0.716505 0.553725 0.200772 0.757747 0.020247 -1.850715 -1.812629 3.910815 -0.742603 -4.403752
1776408800.097320 jaka_arm_right success 0.294246 -0.318108 -0.292014 0.373209 0.717455 0.551681 0.204013 0.721342 -0.018175 -1.863468 -1.820683 3.979938 -0.784302 -4.467504
1776408800.105758 jaka_arm_right success 0.293303 -0.319661 -0.289932 0.374355 0.718372 0.548978 0.205970 0.710870 -0.055568 -1.894514 -1.830496 4.040721 -0.816342 -4.518194
1776408800.114058 jaka_arm_right success 0.292505 -0.321174 -0.287823 0.375163 0.719287 0.546395 0.208162 0.711941 -0.094195 -1.941819 -1.842174 4.098372 -0.857200 -4.567206
1776408800.122287 jaka_arm_right success 0.291941 -0.322542 -0.285795 0.375191 0.719864 0.544797 0.210296 0.718276 -0.105904 -1.963697 -1.850182 4.120820 -0.868472 -4.590971
1776408800.130581 jaka_arm_right success 0.291445 -0.324079 -0.283571 0.375222 0.720867 0.542518 0.212682 0.729251 -0.138378 -2.009017 -1.856617 4.157440 -0.904262 -4.618644
1776408800.138915 jaka_arm_right success 0.291028 -0.325532 -0.281359 0.374966 0.721611 0.540770 0.215046 0.738036 -0.150509 -2.030981 -1.865252 4.176529 -0.914872 -4.638799
1776408800.147240 jaka_arm_right success 0.290774 -0.327070 -0.279081 0.373890 0.722595 0.538952 0.218159 0.748987 -0.172384 -2.066177 -1.865179 4.195442 -0.944434 -4.653271
1776408800.155587 jaka_arm_right success 0.290346 -0.328387 -0.276729 0.374082 0.723254 0.537103 0.220197 0.761041 -0.189354 -2.094973 -1.876821 4.217238 -0.959327 -4.673566
1776408800.172367 jaka_arm_right success 0.289513 -0.330807 -0.271906 0.374562 0.724841 0.533410 0.223120 0.780228 -0.219027 -2.141186 -1.893111 4.248141 -0.984398 -4.698764
1776408800.180544 jaka_arm_right success 0.289498 -0.332027 -0.269413 0.373301 0.725690 0.531887 0.226089 0.790463 -0.233835 -2.162535 -1.894748 4.259361 -1.001311 -4.706592
1776408800.189058 jaka_arm_right success 0.289477 -0.333013 -0.267002 0.372178 0.726166 0.530666 0.229262 0.797784 -0.239830 -2.180384 -1.903147 4.268194 -1.010439 -4.724282
1776408800.197348 jaka_arm_right success 0.288989 -0.333830 -0.264278 0.373596 0.726915 0.528546 0.229478 0.811130 -0.265100 -2.209672 -1.914800 4.286215 -1.027377 -4.729832
1776408800.205553 jaka_arm_right success 0.289173 -0.334823 -0.261697 0.371355 0.727886 0.527464 0.232506 0.817701 -0.270471 -2.226232 -1.916732 4.289916 -1.039982 -4.741475
1776408800.214031 jaka_arm_right success 0.289178 -0.335588 -0.259047 0.370332 0.728299 0.526545 0.234914 0.827168 -0.282750 -2.242845 -1.923020 4.299767 -1.050434 -4.750148
1776408800.222266 jaka_arm_right success 0.289339 -0.336458 -0.256336 0.368614 0.729662 0.525218 0.236356 0.834237 -0.294941 -2.255183 -1.925223 4.304918 -1.059500 -4.752079
1776408800.230581 jaka_arm_right success 0.289177 -0.336987 -0.253617 0.369253 0.729957 0.523922 0.237320 0.845205 -0.310721 -2.279621 -1.938242 4.315858 -1.072850 -4.762318
1776408800.238950 jaka_arm_right success 0.289596 -0.337688 -0.250756 0.367584 0.730365 0.523393 0.239809 0.852270 -0.320566 -2.289529 -1.939612 4.320570 -1.081401 -4.763638
1776408800.247240 jaka_arm_right success 0.289934 -0.338313 -0.247930 0.366282 0.731391 0.522457 0.240714 0.859489 -0.332635 -2.302170 -1.943366 4.324363 -1.090232 -4.765860
1776408800.263957 jaka_arm_right success 0.290829 -0.339132 -0.242158 0.363602 0.733347 0.520351 0.243372 0.876821 -0.356535 -2.332245 -1.956718 4.334777 -1.108621 -4.775930
1776408800.272315 jaka_arm_right success 0.291345 -0.339337 -0.239210 0.362523 0.733751 0.519885 0.244759 0.883374 -0.366467 -2.343230 -1.959771 4.337735 -1.116579 -4.776409
1776408800.280560 jaka_arm_right success 0.291889 -0.339520 -0.236341 0.360710 0.735209 0.518777 0.245409 0.889590 -0.378528 -2.350187 -1.963364 4.340614 -1.120681 -4.776429
1776408800.288974 jaka_arm_right success 0.292679 -0.339672 -0.233316 0.358335 0.736709 0.517426 0.247236 0.898023 -0.391309 -2.360558 -1.969468 4.345144 -1.126254 -4.780080
1776408800.297262 jaka_arm_right success 0.293337 -0.339532 -0.230299 0.357388 0.737957 0.516327 0.247184 0.905306 -0.404673 -2.372388 -1.975720 4.347553 -1.132790 -4.779971
1776408800.305554 jaka_arm_right success 0.293970 -0.339306 -0.227400 0.356317 0.739396 0.515275 0.246625 0.911118 -0.418744 -2.377607 -1.980458 4.351044 -1.135147 -4.775475
1776408800.313932 jaka_arm_right success 0.295141 -0.339334 -0.224481 0.352581 0.741190 0.513762 0.249745 0.919883 -0.429791 -2.386383 -1.985412 4.354544 -1.139300 -4.782341
1776408800.322287 jaka_arm_right success 0.295846 -0.339010 -0.221534 0.351320 0.742734 0.512464 0.249602 0.926133 -0.442866 -2.393461 -1.990848 4.356846 -1.142257 -4.780904
1776408800.330591 jaka_arm_right success 0.296710 -0.338423 -0.218498 0.351035 0.743675 0.511119 0.249959 0.934864 -0.456859 -2.404257 -2.000649 4.362708 -1.145874 -4.781916
1776408800.338969 jaka_arm_right success 0.297889 -0.338074 -0.215644 0.348419 0.745429 0.509932 0.250815 0.938881 -0.466988 -2.404359 -2.002562 4.364735 -1.145318 -4.780308
1776408800.347256 jaka_arm_right success 0.299094 -0.337643 -0.212712 0.346104 0.747563 0.508110 0.251366 0.948207 -0.483049 -2.414770 -2.009834 4.366800 -1.149596 -4.780938
1776408800.355606 jaka_arm_right success 0.300481 -0.337110 -0.209871 0.343563 0.749526 0.506799 0.251656 0.952044 -0.494525 -2.413900 -2.012200 4.369412 -1.148181 -4.777590
1776408800.363973 jaka_arm_right success 0.301720 -0.336616 -0.207052 0.341446 0.751773 0.504640 0.252172 0.958417 -0.509339 -2.416743 -2.017103 4.372403 -1.147864 -4.775727
1776408800.372215 jaka_arm_right success 0.303213 -0.335965 -0.204291 0.338393 0.754144 0.503260 0.251962 0.963567 -0.523803 -2.418214 -2.020946 4.373316 -1.147732 -4.771708
1776408800.388888 jaka_arm_right success 0.305855 -0.334498 -0.198812 0.334310 0.758513 0.499374 0.252032 0.975656 -0.552007 -2.424300 -2.030230 4.378200 -1.146940 -4.766516
1776408800.397326 jaka_arm_right success 0.307186 -0.333633 -0.196266 0.332263 0.760594 0.497841 0.251499 0.979575 -0.565416 -2.423869 -2.034084 4.380744 -1.145057 -4.761572
1776408800.405624 jaka_arm_right success 0.308842 -0.332839 -0.193702 0.328713 0.762751 0.496287 0.252701 0.984093 -0.576580 -2.423183 -2.035973 4.381898 -1.144021 -4.760439
1776408800.413950 jaka_arm_right success 0.310552 -0.332199 -0.191059 0.324423 0.766125 0.493620 0.253262 0.988765 -0.591397 -2.422275 -2.038136 4.382964 -1.141673 -4.758248
1776408800.422233 jaka_arm_right success 0.312003 -0.331307 -0.188637 0.322177 0.768193 0.491783 0.253441 0.993453 -0.604359 -2.421892 -2.041662 4.385607 -1.139915 -4.754861
1776408800.430565 jaka_arm_right success 0.313341 -0.330265 -0.186221 0.321042 0.770048 0.490313 0.252095 0.997217 -0.618390 -2.421174 -2.046190 4.387884 -1.137866 -4.748643
1776408800.438903 jaka_arm_right success 0.314850 -0.329332 -0.183868 0.319544 0.771624 0.488665 0.252379 1.001752 -0.630635 -2.420761 -2.049777 4.390921 -1.136304 -4.744378
1776408800.447256 jaka_arm_right success 0.316302 -0.328358 -0.181472 0.318238 0.773575 0.487448 0.250399 1.004463 -0.644328 -2.418979 -2.053536 4.391387 -1.134640 -4.736882
1776408800.455653 jaka_arm_right success 0.318005 -0.327583 -0.179259 0.316332 0.775532 0.485655 0.250247 1.007735 -0.656347 -2.417750 -2.054892 4.393560 -1.132851 -4.731167
1776408800.463969 jaka_arm_right success 0.319667 -0.326602 -0.176945 0.314879 0.777277 0.484389 0.249115 1.010957 -0.670840 -2.415065 -2.057392 4.395274 -1.131133 -4.722511
1776408800.480614 jaka_arm_right success 0.323116 -0.324683 -0.172622 0.310319 0.781365 0.481879 0.246910 1.015389 -0.698109 -2.407539 -2.055358 4.394365 -1.130122 -4.701755
1776408800.488955 jaka_arm_right success 0.324590 -0.323417 -0.170567 0.309868 0.782857 0.480698 0.245044 1.016473 -0.709896 -2.405072 -2.057873 4.395380 -1.128256 -4.692815
1776408800.497356 jaka_arm_right success 0.326238 -0.322344 -0.168448 0.308143 0.785051 0.478799 0.243914 1.018294 -0.722329 -2.402547 -2.058382 4.396577 -1.125954 -4.685703
1776408800.505542 jaka_arm_right success 0.327825 -0.321140 -0.166473 0.306522 0.786518 0.477819 0.243152 1.020584 -0.735438 -2.398217 -2.059510 4.397885 -1.124704 -4.676532
1776408800.513938 jaka_arm_right success 0.329512 -0.319956 -0.164576 0.305007 0.787951 0.476500 0.243004 1.022488 -0.744726 -2.395235 -2.059712 4.399552 -1.123311 -4.671135
1776408800.522277 jaka_arm_right success 0.330957 -0.318558 -0.162469 0.304851 0.789202 0.475378 0.241334 1.024471 -0.758481 -2.391378 -2.062522 4.402493 -1.120957 -4.661171
1776408800.530585 jaka_arm_right success 0.332786 -0.317530 -0.160572 0.301417 0.791483 0.473860 0.241164 1.026186 -0.771739 -2.385649 -2.061230 4.402374 -1.119749 -4.653088
1776408800.538928 jaka_arm_right success 0.334281 -0.316314 -0.158646 0.299890 0.793488 0.471746 0.240620 1.027954 -0.782823 -2.382868 -2.061397 4.404121 -1.117484 -4.646997
1776408800.547340 jaka_arm_right success 0.335931 -0.315058 -0.156717 0.298170 0.795405 0.470104 0.239640 1.029675 -0.796661 -2.378148 -2.062438 4.405592 -1.115352 -4.638159
1776408800.555609 jaka_arm_right success 0.337547 -0.313653 -0.154863 0.296120 0.796729 0.469074 0.239804 1.031096 -0.804490 -2.374963 -2.061996 4.406650 -1.114148 -4.634234
1776408800.572291 jaka_arm_right success 0.340231 -0.310841 -0.151138 0.295449 0.799402 0.466400 0.236934 1.034221 -0.831033 -2.367029 -2.062074 4.409650 -1.111873 -4.610427
1776408800.580593 jaka_arm_right success 0.342098 -0.309485 -0.149316 0.291922 0.801005 0.465869 0.236935 1.034867 -0.837451 -2.362841 -2.061663 4.408335 -1.111402 -4.608904
1776408800.589027 jaka_arm_right success 0.343574 -0.307929 -0.147391 0.291488 0.802191 0.464541 0.236064 1.036999 -0.851484 -2.357623 -2.064238 4.412743 -1.108364 -4.600059
1776408800.597258 jaka_arm_right success 0.345188 -0.306634 -0.145515 0.288923 0.803965 0.462625 0.236943 1.038771 -0.859340 -2.354583 -2.063829 4.414403 -1.106573 -4.597678
1776408800.605625 jaka_arm_right success 0.346448 -0.305082 -0.143605 0.288852 0.805558 0.460732 0.235303 1.041277 -0.875825 -2.349572 -2.067550 4.418901 -1.102892 -4.587344
1776408800.613984 jaka_arm_right success 0.347987 -0.303559 -0.141746 0.287194 0.806802 0.459683 0.235121 1.043019 -0.886024 -2.345051 -2.067834 4.421216 -1.101435 -4.580971
1776408800.622300 jaka_arm_right success 0.349683 -0.301940 -0.140020 0.285137 0.807607 0.459805 0.234624 1.043429 -0.894005 -2.338899 -2.066722 4.422226 -1.101462 -4.574542
1776408800.630612 jaka_arm_right success 0.350986 -0.300218 -0.138091 0.285101 0.809256 0.458252 0.232004 1.043369 -0.909903 -2.333154 -2.066028 4.423433 -1.099747 -4.559083
1776408800.638958 jaka_arm_right success 0.352449 -0.298718 -0.136269 0.283745 0.810989 0.456364 0.231340 1.044869 -0.921027 -2.329973 -2.066300 4.424709 -1.097834 -4.551863
1776408800.647345 jaka_arm_right success 0.354267 -0.296917 -0.134437 0.281278 0.811589 0.456147 0.232671 1.047127 -0.928171 -2.325016 -2.065412 4.426709 -1.097539 -4.548916
1776408800.655573 jaka_arm_right success 0.355817 -0.295345 -0.132750 0.278947 0.813129 0.455112 0.232128 1.047559 -0.937116 -2.320076 -2.065128 4.427684 -1.096233 -4.543944
1776408800.663979 jaka_arm_right success 0.357026 -0.293519 -0.130842 0.279445 0.814646 0.452908 0.230515 1.049007 -0.951171 -2.316493 -2.068106 4.431773 -1.092525 -4.533954
1776408800.672270 jaka_arm_right success 0.358954 -0.291964 -0.129137 0.275074 0.816033 0.451659 0.233298 1.051954 -0.956481 -2.312627 -2.065496 4.431875 -1.092500 -4.535690
1776408800.680670 jaka_arm_right success 0.360613 -0.290029 -0.127514 0.273200 0.817240 0.450702 0.233128 1.053552 -0.967416 -2.306319 -2.066323 4.435984 -1.090188 -4.530499
1776408800.697322 jaka_arm_right success 0.363098 -0.286133 -0.124090 0.273232 0.819344 0.447139 0.232564 1.058664 -0.994213 -2.296816 -2.074145 4.447684 -1.082458 -4.516057
1776408800.705579 jaka_arm_right success 0.364612 -0.284291 -0.122427 0.270215 0.820765 0.446447 0.232409 1.058198 -1.003192 -2.289665 -2.072744 4.449565 -1.081232 -4.511435
1776408800.713896 jaka_arm_right success 0.365847 -0.282194 -0.120796 0.269834 0.821587 0.445680 0.231417 1.058661 -1.010577 -2.285792 -2.073511 4.451422 -1.079852 -4.506890
1776408800.722283 jaka_arm_right success 0.367408 -0.280368 -0.119213 0.267202 0.822642 0.444787 0.232440 1.060529 -1.020869 -2.279334 -2.073449 4.455301 -1.078109 -4.502198
1776408800.730597 jaka_arm_right success 0.368832 -0.278480 -0.117688 0.265037 0.823855 0.444068 0.231996 1.060467 -1.030494 -2.272776 -2.072837 4.457684 -1.076640 -4.496492
1776408800.738950 jaka_arm_right success 0.370265 -0.276283 -0.116195 0.264282 0.824048 0.444542 0.231262 1.060021 -1.038192 -2.266051 -2.072818 4.460458 -1.076205 -4.489978
1776408800.747263 jaka_arm_right success 0.371573 -0.274332 -0.114579 0.263164 0.825277 0.443974 0.229238 1.059291 -1.050100 -2.259039 -2.071169 4.462377 -1.075210 -4.478437
1776408800.755629 jaka_arm_right success 0.373258 -0.272394 -0.113131 0.260291 0.826415 0.443802 0.228750 1.057579 -1.058050 -2.251156 -2.065426 4.462285 -1.076468 -4.469587
1776408800.763986 jaka_arm_right success 0.374784 -0.270311 -0.111779 0.258874 0.826810 0.444103 0.228345 1.057573 -1.062002 -2.248014 -2.064192 4.462405 -1.076602 -4.466830
1776408800.772290 jaka_arm_right success 0.376264 -0.268474 -0.110333 0.256666 0.828224 0.442788 0.228270 1.058431 -1.073304 -2.241640 -2.063057 4.464929 -1.074956 -4.459739
1776408800.788932 jaka_arm_right success 0.379080 -0.264142 -0.107915 0.253786 0.829622 0.443690 0.224630 1.052808 -1.088559 -2.226423 -2.053349 4.464935 -1.077475 -4.439081
1776408800.797317 jaka_arm_right success 0.380687 -0.262255 -0.106696 0.251576 0.830803 0.442869 0.224375 1.053477 -1.097398 -2.221783 -2.051746 4.465833 -1.076606 -4.432970
1776408800.805551 jaka_arm_right success 0.382249 -0.260061 -0.105627 0.250385 0.831318 0.443406 0.222730 1.051059 -1.105638 -2.213952 -2.048281 4.467279 -1.077164 -4.423210
1776408800.813940 jaka_arm_right success 0.383727 -0.258068 -0.104407 0.248553 0.832964 0.442108 0.221210 1.049972 -1.116118 -2.208210 -2.043832 4.466929 -1.076952 -4.412418
1776408800.822239 jaka_arm_right success 0.385402 -0.255834 -0.103424 0.246553 0.833453 0.442443 0.220934 1.048678 -1.121365 -2.202313 -2.040195 4.468066 -1.077544 -4.407539
1776408800.830613 jaka_arm_right success 0.386747 -0.253521 -0.102557 0.246434 0.833504 0.442850 0.220060 1.047965 -1.126971 -2.197337 -2.039659 4.470632 -1.077102 -4.402493
1776408800.838997 jaka_arm_right success 0.388334 -0.251426 -0.101664 0.244069 0.834377 0.442841 0.219402 1.045798 -1.134577 -2.189214 -2.036186 4.473230 -1.076936 -4.396396
1776408800.847263 jaka_arm_right success 0.389765 -0.249153 -0.100768 0.242569 0.835381 0.442649 0.217625 1.042719 -1.143746 -2.181461 -2.032563 4.474699 -1.076533 -4.387309
1776408800.855568 jaka_arm_right success 0.391276 -0.247011 -0.099786 0.240766 0.836796 0.441070 0.217395 1.042545 -1.152836 -2.176458 -2.030183 4.476592 -1.074825 -4.381385
1776408800.863960 jaka_arm_right success 0.392840 -0.244777 -0.099099 0.238675 0.837280 0.441792 0.216372 1.039044 -1.158542 -2.168402 -2.025544 4.477585 -1.075847 -4.375670
1776408800.880612 jaka_arm_right success 0.395770 -0.240313 -0.097501 0.235104 0.839507 0.440145 0.215002 1.034678 -1.175271 -2.155714 -2.017723 4.481660 -1.073602 -4.361931
1776408800.889058 jaka_arm_right success 0.397188 -0.238021 -0.096864 0.233111 0.840045 0.440398 0.214555 1.034813 -1.177614 -2.152604 -2.017034 4.481352 -1.074444 -4.361464
1776408800.897312 jaka_arm_right success 0.398732 -0.235871 -0.096175 0.230699 0.840958 0.439741 0.214931 1.034254 -1.186102 -2.145014 -2.014255 4.485782 -1.072929 -4.357419
1776408800.905568 jaka_arm_right success 0.400031 -0.233471 -0.095484 0.230265 0.841306 0.440217 0.213054 1.030359 -1.195078 -2.136008 -2.012012 4.490226 -1.071938 -4.348326
1776408800.913969 jaka_arm_right success 0.401342 -0.231259 -0.094815 0.228867 0.841735 0.440418 0.212448 1.028943 -1.198966 -2.131975 -2.009504 4.491121 -1.071794 -4.345851
1776408800.922259 jaka_arm_right success 0.402731 -0.229054 -0.094311 0.226912 0.842023 0.441583 0.210981 1.023699 -1.204760 -2.122464 -2.004107 4.492973 -1.073112 -4.339093
1776408800.930606 jaka_arm_right success 0.404209 -0.226974 -0.093640 0.223924 0.843167 0.441206 0.210393 1.021397 -1.210625 -2.117160 -1.998906 4.493250 -1.073033 -4.334611
1776408800.938901 jaka_arm_right success 0.405444 -0.224640 -0.093083 0.223703 0.843152 0.442036 0.208939 1.019018 -1.216705 -2.110380 -1.996125 4.495838 -1.073521 -4.326948
1776408800.947209 jaka_arm_right success 0.406652 -0.222469 -0.092431 0.222891 0.843762 0.442463 0.206426 1.015660 -1.223788 -2.103921 -1.990745 4.495768 -1.074754 -4.316284
1776408800.955585 jaka_arm_right success 0.408189 -0.220385 -0.091876 0.220595 0.844104 0.443045 0.206246 1.013308 -1.226439 -2.099208 -1.985760 4.496007 -1.076030 -4.313090
1776408800.963942 jaka_arm_right success 0.409663 -0.218185 -0.091278 0.218297 0.844613 0.443587 0.205440 1.010331 -1.232155 -2.092023 -1.980438 4.497058 -1.076896 -4.308099
1776408800.972288 jaka_arm_right success 0.410824 -0.216043 -0.090619 0.217671 0.845338 0.443367 0.203592 1.008177 -1.239721 -2.087032 -1.976030 4.497444 -1.077001 -4.298053
1776408800.980580 jaka_arm_right success 0.412182 -0.213938 -0.090008 0.215275 0.846332 0.443363 0.202013 1.004848 -1.246903 -2.080356 -1.969035 4.496661 -1.078291 -4.289364
1776408800.988959 jaka_arm_right success 0.413331 -0.211642 -0.089441 0.215162 0.846315 0.444188 0.200382 1.003148 -1.251770 -2.075563 -1.965652 4.497969 -1.079377 -4.280762
1776408801.005577 jaka_arm_right success 0.415587 -0.207287 -0.088291 0.213403 0.847466 0.444207 0.197335 0.998485 -1.263288 -2.066634 -1.956144 4.497554 -1.080615 -4.265126
1776408801.013948 jaka_arm_right success 0.416844 -0.205063 -0.087807 0.212482 0.847873 0.444039 0.196959 0.998762 -1.268654 -2.062750 -1.954797 4.499503 -1.079959 -4.261539
1776408801.022274 jaka_arm_right success 0.418232 -0.202929 -0.087332 0.210540 0.848632 0.443820 0.196266 0.996465 -1.276744 -2.055106 -1.950703 4.502615 -1.079403 -4.255267
1776408801.030601 jaka_arm_right success 0.419650 -0.200660 -0.087011 0.209324 0.849027 0.444297 0.194773 0.992474 -1.281696 -2.049175 -1.945728 4.504423 -1.079645 -4.249235
1776408801.038924 jaka_arm_right success 0.420852 -0.198417 -0.086606 0.208913 0.849676 0.443923 0.193229 0.990177 -1.288872 -2.044562 -1.940918 4.505082 -1.079438 -4.239920
1776408801.047231 jaka_arm_right success 0.422136 -0.196257 -0.086162 0.208650 0.850171 0.443600 0.192078 0.989142 -1.296192 -2.039435 -1.938351 4.507586 -1.078578 -4.232574
1776408801.055551 jaka_arm_right success 0.423492 -0.194097 -0.085798 0.207601 0.850716 0.443495 0.191040 0.986509 -1.302188 -2.033936 -1.933517 4.509348 -1.078481 -4.226050
1776408801.063982 jaka_arm_right success 0.424655 -0.192069 -0.085231 0.208008 0.851804 0.441825 0.189614 0.985963 -1.311821 -2.030806 -1.928738 4.509434 -1.077222 -4.213533
1776408801.072214 jaka_arm_right success 0.426092 -0.189962 -0.084945 0.206481 0.852670 0.441355 0.188484 0.983469 -1.319061 -2.025489 -1.924033 4.510734 -1.076554 -4.206745
1776408801.080532 jaka_arm_right success 0.427474 -0.187863 -0.084666 0.205078 0.853196 0.441403 0.187521 0.980246 -1.324167 -2.019887 -1.918065 4.511919 -1.077178 -4.200576
1776408801.097370 jaka_arm_right success 0.429941 -0.183484 -0.084179 0.204330 0.854448 0.440331 0.185137 0.974903 -1.336960 -2.011637 -1.906324 4.513580 -1.076533 -4.182769
1776408801.114039 jaka_arm_right success 0.432376 -0.179321 -0.083702 0.202700 0.856389 0.438028 0.183418 0.973707 -1.352343 -2.003684 -1.902423 4.517145 -1.072995 -4.170855
1776408801.122239 jaka_arm_right success 0.433684 -0.177190 -0.083602 0.201221 0.857149 0.437383 0.183037 0.972668 -1.357411 -1.999883 -1.899048 4.518666 -1.072148 -4.167846
1776408801.130627 jaka_arm_right success 0.434764 -0.175048 -0.083519 0.201384 0.857472 0.437519 0.181006 0.968522 -1.364226 -1.994328 -1.893094 4.519987 -1.072314 -4.157471
1776408801.138930 jaka_arm_right success 0.435898 -0.172999 -0.083350 0.201065 0.858511 0.436050 0.179976 0.967555 -1.372657 -1.990888 -1.889422 4.521327 -1.070327 -4.148865
1776408801.147227 jaka_arm_right success 0.437178 -0.171133 -0.083307 0.199438 0.859835 0.434714 0.178694 0.965139 -1.381003 -1.986102 -1.882970 4.521669 -1.069530 -4.140308
1776408801.155549 jaka_arm_right success 0.438532 -0.169357 -0.083194 0.198127 0.861001 0.433041 0.178599 0.963828 -1.388381 -1.983110 -1.877715 4.522173 -1.067720 -4.134096
1776408801.163915 jaka_arm_right success 0.439720 -0.167371 -0.083318 0.197401 0.861721 0.432151 0.178087 0.961730 -1.393731 -1.979542 -1.874079 4.523433 -1.066773 -4.129246
1776408801.172306 jaka_arm_right success 0.441090 -0.165654 -0.083243 0.195897 0.863088 0.430274 0.177674 0.960243 -1.402089 -1.976028 -1.868973 4.524477 -1.064370 -4.123125
1776408801.180529 jaka_arm_right success 0.442282 -0.163944 -0.083289 0.195668 0.864052 0.428415 0.177735 0.959774 -1.406513 -1.974933 -1.867224 4.525046 -1.062422 -4.120565
1776408801.188933 jaka_arm_right success 0.443494 -0.162033 -0.083509 0.195458 0.864340 0.428456 0.176459 0.955694 -1.413560 -1.969274 -1.860680 4.527774 -1.061650 -4.111174
1776408801.205558 jaka_arm_right success 0.445945 -0.158735 -0.083698 0.195457 0.866020 0.426046 0.174040 0.950854 -1.425834 -1.963821 -1.848374 4.527629 -1.060555 -4.092635
1776408801.213917 jaka_arm_right success 0.447446 -0.157136 -0.083911 0.194710 0.866794 0.424860 0.173924 0.949292 -1.433287 -1.960316 -1.844410 4.530178 -1.057753 -4.087160
1776408801.222315 jaka_arm_right success 0.448708 -0.155604 -0.084097 0.194417 0.867537 0.423926 0.172826 0.946082 -1.439189 -1.956894 -1.839148 4.530808 -1.056900 -4.079961
1776408801.230607 jaka_arm_right success 0.450036 -0.154165 -0.084173 0.193672 0.868543 0.422349 0.172469 0.944338 -1.445878 -1.954434 -1.833549 4.531048 -1.055340 -4.072887
1776408801.238938 jaka_arm_right success 0.451067 -0.152607 -0.084374 0.193838 0.869177 0.421288 0.171680 0.942521 -1.452155 -1.952166 -1.829404 4.532147 -1.053469 -4.065429
1776408801.247327 jaka_arm_right success 0.452119 -0.151165 -0.084545 0.193822 0.869731 0.420114 0.171769 0.941925 -1.455149 -1.950867 -1.827377 4.532769 -1.052501 -4.063173
1776408801.255709 jaka_arm_right success 0.452994 -0.149692 -0.084754 0.195113 0.869979 0.419699 0.170059 0.939119 -1.461303 -1.947807 -1.822991 4.534159 -1.051528 -4.052851
1776408801.263988 jaka_arm_right success 0.454344 -0.148582 -0.084998 0.193331 0.870652 0.418879 0.170670 0.936718 -1.464278 -1.945355 -1.817761 4.534921 -1.050822 -4.051409
1776408801.272296 jaka_arm_right success 0.455212 -0.147258 -0.085112 0.194858 0.870848 0.418155 0.169708 0.935667 -1.469624 -1.943142 -1.816158 4.537533 -1.048674 -4.044657
1776408801.280605 jaka_arm_right success 0.456340 -0.146026 -0.085336 0.194359 0.870964 0.418690 0.168362 0.929888 -1.472232 -1.939713 -1.808067 4.537579 -1.049576 -4.038335
1776408801.297432 jaka_arm_right success 0.458316 -0.143773 -0.085860 0.193546 0.871408 0.419155 0.165823 0.923030 -1.476723 -1.935830 -1.793807 4.534295 -1.052829 -4.024770
1776408801.305557 jaka_arm_right success 0.459150 -0.142647 -0.086149 0.193375 0.871466 0.419683 0.164377 0.920520 -1.477720 -1.934348 -1.790016 4.533236 -1.054498 -4.019615
1776408801.313972 jaka_arm_right success 0.460195 -0.141607 -0.086415 0.192004 0.871797 0.419403 0.164941 0.920845 -1.478906 -1.933690 -1.788594 4.532700 -1.054475 -4.020603
1776408801.322316 jaka_arm_right success 0.460877 -0.140477 -0.086713 0.192671 0.872644 0.418080 0.163029 0.916507 -1.485799 -1.931170 -1.781853 4.532448 -1.053281 -4.010011
1776408801.330576 jaka_arm_right success 0.462049 -0.139525 -0.087081 0.190002 0.873286 0.418060 0.162775 0.912649 -1.486094 -1.929346 -1.775939 4.530942 -1.054664 -4.009959
1776408801.338926 jaka_arm_right success 0.462883 -0.138601 -0.087287 0.189715 0.873617 0.417662 0.162356 0.910452 -1.489992 -1.926934 -1.770914 4.531922 -1.053981 -4.005144
1776408801.347295 jaka_arm_right success 0.463321 -0.137493 -0.087573 0.191449 0.874225 0.416326 0.160472 0.909869 -1.495761 -1.927100 -1.767805 4.529748 -1.053623 -3.993398
1776408801.355572 jaka_arm_right success 0.464098 -0.136541 -0.087877 0.191217 0.874485 0.415840 0.160588 0.910276 -1.496035 -1.926896 -1.766999 4.529961 -1.053531 -3.993646
1776408801.363914 jaka_arm_right success 0.464964 -0.135499 -0.088293 0.190787 0.874475 0.415863 0.161094 0.906112 -1.500099 -1.923320 -1.762690 4.533707 -1.050891 -3.991866
1776408801.372284 jaka_arm_right success 0.465786 -0.134616 -0.088661 0.189574 0.874912 0.415690 0.160598 0.903411 -1.501237 -1.921321 -1.759426 4.533693 -1.051397 -3.991090
1776408801.388982 jaka_arm_right success 0.467349 -0.132903 -0.089345 0.188311 0.875825 0.414645 0.159810 0.897371 -1.506292 -1.918960 -1.749442 4.532997 -1.050612 -3.983584
1776408801.397335 jaka_arm_right success 0.468005 -0.132088 -0.089680 0.188206 0.876161 0.414009 0.159744 0.897468 -1.506731 -1.918807 -1.749197 4.532691 -1.050610 -3.983898
1776408801.405583 jaka_arm_right success 0.468799 -0.131359 -0.089962 0.187521 0.876964 0.412810 0.159239 0.895348 -1.513814 -1.915749 -1.744959 4.534435 -1.048067 -3.978245
1776408801.413939 jaka_arm_right success 0.469550 -0.130564 -0.090327 0.186726 0.877088 0.412798 0.159522 0.892971 -1.514218 -1.914882 -1.741406 4.534507 -1.048067 -3.977729
1776408801.422320 jaka_arm_right success 0.470211 -0.129891 -0.090648 0.186527 0.877551 0.412068 0.159097 0.891688 -1.516725 -1.913745 -1.739106 4.534631 -1.047430 -3.975657
1776408801.430614 jaka_arm_right success 0.470820 -0.129150 -0.090976 0.186507 0.877795 0.411608 0.158967 0.889363 -1.519712 -1.912134 -1.736012 4.536075 -1.046081 -3.972095
1776408801.438882 jaka_arm_right success 0.471641 -0.128548 -0.091208 0.185662 0.878503 0.410579 0.158704 0.887336 -1.522995 -1.911080 -1.730446 4.534694 -1.046148 -3.967702
1776408801.447361 jaka_arm_right success 0.472275 -0.127878 -0.091439 0.185855 0.878605 0.410606 0.157840 0.885717 -1.523695 -1.910868 -1.727900 4.534094 -1.046560 -3.964428
1776408801.455536 jaka_arm_right success 0.472899 -0.127207 -0.091672 0.185942 0.878748 0.410287 0.157773 0.884087 -1.526392 -1.909591 -1.725148 4.534603 -1.045789 -3.961410
1776408801.464054 jaka_arm_right success 0.473494 -0.126655 -0.091869 0.186002 0.879310 0.409681 0.156137 0.881854 -1.530069 -1.909226 -1.717042 4.531281 -1.047666 -3.950211
1776408801.480603 jaka_arm_right success 0.474968 -0.125444 -0.092224 0.184264 0.879310 0.410748 0.155394 0.876272 -1.528116 -1.907577 -1.710726 4.529940 -1.049846 -3.951555
1776408801.488932 jaka_arm_right success 0.475777 -0.124964 -0.092323 0.182380 0.879974 0.410424 0.154711 0.873218 -1.529307 -1.906665 -1.703923 4.527492 -1.051643 -3.947887
1776408801.497305 jaka_arm_right success 0.476352 -0.124344 -0.092468 0.182328 0.879976 0.410666 0.154117 0.871249 -1.531490 -1.905248 -1.698675 4.526384 -1.052941 -3.942450
1776408801.505551 jaka_arm_right success 0.477153 -0.123863 -0.092376 0.181183 0.880183 0.410426 0.154923 0.871880 -1.531989 -1.905430 -1.697591 4.526130 -1.052596 -3.943221
1776408801.514018 jaka_arm_right success 0.477927 -0.123372 -0.092428 0.180168 0.880047 0.410721 0.156091 0.872495 -1.532130 -1.904807 -1.695928 4.526573 -1.052698 -3.944213
1776408801.522272 jaka_arm_right success 0.478387 -0.122754 -0.092279 0.180932 0.880200 0.410538 0.154826 0.868263 -1.534697 -1.902733 -1.692153 4.528375 -1.051514 -3.940098
1776408801.530611 jaka_arm_right success 0.479136 -0.122288 -0.092166 0.180179 0.880227 0.410355 0.156027 0.868983 -1.534768 -1.902828 -1.691171 4.528655 -1.051260 -3.940508
1776408801.538959 jaka_arm_right success 0.479728 -0.121627 -0.092117 0.180254 0.879652 0.411970 0.154927 0.864977 -1.533902 -1.900192 -1.687135 4.529813 -1.052904 -3.938924
1776408801.547328 jaka_arm_right success 0.480451 -0.121251 -0.091882 0.179378 0.879917 0.411734 0.155065 0.863945 -1.535227 -1.899867 -1.683003 4.529054 -1.053110 -3.936583
1776408801.555617 jaka_arm_right success 0.481038 -0.120750 -0.091805 0.178562 0.879761 0.412951 0.153649 0.860512 -1.533579 -1.899515 -1.677965 4.526152 -1.056287 -3.934584
1776408801.564007 jaka_arm_right success 0.481429 -0.120301 -0.091499 0.178493 0.880155 0.412748 0.152009 0.859738 -1.536415 -1.900334 -1.667648 4.519524 -1.061254 -3.920469
1776408801.572215 jaka_arm_right success 0.482364 -0.119826 -0.091404 0.175654 0.879499 0.414959 0.153090 0.856221 -1.532243 -1.898214 -1.662479 4.520093 -1.063707 -3.925907
1776408801.580621 jaka_arm_right success 0.482679 -0.119461 -0.090913 0.175218 0.880112 0.414007 0.152644 0.855817 -1.533005 -1.898304 -1.662599 4.519316 -1.063542 -3.926098
1776408801.588919 jaka_arm_right success 0.482989 -0.118853 -0.090714 0.174776 0.879832 0.415275 0.151315 0.853480 -1.535072 -1.896055 -1.656069 4.518152 -1.066388 -3.918001
1776408801.605586 jaka_arm_right success 0.483728 -0.117824 -0.090099 0.172188 0.880270 0.415695 0.150575 0.851584 -1.533457 -1.896491 -1.650026 4.513212 -1.070553 -3.917105
1776408801.614037 jaka_arm_right success 0.483836 -0.117355 -0.089777 0.171689 0.880526 0.415490 0.150217 0.852004 -1.535253 -1.895925 -1.649066 4.512673 -1.070686 -3.915722
1776408801.622321 jaka_arm_right success 0.484242 -0.116750 -0.089581 0.169707 0.880262 0.416822 0.150325 0.848642 -1.533852 -1.894213 -1.642621 4.511687 -1.073339 -3.915501
1776408801.630595 jaka_arm_right success 0.484440 -0.116359 -0.089279 0.168373 0.880449 0.417002 0.150230 0.848961 -1.534414 -1.893651 -1.642199 4.511243 -1.073770 -3.916101
1776408801.638936 jaka_arm_right success 0.484744 -0.115799 -0.089154 0.167090 0.879791 0.419238 0.149289 0.846393 -1.531341 -1.892036 -1.638218 4.509482 -1.078123 -3.916464
1776408801.647251 jaka_arm_right success 0.484851 -0.115298 -0.088903 0.166616 0.879564 0.420105 0.148722 0.844373 -1.531808 -1.891180 -1.631663 4.508218 -1.080521 -3.910545
1776408801.655583 jaka_arm_right success 0.485325 -0.114999 -0.088684 0.164187 0.879808 0.420084 0.150032 0.845609 -1.532899 -1.890077 -1.630013 4.507394 -1.081291 -3.912560
1776408801.663961 jaka_arm_right success 0.485584 -0.114630 -0.088529 0.162390 0.880037 0.420577 0.149264 0.845110 -1.533040 -1.889439 -1.628904 4.506106 -1.082361 -3.914025
1776408801.672249 jaka_arm_right success 0.485341 -0.114183 -0.088426 0.163661 0.880009 0.420836 0.147298 0.842796 -1.531371 -1.890184 -1.625855 4.502877 -1.085922 -3.909145
1776408801.680756 jaka_arm_right success 0.485691 -0.113810 -0.088432 0.161698 0.879338 0.422717 0.148083 0.843820 -1.530861 -1.888389 -1.624824 4.503602 -1.087489 -3.909971
1776408801.697313 jaka_arm_right success 0.486124 -0.113316 -0.088459 0.159486 0.879928 0.422274 0.148241 0.840458 -1.530238 -1.887597 -1.621079 4.502598 -1.087930 -3.913395
1776408801.705583 jaka_arm_right success 0.486216 -0.113107 -0.088615 0.158903 0.880190 0.422050 0.147947 0.840412 -1.530753 -1.887368 -1.620885 4.502111 -1.088075 -3.913798
1776408801.713925 jaka_arm_right success 0.486521 -0.112951 -0.088808 0.158329 0.880272 0.422115 0.147891 0.838416 -1.530632 -1.886802 -1.618518 4.501966 -1.088221 -3.914517
1776408801.722260 jaka_arm_right success 0.486661 -0.112777 -0.088995 0.158617 0.880633 0.421518 0.147135 0.835755 -1.532327 -1.886377 -1.614929 4.501251 -1.088352 -3.910781
1776408801.730603 jaka_arm_right success 0.486869 -0.112652 -0.089224 0.158547 0.881265 0.420603 0.146039 0.836325 -1.534118 -1.889049 -1.610259 4.496273 -1.090707 -3.901882
1776408801.738927 jaka_arm_right success 0.487213 -0.112604 -0.089539 0.157885 0.881589 0.420145 0.146120 0.836487 -1.534696 -1.888741 -1.609853 4.495799 -1.090880 -3.902487
1776408801.747262 jaka_arm_right success 0.487800 -0.112526 -0.089915 0.156895 0.881714 0.419658 0.147823 0.833515 -1.534820 -1.887988 -1.606171 4.497083 -1.089014 -3.905948
1776408801.755611 jaka_arm_right success 0.487805 -0.112475 -0.090325 0.158476 0.882293 0.418661 0.145489 0.831498 -1.535647 -1.888546 -1.607634 4.496324 -1.088658 -3.903473
1776408801.764010 jaka_arm_right success 0.488132 -0.112539 -0.090747 0.158886 0.882839 0.417635 0.144675 0.831280 -1.539890 -1.888773 -1.603487 4.494784 -1.088734 -3.895261
1776408801.772290 jaka_arm_right success 0.488827 -0.112623 -0.091299 0.157508 0.882904 0.417597 0.145891 0.829842 -1.538497 -1.888874 -1.600293 4.494355 -1.088918 -3.898134
1776408801.789015 jaka_arm_right success 0.489628 -0.112912 -0.092233 0.158070 0.884147 0.415430 0.143927 0.823632 -1.542063 -1.889920 -1.592136 4.490844 -1.089007 -3.889696
1776408801.797375 jaka_arm_right success 0.489926 -0.112863 -0.092917 0.159566 0.883999 0.415466 0.143085 0.822848 -1.541031 -1.890405 -1.592996 4.491434 -1.088914 -3.888334
1776408801.805529 jaka_arm_right success 0.490603 -0.113108 -0.093445 0.158293 0.884554 0.414946 0.142573 0.819259 -1.539386 -1.891351 -1.586649 4.487747 -1.091612 -3.887264
1776408801.813946 jaka_arm_right success 0.490773 -0.113195 -0.093901 0.159546 0.885262 0.413645 0.140552 0.818824 -1.544105 -1.893668 -1.580310 4.482569 -1.093852 -3.873171
1776408801.822354 jaka_arm_right success 0.491241 -0.113232 -0.094603 0.159685 0.885236 0.413828 0.140019 0.816322 -1.542705 -1.893398 -1.578745 4.482750 -1.094330 -3.873359
1776408801.830599 jaka_arm_right success 0.491762 -0.113544 -0.094876 0.158388 0.885942 0.412626 0.140569 0.813892 -1.543079 -1.893875 -1.574343 4.481086 -1.094185 -3.874383
1776408801.838914 jaka_arm_right success 0.491940 -0.113619 -0.095375 0.159527 0.885691 0.413165 0.139276 0.811535 -1.542542 -1.893708 -1.571916 4.480343 -1.095759 -3.870821
1776408801.847223 jaka_arm_right success 0.492349 -0.113716 -0.095885 0.158362 0.885631 0.414105 0.138194 0.807396 -1.538777 -1.893595 -1.567532 4.477991 -1.099258 -3.871889
1776408801.855613 jaka_arm_right success 0.492436 -0.113797 -0.096214 0.158374 0.886149 0.413793 0.135771 0.807238 -1.541332 -1.895298 -1.559836 4.471924 -1.104263 -3.859340
1776408801.863904 jaka_arm_right success 0.492455 -0.113835 -0.096452 0.159044 0.885954 0.414257 0.134841 0.803844 -1.539606 -1.895123 -1.558020 4.471486 -1.105305 -3.859123
1776408801.880677 jaka_arm_right success 0.492659 -0.113877 -0.097057 0.157750 0.886125 0.415158 0.132446 0.797868 -1.535858 -1.895406 -1.549769 4.466194 -1.111555 -3.856589
1776408801.888997 jaka_arm_right success 0.492840 -0.113834 -0.097252 0.156223 0.886232 0.415680 0.131900 0.795106 -1.535065 -1.895319 -1.544007 4.463925 -1.114057 -3.854832
1776408801.897295 jaka_arm_right success 0.492924 -0.113805 -0.097374 0.155292 0.886188 0.416164 0.131766 0.795348 -1.535413 -1.894612 -1.543695 4.463711 -1.114668 -3.855302
1776408801.905561 jaka_arm_right success 0.493144 -0.113731 -0.097493 0.153690 0.885947 0.417043 0.132487 0.795693 -1.534866 -1.893643 -1.542054 4.463788 -1.115597 -3.856998
1776408801.913912 jaka_arm_right success 0.493191 -0.113601 -0.097589 0.153168 0.885809 0.417534 0.132469 0.794447 -1.533559 -1.892656 -1.541063 4.463761 -1.116879 -3.858422
1776408801.922379 jaka_arm_right success 0.493207 -0.113366 -0.097783 0.152760 0.885619 0.418340 0.131664 0.791720 -1.531750 -1.892463 -1.539909 4.463280 -1.117803 -3.859648
1776408801.930615 jaka_arm_right success 0.493355 -0.113212 -0.097800 0.152194 0.885622 0.418449 0.131951 0.792079 -1.531967 -1.892058 -1.539463 4.463213 -1.118084 -3.860122
1776408801.938916 jaka_arm_right success 0.493635 -0.113051 -0.097813 0.151128 0.885699 0.418548 0.132347 0.792521 -1.532324 -1.891649 -1.538862 4.463039 -1.118333 -3.860787
1776408801.947334 jaka_arm_right success 0.493779 -0.112789 -0.097947 0.151104 0.885413 0.419316 0.131852 0.787139 -1.529091 -1.890476 -1.535396 4.463907 -1.119111 -3.863366
1776408801.955579 jaka_arm_right success 0.493803 -0.112470 -0.098064 0.151896 0.885219 0.419567 0.131451 0.786878 -1.528937 -1.890383 -1.535701 4.464018 -1.119248 -3.863037
1776408801.963927 jaka_arm_right success 0.493919 -0.112228 -0.098151 0.151951 0.884959 0.420200 0.131111 0.786677 -1.528670 -1.889895 -1.535997 4.464303 -1.119739 -3.862699
1776408801.972306 jaka_arm_right success 0.494098 -0.112005 -0.098320 0.151437 0.884755 0.421169 0.129968 0.782301 -1.528316 -1.887769 -1.530432 4.464370 -1.121805 -3.860482
1776408801.980550 jaka_arm_right success 0.494462 -0.111793 -0.098404 0.150160 0.884710 0.421689 0.130074 0.782670 -1.528691 -1.887277 -1.529978 4.464138 -1.122198 -3.861041
1776408801.988982 jaka_arm_right success 0.494634 -0.111526 -0.098616 0.149675 0.884648 0.422776 0.127497 0.777696 -1.524166 -1.888122 -1.521693 4.458332 -1.129625 -3.857226
1776408802.005544 jaka_arm_right success 0.494931 -0.111312 -0.098857 0.149011 0.884112 0.424210 0.127235 0.774525 -1.524103 -1.885494 -1.518211 4.459885 -1.130521 -3.856628
1776408802.013890 jaka_arm_right success 0.495240 -0.111231 -0.098935 0.148174 0.884528 0.423829 0.126583 0.774267 -1.524381 -1.886426 -1.515883 4.457312 -1.132099 -3.854959
1776408802.022340 jaka_arm_right success 0.495963 -0.110715 -0.099375 0.146706 0.883847 0.426379 0.124468 0.765224 -1.520710 -1.883680 -1.502340 4.454231 -1.139758 -3.850358
1776408802.030587 jaka_arm_right success 0.496015 -0.110440 -0.099576 0.147368 0.883879 0.426951 0.121469 0.765777 -1.520843 -1.885631 -1.499057 4.449595 -1.144626 -3.841200
1776408802.038876 jaka_arm_right success 0.496404 -0.110219 -0.099847 0.147079 0.883071 0.428680 0.121597 0.764450 -1.518995 -1.883911 -1.497299 4.451337 -1.145540 -3.842296
1776408802.047259 jaka_arm_right success 0.496595 -0.110122 -0.099934 0.147409 0.883425 0.428231 0.120206 0.759674 -1.519325 -1.883481 -1.493300 4.450176 -1.146407 -3.840262
1776408802.055581 jaka_arm_right success 0.497150 -0.109968 -0.100264 0.146228 0.882779 0.430226 0.119264 0.755234 -1.514829 -1.882354 -1.487900 4.448882 -1.150605 -3.841650
1776408802.063957 jaka_arm_right success 0.497760 -0.109908 -0.100448 0.144984 0.882314 0.431452 0.119798 0.751771 -1.513237 -1.880706 -1.483354 4.449474 -1.151809 -3.843001
1776408802.072262 jaka_arm_right success 0.498265 -0.109800 -0.100720 0.145055 0.881743 0.432728 0.119312 0.749354 -1.511444 -1.879552 -1.480903 4.450059 -1.153440 -3.842335
1776408802.080578 jaka_arm_right success 0.498818 -0.109769 -0.101083 0.144504 0.880967 0.434875 0.117896 0.743451 -1.507189 -1.878397 -1.474216 4.448540 -1.157843 -3.842360
1776408802.097277 jaka_arm_right success 0.499364 -0.109763 -0.101510 0.146523 0.880292 0.436305 0.115132 0.740517 -1.508217 -1.877892 -1.465221 4.446720 -1.162828 -3.828506
1776408802.114033 jaka_arm_right success 0.500744 -0.109904 -0.102244 0.144417 0.878636 0.440669 0.113814 0.727711 -1.498932 -1.874178 -1.452715 4.446299 -1.169887 -3.832767
1776408802.122234 jaka_arm_right success 0.501291 -0.110023 -0.102519 0.143960 0.878136 0.441987 0.113140 0.725058 -1.494195 -1.874380 -1.449421 4.444717 -1.173750 -3.833495
1776408802.130623 jaka_arm_right success 0.501663 -0.110093 -0.102820 0.144590 0.877914 0.442991 0.110087 0.722404 -1.495004 -1.874782 -1.439649 4.440377 -1.179843 -3.821990
1776408802.138952 jaka_arm_right success 0.501810 -0.110223 -0.103118 0.146176 0.877755 0.443492 0.107212 0.716985 -1.492951 -1.876258 -1.429330 4.435349 -1.186749 -3.810970
1776408802.147330 jaka_arm_right success 0.502454 -0.110250 -0.103548 0.145715 0.876891 0.445551 0.106367 0.712778 -1.490113 -1.873803 -1.426913 4.437059 -1.188516 -3.812287
1776408802.155684 jaka_arm_right success 0.503081 -0.110298 -0.104004 0.144831 0.876119 0.447600 0.105329 0.706246 -1.488525 -1.872130 -1.415558 4.436157 -1.192302 -3.808244
1776408802.163983 jaka_arm_right success 0.503496 -0.110381 -0.104420 0.145110 0.875674 0.448740 0.103778 0.703779 -1.485468 -1.871561 -1.415103 4.435296 -1.195360 -3.808559
1776408802.172224 jaka_arm_right success 0.504148 -0.110463 -0.104836 0.143960 0.875018 0.450381 0.103809 0.698786 -1.481153 -1.869979 -1.410321 4.435207 -1.198242 -3.811903
1776408802.180592 jaka_arm_right success 0.504218 -0.110475 -0.105252 0.145864 0.874449 0.451531 0.100906 0.696050 -1.480945 -1.870358 -1.401911 4.432283 -1.204092 -3.799613
1776408802.188940 jaka_arm_right success 0.504644 -0.110555 -0.105718 0.145417 0.874048 0.452785 0.099399 0.689872 -1.476832 -1.869303 -1.397590 4.431591 -1.207023 -3.801594
1776408802.205589 jaka_arm_right success 0.505604 -0.110387 -0.107022 0.144660 0.871519 0.458471 0.096607 0.676856 -1.469787 -1.863917 -1.384622 4.432329 -1.215251 -3.800136
1776408802.213954 jaka_arm_right success 0.506004 -0.110518 -0.107533 0.144269 0.870973 0.459757 0.096002 0.673881 -1.465870 -1.863260 -1.381301 4.431579 -1.218549 -3.801502
1776408802.222452 jaka_arm_right success 0.506086 -0.110483 -0.108034 0.145306 0.870370 0.461102 0.093421 0.669997 -1.464525 -1.862728 -1.374706 4.429620 -1.223466 -3.794712
1776408802.230634 jaka_arm_right success 0.506616 -0.110405 -0.108663 0.144133 0.869405 0.463315 0.093275 0.664277 -1.460389 -1.860166 -1.370875 4.430857 -1.225861 -3.798231
1776408802.238890 jaka_arm_right success 0.507132 -0.110327 -0.109353 0.142783 0.868554 0.465472 0.092538 0.658314 -1.457566 -1.857656 -1.363971 4.430939 -1.229342 -3.798901
1776408802.247253 jaka_arm_right success 0.507521 -0.110213 -0.110054 0.142126 0.867587 0.467627 0.091749 0.653153 -1.453812 -1.855604 -1.359859 4.431080 -1.232467 -3.801501
1776408802.255672 jaka_arm_right success 0.507650 -0.110110 -0.110699 0.142473 0.866989 0.468970 0.089990 0.647802 -1.451363 -1.854427 -1.354489 4.430348 -1.235971 -3.799386
1776408802.263979 jaka_arm_right success 0.507953 -0.110047 -0.111342 0.141694 0.866375 0.470460 0.089354 0.644113 -1.449292 -1.852686 -1.351088 4.430492 -1.238446 -3.800029
1776408802.272326 jaka_arm_right success 0.508112 -0.109902 -0.112030 0.141664 0.865728 0.472042 0.087306 0.638325 -1.446257 -1.851507 -1.344876 4.428921 -1.243199 -3.797996
1776408802.280628 jaka_arm_right success 0.508342 -0.109813 -0.112696 0.141454 0.865013 0.473662 0.085950 0.632703 -1.444540 -1.849488 -1.338537 4.428849 -1.246496 -3.795835
1776408802.297310 jaka_arm_right success 0.509107 -0.109723 -0.114057 0.140846 0.863665 0.476806 0.083071 0.621693 -1.440584 -1.846733 -1.321419 4.427135 -1.254907 -3.787749
1776408802.305606 jaka_arm_right success 0.509501 -0.109705 -0.114737 0.140647 0.862465 0.479261 0.081741 0.618010 -1.436621 -1.844660 -1.320327 4.427203 -1.258952 -3.789500
1776408802.313951 jaka_arm_right success 0.509765 -0.109774 -0.115340 0.141285 0.861557 0.480982 0.080087 0.612400 -1.434249 -1.843166 -1.314196 4.427067 -1.262511 -3.786389
1776408802.330611 jaka_arm_right success 0.510725 -0.109823 -0.116724 0.139739 0.859439 0.485598 0.077663 0.598416 -1.427592 -1.837810 -1.299012 4.427449 -1.271073 -3.785634
1776408802.338924 jaka_arm_right success 0.511146 -0.109847 -0.117350 0.139683 0.858360 0.487627 0.076981 0.594808 -1.423038 -1.836716 -1.295967 4.427037 -1.274847 -3.787727
1776408802.347354 jaka_arm_right success 0.511537 -0.110055 -0.117883 0.139386 0.857893 0.488748 0.075605 0.588947 -1.420325 -1.835669 -1.289158 4.425727 -1.278998 -3.786113
1776408802.355644 jaka_arm_right success 0.511990 -0.110197 -0.118412 0.138954 0.857133 0.490348 0.074653 0.583456 -1.417969 -1.833987 -1.282051 4.425463 -1.282685 -3.784180
1776408802.363939 jaka_arm_right success 0.512796 -0.110368 -0.118995 0.137018 0.856040 0.492664 0.075522 0.578935 -1.414269 -1.831267 -1.277162 4.426786 -1.285019 -3.788785
1776408802.372316 jaka_arm_right success 0.512912 -0.110522 -0.119495 0.138702 0.854981 0.494530 0.072180 0.574831 -1.411166 -1.831482 -1.267798 4.423396 -1.293420 -3.778091
1776408802.380651 jaka_arm_right success 0.513398 -0.110737 -0.119914 0.138201 0.854749 0.495227 0.071094 0.568017 -1.411019 -1.829210 -1.261040 4.424148 -1.294699 -3.776875
1776408802.388994 jaka_arm_right success 0.514247 -0.110854 -0.120520 0.136427 0.853077 0.498496 0.071759 0.561897 -1.406069 -1.825765 -1.254753 4.425788 -1.298355 -3.781145
1776408802.397317 jaka_arm_right success 0.514395 -0.111122 -0.120897 0.137745 0.852784 0.499019 0.069038 0.558520 -1.404551 -1.826968 -1.245979 4.422328 -1.304717 -3.770271
1776408802.405586 jaka_arm_right success 0.514822 -0.111277 -0.121331 0.137731 0.851630 0.501183 0.067619 0.551559 -1.402101 -1.824103 -1.238508 4.422891 -1.308647 -3.769191
1776408802.422307 jaka_arm_right success 0.515609 -0.111557 -0.122134 0.138213 0.850005 0.504104 0.065324 0.541885 -1.397590 -1.821423 -1.225693 4.422912 -1.315559 -3.763092
1776408802.430576 jaka_arm_right success 0.516027 -0.111712 -0.122542 0.137532 0.849533 0.505219 0.064279 0.538527 -1.395275 -1.820597 -1.220652 4.421627 -1.319797 -3.761562
1776408802.438962 jaka_arm_right success 0.516430 -0.111812 -0.122932 0.136952 0.848899 0.506577 0.063208 0.533915 -1.393130 -1.819226 -1.214225 4.421007 -1.323548 -3.760258
1776408802.447321 jaka_arm_right success 0.516717 -0.111855 -0.123307 0.136701 0.848276 0.507814 0.062176 0.529391 -1.390977 -1.818207 -1.208278 4.420288 -1.327149 -3.758415
1776408802.455609 jaka_arm_right success 0.517020 -0.111825 -0.123732 0.136349 0.847596 0.509126 0.061489 0.525092 -1.389437 -1.816426 -1.203911 4.420516 -1.329791 -3.757955
1776408802.463973 jaka_arm_right success 0.517241 -0.111832 -0.124106 0.136602 0.846906 0.510350 0.060283 0.520525 -1.386909 -1.815666 -1.197467 4.419467 -1.334115 -3.754936
1776408802.472294 jaka_arm_right success 0.517521 -0.111860 -0.124423 0.136112 0.846632 0.511079 0.059040 0.517240 -1.387859 -1.814485 -1.189113 4.419196 -1.336851 -3.748462
1776408802.480628 jaka_arm_right success 0.517908 -0.111838 -0.124861 0.134985 0.846058 0.512464 0.057834 0.512686 -1.385517 -1.813131 -1.184490 4.417898 -1.341182 -3.748861
1776408802.488930 jaka_arm_right success 0.518175 -0.111751 -0.125219 0.134744 0.845538 0.513575 0.056131 0.507974 -1.383185 -1.812112 -1.177453 4.416730 -1.345973 -3.745663
1776408802.497265 jaka_arm_right success 0.518690 -0.111681 -0.125602 0.132841 0.845347 0.514384 0.056137 0.502106 -1.382699 -1.809956 -1.166954 4.416302 -1.349488 -3.743904
1776408802.514021 jaka_arm_right success 0.519068 -0.111460 -0.126218 0.132304 0.844816 0.515742 0.052831 0.495496 -1.380390 -1.809272 -1.153820 4.412858 -1.358500 -3.734499
1776408802.522360 jaka_arm_right success 0.519539 -0.111293 -0.126526 0.130864 0.844291 0.516938 0.053121 0.491571 -1.379710 -1.807053 -1.150688 4.413793 -1.359273 -3.737667
1776408802.530617 jaka_arm_right success 0.519603 -0.111129 -0.126839 0.131133 0.844218 0.517188 0.051160 0.490279 -1.380068 -1.807641 -1.144408 4.411404 -1.363744 -3.729507
1776408802.538929 jaka_arm_right success 0.519728 -0.111004 -0.127095 0.131402 0.843853 0.517856 0.049699 0.483897 -1.378838 -1.805781 -1.139331 4.412079 -1.365528 -3.728921
1776408802.547345 jaka_arm_right success 0.519990 -0.110883 -0.127350 0.131465 0.843533 0.518381 0.049499 0.484001 -1.378551 -1.805395 -1.139323 4.412552 -1.365786 -3.728557
1776408802.555571 jaka_arm_right success 0.520312 -0.110822 -0.127600 0.130988 0.843472 0.518671 0.048769 0.480675 -1.377920 -1.805616 -1.132321 4.410788 -1.369149 -3.724219
1776408802.563993 jaka_arm_right success 0.520605 -0.110744 -0.127884 0.130558 0.843416 0.518988 0.047494 0.476680 -1.378353 -1.804830 -1.125238 4.409954 -1.371820 -3.720015
1776408802.572229 jaka_arm_right success 0.520792 -0.110798 -0.128067 0.131299 0.843500 0.518787 0.046146 0.474568 -1.378380 -1.805425 -1.118172 4.408452 -1.375028 -3.712569
1776408802.580597 jaka_arm_right success 0.521175 -0.110839 -0.128295 0.130812 0.843585 0.518818 0.045618 0.472150 -1.377874 -1.805058 -1.114822 4.407885 -1.376471 -3.712148
1776408802.588932 jaka_arm_right success 0.521715 -0.110837 -0.128609 0.129447 0.843351 0.519564 0.045349 0.467949 -1.376800 -1.803738 -1.108198 4.407427 -1.379443 -3.711310
1776408802.605588 jaka_arm_right success 0.522328 -0.110928 -0.129102 0.129115 0.842583 0.521090 0.042991 0.459939 -1.375055 -1.802124 -1.092022 4.405976 -1.387060 -3.701360
1776408802.614124 jaka_arm_right success 0.522641 -0.111015 -0.129300 0.129470 0.842330 0.521454 0.042463 0.459550 -1.375042 -1.801933 -1.092407 4.405990 -1.387379 -3.701039
1776408802.622306 jaka_arm_right success 0.522988 -0.111102 -0.129543 0.129345 0.841694 0.522640 0.040846 0.453650 -1.373022 -1.800552 -1.082271 4.405392 -1.392726 -3.695222
1776408802.630552 jaka_arm_right success 0.523397 -0.111254 -0.129792 0.129004 0.841194 0.523612 0.039752 0.446803 -1.371617 -1.799504 -1.068414 4.404172 -1.398164 -3.688660
1776408802.638929 jaka_arm_right success 0.523785 -0.111516 -0.130018 0.129233 0.840911 0.524076 0.038878 0.446179 -1.371446 -1.799195 -1.069108 4.404309 -1.398656 -3.688062
1776408802.647393 jaka_arm_right success 0.524132 -0.111744 -0.130187 0.129200 0.840670 0.524534 0.038008 0.443399 -1.369017 -1.799175 -1.062874 4.402928 -1.403134 -3.684684
1776408802.655630 jaka_arm_right success 0.524522 -0.111922 -0.130431 0.128949 0.840169 0.525421 0.037699 0.439409 -1.367899 -1.797675 -1.059259 4.403622 -1.404585 -3.684849
1776408802.663921 jaka_arm_right success 0.524883 -0.112092 -0.130615 0.128734 0.839682 0.526318 0.036757 0.436465 -1.365420 -1.797479 -1.052102 4.402215 -1.409519 -3.681150
1776408802.672255 jaka_arm_right success 0.525099 -0.112365 -0.130701 0.129013 0.839842 0.526017 0.036437 0.435605 -1.367310 -1.797299 -1.049501 4.402638 -1.408912 -3.677318
1776408802.680561 jaka_arm_right success 0.525520 -0.112525 -0.130847 0.128192 0.839494 0.526781 0.036311 0.429193 -1.365591 -1.796001 -1.037470 4.402475 -1.412823 -3.673196
1776408802.697340 jaka_arm_right success 0.525915 -0.112763 -0.131123 0.128776 0.838684 0.528034 0.034719 0.427241 -1.362934 -1.795534 -1.035909 4.401776 -1.416689 -3.671874
1776408802.705580 jaka_arm_right success 0.526292 -0.112873 -0.131297 0.127657 0.838636 0.528416 0.034201 0.421894 -1.361948 -1.794612 -1.026742 4.401121 -1.420040 -3.668859
1776408802.713988 jaka_arm_right success 0.526592 -0.112949 -0.131444 0.126805 0.838415 0.529032 0.033239 0.419829 -1.360975 -1.794221 -1.019932 4.399601 -1.424489 -3.665623
1776408802.722345 jaka_arm_right success 0.526750 -0.112950 -0.131541 0.126665 0.838089 0.529671 0.031800 0.413691 -1.360408 -1.793109 -1.008279 4.398956 -1.429208 -3.658243
1776408802.730553 jaka_arm_right success 0.526989 -0.112958 -0.131678 0.125517 0.838179 0.529855 0.030908 0.412721 -1.359949 -1.793038 -1.006401 4.397528 -1.431887 -3.657915
1776408802.738914 jaka_arm_right success 0.526955 -0.112887 -0.131706 0.126032 0.838071 0.529973 0.029690 0.411822 -1.361195 -1.792855 -1.002710 4.397164 -1.433599 -3.652253
1776408802.747303 jaka_arm_right success 0.527142 -0.112860 -0.131829 0.125095 0.838162 0.530059 0.029536 0.408296 -1.359870 -1.792371 -0.997982 4.396544 -1.435503 -3.653240
1776408802.755602 jaka_arm_right success 0.527333 -0.112791 -0.131963 0.124126 0.838212 0.530220 0.029318 0.404833 -1.359284 -1.792153 -0.988183 4.395460 -1.438927 -3.648988
1776408802.763957 jaka_arm_right success 0.527566 -0.112713 -0.132102 0.123002 0.838152 0.530588 0.029120 0.404928 -1.359954 -1.791452 -0.988073 4.395343 -1.439725 -3.649363
1776408802.772293 jaka_arm_right success 0.527711 -0.112634 -0.132144 0.122449 0.838291 0.530558 0.027965 0.401146 -1.359963 -1.791152 -0.980457 4.393788 -1.443328 -3.645956
1776408802.788974 jaka_arm_right success 0.527904 -0.112441 -0.132224 0.122121 0.837957 0.531247 0.026269 0.398437 -1.358091 -1.790867 -0.974314 4.392552 -1.448496 -3.640892
1776408802.797315 jaka_arm_right success 0.528053 -0.112413 -0.132265 0.121566 0.838035 0.531264 0.026032 0.396128 -1.359898 -1.789699 -0.971737 4.393257 -1.447924 -3.640201
1776408802.805586 jaka_arm_right success 0.528050 -0.112375 -0.132229 0.121894 0.838026 0.531234 0.025385 0.396879 -1.359286 -1.790458 -0.970435 4.392257 -1.449753 -3.637414
1776408802.822289 jaka_arm_right success 0.528489 -0.112311 -0.132329 0.120558 0.837591 0.532232 0.025215 0.391405 -1.358472 -1.788462 -0.962223 4.392858 -1.452487 -3.635978
1776408802.830571 jaka_arm_right success 0.528619 -0.112328 -0.132357 0.120445 0.837394 0.532609 0.024331 0.389428 -1.357470 -1.788440 -0.956830 4.391593 -1.456084 -3.632997
1776408802.838892 jaka_arm_right success 0.528845 -0.112466 -0.132457 0.119887 0.837671 0.532338 0.023466 0.387825 -1.357354 -1.788818 -0.950188 4.390299 -1.459169 -3.627900
1776408802.847263 jaka_arm_right success 0.529073 -0.112500 -0.132672 0.119477 0.837191 0.533228 0.022476 0.381793 -1.356688 -1.786995 -0.942325 4.390556 -1.462227 -3.625927
1776408802.855597 jaka_arm_right success 0.529333 -0.112604 -0.132860 0.119351 0.836785 0.533950 0.021052 0.377748 -1.355543 -1.786152 -0.933567 4.390160 -1.466914 -3.619223
1776408802.863953 jaka_arm_right success 0.529588 -0.112726 -0.133010 0.119467 0.836639 0.534191 0.020074 0.375882 -1.353982 -1.786311 -0.930445 4.389183 -1.469827 -3.617297
1776408802.872315 jaka_arm_right success 0.529976 -0.112908 -0.133258 0.118542 0.836574 0.534523 0.019431 0.369942 -1.353827 -1.785014 -0.919089 4.389049 -1.473307 -3.612472
1776408802.880557 jaka_arm_right success 0.530237 -0.113052 -0.133443 0.118078 0.836636 0.534573 0.018135 0.367226 -1.353937 -1.785014 -0.910730 4.387418 -1.477656 -3.606774
1776408802.889044 jaka_arm_right success 0.530345 -0.113184 -0.133638 0.119184 0.836287 0.534907 0.017162 0.366395 -1.353021 -1.784846 -0.911656 4.388047 -1.477782 -3.605576
1776408802.897327 jaka_arm_right success 0.530582 -0.113346 -0.133846 0.119736 0.835978 0.535299 0.016089 0.364149 -1.351605 -1.785337 -0.904267 4.386731 -1.482109 -3.599114
1776408802.914033 jaka_arm_right success 0.531562 -0.113839 -0.134438 0.118121 0.835412 0.536587 0.014421 0.351099 -1.349621 -1.781939 -0.884292 4.387486 -1.488688 -3.593189
1776408802.922243 jaka_arm_right success 0.531839 -0.114092 -0.134697 0.119201 0.835166 0.536779 0.012508 0.346964 -1.348781 -1.782422 -0.872510 4.386058 -1.494451 -3.581291
1776408802.930558 jaka_arm_right success 0.532302 -0.114397 -0.134981 0.118638 0.835282 0.536745 0.011558 0.342989 -1.347142 -1.782237 -0.864387 4.384704 -1.499063 -3.578159
1776408802.938874 jaka_arm_right success 0.532670 -0.114643 -0.135266 0.118862 0.835031 0.537104 0.010683 0.340611 -1.348639 -1.781375 -0.859410 4.385600 -1.499182 -3.573585
1776408802.947290 jaka_arm_right success 0.533046 -0.114908 -0.135531 0.118686 0.835382 0.536601 0.010487 0.337737 -1.346556 -1.782067 -0.851998 4.384008 -1.502990 -3.570598
1776408802.955597 jaka_arm_right success 0.533219 -0.115159 -0.135727 0.119639 0.835595 0.536071 0.009701 0.337045 -1.346326 -1.783099 -0.852510 4.383528 -1.502253 -3.569553
1776408802.963950 jaka_arm_right success 0.533644 -0.115512 -0.136029 0.118637 0.835724 0.536086 0.010116 0.333913 -1.346277 -1.782424 -0.846486 4.383603 -1.503554 -3.568094
1776408802.972256 jaka_arm_right success 0.533972 -0.115808 -0.136239 0.118860 0.835631 0.536173 0.010559 0.334245 -1.345858 -1.782529 -0.846101 4.383880 -1.503151 -3.568113
1776408802.980561 jaka_arm_right success 0.534250 -0.116178 -0.136426 0.119216 0.835752 0.535918 0.009934 0.332657 -1.345366 -1.783083 -0.839877 4.383143 -1.505413 -3.562809
1776408802.988922 jaka_arm_right success 0.534611 -0.116607 -0.136559 0.119072 0.835764 0.535945 0.009137 0.328116 -1.343584 -1.782580 -0.832061 4.382554 -1.509296 -3.559740
1776408803.005651 jaka_arm_right success 0.534907 -0.116913 -0.136702 0.118921 0.835642 0.536179 0.008494 0.326059 -1.343398 -1.782871 -0.823297 4.381718 -1.513017 -3.551540
1776408803.022348 jaka_arm_right success 0.535577 -0.117739 -0.136823 0.119598 0.835398 0.536446 0.005638 0.314033 -1.340779 -1.781796 -0.797901 4.380764 -1.522721 -3.535932
1776408803.030647 jaka_arm_right success 0.535822 -0.117997 -0.136774 0.119514 0.835497 0.536306 0.006097 0.314033 -1.340779 -1.781796 -0.797901 4.380764 -1.522721 -3.535932
1776408803.038982 jaka_arm_right success 0.536292 -0.118216 -0.136795 0.117226 0.835569 0.536698 0.006188 0.312511 -1.339459 -1.781250 -0.795168 4.380121 -1.524673 -3.539806
1776408803.047271 jaka_arm_right success 0.536418 -0.118495 -0.136665 0.117076 0.836242 0.535682 0.006113 0.313018 -1.340280 -1.782349 -0.791836 4.378888 -1.525502 -3.536522
1776408803.055582 jaka_arm_right success 0.536584 -0.118707 -0.136532 0.116693 0.836738 0.534989 0.006273 0.313493 -1.340522 -1.783402 -0.790312 4.377739 -1.525881 -3.535515
1776408803.063973 jaka_arm_right success 0.536868 -0.118877 -0.136422 0.115872 0.837155 0.534510 0.006654 0.312715 -1.340438 -1.783639 -0.787523 4.377211 -1.526373 -3.535690
1776408803.080613 jaka_arm_right success 0.537289 -0.119117 -0.136167 0.114312 0.838154 0.533280 0.006615 0.309049 -1.341025 -1.784498 -0.773227 4.375322 -1.530375 -3.527713
1776408803.097311 jaka_arm_right success 0.537610 -0.119386 -0.135790 0.113103 0.839168 0.531953 0.005597 0.306966 -1.341600 -1.785776 -0.762013 4.372787 -1.534978 -3.520228
1776408803.105556 jaka_arm_right success 0.537807 -0.119406 -0.135708 0.112235 0.839106 0.532236 0.005365 0.307099 -1.342228 -1.785307 -0.761820 4.372697 -1.535660 -3.520658
1776408803.113941 jaka_arm_right success 0.538016 -0.119457 -0.135626 0.111027 0.839225 0.532302 0.005399 0.303156 -1.340627 -1.784665 -0.754732 4.372117 -1.539073 -3.520500
1776408803.122351 jaka_arm_right success 0.538303 -0.119498 -0.135551 0.109338 0.839246 0.532611 0.005981 0.301018 -1.339852 -1.783952 -0.749185 4.371845 -1.541431 -3.520983
1776408803.130599 jaka_arm_right success 0.538473 -0.119580 -0.135417 0.107998 0.839760 0.532082 0.005286 0.297069 -1.340053 -1.784198 -0.736059 4.370210 -1.546753 -3.512800
1776408803.138929 jaka_arm_right success 0.538675 -0.119694 -0.135382 0.106310 0.840160 0.531793 0.004986 0.291820 -1.340021 -1.782963 -0.724239 4.370101 -1.550560 -3.509053
1776408803.147327 jaka_arm_right success 0.539095 -0.119886 -0.135389 0.103616 0.840811 0.531298 0.004882 0.290516 -1.339293 -1.783754 -0.718807 4.367818 -1.554005 -3.510082
1776408803.155556 jaka_arm_right success 0.539259 -0.119956 -0.135376 0.102833 0.840932 0.531265 0.004098 0.285277 -1.338505 -1.783450 -0.704238 4.366895 -1.559691 -3.502005
1776408803.163908 jaka_arm_right success 0.539460 -0.120092 -0.135321 0.102035 0.841404 0.530672 0.003882 0.285424 -1.339209 -1.783775 -0.703829 4.366237 -1.559816 -3.502471
1776408803.172347 jaka_arm_right success 0.539609 -0.120157 -0.135345 0.102041 0.841295 0.530848 0.003431 0.282521 -1.338411 -1.783591 -0.696803 4.365985 -1.562522 -3.498436
1776408803.180655 jaka_arm_right success 0.539762 -0.120387 -0.135350 0.101978 0.841586 0.530398 0.003293 0.282521 -1.338411 -1.783591 -0.696803 4.365985 -1.562522 -3.498436
1776408803.188948 jaka_arm_right success 0.540175 -0.120722 -0.135368 0.100565 0.842050 0.529924 0.004376 0.282073 -1.338186 -1.784402 -0.693740 4.364803 -1.562990 -3.499822
1776408803.205566 jaka_arm_right success 0.540582 -0.121250 -0.135271 0.100559 0.841970 0.530061 0.003063 0.276789 -1.337410 -1.783958 -0.680180 4.364550 -1.567911 -3.490598
1776408803.213928 jaka_arm_right success 0.541018 -0.121623 -0.135332 0.099177 0.841900 0.530432 0.003139 0.271851 -1.336391 -1.782167 -0.670932 4.364569 -1.570796 -3.488644
1776408803.222341 jaka_arm_right success 0.541564 -0.121885 -0.135430 0.097893 0.841672 0.531026 0.003997 0.268819 -1.329386 -1.766088 -0.661092 4.349966 -1.569032 -3.485270
1776408803.230686 jaka_arm_right success 0.541872 -0.122230 -0.135437 0.097932 0.841339 0.531548 0.003783 0.266396 -1.328140 -1.765500 -0.658169 4.350368 -1.570488 -3.484416
1776408803.238909 jaka_arm_right success 0.541953 -0.122669 -0.135340 0.098518 0.841249 0.531591 0.002271 0.264037 -1.321903 -1.748972 -0.647770 4.333566 -1.570413 -3.473371
1776408803.247245 jaka_arm_right success 0.542228 -0.122935 -0.135454 0.098214 0.840583 0.532702 0.001543 0.257604 -1.321564 -1.743187 -0.637879 4.332443 -1.570796 -3.468391
1776408803.255561 jaka_arm_right success 0.542593 -0.123268 -0.135441 0.096982 0.840520 0.533028 0.001148 0.249911 -1.312381 -1.718110 -0.615738 4.308827 -1.570796 -3.454973
1776408803.264004 jaka_arm_right success 0.542837 -0.123454 -0.135421 0.097313 0.840251 0.533388 0.002471 0.250352 -1.312011 -1.717770 -0.615439 4.309341 -1.570560 -3.455192
1776408803.272240 jaka_arm_right success 0.543064 -0.123752 -0.135342 0.096550 0.840089 0.533781 0.002424 0.250623 -1.312095 -1.717323 -0.615240 4.309655 -1.570626 -3.455528
1776408803.280549 jaka_arm_right success 0.543136 -0.123948 -0.135263 0.096024 0.839894 0.534185 0.001817 0.249771 -1.312347 -1.716304 -0.615526 4.309487 -1.570796 -3.456725
1776408803.297311 jaka_arm_right success 0.543513 -0.124116 -0.135294 0.093395 0.839048 0.535976 0.002301 0.240611 -1.302269 -1.688253 -0.598235 4.286901 -1.570796 -3.452113
1776408803.305743 jaka_arm_right success 0.543255 -0.124183 -0.135231 0.093652 0.838709 0.536467 0.000374 0.239578 -1.299130 -1.676805 -0.597131 4.275996 -1.570796 -3.448127
1776408803.313930 jaka_arm_right success 0.543362 -0.124175 -0.135158 0.092361 0.838356 0.537241 0.000815 0.239767 -1.299929 -1.675364 -0.596857 4.276419 -1.570796 -3.449350
1776408803.322376 jaka_arm_right success 0.543206 -0.124286 -0.135056 -0.091145 -0.839009 -0.536429 0.000329 0.237840 -1.295571 -1.658733 -0.587822 4.257749 -1.570796 -3.442424
1776408803.330596 jaka_arm_right success 0.542818 -0.124012 -0.134965 -0.092171 -0.838993 -0.536279 0.000829 0.237178 -1.295308 -1.658940 -0.588435 4.257670 -1.570796 -3.441779
1776408803.338968 jaka_arm_right success 0.542564 -0.123747 -0.134927 -0.091394 -0.839337 -0.535872 0.001174 0.236945 -1.296001 -1.659194 -0.588564 4.257057 -1.570796 -3.441840
1776408803.347292 jaka_arm_right success 0.542678 -0.123518 -0.135005 0.087843 0.839684 0.535924 0.000380 0.236446 -1.296953 -1.657253 -0.586962 4.255575 -1.570796 -3.447687
1776408803.355563 jaka_arm_right success 0.542386 -0.123165 -0.134977 0.087125 0.840098 0.535392 0.000549 0.236816 -1.297496 -1.657400 -0.586525 4.255143 -1.570796 -3.448224
1776408803.363915 jaka_arm_right success 0.541839 -0.122641 -0.134910 0.086227 0.841079 0.533996 0.000344 0.236918 -1.299038 -1.658648 -0.585999 4.253249 -1.570796 -3.448942
1776408803.372312 jaka_arm_right success 0.541514 -0.122108 -0.134897 0.084600 0.841622 0.533398 0.000761 0.237588 -1.300575 -1.658917 -0.585309 4.252168 -1.570796 -3.449986
1776408803.389054 jaka_arm_right success 0.540527 -0.120868 -0.134853 0.081236 0.843434 0.531054 0.001165 0.238795 -1.304060 -1.660337 -0.583611 4.249136 -1.570796 -3.452359
1776408803.397277 jaka_arm_right success 0.540000 -0.120266 -0.134838 0.080336 0.844518 0.529462 0.002308 0.246214 -1.304909 -1.661984 -0.591311 4.245611 -1.568704 -3.455665
1776408803.405705 jaka_arm_right success 0.539244 -0.119606 -0.134713 0.080082 0.845952 0.527204 0.003026 0.257076 -1.307071 -1.665615 -0.610175 4.242327 -1.561995 -3.464039
1776408803.422284 jaka_arm_right success 0.538049 -0.118049 -0.134831 0.078217 0.847069 0.525671 0.005182 0.269361 -1.311627 -1.667529 -0.641079 4.240651 -1.547630 -3.485380
1776408803.430556 jaka_arm_right success 0.537792 -0.117408 -0.134773 0.075554 0.848199 0.524210 0.007330 0.271463 -1.313771 -1.668389 -0.638767 4.239130 -1.546684 -3.487819
1776408803.438922 jaka_arm_right success 0.537405 -0.116974 -0.134555 0.073798 0.849824 0.521801 0.008746 0.283305 -1.316577 -1.671887 -0.658472 4.235908 -1.538591 -3.498659
1776408803.447368 jaka_arm_right success 0.536762 -0.116350 -0.134506 0.073824 0.850535 0.520632 0.009100 0.285931 -1.318556 -1.673162 -0.663225 4.235019 -1.535233 -3.500216
1776408803.455752 jaka_arm_right success 0.536237 -0.115731 -0.134411 0.072810 0.850862 0.520235 0.009363 0.290305 -1.320311 -1.673405 -0.673146 4.234498 -1.531593 -3.506566
1776408803.463992 jaka_arm_right success 0.535720 -0.115408 -0.134282 0.071550 0.852065 0.518447 0.008879 0.290477 -1.322035 -1.674908 -0.672471 4.232308 -1.531560 -3.507412
1776408803.472274 jaka_arm_right success 0.535142 -0.114851 -0.134283 0.071759 0.852016 0.518496 0.008942 0.295122 -1.322974 -1.675296 -0.678437 4.232271 -1.530218 -3.507337
1776408803.480524 jaka_arm_right success 0.534945 -0.114365 -0.134300 0.069095 0.852210 0.518536 0.009154 0.295767 -1.324999 -1.674985 -0.677500 4.231298 -1.531195 -3.509177
1776408803.488879 jaka_arm_right success 0.534409 -0.113944 -0.134299 0.069386 0.852150 0.518592 0.009363 0.296530 -1.324710 -1.674984 -0.683776 4.231392 -1.528300 -3.514718
1776408803.497297 jaka_arm_right success 0.533886 -0.113755 -0.134115 0.068764 0.853187 0.516977 0.008865 0.297347 -1.326228 -1.676453 -0.683687 4.229451 -1.528388 -3.514582
1776408803.514004 jaka_arm_right success 0.532966 -0.113216 -0.133979 0.068582 0.853913 0.515794 0.009237 0.306899 -1.327240 -1.678774 -0.699281 4.227759 -1.523492 -3.520051
1776408803.522271 jaka_arm_right success 0.532669 -0.112993 -0.133824 0.068004 0.854396 0.515044 0.010637 0.311302 -1.329203 -1.679383 -0.707496 4.227344 -1.518404 -3.526324
1776408803.530567 jaka_arm_right success 0.531801 -0.112713 -0.133669 0.070488 0.854718 0.514193 0.009689 0.317241 -1.329510 -1.681520 -0.718556 4.226862 -1.515038 -3.524692
1776408803.538899 jaka_arm_right success 0.531597 -0.112598 -0.133579 0.068821 0.855164 0.513663 0.010421 0.317875 -1.331160 -1.681394 -0.719862 4.226177 -1.513565 -3.529009
1776408803.547352 jaka_arm_right success 0.531062 -0.112287 -0.133543 0.069862 0.855045 0.513690 0.011801 0.327850 -1.332184 -1.682039 -0.744320 4.227139 -1.503103 -3.541017
1776408803.555575 jaka_arm_right success 0.530264 -0.112187 -0.133354 0.071279 0.855913 0.512067 0.010928 0.330797 -1.333234 -1.684457 -0.746027 4.225673 -1.502377 -3.536550
1776408803.563923 jaka_arm_right success 0.529990 -0.111901 -0.133384 0.069211 0.855640 0.512791 0.011644 0.330846 -1.333566 -1.683460 -0.745268 4.225590 -1.503219 -3.539594
1776408803.572327 jaka_arm_right success 0.529351 -0.111450 -0.133215 0.070322 0.855206 0.513335 0.012831 0.338312 -1.332131 -1.683428 -0.764539 4.227126 -1.495426 -3.550573
1776408803.580611 jaka_arm_right success 0.528629 -0.111221 -0.132990 0.070942 0.855595 0.512577 0.013718 0.345181 -1.333980 -1.684631 -0.779519 4.227121 -1.488154 -3.556982
1776408803.588994 jaka_arm_right success 0.527917 -0.110981 -0.132817 0.071580 0.855794 0.512140 0.014338 0.352517 -1.334767 -1.685752 -0.793858 4.227196 -1.481676 -3.563710
1776408803.605686 jaka_arm_right success 0.526513 -0.110327 -0.132442 0.073586 0.856518 0.510543 0.017541 0.369917 -1.336961 -1.688789 -0.832135 4.228051 -1.463155 -3.580974
1776408803.613897 jaka_arm_right success 0.525953 -0.109730 -0.132403 0.073536 0.856412 0.510663 0.019354 0.373433 -1.336816 -1.688012 -0.840553 4.229630 -1.457930 -3.588443
1776408803.622251 jaka_arm_right success 0.525041 -0.109385 -0.132061 0.076185 0.856934 0.509393 0.019447 0.380921 -1.338439 -1.690551 -0.853133 4.229809 -1.451802 -3.587476
1776408803.630583 jaka_arm_right success 0.524547 -0.108928 -0.131955 0.075396 0.856849 0.509608 0.020590 0.384524 -1.338999 -1.690034 -0.864967 4.230909 -1.445537 -3.596781
1776408803.638953 jaka_arm_right success 0.524022 -0.108437 -0.131764 0.075906 0.857216 0.508824 0.022733 0.393016 -1.341285 -1.690870 -0.882086 4.232148 -1.435407 -3.605656
1776408803.647368 jaka_arm_right success 0.523289 -0.107880 -0.131644 0.077335 0.857104 0.508785 0.022993 0.399254 -1.341877 -1.691123 -0.895931 4.233431 -1.430088 -3.609960
1776408803.655576 jaka_arm_right success 0.523271 -0.107408 -0.131522 0.075379 0.856799 0.509419 0.026572 0.400699 -1.341615 -1.689054 -0.902250 4.235812 -1.424105 -3.621102
1776408803.663957 jaka_arm_right success 0.522822 -0.106799 -0.131503 0.075523 0.856284 0.510239 0.027014 0.401224 -1.341544 -1.687980 -0.905934 4.237355 -1.421815 -3.624026
1776408803.672291 jaka_arm_right success 0.521919 -0.106318 -0.131315 0.078813 0.856252 0.509849 0.025992 0.409560 -1.342164 -1.690035 -0.921709 4.238217 -1.416251 -3.623820
1776408803.680599 jaka_arm_right success 0.521454 -0.106024 -0.131161 0.079869 0.856637 0.508982 0.027023 0.414217 -1.344533 -1.690304 -0.933227 4.240235 -1.407881 -3.628528
1776408803.697339 jaka_arm_right success 0.521111 -0.104884 -0.130995 0.079883 0.855520 0.510599 0.031505 0.423554 -1.343027 -1.687550 -0.958979 4.245777 -1.393971 -3.649295
1776408803.705603 jaka_arm_right success 0.520833 -0.104365 -0.131000 0.080965 0.855096 0.511003 0.033646 0.425687 -1.343292 -1.686583 -0.968550 4.248978 -1.386516 -3.655875
1776408803.713989 jaka_arm_right success 0.520377 -0.103729 -0.131057 0.082244 0.854735 0.511414 0.033459 0.428344 -1.344170 -1.686093 -0.974017 4.250757 -1.383853 -3.655629
1776408803.722295 jaka_arm_right success 0.519979 -0.103181 -0.131005 0.083472 0.854352 0.511832 0.033814 0.430205 -1.344509 -1.685379 -0.980464 4.252891 -1.380037 -3.657949
1776408803.730572 jaka_arm_right success 0.519705 -0.102622 -0.131170 0.085018 0.854074 0.511938 0.035342 0.434846 -1.346245 -1.684186 -0.996229 4.257038 -1.369425 -3.666731
1776408803.739002 jaka_arm_right success 0.519573 -0.102171 -0.131234 0.085244 0.853847 0.512163 0.036985 0.436425 -1.345068 -1.683995 -1.002623 4.258609 -1.365118 -3.672616
1776408803.747284 jaka_arm_right success 0.519092 -0.101518 -0.131463 0.086300 0.853301 0.512994 0.035606 0.435619 -1.344807 -1.683593 -1.003652 4.258998 -1.365730 -3.671736
1776408803.755598 jaka_arm_right success 0.518668 -0.100808 -0.131781 0.087834 0.852655 0.513876 0.034584 0.436694 -1.346333 -1.682247 -1.006861 4.261263 -1.364770 -3.668354
1776408803.763977 jaka_arm_right success 0.518654 -0.100258 -0.132145 0.086974 0.852099 0.514874 0.035609 0.436113 -1.345641 -1.679842 -1.012250 4.263641 -1.361638 -3.676075
1776408803.772330 jaka_arm_right success 0.518633 -0.099648 -0.132662 0.086315 0.851228 0.516385 0.036165 0.435481 -1.344885 -1.678009 -1.011998 4.264992 -1.362045 -3.678261
1776408803.788950 jaka_arm_right success 0.517956 -0.098866 -0.133313 0.088296 0.850530 0.517212 0.035983 0.437404 -1.343973 -1.676303 -1.028774 4.268890 -1.354374 -3.688140
1776408803.797287 jaka_arm_right success 0.517827 -0.098335 -0.133793 0.089552 0.849391 0.518812 0.036742 0.436483 -1.342825 -1.674821 -1.029173 4.271591 -1.353221 -3.688160
1776408803.805566 jaka_arm_right success 0.517822 -0.098015 -0.134314 0.089383 0.848395 0.520362 0.038214 0.434131 -1.341941 -1.671597 -1.032902 4.275447 -1.349206 -3.695765
1776408803.813929 jaka_arm_right success 0.517771 -0.097754 -0.134734 0.089953 0.847583 0.521518 0.039125 0.432588 -1.340500 -1.669494 -1.038621 4.278859 -1.344786 -3.702808
1776408803.822319 jaka_arm_right success 0.517539 -0.097385 -0.135323 0.092302 0.846151 0.523409 0.039402 0.434767 -1.338331 -1.667873 -1.051370 4.282694 -1.339862 -3.709497
1776408803.830589 jaka_arm_right success 0.517695 -0.097210 -0.135906 0.092339 0.845255 0.524845 0.039429 0.435106 -1.337778 -1.666522 -1.051368 4.283906 -1.340587 -3.709575
1776408803.839024 jaka_arm_right success 0.517763 -0.096987 -0.136589 0.093250 0.843493 0.527528 0.039225 0.428522 -1.334701 -1.662649 -1.051479 4.287617 -1.340922 -3.714102
1776408803.847283 jaka_arm_right success 0.517850 -0.097037 -0.137171 0.093781 0.842842 0.528485 0.039066 0.428411 -1.333920 -1.662012 -1.051710 4.288594 -1.341146 -3.713794
1776408803.855597 jaka_arm_right success 0.518096 -0.097008 -0.137809 0.093704 0.841755 0.530183 0.039679 0.423407 -1.331251 -1.659048 -1.050496 4.291364 -1.340910 -3.719189
1776408803.863944 jaka_arm_right success 0.518063 -0.096970 -0.138434 0.095609 0.840527 0.531831 0.039107 0.421918 -1.329716 -1.658002 -1.051738 4.293202 -1.341260 -3.718127
1776408803.880699 jaka_arm_right success 0.518204 -0.097100 -0.139605 0.095941 0.838508 0.535109 0.036856 0.412839 -1.325598 -1.653550 -1.051021 4.295727 -1.344803 -3.723625
1776408803.888943 jaka_arm_right success 0.518083 -0.097173 -0.140312 0.097453 0.837013 0.537195 0.036513 0.411713 -1.323654 -1.651817 -1.051888 4.298191 -1.345593 -3.722674
1776408803.897333 jaka_arm_right success 0.518278 -0.097399 -0.140974 0.096773 0.835800 0.539138 0.037459 0.405711 -1.320498 -1.648811 -1.049349 4.300288 -1.346302 -3.729520
1776408803.905559 jaka_arm_right success 0.518263 -0.097603 -0.141601 0.097333 0.834709 0.540752 0.037070 0.403001 -1.318664 -1.647067 -1.049575 4.302049 -1.347355 -3.730199
1776408803.913918 jaka_arm_right success 0.518375 -0.097844 -0.142297 0.096997 0.833498 0.542674 0.037117 0.398312 -1.315744 -1.644404 -1.047899 4.303504 -1.349382 -3.734961
1776408803.922291 jaka_arm_right success 0.518347 -0.098017 -0.143015 0.097503 0.832171 0.544623 0.037023 0.395286 -1.313551 -1.642452 -1.047707 4.305459 -1.350444 -3.736328
1776408803.930601 jaka_arm_right success 0.518499 -0.098260 -0.143798 0.096924 0.830657 0.547006 0.037392 0.388642 -1.309594 -1.639108 -1.045107 4.307423 -1.352616 -3.743221
1776408803.938938 jaka_arm_right success 0.518253 -0.098415 -0.144434 0.098959 0.829289 0.548789 0.036297 0.387421 -1.307986 -1.637784 -1.046527 4.309393 -1.353520 -3.741662
1776408803.947271 jaka_arm_right success 0.518382 -0.098694 -0.145136 0.098431 0.828277 0.550409 0.036311 0.378990 -1.306751 -1.634806 -1.040318 4.311150 -1.355315 -3.743933
1776408803.955612 jaka_arm_right success 0.518356 -0.098860 -0.145873 0.099223 0.826895 0.552327 0.036533 0.375695 -1.302965 -1.632857 -1.040224 4.313190 -1.357198 -3.745960
1776408803.972234 jaka_arm_right success 0.518128 -0.099200 -0.147288 0.100137 0.824297 0.556070 0.035963 0.369567 -1.298184 -1.628471 -1.039920 4.316658 -1.360458 -3.750583
1776408803.989025 jaka_arm_right success 0.517802 -0.099543 -0.148602 0.100823 0.821966 0.559421 0.035407 0.362562 -1.293782 -1.624687 -1.039554 4.319468 -1.363341 -3.755527
1776408804.005595 jaka_arm_right success 0.517484 -0.099850 -0.149957 0.100057 0.819925 0.562511 0.035966 0.354207 -1.288889 -1.620473 -1.036988 4.321932 -1.366041 -3.764885
1776408804.013981 jaka_arm_right success 0.517469 -0.100022 -0.150610 0.098186 0.818981 0.564200 0.036163 0.350277 -1.287380 -1.618137 -1.035089 4.322270 -1.368508 -3.769634
1776408804.022226 jaka_arm_right success 0.517048 -0.099985 -0.151297 0.098129 0.817359 0.566590 0.035661 0.343694 -1.284432 -1.614669 -1.033322 4.324219 -1.371604 -3.773751
1776408804.030629 jaka_arm_right success 0.516662 -0.100057 -0.151943 0.097699 0.816570 0.567891 0.034179 0.337850 -1.283513 -1.612926 -1.026452 4.324080 -1.376187 -3.771779
1776408804.038899 jaka_arm_right success 0.516553 -0.100119 -0.152630 0.096039 0.815637 0.569428 0.035560 0.336053 -1.282084 -1.611086 -1.024737 4.324601 -1.377814 -3.775962
1776408804.047273 jaka_arm_right success 0.516033 -0.100034 -0.153319 0.096969 0.814009 0.571635 0.034939 0.330096 -1.278693 -1.607955 -1.025008 4.327015 -1.380158 -3.779705
1776408804.055593 jaka_arm_right success 0.515786 -0.100111 -0.153995 0.095853 0.813137 0.573034 0.035386 0.327196 -1.277265 -1.606180 -1.023683 4.327646 -1.381471 -3.783933
1776408804.063948 jaka_arm_right success 0.515532 -0.100163 -0.154665 0.095716 0.812160 0.574397 0.036093 0.324607 -1.275628 -1.604017 -1.023122 4.329301 -1.382381 -3.787133
1776408804.080583 jaka_arm_right success 0.515245 -0.100328 -0.156100 0.095262 0.809567 0.577996 0.038035 0.315922 -1.270512 -1.598741 -1.021512 4.333445 -1.384035 -3.798060
1776408804.097297 jaka_arm_right success 0.515073 -0.100580 -0.157501 0.096339 0.807091 0.581170 0.039567 0.306443 -1.266059 -1.593472 -1.021910 4.338756 -1.384069 -3.807202
1776408804.105593 jaka_arm_right success 0.514885 -0.100665 -0.158159 0.097884 0.805814 0.582686 0.039500 0.304005 -1.264570 -1.591433 -1.025209 4.341870 -1.382310 -3.810520
1776408804.113962 jaka_arm_right success 0.514945 -0.100822 -0.158880 0.097667 0.804519 0.584497 0.039668 0.301871 -1.262505 -1.589203 -1.025545 4.343436 -1.384007 -3.813409
1776408804.122296 jaka_arm_right success 0.514862 -0.101057 -0.159482 0.098224 0.803766 0.585454 0.039456 0.299789 -1.261197 -1.588427 -1.026210 4.344296 -1.384486 -3.814521
1776408804.130560 jaka_arm_right success 0.514841 -0.101173 -0.160168 0.098674 0.802361 0.587294 0.039573 0.294690 -1.258252 -1.585550 -1.026338 4.346600 -1.386000 -3.819373
1776408804.138958 jaka_arm_right success 0.514847 -0.101482 -0.160844 0.098938 0.801617 0.588221 0.040224 0.293397 -1.257124 -1.584575 -1.026138 4.347806 -1.385927 -3.821049
1776408804.147367 jaka_arm_right success 0.514689 -0.101605 -0.161596 0.100114 0.799874 0.590385 0.040293 0.288912 -1.254284 -1.581672 -1.026910 4.350850 -1.386936 -3.824144
1776408804.155566 jaka_arm_right success 0.514689 -0.101702 -0.162377 0.100043 0.798375 0.592420 0.040355 0.283828 -1.252095 -1.578491 -1.026544 4.352785 -1.388831 -3.829589
1776408804.164070 jaka_arm_right success 0.514680 -0.102086 -0.163100 0.099451 0.797680 0.593505 0.039586 0.279631 -1.250541 -1.577266 -1.026150 4.352481 -1.391351 -3.832821
1776408804.172231 jaka_arm_right success 0.514781 -0.102204 -0.163967 0.098302 0.796070 0.595865 0.039430 0.272126 -1.248859 -1.573296 -1.020915 4.354286 -1.395030 -3.836829
1776408804.188936 jaka_arm_right success 0.514208 -0.102548 -0.165476 0.100321 0.792721 0.600171 0.036381 0.259660 -1.245282 -1.568112 -1.013263 4.357368 -1.403003 -3.833586
1776408804.197316 jaka_arm_right success 0.514136 -0.102765 -0.166313 0.099272 0.791287 0.602261 0.035936 0.251717 -1.243321 -1.565151 -1.003732 4.357652 -1.409494 -3.832998
1776408804.205547 jaka_arm_right success 0.514099 -0.102876 -0.167126 0.098920 0.789153 0.605074 0.036569 0.246458 -1.239405 -1.561611 -1.002250 4.359524 -1.413580 -3.838528
1776408804.213936 jaka_arm_right success 0.513799 -0.103100 -0.167801 0.099803 0.787762 0.606757 0.036280 0.243983 -1.237928 -1.559839 -1.002629 4.361350 -1.414708 -3.838890
1776408804.222301 jaka_arm_right success 0.513682 -0.103220 -0.168624 0.099629 0.785810 0.609250 0.037290 0.238220 -1.234985 -1.556185 -1.000869 4.363981 -1.416805 -3.845192
1776408804.230603 jaka_arm_right success 0.513601 -0.103343 -0.169443 0.099184 0.784032 0.611532 0.038535 0.232307 -1.232411 -1.552464 -0.999290 4.366744 -1.418589 -3.851447
1776408804.238897 jaka_arm_right success 0.513317 -0.103547 -0.170243 0.099622 0.782525 0.613326 0.039513 0.226757 -1.229923 -1.549307 -0.998778 4.369656 -1.419636 -3.856226
1776408804.247301 jaka_arm_right success 0.512975 -0.103631 -0.170990 0.100511 0.780528 0.615682 0.040125 0.221494 -1.227335 -1.545811 -0.999002 4.372987 -1.420903 -3.860419
1776408804.255592 jaka_arm_right success 0.512690 -0.103705 -0.171782 0.101877 0.778481 0.617956 0.041466 0.215983 -1.224786 -1.542099 -0.999150 4.377134 -1.420695 -3.866140
1776408804.263976 jaka_arm_right success 0.512358 -0.104018 -0.172567 0.102294 0.777302 0.619345 0.041821 0.212592 -1.222622 -1.540053 -1.000070 4.379102 -1.421769 -3.869065
1776408804.280651 jaka_arm_right success 0.511906 -0.104181 -0.174120 0.102806 0.773298 0.624228 0.042191 0.201505 -1.216853 -1.533372 -1.000096 4.383924 -1.426518 -3.880066
1776408804.289015 jaka_arm_right success 0.511954 -0.104312 -0.174924 0.101677 0.771841 0.626149 0.043141 0.197336 -1.215922 -1.530275 -0.999115 4.385610 -1.428202 -3.885502
1776408804.297302 jaka_arm_right success 0.511763 -0.104340 -0.175662 0.101398 0.770236 0.628154 0.043324 0.192886 -1.214629 -1.526929 -0.999043 4.387324 -1.431061 -3.889510
1776408804.313950 jaka_arm_right success 0.511357 -0.104613 -0.177197 0.102123 0.767307 0.631491 0.045064 0.184308 -1.210220 -1.522276 -0.997821 4.391879 -1.432544 -3.898330
1776408804.322219 jaka_arm_right success 0.510892 -0.104799 -0.177989 0.104387 0.766359 0.632241 0.045477 0.181845 -1.208418 -1.520876 -0.999306 4.394646 -1.432080 -3.898015
1776408804.330598 jaka_arm_right success 0.510832 -0.104828 -0.178822 0.105092 0.764906 0.633707 0.047847 0.176946 -1.207529 -1.516549 -1.005076 4.400203 -1.427686 -3.909875
1776408804.338949 jaka_arm_right success 0.510754 -0.104851 -0.179655 0.105655 0.763883 0.634726 0.049427 0.173620 -1.205370 -1.514295 -1.008547 4.403222 -1.426014 -3.917689
1776408804.347288 jaka_arm_right success 0.510621 -0.104835 -0.180487 0.106609 0.762378 0.636311 0.050226 0.170328 -1.203762 -1.511792 -1.009441 4.405383 -1.426862 -3.922077
1776408804.355559 jaka_arm_right success 0.510766 -0.104916 -0.181443 0.106909 0.761230 0.637490 0.052024 0.166676 -1.202143 -1.509189 -1.011762 4.409084 -1.424753 -3.928793
1776408804.364001 jaka_arm_right success 0.510651 -0.104829 -0.182410 0.108443 0.760159 0.638574 0.051209 0.165752 -1.201356 -1.508234 -1.012939 4.410318 -1.425384 -3.927809
1776408804.372233 jaka_arm_right success 0.510617 -0.105004 -0.183296 0.109684 0.759322 0.639410 0.050546 0.161295 -1.200267 -1.506805 -1.014070 4.411827 -1.425806 -3.930072
1776408804.380595 jaka_arm_right success 0.510586 -0.105124 -0.184240 0.111481 0.758516 0.640167 0.049108 0.159919 -1.199178 -1.505563 -1.015708 4.413539 -1.426613 -3.928495
1776408804.388937 jaka_arm_right success 0.510824 -0.105125 -0.185214 0.111716 0.757593 0.641301 0.048021 0.155757 -1.199043 -1.504522 -1.015493 4.413790 -1.427923 -3.929846
1776408804.405592 jaka_arm_right success 0.511012 -0.105460 -0.187139 0.112427 0.757176 0.641945 0.044183 0.140127 -1.201358 -1.502542 -0.989898 4.412247 -1.438125 -3.913484
1776408804.413957 jaka_arm_right success 0.511434 -0.105416 -0.188187 0.111793 0.756366 0.643068 0.043326 0.134681 -1.201464 -1.500702 -0.984422 4.412442 -1.441461 -3.913049
1776408804.422309 jaka_arm_right success 0.511497 -0.105491 -0.189127 0.112626 0.756377 0.643040 0.041333 0.134370 -1.201160 -1.501551 -0.981754 4.411228 -1.444017 -3.907148
1776408804.430585 jaka_arm_right success 0.511555 -0.105538 -0.190038 0.113443 0.756020 0.643391 0.040154 0.125809 -1.202623 -1.499283 -0.973776 4.412691 -1.446058 -3.904223
1776408804.438930 jaka_arm_right success 0.511634 -0.105481 -0.191026 0.113332 0.755815 0.643665 0.039938 0.122452 -1.200789 -1.499790 -0.970216 4.411790 -1.448426 -3.903531
1776408804.447257 jaka_arm_right success 0.511566 -0.105692 -0.191931 0.114087 0.755637 0.643715 0.040357 0.122452 -1.200789 -1.499790 -0.970216 4.411790 -1.448426 -3.903531
1776408804.455682 jaka_arm_right success 0.511519 -0.105782 -0.192950 0.113729 0.755265 0.644147 0.041413 0.120122 -1.200754 -1.498322 -0.968417 4.413743 -1.447015 -3.906758
1776408804.463972 jaka_arm_right success 0.511206 -0.106021 -0.193880 0.115334 0.754673 0.644463 0.042817 0.115968 -1.199419 -1.496755 -0.968577 4.416852 -1.445171 -3.909244
1776408804.472275 jaka_arm_right success 0.510984 -0.106328 -0.194809 0.116078 0.753497 0.645642 0.043744 0.110975 -1.198227 -1.493965 -0.968502 4.419279 -1.445719 -3.914717
1776408804.480592 jaka_arm_right success 0.510836 -0.106585 -0.195684 0.116194 0.752405 0.646829 0.044687 0.107230 -1.196712 -1.491962 -0.968427 4.421125 -1.446339 -3.919028
1776408804.497344 jaka_arm_right success 0.510661 -0.107302 -0.197477 0.115804 0.749199 0.650577 0.045164 0.097860 -1.191921 -1.486516 -0.967479 4.424404 -1.452236 -3.927989
1776408804.505566 jaka_arm_right success 0.510518 -0.107745 -0.198310 0.116006 0.747561 0.652443 0.044864 0.090944 -1.191263 -1.483233 -0.965286 4.426296 -1.455287 -3.930503
1776408804.513951 jaka_arm_right success 0.510376 -0.108316 -0.199176 0.115561 0.745707 0.654709 0.043855 0.079263 -1.191199 -1.479372 -0.950947 4.427353 -1.462713 -3.926399
1776408804.522366 jaka_arm_right success 0.510179 -0.108943 -0.199918 0.115432 0.743753 0.657020 0.042793 0.072707 -1.188908 -1.476850 -0.943176 4.427233 -1.470512 -3.923868
1776408804.530626 jaka_arm_right success 0.509813 -0.109655 -0.200578 0.116101 0.741955 0.659007 0.041630 0.066362 -1.186498 -1.474692 -0.938274 4.427946 -1.476138 -3.922014
1776408804.538929 jaka_arm_right success 0.509785 -0.110384 -0.201326 0.115230 0.739981 0.661333 0.042299 0.056491 -1.185473 -1.470142 -0.928416 4.430257 -1.482037 -3.922916
1776408804.547276 jaka_arm_right success 0.509601 -0.111032 -0.201989 0.115680 0.737951 0.663561 0.041630 0.047993 -1.183340 -1.467083 -0.918173 4.431209 -1.489481 -3.919485
1776408804.555577 jaka_arm_right success 0.509479 -0.111772 -0.202635 0.115642 0.736424 0.665327 0.040571 0.039062 -1.182060 -1.464621 -0.904833 4.431591 -1.497219 -3.912792
1776408804.563960 jaka_arm_right success 0.509511 -0.112461 -0.203226 0.115708 0.734735 0.667170 0.040746 0.036786 -1.180106 -1.462312 -0.904935 4.432817 -1.500682 -3.914401
1776408804.572215 jaka_arm_right success 0.509321 -0.113069 -0.203716 0.116538 0.732701 0.669372 0.038861 0.026262 -1.179265 -1.459116 -0.893572 4.434224 -1.507399 -3.909596
1776408804.588950 jaka_arm_right success 0.509111 -0.114430 -0.204738 0.117388 0.729667 0.672513 0.039149 0.016938 -1.175637 -1.454440 -0.888335 4.437298 -1.514178 -3.911145
1776408804.597370 jaka_arm_right success 0.509020 -0.115182 -0.205162 0.117601 0.728509 0.673666 0.040221 0.016083 -1.173495 -1.453069 -0.887853 4.438622 -1.515851 -3.912157
1776408804.605558 jaka_arm_right success 0.508802 -0.115695 -0.205600 0.118093 0.727008 0.675152 0.041034 0.012691 -1.170982 -1.451176 -0.887207 4.440187 -1.518112 -3.915084
1776408804.613947 jaka_arm_right success 0.508318 -0.116346 -0.205815 0.119758 0.725877 0.676101 0.040608 0.010854 -1.169566 -1.450083 -0.888593 4.441717 -1.519004 -3.914045
1776408804.622317 jaka_arm_right success 0.508267 -0.116876 -0.206140 0.119039 0.724996 0.677132 0.041270 0.006381 -1.166913 -1.448574 -0.886861 4.441870 -1.522743 -3.918963
1776408804.630612 jaka_arm_right success 0.507884 -0.117372 -0.206380 0.119807 0.724279 0.677806 0.040570 0.005707 -1.166930 -1.448234 -0.887671 4.442130 -1.523199 -3.918231
1776408804.638945 jaka_arm_right success 0.507776 -0.118045 -0.206605 0.120241 0.723837 0.678165 0.041160 0.005156 -1.165768 -1.447497 -0.887965 4.443218 -1.523660 -3.917978
1776408804.647244 jaka_arm_right success 0.507546 -0.118645 -0.206806 0.120462 0.723466 0.678503 0.041466 0.002564 -1.163065 -1.447246 -0.886814 4.442950 -1.526199 -3.920454
1776408804.655588 jaka_arm_right success 0.507208 -0.119017 -0.207051 0.121769 0.721934 0.679822 0.042720 -0.000404 -1.161016 -1.444895 -0.886951 4.445949 -1.526744 -3.922241
1776408804.663957 jaka_arm_right success 0.506841 -0.119592 -0.207206 0.121263 0.721476 0.680403 0.042643 -0.000654 -1.161405 -1.444359 -0.887054 4.445724 -1.527850 -3.922624
1776408804.672318 jaka_arm_right success 0.506467 -0.120131 -0.207423 0.121186 0.720471 0.681384 0.044178 -0.004848 -1.158178 -1.442669 -0.885890 4.446588 -1.530892 -3.928294
1776408804.680581 jaka_arm_right success 0.505972 -0.120690 -0.207559 0.121499 0.719799 0.681996 0.044821 -0.005424 -1.157046 -1.441985 -0.886267 4.447736 -1.531077 -3.928210
1776408804.688966 jaka_arm_right success 0.505635 -0.121204 -0.207731 0.120866 0.719102 0.682777 0.045812 -0.007577 -1.155270 -1.440628 -0.885345 4.448104 -1.533443 -3.932608
1776408804.697339 jaka_arm_right success 0.505176 -0.121843 -0.207802 0.121327 0.719071 0.682681 0.046514 -0.009110 -1.153488 -1.440926 -0.885585 4.448434 -1.533370 -3.933886
1776408804.713964 jaka_arm_right success 0.504313 -0.122849 -0.207860 0.121973 0.718158 0.683466 0.047388 -0.010367 -1.151385 -1.440190 -0.891245 4.449207 -1.533222 -3.940806
1776408804.722345 jaka_arm_right success 0.503860 -0.123288 -0.207813 0.122942 0.717477 0.684076 0.046398 -0.010829 -1.150506 -1.439383 -0.892461 4.449927 -1.534449 -3.939892
1776408804.730589 jaka_arm_right success 0.503845 -0.123865 -0.207796 0.121462 0.717773 0.683940 0.047698 -0.009907 -1.149263 -1.439871 -0.891289 4.448840 -1.535661 -3.942030
1776408804.738980 jaka_arm_right success 0.503638 -0.124430 -0.207691 0.121412 0.718286 0.683369 0.048280 -0.009711 -1.146200 -1.441435 -0.891734 4.447199 -1.537351 -3.943385
1776408804.747380 jaka_arm_right success 0.503172 -0.124852 -0.207532 0.122359 0.718014 0.683617 0.046403 -0.010545 -1.146699 -1.441142 -0.893361 4.447016 -1.538377 -3.941910
1776408804.755589 jaka_arm_right success 0.502838 -0.125292 -0.207396 0.122611 0.718038 0.683592 0.045720 -0.007776 -1.144477 -1.442936 -0.895071 4.444976 -1.540591 -3.938976
1776408804.764009 jaka_arm_right success 0.502476 -0.125739 -0.207313 0.122284 0.717930 0.683785 0.045392 -0.007776 -1.144477 -1.442936 -0.895071 4.444976 -1.540591 -3.938976
1776408804.772245 jaka_arm_right success 0.502123 -0.126168 -0.207177 0.121772 0.717283 0.684510 0.046071 -0.007191 -1.144350 -1.442139 -0.894736 4.445143 -1.541648 -3.939853
1776408804.780632 jaka_arm_right success 0.501757 -0.126732 -0.207094 0.120972 0.717272 0.684575 0.047363 -0.009183 -1.140269 -1.442702 -0.894184 4.443766 -1.544727 -3.945174
1776408804.789024 jaka_arm_right success 0.501051 -0.127147 -0.206943 0.121702 0.716471 0.685269 0.047584 -0.009594 -1.138590 -1.442083 -0.899461 4.444370 -1.544940 -3.949487
1776408804.805628 jaka_arm_right success 0.499782 -0.128129 -0.206616 0.120571 0.715815 0.685983 0.049995 -0.006085 -1.135929 -1.441391 -0.911899 4.444919 -1.543279 -3.962595
1776408804.813963 jaka_arm_right success 0.499085 -0.128592 -0.206496 0.120285 0.715435 0.686331 0.051329 -0.003779 -1.133116 -1.442273 -0.917499 4.444226 -1.542912 -3.968620
1776408804.822330 jaka_arm_right success 0.498406 -0.128986 -0.206288 0.120212 0.714632 0.687037 0.053195 -0.003555 -1.130199 -1.440897 -0.924995 4.445944 -1.542267 -3.977384
1776408804.830616 jaka_arm_right success 0.497563 -0.129433 -0.206082 0.120449 0.714389 0.687188 0.053972 -0.000987 -1.126444 -1.442121 -0.931115 4.444519 -1.543480 -3.982226
1776408804.838946 jaka_arm_right success 0.496950 -0.130221 -0.205944 0.119060 0.714861 0.686699 0.056949 0.002035 -1.125169 -1.442300 -0.940633 4.444960 -1.539378 -3.995368
1776408804.847315 jaka_arm_right success 0.496091 -0.130676 -0.205800 0.119372 0.714783 0.686576 0.058725 0.005726 -1.121217 -1.444018 -0.951048 4.444138 -1.537895 -4.003036
1776408804.855623 jaka_arm_right success 0.495265 -0.131281 -0.205583 0.119427 0.714026 0.687207 0.060419 0.006748 -1.118990 -1.442675 -0.958734 4.445933 -1.536390 -4.012234
1776408804.863988 jaka_arm_right success 0.494731 -0.131697 -0.205488 0.118484 0.713382 0.687765 0.063461 0.008909 -1.117039 -1.441753 -0.967689 4.447187 -1.533911 -4.024344
1776408804.872231 jaka_arm_right success 0.494053 -0.132438 -0.205350 0.118088 0.713366 0.687647 0.065614 0.011339 -1.112579 -1.443077 -0.974839 4.446114 -1.533878 -4.032928
1776408804.880580 jaka_arm_right success 0.493302 -0.133108 -0.205226 0.118392 0.712893 0.687898 0.067549 0.013158 -1.110282 -1.442786 -0.983628 4.447720 -1.531222 -4.040531
1776408804.897497 jaka_arm_right success 0.491831 -0.134329 -0.204999 0.118685 0.711876 0.688700 0.069561 0.015993 -1.105270 -1.442603 -0.998141 4.448272 -1.530259 -4.054292
1776408804.905582 jaka_arm_right success 0.490788 -0.135142 -0.204851 0.119918 0.711941 0.688468 0.069083 0.021148 -1.102193 -1.445329 -1.004808 4.446557 -1.529803 -4.054235
1776408804.913958 jaka_arm_right success 0.490266 -0.135843 -0.204806 0.118887 0.711702 0.688715 0.070831 0.019429 -1.099691 -1.445140 -1.004637 4.445631 -1.532042 -4.059846
1776408804.922328 jaka_arm_right success 0.489369 -0.136529 -0.204700 0.120123 0.710343 0.689761 0.072195 0.019412 -1.097125 -1.443858 -1.014334 4.447905 -1.530157 -4.068974
1776408804.930653 jaka_arm_right success 0.488672 -0.137345 -0.204733 0.119647 0.710483 0.689549 0.073631 0.022689 -1.092899 -1.445392 -1.021471 4.446280 -1.530806 -4.075880
1776408804.938893 jaka_arm_right success 0.487749 -0.138278 -0.204661 0.119007 0.710824 0.689296 0.073743 0.023536 -1.090554 -1.446845 -1.022210 4.444360 -1.532410 -4.077378
1776408804.947303 jaka_arm_right success 0.486795 -0.139013 -0.204655 0.120098 0.709624 0.690143 0.075580 0.024048 -1.088032 -1.445649 -1.034573 4.446896 -1.529124 -4.089398
1776408804.955592 jaka_arm_right success 0.485725 -0.139967 -0.204669 0.120387 0.709884 0.689742 0.076337 0.028212 -1.084316 -1.448329 -1.040000 4.444836 -1.529405 -4.091134
1776408804.963990 jaka_arm_right success 0.484663 -0.140837 -0.204732 0.120592 0.709287 0.690125 0.078079 0.027312 -1.081050 -1.447538 -1.047455 4.446003 -1.528568 -4.101821
1776408804.972257 jaka_arm_right success 0.483770 -0.141882 -0.204833 0.120159 0.709008 0.690085 0.081563 0.030076 -1.076723 -1.447613 -1.058881 4.446916 -1.526037 -4.116222
1776408804.988968 jaka_arm_right success 0.481175 -0.144079 -0.205106 0.120698 0.709346 0.689380 0.083755 0.037950 -1.068042 -1.452756 -1.078620 4.443365 -1.524097 -4.130850
1776408805.005589 jaka_arm_right success 0.478633 -0.146439 -0.205498 0.121796 0.709612 0.688555 0.086655 0.040048 -1.059676 -1.455107 -1.093966 4.443017 -1.522049 -4.147414
1776408805.014051 jaka_arm_right success 0.477404 -0.147582 -0.205814 0.121385 0.709152 0.688948 0.087864 0.040705 -1.056293 -1.456180 -1.097690 4.440979 -1.524191 -4.152262
1776408805.022304 jaka_arm_right success 0.476294 -0.148785 -0.206106 0.120710 0.709048 0.688914 0.089873 0.040071 -1.051990 -1.456588 -1.102485 4.440393 -1.524867 -4.161903
1776408805.030598 jaka_arm_right success 0.474803 -0.150244 -0.206446 0.120504 0.709557 0.688271 0.091058 0.044066 -1.047154 -1.460256 -1.111045 4.437248 -1.524586 -4.168563
1776408805.038929 jaka_arm_right success 0.473522 -0.151482 -0.206865 0.120049 0.709102 0.688422 0.094003 0.043128 -1.044430 -1.458556 -1.118849 4.439303 -1.522799 -4.182002
1776408805.047269 jaka_arm_right success 0.471730 -0.152857 -0.207262 0.121593 0.708722 0.688278 0.095921 0.045954 -1.037303 -1.461363 -1.133068 4.437891 -1.521958 -4.193620
1776408805.055608 jaka_arm_right success 0.470166 -0.154254 -0.207753 0.121765 0.709212 0.687304 0.099016 0.050159 -1.033034 -1.463250 -1.147097 4.438579 -1.516546 -4.208971
1776408805.063983 jaka_arm_right success 0.468589 -0.155749 -0.208365 0.122292 0.708509 0.687271 0.103531 0.049144 -1.026469 -1.462446 -1.158456 4.441275 -1.514372 -4.226178
1776408805.080629 jaka_arm_right success 0.465180 -0.158943 -0.209614 0.124231 0.708280 0.685876 0.111717 0.056711 -1.012123 -1.466624 -1.193178 4.443045 -1.505281 -4.263748
1776408805.097262 jaka_arm_right success 0.461289 -0.162057 -0.211009 0.128890 0.706745 0.685673 0.117268 0.058204 -0.999559 -1.467944 -1.221100 4.447701 -1.499355 -4.290897
1776408805.105555 jaka_arm_right success 0.459670 -0.163935 -0.211790 0.129120 0.706976 0.684762 0.120891 0.059934 -0.991727 -1.471233 -1.230843 4.445832 -1.498939 -4.303743
1776408805.113957 jaka_arm_right success 0.458138 -0.165903 -0.212600 0.129211 0.706618 0.684441 0.124645 0.058945 -0.985603 -1.470927 -1.238862 4.447324 -1.498220 -4.318339
1776408805.122382 jaka_arm_right success 0.456317 -0.167796 -0.213459 0.129946 0.706279 0.684578 0.125049 0.057272 -0.979557 -1.473354 -1.240571 4.443947 -1.502497 -4.321162
1776408805.130635 jaka_arm_right success 0.454496 -0.169795 -0.214458 0.130897 0.705496 0.684729 0.127623 0.054054 -0.972928 -1.473462 -1.247640 4.444520 -1.503597 -4.332916
1776408805.138924 jaka_arm_right success 0.452688 -0.171809 -0.215459 0.131563 0.704061 0.685480 0.130788 0.050003 -0.965912 -1.472479 -1.253426 4.445150 -1.506343 -4.345365
1776408805.147324 jaka_arm_right success 0.450638 -0.173857 -0.216541 0.132759 0.702755 0.686044 0.133616 0.045878 -0.958569 -1.472143 -1.260594 4.445582 -1.508643 -4.357911
1776408805.155585 jaka_arm_right success 0.448835 -0.176184 -0.217590 0.133213 0.702027 0.685899 0.137679 0.043686 -0.951416 -1.472041 -1.270560 4.446740 -1.508226 -4.375120
1776408805.164023 jaka_arm_right success 0.447088 -0.178379 -0.218714 0.133582 0.700856 0.686013 0.142626 0.039694 -0.943526 -1.471058 -1.278010 4.448120 -1.509587 -4.392099
1776408805.172255 jaka_arm_right success 0.445340 -0.180586 -0.219749 0.134100 0.700699 0.685319 0.146206 0.038861 -0.936441 -1.473006 -1.284493 4.447255 -1.509920 -4.403993
1776408805.188993 jaka_arm_right success 0.441280 -0.184954 -0.221878 0.140133 0.701202 0.681887 0.153972 0.043775 -0.920394 -1.478188 -1.320504 4.453003 -1.498343 -4.439848
1776408805.197305 jaka_arm_right success 0.439097 -0.187042 -0.223040 0.144216 0.700882 0.680084 0.159535 0.046329 -0.909516 -1.480948 -1.344386 4.457973 -1.490810 -4.464528
1776408805.205560 jaka_arm_right success 0.436934 -0.189130 -0.224245 0.148309 0.700408 0.677986 0.166637 0.047469 -0.899461 -1.481804 -1.366339 4.465396 -1.482887 -4.490449
1776408805.213960 jaka_arm_right success 0.434972 -0.191383 -0.225459 0.151177 0.700712 0.675093 0.174349 0.050288 -0.888776 -1.484155 -1.389556 4.471480 -1.474265 -4.519603
1776408805.222301 jaka_arm_right success 0.432898 -0.193439 -0.226559 0.154161 0.701844 0.672214 0.178263 0.059108 -0.878436 -1.491529 -1.411076 4.472253 -1.466872 -4.536833
1776408805.230584 jaka_arm_right success 0.431056 -0.195484 -0.227806 0.156249 0.702989 0.669522 0.182022 0.057969 -0.871835 -1.494446 -1.419161 4.474173 -1.463110 -4.550485
1776408805.238883 jaka_arm_right success 0.429209 -0.197774 -0.229001 0.158246 0.705082 0.666112 0.184695 0.066343 -0.862567 -1.503194 -1.435593 4.472888 -1.456631 -4.563977
1776408805.247282 jaka_arm_right success 0.427477 -0.199793 -0.230357 0.159120 0.706129 0.664428 0.186005 0.064830 -0.858755 -1.505543 -1.435960 4.472421 -1.456289 -4.567482
1776408805.255615 jaka_arm_right success 0.425785 -0.202136 -0.231747 0.158721 0.708522 0.661714 0.186920 0.065292 -0.853832 -1.511138 -1.436341 4.468158 -1.455871 -4.572421
1776408805.263981 jaka_arm_right success 0.424386 -0.204514 -0.233230 0.158588 0.710015 0.659388 0.189566 0.065694 -0.847575 -1.515425 -1.440044 4.466330 -1.454589 -4.582095
1776408805.280636 jaka_arm_right success 0.420675 -0.208906 -0.236513 0.163708 0.712849 0.654482 0.191573 0.070869 -0.836607 -1.526160 -1.458534 4.466508 -1.445815 -4.597179
1776408805.289106 jaka_arm_right success 0.418637 -0.211064 -0.238389 0.170484 0.713087 0.651118 0.196181 0.069770 -0.827576 -1.527262 -1.480540 4.477161 -1.436436 -4.619032
1776408805.297347 jaka_arm_right success 0.416444 -0.212996 -0.240257 0.179249 0.712329 0.647506 0.202962 0.071898 -0.816555 -1.528364 -1.511119 4.492545 -1.423276 -4.647881
1776408805.305573 jaka_arm_right success 0.414170 -0.214865 -0.242189 0.189587 0.711251 0.642657 0.212531 0.077832 -0.800311 -1.531776 -1.553733 4.510710 -1.406812 -4.688769
1776408805.313963 jaka_arm_right success 0.411793 -0.216417 -0.244180 0.198946 0.710442 0.638549 0.218972 0.073649 -0.790738 -1.529578 -1.579548 4.529455 -1.395964 -4.718187
1776408805.322299 jaka_arm_right success 0.409640 -0.218198 -0.246235 0.206779 0.710086 0.634027 0.225898 0.071788 -0.780153 -1.529037 -1.607411 4.546253 -1.386105 -4.749934
1776408805.330586 jaka_arm_right success 0.407696 -0.220016 -0.248348 0.214358 0.708850 0.630045 0.233723 0.066622 -0.769246 -1.526352 -1.633118 4.564069 -1.378790 -4.784149
1776408805.338955 jaka_arm_right success 0.405651 -0.221597 -0.250537 0.220620 0.707872 0.627743 0.237029 0.061549 -0.759635 -1.527141 -1.644910 4.571114 -1.378308 -4.797963
1776408805.347271 jaka_arm_right success 0.403805 -0.223594 -0.252851 0.224506 0.707580 0.625266 0.240772 0.054402 -0.751896 -1.526659 -1.654784 4.577082 -1.378159 -4.815821
1776408805.355568 jaka_arm_right success 0.401922 -0.225735 -0.255252 0.226735 0.707521 0.623931 0.242314 0.049654 -0.745893 -1.528129 -1.656797 4.578329 -1.379593 -4.821791
1776408805.363941 jaka_arm_right success 0.400267 -0.227640 -0.257619 0.227142 0.707076 0.624170 0.242617 0.042687 -0.741356 -1.528201 -1.656180 4.574754 -1.384816 -4.826538
1776408805.372244 jaka_arm_right success 0.398565 -0.229644 -0.259989 0.228053 0.706574 0.623891 0.243938 0.032036 -0.736901 -1.526317 -1.653372 4.573535 -1.390447 -4.832112
1776408805.380603 jaka_arm_right success 0.396831 -0.231845 -0.262508 0.229083 0.706044 0.623450 0.245628 0.021068 -0.731081 -1.524957 -1.649845 4.571983 -1.396762 -4.837976
1776408805.388875 jaka_arm_right success 0.394847 -0.233888 -0.264869 0.232962 0.704836 0.622576 0.247658 0.008454 -0.725757 -1.521132 -1.649632 4.575829 -1.401562 -4.845058
1776408805.405578 jaka_arm_right success 0.391319 -0.237652 -0.269598 0.238260 0.702962 0.621388 0.250905 -0.015343 -0.718032 -1.513435 -1.648275 4.582029 -1.410284 -4.858943
1776408805.413970 jaka_arm_right success 0.389624 -0.239408 -0.272018 0.240755 0.700985 0.621859 0.252880 -0.033329 -0.713768 -1.506278 -1.644646 4.584373 -1.419346 -4.866093
1776408805.422253 jaka_arm_right success 0.387865 -0.241327 -0.274325 0.243205 0.700032 0.620877 0.255574 -0.041514 -0.706323 -1.505923 -1.644064 4.584364 -1.424873 -4.872116
1776408805.430609 jaka_arm_right success 0.386183 -0.242921 -0.276535 0.247149 0.698220 0.620495 0.257667 -0.056693 -0.702275 -1.499671 -1.645708 4.589434 -1.430789 -4.881613
1776408805.438936 jaka_arm_right success 0.384565 -0.244723 -0.278689 0.250077 0.697063 0.619526 0.260291 -0.068575 -0.697233 -1.495693 -1.646398 4.593166 -1.436012 -4.889924
1776408805.447261 jaka_arm_right success 0.382668 -0.246245 -0.280866 0.254611 0.694978 0.618889 0.262974 -0.083720 -0.692815 -1.489116 -1.649661 4.599571 -1.441809 -4.901019
1776408805.455543 jaka_arm_right success 0.381143 -0.247767 -0.283246 0.257083 0.691905 0.619715 0.266702 -0.103467 -0.690179 -1.478636 -1.647863 4.605016 -1.451735 -4.912269
1776408805.463924 jaka_arm_right success 0.379556 -0.249327 -0.285522 0.258055 0.690318 0.620049 0.269086 -0.119131 -0.687190 -1.471985 -1.642825 4.606283 -1.461070 -4.918380
1776408805.472233 jaka_arm_right success 0.377959 -0.250971 -0.287728 0.260633 0.688267 0.620081 0.271770 -0.137585 -0.685002 -1.463574 -1.638818 4.610765 -1.470009 -4.925612
1776408805.480589 jaka_arm_right success 0.376476 -0.252530 -0.289983 0.262032 0.686162 0.620736 0.274241 -0.154154 -0.682463 -1.456237 -1.632920 4.612067 -1.480383 -4.930677
1776408805.497410 jaka_arm_right success 0.373555 -0.255517 -0.294285 0.264816 0.683278 0.620517 0.279218 -0.186767 -0.680486 -1.441881 -1.623628 4.618349 -1.496286 -4.944449
1776408805.505604 jaka_arm_right success 0.372326 -0.256711 -0.296508 0.264577 0.681054 0.621712 0.282204 -0.204893 -0.678169 -1.433711 -1.613992 4.618135 -1.509461 -4.948187
1776408805.513898 jaka_arm_right success 0.370832 -0.258079 -0.298542 0.265595 0.680150 0.621330 0.284260 -0.217199 -0.675968 -1.430166 -1.609115 4.618194 -1.516472 -4.952758
1776408805.522316 jaka_arm_right success 0.369374 -0.259333 -0.300584 0.267260 0.678567 0.620551 0.288158 -0.234878 -0.674545 -1.421499 -1.606449 4.623704 -1.525328 -4.964168
1776408805.530632 jaka_arm_right success 0.367818 -0.260468 -0.302559 0.270390 0.676689 0.619557 0.291771 -0.250018 -0.673215 -1.413370 -1.606877 4.631578 -1.531892 -4.974027
1776408805.538918 jaka_arm_right success 0.366321 -0.261420 -0.304459 0.273362 0.674840 0.618194 0.296143 -0.265509 -0.671112 -1.405516 -1.608588 4.638843 -1.539220 -4.986896
1776408805.547347 jaka_arm_right success 0.364922 -0.262507 -0.306342 0.275177 0.673549 0.616439 0.301018 -0.280724 -0.670179 -1.397557 -1.609663 4.646087 -1.545954 -5.001984
1776408805.555600 jaka_arm_right success 0.363502 -0.263505 -0.308134 0.277342 0.672217 0.614555 0.305822 -0.295746 -0.669119 -1.389669 -1.611897 4.653892 -1.552604 -5.016889
1776408805.563927 jaka_arm_right success 0.362008 -0.264400 -0.309826 0.279830 0.671280 0.612858 0.309003 -0.305888 -0.668066 -1.384650 -1.614040 4.659582 -1.556945 -5.025940
1776408805.572236 jaka_arm_right success 0.360767 -0.265471 -0.311519 0.281909 0.670563 0.610033 0.314218 -0.320724 -0.667113 -1.377387 -1.617546 4.668354 -1.562501 -5.044042
1776408805.588912 jaka_arm_right success 0.358456 -0.267308 -0.314695 0.285364 0.668914 0.607246 0.319959 -0.341068 -0.664734 -1.365824 -1.621489 4.676657 -1.570796 -5.062308
1776408805.597385 jaka_arm_right success 0.357484 -0.268345 -0.316244 0.284343 0.668590 0.607151 0.321720 -0.356489 -0.660849 -1.351211 -1.615715 4.672453 -1.570796 -5.068597
1776408805.605526 jaka_arm_right success 0.356295 -0.269381 -0.317779 0.284143 0.668717 0.606863 0.322177 -0.365237 -0.656570 -1.344351 -1.606786 4.667418 -1.570796 -5.064843
1776408805.622330 jaka_arm_right success 0.354225 -0.271458 -0.321013 0.283105 0.665675 0.607192 0.328703 -0.402059 -0.648361 -1.303283 -1.592528 4.660438 -1.569656 -5.076597
1776408805.630569 jaka_arm_right success 0.353143 -0.272363 -0.322596 0.282433 0.663518 0.607820 0.332461 -0.426856 -0.642747 -1.278314 -1.576516 4.652865 -1.570796 -5.077336
1776408805.638937 jaka_arm_right success 0.351984 -0.273120 -0.324016 0.283298 0.661895 0.607635 0.335285 -0.441163 -0.636866 -1.261748 -1.578100 4.649671 -1.570766 -5.086271
1776408805.647334 jaka_arm_right success 0.350919 -0.273891 -0.325314 0.285724 0.659970 0.606730 0.338644 -0.456853 -0.634934 -1.244995 -1.578917 4.653162 -1.570796 -5.095469
1776408805.655576 jaka_arm_right success 0.349945 -0.274483 -0.326579 0.288281 0.658269 0.606124 0.340866 -0.472957 -0.629607 -1.228596 -1.578220 4.651305 -1.570796 -5.100602
1776408805.663954 jaka_arm_right success 0.349004 -0.275241 -0.327831 0.289748 0.657101 0.605453 0.343062 -0.486170 -0.628398 -1.215306 -1.575002 4.652594 -1.570796 -5.104709
1776408805.672358 jaka_arm_right success 0.348200 -0.276004 -0.329151 0.290425 0.655696 0.604848 0.346228 -0.501683 -0.623368 -1.198536 -1.572480 4.649487 -1.570796 -5.111250
1776408805.680552 jaka_arm_right success 0.347086 -0.276687 -0.330436 0.292358 0.653672 0.604990 0.348178 -0.520277 -0.620794 -1.178968 -1.567920 4.647834 -1.570796 -5.114042
1776408805.688893 jaka_arm_right success 0.346119 -0.277424 -0.331696 0.292703 0.652006 0.605534 0.350058 -0.536940 -0.614353 -1.160165 -1.559639 4.639858 -1.570541 -5.112092
1776408805.697358 jaka_arm_right success 0.345233 -0.278285 -0.332952 0.292437 0.650723 0.605602 0.352542 -0.550651 -0.616614 -1.145544 -1.553105 4.640740 -1.570796 -5.116739
1776408805.713949 jaka_arm_right success 0.343538 -0.279846 -0.335379 0.293968 0.645930 0.606190 0.359015 -0.597525 -0.608259 -1.092355 -1.536397 4.630479 -1.570796 -5.120840
1776408805.722301 jaka_arm_right success 0.342402 -0.280598 -0.336511 0.296675 0.644226 0.605828 0.360457 -0.605469 -0.604883 -1.083781 -1.537141 4.629950 -1.570796 -5.122072
1776408805.730570 jaka_arm_right success 0.341565 -0.281299 -0.337575 0.298448 0.642318 0.605814 0.362415 -0.624587 -0.603218 -1.063088 -1.534901 4.628178 -1.570796 -5.127000
1776408805.738972 jaka_arm_right success 0.340498 -0.282030 -0.338585 0.301329 0.640618 0.605273 0.363942 -0.641027 -0.599851 -1.045712 -1.533365 4.627098 -1.570796 -5.128698
1776408805.747268 jaka_arm_right success 0.339683 -0.282662 -0.339640 0.304401 0.637238 0.605218 0.367396 -0.659932 -0.599234 -1.023294 -1.532783 4.628798 -1.570796 -5.134909
1776408805.755553 jaka_arm_right success 0.338704 -0.283395 -0.340667 0.308201 0.634758 0.604268 0.370073 -0.677415 -0.596608 -1.005055 -1.534127 4.630078 -1.570796 -5.140688
1776408805.763987 jaka_arm_right success 0.337831 -0.284183 -0.341691 0.310376 0.632653 0.604236 0.371907 -0.696973 -0.592026 -0.983385 -1.529402 4.625086 -1.570725 -5.140114
1776408805.772234 jaka_arm_right success 0.336846 -0.284936 -0.342727 0.314134 0.629490 0.604046 0.374421 -0.716096 -0.591650 -0.960901 -1.527543 4.626731 -1.570796 -5.142498
1776408805.780601 jaka_arm_right success 0.335770 -0.285702 -0.343752 0.317560 0.627038 0.604074 0.375598 -0.732582 -0.590131 -0.943975 -1.526767 4.626139 -1.570796 -5.143966
1776408805.788991 jaka_arm_right success 0.334856 -0.286600 -0.344870 0.319579 0.624671 0.604390 0.377317 -0.754309 -0.586615 -0.919827 -1.519931 4.620331 -1.570796 -5.141728
1776408805.805604 jaka_arm_right success 0.333029 -0.288261 -0.347062 0.325232 0.618473 0.605349 0.381141 -0.795612 -0.586041 -0.873258 -1.504882 4.615928 -1.570796 -5.135763
1776408805.813920 jaka_arm_right success 0.331859 -0.288888 -0.348331 0.329248 0.615171 0.606377 0.381402 -0.811846 -0.585441 -0.854141 -1.507503 4.614300 -1.570796 -5.136958
1776408805.822260 jaka_arm_right success 0.331002 -0.289637 -0.349588 0.331335 0.612034 0.607399 0.383012 -0.835175 -0.585079 -0.827439 -1.498491 4.609541 -1.570796 -5.133012
1776408805.830559 jaka_arm_right success 0.329985 -0.290318 -0.350813 0.334863 0.608141 0.608822 0.383884 -0.861073 -0.585423 -0.798590 -1.485030 4.603887 -1.570796 -5.122326
1776408805.838964 jaka_arm_right success 0.329064 -0.291060 -0.352127 0.337873 0.605444 0.609402 0.384589 -0.875635 -0.586591 -0.781549 -1.485735 4.603697 -1.570796 -5.124366
1776408805.847256 jaka_arm_right success 0.328087 -0.291666 -0.353479 0.340756 0.602927 0.610182 0.384762 -0.896335 -0.586219 -0.759827 -1.473640 4.598477 -1.570796 -5.113553
1776408805.855592 jaka_arm_right success 0.327246 -0.292381 -0.354774 0.342746 0.600949 0.611369 0.384205 -0.906305 -0.584111 -0.747866 -1.471103 4.594981 -1.570796 -5.107389
1776408805.864066 jaka_arm_right success 0.326340 -0.292808 -0.356071 0.346465 0.598286 0.612421 0.383349 -0.923180 -0.589117 -0.730453 -1.464957 4.595283 -1.570796 -5.102884
1776408805.872245 jaka_arm_right success 0.325672 -0.293575 -0.357347 0.347488 0.597397 0.613104 0.382717 -0.930343 -0.586322 -0.721854 -1.457207 4.590051 -1.570796 -5.092402
1776408805.880578 jaka_arm_right success 0.324812 -0.293959 -0.358611 0.350983 0.595027 0.613977 0.381819 -0.947662 -0.589436 -0.705940 -1.449610 4.588108 -1.570796 -5.085530
1776408805.897436 jaka_arm_right success 0.323356 -0.294925 -0.361020 0.354425 0.593197 0.615400 0.379187 -0.963241 -0.590743 -0.691545 -1.438718 4.583736 -1.570796 -5.071415
1776408805.905566 jaka_arm_right success 0.322421 -0.295115 -0.362243 0.357577 0.592041 0.615552 0.377786 -0.964831 -0.591106 -0.690392 -1.441566 4.586664 -1.570796 -5.068552
1776408805.913918 jaka_arm_right success 0.321906 -0.295270 -0.363347 0.359190 0.590598 0.615815 0.378085 -0.977599 -0.594410 -0.678167 -1.438338 4.585668 -1.570796 -5.069700
1776408805.922260 jaka_arm_right success 0.321085 -0.295459 -0.364410 0.361475 0.590015 0.615421 0.377459 -0.979552 -0.593670 -0.677309 -1.439651 4.588064 -1.570796 -5.067618
1776408805.930617 jaka_arm_right success 0.320472 -0.295341 -0.365575 0.364161 0.588349 0.614939 0.378262 -0.992433 -0.597513 -0.664989 -1.438548 4.590474 -1.570796 -5.070515
1776408805.938916 jaka_arm_right success 0.319570 -0.295366 -0.366566 0.366742 0.588162 0.613902 0.377743 -0.994633 -0.596590 -0.665123 -1.439547 4.592838 -1.570757 -5.069289
1776408805.947274 jaka_arm_right success 0.319197 -0.295388 -0.367539 0.368350 0.587293 0.612387 0.379983 -1.004966 -0.599538 -0.655043 -1.440538 4.596338 -1.570796 -5.077093
1776408805.955641 jaka_arm_right success 0.318392 -0.295013 -0.368410 0.371035 0.587320 0.611957 0.378017 -1.007266 -0.599581 -0.655352 -1.442749 4.598773 -1.570681 -5.074677
1776408805.963983 jaka_arm_right success 0.317992 -0.295046 -0.369225 0.372078 0.587401 0.610787 0.378757 -1.008251 -0.598619 -0.655348 -1.442639 4.600454 -1.570639 -5.074867
1776408805.972331 jaka_arm_right success 0.317198 -0.294638 -0.370105 0.374816 0.587363 0.610468 0.376626 -1.010861 -0.599311 -0.656311 -1.444567 4.602217 -1.569789 -5.073138
1776408805.988958 jaka_arm_right success 0.316405 -0.294752 -0.371766 0.375212 0.589206 0.608759 0.376119 -1.012725 -0.598921 -0.657963 -1.443818 4.602913 -1.567934 -5.074146
1776408806.005569 jaka_arm_right success 0.316007 -0.294605 -0.372492 0.376386 0.589672 0.607893 0.375616 -1.014014 -0.599367 -0.658127 -1.444147 4.604563 -1.567259 -5.074693
1776408806.013970 jaka_arm_right success 0.315732 -0.294501 -0.373075 0.377976 0.590389 0.606892 0.374508 -1.015526 -0.599727 -0.658709 -1.445026 4.606468 -1.565884 -5.074653
1776408806.022292 jaka_arm_right success 0.315387 -0.294282 -0.374182 0.382384 0.591534 0.604447 0.372174 -1.013997 -0.599342 -0.659217 -1.455709 4.613980 -1.556717 -5.079507
1776408806.030580 jaka_arm_right success 0.315324 -0.294163 -0.374770 0.384087 0.593026 0.603500 0.369574 -1.010633 -0.595953 -0.661581 -1.460094 4.614530 -1.550071 -5.076892
1776408806.038991 jaka_arm_right success 0.315257 -0.294106 -0.375308 0.385864 0.593731 0.602971 0.367449 -1.008907 -0.594625 -0.663107 -1.463825 4.614896 -1.545869 -5.074930
1776408806.047292 jaka_arm_right success 0.315182 -0.294039 -0.376002 0.386499 0.594746 0.602875 0.365291 -1.007034 -0.592610 -0.665064 -1.465638 4.614271 -1.541890 -5.072187
1776408806.063984 jaka_arm_right success 0.314799 -0.293853 -0.377506 0.388481 0.595650 0.601687 0.363671 -1.009101 -0.592124 -0.666180 -1.466563 4.616334 -1.540439 -5.071070
1776408806.080621 jaka_arm_right success 0.314257 -0.293569 -0.379222 0.389816 0.596512 0.599369 0.364656 -1.010014 -0.595645 -0.664870 -1.466674 4.622566 -1.536746 -5.076069
1776408806.088906 jaka_arm_right success 0.314033 -0.293281 -0.380163 0.391412 0.595904 0.597906 0.366338 -1.014434 -0.599538 -0.662311 -1.468541 4.628879 -1.538583 -5.083332
1776408806.097328 jaka_arm_right success 0.313702 -0.293117 -0.381045 0.392718 0.596924 0.595984 0.366411 -1.016084 -0.599562 -0.662409 -1.470936 4.632411 -1.536808 -5.087318
1776408806.105549 jaka_arm_right success 0.313599 -0.292994 -0.381968 0.393465 0.597406 0.594415 0.367372 -1.017123 -0.600525 -0.661826 -1.471667 4.635360 -1.535775 -5.091911
1776408806.113974 jaka_arm_right success 0.313411 -0.292831 -0.382912 0.395522 0.597760 0.592697 0.367362 -1.018871 -0.602945 -0.660720 -1.475740 4.641142 -1.533484 -5.097000
1776408806.122325 jaka_arm_right success 0.313407 -0.292967 -0.383792 0.396179 0.598962 0.590968 0.367483 -1.019438 -0.601557 -0.661451 -1.477046 4.643259 -1.531385 -5.099191
1776408806.130625 jaka_arm_right success 0.313276 -0.292942 -0.384659 0.397983 0.600023 0.589965 0.365408 -1.016944 -0.600104 -0.662739 -1.481103 4.645526 -1.525311 -5.098475
1776408806.138905 jaka_arm_right success 0.313280 -0.293096 -0.385543 0.399603 0.600530 0.588879 0.364559 -1.018506 -0.599270 -0.663260 -1.481944 4.647696 -1.524537 -5.097617
1776408806.147328 jaka_arm_right success 0.313180 -0.293228 -0.386429 0.401666 0.601122 0.588369 0.362129 -1.016344 -0.598955 -0.664803 -1.484643 4.648876 -1.518822 -5.095081
1776408806.155599 jaka_arm_right success 0.313190 -0.293439 -0.387311 0.402913 0.601682 0.588545 0.359520 -1.015746 -0.598430 -0.666011 -1.486328 4.648617 -1.516585 -5.091815
1776408806.172469 jaka_arm_right success 0.313287 -0.294167 -0.389049 0.406078 0.602459 0.588247 0.355117 -1.009234 -0.594031 -0.669394 -1.487357 4.648838 -1.506284 -5.078869
1776408806.180611 jaka_arm_right success 0.313437 -0.294586 -0.389805 0.407226 0.603662 0.587936 0.352266 -1.006107 -0.591194 -0.671911 -1.487357 4.647768 -1.500975 -5.071339
1776408806.188889 jaka_arm_right success 0.313578 -0.294972 -0.390416 0.410493 0.603887 0.586650 0.350225 -1.007641 -0.590440 -0.672653 -1.488995 4.651091 -1.498917 -5.068800
1776408806.197343 jaka_arm_right success 0.313556 -0.295334 -0.390936 0.413418 0.605171 0.585800 0.345965 -0.998264 -0.583665 -0.676121 -1.496270 4.651478 -1.486114 -5.060216
1776408806.205594 jaka_arm_right success 0.313909 -0.295766 -0.391413 0.415368 0.606052 0.585225 0.343048 -0.994887 -0.582131 -0.678122 -1.497485 4.651565 -1.479844 -5.054877
1776408806.213977 jaka_arm_right success 0.314004 -0.295962 -0.391888 0.418807 0.606228 0.584837 0.339196 -0.993572 -0.579873 -0.679846 -1.500977 4.653879 -1.474801 -5.048014
1776408806.222224 jaka_arm_right success 0.314109 -0.296378 -0.392258 0.421306 0.606918 0.584050 0.336210 -0.986070 -0.574923 -0.682545 -1.504434 4.653801 -1.464849 -5.039253
1776408806.230642 jaka_arm_right success 0.314254 -0.296834 -0.392609 0.422925 0.607952 0.583757 0.332802 -0.981962 -0.570557 -0.685572 -1.507147 4.652050 -1.458621 -5.032408
1776408806.238919 jaka_arm_right success 0.314296 -0.297137 -0.392948 0.425046 0.607594 0.583827 0.330624 -0.982684 -0.570698 -0.686062 -1.509269 4.653270 -1.457571 -5.029476
1776408806.247317 jaka_arm_right success 0.314299 -0.297532 -0.393340 0.425813 0.608154 0.583846 0.328567 -0.977790 -0.567086 -0.688395 -1.510066 4.651353 -1.451669 -5.022197
1776408806.263960 jaka_arm_right success 0.314012 -0.298066 -0.394009 0.428184 0.607781 0.584391 0.325189 -0.974776 -0.563642 -0.690242 -1.511079 4.649789 -1.448394 -5.012303
1776408806.272250 jaka_arm_right success 0.313668 -0.298070 -0.394366 0.430106 0.606490 0.584837 0.324259 -0.976024 -0.563915 -0.690046 -1.512719 4.651596 -1.448649 -5.010100
1776408806.280568 jaka_arm_right success 0.313250 -0.298044 -0.394628 0.431507 0.605686 0.585548 0.322614 -0.976582 -0.564940 -0.689680 -1.514490 4.652109 -1.449190 -5.007942
1776408806.288888 jaka_arm_right success 0.313075 -0.298323 -0.394904 0.431706 0.605107 0.585367 0.323760 -0.979010 -0.565011 -0.689395 -1.511643 4.652339 -1.452074 -5.007020
1776408806.297301 jaka_arm_right success 0.312825 -0.298419 -0.395106 0.432125 0.604604 0.585705 0.323530 -0.979694 -0.565640 -0.689218 -1.511216 4.652427 -1.452826 -5.005985
1776408806.305539 jaka_arm_right success 0.312608 -0.298609 -0.395360 0.431710 0.604190 0.586137 0.324075 -0.983489 -0.567041 -0.688570 -1.506661 4.651643 -1.458020 -5.004714
1776408806.313945 jaka_arm_right success 0.312253 -0.298742 -0.395476 0.432218 0.604271 0.585921 0.323636 -0.983932 -0.567184 -0.688923 -1.506880 4.651732 -1.457681 -5.004431
1776408806.322299 jaka_arm_right success 0.311817 -0.298778 -0.395545 0.433026 0.604070 0.585921 0.322931 -0.984515 -0.567447 -0.689257 -1.507392 4.651957 -1.457380 -5.003840
1776408806.330626 jaka_arm_right success 0.311555 -0.298915 -0.395586 0.432813 0.604039 0.586131 0.322893 -0.984515 -0.567447 -0.689257 -1.507392 4.651957 -1.457380 -5.003840
1776408806.338988 jaka_arm_right success 0.311276 -0.299145 -0.395599 0.432295 0.604427 0.586341 0.322480 -0.984933 -0.566593 -0.690137 -1.506517 4.650088 -1.458094 -5.001744
1776408806.355560 jaka_arm_right success 0.310558 -0.299343 -0.395431 0.432921 0.603843 0.586835 0.321836 -0.985857 -0.565740 -0.690620 -1.506345 4.648555 -1.459848 -4.999212
1776408806.364002 jaka_arm_right success 0.310223 -0.299452 -0.395295 0.433518 0.603381 0.586991 0.321612 -0.986152 -0.565909 -0.690550 -1.506872 4.648887 -1.459986 -4.998576
1776408806.372271 jaka_arm_right success 0.309973 -0.299766 -0.395132 0.432989 0.603280 0.586967 0.322558 -0.985918 -0.565095 -0.690086 -1.506283 4.649191 -1.460737 -4.998915
1776408806.380656 jaka_arm_right success 0.309751 -0.299909 -0.394998 0.432679 0.602747 0.587439 0.323109 -0.989467 -0.564126 -0.690272 -1.504793 4.646826 -1.466345 -4.998244
1776408806.388885 jaka_arm_right success 0.309350 -0.299967 -0.394792 0.433005 0.602145 0.587819 0.323105 -0.989408 -0.564453 -0.690030 -1.505153 4.646826 -1.466627 -4.997881
1776408806.397326 jaka_arm_right success 0.309132 -0.300281 -0.394605 0.431792 0.602008 0.588203 0.324283 -0.993315 -0.565066 -0.689595 -1.501777 4.645146 -1.472475 -4.998648
1776408806.405535 jaka_arm_right success 0.308670 -0.300476 -0.394285 0.431784 0.601609 0.588612 0.324291 -0.993187 -0.565322 -0.689426 -1.501953 4.645001 -1.472680 -4.998473
1776408806.413999 jaka_arm_right success 0.308220 -0.300543 -0.394053 0.432277 0.600420 0.588916 0.325285 -0.995554 -0.565493 -0.688354 -1.501592 4.645769 -1.476484 -4.998477
1776408806.422313 jaka_arm_right success 0.307911 -0.300948 -0.393782 0.430966 0.600691 0.588975 0.326416 -0.997816 -0.565738 -0.688394 -1.499311 4.643741 -1.480114 -5.000181
1776408806.430552 jaka_arm_right success 0.307485 -0.301218 -0.393487 0.431213 0.599548 0.589112 0.327939 -0.999710 -0.566240 -0.687023 -1.498685 4.644842 -1.483521 -5.001432
1776408806.438963 jaka_arm_right success 0.307019 -0.301451 -0.393148 0.430995 0.598793 0.589623 0.328687 -1.002353 -0.566731 -0.686314 -1.498163 4.644465 -1.487612 -5.002450
1776408806.447319 jaka_arm_right success 0.306779 -0.301890 -0.392817 0.429454 0.597875 0.590679 0.330475 -1.008199 -0.568378 -0.685328 -1.494632 4.642660 -1.496083 -5.004381
1776408806.455588 jaka_arm_right success 0.306221 -0.302193 -0.392481 0.429107 0.597367 0.591242 0.330838 -1.007711 -0.568505 -0.684869 -1.494589 4.642458 -1.496567 -5.004441
1776408806.463947 jaka_arm_right success 0.305807 -0.302597 -0.392130 0.427565 0.596692 0.592802 0.331260 -1.012724 -0.569995 -0.684840 -1.486427 4.637705 -1.505193 -5.000107
1776408806.480542 jaka_arm_right success 0.304962 -0.303411 -0.391415 0.425964 0.594939 0.594380 0.333638 -1.018258 -0.571776 -0.683086 -1.480493 4.635354 -1.515360 -4.999981
1776408806.488903 jaka_arm_right success 0.304552 -0.303649 -0.391081 0.425416 0.593407 0.595485 0.335092 -1.022251 -0.573902 -0.681614 -1.477479 4.634748 -1.521854 -4.999785
1776408806.497291 jaka_arm_right success 0.304144 -0.304124 -0.390643 0.424129 0.592911 0.596323 0.336111 -1.024570 -0.574055 -0.681217 -1.473627 4.632391 -1.526911 -4.998847
1776408806.505572 jaka_arm_right success 0.303546 -0.304378 -0.390298 0.423954 0.591685 0.597282 0.336789 -1.027472 -0.575335 -0.680306 -1.471182 4.631817 -1.531608 -4.997956
1776408806.513952 jaka_arm_right success 0.303170 -0.304790 -0.389914 0.423123 0.590503 0.597850 0.338892 -1.031820 -0.577467 -0.678612 -1.467858 4.631615 -1.538408 -4.999804
1776408806.522232 jaka_arm_right success 0.302757 -0.305055 -0.389572 0.422125 0.589167 0.599148 0.340169 -1.035355 -0.579099 -0.677315 -1.464232 4.630292 -1.544923 -4.999325
1776408806.530600 jaka_arm_right success 0.302264 -0.305497 -0.389212 0.420754 0.588954 0.599473 0.341660 -1.038575 -0.580117 -0.676600 -1.459700 4.629061 -1.550092 -5.000180
1776408806.538887 jaka_arm_right success 0.301956 -0.305661 -0.388826 0.420507 0.587041 0.600294 0.343808 -1.042998 -0.583596 -0.673920 -1.456974 4.630692 -1.556742 -5.002209
1776408806.547270 jaka_arm_right success 0.301478 -0.306263 -0.388460 0.418813 0.587437 0.600398 0.345015 -1.041950 -0.583207 -0.674054 -1.455114 4.628900 -1.556956 -5.003918
1776408806.555622 jaka_arm_right success 0.301046 -0.306367 -0.388112 0.418572 0.586218 0.601128 0.346108 -1.046996 -0.583119 -0.673165 -1.453193 4.627683 -1.564855 -5.003690
1776408806.572270 jaka_arm_right success 0.300284 -0.307159 -0.387347 0.415407 0.586471 0.602268 0.347509 -1.048995 -0.582926 -0.673530 -1.447044 4.622603 -1.570534 -5.003308
1776408806.580574 jaka_arm_right success 0.299917 -0.307341 -0.386985 0.414686 0.586040 0.602767 0.348230 -1.049033 -0.583276 -0.671685 -1.445780 4.621783 -1.570796 -5.003046
1776408806.588927 jaka_arm_right success 0.299551 -0.307650 -0.386657 0.413113 0.585826 0.603057 0.349955 -1.057331 -0.582877 -0.661050 -1.442454 4.616960 -1.570796 -5.004509
1776408806.597267 jaka_arm_right success 0.299145 -0.307878 -0.386338 0.412209 0.585337 0.603447 0.351164 -1.064540 -0.580707 -0.651644 -1.439784 4.611529 -1.570796 -5.004236
1776408806.605552 jaka_arm_right success 0.298731 -0.308016 -0.385985 0.411950 0.584663 0.603346 0.352759 -1.071316 -0.582266 -0.642892 -1.438591 4.610610 -1.570796 -5.008825
1776408806.613988 jaka_arm_right success 0.298367 -0.308161 -0.385756 0.410784 0.584258 0.603624 0.354312 -1.074276 -0.580353 -0.637591 -1.437905 4.607282 -1.570796 -5.009292
1776408806.622273 jaka_arm_right success 0.297896 -0.308272 -0.385495 0.410967 0.584097 0.602948 0.355514 -1.080900 -0.581500 -0.630787 -1.438466 4.606739 -1.570796 -5.015110
1776408806.630617 jaka_arm_right success 0.297651 -0.308307 -0.385310 0.410248 0.583057 0.603493 0.357124 -1.092095 -0.577863 -0.616670 -1.437885 4.599252 -1.570796 -5.016019
1776408806.638926 jaka_arm_right success 0.297398 -0.308414 -0.385093 0.409923 0.582700 0.603213 0.358548 -1.091979 -0.578410 -0.614787 -1.436992 4.600095 -1.570796 -5.017327
1776408806.647233 jaka_arm_right success 0.297049 -0.308700 -0.384849 0.408708 0.583986 0.602977 0.358241 -1.091742 -0.578610 -0.615829 -1.435751 4.597766 -1.570245 -5.018494
1776408806.664002 jaka_arm_right success 0.296593 -0.308855 -0.384573 0.407473 0.584249 0.603632 0.358116 -1.092682 -0.575894 -0.614850 -1.434906 4.594202 -1.570796 -5.016786
1776408806.672258 jaka_arm_right success 0.296415 -0.308959 -0.384520 0.406378 0.584582 0.604106 0.358017 -1.092364 -0.575978 -0.614932 -1.434107 4.592765 -1.570796 -5.017267
1776408806.680599 jaka_arm_right success 0.296320 -0.308977 -0.384467 0.405673 0.584397 0.604529 0.358405 -1.100149 -0.576469 -0.605662 -1.425915 4.587364 -1.570796 -5.012329
1776408806.688895 jaka_arm_right success 0.296226 -0.309072 -0.384445 0.404603 0.584724 0.604835 0.358567 -1.099469 -0.576399 -0.605511 -1.425259 4.586519 -1.570796 -5.013023
1776408806.697403 jaka_arm_right success 0.296124 -0.309090 -0.384406 0.404060 0.584843 0.605028 0.358657 -1.099415 -0.576659 -0.605983 -1.424811 4.585114 -1.570760 -5.013383
1776408806.705532 jaka_arm_right success 0.296057 -0.309018 -0.384360 0.403961 0.584773 0.605089 0.358780 -1.099415 -0.576659 -0.605983 -1.424811 4.585114 -1.570760 -5.013383
1776408806.713977 jaka_arm_right success 0.295866 -0.308864 -0.384334 0.404333 0.584986 0.604932 0.358278 -1.099415 -0.576659 -0.605983 -1.424811 4.585114 -1.570760 -5.013383
1776408806.722293 jaka_arm_right success 0.295848 -0.308759 -0.384311 0.404191 0.585079 0.604858 0.358412 -1.099415 -0.576659 -0.605983 -1.424811 4.585114 -1.570760 -5.013383
1776408806.730626 jaka_arm_right success 0.295976 -0.308731 -0.384324 0.403196 0.585563 0.604925 0.358627 -1.099120 -0.576383 -0.606162 -1.424083 4.584460 -1.570670 -5.014102
1776408806.738890 jaka_arm_right success 0.295958 -0.308587 -0.384364 0.402586 0.586360 0.605155 0.357622 -1.099099 -0.577066 -0.607274 -1.423667 4.582302 -1.569969 -5.014388
1776408806.755625 jaka_arm_right success 0.295929 -0.308246 -0.384535 0.401894 0.587588 0.605546 0.355720 -1.098117 -0.574919 -0.609601 -1.423356 4.578687 -1.568682 -5.010864
1776408806.763964 jaka_arm_right success 0.295959 -0.308118 -0.384622 0.401388 0.588430 0.605561 0.354871 -1.096919 -0.574634 -0.610764 -1.422468 4.576562 -1.567107 -5.010090
1776408806.772243 jaka_arm_right success 0.296120 -0.308018 -0.384710 0.400384 0.588928 0.605718 0.354912 -1.095559 -0.574179 -0.611059 -1.421312 4.575300 -1.566370 -5.009803
1776408806.780552 jaka_arm_right success 0.296179 -0.307772 -0.384795 0.400751 0.588584 0.605941 0.354688 -1.095680 -0.574455 -0.611066 -1.421665 4.575353 -1.566382 -5.009413
1776408806.788857 jaka_arm_right success 0.296219 -0.307560 -0.384880 0.401039 0.588469 0.606201 0.354107 -1.095866 -0.574792 -0.611174 -1.422043 4.575330 -1.566306 -5.008989
1776408806.797274 jaka_arm_right success 0.296274 -0.307424 -0.384983 0.400932 0.588644 0.606588 0.353274 -1.094550 -0.574633 -0.611583 -1.421658 4.574963 -1.564810 -5.006280
1776408806.805542 jaka_arm_right success 0.296165 -0.307195 -0.385122 0.401684 0.588606 0.607194 0.351436 -1.092787 -0.573906 -0.612564 -1.421516 4.573497 -1.563158 -5.001465
1776408806.813958 jaka_arm_right success 0.296182 -0.307045 -0.385253 0.402318 0.588278 0.607784 0.350240 -1.093219 -0.574294 -0.613134 -1.422090 4.573507 -1.562534 -4.999754
1776408806.822278 jaka_arm_right success 0.296363 -0.307015 -0.385392 0.402047 0.588024 0.608499 0.349735 -1.091277 -0.573920 -0.613025 -1.420472 4.572149 -1.562538 -4.995939
1776408806.830626 jaka_arm_right success 0.296444 -0.306884 -0.385546 0.402127 0.587644 0.609185 0.349088 -1.091402 -0.574496 -0.613217 -1.420846 4.571754 -1.562457 -4.995505
1776408806.838880 jaka_arm_right success 0.296755 -0.306743 -0.385780 0.402265 0.586460 0.610070 0.349373 -1.092055 -0.577375 -0.612322 -1.415491 4.571912 -1.564378 -4.990555
1776408806.847239 jaka_arm_right success 0.296864 -0.306688 -0.385923 0.402381 0.586345 0.610513 0.348660 -1.091902 -0.577954 -0.612303 -1.411281 4.571314 -1.565252 -4.985560
1776408806.864046 jaka_arm_right success 0.297076 -0.306623 -0.386171 0.402480 0.586421 0.611279 0.347071 -1.090890 -0.578630 -0.613142 -1.409245 4.569976 -1.564010 -4.981093
1776408806.872231 jaka_arm_right success 0.297105 -0.306583 -0.386261 0.403358 0.586463 0.611275 0.345987 -1.091415 -0.578869 -0.613544 -1.409604 4.570055 -1.563650 -4.980639
1776408806.880568 jaka_arm_right success 0.297300 -0.306568 -0.386392 0.403030 0.586545 0.611919 0.345089 -1.090149 -0.578610 -0.614125 -1.408759 4.569034 -1.562624 -4.977172
1776408806.888963 jaka_arm_right success 0.297377 -0.306495 -0.386451 0.403353 0.586753 0.612326 0.343634 -1.088770 -0.577931 -0.615143 -1.407957 4.567846 -1.561004 -4.973040
1776408806.897285 jaka_arm_right success 0.297483 -0.306412 -0.386522 0.403700 0.586251 0.612649 0.343506 -1.088770 -0.577931 -0.615143 -1.407957 4.567846 -1.561004 -4.973040
1776408806.905564 jaka_arm_right success 0.297616 -0.306512 -0.386567 0.403639 0.586301 0.612578 0.343620 -1.088770 -0.577931 -0.615143 -1.407957 4.567846 -1.561004 -4.973040
1776408806.913909 jaka_arm_right success 0.297649 -0.306555 -0.386591 0.403847 0.586598 0.612258 0.343438 -1.088870 -0.577807 -0.615116 -1.407983 4.568352 -1.560828 -4.972596
1776408806.922266 jaka_arm_right success 0.297725 -0.306503 -0.386631 0.404176 0.586452 0.611991 0.343778 -1.088870 -0.577807 -0.615116 -1.407983 4.568352 -1.560828 -4.972596
1776408806.930577 jaka_arm_right success 0.297783 -0.306467 -0.386652 0.404353 0.586310 0.611755 0.344231 -1.088710 -0.577391 -0.614663 -1.407859 4.569077 -1.561090 -4.972667
1776408806.938967 jaka_arm_right success 0.297750 -0.306350 -0.386681 0.404687 0.586057 0.611613 0.344523 -1.089115 -0.577235 -0.614164 -1.408405 4.570652 -1.561284 -4.972046
1776408806.947341 jaka_arm_right success 0.297605 -0.306210 -0.386703 0.404910 0.586228 0.611322 0.344485 -1.089115 -0.577235 -0.614164 -1.408405 4.570652 -1.561284 -4.972046
1776408806.955556 jaka_arm_right success 0.297540 -0.306050 -0.386684 0.404646 0.586628 0.611081 0.344543 -1.089274 -0.576957 -0.614512 -1.407945 4.570601 -1.560844 -4.972474
1776408806.972243 jaka_arm_right success 0.297455 -0.305841 -0.386534 0.403740 0.588018 0.609609 0.345841 -1.088840 -0.578115 -0.614393 -1.406656 4.571716 -1.558561 -4.976739
1776408806.980619 jaka_arm_right success 0.297500 -0.305775 -0.386543 0.402559 0.588971 0.608413 0.347697 -1.089184 -0.579186 -0.613607 -1.406448 4.573494 -1.557681 -4.982705
1776408806.988903 jaka_arm_right success 0.297608 -0.305524 -0.386498 0.401633 0.589400 0.607424 0.349765 -1.090970 -0.581544 -0.612028 -1.409275 4.575588 -1.558593 -4.992862
1776408806.997300 jaka_arm_right success 0.297518 -0.305308 -0.386430 0.401112 0.590417 0.605991 0.351128 -1.090829 -0.580852 -0.611780 -1.412454 4.576966 -1.557128 -4.999316
1776408807.013920 jaka_arm_right success 0.297336 -0.304820 -0.386311 0.400995 0.591034 0.605569 0.350953 -1.089745 -0.578294 -0.612595 -1.417190 4.576481 -1.555308 -5.002777
1776408807.022304 jaka_arm_right success 0.297254 -0.304146 -0.386196 0.400111 0.592305 0.602372 0.355295 -1.093116 -0.579251 -0.610628 -1.425840 4.581549 -1.555387 -5.023004
1776408807.030589 jaka_arm_right success 0.297177 -0.303895 -0.386093 0.399990 0.592645 0.601148 0.356934 -1.092204 -0.580395 -0.609367 -1.429376 4.584518 -1.553019 -5.029892
1776408807.038960 jaka_arm_right success 0.297003 -0.303594 -0.386093 0.400168 0.592902 0.599249 0.359491 -1.095171 -0.580530 -0.607998 -1.435284 4.588175 -1.554243 -5.041855
1776408807.047344 jaka_arm_right success 0.296900 -0.303307 -0.385969 0.399395 0.593583 0.598244 0.360898 -1.094850 -0.579837 -0.607727 -1.435694 4.588815 -1.553823 -5.044700
1776408807.063968 jaka_arm_right success 0.296415 -0.302806 -0.385765 0.399185 0.594604 0.596833 0.361784 -1.095502 -0.578439 -0.608020 -1.445694 4.590049 -1.551843 -5.057602
1776408807.072286 jaka_arm_right success 0.296237 -0.302584 -0.385667 0.398662 0.594547 0.596714 0.362650 -1.095112 -0.578215 -0.607691 -1.445437 4.590053 -1.552132 -5.057927
1776408807.080570 jaka_arm_right success 0.296143 -0.302578 -0.385534 0.397827 0.595028 0.596573 0.363011 -1.094709 -0.577837 -0.607585 -1.444832 4.589795 -1.552203 -5.058604
1776408807.088948 jaka_arm_right success 0.295916 -0.302561 -0.385433 0.397914 0.594776 0.596727 0.363073 -1.094260 -0.578173 -0.607418 -1.444830 4.589013 -1.552546 -5.058935
1776408807.097315 jaka_arm_right success 0.295977 -0.302790 -0.385348 0.396514 0.594849 0.596522 0.364819 -1.094748 -0.577671 -0.607238 -1.444065 4.588563 -1.553705 -5.061521
1776408807.105593 jaka_arm_right success 0.295763 -0.302714 -0.385180 0.397131 0.594005 0.597281 0.364280 -1.094677 -0.578281 -0.606894 -1.444784 4.588527 -1.554176 -5.060925
1776408807.113916 jaka_arm_right success 0.295567 -0.302646 -0.385073 0.397578 0.592695 0.598387 0.364112 -1.095985 -0.579089 -0.606173 -1.446259 4.588224 -1.557034 -5.060288
1776408807.122266 jaka_arm_right success 0.295251 -0.302652 -0.384973 0.398855 0.591322 0.598964 0.364000 -1.097625 -0.579556 -0.605460 -1.447538 4.589072 -1.559401 -5.059563
1776408807.130586 jaka_arm_right success 0.295013 -0.302762 -0.384882 0.399296 0.590496 0.599902 0.363310 -1.098761 -0.580124 -0.605409 -1.448420 4.588769 -1.560883 -5.058473
1776408807.138934 jaka_arm_right success 0.294801 -0.303222 -0.384783 0.398237 0.590723 0.600695 0.362793 -1.099527 -0.579349 -0.606437 -1.446949 4.585308 -1.563007 -5.057499
1776408807.155564 jaka_arm_right success 0.294408 -0.303504 -0.384592 0.399476 0.588331 0.604227 0.359438 -1.100588 -0.579950 -0.607377 -1.435808 4.580671 -1.568548 -5.037271
1776408807.163941 jaka_arm_right success 0.294362 -0.303869 -0.384499 0.399513 0.586805 0.605919 0.359043 -1.102738 -0.581089 -0.605434 -1.433535 4.578920 -1.570796 -5.033555
1776408807.172272 jaka_arm_right success 0.293947 -0.303809 -0.384331 0.401892 0.585037 0.607827 0.356036 -1.105061 -0.579750 -0.602716 -1.432071 4.576272 -1.570796 -5.022245
1776408807.180607 jaka_arm_right success 0.293864 -0.304233 -0.384265 0.401347 0.584709 0.608544 0.355963 -1.106280 -0.579902 -0.599972 -1.429692 4.574200 -1.570796 -5.019628
1776408807.189040 jaka_arm_right success 0.293687 -0.304456 -0.384181 0.402516 0.583292 0.609840 0.354749 -1.112560 -0.579073 -0.592354 -1.424179 4.569915 -1.570796 -5.010319
1776408807.197302 jaka_arm_right success 0.293616 -0.304677 -0.384109 0.403041 0.581992 0.610785 0.354663 -1.116258 -0.581180 -0.586653 -1.422528 4.568494 -1.570796 -5.009620
1776408807.205563 jaka_arm_right success 0.293579 -0.305156 -0.384035 0.401886 0.582395 0.611144 0.354692 -1.116082 -0.580233 -0.586656 -1.421477 4.566590 -1.570796 -5.009018
1776408807.214022 jaka_arm_right success 0.293245 -0.305271 -0.383994 0.404022 0.581083 0.611445 0.353897 -1.117516 -0.579650 -0.585149 -1.423157 4.567667 -1.570796 -5.005773
1776408807.222437 jaka_arm_right success 0.293278 -0.305465 -0.383938 0.404392 0.579944 0.611944 0.354481 -1.127200 -0.577867 -0.572673 -1.419327 4.562473 -1.570796 -5.001448
1776408807.230588 jaka_arm_right success 0.293085 -0.305577 -0.383872 0.405248 0.579237 0.612408 0.353858 -1.127443 -0.578375 -0.572683 -1.419932 4.562543 -1.570796 -5.000835
1776408807.247310 jaka_arm_right success 0.292994 -0.306065 -0.383860 0.406030 0.578291 0.612372 0.354570 -1.127487 -0.577790 -0.570871 -1.420647 4.565068 -1.570796 -5.000086
1776408807.255578 jaka_arm_right success 0.293017 -0.306291 -0.383830 0.406195 0.577672 0.612765 0.354710 -1.131643 -0.579042 -0.566160 -1.418492 4.562856 -1.570796 -4.998889
1776408807.263931 jaka_arm_right success 0.292941 -0.306345 -0.383783 0.407022 0.576598 0.613609 0.354052 -1.137278 -0.577303 -0.558757 -1.415316 4.558950 -1.570796 -4.991836
1776408807.272242 jaka_arm_right success 0.292679 -0.306497 -0.383728 0.408278 0.576460 0.613584 0.352869 -1.137953 -0.577716 -0.559153 -1.415939 4.559170 -1.570483 -4.991156
1776408807.280643 jaka_arm_right success 0.292639 -0.306789 -0.383713 0.408223 0.576558 0.613561 0.352813 -1.137953 -0.577716 -0.559153 -1.415939 4.559170 -1.570483 -4.991156
1776408807.288904 jaka_arm_right success 0.292688 -0.307031 -0.383732 0.408043 0.576084 0.613582 0.353759 -1.137564 -0.577305 -0.558341 -1.415873 4.559909 -1.570632 -4.991252
1776408807.297283 jaka_arm_right success 0.292654 -0.307054 -0.383688 0.408687 0.575130 0.614167 0.353552 -1.137909 -0.577814 -0.557348 -1.417051 4.560988 -1.570796 -4.989995
1776408807.305579 jaka_arm_right success 0.292483 -0.306992 -0.383603 0.409891 0.573839 0.614918 0.352950 -1.145404 -0.576479 -0.548438 -1.415515 4.557033 -1.570796 -4.985506
1776408807.313911 jaka_arm_right success 0.292415 -0.307104 -0.383573 0.410505 0.573127 0.614950 0.353339 -1.145694 -0.576802 -0.547667 -1.415888 4.558075 -1.570796 -4.985241
1776408807.322253 jaka_arm_right success 0.292486 -0.307228 -0.383582 0.410061 0.572651 0.615338 0.353949 -1.149253 -0.580244 -0.542768 -1.413470 4.557902 -1.570796 -4.987151
1776408807.330603 jaka_arm_right success 0.292392 -0.307304 -0.383539 0.410092 0.572544 0.615678 0.353495 -1.149520 -0.579269 -0.542328 -1.413533 4.556374 -1.570796 -4.985314
1776408807.338935 jaka_arm_right success 0.292357 -0.307352 -0.383505 0.409951 0.572293 0.616202 0.353152 -1.149571 -0.579076 -0.541832 -1.413401 4.555420 -1.570796 -4.984261
1776408807.347318 jaka_arm_right success 0.292297 -0.307490 -0.383499 0.409677 0.572277 0.616639 0.352732 -1.149910 -0.578015 -0.541145 -1.412527 4.553638 -1.570796 -4.981859
1776408807.355531 jaka_arm_right success 0.292304 -0.307620 -0.383468 0.409137 0.572201 0.616945 0.352947 -1.153275 -0.576873 -0.536269 -1.407426 4.550042 -1.570796 -4.977738
1776408807.372278 jaka_arm_right success 0.292106 -0.307619 -0.383319 0.408457 0.571426 0.618867 0.351622 -1.156118 -0.576476 -0.531320 -1.402055 4.543937 -1.570796 -4.969016
1776408807.380546 jaka_arm_right success 0.292031 -0.307695 -0.383302 0.407746 0.571487 0.619228 0.351714 -1.157471 -0.578520 -0.529368 -1.400141 4.543197 -1.570796 -4.970060
1776408807.388947 jaka_arm_right success 0.291915 -0.307577 -0.383215 0.408274 0.570543 0.619971 0.351325 -1.159275 -0.578258 -0.526330 -1.399810 4.541516 -1.570796 -4.967692
1776408807.397332 jaka_arm_right success 0.291792 -0.307390 -0.383183 0.408786 0.569683 0.620526 0.351144 -1.166834 -0.580482 -0.518161 -1.397000 4.539345 -1.570796 -4.966522
1776408807.405540 jaka_arm_right success 0.291772 -0.307424 -0.383148 0.408160 0.569893 0.620608 0.351387 -1.166834 -0.580482 -0.518161 -1.397000 4.539345 -1.570796 -4.966522
1776408807.413931 jaka_arm_right success 0.291806 -0.307416 -0.383128 0.407567 0.569608 0.620882 0.352054 -1.165743 -0.580301 -0.517460 -1.396168 4.538184 -1.570796 -4.967264
1776408807.422245 jaka_arm_right success 0.291781 -0.307446 -0.383147 0.407028 0.569871 0.620849 0.352309 -1.166363 -0.579802 -0.516397 -1.395199 4.537268 -1.570796 -4.967000
1776408807.430590 jaka_arm_right success 0.291806 -0.307520 -0.383163 0.406051 0.570097 0.621151 0.352537 -1.167250 -0.579715 -0.514577 -1.393221 4.534978 -1.570796 -4.966157
1776408807.438890 jaka_arm_right success 0.291757 -0.307449 -0.383152 0.406212 0.569823 0.621669 0.351881 -1.167359 -0.580122 -0.514685 -1.393538 4.534726 -1.570796 -4.965811
1776408807.447249 jaka_arm_right success 0.291622 -0.307307 -0.383114 0.406615 0.569648 0.622276 0.350625 -1.167765 -0.579532 -0.514606 -1.393340 4.532827 -1.570796 -4.962469
1776408807.464050 jaka_arm_right success 0.291743 -0.307260 -0.383122 0.406383 0.568884 0.623336 0.350250 -1.171338 -0.579851 -0.508313 -1.385243 4.528369 -1.570796 -4.953457
1776408807.472202 jaka_arm_right success 0.291679 -0.307139 -0.383134 0.406646 0.568658 0.623957 0.349206 -1.171631 -0.580374 -0.508545 -1.385725 4.528194 -1.570714 -4.952957
1776408807.480542 jaka_arm_right success 0.291704 -0.307098 -0.383158 0.406693 0.568423 0.624300 0.348922 -1.171696 -0.580785 -0.508582 -1.386071 4.528009 -1.570734 -4.952607
1776408807.488905 jaka_arm_right success 0.291726 -0.307116 -0.383213 0.406155 0.568682 0.624396 0.348954 -1.171089 -0.580992 -0.508594 -1.385564 4.526796 -1.570796 -4.953029
1776408807.497292 jaka_arm_right success 0.291744 -0.306988 -0.383204 0.406460 0.568076 0.624849 0.348774 -1.171259 -0.581401 -0.508548 -1.386056 4.526887 -1.570796 -4.952510
1776408807.505530 jaka_arm_right success 0.291758 -0.306928 -0.383219 0.406515 0.567838 0.624949 0.348919 -1.171446 -0.581507 -0.507991 -1.386203 4.527337 -1.570796 -4.952008
1776408807.513932 jaka_arm_right success 0.291871 -0.306787 -0.383269 0.406487 0.567168 0.625278 0.349453 -1.177817 -0.585527 -0.499856 -1.380592 4.526113 -1.570796 -4.951225
1776408807.522206 jaka_arm_right success 0.291961 -0.306740 -0.383288 0.405991 0.566916 0.625588 0.349882 -1.177893 -0.583060 -0.497802 -1.379678 4.523671 -1.570796 -4.949125
1776408807.530560 jaka_arm_right success 0.291930 -0.306650 -0.383270 0.406165 0.566511 0.625969 0.349654 -1.177994 -0.583512 -0.497748 -1.380136 4.523650 -1.570796 -4.948682
1776408807.538949 jaka_arm_right success 0.291950 -0.306615 -0.383275 0.405772 0.566474 0.626219 0.349722 -1.177890 -0.583979 -0.497105 -1.379910 4.523149 -1.570796 -4.948637
1776408807.555582 jaka_arm_right success 0.291935 -0.306629 -0.383281 0.404628 0.566685 0.626618 0.349991 -1.183083 -0.585304 -0.490620 -1.373751 4.519152 -1.570796 -4.946205
1776408807.563970 jaka_arm_right success 0.291845 -0.306578 -0.383275 0.404463 0.566670 0.626924 0.349659 -1.183083 -0.585304 -0.490620 -1.373751 4.519152 -1.570796 -4.946205
1776408807.572273 jaka_arm_right success 0.291799 -0.306537 -0.383279 0.404003 0.566731 0.627325 0.349371 -1.182841 -0.586009 -0.490792 -1.373997 4.518088 -1.570796 -4.945943
1776408807.580568 jaka_arm_right success 0.291836 -0.306500 -0.383264 0.403289 0.566726 0.627713 0.349508 -1.182637 -0.584957 -0.489804 -1.372412 4.515589 -1.570796 -4.944494
1776408807.588917 jaka_arm_right success 0.291724 -0.306465 -0.383255 0.402871 0.567045 0.628010 0.348939 -1.182778 -0.585329 -0.490279 -1.372420 4.514783 -1.570604 -4.944351
1776408807.597308 jaka_arm_right success 0.291625 -0.306353 -0.383233 0.402818 0.567195 0.628371 0.348105 -1.183057 -0.584425 -0.490693 -1.371494 4.512964 -1.570796 -4.941990
1776408807.613979 jaka_arm_right success 0.291679 -0.306086 -0.383157 0.402101 0.566818 0.629221 0.348012 -1.184651 -0.584142 -0.486027 -1.364961 4.508988 -1.570796 -4.935002
1776408807.622282 jaka_arm_right success 0.291612 -0.305977 -0.383114 0.402226 0.566991 0.629343 0.347366 -1.184651 -0.584142 -0.486027 -1.364961 4.508988 -1.570796 -4.935002
1776408807.630602 jaka_arm_right success 0.291581 -0.305917 -0.383096 0.402214 0.567082 0.629398 0.347132 -1.184969 -0.584464 -0.486392 -1.365181 4.508747 -1.570552 -4.934742
1776408807.647253 jaka_arm_right success 0.291620 -0.306070 -0.383195 0.400898 0.568736 0.628260 0.348008 -1.184691 -0.583700 -0.487441 -1.363225 4.506990 -1.569504 -4.936657
1776408807.655587 jaka_arm_right success 0.291615 -0.306006 -0.383208 0.401033 0.568699 0.628222 0.347981 -1.184691 -0.583700 -0.487441 -1.363225 4.506990 -1.569504 -4.936657
1776408807.663994 jaka_arm_right success 0.291624 -0.305937 -0.383248 0.400757 0.568860 0.628233 0.348017 -1.184691 -0.583700 -0.487441 -1.363225 4.506990 -1.569504 -4.936657
1776408807.680646 jaka_arm_right success 0.291642 -0.305759 -0.383306 0.400951 0.568909 0.628255 0.347672 -1.184691 -0.583700 -0.487441 -1.363225 4.506990 -1.569504 -4.936657
1776408807.688975 jaka_arm_right success 0.291598 -0.305654 -0.383329 0.400770 0.569409 0.628335 0.346917 -1.185026 -0.583881 -0.487895 -1.363302 4.506751 -1.569107 -4.936518
1776408807.697301 jaka_arm_right success 0.291620 -0.305568 -0.383382 0.400792 0.569606 0.628174 0.346859 -1.185026 -0.583881 -0.487895 -1.363302 4.506751 -1.569107 -4.936518
1776408807.705552 jaka_arm_right success 0.291703 -0.305445 -0.383404 0.400608 0.569481 0.628381 0.346903 -1.185026 -0.583881 -0.487895 -1.363302 4.506751 -1.569107 -4.936518
1776408807.713920 jaka_arm_right success 0.291726 -0.305438 -0.383433 0.400817 0.569603 0.628026 0.347104 -1.185026 -0.583881 -0.487895 -1.363302 4.506751 -1.569107 -4.936518
1776408807.722307 jaka_arm_right success 0.291782 -0.305335 -0.383475 0.400793 0.569643 0.627852 0.347381 -1.185058 -0.583625 -0.487995 -1.362997 4.506813 -1.568896 -4.936810
1776408807.730599 jaka_arm_right success 0.291683 -0.305118 -0.383490 0.401655 0.569719 0.627663 0.346602 -1.185559 -0.583823 -0.488392 -1.363276 4.506949 -1.568487 -4.936485
1776408807.738946 jaka_arm_right success 0.291690 -0.305045 -0.383531 0.401883 0.569671 0.627461 0.346782 -1.185735 -0.583790 -0.488034 -1.363616 4.508304 -1.568195 -4.936419
1776408807.747258 jaka_arm_right success 0.291735 -0.304963 -0.383596 0.401922 0.569857 0.627023 0.347223 -1.185197 -0.584492 -0.487758 -1.363505 4.509234 -1.566710 -4.938080
1776408807.755574 jaka_arm_right success 0.291778 -0.304974 -0.383667 0.401444 0.570386 0.626641 0.347597 -1.185025 -0.584436 -0.487973 -1.363137 4.508883 -1.566260 -4.938774
1776408807.772259 jaka_arm_right success 0.291758 -0.304828 -0.383731 0.402172 0.570306 0.626239 0.347611 -1.185163 -0.585252 -0.487440 -1.364642 4.511054 -1.564925 -4.940247
1776408807.780550 jaka_arm_right success 0.291753 -0.304813 -0.383765 0.402264 0.570508 0.626020 0.347567 -1.185163 -0.585252 -0.487440 -1.364642 4.511054 -1.564925 -4.940247
1776408807.789303 jaka_arm_right success 0.291876 -0.304842 -0.383810 0.402060 0.570573 0.625834 0.348030 -1.184872 -0.585181 -0.487311 -1.364882 4.511377 -1.564272 -4.941794
1776408807.797307 jaka_arm_right success 0.291843 -0.304768 -0.383868 0.402521 0.570577 0.625733 0.347674 -1.185157 -0.585355 -0.487503 -1.365158 4.511465 -1.564096 -4.941545
1776408807.805603 jaka_arm_right success 0.291791 -0.304676 -0.383861 0.402762 0.570431 0.626166 0.346854 -1.184212 -0.584982 -0.487981 -1.367898 4.510963 -1.562581 -4.941510
1776408807.813990 jaka_arm_right success 0.291781 -0.304697 -0.383927 0.402865 0.570422 0.626206 0.346676 -1.184212 -0.584982 -0.487981 -1.367898 4.510963 -1.562581 -4.941510
1776408807.822387 jaka_arm_right success 0.291817 -0.304652 -0.383955 0.402814 0.570241 0.626573 0.346369 -1.184212 -0.584982 -0.487981 -1.367898 4.510963 -1.562581 -4.941510
1776408807.830660 jaka_arm_right success 0.291833 -0.304663 -0.383986 0.402732 0.570102 0.626897 0.346107 -1.184180 -0.585447 -0.487970 -1.368327 4.510729 -1.562713 -4.941129
1776408807.847266 jaka_arm_right success 0.291860 -0.304738 -0.384056 0.402188 0.569815 0.627990 0.345231 -1.183555 -0.585822 -0.488235 -1.368833 4.509054 -1.563131 -4.939931
1776408807.863997 jaka_arm_right success 0.291808 -0.304752 -0.384077 0.401580 0.569777 0.628858 0.344419 -1.182319 -0.583749 -0.489462 -1.367975 4.505636 -1.563812 -4.935989
1776408807.872256 jaka_arm_right success 0.291774 -0.304705 -0.384064 0.401561 0.569598 0.629167 0.344173 -1.182319 -0.583749 -0.489462 -1.367975 4.505636 -1.563812 -4.935989
1776408807.880586 jaka_arm_right success 0.291700 -0.304631 -0.384035 0.401967 0.569284 0.629121 0.344303 -1.182269 -0.584036 -0.489283 -1.368293 4.505711 -1.564037 -4.935672
1776408807.889068 jaka_arm_right success 0.291691 -0.304620 -0.384036 0.401782 0.569149 0.629329 0.344362 -1.182269 -0.584036 -0.489283 -1.368293 4.505711 -1.564037 -4.935672
1776408807.897250 jaka_arm_right success 0.291645 -0.304536 -0.384020 0.401708 0.568938 0.629589 0.344323 -1.182041 -0.584283 -0.489036 -1.368468 4.505616 -1.564346 -4.935521
1776408807.905574 jaka_arm_right success 0.291520 -0.304311 -0.384020 0.402442 0.568229 0.629891 0.344082 -1.182135 -0.584800 -0.488859 -1.369078 4.505778 -1.564635 -4.934922
1776408807.913959 jaka_arm_right success 0.291455 -0.304191 -0.383994 0.402623 0.568063 0.630004 0.343940 -1.182281 -0.585051 -0.488748 -1.369432 4.506022 -1.564808 -4.934536
1776408807.922350 jaka_arm_right success 0.291459 -0.304253 -0.383981 0.402027 0.568472 0.629956 0.344049 -1.182180 -0.584818 -0.488745 -1.369095 4.505940 -1.564793 -4.934823
1776408807.930617 jaka_arm_right success 0.291406 -0.304190 -0.383967 0.402227 0.568308 0.629965 0.344068 -1.182180 -0.584818 -0.488745 -1.369095 4.505940 -1.564793 -4.934823
1776408807.938934 jaka_arm_right success 0.291485 -0.304256 -0.383991 0.401729 0.568269 0.629759 0.345092 -1.183241 -0.585503 -0.488127 -1.367152 4.506381 -1.566433 -4.936178
1776408807.955649 jaka_arm_right success 0.291365 -0.304124 -0.383989 0.402088 0.567995 0.630456 0.343850 -1.183554 -0.586299 -0.488422 -1.367850 4.506040 -1.566371 -4.935440
1776408807.964033 jaka_arm_right success 0.291383 -0.304116 -0.384000 0.401962 0.567916 0.630784 0.343526 -1.183579 -0.586785 -0.488540 -1.368186 4.505663 -1.566423 -4.935058
1776408807.972256 jaka_arm_right success 0.291402 -0.304061 -0.383995 0.402202 0.567690 0.631090 0.343057 -1.183522 -0.585677 -0.489137 -1.366324 4.504149 -1.567777 -4.930754
1776408807.980606 jaka_arm_right success 0.291396 -0.304049 -0.384020 0.402204 0.567602 0.631495 0.342452 -1.183608 -0.586014 -0.489294 -1.366524 4.503906 -1.567710 -4.930491
1776408807.988959 jaka_arm_right success 0.291462 -0.304130 -0.384076 0.401726 0.567697 0.631846 0.342209 -1.182752 -0.586374 -0.489928 -1.363799 4.502154 -1.567428 -4.928033
1776408807.997371 jaka_arm_right success 0.291490 -0.304100 -0.384096 0.401939 0.567655 0.632063 0.341627 -1.182534 -0.586594 -0.489920 -1.362479 4.502273 -1.567569 -4.925384
1776408808.005572 jaka_arm_right success 0.291550 -0.304136 -0.384118 0.401661 0.567638 0.632211 0.341708 -1.182534 -0.586594 -0.489920 -1.362479 4.502273 -1.567569 -4.925384
1776408808.013994 jaka_arm_right success 0.291566 -0.304117 -0.384136 0.401675 0.567604 0.632439 0.341326 -1.182534 -0.586594 -0.489920 -1.362479 4.502273 -1.567569 -4.925384
1776408808.022363 jaka_arm_right success 0.291481 -0.304048 -0.384143 0.402130 0.567570 0.632551 0.340639 -1.182097 -0.586598 -0.490289 -1.361318 4.501538 -1.567645 -4.922197
1776408808.030596 jaka_arm_right success 0.291490 -0.304026 -0.384158 0.402064 0.567548 0.632726 0.340429 -1.182097 -0.586598 -0.490289 -1.361318 4.501538 -1.567645 -4.922197
1776408808.047349 jaka_arm_right success 0.291493 -0.304007 -0.384178 0.401916 0.567618 0.632840 0.340276 -1.182101 -0.586921 -0.490539 -1.361355 4.501029 -1.567522 -4.922047
1776408808.055589 jaka_arm_right success 0.291587 -0.304039 -0.384184 0.401391 0.567665 0.632929 0.340651 -1.181724 -0.586751 -0.490336 -1.361010 4.500839 -1.567697 -4.922370
1776408808.064023 jaka_arm_right success 0.291475 -0.303900 -0.384151 0.401943 0.567584 0.632921 0.340149 -1.181927 -0.586945 -0.490530 -1.361177 4.500772 -1.567564 -4.922127
1776408808.076741 jaka_arm_right success 0.291552 -0.303979 -0.384169 0.401340 0.567722 0.632900 0.340669 -1.181658 -0.586769 -0.490390 -1.360868 4.500652 -1.567671 -4.922402
1776408808.081082 jaka_arm_right success 0.291543 -0.303909 -0.384134 0.401473 0.567605 0.632852 0.340796 -1.181658 -0.586769 -0.490390 -1.360868 4.500652 -1.567671 -4.922402
1776408808.088978 jaka_arm_right success 0.291510 -0.303847 -0.384107 0.401674 0.567485 0.632804 0.340849 -1.181658 -0.586769 -0.490390 -1.360868 4.500652 -1.567671 -4.922402
1776408808.097347 jaka_arm_right success 0.291493 -0.303848 -0.384122 0.401229 0.567566 0.632730 0.341375 -1.181654 -0.586457 -0.490118 -1.359773 4.501006 -1.567885 -4.923042
1776408808.105563 jaka_arm_right success 0.291389 -0.303711 -0.384121 0.401894 0.567093 0.632731 0.341377 -1.181744 -0.586974 -0.489922 -1.360367 4.501196 -1.568174 -4.922486
1776408808.113930 jaka_arm_right success 0.291261 -0.303663 -0.384085 0.401782 0.567458 0.632701 0.340959 -1.181744 -0.586974 -0.489922 -1.360367 4.501196 -1.568174 -4.922486
1776408808.122357 jaka_arm_right success 0.291179 -0.303647 -0.384052 0.401415 0.567697 0.632838 0.340737 -1.181966 -0.587121 -0.490270 -1.360359 4.500911 -1.567918 -4.922417
1776408808.138984 jaka_arm_right success 0.291109 -0.303579 -0.383990 0.401631 0.567342 0.632873 0.341009 -1.181966 -0.587121 -0.490270 -1.360359 4.500911 -1.567918 -4.922417
1776408808.147291 jaka_arm_right success 0.291092 -0.303551 -0.383983 0.401442 0.567147 0.633219 0.340915 -1.181735 -0.587363 -0.490033 -1.360502 4.500773 -1.568237 -4.922320
1776408808.155611 jaka_arm_right success 0.291124 -0.303530 -0.384000 0.401541 0.566722 0.633359 0.341243 -1.183735 -0.588769 -0.489491 -1.358961 4.501045 -1.570796 -4.922626
1776408808.163931 jaka_arm_right success 0.291106 -0.303498 -0.383981 0.401375 0.566586 0.633717 0.341000 -1.183735 -0.588769 -0.489491 -1.358961 4.501045 -1.570796 -4.922626
1776408808.172287 jaka_arm_right success 0.291071 -0.303669 -0.383962 0.401034 0.567151 0.633500 0.340866 -1.183288 -0.589021 -0.489886 -1.358394 4.499597 -1.570693 -4.922849
1776408808.180617 jaka_arm_right success 0.291037 -0.303686 -0.383934 0.400740 0.567181 0.633680 0.340826 -1.183288 -0.589021 -0.489886 -1.358394 4.499597 -1.570693 -4.922849
1776408808.188885 jaka_arm_right success 0.290926 -0.303670 -0.383926 0.401305 0.567092 0.633584 0.340489 -1.183641 -0.589137 -0.490133 -1.358600 4.499695 -1.570498 -4.922540
1776408808.197286 jaka_arm_right success 0.290875 -0.303590 -0.383881 0.401572 0.566829 0.633904 0.340015 -1.184024 -0.589222 -0.490303 -1.359001 4.499865 -1.570622 -4.921411
1776408808.205543 jaka_arm_right success 0.290800 -0.303452 -0.383797 0.402244 0.565931 0.634689 0.339250 -1.183477 -0.588208 -0.489568 -1.358619 4.498778 -1.570796 -4.917048
1776408808.214019 jaka_arm_right success 0.290765 -0.303427 -0.383769 0.402786 0.565424 0.634749 0.339341 -1.183654 -0.588520 -0.489310 -1.359151 4.499262 -1.570796 -4.916505
1776408808.222445 jaka_arm_right success 0.290722 -0.303359 -0.383733 0.403033 0.565200 0.634783 0.339358 -1.183654 -0.588520 -0.489310 -1.359151 4.499262 -1.570796 -4.916505
1776408808.230599 jaka_arm_right success 0.290682 -0.303402 -0.383709 0.403041 0.565234 0.634627 0.339583 -1.183614 -0.587919 -0.488419 -1.359063 4.500676 -1.570796 -4.916592
1776408808.238960 jaka_arm_right success 0.290670 -0.303440 -0.383697 0.402891 0.565227 0.634594 0.339835 -1.183614 -0.587919 -0.488419 -1.359063 4.500676 -1.570796 -4.916592
1776408808.247299 jaka_arm_right success 0.290621 -0.303405 -0.383669 0.402752 0.565128 0.634903 0.339588 -1.183586 -0.588375 -0.488469 -1.359313 4.500281 -1.570796 -4.916367
1776408808.264000 jaka_arm_right success 0.290760 -0.303612 -0.383630 0.401810 0.564954 0.634749 0.341276 -1.189483 -0.591086 -0.480510 -1.355549 4.498050 -1.570796 -4.919812
1776408808.272217 jaka_arm_right success 0.290735 -0.303620 -0.383608 0.401934 0.564839 0.634720 0.341374 -1.189483 -0.591086 -0.480510 -1.355549 4.498050 -1.570796 -4.919812
1776408808.280527 jaka_arm_right success 0.290711 -0.303673 -0.383614 0.401739 0.564929 0.634597 0.341682 -1.189483 -0.591086 -0.480510 -1.355549 4.498050 -1.570796 -4.919812
1776408808.288969 jaka_arm_right success 0.290665 -0.303659 -0.383598 0.401912 0.564820 0.634565 0.341719 -1.189483 -0.591086 -0.480510 -1.355549 4.498050 -1.570796 -4.919812
1776408808.297307 jaka_arm_right success 0.290615 -0.303662 -0.383590 0.401922 0.564866 0.634526 0.341705 -1.189732 -0.590556 -0.480168 -1.355515 4.498901 -1.570796 -4.919744
1776408808.305532 jaka_arm_right success 0.290561 -0.303686 -0.383585 0.401662 0.565042 0.634607 0.341570 -1.189578 -0.590688 -0.480375 -1.355288 4.497787 -1.570796 -4.919843
1776408808.313922 jaka_arm_right success 0.290524 -0.303704 -0.383585 0.401690 0.565093 0.634503 0.341644 -1.189980 -0.590550 -0.480376 -1.355463 4.498179 -1.570796 -4.919550
1776408808.322237 jaka_arm_right success 0.290474 -0.303685 -0.383566 0.401738 0.565170 0.634483 0.341497 -1.189980 -0.590550 -0.480376 -1.355463 4.498179 -1.570796 -4.919550
1776408808.330560 jaka_arm_right success 0.290398 -0.303662 -0.383554 0.401924 0.565195 0.634406 0.341382 -1.189980 -0.590550 -0.480376 -1.355463 4.498179 -1.570796 -4.919550
1776408808.338925 jaka_arm_right success 0.290350 -0.303653 -0.383540 0.402054 0.565259 0.634264 0.341385 -1.190366 -0.590274 -0.480614 -1.355352 4.498245 -1.570753 -4.919550
1776408808.356342 jaka_arm_right success 0.290269 -0.303639 -0.383527 0.402164 0.565367 0.634001 0.341566 -1.190366 -0.590274 -0.480614 -1.355352 4.498245 -1.570753 -4.919550
1776408808.363915 jaka_arm_right success 0.290264 -0.303648 -0.383524 0.401826 0.565452 0.633949 0.341920 -1.190366 -0.590274 -0.480614 -1.355352 4.498245 -1.570753 -4.919550
1776408808.372275 jaka_arm_right success 0.290243 -0.303633 -0.383515 0.401688 0.565233 0.633967 0.342410 -1.190023 -0.589918 -0.480215 -1.355032 4.498409 -1.570764 -4.919938
1776408808.380580 jaka_arm_right success 0.290075 -0.303476 -0.383463 0.401990 0.564990 0.634358 0.341731 -1.191772 -0.589769 -0.478582 -1.356110 4.497237 -1.570796 -4.919998
1776408808.388931 jaka_arm_right success 0.290023 -0.303564 -0.383448 0.401236 0.565749 0.634275 0.341515 -1.191725 -0.589439 -0.478985 -1.355472 4.496576 -1.570496 -4.920559
1776408808.397414 jaka_arm_right success 0.289911 -0.303485 -0.383414 0.401668 0.565736 0.634132 0.341296 -1.191725 -0.589439 -0.478985 -1.355472 4.496576 -1.570496 -4.920559
1776408808.405601 jaka_arm_right success 0.289888 -0.303462 -0.383402 0.401660 0.565663 0.634111 0.341465 -1.191725 -0.589439 -0.478985 -1.355472 4.496576 -1.570496 -4.920559
1776408808.413934 jaka_arm_right success 0.289833 -0.303502 -0.383389 0.401559 0.565752 0.634001 0.341639 -1.191725 -0.589439 -0.478985 -1.355472 4.496576 -1.570496 -4.920559
1776408808.422347 jaka_arm_right success 0.289797 -0.303514 -0.383365 0.401578 0.565795 0.633926 0.341685 -1.191725 -0.589439 -0.478985 -1.355472 4.496576 -1.570496 -4.920559
1776408808.430590 jaka_arm_right success 0.289845 -0.303563 -0.383344 0.401321 0.565724 0.633880 0.342189 -1.191725 -0.589439 -0.478985 -1.355472 4.496576 -1.570496 -4.920559
1776408808.447338 jaka_arm_right success 0.289803 -0.303629 -0.383302 0.401325 0.565815 0.633763 0.342250 -1.191725 -0.589439 -0.478985 -1.355472 4.496576 -1.570496 -4.920559
1776408808.455678 jaka_arm_right success 0.289738 -0.303636 -0.383290 0.401738 0.565717 0.633655 0.342129 -1.191865 -0.589032 -0.478871 -1.355312 4.497017 -1.570573 -4.920729
1776408808.463969 jaka_arm_right success 0.289566 -0.303544 -0.383272 0.402475 0.565631 0.633635 0.341440 -1.192377 -0.589310 -0.479153 -1.355777 4.497182 -1.570409 -4.920239
1776408808.472232 jaka_arm_right success 0.289643 -0.303655 -0.383255 0.402170 0.565441 0.633642 0.342102 -1.192145 -0.589067 -0.478722 -1.355699 4.497490 -1.570542 -4.920413
1776408808.480618 jaka_arm_right success 0.289655 -0.303685 -0.383259 0.402249 0.565169 0.633608 0.342520 -1.192394 -0.588977 -0.477963 -1.356218 4.498455 -1.570796 -4.920269
1776408808.488891 jaka_arm_right success 0.289724 -0.303794 -0.383257 0.401765 0.565116 0.633563 0.343259 -1.194586 -0.589475 -0.475412 -1.356711 4.497698 -1.570796 -4.923690
1776408808.497387 jaka_arm_right success 0.289659 -0.303856 -0.383234 0.401864 0.565099 0.633657 0.342999 -1.194586 -0.589475 -0.475412 -1.356711 4.497698 -1.570796 -4.923690
1776408808.505550 jaka_arm_right success 0.289639 -0.303982 -0.383213 0.401748 0.565234 0.633573 0.343066 -1.194680 -0.589377 -0.475524 -1.356681 4.497110 -1.570796 -4.923728
1776408808.513982 jaka_arm_right success 0.289611 -0.304098 -0.383216 0.401689 0.565293 0.633546 0.343087 -1.195018 -0.589071 -0.475722 -1.356602 4.497150 -1.570796 -4.923728
1776408808.522233 jaka_arm_right success 0.289596 -0.304176 -0.383204 0.401474 0.565216 0.633851 0.342904 -1.195246 -0.587990 -0.474552 -1.357158 4.495498 -1.570796 -4.922551
1776408808.538954 jaka_arm_right success 0.289633 -0.304409 -0.383159 0.400916 0.564757 0.634475 0.343158 -1.196590 -0.586904 -0.470932 -1.356188 4.492550 -1.570796 -4.921149
1776408808.547331 jaka_arm_right success 0.289484 -0.304301 -0.383054 0.402670 0.563470 0.634966 0.342310 -1.200983 -0.587731 -0.466512 -1.356626 4.492481 -1.570796 -4.918612
1776408808.555548 jaka_arm_right success 0.289593 -0.304550 -0.383039 0.402030 0.563143 0.634936 0.343656 -1.203731 -0.589456 -0.462241 -1.354693 4.492009 -1.570796 -4.920596
1776408808.563954 jaka_arm_right success 0.289586 -0.304655 -0.383039 0.402088 0.562977 0.634855 0.344007 -1.203731 -0.589456 -0.462241 -1.354693 4.492009 -1.570796 -4.920596
1776408808.572251 jaka_arm_right success 0.289591 -0.304729 -0.383042 0.401858 0.562809 0.635082 0.344133 -1.205573 -0.587833 -0.458900 -1.353660 4.489959 -1.570796 -4.918941
1776408808.580558 jaka_arm_right success 0.289581 -0.304766 -0.383029 0.401614 0.562767 0.635387 0.343923 -1.205573 -0.587833 -0.458900 -1.353660 4.489959 -1.570796 -4.918941
1776408808.588884 jaka_arm_right success 0.289669 -0.304878 -0.383030 0.401137 0.562615 0.635477 0.344562 -1.208811 -0.590030 -0.453821 -1.350182 4.488173 -1.570796 -4.918976
1776408808.597301 jaka_arm_right success 0.289581 -0.304842 -0.383024 0.401456 0.562664 0.635722 0.343657 -1.209227 -0.590364 -0.454201 -1.350550 4.488040 -1.570581 -4.918510
1776408808.605571 jaka_arm_right success 0.289572 -0.304859 -0.383027 0.401451 0.562650 0.635961 0.343244 -1.209499 -0.589727 -0.454690 -1.350627 4.487102 -1.570796 -4.917041
1776408808.613991 jaka_arm_right success 0.289573 -0.304924 -0.383053 0.401497 0.562723 0.635963 0.343065 -1.209452 -0.589249 -0.454878 -1.350406 4.486535 -1.570766 -4.916315
1776408808.622330 jaka_arm_right success 0.289624 -0.304938 -0.383079 0.401541 0.562634 0.636090 0.342924 -1.209272 -0.589240 -0.454596 -1.350548 4.486573 -1.570796 -4.915852
1776408808.630647 jaka_arm_right success 0.289543 -0.304963 -0.383063 0.402001 0.562652 0.636217 0.342120 -1.209497 -0.588267 -0.455336 -1.350580 4.485792 -1.570796 -4.913230
1776408808.638922 jaka_arm_right success 0.289634 -0.304978 -0.383117 0.401742 0.562668 0.636313 0.342219 -1.209253 -0.588129 -0.455174 -1.350379 4.485724 -1.570796 -4.913399
1776408808.647288 jaka_arm_right success 0.289682 -0.304969 -0.383154 0.401602 0.562643 0.636529 0.342021 -1.209253 -0.588129 -0.455174 -1.350379 4.485724 -1.570796 -4.913399
1776408808.663978 jaka_arm_right success 0.289845 -0.304849 -0.383241 0.401662 0.562314 0.636850 0.341894 -1.208353 -0.588131 -0.454727 -1.348826 4.485006 -1.570796 -4.910561
1776408808.672251 jaka_arm_right success 0.289873 -0.304891 -0.383258 0.401391 0.562924 0.636704 0.341482 -1.208600 -0.588076 -0.455217 -1.348593 4.484655 -1.570356 -4.910634
1776408808.680585 jaka_arm_right success 0.289919 -0.304800 -0.383268 0.401368 0.562987 0.636789 0.341247 -1.208177 -0.588235 -0.455495 -1.348158 4.483621 -1.570209 -4.910638
1776408808.688901 jaka_arm_right success 0.289962 -0.304673 -0.383280 0.401399 0.563042 0.636853 0.341001 -1.208177 -0.588235 -0.455495 -1.348158 4.483621 -1.570209 -4.910638
1776408808.697276 jaka_arm_right success 0.289750 -0.304482 -0.383299 0.401951 0.563648 0.636668 0.339691 -1.207989 -0.587675 -0.456576 -1.348599 4.483635 -1.568513 -4.907450
1776408808.705544 jaka_arm_right success 0.289691 -0.304444 -0.383311 0.402137 0.564244 0.636287 0.339195 -1.208298 -0.587420 -0.457100 -1.348282 4.483452 -1.567951 -4.907604
1776408808.713898 jaka_arm_right success 0.289857 -0.304482 -0.383393 0.400132 0.565726 0.635768 0.340070 -1.206669 -0.586572 -0.457660 -1.346110 4.480889 -1.567153 -4.909469
1776408808.722213 jaka_arm_right success 0.289891 -0.304388 -0.383394 0.400079 0.565840 0.635675 0.340115 -1.206669 -0.586572 -0.457660 -1.346110 4.480889 -1.567153 -4.909469
1776408808.730561 jaka_arm_right success 0.289905 -0.304237 -0.383422 0.400070 0.565800 0.635713 0.340122 -1.206669 -0.586572 -0.457660 -1.346110 4.480889 -1.567153 -4.909469
1776408808.738914 jaka_arm_right success 0.289861 -0.304011 -0.383394 0.400809 0.565609 0.635921 0.339180 -1.207149 -0.586926 -0.458076 -1.346538 4.480905 -1.566798 -4.908941
1776408808.755574 jaka_arm_right success 0.290199 -0.303868 -0.383440 0.399979 0.565919 0.635878 0.339724 -1.206462 -0.586834 -0.458141 -1.346010 4.480309 -1.566377 -4.909309
1776408808.763962 jaka_arm_right success 0.290310 -0.303762 -0.383485 0.400019 0.565865 0.635822 0.339871 -1.205949 -0.586842 -0.457764 -1.345960 4.480465 -1.566448 -4.909309
1776408808.772293 jaka_arm_right success 0.290329 -0.303737 -0.383519 0.400112 0.566193 0.635451 0.339908 -1.205972 -0.586703 -0.458022 -1.345900 4.481321 -1.565160 -4.909082
1776408808.780614 jaka_arm_right success 0.290200 -0.303611 -0.383520 0.400585 0.566567 0.635423 0.338778 -1.205741 -0.587143 -0.458615 -1.346331 4.480773 -1.564148 -4.908378
1776408808.788979 jaka_arm_right success 0.290133 -0.303570 -0.383547 0.400431 0.567186 0.635281 0.338192 -1.204428 -0.586406 -0.459391 -1.346460 4.480130 -1.561983 -4.907427
1776408808.797329 jaka_arm_right success 0.290198 -0.303482 -0.383554 0.399783 0.567472 0.635570 0.337935 -1.203759 -0.586529 -0.459847 -1.346246 4.478764 -1.561486 -4.907471
1776408808.805588 jaka_arm_right success 0.290292 -0.303707 -0.383682 0.398960 0.568827 0.634277 0.339057 -1.202884 -0.584755 -0.459681 -1.344679 4.479113 -1.560676 -4.909009
1776408808.813928 jaka_arm_right success 0.290307 -0.303653 -0.383700 0.399078 0.568838 0.634210 0.339025 -1.203076 -0.584799 -0.459857 -1.344791 4.479181 -1.560467 -4.908869
1776408808.830619 jaka_arm_right success 0.290376 -0.303562 -0.383733 0.398908 0.568595 0.634665 0.338780 -1.203076 -0.584799 -0.459857 -1.344791 4.479181 -1.560467 -4.908869
1776408808.847332 jaka_arm_right success 0.290351 -0.303576 -0.383783 0.398733 0.568722 0.634830 0.338464 -1.202994 -0.585249 -0.459960 -1.345111 4.478782 -1.560463 -4.908574
1776408808.863954 jaka_arm_right success 0.290372 -0.303496 -0.383787 0.398717 0.568502 0.635279 0.338011 -1.202874 -0.585715 -0.460041 -1.345442 4.478351 -1.560495 -4.908254
1776408808.872267 jaka_arm_right success 0.290396 -0.303490 -0.383792 0.398488 0.568590 0.635409 0.337888 -1.202248 -0.585671 -0.460382 -1.345166 4.477319 -1.560040 -4.908240
1776408808.880564 jaka_arm_right success 0.290439 -0.303442 -0.383774 0.398354 0.568525 0.635588 0.337818 -1.202248 -0.585671 -0.460382 -1.345166 4.477319 -1.560040 -4.908240
1776408808.888889 jaka_arm_right success 0.290395 -0.303429 -0.383780 0.398546 0.568635 0.635540 0.337498 -1.202291 -0.585880 -0.460468 -1.345398 4.477227 -1.559991 -4.907967
1776408808.897284 jaka_arm_right success 0.290427 -0.303443 -0.383779 0.398375 0.568756 0.635675 0.337242 -1.198630 -0.583429 -0.460862 -1.345683 4.476317 -1.557393 -4.904091
1776408808.905535 jaka_arm_right success 0.290455 -0.303457 -0.383785 0.398374 0.568894 0.635662 0.337032 -1.198630 -0.583429 -0.460862 -1.345683 4.476317 -1.557393 -4.904091
1776408808.913953 jaka_arm_right success 0.290489 -0.303425 -0.383793 0.398193 0.568913 0.635900 0.336767 -1.198708 -0.583673 -0.461105 -1.345799 4.475966 -1.557252 -4.903941
1776408808.922216 jaka_arm_right success 0.290422 -0.303317 -0.383816 0.398518 0.569057 0.636162 0.335641 -1.198795 -0.584213 -0.461850 -1.346104 4.474853 -1.556776 -4.903368
1776408808.938949 jaka_arm_right success 0.290473 -0.303229 -0.383875 0.398783 0.568885 0.636366 0.335232 -1.198854 -0.584268 -0.461894 -1.346509 4.475047 -1.556711 -4.902655
1776408808.947398 jaka_arm_right success 0.290370 -0.303205 -0.383865 0.399073 0.569537 0.636289 0.333922 -1.197670 -0.582357 -0.463400 -1.346924 4.473823 -1.554581 -4.899403
1776408808.955571 jaka_arm_right success 0.290372 -0.303131 -0.383870 0.398970 0.569667 0.636512 0.333400 -1.197362 -0.582677 -0.463452 -1.347061 4.473223 -1.554634 -4.899227
1776408808.972268 jaka_arm_right success 0.290449 -0.303130 -0.383907 0.398513 0.570181 0.636509 0.333071 -1.196375 -0.581820 -0.464048 -1.346500 4.472099 -1.553675 -4.898630
1776408808.980555 jaka_arm_right success 0.290632 -0.303169 -0.383949 0.398018 0.570232 0.636350 0.333880 -1.196017 -0.581550 -0.463788 -1.346200 4.472106 -1.553833 -4.898936
1776408808.988877 jaka_arm_right success 0.290683 -0.303127 -0.383950 0.398148 0.570234 0.636236 0.333939 -1.196017 -0.581550 -0.463788 -1.346200 4.472106 -1.553833 -4.898936
1776408808.997296 jaka_arm_right success 0.290712 -0.303099 -0.383959 0.397898 0.570432 0.636302 0.333773 -1.196017 -0.581550 -0.463788 -1.346200 4.472106 -1.553833 -4.898936
1776408809.005511 jaka_arm_right success 0.290689 -0.303064 -0.383959 0.397891 0.570688 0.636214 0.333511 -1.196063 -0.581377 -0.464106 -1.345913 4.471841 -1.553461 -4.899101
1776408809.013897 jaka_arm_right success 0.290693 -0.303050 -0.383964 0.397688 0.570938 0.636133 0.333478 -1.195688 -0.581148 -0.464478 -1.345333 4.471030 -1.552974 -4.899489
1776408809.030572 jaka_arm_right success 0.290586 -0.302878 -0.383949 0.396977 0.571751 0.636454 0.332320 -1.193337 -0.579910 -0.465556 -1.345457 4.469239 -1.550733 -4.896355
