case_1based,executing_arm,original_arm,x_m,y_m,z_m,Cmax_deg,span_deg,min_effective_margin_deg,tcp_path_m,place_yaw_deg,window_min_interarm_mm,window,source_report,charged_transition
1,far,far,-0.62,-0.1,0.03,100.44840242503511,93.28348105172569,18.81816837100395,1.0122629550829458,-67.5,86.14783098723214,w0001_gap85,/home/ethanqjiang/workspace/curobo/xtrainer_plan/results_overhead/20260930/v78_full_tray_dual_arm/runs/same_y_endpoint_safe_v4/w0001/far/result.json,
2,far,far,-0.62,-0.0736842105263158,0.03,185.6465155656168,92.74813936231655,17.331290830205536,0.7397058894985504,-67.5,86.14783098723214,w0001_gap85,/home/ethanqjiang/workspace/curobo/xtrainer_plan/results_overhead/20260930/v78_full_tray_dual_arm/runs/same_y_endpoint_safe_v4/w0001/far/result.json,
3,far,far,-0.62,-0.04736842105263159,0.03,200.0324853917404,107.50107305443,18.101722508204634,0.7033779555254391,-60.0,86.14783098723214,w0001_gap85,/home/ethanqjiang/workspace/curobo/xtrainer_plan/results_overhead/20260930/v78_full_tray_dual_arm/runs/same_y_endpoint_safe_v4/w0001/far/result.json,
4,far,far,-0.62,-0.02105263157894738,0.03,198.41115216203565,104.3512681394288,18.328074977298854,0.7761386910681787,-67.5,85.59464058373925,w0002_gap85,/home/ethanqjiang/workspace/curobo/xtrainer_plan/results_overhead/20260930/v78_full_tray_dual_arm/runs/same_y_endpoint_safe_v4/w0002/far/result.json,
5,far,far,-0.62,0.005263157894736831,0.03,181.94063250688635,90.87390813330838,18.818414257814073,0.7375383755385452,-67.5,85.59464058373925,w0002_gap85,/home/ethanqjiang/workspace/curobo/xtrainer_plan/results_overhead/20260930/v78_full_tray_dual_arm/runs/same_y_endpoint_safe_v4/w0002/far/result.json,
6,far,far,-0.62,0.03157894736842104,0.03,196.0095312913593,105.46846852158944,18.102883640363537,0.714339860924524,-60.0,85.59464058373925,w0002_gap85,/home/ethanqjiang/workspace/curobo/xtrainer_plan/results_overhead/20260930/v78_full_tray_dual_arm/runs/same_y_endpoint_safe_v4/w0002/far/result.json,
7,far,far,-0.62,0.05789473684210525,0.03,194.0517053770991,102.14727879238698,18.81816837100395,0.7759896862066058,-67.5,85.22822639748642,w0003_gap85,/home/ethanqjiang/workspace/curobo/xtrainer_plan/results_overhead/20260930/v78_full_tray_dual_arm/runs/same_y_endpoint_safe_v4/w0003/far/result.json,
8,far,far,-0.62,0.08421052631578946,0.03,177.1864793350988,88.46889948880391,18.818414257814073,0.7686655464240928,-67.5,85.22822639748642,w0003_gap85,/home/ethanqjiang/workspace/curobo/xtrainer_plan/results_overhead/20260930/v78_full_tray_dual_arm/runs/same_y_endpoint_safe_v4/w0003/far/result.json,
9,far,far,-0.62,0.11052631578947367,0.03,190.81296286136794,102.83342593602814,18.102692395066775,0.8255158314748883,-60.0,85.22822639748642,w0003_gap85,/home/ethanqjiang/workspace/curobo/xtrainer_plan/results_overhead/20260930/v78_full_tray_dual_arm/runs/same_y_endpoint_safe_v4/w0003/far/result.json,
10,far,far,-0.62,0.13684210526315788,0.03,188.3293284942331,99.24565904616196,18.81816837100395,0.8940668057639329,-67.5,86.05848752374534,w0004_gap85,/home/ethanqjiang/workspace/curobo/xtrainer_plan/results_overhead/20260930/v78_full_tray_dual_arm/runs/same_y_endpoint_safe_v4/w0004/far/result.json,
11,far,far,-0.62,0.16315789473684209,0.03,178.2636206577775,88.16486386318455,18.81799078608553,0.8453655157529285,-67.5,86.05848752374534,w0004_gap85,/home/ethanqjiang/workspace/curobo/xtrainer_plan/results_overhead/20260930/v78_full_tray_dual_arm/runs/same_y_endpoint_safe_v4/w0004/far/result.json,
12,far,far,-0.62,0.18947368421052632,0.03,183.77227750641956,99.25863982067956,18.101736168582974,0.9033665333274477,-60.0,86.05848752374534,w0004_gap85,/home/ethanqjiang/workspace/curobo/xtrainer_plan/results_overhead/20260930/v78_full_tray_dual_arm/runs/same_y_endpoint_safe_v4/w0004/far/result.json,
13,far,far,-0.62,0.2157894736842105,0.03,180.43528954966627,95.23231672949062,18.818072748355572,1.0159115226929933,-67.5,86.02633798731199,w0005_gap85,/home/ethanqjiang/workspace/curobo/xtrainer_plan/results_overhead/20260930/v78_full_tray_dual_arm/runs/same_y_endpoint_safe_v4/w0005/far/result.json,
14,far,far,-0.62,0.24210526315789468,0.03,195.68914077777245,94.25616658387992,18.818414257814073,0.9884525337604466,-67.5,86.02633798731199,w0005_gap85,/home/ethanqjiang/workspace/curobo/xtrainer_plan/results_overhead/20260930/v78_full_tray_dual_arm/runs/same_y_endpoint_safe_v4/w0005/far/result.json,
15,far,far,-0.62,0.2684210526315789,0.03,176.56517459234308,94.09254598721768,18.102733376201794,1.0019666372473326,-60.0,86.02633798731199,w0005_gap85,/home/ethanqjiang/workspace/curobo/xtrainer_plan/results_overhead/20260930/v78_full_tray_dual_arm/runs/same_y_endpoint_safe_v4/w0005/far/result.json,
16,far,far,-0.62,0.2947368421052632,0.03,182.85736342181235,94.53891250985635,18.81816837100395,1.0892729311507892,-67.5,71.90499032033426,w0006_gap70,/home/ethanqjiang/workspace/curobo/xtrainer_plan/results_overhead/20260930/v78_full_tray_dual_arm/runs/same_y_endpoint_safe_v4/w0006/far/result.json,
17,far,far,-0.62,0.32105263157894737,0.03,198.81867198376992,93.59234049844638,18.818414257814073,1.1385089105743846,-67.5,71.90499032033426,w0006_gap70,/home/ethanqjiang/workspace/curobo/xtrainer_plan/results_overhead/20260930/v78_full_tray_dual_arm/runs/same_y_endpoint_safe_v4/w0006/far/result.json,
18,far,far,-0.62,0.34736842105263155,0.03,186.82949066948441,94.10903747896867,18.103361753605437,1.1611186155290456,-60.0,71.90499032033426,w0006_gap70,/home/ethanqjiang/workspace/curobo/xtrainer_plan/results_overhead/20260930/v78_full_tray_dual_arm/runs/same_y_endpoint_safe_v4/w0006/far/result.json,
19,far,far,-0.62,0.37368421052631573,0.03,200.09052833930696,103.23980170107637,18.81816837100395,1.2097868334943085,-67.5,85.02189186196956,w0007_gap85,/home/ethanqjiang/workspace/curobo/xtrainer_plan/results_overhead/20260930/v78_full_tray_dual_arm/runs/same_y_endpoint_safe_v4/w0007/far/result.json,
20,far,far,-0.62,0.4,0.03,207.06708163304398,104.2274504701548,18.102132319554833,1.2600683433897921,-60.0,85.02189186196956,w0007_gap85,/home/ethanqjiang/workspace/curobo/xtrainer_plan/results_overhead/20260930/v78_full_tray_dual_arm/runs/same_y_endpoint_safe_v4/w0007/far/result.json,
21,far,far,-0.5978947368421053,-0.1,0.03,198.6907083896697,104.50269172578069,18.81816837100395,0.7493975399893051,-67.5,85.56488155531694,w0014_gap85,/home/ethanqjiang/workspace/curobo/xtrainer_plan/results_overhead/20260930/v78_full_tray_dual_arm/runs/same_y_endpoint_safe_v4/w0014/far/result.json,
22,far,far,-0.5978947368421053,-0.0736842105263158,0.03,197.8977917289229,106.43353156262994,18.102706055445115,0.7716169957720008,-60.0,85.5659447748875,w0013_gap85,/home/ethanqjiang/workspace/curobo/xtrainer_plan/results_overhead/20260930/v78_full_tray_dual_arm/runs/same_y_endpoint_safe_v4/w0013/far/result.json,
23,far,far,-0.5978947368421053,-0.04736842105263159,0.03,181.11873876858576,90.46740771730776,18.818414257814073,0.7571658148684806,-67.5,85.5659447748875,w0013_gap85,/home/ethanqjiang/workspace/curobo/xtrainer_plan/results_overhead/20260930/v78_full_tray_dual_arm/runs/same_y_endpoint_safe_v4/w0013/far/result.json,
24,far,far,-0.5978947368421053,-0.02105263157894738,0.03,194.8903706449069,102.58581108804766,18.81816837100395,0.7741792827260974,-67.5,85.5659447748875,w0013_gap85,/home/ethanqjiang/workspace/curobo/xtrainer_plan/results_overhead/20260930/v78_full_tray_dual_arm/runs/same_y_endpoint_safe_v4/w0013/far/result.json,
25,far,far,-0.5978947368421053,0.005263157894736831,0.03,193.7978135852718,104.36456481019552,18.101736168582974,0.7823337993324226,-60.0,85.28368317534158,w0012_gap85,/home/ethanqjiang/workspace/curobo/xtrainer_plan/results_overhead/20260930/v78_full_tray_dual_arm/runs/same_y_endpoint_safe_v4/w0012/far/result.json,
26,far,far,-0.5978947368421053,0.03157894736842104,0.03,176.68375692161825,88.22553814112908,18.48531959237089,0.7823171437119529,-67.5,85.28368317534158,w0012_gap85,/home/ethanqjiang/workspace/curobo/xtrainer_plan/results_overhead/20260930/v78_full_tray_dual_arm/runs/same_y_endpoint_safe_v4/w0012/far/result.json,
27,far,far,-0.5978947368421053,0.05789473684210525,0.03,190.07931516714427,100.14705447885417,18.818072748355572,0.8195544741884513,-67.5,85.28368317534158,w0012_gap85,/home/ethanqjiang/workspace/curobo/xtrainer_plan/results_overhead/20260930/v78_full_tray_dual_arm/runs/same_y_endpoint_safe_v4/w0012/far/result.json,
28,far,far,-0.5978947368421053,0.08421052631578946,0.03,188.55317428390194,101.70737875134502,18.101708847826295,0.8436096020735886,-60.0,85.83573404276493,w0011_gap85,/home/ethanqjiang/workspace/curobo/xtrainer_plan/results_overhead/20260930/v78_full_tray_dual_arm/runs/same_y_endpoint_safe_v4/w0011/far/result.json,
29,far,far,-0.5978947368421053,0.11052631578947367,0.03,170.93787052762892,85.316043186791,18.818414257814073,0.818165097215068,-67.5,85.83573404276493,w0011_gap85,/home/ethanqjiang/workspace/curobo/xtrainer_plan/results_overhead/20260930/v78_full_tray_dual_arm/runs/same_y_endpoint_safe_v4/w0011/far/result.json,
30,far,far,-0.5978947368421053,0.13684210526315788,0.03,183.7526987691636,96.94459392799405,18.81816837100395,0.8909833627731036,-67.5,85.83573404276493,w0011_gap85,/home/ethanqjiang/workspace/curobo/xtrainer_plan/results_overhead/20260930/v78_full_tray_dual_arm/runs/same_y_endpoint_safe_v4/w0011/far/result.json,
31,far,far,-0.5978947368421053,0.16315789473684209,0.03,181.5675880649875,98.1641515250565,18.103088546038634,0.9015592779466124,-60.0,85.47515535057956,w0010_gap85,/home/ethanqjiang/workspace/curobo/xtrainer_plan/results_overhead/20260930/v78_full_tray_dual_arm/runs/same_y_endpoint_safe_v4/w0010/far/result.json,
32,far,far,-0.5978947368421053,0.18947368421052632,0.03,182.3209340247778,89.45459823887431,18.81800444646387,0.9574494273860834,-67.5,85.47515535057956,w0010_gap85,/home/ethanqjiang/workspace/curobo/xtrainer_plan/results_overhead/20260930/v78_full_tray_dual_arm/runs/same_y_endpoint_safe_v4/w0010/far/result.json,
33,far,far,-0.5978947368421053,0.2157894736842105,0.03,175.08278107073477,92.53565217723745,18.81805908797723,1.0029541265478479,-67.5,85.47515535057956,w0010_gap85,/home/ethanqjiang/workspace/curobo/xtrainer_plan/results_overhead/20260930/v78_full_tray_dual_arm/runs/same_y_endpoint_safe_v4/w0010/far/result.json,
34,far,far,-0.5978947368421053,0.24210526315789468,0.03,171.8033477030233,93.1953289227502,18.102624093175073,1.0549130469594274,-60.0,85.01533197977312,w0009_gap85,/home/ethanqjiang/workspace/curobo/xtrainer_plan/results_overhead/20260930/v78_full_tray_dual_arm/runs/same_y_endpoint_safe_v4/w0009/far/result.json,
35,far,far,-0.5978947368421053,0.2684210526315789,0.03,195.86118641277608,93.70859031811999,18.818414257814073,1.0805595032744852,-67.5,85.01533197977312,w0009_gap85,/home/ethanqjiang/workspace/curobo/xtrainer_plan/results_overhead/20260930/v78_full_tray_dual_arm/runs/same_y_endpoint_safe_v4/w0009/far/result.json,
36,far,far,-0.5978947368421053,0.2947368421052632,0.03,180.7897353864556,93.71087160130277,18.81752633322197,1.169432987698129,-67.5,85.01533197977312,w0009_gap85,/home/ethanqjiang/workspace/curobo/xtrainer_plan/results_overhead/20260930/v78_full_tray_dual_arm/runs/same_y_endpoint_safe_v4/w0009/far/result.json,
37,far,far,-0.5978947368421053,0.32105263157894737,0.03,175.427381189835,85.93277341035002,18.102706055445115,1.1767235343379618,-60.0,87.06700976037915,w0008_gap85,/home/ethanqjiang/workspace/curobo/xtrainer_plan/results_overhead/20260930/v78_full_tray_dual_arm/runs/same_y_endpoint_safe_v4/w0008/far/result.json,
38,far,far,-0.5978947368421053,0.34736842105263155,0.03,195.84876912886477,95.50375015465423,18.818414257814073,1.2126198195711377,-67.5,87.06700976037915,w0008_gap85,/home/ethanqjiang/workspace/curobo/xtrainer_plan/results_overhead/20260930/v78_full_tray_dual_arm/runs/same_y_endpoint_safe_v4/w0008/far/result.json,
39,far,far,-0.5978947368421053,0.37368421052631573,0.03,195.0757932053997,100.7315496246253,18.818072748355572,1.2208646222327917,-67.5,87.06700976037915,w0008_gap85,/home/ethanqjiang/workspace/curobo/xtrainer_plan/results_overhead/20260930/v78_full_tray_dual_arm/runs/same_y_endpoint_safe_v4/w0008/far/result.json,
40,far,far,-0.5978947368421053,0.4,0.03,195.49206249946081,97.7458980610416,18.103293451713736,1.2534090813121002,-60.0,85.02189186196956,w0007_gap85,/home/ethanqjiang/workspace/curobo/xtrainer_plan/results_overhead/20260930/v78_full_tray_dual_arm/runs/same_y_endpoint_safe_v4/w0007/far/result.json,
41,far,far,-0.5757894736842105,-0.1,0.03,180.41069403846564,90.1198501262971,18.818414257814073,0.7693265143247873,-67.5,85.56488155531694,w0014_gap85,/home/ethanqjiang/workspace/curobo/xtrainer_plan/results_overhead/20260930/v78_full_tray_dual_arm/runs/same_y_endpoint_safe_v4/w0014/far/result.json,
42,far,far,-0.5757894736842105,-0.0736842105263158,0.03,194.6387396456947,104.79936611502207,18.102391866743293,0.7925758078839671,-60.0,85.56488155531694,w0014_gap85,/home/ethanqjiang/workspace/curobo/xtrainer_plan/results_overhead/20260930/v78_full_tray_dual_arm/runs/same_y_endpoint_safe_v4/w0014/far/result.json,
43,far,far,-0.5757894736842105,-0.04736842105263159,0.03,192.89438104865917,101.58105952528751,18.81816837100395,0.7776135910704827,-67.5,85.30667014212659,w0015_gap85,/home/ethanqjiang/workspace/curobo/xtrainer_plan/results_overhead/20260930/v78_full_tray_dual_arm/runs/same_y_endpoint_safe_v4/w0015/far/result.json,
44,far,far,-0.5757894736842105,-0.02105263157894738,0.03,176.26187321205978,88.02310328696095,18.818414257814073,0.7683166858652146,-67.5,85.30667014212659,w0015_gap85,/home/ethanqjiang/workspace/curobo/xtrainer_plan/results_overhead/20260930/v78_full_tray_dual_arm/runs/same_y_endpoint_safe_v4/w0015/far/result.json,
45,far,far,-0.5757894736842105,0.005263157894736831,0.03,190.1685891546908,102.53659103734125,18.102624093175073,0.7660509368313957,-60.0,85.30667014212659,w0015_gap85,/home/ethanqjiang/workspace/curobo/xtrainer_plan/results_overhead/20260930/v78_full_tray_dual_arm/runs/same_y_endpoint_safe_v4/w0015/far/result.json,
46,far,far,-0.5757894736842105,0.03157894736842104,0.03,188.05017183266546,99.1288491509764,18.81805908797723,0.8284223403791178,-67.5,85.77004484710987,w0016_gap85,/home/ethanqjiang/workspace/curobo/xtrainer_plan/results_overhead/20260930/v78_full_tray_dual_arm/runs/same_y_endpoint_safe_v4/w0016/far/result.json,
47,far,far,-0.5757894736842105,0.05789473684210525,0.03,171.00526741926407,85.3654015488281,18.81800444646387,0.8087054675526602,-67.5,85.77004484710987,w0016_gap85,/home/ethanqjiang/workspace/curobo/xtrainer_plan/results_overhead/20260930/v78_full_tray_dual_arm/runs/same_y_endpoint_safe_v4/w0016/far/result.json,
48,far,far,-0.5757894736842105,0.08421052631578946,0.03,184.4371759315523,99.63655760255095,18.102883640363537,0.8535498429615103,-60.0,85.77004484710987,w0016_gap85,/home/ethanqjiang/workspace/curobo/xtrainer_plan/results_overhead/20260930/v78_full_tray_dual_arm/runs/same_y_endpoint_safe_v4/w0016/far/result.json,
49,far,far,-0.5757894736842105,0.11052631578947367,0.03,181.77950151417633,95.95781088539292,18.81774489927541,0.8651091839133878,-67.5,55.11815830921574,w0017_gap55,/home/ethanqjiang/workspace/curobo/xtrainer_plan/results_overhead/20260930/v78_full_tray_dual_arm/runs/same_y_endpoint_safe_v4/w0017/far/result.json,
50,far,far,-0.5757894736842105,0.13684210526315788,0.03,164.12612286837535,81.87751422274232,18.818414257814073,0.8831641796969321,-67.5,55.11815830921574,w0017_gap55,/home/ethanqjiang/workspace/curobo/xtrainer_plan/results_overhead/20260930/v78_full_tray_dual_arm/runs/same_y_endpoint_safe_v4/w0017/far/result.json,
51,far,far,-0.5757894736842105,0.16315789473684209,0.03,176.84488108413873,95.7887876090972,18.102883640363537,0.9388617722113859,-60.0,55.11815830921574,w0017_gap55,/home/ethanqjiang/workspace/curobo/xtrainer_plan/results_overhead/20260930/v78_full_tray_dual_arm/runs/same_y_endpoint_safe_v4/w0017/far/result.json,
52,far,far,-0.5757894736842105,0.18947368421052632,0.03,173.36895000419537,91.68951126738335,18.81775855965375,0.9716766824099623,-67.5,55.04813742797468,w0018_gap55,/home/ethanqjiang/workspace/curobo/xtrainer_plan/results_overhead/20260930/v78_full_tray_dual_arm/runs/same_y_endpoint_safe_v4/w0018/far/result.json,
53,far,far,-0.5757894736842105,0.2157894736842105,0.03,184.47956408554174,89.84348188945816,18.81800444646387,1.008194785649554,-67.5,55.04813742797468,w0018_gap55,/home/ethanqjiang/workspace/curobo/xtrainer_plan/results_overhead/20260930/v78_full_tray_dual_arm/runs/same_y_endpoint_safe_v4/w0018/far/result.json,
54,far,far,-0.5757894736842105,0.24210526315789468,0.03,167.37210196953228,90.44137615883356,18.101722508204634,1.052615272300752,-60.0,55.04813742797468,w0018_gap55,/home/ethanqjiang/workspace/curobo/xtrainer_plan/results_overhead/20260930/v78_full_tray_dual_arm/runs/same_y_endpoint_safe_v4/w0018/far/result.json,
55,far,far,-0.5757894736842105,0.2684210526315789,0.03,175.96081213382368,92.25857189317755,18.81816837100395,1.084961854331839,-67.5,70.24833350145812,w0019_gap70,/home/ethanqjiang/workspace/curobo/xtrainer_plan/results_overhead/20260930/v78_full_tray_dual_arm/runs/same_y_endpoint_safe_v4/w0019/far/result.json,
56,far,far,-0.5757894736842105,0.2947368421052632,0.03,194.37397419270835,92.45266879391639,18.818414257814073,1.1087227703994558,-67.5,70.24833350145812,w0019_gap70,/home/ethanqjiang/workspace/curobo/xtrainer_plan/results_overhead/20260930/v78_full_tray_dual_arm/runs/same_y_endpoint_safe_v4/w0019/far/result.json,
57,far,far,-0.5757894736842105,0.32105263157894737,0.03,172.9944473169088,83.16482388127672,18.102706055445115,1.153866997694855,-60.0,70.24833350145812,w0019_gap70,/home/ethanqjiang/workspace/curobo/xtrainer_plan/results_overhead/20260930/v78_full_tray_dual_arm/runs/same_y_endpoint_safe_v4/w0019/far/result.json,
58,far,far,-0.5757894736842105,0.34736842105263155,0.03,178.79251977125173,92.59079741704885,18.81805908797723,1.186138763794519,-67.5,71.6633870703465,w0020_gap70,/home/ethanqjiang/workspace/curobo/xtrainer_plan/results_overhead/20260930/v78_full_tray_dual_arm/runs/same_y_endpoint_safe_v4/w0020/far/result.json,
59,far,far,-0.5757894736842105,0.37368421052631573,0.03,195.37535164201833,97.68751872665821,18.818414257814073,1.2336868067097952,-67.5,71.6633870703465,w0020_gap70,/home/ethanqjiang/workspace/curobo/xtrainer_plan/results_overhead/20260930/v78_full_tray_dual_arm/runs/same_y_endpoint_safe_v4/w0020/far/result.json,
60,far,far,-0.5757894736842105,0.4,0.03,195.52973099273322,98.45889126321548,18.102883640363537,1.2871056794107356,-60.0,71.6633870703465,w0020_gap70,/home/ethanqjiang/workspace/curobo/xtrainer_plan/results_overhead/20260930/v78_full_tray_dual_arm/runs/same_y_endpoint_safe_v4/w0020/far/result.json,
61,far,far,-0.5536842105263158,-0.1,0.03,192.42562858101607,101.35633264121576,18.81816837100395,0.8040317841109346,-67.5,70.04353321041906,w0028_gap70,/home/ethanqjiang/workspace/curobo/xtrainer_plan/results_overhead/20260930/v78_full_tray_dual_arm/runs/same_y_endpoint_safe_v4/w0028/far/result.json,
62,far,far,-0.5536842105263158,-0.0736842105263158,0.03,191.4293464528266,103.18315552719488,18.101722508204634,0.8064718085458086,-60.0,70.35391156148704,w0027_gap70,/home/ethanqjiang/workspace/curobo/xtrainer_plan/results_overhead/20260930/v78_full_tray_dual_arm/runs/same_y_endpoint_safe_v4/w0027/far/result.json,
63,far,far,-0.5536842105263158,-0.04736842105263159,0.03,174.4132825131956,87.0954508995519,18.818414257814073,0.8228672434547932,-67.5,70.35391156148704,w0027_gap70,/home/ethanqjiang/workspace/curobo/xtrainer_plan/results_overhead/20260930/v78_full_tray_dual_arm/runs/same_y_endpoint_safe_v4/w0027/far/result.json,
64,far,far,-0.5536842105263158,-0.02105263157894738,0.03,187.93318093746709,99.08597093091434,18.81816837100395,0.828828145411127,-67.5,70.35391156148704,w0027_gap70,/home/ethanqjiang/workspace/curobo/xtrainer_plan/results_overhead/20260930/v78_full_tray_dual_arm/runs/same_y_endpoint_safe_v4/w0027/far/result.json,
65,far,far,-0.5536842105263158,0.005263157894736831,0.03,186.5802843874274,100.73312398322899,18.101736168582974,0.8223694350631017,-60.0,70.75785336007037,w0026_gap70,/home/ethanqjiang/workspace/curobo/xtrainer_plan/results_overhead/20260930/v78_full_tray_dual_arm/runs/same_y_endpoint_safe_v4/w0026/far/result.json,
66,far,far,-0.5536842105263158,0.03157894736842104,0.03,169.16971213643077,84.44886870938785,18.818414257814073,0.851843141402697,-67.5,70.75785336007037,w0026_gap70,/home/ethanqjiang/workspace/curobo/xtrainer_plan/results_overhead/20260930/v78_full_tray_dual_arm/runs/same_y_endpoint_safe_v4/w0026/far/result.json,
67,far,far,-0.5536842105263158,0.05789473684210525,0.03,182.2492614347223,96.21268793200841,18.81816837100395,0.8428049919047188,-67.5,70.75785336007037,w0026_gap70,/home/ethanqjiang/workspace/curobo/xtrainer_plan/results_overhead/20260930/v78_full_tray_dual_arm/runs/same_y_endpoint_safe_v4/w0026/far/result.json,
68,far,far,-0.5536842105263158,0.08421052631578946,0.03,180.40189675481446,97.6068934661481,18.102391866743293,0.8775637874420794,-60.0,85.01843757665995,w0025_gap85,/home/ethanqjiang/workspace/curobo/xtrainer_plan/results_overhead/20260930/v78_full_tray_dual_arm/runs/same_y_endpoint_safe_v4/w0025/far/result.json,
69,far,far,-0.5536842105263158,0.11052631578947367,0.03,162.42513255747534,81.03355726587533,18.818414257814073,0.8881099182806669,-67.5,85.01843757665995,w0025_gap85,/home/ethanqjiang/workspace/curobo/xtrainer_plan/results_overhead/20260930/v78_full_tray_dual_arm/runs/same_y_endpoint_safe_v4/w0025/far/result.json,
70,far,far,-0.5536842105263158,0.13684210526315788,0.03,174.86067697930463,92.46733662515899,18.81816837100395,0.9325043992052728,-67.5,85.01843757665995,w0025_gap85,/home/ethanqjiang/workspace/curobo/xtrainer_plan/results_overhead/20260930/v78_full_tray_dual_arm/runs/same_y_endpoint_safe_v4/w0025/far/result.json,
71,far,far,-0.5536842105263158,0.16315789473684209,0.03,172.25562233929398,93.47684541467605,18.102050357284792,0.9571878570366451,-60.0,70.05764347697752,w0024_gap70,/home/ethanqjiang/workspace/curobo/xtrainer_plan/results_overhead/20260930/v78_full_tray_dual_arm/runs/same_y_endpoint_safe_v4/w0024/far/result.json,
72,far,far,-0.5536842105263158,0.18947368421052632,0.03,173.8164708288037,85.46340451813404,18.818414257814073,0.981220351276582,-67.5,70.05764347697752,w0024_gap70,/home/ethanqjiang/workspace/curobo/xtrainer_plan/results_overhead/20260930/v78_full_tray_dual_arm/runs/same_y_endpoint_safe_v4/w0024/far/result.json,
73,far,far,-0.5536842105263158,0.2157894736842105,0.03,164.82989531516975,87.7484887011914,18.81816837100395,1.014256670565258,-67.5,70.05764347697752,w0024_gap70,/home/ethanqjiang/workspace/curobo/xtrainer_plan/results_overhead/20260930/v78_full_tray_dual_arm/runs/same_y_endpoint_safe_v4/w0024/far/result.json,
74,far,far,-0.5536842105263158,0.24210526315789468,0.03,163.00174395739668,87.77807366558132,18.102719715823454,1.0882818892256967,-60.0,70.19896121093231,w0023_gap70,/home/ethanqjiang/workspace/curobo/xtrainer_plan/results_overhead/20260930/v78_full_tray_dual_arm/runs/same_y_endpoint_safe_v4/w0023/far/result.json,
75,far,far,-0.5536842105263158,0.2684210526315789,0.03,188.38127549796562,90.4156741569868,18.818414257814073,1.102601199893798,-67.5,70.19896121093231,w0023_gap70,/home/ethanqjiang/workspace/curobo/xtrainer_plan/results_overhead/20260930/v78_full_tray_dual_arm/runs/same_y_endpoint_safe_v4/w0023/far/result.json,
76,far,far,-0.5536842105263158,0.2947368421052632,0.03,174.03722595787295,90.81240227983241,18.81816837100395,1.1037138701246527,-67.5,70.19896121093231,w0023_gap70,/home/ethanqjiang/workspace/curobo/xtrainer_plan/results_overhead/20260930/v78_full_tray_dual_arm/runs/same_y_endpoint_safe_v4/w0023/far/result.json,
77,far,far,-0.5536842105263158,0.32105263157894737,0.03,169.65757205827762,80.077423843401,18.102624093175073,1.1920819624963612,-60.0,85.04175777752252,w0022_gap85,/home/ethanqjiang/workspace/curobo/xtrainer_plan/results_overhead/20260930/v78_full_tray_dual_arm/runs/same_y_endpoint_safe_v4/w0022/far/result.json,
78,far,far,-0.5536842105263158,0.34736842105263155,0.03,191.23384594821343,89.93702816033066,18.818414257814073,1.2150933540048865,-67.5,85.04175777752252,w0022_gap85,/home/ethanqjiang/workspace/curobo/xtrainer_plan/results_overhead/20260930/v78_full_tray_dual_arm/runs/same_y_endpoint_safe_v4/w0022/far/result.json,
79,far,far,-0.5536842105263158,0.37368421052631573,0.03,182.06586744041323,94.2260813081333,18.818810408785932,1.2746280693017158,-67.5,85.04175777752252,w0022_gap85,/home/ethanqjiang/workspace/curobo/xtrainer_plan/results_overhead/20260930/v78_full_tray_dual_arm/runs/same_y_endpoint_safe_v4/w0022/far/result.json,
80,far,far,-0.5536842105263158,0.4,0.03,181.87265846426632,90.93772600581839,18.103307112092075,1.2886436594846216,-60.0,65.76706640124247,w0021_pair1_gap55,/home/ethanqjiang/workspace/curobo/xtrainer_plan/results_overhead/20260930/v78_full_tray_dual_arm/runs/same_y_endpoint_safe_v4/w0021/far_single1/result.json,
81,far,far,-0.531578947368421,-0.1,0.03,174.19566244095537,86.9987644492085,18.818414257814073,0.8338833334853577,-67.5,70.04353321041906,w0028_gap70,/home/ethanqjiang/workspace/curobo/xtrainer_plan/results_overhead/20260930/v78_full_tray_dual_arm/runs/same_y_endpoint_safe_v4/w0028/far/result.json,
82,far,far,-0.531578947368421,-0.0736842105263158,0.03,188.22486758106706,101.5757319777349,18.101708847826295,0.8396408092786711,-60.0,70.04353321041906,w0028_gap70,/home/ethanqjiang/workspace/curobo/xtrainer_plan/results_overhead/20260930/v78_full_tray_dual_arm/runs/same_y_endpoint_safe_v4/w0028/far/result.json,
83,far,far,-0.531578947368421,-0.04736842105263159,0.03,186.24282523110463,98.23912138893385,18.81816837100395,0.8733711458946858,-67.5,70.89912537098058,w0029_gap70,/home/ethanqjiang/workspace/curobo/xtrainer_plan/results_overhead/20260930/v78_full_tray_dual_arm/runs/same_y_endpoint_safe_v4/w0029/far/result.json,
84,far,far,-0.531578947368421,-0.02105263157894738,0.03,169.37652684940446,84.56339219874874,18.818414257814073,0.8497691017169597,-67.5,70.89912537098058,w0029_gap70,/home/ethanqjiang/workspace/curobo/xtrainer_plan/results_overhead/20260930/v78_full_tray_dual_arm/runs/same_y_endpoint_safe_v4/w0029/far/result.json,
85,far,far,-0.531578947368421,0.005263157894736831,0.03,183.02934758511316,98.94919297769026,18.102719715823454,0.8707091778457081,-60.0,70.89912537098058,w0029_gap70,/home/ethanqjiang/workspace/curobo/xtrainer_plan/results_overhead/20260930/v78_full_tray_dual_arm/runs/same_y_endpoint_safe_v4/w0029/far/result.json,
86,far,far,-0.531578947368421,0.03157894736842104,0.03,196.14680784839265,97.92758109296395,18.102624093175073,0.8647173072603239,-60.0,73.81664863987453,w0030_pair1_gap70,/home/ethanqjiang/workspace/curobo/xtrainer_plan/results_overhead/20260930/v78_full_tray_dual_arm/runs/same_y_endpoint_safe_v4/w0030/far_single1/result.json,
87,far,far,-0.531578947368421,0.05789473684210525,0.03,193.95544069093725,96.81881770197555,18.103361753605437,0.8960484305722696,-60.0,70.6205542378897,w0031_pair1_gap70,/home/ethanqjiang/workspace/curobo/xtrainer_plan/results_overhead/20260930/v78_full_tray_dual_arm/runs/same_y_endpoint_safe_v4/w0031/far_single1/result.json,
88,far,far,-0.531578947368421,0.08421052631578946,0.03,191.57663606718347,95.61234845491013,18.102145979933173,0.9308193364249688,-60.0,56.373749021671834,w0032_pair1_gap55,/home/ethanqjiang/workspace/curobo/xtrainer_plan/results_overhead/20260930/v78_full_tray_dual_arm/runs/same_y_endpoint_safe_v4/w0032/far_single1/result.json,
89,far,far,-0.531578947368421,0.11052631578947367,0.03,188.95513433165183,94.28790305785837,18.103307112092075,0.9343869318787263,-60.0,70.62619798505662,p57p5_m60_gap70,/home/ethanqjiang/workspace/curobo/xtrainer_plan/results_overhead/20260930/v78_full_tray_dual_arm/runs/same_y_endpoint_safe_v4/w0033/far_single1/result.json,
90,far,far,-0.531578947368421,0.13684210526315788,0.03,186.08569672924855,92.83424072699373,18.103307112092075,0.9618306039029005,-60.0,56.037630675076336,w0034_pair1_gap55,/home/ethanqjiang/workspace/curobo/xtrainer_plan/results_overhead/20260930/v78_full_tray_dual_arm/runs/same_y_endpoint_safe_v4/w0034/far_single1/result.json,
91,far,far,-0.531578947368421,0.16315789473684209,0.03,182.92110616224156,91.22882183805515,18.103293451713736,0.9891418884547335,-60.0,55.35004878756336,w0035_pair1_gap55,/home/ethanqjiang/workspace/curobo/xtrainer_plan/results_overhead/20260930/v78_full_tray_dual_arm/runs/same_y_endpoint_safe_v4/w0035/far_single1/result.json,
92,far,far,-0.531578947368421,0.18947368421052632,0.03,179.4115022496899,89.44926727622712,18.103279791335396,1.019520217545342,-60.0,55.61764620880713,w0036_pair1_gap55,/home/ethanqjiang/workspace/curobo/xtrainer_plan/results_overhead/20260930/v78_full_tray_dual_arm/runs/same_y_endpoint_safe_v4/w0036/far_single1/result.json,
93,far,far,-0.531578947368421,0.2157894736842105,0.03,175.50945615799645,87.46658288848289,18.103307112092075,1.0485934775824424,-60.0,56.93521002652652,w0037_pair1_gap55,/home/ethanqjiang/workspace/curobo/xtrainer_plan/results_overhead/20260930/v78_full_tray_dual_arm/runs/same_y_endpoint_safe_v4/w0037/far_single1/result.json,
94,far,far,-0.531578947368421,0.24210526315789468,0.03,171.14537508970847,85.25029578584046,18.103225149822038,1.0899491655144868,-60.0,55.00342520313632,w0038_pair1_gap55,/home/ethanqjiang/workspace/curobo/xtrainer_plan/results_overhead/20260930/v78_full_tray_dual_arm/runs/same_y_endpoint_safe_v4/w0038/far_single1/result.json,
95,far,far,-0.531578947368421,0.2684210526315789,0.03,166.2396395296711,82.75697621046234,18.102132319554833,1.1369148932103275,-60.0,55.63714862359013,w0039_pair1_gap55,/home/ethanqjiang/workspace/curobo/xtrainer_plan/results_overhead/20260930/v78_full_tray_dual_arm/runs/same_y_endpoint_safe_v4/w0039/far_single1/result.json,
96,far,far,-0.531578947368421,0.2947368421052632,0.03,160.70520554710131,79.93815713999807,18.102145979933173,1.1667049602238468,-60.0,70.21428480589128,w0040_pair1_gap70,/home/ethanqjiang/workspace/curobo/xtrainer_plan/results_overhead/20260930/v78_full_tray_dual_arm/runs/same_y_endpoint_safe_v4/w0040/far_single1/result.json,
97,far,far,-0.531578947368421,0.32105263157894737,0.03,154.410831057098,76.73683381563475,18.103279791335396,1.1917590215657885,-60.0,55.06255306326924,w0041_yaw_np55_fm60_gap55,/home/ethanqjiang/workspace/curobo/xtrainer_plan/results_overhead/20260930/v78_full_tray_dual_arm/runs/same_y_endpoint_safe_v4/w0041/far_single1/result.json,
98,far,far,-0.531578947368421,0.34736842105263155,0.03,156.0743851011573,78.03719596567305,18.103307112092075,1.2294035549375901,-60.0,57.167545626416846,w0042_pair1_gap55,/home/ethanqjiang/workspace/curobo/xtrainer_plan/results_overhead/20260930/v78_full_tray_dual_arm/runs/same_y_endpoint_safe_v4/w0042/far_single1/result.json,
99,far,far,-0.531578947368421,0.37368421052631573,0.03,170.63917269484574,87.19406004814667,18.632756055794786,1.294414938690863,-65.0,55.376339002273546,w0043_yaw_np50_fm65_gap55,/home/ethanqjiang/workspace/curobo/xtrainer_plan/results_overhead/20260930/v78_full_tray_dual_arm/runs/same_y_endpoint_safe_v4/w0043/yaw_fallback/far_m65/result.json,
100,far,far,-0.531578947368421,0.4,0.03,177.7391031106555,88.24802824651863,18.103225149822038,1.3081803378824939,-60.0,70.40286226050796,w0044_pair1_gap70,/home/ethanqjiang/workspace/curobo/xtrainer_plan/results_overhead/20260930/v78_full_tray_dual_arm/runs/same_y_endpoint_safe_v4/w0044/far_single1/result.json,
101,far,far,-0.5094736842105263,-0.1,0.03,201.78954131044225,100.79076394963472,18.103361753605437,0.8648177930880134,-60.0,70.41384635821468,w0064_pair1_gap70,/home/ethanqjiang/workspace/curobo/xtrainer_plan/results_overhead/20260930/v78_full_tray_dual_arm/runs/same_y_endpoint_safe_v4/w0064/far_single1/result.json,
102,far,far,-0.5094736842105263,-0.0736842105263158,0.03,200.2026288190599,99.98883143918353,18.102132319554833,0.8715923123679985,-60.0,55.76896811800716,w0063_pair1_gap55,/home/ethanqjiang/workspace/curobo/xtrainer_plan/results_overhead/20260930/v78_full_tray_dual_arm/runs/same_y_endpoint_safe_v4/w0063/far_single1/result.json,
103,far,far,-0.5094736842105263,-0.04736842105263159,0.03,198.49969873443555,99.12744213200737,18.102132319554833,0.8548496821276947,-60.0,55.76726821990457,w0062_pair1_gap55,/home/ethanqjiang/workspace/curobo/xtrainer_plan/results_overhead/20260930/v78_full_tray_dual_arm/runs/same_y_endpoint_safe_v4/w0062/far_single1/result.json,
104,far,far,-0.5094736842105263,-0.02105263157894738,0.03,196.66290035717356,98.20000831065178,18.102145979933173,0.8856365545689148,-60.0,70.80311899098324,w0061_pair1_gap70,/home/ethanqjiang/workspace/curobo/xtrainer_plan/results_overhead/20260930/v78_full_tray_dual_arm/runs/same_y_endpoint_safe_v4/w0061/far_single1/result.json,
105,far,far,-0.5094736842105263,0.005263157894736831,0.03,194.67250810095115,97.19822446508601,18.103307112092075,0.8972400723885023,-60.0,70.96976449306383,w0060_pair1_gap70,/home/ethanqjiang/workspace/curobo/xtrainer_plan/results_overhead/20260930/v78_full_tray_dual_arm/runs/same_y_endpoint_safe_v4/w0060/far_single1/result.json,
106,far,far,-0.5094736842105263,0.03157894736842104,0.03,192.54017085339734,96.11807444407809,18.103361753605437,0.901003804843463,-60.0,70.74292163293558,w0059_pair1_gap70,/home/ethanqjiang/workspace/curobo/xtrainer_plan/results_overhead/20260930/v78_full_tray_dual_arm/runs/same_y_endpoint_safe_v4/w0059/far_single1/result.json,
107,far,far,-0.5094736842105263,0.05789473684210525,0.03,190.2162809505704,94.9417775576712,18.103170508308676,0.9173634139593669,-60.0,70.49303415254604,w0058_pair1_gap70,/home/ethanqjiang/workspace/curobo/xtrainer_plan/results_overhead/20260930/v78_full_tray_dual_arm/runs/same_y_endpoint_safe_v4/w0058/far_single1/result.json,
108,far,far,-0.5094736842105263,0.08421052631578946,0.03,187.6926694862233,93.66396527717771,18.103184168687015,0.9206527383951947,-60.0,70.645506603991,w0057_pair1_gap70,/home/ethanqjiang/workspace/curobo/xtrainer_plan/results_overhead/20260930/v78_full_tray_dual_arm/runs/same_y_endpoint_safe_v4/w0057/far_single1/result.json,
109,far,far,-0.5094736842105263,0.11052631578947367,0.03,184.94412623212915,92.27066474310305,18.102145979933173,0.9670874297518246,-60.0,70.32862614343158,w0056_pair1_gap70,/home/ethanqjiang/workspace/curobo/xtrainer_plan/results_overhead/20260930/v78_full_tray_dual_arm/runs/same_y_endpoint_safe_v4/w0056/far_single1/result.json,
110,far,far,-0.5094736842105263,0.13684210526315788,0.03,181.9235775245286,90.7414536898289,18.103307112092075,0.9848447392006384,-60.0,70.38918060825571,w0055_pair1_gap70,/home/ethanqjiang/workspace/curobo/xtrainer_plan/results_overhead/20260930/v78_full_tray_dual_arm/runs/same_y_endpoint_safe_v4/w0055/far_single1/result.json,
111,far,far,-0.5094736842105263,0.16315789473684209,0.03,178.6054716257365,89.05950594633492,18.102132319554833,1.0044561786043857,-60.0,71.4089064201239,w0054_pair1_gap70,/home/ethanqjiang/workspace/curobo/xtrainer_plan/results_overhead/20260930/v78_full_tray_dual_arm/runs/same_y_endpoint_safe_v4/w0054/far_single1/result.json,
112,far,far,-0.5094736842105263,0.18947368421052632,0.03,174.94617728733456,87.20275658650739,18.103307112092075,1.0415801404156757,-60.0,70.9940085681271,w0053_pair1_gap70,/home/ethanqjiang/workspace/curobo/xtrainer_plan/results_overhead/20260930/v78_full_tray_dual_arm/runs/same_y_endpoint_safe_v4/w0053/far_single1/result.json,
113,far,far,-0.5094736842105263,0.2157894736842105,0.03,170.88495363703444,85.14443809898903,18.102118659176494,1.0847039160096554,-60.0,70.19825575908578,w0052_pair1_gap70,/home/ethanqjiang/workspace/curobo/xtrainer_plan/results_overhead/20260930/v78_full_tray_dual_arm/runs/same_y_endpoint_safe_v4/w0052/far_single1/result.json,
114,far,far,-0.5094736842105263,0.24210526315789468,0.03,166.37096357684285,82.85304965132774,18.102145979933173,1.1062329706940095,-60.0,70.10458429118057,w0051_pair1_gap70,/home/ethanqjiang/workspace/curobo/xtrainer_plan/results_overhead/20260930/v78_full_tray_dual_arm/runs/same_y_endpoint_safe_v4/w0051/far_single1/result.json,
115,far,far,-0.5094736842105263,0.2684210526315789,0.03,161.32712159178791,80.29031144832018,18.102610432796734,1.1303799416810605,-60.0,70.0803941453943,w0050_pair1_gap70,/home/ethanqjiang/workspace/curobo/xtrainer_plan/results_overhead/20260930/v78_full_tray_dual_arm/runs/same_y_endpoint_safe_v4/w0050/far_single1/result.json,
116,far,far,-0.5094736842105263,0.2947368421052632,0.03,155.67361009122808,77.41999275151402,18.102624093175073,1.1867982747615295,-60.0,70.12410223670787,w0049_pair1_gap70,/home/ethanqjiang/workspace/curobo/xtrainer_plan/results_overhead/20260930/v78_full_tray_dual_arm/runs/same_y_endpoint_safe_v4/w0049/far_single1/result.json,
117,far,far,-0.5094736842105263,0.32105263157894737,0.03,149.32208740843905,74.18954550052976,18.102624093175073,1.2118070978332667,-60.0,55.03333326633644,w0048_yaw_np57p5_fm60_gap55,/home/ethanqjiang/workspace/curobo/xtrainer_plan/results_overhead/20260930/v78_full_tray_dual_arm/runs/same_y_endpoint_safe_v4/w0048/far_single1/result.json,
118,far,far,-0.5094736842105263,0.34736842105263155,0.03,154.59182423991388,75.57620282186294,18.103279791335396,1.2627488756681076,-60.0,57.2520652813652,w0047_pair1_gap55,/home/ethanqjiang/workspace/curobo/xtrainer_plan/results_overhead/20260930/v78_full_tray_dual_arm/runs/same_y_endpoint_safe_v4/w0047/far_single1/result.json,
119,far,far,-0.5094736842105263,0.37368421052631573,0.03,162.77922151687966,83.26408445916358,18.632756055794786,1.3023499798241729,-65.0,71.222246192786,w0046_yaw_np55_fm65_gap70,/home/ethanqjiang/workspace/curobo/xtrainer_plan/results_overhead/20260930/v78_full_tray_dual_arm/runs/same_y_endpoint_safe_v4/w0046/yaw_fallback/far_m65/result.json,
120,far,far,-0.5094736842105263,0.4,0.03,165.72265226610887,82.8613261330545,18.103293451713736,1.338718053459786,-60.0,55.42334541435384,w0045_pair1_gap55,/home/ethanqjiang/workspace/curobo/xtrainer_plan/results_overhead/20260930/v78_full_tray_dual_arm/runs/same_y_endpoint_safe_v4/w0045/far_single1/result.json,
121,far,far,-0.48736842105263156,-0.1,0.03,198.78292277365384,99.27751675599819,18.102132319554833,0.9076412784100374,-60.0,55.865583013094664,w0065_pair1_gap55,/home/ethanqjiang/workspace/curobo/xtrainer_plan/results_overhead/20260930/v78_full_tray_dual_arm/runs/same_y_endpoint_safe_v4/w0065/far_single1/result.json,
122,far,far,-0.48736842105263156,-0.0736842105263158,0.03,197.0974643129264,98.42748093076989,18.102132319554833,0.904287887302863,-60.0,70.00549888199575,w0066_pair1_gap70,/home/ethanqjiang/workspace/curobo/xtrainer_plan/results_overhead/20260930/v78_full_tray_dual_arm/runs/same_y_endpoint_safe_v4/w0066/far_single1/result.json,
123,far,far,-0.48736842105263156,-0.04736842105263159,0.03,195.30006929698632,97.51571897846488,18.102692395066775,0.9097851322149728,-60.0,55.860414061222166,w0067_pair1_gap55,/home/ethanqjiang/workspace/curobo/xtrainer_plan/results_overhead/20260930/v78_full_tray_dual_arm/runs/same_y_endpoint_safe_v4/w0067/far_single1/result.json,
124,far,far,-0.48736842105263156,-0.02105263157894738,0.03,183.35730253320583,94.01259862298268,18.632756055794786,0.9049689047803531,-65.0,55.00487556708799,w0068_yaw_np50_fm65_gap55,/home/ethanqjiang/workspace/curobo/xtrainer_plan/results_overhead/20260930/v78_full_tray_dual_arm/runs/same_y_endpoint_safe_v4/w0068/yaw_fallback/far_m65/result.json,
125,far,far,-0.48736842105263156,0.005263157894736831,0.03,181.40403235512278,95.48240922859252,18.102132319554833,0.9200867394623304,-60.0,55.11045023087108,w0069_pair1_gap55,/home/ethanqjiang/workspace/curobo/xtrainer_plan/results_overhead/20260930/v78_full_tray_dual_arm/runs/same_y_endpoint_safe_v4/w0069/far_single1/result.json,
126,far,far,-0.48736842105263156,0.03157894736842104,0.03,189.01264452446347,94.34384230716078,18.102145979933173,0.9276688329454668,-60.0,55.10569441761637,w0070_pair1_gap55,/home/ethanqjiang/workspace/curobo/xtrainer_plan/results_overhead/20260930/v78_full_tray_dual_arm/runs/same_y_endpoint_safe_v4/w0070/far_single1/result.json,
127,far,far,-0.48736842105263156,0.05789473684210525,0.03,186.57098849996711,93.11044333174529,18.102118659176494,0.943077197279361,-60.0,55.09765500695607,w0071_yaw_np57p5_fm60_gap55,/home/ethanqjiang/workspace/curobo/xtrainer_plan/results_overhead/20260930/v78_full_tray_dual_arm/runs/same_y_endpoint_safe_v4/w0071/far_single1/result.json,
128,far,far,-0.48736842105263156,0.08421052631578946,0.03,183.92444729093802,91.77152817893686,18.103307112092075,0.9645285326352874,-60.0,55.12478452969377,w0072_yaw_np57p5_fm60_gap55,/home/ethanqjiang/workspace/curobo/xtrainer_plan/results_overhead/20260930/v78_full_tray_dual_arm/runs/same_y_endpoint_safe_v4/w0072/far_single1/result.json,
129,far,far,-0.48736842105263156,0.11052631578947367,0.03,181.03886995152607,90.31296860243732,18.103197829065355,0.9852074523752639,-60.0,55.42979870991968,w0073_pair1_gap55,/home/ethanqjiang/workspace/curobo/xtrainer_plan/results_overhead/20260930/v78_full_tray_dual_arm/runs/same_y_endpoint_safe_v4/w0073/far_single1/result.json,
130,far,far,-0.48736842105263156,0.13684210526315788,0.03,177.99567916682665,88.71973818607263,16.887369515289727,1.3713421254965281,-60.0,70.18391027280835,w0074_n45_fpark_gap70,/home/ethanqjiang/workspace/curobo/xtrainer_plan/results_overhead/20260930/v78_full_tray_dual_arm/runs/same_y_endpoint_safe_v4/w0074/recovery_diagnostic/far130_with_exact_park/result.json,
131,far,far,-0.48736842105263156,0.16315789473684209,0.03,174.44747785527542,86.97291047565271,18.102145979933173,1.0410591890726577,-60.0,55.54312062951702,w0075_yaw_np50_fm60_gap55,/home/ethanqjiang/workspace/curobo/xtrainer_plan/results_overhead/20260930/v78_full_tray_dual_arm/runs/same_y_endpoint_safe_v4/w0075/far_single1/result.json,
132,far,far,-0.48736842105263156,0.18947368421052632,0.03,170.74056343798003,85.05222371500469,16.887369515289727,1.4335518110178889,-60.0,70.74154356137272,w0076_n50_fpark_gap70,/home/ethanqjiang/workspace/curobo/xtrainer_plan/results_overhead/20260930/v78_full_tray_dual_arm/runs/same_y_endpoint_safe_v4/w0076/recovery_manual/far132_with_park/result.json,
133,far,far,-0.48736842105263156,0.2157894736842105,0.03,156.48205177195848,80.40793072092238,18.633329791685064,1.0970194799428237,-65.0,55.18020572042448,w0077_yaw_np50_fm65_gap55,/home/ethanqjiang/workspace/curobo/xtrainer_plan/results_overhead/20260930/v78_full_tray_dual_arm/runs/same_y_endpoint_safe_v4/w0077/yaw_fallback/far_m65/result.json,
134,far,far,-0.48736842105263156,0.24210526315789468,0.03,151.99275967580573,80.58471650720982,18.102624093175073,1.1292629521373274,-60.0,56.81087882508787,w0078_yaw_np55_fm60_gap55,/home/ethanqjiang/workspace/curobo/xtrainer_plan/results_overhead/20260930/v78_full_tray_dual_arm/runs/same_y_endpoint_safe_v4/w0078/far_single1/result.json,
135,far,far,-0.48736842105263156,0.2684210526315789,0.03,146.72258571222372,75.45966698801783,18.633329791685064,1.1623869752078133,-65.0,55.164364704030824,w0079_yaw_np50_fm65_gap55,/home/ethanqjiang/workspace/curobo/xtrainer_plan/results_overhead/20260930/v78_full_tray_dual_arm/runs/same_y_endpoint_safe_v4/w0079/yaw_fallback/far_m65/result.json,
136,far,far,-0.48736842105263156,0.2947368421052632,0.03,146.06744762741457,75.08724067823913,16.387317705774752,1.411664923404726,-60.0,71.85046193575353,w0080_farpark_np45_fm60_park1_gap70,/home/ethanqjiang/workspace/curobo/xtrainer_plan/results_overhead/20260930/v78_full_tray_dual_arm/runs/same_y_endpoint_safe_v4/w0080/far_park_fallback/j155p5_69_75/combined_m60/result.json,
137,far,far,-0.48736842105263156,0.32105263157894737,0.03,179.74107931434966,84.81017544451734,16.887369515289727,1.6255484180480693,-65.0,70.09740792974323,w0081_farpark_np50_fm65_park0_gap70,/home/ethanqjiang/workspace/curobo/xtrainer_plan/results_overhead/20260930/v78_full_tray_dual_arm/runs/same_y_endpoint_safe_v4/w0081/far_park_fallback/j155_85_70/combined_m65/result.json,
138,far,far,-0.48736842105263156,0.34736842105263155,0.03,180.20634331623515,89.47841083964191,16.887369515289727,1.705620301960523,-60.0,70.4869886299447,w0082_farpark_np50_fm60_park0_gap70,/home/ethanqjiang/workspace/curobo/xtrainer_plan/results_overhead/20260930/v78_full_tray_dual_arm/runs/same_y_endpoint_safe_v4/w0082/far_park_fallback/j155_85_70/combined_m60/result.json,
139,far,far,-0.48736842105263156,0.37368421052631573,0.03,165.6306171745904,79.23931182091623,16.38734502653143,1.4977881537193116,-65.0,70.2277855433857,w0083_farpark_np45_fm65_park1_gap70,/home/ethanqjiang/workspace/curobo/xtrainer_plan/results_overhead/20260930/v78_full_tray_dual_arm/runs/same_y_endpoint_safe_v4/w0083/far_park_fallback/j155p5_69_75/combined_m65/result.json,
140,far,far,-0.48736842105263156,0.4,0.03,166.14719804189653,83.07359902094838,18.633329791685064,1.3718281160415775,-65.0,55.763580604296045,w0084_yaw_np50_fm65_gap55,/home/ethanqjiang/workspace/curobo/xtrainer_plan/results_overhead/20260930/v78_full_tray_dual_arm/runs/same_y_endpoint_safe_v4/w0084/yaw_fallback/far_m65/result.json,
141,far,far,-0.4652631578947368,-0.1,0.03,195.87717930071747,97.7825232429185,16.887369515289727,1.2865052576713976,-60.0,85.886273499812,w0104_farpark_np50_fm60_park0_gap85,/home/ethanqjiang/workspace/curobo/xtrainer_plan/results_overhead/20260930/v78_full_tray_dual_arm/runs/same_y_endpoint_safe_v4/w0104/far_park_fallback/j155_85_70/combined_m60/result.json,
142,far,far,-0.4652631578947368,-0.0736842105263158,0.03,194.14789151608588,96.8887998202115,16.887369515289727,1.3238998811729858,-60.0,86.09445472709382,w0103_farpark_np50_fm60_park0_gap85,/home/ethanqjiang/workspace/curobo/xtrainer_plan/results_overhead/20260930/v78_full_tray_dual_arm/runs/same_y_endpoint_safe_v4/w0103/far_park_fallback/j155_85_70/combined_m60/result.json,
143,far,far,-0.4652631578947368,-0.04736842105263159,0.03,192.19669430041543,95.93265359113246,16.887369515289727,1.281388405659047,-60.0,70.34328216831504,w0102_farpark_np50_fm60_park0_gap70,/home/ethanqjiang/workspace/curobo/xtrainer_plan/results_overhead/20260930/v78_full_tray_dual_arm/runs/same_y_endpoint_safe_v4/w0102/far_park_fallback/j155_85_70/combined_m60/result.json,
144,far,far,-0.4652631578947368,-0.02105263157894738,0.03,190.18005362721263,94.90709385706589,16.887369515289727,1.283492829703536,-60.0,72.0092165491116,w0101_farpark_np50_fm60_park0_gap70,/home/ethanqjiang/workspace/curobo/xtrainer_plan/results_overhead/20260930/v78_full_tray_dual_arm/runs/same_y_endpoint_safe_v4/w0101/far_park_fallback/j155_85_70/combined_m60/result.json,
145,far,far,-0.4652631578947368,0.005263157894736831,0.03,188.04923951184387,93.8041139287572,16.887369515289727,1.294687434506129,-60.0,70.22104986827077,w0100_farpark_np50_fm60_park0_gap70,/home/ethanqjiang/workspace/curobo/xtrainer_plan/results_overhead/20260930/v78_full_tray_dual_arm/runs/same_y_endpoint_safe_v4/w0100/far_park_fallback/j155_85_70/combined_m60/result.json,
146,far,far,-0.4652631578947368,0.03157894736842104,0.03,185.62616843207903,92.61427789986806,16.887369515289727,1.3445622072500807,-60.0,71.52008379158862,w0099_farpark_np50_fm60_park0_gap70,/home/ethanqjiang/workspace/curobo/xtrainer_plan/results_overhead/20260930/v78_full_tray_dual_arm/runs/same_y_endpoint_safe_v4/w0099/far_park_fallback/j155_85_70/combined_m60/result.json,
147,far,far,-0.4652631578947368,0.05789473684210525,0.03,183.10602670383042,91.32702971303618,16.887369515289727,1.330176420071267,-60.0,72.21166511199664,w0098_farpark_np45_fm60_park0_gap70,/home/ethanqjiang/workspace/curobo/xtrainer_plan/results_overhead/20260930/v78_full_tray_dual_arm/runs/same_y_endpoint_safe_v4/w0098/far_park_fallback/j155_85_70/combined_m60/result.json,
148,far,far,-0.4652631578947368,0.08421052631578946,0.03,170.43062311382346,89.93475370733704,16.387317705774752,1.220128725939706,-60.0,70.70723126181264,w0097_farpark_np50_fm60_park1_gap70,/home/ethanqjiang/workspace/curobo/xtrainer_plan/results_overhead/20260930/v78_full_tray_dual_arm/runs/same_y_endpoint_safe_v4/w0097/far_park_fallback/j155p5_69_75/combined_m60/result.json,
149,far,far,-0.4652631578947368,0.11052631578947367,0.03,167.2820561706092,85.89772941726598,18.632756055794786,1.0038555509469878,-65.0,55.00655000959762,w0096_yaw_np50_fm65_gap55,/home/ethanqjiang/workspace/curobo/xtrainer_plan/results_overhead/20260930/v78_full_tray_dual_arm/runs/same_y_endpoint_safe_v4/w0096/yaw_fallback/far_m65/result.json,
150,far,far,-0.4652631578947368,0.13684210526315788,0.03,164.15642500262797,86.7720858385814,18.102624093175073,1.03681020922181,-60.0,55.498393347824496,w0095_pair1_gap55,/home/ethanqjiang/workspace/curobo/xtrainer_plan/results_overhead/20260930/v78_full_tray_dual_arm/runs/same_y_endpoint_safe_v4/w0095/far_single1/result.json,
151,far,far,-0.4652631578947368,0.16315789473684209,0.03,160.464830699641,82.44787599957341,18.632756055794786,1.0663621614553023,-65.0,56.39472409191407,w0094_yaw_np50_fm65_gap55,/home/ethanqjiang/workspace/curobo/xtrainer_plan/results_overhead/20260930/v78_full_tray_dual_arm/runs/same_y_endpoint_safe_v4/w0094/yaw_fallback/far_m65/result.json,
152,far,far,-0.4652631578947368,0.18947368421052632,0.03,156.70263956139328,82.99821166175802,18.103184168687015,1.094676641668833,-60.0,55.66488627484198,w0093_pair1_gap55,/home/ethanqjiang/workspace/curobo/xtrainer_plan/results_overhead/20260930/v78_full_tray_dual_arm/runs/same_y_endpoint_safe_v4/w0093/far_single1/result.json,
153,far,far,-0.4652631578947368,0.2157894736842105,0.03,152.30041871678003,78.3124662496029,18.632756055794786,1.1314205930550147,-65.0,55.222444756501545,w0092_yaw_np50_fm65_gap55,/home/ethanqjiang/workspace/curobo/xtrainer_plan/results_overhead/20260930/v78_full_tray_dual_arm/runs/same_y_endpoint_safe_v4/w0092/yaw_fallback/far_m65/result.json,
154,far,far,-0.4652631578947368,0.24210526315789468,0.03,157.60108264481644,78.45617684483456,18.102118659176494,1.1633202751711422,-60.0,55.30647856120178,w0091_pair1_gap55,/home/ethanqjiang/workspace/curobo/xtrainer_plan/results_overhead/20260930/v78_full_tray_dual_arm/runs/same_y_endpoint_safe_v4/w0091/far_single1/result.json,
155,far,far,-0.4652631578947368,0.2684210526315789,0.03,152.4123108757629,75.8287738258599,16.887369515289727,1.0619428193528795,-60.0,55.083915748865486,w0090_yaw_np50_fm60_gap55,/home/ethanqjiang/workspace/curobo/xtrainer_plan/results_overhead/20260930/v78_full_tray_dual_arm/runs/same_y_endpoint_safe_v4/w0090/far_single1/result.json,
156,far,far,-0.4652631578947368,0.2947368421052632,0.03,147.60454071899093,72.9302225421195,16.887369515289727,1.6202733830801124,-60.0,55.217652084904124,w0089_farpost_np70_fm60_gap55,/home/ethanqjiang/workspace/curobo/xtrainer_plan/results_overhead/20260930/v78_full_tray_dual_arm/runs/same_y_endpoint_safe_v4/w0089/far_postpark_fallback/j155_40_65/far_m60/combined_post/result.json,
157,far,far,-0.4652631578947368,0.32105263157894737,0.03,167.45561810760844,81.22857453460483,16.887369515289727,1.655562505692746,-60.0,55.32763364497151,w0088_farpark_np50_fm60_park0_gap55,/home/ethanqjiang/workspace/curobo/xtrainer_plan/results_overhead/20260930/v78_full_tray_dual_arm/runs/same_y_endpoint_safe_v4/w0088/far_park_fallback/j155_85_70/combined_m60/result.json,
158,far,far,-0.4652631578947368,0.34736842105263155,0.03,138.55575584239637,66.69810229155367,16.887369515289727,1.1730768050550717,-60.0,55.11115625033156,w0087_pair1_gap55,/home/ethanqjiang/workspace/curobo/xtrainer_plan/results_overhead/20260930/v78_full_tray_dual_arm/runs/same_y_endpoint_safe_v4/w0087/far_single1/result.json,
159,far,far,-0.4652631578947368,0.37368421052631573,0.03,168.79588563787243,72.001306569714,16.887355854911387,1.7032791867815855,-60.0,70.95675093879817,w0086_postpark_np70_fm60_gap70,/home/ethanqjiang/workspace/curobo/xtrainer_plan/results_overhead/20260930/v78_full_tray_dual_arm/runs/same_y_endpoint_safe_v4/w0086/new_far_park/j155_40_65/combined_post_m60/result.json,
160,far,far,-0.4652631578947368,0.4,0.03,193.05559741873387,93.34191844271703,16.887369515289727,1.820647081804801,-65.0,55.81026763923353,w0085_farpark_np45_fm65_park0_gap55,/home/ethanqjiang/workspace/curobo/xtrainer_plan/results_overhead/20260930/v78_full_tray_dual_arm/runs/same_y_endpoint_safe_v4/w0085/far_park_fallback/j155_85_70/combined_m65/result.json,
161,far,far,-0.4431578947368421,-0.1,0.03,192.95805207210262,96.3183509584685,16.887369515289727,1.2768016875804098,-60.0,70.95980877471916,w0105_farpark_np45_fm60_park0_gap70,/home/ethanqjiang/workspace/curobo/xtrainer_plan/results_overhead/20260930/v78_full_tray_dual_arm/runs/same_y_endpoint_safe_v4/w0105/far_park_fallback/j155_85_70/combined_m60/result.json,
162,far,far,-0.4431578947368421,-0.0736842105263158,0.03,191.03274127338636,95.38428843852341,18.102132319554833,1.0162049745944715,-60.0,56.412676881566256,w0106_yaw_np57p5_fm60_gap55,/home/ethanqjiang/workspace/curobo/xtrainer_plan/results_overhead/20260930/v78_full_tray_dual_arm/runs/same_y_endpoint_safe_v4/w0106/far_single1/result.json,
163,far,far,-0.4431578947368421,-0.04736842105263159,0.03,189.14662551522227,94.38339251754974,16.887369515289727,1.3326808626447766,-60.0,70.54935069204765,w0107_farpark_np50_fm60_park0_gap70,/home/ethanqjiang/workspace/curobo/xtrainer_plan/results_overhead/20260930/v78_full_tray_dual_arm/runs/same_y_endpoint_safe_v4/w0107/far_park_fallback/j155_85_70/combined_m60/result.json,
164,far,far,-0.4431578947368421,-0.02105263157894738,0.03,186.9586085655546,93.3151133653193,16.887369515289727,1.3222189948321923,-60.0,70.05418272757696,w0108_farpark_np50_fm60_park0_gap70,/home/ethanqjiang/workspace/curobo/xtrainer_plan/results_overhead/20260930/v78_full_tray_dual_arm/runs/same_y_endpoint_safe_v4/w0108/far_park_fallback/j155_85_70/combined_m60/result.json,
165,far,far,-0.4431578947368421,0.005263157894736831,0.03,174.65864681384463,89.64222695046914,18.633329791685064,0.9835334929477109,-65.0,55.913444715088744,w0109_yaw_np50_fm65_gap55,/home/ethanqjiang/workspace/curobo/xtrainer_plan/results_overhead/20260930/v78_full_tray_dual_arm/runs/same_y_endpoint_safe_v4/w0109/yaw_fallback/far_m65/result.json,
166,far,far,-0.4431578947368421,0.03157894736842104,0.03,172.3725483476955,90.92884675989737,16.887369515289727,1.3868266427185043,-60.0,70.48676376891724,w0110_farpark_np45_fm60_park0_gap70,/home/ethanqjiang/workspace/curobo/xtrainer_plan/results_overhead/20260930/v78_full_tray_dual_arm/runs/same_y_endpoint_safe_v4/w0110/far_park_fallback/j155_85_70/combined_m60/result.json,
167,far,far,-0.4431578947368421,0.05789473684210525,0.03,179.63435083173977,89.59767021141856,16.887369515289727,1.385842867178201,-60.0,70.59508713428478,w0111_farpark_np45_fm60_park0_gap70,/home/ethanqjiang/workspace/curobo/xtrainer_plan/results_overhead/20260930/v78_full_tray_dual_arm/runs/same_y_endpoint_safe_v4/w0111/far_park_fallback/j155_85_70/combined_m60/result.json,
168,far,far,-0.4431578947368421,0.08421052631578946,0.03,176.79900270348395,88.15576946630469,16.887369515289727,1.3820419958021102,-60.0,56.943266798360426,w0112_farpark_np45_fm60_park0_gap55,/home/ethanqjiang/workspace/curobo/xtrainer_plan/results_overhead/20260930/v78_full_tray_dual_arm/runs/same_y_endpoint_safe_v4/w0112/far_park_fallback/j155_85_70/combined_m60/result.json,
169,far,far,-0.4431578947368421,0.11052631578947367,0.03,173.71033651929085,86.59872880725732,16.887369515289727,1.4102221485876354,-60.0,55.62344136049249,w0113_farpark_np45_fm60_park0_gap55,/home/ethanqjiang/workspace/curobo/xtrainer_plan/results_overhead/20260930/v78_full_tray_dual_arm/runs/same_y_endpoint_safe_v4/w0113/far_park_fallback/j155_85_70/combined_m60/result.json,
170,far,far,-0.4431578947368421,0.13684210526315788,0.03,160.37128442876843,82.4190867522218,16.887369515289727,1.4348198013297497,-65.0,70.6936733030035,w0114_np19_j3m15_fm65_g70,/home/ethanqjiang/workspace/curobo/xtrainer_plan/results_overhead/20260930/v78_full_tray_dual_arm/runs/same_y_endpoint_safe_v4/w0114/far_park_fallback/j155_85_70/combined_m65/result.json,
171,far,far,-0.4431578947368421,0.16315789473684209,0.03,146.8160910019612,73.1334377454003,16.887369515289727,1.5044084273384943,-65.0,70.81736890039936,w0115_nearpost_yaw_p50_j2p19_j3m15_park0_m65_gap70,/home/ethanqjiang/workspace/curobo/xtrainer_plan/results_overhead/20260930/v78_full_tray_dual_arm/runs/same_y_endpoint_safe_v4/w0115/far_park_fallback/j155_85_70/combined_m65/result.json,
172,far,far,-0.4431578947368421,0.18947368421052632,0.03,142.84255332022545,71.12422148782515,16.887369515289727,1.5326351074090112,-65.0,71.98635817788221,w0116_nearpost_farpark_p45_j2p19_j3m15_park0_m65_gap70,/home/ethanqjiang/workspace/curobo/xtrainer_plan/results_overhead/20260930/v78_full_tray_dual_arm/runs/same_y_endpoint_safe_v4/w0116/far_park_fallback/j155_85_70/combined_m65/result.json,
173,far,far,-0.4431578947368421,0.2157894736842105,0.03,148.50458889686922,78.85497451499867,16.887369515289727,1.5646598367769005,-60.0,71.5306921361587,w0117_nearpost_farpark_p45_j2p19_j3m15_park0_m60_gap70,/home/ethanqjiang/workspace/curobo/xtrainer_plan/results_overhead/20260930/v78_full_tray_dual_arm/runs/same_y_endpoint_safe_v4/w0117/far_park_fallback/j155_85_70/combined_m60/result.json,
174,far,far,-0.4431578947368421,0.24210526315789468,0.03,143.64824926490937,73.95444697420334,16.887369515289727,1.5518091912100616,-65.0,55.71951047434401,w0118_nearpost_yaw_p50_j2p19_j3m15_park0_m65_gap55,/home/ethanqjiang/workspace/curobo/xtrainer_plan/results_overhead/20260930/v78_full_tray_dual_arm/runs/same_y_endpoint_safe_v4/w0118/far_park_fallback/j155_85_70/combined_m65/result.json,
175,far,far,-0.4431578947368421,0.2684210526315789,0.03,138.5638291259955,73.82124462500975,16.887369515289727,1.6660079967683297,-60.0,55.98974620921219,w0119_nearpost_yaw_p50_j2p19_j3m15_park0_m60_gap55,/home/ethanqjiang/workspace/curobo/xtrainer_plan/results_overhead/20260930/v78_full_tray_dual_arm/runs/same_y_endpoint_safe_v4/w0119/far_park_fallback/j155_85_70/combined_m60/result.json,
176,far,far,-0.4431578947368421,0.2947368421052632,0.03,156.4491644111046,73.16469952123144,16.887369515289727,1.617681218776783,-65.0,56.81704162517897,w0120_farpark_np45_fm65_park0_gap55,/home/ethanqjiang/workspace/curobo/xtrainer_plan/results_overhead/20260930/v78_full_tray_dual_arm/runs/same_y_endpoint_safe_v4/w0120/far_park_fallback/j155_85_70/combined_m65/result.json,
177,far,far,-0.4431578947368421,0.32105263157894737,0.03,161.65409640773458,77.64163922027011,16.887369515289727,1.7149469018288097,-65.0,55.01512456421612,w0121_nearpost_farpark_p45_j2p10_j3m10_park0_m65_gap55,/home/ethanqjiang/workspace/curobo/xtrainer_plan/results_overhead/20260930/v78_full_tray_dual_arm/runs/same_y_endpoint_safe_v4/w0121/far_park_fallback/j155_85_70/combined_m65/result.json,
178,far,far,-0.4431578947368421,0.34736842105263155,0.03,164.89003256949073,81.8222703720748,16.887369515289727,1.7517549738620608,-60.0,56.74808817427601,w0122_farpark_np45_fm60_park0_gap55,/home/ethanqjiang/workspace/curobo/xtrainer_plan/results_overhead/20260930/v78_full_tray_dual_arm/runs/same_y_endpoint_safe_v4/w0122/far_park_fallback/j155_85_70/combined_m60/result.json,
179,far,far,-0.4431578947368421,0.37368421052631573,0.03,156.9649400631409,66.70748686475156,16.887369515289727,1.7413592407897576,-60.0,57.86837944245077,w0123_farpost_np70_fm60_gap55,/home/ethanqjiang/workspace/curobo/xtrainer_plan/results_overhead/20260930/v78_full_tray_dual_arm/runs/same_y_endpoint_safe_v4/w0123/far_postpark_fallback/j155_40_65/far_m60/combined_post/result.json,
180,far,far,-0.4431578947368421,0.4,0.03,143.9554301926416,74.5946657914312,16.887369515289727,1.289431529379752,-65.0,55.05946898131134,w0124_nearpost_yaw_p50_j2p22_yaw_m65_gap55,/home/ethanqjiang/workspace/curobo/xtrainer_plan/results_overhead/20260930/v78_full_tray_dual_arm/runs/same_y_endpoint_safe_v4/w0124/yaw_fallback/far_m65/result.json,
181,far,far,-0.42105263157894735,-0.1,0.03,170.16268162287273,84.95100714169426,18.633070244496604,1.0098778085666322,-65.0,85.43178009546443,takeover_far_case0181,/home/ethanqjiang/workspace/curobo/xtrainer_plan/results_overhead/20260930/v78_full_tray_dual_arm/runs/far_takeover_high_y_from_378/remaining_15_after_cache/case0181_adapter/far_case0181/result.json,
182,far,far,-0.42105263157894735,-0.0736842105263158,0.03,168.2355847296889,83.97904048695018,18.633070244496604,1.0088251471113592,-65.0,94.11559602999725,takeover_far_case0182,/home/ethanqjiang/workspace/curobo/xtrainer_plan/results_overhead/20260930/v78_full_tray_dual_arm/runs/far_takeover_high_y_from_378/remaining_15_after_cache/case0182_adapter/far_case0182/result.json,
183,far,far,-0.42105263157894735,-0.04736842105263159,0.03,166.17880986492267,82.9413879029581,18.633070244496604,1.0088832336300266,-65.0,94.988570989781,takeover_far_case0183,/home/ethanqjiang/workspace/curobo/xtrainer_plan/results_overhead/20260930/v78_full_tray_dual_arm/runs/far_takeover_high_y_from_378/remaining_15_after_cache/case0183_adapter/far_case0183/result.json,
184,far,far,-0.42105263157894735,-0.02105263157894738,0.03,163.97989193333956,81.83157437038481,18.633070244496604,1.0127269890069863,-65.0,98.98790634307905,takeover_far_case0184,/home/ethanqjiang/workspace/curobo/xtrainer_plan/results_overhead/20260930/v78_full_tray_dual_arm/runs/far_takeover_high_y_from_378/remaining_15_after_cache/case0184_adapter/far_case0184/result.json,
185,far,far,-0.42105263157894735,0.005263157894736831,0.03,161.62283463190346,80.64235647361556,18.633070244496604,1.020579643673122,-65.0,105.94229840396203,takeover_far_case0185,/home/ethanqjiang/workspace/curobo/xtrainer_plan/results_overhead/20260930/v78_full_tray_dual_arm/runs/far_takeover_high_y_from_378/remaining_15_after_cache/case0185_adapter/far_case0185/result.json,
186,far,far,-0.42105263157894735,0.03157894736842104,0.03,159.1016069035765,79.36637809891421,18.633070244496604,1.0322751082909387,-65.0,115.59294378084323,takeover_far_case0186,/home/ethanqjiang/workspace/curobo/xtrainer_plan/results_overhead/20260930/v78_full_tray_dual_arm/runs/far_takeover_high_y_from_378/remaining_15_after_cache/case0186_adapter/far_case0186/result.json,
187,far,far,-0.42105263157894735,0.05789473684210525,0.03,156.3756510850678,77.99214745300223,18.633070244496604,1.0468945434542767,-65.0,127.62745484663779,takeover_far_case0187,/home/ethanqjiang/workspace/curobo/xtrainer_plan/results_overhead/20260930/v78_full_tray_dual_arm/runs/far_takeover_high_y_from_378/remaining_15_after_cache/case0187_adapter/far_case0187/result.json,
188,far,far,-0.42105263157894735,0.08421052631578946,0.03,153.44641517648142,76.51182689380703,18.633070244496604,1.065087291843608,-65.0,141.71351401412912,takeover_far_case0188,/home/ethanqjiang/workspace/curobo/xtrainer_plan/results_overhead/20260930/v78_full_tray_dual_arm/runs/far_takeover_high_y_from_378/remaining_15_after_cache/case0188_adapter/far_case0188/result.json,
189,far,far,-0.42105263157894735,0.11052631578947367,0.03,150.28290377936307,74.91319379780886,18.633070244496604,1.086159362123716,-65.0,143.9561364880986,takeover_far_case0189,/home/ethanqjiang/workspace/curobo/xtrainer_plan/results_overhead/20260930/v78_full_tray_dual_arm/runs/far_takeover_high_y_from_378/remaining_15_after_cache/case0189_adapter/far_case0189/result.json,
190,far,far,-0.42105263157894735,0.13684210526315788,0.03,146.86187375996812,73.18353035277318,18.633070244496604,1.1104302425087653,-65.0,143.6943404243804,takeover_far_case0190,/home/ethanqjiang/workspace/curobo/xtrainer_plan/results_overhead/20260930/v78_full_tray_dual_arm/runs/far_takeover_high_y_from_378/remaining_15_after_cache/case0190_adapter/far_case0190/result.json,
191,far,far,-0.42105263157894735,0.16315789473684209,0.03,143.16146851295173,71.30871172749637,18.633070244496604,1.1375692677296536,-65.0,146.35412937932637,takeover_far_case0191,/home/ethanqjiang/workspace/curobo/xtrainer_plan/results_overhead/20260930/v78_full_tray_dual_arm/runs/far_takeover_high_y_from_378/remaining_15_after_cache/case0191_adapter/far_case0191/result.json,
192,far,far,-0.42105263157894735,0.18947368421052632,0.03,140.08957502189398,69.27379688316906,18.633329791685064,1.3341746637739607,-65.0,57.107388993048545,recovery_b0002_n226_f192_np70_retreat_D_route_gap55,/home/ethanqjiang/workspace/curobo/xtrainer_plan/results_overhead/20260930/v78_full_tray_dual_arm/runs/recovered_midline_from_w0131/b0002/far_transfer/route_3f36335d6540/result.json,
193,far,far,-0.42105263157894735,0.2157894736842105,0.03,134.78084006172446,67.06128687513765,18.633329791685064,1.3469209638925923,-65.0,57.124181557132594,recovery_b0001_n224_f193_np70_retreat_CJ2m10J3p10_route_gap55,/home/ethanqjiang/workspace/curobo/xtrainer_plan/results_overhead/20260930/v78_full_tray_dual_arm/runs/recovered_midline_from_w0131/b0001/far_transfer/route_3f36335d6540/result.json,
194,far,far,-0.42105263157894735,0.24210526315789468,0.03,133.87447580573735,64.98425025419887,18.632756055794786,1.3581933930401142,-65.0,55.97830335727847,w0131_transfer_np55_route_3f36335d6540_gap55,/home/ethanqjiang/workspace/curobo/xtrainer_plan/results_overhead/20260930/v78_full_tray_dual_arm/runs/same_y_endpoint_safe_v4/w0131/transfer_waypoint/route_3f36335d6540/result.json,
195,far,far,-0.42105263157894735,0.2684210526315789,0.03,131.38925000452565,64.98425025419887,16.887355854911387,1.2801207950806892,-65.0,55.63769168635896,w0130_guided_np65_retreatC_transfer_route_gap55,/home/ethanqjiang/workspace/curobo/xtrainer_plan/results_overhead/20260930/v78_full_tray_dual_arm/runs/same_y_endpoint_safe_v4/w0130/transfer_waypoint/route_3f36335d6540/result.json,
196,far,far,-0.42105263157894735,0.2947368421052632,0.03,140.04112391138815,64.96590436608822,16.887355854911387,1.636259825743098,-65.0,56.57312895341955,w0129_farpost_np70_fm65_gap55,/home/ethanqjiang/workspace/curobo/xtrainer_plan/results_overhead/20260930/v78_full_tray_dual_arm/runs/same_y_endpoint_safe_v4/w0129/far_postpark_fallback/j155_40_65/far_m65/combined_post/result.json,
197,far,far,-0.42105263157894735,0.32105263157894737,0.03,138.5383885182106,65.60559256299494,18.632756055794786,1.4334773249432569,-65.0,56.08484579752216,w0128_guided_np65_retreatC_transfer_route_gap55,/home/ethanqjiang/workspace/curobo/xtrainer_plan/results_overhead/20260930/v78_full_tray_dual_arm/runs/same_y_endpoint_safe_v4/w0128/transfer_waypoint/route_3f36335d6540/result.json,
198,far,far,-0.42105263157894735,0.34736842105263155,0.03,139.97305609299352,65.8064957472417,18.632756055794786,1.461769990670484,-65.0,55.01792535804615,w0127_transfer_np50_route_3f36335d6540_gap55,/home/ethanqjiang/workspace/curobo/xtrainer_plan/results_overhead/20260930/v78_full_tray_dual_arm/runs/same_y_endpoint_safe_v4/w0127/transfer_waypoint/route_3f36335d6540/result.json,
199,far,far,-0.42105263157894735,0.37368421052631573,0.03,140.53836352983865,67.13605994418955,18.632756055794786,1.4924907350544,-65.0,57.46276780257565,w0126_transfer_np50_route1_gap55,/home/ethanqjiang/workspace/curobo/xtrainer_plan/results_overhead/20260930/v78_full_tray_dual_arm/runs/same_y_endpoint_safe_v4/w0126/transfer_waypoint/route1/result.json,
200,far,far,-0.42105263157894735,0.4,0.03,140.8159531803657,70.40797600836866,18.632756055794786,1.5308869227920616,-65.0,55.77283704047992,w0125_transfer_route1_gap55,/home/ethanqjiang/workspace/curobo/xtrainer_plan/results_overhead/20260930/v78_full_tray_dual_arm/runs/same_y_endpoint_safe_v4/w0125/transfer_waypoint/route1/result.json,
201,near,near,-0.3989473684210526,-0.1,0.03,181.13954010970298,99.71332722127461,19.256488930800348,0.9633126974008708,55.0,55.97830335727847,w0131_transfer_np55_route_3f36335d6540_gap55,/home/ethanqjiang/workspace/curobo/xtrainer_plan/results_overhead/20260930/v78_full_tray_dual_arm/runs/same_y_endpoint_safe_v4/w0131/yaw_fallback/near_p55/result.json,
202,near,near,-0.3989473684210526,-0.0736842105263158,0.03,162.62554226055445,80.343877206886,20.34854055643701,1.1217655677238398,65.0,55.63769168635896,w0130_guided_np65_retreatC_transfer_route_gap55,/home/ethanqjiang/workspace/curobo/xtrainer_plan/results_overhead/20260930/v78_full_tray_dual_arm/runs/same_y_endpoint_safe_v4/w0130/guided_postretreat/candidate_C_p65/combined/result.json,
203,near,near,-0.3989473684210526,-0.04736842105263159,0.03,147.70275200906653,76.89794431777702,20.34854055643701,1.0253203304367737,70.0,56.57312895341955,w0129_farpost_np70_fm65_gap55,/home/ethanqjiang/workspace/curobo/xtrainer_plan/results_overhead/20260930/v78_full_tray_dual_arm/runs/same_y_endpoint_safe_v4/w0129/far_postpark_fallback/near_p70/result.json,
204,near,near,-0.3989473684210526,-0.02105263157894738,0.03,182.3488251022535,101.74402442378944,19.64777680797204,1.1024733530646704,65.0,56.08484579752216,w0128_guided_np65_retreatC_transfer_route_gap55,/home/ethanqjiang/workspace/curobo/xtrainer_plan/results_overhead/20260930/v78_full_tray_dual_arm/runs/same_y_endpoint_safe_v4/w0128/guided_postretreat/candidate_C_p65/combined/result.json,
205,near,near,-0.3989473684210526,0.005263157894736831,0.03,205.7713879173033,102.8854344114632,18.327446599895215,0.9961315520713285,50.0,55.01792535804615,w0127_transfer_np50_route_3f36335d6540_gap55,/home/ethanqjiang/workspace/curobo/xtrainer_plan/results_overhead/20260930/v78_full_tray_dual_arm/runs/same_y_endpoint_safe_v4/w0127/yaw_fallback/near_p50/result.json,
206,near,near,-0.3989473684210526,0.03157894736842104,0.03,203.19213773197745,101.59688848868902,18.326640637573153,1.013679002786644,50.0,57.46276780257565,w0126_transfer_np50_route1_gap55,/home/ethanqjiang/workspace/curobo/xtrainer_plan/results_overhead/20260930/v78_full_tray_dual_arm/runs/same_y_endpoint_safe_v4/w0126/yaw_fallback/near_p50/result.json,
207,near,near,-0.3989473684210526,0.05789473684210525,0.03,200.41821349492758,100.20828712476333,18.326954826274974,0.9544774891992265,50.0,55.77283704047992,w0125_transfer_route1_gap55,/home/ethanqjiang/workspace/curobo/xtrainer_plan/results_overhead/20260930/v78_full_tray_dual_arm/runs/same_y_endpoint_safe_v4/w0125/yaw_fallback/near_p50/result.json,
208,near,near,-0.3989473684210526,0.08421052631578946,0.03,161.26049309643437,98.71408079098549,18.326954826274974,1.2580275580683704,50.0,55.05946898131134,w0124_nearpost_yaw_p50_j2p22_yaw_m65_gap55,/home/ethanqjiang/workspace/curobo/xtrainer_plan/results_overhead/20260930/v78_full_tray_dual_arm/runs/same_y_endpoint_safe_v4/w0124/near_postretreat_fallback/yaw_p50/j2p22/combined/result.json,
209,near,near,-0.3989473684210526,0.11052631578947367,0.03,164.1560766629802,101.46051010153138,18.452029250356247,1.0924653988409134,70.0,57.86837944245077,w0123_farpost_np70_fm60_gap55,/home/ethanqjiang/workspace/curobo/xtrainer_plan/results_overhead/20260930/v78_full_tray_dual_arm/runs/same_y_endpoint_safe_v4/w0123/far_postpark_fallback/near_p70/result.json,
210,near,near,-0.3989473684210526,0.13684210526315788,0.03,203.66406282249005,101.83203141124505,17.153664930650184,1.0839147240237448,45.0,56.74808817427601,w0122_farpark_np45_fm60_park0_gap55,/home/ethanqjiang/workspace/curobo/xtrainer_plan/results_overhead/20260930/v78_full_tray_dual_arm/runs/same_y_endpoint_safe_v4/w0122/far_park_fallback/near_p45/result.json,
211,near,near,-0.3989473684210526,0.16315789473684209,0.03,199.91915206284224,99.93409942581692,17.153651270271844,1.1756741888438862,45.0,55.01512456421612,w0121_nearpost_farpark_p45_j2p10_j3m10_park0_m65_gap55,/home/ethanqjiang/workspace/curobo/xtrainer_plan/results_overhead/20260930/v78_full_tray_dual_arm/runs/same_y_endpoint_safe_v4/w0121/near_postretreat_fallback/farpark_p45/j2p10_j3m10/combined/result.json,
212,near,near,-0.3989473684210526,0.18947368421052632,0.03,189.0457641117486,97.87599950435201,17.153405383461724,1.1371211362587017,45.0,56.81704162517897,w0120_farpark_np45_fm65_park0_gap55,/home/ethanqjiang/workspace/curobo/xtrainer_plan/results_overhead/20260930/v78_full_tray_dual_arm/runs/same_y_endpoint_safe_v4/w0120/far_park_fallback/near_p45/result.json,
213,near,near,-0.3989473684210526,0.2157894736842105,0.03,178.35286390947272,89.15491002866166,18.326790901734892,1.2426060238625949,50.0,55.98974620921219,w0119_nearpost_yaw_p50_j2p19_j3m15_park0_m60_gap55,/home/ethanqjiang/workspace/curobo/xtrainer_plan/results_overhead/20260930/v78_full_tray_dual_arm/runs/same_y_endpoint_safe_v4/w0119/near_postretreat_fallback/yaw_p50/j2p19_j3m15/combined/result.json,
214,near,near,-0.3989473684210526,0.24210526315789468,0.03,180.24211472446586,91.07986565754094,18.326831882869914,1.2815230912000795,50.0,55.71951047434401,w0118_nearpost_yaw_p50_j2p19_j3m15_park0_m65_gap55,/home/ethanqjiang/workspace/curobo/xtrainer_plan/results_overhead/20260930/v78_full_tray_dual_arm/runs/same_y_endpoint_safe_v4/w0118/near_postretreat_fallback/yaw_p50/j2p19_j3m15/combined/result.json,
215,near,near,-0.3989473684210526,0.2684210526315789,0.03,181.16315207366372,90.54867501559987,17.153651270271844,1.3184817490889458,45.0,71.5306921361587,w0117_nearpost_farpark_p45_j2p19_j3m15_park0_m60_gap70,/home/ethanqjiang/workspace/curobo/xtrainer_plan/results_overhead/20260930/v78_full_tray_dual_arm/runs/same_y_endpoint_safe_v4/w0117/near_postretreat_fallback/farpark_p45/j2p19_j3m15/combined/result.json,
216,near,near,-0.3989473684210526,0.2947368421052632,0.03,168.6278220031548,87.65664656251683,17.153391723083384,1.339697379019601,45.0,71.98635817788221,w0116_nearpost_farpark_p45_j2p19_j3m15_park0_m65_gap70,/home/ethanqjiang/workspace/curobo/xtrainer_plan/results_overhead/20260930/v78_full_tray_dual_arm/runs/same_y_endpoint_safe_v4/w0116/near_postretreat_fallback/farpark_p45/j2p19_j3m15/combined/result.json,
217,near,near,-0.3989473684210526,0.32105263157894737,0.03,156.06766419501352,78.02656477622992,18.327187052706755,1.381417205029744,50.0,70.81736890039936,w0115_nearpost_yaw_p50_j2p19_j3m15_park0_m65_gap70,/home/ethanqjiang/workspace/curobo/xtrainer_plan/results_overhead/20260930/v78_full_tray_dual_arm/runs/same_y_endpoint_safe_v4/w0115/near_postretreat_fallback/yaw_p50/j2p19_j3m15/combined/result.json,
218,near,near,-0.3989473684210526,0.34736842105263155,0.03,156.02116426714426,78.97501850475624,18.326790901734892,1.4717888527856948,50.0,70.6936733030035,w0114_np19_j3m15_fm65_g70,/home/ethanqjiang/workspace/curobo/xtrainer_plan/results_overhead/20260930/v78_full_tray_dual_arm/runs/same_y_endpoint_safe_v4/w0114/near_postretreat_diagnostic/j2p19_j3m15_p50/combined/result.json,
219,near,near,-0.3989473684210526,0.37368421052631573,0.03,154.79173021654216,77.39602903281103,17.153664930650184,1.4321654213173818,45.0,55.62344136049249,w0113_farpark_np45_fm60_park0_gap55,/home/ethanqjiang/workspace/curobo/xtrainer_plan/results_overhead/20260930/v78_full_tray_dual_arm/runs/same_y_endpoint_safe_v4/w0113/far_park_fallback/near_p45/result.json,
220,near,near,-0.3989473684210526,0.4,0.03,146.82558496490753,73.41279931264299,17.153774213676904,1.4698622610927423,45.0,56.943266798360426,w0112_farpark_np45_fm60_park0_gap55,/home/ethanqjiang/workspace/curobo/xtrainer_plan/results_overhead/20260930/v78_full_tray_dual_arm/runs/same_y_endpoint_safe_v4/w0112/far_park_fallback/near_p45/result.json,
221,near,near,-0.37684210526315787,-0.1,0.03,200.98846940382649,108.67889819566368,18.327036788545016,0.9394664054870889,50.0,56.39472409191407,w0094_yaw_np50_fm65_gap55,/home/ethanqjiang/workspace/curobo/xtrainer_plan/results_overhead/20260930/v78_full_tray_dual_arm/runs/same_y_endpoint_safe_v4/w0094/yaw_fallback/near_p50/result.json,
222,near,near,-0.37684210526315787,-0.0736842105263158,0.03,199.48649372986782,105.39112345942821,19.64787243062042,0.9437083272203511,60.0,55.498393347824496,w0095_pair1_gap55,/home/ethanqjiang/workspace/curobo/xtrainer_plan/results_overhead/20260930/v78_full_tray_dual_arm/runs/same_y_endpoint_safe_v4/w0095/near_single1/result.json,
223,near,near,-0.37684210526315787,-0.04736842105263159,0.03,197.08810695376349,106.72872380082143,18.326804562113235,0.9331596906200317,50.0,55.00655000959762,w0096_yaw_np50_fm65_gap55,/home/ethanqjiang/workspace/curobo/xtrainer_plan/results_overhead/20260930/v78_full_tray_dual_arm/runs/same_y_endpoint_safe_v4/w0096/yaw_fallback/near_p50/result.json,
224,near,near,-0.37684210526315787,-0.02105263157894738,0.03,166.90333584151014,95.62385732366161,20.34852689605867,1.1231290621900494,70.0,57.124181557132594,recovery_b0001_n224_f193_np70_retreat_CJ2m10J3p10_route_gap55,/home/ethanqjiang/workspace/curobo/xtrainer_plan/results_overhead/20260930/v78_full_tray_dual_arm/runs/recovered_midline_from_w0131/b0001/guided_C_J2m10_J3p10/combined/result.json,
225,near,near,-0.37684210526315787,0.005263157894736831,0.03,209.51920150734838,104.48705571522324,18.326517694168093,0.9586944040921664,50.0,70.70723126181264,w0097_farpark_np50_fm60_park1_gap70,/home/ethanqjiang/workspace/curobo/xtrainer_plan/results_overhead/20260930/v78_full_tray_dual_arm/runs/same_y_endpoint_safe_v4/w0097/yaw_fallback/near_p50/result.json,
226,near,near,-0.37684210526315787,0.03157894736842104,0.03,199.76353815543453,92.24879106228609,20.153470353741444,1.323237884644237,70.0,57.107388993048545,recovery_b0002_n226_f192_np70_retreat_D_route_gap55,/home/ethanqjiang/workspace/curobo/xtrainer_plan/results_overhead/20260930/v78_full_tray_dual_arm/runs/recovered_midline_from_w0131/b0002/guided_retreat_D/combined/result.json,takeover_near_park
227,near,near,-0.37684210526315787,0.05789473684210525,0.03,209.4996056946199,108.37424273037713,17.153200477786623,1.0105455212759682,45.0,72.21166511199664,w0098_farpark_np45_fm60_park0_gap70,/home/ethanqjiang/workspace/curobo/xtrainer_plan/results_overhead/20260930/v78_full_tray_dual_arm/runs/same_y_endpoint_safe_v4/w0098/far_park_fallback/near_p45/result.json,
228,near,near,-0.37684210526315787,0.08421052631578946,0.03,207.57513159407688,104.79569488834319,18.326804562113235,0.9936195037149764,50.0,71.52008379158862,w0099_farpark_np50_fm60_park0_gap70,/home/ethanqjiang/workspace/curobo/xtrainer_plan/results_overhead/20260930/v78_full_tray_dual_arm/runs/same_y_endpoint_safe_v4/w0099/yaw_fallback/near_p50/result.json,
229,near,near,-0.37684210526315787,0.11052631578947367,0.03,197.71885443304663,98.85942721652337,18.326804562113235,1.0467513126723995,50.0,70.22104986827077,w0100_farpark_np50_fm60_park0_gap70,/home/ethanqjiang/workspace/curobo/xtrainer_plan/results_overhead/20260930/v78_full_tray_dual_arm/runs/same_y_endpoint_safe_v4/w0100/yaw_fallback/near_p50/result.json,
230,near,near,-0.37684210526315787,0.13684210526315788,0.03,194.29046146972604,97.14523756505234,18.326299128114652,1.0931945372153478,50.0,72.0092165491116,w0101_farpark_np50_fm60_park0_gap70,/home/ethanqjiang/workspace/curobo/xtrainer_plan/results_overhead/20260930/v78_full_tray_dual_arm/runs/same_y_endpoint_safe_v4/w0101/yaw_fallback/near_p50/result.json,
231,near,near,-0.37684210526315787,0.16315789473684209,0.03,190.55946380541744,95.27973190270885,18.326790901734892,1.1074995907435976,50.0,70.34328216831504,w0102_farpark_np50_fm60_park0_gap70,/home/ethanqjiang/workspace/curobo/xtrainer_plan/results_overhead/20260930/v78_full_tray_dual_arm/runs/same_y_endpoint_safe_v4/w0102/yaw_fallback/near_p50/result.json,
232,near,near,-0.37684210526315787,0.18947368421052632,0.03,186.4913348338665,93.24566058674404,18.327446599895215,1.133875082799164,50.0,86.09445472709382,w0103_farpark_np50_fm60_park0_gap85,/home/ethanqjiang/workspace/curobo/xtrainer_plan/results_overhead/20260930/v78_full_tray_dual_arm/runs/same_y_endpoint_safe_v4/w0103/yaw_fallback/near_p50/result.json,
233,near,near,-0.37684210526315787,0.2157894736842105,0.03,182.05023655249732,91.02485189887108,18.327446599895215,1.1588593243831535,50.0,85.886273499812,w0104_farpark_np50_fm60_park0_gap85,/home/ethanqjiang/workspace/curobo/xtrainer_plan/results_overhead/20260930/v78_full_tray_dual_arm/runs/same_y_endpoint_safe_v4/w0104/yaw_fallback/near_p50/result.json,
234,near,near,-0.37684210526315787,0.24210526315789468,0.03,183.4475771434661,95.0763459446988,17.153623949515165,1.1848811078092143,45.0,70.95980877471916,w0105_farpark_np45_fm60_park0_gap70,/home/ethanqjiang/workspace/curobo/xtrainer_plan/results_overhead/20260930/v78_full_tray_dual_arm/runs/same_y_endpoint_safe_v4/w0105/far_park_fallback/near_p45/result.json,
235,near,near,-0.37684210526315787,0.2684210526315789,0.03,167.04385332330492,90.28725635530681,18.45268494851657,1.233964194211897,57.5,56.412676881566256,w0106_yaw_np57p5_fm60_gap55,/home/ethanqjiang/workspace/curobo/xtrainer_plan/results_overhead/20260930/v78_full_tray_dual_arm/runs/same_y_endpoint_safe_v4/w0106/yaw_fallback/near_p57p5/result.json,
236,near,near,-0.37684210526315787,0.2947368421052632,0.03,154.11009099775305,83.00595709627682,18.326640637573153,1.272798946148282,50.0,70.54935069204765,w0107_farpark_np50_fm60_park0_gap70,/home/ethanqjiang/workspace/curobo/xtrainer_plan/results_overhead/20260930/v78_full_tray_dual_arm/runs/same_y_endpoint_safe_v4/w0107/yaw_fallback/near_p50/result.json,
237,near,near,-0.37684210526315787,0.32105263157894737,0.03,159.6034755434108,79.8017377717054,18.326954826274974,1.3183797465574825,50.0,70.05418272757696,w0108_farpark_np50_fm60_park0_gap70,/home/ethanqjiang/workspace/curobo/xtrainer_plan/results_overhead/20260930/v78_full_tray_dual_arm/runs/same_y_endpoint_safe_v4/w0108/yaw_fallback/near_p50/result.json,
238,near,near,-0.37684210526315787,0.34736842105263155,0.03,152.59081103953224,76.2945858970656,18.326954826274974,1.3533102347431654,50.0,55.913444715088744,w0109_yaw_np50_fm65_gap55,/home/ethanqjiang/workspace/curobo/xtrainer_plan/results_overhead/20260930/v78_full_tray_dual_arm/runs/same_y_endpoint_safe_v4/w0109/yaw_fallback/near_p50/result.json,
239,near,near,-0.37684210526315787,0.37368421052631573,0.03,151.19756173187594,78.9518846540374,17.153651270271844,1.4001504581563218,45.0,70.48676376891724,w0110_farpark_np45_fm60_park0_gap70,/home/ethanqjiang/workspace/curobo/xtrainer_plan/results_overhead/20260930/v78_full_tray_dual_arm/runs/same_y_endpoint_safe_v4/w0110/far_park_fallback/near_p45/result.json,
240,near,near,-0.37684210526315787,0.4,0.03,149.58940735217502,74.79471050627664,17.15300923248986,1.4486577936560594,45.0,70.59508713428478,w0111_farpark_np45_fm60_park0_gap70,/home/ethanqjiang/workspace/curobo/xtrainer_plan/results_overhead/20260930/v78_full_tray_dual_arm/runs/same_y_endpoint_safe_v4/w0111/far_park_fallback/near_p45/result.json,
241,near,near,-0.3547368421052632,-0.1,0.03,204.31676935995486,107.80626127447181,19.64787243062042,0.9105309508059294,60.0,55.66488627484198,w0093_pair1_gap55,/home/ethanqjiang/workspace/curobo/xtrainer_plan/results_overhead/20260930/v78_full_tray_dual_arm/runs/same_y_endpoint_safe_v4/w0093/near_single1/result.json,
242,near,near,-0.3547368421052632,-0.0736842105263158,0.03,202.12742393849334,109.24837546299725,18.327173392328415,0.8969733077803058,50.0,55.222444756501545,w0092_yaw_np50_fm65_gap55,/home/ethanqjiang/workspace/curobo/xtrainer_plan/results_overhead/20260930/v78_full_tray_dual_arm/runs/same_y_endpoint_safe_v4/w0092/yaw_fallback/near_p50/result.json,
243,near,near,-0.3547368421052632,-0.04736842105263159,0.03,200.58066954433602,105.93822502704083,19.63723099589354,0.9096567154839775,60.0,55.30647856120178,w0091_pair1_gap55,/home/ethanqjiang/workspace/curobo/xtrainer_plan/results_overhead/20260930/v78_full_tray_dual_arm/runs/same_y_endpoint_safe_v4/w0091/near_single1/result.json,
244,near,near,-0.3547368421052632,-0.02105263157894738,0.03,178.313255642476,107.24554372474877,18.326954826274974,0.930659441275804,50.0,55.083915748865486,w0090_yaw_np50_fm60_gap55,/home/ethanqjiang/workspace/curobo/xtrainer_plan/results_overhead/20260930/v78_full_tray_dual_arm/runs/same_y_endpoint_safe_v4/w0090/yaw_fallback/near_p50/result.json,
245,near,near,-0.3547368421052632,0.005263157894736831,0.03,175.5163751396257,103.78821124991504,19.64785877024208,0.9466999814003669,70.0,55.217652084904124,w0089_farpost_np70_fm60_gap55,/home/ethanqjiang/workspace/curobo/xtrainer_plan/results_overhead/20260930/v78_full_tray_dual_arm/runs/same_y_endpoint_safe_v4/w0089/far_postpark_fallback/near_p70/result.json,
246,near,near,-0.3547368421052632,0.03157894736842104,0.03,193.48270963810228,104.92603197317996,18.327446599895215,0.9617352746885486,50.0,55.32763364497151,w0088_farpark_np50_fm60_park0_gap55,/home/ethanqjiang/workspace/curobo/xtrainer_plan/results_overhead/20260930/v78_full_tray_dual_arm/runs/same_y_endpoint_safe_v4/w0088/yaw_fallback/near_p50/result.json,
247,near,near,-0.3547368421052632,0.05789473684210525,0.03,155.09631567238938,87.45239658557676,19.955627094242853,0.9583046800899029,60.0,55.11115625033156,w0087_pair1_gap55,/home/ethanqjiang/workspace/curobo/xtrainer_plan/results_overhead/20260930/v78_full_tray_dual_arm/runs/same_y_endpoint_safe_v4/w0087/near_single1/result.json,
248,near,near,-0.3547368421052632,0.08421052631578946,0.03,174.39648366293207,106.58071360150724,18.452029250356247,0.9905373176469623,70.0,70.95675093879817,w0086_postpark_np70_fm60_gap70,/home/ethanqjiang/workspace/curobo/xtrainer_plan/results_overhead/20260930/v78_full_tray_dual_arm/runs/same_y_endpoint_safe_v4/w0086/extra_yaw/near_p70/result.json,
249,near,near,-0.3547368421052632,0.11052631578947367,0.03,207.6335502020478,107.16922319096305,17.153664930650184,1.033287834926659,45.0,55.81026763923353,w0085_farpark_np45_fm65_park0_gap55,/home/ethanqjiang/workspace/curobo/xtrainer_plan/results_overhead/20260930/v78_full_tray_dual_arm/runs/same_y_endpoint_safe_v4/w0085/far_park_fallback/near_p45/result.json,
250,near,near,-0.3547368421052632,0.13684210526315788,0.03,204.74412063594414,103.38188329619098,18.326954826274974,1.0550241617028402,50.0,55.763580604296045,w0084_yaw_np50_fm65_gap55,/home/ethanqjiang/workspace/curobo/xtrainer_plan/results_overhead/20260930/v78_full_tray_dual_arm/runs/same_y_endpoint_safe_v4/w0084/yaw_fallback/near_p50/result.json,
251,near,near,-0.3547368421052632,0.16315789473684209,0.03,200.6527826815933,103.6796658836252,17.15300923248986,1.076301995929291,45.0,70.2277855433857,w0083_farpark_np45_fm65_park1_gap70,/home/ethanqjiang/workspace/curobo/xtrainer_plan/results_overhead/20260930/v78_full_tray_dual_arm/runs/same_y_endpoint_safe_v4/w0083/far_park_fallback/near_p45/result.json,
252,near,near,-0.3547368421052632,0.18947368421052632,0.03,190.39881775613904,95.19854827423408,18.326954826274974,1.1042455828627342,50.0,70.4869886299447,w0082_farpark_np50_fm60_park0_gap70,/home/ethanqjiang/workspace/curobo/xtrainer_plan/results_overhead/20260930/v78_full_tray_dual_arm/runs/same_y_endpoint_safe_v4/w0082/yaw_fallback/near_p50/result.json,
253,near,near,-0.3547368421052632,0.2157894736842105,0.03,192.7193676964619,97.36958195853057,18.326954826274974,1.1194476926816304,50.0,70.09740792974323,w0081_farpark_np50_fm65_park0_gap70,/home/ethanqjiang/workspace/curobo/xtrainer_plan/results_overhead/20260930/v78_full_tray_dual_arm/runs/same_y_endpoint_safe_v4/w0081/yaw_fallback/near_p50/result.json,
254,near,near,-0.3547368421052632,0.24210526315789468,0.03,187.45032071409275,97.07765625830964,17.153651270271844,1.168846827559868,45.0,71.85046193575353,w0080_farpark_np45_fm60_park1_gap70,/home/ethanqjiang/workspace/curobo/xtrainer_plan/results_overhead/20260930/v78_full_tray_dual_arm/runs/same_y_endpoint_safe_v4/w0080/far_park_fallback/near_p45/result.json,
255,near,near,-0.3547368421052632,0.2684210526315789,0.03,168.18477495245295,87.9322788464727,18.327446599895215,1.2045869952933026,50.0,55.164364704030824,w0079_yaw_np50_fm65_gap55,/home/ethanqjiang/workspace/curobo/xtrainer_plan/results_overhead/20260930/v78_full_tray_dual_arm/runs/same_y_endpoint_safe_v4/w0079/yaw_fallback/near_p50/result.json,
256,near,near,-0.3547368421052632,0.2947368421052632,0.03,162.62337538304035,82.65125171229971,19.256488930800348,1.2400400208847415,55.0,56.81087882508787,w0078_yaw_np55_fm60_gap55,/home/ethanqjiang/workspace/curobo/xtrainer_plan/results_overhead/20260930/v78_full_tray_dual_arm/runs/same_y_endpoint_safe_v4/w0078/yaw_fallback/near_p55/result.json,
257,near,near,-0.3547368421052632,0.32105263157894737,0.03,163.48813197347707,81.74407281692778,18.326954826274974,1.2802582473734834,50.0,55.18020572042448,w0077_yaw_np50_fm65_gap55,/home/ethanqjiang/workspace/curobo/xtrainer_plan/results_overhead/20260930/v78_full_tray_dual_arm/runs/same_y_endpoint_safe_v4/w0077/yaw_fallback/near_p50/result.json,
258,near,near,-0.3547368421052632,0.34736842105263155,0.03,156.3148760618332,78.1569462572963,18.326954826274974,1.3236130011405827,50.0,70.74154356137272,w0076_n50_fpark_gap70,/home/ethanqjiang/workspace/curobo/xtrainer_plan/results_overhead/20260930/v78_full_tray_dual_arm/runs/same_y_endpoint_safe_v4/w0076/yaw_fallback/near_p50/result.json,
259,near,near,-0.3547368421052632,0.37368421052631573,0.03,155.11371899439445,78.56857443781628,18.327446599895215,1.3670603858774055,50.0,55.54312062951702,w0075_yaw_np50_fm60_gap55,/home/ethanqjiang/workspace/curobo/xtrainer_plan/results_overhead/20260930/v78_full_tray_dual_arm/runs/same_y_endpoint_safe_v4/w0075/yaw_fallback/near_p50/result.json,
260,near,near,-0.3547368421052632,0.4,0.03,147.33180102014867,76.34734910840395,17.153664930650184,1.4260573611134877,45.0,70.18391027280835,w0074_n45_fpark_gap70,/home/ethanqjiang/workspace/curobo/xtrainer_plan/results_overhead/20260930/v78_full_tray_dual_arm/runs/same_y_endpoint_safe_v4/w0074/recovery_diagnostic/near_p45/result.json,
261,near,near,-0.33263157894736844,-0.1,0.03,190.94458060667424,95.47229030333715,19.955627094242853,0.8550678840312833,60.0,71.4089064201239,w0054_pair1_gap70,/home/ethanqjiang/workspace/curobo/xtrainer_plan/results_overhead/20260930/v78_full_tray_dual_arm/runs/same_y_endpoint_safe_v4/w0054/near_single1/result.json,
262,near,near,-0.33263157894736844,-0.0736842105263158,0.03,189.22733444554956,94.61366722277484,19.955627094242853,0.8471800758609279,60.0,70.38918060825571,w0055_pair1_gap70,/home/ethanqjiang/workspace/curobo/xtrainer_plan/results_overhead/20260930/v78_full_tray_dual_arm/runs/same_y_endpoint_safe_v4/w0055/near_single1/result.json,
263,near,near,-0.33263157894736844,-0.04736842105263159,0.03,187.39036872865293,93.69518436432655,19.955627094242853,0.8674373700485157,60.0,70.32862614343158,w0056_pair1_gap70,/home/ethanqjiang/workspace/curobo/xtrainer_plan/results_overhead/20260930/v78_full_tray_dual_arm/runs/same_y_endpoint_safe_v4/w0056/near_single1/result.json,
264,near,near,-0.33263157894736844,-0.02105263157894738,0.03,185.4121751902882,92.70608759514407,19.955627094242853,0.8524502000937524,60.0,70.645506603991,w0057_pair1_gap70,/home/ethanqjiang/workspace/curobo/xtrainer_plan/results_overhead/20260930/v78_full_tray_dual_arm/runs/same_y_endpoint_safe_v4/w0057/near_single1/result.json,
265,near,near,-0.33263157894736844,0.005263157894736831,0.03,183.27980720688285,91.63990360344155,19.955627094242853,0.8673135811789285,60.0,70.49303415254604,w0058_pair1_gap70,/home/ethanqjiang/workspace/curobo/xtrainer_plan/results_overhead/20260930/v78_full_tray_dual_arm/runs/same_y_endpoint_safe_v4/w0058/near_single1/result.json,
266,near,near,-0.33263157894736844,0.03157894736842104,0.03,180.97952243782774,90.48976121891393,19.955627094242853,0.9030736102968762,60.0,70.74292163293558,w0059_pair1_gap70,/home/ethanqjiang/workspace/curobo/xtrainer_plan/results_overhead/20260930/v78_full_tray_dual_arm/runs/same_y_endpoint_safe_v4/w0059/near_single1/result.json,
267,near,near,-0.33263157894736844,0.05789473684210525,0.03,178.4850758812366,89.24253794061833,19.955627094242853,0.9088548365725886,60.0,70.96976449306383,w0060_pair1_gap70,/home/ethanqjiang/workspace/curobo/xtrainer_plan/results_overhead/20260930/v78_full_tray_dual_arm/runs/same_y_endpoint_safe_v4/w0060/near_single1/result.json,
268,near,near,-0.33263157894736844,0.08421052631578946,0.03,175.77581304505935,87.8879065225297,19.955627094242853,0.936988806746518,60.0,70.80311899098324,w0061_pair1_gap70,/home/ethanqjiang/workspace/curobo/xtrainer_plan/results_overhead/20260930/v78_full_tray_dual_arm/runs/same_y_endpoint_safe_v4/w0061/near_single1/result.json,
269,near,near,-0.33263157894736844,0.11052631578947367,0.03,172.82189283281224,86.41094641640615,19.955627094242853,0.9616522029044373,60.0,55.76726821990457,w0062_pair1_gap55,/home/ethanqjiang/workspace/curobo/xtrainer_plan/results_overhead/20260930/v78_full_tray_dual_arm/runs/same_y_endpoint_safe_v4/w0062/near_single1/result.json,
270,near,near,-0.33263157894736844,0.13684210526315788,0.03,169.59701218600173,84.79850609300081,19.955627094242853,0.9937055892764981,60.0,55.76896811800716,w0063_pair1_gap55,/home/ethanqjiang/workspace/curobo/xtrainer_plan/results_overhead/20260930/v78_full_tray_dual_arm/runs/same_y_endpoint_safe_v4/w0063/near_single1/result.json,
271,near,near,-0.33263157894736844,0.16315789473684209,0.03,166.05465751637948,83.02725362610892,19.955900301809656,1.021682432293038,60.0,70.41384635821468,w0064_pair1_gap70,/home/ethanqjiang/workspace/curobo/xtrainer_plan/results_overhead/20260930/v78_full_tray_dual_arm/runs/same_y_endpoint_safe_v4/w0064/near_single1/result.json,
272,near,near,-0.33263157894736844,0.18947368421052632,0.03,162.162884029198,81.08151714667987,19.955886641431313,1.0584763110824194,60.0,55.865583013094664,w0065_pair1_gap55,/home/ethanqjiang/workspace/curobo/xtrainer_plan/results_overhead/20260930/v78_full_tray_dual_arm/runs/same_y_endpoint_safe_v4/w0065/near_single1/result.json,
273,near,near,-0.33263157894736844,0.2157894736842105,0.03,157.8695090791979,78.93475453959901,19.955627094242853,1.1079726314630765,60.0,70.00549888199575,w0066_pair1_gap70,/home/ethanqjiang/workspace/curobo/xtrainer_plan/results_overhead/20260930/v78_full_tray_dual_arm/runs/same_y_endpoint_safe_v4/w0066/near_single1/result.json,
274,near,near,-0.33263157894736844,0.24210526315789468,0.03,160.24141521188992,76.55447117989,19.955627094242853,1.131501820889366,60.0,55.860414061222166,w0067_pair1_gap55,/home/ethanqjiang/workspace/curobo/xtrainer_plan/results_overhead/20260930/v78_full_tray_dual_arm/runs/same_y_endpoint_safe_v4/w0067/near_single1/result.json,
275,near,near,-0.33263157894736844,0.2684210526315789,0.03,163.80796924174123,90.08865494481034,18.326790901734892,1.1772946884402629,50.0,55.00487556708799,w0068_yaw_np50_fm65_gap55,/home/ethanqjiang/workspace/curobo/xtrainer_plan/results_overhead/20260930/v78_full_tray_dual_arm/runs/same_y_endpoint_safe_v4/w0068/yaw_fallback/near_p50/result.json,
276,near,near,-0.33263157894736844,0.2947368421052632,0.03,158.32195447019782,84.80886065978254,19.64785877024208,1.2193945601328846,60.0,55.11045023087108,w0069_pair1_gap55,/home/ethanqjiang/workspace/curobo/xtrainer_plan/results_overhead/20260930/v78_full_tray_dual_arm/runs/same_y_endpoint_safe_v4/w0069/near_single1/result.json,
277,near,near,-0.33263157894736844,0.32105263157894737,0.03,165.4334244906103,73.26720017010582,19.955627094242853,1.2663463663520687,60.0,55.10569441761637,w0070_pair1_gap55,/home/ethanqjiang/workspace/curobo/xtrainer_plan/results_overhead/20260930/v78_full_tray_dual_arm/runs/same_y_endpoint_safe_v4/w0070/near_single1/result.json,
278,near,near,-0.33263157894736844,0.34736842105263155,0.03,160.22000939903114,70.87764952435359,19.635564429736057,1.3113090711355595,57.5,55.09765500695607,w0071_yaw_np57p5_fm60_gap55,/home/ethanqjiang/workspace/curobo/xtrainer_plan/results_overhead/20260930/v78_full_tray_dual_arm/runs/same_y_endpoint_safe_v4/w0071/yaw_fallback/near_p57p5/result.json,
279,near,near,-0.33263157894736844,0.37368421052631573,0.03,155.15648963897726,75.54461575827257,19.635564429736057,1.3528847654508813,57.5,55.12478452969377,w0072_yaw_np57p5_fm60_gap55,/home/ethanqjiang/workspace/curobo/xtrainer_plan/results_overhead/20260930/v78_full_tray_dual_arm/runs/same_y_endpoint_safe_v4/w0072/yaw_fallback/near_p57p5/result.json,
280,near,near,-0.33263157894736844,0.4,0.03,166.02581191996765,81.54280251001315,19.955627094242853,1.4086890344859935,60.0,55.42979870991968,w0073_pair1_gap55,/home/ethanqjiang/workspace/curobo/xtrainer_plan/results_overhead/20260930/v78_full_tray_dual_arm/runs/same_y_endpoint_safe_v4/w0073/near_single1/result.json,
281,near,near,-0.3105263157894737,-0.1,0.03,193.98607750445942,96.99303875222965,19.955627094242853,0.8244789802688937,60.0,70.9940085681271,w0053_pair1_gap70,/home/ethanqjiang/workspace/curobo/xtrainer_plan/results_overhead/20260930/v78_full_tray_dual_arm/runs/same_y_endpoint_safe_v4/w0053/near_single1/result.json,
282,near,near,-0.3105263157894737,-0.0736842105263158,0.03,192.36580978426508,96.18290489213257,19.955627094242853,0.8575987660216112,60.0,70.19825575908578,w0052_pair1_gap70,/home/ethanqjiang/workspace/curobo/xtrainer_plan/results_overhead/20260930/v78_full_tray_dual_arm/runs/same_y_endpoint_safe_v4/w0052/near_single1/result.json,
283,near,near,-0.3105263157894737,-0.04736842105263159,0.03,190.6247228478426,95.3123614239213,19.955627094242853,0.8054251474111835,60.0,70.10458429118057,w0051_pair1_gap70,/home/ethanqjiang/workspace/curobo/xtrainer_plan/results_overhead/20260930/v78_full_tray_dual_arm/runs/same_y_endpoint_safe_v4/w0051/near_single1/result.json,
284,near,near,-0.3105263157894737,-0.02105263157894738,0.03,188.75122244907556,94.37568635661867,19.955627094242853,0.8270358907165596,60.0,70.0803941453943,w0050_pair1_gap70,/home/ethanqjiang/workspace/curobo/xtrainer_plan/results_overhead/20260930/v78_full_tray_dual_arm/runs/same_y_endpoint_safe_v4/w0050/near_single1/result.json,
285,near,near,-0.3105263157894737,0.005263157894736831,0.03,191.19296043584157,95.29629340389884,19.955900301809656,0.836976937063675,60.0,70.12410223670787,w0049_pair1_gap70,/home/ethanqjiang/workspace/curobo/xtrainer_plan/results_overhead/20260930/v78_full_tray_dual_arm/runs/same_y_endpoint_safe_v4/w0049/near_single1/result.json,
286,near,near,-0.3105263157894737,0.03157894736842104,0.03,189.00272025959936,96.73584968658011,19.635332203304277,0.8767413069323298,57.5,55.03333326633644,w0048_yaw_np57p5_fm60_gap55,/home/ethanqjiang/workspace/curobo/xtrainer_plan/results_overhead/20260930/v78_full_tray_dual_arm/runs/same_y_endpoint_safe_v4/w0048/yaw_fallback/near_p57p5/result.json,
287,near,near,-0.3105263157894737,0.05789473684210525,0.03,190.85474654361582,97.23536532624524,19.955627094242853,0.8949404906712334,60.0,57.2520652813652,w0047_pair1_gap55,/home/ethanqjiang/workspace/curobo/xtrainer_plan/results_overhead/20260930/v78_full_tray_dual_arm/runs/same_y_endpoint_safe_v4/w0047/near_single1/result.json,
288,near,near,-0.3105263157894737,0.08421052631578946,0.03,188.19894359807213,98.44425075272956,19.256488930800348,0.9300470283989497,55.0,71.222246192786,w0046_yaw_np55_fm65_gap70,/home/ethanqjiang/workspace/curobo/xtrainer_plan/results_overhead/20260930/v78_full_tray_dual_arm/runs/same_y_endpoint_safe_v4/w0046/yaw_fallback/near_p55/result.json,
289,near,near,-0.3105263157894737,0.11052631578947367,0.03,176.756129606064,88.37806480303192,19.955627094242853,0.9345010216297471,60.0,55.42334541435384,w0045_pair1_gap55,/home/ethanqjiang/workspace/curobo/xtrainer_plan/results_overhead/20260930/v78_full_tray_dual_arm/runs/same_y_endpoint_safe_v4/w0045/near_single1/result.json,
290,near,near,-0.3105263157894737,0.13684210526315788,0.03,190.02835512574666,100.66206781774606,19.64785877024208,1.002842382301206,60.0,70.40286226050796,w0044_pair1_gap70,/home/ethanqjiang/workspace/curobo/xtrainer_plan/results_overhead/20260930/v78_full_tray_dual_arm/runs/same_y_endpoint_safe_v4/w0044/near_single1/result.json,
291,near,near,-0.3105263157894737,0.16315789473684209,0.03,186.22911021125142,101.29923225975445,18.327446599895215,1.0082491012176873,50.0,55.376339002273546,w0043_yaw_np50_fm65_gap55,/home/ethanqjiang/workspace/curobo/xtrainer_plan/results_overhead/20260930/v78_full_tray_dual_arm/runs/same_y_endpoint_safe_v4/w0043/yaw_fallback/near_p50/result.json,
292,near,near,-0.3105263157894737,0.18947368421052632,0.03,175.17259122813144,89.3942876685031,19.955627094242853,1.0331366770911055,60.0,57.167545626416846,w0042_pair1_gap55,/home/ethanqjiang/workspace/curobo/xtrainer_plan/results_overhead/20260930/v78_full_tray_dual_arm/runs/same_y_endpoint_safe_v4/w0042/near_single1/result.json,
293,near,near,-0.3105263157894737,0.2157894736842105,0.03,170.92098971509512,89.80527381124111,19.256488930800348,1.0710248560457414,55.0,55.06255306326924,w0041_yaw_np55_fm60_gap55,/home/ethanqjiang/workspace/curobo/xtrainer_plan/results_overhead/20260930/v78_full_tray_dual_arm/runs/same_y_endpoint_safe_v4/w0041/yaw_fallback/near_p55/result.json,
294,near,near,-0.3105263157894737,0.24210526315789468,0.03,166.90888195511656,78.8248123996239,19.955627094242853,1.1109991461501951,60.0,70.21428480589128,w0040_pair1_gap70,/home/ethanqjiang/workspace/curobo/xtrainer_plan/results_overhead/20260930/v78_full_tray_dual_arm/runs/same_y_endpoint_safe_v4/w0040/near_single1/result.json,
295,near,near,-0.3105263157894737,0.2684210526315789,0.03,169.41635368245485,76.2277354205641,19.955627094242853,1.1512966149805566,60.0,55.63714862359013,w0039_pair1_gap55,/home/ethanqjiang/workspace/curobo/xtrainer_plan/results_overhead/20260930/v78_full_tray_dual_arm/runs/same_y_endpoint_safe_v4/w0039/near_single1/result.json,
296,near,near,-0.3105263157894737,0.2947368421052632,0.03,170.86134850326263,76.04391795452614,19.955627094242853,1.200569917063701,60.0,55.00342520313632,w0038_pair1_gap55,/home/ethanqjiang/workspace/curobo/xtrainer_plan/results_overhead/20260930/v78_full_tray_dual_arm/runs/same_y_endpoint_safe_v4/w0038/near_single1/result.json,
297,near,near,-0.3105263157894737,0.32105263157894737,0.03,171.3836394087152,75.96430526956047,19.955627094242853,1.2494987554880894,60.0,56.93521002652652,w0037_pair1_gap55,/home/ethanqjiang/workspace/curobo/xtrainer_plan/results_overhead/20260930/v78_full_tray_dual_arm/runs/same_y_endpoint_safe_v4/w0037/near_single1/result.json,
298,near,near,-0.3105263157894737,0.34736842105263155,0.03,171.1378618816215,77.30422872904512,19.955627094242853,1.2989973129405357,60.0,55.61764620880713,w0036_pair1_gap55,/home/ethanqjiang/workspace/curobo/xtrainer_plan/results_overhead/20260930/v78_full_tray_dual_arm/runs/same_y_endpoint_safe_v4/w0036/near_single1/result.json,
299,near,near,-0.3105263157894737,0.37368421052631573,0.03,170.30535744444532,82.30386316847098,19.955627094242853,1.351976067294261,60.0,55.35004878756336,w0035_pair1_gap55,/home/ethanqjiang/workspace/curobo/xtrainer_plan/results_overhead/20260930/v78_full_tray_dual_arm/runs/same_y_endpoint_safe_v4/w0035/near_single1/result.json,
300,near,near,-0.3105263157894737,0.4,0.03,178.1789126516907,86.69383065371328,19.956132528241437,1.3826140025816267,60.0,56.037630675076336,w0034_pair1_gap55,/home/ethanqjiang/workspace/curobo/xtrainer_plan/results_overhead/20260930/v78_full_tray_dual_arm/runs/same_y_endpoint_safe_v4/w0034/near_single1/result.json,
301,near,near,-0.28842105263157897,-0.1,0.03,187.19203369553446,95.9973337750252,20.434204789007307,0.7875492587590018,65.0,85.01843757665995,w0025_gap85,/home/ethanqjiang/workspace/curobo/xtrainer_plan/results_overhead/20260930/v78_full_tray_dual_arm/runs/same_y_endpoint_safe_v4/w0025/near/result.json,
302,near,near,-0.28842105263157897,-0.0736842105263158,0.03,176.07565493452856,88.03807335407431,20.434286751277348,0.8034718863720012,65.0,85.01843757665995,w0025_gap85,/home/ethanqjiang/workspace/curobo/xtrainer_plan/results_overhead/20260930/v78_full_tray_dual_arm/runs/same_y_endpoint_safe_v4/w0025/near/result.json,
303,near,near,-0.28842105263157897,-0.04736842105263159,0.03,184.31185903575587,96.95386420224504,19.956036905593056,0.7925051780361372,60.0,85.01843757665995,w0025_gap85,/home/ethanqjiang/workspace/curobo/xtrainer_plan/results_overhead/20260930/v78_full_tray_dual_arm/runs/same_y_endpoint_safe_v4/w0025/near/result.json,
304,near,near,-0.28842105263157897,-0.02105263157894738,0.03,182.27345054966804,93.537557258661,20.43451897770913,0.8002824378192819,65.0,70.75785336007037,w0026_gap70,/home/ethanqjiang/workspace/curobo/xtrainer_plan/results_overhead/20260930/v78_full_tray_dual_arm/runs/same_y_endpoint_safe_v4/w0026/near/result.json,
305,near,near,-0.28842105263157897,0.005263157894736831,0.03,170.77254579876887,85.3865187861945,20.434286751277348,0.8036885080384605,65.0,70.75785336007037,w0026_gap70,/home/ethanqjiang/workspace/curobo/xtrainer_plan/results_overhead/20260930/v78_full_tray_dual_arm/runs/same_y_endpoint_safe_v4/w0026/near/result.json,
306,near,near,-0.28842105263157897,0.03157894736842104,0.03,178.584837624254,94.09109115692446,19.955872981052973,0.8153285134108481,60.0,70.75785336007037,w0026_gap70,/home/ethanqjiang/workspace/curobo/xtrainer_plan/results_overhead/20260930/v78_full_tray_dual_arm/runs/same_y_endpoint_safe_v4/w0026/near/result.json,
307,near,near,-0.28842105263157897,0.05789473684210525,0.03,176.06406410350698,90.4336016960108,20.43451897770913,0.8667630642723261,65.0,70.35391156148704,w0027_gap70,/home/ethanqjiang/workspace/curobo/xtrainer_plan/results_overhead/20260930/v78_full_tray_dual_arm/runs/same_y_endpoint_safe_v4/w0027/near/result.json,
308,near,near,-0.28842105263157897,0.08421052631578946,0.03,164.01738625678843,82.00893901520442,20.434286751277348,0.8615834560467341,65.0,70.35391156148704,w0027_gap70,/home/ethanqjiang/workspace/curobo/xtrainer_plan/results_overhead/20260930/v78_full_tray_dual_arm/runs/same_y_endpoint_safe_v4/w0027/near/result.json,
309,near,near,-0.28842105263157897,0.11052631578947367,0.03,171.21117030198297,90.4039911184115,19.956036905593056,0.908051318880556,60.0,70.35391156148704,w0027_gap70,/home/ethanqjiang/workspace/curobo/xtrainer_plan/results_overhead/20260930/v78_full_tray_dual_arm/runs/same_y_endpoint_safe_v4/w0027/near/result.json,
310,near,near,-0.28842105263157897,0.13684210526315788,0.03,167.9899711271351,86.3962888304473,20.43451897770913,0.93541317498261,65.0,70.04353321041906,w0028_gap70,/home/ethanqjiang/workspace/curobo/xtrainer_plan/results_overhead/20260930/v78_full_tray_dual_arm/runs/same_y_endpoint_safe_v4/w0028/near/result.json,
311,near,near,-0.28842105263157897,0.16315789473684209,0.03,184.5827887344682,84.48315284392673,20.434286751277348,0.9550658309375117,65.0,70.04353321041906,w0028_gap70,/home/ethanqjiang/workspace/curobo/xtrainer_plan/results_overhead/20260930/v78_full_tray_dual_arm/runs/same_y_endpoint_safe_v4/w0028/near/result.json,
312,near,near,-0.28842105263157897,0.18947368421052632,0.03,175.83621240788975,85.49666070920283,19.955968603701354,1.0067705956189767,60.0,70.04353321041906,w0028_gap70,/home/ethanqjiang/workspace/curobo/xtrainer_plan/results_overhead/20260930/v78_full_tray_dual_arm/runs/same_y_endpoint_safe_v4/w0028/near/result.json,
313,near,near,-0.28842105263157897,0.2157894736842105,0.03,184.02963903434545,88.98961603565276,20.43451897770913,1.0452124293468819,65.0,70.89912537098058,w0029_gap70,/home/ethanqjiang/workspace/curobo/xtrainer_plan/results_overhead/20260930/v78_full_tray_dual_arm/runs/same_y_endpoint_safe_v4/w0029/near/result.json,
314,near,near,-0.28842105263157897,0.24210526315789468,0.03,198.54680996423573,90.34202081207196,20.434286751277348,1.0828317145660455,65.0,70.89912537098058,w0029_gap70,/home/ethanqjiang/workspace/curobo/xtrainer_plan/results_overhead/20260930/v78_full_tray_dual_arm/runs/same_y_endpoint_safe_v4/w0029/near/result.json,
315,near,near,-0.28842105263157897,0.2684210526315789,0.03,186.10485540987017,79.19094810517701,19.956036905593056,1.1397681523087435,60.0,70.89912537098058,w0029_gap70,/home/ethanqjiang/workspace/curobo/xtrainer_plan/results_overhead/20260930/v78_full_tray_dual_arm/runs/same_y_endpoint_safe_v4/w0029/near/result.json,
316,near,near,-0.28842105263157897,0.2947368421052632,0.03,176.09810918142517,78.44615012713298,19.955627094242853,1.176938464894877,60.0,73.81664863987453,w0030_pair1_gap70,/home/ethanqjiang/workspace/curobo/xtrainer_plan/results_overhead/20260930/v78_full_tray_dual_arm/runs/same_y_endpoint_safe_v4/w0030/near_single1/result.json,
317,near,near,-0.28842105263157897,0.32105263157894737,0.03,176.23392066288167,78.17854331545188,19.955627094242853,1.2124294713914585,60.0,70.6205542378897,w0031_pair1_gap70,/home/ethanqjiang/workspace/curobo/xtrainer_plan/results_overhead/20260930/v78_full_tray_dual_arm/runs/same_y_endpoint_safe_v4/w0031/near_single1/result.json,
318,near,near,-0.28842105263157897,0.34736842105263155,0.03,175.67794326444212,81.95777577567914,19.955627094242853,1.2741697698994336,60.0,56.373749021671834,w0032_pair1_gap55,/home/ethanqjiang/workspace/curobo/xtrainer_plan/results_overhead/20260930/v78_full_tray_dual_arm/runs/same_y_endpoint_safe_v4/w0032/near_single1/result.json,
319,near,near,-0.28842105263157897,0.37368421052631573,0.03,180.31753025818662,85.42987170440387,19.635564429736057,1.308630962223646,57.5,70.62619798505662,p57p5_m60_gap70,/home/ethanqjiang/workspace/curobo/xtrainer_plan/results_overhead/20260930/v78_full_tray_dual_arm/runs/same_y_endpoint_safe_v4/w0033/yaw_alt_diagnostic/near_p57p5/result.json,
320,far,near,-0.28842105263157897,0.4,0.03,115.04500162478347,56.80914902528642,18.633070244496604,1.6840378895711052,-65.0,138.1070378955935,takeover_far_case0320,/home/ethanqjiang/workspace/curobo/xtrainer_plan/results_overhead/20260930/v78_full_tray_dual_arm/runs/far_takeover_high_y_from_378/remaining_15_after_cache/case0320_adapter/far_case0320/result.json,
321,near,near,-0.26631578947368423,-0.1,0.03,190.59069826049205,100.09327698442408,19.956624301861677,0.7542158251068,60.0,70.05764347697752,w0024_gap70,/home/ethanqjiang/workspace/curobo/xtrainer_plan/results_overhead/20260930/v78_full_tray_dual_arm/runs/same_y_endpoint_safe_v4/w0024/near/result.json,
322,near,near,-0.26631578947368423,-0.0736842105263158,0.03,179.30167280783598,89.65108229072807,20.434286751277348,0.7667639160078744,65.0,70.05764347697752,w0024_gap70,/home/ethanqjiang/workspace/curobo/xtrainer_plan/results_overhead/20260930/v78_full_tray_dual_arm/runs/same_y_endpoint_safe_v4/w0024/near/result.json,
323,near,near,-0.26631578947368423,-0.04736842105263159,0.03,187.3697654630216,96.08571471533787,20.43451897770913,0.7766666345509918,65.0,70.05764347697752,w0024_gap70,/home/ethanqjiang/workspace/curobo/xtrainer_plan/results_overhead/20260930/v78_full_tray_dual_arm/runs/same_y_endpoint_safe_v4/w0024/near/result.json,
324,near,near,-0.26631578947368423,-0.02105263157894738,0.03,186.00529857252832,97.80058397063131,19.956036905593056,0.7678021894232383,60.0,70.19896121093231,w0023_gap70,/home/ethanqjiang/workspace/curobo/xtrainer_plan/results_overhead/20260930/v78_full_tray_dual_arm/runs/same_y_endpoint_safe_v4/w0023/near/result.json,
325,near,near,-0.26631578947368423,0.005263157894736831,0.03,174.35138733893686,87.17593955627862,20.434286751277348,0.7941819226052066,65.0,70.19896121093231,w0023_gap70,/home/ethanqjiang/workspace/curobo/xtrainer_plan/results_overhead/20260930/v78_full_tray_dual_arm/runs/same_y_endpoint_safe_v4/w0023/near/result.json,
326,near,near,-0.26631578947368423,0.03157894736842104,0.03,182.0213243617409,93.41223182512772,20.43451897770913,0.7937789856211024,65.0,70.19896121093231,w0023_gap70,/home/ethanqjiang/workspace/curobo/xtrainer_plan/results_overhead/20260930/v78_full_tray_dual_arm/runs/same_y_endpoint_safe_v4/w0023/near/result.json,
327,near,near,-0.26631578947368423,0.05789473684210525,0.03,180.19413947573562,94.89574208266532,19.955872981052973,0.8345654898462447,60.0,85.04175777752252,w0022_gap85,/home/ethanqjiang/workspace/curobo/xtrainer_plan/results_overhead/20260930/v78_full_tray_dual_arm/runs/same_y_endpoint_safe_v4/w0022/near/result.json,
328,near,near,-0.26631578947368423,0.08421052631578946,0.03,168.02677218638323,84.01363198000172,20.434286751277348,0.8468437959974477,65.0,85.04175777752252,w0022_gap85,/home/ethanqjiang/workspace/curobo/xtrainer_plan/results_overhead/20260930/v78_full_tray_dual_arm/runs/same_y_endpoint_safe_v4/w0022/near/result.json,
329,near,near,-0.26631578947368423,0.11052631578947367,0.03,175.10582271389967,89.95364771812858,20.434286751277348,0.8716690802369966,65.0,85.04175777752252,w0022_gap85,/home/ethanqjiang/workspace/curobo/xtrainer_plan/results_overhead/20260930/v78_full_tray_dual_arm/runs/same_y_endpoint_safe_v4/w0022/near/result.json,
330,near,near,-0.26631578947368423,0.13684210526315788,0.03,182.20229705398955,91.10174275345248,19.955627094242853,0.920955698705918,60.0,65.76706640124247,w0021_pair1_gap55,/home/ethanqjiang/workspace/curobo/xtrainer_plan/results_overhead/20260930/v78_full_tray_dual_arm/runs/same_y_endpoint_safe_v4/w0021/near_single1/result.json,
331,near,near,-0.26631578947368423,0.16315789473684209,0.03,175.58005299325748,89.56151802014169,19.956036905593056,0.9482136455894052,60.0,71.6633870703465,w0020_gap70,/home/ethanqjiang/workspace/curobo/xtrainer_plan/results_overhead/20260930/v78_full_tray_dual_arm/runs/same_y_endpoint_safe_v4/w0020/near/result.json,
332,near,near,-0.26631578947368423,0.18947368421052632,0.03,195.9840683461335,89.59701109816366,20.434286751277348,0.9868743284622155,65.0,71.6633870703465,w0020_gap70,/home/ethanqjiang/workspace/curobo/xtrainer_plan/results_overhead/20260930/v78_full_tray_dual_arm/runs/same_y_endpoint_safe_v4/w0020/near/result.json,
333,near,near,-0.26631578947368423,0.2157894736842105,0.03,189.32951749062786,91.45653351479422,20.434286751277348,1.0172818106859043,65.0,71.6633870703465,w0020_gap70,/home/ethanqjiang/workspace/curobo/xtrainer_plan/results_overhead/20260930/v78_full_tray_dual_arm/runs/same_y_endpoint_safe_v4/w0020/near/result.json,
334,near,near,-0.26631578947368423,0.24210526315789468,0.03,188.92774527308006,83.77436703828158,19.955968603701354,1.0729181592934975,60.0,70.24833350145812,w0019_gap70,/home/ethanqjiang/workspace/curobo/xtrainer_plan/results_overhead/20260930/v78_full_tray_dual_arm/runs/same_y_endpoint_safe_v4/w0019/near/result.json,
335,near,near,-0.26631578947368423,0.2684210526315789,0.03,205.3588035102996,93.25399000243686,20.434286751277348,1.1189114033606646,65.0,70.24833350145812,w0019_gap70,/home/ethanqjiang/workspace/curobo/xtrainer_plan/results_overhead/20260930/v78_full_tray_dual_arm/runs/same_y_endpoint_safe_v4/w0019/near/result.json,
336,near,near,-0.26631578947368423,0.2947368421052632,0.03,194.87102071898823,93.24747400196867,20.43451897770913,1.1511686643288592,65.0,70.24833350145812,w0019_gap70,/home/ethanqjiang/workspace/curobo/xtrainer_plan/results_overhead/20260930/v78_full_tray_dual_arm/runs/same_y_endpoint_safe_v4/w0019/near/result.json,
337,near,near,-0.26631578947368423,0.32105263157894737,0.03,190.96859555179606,81.98568136730688,19.956132528241437,1.2567271790175116,60.0,55.04813742797468,w0018_gap55,/home/ethanqjiang/workspace/curobo/xtrainer_plan/results_overhead/20260930/v78_full_tray_dual_arm/runs/same_y_endpoint_safe_v4/w0018/near/result.json,
338,near,near,-0.26631578947368423,0.34736842105263155,0.03,204.60921415455257,91.9119380852521,20.43438237392573,1.3126412195335728,65.0,55.04813742797468,w0018_gap55,/home/ethanqjiang/workspace/curobo/xtrainer_plan/results_overhead/20260930/v78_full_tray_dual_arm/runs/same_y_endpoint_safe_v4/w0018/near/result.json,
339,far,near,-0.26631578947368423,0.37368421052631573,0.03,115.65947276327448,57.10482791445628,18.633070244496604,1.6787575164606614,-65.0,120.63961713849022,takeover_far_case0339,/home/ethanqjiang/workspace/curobo/xtrainer_plan/results_overhead/20260930/v78_full_tray_dual_arm/runs/far_takeover_high_y_from_378/remaining_15_after_cache/case0339_adapter/far_case0339/result.json,
340,far,near,-0.26631578947368423,0.4,0.03,114.87579393338024,56.7288669817821,18.633070244496604,1.7214942058768545,-65.0,122.44123373636465,takeover_far_case0340,/home/ethanqjiang/workspace/curobo/xtrainer_plan/results_overhead/20260930/v78_full_tray_dual_arm/runs/far_takeover_high_y_from_378/remaining_15_after_cache/case0340_adapter/far_case0340/result.json,
341,near,near,-0.2442105263157895,-0.1,0.03,183.86618236222316,91.93333706792176,20.434286751277348,0.7042070676873036,65.0,85.28368317534158,w0012_gap85,/home/ethanqjiang/workspace/curobo/xtrainer_plan/results_overhead/20260930/v78_full_tray_dual_arm/runs/same_y_endpoint_safe_v4/w0012/near/result.json,
342,near,near,-0.2442105263157895,-0.0736842105263158,0.03,192.43026969455713,101.01380719207609,19.955872981052973,0.7232776674174769,60.0,85.28368317534158,w0012_gap85,/home/ethanqjiang/workspace/curobo/xtrainer_plan/results_overhead/20260930/v78_full_tray_dual_arm/runs/same_y_endpoint_safe_v4/w0012/near/result.json,
343,near,near,-0.2442105263157895,-0.04736842105263159,0.03,190.74490344138343,97.77402136494914,20.43451897770913,0.7394419784650579,65.0,85.5659447748875,w0013_gap85,/home/ethanqjiang/workspace/curobo/xtrainer_plan/results_overhead/20260930/v78_full_tray_dual_arm/runs/same_y_endpoint_safe_v4/w0013/near/result.json,
344,near,near,-0.2442105263157895,-0.02105263157894738,0.03,179.62775628409582,89.81412402885815,20.434286751277348,0.7621788990816125,65.0,85.5659447748875,w0013_gap85,/home/ethanqjiang/workspace/curobo/xtrainer_plan/results_overhead/20260930/v78_full_tray_dual_arm/runs/same_y_endpoint_safe_v4/w0013/near/result.json,
345,near,near,-0.2442105263157895,0.005263157894736831,0.03,187.85549095075257,98.72639732960631,19.955968603701354,0.7596471552477386,60.0,85.5659447748875,w0013_gap85,/home/ethanqjiang/workspace/curobo/xtrainer_plan/results_overhead/20260930/v78_full_tray_dual_arm/runs/same_y_endpoint_safe_v4/w0013/near/result.json,
346,near,near,-0.2442105263157895,0.03157894736842104,0.03,185.79478189702465,95.29825025309606,20.434286751277348,0.7506475052778316,65.0,85.56488155531694,w0014_gap85,/home/ethanqjiang/workspace/curobo/xtrainer_plan/results_overhead/20260930/v78_full_tray_dual_arm/runs/same_y_endpoint_safe_v4/w0014/near/result.json,
347,near,near,-0.2442105263157895,0.05789473684210525,0.03,174.24808414283498,87.1242879582277,20.434286751277348,0.7989948917737121,65.0,85.56488155531694,w0014_gap85,/home/ethanqjiang/workspace/curobo/xtrainer_plan/results_overhead/20260930/v78_full_tray_dual_arm/runs/same_y_endpoint_safe_v4/w0014/near/result.json,
348,near,near,-0.2442105263157895,0.08421052631578946,0.03,181.9905646048135,95.79394781701514,19.955968603701354,0.8564633313961971,60.0,85.56488155531694,w0014_gap85,/home/ethanqjiang/workspace/curobo/xtrainer_plan/results_overhead/20260930/v78_full_tray_dual_arm/runs/same_y_endpoint_safe_v4/w0014/near/result.json,
349,near,near,-0.2442105263157895,0.11052631578947367,0.03,179.37120754868124,92.08647673930261,20.434286751277348,0.8626045590330693,65.0,85.30667014212659,w0015_gap85,/home/ethanqjiang/workspace/curobo/xtrainer_plan/results_overhead/20260930/v78_full_tray_dual_arm/runs/same_y_endpoint_safe_v4/w0015/near/result.json,
350,near,near,-0.2442105263157895,0.13684210526315788,0.03,188.13954144286055,86.30039297450033,20.434286751277348,0.8823471468549209,65.0,85.30667014212659,w0015_gap85,/home/ethanqjiang/workspace/curobo/xtrainer_plan/results_overhead/20260930/v78_full_tray_dual_arm/runs/same_y_endpoint_safe_v4/w0015/near/result.json,
351,near,near,-0.2442105263157895,0.16315789473684209,0.03,180.4275816811883,91.89011050821205,19.956036905593056,0.9199537474500814,60.0,85.30667014212659,w0015_gap85,/home/ethanqjiang/workspace/curobo/xtrainer_plan/results_overhead/20260930/v78_full_tray_dual_arm/runs/same_y_endpoint_safe_v4/w0015/near/result.json,
352,near,near,-0.2442105263157895,0.18947368421052632,0.03,189.59640713244585,91.79577535049042,20.434286751277348,0.9465592581141594,65.0,85.77004484710987,w0016_gap85,/home/ethanqjiang/workspace/curobo/xtrainer_plan/results_overhead/20260930/v78_full_tray_dual_arm/runs/same_y_endpoint_safe_v4/w0016/near/result.json,
353,near,near,-0.2442105263157895,0.2157894736842105,0.03,204.93639729126932,93.55255123143647,20.434286751277348,1.0031681620541524,65.0,85.77004484710987,w0016_gap85,/home/ethanqjiang/workspace/curobo/xtrainer_plan/results_overhead/20260930/v78_full_tray_dual_arm/runs/same_y_endpoint_safe_v4/w0016/near/result.json,
354,near,near,-0.2442105263157895,0.24210526315789468,0.03,193.0415067384761,86.44276826774924,19.955872981052973,1.0522278396971476,60.0,85.77004484710987,w0016_gap85,/home/ethanqjiang/workspace/curobo/xtrainer_plan/results_overhead/20260930/v78_full_tray_dual_arm/runs/same_y_endpoint_safe_v4/w0016/near/result.json,
355,near,near,-0.2442105263157895,0.2684210526315789,0.03,197.84841629141283,94.95589555868563,20.43451897770913,1.0943073273772552,65.0,55.11815830921574,w0017_gap55,/home/ethanqjiang/workspace/curobo/xtrainer_plan/results_overhead/20260930/v78_full_tray_dual_arm/runs/same_y_endpoint_safe_v4/w0017/near/result.json,
356,near,near,-0.2442105263157895,0.2947368421052632,0.03,208.9305655593928,94.68254797300713,20.434286751277348,1.1688276711364387,65.0,55.11815830921574,w0017_gap55,/home/ethanqjiang/workspace/curobo/xtrainer_plan/results_overhead/20260930/v78_full_tray_dual_arm/runs/same_y_endpoint_safe_v4/w0017/near/result.json,
357,near,near,-0.2442105263157895,0.32105263157894737,0.03,193.29505360575072,86.12042602760695,19.955872981052973,1.1952580543037308,60.0,55.11815830921574,w0017_gap55,/home/ethanqjiang/workspace/curobo/xtrainer_plan/results_overhead/20260930/v78_full_tray_dual_arm/runs/same_y_endpoint_safe_v4/w0017/near/result.json,
358,near,near,-0.2442105263157895,0.34736842105263155,0.03,199.67216217717086,96.41964266385979,20.43451897770913,1.2185544804960058,65.0,55.04813742797468,w0018_gap55,/home/ethanqjiang/workspace/curobo/xtrainer_plan/results_overhead/20260930/v78_full_tray_dual_arm/runs/same_y_endpoint_safe_v4/w0018/near/result.json,
359,far,near,-0.2442105263157895,0.37368421052631573,0.03,115.43955091728387,57.00389137890183,18.633070244496604,1.7182130361230978,-65.0,105.92756134667472,takeover_far_case0359,/home/ethanqjiang/workspace/curobo/xtrainer_plan/results_overhead/20260930/v78_full_tray_dual_arm/runs/far_takeover_high_y_from_378/remaining_15_after_cache/case0359_adapter/far_case0359/result.json,
360,far,near,-0.2442105263157895,0.4,0.03,114.73118175317815,56.65999135419169,18.633070244496604,1.7606605066957712,-65.0,107.84537831226883,takeover_far_case0360,/home/ethanqjiang/workspace/curobo/xtrainer_plan/results_overhead/20260930/v78_full_tray_dual_arm/runs/far_takeover_high_y_from_378/remaining_21/case0360_adapter_after_cache/far_case0360/result.json,
361,near,near,-0.22210526315789475,-0.1,0.03,196.63499220422494,100.71832808593945,20.43451897770913,0.7016802477286144,65.0,85.28368317534158,w0012_gap85,/home/ethanqjiang/workspace/curobo/xtrainer_plan/results_overhead/20260930/v78_full_tray_dual_arm/runs/same_y_endpoint_safe_v4/w0012/near/result.json,
362,near,near,-0.22210526315789475,-0.0736842105263158,0.03,195.71522185511813,102.6555456119262,19.956036905593056,0.666016144460249,60.0,85.83573404276493,w0011_gap85,/home/ethanqjiang/workspace/curobo/xtrainer_plan/results_overhead/20260930/v78_full_tray_dual_arm/runs/same_y_endpoint_safe_v4/w0011/near/result.json,
363,near,near,-0.22210526315789475,-0.04736842105263159,0.03,184.5528554304304,92.27667360202537,20.434286751277348,0.6974464497959229,65.0,85.83573404276493,w0011_gap85,/home/ethanqjiang/workspace/curobo/xtrainer_plan/results_overhead/20260930/v78_full_tray_dual_arm/runs/same_y_endpoint_safe_v4/w0011/near/result.json,
364,near,near,-0.22210526315789475,-0.02105263157894738,0.03,192.75903060497185,98.7796574372068,20.434286751277348,0.7178600554030253,65.0,85.83573404276493,w0011_gap85,/home/ethanqjiang/workspace/curobo/xtrainer_plan/results_overhead/20260930/v78_full_tray_dual_arm/runs/same_y_endpoint_safe_v4/w0011/near/result.json,
365,near,near,-0.22210526315789475,0.005263157894736831,0.03,191.52993806382796,100.56290371628123,19.955968603701354,0.7706426153460927,60.0,85.47515535057956,w0010_gap85,/home/ethanqjiang/workspace/curobo/xtrainer_plan/results_overhead/20260930/v78_full_tray_dual_arm/runs/same_y_endpoint_safe_v4/w0010/near/result.json,
366,near,near,-0.22210526315789475,0.03157894736842104,0.03,180.01594667047922,90.00821922204969,20.434286751277348,0.7509593198689106,65.0,85.47515535057956,w0010_gap85,/home/ethanqjiang/workspace/curobo/xtrainer_plan/results_overhead/20260930/v78_full_tray_dual_arm/runs/same_y_endpoint_safe_v4/w0010/near/result.json,
367,near,near,-0.22210526315789475,0.05789473684210525,0.03,187.83054709990364,96.31615334510305,20.434286751277348,0.8027864231483013,65.0,85.47515535057956,w0010_gap85,/home/ethanqjiang/workspace/curobo/xtrainer_plan/results_overhead/20260930/v78_full_tray_dual_arm/runs/same_y_endpoint_safe_v4/w0010/near/result.json,
368,near,near,-0.22210526315789475,0.08421052631578946,0.03,186.1488998847332,97.87312228716414,19.955872981052973,0.8414474608949666,60.0,85.01533197977312,w0009_gap85,/home/ethanqjiang/workspace/curobo/xtrainer_plan/results_overhead/20260930/v78_full_tray_dual_arm/runs/same_y_endpoint_safe_v4/w0009/near/result.json,
369,near,near,-0.22210526315789475,0.11052631578947367,0.03,184.2107073492425,87.06228691603691,20.434286751277348,0.8081907880193185,65.0,85.01533197977312,w0009_gap85,/home/ethanqjiang/workspace/curobo/xtrainer_plan/results_overhead/20260930/v78_full_tray_dual_arm/runs/same_y_endpoint_safe_v4/w0009/near/result.json,
370,near,near,-0.22210526315789475,0.13684210526315788,0.03,181.33759168997125,93.07009911186532,20.43451897770913,0.8747024992783281,65.0,85.01533197977312,w0009_gap85,/home/ethanqjiang/workspace/curobo/xtrainer_plan/results_overhead/20260930/v78_full_tray_dual_arm/runs/same_y_endpoint_safe_v4/w0009/near/result.json,
371,near,near,-0.22210526315789475,0.16315789473684209,0.03,184.49288295442304,94.28008419880601,19.956036905593056,0.9205420564941753,60.0,87.06700976037915,w0008_gap85,/home/ethanqjiang/workspace/curobo/xtrainer_plan/results_overhead/20260930/v78_full_tray_dual_arm/runs/same_y_endpoint_safe_v4/w0008/near/result.json,
372,near,near,-0.22210526315789475,0.18947368421052632,0.03,204.60671772041096,93.6188040663856,20.434286751277348,0.9565608648386528,65.0,87.06700976037915,w0008_gap85,/home/ethanqjiang/workspace/curobo/xtrainer_plan/results_overhead/20260930/v78_full_tray_dual_arm/runs/same_y_endpoint_safe_v4/w0008/near/result.json,
373,near,near,-0.22210526315789475,0.2157894736842105,0.03,197.6025636322379,95.23964893756464,20.43451897770913,0.9981557162840874,65.0,87.06700976037915,w0008_gap85,/home/ethanqjiang/workspace/curobo/xtrainer_plan/results_overhead/20260930/v78_full_tray_dual_arm/runs/same_y_endpoint_safe_v4/w0008/near/result.json,
374,near,near,-0.22210526315789475,0.24210526315789468,0.03,184.88779083185483,89.22783937352447,19.956050565971395,1.0428100995508003,60.0,85.02189186196956,w0007_gap85,/home/ethanqjiang/workspace/curobo/xtrainer_plan/results_overhead/20260930/v78_full_tray_dual_arm/runs/same_y_endpoint_safe_v4/w0007/near/result.json,
375,near,near,-0.22210526315789475,0.2684210526315789,0.03,196.826298972688,87.05240021721332,19.955954943323015,1.075546591319327,60.0,85.02189186196956,w0007_gap85,/home/ethanqjiang/workspace/curobo/xtrainer_plan/results_overhead/20260930/v78_full_tray_dual_arm/runs/same_y_endpoint_safe_v4/w0007/near/result.json,
376,near,near,-0.22210526315789475,0.2947368421052632,0.03,199.61279758799952,95.63452949423976,20.43451897770913,1.1066427095331015,65.0,85.02189186196956,w0007_gap85,/home/ethanqjiang/workspace/curobo/xtrainer_plan/results_overhead/20260930/v78_full_tray_dual_arm/runs/same_y_endpoint_safe_v4/w0007/near/result.json,
377,near,near,-0.22210526315789475,0.32105263157894737,0.03,194.28564618636136,89.95233632180793,19.955968603701354,1.192900125748801,60.0,71.90499032033426,w0006_gap70,/home/ethanqjiang/workspace/curobo/xtrainer_plan/results_overhead/20260930/v78_full_tray_dual_arm/runs/same_y_endpoint_safe_v4/w0006/near/result.json,
378,far,near,-0.22210526315789475,0.34736842105263155,0.03,116.00335229741708,57.28412721035828,18.633070244496604,1.7187415700206121,-65.0,93.70783602804258,takeover_far_case0378,/home/ethanqjiang/workspace/curobo/xtrainer_plan/results_overhead/20260930/v78_full_tray_dual_arm/runs/far_takeover_high_y_from_378/remaining_21/case0378_adapter/far_case0378/result.json,
379,far,near,-0.22210526315789475,0.37368421052631573,0.03,115.26847516914253,56.91471642909814,18.633070244496604,1.758783240433576,-65.0,92.50000963372065,takeover_far_case0379,/home/ethanqjiang/workspace/curobo/xtrainer_plan/results_overhead/20260930/v78_full_tray_dual_arm/runs/far_takeover_high_y_from_378/remaining_21/case0379_adapter/far_case0379/result.json,
380,far,near,-0.22210526315789475,0.4,0.03,114.59867266818513,56.69628697944113,18.633070244496604,1.801405792561582,-65.0,94.53816873417716,takeover_far_case0380,/home/ethanqjiang/workspace/curobo/xtrainer_plan/results_overhead/20260930/v78_full_tray_dual_arm/runs/far_takeover_high_y_from_378/remaining_21/case0380_adapter/far_case0380/result.json,
381,near,near,-0.2,-0.1,0.03,208.56472184442705,114.75402873595174,20.43451897770913,0.7719259262241556,65.0,86.14783098723214,w0001_gap85,/home/ethanqjiang/workspace/curobo/xtrainer_plan/results_overhead/20260930/v78_full_tray_dual_arm/runs/same_y_endpoint_safe_v4/w0001/near/result.json,
382,near,near,-0.2,-0.0736842105263158,0.03,189.14177266581697,94.57113221971859,20.434286751277348,0.658666634979857,65.0,86.14783098723214,w0001_gap85,/home/ethanqjiang/workspace/curobo/xtrainer_plan/results_overhead/20260930/v78_full_tray_dual_arm/runs/same_y_endpoint_safe_v4/w0001/near/result.json,
383,near,near,-0.2,-0.04736842105263159,0.03,197.8492256688296,103.7233056697797,19.955872981052973,0.6454164006820802,60.0,86.14783098723214,w0001_gap85,/home/ethanqjiang/workspace/curobo/xtrainer_plan/results_overhead/20260930/v78_full_tray_dual_arm/runs/same_y_endpoint_safe_v4/w0001/near/result.json,
384,near,near,-0.2,-0.02105263157894738,0.03,196.31575257751314,100.55946642358141,20.43451897770913,0.6685757076611378,65.0,85.59464058373925,w0002_gap85,/home/ethanqjiang/workspace/curobo/xtrainer_plan/results_overhead/20260930/v78_full_tray_dual_arm/runs/same_y_endpoint_safe_v4/w0002/near/result.json,
385,near,near,-0.2,0.005263157894736831,0.03,185.35457962011176,92.67753569686613,20.434286751277348,0.68285616195631,65.0,85.59464058373925,w0002_gap85,/home/ethanqjiang/workspace/curobo/xtrainer_plan/results_overhead/20260930/v78_full_tray_dual_arm/runs/same_y_endpoint_safe_v4/w0002/near/result.json,
386,near,near,-0.2,0.03157894736842104,0.03,193.74441516634062,101.67014226753741,19.956036905593056,0.7243435706736896,60.0,85.59464058373925,w0002_gap85,/home/ethanqjiang/workspace/curobo/xtrainer_plan/results_overhead/20260930/v78_full_tray_dual_arm/runs/same_y_endpoint_safe_v4/w0002/near/result.json,
387,near,near,-0.2,0.05789473684210525,0.03,191.8541705588232,98.32722741413244,20.434286751277348,0.7511161776287059,65.0,85.22822639748642,w0003_gap85,/home/ethanqjiang/workspace/curobo/xtrainer_plan/results_overhead/20260930/v78_full_tray_dual_arm/runs/same_y_endpoint_safe_v4/w0003/near/result.json,
388,near,near,-0.2,0.08421052631578946,0.03,180.48479134567623,90.24264155964829,20.434286751277348,0.7871050482128894,65.0,85.22822639748642,w0003_gap85,/home/ethanqjiang/workspace/curobo/xtrainer_plan/results_overhead/20260930/v78_full_tray_dual_arm/runs/same_y_endpoint_safe_v4/w0003/near/result.json,
389,near,near,-0.2,0.11052631578947367,0.03,188.40595980162607,99.00091458518018,19.956036905593056,0.8230975116116677,60.0,85.22822639748642,w0003_gap85,/home/ethanqjiang/workspace/curobo/xtrainer_plan/results_overhead/20260930/v78_full_tray_dual_arm/runs/same_y_endpoint_safe_v4/w0003/near/result.json,
390,near,near,-0.2,0.13684210526315788,0.03,185.9658849659229,95.38377446678837,20.43451897770913,0.83968290859383,65.0,86.05848752374534,w0004_gap85,/home/ethanqjiang/workspace/curobo/xtrainer_plan/results_overhead/20260930/v78_full_tray_dual_arm/runs/same_y_endpoint_safe_v4/w0004/near/result.json,
391,near,near,-0.2,0.16315789473684209,0.03,202.10520191802885,92.78142287414202,20.434286751277348,0.8587769281725828,65.0,86.05848752374534,w0004_gap85,/home/ethanqjiang/workspace/curobo/xtrainer_plan/results_overhead/20260930/v78_full_tray_dual_arm/runs/same_y_endpoint_safe_v4/w0004/near/result.json,
392,near,near,-0.2,0.18947368421052632,0.03,193.01269700055687,95.3680274656569,19.956036905593056,0.9470754267637265,60.0,86.05848752374534,w0004_gap85,/home/ethanqjiang/workspace/curobo/xtrainer_plan/results_overhead/20260930/v78_full_tray_dual_arm/runs/same_y_endpoint_safe_v4/w0004/near/result.json,
393,near,near,-0.2,0.2157894736842105,0.03,200.09509090567232,96.51426127443197,20.434286751277348,0.9810940021139898,65.0,86.02633798731199,w0005_gap85,/home/ethanqjiang/workspace/curobo/xtrainer_plan/results_overhead/20260930/v78_full_tray_dual_arm/runs/same_y_endpoint_safe_v4/w0005/near/result.json,
394,near,near,-0.2,0.24210526315789468,0.03,198.31914609882085,92.10829065596434,19.955954943323015,1.038616737594316,60.0,86.02633798731199,w0005_gap85,/home/ethanqjiang/workspace/curobo/xtrainer_plan/results_overhead/20260930/v78_full_tray_dual_arm/runs/same_y_endpoint_safe_v4/w0005/near/result.json,
395,near,near,-0.2,0.2684210526315789,0.03,187.02024419262486,90.10896451230738,19.956050565971395,1.0667518729404573,60.0,86.02633798731199,w0005_gap85,/home/ethanqjiang/workspace/curobo/xtrainer_plan/results_overhead/20260930/v78_full_tray_dual_arm/runs/same_y_endpoint_safe_v4/w0005/near/result.json,
396,near,near,-0.2,0.2947368421052632,0.03,200.40436870147985,96.11237294366843,20.434286751277348,1.1079223832867933,65.0,71.90499032033426,w0006_gap70,/home/ethanqjiang/workspace/curobo/xtrainer_plan/results_overhead/20260930/v78_full_tray_dual_arm/runs/same_y_endpoint_safe_v4/w0006/near/result.json,
397,near,near,-0.2,0.32105263157894737,0.03,208.67819348465562,96.89596981129273,20.434286751277348,1.1321914918756946,65.0,71.90499032033426,w0006_gap70,/home/ethanqjiang/workspace/curobo/xtrainer_plan/results_overhead/20260930/v78_full_tray_dual_arm/runs/same_y_endpoint_safe_v4/w0006/near/result.json,
398,far,near,-0.2,0.34736842105263155,0.03,115.78058567763703,57.1782558631285,18.633070244496604,1.7615207845241256,-65.0,81.89468207095183,takeover_far_case0398,/home/ethanqjiang/workspace/curobo/xtrainer_plan/results_overhead/20260930/v78_full_tray_dual_arm/runs/far_takeover_high_y_from_378/remaining_21/case0398_adapter/far_case0398/result.json,
399,far,near,-0.2,0.37368421052631573,0.03,115.08879338264694,56.836210234778015,18.633070244496604,1.801544136396036,-65.0,80.61573934453719,takeover_far_case0399,/home/ethanqjiang/workspace/curobo/xtrainer_plan/results_overhead/20260930/v78_full_tray_dual_arm/runs/far_takeover_high_y_from_378/remaining_21/case0399_adapter/far_case0399/result.json,
400,far,near,-0.2,0.4,0.03,114.48672586768859,56.965963338440744,18.633070244496604,1.8440334443076458,-65.0,82.77321084754149,takeover_far_case0400,/home/ethanqjiang/workspace/curobo/xtrainer_plan/results_overhead/20260930/v78_full_tray_dual_arm/runs/far_takeover_high_y_from_378/case0400_adapter/far_case0400/result.json,
